"date","geography","geography code","Age: Total; measures: Value","Age: Aged 4 years and under; measures: Value","Age: Aged under 1 year; measures: Value","Age: Aged 1 year; measures: Value","Age: Aged 2 years; measures: Value","Age: Aged 3 years; measures: Value","Age: Aged 4 years; measures: Value","Age: Aged 5 to 9 years; measures: Value","Age: Aged 5 years; measures: Value","Age: Aged 6 years; measures: Value","Age: Aged 7 years; measures: Value","Age: Aged 8 years; measures: Value","Age: Aged 9 years; measures: Value","Age: Aged 10 to 15 years; measures: Value","Age: Aged 10 years; measures: Value","Age: Aged 11 years; measures: Value","Age: Aged 12 years; measures: Value","Age: Aged 13 years; measures: Value","Age: Aged 14 years; measures: Value","Age: Aged 15 years; measures: Value","Age: Aged 16 to 19 years; measures: Value","Age: Aged 16 years; measures: Value","Age: Aged 17 years; measures: Value","Age: Aged 18 years; measures: Value","Age: Aged 19 years; measures: Value","Age: Aged 20 to 24 years; measures: Value","Age: Aged 20 years; measures: Value","Age: Aged 21 years; measures: Value","Age: Aged 22 years; measures: Value","Age: Aged 23 years; measures: Value","Age: Aged 24 years; measures: Value","Age: Aged 25 to 34 years; measures: Value","Age: Aged 25 years; measures: Value","Age: Aged 26 years; measures: Value","Age: Aged 27 years; measures: Value","Age: Aged 28 years; measures: Value","Age: Aged 29 years; measures: Value","Age: Aged 30 years; measures: Value","Age: Aged 31 years; measures: Value","Age: Aged 32 years; measures: Value","Age: Aged 33 years; measures: Value","Age: Aged 34 years; measures: Value","Age: Aged 35 to 49 years; measures: Value","Age: Aged 35 years; measures: Value","Age: Aged 36 years; measures: Value","Age: Aged 37 years; measures: Value","Age: Aged 38 years; measures: Value","Age: Aged 39 years; measures: Value","Age: Aged 40 years; measures: Value","Age: Aged 41 years; measures: Value","Age: Aged 42 years; measures: Value","Age: Aged 43 years; measures: Value","Age: Aged 44 years; measures: Value","Age: Aged 45 years; measures: Value","Age: Aged 46 years; measures: Value","Age: Aged 47 years; measures: Value","Age: Aged 48 years; measures: Value","Age: Aged 49 years; measures: Value","Age: Aged 50 to 64 years; measures: Value","Age: Aged 50 years; measures: Value","Age: Aged 51 years; measures: Value","Age: Aged 52 years; measures: Value","Age: Aged 53 years; measures: Value","Age: Aged 54 years; measures: Value","Age: Aged 55 years; measures: Value","Age: Aged 56 years; measures: Value","Age: Aged 57 years; measures: Value","Age: Aged 58 years; measures: Value","Age: Aged 59 years; measures: Value","Age: Aged 60 years; measures: Value","Age: Aged 61 years; measures: Value","Age: Aged 62 years; measures: Value","Age: Aged 63 years; measures: Value","Age: Aged 64 years; measures: Value","Age: Aged 65 to 74 years; measures: Value","Age: Aged 65 years; measures: Value","Age: Aged 66 years; measures: Value","Age: Aged 67 years; measures: Value","Age: Aged 68 years; measures: Value","Age: Aged 69 years; measures: Value","Age: Aged 70 years; measures: Value","Age: Aged 71 years; measures: Value","Age: Aged 72 years; measures: Value","Age: Aged 73 years; measures: Value","Age: Aged 74 years; measures: Value","Age: Aged 75 to 84 years; measures: Value","Age: Aged 75 years; measures: Value","Age: Aged 76 years; measures: Value","Age: Aged 77 years; measures: Value","Age: Aged 78 years; measures: Value","Age: Aged 79 years; measures: Value","Age: Aged 80 years; measures: Value","Age: Aged 81 years; measures: Value","Age: Aged 82 years; measures: Value","Age: Aged 83 years; measures: Value","Age: Aged 84 years; measures: Value","Age: Aged 85 years and over; measures: Value","Age: Aged 85 years; measures: Value","Age: Aged 86 years; measures: Value","Age: Aged 87 years; measures: Value","Age: Aged 88 years; measures: Value","Age: Aged 89 years; measures: Value","Age: Aged 90 years; measures: Value","Age: Aged 91 years; measures: Value","Age: Aged 92 years; measures: Value","Age: Aged 93 years; measures: Value","Age: Aged 94 years; measures: Value","Age: Aged 95 years; measures: Value","Age: Aged 96 years; measures: Value","Age: Aged 97 years; measures: Value","Age: Aged 98 years; measures: Value","Age: Aged 99 years; measures: Value","Age: Aged 100 years and over; measures: Value"
2021,"City of London 001","E02000001",8579,214,44,57,34,39,40,160,27,28,42,30,33,206,50,42,34,22,26,32,185,36,37,60,52,965,113,131,193,307,221,2213,245,262,240,227,239,243,201,211,186,159,1815,174,152,129,134,135,113,108,103,117,106,108,96,107,100,133,1617,123,138,142,141,96,113,98,111,98,98,103,95,84,100,77,711,87,80,67,75,82,58,62,61,76,63,372,49,51,46,34,28,45,42,28,27,22,121,21,18,14,11,17,12,4,3,8,3,3,4,0,0,0,3
2021,"Barking and Dagenham 001","E02000002",8281,654,115,119,124,140,156,753,166,147,140,154,146,892,149,176,147,152,144,124,493,128,166,125,74,410,66,78,81,88,97,1187,99,101,74,128,118,101,139,139,124,164,1778,124,146,141,114,125,133,119,104,115,117,95,119,119,106,101,1190,100,89,109,88,76,90,85,84,77,75,87,53,62,51,64,430,43,45,46,48,53,37,31,45,41,41,339,36,49,43,34,29,36,22,29,30,31,155,24,21,12,13,20,10,10,12,9,7,4,6,3,0,1,3
2021,"Barking and Dagenham 002","E02000003",11548,951,201,176,180,205,189,837,151,197,166,177,146,904,139,155,177,151,147,135,579,152,133,144,150,738,123,129,146,149,191,1854,129,204,189,192,155,142,192,256,190,205,2490,218,196,207,183,153,217,179,172,148,132,135,139,145,139,127,1919,161,130,144,145,144,143,173,123,97,112,137,107,116,104,83,671,92,79,58,64,65,67,65,55,70,56,440,48,54,41,52,29,65,54,30,33,34,165,28,25,21,15,17,13,15,9,4,5,3,6,2,0,0,2
2021,"Barking and Dagenham 003","E02000004",6641,394,65,73,80,88,88,444,92,84,103,70,95,490,82,75,68,99,79,87,305,97,77,68,63,423,67,71,87,96,102,1006,93,110,97,101,90,113,112,96,96,98,1328,85,112,103,90,89,94,101,86,72,81,84,80,96,74,81,1251,85,91,99,87,93,85,87,78,77,75,94,86,75,71,68,492,62,54,55,45,46,36,43,51,47,53,335,43,25,38,44,34,38,29,29,30,25,173,20,20,15,24,16,13,19,10,11,1,6,5,8,1,2,2
2021,"Barking and Dagenham 004","E02000005",11086,976,162,191,208,195,220,976,214,195,201,181,185,1144,185,192,200,168,237,162,572,161,145,141,125,621,116,109,133,107,156,1553,160,129,125,129,148,128,161,170,189,214,2693,208,216,206,209,173,229,203,173,145,189,157,163,147,135,140,1665,141,134,143,134,132,154,120,118,118,93,91,75,84,71,57,492,70,66,45,51,33,45,42,39,57,44,287,36,40,31,24,22,27,32,21,24,30,107,17,20,19,10,8,6,5,7,7,1,3,4,0,0,0,0
2021,"Barking and Dagenham 006","E02000007",10163,749,142,160,135,164,148,870,171,166,156,180,197,1074,182,182,176,194,172,168,529,160,135,138,96,631,116,113,114,151,137,1526,124,137,136,158,157,150,152,154,217,141,2211,175,164,133,167,149,161,149,180,137,131,176,129,115,132,113,1595,134,127,114,125,119,133,114,103,111,113,93,72,72,86,79,545,58,55,74,49,41,58,52,55,62,41,298,33,28,33,37,27,27,19,29,35,30,135,29,15,9,15,10,11,9,3,5,6,6,6,2,3,0,6
2021,"Barking and Dagenham 007","E02000008",13244,896,131,179,183,206,197,1092,208,180,213,240,251,1411,248,237,254,227,249,196,690,208,174,173,135,720,132,127,152,163,146,1753,178,133,137,183,156,171,196,186,222,191,3143,229,228,189,264,216,213,203,196,206,211,198,180,188,181,241,2331,195,178,184,171,195,182,159,147,202,146,116,109,124,99,124,711,104,79,78,79,62,55,57,68,65,64,360,50,45,40,35,32,28,40,41,24,25,137,20,24,18,12,12,19,11,5,6,4,1,2,1,1,1,0
2021,"Barking and Dagenham 008","E02000009",12865,1026,161,236,189,237,203,1138,236,213,232,245,212,1345,272,225,188,220,226,214,753,208,169,198,178,850,172,137,150,184,207,1942,158,152,198,162,214,173,209,237,217,222,2987,208,214,207,253,219,204,199,220,174,188,200,159,200,164,178,1917,204,161,161,145,113,175,141,107,159,131,91,88,82,87,72,534,64,108,63,50,43,47,45,40,33,41,225,35,24,19,32,18,17,23,22,13,22,148,32,22,23,29,11,8,9,2,2,3,2,1,2,0,2,0
2021,"Barking and Dagenham 009","E02000010",9482,684,120,119,146,136,163,781,145,146,149,159,182,944,149,152,157,168,147,171,494,138,133,125,98,580,93,103,122,138,124,1362,128,149,100,127,124,149,129,151,155,150,2145,132,170,170,165,136,143,153,153,134,138,123,121,160,119,128,1654,161,117,127,129,140,111,128,133,99,85,117,93,79,73,62,474,68,68,66,49,39,38,31,38,38,39,265,44,32,23,18,25,31,28,23,22,19,99,15,19,10,4,11,12,3,7,4,2,2,5,1,1,3,0
2021,"Barking and Dagenham 010","E02000011",7031,510,96,85,113,108,108,513,96,75,127,110,105,592,100,105,118,81,104,84,383,115,84,98,86,450,76,85,89,102,98,1024,97,106,91,109,91,91,115,107,120,97,1489,99,111,119,125,113,97,93,108,91,82,107,79,95,88,82,1179,88,111,91,102,97,76,90,68,83,83,75,50,62,57,46,439,60,42,46,40,38,42,37,37,58,39,298,29,39,32,48,19,29,22,27,28,25,154,19,22,15,15,13,18,10,19,6,6,3,1,4,0,2,1
2021,"Barking and Dagenham 011","E02000012",11512,745,117,181,144,161,142,891,167,160,186,181,197,1033,206,159,171,143,184,170,694,207,160,153,174,925,163,164,185,229,184,1760,207,176,200,166,161,178,153,186,153,180,2461,169,140,199,165,165,173,199,163,159,165,181,192,140,133,118,1813,160,181,147,148,112,115,108,106,137,120,99,101,103,92,84,667,79,72,65,80,58,65,54,54,91,49,354,46,33,35,55,34,29,35,24,41,22,169,30,23,16,18,18,15,12,14,3,5,3,5,3,3,1,0
2021,"Barking and Dagenham 012","E02000013",9390,698,130,122,148,135,163,770,156,138,155,157,164,963,176,153,144,163,169,158,504,151,117,130,106,532,96,97,138,104,97,1320,132,113,118,127,143,130,160,140,125,132,2197,147,163,155,158,151,158,146,158,149,130,121,132,124,121,184,1493,115,126,119,112,87,99,140,102,107,78,87,80,87,60,94,579,61,72,63,67,38,43,43,50,51,91,239,32,30,28,24,22,24,25,21,17,16,95,10,6,10,9,7,14,9,6,9,3,3,2,2,2,2,1
2021,"Barking and Dagenham 013","E02000014",9862,673,112,125,130,148,158,814,150,158,173,170,163,945,169,171,141,173,156,135,532,149,124,140,119,571,105,117,113,121,115,1419,109,146,125,145,129,124,163,167,147,164,2236,160,158,150,157,174,158,134,147,145,129,122,150,148,161,143,1638,114,137,131,141,122,126,109,126,102,91,95,94,80,87,83,598,69,64,64,64,48,61,72,60,45,51,313,50,38,33,34,32,23,36,25,20,22,123,22,19,21,10,7,13,9,4,2,5,6,2,1,1,0,1
2021,"Barking and Dagenham 014","E02000015",8225,680,120,130,121,146,163,663,131,129,125,143,135,855,150,146,140,159,138,122,413,116,118,103,76,464,76,83,89,108,108,1277,108,100,123,134,130,134,156,119,150,123,1802,145,112,126,132,131,134,109,118,108,117,108,123,115,108,116,1345,120,129,116,135,92,89,86,88,91,68,79,86,63,46,57,423,52,50,47,36,48,29,52,35,36,38,221,33,30,25,22,14,16,15,21,25,20,82,13,11,7,9,13,12,9,1,4,1,0,1,0,0,0,1
2021,"Barking and Dagenham 015","E02000016",10568,1019,220,207,207,197,188,1044,264,177,204,187,212,923,160,154,170,149,139,151,507,168,119,120,100,621,104,104,120,144,149,2143,185,207,178,197,182,244,234,241,236,239,2694,288,238,207,247,202,201,169,178,143,162,139,147,169,103,101,1257,134,100,113,106,112,92,73,96,75,51,106,58,54,48,39,228,43,18,18,32,22,25,27,14,12,17,110,15,12,8,17,14,14,9,10,7,4,22,8,2,4,1,4,1,2,0,0,0,0,0,0,0,0,0
2021,"Barking and Dagenham 016","E02000017",9132,664,125,119,150,147,123,625,125,121,127,118,134,704,112,113,127,129,109,114,508,145,115,139,109,641,116,126,142,137,120,1510,125,110,132,150,161,139,175,133,190,195,2267,164,153,196,153,214,161,161,156,114,148,136,156,120,125,110,1451,102,140,114,180,72,106,77,102,80,83,83,89,86,67,70,464,75,52,63,45,48,37,35,30,46,33,213,25,18,18,24,27,19,22,28,19,13,85,15,14,13,11,6,1,7,3,4,5,1,0,2,0,1,2
2021,"Barking and Dagenham 017","E02000018",9550,761,132,156,149,165,159,816,176,169,139,181,151,977,151,164,190,166,157,149,501,148,134,119,100,582,115,112,125,104,126,1409,154,114,125,123,133,163,133,149,149,166,2271,155,173,137,149,159,190,167,194,140,148,123,138,127,131,140,1448,129,119,96,124,105,110,103,70,103,91,84,105,63,67,79,470,44,68,43,64,45,42,50,37,36,41,236,27,32,21,20,25,16,18,25,31,21,79,10,11,11,11,10,8,3,5,4,2,0,2,1,1,0,0
2021,"Barking and Dagenham 018","E02000019",9664,828,177,178,133,148,192,788,147,154,159,162,166,1019,163,163,171,189,190,143,522,128,136,122,136,565,140,105,106,107,107,1430,124,132,125,130,135,128,138,195,161,162,2140,144,154,156,142,151,151,161,180,119,135,137,142,132,106,130,1528,115,157,132,142,144,115,98,85,104,75,80,82,78,70,51,509,55,58,51,55,59,60,40,31,50,50,241,31,28,28,30,22,19,24,23,15,21,94,14,12,7,12,11,4,7,6,6,5,5,2,3,0,0,0
2021,"Barking and Dagenham 019","E02000020",14058,1291,229,261,283,250,268,1189,238,215,234,239,263,1310,251,240,201,209,196,213,773,190,213,217,153,753,141,134,164,155,159,2379,192,193,216,226,228,236,259,297,268,264,3514,273,272,290,285,243,277,215,224,220,210,239,207,193,187,179,1892,185,189,165,158,130,143,130,118,134,96,103,92,88,79,82,510,73,52,50,56,54,53,49,39,44,40,316,35,31,47,36,25,27,40,31,27,17,131,27,21,15,10,8,12,12,6,4,4,1,2,3,1,2,3
2021,"Barking and Dagenham 020","E02000021",8765,628,119,120,115,143,131,790,148,138,163,193,148,978,163,172,156,174,155,158,446,115,140,108,83,541,75,92,101,139,134,1141,88,98,98,106,117,129,121,124,118,142,1959,133,149,115,113,152,129,119,117,132,127,129,128,142,128,146,1416,117,113,105,118,107,112,115,96,84,76,81,72,83,66,71,499,82,57,47,52,49,45,41,46,33,47,250,43,25,24,40,20,16,24,26,21,11,117,12,15,17,13,18,8,6,8,5,5,4,3,1,1,0,1
2021,"Barking and Dagenham 021","E02000022",7741,837,199,199,136,166,137,697,134,163,110,137,153,789,127,130,154,127,139,112,458,119,153,116,70,413,83,81,88,76,85,1411,81,138,125,121,144,139,172,157,172,162,2041,176,240,145,140,134,157,136,127,172,111,104,115,96,105,83,815,78,92,71,76,54,55,62,59,47,37,49,33,39,32,31,193,22,33,19,16,27,15,14,15,11,21,67,10,6,11,11,7,7,0,3,8,4,20,6,2,2,1,1,1,3,3,1,0,0,0,0,0,0,0
2021,"Barking and Dagenham 022","E02000023",8022,671,98,124,138,151,160,764,163,165,132,153,151,978,185,153,203,148,144,145,503,132,137,136,98,486,85,93,111,100,97,1211,98,108,130,106,97,125,126,131,153,137,1913,128,151,128,126,133,156,164,139,132,122,122,115,104,107,86,1101,117,85,148,85,87,78,81,64,61,47,71,48,41,46,42,235,21,30,23,29,27,29,24,21,16,15,106,11,15,9,7,9,9,11,16,10,9,54,9,7,4,3,3,12,8,1,2,0,1,1,0,3,0,0
2021,"Barking and Dagenham 023","E02006799",12041,924,188,170,174,182,210,1071,217,235,197,197,225,1265,197,179,234,246,206,203,645,185,179,140,141,720,135,143,145,145,152,1661,154,147,128,148,150,163,158,208,216,189,2876,207,210,184,221,190,232,211,229,186,177,167,197,159,151,155,1862,141,154,179,152,138,123,130,131,107,124,117,104,101,65,96,562,77,75,72,53,50,48,50,46,55,36,309,45,35,40,31,26,30,33,27,27,15,146,21,17,18,25,18,8,8,2,11,2,2,2,4,6,0,2
2021,"Barnet 001","E02000024",10851,564,107,88,122,127,120,587,98,125,121,115,128,767,116,145,122,135,113,136,411,106,148,89,68,532,66,92,108,133,133,1250,130,120,120,100,139,136,112,132,133,128,2313,124,142,138,158,144,146,156,171,158,162,151,188,171,139,165,2236,152,203,153,130,139,173,155,163,175,126,137,118,139,140,133,1152,146,106,98,119,112,109,91,120,124,127,683,79,119,79,67,65,52,58,60,60,44,356,50,43,40,37,29,30,40,26,14,5,12,6,3,12,7,2
2021,"Barnet 002","E02000025",8588,498,96,103,90,111,98,487,102,91,81,103,110,612,92,94,117,109,115,85,335,140,78,73,44,395,52,61,80,119,83,1173,119,104,73,129,141,128,105,128,120,126,1956,123,169,129,139,145,124,112,118,114,132,117,118,169,134,113,1780,140,119,122,152,118,146,125,105,115,115,131,92,112,90,98,762,72,73,72,83,77,66,66,89,70,94,411,57,58,53,34,37,34,41,30,33,34,179,26,27,22,26,18,14,10,14,10,5,1,3,2,0,0,1
2021,"Barnet 003","E02000026",6466,410,77,82,82,91,78,378,84,71,86,69,68,460,79,79,72,88,72,70,256,76,70,61,49,301,49,56,53,78,65,816,67,71,71,73,84,92,78,72,107,101,1300,84,87,69,90,70,90,107,97,80,89,79,93,80,99,86,1306,86,84,92,78,90,97,75,90,98,82,110,69,100,77,78,645,70,68,56,57,76,62,76,64,60,56,406,55,69,48,45,33,34,38,27,33,24,188,31,22,27,18,19,9,19,5,7,7,7,3,4,4,3,3
2021,"Barnet 004","E02000027",9645,535,96,94,102,120,123,578,120,102,119,132,105,806,122,117,141,127,167,132,470,123,143,127,77,546,91,127,103,100,125,1142,140,102,97,105,116,121,119,129,102,111,2146,126,135,131,149,149,175,135,154,146,141,119,125,140,148,173,1884,153,147,134,132,137,151,130,146,131,125,102,96,100,101,99,822,86,73,93,95,70,84,90,71,74,86,510,69,60,64,54,50,48,45,53,34,33,206,40,31,27,23,19,17,14,10,7,3,3,3,3,1,1,4
2021,"Barnet 005","E02000028",6541,380,68,69,80,81,82,404,66,78,79,90,91,448,73,83,85,76,64,67,270,93,64,69,44,306,42,39,67,72,86,864,75,87,76,84,95,72,76,98,108,93,1468,111,114,99,94,107,102,99,108,102,101,91,84,87,78,91,1322,94,107,89,90,120,103,79,106,92,85,74,73,79,62,69,554,57,66,43,49,59,49,64,56,45,66,350,41,39,45,37,34,24,38,41,21,30,175,21,22,25,21,13,24,8,9,8,5,7,2,4,2,0,4
2021,"Barnet 006","E02000029",9674,746,169,178,107,128,164,674,144,126,157,145,102,818,147,109,162,118,121,161,441,123,123,104,91,551,78,93,126,147,107,1280,111,130,142,91,144,117,122,157,139,127,2217,118,140,157,149,154,171,141,187,159,121,129,139,175,128,149,1776,147,136,133,128,146,123,136,128,150,93,116,78,91,88,83,669,67,84,78,69,64,57,61,59,60,70,370,57,60,50,42,35,29,24,33,17,23,132,22,20,20,12,10,7,7,6,5,9,3,7,3,0,1,0
2021,"Barnet 007","E02000030",9457,432,69,64,104,83,112,565,110,128,98,114,115,743,120,112,118,129,144,120,449,132,141,83,93,447,59,76,91,98,123,902,94,95,91,76,103,80,87,76,99,101,1855,94,86,134,89,127,108,172,120,127,140,119,123,135,122,159,2049,131,144,144,138,133,138,145,152,124,149,127,138,135,146,105,1053,108,81,93,120,113,102,104,107,118,107,641,76,84,87,67,58,55,59,49,58,48,321,56,44,27,44,40,21,29,15,10,10,10,3,5,0,2,5
2021,"Barnet 008","E02000031",8333,496,93,111,93,99,100,462,93,92,89,80,108,562,97,95,103,97,88,82,304,85,84,75,60,329,48,57,60,91,73,1179,99,129,112,118,116,97,113,131,133,131,1927,146,151,130,133,139,126,112,139,128,117,131,128,110,128,109,1476,108,111,120,107,90,100,86,90,102,103,96,97,90,95,81,756,78,84,85,64,73,68,73,83,70,78,513,65,58,58,58,51,48,53,38,44,40,329,41,48,40,29,24,31,26,22,20,15,6,8,7,3,2,7
2021,"Barnet 009","E02000032",7946,304,50,44,61,64,85,485,97,82,91,99,116,726,111,114,140,129,129,103,385,142,99,82,62,401,61,80,77,92,91,713,103,80,85,68,75,54,64,59,61,64,1647,85,59,87,109,108,112,112,125,123,115,105,121,133,115,138,1751,157,144,125,119,118,132,141,116,125,98,100,83,109,108,76,791,91,89,68,74,59,62,85,90,86,87,525,56,61,64,63,51,46,60,53,33,38,218,33,30,31,20,24,20,12,11,14,9,5,0,3,2,0,4
2021,"Barnet 010","E02000033",8884,458,70,88,87,98,115,555,112,115,108,101,119,732,136,122,143,110,98,123,357,98,102,82,75,500,72,112,90,105,121,1126,110,102,91,100,108,97,114,120,159,125,2022,110,128,196,124,136,156,113,148,138,151,112,129,126,130,125,1829,127,131,150,133,149,124,121,122,108,91,129,122,157,78,87,717,75,77,65,86,76,67,51,73,73,74,393,51,49,44,49,36,46,20,35,38,25,195,36,29,36,21,15,15,9,9,7,6,1,2,4,4,0,1
2021,"Barnet 011","E02000034",9080,522,104,102,87,107,122,590,119,101,121,114,135,696,123,108,113,131,112,109,376,100,102,91,83,446,55,83,83,101,124,1237,98,113,124,131,128,118,125,141,125,134,2061,128,124,127,143,127,145,164,168,153,134,126,134,127,124,137,1663,125,143,111,114,125,123,106,137,115,119,104,94,85,81,81,797,103,81,79,78,73,85,75,70,62,91,480,70,74,55,54,48,41,46,31,34,27,212,32,27,33,21,20,22,14,16,7,8,1,8,1,1,0,1
2021,"Barnet 012","E02000035",8532,453,83,98,89,109,74,498,91,101,124,95,87,494,107,103,69,78,79,58,249,61,63,64,61,428,58,61,91,106,112,1424,110,113,140,155,148,167,153,143,165,130,2051,131,158,135,148,143,160,179,191,110,142,127,118,112,90,107,1422,89,182,96,99,95,88,107,78,96,83,98,80,82,87,62,741,66,78,65,73,75,96,74,66,83,65,482,68,77,60,55,41,39,50,25,38,29,290,47,38,31,30,26,22,22,26,10,12,1,10,6,8,1,0
2021,"Barnet 013","E02000036",11250,711,124,126,134,156,171,900,176,184,175,193,172,985,157,155,169,174,175,155,484,150,123,110,101,623,87,124,119,139,154,1479,178,130,149,101,142,142,140,149,174,174,2348,137,165,172,179,170,155,186,169,149,145,148,154,146,131,142,2055,155,173,130,131,156,146,145,153,144,133,118,142,109,106,114,884,106,90,109,85,83,90,84,82,69,86,532,67,85,65,59,54,43,41,47,36,35,249,43,29,31,24,18,19,12,9,31,10,4,5,9,0,2,3
2021,"Barnet 014","E02000037",10823,708,124,153,147,137,147,876,168,178,169,169,192,1039,183,181,175,183,164,153,525,157,141,127,100,571,78,96,152,106,139,1322,110,141,120,121,124,133,145,139,157,132,2227,141,154,152,163,164,153,176,144,140,147,138,137,140,151,127,1736,138,112,111,133,132,138,132,109,85,104,113,104,117,102,106,1011,110,101,91,94,107,99,104,101,99,105,545,75,68,66,57,44,60,46,52,43,34,263,26,30,29,26,25,24,20,17,12,8,19,9,9,7,2,0
2021,"Barnet 015","E02000038",10722,535,100,112,112,96,115,648,109,132,120,145,142,895,139,166,136,180,129,145,507,169,154,110,74,503,80,81,108,115,119,1399,139,118,123,123,141,137,141,159,160,158,2486,149,153,161,140,186,176,171,170,171,155,160,170,176,171,177,2109,175,160,160,167,159,138,143,158,109,134,126,135,112,122,111,917,104,88,89,129,110,77,80,84,94,62,463,49,62,63,51,40,38,47,42,30,41,260,31,32,22,24,21,33,18,15,11,9,19,4,4,7,3,7
2021,"Barnet 016","E02000039",7165,482,111,101,77,111,82,407,70,86,87,62,102,622,98,107,109,99,90,119,316,83,94,97,42,378,41,62,81,90,104,870,94,82,89,70,80,67,74,96,98,120,1566,87,84,137,109,142,108,83,124,91,97,113,117,91,85,98,1353,94,90,84,92,92,93,123,110,89,86,88,90,72,75,75,617,53,70,70,50,51,61,59,60,69,74,399,74,49,45,40,25,33,30,44,35,24,155,24,30,15,16,21,12,11,5,8,7,0,3,1,1,0,1
2021,"Barnet 017","E02000040",9142,586,120,109,122,109,126,570,100,111,110,116,133,733,100,132,122,132,126,121,531,153,173,148,57,445,70,72,85,115,103,1354,105,102,125,144,147,136,128,164,158,145,2124,152,153,152,178,142,166,150,133,148,113,125,133,132,127,120,1463,116,120,117,106,109,114,98,92,83,108,83,93,79,61,84,692,75,65,69,76,69,76,65,61,65,71,442,65,61,43,61,50,34,30,30,39,29,202,19,33,23,27,14,14,20,14,10,2,10,7,5,0,2,2
2021,"Barnet 018","E02000041",9456,558,93,118,114,98,135,663,149,120,122,138,134,784,132,138,145,118,123,128,420,112,118,113,77,567,89,113,113,116,136,1379,126,122,132,117,137,129,152,144,175,145,2088,156,155,142,140,156,142,141,146,155,131,115,125,108,140,136,1554,123,102,122,113,99,114,109,109,103,97,105,80,92,104,82,780,91,98,77,75,84,69,78,69,75,64,407,47,46,54,52,47,28,39,35,27,32,256,35,37,17,28,16,26,19,20,15,11,9,2,12,6,1,2
2021,"Barnet 019","E02000042",11562,663,171,96,113,151,132,666,127,147,122,154,116,821,137,138,135,149,125,137,381,116,99,100,66,601,87,103,145,116,150,1804,150,185,172,177,162,182,166,165,220,225,2930,227,178,191,222,233,182,185,215,212,179,170,182,193,170,191,1984,169,132,155,170,140,125,141,161,119,142,109,121,103,115,82,845,114,89,84,85,69,74,81,84,91,74,572,82,58,76,60,51,50,58,45,48,44,295,35,36,37,25,26,28,23,25,9,11,10,8,9,6,2,5
2021,"Barnet 020","E02000043",7561,445,74,80,80,114,97,558,86,117,120,113,122,670,115,114,125,97,111,108,280,96,75,63,46,299,28,52,60,75,84,858,82,69,70,109,80,84,94,78,87,105,1790,88,84,112,126,119,124,141,144,133,113,135,122,111,131,107,1419,107,107,122,105,103,98,95,101,84,78,69,78,83,115,74,681,64,71,68,71,61,84,73,62,65,62,373,54,51,48,40,33,28,29,28,26,36,188,35,23,18,22,19,12,16,18,6,8,3,3,2,2,1,0
2021,"Barnet 021","E02000044",8837,562,90,121,116,113,122,611,136,106,108,124,137,790,145,127,130,129,141,118,418,121,110,107,80,576,84,109,122,147,114,1283,143,144,126,115,132,114,116,125,123,145,2117,134,179,131,131,159,191,139,134,120,126,121,131,128,134,159,1569,125,106,113,121,136,119,130,90,112,91,86,99,76,93,72,556,68,65,61,61,53,53,47,53,48,47,273,37,31,38,32,22,27,21,21,21,23,82,13,11,10,4,9,8,6,5,4,2,0,4,0,1,4,1
2021,"Barnet 022","E02000045",10533,620,105,110,113,151,141,714,141,148,127,158,140,909,146,153,162,172,150,126,496,146,133,127,90,537,103,101,97,131,105,1369,138,138,134,126,143,134,134,138,148,136,2607,153,173,174,176,200,194,192,156,171,159,165,168,167,196,163,2034,155,143,163,123,200,137,190,151,129,127,105,130,98,95,88,729,88,72,69,70,69,75,64,70,84,68,370,53,50,46,32,28,45,38,32,22,24,148,34,15,17,18,13,16,8,9,2,3,5,2,3,3,0,0
2021,"Barnet 023","E02000046",6964,455,85,96,76,95,103,388,84,68,78,85,73,415,73,88,78,64,52,60,182,54,53,44,31,353,30,53,70,97,103,1334,122,108,128,111,138,140,137,160,143,147,1789,137,128,139,164,122,144,134,107,122,123,108,84,88,103,86,1159,89,107,92,95,94,75,65,80,69,75,77,70,62,67,42,469,36,62,59,42,48,46,44,43,43,46,300,41,31,40,30,31,22,31,31,22,21,120,22,20,18,13,10,16,3,7,2,3,2,3,1,0,0,0
2021,"Barnet 024","E02000047",12405,869,169,188,203,178,131,926,160,170,191,234,171,1019,189,181,177,172,155,145,632,171,191,131,139,826,130,160,211,161,164,1886,173,173,173,169,170,237,215,239,160,177,2874,211,206,173,199,175,222,197,190,190,200,169,192,183,174,193,2020,176,161,205,172,167,123,126,129,135,124,112,95,97,103,95,787,88,87,101,83,84,73,68,89,60,54,369,41,51,43,35,36,27,36,43,27,30,197,22,34,26,30,20,16,8,14,6,2,5,6,3,2,0,3
2021,"Barnet 025","E02000048",10280,695,128,126,152,139,150,710,159,131,129,154,137,789,136,130,130,123,147,123,419,125,133,90,71,537,62,111,115,132,117,1365,133,106,108,138,147,150,151,140,147,145,2297,152,143,153,158,150,185,160,158,157,151,152,154,135,149,140,1718,144,126,140,116,103,128,109,125,114,114,99,98,112,107,83,890,109,84,92,94,82,89,85,87,86,82,594,80,94,68,54,49,49,57,55,43,45,266,47,33,25,23,24,28,17,18,9,14,5,6,6,5,2,4
2021,"Barnet 026","E02000049",10534,784,188,155,146,155,140,776,154,140,149,168,165,950,169,161,162,158,140,160,575,220,118,134,103,730,133,145,155,147,150,1741,185,136,176,181,171,172,191,188,162,179,2554,204,191,173,163,154,159,162,154,189,145,152,197,153,203,155,1664,134,155,140,133,116,121,151,112,93,112,94,88,67,75,73,467,61,66,41,55,47,38,53,32,41,33,238,50,28,29,18,21,21,24,21,16,10,55,12,17,8,4,0,7,0,4,1,1,1,0,0,0,0,0
2021,"Barnet 027","E02000050",10374,558,109,103,108,128,110,625,115,124,124,115,147,831,147,148,138,137,150,111,505,147,122,103,133,645,103,132,99,211,100,1491,136,125,152,189,138,130,142,146,164,169,2358,153,176,148,156,162,164,151,201,163,147,167,149,152,124,145,1927,185,163,127,131,155,124,132,140,128,128,126,93,108,92,95,792,87,101,72,83,66,75,76,89,68,75,491,58,52,92,56,47,50,32,43,33,28,151,30,23,18,11,13,8,12,10,12,4,1,4,4,0,0,1
2021,"Barnet 028","E02000051",9160,513,79,107,105,108,114,558,96,112,93,157,100,593,116,106,89,96,85,101,343,124,85,80,54,470,50,109,93,102,116,1292,119,116,111,120,129,145,139,135,127,151,2054,152,148,140,148,155,166,129,151,134,151,154,104,120,102,100,1581,151,104,102,103,108,133,120,110,108,98,80,97,109,79,79,852,73,85,82,77,84,77,89,120,81,84,592,83,57,85,69,56,42,54,52,48,46,312,41,43,38,45,33,23,18,15,15,13,6,3,7,3,5,4
2021,"Barnet 029","E02000052",9841,566,130,109,97,124,106,571,108,118,102,127,116,738,131,112,125,133,125,112,349,104,110,77,58,394,45,52,86,99,112,1716,172,139,139,177,221,180,196,172,172,148,2423,161,176,113,163,178,179,181,165,160,162,177,145,156,145,162,1719,137,155,138,134,126,112,130,101,112,110,94,94,94,84,98,719,74,80,75,80,69,76,70,57,72,66,496,79,64,91,42,39,35,49,41,31,25,150,19,19,26,13,20,13,11,11,3,4,4,4,0,2,1,0
2021,"Barnet 031","E02000054",7624,433,90,100,80,77,86,455,62,96,123,88,86,522,105,91,86,96,74,70,285,62,73,76,74,589,89,115,119,119,147,1330,140,145,134,148,127,121,117,149,123,126,1797,139,143,110,132,105,123,127,120,147,88,93,111,170,92,97,1217,125,100,67,72,90,90,80,99,73,81,72,66,64,67,71,603,96,92,51,58,61,46,59,52,33,55,281,44,41,44,41,20,14,22,17,15,23,112,20,17,14,11,15,8,9,5,3,3,2,2,1,1,0,1
2021,"Barnet 032","E02000055",11729,696,138,155,129,130,144,679,146,133,146,117,137,853,152,164,118,155,142,122,531,129,123,132,147,1154,221,219,226,230,258,2186,235,226,238,209,223,204,217,209,209,216,2507,187,188,147,199,179,177,160,172,160,143,168,161,140,145,181,1761,127,126,161,136,128,166,81,133,110,94,103,104,108,97,87,691,82,85,67,60,72,71,64,47,69,74,427,54,54,53,53,41,26,43,29,32,42,244,29,41,31,32,18,23,14,11,11,9,6,2,8,3,3,3
2021,"Barnet 033","E02000056",9126,496,90,104,103,96,103,641,114,125,112,136,154,788,114,136,126,136,153,123,400,130,116,103,51,362,42,60,70,94,96,979,86,98,91,105,91,104,101,94,121,88,1907,100,102,111,128,123,112,143,148,134,120,125,136,138,156,131,1705,136,139,148,108,102,125,153,116,105,95,100,89,102,104,83,876,97,77,70,78,68,80,116,108,90,92,658,78,80,61,62,52,86,60,62,39,78,314,51,40,33,35,24,29,30,13,12,9,8,8,7,5,6,4
2021,"Barnet 034","E02000057",8013,671,129,129,158,122,133,687,127,144,137,137,142,721,155,118,128,121,101,98,346,100,93,76,77,664,120,130,132,144,138,1375,137,187,125,91,142,118,148,139,144,144,1598,143,147,124,123,106,112,82,96,91,104,88,99,88,126,69,1040,84,72,108,64,61,74,61,63,56,75,73,58,61,74,56,477,59,54,43,40,43,54,53,38,50,43,296,50,33,36,36,26,21,26,26,16,26,138,20,21,16,20,7,4,12,11,7,6,8,4,1,1,0,0
2021,"Barnet 035","E02000058",10226,715,115,165,136,158,141,727,146,122,164,149,146,827,127,136,164,141,131,128,376,96,122,102,56,522,69,86,110,117,140,1401,128,136,145,157,164,139,135,145,132,120,2278,138,212,161,168,209,148,154,149,147,151,143,127,127,126,118,1568,108,106,132,109,103,81,110,121,97,110,123,77,95,91,105,872,82,95,80,66,94,76,100,88,91,100,639,69,100,77,83,63,54,56,57,44,36,301,39,36,31,53,20,29,14,28,12,5,9,6,6,5,3,5
2021,"Barnet 036","E02000059",11630,743,149,143,197,122,132,554,123,94,128,99,110,708,136,107,122,104,119,120,418,123,95,94,106,730,101,122,152,175,180,2355,209,202,190,281,192,246,226,329,226,254,2816,280,212,185,202,196,246,225,164,156,186,159,137,152,164,152,2025,132,134,163,178,135,121,121,135,115,108,125,119,119,169,151,726,120,79,84,75,79,60,66,47,59,57,392,52,45,40,40,38,38,46,31,35,27,163,27,30,20,22,14,15,12,7,4,4,3,1,1,2,0,1
2021,"Barnet 037","E02000060",11565,1151,203,263,229,244,212,1149,220,235,234,220,240,1265,209,236,194,224,193,209,549,163,142,130,114,686,117,105,164,134,166,1715,159,189,200,176,173,169,158,140,178,173,2067,151,158,139,155,158,144,131,161,127,123,121,108,123,166,102,1400,85,119,116,82,120,81,70,82,59,107,109,88,88,102,92,755,98,78,87,79,76,69,63,76,60,69,472,69,50,52,35,43,33,38,68,36,48,356,28,28,29,60,28,34,17,24,17,23,10,19,6,11,5,17
2021,"Barnet 038","E02000061",8348,410,79,88,84,82,77,468,99,93,77,98,101,582,88,112,99,111,86,86,287,92,75,77,43,482,63,78,113,102,126,1391,111,125,145,134,156,178,152,123,132,135,2005,161,138,132,161,193,113,126,131,115,137,127,112,130,112,117,1410,110,117,136,102,98,82,91,138,82,89,83,88,69,67,58,666,83,57,60,69,62,77,73,70,58,57,385,55,42,41,36,39,39,24,38,41,30,262,45,33,40,24,22,15,11,12,13,11,5,7,11,6,3,4
2021,"Barnet 039","E02000062",6973,417,66,98,85,88,80,472,96,97,74,114,91,604,115,100,95,99,95,100,323,97,79,73,74,480,62,87,87,121,123,1168,93,110,124,110,111,147,115,106,134,118,1663,115,109,101,100,116,155,100,111,136,91,107,115,95,116,96,1182,91,121,87,117,86,98,76,72,76,58,77,67,58,53,45,412,50,41,58,38,39,41,49,30,34,32,180,31,20,21,13,10,18,15,17,19,16,72,18,8,9,7,6,6,5,3,0,1,2,5,0,1,1,0
2021,"Barnet 040","E02000063",7592,443,65,88,95,94,101,466,109,97,82,94,84,592,100,88,95,94,81,134,342,98,98,78,68,465,61,89,97,97,121,1175,120,130,123,109,123,112,120,122,102,114,1800,126,128,146,122,117,114,143,116,131,112,113,134,90,113,95,1354,115,99,106,115,91,106,102,85,88,87,67,63,100,76,54,547,76,63,65,49,52,53,52,45,48,44,285,35,29,43,31,28,23,29,34,18,15,123,19,17,15,13,10,17,9,6,4,8,0,1,0,1,2,1
2021,"Barnet 041","E02000064",6689,447,119,69,120,74,65,379,89,83,68,68,71,512,89,75,91,95,73,89,287,76,65,79,67,435,72,83,72,83,125,1242,140,108,125,104,123,146,148,115,93,140,1500,127,121,113,95,96,91,100,102,95,93,88,86,110,83,100,1125,72,99,95,108,69,76,74,82,65,89,75,62,55,62,42,396,32,45,34,37,54,48,49,37,36,24,265,40,36,31,27,25,22,13,21,24,26,101,21,17,10,9,10,8,5,5,2,3,3,3,2,1,0,2
2021,"Barnet 042","E02006953",9168,652,132,143,144,113,120,468,84,104,104,91,85,536,110,81,83,112,83,67,391,68,67,112,144,859,147,153,155,188,216,2658,217,260,269,268,256,292,293,298,266,239,2344,235,238,171,197,184,202,155,151,164,108,113,90,103,115,118,918,101,76,81,72,73,68,80,89,49,61,43,40,32,29,24,209,30,25,23,18,20,18,18,19,20,18,92,15,8,13,12,6,14,6,11,5,2,41,5,6,3,2,3,3,10,2,5,2,0,0,0,0,0,0
2021,"Barnet 043","E02006954",10103,715,154,137,136,132,156,669,137,128,108,159,137,675,123,118,109,89,125,111,453,145,106,118,84,741,99,153,139,162,188,2213,156,207,167,204,241,279,252,262,229,216,2453,260,190,197,200,173,179,172,137,170,134,137,125,165,102,112,1392,125,138,106,102,95,97,97,97,73,74,90,77,66,74,81,451,60,65,52,33,42,47,39,44,36,33,238,32,23,30,24,21,20,27,29,13,19,103,19,14,15,14,7,11,5,4,6,2,3,0,2,0,0,1
2021,"Bexley 001","E02000065",8068,545,93,100,93,123,136,654,128,110,126,125,165,925,139,153,169,164,175,125,480,120,150,119,91,446,75,78,98,101,94,1022,105,99,88,91,97,83,121,127,104,107,1766,107,110,94,98,107,120,125,99,121,134,128,151,124,131,117,1613,167,130,145,109,135,142,97,105,84,78,105,86,77,78,75,403,66,47,37,50,43,27,32,30,34,37,169,22,23,19,35,16,10,13,12,9,10,45,10,2,8,2,4,3,3,3,2,2,1,1,3,0,0,1
2021,"Bexley 002","E02000066",9434,574,98,121,116,127,112,711,123,146,140,132,170,892,157,149,154,153,131,148,512,134,147,129,102,585,109,115,125,126,110,1259,137,119,119,139,114,112,123,138,129,129,1971,130,134,107,135,113,147,147,144,103,138,128,141,125,144,135,1881,164,131,146,135,130,142,145,124,124,124,143,89,90,96,98,633,90,61,65,70,51,67,48,55,69,57,328,47,33,53,30,30,35,27,35,19,19,88,13,14,12,11,12,7,2,6,3,2,3,1,2,0,0,0
2021,"Bexley 003","E02000067",10238,761,150,160,146,161,144,755,152,133,137,159,174,809,122,143,134,158,128,124,449,144,116,102,87,583,109,77,131,140,126,1738,137,137,153,166,211,187,190,197,193,167,2308,158,180,177,186,154,177,147,165,137,153,123,159,136,118,138,1737,151,114,136,131,133,153,120,126,105,100,100,97,93,78,100,634,86,79,70,41,60,51,56,77,49,65,337,40,52,34,34,43,34,30,30,21,19,127,19,26,18,16,10,10,10,3,6,2,1,0,4,2,0,0
2021,"Bexley 004","E02000068",8175,691,131,138,146,140,136,698,150,136,132,151,129,756,118,162,124,121,124,107,383,105,108,84,86,477,67,88,96,107,119,1270,110,102,112,132,124,142,139,126,148,135,1817,130,133,137,140,136,135,125,120,88,110,130,93,123,123,94,1275,109,84,95,89,98,89,86,83,106,85,82,66,70,73,60,428,57,69,43,48,33,36,49,32,32,29,260,29,28,26,25,19,27,27,31,27,21,120,21,14,15,9,10,19,6,5,8,7,1,1,0,3,1,0
2021,"Bexley 005","E02000069",7211,500,97,104,105,99,95,500,100,109,108,94,89,537,94,95,102,93,68,85,275,73,67,81,54,382,71,62,90,78,81,1068,86,87,112,111,112,127,94,114,108,117,1497,106,131,113,102,110,104,111,94,95,74,89,86,75,104,103,1264,104,84,81,78,77,95,99,91,99,87,83,84,76,67,59,615,72,82,53,53,59,62,45,59,64,66,395,44,46,39,44,39,36,30,37,42,38,178,20,26,24,19,14,13,18,16,8,6,4,3,2,0,0,5
2021,"Bexley 006","E02000070",8104,471,91,83,90,96,111,482,78,115,80,89,120,602,103,90,111,106,103,89,326,86,92,75,73,415,80,87,80,83,85,933,88,81,81,83,105,95,112,92,95,101,1569,123,100,105,105,111,110,111,103,111,101,111,89,105,98,86,1707,136,104,124,109,127,123,127,122,106,116,115,103,104,99,92,816,99,66,75,82,75,72,64,89,95,99,546,60,76,68,57,64,51,44,44,38,44,237,45,31,19,32,19,25,23,16,5,7,3,7,2,0,3,0
2021,"Bexley 007","E02000071",7675,455,81,92,95,88,99,527,103,111,92,99,122,706,111,124,111,118,125,117,399,115,116,87,81,439,79,90,80,116,74,922,85,78,105,85,90,93,103,91,104,88,1559,97,106,97,108,109,118,109,97,109,84,90,101,118,113,103,1505,114,114,117,128,98,105,118,85,90,95,86,92,97,84,82,670,72,64,63,70,77,60,70,57,73,64,371,51,45,37,47,21,25,34,49,36,26,122,22,19,23,7,10,12,3,8,4,5,5,2,0,0,2,0
2021,"Bexley 008","E02000072",12912,1008,170,218,215,212,193,1095,203,214,239,222,217,1331,234,204,239,236,213,205,671,194,199,150,128,785,146,142,163,153,181,1891,173,163,195,169,187,209,210,217,201,167,2892,174,198,202,216,179,218,221,183,198,164,196,177,170,226,170,2228,188,196,182,178,171,188,165,156,148,125,138,103,110,92,88,577,62,85,61,69,53,45,42,65,47,48,305,40,41,20,29,23,28,32,39,30,23,129,25,18,21,20,16,5,4,3,2,8,2,2,3,0,0,0
2021,"Bexley 009","E02000073",10733,587,107,106,129,133,112,627,121,117,125,128,136,807,124,131,124,168,128,132,478,124,134,105,115,596,107,113,138,109,129,1173,99,117,118,104,103,114,105,136,141,136,2149,132,133,148,161,150,164,141,141,168,130,137,132,131,138,143,2231,136,152,149,160,190,164,180,165,167,158,141,122,120,121,106,1085,105,108,110,96,104,110,120,92,118,122,715,80,95,77,80,53,73,71,78,60,48,285,39,48,42,38,21,25,14,15,15,3,11,5,1,4,2,2
2021,"Bexley 010","E02000074",8858,563,110,116,108,92,137,655,132,119,123,131,150,777,126,139,129,144,124,115,417,124,113,95,85,471,90,88,105,94,94,1265,127,104,113,119,139,128,122,137,130,146,1817,123,124,125,133,122,137,134,129,112,105,110,106,116,119,122,1663,106,117,122,115,137,117,146,109,96,122,102,98,106,90,80,691,76,72,62,63,71,76,62,59,85,65,396,57,54,45,41,25,38,45,39,29,23,143,24,20,20,23,9,13,5,10,2,5,1,1,0,3,3,4
2021,"Bexley 011","E02000075",7992,372,77,68,69,87,71,477,85,92,89,105,106,533,94,88,102,87,82,80,334,86,85,79,84,396,73,77,92,90,64,835,77,77,70,86,57,82,86,106,101,93,1484,108,90,94,98,108,116,104,109,86,113,86,87,92,88,105,1668,99,115,115,111,124,106,112,126,120,121,109,113,112,90,95,983,99,78,95,90,116,80,96,105,83,141,634,84,70,82,63,60,67,58,53,52,45,276,40,47,37,33,21,22,18,14,9,12,4,5,4,1,3,6
2021,"Bexley 013","E02000077",8149,469,93,77,106,96,97,475,99,97,84,96,99,629,103,98,109,115,109,95,415,110,114,100,91,440,71,91,94,86,98,990,88,95,104,81,96,108,85,125,100,108,1754,119,132,128,126,127,133,149,122,114,103,91,104,109,110,87,1612,100,136,116,128,119,109,122,108,102,110,102,107,91,89,73,693,77,58,65,67,61,83,52,77,71,82,469,43,47,56,48,43,41,50,40,45,56,203,35,23,21,28,21,16,17,14,11,3,4,3,1,2,1,3
2021,"Bexley 014","E02000078",7933,497,84,94,115,94,110,518,124,106,104,91,93,521,90,95,87,77,85,87,319,87,93,71,68,389,62,83,79,93,72,1027,89,99,81,87,99,118,96,118,130,110,1643,109,126,129,98,113,127,136,110,79,120,82,112,81,114,107,1505,103,115,106,104,109,100,118,128,88,107,92,84,95,75,81,789,83,91,75,92,70,71,77,68,81,81,520,55,71,55,57,54,42,33,51,54,48,205,37,32,25,23,18,18,12,8,10,6,5,4,2,0,2,3
2021,"Bexley 015","E02000079",8776,520,102,103,109,95,111,564,100,115,121,117,111,596,103,114,102,85,101,91,306,87,81,85,53,427,67,75,85,106,94,1211,105,111,103,125,108,133,150,121,120,135,1889,133,147,119,115,139,148,151,130,124,123,123,121,103,109,104,1556,125,109,111,104,116,118,104,117,123,115,81,88,92,77,76,747,89,71,78,75,58,72,68,81,86,69,590,61,67,65,63,53,39,74,57,45,66,370,58,45,51,41,32,27,24,26,23,15,8,4,7,5,0,4
2021,"Bexley 016","E02000080",10066,561,105,88,114,119,135,673,132,125,136,153,127,745,134,128,125,136,109,113,433,111,121,116,85,487,81,104,103,105,94,1332,114,113,117,121,140,160,137,144,131,155,2171,154,158,143,169,186,154,168,150,145,132,124,111,114,139,124,1925,129,149,133,117,136,132,142,129,143,118,111,121,129,129,107,944,106,104,106,104,86,83,80,85,88,102,551,59,58,57,58,60,55,54,60,52,38,244,42,27,31,31,18,26,18,13,12,8,7,2,1,3,2,3
2021,"Bexley 017","E02000081",8304,512,98,103,92,120,99,507,99,89,86,124,109,670,97,111,125,121,114,102,341,105,92,78,66,411,69,91,80,92,79,952,77,82,72,86,95,109,107,113,109,102,1672,106,120,119,117,116,117,114,117,113,105,99,94,123,103,109,1617,107,118,140,105,116,118,123,118,116,101,98,94,93,93,77,804,71,82,74,88,70,77,75,78,97,92,541,57,60,58,60,61,52,62,58,36,37,277,34,44,35,28,19,20,18,21,18,11,6,7,5,5,1,5
2021,"Bexley 018","E02000082",9326,564,118,108,102,119,117,578,99,122,112,118,127,738,140,128,113,128,118,111,383,106,111,85,81,522,98,105,110,115,94,1109,106,100,105,98,111,107,107,135,115,125,1999,143,139,140,145,159,164,126,128,123,149,110,127,109,120,117,1884,112,151,127,131,152,137,137,148,103,126,130,97,104,93,136,840,90,101,97,78,65,67,79,86,91,86,477,62,69,45,53,43,47,54,38,39,27,232,36,35,27,24,27,17,16,16,9,10,6,2,1,3,2,1
2021,"Bexley 019","E02000083",11268,711,134,140,157,154,126,770,192,156,138,141,143,907,163,158,144,140,143,159,546,154,172,125,95,607,112,117,126,98,154,1787,143,173,170,156,189,197,198,184,190,187,2396,183,191,158,175,152,161,155,161,156,153,136,139,137,162,177,2067,158,167,168,154,169,157,147,165,127,116,122,98,102,112,105,800,79,85,88,66,61,95,71,68,91,96,509,59,65,68,75,47,36,50,29,45,35,168,26,25,17,17,17,15,11,12,5,12,3,1,2,2,2,1
2021,"Bexley 020","E02000084",11123,634,108,111,137,140,138,705,127,156,150,137,135,847,158,161,130,131,141,126,438,134,113,103,88,552,83,117,108,126,118,1262,112,108,113,112,100,147,131,159,133,147,2332,159,148,163,176,174,169,168,161,150,138,122,141,173,144,146,2254,150,149,172,158,143,160,148,172,164,166,133,148,132,128,131,1148,104,110,118,118,129,122,107,96,133,111,694,89,96,75,87,51,55,70,66,62,43,257,49,40,31,34,22,19,17,8,13,5,3,6,3,5,1,1
2021,"Bexley 021","E02000085",7953,489,101,103,87,101,97,514,105,92,105,108,104,575,108,104,86,93,93,91,378,97,96,93,92,465,73,92,91,98,111,1037,81,88,100,90,108,104,129,107,117,113,1574,134,116,118,110,101,106,115,92,91,98,108,108,92,94,91,1522,111,103,111,112,115,122,105,116,101,96,90,75,88,88,89,743,85,73,60,78,67,72,71,69,88,80,462,64,66,49,56,42,37,40,33,33,42,194,29,42,28,17,16,15,17,7,4,8,4,2,2,1,2,0
2021,"Bexley 022","E02000086",7174,355,74,79,62,74,66,436,83,86,75,97,95,533,94,96,79,76,100,88,300,79,75,71,75,358,65,77,66,73,77,798,81,90,88,74,78,73,77,88,79,70,1360,103,74,98,103,91,98,81,87,92,90,93,96,82,89,83,1618,100,111,140,112,124,101,92,113,120,118,106,96,113,86,86,778,82,78,72,73,85,76,70,64,94,84,480,90,64,56,61,35,39,38,37,35,25,158,25,30,17,18,16,8,9,9,10,5,4,1,2,3,0,1
2021,"Bexley 023","E02000087",8212,453,90,84,93,97,89,441,89,81,85,91,95,592,97,102,97,93,107,96,344,95,100,80,69,374,79,72,68,87,68,951,79,91,87,85,98,91,88,109,98,125,1638,107,104,88,105,118,118,137,96,95,101,107,106,124,107,125,1695,134,129,122,115,122,130,128,116,103,102,121,110,90,77,96,795,72,71,82,85,80,77,73,80,94,81,644,66,78,65,71,62,54,77,63,60,48,285,49,38,30,47,19,33,15,16,9,9,4,3,5,2,2,4
2021,"Bexley 024","E02000088",7748,444,82,85,107,82,88,463,105,83,90,103,82,573,97,93,89,109,104,81,306,81,89,73,63,444,96,87,87,89,85,907,74,75,88,84,82,95,95,88,108,118,1558,105,128,108,81,107,120,99,105,93,101,100,106,91,102,112,1571,103,137,102,90,119,120,109,111,109,112,100,79,95,97,88,725,68,68,74,72,73,62,75,64,88,81,564,67,74,67,86,50,41,50,47,41,41,193,37,36,22,22,12,15,17,11,9,6,2,0,4,0,0,0
2021,"Bexley 025","E02000089",7859,450,81,78,95,94,102,487,110,105,86,78,108,579,101,94,96,95,105,88,360,92,112,86,70,438,85,93,86,81,93,813,66,66,71,73,97,64,99,96,90,91,1544,87,119,101,106,118,87,111,100,91,121,105,101,97,97,103,1590,118,116,111,107,133,116,118,115,100,101,100,95,96,88,76,776,77,88,74,62,83,83,89,73,64,83,557,48,77,64,64,58,40,55,57,47,47,265,34,31,41,26,32,22,17,11,16,10,4,5,7,3,3,3
2021,"Bexley 026","E02000090",9639,490,111,98,88,91,102,501,107,100,79,102,113,539,95,99,78,89,97,81,485,80,92,128,185,736,174,176,134,120,132,1516,127,128,132,166,152,166,182,162,135,166,1865,127,144,133,137,141,132,115,118,123,101,112,101,118,130,133,1623,110,102,136,126,119,124,115,121,118,91,97,108,85,92,79,839,89,80,75,62,85,87,100,76,81,104,668,75,79,69,76,71,59,62,62,56,59,377,52,40,41,36,39,36,28,29,17,10,14,8,9,6,5,7
2021,"Bexley 027","E02000091",10159,547,109,128,93,103,114,537,106,96,112,113,110,666,126,110,113,107,114,96,426,113,105,104,104,587,112,127,127,111,110,1244,132,116,115,118,139,132,111,134,122,125,1926,108,145,93,147,129,129,153,143,107,144,132,134,116,101,145,1966,130,128,134,149,136,145,145,141,128,131,145,121,113,119,101,1038,102,96,104,80,96,92,110,121,123,114,786,91,93,92,84,67,70,77,78,64,70,436,63,58,67,57,37,30,35,13,20,17,10,7,11,5,4,2
2021,"Bexley 028","E02000092",6761,427,63,87,100,73,104,478,102,80,97,94,105,554,111,85,88,95,100,75,327,79,87,90,71,396,78,88,74,67,89,830,60,70,83,93,98,86,88,94,77,81,1312,76,89,91,106,102,79,94,96,73,72,74,91,92,92,85,1278,98,90,84,83,77,94,95,75,102,87,93,79,71,81,69,607,66,55,69,53,64,60,62,49,76,53,388,61,50,44,40,39,39,33,29,27,26,164,28,17,18,14,26,11,7,10,8,8,1,7,6,1,1,1
2021,"Bexley 029","E02006785",6626,376,57,92,87,70,70,370,72,69,83,73,73,481,76,78,89,80,89,69,300,84,81,75,60,302,50,70,58,49,75,840,68,67,84,73,97,100,82,95,96,78,1401,107,111,130,95,113,100,99,81,78,84,86,71,82,66,98,1392,93,87,94,99,93,95,112,99,78,90,129,100,80,74,69,595,64,72,55,49,69,59,60,55,56,56,411,47,45,50,45,48,33,36,41,39,27,158,37,29,20,8,16,10,12,5,9,4,2,0,2,2,2,0
2021,"Brent 001","E02000093",11880,671,117,145,131,134,144,650,125,127,131,145,122,773,138,128,135,109,124,139,498,122,140,118,118,853,136,148,163,174,232,2108,198,191,227,201,214,229,177,239,222,210,2658,239,227,183,192,205,193,172,178,153,151,147,166,141,173,138,1998,140,147,160,163,116,115,115,131,131,123,143,126,140,139,109,926,99,122,97,103,88,91,90,87,86,63,552,70,78,56,58,46,51,40,54,41,58,193,32,31,28,12,24,16,14,9,8,9,6,3,0,1,0,0
2021,"Brent 002","E02000094",10458,652,140,170,107,110,125,537,107,98,93,115,124,805,148,117,128,131,141,140,551,167,110,158,116,712,110,136,145,148,173,1886,162,159,180,172,195,190,246,189,223,170,2362,169,160,161,161,163,203,143,164,163,140,152,152,159,150,122,1711,132,131,121,120,120,98,152,113,115,138,105,89,106,102,69,678,86,70,62,67,83,76,55,48,69,62,394,51,49,40,46,39,35,41,36,26,31,170,19,31,30,26,12,8,13,10,3,6,7,0,2,2,0,1
2021,"Brent 003","E02000095",10465,565,103,121,116,117,108,584,131,113,131,108,101,717,132,109,131,132,110,103,435,132,90,110,103,718,127,130,128,170,163,1755,176,168,190,162,149,171,198,156,172,213,2331,177,155,157,150,193,191,153,210,132,148,160,125,141,123,116,1788,123,131,128,135,99,101,124,106,108,157,112,134,94,127,109,893,106,120,94,100,84,93,86,73,74,63,482,56,66,64,43,43,44,43,51,32,40,197,38,21,31,16,19,10,12,13,14,7,9,4,1,0,0,2
2021,"Brent 004","E02000096",7640,441,80,105,74,86,96,417,81,82,78,84,92,500,101,73,78,95,80,73,271,80,71,74,46,408,48,65,88,114,93,1055,85,83,106,93,124,117,96,113,127,111,1616,106,106,104,117,152,103,134,122,101,120,106,90,78,84,93,1311,80,88,76,82,89,85,92,88,65,77,86,108,93,93,109,867,91,82,86,94,77,80,102,87,75,93,536,76,65,59,52,50,53,46,41,48,46,218,41,24,23,26,21,16,16,18,10,7,5,3,2,3,2,1
2021,"Brent 005","E02000097",9526,556,95,136,102,113,110,537,114,101,98,111,113,681,109,110,116,124,120,102,441,131,97,118,95,637,99,109,108,154,167,1515,153,131,147,210,164,134,146,191,108,131,2061,163,138,168,120,143,151,157,136,130,121,119,119,144,144,108,1781,120,118,132,121,118,110,126,113,130,177,96,128,121,73,98,696,89,83,76,77,71,62,60,64,52,62,432,57,48,55,40,50,46,32,40,25,39,189,26,20,21,37,17,23,12,6,12,4,2,7,0,1,0,1
2021,"Brent 006","E02000098",8747,437,80,73,92,91,101,490,94,93,94,100,109,664,103,99,113,129,99,121,463,128,120,111,104,598,105,105,137,139,112,1294,139,144,109,133,128,136,135,122,129,119,1821,122,132,104,124,150,139,138,149,130,129,99,107,98,96,104,1549,101,109,147,86,123,87,109,107,105,107,114,77,96,84,97,732,82,81,71,61,65,75,103,57,71,66,430,59,48,44,38,51,33,45,36,41,35,269,28,34,31,30,26,32,29,23,10,8,4,9,1,3,0,1
2021,"Brent 007","E02000099",9559,728,167,145,145,156,115,600,120,121,120,101,138,692,121,114,125,100,112,120,411,104,100,121,86,728,97,97,164,186,184,1865,198,159,216,175,170,168,210,178,210,181,2061,156,133,150,137,171,126,141,163,116,134,157,132,124,118,103,1469,108,138,105,125,89,118,98,88,94,91,96,80,92,74,73,568,66,73,65,53,57,43,71,55,45,40,302,40,36,27,40,22,24,32,33,25,23,135,17,18,18,15,17,14,11,5,6,4,1,3,2,1,2,1
2021,"Brent 008","E02000100",8320,355,58,95,71,72,59,357,80,55,85,69,68,426,70,70,82,72,66,66,507,83,105,120,199,718,173,147,128,142,128,1295,110,125,127,139,153,131,133,117,126,134,1552,119,106,114,135,118,121,99,93,89,88,82,100,101,86,101,1587,100,121,114,144,124,91,89,93,96,104,105,86,115,100,105,797,93,102,76,86,86,78,74,75,65,62,515,57,68,62,58,42,35,59,52,42,40,211,32,29,18,24,16,18,15,10,4,7,18,7,4,7,1,1
2021,"Brent 009","E02000101",9930,567,112,127,101,103,124,612,117,101,137,128,129,824,138,125,145,144,138,134,553,167,116,152,118,664,129,119,143,126,147,1491,165,144,156,131,146,138,166,141,162,142,2157,151,145,143,154,138,168,170,135,144,146,133,133,139,137,121,1753,123,136,156,126,123,113,126,128,121,93,112,105,109,80,102,709,89,80,78,64,66,63,74,70,68,57,411,48,50,50,43,61,36,33,28,31,31,189,26,32,20,28,19,18,11,11,7,8,3,4,0,1,0,1
2021,"Brent 010","E02000102",8325,619,124,131,137,110,117,621,153,103,128,101,136,865,131,156,149,148,144,137,480,121,127,110,122,586,131,113,119,107,116,1121,97,117,126,109,120,98,123,119,119,93,1673,118,97,104,110,106,111,175,133,109,95,108,108,83,108,108,1478,119,114,97,136,91,97,100,79,112,95,92,77,111,87,71,462,64,53,57,52,41,51,45,40,38,21,313,42,29,34,28,29,47,28,28,21,27,107,20,21,13,11,8,6,9,2,4,3,2,3,3,2,0,0
2021,"Brent 011","E02000103",9972,654,123,122,151,128,130,664,124,153,124,131,132,801,142,148,128,115,148,120,504,139,132,129,104,722,103,171,135,163,150,1587,211,151,157,131,151,142,174,152,150,168,2026,124,180,118,138,149,133,132,125,153,116,143,172,122,104,117,1829,159,181,194,134,112,128,148,123,126,98,83,99,99,72,73,610,59,107,60,54,61,55,67,39,42,66,405,41,39,35,40,44,30,36,33,77,30,170,37,38,17,13,14,11,11,8,6,3,4,4,1,0,0,3
2021,"Brent 012","E02000104",7504,359,57,88,66,73,75,424,102,82,84,78,78,456,70,95,66,81,70,74,320,85,84,74,77,488,75,98,80,134,101,1296,146,123,136,113,168,114,99,157,116,124,1643,142,132,108,150,104,103,112,81,107,119,109,98,88,98,92,1374,88,81,160,95,90,88,81,80,96,108,90,85,93,70,69,569,73,64,54,65,55,56,58,49,51,44,394,49,47,48,49,35,33,35,35,32,31,181,32,14,27,24,8,15,12,12,9,5,9,1,4,4,1,4
2021,"Brent 013","E02000105",9850,675,123,132,120,175,125,597,128,103,113,125,128,718,115,136,119,122,108,118,440,134,113,98,95,701,96,116,130,195,164,1726,172,137,161,170,157,184,185,182,202,176,2245,144,138,188,146,165,161,163,132,145,143,173,126,143,144,134,1650,134,129,108,114,132,110,138,118,81,99,118,106,93,82,88,623,74,64,71,64,60,64,62,56,58,50,348,43,46,32,47,24,28,35,24,42,27,127,26,19,18,13,12,12,9,8,4,0,3,2,0,1,0,0
2021,"Brent 014","E02000106",10350,638,160,137,103,105,133,706,151,129,149,150,127,753,116,132,116,136,136,117,512,145,119,119,129,801,125,140,173,180,183,1658,179,137,154,172,156,166,173,164,193,164,2263,176,176,178,160,145,142,157,160,165,123,136,136,141,130,138,1821,152,200,143,159,123,130,107,105,128,94,108,96,110,76,90,681,82,61,69,73,93,80,58,59,46,60,371,30,35,44,40,48,39,32,39,31,33,146,20,24,23,14,21,12,6,4,6,5,3,1,4,0,2,1
2021,"Brent 015","E02000107",10939,583,123,115,120,123,102,561,114,116,114,118,99,727,113,133,118,114,124,125,387,110,95,100,82,776,112,147,166,188,163,2047,190,215,172,255,216,211,188,208,177,215,2723,191,202,204,222,276,197,208,176,170,154,150,155,154,136,128,1972,169,138,222,184,138,142,154,91,126,98,96,137,81,94,102,696,74,70,87,89,58,69,55,89,62,43,339,46,49,35,44,34,28,30,30,14,29,128,21,18,15,13,11,9,9,6,6,4,5,4,4,1,2,0
2021,"Brent 016","E02000108",7260,435,81,86,84,94,90,419,105,70,80,72,92,549,103,79,102,90,90,85,378,109,89,82,98,476,70,103,98,99,106,1276,145,126,132,110,135,109,162,115,112,130,1643,131,120,128,105,121,115,124,96,95,97,101,106,98,119,87,1214,92,93,112,93,80,81,92,81,83,85,69,61,78,56,58,494,62,47,58,58,41,46,53,52,36,41,279,33,30,36,32,23,28,33,26,17,21,97,13,14,16,9,6,10,11,4,8,1,1,2,0,0,2,0
2021,"Brent 018","E02000110",8173,446,107,96,83,77,83,446,105,86,79,77,99,510,91,92,93,86,52,96,349,77,126,58,88,602,64,107,110,159,162,1449,122,151,151,159,143,159,144,147,136,137,1796,140,145,118,125,129,133,138,114,96,133,108,121,99,98,99,1477,123,103,122,106,110,128,122,90,87,87,68,80,103,70,78,605,71,68,67,58,59,62,59,52,66,43,356,49,32,47,38,57,29,30,24,25,25,137,22,21,23,19,13,10,9,5,4,1,3,1,4,1,1,0
2021,"Brent 019","E02000111",11283,698,140,153,133,150,122,708,154,111,149,141,153,843,135,160,146,134,149,119,559,136,138,147,138,795,108,142,142,165,238,1966,163,191,179,202,208,224,214,193,193,199,2632,172,174,194,213,186,151,224,173,170,170,166,197,125,148,169,1835,128,140,154,139,135,129,138,129,117,128,113,101,113,81,90,741,103,110,70,88,65,79,58,66,57,45,344,43,37,37,36,27,42,38,36,25,23,162,27,25,20,14,14,11,14,7,7,6,4,4,2,2,3,2
2021,"Brent 020","E02000112",11745,608,119,133,124,142,90,654,163,113,108,128,142,786,139,114,135,136,150,112,484,132,112,116,124,867,139,168,144,197,219,2115,187,212,195,219,201,229,249,195,212,216,2995,189,217,198,220,223,229,196,187,182,152,217,226,186,206,167,2001,162,147,158,146,137,125,146,139,136,125,144,119,128,96,93,649,85,81,79,90,69,54,46,60,46,39,383,46,36,44,40,32,42,35,35,45,28,203,29,35,22,33,23,12,11,14,3,4,3,4,5,4,0,1
2021,"Brent 021","E02000113",9637,498,99,92,80,105,122,648,109,141,117,133,148,1055,179,175,164,177,183,177,709,183,177,208,141,758,147,137,150,168,156,1273,153,120,158,126,118,123,106,121,117,131,1771,125,102,105,102,121,117,124,112,131,105,116,130,129,121,131,1907,121,153,138,126,126,142,138,136,124,119,115,151,101,113,104,610,67,78,64,52,61,55,73,39,49,72,299,33,33,25,42,33,30,28,26,19,30,109,21,16,10,16,9,11,11,8,3,2,2,0,0,0,0,0
2021,"Brent 022","E02000114",8994,469,93,108,82,93,93,404,69,80,91,93,71,527,99,89,92,89,78,80,334,87,86,74,87,666,104,130,118,140,174,1989,210,185,212,185,194,204,259,179,171,190,2212,174,217,182,131,161,157,171,122,126,147,145,158,113,106,102,1512,100,136,170,118,105,102,93,103,106,72,79,88,87,85,68,518,70,57,54,52,61,45,42,45,46,46,230,22,34,31,21,27,17,33,17,17,11,133,28,15,15,12,12,18,7,4,4,6,2,2,3,2,2,1
2021,"Brent 023","E02000115",8625,416,107,73,95,72,69,413,92,80,87,76,78,504,79,73,87,98,92,75,264,69,81,65,49,623,88,71,103,160,201,1989,176,220,209,199,225,226,230,179,141,184,1998,144,165,145,151,132,149,134,129,125,89,124,143,128,125,115,1396,106,108,103,96,101,119,125,87,88,76,77,67,86,104,53,571,66,57,57,72,61,57,58,50,51,42,311,25,46,28,30,31,23,30,32,32,34,140,36,17,13,11,8,9,5,11,6,3,9,3,3,1,1,4
2021,"Brent 024","E02000116",8543,612,104,118,136,112,142,582,122,117,109,111,123,682,110,109,103,105,130,125,443,102,114,123,104,588,100,107,134,115,132,1330,124,149,123,120,127,115,169,121,146,136,2070,158,144,141,136,142,126,139,117,142,138,104,168,132,145,138,1521,116,147,152,112,122,102,105,111,90,83,107,61,71,84,58,400,63,56,50,30,37,34,32,39,27,32,239,24,44,28,30,17,21,15,24,17,19,76,12,8,16,11,12,9,0,4,1,0,3,0,0,0,0,0
2021,"Brent 025","E02000117",12732,828,144,168,186,163,167,926,207,176,160,202,181,1299,230,182,219,188,247,233,712,177,237,159,139,882,155,149,219,189,170,1661,173,163,195,152,138,162,148,186,151,193,2768,198,217,186,179,205,188,184,177,197,149,165,178,176,186,183,2427,175,180,214,212,176,224,145,181,154,164,139,129,110,148,76,681,102,74,69,90,67,63,68,47,48,53,387,52,51,40,43,35,37,34,34,25,36,161,26,23,16,16,20,16,15,4,9,6,2,3,3,2,0,0
2021,"Brent 026","E02000118",11298,615,147,109,124,123,112,598,132,115,99,138,114,831,119,118,152,138,189,115,543,133,151,124,135,858,120,160,181,196,201,2115,186,273,211,214,192,219,225,211,214,170,2432,185,167,192,199,178,192,176,152,160,154,127,150,129,136,135,2100,178,144,174,156,134,171,144,146,143,147,136,120,116,100,91,725,116,90,79,79,71,82,46,54,61,47,342,43,35,30,37,51,26,34,25,27,34,139,18,20,25,18,16,8,11,7,1,9,2,2,0,0,0,2
2021,"Brent 027","E02000119",10619,756,120,192,135,160,149,741,157,129,128,162,165,950,139,186,181,141,153,150,586,151,185,135,115,761,140,136,145,162,178,1811,162,156,179,172,181,194,219,210,171,167,2388,217,184,223,154,161,166,217,125,126,135,141,157,118,131,133,1742,121,133,159,135,121,109,145,168,108,108,103,99,75,84,74,476,69,67,48,46,42,38,43,39,37,47,278,22,27,26,36,33,31,26,30,22,25,130,24,25,15,8,16,8,9,8,2,2,4,4,0,1,1,3
2021,"Brent 028","E02000120",9018,477,105,110,100,77,85,403,71,89,76,92,75,527,91,80,96,100,88,72,247,66,73,64,44,578,89,103,128,110,148,2109,174,223,198,278,210,209,209,219,208,181,2288,175,157,180,167,166,180,193,161,149,144,133,132,110,127,114,1511,152,100,130,101,94,120,97,109,107,109,83,79,99,69,62,493,59,46,48,51,46,45,52,57,42,47,285,30,26,40,43,30,29,25,25,22,15,100,16,27,13,8,9,12,3,2,1,4,1,0,1,1,0,2
2021,"Brent 029","E02000121",12242,776,133,176,141,169,157,761,174,118,165,137,167,858,140,107,175,147,141,148,660,177,182,161,140,889,181,132,172,194,210,2292,182,245,226,227,255,224,217,232,229,255,3021,233,222,182,213,250,243,207,201,203,177,175,187,149,184,195,1806,144,127,132,127,140,132,114,137,121,122,104,107,106,93,100,650,91,74,75,74,68,68,49,65,52,34,388,32,44,46,62,38,31,37,40,27,31,141,24,21,17,15,16,9,10,10,8,2,0,3,3,1,0,2
2021,"Brent 030","E02000122",8166,415,72,94,74,94,81,422,75,68,96,80,103,652,109,117,104,97,120,105,377,101,104,105,67,407,65,66,89,96,91,1288,120,112,141,138,119,141,133,139,114,131,1824,121,139,124,117,133,122,128,138,99,111,118,122,117,123,112,1627,126,122,109,117,135,120,151,99,91,102,113,88,93,79,82,643,81,82,56,65,81,53,68,67,44,46,343,42,42,39,40,34,29,36,21,33,27,168,36,18,26,20,12,13,11,4,8,7,3,2,3,3,2,0
2021,"Brent 031","E02000123",13580,820,176,149,153,198,144,866,152,177,153,184,200,1105,205,196,168,201,167,168,688,202,183,159,144,927,131,173,163,214,246,2088,198,256,206,188,181,206,217,232,207,197,3138,221,227,211,210,249,204,205,183,178,209,210,219,225,179,208,2658,226,254,210,215,250,205,207,185,164,153,140,111,135,100,103,722,98,94,77,92,93,69,59,43,49,48,418,57,53,34,40,26,31,55,29,53,40,150,22,23,14,15,23,20,5,6,10,4,2,3,1,0,0,2
2021,"Brent 032","E02000124",9959,670,109,159,137,119,146,541,113,102,105,116,105,626,102,124,98,90,125,87,391,106,149,74,62,581,87,99,117,116,162,1814,166,176,197,188,183,169,175,176,179,205,2509,193,173,151,170,171,176,181,167,161,158,168,170,152,156,162,1703,144,143,167,121,139,120,138,112,94,100,88,96,93,85,63,711,73,117,67,111,54,56,60,62,54,57,307,42,37,41,33,38,22,27,28,30,9,106,19,16,11,13,10,12,3,7,5,4,1,1,4,0,0,0
2021,"Brent 033","E02000125",9940,641,133,147,96,139,126,614,112,122,127,129,124,622,91,120,116,100,110,85,370,111,82,102,75,491,83,71,94,109,134,1682,138,143,156,152,175,176,198,168,202,174,2362,160,179,178,149,157,163,167,172,149,163,182,147,124,142,130,1965,147,156,133,184,152,121,155,141,113,126,118,113,115,99,92,649,82,78,72,88,68,54,62,45,54,46,376,39,43,51,36,36,30,37,32,32,40,168,24,31,17,16,15,16,9,9,6,1,7,5,2,4,5,1
2021,"Brent 034","E02000126",8202,435,90,89,65,90,101,517,109,99,102,94,113,668,120,114,101,103,104,126,413,116,110,96,91,573,116,127,95,108,127,1543,161,163,196,110,169,141,154,127,146,176,1779,119,119,125,115,105,110,125,118,119,113,123,144,100,118,126,1532,127,143,123,119,123,111,115,88,97,106,117,91,68,54,50,418,64,43,60,42,40,40,31,30,38,30,240,35,36,23,33,20,19,24,19,13,18,84,17,15,10,8,11,1,4,3,5,5,0,2,1,0,2,0
2021,"Brent 035","E02006955",7509,410,142,81,60,73,54,344,96,54,61,67,66,340,69,47,54,52,55,63,694,71,53,210,360,1074,250,199,251,178,196,2063,177,171,251,236,217,245,150,219,211,186,1594,181,156,123,137,138,89,124,81,86,101,86,68,81,77,66,721,109,58,47,78,57,44,52,38,31,53,31,54,35,14,20,134,19,18,19,8,17,12,10,12,6,13,92,14,9,9,7,8,5,13,9,8,10,43,10,15,1,2,6,2,3,1,0,2,0,0,1,0,0,0
2021,"Brent 036","E02006956",8829,442,91,90,78,76,107,468,105,71,83,102,107,536,99,98,85,81,85,88,642,68,107,153,314,1067,285,236,203,192,151,1619,185,157,154,143,162,180,151,164,182,141,1757,151,136,181,135,123,126,110,102,101,105,102,107,94,90,94,1317,81,123,110,72,83,96,85,84,78,75,70,97,96,92,75,502,65,54,62,59,52,55,44,35,41,35,365,40,45,37,42,38,35,38,38,22,30,114,18,21,12,7,8,9,12,9,3,4,3,2,2,1,2,1
2021,"Bromley 001","E02000127",9330,656,120,155,104,140,137,666,134,126,134,134,138,790,146,141,118,145,123,117,441,117,131,108,85,491,88,92,106,80,125,1250,86,85,116,125,119,133,155,156,155,120,2160,150,145,139,157,173,180,137,176,142,130,114,134,132,120,131,1688,112,131,135,122,117,152,119,117,114,101,103,123,81,79,82,647,73,72,62,56,73,63,55,64,60,69,374,53,41,38,38,36,32,37,34,41,24,167,22,14,20,18,18,20,12,15,5,6,6,3,6,1,1,0
2021,"Bromley 002","E02000128",7792,522,87,121,111,101,102,515,100,113,108,101,93,653,108,105,102,114,123,101,315,87,94,65,69,324,48,54,71,66,85,899,52,80,71,78,81,97,104,109,120,107,1728,127,110,124,129,116,136,131,135,128,110,87,99,89,94,113,1508,102,99,116,112,119,99,104,111,103,97,104,106,68,78,90,714,79,69,59,63,63,73,59,82,82,85,444,55,50,57,49,43,38,38,37,43,34,170,29,34,15,22,15,15,12,8,4,2,7,4,3,0,0,0
2021,"Bromley 004","E02000130",8430,546,114,101,125,115,91,522,125,101,93,113,90,537,110,100,93,76,84,74,285,77,83,67,58,356,62,47,75,71,101,1263,98,83,119,108,135,117,137,153,163,150,2223,167,152,159,164,157,173,117,131,152,135,124,201,132,129,130,1527,127,114,106,117,103,108,107,129,120,86,101,84,68,90,67,656,74,61,62,68,69,56,54,71,60,81,390,54,51,41,37,79,29,25,26,31,17,125,20,22,11,17,13,13,6,7,6,1,1,3,2,2,0,1
2021,"Bromley 005","E02000131",10478,780,198,204,149,97,132,519,113,92,113,105,96,552,113,99,84,82,92,82,380,131,71,122,56,383,54,64,80,93,92,2415,132,174,208,217,267,270,264,282,319,282,3098,253,271,266,244,211,197,170,257,168,176,189,165,168,159,204,1649,164,139,182,132,120,105,109,141,102,80,86,74,76,74,65,447,52,44,54,43,44,41,38,59,36,36,193,26,26,25,22,24,19,12,12,20,7,62,11,10,8,8,6,2,5,0,3,2,5,0,1,1,0,0
2021,"Bromley 006","E02000132",9840,639,152,137,121,128,101,484,96,116,90,95,87,481,116,79,65,80,71,70,241,68,73,61,39,327,52,59,60,73,83,1949,115,148,153,191,195,240,222,257,224,204,2712,199,187,225,213,200,220,191,198,198,154,141,148,154,134,150,1534,149,117,134,105,104,115,107,116,99,86,98,92,84,74,54,796,73,57,78,87,80,80,73,84,79,105,454,71,63,42,43,45,39,49,38,35,29,223,29,27,23,20,23,27,21,13,8,9,8,4,3,4,3,1
2021,"Bromley 007","E02000133",10745,561,106,113,120,115,107,652,118,104,143,133,154,841,136,160,132,151,127,135,433,145,133,102,53,389,47,76,80,110,76,1057,96,95,99,104,96,100,112,105,130,120,2365,110,136,146,129,146,138,148,198,167,194,161,163,187,174,168,2242,162,169,169,157,168,198,147,164,145,145,156,120,106,117,119,1054,121,116,103,94,103,94,90,111,110,112,715,82,95,95,84,63,56,54,64,59,63,436,69,69,48,54,45,29,33,31,13,11,8,6,7,6,3,4
2021,"Bromley 008","E02000134",11755,791,190,151,152,159,139,713,154,150,149,134,126,806,152,150,129,115,127,133,355,102,120,87,46,543,56,72,151,150,114,2016,180,155,164,203,190,208,218,234,237,227,2915,222,201,207,229,219,224,168,183,199,179,175,178,183,191,157,2067,161,181,166,160,163,145,144,123,131,119,128,121,102,119,104,850,87,98,84,96,62,81,106,78,75,83,484,58,61,58,64,50,49,50,41,30,23,215,25,23,16,32,28,19,11,13,15,10,5,6,3,1,1,7
2021,"Bromley 009","E02000135",9866,612,122,125,130,125,110,578,132,119,105,102,120,708,122,140,123,98,120,105,512,136,131,118,127,540,94,94,100,117,135,1701,137,129,162,143,199,162,177,196,224,172,2339,186,168,196,169,212,147,152,145,132,126,153,136,128,150,139,1867,157,158,147,155,136,138,130,130,133,118,103,90,107,91,74,573,86,74,69,55,59,56,51,31,44,48,278,39,25,35,33,28,27,19,24,22,26,158,25,20,14,16,14,9,15,6,9,6,4,4,7,4,1,4
2021,"Bromley 010","E02000136",5733,325,54,67,56,69,79,334,64,68,62,69,71,426,72,67,73,67,82,65,250,70,69,63,48,295,54,61,43,46,91,592,44,42,68,55,55,62,69,65,75,57,1076,66,68,66,69,90,74,80,84,70,56,53,81,62,72,85,1162,75,64,86,83,84,77,89,81,95,77,89,82,75,59,46,524,56,41,52,42,59,45,42,60,70,57,466,58,63,40,43,43,33,43,44,53,46,283,29,27,37,36,23,30,25,10,13,14,14,4,9,6,3,3
2021,"Bromley 011","E02000137",8401,494,98,91,89,99,117,498,101,91,98,97,111,587,130,95,106,91,80,85,252,75,78,57,42,291,38,52,44,70,87,1067,74,75,110,97,94,100,122,114,155,126,2007,158,123,144,130,135,127,154,131,141,118,144,144,116,118,124,1534,109,124,129,109,111,117,115,120,100,90,99,83,86,70,72,816,79,68,80,78,68,81,86,92,101,83,555,69,88,66,48,63,52,41,43,48,37,300,52,32,39,33,23,20,24,15,25,14,4,9,4,2,2,2
2021,"Bromley 012","E02000138",8501,476,76,117,68,117,98,382,73,84,76,78,71,411,72,69,61,71,75,63,207,58,67,45,37,281,32,42,67,63,77,1036,82,82,106,87,97,114,116,122,120,110,2031,129,157,131,137,156,170,146,168,104,130,118,143,122,104,116,1673,133,105,104,142,126,119,121,121,101,105,105,91,101,106,93,900,95,85,77,83,80,95,92,84,85,124,730,86,97,99,73,63,55,82,58,67,50,374,60,46,48,40,42,22,38,14,19,15,9,3,9,2,4,3
2021,"Bromley 013","E02000139",7710,527,93,110,100,116,108,512,121,90,93,97,111,534,93,96,99,97,71,78,267,79,76,61,51,283,28,45,51,66,93,1067,66,66,100,94,111,105,122,130,124,149,2130,154,150,173,120,138,135,140,156,140,157,152,133,127,127,128,1467,118,117,96,103,112,107,93,96,83,102,97,86,95,78,84,560,59,74,59,53,61,41,51,49,54,59,263,36,36,22,28,32,31,15,18,23,22,100,16,13,12,10,12,6,12,6,6,2,1,2,2,0,0,0
2021,"Bromley 014","E02000140",8678,667,90,123,162,133,159,614,103,120,117,137,137,813,138,149,138,124,133,131,481,118,123,112,128,538,98,95,121,118,106,1155,103,115,99,109,123,129,124,119,115,119,1795,122,117,131,129,110,120,124,115,137,115,108,107,122,117,121,1579,115,128,125,120,127,123,133,105,117,90,95,92,71,69,69,578,67,63,57,44,60,60,53,64,48,62,326,42,35,44,39,30,34,33,22,29,18,132,16,20,16,17,9,8,10,9,7,6,4,3,1,4,0,2
2021,"Bromley 015","E02000141",7225,523,109,94,113,105,102,423,90,81,80,88,84,460,90,85,65,70,80,70,267,77,73,68,49,316,53,52,64,67,80,1065,81,75,97,78,110,107,150,105,125,137,1919,137,126,130,160,161,124,154,144,119,106,124,108,99,120,107,1389,123,114,126,97,97,97,112,114,87,71,72,73,79,61,66,487,55,64,51,54,42,40,54,48,42,37,275,38,38,25,27,28,28,24,19,21,27,101,18,11,14,16,7,6,9,5,4,3,2,2,2,0,0,2
2021,"Bromley 016","E02000142",8814,514,133,95,96,80,110,578,120,115,125,103,115,717,131,123,128,126,123,86,356,104,114,77,61,381,53,63,79,86,100,1081,95,97,100,116,104,93,117,101,138,120,1962,121,124,107,128,129,131,168,145,136,118,109,161,110,145,130,1745,137,175,136,137,140,113,123,109,114,113,117,89,89,60,93,780,67,70,87,79,77,72,86,76,78,88,475,38,73,48,59,49,36,42,47,49,34,225,20,31,30,25,21,20,19,7,16,4,6,7,6,4,5,4
2021,"Bromley 018","E02000144",10057,641,123,149,117,135,117,661,122,129,131,139,140,654,126,101,98,117,109,103,300,89,84,72,55,383,53,56,82,83,109,1824,101,142,171,159,186,169,236,197,222,241,2560,234,184,216,183,208,165,180,172,148,159,159,138,137,154,123,1670,140,110,113,130,120,117,119,130,130,106,109,105,77,87,77,682,69,54,63,80,57,60,59,87,73,80,479,61,63,53,53,55,50,49,32,35,28,203,25,30,20,32,19,19,19,9,5,11,3,1,4,4,1,1
2021,"Bromley 019","E02000145",8825,671,131,153,127,117,143,750,165,131,149,164,141,725,129,127,128,120,110,111,412,110,89,114,99,430,76,75,87,89,103,1232,102,131,120,121,119,130,139,139,114,117,1876,146,149,147,133,120,138,113,133,109,117,115,121,117,99,119,1601,130,104,136,121,138,97,125,119,117,95,118,90,65,75,71,617,75,65,56,67,57,49,64,50,62,72,386,40,51,48,43,40,28,45,39,27,25,125,25,13,18,18,11,11,11,9,3,0,5,1,0,0,0,0
2021,"Bromley 020","E02000146",9701,668,124,136,141,134,133,629,130,136,122,111,130,672,116,127,98,118,107,106,349,95,119,69,66,393,57,67,92,91,86,1369,94,103,106,137,119,135,145,170,187,173,2414,143,154,197,170,178,165,180,179,168,148,148,175,153,133,123,1767,152,115,117,137,133,144,126,125,127,116,100,110,98,89,78,653,79,74,60,63,59,69,54,61,64,70,469,53,57,49,51,38,50,54,49,33,35,318,44,44,34,39,30,31,17,14,20,11,11,5,10,3,2,3
2021,"Bromley 021","E02000147",8191,426,74,78,78,87,109,515,106,113,97,104,95,686,133,123,120,97,109,104,379,113,117,96,53,376,56,66,82,99,73,668,97,77,64,60,88,52,54,45,65,66,1609,89,93,75,87,110,105,124,128,122,101,115,122,112,99,127,1790,136,118,115,123,110,143,131,131,110,127,138,93,119,113,83,927,99,70,70,94,91,92,83,93,118,117,561,75,75,60,60,62,37,49,61,44,38,254,30,36,34,31,21,28,21,11,11,12,7,2,3,2,2,3
2021,"Bromley 022","E02000148",6718,364,49,71,82,79,83,443,87,84,89,108,75,508,97,78,90,85,87,71,261,81,76,71,33,260,37,45,56,61,61,595,58,68,49,46,55,52,56,67,85,59,1413,76,71,81,86,99,111,109,91,85,93,117,99,103,98,94,1381,84,107,90,100,99,93,98,104,81,90,103,81,94,85,72,749,63,67,81,74,79,70,94,68,85,68,537,69,72,61,64,50,42,47,62,41,29,207,28,35,26,17,23,16,14,16,9,10,2,6,4,0,1,0
2021,"Bromley 023","E02000149",8161,530,111,106,95,108,110,520,110,115,83,110,102,616,107,96,119,96,101,97,358,84,100,102,72,450,59,98,91,107,95,1116,97,89,114,109,104,108,128,126,125,116,1708,104,116,129,144,121,127,135,110,96,88,104,109,107,128,90,1631,120,92,133,120,140,114,111,114,86,120,117,113,77,90,84,661,68,68,65,72,54,64,49,64,87,70,389,47,43,37,42,43,34,44,35,29,35,182,28,28,24,21,20,19,11,10,4,5,4,2,2,1,3,0
2021,"Bromley 024","E02000150",8509,393,63,68,91,82,89,562,105,100,108,118,131,816,148,173,136,107,133,119,358,104,110,82,62,438,65,83,85,95,110,810,109,73,64,74,83,66,71,85,94,91,1770,82,85,91,106,117,129,122,139,131,114,146,107,123,143,135,1936,134,129,148,140,145,150,132,167,124,131,114,109,104,103,106,749,79,72,69,79,60,62,76,70,93,89,453,60,53,61,47,48,32,39,43,37,33,224,32,24,26,29,24,24,19,16,16,7,5,1,0,0,0,1
2021,"Bromley 025","E02000151",7543,482,69,88,112,98,115,515,107,109,105,99,95,542,97,77,108,78,96,86,247,86,72,55,34,249,38,45,64,52,50,628,57,43,56,56,56,63,63,67,70,97,1667,81,106,93,109,128,113,133,118,109,106,103,120,121,123,104,1515,103,121,119,103,112,100,95,100,109,113,102,83,90,86,79,831,98,76,82,71,82,76,81,90,81,94,636,89,83,80,60,65,57,52,45,50,55,231,38,23,29,29,22,24,19,10,8,8,7,6,4,2,0,2
2021,"Bromley 026","E02000152",7970,537,96,96,106,129,110,633,147,121,113,128,124,664,116,120,127,100,105,96,391,140,98,87,66,394,65,68,99,78,84,1007,89,78,95,115,93,95,97,98,116,131,1812,118,129,137,131,129,132,112,87,124,120,113,129,124,126,101,1420,100,122,101,114,111,103,102,105,87,104,92,84,57,62,76,571,76,49,55,61,46,56,53,55,56,64,331,53,45,37,33,31,22,28,21,29,32,210,29,29,27,25,26,12,12,12,4,9,8,7,3,1,2,4
2021,"Bromley 027","E02000153",8104,397,58,60,83,89,107,552,107,104,104,107,130,777,141,114,144,139,118,121,386,108,125,91,62,394,68,71,98,83,74,619,76,62,61,62,59,45,47,61,70,76,1731,74,99,90,92,140,119,115,119,121,136,117,110,125,141,133,1738,158,136,120,119,135,122,139,118,120,104,115,95,93,76,88,827,65,68,67,82,71,90,89,89,103,103,485,65,74,58,53,37,53,38,38,38,31,198,43,21,25,33,13,13,12,11,12,7,5,1,1,0,0,1
2021,"Bromley 028","E02000154",8525,487,92,95,98,96,106,507,105,109,90,101,102,553,92,94,86,96,89,96,290,92,87,71,40,396,60,63,76,98,99,1242,94,99,125,126,118,130,146,133,140,131,1804,122,114,129,129,154,129,150,118,114,113,113,97,104,121,97,1599,121,106,111,128,127,109,114,120,88,96,89,88,109,90,103,841,99,93,85,79,65,77,84,94,89,76,563,72,77,77,79,47,43,41,51,38,38,243,33,36,29,27,27,26,18,18,8,5,3,3,3,1,0,6
2021,"Bromley 029","E02000155",7155,366,73,72,81,76,64,339,86,56,62,72,63,475,93,84,68,83,78,69,277,83,71,70,53,305,58,56,56,70,65,803,67,63,73,80,68,89,89,97,90,87,1282,107,88,89,86,73,87,102,62,69,93,83,74,93,98,78,1602,110,95,127,109,134,100,100,110,105,99,120,109,93,105,86,802,76,82,85,63,88,71,71,95,84,87,639,89,75,68,70,54,46,56,68,55,58,265,37,43,47,29,32,18,15,19,3,8,4,7,1,1,1,0
2021,"Bromley 030","E02000156",12291,552,82,97,110,141,122,716,132,143,114,168,159,951,171,147,156,158,180,139,530,174,137,121,98,550,77,100,107,140,126,1072,118,106,122,93,97,102,112,107,99,116,2298,120,136,113,137,144,158,186,170,172,152,140,167,164,168,171,2717,170,178,172,182,209,199,186,201,186,170,164,173,190,183,154,1388,152,157,129,110,134,144,130,124,162,146,963,131,129,92,119,73,84,92,91,77,75,554,75,75,51,75,51,53,40,32,39,18,12,14,8,5,2,4
2021,"Bromley 031","E02000157",8365,373,57,60,81,84,91,556,93,108,109,114,132,692,122,118,108,126,107,111,366,119,110,86,51,391,75,62,78,85,91,703,78,81,55,66,62,52,83,64,81,81,1688,95,85,93,115,106,109,124,135,114,121,100,113,124,117,137,1681,119,103,131,108,122,135,127,115,119,113,100,106,111,85,87,900,76,97,83,78,93,83,80,94,102,114,674,89,82,73,81,47,62,54,53,68,65,341,47,41,42,31,52,35,28,25,15,9,8,2,3,1,1,1
2021,"Bromley 032","E02000158",7782,478,111,89,80,90,108,514,105,120,93,97,99,670,107,102,116,121,115,109,389,103,125,95,66,353,69,70,63,73,78,752,64,51,79,77,62,82,79,94,82,82,1525,112,99,115,98,98,99,121,138,105,109,78,86,96,76,95,1531,105,120,122,117,115,110,133,113,97,89,96,81,76,81,76,743,62,78,65,68,59,76,80,70,92,93,559,79,85,59,56,62,41,53,33,37,54,268,35,28,40,33,32,17,18,10,15,14,11,6,0,4,1,4
2021,"Bromley 033","E02000159",7123,309,56,43,70,71,69,354,62,67,72,74,79,548,83,86,102,80,103,94,346,107,91,93,55,350,50,48,84,80,88,678,72,69,66,56,60,75,62,68,75,75,1252,64,82,71,58,77,81,73,97,90,78,82,93,88,98,120,1628,109,104,108,132,136,126,104,143,111,101,101,93,90,93,77,887,67,74,77,99,93,76,88,114,92,107,522,60,60,65,54,37,52,50,49,47,48,249,34,37,39,31,15,26,21,17,8,4,3,3,4,2,3,2
2021,"Bromley 034","E02000160",8104,340,45,68,53,86,88,468,80,82,89,103,114,764,105,137,137,123,130,132,374,110,105,96,63,435,74,97,82,88,94,631,65,75,68,63,57,48,52,56,72,75,1563,71,72,75,80,84,97,94,129,130,122,105,115,109,134,146,1826,119,126,129,142,139,132,130,139,122,142,131,101,85,90,99,893,100,97,71,68,80,92,76,98,113,98,542,62,68,70,59,45,49,52,54,41,42,268,37,38,31,22,30,19,21,20,13,5,11,4,4,3,4,6
2021,"Bromley 035","E02000161",8690,452,58,79,99,99,117,631,118,126,125,135,127,703,115,111,108,128,109,132,387,119,118,74,76,355,57,61,71,76,90,801,83,80,66,74,70,63,93,88,83,101,1995,85,127,130,154,135,156,153,172,136,110,134,125,121,117,140,1661,116,116,128,108,130,122,115,115,96,112,107,108,89,105,94,888,89,90,78,70,76,95,95,90,104,101,582,64,79,75,72,53,46,53,54,44,42,235,51,28,26,29,21,21,10,14,9,5,6,3,3,7,0,2
2021,"Bromley 036","E02000162",7119,298,53,59,53,56,77,448,74,83,82,100,109,586,97,109,90,109,83,98,299,89,79,78,53,315,57,53,53,72,80,697,54,78,84,70,66,68,84,60,72,61,1355,63,72,67,88,98,99,99,101,81,93,92,117,90,91,104,1381,100,87,113,117,112,91,105,110,91,99,83,70,77,61,65,783,73,53,80,78,87,84,64,73,106,85,612,71,73,65,65,51,58,77,62,51,39,345,49,57,41,25,29,29,24,20,15,8,17,9,6,4,6,6
2021,"Bromley 037","E02000163",7707,386,67,73,75,79,92,480,84,104,88,90,114,549,86,104,80,97,84,98,330,109,90,84,47,330,44,79,70,69,68,707,73,50,65,68,59,65,81,74,87,85,1550,89,86,103,96,125,97,91,112,103,110,110,113,114,89,112,1631,134,98,103,129,101,129,104,110,102,102,107,112,95,96,109,900,100,98,85,79,78,93,79,77,122,89,590,65,70,68,87,63,37,62,53,50,35,254,43,41,31,27,22,25,21,18,6,5,4,4,3,1,0,3
2021,"Bromley 039","E02000165",7181,407,75,75,85,77,95,438,80,71,102,86,99,546,81,105,90,89,94,87,346,103,94,81,68,375,65,68,75,84,83,835,63,77,63,87,77,98,109,96,80,85,1432,107,102,109,102,91,107,94,76,72,92,80,94,85,111,110,1473,96,89,98,116,108,131,98,112,88,91,121,82,94,70,79,789,79,79,86,71,66,71,73,86,98,80,416,59,59,66,50,42,24,35,33,25,23,124,25,20,19,12,11,12,7,5,1,2,3,4,0,0,2,1
2021,"Bromley 040","E02006782",8124,483,94,82,108,100,99,520,89,113,113,88,117,620,117,112,93,94,101,103,333,97,90,75,71,404,70,60,81,89,104,947,92,92,79,84,91,89,94,92,113,121,1726,137,117,111,104,145,107,124,106,100,100,110,96,128,119,122,1641,122,104,136,118,103,112,131,128,96,96,117,109,81,99,89,753,84,65,70,69,74,74,84,66,82,85,470,64,43,52,60,41,52,46,36,39,37,227,39,28,32,28,28,15,12,15,5,7,5,5,1,3,3,1
2021,"Bromley 041","E02006787",7902,521,100,94,105,113,109,524,104,92,117,102,109,699,139,125,111,101,107,116,312,94,102,72,44,308,43,65,71,74,55,797,70,76,81,74,65,73,77,87,88,106,1975,120,132,125,105,125,140,134,135,140,128,144,125,136,150,136,1556,121,115,106,105,138,113,107,112,104,89,96,91,96,90,73,690,78,71,58,65,68,77,60,63,74,76,345,44,51,34,33,47,26,23,37,29,21,175,27,24,16,24,19,9,14,5,8,6,4,8,5,1,1,4
2021,"Bromley 042","E02006789",6777,299,53,44,67,71,64,359,69,75,77,75,63,450,70,69,91,71,82,67,291,85,67,83,56,303,48,57,51,70,77,607,56,62,40,63,81,63,55,55,64,68,1071,72,53,65,71,68,68,86,68,68,76,63,82,85,74,72,1515,100,98,85,98,118,109,107,117,84,99,98,108,98,99,97,931,76,76,72,86,76,84,103,103,108,147,706,81,102,76,86,67,53,55,54,55,77,245,42,31,34,31,32,24,22,7,0,7,5,1,3,2,1,3
2021,"Camden 001","E02000166",7750,327,61,75,68,66,57,347,56,56,78,71,86,543,85,77,101,102,96,82,374,107,107,89,71,409,61,62,76,94,116,1128,121,123,108,124,97,112,113,129,97,104,1530,114,103,92,89,113,101,96,107,99,87,116,95,79,111,128,1660,121,103,135,98,128,127,124,116,97,115,114,96,97,93,96,805,96,81,78,64,76,74,79,92,97,68,467,64,68,49,39,45,49,39,48,37,29,160,23,24,22,17,18,17,13,9,4,1,2,4,4,2,0,0
2021,"Camden 002","E02000167",7190,345,71,71,68,56,79,407,75,91,72,83,86,444,85,78,66,83,69,63,240,76,63,60,41,295,37,36,55,91,76,1049,80,79,99,109,105,114,109,117,133,104,1680,104,115,107,117,102,103,112,122,114,105,118,117,123,104,117,1411,129,116,134,101,99,90,82,109,99,62,83,80,88,71,68,647,57,64,66,55,57,71,63,56,81,77,489,70,74,47,53,49,50,53,33,27,33,183,35,33,15,18,17,7,17,5,9,4,10,10,0,0,2,1
2021,"Camden 003","E02000168",7809,351,74,60,70,72,75,360,63,58,84,67,88,481,75,90,108,67,80,61,291,81,91,59,60,545,72,76,89,139,169,1570,163,179,182,162,178,152,160,150,117,127,1703,101,146,122,102,100,115,115,144,113,98,114,109,128,97,99,1460,119,120,95,97,115,107,108,101,101,109,82,87,79,72,68,603,84,66,63,69,56,53,41,64,45,62,322,52,35,46,45,37,31,15,25,21,15,123,21,20,19,13,10,8,10,6,4,4,3,2,2,0,0,1
2021,"Camden 004","E02000169",7172,448,83,103,80,86,96,426,101,67,81,91,86,545,85,104,96,80,85,95,294,98,97,60,39,290,37,49,54,75,75,1011,82,88,87,90,130,96,105,99,109,125,1730,95,115,119,100,126,118,127,144,116,105,112,107,128,112,106,1307,125,107,101,110,101,120,80,89,71,84,65,82,56,55,61,534,52,55,52,51,53,54,51,44,55,67,435,67,53,60,52,27,32,43,33,31,37,152,19,14,25,19,12,14,10,14,5,7,8,2,0,1,2,0
2021,"Camden 005","E02000170",7917,415,68,95,78,84,90,403,74,72,81,79,97,518,91,85,102,79,92,69,290,86,76,68,60,499,62,72,92,118,155,1622,166,164,184,167,177,160,170,154,154,126,1966,163,170,111,121,140,122,127,122,125,149,104,150,122,128,112,1236,123,98,80,96,112,103,75,92,97,67,65,48,57,59,64,540,40,57,52,60,62,52,57,51,60,49,326,40,46,36,41,29,28,30,26,27,23,102,16,18,11,14,6,8,11,4,6,3,2,3,0,0,0,0
2021,"Camden 006","E02000171",7393,354,70,53,73,79,79,381,84,69,76,86,66,445,85,76,67,70,79,68,279,78,75,72,54,435,72,66,92,85,120,1427,134,144,148,147,155,133,147,134,147,138,1651,122,122,132,123,108,94,127,100,98,105,102,115,96,106,101,1356,100,121,98,98,91,77,111,89,81,86,80,92,86,87,59,607,69,54,52,57,48,88,67,63,63,46,333,50,63,34,34,31,23,30,23,28,17,125,24,19,9,10,9,12,11,8,7,1,5,3,3,1,0,3
2021,"Camden 007","E02000172",10005,524,100,95,118,102,109,564,112,117,116,106,113,745,131,109,137,135,113,120,617,119,145,157,196,846,154,162,176,182,172,1949,209,185,226,185,180,201,227,211,166,159,2044,160,144,154,143,146,154,142,136,114,142,121,125,121,109,133,1642,116,116,150,119,106,131,133,123,114,92,101,86,80,87,88,597,84,60,67,49,66,55,55,45,63,53,338,35,42,46,29,31,36,40,23,22,34,139,14,16,15,10,19,14,12,10,6,7,3,5,3,2,2,1
2021,"Camden 008","E02000173",7493,465,99,97,103,73,93,439,87,96,97,79,80,417,75,93,67,53,69,60,213,51,57,61,44,428,59,74,70,111,114,1557,137,124,162,147,166,164,158,207,157,135,1960,174,145,152,114,150,146,139,132,125,119,111,122,122,111,98,1094,100,110,107,92,76,86,66,52,75,62,49,52,59,52,56,442,43,40,46,46,36,43,47,54,45,42,347,43,47,41,46,31,30,24,31,27,27,131,19,16,10,15,17,14,15,10,5,4,3,1,1,0,0,1
2021,"Camden 009","E02000174",8088,370,73,76,69,84,68,419,77,82,83,88,89,537,94,96,83,84,93,87,363,92,81,85,105,766,137,151,163,155,160,1711,178,185,180,166,158,193,168,180,175,128,1633,130,126,143,123,123,110,115,114,103,99,90,88,78,103,88,1397,104,100,106,116,128,113,116,87,87,80,85,81,68,64,62,511,64,50,56,67,49,41,46,53,37,48,298,48,39,44,28,20,23,26,31,25,14,83,19,10,8,5,8,8,5,4,5,3,1,1,3,0,1,2
2021,"Camden 010","E02000175",9088,445,107,95,93,69,81,331,78,56,67,63,67,427,70,61,76,74,73,73,381,75,85,120,101,726,114,135,93,175,209,2571,242,286,295,259,268,286,226,262,216,231,2152,207,197,184,155,162,161,130,154,123,104,104,120,123,110,118,1217,106,85,100,98,108,98,78,93,68,71,73,56,54,69,60,496,61,56,47,59,42,45,53,39,39,55,272,28,46,31,29,28,24,20,26,19,21,70,9,19,6,7,8,9,3,5,0,0,2,1,0,1,0,0
2021,"Camden 011","E02000176",5915,336,82,66,57,65,66,309,59,62,65,46,77,301,69,47,55,52,40,38,135,49,26,41,19,258,23,31,42,72,90,1217,101,117,103,91,127,139,150,141,127,121,1603,129,100,132,136,111,107,118,120,106,98,91,107,89,75,84,1008,79,83,84,101,87,75,74,70,56,72,49,40,49,34,55,396,57,45,35,37,39,31,35,40,38,39,243,31,30,31,33,25,22,24,14,14,19,109,9,15,17,11,4,15,7,7,4,4,6,5,3,0,2,0
2021,"Camden 012","E02000177",8481,428,85,79,90,91,83,405,71,81,86,89,78,555,98,90,84,95,99,89,417,103,103,97,114,791,142,169,164,146,170,1710,157,190,197,164,162,172,175,173,165,155,1780,146,146,128,131,139,119,118,109,105,104,125,111,110,94,95,1354,114,89,111,99,119,99,109,92,80,81,87,80,60,67,67,541,62,57,51,62,44,40,68,49,51,57,337,47,36,40,36,27,25,40,40,25,21,163,37,20,14,19,11,11,12,8,9,4,5,8,2,0,1,2
2021,"Camden 013","E02000178",8902,481,114,102,97,95,73,366,93,63,73,66,71,445,72,91,67,70,86,59,298,86,66,69,77,697,115,106,123,155,198,2401,226,265,262,237,283,241,248,225,209,205,2048,185,176,162,157,149,164,129,126,105,136,122,106,116,113,102,1332,111,103,94,107,106,112,99,98,90,88,65,84,56,55,64,502,49,55,52,38,57,49,48,49,54,51,251,34,42,32,27,24,19,14,25,18,16,81,11,13,13,11,10,8,7,3,3,1,1,0,0,0,0,0
2021,"Camden 014","E02000179",5750,284,63,62,48,51,60,319,77,52,57,65,68,424,65,73,82,67,62,75,266,79,66,66,55,363,71,69,71,76,76,1023,107,91,82,102,109,93,113,113,90,123,1289,106,97,86,89,77,83,75,101,79,85,86,80,94,66,85,993,75,82,84,70,74,66,77,66,61,67,53,66,48,53,51,418,45,35,45,46,38,39,42,41,40,47,255,37,30,25,23,25,23,21,18,35,18,116,21,14,9,12,15,14,10,5,4,2,5,2,1,0,1,1
2021,"Camden 015","E02000180",7873,328,68,59,71,63,67,336,70,63,56,76,71,472,82,88,83,72,76,71,318,68,69,69,112,982,198,218,164,205,197,1826,171,202,176,206,161,198,219,169,158,166,1598,143,134,123,128,123,90,111,103,92,97,92,95,88,85,94,1232,106,99,101,102,79,97,82,89,65,63,80,62,67,72,68,455,45,53,51,64,37,40,49,43,40,33,249,43,29,37,33,16,17,20,25,14,15,77,13,5,10,11,8,8,6,5,2,2,2,2,0,3,0,0
2021,"Camden 016","E02000181",8081,460,101,99,95,95,70,361,81,80,66,66,68,411,69,66,74,68,61,73,217,62,50,56,49,509,69,86,85,128,141,2138,173,209,205,231,246,218,207,227,206,216,2013,164,174,170,138,168,143,128,121,124,134,120,119,106,102,102,1166,100,107,98,100,99,79,73,63,68,58,82,57,69,53,60,456,50,49,47,50,49,46,33,48,36,48,248,33,44,29,34,19,22,21,18,13,15,102,15,11,15,8,10,11,3,4,6,7,1,2,1,2,4,2
2021,"Camden 017","E02000182",7115,457,89,105,94,82,87,419,99,78,86,79,77,454,69,77,77,86,75,70,291,83,80,58,70,490,75,81,100,112,122,1361,124,145,146,135,113,140,156,132,140,130,1726,139,135,122,144,96,141,132,113,116,122,77,105,90,84,110,1084,102,94,90,77,87,83,64,60,68,61,75,54,68,53,48,397,32,59,33,44,34,42,34,40,40,39,270,32,32,36,28,32,19,23,26,20,22,166,25,14,17,13,19,9,15,4,15,17,7,4,1,2,0,4
2021,"Camden 018","E02000183",7588,387,86,71,77,76,77,337,54,84,59,72,68,420,62,60,82,80,68,68,276,78,67,65,66,522,103,89,93,104,133,1477,145,156,163,110,162,151,168,148,135,139,1525,114,111,113,115,103,95,103,111,92,84,101,101,89,100,93,1443,122,113,112,87,109,105,87,105,88,103,88,97,93,79,55,631,70,73,53,68,62,70,57,55,51,72,424,66,49,49,38,42,39,39,41,30,31,146,21,27,19,8,8,14,12,17,8,1,3,0,1,2,4,1
2021,"Camden 019","E02000184",8907,373,80,85,88,61,59,364,63,70,75,76,80,424,55,78,74,67,79,71,740,87,89,223,341,1377,315,291,266,287,218,1930,236,241,211,203,184,186,185,166,155,163,1706,150,149,142,121,113,139,118,110,116,91,81,102,87,89,98,1287,98,101,99,94,83,86,90,97,81,94,69,72,77,76,70,414,58,50,33,47,38,52,30,38,32,36,216,33,29,30,24,18,13,17,21,15,16,76,12,10,14,12,3,7,6,6,2,1,2,0,1,0,0,0
2021,"Camden 020","E02000185",8885,468,85,89,105,90,99,506,90,91,94,114,117,645,103,115,109,108,108,102,451,137,119,96,99,626,100,109,122,137,158,1727,173,181,186,173,158,167,203,158,172,156,1891,149,134,134,153,112,141,126,108,116,106,126,122,113,125,126,1452,118,116,119,105,128,125,99,97,90,96,95,69,77,60,58,637,66,68,74,79,42,49,71,65,67,56,347,55,30,39,43,38,33,30,32,26,21,135,15,21,13,20,9,9,5,13,5,4,9,4,4,1,2,1
2021,"Camden 021","E02000186",6228,233,41,55,49,52,36,235,42,43,45,58,47,320,49,61,45,65,48,52,281,47,46,59,129,920,235,206,169,168,142,1437,157,146,171,145,163,135,163,129,119,109,1188,86,108,99,82,95,85,82,80,62,70,69,101,55,64,50,970,80,75,69,71,68,67,72,63,71,79,60,61,49,49,36,349,42,39,35,35,42,32,28,37,31,28,211,32,25,20,30,23,21,14,16,19,11,84,16,17,7,8,2,7,4,7,7,2,0,0,2,0,3,2
2021,"Camden 022","E02000187",9780,500,99,102,88,110,101,544,93,95,111,123,122,753,117,129,144,130,121,112,690,128,129,157,276,1459,336,308,308,265,242,1812,203,192,180,210,166,186,169,185,154,167,1754,167,123,114,139,135,106,111,100,112,121,110,96,101,120,99,1421,100,109,118,93,129,102,95,96,96,92,87,89,82,68,65,510,57,48,68,65,52,56,49,36,41,38,253,34,33,29,33,18,28,27,19,15,17,84,16,11,7,11,10,10,6,5,2,2,1,1,1,0,1,0
2021,"Camden 023","E02000188",7177,352,68,59,78,77,70,368,75,71,77,64,81,528,80,97,73,85,84,109,671,112,84,199,276,966,278,197,156,166,169,1179,144,112,111,138,112,128,108,123,104,99,1292,98,105,83,86,79,88,100,81,71,83,80,85,97,60,96,1177,93,84,89,101,92,112,91,79,76,89,71,40,67,47,46,364,58,44,34,48,31,37,30,28,28,26,194,20,21,20,22,22,28,20,16,12,13,86,18,7,12,8,7,13,6,3,1,1,3,1,3,0,3,0
2021,"Camden 026","E02000191",5327,112,24,23,28,17,20,98,22,20,13,24,19,106,26,19,18,18,14,11,1123,27,32,422,642,1048,347,203,189,170,139,1023,117,118,105,138,105,101,99,84,89,67,744,73,63,70,51,39,51,42,49,46,41,46,49,50,39,35,634,41,49,53,48,30,35,44,43,47,49,37,44,35,44,35,226,31,24,29,24,15,19,23,24,15,22,153,26,13,21,15,13,16,14,13,16,6,60,5,8,7,7,14,2,4,4,4,3,2,0,0,0,0,0
2021,"Camden 027","E02000192",6664,255,43,41,50,57,64,307,73,54,53,62,65,359,66,61,58,49,66,59,314,77,69,63,105,777,150,143,160,164,160,1336,155,150,153,156,126,108,135,132,119,102,1332,92,124,74,81,105,85,83,98,79,78,86,93,85,83,86,1222,101,67,79,102,83,115,92,87,90,74,80,65,62,70,55,470,57,48,50,51,53,40,46,44,45,36,216,24,36,25,32,14,22,22,14,17,10,76,17,12,9,8,7,7,1,4,2,1,3,1,1,0,0,3
2021,"Camden 028","E02000193",5955,155,30,30,32,26,37,135,30,36,24,21,24,170,32,27,24,27,31,29,350,28,47,77,198,1104,272,240,211,203,178,1235,158,141,129,161,128,116,108,93,99,102,1023,78,90,81,59,74,84,55,68,66,60,63,64,52,72,57,1038,84,71,66,84,61,86,74,72,76,69,72,68,49,57,49,430,49,49,41,38,42,49,46,27,49,40,232,34,33,35,28,23,20,21,15,14,9,83,13,11,16,13,5,5,3,5,6,2,2,1,0,0,1,0
2021,"Camden 029","E02007115",11584,382,70,78,77,87,70,392,90,75,72,83,72,423,81,64,83,56,73,66,1629,79,71,578,901,2038,540,466,415,324,293,2114,237,270,256,209,223,176,207,192,183,161,1839,148,129,119,138,124,124,130,116,116,102,126,122,108,127,110,1559,103,115,122,103,116,124,124,112,117,93,85,93,80,107,65,680,75,72,79,51,80,55,63,74,53,78,377,47,52,36,42,36,28,41,34,40,21,151,19,23,28,12,9,13,13,13,8,1,2,2,5,3,0,0
2021,"Croydon 001","E02000194",9197,626,167,115,106,133,105,534,113,119,88,113,101,569,104,85,94,97,107,82,326,98,82,66,80,396,57,67,75,92,105,1717,117,125,141,151,181,201,203,236,191,171,2379,191,193,168,166,179,178,163,155,120,148,164,160,118,147,129,1572,117,120,103,138,107,119,130,96,124,83,93,108,93,61,80,623,83,57,93,53,55,49,61,56,60,56,313,37,36,32,37,37,22,32,28,25,27,142,23,18,13,19,13,8,18,6,10,3,4,3,3,0,0,1
2021,"Croydon 002","E02000195",9643,572,118,108,97,115,134,586,130,97,119,118,122,748,128,132,119,118,141,110,430,124,129,85,92,506,66,91,115,104,130,1175,101,104,116,121,105,130,114,130,118,136,2124,127,144,144,144,122,171,158,159,122,154,167,138,127,134,113,1932,132,133,102,114,148,133,142,156,143,136,120,121,125,111,116,810,98,99,75,81,74,76,81,70,70,86,534,68,69,61,60,51,49,49,50,38,39,226,24,37,57,27,21,15,12,10,10,1,5,3,1,0,1,2
2021,"Croydon 003","E02000196",7907,485,124,90,80,97,94,403,87,78,76,75,87,544,93,82,81,95,93,100,368,100,105,62,101,435,69,78,93,90,105,1364,145,134,139,116,117,157,150,143,122,141,1587,120,110,136,110,101,113,114,106,108,100,81,103,81,98,106,1476,102,104,85,100,125,89,108,117,101,99,94,99,91,90,72,647,87,68,79,57,70,61,62,50,52,61,396,50,50,37,31,49,41,29,32,34,43,202,29,23,29,17,13,39,18,11,10,4,3,0,2,2,0,2
2021,"Croydon 004","E02000197",9028,476,92,100,91,96,97,533,105,90,122,112,104,703,103,120,131,137,105,107,421,124,100,93,104,539,89,84,101,131,134,1374,118,145,103,142,130,144,134,152,159,147,2026,122,137,144,136,165,121,150,158,126,139,137,132,101,131,127,1718,130,149,132,110,110,135,139,110,126,108,132,98,101,72,66,670,81,72,60,72,66,63,65,57,79,55,414,50,49,32,47,57,49,30,29,39,32,154,24,21,18,14,20,12,11,14,3,11,4,1,1,0,0,0
2021,"Croydon 005","E02000198",8880,574,114,102,127,114,117,605,126,117,129,123,110,694,93,133,126,126,103,113,502,141,118,122,121,534,93,117,97,109,118,1284,106,116,131,120,145,138,135,129,113,151,2047,142,134,136,129,164,159,130,115,173,119,149,116,102,149,130,1826,157,134,154,140,145,151,120,126,137,111,120,96,85,67,83,478,60,63,48,51,48,45,34,40,48,41,251,26,37,30,29,20,21,27,18,26,17,85,17,11,12,11,9,7,5,4,0,3,1,1,0,0,3,1
2021,"Croydon 006","E02000199",8409,512,108,96,102,101,105,471,90,78,83,99,121,682,108,110,122,118,111,113,439,130,123,116,70,508,87,101,110,119,91,1197,112,104,143,102,118,124,114,133,123,124,1855,112,113,137,143,132,130,137,118,112,130,106,97,129,121,138,1797,126,140,131,142,127,122,156,135,99,112,120,114,109,91,73,594,81,71,59,55,75,71,44,45,46,47,267,42,36,36,24,27,23,21,25,18,15,87,15,17,11,9,14,7,4,4,2,0,2,0,0,0,1,1
2021,"Croydon 007","E02000200",9053,599,141,141,113,99,105,492,105,97,82,80,128,609,103,100,99,131,93,83,363,109,102,95,57,431,58,74,85,101,113,1573,99,131,130,149,164,182,196,156,177,189,2226,200,168,148,187,152,216,148,140,116,134,155,111,121,121,109,1734,126,145,132,120,153,130,138,130,87,117,98,100,89,85,84,519,64,60,51,53,52,49,39,55,42,54,333,39,33,29,50,41,25,21,51,19,25,174,17,27,20,18,16,13,11,12,8,7,6,14,2,1,0,2
2021,"Croydon 008","E02000201",8692,601,104,110,146,125,116,593,129,115,135,99,115,713,125,131,108,129,110,110,355,104,80,83,88,467,79,93,87,98,110,1419,128,117,124,116,139,150,162,166,150,167,2079,157,191,201,139,135,146,128,121,158,128,115,111,115,112,122,1651,109,133,129,112,139,102,97,121,131,97,97,93,69,140,82,468,61,47,63,50,37,40,65,36,35,34,251,25,44,22,26,24,23,29,21,19,18,95,16,17,16,12,8,11,5,3,1,3,2,0,0,1,0,0
2021,"Croydon 009","E02000202",8923,468,87,89,109,102,81,540,87,108,123,111,111,774,112,138,137,133,126,128,516,144,135,128,109,533,82,98,111,114,128,1295,126,118,129,115,138,146,115,139,149,120,1762,140,115,131,106,110,125,116,130,110,118,110,121,118,99,113,1874,120,145,132,129,135,118,129,145,160,135,133,107,104,101,81,663,91,82,73,53,59,67,52,63,69,54,361,41,41,43,36,36,26,36,35,29,38,137,24,17,23,9,14,12,13,3,2,7,4,1,5,1,2,0
2021,"Croydon 010","E02000203",7973,542,101,107,107,114,113,494,94,105,94,104,97,638,121,91,113,91,112,110,389,111,106,77,95,458,82,82,91,83,120,1168,114,103,98,90,120,125,134,124,119,141,1770,152,130,130,115,107,128,128,111,134,86,136,110,83,116,104,1591,121,114,107,103,99,126,99,107,162,93,106,98,83,83,90,519,77,57,51,53,40,60,56,38,37,50,284,37,31,30,27,28,33,28,29,27,14,120,18,27,19,1,16,9,9,1,3,6,7,0,2,0,0,2
2021,"Croydon 011","E02000204",9660,630,111,131,139,134,115,637,128,116,129,122,142,779,131,134,127,147,121,119,456,104,117,110,125,639,96,112,126,140,165,1475,133,149,141,157,177,128,159,133,159,139,1930,128,124,123,151,142,136,123,133,119,135,115,123,115,113,150,1891,119,117,156,148,140,157,131,128,124,123,126,113,94,101,114,679,90,76,78,73,72,66,64,54,64,42,398,49,44,50,50,33,46,32,42,27,25,146,40,13,26,17,13,12,8,8,3,3,0,1,1,0,1,0
2021,"Croydon 013","E02000206",10823,836,158,150,221,156,151,741,157,156,124,144,160,896,145,161,145,146,140,159,475,133,132,108,102,631,116,103,111,134,167,1786,184,146,169,129,187,182,189,247,200,153,2537,203,188,193,214,188,178,160,147,141,162,132,209,121,129,172,1864,181,117,174,169,143,139,92,113,131,118,101,128,85,84,89,591,91,72,73,59,55,51,47,55,43,45,316,41,34,31,41,27,20,42,28,23,29,150,26,25,11,23,15,10,5,6,6,5,7,3,3,3,1,1
2021,"Croydon 014","E02000207",8900,531,103,101,114,109,104,533,118,99,102,94,120,626,102,98,111,112,106,97,478,132,160,101,85,617,95,124,112,143,143,1432,122,135,138,148,186,131,144,148,141,139,1875,137,112,133,150,155,142,110,137,108,126,102,125,106,114,118,1966,128,125,139,142,149,166,173,202,119,120,125,103,104,87,84,508,74,55,61,47,55,37,44,42,49,44,261,35,31,20,33,27,24,37,16,22,16,73,13,6,13,7,13,7,4,3,3,2,1,0,0,1,0,0
2021,"Croydon 015","E02000208",10871,920,192,221,179,148,180,864,168,188,196,146,166,949,157,191,176,147,132,146,528,137,136,130,125,659,107,135,135,145,137,1800,175,148,192,179,202,177,187,191,171,178,2592,184,163,202,189,236,181,168,170,177,157,140,183,152,135,155,1774,169,127,174,152,119,137,130,116,114,97,101,74,102,77,85,459,72,53,60,41,57,36,40,32,31,37,229,25,28,22,26,24,26,17,17,18,26,97,13,18,12,10,10,8,7,6,3,3,3,1,2,1,0,0
2021,"Croydon 016","E02000209",9056,530,110,93,111,114,102,688,103,170,124,156,135,840,119,151,149,152,145,124,532,155,148,112,117,633,110,138,123,131,131,1347,109,159,145,115,142,119,140,136,140,142,1930,137,124,132,133,123,122,143,134,126,153,126,121,110,135,111,1734,122,146,157,148,142,128,137,115,107,99,111,87,90,79,66,478,60,61,44,51,50,56,41,41,33,41,249,42,31,26,32,27,17,21,20,16,17,95,23,6,13,7,16,8,8,3,3,4,1,0,1,0,1,1
2021,"Croydon 017","E02000210",8707,564,120,127,89,103,125,577,108,128,100,110,131,628,94,116,89,109,108,112,418,114,127,87,90,467,84,94,90,111,88,1375,117,112,104,122,150,157,145,159,152,157,2042,164,137,145,141,161,151,129,136,118,115,138,122,126,117,142,1746,128,126,134,151,128,147,128,121,126,112,111,109,71,81,73,537,65,58,66,67,48,47,51,33,57,45,260,39,35,24,26,20,28,27,21,23,17,93,18,11,11,17,15,5,2,3,6,1,1,0,2,0,1,0
2021,"Croydon 018","E02000211",8277,419,71,93,79,85,91,417,91,83,84,91,68,610,108,97,100,117,98,90,353,98,95,96,64,411,66,75,87,89,94,998,106,91,111,96,93,90,96,115,100,100,1517,109,89,111,113,116,101,113,99,101,93,109,82,93,90,98,1782,121,122,123,127,120,134,136,131,125,117,118,128,103,91,86,909,91,100,81,71,96,91,102,91,100,86,628,80,89,90,63,55,49,45,49,59,49,233,36,48,33,17,10,19,15,17,12,10,5,3,5,0,2,1
2021,"Croydon 019","E02000212",9461,680,156,123,126,139,136,709,144,124,123,147,171,868,155,140,158,155,132,128,555,134,165,128,128,687,109,151,147,147,133,1451,137,148,134,135,132,125,162,130,201,147,2079,141,160,129,106,165,157,156,123,122,124,140,143,142,152,119,1654,134,157,137,142,135,113,119,102,91,105,84,94,86,82,73,478,77,54,74,58,36,45,33,37,27,37,223,27,26,22,25,19,25,23,21,15,20,77,26,11,3,7,10,7,7,0,0,2,1,0,0,0,0,3
2021,"Croydon 020","E02000213",12797,1121,222,245,197,202,255,935,161,205,198,194,177,855,167,136,173,135,132,112,503,123,139,123,118,808,115,131,171,187,204,2605,216,253,266,269,270,299,254,254,292,232,3132,286,268,296,232,190,226,222,213,179,199,186,214,148,135,138,1959,168,156,209,162,193,122,142,121,117,97,126,99,94,83,70,515,62,55,52,51,55,58,43,53,41,45,274,37,27,34,40,24,27,22,21,21,21,90,20,13,6,13,6,3,8,4,5,3,5,1,1,1,0,1
2021,"Croydon 021","E02000214",6239,392,56,80,80,83,93,336,67,55,78,62,74,424,67,75,69,71,80,62,258,64,91,55,48,313,55,56,69,58,75,761,70,80,72,82,69,75,74,88,73,78,1223,78,83,79,81,107,84,88,91,68,80,87,85,70,79,63,1386,98,87,88,82,103,91,105,98,92,96,102,76,104,80,84,660,62,78,72,67,60,70,62,43,79,67,350,43,40,34,38,33,35,30,26,40,31,136,24,14,16,21,17,15,8,5,4,3,3,1,3,0,1,1
2021,"Croydon 022","E02000215",11831,919,220,205,190,166,138,667,151,128,127,133,128,620,107,129,97,88,105,94,382,109,113,89,71,664,96,126,123,154,165,2600,163,173,214,289,265,282,296,285,293,340,2804,250,251,212,211,239,217,189,183,140,177,132,150,152,156,145,1866,158,142,139,135,166,138,152,117,122,97,108,102,111,94,85,708,75,90,65,93,64,68,62,69,61,61,430,47,40,43,62,36,45,38,54,38,27,171,22,17,35,15,13,12,14,11,7,8,8,5,1,1,0,2
2021,"Croydon 023","E02000216",7165,460,78,86,102,87,107,455,83,92,99,96,85,497,101,85,76,74,84,77,242,77,62,56,47,287,57,48,50,68,64,1062,81,67,79,96,106,142,111,135,137,108,1820,140,126,159,124,149,125,156,132,99,127,112,95,93,96,87,1077,76,66,80,55,73,78,80,78,74,71,74,62,61,81,68,571,52,58,52,71,53,48,46,63,63,65,461,56,47,65,34,42,46,48,54,30,39,233,34,22,21,27,23,30,21,11,7,9,7,6,4,4,2,5
2021,"Croydon 024","E02000217",11926,940,203,193,192,169,183,799,181,164,151,155,148,874,146,151,157,142,150,128,491,139,137,106,109,677,98,110,136,158,175,2394,172,221,212,225,253,252,272,285,237,265,2978,278,273,232,223,226,190,187,190,200,160,188,176,136,164,155,1915,155,148,139,173,146,112,148,171,123,134,119,92,95,93,67,497,62,71,82,53,35,39,48,29,49,29,285,28,37,43,29,24,20,35,24,29,16,76,12,7,9,13,3,4,8,4,8,5,1,1,1,0,0,0
2021,"Croydon 025","E02000218",6675,369,67,70,64,99,69,488,87,88,95,110,108,689,119,105,118,127,112,108,413,125,117,110,61,414,80,72,85,81,96,723,86,69,65,80,73,70,53,75,68,84,1237,69,70,71,83,83,77,85,93,71,83,86,106,87,76,97,1323,98,80,92,97,113,86,105,99,86,88,94,75,70,73,67,585,60,61,66,61,63,66,64,45,47,52,306,43,38,33,34,28,26,24,31,31,18,128,23,21,20,10,23,8,5,6,3,2,2,2,2,0,1,0
2021,"Croydon 026","E02000219",7630,300,53,55,68,63,61,344,67,72,58,78,69,477,80,77,61,74,85,100,296,88,79,67,62,394,55,61,93,84,101,799,106,87,76,76,79,84,72,74,76,69,1235,82,70,70,88,76,85,89,75,80,69,84,81,78,97,111,1748,95,103,89,129,119,117,136,126,126,125,130,113,128,114,98,1002,83,110,82,92,101,89,91,109,107,138,712,78,93,95,91,59,66,63,74,51,42,323,58,39,44,27,28,29,20,15,18,10,15,7,3,3,1,6
2021,"Croydon 028","E02000221",10857,700,175,145,123,133,124,791,157,136,165,152,181,1010,143,188,143,219,161,156,612,183,154,154,121,640,112,120,137,128,143,1556,150,154,146,151,145,192,142,181,140,155,2360,185,139,159,170,137,189,165,177,138,142,160,153,142,144,160,1981,144,161,142,180,174,142,144,158,128,109,119,110,101,78,91,643,70,72,69,60,50,68,55,66,69,64,358,37,46,44,38,24,37,43,33,30,26,206,24,24,17,24,12,19,15,17,15,9,10,5,5,3,2,5
2021,"Croydon 029","E02000222",8353,557,98,111,119,108,121,505,101,104,92,91,117,562,97,108,131,65,100,61,265,76,71,69,49,355,59,49,81,63,103,1526,115,135,128,147,178,174,178,165,134,172,2077,157,145,145,146,148,134,165,168,123,148,139,117,121,105,116,1460,123,92,109,88,126,119,114,107,109,106,67,72,88,69,71,581,67,75,61,58,61,49,52,58,52,48,336,50,42,27,33,32,36,37,27,26,26,129,19,18,18,12,13,12,4,12,5,6,4,3,1,0,1,1
2021,"Croydon 030","E02000223",8527,510,91,103,84,103,129,797,141,133,179,165,179,1207,174,196,213,199,217,208,678,218,201,147,112,554,101,104,131,100,118,965,101,80,103,106,102,94,114,77,91,97,1680,118,89,82,121,91,100,115,116,104,102,145,121,121,130,125,1373,125,112,98,117,127,111,109,88,79,88,89,67,58,50,55,399,47,61,45,38,34,31,28,39,53,23,276,25,41,31,34,36,21,23,28,22,15,88,19,17,10,10,3,6,8,7,1,2,0,3,1,1,0,0
2021,"Croydon 031","E02000224",8050,595,145,137,109,91,113,498,104,96,88,111,99,557,101,90,78,100,107,81,324,90,88,82,64,417,56,77,86,107,91,1464,128,139,125,120,158,152,129,152,162,199,1859,147,157,149,140,139,143,130,114,111,114,94,113,95,113,100,1420,98,106,105,125,107,114,116,106,93,93,85,75,62,70,65,546,76,55,53,57,43,44,54,39,51,74,287,37,32,43,37,32,22,20,22,25,17,83,19,9,11,9,7,4,8,9,3,1,0,0,0,0,1,2
2021,"Croydon 032","E02000225",7498,414,83,66,79,103,83,535,115,93,102,104,121,722,125,113,97,154,106,127,431,115,121,106,89,493,90,103,93,114,93,888,103,85,73,98,64,89,84,103,95,94,1430,87,78,102,86,96,88,104,93,73,104,110,124,86,89,110,1527,142,90,115,110,102,107,96,109,103,120,100,96,81,86,70,615,73,72,59,48,57,63,49,68,68,58,335,45,42,46,40,31,29,31,27,17,27,108,19,24,13,11,16,6,4,4,3,3,1,2,1,0,0,1
2021,"Croydon 033","E02000226",7610,349,64,58,85,75,67,422,88,80,88,82,84,562,84,100,103,84,98,93,373,104,126,83,60,381,58,83,88,78,74,698,85,73,57,60,82,60,59,69,84,69,1375,78,83,83,112,93,92,109,95,104,89,89,82,84,85,97,1697,99,112,116,111,124,124,101,144,118,115,94,112,113,118,96,927,94,101,101,87,89,92,94,80,85,104,589,77,77,65,56,53,67,41,55,46,52,237,37,46,23,23,24,22,9,14,12,11,4,4,2,4,0,2
2021,"Croydon 034","E02000227",11687,680,133,119,148,150,130,769,158,151,165,149,146,853,141,146,131,150,144,141,472,147,139,102,84,602,94,114,142,123,129,1508,127,157,145,138,152,166,154,162,155,152,2339,165,175,150,148,167,203,150,176,164,130,138,147,132,149,145,2358,167,154,178,158,165,180,168,176,173,141,155,141,144,135,123,1242,119,132,122,100,97,142,117,140,139,134,620,96,89,84,69,47,46,45,46,50,48,244,36,41,33,23,26,17,19,14,7,7,9,3,4,1,1,3
2021,"Croydon 035","E02000228",7955,422,53,101,79,102,87,513,83,89,97,109,135,627,110,107,94,115,101,100,265,80,77,68,40,335,45,52,80,75,83,624,65,62,52,51,62,63,60,56,63,90,1618,82,106,97,116,114,109,124,130,107,114,110,114,102,87,106,1612,114,98,117,110,99,107,105,102,111,106,123,99,127,98,96,1003,101,109,90,94,79,94,88,96,122,130,623,92,71,60,79,51,48,56,53,56,57,313,62,28,50,40,20,16,23,12,19,14,11,9,2,3,2,2
2021,"Croydon 036","E02000229",6224,369,63,74,72,77,83,471,87,96,84,102,102,664,113,110,106,103,119,113,353,109,105,87,52,387,82,65,72,82,86,758,72,62,82,86,67,67,81,71,84,86,1209,82,75,86,82,87,83,74,61,58,85,94,101,75,76,90,1201,88,99,88,105,98,82,81,97,102,80,58,67,59,45,52,437,49,43,56,46,43,35,29,38,45,53,257,28,25,35,19,26,28,31,15,27,23,118,17,10,8,12,14,11,4,7,15,9,3,4,2,0,2,0
2021,"Croydon 037","E02000230",10497,647,120,132,125,156,114,589,120,133,101,112,123,694,131,104,111,137,115,96,385,115,121,80,69,496,65,85,115,102,129,1491,139,121,120,113,146,167,170,188,163,164,2278,175,162,159,140,166,174,156,153,152,150,135,143,130,138,145,2012,147,147,110,123,128,166,194,150,138,149,119,121,110,109,101,971,110,126,92,97,115,86,74,92,95,84,622,86,78,70,66,47,62,57,48,54,54,312,35,33,54,40,39,26,22,14,12,8,7,4,3,10,1,4
2021,"Croydon 038","E02000231",7933,388,79,87,71,78,73,439,86,82,74,77,120,560,94,88,97,90,98,93,339,100,94,83,62,428,50,77,95,95,111,921,113,88,104,93,87,85,97,83,86,85,1456,96,84,96,102,95,105,96,111,103,108,96,81,80,84,119,1713,95,112,115,115,112,120,122,137,114,109,91,119,124,108,120,896,118,93,91,85,92,92,84,72,80,89,518,73,76,73,52,41,45,44,36,52,26,275,47,30,22,39,29,18,17,24,11,9,5,9,6,3,4,2
2021,"Croydon 039","E02000232",6189,290,51,47,61,64,67,359,72,77,71,66,73,477,85,77,63,89,81,82,293,85,65,79,64,298,48,58,71,60,61,547,64,42,54,65,37,66,53,55,60,51,1181,68,62,77,64,75,86,88,95,74,90,75,56,83,92,96,1299,85,102,104,87,99,105,85,90,91,90,77,75,72,67,70,781,51,62,77,72,85,74,79,82,101,98,448,43,62,50,51,39,42,37,42,47,35,216,56,27,24,18,19,18,15,11,12,5,3,3,1,1,1,2
2021,"Croydon 040","E02000233",6364,413,83,69,74,105,82,450,91,99,90,83,87,502,99,102,71,85,74,71,252,68,84,49,51,276,43,50,58,56,69,895,61,85,81,67,110,83,84,109,108,107,1407,111,108,89,106,108,82,111,103,99,84,79,81,76,78,92,1169,91,85,93,100,86,80,76,74,93,62,66,74,70,61,58,524,55,54,61,50,53,48,53,48,50,52,299,39,30,38,36,29,27,26,25,23,26,177,27,22,20,16,24,11,10,14,9,4,6,3,4,2,2,3
2021,"Croydon 041","E02000234",9456,647,123,132,115,128,149,639,135,131,123,121,129,747,129,122,121,136,120,119,416,125,121,105,65,452,81,68,74,106,123,1276,80,100,101,129,130,141,138,167,150,140,2084,150,149,156,144,166,148,135,144,135,121,153,114,114,132,123,1711,133,130,118,119,122,123,106,131,121,110,107,113,101,87,90,796,78,78,78,66,80,68,83,70,101,94,496,78,76,50,56,35,46,36,47,47,25,192,25,41,26,16,21,12,12,11,9,5,4,4,2,2,0,2
2021,"Croydon 042","E02000235",6895,391,83,63,74,78,93,396,90,86,70,67,83,493,89,70,93,79,74,88,259,74,69,65,51,336,44,65,66,88,73,710,73,62,56,59,63,75,82,84,80,76,1473,94,111,95,102,110,93,93,86,95,88,102,99,101,95,109,1496,110,99,100,112,102,115,94,117,100,93,94,100,83,93,84,707,65,78,61,82,69,67,70,72,59,84,448,75,63,66,38,32,31,49,36,28,30,186,31,28,29,21,14,5,21,11,7,7,2,3,1,1,0,5
2021,"Croydon 043","E02000236",9132,714,134,160,157,133,130,648,132,134,122,124,136,699,133,123,110,119,111,103,364,118,98,88,60,414,78,77,81,89,89,1145,91,78,68,78,101,124,117,176,162,150,2158,164,163,168,176,152,160,156,138,167,121,120,130,109,114,120,1578,97,107,122,131,139,134,105,111,121,97,77,78,85,103,71,830,98,75,95,70,79,78,90,86,90,69,443,57,55,60,45,34,39,43,33,41,36,139,20,19,20,19,16,15,7,7,6,5,2,1,2,0,0,0
2021,"Croydon 044","E02000237",7602,460,95,67,101,93,104,455,98,90,93,98,76,560,104,94,112,96,68,86,279,98,67,60,54,312,53,62,58,63,76,725,66,68,71,62,55,79,70,74,82,98,1489,99,118,107,113,99,107,112,104,100,85,77,96,90,90,92,1532,96,99,88,106,109,96,109,127,111,101,117,106,86,89,92,885,82,81,94,70,98,86,95,80,107,92,630,82,76,93,80,62,61,51,40,44,41,275,43,34,29,44,31,18,20,15,10,10,8,2,6,3,2,0
2021,"Croydon 045","E02006788",7607,517,95,100,109,102,111,499,78,107,99,110,105,668,113,122,116,109,117,91,396,109,111,88,88,428,88,77,96,96,71,1098,106,88,103,99,103,120,109,117,118,135,1699,119,115,108,148,107,117,144,98,104,109,123,100,98,109,100,1503,98,102,116,118,140,119,103,115,108,96,81,76,78,74,79,513,59,58,65,53,44,40,48,47,57,42,209,35,21,24,25,19,15,21,19,18,12,77,13,16,6,8,8,4,10,3,5,2,0,1,1,0,0,0
2021,"Croydon 046","E02006987",7365,473,114,117,92,76,74,316,59,72,65,67,53,251,44,53,36,48,31,39,130,23,33,38,36,597,38,58,115,199,187,2651,199,248,318,284,282,296,276,242,273,233,1852,222,158,239,155,169,144,111,113,82,113,83,69,66,68,60,731,62,45,67,52,63,80,36,56,34,48,46,20,35,31,56,195,18,25,16,15,18,25,19,18,20,21,119,14,37,16,10,9,4,10,3,6,10,50,7,6,11,2,5,3,2,0,3,3,3,2,1,0,0,2
2021,"Croydon 047","E02006988",7157,563,121,132,104,102,104,445,93,91,101,91,69,440,82,85,66,59,71,77,228,52,62,69,45,305,36,53,44,92,80,1512,92,123,125,155,143,187,181,164,169,173,1910,158,134,153,164,197,125,138,119,106,115,116,101,100,93,91,1001,81,86,93,78,67,83,67,66,63,69,50,51,52,47,48,364,40,42,36,40,45,34,32,34,35,26,248,29,24,24,36,23,11,28,25,26,22,141,17,18,12,10,13,12,9,12,6,7,8,3,4,6,2,2
2021,"Ealing 001","E02000238",10701,618,116,165,106,120,111,653,123,140,112,133,145,823,146,122,145,135,127,148,527,160,116,155,96,676,108,133,134,139,162,1793,140,148,167,175,176,216,208,202,190,171,2639,230,175,167,264,156,191,190,150,164,163,176,162,134,150,167,1880,154,135,136,158,137,123,127,122,120,117,120,110,120,73,128,637,82,85,67,67,65,55,51,52,63,50,349,50,44,50,38,29,28,27,25,31,27,106,26,14,16,7,10,11,2,3,4,1,4,4,2,1,0,1
2021,"Ealing 002","E02000239",9048,448,97,87,84,89,91,475,88,98,102,86,101,661,103,110,121,114,121,92,416,122,102,93,99,506,98,91,104,96,117,1408,116,127,145,130,129,130,155,166,150,160,2103,156,177,153,143,162,147,149,161,130,140,133,119,135,91,107,1656,102,124,115,108,95,120,122,109,99,113,116,96,139,98,100,763,80,93,80,60,84,66,76,73,78,73,443,52,53,44,57,50,32,40,43,36,36,169,25,28,31,20,10,16,11,6,7,5,3,4,2,1,0,0
2021,"Ealing 003","E02000240",11206,711,144,145,138,130,154,766,147,151,142,167,159,996,146,187,181,162,165,155,636,156,153,202,125,668,128,124,139,120,157,1648,168,157,156,170,162,145,175,170,181,164,2529,166,170,157,176,166,197,186,155,160,166,159,191,155,175,150,1963,131,171,171,156,135,170,140,109,118,122,155,101,110,89,85,786,85,77,72,86,92,70,52,112,65,75,365,35,53,44,45,42,23,44,27,30,22,138,22,16,17,17,19,8,11,5,4,4,3,5,0,3,1,3
2021,"Ealing 004","E02000241",7399,437,69,97,100,88,83,458,90,86,81,93,108,591,76,81,107,86,137,104,382,85,120,87,90,409,84,89,81,73,82,1131,112,114,106,90,98,97,125,141,139,109,1725,94,127,145,104,133,132,111,102,96,116,114,116,119,128,88,1384,114,88,129,98,102,103,103,73,100,78,86,90,75,65,80,501,57,65,54,49,51,60,38,40,40,47,258,30,31,26,31,29,21,22,26,25,17,123,23,22,17,14,12,7,8,7,5,2,2,1,2,0,0,1
2021,"Ealing 005","E02000242",6884,345,58,64,73,82,68,395,76,75,81,73,90,503,78,96,82,83,77,87,345,92,91,88,74,438,84,81,68,105,100,1014,103,109,94,95,100,95,106,112,104,96,1611,133,119,103,107,101,119,110,113,121,107,106,103,92,92,85,1309,81,98,98,91,88,105,93,85,96,85,93,66,88,64,78,545,59,68,61,63,64,52,43,55,38,42,276,32,21,26,20,37,33,26,33,28,20,103,17,20,10,17,15,6,3,6,2,2,2,1,0,1,1,0
2021,"Ealing 006","E02000243",8729,474,90,90,76,97,121,455,79,89,84,87,116,682,116,99,119,129,107,112,417,108,118,108,83,498,101,90,106,100,101,1276,117,119,122,147,119,126,132,123,149,122,2026,151,138,142,131,134,153,134,146,130,174,137,116,100,137,103,1668,134,139,108,129,114,134,123,98,134,92,79,95,84,125,80,660,96,81,71,63,55,65,74,62,49,44,395,50,50,42,44,31,41,33,34,39,31,178,32,17,16,20,24,22,23,8,7,5,0,4,0,0,0,0
2021,"Ealing 007","E02000244",7893,454,76,111,89,92,86,461,84,102,83,84,108,588,128,102,91,91,83,93,371,89,106,72,104,404,66,67,85,88,98,1176,112,91,136,122,107,124,101,118,140,125,1996,142,127,188,152,118,167,161,134,135,112,141,107,103,104,105,1453,122,118,101,82,112,114,112,104,76,79,106,88,74,95,70,551,51,48,70,52,49,65,55,55,63,43,320,45,60,33,33,26,21,32,27,23,20,119,20,18,14,11,14,12,9,7,6,2,2,4,0,0,0,0
2021,"Ealing 008","E02000245",9305,805,170,173,146,167,149,715,139,170,126,126,154,847,135,143,136,136,156,141,480,127,120,127,106,513,92,99,103,98,121,1510,130,132,140,159,135,181,126,159,160,188,2049,171,127,127,153,148,145,178,149,99,119,137,127,122,115,132,1583,135,111,127,116,117,118,108,84,99,136,123,94,64,81,70,472,67,59,48,48,46,45,52,30,45,32,237,28,31,22,26,27,24,12,25,25,17,94,14,18,17,10,11,3,7,6,2,3,0,0,0,0,1,2
2021,"Ealing 009","E02000246",9465,621,119,145,108,109,140,661,109,137,138,128,149,984,156,156,175,173,181,143,539,156,125,147,111,630,120,119,136,126,129,1276,126,123,135,100,134,121,121,142,130,144,2064,128,166,156,143,149,141,153,129,175,117,130,142,124,104,107,1705,114,137,122,126,132,119,121,125,134,120,101,103,96,78,77,561,74,63,70,44,54,62,51,50,45,48,319,30,43,33,48,32,26,24,23,26,34,105,21,19,9,7,7,10,9,5,4,4,5,3,1,0,1,0
2021,"Ealing 010","E02000247",11150,724,137,139,145,141,162,776,173,135,158,147,163,1003,145,208,174,167,148,161,555,167,153,133,102,659,136,124,123,144,132,1590,126,154,162,147,157,158,162,167,186,171,2625,185,194,173,192,179,203,195,175,173,197,180,138,147,154,140,1895,174,158,186,151,134,134,119,110,108,101,107,118,103,108,84,677,86,85,78,66,58,60,71,60,61,52,432,45,46,47,47,48,46,37,48,28,40,214,35,29,24,18,13,15,15,17,14,13,8,2,5,3,1,2
2021,"Ealing 011","E02000248",7709,570,98,98,133,130,111,479,83,111,80,91,114,526,100,107,75,102,72,70,232,68,62,63,39,446,78,96,92,68,112,1312,137,122,121,122,110,115,137,121,193,134,1940,127,132,156,148,146,161,133,177,127,112,113,120,88,103,97,1209,90,108,130,119,79,86,70,71,54,76,64,76,74,57,55,558,46,59,51,48,51,46,73,57,58,69,306,30,40,49,31,22,23,27,34,19,31,131,22,22,18,14,11,11,14,3,4,3,2,1,3,1,1,1
2021,"Ealing 012","E02000249",8381,512,101,129,92,93,97,498,94,103,97,96,108,688,120,106,123,125,109,105,396,110,107,90,89,506,69,110,105,109,113,1240,112,141,119,119,124,139,131,117,136,102,1901,128,140,126,127,131,144,144,137,116,150,113,105,127,103,110,1501,108,140,114,103,117,103,114,95,117,91,74,102,74,71,78,556,67,65,46,56,61,54,65,52,41,49,413,52,49,43,41,37,44,42,41,41,23,170,30,20,25,24,16,17,12,3,7,4,0,6,0,0,3,3
2021,"Ealing 013","E02000250",6483,313,52,56,70,62,73,439,79,83,95,90,92,522,93,104,68,84,83,90,232,77,73,51,31,251,27,43,61,62,58,710,67,68,83,88,69,60,64,78,71,62,1444,69,89,80,85,99,100,101,100,94,99,114,112,109,85,108,1318,106,111,109,121,91,94,77,67,99,76,84,52,83,71,77,716,73,79,79,70,89,62,64,67,72,61,368,53,53,44,37,29,38,29,27,36,22,170,24,21,26,17,9,15,18,8,15,3,3,4,1,3,2,1
2021,"Ealing 014","E02000251",8312,449,89,83,111,81,85,551,109,99,98,149,96,668,107,111,100,116,129,105,397,103,111,99,84,442,78,74,104,89,97,1199,118,123,123,103,117,99,144,115,137,120,1850,130,131,135,134,145,139,166,147,88,125,92,109,108,84,117,1604,112,108,86,101,102,110,113,105,102,128,95,111,132,113,86,670,79,79,82,69,62,79,53,56,53,58,347,43,38,32,33,36,47,36,37,22,23,135,28,24,18,21,12,10,7,3,4,2,4,0,1,0,1,0
2021,"Ealing 015","E02000252",12239,569,137,105,99,121,107,523,100,105,109,111,98,683,133,102,105,119,110,114,1583,91,117,539,836,1487,374,245,269,313,286,2358,264,265,234,250,262,246,235,219,230,153,2460,221,274,173,162,156,179,150,149,138,162,134,143,116,160,143,1533,121,126,119,138,105,118,89,104,97,90,92,94,87,83,70,551,103,39,73,69,59,41,40,47,38,42,303,23,41,36,26,30,30,26,26,29,36,189,23,23,17,19,37,11,40,2,5,6,3,1,0,0,0,2
2021,"Ealing 016","E02000253",10342,629,112,109,120,140,148,708,131,121,157,158,141,960,174,164,138,172,169,143,626,182,173,149,122,638,103,118,162,122,133,1255,132,113,138,138,126,117,103,110,135,143,2272,152,121,159,163,136,163,167,134,141,133,159,159,184,160,141,1868,131,154,136,165,129,156,168,143,128,86,82,108,101,89,92,762,68,91,89,85,74,71,68,89,55,72,453,68,54,59,42,49,37,39,39,34,32,171,31,20,18,24,20,15,16,5,5,6,0,2,2,4,0,3
2021,"Ealing 017","E02000254",9208,449,84,97,80,104,84,509,88,112,102,99,108,756,115,100,162,117,127,135,450,107,129,107,107,584,94,120,127,119,124,1338,115,119,154,138,170,143,130,119,146,104,2012,159,152,128,127,132,162,148,104,113,127,139,116,149,119,137,1830,151,129,91,118,112,114,129,108,152,135,107,140,122,112,110,717,91,91,78,84,66,68,64,68,56,51,411,45,51,41,41,44,39,49,43,36,22,152,33,22,17,12,19,11,5,9,8,6,2,0,1,2,1,4
2021,"Ealing 018","E02000255",9860,574,113,81,116,128,136,590,110,108,121,127,124,820,117,137,145,129,151,141,468,125,120,126,97,609,72,103,100,173,161,1413,125,135,143,127,124,135,132,117,240,135,2108,165,154,150,128,157,141,133,148,127,137,128,147,122,150,121,1875,133,141,123,120,154,149,146,149,162,100,125,89,92,105,87,773,87,76,71,64,74,83,83,83,69,83,457,62,60,52,54,47,49,37,28,32,36,173,26,20,18,21,20,15,12,8,7,6,5,2,4,0,0,9
2021,"Ealing 019","E02000256",9184,475,73,111,105,91,95,458,108,75,91,82,102,469,76,77,81,88,81,66,310,86,94,73,57,506,56,83,111,126,130,1903,169,159,260,174,177,185,231,187,176,185,2274,172,172,153,161,165,201,164,164,163,128,115,139,112,138,127,1624,107,142,108,171,109,114,115,110,132,97,81,105,87,68,78,630,80,52,60,65,68,51,61,53,75,65,364,49,46,49,33,32,39,26,31,32,27,171,53,13,23,15,9,17,7,12,11,3,1,1,1,2,2,1
2021,"Ealing 021","E02000258",6901,398,74,92,76,67,89,495,72,88,106,102,127,522,111,91,80,103,76,61,237,67,61,57,52,470,74,64,136,98,98,1186,122,121,129,128,112,115,104,107,132,116,1721,143,103,99,145,135,192,106,126,96,114,102,111,80,94,75,1111,82,68,65,76,87,101,67,91,77,72,72,59,73,49,72,430,37,54,46,53,36,43,50,41,38,32,230,33,22,21,34,22,24,22,16,22,14,101,27,13,14,7,6,9,3,5,1,3,3,2,2,5,0,1
2021,"Ealing 022","E02000259",6584,343,55,69,56,77,86,458,97,82,76,101,102,618,97,102,132,95,93,99,307,85,89,80,53,295,41,46,61,78,69,842,87,74,81,85,92,80,79,72,102,90,1608,97,81,99,93,91,135,111,131,125,99,103,122,130,101,90,1265,107,106,106,94,83,86,73,79,94,86,57,76,82,69,67,475,54,57,54,54,32,50,47,36,48,43,262,33,30,35,30,36,18,19,17,26,18,111,17,19,11,15,6,15,4,5,3,8,2,1,2,0,1,2
2021,"Ealing 023","E02000260",9840,519,92,107,104,114,102,693,151,121,161,130,130,790,114,128,135,137,135,141,510,129,119,127,135,616,123,119,114,108,152,1368,110,111,153,133,132,140,153,135,151,150,2250,152,139,152,149,160,172,138,156,132,133,187,147,135,158,140,1679,134,128,131,125,136,99,120,110,97,107,110,98,99,105,80,783,95,96,97,86,69,83,66,56,77,58,455,46,37,57,47,58,50,34,51,36,39,177,29,31,25,18,7,17,16,8,7,5,5,7,0,0,0,2
2021,"Ealing 024","E02000261",12657,756,144,193,123,154,142,670,128,122,121,152,147,852,148,136,144,171,137,116,510,121,136,133,120,959,146,161,168,268,216,2966,250,285,346,304,314,305,301,280,295,286,2838,247,237,208,204,205,200,197,203,171,189,160,148,164,167,138,1879,151,172,162,194,140,125,176,133,109,113,87,92,84,77,64,682,67,82,74,68,70,55,58,67,62,79,397,44,52,39,36,33,49,64,24,18,38,148,25,22,21,18,15,12,3,8,5,5,4,1,5,2,1,1
2021,"Ealing 025","E02000262",9348,571,129,115,110,113,104,566,94,116,107,125,124,613,113,104,105,104,100,87,346,106,73,105,62,661,82,81,125,213,160,1802,177,190,205,162,166,208,173,173,174,174,2219,179,153,150,179,144,167,159,140,138,123,137,128,180,121,121,1639,120,117,136,131,165,125,114,132,104,104,101,81,81,64,64,522,69,59,67,59,38,49,42,59,48,32,292,28,36,37,44,25,25,29,26,24,18,117,21,15,16,12,10,6,10,6,6,1,4,4,3,2,1,0
2021,"Ealing 026","E02000263",13716,772,133,161,158,139,181,889,149,179,180,194,187,1198,202,210,199,195,194,198,806,206,198,202,200,941,177,197,191,199,177,1928,185,203,195,191,194,173,191,190,211,195,3224,203,191,213,197,198,245,238,215,222,217,243,213,219,218,192,2418,203,225,209,170,159,170,177,150,144,151,138,139,152,107,124,842,98,100,93,102,99,88,70,73,69,50,518,64,64,44,49,64,51,52,54,39,37,180,32,22,31,23,17,11,18,6,6,5,3,2,3,1,0,0
2021,"Ealing 027","E02000264",8493,371,79,67,76,74,75,342,74,70,70,60,68,488,91,77,82,87,85,66,277,86,71,67,53,648,71,104,144,130,199,1731,150,198,164,194,196,174,171,176,163,145,1990,166,151,146,134,156,128,145,120,100,182,102,142,104,110,104,1455,106,117,96,95,99,107,102,93,85,96,89,130,80,76,84,622,68,78,60,69,66,55,44,55,59,68,396,50,44,44,39,38,35,36,48,32,30,173,26,33,15,20,15,15,5,11,6,4,4,7,1,5,3,3
2021,"Ealing 028","E02000265",11224,719,122,143,150,162,142,634,137,128,130,125,114,794,140,138,130,135,126,125,425,118,113,88,106,651,98,100,124,169,160,1990,156,204,180,182,190,207,239,194,223,215,2876,190,238,203,212,227,218,197,207,183,169,191,179,159,155,148,1911,173,172,141,171,126,149,116,115,141,94,124,98,101,88,102,699,82,75,65,64,74,49,64,92,62,72,401,55,44,41,46,42,37,39,40,30,27,124,23,15,15,17,12,12,10,1,6,4,3,3,2,1,0,0
2021,"Ealing 029","E02000266",13117,837,173,168,163,165,168,794,144,135,163,187,165,1158,184,174,196,206,196,202,717,183,180,182,172,859,188,152,163,165,191,2239,203,225,221,234,233,213,239,223,224,224,2927,230,199,211,190,183,208,213,179,191,208,179,182,172,172,210,2263,173,165,181,151,165,226,158,147,135,137,142,119,128,117,119,791,96,114,87,79,61,79,77,57,69,72,372,47,50,34,44,40,47,36,27,29,18,160,31,21,21,17,13,17,9,9,6,6,2,0,3,1,0,4
2021,"Ealing 030","E02000267",8153,496,89,112,97,99,99,558,85,100,126,122,125,676,131,114,112,136,93,90,327,115,96,64,52,363,48,73,73,78,91,1188,99,102,129,123,103,138,115,129,123,127,2191,117,147,130,143,139,159,137,151,172,171,149,135,167,137,137,1478,126,123,115,110,113,94,147,93,78,106,74,87,68,68,76,544,75,85,46,58,57,38,47,45,50,43,246,37,35,32,26,22,22,18,21,19,14,86,10,12,17,11,8,6,5,4,3,3,3,2,1,1,0,0
2021,"Ealing 031","E02000268",9248,470,73,90,104,112,91,452,93,102,77,98,82,529,91,99,88,79,80,92,322,89,82,79,72,613,79,118,118,158,140,1461,155,137,137,181,124,169,145,142,124,147,2256,165,186,156,155,162,151,164,145,122,125,149,145,135,148,148,1773,104,127,129,130,125,136,159,109,155,121,107,113,87,103,68,814,81,95,73,81,80,77,74,98,82,73,396,43,51,52,52,38,28,35,36,31,30,162,23,18,21,20,21,16,6,8,7,5,3,4,4,2,1,3
2021,"Ealing 032","E02000269",8163,513,95,86,108,113,111,509,119,87,87,119,97,549,110,98,96,84,89,72,255,76,72,58,49,334,30,53,65,82,104,1204,104,113,132,99,126,120,106,152,131,121,2094,155,132,145,153,203,147,153,145,126,127,125,129,133,122,99,1606,137,111,115,123,116,109,111,146,82,112,81,105,93,94,71,615,86,74,62,52,62,43,49,63,68,56,335,43,45,28,30,30,40,29,26,35,29,149,25,16,19,7,13,21,9,10,13,2,4,3,1,2,1,3
2021,"Ealing 033","E02000270",9609,701,179,136,146,126,114,554,116,90,109,117,122,583,88,100,116,95,108,76,394,115,114,91,74,549,83,94,115,116,141,2260,148,166,227,244,256,249,221,235,220,294,2444,220,245,181,163,176,180,193,150,143,139,143,139,138,122,112,1344,120,122,123,92,82,107,92,84,106,95,72,55,80,56,58,442,56,48,60,56,38,46,46,28,33,31,243,36,27,32,31,20,23,24,17,23,10,95,15,17,11,9,9,4,3,7,4,5,2,3,2,2,2,0
2021,"Ealing 034","E02000271",6951,425,76,88,88,93,80,435,85,104,84,87,75,456,87,82,63,72,82,70,213,79,54,60,20,319,27,76,54,69,93,1010,97,105,85,72,110,116,109,108,103,105,1686,107,97,144,116,129,104,123,107,104,113,108,112,104,110,108,1467,127,95,121,114,119,97,90,116,94,123,91,77,53,83,67,556,54,49,66,62,47,43,52,50,63,70,290,41,45,34,33,24,22,31,22,20,18,94,14,13,11,15,10,7,8,3,2,2,2,3,2,1,1,0
2021,"Ealing 035","E02000272",6714,329,51,58,75,79,66,445,89,88,86,86,96,579,89,104,91,116,82,97,270,82,70,78,40,297,50,52,56,69,70,692,65,66,71,62,72,71,75,60,74,76,1571,91,84,104,94,102,115,104,125,119,85,130,109,105,102,102,1375,126,130,99,98,90,103,96,89,82,100,79,82,65,64,72,627,72,61,73,61,52,69,55,59,59,66,389,42,49,47,57,42,33,35,26,21,37,140,33,21,19,11,9,11,8,7,6,5,5,2,1,1,1,0
2021,"Ealing 038","E02000275",8170,443,88,87,94,90,84,543,85,102,99,116,141,624,97,115,97,101,113,101,422,119,91,110,102,501,95,85,116,99,106,1278,98,126,113,141,123,109,172,143,110,143,1752,127,114,108,124,107,134,150,121,108,126,115,108,109,112,89,1475,130,103,96,113,94,99,127,112,90,98,79,84,76,85,89,662,73,80,71,75,81,49,76,55,50,52,323,28,37,40,33,34,32,27,28,31,33,147,25,24,19,16,17,9,9,4,5,3,2,5,4,3,0,2
2021,"Ealing 039","E02000276",6754,423,103,73,98,82,67,423,83,74,95,82,89,488,80,82,89,76,109,52,243,82,55,58,48,391,58,75,85,76,97,1066,104,85,104,83,96,121,124,125,115,109,1762,137,119,114,117,123,154,114,130,102,117,108,115,117,106,89,1188,119,123,108,85,77,75,94,86,70,66,74,56,63,46,46,410,60,51,39,41,50,37,35,34,30,33,261,35,28,31,21,36,24,32,19,23,12,99,22,12,10,13,10,12,6,1,4,2,3,2,0,2,0,0
2021,"Ealing 040","E02006791",7554,452,104,74,105,82,87,389,74,80,82,70,83,395,64,79,61,79,60,52,225,57,44,72,52,416,53,54,80,120,109,1502,123,119,131,121,152,142,160,217,176,161,2094,137,151,172,177,148,149,157,131,137,130,132,114,98,138,123,1253,116,90,112,106,74,103,100,79,81,75,73,77,54,63,50,488,51,51,51,44,48,44,53,39,57,50,280,44,53,35,28,25,24,25,15,17,14,60,11,12,8,6,6,6,3,3,1,0,3,1,0,0,0,0
2021,"Ealing 041","E02006968",8343,430,63,97,78,74,118,517,88,98,123,115,93,523,86,111,92,82,83,69,253,78,79,50,46,438,38,78,101,108,113,1456,122,150,144,165,148,143,136,141,157,150,2117,185,145,189,130,126,138,142,139,125,143,118,160,115,131,131,1407,98,128,89,149,88,110,101,76,92,92,79,74,69,71,91,636,67,60,61,55,96,53,71,47,64,62,411,38,82,49,51,44,35,36,29,28,19,155,30,12,16,23,11,17,10,13,6,3,3,2,4,2,2,1
2021,"Ealing 042","E02006969",6431,417,95,107,67,65,83,266,50,68,43,56,49,263,69,43,39,53,30,29,144,30,30,32,52,376,54,55,81,85,101,1714,140,175,179,155,146,223,201,191,148,156,1712,145,155,180,138,163,102,128,93,104,92,92,79,82,73,86,862,72,75,71,75,63,79,41,59,62,51,43,43,42,45,41,359,64,46,40,33,44,27,30,30,26,19,215,32,23,25,29,18,17,21,16,21,13,103,14,5,13,5,14,4,6,3,6,9,7,5,2,4,3,3
2021,"Ealing 043","E02006970",7348,487,108,97,80,95,107,482,98,91,97,96,100,713,109,140,134,116,99,115,434,118,113,94,109,503,108,88,107,97,103,1068,94,106,98,99,95,116,109,118,125,108,1895,106,118,142,122,123,133,151,138,125,127,123,120,115,145,107,1192,127,104,99,109,102,83,71,72,60,69,60,68,52,53,63,365,56,44,44,37,31,30,36,40,27,20,164,16,10,21,13,22,15,18,18,17,14,45,5,10,10,5,4,4,2,3,1,0,0,0,0,0,0,1
2021,"Ealing 044","E02006971",8295,462,83,74,88,113,104,540,95,106,106,121,112,796,125,140,141,148,121,121,472,112,120,116,124,571,108,122,128,107,106,1161,128,99,123,105,92,108,127,116,120,143,1963,119,128,152,131,126,155,122,137,123,145,132,124,133,109,127,1434,132,138,116,92,95,85,99,102,81,87,101,76,92,73,65,536,68,76,59,48,49,53,54,44,38,47,281,39,34,32,27,27,26,26,26,24,20,79,13,13,9,8,10,9,2,3,2,2,3,1,3,0,0,1
2021,"Enfield 001","E02000277",7523,487,77,111,88,103,108,549,103,109,121,129,87,765,140,115,105,166,130,109,422,125,112,88,97,482,113,72,89,120,88,975,104,89,130,89,111,79,105,103,74,91,1494,115,77,83,82,97,88,95,94,125,101,105,75,140,124,93,1390,98,99,116,80,108,125,109,92,106,96,89,67,74,70,61,475,50,63,56,50,45,46,39,43,42,41,317,30,31,31,30,44,39,43,35,21,13,167,26,23,18,19,17,12,8,9,3,11,6,3,1,3,5,3
2021,"Enfield 002","E02000278",9434,568,76,123,121,116,132,727,129,149,145,142,162,979,148,170,172,179,155,155,581,183,134,139,125,638,115,113,130,137,143,1244,128,99,109,107,116,109,181,122,141,132,1889,147,138,114,129,129,151,145,124,108,108,120,126,113,127,110,1748,111,149,150,124,132,153,122,147,127,90,110,76,109,69,79,552,69,68,61,47,51,50,44,43,57,62,375,47,37,57,37,31,35,53,36,26,16,133,20,14,18,11,16,9,6,10,6,8,4,5,3,1,2,0
2021,"Enfield 003","E02000279",12318,949,122,195,219,224,189,999,195,230,165,181,228,1293,227,209,248,216,217,176,714,196,208,169,141,766,118,135,155,152,206,1853,213,170,222,161,188,157,187,186,186,183,2736,171,183,186,192,218,189,189,160,180,154,204,187,154,216,153,2060,171,144,166,144,153,168,210,171,119,108,125,107,88,97,89,584,74,72,70,67,54,51,56,56,48,36,277,38,32,44,24,23,26,30,22,25,13,87,16,15,10,10,13,6,5,3,3,1,1,0,1,0,0,3
2021,"Enfield 004","E02000280",8649,584,104,130,107,114,129,603,127,119,127,114,116,713,114,117,111,126,119,126,373,91,98,87,97,391,64,60,75,86,106,1003,90,82,88,92,90,115,109,110,116,111,1902,120,124,102,123,119,123,149,127,142,130,126,142,139,124,112,1620,120,119,121,120,118,127,114,130,107,110,99,86,91,89,69,762,80,67,66,106,64,72,84,70,93,60,471,60,53,74,54,52,25,44,28,38,43,227,36,21,25,30,21,19,18,9,11,6,6,5,9,1,1,9
2021,"Enfield 005","E02000281",9650,657,132,134,136,123,132,769,181,144,125,145,174,851,152,136,138,161,141,123,545,143,149,134,119,560,98,110,122,113,117,1299,103,170,106,121,117,130,175,115,127,135,2123,125,139,150,142,114,157,160,178,141,164,110,120,125,167,131,1729,131,147,130,154,116,133,127,118,115,100,123,112,64,87,72,621,66,57,76,69,52,50,57,51,77,66,351,44,40,38,36,44,29,28,32,31,29,145,33,19,15,13,11,12,12,10,4,6,1,4,1,4,0,0
2021,"Enfield 006","E02000282",9949,781,127,161,166,166,161,864,170,149,162,183,200,1146,190,202,208,159,173,214,630,185,168,152,125,653,115,130,129,148,131,1299,141,136,134,120,130,150,112,134,127,115,2011,140,144,118,129,120,160,139,176,127,120,123,128,110,145,132,1684,120,131,171,141,135,142,125,117,94,67,89,111,84,88,69,508,55,73,41,39,50,48,43,61,49,49,274,28,30,34,27,35,38,28,22,17,15,99,26,18,9,6,5,11,5,5,2,1,2,2,4,3,0,0
2021,"Enfield 007","E02000283",8539,525,74,92,128,108,123,618,113,111,135,140,119,898,172,129,140,149,141,167,527,153,131,126,117,584,106,104,131,115,128,1155,133,119,132,137,126,107,91,107,103,100,1696,110,113,117,126,113,100,109,122,111,111,107,108,107,132,110,1586,123,128,118,122,95,125,114,117,111,98,96,88,85,91,75,503,61,60,56,40,49,49,39,54,43,52,334,44,37,30,39,28,30,42,35,24,25,113,19,18,14,10,15,6,6,5,7,5,0,3,2,0,1,2
2021,"Enfield 008","E02000284",8748,602,117,105,131,123,126,531,104,117,101,106,103,695,119,110,107,131,93,135,332,104,86,88,54,358,57,67,78,75,81,1140,95,75,109,111,120,102,111,145,128,144,2109,139,139,149,151,149,156,164,159,136,137,121,130,113,139,127,1678,128,123,143,141,111,129,134,122,119,87,88,89,109,74,81,699,77,81,68,71,65,71,57,52,74,83,429,59,55,47,48,39,37,40,39,43,22,175,17,27,24,22,20,9,12,8,5,9,6,6,2,5,1,2
2021,"Enfield 009","E02000285",6636,371,55,73,80,87,76,394,89,75,74,77,79,505,87,89,74,89,78,88,270,82,78,64,46,360,59,60,89,76,76,679,77,74,53,61,73,66,69,64,76,66,1327,76,86,91,85,94,79,98,91,109,100,78,72,78,83,107,1482,89,104,94,121,101,111,102,101,102,100,97,84,114,83,79,687,66,69,91,54,72,64,69,50,75,77,372,41,45,50,51,35,27,30,33,29,31,189,36,23,24,17,26,18,16,7,7,4,2,5,2,0,0,2
2021,"Enfield 010","E02000286",8687,498,104,108,98,95,93,485,100,81,97,108,99,632,133,90,104,115,105,85,271,83,77,66,45,298,41,52,61,80,64,1144,87,99,94,95,113,136,138,136,129,117,1971,122,126,126,125,137,161,150,128,125,133,118,90,163,158,109,1581,99,124,112,116,86,122,124,100,114,93,114,104,94,92,87,877,98,93,97,81,75,87,83,86,87,90,599,84,62,75,59,54,49,69,42,58,47,331,39,46,39,34,37,30,40,16,11,7,7,9,8,1,3,4
2021,"Enfield 011","E02000287",7358,392,81,72,75,90,74,365,81,57,77,78,72,585,103,93,107,103,90,89,275,90,81,62,42,333,50,60,62,62,99,842,72,88,88,60,90,71,90,95,87,101,1480,112,102,95,76,97,99,100,96,110,100,97,93,101,89,113,1418,103,90,112,96,89,104,86,105,98,96,92,104,87,86,70,776,78,78,81,79,83,78,63,92,70,74,609,67,76,80,61,36,56,65,63,52,53,283,34,24,40,37,23,21,24,19,13,17,11,12,3,0,3,2
2021,"Enfield 012","E02000288",12780,888,146,184,172,181,205,1002,247,177,182,191,205,1403,223,274,237,227,199,243,905,214,280,221,190,1024,135,205,255,270,159,1643,143,138,162,166,181,133,168,156,201,195,2633,168,172,169,196,168,190,156,215,158,165,217,192,146,137,184,2129,204,205,160,133,159,157,167,160,119,119,137,114,121,97,77,591,57,70,65,73,51,50,69,48,59,49,410,57,59,37,44,31,39,47,36,30,30,152,18,28,20,20,7,12,11,11,6,5,4,4,5,1,0,0
2021,"Enfield 013","E02000289",6775,325,63,58,59,78,67,419,73,78,80,106,82,565,86,105,87,92,94,101,276,87,81,60,48,358,52,64,80,82,80,672,64,71,78,62,63,66,63,67,67,71,1323,73,85,82,61,90,90,87,102,92,97,86,89,94,94,101,1470,105,93,92,123,101,118,103,93,116,108,88,75,91,92,72,698,73,67,66,57,64,62,66,76,90,77,460,47,52,49,51,47,49,57,41,40,27,209,29,31,36,15,20,22,22,11,11,1,0,3,5,0,0,3
2021,"Enfield 014","E02000290",6681,549,101,105,106,127,110,587,125,102,118,113,129,698,124,118,118,115,122,101,381,85,142,84,70,378,54,83,75,73,93,1009,105,98,87,107,84,96,107,111,111,103,1493,128,114,88,90,132,114,90,97,108,99,82,96,78,91,86,1026,90,78,91,66,75,77,58,74,58,70,62,76,52,48,51,323,43,37,43,38,41,22,27,25,22,25,174,20,28,16,19,15,17,19,13,15,12,63,10,4,8,9,7,9,8,4,1,0,1,0,0,1,0,1
2021,"Enfield 015","E02000291",10155,728,169,129,145,150,135,644,135,128,134,112,135,747,123,132,118,120,121,133,383,98,115,93,77,503,87,87,111,98,120,1586,125,116,130,152,149,148,181,159,230,196,2382,189,162,124,202,187,169,183,135,152,148,148,152,128,168,135,1703,129,129,141,113,128,124,117,128,115,112,108,87,91,86,95,732,84,85,66,72,79,70,62,72,72,70,454,62,49,59,37,47,34,39,43,43,41,293,41,40,29,31,25,25,27,21,21,17,3,6,2,1,3,1
2021,"Enfield 016","E02000292",9834,641,127,135,141,119,119,704,133,130,129,158,154,878,157,159,138,137,141,146,527,144,140,131,112,563,106,118,112,121,106,1279,97,114,102,114,125,141,153,146,148,139,2181,145,166,127,145,148,173,197,123,147,123,124,141,133,146,143,1788,142,131,138,130,122,125,128,134,118,122,132,84,110,86,86,684,78,74,73,69,71,57,68,65,71,58,436,62,49,55,42,36,28,48,40,36,40,153,25,33,18,14,16,9,4,9,5,7,5,1,1,2,0,4
2021,"Enfield 017","E02000293",6407,294,60,60,51,61,62,376,63,77,72,81,83,506,96,87,80,80,72,91,254,91,62,59,42,290,46,45,62,68,69,592,70,45,69,51,59,59,61,64,55,59,1217,63,64,77,75,77,97,78,93,85,76,73,72,92,93,102,1403,92,96,96,101,109,112,108,93,88,91,95,93,81,75,73,727,61,86,85,69,66,66,59,82,82,71,508,65,93,50,56,40,40,41,38,38,47,240,35,28,27,32,28,23,12,19,15,6,5,3,4,3,0,0
2021,"Enfield 018","E02000294",9380,527,84,109,99,121,114,712,140,131,140,142,159,941,171,153,155,146,165,151,570,164,156,147,103,645,120,105,142,154,124,1154,114,126,126,117,119,105,118,113,108,108,1853,132,106,115,121,136,142,134,127,138,107,115,115,104,116,145,1749,141,120,99,148,131,136,153,132,112,111,109,109,77,91,80,673,84,82,71,64,62,65,54,74,60,57,424,53,69,41,36,39,38,41,34,44,29,132,24,25,11,15,16,13,5,8,5,5,0,3,2,0,0,0
2021,"Enfield 019","E02000295",8706,536,75,119,110,106,126,588,125,109,121,136,97,676,131,107,118,120,95,105,368,110,114,77,67,376,73,55,68,92,88,1026,77,95,91,85,92,108,94,115,124,145,2092,136,125,163,138,137,150,156,150,129,147,153,105,143,122,138,1620,110,124,122,123,111,105,114,115,116,102,114,90,82,94,98,684,94,71,63,62,74,62,61,78,51,68,486,57,38,55,37,41,59,70,43,43,43,254,43,34,34,24,26,16,16,15,8,12,5,7,5,3,2,4
2021,"Enfield 020","E02000296",10348,624,120,126,117,128,133,649,135,127,139,118,130,808,128,147,143,147,120,123,448,130,118,107,93,500,76,99,104,113,108,1474,117,133,115,143,121,168,157,180,171,169,2544,154,185,180,172,195,172,202,191,165,154,159,176,154,146,139,1711,150,154,138,134,119,94,116,96,129,101,115,114,87,75,89,705,72,69,78,67,62,78,80,72,54,73,600,62,68,56,67,54,54,40,67,69,63,285,49,35,27,26,30,37,22,10,12,13,7,9,4,2,2,0
2021,"Enfield 021","E02000297",9392,535,92,107,119,108,109,499,105,98,99,92,105,635,113,106,127,94,96,99,351,102,93,90,66,488,97,79,92,106,114,1059,90,95,90,110,113,77,117,119,130,118,1875,146,126,127,103,146,132,126,141,101,122,122,141,112,107,123,1965,111,145,137,149,142,116,120,121,147,144,116,137,107,144,129,1079,153,101,118,97,102,95,96,87,109,121,627,89,84,72,53,46,57,70,59,52,45,279,43,43,50,23,27,25,14,14,8,7,4,6,3,9,0,3
2021,"Enfield 022","E02000298",8254,463,77,89,98,91,108,485,91,91,81,87,135,629,98,108,129,114,91,89,295,88,84,69,54,336,46,52,75,82,81,911,137,81,78,72,76,108,86,100,97,76,1802,101,103,110,120,145,131,140,124,122,108,118,111,119,136,114,1755,124,126,130,123,124,130,135,123,116,98,100,128,108,100,90,876,121,92,93,72,75,76,78,105,73,91,502,68,64,55,54,53,44,45,38,40,41,200,34,39,26,16,14,15,14,7,6,10,6,3,4,3,1,2
2021,"Enfield 023","E02000299",9500,623,121,127,103,136,136,766,145,137,122,188,174,966,166,158,135,188,173,146,564,193,159,116,96,610,122,115,135,109,129,1206,104,107,123,133,110,120,131,109,134,135,2000,145,149,128,112,131,139,145,138,129,154,135,138,118,127,112,1693,140,133,128,142,119,109,121,94,110,112,120,80,106,88,91,579,82,74,65,65,63,56,39,45,40,50,352,33,47,36,27,33,35,38,35,40,28,141,29,26,14,19,6,6,7,13,7,2,6,1,1,3,1,0
2021,"Enfield 024","E02000300",8859,675,111,146,156,137,125,642,120,123,132,116,151,798,126,124,143,154,138,113,482,135,129,120,98,578,99,105,123,124,127,1360,107,114,91,169,124,152,125,143,169,166,1761,107,132,124,131,138,138,97,95,117,113,107,129,115,100,118,1574,158,112,116,107,114,99,123,119,97,70,99,115,95,71,79,544,73,78,52,52,55,55,51,42,44,42,328,33,28,37,48,35,49,22,19,34,23,117,17,28,13,13,5,10,7,6,4,5,0,2,2,3,2,0
2021,"Enfield 025","E02000301",10221,653,125,133,118,140,137,813,163,155,129,189,177,1001,183,142,172,153,181,170,621,208,160,134,119,719,157,143,144,136,139,1437,155,139,150,136,136,155,129,141,145,151,2100,148,140,120,127,149,137,140,142,131,166,122,136,147,149,146,1821,135,149,135,137,123,147,156,124,122,99,99,95,106,99,95,614,75,75,73,59,49,54,59,57,50,63,316,41,41,30,34,29,31,31,23,36,20,126,19,24,21,14,13,7,6,6,6,3,0,3,1,2,0,1
2021,"Enfield 026","E02000302",8674,492,84,95,99,93,121,598,126,119,125,122,106,584,103,103,105,103,88,82,381,76,121,112,72,468,68,82,84,108,126,1070,113,106,83,110,110,87,97,120,135,109,1942,122,152,149,122,129,131,132,127,111,139,123,137,112,149,107,1681,116,98,121,134,111,142,132,94,141,89,108,135,102,83,75,792,99,91,71,62,68,90,91,86,65,69,473,56,52,49,72,50,51,43,44,32,24,193,34,31,27,19,16,12,19,12,2,7,7,3,1,1,1,1
2021,"Enfield 027","E02000303",8367,565,86,111,121,112,135,558,105,95,112,119,127,767,120,132,131,131,123,130,544,126,148,139,131,673,105,112,169,139,148,1147,130,123,121,108,116,107,120,98,117,107,1691,122,125,100,109,115,91,116,134,118,108,108,113,91,118,123,1483,109,123,105,123,117,105,111,104,97,77,95,80,86,88,63,532,74,68,56,48,59,53,44,42,43,45,274,42,48,21,21,22,29,30,20,29,12,133,31,20,19,18,11,8,9,6,3,3,2,1,0,1,1,0
2021,"Enfield 028","E02000304",8045,420,77,84,90,91,78,481,91,116,92,100,82,591,92,85,103,96,120,95,322,107,96,79,40,341,43,56,76,90,76,815,86,64,77,77,71,92,88,78,98,84,1681,92,115,96,101,104,167,119,119,110,104,101,111,119,123,100,1717,104,108,125,133,110,141,122,144,119,110,108,98,97,85,113,847,89,88,83,82,96,77,101,81,79,71,556,87,61,53,76,59,47,49,41,36,47,274,35,37,33,29,21,18,23,19,12,9,13,7,6,4,4,4
2021,"Enfield 029","E02000305",8875,565,119,114,104,109,119,464,87,110,81,90,96,536,82,77,112,102,82,81,315,91,81,79,64,401,55,70,95,80,101,1333,113,113,125,112,120,136,148,141,170,155,2152,171,168,146,125,149,192,159,143,150,134,132,143,107,105,128,1849,144,134,146,114,125,148,135,144,94,137,116,92,109,112,99,694,88,83,66,93,70,50,61,60,66,57,376,58,42,57,42,33,35,33,31,29,16,190,26,32,20,17,17,15,17,11,8,8,9,1,7,0,1,1
2021,"Enfield 030","E02000306",9130,669,105,163,104,130,167,707,170,131,136,120,150,916,154,140,189,127,141,165,539,141,153,155,90,579,92,96,140,110,141,1304,135,112,115,134,144,140,126,121,138,139,1951,143,152,124,126,121,109,131,116,136,128,138,110,142,145,130,1586,141,120,135,118,105,116,110,98,120,90,76,104,93,95,65,507,70,62,50,53,62,33,39,54,42,42,277,36,38,33,18,24,25,30,22,28,23,95,17,18,15,8,8,8,7,4,3,4,1,2,0,0,0,0
2021,"Enfield 031","E02000307",10112,597,118,109,118,124,128,715,130,135,133,182,135,981,160,156,196,159,126,184,569,151,183,122,113,631,108,106,132,179,106,1320,125,133,135,127,141,118,119,165,126,131,2048,128,154,129,138,138,164,120,130,128,131,142,129,127,122,168,1940,114,158,127,156,134,139,148,125,135,132,133,134,107,105,93,750,119,83,73,85,56,71,85,62,56,60,405,49,45,49,44,41,30,38,32,42,35,156,24,24,18,19,12,13,20,10,6,4,3,2,0,1,0,0
2021,"Enfield 032","E02000308",8761,532,96,86,120,111,119,493,103,93,88,112,97,687,105,107,109,134,117,115,394,85,107,112,90,550,74,123,93,95,165,1469,163,115,131,140,161,167,142,140,179,131,2043,161,142,130,143,145,167,136,136,166,123,116,129,118,130,101,1522,151,87,114,105,104,138,107,102,104,82,82,102,83,86,75,563,57,76,65,54,52,60,49,48,43,59,366,44,41,39,45,44,27,36,43,20,27,142,28,25,17,25,8,8,14,4,3,6,1,0,1,2,0,0
2021,"Enfield 033","E02000309",11790,875,141,199,156,179,200,1044,177,186,193,198,290,1080,187,185,173,190,189,156,724,198,219,174,133,756,168,139,147,137,165,1728,181,180,206,155,159,164,159,180,182,162,2524,249,135,138,179,164,253,155,157,150,156,147,146,165,154,176,1974,174,165,161,140,130,150,188,122,112,119,113,126,97,83,94,599,82,74,87,73,51,57,60,44,38,33,300,39,27,43,26,24,30,32,32,20,27,186,15,21,22,8,11,13,6,4,5,0,39,20,12,7,3,0
2021,"Enfield 035","E02000311",10544,648,105,132,141,130,140,597,132,115,118,101,131,788,131,120,139,119,129,150,433,120,121,105,87,736,101,211,123,132,169,1719,136,152,228,163,188,162,140,187,202,161,2272,123,160,138,163,178,162,154,159,146,156,134,154,157,150,138,1964,152,133,143,135,132,149,138,148,137,96,102,174,98,131,96,789,78,89,83,77,82,88,72,84,72,64,414,55,57,51,36,30,46,35,38,38,28,184,30,27,27,20,18,11,14,8,11,8,3,3,2,0,2,0
2021,"Enfield 036","E02000312",11301,780,153,161,157,166,143,605,144,104,117,132,108,602,106,107,107,108,90,84,434,118,107,127,82,568,85,90,102,138,153,1945,196,144,171,211,174,211,205,205,206,222,2931,212,214,221,203,234,211,228,264,178,192,165,144,165,159,141,1959,147,179,125,139,142,143,139,131,119,134,109,113,110,143,86,823,118,69,79,76,85,77,91,71,96,61,457,51,51,41,48,46,49,44,50,40,37,197,33,23,28,26,21,20,13,8,9,4,7,4,0,0,1,0
2021,"Enfield 037","E02006793",9655,650,99,137,150,132,132,711,147,151,136,135,142,957,151,143,148,170,176,169,622,195,165,132,130,635,121,123,151,115,125,1403,123,122,165,127,127,142,181,145,131,140,2052,146,153,129,125,139,171,143,132,130,128,113,150,120,130,143,1727,218,123,121,151,116,106,118,107,126,110,97,103,87,73,71,503,59,63,62,74,48,67,32,30,41,27,271,30,32,28,33,23,34,24,27,17,23,124,25,17,27,7,9,11,6,5,5,3,3,3,0,1,0,2
2021,"Greenwich 001","E02000313",6499,434,93,88,81,81,91,476,84,84,101,114,93,717,129,89,131,126,120,122,314,90,107,65,52,384,65,69,71,91,88,818,106,93,71,80,64,55,76,88,90,95,1491,81,66,101,84,106,115,112,115,82,86,113,78,131,108,113,1280,87,138,107,98,97,90,99,68,79,85,81,82,61,58,50,396,45,51,53,50,38,30,33,30,29,37,148,26,25,19,17,15,12,10,9,8,7,41,5,6,8,6,4,4,2,0,2,2,0,2,0,0,0,0
2021,"Greenwich 002","E02000314",14113,1010,167,200,229,204,210,1100,204,241,198,233,224,1349,225,239,221,240,236,188,752,215,186,164,187,1205,221,277,301,198,208,2118,223,193,166,220,180,266,245,210,212,203,3560,212,209,232,232,227,298,272,230,211,258,274,231,238,208,228,2315,202,196,213,176,191,181,171,170,164,156,124,119,87,88,77,451,79,56,45,51,43,53,26,37,37,24,190,30,17,26,24,13,18,25,9,17,11,63,6,8,5,9,9,1,6,3,6,0,1,2,0,0,2,5
2021,"Greenwich 003","E02000315",9865,675,142,161,143,107,122,830,185,131,185,162,167,1074,175,182,202,181,181,153,540,151,139,142,108,579,109,102,126,127,115,1475,144,105,137,226,113,128,133,136,169,184,2121,175,170,161,147,111,153,143,122,133,123,132,131,171,126,123,1691,143,123,132,124,146,139,118,138,105,91,103,103,82,74,70,517,75,69,66,56,47,35,44,40,48,37,241,45,29,32,18,33,12,27,19,17,9,122,24,18,8,11,12,10,8,9,5,4,6,2,4,0,0,1
2021,"Greenwich 005","E02000317",7570,518,86,114,102,107,109,554,125,96,105,109,119,702,113,119,136,109,105,120,383,109,101,99,74,501,86,90,91,105,129,1207,105,113,107,134,125,122,106,165,121,109,1725,126,113,124,123,115,145,116,97,106,111,125,104,117,99,104,1283,98,157,111,97,88,82,92,88,68,57,92,67,65,69,52,432,58,53,57,45,41,49,30,27,38,34,197,36,22,17,12,20,22,25,15,13,15,68,10,10,7,7,5,7,4,1,1,2,6,0,0,2,5,1
2021,"Greenwich 006","E02000318",11070,806,155,166,184,139,162,763,116,150,168,157,172,776,131,112,103,171,142,117,518,134,148,126,110,712,128,179,136,132,137,1942,129,191,138,218,279,196,213,182,215,181,2430,218,202,191,171,130,212,155,158,176,145,137,154,125,143,113,1931,154,167,177,125,154,130,117,122,129,137,157,94,100,85,83,680,82,107,63,73,68,75,60,43,55,54,380,52,50,52,48,33,36,32,34,26,17,132,19,20,8,16,18,16,14,9,9,2,0,0,0,1,0,0
2021,"Greenwich 007","E02000319",10617,748,140,156,157,142,153,746,153,155,132,143,163,792,138,136,157,114,137,110,427,103,121,103,100,637,111,121,123,119,163,1858,169,133,177,175,190,162,205,228,190,229,2663,227,181,191,193,161,198,211,158,190,156,139,179,182,153,144,1894,155,149,182,114,113,153,119,156,153,123,105,147,84,72,69,562,72,83,52,64,56,45,58,45,46,41,222,26,40,28,28,25,20,16,14,11,14,68,15,13,8,6,9,4,4,0,4,1,3,1,0,0,0,0
2021,"Greenwich 008","E02000320",7044,452,73,93,90,87,109,516,104,129,89,97,97,592,114,102,93,93,109,81,315,83,82,82,68,416,74,82,75,92,93,1090,117,100,113,90,110,109,103,118,117,113,1624,105,119,111,109,140,96,103,114,99,141,107,115,91,85,89,1299,114,96,105,88,94,100,80,85,89,82,100,66,73,58,69,467,62,72,40,52,47,39,37,25,66,27,218,33,30,25,31,25,18,15,13,10,18,55,9,10,7,3,4,6,3,3,1,1,1,3,0,1,0,3
2021,"Greenwich 009","E02000321",7719,529,95,111,95,119,109,577,128,118,116,103,112,631,109,109,106,96,112,99,337,110,84,82,61,484,75,66,84,154,105,1298,110,97,132,120,135,129,126,141,153,155,1739,124,141,122,132,114,139,142,102,103,106,100,108,98,98,110,1383,107,97,100,103,102,96,87,114,81,75,86,138,84,48,65,429,54,50,44,46,45,42,45,33,34,36,233,36,27,27,20,29,18,27,15,15,19,79,14,8,12,4,6,8,2,4,2,2,6,3,2,2,0,4
2021,"Greenwich 011","E02000323",12858,916,195,163,184,152,222,946,194,153,193,205,201,1037,180,220,159,146,158,174,678,141,211,186,140,867,159,125,206,198,179,2479,209,205,199,225,270,293,278,250,310,240,3096,241,273,243,209,204,258,208,245,169,174,185,191,183,165,148,1866,175,158,143,143,167,134,114,120,107,131,112,130,90,70,72,587,76,65,70,76,54,62,43,63,49,29,287,28,31,54,32,23,21,37,31,14,16,99,26,17,13,4,7,3,6,7,2,5,4,2,0,2,1,0
2021,"Greenwich 012","E02000324",7860,515,94,109,102,108,102,575,95,108,115,127,130,656,105,107,112,110,117,105,415,95,130,90,100,488,71,89,130,89,109,1216,127,108,142,102,109,125,133,126,115,129,1767,122,125,109,139,105,138,128,117,118,80,134,130,103,82,137,1346,123,84,99,122,101,94,81,76,70,101,91,89,62,76,77,491,63,60,51,58,39,54,36,48,42,40,271,26,32,41,32,28,19,30,25,22,16,120,25,19,13,14,7,10,9,4,6,7,2,1,1,1,1,0
2021,"Greenwich 014","E02000326",7790,480,90,79,99,102,110,501,92,107,98,107,97,537,103,91,87,89,91,76,244,64,67,65,48,358,60,66,86,71,75,1430,87,115,120,159,162,130,172,118,237,130,2094,158,130,162,197,122,189,140,131,123,114,131,120,143,109,125,1369,120,103,102,115,138,87,95,95,84,74,111,61,62,76,46,465,67,47,45,40,45,39,51,45,44,42,231,32,40,24,17,31,18,22,14,18,15,81,16,17,8,7,9,7,5,2,3,4,0,0,0,1,0,2
2021,"Greenwich 015","E02000327",6620,493,95,106,93,89,110,465,91,107,88,77,102,535,83,84,75,102,91,100,337,81,100,76,80,465,55,85,109,105,111,1226,120,90,133,126,124,120,113,121,145,134,1544,117,109,137,92,126,82,104,103,120,88,78,84,96,102,106,1095,80,76,72,131,91,89,82,69,60,74,62,50,78,36,45,301,40,39,37,33,30,20,31,24,22,25,118,14,16,14,19,6,14,9,5,9,12,41,10,1,7,6,6,1,4,3,0,1,0,0,2,0,0,0
2021,"Greenwich 016","E02000328",6509,360,74,66,59,96,65,367,68,81,79,70,69,431,60,65,75,80,73,78,208,70,65,37,36,258,29,45,42,61,81,1102,78,77,105,100,134,116,132,129,124,107,1634,108,117,117,96,85,110,128,105,108,103,103,97,102,110,145,1223,115,88,97,96,78,74,91,71,72,78,55,86,78,81,63,521,49,71,44,58,53,48,62,40,52,44,277,39,44,34,30,28,26,28,23,10,15,128,11,14,12,21,23,11,9,6,4,7,4,1,0,2,2,1
2021,"Greenwich 017","E02000329",6330,419,86,90,83,71,89,405,75,83,88,88,71,478,77,74,89,82,81,75,266,93,57,58,58,328,72,64,59,65,68,849,88,76,73,65,107,89,81,95,86,89,1365,75,102,81,92,104,104,113,91,100,85,70,93,69,85,101,1263,88,81,89,101,106,90,97,76,87,74,74,85,74,82,59,535,107,58,59,55,50,46,41,38,44,37,304,48,32,40,29,41,37,24,15,16,22,118,23,18,16,10,10,7,8,5,6,4,3,3,1,4,0,0
2021,"Greenwich 019","E02000331",8233,570,98,134,107,119,112,549,109,115,112,115,98,635,141,93,95,97,116,93,388,114,107,86,81,478,83,100,84,95,116,1366,124,109,109,129,178,133,151,152,140,141,2000,146,148,165,160,145,143,133,135,117,134,131,105,108,131,99,1394,136,143,115,99,77,106,71,92,94,79,102,82,75,72,51,501,58,66,59,48,47,48,49,28,54,44,261,41,33,29,18,29,23,18,34,15,21,91,12,11,15,7,7,15,5,6,2,1,4,3,1,2,0,0
2021,"Greenwich 020","E02000332",7459,451,83,104,105,85,74,507,95,133,94,85,100,564,110,128,74,97,84,71,252,93,52,63,44,410,55,61,127,88,79,946,80,66,98,72,91,92,113,93,137,104,1787,105,127,116,123,125,124,106,143,110,151,93,119,92,157,96,1484,111,117,107,138,116,88,88,101,101,101,94,90,89,70,73,589,66,51,52,83,62,64,44,51,50,66,359,61,58,33,55,23,30,26,31,21,21,110,19,20,22,9,8,6,8,5,5,0,2,4,2,0,0,0
2021,"Greenwich 021","E02000333",6246,321,80,62,58,59,62,377,80,60,61,95,81,419,71,92,75,69,64,48,145,45,42,35,23,240,23,30,46,73,68,1055,93,77,94,99,121,116,117,139,93,106,1565,133,99,96,113,109,102,128,109,112,104,95,120,93,73,79,1131,119,88,89,78,90,78,96,80,77,65,77,43,57,42,52,456,50,37,50,33,38,50,45,54,51,48,382,41,56,52,39,30,36,30,30,45,23,155,17,23,26,24,7,16,5,10,4,5,3,3,4,3,4,1
2021,"Greenwich 022","E02000334",6640,408,92,74,88,78,76,385,73,79,74,87,72,526,81,96,87,89,79,94,329,82,92,75,80,368,73,75,60,83,77,874,73,84,79,64,97,84,97,109,95,92,1547,109,111,125,127,111,98,111,108,91,91,108,100,87,92,78,1292,112,100,108,78,94,121,88,73,93,90,73,80,79,55,48,527,82,49,53,42,56,47,47,51,54,46,269,36,34,40,21,12,28,32,25,21,20,115,15,24,13,13,14,13,11,4,5,1,0,1,1,0,0,0
2021,"Greenwich 023","E02000335",6682,466,108,73,91,107,87,451,111,83,93,86,78,479,90,82,76,77,96,58,239,72,53,59,55,300,40,65,69,69,57,717,82,78,68,58,66,52,66,81,79,87,1576,103,104,106,123,117,130,108,112,104,104,112,83,95,88,87,1321,115,100,86,106,102,97,98,101,75,73,81,85,76,74,52,616,61,78,65,52,61,50,56,60,67,66,351,49,57,39,32,27,31,24,31,38,23,166,30,22,24,17,13,17,10,10,8,3,4,3,2,0,1,2
2021,"Greenwich 025","E02000337",8461,474,85,85,107,106,91,597,118,107,113,128,131,756,122,128,138,132,134,102,430,109,108,114,99,479,76,88,93,105,117,1112,104,109,104,112,100,111,103,113,137,119,1892,134,139,122,137,138,139,133,124,130,126,107,130,101,112,120,1620,125,121,117,108,109,130,136,105,97,109,110,90,81,102,80,621,73,76,60,62,47,67,49,55,65,67,369,53,45,44,40,41,35,33,30,30,18,111,19,17,13,14,14,10,8,7,0,2,1,0,2,2,1,1
2021,"Greenwich 027","E02000339",6286,363,66,72,72,71,82,390,80,71,88,73,78,455,76,71,74,90,71,73,234,59,61,66,48,320,50,58,78,52,82,693,62,62,59,75,69,69,77,77,79,64,1383,83,80,103,101,100,102,96,89,69,84,83,98,87,95,113,1231,91,116,116,77,83,83,82,79,68,73,89,76,59,73,66,667,80,81,63,64,72,59,52,60,64,72,380,58,58,51,32,28,30,38,31,31,23,170,22,27,28,14,12,18,14,14,6,2,6,3,0,2,0,2
2021,"Greenwich 028","E02000340",6867,399,82,81,86,78,72,387,89,66,89,67,76,470,86,69,92,90,58,75,211,60,60,43,48,331,45,62,65,74,85,978,79,81,101,92,93,97,101,119,117,98,1529,106,116,96,114,96,124,100,99,112,108,110,95,84,92,77,1223,87,84,95,87,94,97,83,86,84,84,76,70,65,65,66,669,91,60,73,40,68,58,59,66,69,85,449,66,63,62,39,40,29,37,41,34,38,221,36,30,25,23,23,22,14,12,11,5,4,3,3,4,3,3
2021,"Greenwich 029","E02000341",7990,527,91,111,109,101,115,600,125,112,123,118,122,824,144,128,138,135,153,126,399,120,117,94,68,413,80,77,83,92,81,1065,106,95,91,101,91,107,110,112,126,126,1770,141,132,126,117,125,114,145,137,115,112,96,105,90,109,106,1451,127,107,109,136,108,101,119,90,95,97,79,84,82,55,62,537,66,60,47,57,49,48,53,47,62,48,308,51,34,34,33,28,23,30,33,17,25,96,20,12,10,13,6,8,5,4,5,3,3,3,1,2,0,1
2021,"Greenwich 030","E02000342",6349,379,64,88,70,80,77,401,81,83,69,78,90,460,90,75,69,88,68,70,481,68,74,123,216,631,174,144,135,90,88,944,87,107,75,82,81,94,101,113,116,88,1271,99,93,107,100,92,102,90,107,59,74,78,65,67,73,65,1026,65,90,89,79,71,69,106,70,71,42,68,49,50,62,45,446,49,40,64,37,34,59,30,41,51,41,198,22,34,16,25,16,22,25,14,12,12,112,15,14,14,14,8,15,5,13,2,6,3,1,1,1,0,0
2021,"Greenwich 031","E02000343",7051,418,72,97,71,92,86,477,109,82,108,114,64,548,100,95,98,78,81,96,309,94,95,67,53,386,76,74,72,83,81,966,99,86,87,95,94,82,99,127,91,106,1470,77,105,101,110,110,110,105,107,96,85,101,86,87,95,95,1371,72,90,126,96,144,102,97,83,80,92,96,94,66,70,63,592,76,53,62,54,44,53,66,52,66,66,367,43,49,43,37,35,33,39,29,30,29,147,19,17,16,11,14,12,13,9,5,5,6,6,4,4,0,6
2021,"Greenwich 032","E02000344",6431,435,79,78,83,98,97,398,71,77,79,92,79,424,70,79,78,62,71,64,268,86,63,66,53,352,75,55,69,77,76,781,85,54,69,81,78,85,85,85,76,83,1396,89,77,109,110,94,114,106,93,92,85,80,83,77,77,110,1230,90,75,95,89,100,93,88,93,74,80,66,84,74,74,55,625,58,66,62,55,59,49,70,74,73,59,386,56,54,45,46,32,30,38,30,27,28,136,26,18,16,18,16,12,3,4,5,7,3,1,2,0,1,4
2021,"Greenwich 033","E02006786",7550,490,77,98,96,120,99,550,115,101,105,114,115,655,86,167,106,104,93,99,333,88,80,88,77,424,67,75,88,87,107,1173,98,69,107,113,137,140,146,109,121,133,1669,109,115,119,116,110,142,121,116,103,90,113,116,117,90,92,1416,99,98,143,112,103,93,108,111,88,97,93,67,71,73,60,521,56,65,57,52,45,47,48,36,67,48,249,25,37,26,25,24,28,26,21,19,18,70,14,12,9,8,6,5,3,6,2,1,1,2,0,1,0,0
2021,"Greenwich 034","E02006927",12358,829,158,150,191,152,178,754,157,141,146,162,148,874,146,134,209,133,129,123,424,123,121,103,77,731,138,117,118,188,170,2263,173,173,245,201,262,256,257,227,247,222,2953,249,238,249,200,230,213,196,235,216,164,155,145,152,137,174,1937,185,143,142,156,146,132,117,134,135,122,117,114,99,109,86,810,88,80,78,68,78,76,85,75,97,85,550,62,79,69,68,51,54,46,55,33,33,233,42,35,28,23,23,15,16,18,7,9,2,6,2,1,2,4
2021,"Greenwich 035","E02006928",12100,686,153,144,134,127,128,566,104,97,156,107,102,567,95,117,104,78,94,79,782,102,86,225,369,1292,298,254,226,237,277,3695,350,362,310,399,370,412,343,447,375,327,2801,269,300,280,291,206,224,178,182,163,144,120,114,107,109,114,1210,147,106,95,83,85,78,92,115,78,68,61,39,45,61,57,315,41,42,30,29,28,28,24,32,31,30,138,17,13,23,16,11,13,6,17,15,7,48,6,13,7,6,3,3,0,1,1,4,2,0,1,0,0,1
2021,"Greenwich 037","E02006930",9844,694,153,139,131,148,123,555,110,116,114,121,94,476,89,82,87,66,71,81,274,75,84,66,49,728,99,102,141,176,210,2431,188,186,242,238,251,258,290,260,281,237,2720,270,253,253,227,217,194,174,183,152,152,139,119,137,117,133,1250,159,108,99,87,99,135,88,76,64,95,62,47,42,47,42,403,48,48,47,47,34,43,34,36,36,30,249,34,26,20,24,25,21,21,27,33,18,64,12,11,6,8,5,5,5,6,2,2,1,0,0,0,0,1
2021,"Greenwich 038","E02006931",9466,606,163,118,114,108,103,487,91,101,92,112,91,507,77,84,85,93,82,86,314,82,92,70,70,664,92,111,133,132,196,2038,200,180,192,229,210,221,180,208,227,191,2244,189,173,172,150,150,167,143,164,141,128,138,182,112,110,125,1576,126,117,138,136,106,94,119,130,114,105,94,94,64,78,61,571,60,58,54,42,45,65,52,65,68,62,325,39,46,41,33,42,26,30,25,27,16,134,25,17,11,22,13,4,12,7,8,5,1,2,5,1,0,1
2021,"Greenwich 039","E02006991",6312,343,89,67,82,57,48,183,42,47,36,30,28,155,27,34,32,13,24,25,125,40,28,25,32,455,34,61,91,108,161,2333,193,190,252,284,256,249,256,246,205,202,1835,198,175,203,168,143,151,145,122,82,92,73,94,77,66,46,583,79,43,54,45,48,32,44,39,51,27,25,34,19,23,20,207,28,19,24,23,18,18,18,17,20,22,80,11,11,10,8,7,4,9,11,7,2,13,1,1,2,2,1,0,3,0,2,0,1,0,0,0,0,0
2021,"Greenwich 040","E02006992",8227,621,169,140,106,105,101,396,99,94,53,83,67,418,76,71,67,60,54,90,257,69,77,60,51,461,65,83,79,104,130,2502,161,191,241,226,261,318,272,267,295,270,2105,221,225,233,214,177,171,154,110,116,85,99,84,80,68,68,954,67,82,73,66,79,79,59,55,56,65,66,55,57,53,42,291,33,43,33,30,24,23,37,25,18,25,153,17,23,17,25,16,13,8,13,16,5,69,14,10,13,5,6,5,2,7,4,1,1,0,1,0,0,0
2021,"Greenwich 041","E02006993",8401,587,118,107,108,115,139,487,108,119,100,87,73,476,89,89,83,77,67,71,354,66,76,101,111,699,111,109,113,172,194,2813,256,257,293,281,301,300,315,286,260,264,2031,220,189,203,238,161,150,136,93,120,93,77,114,71,84,82,669,73,53,61,63,62,42,44,57,27,45,36,25,33,30,18,187,24,18,26,15,22,31,7,13,12,19,80,7,16,10,10,10,10,4,8,0,5,18,4,1,7,0,2,1,0,0,1,2,0,0,0,0,0,0
2021,"Greenwich 042","E02006994",7645,604,112,140,125,126,101,467,95,93,88,97,94,514,82,85,81,96,82,88,314,94,73,65,82,522,60,93,110,117,142,1734,137,150,150,169,189,189,194,183,200,173,1928,195,158,122,159,136,144,144,119,117,133,106,114,104,97,80,1066,87,83,129,89,78,68,75,67,63,61,69,52,64,42,39,305,32,37,43,28,24,21,35,27,27,31,156,22,18,27,22,13,19,8,10,10,7,35,7,6,2,5,1,4,1,1,0,2,1,4,1,0,0,0
2021,"Hackney 001","E02000345",8210,921,201,183,203,178,156,863,183,160,169,176,175,1050,178,171,172,196,177,156,546,150,140,134,122,703,131,135,121,152,164,1059,118,93,110,125,107,95,101,113,93,104,1472,130,115,145,145,87,85,90,97,98,104,70,83,77,62,84,887,71,86,55,54,82,56,60,42,66,49,41,52,59,63,51,473,54,45,82,40,47,44,28,47,47,39,178,24,27,25,16,13,14,18,15,13,13,58,8,8,5,6,4,5,7,3,1,1,3,0,4,1,2,0
2021,"Hackney 002","E02000346",9395,703,143,145,144,125,146,622,120,138,110,136,118,557,98,123,92,99,77,68,354,95,75,91,93,694,85,96,157,167,189,2486,213,246,269,215,293,255,273,278,234,210,2088,194,184,218,148,152,154,170,136,146,99,121,92,89,99,86,1209,97,81,100,74,85,119,74,73,70,107,72,80,59,63,55,420,64,56,50,43,30,39,40,32,31,35,191,17,19,20,25,32,8,26,16,10,18,71,15,12,5,9,5,5,8,6,1,3,2,0,0,0,0,0
2021,"Hackney 003","E02000347",8150,907,185,201,166,191,164,806,180,175,157,153,141,931,158,154,166,168,145,140,503,148,131,108,116,665,159,102,115,144,145,1299,138,121,122,138,140,138,137,114,126,125,1415,97,99,83,117,107,96,113,75,83,115,69,87,93,106,75,943,61,51,111,53,74,70,71,54,73,61,66,47,54,45,52,416,50,53,63,41,30,28,33,43,31,44,178,20,19,27,14,20,23,19,10,14,12,87,3,11,12,10,7,5,5,7,4,2,7,4,3,3,2,2
2021,"Hackney 004","E02000348",8108,909,192,190,174,183,170,862,200,167,167,152,176,936,154,151,160,144,178,149,506,151,136,122,97,614,134,115,125,127,113,1164,109,104,150,107,106,99,127,118,134,110,1421,94,101,97,119,111,99,109,87,99,88,92,117,77,65,66,1061,79,95,77,76,66,76,80,81,80,56,63,63,65,47,57,382,64,43,53,35,29,32,26,41,32,27,180,28,19,15,21,21,24,13,11,10,18,73,13,12,7,11,8,3,2,8,3,4,0,2,0,0,0,0
2021,"Hackney 006","E02000350",10234,755,139,176,134,138,168,665,123,142,141,128,131,686,109,131,111,107,116,112,443,110,124,115,94,625,96,99,102,145,183,2584,243,266,258,259,319,229,287,265,232,226,2280,189,221,224,158,170,142,158,181,111,129,138,138,103,122,96,1484,128,103,141,114,114,136,124,96,77,76,93,78,67,67,70,445,67,54,44,53,59,36,29,49,33,21,206,31,29,27,14,23,19,14,16,19,14,61,7,14,6,9,5,6,5,2,3,1,1,1,0,0,0,1
2021,"Hackney 007","E02000351",9281,519,139,108,104,95,73,416,91,101,61,92,71,411,58,67,67,84,73,62,275,68,66,87,54,626,97,99,104,137,189,2862,234,276,293,320,281,331,303,311,254,259,2260,232,202,196,163,188,165,164,170,138,125,107,83,114,114,99,1215,123,99,82,91,105,90,88,89,74,81,76,49,66,48,54,426,67,65,34,48,34,40,31,45,32,30,207,28,26,20,30,18,22,17,28,7,11,64,11,8,12,3,4,5,8,3,4,1,0,2,1,0,0,2
2021,"Hackney 008","E02000352",6748,478,103,109,93,59,114,424,82,96,81,71,94,584,105,93,112,108,76,90,307,99,67,88,53,372,49,66,74,101,82,1202,79,101,116,121,135,130,126,145,126,123,1591,120,118,117,104,101,121,115,106,136,115,81,97,75,100,85,1091,68,80,84,114,63,85,85,65,70,63,66,83,75,48,42,432,60,43,41,38,45,41,48,50,35,31,185,19,24,17,22,20,19,16,23,17,8,82,14,15,8,9,6,4,11,4,0,2,2,1,3,0,3,0
2021,"Hackney 009","E02000353",7763,414,76,89,82,90,77,415,87,82,80,89,77,453,88,82,72,64,68,79,267,78,70,70,49,531,55,64,79,198,135,1831,136,169,207,196,222,216,180,207,159,139,1862,134,158,129,158,164,124,129,117,103,98,110,102,96,126,114,1262,84,100,67,115,112,100,97,94,85,77,71,70,58,54,78,443,54,50,44,57,46,52,33,40,39,28,196,21,17,21,21,27,17,19,28,16,9,89,12,17,8,14,9,4,11,3,1,1,5,2,2,0,0,0
2021,"Hackney 010","E02000354",9611,462,85,94,87,94,102,469,96,98,70,106,99,675,95,107,108,114,141,110,459,134,129,119,77,640,98,79,125,151,187,2431,187,234,238,267,273,259,236,299,211,227,2233,222,187,189,180,141,153,132,142,122,139,140,123,131,115,117,1453,124,133,126,104,75,126,98,125,99,87,87,73,72,69,55,472,59,56,54,60,42,43,43,40,39,36,251,24,23,36,29,23,20,24,39,10,23,66,13,10,6,4,6,9,5,3,3,4,1,0,0,0,1,1
2021,"Hackney 011","E02000355",8196,495,82,104,117,104,88,427,81,82,71,87,106,482,91,80,86,89,55,81,292,93,78,57,64,505,65,70,95,152,123,1914,147,183,193,231,200,216,213,183,195,153,1981,182,163,173,139,151,155,123,122,122,111,110,104,90,125,111,1294,85,107,107,106,99,91,115,82,94,72,71,64,77,69,55,451,54,49,62,51,35,42,52,35,38,33,235,20,28,29,29,29,23,21,16,18,22,120,19,12,15,23,6,6,8,9,7,7,1,2,0,1,0,4
2021,"Hackney 012","E02000356",7032,365,75,72,77,61,80,326,53,62,63,72,76,439,78,92,70,55,82,62,250,64,74,67,45,355,40,54,53,112,96,1743,123,203,151,214,189,167,168,193,178,157,1788,137,150,133,132,126,155,160,101,100,94,106,105,96,100,93,1176,71,84,104,105,111,71,96,85,89,68,70,69,76,35,42,372,37,36,46,37,33,25,52,40,25,41,161,19,25,21,15,17,19,13,12,8,12,57,10,10,4,11,2,7,3,0,2,2,2,0,2,2,0,0
2021,"Hackney 013","E02000357",6846,375,76,74,81,61,83,447,77,99,86,95,90,639,106,87,99,94,113,140,383,92,114,100,77,514,95,108,90,96,125,1157,151,89,119,97,116,119,124,111,119,112,1355,93,113,99,88,102,81,99,78,96,85,79,83,97,75,87,1207,90,85,84,98,90,106,97,83,78,56,69,74,73,50,74,424,57,62,54,46,34,40,41,35,29,26,242,29,28,27,24,46,14,30,16,14,14,103,16,35,20,7,7,1,9,1,2,3,1,0,0,0,0,1
2021,"Hackney 014","E02000358",11085,523,96,105,111,96,115,501,114,84,101,102,100,663,110,114,118,100,100,121,381,93,94,101,93,627,94,96,106,147,184,3041,235,336,278,303,344,329,336,308,290,282,2753,208,241,235,275,216,187,193,143,170,187,153,135,127,121,162,1742,139,124,124,112,138,114,149,134,110,120,105,103,103,88,79,528,61,65,54,53,34,77,40,47,47,50,232,32,33,25,28,24,19,10,21,24,16,94,17,20,9,13,6,5,7,2,8,3,1,2,0,0,0,1
2021,"Hackney 015","E02000359",6694,464,84,117,95,84,84,377,87,82,64,68,76,466,78,78,74,94,63,79,264,70,82,61,51,456,60,76,99,103,118,1390,145,127,127,144,146,172,141,134,107,147,1589,116,134,131,126,151,132,119,113,88,84,86,84,79,76,70,1112,76,102,74,126,78,94,66,73,52,60,89,81,55,45,41,339,43,40,34,29,33,41,35,25,39,20,176,26,16,20,17,18,16,26,15,13,9,61,13,11,8,5,7,2,3,2,3,3,1,1,1,0,0,1
2021,"Hackney 016","E02000360",11516,651,134,123,137,126,131,747,181,136,127,183,120,898,145,161,169,137,162,124,559,167,171,126,95,767,109,132,123,188,215,2553,209,270,243,270,242,309,254,277,243,236,2541,217,184,186,172,175,209,186,159,149,217,180,154,121,128,104,1886,151,129,137,128,153,120,137,142,121,114,109,108,103,105,129,599,85,78,49,77,55,52,53,46,44,60,225,37,24,31,23,22,18,15,21,15,19,90,14,15,6,13,7,10,4,5,4,3,4,1,1,2,0,1
2021,"Hackney 017","E02000361",8049,397,94,77,61,89,76,358,75,66,73,73,71,431,88,60,87,59,73,64,237,69,63,49,56,558,70,67,98,138,185,2551,207,235,250,301,276,300,285,290,236,171,1924,196,164,156,143,142,130,130,105,109,114,124,95,101,85,130,1077,100,74,64,73,90,74,90,69,105,72,69,46,51,33,67,297,39,33,36,29,30,38,29,24,20,19,157,16,26,13,18,13,15,16,16,10,14,62,13,6,10,12,3,4,2,4,1,4,1,1,1,0,0,0
2021,"Hackney 018","E02000362",6962,319,71,64,62,57,65,336,71,72,80,51,62,492,87,77,75,89,72,92,348,85,132,62,69,516,78,110,99,101,128,1738,162,176,188,180,196,192,167,167,152,158,1571,130,143,151,122,112,139,110,93,100,83,86,67,80,83,72,1089,86,92,86,73,77,83,85,81,87,61,75,59,53,47,44,319,45,26,40,29,35,27,26,26,32,33,160,15,21,20,15,23,17,13,11,12,13,74,11,6,7,5,7,10,12,8,4,1,1,1,0,1,0,0
2021,"Hackney 019","E02000363",11879,733,119,165,159,148,142,858,192,148,157,189,172,1129,176,174,211,201,188,179,625,181,176,140,128,839,140,182,139,191,187,2338,224,230,220,211,266,218,237,251,265,216,2542,231,188,171,208,201,176,168,165,155,172,131,131,159,130,156,1933,129,155,131,190,180,136,162,94,123,108,141,126,81,84,93,576,99,63,71,64,53,55,47,44,45,35,217,25,32,26,26,20,17,16,19,17,19,89,14,17,14,2,12,5,4,9,3,3,2,1,0,0,0,3
2021,"Hackney 020","E02000364",9219,448,120,64,87,93,84,430,98,69,73,93,97,557,111,83,76,101,100,86,334,89,85,79,81,534,64,67,94,135,174,2356,186,233,256,250,227,258,268,244,228,206,2051,195,184,174,156,134,141,140,116,111,131,119,111,95,120,124,1544,120,123,138,114,95,125,107,80,129,112,93,99,87,58,64,556,86,57,63,63,57,51,39,40,49,51,301,46,32,39,30,31,41,26,17,23,16,108,19,25,12,9,3,5,7,9,10,6,0,1,1,1,0,0
2021,"Hackney 022","E02000366",8334,411,78,84,83,72,94,448,70,100,91,94,93,612,101,123,111,96,91,90,390,94,91,101,104,518,110,100,81,103,124,1753,174,170,161,152,188,153,220,186,175,174,1809,160,127,136,137,135,111,107,115,121,89,112,117,96,101,145,1517,118,121,110,119,103,126,121,126,97,90,97,80,70,72,67,533,72,63,61,49,50,53,48,41,41,55,244,30,31,37,20,23,17,20,17,17,32,99,15,14,25,9,10,2,5,6,5,1,4,0,2,1,0,0
2021,"Hackney 023","E02000367",10425,475,92,90,101,91,101,468,92,98,82,88,108,581,100,78,98,97,103,105,367,93,95,80,99,713,120,93,119,163,218,3259,309,281,297,359,310,395,437,332,270,269,2474,225,244,192,200,187,155,166,165,158,144,138,144,114,121,121,1440,155,161,123,105,104,109,97,100,79,85,74,84,56,54,54,408,45,53,48,43,39,43,43,32,30,32,176,42,19,18,16,15,9,15,17,16,9,64,6,12,12,8,7,5,3,4,1,2,0,1,1,1,0,1
2021,"Hackney 024","E02000368",9926,500,88,104,108,93,107,526,117,110,103,106,90,715,126,99,121,137,110,122,421,121,128,77,95,725,116,112,122,170,205,2345,227,254,227,232,259,268,245,210,223,200,2096,195,184,144,176,171,140,149,115,137,117,114,124,97,123,110,1685,113,110,162,120,113,117,164,109,100,104,85,114,104,99,71,552,79,64,50,53,34,48,48,57,80,39,261,37,31,37,27,21,28,20,19,19,22,100,19,15,5,7,13,7,10,7,3,5,3,3,2,0,1,0
2021,"Hackney 025","E02000369",13462,721,165,144,139,129,144,646,133,142,122,116,133,839,153,137,151,121,138,139,486,126,138,123,99,902,117,142,186,205,252,3839,297,322,371,383,395,497,394,376,394,410,3315,350,311,278,263,271,238,209,172,206,203,184,154,171,176,129,1794,141,143,138,149,122,126,144,115,104,108,118,117,88,82,99,543,87,58,56,60,54,44,55,45,47,37,263,35,38,28,28,27,24,29,15,24,15,114,38,7,14,12,8,11,4,6,9,2,0,0,1,0,0,2
2021,"Hackney 026","E02000370",8865,420,89,94,73,80,84,468,95,75,108,103,87,522,90,88,83,82,92,87,374,103,88,84,99,724,114,113,153,160,184,2448,225,233,239,277,265,301,268,213,224,203,2108,189,186,152,173,148,130,143,156,122,97,116,144,131,112,109,1260,104,73,97,107,89,102,84,90,84,80,76,77,71,69,57,331,51,34,35,37,26,26,38,27,33,24,158,31,16,9,16,19,8,17,18,17,7,52,9,7,3,7,4,4,7,2,2,3,0,1,1,2,0,0
2021,"Hackney 028","E02006918",8400,677,169,121,112,126,149,642,96,145,123,140,138,745,133,120,128,114,140,110,420,117,100,127,76,528,97,84,91,133,123,1764,143,118,172,168,152,205,211,210,189,196,1915,234,141,176,137,152,117,117,124,126,121,97,92,100,128,53,1197,74,112,86,81,77,108,84,87,77,97,97,61,68,45,43,331,52,29,44,34,30,37,36,27,24,18,130,15,13,13,23,18,10,10,11,9,8,51,9,11,5,3,7,1,3,5,2,1,0,1,1,0,0,2
2021,"Hackney 029","E02006921",7930,966,247,175,201,205,138,693,137,123,140,162,131,719,132,128,102,128,110,119,484,137,129,93,125,636,95,123,114,183,121,1352,212,181,133,113,108,111,132,105,147,110,1391,104,98,115,87,101,85,88,102,100,89,102,80,73,82,85,1076,87,80,81,79,66,129,68,69,67,52,69,65,53,53,58,384,40,49,36,44,30,36,53,50,20,26,185,30,22,22,24,21,10,12,15,12,17,44,10,10,5,4,3,1,1,2,2,1,1,0,3,1,0,0
2021,"Hackney 030","E02007108",5941,260,69,57,51,36,47,161,32,37,26,24,42,210,33,42,30,25,39,41,117,35,28,27,27,350,29,48,59,79,135,2418,172,211,284,254,280,277,266,251,246,177,1468,154,144,150,151,116,113,99,85,76,88,72,55,63,55,47,612,41,42,47,43,50,46,44,51,49,43,34,26,29,37,30,192,42,17,14,21,11,18,20,13,12,24,113,21,18,15,13,4,6,10,9,10,7,40,6,7,8,4,2,8,2,2,1,0,0,0,0,0,0,0
2021,"Hackney 031","E02007109",7619,392,87,83,76,67,79,366,62,99,60,77,68,367,54,67,59,59,65,63,222,54,69,53,46,466,71,75,80,87,153,2082,162,179,198,247,210,227,253,231,203,172,1791,178,166,136,142,118,147,118,113,109,101,85,94,117,80,87,1183,85,74,85,115,84,72,109,89,82,67,65,71,58,65,62,437,54,52,44,51,40,43,37,42,33,41,238,34,29,27,32,17,22,24,22,16,15,75,15,13,3,14,6,5,4,4,6,2,0,2,0,0,0,1
2021,"Hackney 032","E02007110",7335,332,55,63,113,49,52,267,58,53,48,57,51,376,60,67,65,58,68,58,301,67,45,76,113,959,138,135,229,197,260,2197,230,231,239,252,228,239,208,232,177,161,1473,165,126,107,103,100,97,83,94,70,83,75,119,98,76,77,980,77,66,95,62,68,71,101,83,60,45,44,44,40,78,46,269,45,23,29,27,30,25,26,17,28,19,128,23,19,14,17,12,5,16,12,6,4,53,11,8,6,4,3,5,3,5,2,2,1,2,0,0,0,1
2021,"Hackney 033","E02007111",5949,142,34,20,33,32,23,132,31,30,29,22,20,217,27,38,34,45,35,38,245,52,36,68,89,930,133,136,167,224,270,2325,280,291,261,224,244,268,227,183,175,172,1160,122,121,89,103,90,61,76,57,67,72,58,57,60,64,63,607,57,55,47,35,35,53,66,61,37,36,36,23,26,18,22,131,16,17,15,10,21,14,11,9,11,7,39,7,3,4,2,4,3,6,5,3,2,21,5,4,1,1,2,1,3,1,2,0,1,0,0,0,0,0
2021,"Hammersmith and Fulham 001","E02000372",9987,450,97,94,86,70,103,455,101,77,99,84,94,573,103,90,93,91,111,85,398,93,96,103,106,1150,136,157,305,289,263,2188,244,235,236,203,235,208,209,201,193,224,2198,192,182,157,139,151,161,142,126,131,135,140,127,140,134,141,1689,109,120,134,162,134,128,126,105,100,119,106,95,92,69,90,532,79,53,57,49,61,51,43,44,45,50,265,31,28,30,30,20,29,30,25,15,27,89,10,14,11,9,6,9,10,5,4,3,2,0,3,1,0,2
2021,"Hammersmith and Fulham 002","E02000373",7036,376,71,75,81,76,73,464,86,75,106,105,92,733,127,111,144,110,122,119,425,128,112,102,83,608,111,114,120,120,143,1168,105,126,112,116,120,99,140,117,125,108,1445,104,109,111,113,87,111,92,79,81,82,88,114,74,102,98,1197,103,93,85,93,105,101,83,78,71,60,64,78,60,62,61,365,47,45,50,35,44,29,24,32,37,22,195,27,23,21,29,17,15,10,12,19,22,60,13,5,4,8,12,1,0,3,1,5,1,2,0,3,1,1
2021,"Hammersmith and Fulham 003","E02000374",6918,364,74,71,78,77,64,364,61,68,75,68,92,558,93,96,103,92,92,82,368,86,75,92,115,664,97,112,116,162,177,1373,167,150,150,143,140,136,132,126,115,114,1407,90,107,97,96,108,94,89,101,92,84,75,99,95,84,96,1119,98,101,102,86,82,68,84,71,68,61,57,68,60,53,60,405,52,35,42,40,30,47,49,43,37,30,205,25,26,15,24,21,25,22,15,17,15,91,16,19,9,8,12,6,3,6,3,4,3,1,0,0,0,1
2021,"Hammersmith and Fulham 004","E02000375",7503,404,80,76,86,82,80,369,87,68,69,81,64,414,61,74,61,77,64,77,275,72,70,64,69,672,71,110,121,171,199,1838,194,219,215,207,200,176,176,160,173,118,1561,148,129,124,110,93,101,109,109,82,83,97,91,108,96,81,1327,131,106,93,96,91,91,114,100,91,76,77,61,71,72,57,391,38,43,40,40,54,46,35,30,33,32,190,26,22,18,20,16,14,19,28,9,18,62,13,4,3,10,6,3,5,8,2,3,1,0,1,2,0,1
2021,"Hammersmith and Fulham 005","E02000376",6707,281,74,51,55,55,46,257,48,40,62,54,53,332,53,70,56,47,57,49,189,49,38,54,48,575,64,80,90,171,170,1986,194,227,229,215,225,189,216,182,164,145,1478,128,117,111,110,94,114,97,105,94,79,80,92,86,98,73,1035,82,92,83,90,78,76,78,81,85,65,52,53,49,37,34,333,47,37,42,36,37,28,35,20,22,29,173,17,18,15,26,21,18,16,13,11,18,68,11,8,10,7,6,5,5,2,3,5,3,1,1,0,0,1
2021,"Hammersmith and Fulham 006","E02000377",7789,422,102,87,66,93,74,377,76,79,73,76,73,413,82,60,64,71,74,62,333,79,60,80,114,691,107,107,108,179,190,1689,172,180,199,168,169,179,155,181,153,133,1721,133,137,133,122,116,123,120,110,96,104,106,97,105,106,113,1388,111,105,106,121,108,109,83,90,101,79,91,88,74,72,50,446,62,49,51,39,51,46,39,39,35,35,217,35,26,24,20,19,24,18,24,13,14,92,18,18,6,11,11,5,5,6,1,1,4,2,1,1,1,1
2021,"Hammersmith and Fulham 007","E02000378",6433,272,58,68,44,49,53,268,65,49,53,40,61,315,61,54,51,43,56,50,184,56,50,34,44,514,64,78,81,135,156,1745,161,167,216,200,217,173,179,170,128,134,1495,113,120,102,110,85,100,105,107,87,97,92,102,93,93,89,1032,76,88,72,78,87,89,76,72,65,73,57,60,57,44,38,365,47,41,38,46,34,39,26,34,25,35,189,30,16,30,18,19,20,17,13,17,9,54,9,8,8,8,4,5,5,4,1,1,1,0,0,0,0,0
2021,"Hammersmith and Fulham 008","E02000379",7390,429,80,78,93,76,102,479,100,87,96,100,96,511,81,90,76,101,91,72,276,89,71,73,43,428,53,71,82,102,120,1214,108,108,103,121,131,143,126,131,133,110,1826,129,138,113,112,96,111,130,145,119,126,126,115,125,127,114,1297,113,132,126,106,114,93,98,80,81,85,74,38,59,51,47,502,39,56,62,45,34,50,66,57,49,44,293,49,35,37,30,26,27,37,20,23,9,135,12,21,13,21,14,13,6,10,5,4,7,2,2,0,1,4
2021,"Hammersmith and Fulham 009","E02000380",5501,335,61,68,56,66,84,287,44,72,58,56,57,316,61,53,52,50,50,50,175,47,59,36,33,330,37,43,61,79,110,1124,91,121,119,123,129,115,116,111,95,104,1240,96,99,82,90,85,67,105,78,80,69,88,64,86,82,69,1033,87,86,70,80,87,83,99,62,74,65,52,57,60,40,31,365,45,32,42,32,28,47,27,27,48,37,209,21,37,24,23,16,21,19,20,19,9,87,15,16,13,9,8,9,6,4,1,3,1,2,0,0,0,0
2021,"Hammersmith and Fulham 010","E02000381",7625,393,70,87,85,76,75,433,86,92,90,78,87,493,84,85,87,82,86,69,239,52,85,56,46,491,49,67,114,105,156,1607,145,151,167,181,168,179,167,163,135,151,1779,137,135,124,123,102,113,123,124,120,107,116,109,122,119,105,1378,117,122,113,99,135,119,89,98,83,91,76,69,56,51,60,446,58,51,42,45,48,40,35,44,42,41,280,37,26,34,35,22,39,26,21,22,18,86,13,15,14,8,13,7,2,5,1,3,2,2,0,0,0,1
2021,"Hammersmith and Fulham 011","E02000382",6187,282,69,48,61,46,58,289,55,55,50,59,70,357,45,74,70,60,51,57,243,43,57,66,77,459,55,64,86,126,128,1309,121,144,122,137,146,123,124,133,138,121,1418,108,116,108,123,95,100,74,106,80,90,77,89,90,82,80,1124,96,103,94,75,71,78,94,77,66,64,73,56,55,62,60,403,38,44,51,36,37,44,42,38,37,36,210,23,25,33,32,24,18,21,16,11,7,93,16,9,11,13,9,5,5,7,5,5,0,3,1,3,0,1
2021,"Hammersmith and Fulham 012","E02000383",8457,315,58,67,69,62,59,261,59,57,48,55,42,359,61,78,53,56,56,55,238,50,55,56,77,964,161,205,173,214,211,2076,229,245,214,210,227,205,194,199,185,168,1779,138,149,124,132,125,114,117,108,101,106,129,91,132,113,100,1343,103,91,96,115,114,85,97,86,107,79,83,72,78,66,71,579,61,76,61,42,60,50,58,57,57,57,377,47,54,41,34,47,46,34,30,29,15,166,26,23,25,21,6,13,10,10,6,4,5,4,2,3,3,5
2021,"Hammersmith and Fulham 013","E02000384",8259,351,57,78,63,84,69,365,78,65,77,71,74,410,65,67,64,65,76,73,320,79,75,72,94,872,143,164,177,187,201,2064,244,230,202,227,216,212,180,210,166,177,1750,142,136,131,136,150,122,121,95,118,105,94,98,114,106,82,1264,102,101,97,93,105,92,84,87,85,81,60,74,68,70,65,476,61,48,67,39,48,44,36,45,46,42,268,34,31,30,22,24,27,26,34,20,20,119,15,21,17,10,10,12,5,7,4,4,5,2,2,0,3,2
2021,"Hammersmith and Fulham 014","E02000385",5617,208,53,54,34,30,37,155,26,23,43,30,33,155,32,31,27,25,20,20,131,29,32,24,46,784,96,139,144,176,229,1868,233,252,231,196,198,161,184,164,142,107,1122,98,98,87,76,79,74,60,83,73,60,68,78,62,61,65,736,51,61,55,63,73,58,57,50,61,43,36,26,34,37,31,261,28,37,33,22,25,20,32,23,28,13,168,16,21,21,19,20,13,20,17,10,11,29,5,5,5,2,4,1,1,3,2,0,1,0,0,0,0,0
2021,"Hammersmith and Fulham 015","E02000386",7583,315,65,61,68,60,61,348,71,67,62,74,74,477,65,87,88,78,78,81,354,92,85,67,110,840,127,171,170,180,192,1792,193,204,217,204,194,187,149,139,155,150,1457,120,107,109,105,95,116,111,91,84,86,87,79,97,96,74,1210,110,104,97,109,92,77,88,89,75,73,56,58,61,67,54,467,60,51,54,50,37,47,54,36,36,42,230,27,28,40,22,25,16,23,21,18,10,93,16,14,10,10,7,13,4,6,5,2,2,4,0,0,0,0
2021,"Hammersmith and Fulham 016","E02000387",6027,249,41,74,39,39,56,225,51,47,46,40,41,327,47,66,58,55,50,51,231,54,48,42,87,757,161,118,139,144,195,1422,158,179,167,147,148,142,122,129,113,117,1287,108,110,105,83,73,77,80,89,81,70,81,82,79,83,86,918,85,77,64,71,75,53,70,56,59,51,53,53,56,51,44,359,56,40,43,35,42,23,19,32,41,28,187,29,31,27,20,15,9,14,19,8,15,65,12,10,9,5,8,4,7,1,3,3,0,1,0,0,1,1
2021,"Hammersmith and Fulham 017","E02000388",8651,364,96,74,66,74,54,318,66,60,60,68,64,387,71,68,65,60,59,64,218,51,52,49,66,934,121,156,181,214,262,2485,313,276,276,265,272,261,218,223,214,167,1814,170,156,161,128,124,95,113,128,112,113,123,99,90,94,108,1217,84,81,91,87,115,68,99,83,76,84,75,66,67,74,67,471,53,52,61,52,56,42,37,50,43,25,330,41,37,47,35,30,34,29,29,28,20,113,25,18,15,14,7,6,3,7,7,3,5,0,1,0,1,1
2021,"Hammersmith and Fulham 018","E02000389",8640,412,91,71,87,76,87,421,81,74,92,86,88,498,105,86,86,91,68,62,289,66,68,63,92,841,151,152,159,212,167,1745,216,171,165,189,175,195,180,166,155,133,1904,133,120,145,129,151,132,135,113,128,121,116,136,112,101,132,1459,121,123,133,122,117,108,96,107,85,93,81,70,64,64,75,573,60,68,74,53,43,55,55,45,62,58,366,44,46,43,48,32,27,42,27,34,23,132,30,14,16,17,12,10,10,11,1,3,1,4,3,0,0,0
2021,"Hammersmith and Fulham 019","E02000390",6201,348,79,67,70,67,65,246,57,42,56,43,48,312,60,51,60,49,50,42,194,44,50,39,61,665,88,101,112,168,196,1670,214,204,192,180,183,168,132,137,138,122,1320,118,99,114,89,99,91,95,71,77,83,76,80,77,77,74,853,83,59,50,66,65,62,73,67,63,56,34,41,40,48,46,331,43,35,37,38,28,37,20,39,28,26,207,30,21,25,22,23,19,20,14,19,14,55,9,7,5,8,1,8,1,4,5,2,1,1,2,0,1,0
2021,"Hammersmith and Fulham 020","E02000391",7594,410,85,79,81,74,91,454,84,103,78,94,95,468,83,94,77,78,77,59,254,60,87,64,43,575,51,83,104,156,181,1645,196,215,188,191,164,153,146,131,130,131,1665,116,113,109,113,118,135,116,102,117,111,82,113,104,109,107,1243,108,89,85,95,95,94,98,77,70,77,66,81,70,76,62,501,66,56,53,50,56,50,30,42,52,46,290,41,32,27,37,20,24,27,42,24,16,89,17,12,13,8,8,11,6,2,4,2,5,1,0,0,0,0
2021,"Hammersmith and Fulham 021","E02000392",9228,477,93,101,85,97,101,469,106,82,77,108,96,594,101,111,94,103,81,104,332,93,88,80,71,901,130,126,162,203,280,2279,274,276,276,237,213,219,217,197,181,189,1981,189,152,129,153,158,121,123,131,122,121,98,112,113,138,121,1406,145,112,106,110,130,109,106,88,97,99,68,72,57,57,50,466,65,56,43,31,52,48,44,46,44,37,232,32,36,29,25,29,16,24,17,17,7,91,11,11,12,8,12,12,8,7,3,1,1,1,2,0,2,0
2021,"Hammersmith and Fulham 022","E02000393",5972,380,80,85,72,71,72,299,64,51,64,66,54,310,54,55,49,53,57,42,177,50,46,36,45,547,61,87,92,135,172,1564,175,180,189,191,175,159,130,135,126,104,1343,108,117,127,96,73,88,84,75,92,79,73,73,81,84,93,782,77,67,58,53,74,55,60,59,63,52,38,29,39,29,29,303,41,28,21,32,27,26,46,27,23,32,203,29,22,19,29,26,24,12,15,12,15,64,12,7,6,7,6,4,5,5,6,2,1,1,0,0,0,2
2021,"Hammersmith and Fulham 023","E02000394",9279,579,122,140,96,120,101,485,90,98,97,103,97,493,79,93,76,83,75,87,325,88,79,78,80,735,93,109,122,193,218,2328,251,265,257,209,224,236,256,193,218,219,2185,199,162,161,150,165,166,146,160,151,129,127,128,113,124,104,1356,118,105,139,110,99,121,108,75,97,77,68,61,67,68,43,464,54,54,54,45,42,44,42,35,40,54,252,44,41,26,18,16,24,31,15,14,23,77,9,15,11,10,5,6,9,3,4,2,2,0,0,1,0,0
2021,"Hammersmith and Fulham 024","E02000395",5673,263,56,53,50,50,54,260,55,53,47,58,47,280,45,52,45,50,54,34,156,43,40,38,35,462,53,66,90,119,134,1304,181,177,163,137,127,106,108,107,116,82,1145,101,90,93,63,69,81,78,73,79,67,70,53,60,92,76,904,65,65,66,62,54,76,69,85,64,73,40,37,46,50,52,486,46,41,34,46,50,44,57,44,64,60,299,32,33,40,28,30,29,37,26,21,23,114,18,9,18,16,9,7,10,9,7,3,0,3,1,3,0,1
2021,"Hammersmith and Fulham 025","E02000396",6898,398,74,75,83,75,91,477,81,77,98,91,130,547,69,124,92,91,86,85,253,70,69,58,56,507,67,66,98,142,134,1290,150,149,129,167,128,135,109,108,116,99,1507,106,120,91,110,101,87,102,92,107,80,88,119,100,104,100,1195,87,113,101,110,74,86,96,73,97,77,68,50,55,62,46,422,50,40,45,44,30,35,35,52,45,46,240,36,32,31,31,23,25,19,17,10,16,62,14,11,10,8,5,6,5,1,0,0,1,1,0,0,0,0
2021,"Haringey 001","E02000397",7909,432,86,96,80,85,85,421,86,76,86,85,88,515,113,80,76,104,72,70,267,88,69,65,45,447,67,78,97,98,107,1543,128,121,117,159,134,169,198,171,179,167,2108,164,210,167,138,130,188,128,149,155,112,142,111,99,112,103,1377,150,99,101,134,99,102,90,79,97,97,70,72,71,63,53,451,56,61,42,43,37,56,42,38,37,39,267,30,36,42,19,20,30,20,16,34,20,81,13,15,12,7,7,8,4,4,2,5,1,0,0,1,0,2
2021,"Haringey 002","E02000398",7514,468,92,90,94,109,83,470,92,88,92,103,95,657,94,105,96,123,114,125,431,109,139,101,82,521,131,91,86,97,116,1167,112,122,103,125,112,125,115,109,132,112,1615,116,114,114,126,94,89,114,104,113,91,115,99,110,121,95,1478,116,118,104,95,161,123,97,125,86,95,91,65,67,60,75,437,60,52,34,45,30,31,33,90,29,33,211,20,22,19,15,24,32,23,14,21,21,59,12,7,9,2,5,8,8,2,0,3,2,0,0,0,0,1
2021,"Haringey 004","E02000400",7990,439,67,92,90,104,86,510,99,78,131,107,95,680,101,121,126,107,122,103,378,121,100,98,59,458,68,66,98,109,117,1270,123,108,132,141,143,100,125,128,149,121,1853,120,127,115,147,112,140,113,133,110,96,124,132,129,127,128,1471,140,96,116,110,116,112,112,103,85,85,91,90,77,75,63,524,63,61,51,54,47,55,48,50,53,42,301,49,38,38,37,21,26,29,21,21,21,106,27,14,16,9,10,7,5,1,3,5,3,3,0,2,1,0
2021,"Haringey 005","E02000401",6868,307,54,58,63,68,64,382,67,71,77,79,88,569,71,99,105,91,95,108,434,130,110,102,92,548,98,91,121,126,112,1023,115,138,102,105,87,97,93,93,102,91,1482,87,82,100,87,112,121,98,91,155,97,74,76,97,98,107,1415,97,93,113,102,103,106,102,101,104,86,84,114,84,64,62,400,60,35,72,36,43,34,31,30,33,26,224,35,32,21,26,24,17,19,19,16,15,84,18,13,5,12,10,8,3,4,3,3,1,0,1,0,2,1
2021,"Haringey 006","E02000402",6474,361,63,80,68,77,73,383,76,82,75,65,85,536,88,81,81,78,99,109,363,96,88,105,74,446,86,86,87,82,105,1000,130,82,91,102,108,110,99,90,92,96,1412,109,98,100,82,82,103,102,78,86,117,98,95,84,96,82,1301,84,96,99,108,84,93,120,75,115,83,74,83,69,63,55,396,63,60,52,47,33,27,32,26,32,24,206,21,16,16,23,18,19,31,15,27,20,70,20,7,8,7,9,3,6,4,0,2,0,0,1,2,1,0
2021,"Haringey 007","E02000403",7521,497,156,99,78,72,92,354,80,67,65,72,70,446,90,66,79,83,66,62,270,78,73,74,45,449,55,93,76,94,131,1580,123,136,175,131,157,176,155,157,195,175,2024,156,153,183,180,175,138,152,121,125,116,107,119,97,101,101,1185,113,98,98,101,77,90,83,83,72,60,54,78,53,64,61,398,46,47,46,39,47,41,50,36,14,32,221,23,38,28,20,26,20,16,13,15,22,97,23,13,13,9,8,9,7,1,2,2,3,1,4,0,0,2
2021,"Haringey 008","E02000404",7113,336,53,71,62,82,68,371,78,80,78,75,60,501,88,77,78,94,79,85,349,96,100,86,67,502,72,97,119,100,114,1329,125,109,124,146,132,155,139,126,148,125,1712,150,134,105,127,126,121,111,107,101,110,106,111,106,100,97,1224,83,95,108,85,106,82,90,90,80,68,64,89,66,65,53,456,64,63,52,35,42,48,41,29,43,39,255,42,24,26,25,26,24,21,25,25,17,78,17,15,10,10,8,6,4,1,3,2,0,0,1,1,0,0
2021,"Haringey 009","E02000405",6479,354,56,65,94,76,63,501,98,108,91,105,99,638,118,120,117,102,88,93,284,91,92,69,32,267,37,34,54,49,93,652,71,66,66,53,55,88,65,68,69,51,1602,66,89,99,72,109,103,108,103,118,120,140,120,106,117,132,1306,104,95,96,104,100,90,107,110,56,77,81,56,78,66,86,520,60,59,50,50,52,68,60,43,38,40,260,44,33,28,24,30,24,22,27,14,14,95,12,17,7,10,10,11,10,3,6,3,0,0,1,0,4,1
2021,"Haringey 010","E02000406",6725,318,66,77,68,55,52,285,61,44,48,69,63,392,68,57,58,69,71,69,327,74,86,80,87,531,88,100,95,116,132,1294,126,128,132,131,121,130,141,131,133,121,1676,107,124,125,146,134,110,111,125,93,89,95,87,96,131,103,1255,92,113,105,94,95,82,100,89,98,86,76,69,54,58,44,379,47,50,32,39,35,48,37,38,23,30,198,29,20,20,22,25,12,24,12,19,15,70,13,10,9,13,5,7,3,1,4,3,0,0,0,2,0,0
2021,"Haringey 011","E02000407",7607,451,69,90,89,93,110,410,72,87,86,85,80,570,86,89,128,95,87,85,339,92,84,91,72,455,62,91,83,88,131,1402,149,128,118,102,135,158,144,164,142,162,1901,131,131,120,102,118,125,107,182,123,121,142,125,115,92,167,1395,127,124,157,110,93,101,92,79,92,75,82,72,61,55,75,380,66,44,36,40,39,40,35,20,30,30,212,21,18,29,23,19,26,23,20,13,20,92,13,10,12,11,15,6,6,2,4,3,3,2,1,3,0,1
2021,"Haringey 012","E02000408",8244,515,89,138,75,93,120,563,115,97,152,101,98,698,133,98,127,115,123,102,400,104,93,102,101,563,105,127,105,110,116,1299,119,117,138,129,128,114,125,139,153,137,1885,170,174,140,143,116,126,106,113,102,92,113,116,155,125,94,1517,179,134,106,125,124,131,86,97,96,86,78,77,65,68,65,455,61,40,40,42,55,55,64,36,34,28,247,39,26,23,23,21,21,27,23,19,25,102,20,13,20,14,5,8,8,5,5,2,0,1,0,0,0,1
2021,"Haringey 013","E02000409",6068,325,57,74,70,66,58,333,67,63,63,76,64,395,72,51,65,76,57,74,288,79,77,63,69,408,68,70,85,82,103,1159,92,105,132,107,115,138,108,109,131,122,1322,104,117,98,88,86,93,87,83,84,93,77,71,80,79,82,1113,101,82,94,65,73,81,69,93,69,62,75,87,64,43,55,453,68,57,58,55,37,50,36,29,34,29,207,25,30,21,24,21,16,27,16,15,12,65,12,7,10,6,7,7,5,4,4,1,0,1,0,0,0,1
2021,"Haringey 014","E02000410",6424,339,57,65,71,73,73,353,71,64,73,64,81,530,97,68,97,89,96,83,365,89,86,100,90,251,48,36,41,69,57,835,78,64,107,73,82,100,90,74,83,84,1589,95,95,80,85,101,110,145,107,112,118,120,98,107,114,102,1309,119,81,93,117,106,126,96,81,88,74,74,66,64,58,66,528,64,40,46,63,45,62,50,55,48,55,241,37,34,23,28,26,23,22,26,9,13,84,16,13,12,6,7,6,8,5,0,1,2,2,1,2,0,3
2021,"Haringey 015","E02000411",11425,677,178,139,144,115,101,613,127,146,113,111,116,769,133,131,129,126,115,135,821,124,130,216,351,1123,246,217,213,257,190,2372,210,236,243,260,242,227,294,248,223,189,2533,166,209,207,202,196,155,215,171,138,161,149,132,132,175,125,1745,180,107,151,149,135,141,123,132,103,140,87,84,71,82,60,471,76,45,58,45,42,44,36,55,34,36,240,24,38,29,25,23,16,20,29,19,17,61,12,7,15,8,6,3,2,1,2,3,1,1,0,0,0,0
2021,"Haringey 016","E02000412",7317,305,55,78,61,50,61,297,60,63,55,57,62,419,63,62,73,68,70,83,284,62,82,54,86,628,69,137,138,135,149,1602,145,139,147,169,150,160,168,177,169,178,1858,148,127,164,151,116,168,149,98,109,96,115,135,89,107,86,1251,84,90,110,125,80,105,88,96,78,88,93,64,45,56,49,361,42,43,39,45,23,40,33,48,27,21,222,22,28,23,20,19,25,29,22,22,12,90,4,33,22,8,6,5,4,2,2,1,0,0,2,0,0,1
2021,"Haringey 017","E02000413",7769,437,77,79,96,100,85,548,117,93,105,110,123,742,124,135,117,136,114,116,370,121,117,78,54,378,43,57,65,104,109,911,83,88,108,82,80,82,95,105,87,101,1804,104,107,102,122,130,125,135,126,145,123,118,117,105,126,119,1560,132,134,136,118,106,149,109,99,100,86,92,78,77,68,76,553,73,61,59,63,46,55,36,46,54,60,319,27,48,41,47,29,28,23,28,23,25,147,21,16,16,13,17,15,9,10,3,6,5,7,4,1,1,3
2021,"Haringey 018","E02000414",7079,430,79,99,102,70,80,392,84,74,66,73,95,413,74,70,77,55,66,71,285,81,75,66,63,392,67,63,91,91,80,1393,97,179,104,146,137,142,153,144,158,133,1845,134,184,148,149,126,113,149,100,106,88,116,126,117,84,105,1233,117,102,96,96,85,97,80,74,85,77,75,74,68,54,53,407,61,44,34,68,44,33,34,29,24,36,196,18,32,18,20,22,18,12,21,14,21,93,18,16,13,11,7,9,3,5,3,4,2,2,0,0,0,0
2021,"Haringey 019","E02000415",7239,391,94,82,70,78,67,354,104,56,51,68,75,429,63,62,71,64,108,61,278,68,88,51,71,495,64,75,90,128,138,1444,138,166,129,142,123,171,150,122,163,140,1999,201,160,165,150,179,125,134,155,99,79,139,98,119,102,94,1108,83,100,95,97,85,66,86,71,80,57,66,62,54,58,48,401,40,42,43,45,36,43,32,35,49,36,247,29,29,23,13,24,23,30,28,24,24,93,20,14,11,16,14,2,4,6,2,1,1,1,0,1,0,0
2021,"Haringey 020","E02000416",8445,484,98,91,109,91,95,397,69,82,79,79,88,484,80,87,75,88,77,77,332,87,85,89,71,399,70,51,74,92,112,1965,130,147,205,204,198,231,210,219,229,192,2211,193,176,190,169,143,172,150,149,133,176,112,105,108,109,126,1347,106,88,108,131,100,109,101,100,81,92,82,64,55,64,66,488,51,59,59,47,38,55,54,54,33,38,244,38,24,35,28,30,24,17,18,12,18,94,27,22,7,6,7,9,3,7,1,1,1,1,0,1,1,0
2021,"Haringey 021","E02000417",6549,293,53,49,70,59,62,351,88,68,59,65,71,464,74,92,78,76,75,69,222,76,67,52,27,299,33,41,50,74,101,971,87,81,104,96,92,107,102,87,99,116,1593,100,116,96,96,104,119,120,115,99,111,101,102,104,98,112,1265,101,91,71,109,92,82,86,87,91,92,85,83,72,61,62,621,64,63,65,70,68,74,64,45,59,49,345,39,48,59,35,26,33,39,27,21,18,125,22,15,15,14,14,9,9,6,9,3,4,1,0,3,0,1
2021,"Haringey 022","E02000418",5424,272,29,50,66,48,79,334,75,57,74,61,67,376,62,73,60,71,59,51,211,66,75,37,33,201,27,28,39,49,58,614,57,42,62,57,58,58,66,63,77,74,1265,89,75,78,96,81,80,116,97,85,58,84,74,89,90,73,1185,73,63,85,91,92,96,83,88,75,90,76,62,69,58,84,589,63,61,61,62,61,61,62,56,49,53,279,39,43,25,36,38,18,26,18,15,21,98,14,12,10,10,7,16,10,5,3,4,0,4,1,0,1,1
2021,"Haringey 023","E02000419",8736,484,117,102,79,81,105,386,89,87,66,69,75,461,63,94,82,64,63,95,287,62,82,61,82,522,62,67,114,137,142,2187,162,205,218,231,210,205,214,257,223,262,2381,197,253,182,195,166,144,182,169,124,169,116,124,126,126,108,1278,125,112,107,102,98,72,79,82,85,73,75,70,67,45,86,411,61,38,40,41,53,43,39,30,42,24,238,26,33,35,19,17,21,21,19,27,20,101,16,17,12,11,14,7,10,3,4,4,1,1,0,0,0,1
2021,"Haringey 024","E02000420",7984,443,87,86,92,92,86,362,78,72,63,83,66,425,64,64,70,86,74,67,280,90,54,62,74,499,69,84,102,116,128,1725,167,152,153,166,181,170,194,158,202,182,2010,171,154,185,155,146,138,151,136,110,106,123,147,100,83,105,1358,89,95,108,95,117,109,88,105,95,92,99,76,77,57,56,514,54,71,50,51,51,52,48,32,44,61,247,40,43,28,22,23,21,21,13,15,21,121,25,21,18,20,18,6,5,0,3,2,2,0,0,0,1,0
2021,"Haringey 025","E02000421",8509,469,117,99,109,79,65,400,72,73,67,80,108,563,126,72,96,94,79,96,458,109,127,102,120,802,174,148,143,184,153,1848,151,171,214,172,172,166,197,213,216,176,1860,140,141,132,118,136,115,135,112,110,116,109,130,91,122,153,1412,118,111,126,125,129,138,88,89,87,82,76,68,68,63,44,359,42,44,43,45,38,25,37,31,24,30,229,30,22,27,13,17,25,15,35,20,25,109,10,17,14,14,11,6,10,7,3,6,3,4,2,0,1,1
2021,"Haringey 026","E02000422",7474,512,89,132,86,118,87,394,86,68,77,87,76,534,98,88,84,101,79,84,309,90,81,74,64,461,56,88,93,99,125,1487,138,131,107,114,147,191,155,206,172,126,1791,130,126,134,118,127,127,111,144,136,113,121,113,92,112,87,1275,87,104,100,92,93,117,94,76,113,74,80,80,58,60,47,403,48,52,40,47,46,47,41,32,22,28,235,23,21,38,28,17,27,26,20,16,19,73,8,15,12,9,5,4,5,4,1,1,4,3,0,0,0,2
2021,"Haringey 027","E02000423",6908,335,65,65,68,74,63,309,66,64,54,66,59,314,47,84,44,46,49,44,180,49,46,42,43,449,69,67,76,114,123,1888,142,190,239,184,202,171,217,195,184,164,1769,148,157,117,126,142,116,139,149,90,100,91,110,98,87,99,1071,116,72,69,90,68,83,66,90,93,60,55,71,48,51,39,340,44,66,32,36,40,21,23,25,26,27,184,17,21,20,17,18,13,22,23,16,17,69,16,8,9,8,6,8,7,2,0,1,2,0,1,1,0,0
2021,"Haringey 028","E02000424",6749,352,77,64,67,79,65,345,75,59,73,68,70,405,75,72,64,79,55,60,249,87,66,47,49,301,43,42,51,76,89,1263,96,106,110,123,124,149,137,151,122,145,1716,135,122,140,112,128,121,99,95,154,87,109,113,106,99,96,1379,145,169,100,90,76,106,86,89,98,89,72,61,60,75,63,470,73,67,40,50,43,42,43,28,46,38,202,33,26,35,24,17,15,13,12,8,19,67,15,7,9,10,4,5,5,5,4,0,2,0,1,0,0,0
2021,"Haringey 029","E02000425",8169,879,192,175,179,158,175,1011,204,198,184,205,220,1163,203,195,222,174,201,168,541,160,141,126,114,446,87,83,86,102,88,1128,120,102,86,80,94,109,134,124,143,136,1517,133,104,86,102,124,122,138,122,104,102,76,80,72,75,77,924,87,86,54,64,81,61,58,55,48,76,54,52,39,69,40,327,39,29,33,45,29,36,27,30,24,35,164,12,16,15,26,16,19,13,19,15,13,69,8,10,6,8,9,5,11,1,2,1,3,1,0,3,0,1
2021,"Haringey 030","E02000426",6487,319,81,60,42,50,86,367,81,63,75,71,77,481,74,77,86,75,87,82,254,67,80,68,39,287,41,49,53,73,71,944,85,92,89,119,82,112,92,83,107,83,1546,144,127,87,99,80,97,96,92,105,101,116,110,96,82,114,1193,108,84,91,100,92,76,87,85,74,66,74,64,83,63,46,532,53,60,61,49,53,34,45,54,66,57,369,48,47,62,26,37,33,35,28,31,22,195,25,29,21,18,9,16,13,15,13,4,5,9,7,2,2,7
2021,"Haringey 031","E02000427",6620,327,82,68,69,52,56,235,48,48,52,42,45,278,42,44,55,37,58,42,193,52,42,52,47,456,46,64,92,134,120,1721,143,167,171,204,204,180,169,175,156,152,1774,132,166,126,136,133,121,104,106,84,100,101,190,99,85,91,1049,80,87,69,97,64,72,83,68,63,75,61,60,55,78,37,345,53,44,37,26,35,41,33,31,25,20,153,17,24,16,17,6,19,6,20,13,15,89,11,12,16,11,13,3,2,6,0,2,1,9,1,0,0,2
2021,"Haringey 032","E02000428",8436,497,102,109,100,94,92,484,100,93,102,87,102,605,98,95,106,96,105,105,402,107,93,88,114,667,104,107,124,131,201,1974,165,187,190,214,260,232,162,248,164,152,1916,209,148,154,134,130,160,142,124,90,103,91,133,98,88,112,1269,99,92,118,99,81,112,136,86,86,59,66,77,50,61,47,362,41,45,46,40,34,30,44,38,22,22,195,17,36,26,17,17,18,15,20,15,14,65,15,6,6,10,10,5,2,3,2,1,1,1,0,2,0,1
2021,"Haringey 033","E02000429",6794,366,77,64,81,65,79,346,69,62,66,81,68,456,82,72,76,88,73,65,188,58,55,49,26,194,17,28,40,58,51,1080,67,107,85,94,136,116,121,118,106,130,1749,131,128,113,135,121,121,119,106,110,117,113,126,92,108,109,1409,145,112,99,95,101,112,169,86,71,73,68,75,76,74,53,592,62,43,71,77,68,52,53,56,57,53,298,39,40,43,33,32,18,19,31,26,17,116,14,23,15,16,11,11,6,5,7,4,1,1,0,0,0,2
2021,"Haringey 034","E02000430",6921,392,87,86,69,74,76,327,60,78,53,69,67,377,73,57,59,60,75,53,168,51,49,37,31,322,34,26,64,97,101,1518,104,152,148,172,135,164,190,156,142,155,1790,181,138,121,137,127,138,117,118,100,98,97,101,124,89,104,1273,120,93,73,110,104,102,88,82,91,75,70,52,62,75,76,466,45,53,47,41,58,55,40,44,41,42,213,26,35,27,27,24,12,10,15,23,14,75,9,12,9,8,10,8,5,3,1,6,2,1,0,1,0,0
2021,"Haringey 035","E02000431",5842,264,56,48,49,54,57,239,54,49,35,53,48,258,44,34,52,43,50,35,166,55,55,33,23,265,21,43,41,85,75,1349,123,152,126,160,156,124,139,118,119,132,1486,125,113,131,111,97,114,86,116,99,89,77,86,84,79,79,1090,126,80,112,118,92,80,73,69,67,51,52,45,47,40,38,411,49,43,45,39,38,36,43,40,39,39,237,29,25,45,21,17,23,22,17,18,20,77,11,9,4,10,11,11,11,2,1,4,3,0,0,0,0,0
2021,"Haringey 036","E02000432",6115,297,77,51,73,48,48,242,53,48,47,50,44,244,43,45,26,47,38,45,162,41,49,36,36,363,38,45,54,107,119,1710,144,188,183,192,205,179,191,143,153,132,1450,146,147,100,108,103,109,95,92,72,71,83,78,74,92,80,1033,101,71,100,78,66,67,78,79,72,56,53,62,41,61,48,411,37,45,69,36,58,28,36,41,34,27,160,23,24,22,14,23,13,11,11,10,9,43,9,3,6,4,4,5,3,4,5,0,0,0,0,0,0,0
2021,"Haringey 037","E02006794",8279,581,100,127,105,125,124,674,155,127,140,124,128,757,129,149,125,107,129,118,449,110,130,115,94,566,128,111,104,95,128,1251,109,120,123,133,120,127,128,137,113,141,1879,128,149,133,127,133,114,130,122,125,122,105,113,122,108,148,1442,113,116,125,107,102,111,108,105,123,78,97,63,59,78,57,346,57,46,29,39,27,29,31,32,30,26,255,25,34,30,20,20,21,24,26,28,27,79,13,15,17,5,8,5,5,4,3,3,0,0,0,0,0,1
2021,"Harrow 001","E02000433",8602,421,75,80,90,82,94,448,82,95,91,91,89,551,86,102,90,93,98,82,329,101,114,70,44,385,39,58,84,112,92,1098,111,97,108,113,124,104,132,109,99,101,1713,117,107,143,98,100,125,133,104,101,119,105,150,97,107,107,1451,102,89,100,97,92,90,91,104,99,91,97,111,100,91,97,896,84,97,89,74,80,74,83,99,95,121,817,118,90,114,76,73,60,62,72,92,60,493,49,67,50,56,32,42,44,33,32,26,15,10,10,6,3,18
2021,"Harrow 002","E02000434",9850,561,112,124,109,120,96,518,107,94,124,93,100,667,121,100,108,109,102,127,409,126,104,94,85,521,68,85,98,138,132,1591,138,143,134,145,158,161,192,162,181,177,2151,158,157,131,144,166,138,155,164,145,142,135,148,136,121,111,1660,113,129,114,109,115,105,117,121,97,110,97,100,116,93,124,907,112,85,74,104,93,107,79,90,83,80,540,60,59,70,54,37,57,52,44,51,56,325,60,41,41,29,24,25,30,23,19,11,6,6,4,4,1,1
2021,"Harrow 003","E02000435",8193,468,78,82,128,95,85,535,82,129,87,131,106,612,145,106,89,71,101,100,365,111,105,70,79,545,77,70,138,101,159,1075,96,104,108,95,102,104,116,139,111,100,1653,102,123,103,96,99,108,112,142,99,106,105,111,104,97,146,1402,92,141,103,96,106,74,72,92,84,77,99,96,90,95,85,786,84,89,78,67,70,72,102,83,67,74,522,50,62,69,68,43,56,50,37,41,46,230,34,42,37,19,13,22,11,13,15,5,6,3,3,1,2,4
2021,"Harrow 004","E02000436",5760,250,55,40,55,46,54,309,66,53,73,68,49,377,63,53,61,63,64,73,223,52,71,62,38,256,34,38,57,63,64,601,63,58,63,61,62,57,54,69,57,57,1057,64,70,59,73,76,91,74,73,75,72,57,59,67,65,82,1210,84,88,84,66,65,80,81,79,87,87,89,81,83,91,65,766,62,74,83,69,83,77,69,74,98,77,512,72,55,62,55,38,45,52,55,46,32,199,41,25,35,19,13,22,12,5,6,7,2,1,4,0,3,4
2021,"Harrow 005","E02000437",8767,468,102,103,83,105,75,508,91,104,94,93,126,718,114,114,123,115,127,125,379,100,106,97,76,505,68,103,124,89,121,1101,103,110,120,93,103,103,104,124,131,110,1751,146,109,113,129,112,135,123,112,95,118,110,103,118,110,118,1678,112,107,114,101,125,102,133,138,120,106,121,104,108,87,100,828,92,99,58,91,81,82,91,79,75,80,581,72,67,64,67,53,46,66,62,39,45,250,36,38,28,27,16,23,16,13,12,12,7,6,8,4,1,3
2021,"Harrow 006","E02000438",8547,549,122,77,121,142,87,514,92,98,111,104,109,787,106,107,164,103,171,136,376,105,123,84,64,405,76,70,73,96,90,1014,99,96,114,98,103,80,103,108,103,110,1828,102,121,171,115,109,171,122,139,115,121,102,106,123,112,99,1573,109,102,139,102,133,107,100,101,113,97,101,105,89,100,75,718,80,74,86,87,58,79,74,63,60,57,492,50,62,58,47,46,51,37,55,50,36,291,38,33,27,33,27,25,18,26,15,17,3,7,8,6,1,7
2021,"Harrow 007","E02000439",9262,629,127,140,99,125,138,580,105,119,107,109,140,712,111,134,125,116,131,95,449,126,118,104,101,598,87,94,149,117,151,1511,139,170,138,141,138,151,136,160,155,183,2116,164,172,158,132,152,189,152,143,148,151,129,133,110,91,92,1497,96,110,116,120,88,100,108,91,115,89,108,88,87,91,90,652,87,83,83,74,55,54,64,50,56,46,363,36,39,38,39,35,40,39,31,34,32,155,26,31,22,11,11,17,8,5,6,3,5,5,2,2,1,0
2021,"Harrow 008","E02000440",9612,530,76,115,101,95,143,640,105,136,121,135,143,738,138,124,109,128,132,107,449,124,150,103,72,532,80,106,113,115,118,1203,118,137,141,125,109,98,114,124,114,123,2080,138,133,135,150,127,146,163,142,147,130,140,147,138,131,113,1778,118,126,127,131,110,136,135,100,130,138,106,104,121,88,108,982,145,101,104,90,117,82,98,74,104,67,474,66,53,57,60,43,49,42,40,34,30,206,27,37,25,21,23,13,17,11,7,6,3,5,6,3,0,2
2021,"Harrow 009","E02000441",7485,454,92,75,95,109,83,486,95,100,87,102,102,557,96,93,94,85,93,96,315,103,85,77,50,385,57,67,79,104,78,903,101,76,89,87,91,67,85,112,109,86,1651,113,117,105,141,123,129,100,115,113,101,109,104,91,100,90,1348,96,96,98,111,106,92,87,89,80,85,94,73,88,75,78,711,76,76,71,85,55,70,57,80,72,69,485,65,69,47,59,41,35,29,58,53,29,190,35,29,30,23,15,10,12,4,7,5,7,3,6,2,0,2
2021,"Harrow 010","E02000442",9589,627,176,110,109,128,104,551,141,106,102,91,111,710,114,97,112,128,148,111,475,187,124,94,70,633,96,106,155,110,166,1740,206,169,154,181,166,157,175,189,152,191,2076,140,178,159,155,152,134,144,136,117,133,126,135,98,123,146,1678,119,149,117,123,104,136,104,104,116,99,120,98,102,95,92,671,91,90,64,77,69,65,71,51,38,55,324,34,47,35,35,16,33,29,36,24,35,104,20,14,13,10,9,10,10,3,8,1,3,0,1,0,2,0
2021,"Harrow 011","E02000443",10747,732,120,224,128,126,134,721,148,136,135,151,151,906,174,134,143,164,142,149,513,148,132,109,124,729,146,134,116,130,203,1647,148,159,146,158,166,164,199,160,162,185,2449,191,177,223,194,233,159,164,135,213,145,128,128,118,131,110,1766,139,182,127,117,152,132,169,103,89,98,108,103,103,71,73,656,71,78,89,71,65,65,69,50,51,47,419,45,62,50,36,37,46,45,32,35,31,209,33,27,20,18,20,19,19,12,12,7,7,5,2,1,6,1
2021,"Harrow 012","E02000444",8717,518,91,99,98,129,101,589,108,123,114,121,123,703,130,117,115,117,112,112,369,107,109,82,71,521,72,75,103,133,138,1282,120,158,141,128,115,113,133,129,117,128,1899,138,136,133,134,149,153,136,139,112,126,117,95,94,119,118,1473,112,117,116,91,90,94,95,91,103,90,107,101,102,93,71,767,111,98,96,76,77,75,50,56,66,62,420,69,39,48,45,41,42,39,44,28,25,176,34,24,25,17,15,10,13,8,11,5,8,5,1,0,0,0
2021,"Harrow 013","E02000445",11780,865,174,201,173,163,154,890,197,189,156,193,155,868,146,176,145,143,120,138,613,136,203,120,154,710,127,120,147,170,146,1877,164,185,178,190,214,171,189,172,224,190,2623,218,243,174,178,191,168,182,177,169,153,151,142,163,173,141,1919,126,146,148,129,128,130,140,114,115,118,151,152,139,84,99,722,78,95,73,79,62,76,67,76,59,57,479,60,64,66,52,32,34,59,34,39,39,214,38,22,32,30,19,25,13,10,9,2,4,5,2,1,0,2
2021,"Harrow 015","E02000447",8194,506,95,98,94,105,114,541,114,110,121,98,98,666,130,108,112,97,107,112,346,106,106,75,59,409,48,84,81,104,92,1114,98,93,88,100,101,127,113,141,120,133,1900,126,123,141,143,142,136,163,148,122,125,106,122,106,105,92,1474,87,95,106,96,94,102,79,107,112,106,127,108,90,86,79,707,95,68,67,72,60,78,68,65,81,53,390,57,72,44,50,27,24,42,24,31,19,141,22,16,22,14,9,15,10,5,9,5,9,3,1,0,0,1
2021,"Harrow 016","E02000448",7070,407,57,73,94,91,92,441,77,98,89,89,88,576,103,93,90,86,106,98,262,92,82,56,32,296,29,40,48,106,73,741,90,53,87,73,43,61,65,85,101,83,1568,80,85,110,120,116,101,108,119,124,95,92,110,88,99,121,1265,98,101,85,80,88,84,86,73,92,89,85,68,67,78,91,739,61,62,69,73,94,85,83,64,66,82,504,62,63,55,55,46,40,52,42,37,52,271,40,38,35,22,33,24,15,17,11,7,13,7,4,0,1,4
2021,"Harrow 017","E02000449",8299,503,80,115,104,112,92,431,93,87,79,87,85,551,92,107,97,80,93,82,361,91,98,93,79,592,109,96,116,130,141,1368,138,142,119,139,134,139,141,135,138,143,1724,162,125,144,117,122,115,126,110,111,101,113,103,99,84,92,1548,103,105,93,105,106,110,94,118,127,95,98,108,93,105,88,687,91,108,81,67,61,63,60,55,56,45,374,44,42,40,37,41,36,37,26,33,38,160,29,28,17,16,16,7,11,11,6,4,4,5,1,1,2,2
2021,"Harrow 019","E02000451",6717,350,42,87,77,66,78,386,80,68,66,74,98,496,90,89,76,93,79,69,274,76,75,79,44,292,51,39,58,75,69,827,69,71,71,62,89,97,82,114,80,92,1514,118,86,108,101,103,105,95,126,108,96,104,83,90,88,103,1295,75,85,70,123,95,102,71,83,76,101,101,67,69,82,95,712,87,72,77,64,82,56,80,74,50,70,414,55,46,50,50,45,36,43,35,29,25,157,27,20,14,16,12,17,19,13,3,6,2,3,1,3,0,1
2021,"Harrow 020","E02000452",9495,705,133,142,144,136,150,652,136,143,120,131,122,615,115,107,101,96,97,99,398,86,100,104,108,579,85,113,120,126,135,1875,159,171,128,158,196,198,227,196,225,217,2363,189,205,203,180,189,160,158,176,151,155,148,129,108,110,102,1435,118,113,162,110,101,103,105,93,86,85,81,71,77,60,70,510,67,80,54,45,43,54,58,39,34,36,267,23,48,25,32,24,29,22,27,22,15,96,15,18,11,5,12,6,4,8,4,6,2,2,1,0,0,2
2021,"Harrow 021","E02000453",8382,581,96,130,115,119,121,528,100,117,98,110,103,586,89,78,119,107,97,96,334,103,100,72,59,461,80,75,81,109,116,1416,103,133,104,187,123,139,133,151,200,143,1985,166,160,153,154,151,152,138,151,136,112,106,91,105,91,119,1437,97,118,107,112,85,117,99,116,92,92,99,73,84,64,82,592,74,70,67,50,68,54,51,53,54,51,335,35,37,36,29,42,21,34,34,41,26,127,16,18,20,15,12,10,12,4,4,6,0,6,3,1,0,0
2021,"Harrow 022","E02000454",7341,358,40,58,84,80,96,584,114,93,117,136,124,669,125,118,117,103,109,97,304,89,89,74,52,322,47,40,80,85,70,692,63,70,86,77,81,65,57,62,59,72,1691,85,86,102,110,113,148,129,130,128,140,105,109,100,94,112,1374,101,88,109,106,92,90,88,100,81,85,94,68,87,82,103,709,66,88,84,78,60,61,52,70,75,75,476,55,68,51,44,48,33,47,42,36,52,162,27,27,14,23,19,7,15,5,8,5,5,1,2,3,1,0
2021,"Harrow 023","E02000455",11658,903,207,188,190,160,158,659,143,137,136,114,129,589,115,103,104,93,88,86,349,86,84,96,83,647,105,105,130,156,151,2832,202,195,236,248,293,282,354,340,352,330,3016,338,287,265,256,236,233,210,177,163,143,185,159,126,112,126,1431,106,103,126,119,112,104,89,77,93,89,93,82,96,60,82,612,69,65,55,65,55,51,65,60,72,55,453,49,62,55,43,42,32,47,40,42,41,167,18,37,26,17,19,13,12,3,9,5,2,3,1,0,0,2
2021,"Harrow 024","E02000456",7821,440,104,80,87,68,101,435,82,89,96,88,80,546,110,80,85,104,82,85,355,75,117,111,52,519,105,67,83,133,131,1323,135,145,122,106,104,186,105,135,176,109,1768,105,110,107,125,113,137,103,130,172,105,115,108,160,85,93,1414,91,113,90,73,104,103,99,134,87,134,71,66,88,71,90,575,74,62,68,58,57,49,52,47,55,53,312,39,47,31,27,32,34,26,34,21,21,134,23,20,21,10,11,13,9,7,3,6,2,3,2,2,1,1
2021,"Harrow 025","E02000457",7054,308,69,52,68,58,61,434,87,100,77,88,82,537,80,83,96,97,90,91,281,75,73,78,55,400,55,85,75,96,89,1037,104,98,102,105,107,107,109,108,100,97,1518,113,100,103,106,119,110,105,95,101,107,90,103,80,95,91,1329,96,94,101,101,103,99,83,93,72,95,77,77,79,80,79,598,69,66,78,55,57,47,53,50,63,60,439,57,59,55,49,34,40,42,48,29,26,173,28,32,19,18,20,16,11,6,3,3,7,4,0,1,1,4
2021,"Harrow 027","E02000459",9332,621,126,107,120,134,134,595,122,121,122,121,109,764,139,129,123,139,120,114,406,121,104,99,82,538,98,93,104,118,125,1452,140,127,127,135,135,176,142,179,153,138,2310,188,184,147,164,196,156,149,146,135,170,121,135,116,123,180,1550,129,112,116,104,113,116,84,127,92,98,125,84,76,82,92,623,67,80,66,56,52,53,65,49,59,76,337,43,46,32,36,34,26,42,27,25,26,136,22,23,15,19,11,12,13,7,6,2,3,1,0,0,0,2
2021,"Harrow 028","E02000460",7307,497,89,109,95,107,97,523,100,85,118,105,115,615,94,107,104,102,96,112,374,103,96,101,74,499,71,92,99,121,116,1097,119,103,93,110,100,97,108,125,123,119,1727,134,137,125,126,146,137,98,123,108,115,100,120,89,93,76,1221,98,102,101,90,103,98,88,80,79,67,60,70,74,63,48,465,66,60,53,45,42,40,41,31,39,48,208,26,26,24,23,17,19,20,17,22,14,81,14,14,8,12,6,4,7,2,5,2,2,0,2,1,1,1
2021,"Harrow 029","E02000461",7299,410,85,98,83,80,64,337,70,73,63,68,63,734,70,81,73,97,207,206,651,218,234,147,52,379,67,65,74,98,75,1079,100,82,91,98,93,108,131,132,132,112,1698,117,104,121,118,135,116,124,119,111,110,129,95,119,90,90,1093,93,90,76,82,78,78,69,63,85,83,70,48,64,60,54,488,50,50,49,57,46,48,41,30,49,68,292,37,30,30,35,33,26,26,33,20,22,138,27,20,18,15,12,8,10,4,7,3,1,7,5,0,0,1
2021,"Harrow 030","E02000462",6981,388,91,71,75,69,82,398,73,65,89,89,82,550,90,89,94,97,87,93,337,87,90,78,82,407,53,76,90,89,99,1107,94,100,115,100,105,110,118,112,124,129,1526,111,114,101,90,121,98,113,98,108,111,87,100,92,102,80,1289,97,103,93,86,79,104,81,93,85,88,89,89,66,71,65,524,56,63,60,59,47,50,51,49,43,46,327,45,32,42,38,31,31,32,31,19,26,128,28,20,18,16,11,9,5,3,5,4,3,1,2,1,0,2
2021,"Harrow 031","E02000463",8701,424,76,76,82,91,99,554,104,89,104,146,111,789,124,126,125,148,126,140,491,170,126,103,92,625,103,96,153,156,117,1075,122,112,113,93,112,117,109,99,103,95,1861,111,124,106,122,127,132,131,122,128,118,131,118,140,119,132,1701,148,128,126,108,122,99,139,110,113,126,111,106,100,91,74,706,81,80,79,75,69,62,74,65,58,63,370,60,42,44,39,37,31,43,26,27,21,105,17,21,13,12,6,8,4,7,6,5,1,1,3,0,0,1
2021,"Harrow 032","E02006795",8272,424,77,72,87,101,87,563,91,123,105,123,121,673,114,98,134,110,106,111,414,141,111,98,64,525,71,89,115,129,121,1090,109,109,105,106,107,107,102,99,130,116,1901,138,129,125,127,133,131,128,165,141,118,116,134,104,102,110,1508,95,100,132,96,93,102,123,101,101,109,90,102,81,95,88,640,87,75,74,51,70,61,51,63,64,44,374,47,55,40,38,42,33,28,37,31,23,160,26,26,24,22,16,11,11,7,4,8,2,2,0,0,1,0
2021,"Harrow 033","E02006882",14389,799,167,156,157,150,169,787,158,164,173,165,127,886,142,155,152,150,159,128,573,149,160,147,117,910,124,155,191,218,222,2164,201,199,223,232,198,226,256,197,208,224,2932,257,232,205,209,225,197,188,232,188,183,160,181,168,166,141,2749,203,160,198,187,155,172,177,204,174,179,192,201,186,176,185,1468,164,229,127,163,139,142,127,131,139,107,812,101,100,102,74,65,103,76,68,58,65,309,54,45,44,29,36,22,25,11,12,9,6,4,4,5,0,3
2021,"Havering 001","E02000464",7753,498,81,88,127,107,95,525,110,93,94,111,117,669,106,112,105,113,104,129,371,116,82,92,81,477,78,93,103,78,125,1027,79,69,104,100,89,119,117,121,119,110,1620,108,120,116,105,122,122,106,107,129,95,92,111,97,91,99,1342,103,80,111,76,111,88,99,92,92,87,95,75,80,73,80,616,73,66,69,63,46,53,54,56,63,73,394,44,46,42,42,41,40,33,31,38,37,214,30,24,27,34,15,18,7,7,8,15,10,8,3,4,1,3
2021,"Havering 002","E02000465",9352,662,122,132,128,131,149,769,170,152,140,155,152,799,120,157,117,131,147,127,443,133,114,95,101,529,92,94,120,104,119,1276,105,114,119,113,111,150,124,157,133,150,2181,148,179,169,178,155,194,124,138,124,110,153,132,117,112,148,1686,138,113,111,137,122,116,128,118,121,109,112,99,94,94,74,587,73,55,55,56,59,57,58,51,65,58,279,46,26,35,34,21,34,24,19,14,26,141,24,18,19,17,16,16,7,8,3,4,6,0,1,0,0,2
2021,"Havering 003","E02000466",9070,626,117,119,133,115,142,626,134,103,127,125,137,685,114,123,117,104,109,118,421,121,118,78,104,561,96,101,118,120,126,1187,116,99,97,116,121,133,126,122,143,114,1771,130,128,131,132,155,114,100,107,97,97,125,123,104,109,119,1673,114,105,117,132,133,111,93,137,106,120,106,129,89,106,75,836,91,88,86,76,76,73,93,79,86,88,504,52,57,62,53,54,42,58,45,43,38,180,33,30,26,21,16,13,11,8,7,2,6,2,2,0,1,2
2021,"Havering 004","E02000467",11457,848,153,155,192,169,179,1046,225,207,195,233,186,1197,201,194,208,212,200,182,640,166,182,173,119,659,122,141,132,136,128,1652,148,151,147,167,161,165,149,158,205,201,2395,199,169,167,157,185,189,193,165,141,153,122,142,151,124,138,1904,150,153,135,149,134,134,122,152,127,100,137,120,105,86,100,702,82,83,69,69,68,78,63,51,75,64,281,49,44,22,27,15,20,37,15,29,23,133,21,20,21,10,11,11,7,11,8,4,3,2,0,2,1,1
2021,"Havering 005","E02000468",8658,548,95,115,123,113,102,613,135,126,117,103,132,682,114,103,118,119,121,107,438,105,121,120,92,489,108,72,106,100,103,1034,90,90,93,91,115,96,83,128,130,118,1752,129,116,118,119,117,144,147,131,99,110,108,103,95,105,111,1622,119,127,139,104,118,112,115,121,112,90,88,81,98,84,114,789,84,81,85,60,74,70,78,84,86,87,478,58,48,67,50,45,50,42,37,43,38,213,30,29,27,17,24,25,13,11,17,7,2,2,4,1,3,1
2021,"Havering 006","E02000469",7286,537,109,105,98,112,113,530,107,98,106,99,120,630,98,101,114,111,100,106,325,109,89,71,56,388,74,73,65,77,99,982,98,84,94,99,98,93,106,97,92,121,1507,124,108,110,98,115,112,105,103,76,95,88,90,90,95,98,1304,86,101,104,96,111,91,95,86,83,75,67,81,88,70,70,576,64,61,49,53,48,61,53,61,77,49,365,53,46,55,39,40,21,28,30,28,25,142,18,21,12,18,5,16,14,11,9,5,2,4,3,1,1,2
2021,"Havering 007","E02000470",9776,650,143,144,123,126,114,512,113,116,84,103,96,569,91,104,83,108,93,90,339,90,76,88,85,446,81,91,91,79,104,1690,127,129,158,173,186,167,211,184,180,175,2025,179,165,167,165,154,156,132,110,106,112,117,123,113,114,112,1719,131,117,121,112,117,131,151,112,95,98,125,96,114,119,80,933,74,110,86,81,91,72,97,93,118,111,592,79,86,71,65,57,46,56,49,49,34,301,32,48,39,22,29,20,21,29,13,16,6,7,4,7,2,6
2021,"Havering 008","E02000471",7822,378,57,66,75,66,114,448,86,110,83,82,87,508,77,87,80,94,83,87,323,75,101,73,74,413,81,67,101,81,83,849,86,104,74,94,69,68,84,90,92,88,1382,100,94,91,89,89,90,121,74,86,83,91,74,110,93,97,1649,96,100,107,100,128,115,111,116,112,109,114,130,119,108,84,949,94,81,108,86,89,87,98,97,108,101,639,83,95,82,69,51,57,53,58,55,36,284,41,37,24,34,30,35,26,16,18,12,1,3,3,2,1,1
2021,"Havering 009","E02000472",9472,562,92,100,127,117,126,613,139,126,104,120,124,728,119,120,113,138,126,112,423,134,110,81,98,485,73,88,99,127,98,1245,111,118,107,114,111,123,142,148,139,132,1934,127,128,114,128,136,151,147,138,126,132,112,126,120,124,125,1737,131,120,137,123,116,111,122,124,117,108,103,108,106,103,108,941,88,98,100,93,90,87,85,99,104,97,575,79,80,66,61,64,52,51,36,53,33,229,33,40,32,24,28,15,13,14,12,6,1,5,4,0,0,2
2021,"Havering 010","E02000473",10491,669,136,132,137,127,137,720,146,143,145,137,149,722,137,127,136,107,112,103,429,118,97,121,93,569,88,116,123,132,110,1447,109,145,121,143,154,142,141,184,154,154,2218,169,160,193,167,180,168,171,140,120,131,123,128,121,115,132,1928,136,154,142,134,130,152,118,124,132,141,132,110,113,112,98,957,113,101,99,86,101,90,91,79,104,93,584,83,78,62,61,51,44,63,65,36,41,248,29,42,28,23,28,21,17,12,11,15,9,6,2,2,1,2
2021,"Havering 011","E02000474",9191,664,122,113,148,145,136,654,132,130,147,129,116,663,135,104,112,94,119,99,406,114,122,107,63,469,84,92,92,95,106,1345,129,105,109,122,131,139,142,151,157,160,1959,169,135,155,157,164,137,152,123,97,124,101,111,117,120,97,1621,102,113,115,140,120,117,132,118,110,89,92,90,110,88,85,709,83,73,67,63,61,69,55,67,79,92,460,59,46,42,48,46,46,36,49,45,43,241,34,41,26,28,30,21,13,19,5,8,5,4,2,3,0,2
2021,"Havering 012","E02000475",9613,573,116,128,110,112,107,544,126,100,121,99,98,591,103,98,116,92,91,91,346,94,90,93,69,424,53,83,102,84,102,1347,105,144,109,118,150,127,152,137,156,149,1921,158,120,124,156,131,139,152,128,108,116,114,97,126,112,140,1820,120,144,139,126,126,119,125,123,121,105,107,116,127,110,112,1020,93,93,98,98,119,88,105,98,109,119,689,87,82,86,103,66,56,61,60,34,54,338,49,38,33,32,40,29,21,26,18,10,8,8,10,7,5,4
2021,"Havering 013","E02000476",9349,731,184,148,143,134,122,577,110,128,109,118,112,500,93,88,71,99,74,75,312,99,75,69,69,548,60,113,105,140,130,1971,152,159,188,207,243,207,209,235,187,184,2088,190,181,155,179,148,168,143,119,116,117,122,123,100,119,108,1422,96,132,113,96,110,102,86,112,74,80,88,91,78,84,80,590,65,58,56,56,68,61,48,61,56,61,407,49,44,46,42,30,39,47,25,48,37,203,42,29,22,22,19,16,17,16,8,2,3,3,3,0,1,0
2021,"Havering 014","E02000477",9526,520,91,123,100,100,106,530,122,91,113,95,109,596,106,91,117,96,89,97,403,104,116,92,91,484,69,92,116,101,106,1209,96,116,110,91,130,107,124,156,143,136,1910,140,144,149,123,124,140,139,138,105,124,89,126,123,116,130,1938,138,134,153,143,142,140,114,132,128,116,127,113,134,113,111,1043,98,120,89,90,101,111,109,98,108,119,636,83,81,83,72,47,63,63,47,52,45,257,40,33,33,31,20,24,22,17,9,4,7,6,2,7,0,2
2021,"Havering 015","E02000478",5990,241,45,44,53,54,45,277,56,52,56,47,66,382,56,46,64,74,68,74,249,69,72,59,49,314,60,61,69,66,58,589,63,66,69,53,59,52,58,50,60,59,968,58,64,69,79,69,55,68,65,58,55,62,54,72,69,71,1306,70,78,72,83,93,87,105,84,77,99,85,106,84,102,81,876,80,94,88,60,87,92,82,83,108,102,567,76,75,80,65,44,35,51,49,40,52,221,41,30,33,21,19,22,15,11,8,5,6,4,1,2,0,3
2021,"Havering 016","E02000479",9443,703,134,160,150,129,130,578,126,124,113,101,114,666,118,112,129,111,111,85,441,120,123,119,79,509,84,85,97,119,124,1671,130,145,139,158,163,178,182,199,185,192,2200,180,181,158,150,128,132,165,148,134,165,145,143,107,144,120,1572,140,145,92,115,114,120,111,114,92,108,85,80,88,95,73,601,72,63,58,50,63,56,73,58,50,58,342,58,39,38,41,38,24,33,24,31,16,160,20,19,18,18,18,15,13,9,7,5,8,5,3,0,0,2
2021,"Havering 017","E02000480",13843,1140,234,225,245,222,214,1004,231,194,213,199,167,1080,188,193,182,179,166,172,595,169,153,144,129,802,133,167,145,172,185,2583,205,216,241,250,253,278,299,281,287,273,2984,258,251,254,218,240,235,189,170,177,185,175,161,164,176,131,2131,192,158,160,176,139,164,158,165,134,138,126,112,114,97,98,796,86,87,84,86,70,80,76,86,57,84,456,62,49,57,50,44,41,39,35,40,39,272,43,44,31,30,27,14,16,19,16,11,6,4,4,3,4,0
2021,"Havering 018","E02000481",8236,464,84,94,84,107,95,490,100,87,102,100,101,624,123,104,101,101,112,83,340,87,94,89,70,422,64,76,92,84,106,886,87,95,78,101,90,93,74,87,95,86,1565,111,111,99,112,104,128,128,95,99,96,108,96,90,98,90,1618,110,107,118,120,119,111,119,108,115,111,115,85,92,98,90,829,70,72,87,77,83,89,75,87,103,86,611,61,93,77,64,58,52,47,46,60,53,387,56,42,51,50,49,37,19,28,19,13,6,8,6,1,0,2
2021,"Havering 019","E02000482",6586,284,52,38,57,58,79,362,73,72,77,66,74,534,87,88,99,90,87,83,315,84,101,79,51,310,56,60,67,65,62,482,55,60,49,42,41,50,52,40,43,50,1320,61,73,67,86,82,72,68,114,93,98,102,89,110,85,120,1337,119,102,105,79,111,78,93,89,90,83,75,76,68,94,75,781,66,67,84,74,88,69,76,73,92,92,552,56,51,62,65,46,59,75,49,43,46,309,41,35,28,40,39,28,23,16,21,13,9,6,7,2,1,0
2021,"Havering 020","E02000483",8008,447,78,95,93,88,93,447,104,92,92,74,85,468,83,73,77,82,82,71,288,72,80,76,60,415,70,92,74,84,95,1141,99,114,111,110,112,119,117,124,118,117,1533,114,114,115,112,105,107,102,103,102,83,93,97,91,109,86,1552,104,100,100,102,100,107,117,113,105,101,109,103,100,108,83,849,87,76,84,103,77,91,93,83,90,65,586,75,74,70,70,47,44,56,57,45,48,282,42,29,33,39,23,26,24,14,15,8,6,4,9,1,3,6
2021,"Havering 021","E02000484",8487,439,96,87,81,84,91,450,81,83,87,104,95,598,96,113,110,87,86,106,388,102,117,93,76,450,74,73,107,98,98,1067,99,108,114,116,105,98,104,106,114,103,1638,125,113,97,93,102,102,123,114,103,106,102,115,116,118,109,1895,118,123,132,123,139,144,117,147,125,124,121,126,116,113,127,876,93,98,75,89,71,79,92,66,105,108,481,57,62,56,56,57,51,34,31,41,36,205,32,33,21,25,23,22,18,9,4,8,2,5,2,1,0,0
2021,"Havering 022","E02000485",8483,493,89,100,99,95,110,517,93,97,119,103,105,582,90,92,106,99,108,87,323,92,83,76,72,420,64,76,88,100,92,1147,109,115,104,100,107,107,107,132,144,122,1745,113,118,127,132,136,153,108,94,120,108,115,100,115,96,110,1659,120,115,127,127,113,106,110,122,116,120,100,100,112,91,80,792,83,91,98,66,69,77,75,66,76,91,569,83,82,59,47,41,52,58,39,54,54,236,40,42,31,36,18,10,13,18,9,7,3,4,2,2,1,0
2021,"Havering 023","E02000486",7359,400,79,86,76,73,86,408,102,71,76,82,77,380,58,83,57,59,71,52,279,73,78,70,58,383,69,78,77,87,72,977,98,102,69,100,98,107,91,98,111,103,1353,94,100,95,88,93,87,102,80,94,81,71,95,83,98,92,1583,87,85,110,102,112,125,121,116,121,100,99,104,103,108,90,814,95,94,76,86,68,75,70,80,82,88,542,71,67,73,60,44,40,43,40,56,48,240,31,36,27,35,34,16,15,18,8,6,6,1,1,3,0,3
2021,"Havering 024","E02000487",7910,326,46,70,53,80,77,423,87,71,96,81,88,562,93,88,93,109,95,84,340,102,86,85,67,391,59,68,86,106,72,639,74,78,53,61,54,48,54,72,79,66,1411,57,84,79,79,88,72,107,91,87,108,98,129,113,114,105,1749,111,98,110,113,134,131,115,135,132,125,114,120,116,102,93,1082,100,82,116,97,93,110,114,105,142,123,664,97,95,90,66,49,61,45,64,48,49,323,49,44,34,45,23,28,33,12,14,10,8,9,2,7,2,3
2021,"Havering 025","E02000488",7584,392,69,78,74,79,92,395,78,87,75,63,92,445,72,78,70,76,71,78,278,78,81,56,63,380,64,77,97,65,77,933,94,80,94,92,88,83,92,91,107,112,1355,116,85,110,108,83,107,73,86,81,88,88,74,80,93,83,1606,99,100,94,101,106,123,120,132,140,99,128,85,86,103,90,987,91,96,94,100,100,92,89,104,109,112,568,91,71,67,60,53,45,51,52,46,32,245,49,43,19,24,24,24,12,10,16,7,6,3,3,3,2,0
2021,"Havering 026","E02000489",8633,545,95,94,112,120,124,609,118,111,129,111,140,616,116,90,101,101,106,102,367,106,88,98,75,453,84,81,91,84,113,1110,86,96,112,109,100,132,101,102,136,136,1756,132,157,125,125,108,133,108,135,92,107,115,113,78,104,124,1696,109,90,104,119,123,119,125,115,107,114,112,119,109,117,114,770,78,74,72,72,85,75,91,61,83,79,516,67,60,74,52,55,46,46,49,32,35,195,48,26,29,22,17,12,11,7,5,5,2,4,1,1,3,2
2021,"Havering 027","E02000490",8471,550,88,103,134,117,108,539,122,98,118,102,99,603,115,99,105,85,100,99,405,104,108,100,93,493,87,82,109,96,119,1163,111,110,96,104,131,128,118,113,131,121,1619,140,125,119,103,104,103,124,108,101,106,94,103,95,87,107,1587,120,107,95,123,104,136,110,100,114,106,118,99,92,93,70,758,76,69,73,61,76,70,69,79,90,95,508,61,62,59,48,50,46,34,56,41,51,246,38,36,33,25,28,22,11,14,17,4,9,3,2,1,1,2
2021,"Havering 028","E02000491",10637,750,130,133,169,169,149,737,159,130,153,151,144,898,166,114,143,166,157,152,551,165,136,130,120,681,119,128,138,141,155,1619,138,137,172,162,148,165,166,162,182,187,2156,157,163,173,147,138,156,139,135,146,132,143,132,111,152,132,1873,133,140,156,138,158,139,140,114,126,114,112,118,105,99,81,731,85,73,81,65,74,75,61,62,80,75,459,62,42,49,57,51,41,42,38,27,50,182,35,22,21,23,12,10,15,16,6,5,6,8,0,3,0,0
2021,"Havering 029","E02000492",6823,350,65,68,77,76,64,386,66,80,72,85,83,468,77,75,75,96,71,74,288,77,83,56,72,358,59,54,75,83,87,917,91,88,85,108,79,106,98,83,91,88,1171,76,79,85,69,74,90,84,67,70,82,74,86,68,69,98,1387,86,92,90,85,93,108,106,97,99,100,95,92,84,79,81,717,77,64,72,71,71,67,51,88,69,87,553,58,63,79,65,46,58,45,48,54,37,228,51,42,33,25,25,15,14,8,4,4,5,0,0,1,1,0
2021,"Havering 030","E02000493",6743,498,95,99,106,85,113,525,107,103,105,114,96,533,89,81,100,104,78,81,303,90,87,73,53,383,64,64,66,91,98,1044,93,84,82,90,138,128,122,104,97,106,1410,111,124,106,123,84,103,96,91,83,79,81,88,84,77,80,1181,78,102,68,80,79,88,88,86,86,86,86,63,66,68,57,470,42,56,66,57,41,44,43,39,39,43,287,27,29,27,31,36,28,18,39,30,22,109,22,16,14,10,12,5,8,11,6,0,2,2,0,1,0,0
2021,"Hillingdon 001","E02000494",7953,368,71,60,74,69,94,468,77,91,65,122,113,531,87,89,94,88,91,82,278,83,87,64,44,269,30,48,45,69,77,769,84,79,75,69,62,71,83,87,79,80,1613,75,91,97,106,90,114,142,147,94,120,101,92,121,115,108,1670,120,116,121,136,116,113,108,104,102,105,126,101,107,98,97,1036,100,125,93,90,116,106,86,116,100,104,659,62,76,76,74,50,72,77,55,59,58,292,55,39,45,32,26,19,22,13,10,5,6,5,4,2,2,7
2021,"Hillingdon 002","E02000495",10408,613,123,141,112,127,110,662,122,144,109,138,149,752,135,143,113,123,122,116,350,111,107,72,60,494,77,92,101,118,106,1448,135,121,144,150,146,139,170,149,160,134,2392,175,161,154,166,166,164,194,187,152,159,158,141,150,137,128,1760,152,134,126,144,131,133,131,113,107,123,104,101,94,86,81,960,99,96,93,93,87,92,76,106,99,119,675,81,79,88,79,51,72,69,57,49,50,302,49,30,45,42,32,26,19,20,9,11,3,5,5,0,2,4
2021,"Hillingdon 003","E02000496",7793,411,74,66,90,86,95,444,85,86,84,102,87,564,110,58,92,111,94,99,321,91,103,72,55,375,66,69,76,80,84,995,89,76,86,95,104,116,97,128,102,102,1569,114,107,110,105,110,95,118,97,103,99,97,89,92,94,139,1651,117,117,103,130,129,139,104,98,102,104,110,87,111,110,90,797,89,70,74,80,87,72,75,80,74,96,470,69,60,56,55,38,30,41,42,33,46,196,36,31,19,19,17,23,12,12,7,3,7,2,1,3,3,1
2021,"Hillingdon 004","E02000497",9529,542,85,109,120,103,125,623,127,112,128,120,136,755,138,144,116,140,111,106,361,99,96,86,80,479,75,87,92,107,118,1141,95,96,110,115,110,119,110,125,116,145,2116,137,146,146,139,150,183,153,148,137,150,134,132,112,120,129,1824,113,149,112,112,145,142,115,134,125,115,120,128,107,103,104,814,84,86,91,78,72,77,58,80,88,100,574,56,85,67,51,55,53,42,57,59,49,300,41,45,23,29,28,25,21,17,24,13,11,5,6,5,3,4
2021,"Hillingdon 005","E02000498",6385,383,61,70,68,83,101,379,75,74,88,56,86,437,83,79,74,66,67,68,251,60,91,52,48,262,37,46,61,61,57,699,50,73,75,60,66,70,79,70,83,73,1299,98,81,84,112,98,93,84,76,87,78,66,79,109,73,81,1292,83,79,98,99,85,83,95,95,76,80,86,89,73,90,81,748,64,80,73,62,89,71,66,68,77,98,455,64,50,56,54,35,50,38,39,40,29,180,33,26,21,21,20,15,9,6,4,6,4,8,3,3,1,0
2021,"Hillingdon 006","E02000499",7721,388,69,75,75,87,82,451,74,92,90,88,107,518,86,99,88,81,73,91,310,84,82,86,58,370,56,64,66,84,100,765,86,88,71,64,61,72,72,81,83,87,1604,111,118,108,104,124,103,113,98,136,92,124,98,88,92,95,1603,108,110,91,113,114,116,111,92,126,121,110,124,97,90,80,832,85,89,86,76,76,70,78,90,99,83,592,68,60,66,64,62,57,57,54,60,44,288,45,45,38,36,24,27,18,12,12,12,5,4,3,4,3,0
2021,"Hillingdon 007","E02000500",8278,385,65,65,90,77,88,408,79,84,87,80,78,565,91,109,102,75,91,97,297,86,90,70,51,488,58,92,93,120,125,993,89,90,99,109,106,96,108,110,93,93,1607,109,95,115,104,104,134,107,112,102,115,108,97,101,86,118,1730,109,104,111,112,117,102,132,130,121,135,142,97,114,95,109,897,94,90,76,97,71,76,85,82,117,109,610,69,81,59,70,61,62,57,50,52,49,298,51,44,27,36,31,23,17,23,13,6,6,10,7,2,0,2
2021,"Hillingdon 008","E02000501",8477,498,86,106,104,102,100,559,112,115,124,105,103,611,111,103,92,102,93,110,312,104,74,82,52,361,54,71,80,77,79,1008,101,111,89,84,98,98,95,102,109,121,1968,124,149,167,135,189,144,155,138,131,107,111,107,102,98,111,1664,118,118,110,156,121,113,129,125,106,116,114,91,82,87,78,749,84,79,70,73,75,70,66,73,82,77,508,59,74,58,63,45,39,41,46,51,32,239,26,37,28,27,30,19,13,15,10,7,9,6,4,1,2,5
2021,"Hillingdon 009","E02000502",8929,667,148,125,136,127,131,621,154,132,108,119,108,614,98,107,122,105,92,90,307,98,75,82,52,381,64,52,83,81,101,1377,93,110,126,119,148,150,135,153,168,175,2189,160,183,198,176,149,183,167,139,138,153,121,112,98,98,114,1423,107,122,112,95,110,88,100,80,98,83,128,81,71,64,84,666,94,66,63,80,55,61,61,57,60,69,447,40,48,54,49,44,52,41,34,43,42,237,31,40,23,28,24,18,17,15,9,6,13,4,1,4,1,3
2021,"Hillingdon 010","E02000503",8689,589,120,102,116,125,126,544,105,127,109,108,95,601,111,86,109,98,100,97,347,90,84,87,86,406,61,60,107,88,90,1155,111,105,80,88,107,108,121,133,156,146,2046,142,169,163,152,136,154,148,145,127,133,120,96,121,122,118,1779,124,127,126,139,136,118,141,123,121,136,110,120,100,82,76,694,76,76,89,68,68,62,66,60,64,65,367,45,47,33,43,33,43,34,29,27,33,161,37,18,20,22,13,12,6,8,5,11,2,0,1,0,2,4
2021,"Hillingdon 011","E02000504",7639,410,73,60,84,92,101,505,104,96,90,117,98,577,99,113,90,87,97,91,279,86,69,69,55,347,63,57,66,92,69,770,82,84,68,64,75,89,64,69,89,86,1652,96,88,86,126,121,129,139,125,104,107,95,102,118,105,111,1539,103,124,86,101,124,131,99,97,107,99,98,108,96,81,85,764,95,75,74,71,57,67,70,64,88,103,546,55,68,66,76,52,45,44,45,48,47,250,32,39,29,29,21,23,15,15,13,9,11,5,0,4,1,4
2021,"Hillingdon 013","E02000506",7959,381,54,74,73,88,92,456,90,89,79,94,104,541,78,93,84,93,91,102,321,88,91,77,65,364,52,63,79,85,85,857,91,90,99,92,82,82,92,84,74,71,1661,91,84,114,92,107,122,112,137,117,113,114,138,106,100,114,1632,101,103,129,106,112,123,103,123,106,104,91,110,101,100,120,915,102,119,94,87,77,92,94,76,92,82,567,84,70,73,52,65,51,46,49,34,43,264,37,33,40,33,22,25,18,14,12,13,6,2,5,2,0,2
2021,"Hillingdon 014","E02000507",8240,527,97,89,89,123,129,589,123,110,131,127,98,725,127,126,123,130,96,123,415,113,110,93,99,489,74,104,111,107,93,1022,85,87,78,103,89,99,111,113,115,142,1891,147,132,139,124,133,161,130,140,125,119,128,104,106,100,103,1499,100,112,125,119,110,118,118,95,86,101,85,97,70,95,68,610,78,65,65,65,57,58,63,52,55,52,305,40,37,25,27,40,34,25,27,32,18,168,33,18,18,24,14,17,7,5,6,6,4,4,8,2,0,2
2021,"Hillingdon 015","E02000508",11944,805,163,155,148,145,194,701,145,156,128,138,134,637,116,120,137,96,84,84,1206,116,120,372,598,1292,355,289,218,233,197,2061,175,205,161,193,188,211,234,241,212,241,2694,211,227,234,213,207,210,207,194,170,134,149,154,127,137,120,1514,152,119,109,121,110,121,98,101,107,95,89,72,76,65,79,540,55,69,50,62,65,40,54,47,54,44,332,34,41,35,35,37,31,29,26,33,31,162,26,22,22,23,15,13,16,8,3,4,6,3,0,1,0,0
2021,"Hillingdon 016","E02000509",10565,618,105,134,122,135,122,553,129,107,103,124,90,531,110,80,79,110,74,78,905,92,98,237,478,2099,578,592,445,307,177,1777,168,215,162,200,191,179,167,144,160,191,1889,143,163,169,144,109,140,132,130,102,99,150,102,84,126,96,1265,86,111,86,106,82,105,96,93,73,68,80,76,70,64,69,562,68,84,62,67,50,45,56,44,45,41,259,30,41,29,19,27,22,25,30,23,13,107,22,12,17,6,20,6,9,2,4,3,4,0,0,1,1,0
2021,"Hillingdon 017","E02000510",9118,512,89,117,106,90,110,572,111,110,120,117,114,720,111,122,122,120,137,108,413,105,107,98,103,611,113,131,117,138,112,1213,102,120,126,113,115,116,112,141,122,146,1967,130,132,151,148,130,134,119,155,131,112,128,130,139,108,120,1722,131,122,99,160,136,113,112,118,94,127,111,99,106,101,93,757,83,86,76,67,74,64,72,75,83,77,442,53,52,79,34,41,43,37,31,45,27,189,34,31,33,20,9,19,11,7,9,4,3,2,4,0,1,2
2021,"Hillingdon 018","E02000511",9941,641,128,120,113,129,151,686,139,130,125,138,154,807,157,133,131,132,126,128,528,138,148,127,115,603,104,114,132,124,129,1307,136,126,133,115,134,118,133,133,139,140,2194,164,153,153,143,182,154,157,140,131,136,134,150,153,115,129,1858,115,165,130,145,150,160,126,129,142,105,116,100,96,99,80,644,70,79,75,59,52,58,62,62,55,72,465,54,53,45,54,41,46,51,43,32,46,208,42,30,22,22,14,20,16,16,10,3,5,3,3,0,0,2
2021,"Hillingdon 019","E02000512",8828,630,137,126,118,120,129,566,112,114,111,108,121,814,138,155,119,136,131,135,455,120,119,110,106,590,108,114,123,116,129,1293,111,134,128,148,100,119,143,146,129,135,1962,135,136,133,154,138,138,150,119,118,136,106,145,115,111,128,1526,122,116,128,116,115,125,109,98,103,94,84,97,85,65,69,547,73,48,61,56,47,42,50,51,68,51,333,50,39,48,32,26,28,25,28,35,22,112,25,24,20,10,7,0,8,6,2,3,2,2,0,2,0,1
2021,"Hillingdon 020","E02000513",9768,795,155,174,173,149,144,848,176,173,160,147,192,941,148,151,144,207,147,144,495,152,124,117,102,553,118,119,108,111,97,1500,169,111,123,136,139,147,165,200,164,146,2302,181,174,161,154,149,147,147,176,155,130,157,138,139,167,127,1529,124,130,119,119,120,118,105,85,130,98,110,72,72,63,64,463,63,57,49,36,50,41,43,47,44,33,227,26,31,20,24,26,23,19,17,19,22,115,18,16,17,15,7,10,11,5,8,4,1,0,3,0,0,0
2021,"Hillingdon 021","E02000514",10671,704,144,135,111,164,150,782,159,156,167,154,146,956,169,160,149,150,169,159,604,125,164,174,141,714,146,146,160,107,155,1511,129,141,121,176,150,169,147,143,177,158,2506,178,172,194,188,162,184,187,145,146,178,142,138,214,149,129,1718,143,133,127,91,115,131,107,107,133,112,113,113,102,111,80,641,72,92,77,75,48,70,56,50,57,44,351,45,39,41,45,26,30,34,29,31,31,184,24,34,17,17,15,30,12,9,11,5,3,1,2,1,1,2
2021,"Hillingdon 022","E02000515",13307,1063,247,210,216,194,196,873,192,183,185,150,163,935,157,147,154,209,154,114,543,125,134,97,187,1085,224,278,186,204,193,2519,187,260,253,225,250,277,278,273,266,250,3049,273,222,245,273,214,252,222,209,190,177,164,141,154,164,149,2022,132,195,146,154,203,153,124,136,133,118,93,114,114,116,91,668,82,75,82,59,56,71,57,59,66,61,373,51,49,48,31,32,37,43,27,29,26,177,26,31,18,20,25,13,10,11,8,4,2,5,3,1,0,0
2021,"Hillingdon 023","E02000516",8654,547,100,104,104,116,123,611,125,115,111,129,131,781,127,120,143,143,115,133,449,122,125,99,103,535,93,98,112,125,107,1210,101,115,112,100,132,115,124,143,146,122,2058,111,136,140,135,139,152,162,145,112,140,137,116,140,160,133,1569,138,112,130,109,108,110,107,109,153,97,83,75,79,69,90,563,73,72,59,65,49,51,60,37,46,51,252,27,31,35,28,26,22,25,23,16,19,79,16,17,11,11,7,5,2,1,3,4,1,0,1,0,0,0
2021,"Hillingdon 024","E02000517",10473,731,131,146,151,169,134,774,133,147,157,183,154,1022,171,169,203,192,149,138,576,175,150,136,115,626,116,144,111,124,131,1537,172,127,131,143,168,152,155,158,160,171,2374,185,165,166,186,163,170,160,135,163,134,157,161,151,131,147,1679,120,162,118,139,121,118,103,129,103,96,106,92,94,93,85,655,95,65,76,69,63,71,73,45,46,52,313,47,41,39,36,29,28,25,31,17,20,186,25,26,25,24,13,17,13,11,10,7,0,3,1,5,3,3
2021,"Hillingdon 025","E02000518",9638,803,165,204,186,126,122,658,115,123,109,122,189,797,118,126,138,136,129,150,606,174,143,142,147,610,114,135,145,105,111,1440,117,125,120,133,213,156,139,151,145,141,1955,151,144,130,144,124,131,136,131,130,117,114,110,154,117,122,1634,134,125,108,149,132,131,108,119,105,94,100,95,96,65,73,659,86,71,69,57,51,54,66,82,69,54,342,46,49,33,37,33,31,20,22,36,35,134,21,15,22,17,11,7,9,10,1,9,4,3,3,0,1,1
2021,"Hillingdon 026","E02000519",9552,586,88,147,115,107,129,728,118,125,152,160,173,920,127,128,170,169,193,133,529,131,139,144,115,656,118,108,184,131,115,1250,119,104,137,120,117,137,119,133,130,134,2091,128,152,128,151,139,147,173,132,131,138,137,120,162,137,116,1646,118,136,120,122,98,120,128,122,99,101,100,102,92,106,82,649,88,67,76,71,52,56,61,48,63,67,341,28,36,37,44,36,35,41,34,29,21,156,24,23,20,21,18,10,11,8,6,3,4,3,0,0,2,3
2021,"Hillingdon 027","E02000520",14057,1019,189,197,219,219,195,1050,216,205,188,224,217,1201,191,207,229,202,170,202,675,186,187,143,159,924,165,173,184,192,210,2363,208,215,213,233,255,247,235,231,255,271,3372,269,245,262,285,238,237,255,242,189,194,189,189,214,176,188,2172,191,175,176,164,155,151,144,140,138,138,145,109,134,101,111,727,95,86,86,73,72,60,63,57,73,62,411,63,55,42,34,41,40,37,41,35,23,143,17,20,18,10,17,14,10,10,11,8,1,3,2,0,0,2
2021,"Hillingdon 028","E02000521",13192,1034,177,196,196,234,231,960,195,195,204,189,177,1142,215,202,184,212,166,163,684,175,192,146,171,823,168,158,145,169,183,2371,176,191,214,225,225,235,271,264,290,280,3203,251,246,242,257,241,243,254,246,193,154,170,195,168,169,174,1941,134,162,134,172,159,155,153,105,140,137,112,121,104,93,60,609,91,68,73,78,56,49,48,45,52,49,294,38,37,34,28,24,22,29,24,30,28,131,19,13,17,15,11,4,9,12,3,13,3,3,3,0,2,4
2021,"Hillingdon 029","E02000522",9573,675,135,130,126,138,146,731,176,147,150,136,122,774,161,139,127,122,115,110,404,120,107,96,81,565,92,95,138,127,113,1607,120,124,133,150,122,208,181,215,173,181,2128,187,168,153,183,150,145,166,157,132,115,134,120,94,109,115,1558,144,103,124,114,113,116,103,126,126,88,88,81,72,80,80,622,76,82,59,76,54,58,54,55,58,50,351,45,39,44,37,31,33,27,33,33,29,158,21,16,19,23,11,14,11,15,9,3,2,5,4,1,1,3
2021,"Hillingdon 030","E02000523",11370,718,146,130,137,154,151,761,133,152,163,162,151,856,140,151,157,127,152,129,552,131,129,151,141,845,150,154,211,169,161,2023,160,192,187,199,233,198,239,198,216,201,2733,211,220,184,196,202,186,202,174,181,163,181,169,180,136,148,1799,174,151,150,117,118,120,148,151,97,102,112,106,89,75,89,657,77,85,69,108,54,49,73,51,49,42,320,28,49,48,39,16,38,37,30,20,15,106,20,8,20,17,8,8,7,3,3,4,3,2,1,2,0,0
2021,"Hillingdon 031","E02000524",7527,490,102,98,92,94,104,485,94,84,89,120,98,499,87,105,79,81,74,73,266,56,76,51,83,472,64,89,90,105,124,1296,123,128,97,133,127,133,127,121,154,153,1789,142,155,141,125,125,113,132,138,114,101,93,120,96,95,99,1383,111,108,92,127,99,87,97,103,85,100,72,97,72,68,65,483,55,59,55,47,37,42,47,52,47,42,251,21,39,33,29,19,19,28,21,22,20,113,13,14,12,9,20,6,9,7,10,5,1,4,1,2,0,0
2021,"Hillingdon 032","E02000525",10062,708,145,130,151,145,137,757,146,137,147,148,179,893,159,138,159,146,162,129,435,131,127,87,90,578,121,109,110,115,123,1665,151,137,166,145,197,167,180,174,160,188,2468,178,199,190,167,177,196,176,147,167,150,165,145,147,118,146,1652,154,159,133,121,124,114,122,97,105,102,95,90,93,75,68,541,67,63,49,44,49,47,61,55,54,52,261,37,26,31,20,28,18,37,25,21,18,104,20,16,19,9,13,5,8,5,4,1,3,0,0,1,0,0
2021,"Hillingdon 033","E02006796",9699,644,138,126,125,133,122,670,120,170,130,116,134,663,111,120,106,110,107,109,394,108,112,92,82,545,95,115,96,118,121,1506,113,129,124,122,161,173,170,174,152,188,2351,162,212,170,175,180,243,160,159,123,158,124,138,109,132,106,1638,115,137,130,116,132,118,119,88,115,112,102,93,110,71,80,648,82,72,56,59,68,70,52,54,67,68,459,71,46,50,39,55,40,43,39,41,35,181,37,22,25,17,20,14,9,13,6,7,6,2,1,0,2,0
2021,"Hounslow 001","E02000526",8637,405,91,82,83,71,78,463,79,77,84,76,147,597,88,88,98,98,112,113,332,104,102,72,54,459,116,74,81,88,100,1358,99,141,154,121,115,135,165,140,175,113,2133,179,170,126,130,137,125,188,159,124,141,111,127,125,156,135,1669,193,123,127,108,122,134,109,117,112,106,107,72,73,79,87,686,80,71,76,72,58,50,64,69,78,68,376,51,64,38,47,35,34,30,27,29,21,159,27,24,16,19,12,10,10,12,7,5,8,4,1,1,0,3
2021,"Hounslow 004","E02000529",9713,649,96,120,168,127,138,734,157,134,150,149,144,782,137,117,139,134,121,134,470,131,110,115,114,594,104,98,116,134,142,1581,149,128,136,134,144,135,154,208,215,178,2199,196,167,139,126,165,155,168,144,130,147,158,136,124,118,126,1595,123,132,129,124,98,113,105,102,107,88,96,129,76,79,94,686,88,90,71,84,64,77,68,43,53,48,316,35,48,39,32,26,41,25,23,23,24,107,20,14,12,14,11,7,9,5,5,2,5,2,0,0,0,1
2021,"Hounslow 005","E02000530",8119,580,97,102,120,115,146,671,120,128,143,139,141,830,147,147,115,144,146,131,471,120,125,114,112,553,94,104,118,128,109,1174,101,93,118,101,109,133,131,159,113,116,1800,144,121,105,154,113,147,132,127,121,138,109,82,95,115,97,1320,95,99,95,94,103,91,104,140,75,77,80,69,65,65,68,436,50,59,46,47,44,41,36,39,38,36,213,25,26,22,20,25,24,21,20,13,17,71,14,10,9,10,5,9,1,4,3,2,4,0,0,0,0,0
2021,"Hounslow 006","E02000531",11572,705,155,147,134,133,136,699,140,139,135,144,141,757,121,133,132,129,116,126,418,101,120,103,94,621,103,97,135,145,141,2091,165,181,142,174,208,221,245,293,242,220,2807,206,228,215,215,219,220,190,193,159,181,159,173,146,154,149,2104,175,174,123,167,157,215,138,135,125,132,126,100,98,102,137,781,106,81,82,84,85,82,74,70,58,59,439,56,51,46,46,42,43,58,38,32,27,150,36,24,20,15,8,9,12,6,5,2,5,3,3,1,0,1
2021,"Hounslow 007","E02000532",8979,497,88,78,120,92,119,518,115,89,89,101,124,677,116,124,110,108,103,116,359,98,100,95,66,447,63,65,97,114,108,1038,103,100,101,114,114,99,86,112,112,97,2145,111,118,129,149,114,145,171,206,203,119,159,124,141,134,122,1823,87,158,136,137,144,119,132,131,146,107,123,115,108,79,101,836,79,73,96,85,98,73,83,75,93,81,471,65,67,57,62,47,46,29,37,34,27,168,25,14,18,23,17,17,16,15,9,5,2,3,1,0,1,2
2021,"Hounslow 008","E02000533",8397,451,111,79,92,74,95,548,101,118,90,118,121,637,96,129,103,109,99,101,305,89,89,70,57,362,44,63,67,87,101,1202,89,90,102,112,127,111,135,162,127,147,2002,118,127,144,127,126,130,111,170,122,125,156,138,122,140,146,1608,153,127,139,110,124,114,107,121,104,86,88,120,78,81,56,790,71,76,74,109,79,69,70,84,84,74,371,47,65,40,26,36,36,37,31,30,23,121,20,20,16,9,9,10,10,4,2,5,1,6,1,3,3,2
2021,"Hounslow 009","E02000534",8551,505,88,115,83,108,111,524,93,111,97,115,108,588,95,104,114,107,92,76,369,112,80,100,77,462,61,61,87,130,123,1348,119,138,116,130,128,133,139,162,152,131,2187,138,145,144,132,179,172,166,147,151,131,149,116,139,144,134,1396,129,128,112,123,98,91,86,80,93,80,63,80,82,74,77,624,61,58,74,74,55,59,57,60,60,66,417,46,61,41,35,38,39,45,47,39,26,131,24,18,15,13,10,18,8,6,7,4,5,1,0,0,0,2
2021,"Hounslow 010","E02000535",10045,557,95,121,103,114,124,629,120,133,106,135,135,752,135,110,108,145,129,125,436,103,116,102,115,632,126,110,120,141,135,1525,136,133,150,133,149,166,169,165,160,164,2278,184,169,169,183,142,148,150,147,157,152,141,142,133,127,134,1724,130,132,131,119,93,114,130,103,111,88,120,108,105,108,132,846,91,115,90,107,91,84,75,66,60,67,453,85,51,66,48,42,40,21,46,27,27,213,21,20,20,18,51,20,27,12,5,11,2,6,0,0,0,0
2021,"Hounslow 011","E02000536",10842,645,145,134,108,143,115,724,174,106,139,149,156,773,142,134,138,108,134,117,580,139,187,135,119,658,102,104,115,152,185,1747,170,141,179,154,165,199,195,182,180,182,2538,198,179,195,180,170,175,172,173,157,169,153,137,181,156,143,1795,131,152,149,154,120,139,102,117,95,108,113,92,132,88,103,786,111,89,76,79,95,71,76,73,68,48,410,41,50,51,38,39,41,40,40,37,33,186,38,34,30,29,12,11,10,5,2,4,7,1,1,0,1,1
2021,"Hounslow 012","E02000537",9860,546,104,113,111,106,112,529,104,85,137,112,91,634,100,86,109,142,106,91,347,90,100,84,73,704,60,87,136,210,211,1776,266,128,183,204,143,157,148,170,186,191,2378,187,179,209,203,161,187,157,170,144,135,130,123,137,130,126,1605,136,154,147,108,131,97,99,102,105,89,101,87,82,88,79,710,90,66,75,87,77,68,71,54,67,55,450,48,65,51,40,42,41,46,42,40,35,181,27,24,31,21,16,15,13,10,9,8,5,2,0,0,0,0
2021,"Hounslow 013","E02000538",10106,601,98,130,111,117,145,635,127,107,132,119,150,715,126,124,123,117,113,112,455,127,109,123,96,664,121,134,131,121,157,1761,151,167,173,210,188,156,166,188,178,184,2478,178,180,168,191,185,166,163,164,133,155,150,130,131,210,174,1678,145,143,141,136,131,116,100,106,95,86,96,120,85,89,89,673,82,86,70,92,67,54,54,60,55,53,338,38,57,39,33,31,31,29,35,20,25,108,18,22,15,12,10,9,6,3,4,1,3,3,1,1,0,0
2021,"Hounslow 014","E02000539",12228,807,142,162,164,184,155,840,151,174,166,191,158,967,188,178,157,171,135,138,522,144,128,146,104,643,137,119,110,135,142,1930,156,155,132,161,163,213,210,235,212,293,3409,209,244,258,274,265,267,238,206,254,214,193,200,183,208,196,1937,172,169,150,143,134,135,122,153,114,127,111,116,111,96,84,655,75,83,61,67,52,61,75,60,56,65,375,42,44,63,43,38,33,29,38,20,25,143,28,14,17,14,16,11,12,9,5,4,3,2,4,1,0,3
2021,"Hounslow 015","E02000540",12120,898,183,182,170,173,190,833,166,193,140,159,175,883,162,165,148,151,126,131,457,104,141,108,104,689,101,113,169,153,153,2120,191,180,163,197,197,240,228,242,245,237,3183,251,243,244,247,231,218,264,213,214,170,188,195,193,170,142,1842,146,146,148,134,130,150,131,125,120,106,115,116,93,89,93,666,66,80,70,62,65,63,67,68,69,56,399,55,56,37,42,40,29,44,29,36,31,150,22,20,26,16,14,12,9,11,6,8,2,0,1,0,0,3
2021,"Hounslow 016","E02000541",10615,720,141,113,180,142,144,687,151,134,115,122,165,759,123,128,124,109,125,150,496,131,132,113,120,594,104,127,103,123,137,1603,141,120,134,131,158,159,179,185,183,213,2713,232,210,180,170,199,187,223,144,165,178,179,135,139,142,230,1746,145,138,124,125,134,122,126,96,116,104,133,119,85,83,96,706,72,79,72,82,91,72,52,58,61,67,438,52,50,29,40,102,39,32,35,32,27,153,36,22,17,22,11,9,10,7,7,0,3,2,3,2,0,2
2021,"Hounslow 017","E02000542",12299,892,186,201,147,185,173,882,176,166,200,163,177,952,148,152,174,152,157,169,550,147,156,134,113,756,127,117,153,194,165,2039,147,166,160,190,183,221,271,219,252,230,3126,276,229,248,231,212,209,256,201,197,191,166,171,189,183,167,1812,165,148,154,143,118,124,114,116,119,95,117,129,97,82,91,730,97,73,81,77,69,79,66,61,64,63,394,43,47,37,47,37,43,38,44,31,27,166,28,29,19,24,16,7,8,6,3,6,6,6,2,1,3,2
2021,"Hounslow 018","E02000543",13994,1124,258,201,220,232,213,967,184,187,197,196,203,1011,188,186,170,146,150,171,542,155,152,114,121,709,114,138,149,141,167,2689,183,222,264,266,268,272,286,297,344,287,3891,330,331,307,301,349,291,275,249,237,213,200,201,197,194,216,1955,164,190,143,162,141,148,156,133,113,112,126,107,100,79,81,631,83,67,62,68,63,64,60,50,61,53,352,55,39,47,31,33,32,42,25,25,23,123,22,16,21,12,14,12,7,9,2,3,0,3,1,0,0,1
2021,"Hounslow 019","E02000544",8557,427,78,104,77,79,89,522,106,128,80,104,104,597,103,102,98,105,87,102,378,119,103,82,74,459,75,78,89,99,118,1141,100,106,100,114,113,105,105,121,124,153,2039,134,152,131,142,157,177,144,145,140,152,118,119,126,101,101,1667,126,91,125,109,104,104,129,120,108,110,99,137,118,100,87,781,124,73,78,74,64,83,71,69,73,72,387,50,65,46,39,35,27,32,23,29,41,159,30,28,19,17,16,11,7,4,8,4,10,0,4,0,0,1
2021,"Hounslow 020","E02000545",9241,601,97,131,113,151,109,720,125,156,145,132,162,768,136,121,129,128,119,135,472,122,137,122,91,423,72,80,78,109,84,1315,112,114,124,144,123,132,164,144,132,126,2257,154,148,171,149,156,169,140,157,158,158,153,140,154,119,131,1549,121,114,107,114,97,138,129,114,114,84,77,98,91,86,65,689,81,74,64,76,72,71,67,49,77,58,312,37,36,49,30,36,31,19,29,19,26,135,16,23,13,22,16,9,9,6,6,0,3,4,0,8,0,0
2021,"Hounslow 021","E02000546",10426,630,107,132,118,142,131,739,153,134,146,148,158,872,163,145,160,145,131,128,513,144,142,139,88,675,142,109,138,114,172,1564,148,155,150,149,140,149,152,179,192,150,2625,171,188,176,202,195,176,173,154,153,162,197,140,188,159,191,1665,134,157,174,137,111,115,87,115,90,109,92,76,103,81,84,680,70,76,82,91,81,84,51,59,45,41,343,52,37,33,35,37,28,36,28,27,30,120,17,20,16,15,19,8,3,3,6,6,0,4,3,0,0,0
2021,"Hounslow 022","E02000547",10996,724,201,136,119,113,155,726,149,145,153,135,144,907,163,139,132,157,163,153,457,143,120,111,83,645,94,99,116,144,192,1745,152,144,146,173,177,147,205,204,181,216,2480,196,191,187,186,164,170,171,147,148,159,179,171,165,103,143,1866,135,122,139,147,160,135,138,145,135,115,113,103,90,96,93,841,95,76,92,90,74,69,127,73,62,83,446,63,43,48,56,37,40,42,33,42,42,159,22,25,16,18,25,12,11,9,6,2,6,1,1,3,1,1
2021,"Hounslow 023","E02000548",10577,723,124,138,159,158,144,747,180,132,147,155,133,985,151,142,178,175,199,140,483,128,118,129,108,620,122,106,126,132,134,1619,130,132,134,136,147,148,164,196,235,197,2479,193,182,170,195,194,230,163,141,150,164,164,169,132,117,115,1832,143,136,133,126,127,138,127,130,116,119,106,106,152,80,93,620,63,78,55,49,68,66,76,51,65,49,327,33,37,32,35,40,29,39,26,30,26,142,18,25,17,14,17,15,10,4,4,9,3,3,1,0,2,0
2021,"Hounslow 024","E02000549",12533,696,117,156,118,159,146,714,140,125,134,167,148,1010,163,168,157,186,150,186,641,168,192,170,111,762,135,147,156,161,163,1895,189,206,188,158,209,218,177,197,174,179,2898,212,171,182,205,208,199,227,211,207,181,167,193,161,200,174,2303,159,153,197,185,164,157,188,150,163,153,149,146,132,111,96,866,108,92,93,94,79,86,89,73,71,81,531,67,63,58,55,61,49,53,46,50,29,217,31,28,26,26,28,18,15,16,9,5,7,4,1,2,1,0
2021,"Hounslow 025","E02000550",10713,700,113,151,132,153,151,803,158,165,135,179,166,984,169,175,177,159,153,151,509,151,126,122,110,642,111,130,162,131,108,1660,140,149,146,136,161,169,168,161,215,215,2747,193,209,193,221,209,227,210,188,164,182,165,162,148,132,144,1827,162,142,154,144,125,127,137,133,133,117,98,102,98,79,76,543,74,60,55,60,50,48,48,47,50,51,226,32,25,31,20,22,21,23,14,23,15,72,15,11,8,8,9,8,3,1,3,2,0,0,2,1,0,1
2021,"Hounslow 026","E02000551",9754,691,119,130,146,174,122,718,131,135,139,154,159,918,161,156,169,146,161,125,483,130,116,130,107,581,103,107,120,118,133,1407,150,142,121,129,134,148,124,156,173,130,2284,184,137,184,135,154,154,188,175,144,123,115,150,156,148,137,1660,121,126,131,166,123,108,116,100,106,92,107,83,81,104,96,611,83,70,70,61,55,52,55,59,50,56,307,52,40,48,33,24,24,29,20,15,22,94,11,22,7,12,5,10,9,2,3,3,2,4,3,1,0,0
2021,"Hounslow 027","E02000552",9269,618,111,126,129,126,126,713,171,125,147,128,142,739,140,139,122,109,131,98,496,127,124,116,129,602,184,113,93,105,107,1274,93,98,121,122,132,139,140,127,149,153,2375,173,169,156,184,171,190,154,173,145,144,139,166,128,154,129,1578,108,122,149,125,138,129,115,113,98,109,86,75,81,56,74,513,55,61,64,72,30,45,44,43,39,60,251,26,34,31,27,33,25,23,16,21,15,110,19,21,16,15,10,8,5,2,4,1,4,2,1,0,0,2
2021,"Hounslow 028","E02000553",7119,450,90,82,93,85,100,529,105,95,108,109,112,620,103,125,94,105,95,98,294,85,76,79,54,382,68,71,77,93,73,874,76,72,97,76,108,85,80,100,89,91,1685,116,99,121,107,103,131,131,96,125,100,125,118,117,94,102,1302,111,93,93,94,90,93,102,94,85,89,73,76,80,62,67,586,69,59,52,61,53,56,62,58,57,59,284,30,39,34,32,29,26,29,19,22,24,113,15,21,16,16,10,11,6,6,3,6,1,1,0,1,0,0
2021,"Hounslow 029","E02006792",8985,457,110,86,82,79,100,420,81,108,74,75,82,459,68,76,63,71,111,70,296,75,84,66,71,612,79,90,114,118,211,1772,187,149,189,216,147,177,194,174,177,162,2225,158,184,164,162,159,171,174,129,126,152,145,140,114,124,123,1469,146,113,131,85,129,97,101,83,108,126,89,81,55,65,60,653,61,58,69,72,86,52,61,75,66,53,414,55,62,54,41,40,38,32,34,24,34,208,30,18,24,21,13,16,15,28,8,7,8,9,4,3,1,3
2021,"Hounslow 030","E02006972",5412,403,85,78,90,69,81,341,61,81,63,67,69,376,74,58,67,72,54,51,188,52,47,43,46,370,65,61,72,78,94,1056,69,85,87,111,97,138,112,110,128,119,1331,106,110,115,101,106,88,76,85,120,85,73,56,77,63,70,865,83,68,86,78,53,71,58,53,39,56,40,56,44,41,39,283,31,33,29,34,32,22,28,27,26,21,162,28,22,15,20,14,10,18,11,15,9,37,6,7,6,2,2,2,5,2,1,2,0,0,1,0,1,0
2021,"Hounslow 031","E02006973",8499,525,102,125,99,94,105,530,99,115,107,103,106,626,141,104,106,103,93,79,340,95,66,71,108,427,70,82,79,107,89,1423,93,120,114,138,151,146,164,180,165,152,2265,196,175,197,164,183,182,172,147,147,125,143,115,97,105,117,1427,174,101,104,105,108,125,95,107,98,80,75,79,57,50,69,554,55,67,68,47,67,47,58,40,56,49,295,43,40,36,25,39,23,28,18,28,15,87,8,11,14,10,10,10,5,4,5,4,2,2,1,0,0,1
2021,"Islington 001","E02000554",9357,545,109,118,92,105,121,520,100,110,97,106,107,654,114,124,93,112,116,95,373,97,93,85,98,668,90,105,129,173,171,1970,222,213,208,181,182,200,200,216,189,159,2141,186,158,169,161,154,162,151,126,128,138,114,154,109,110,121,1606,126,114,122,118,127,143,119,109,110,87,91,94,88,79,79,543,58,48,53,65,61,54,53,50,47,54,256,24,25,40,22,18,31,19,30,21,26,81,13,11,6,9,13,5,4,6,3,5,2,2,0,1,0,1
2021,"Islington 002","E02000555",9567,479,91,82,97,94,115,482,100,81,97,101,103,645,110,115,112,103,117,88,354,92,88,97,77,779,101,127,173,185,193,2111,255,234,217,210,214,197,195,181,186,222,2022,163,153,174,142,140,142,146,111,121,134,101,141,123,113,118,1615,120,109,135,154,135,120,119,98,109,105,89,102,70,81,69,608,75,68,57,62,81,40,47,62,66,50,354,58,44,39,50,32,24,32,29,21,25,118,27,12,17,6,11,8,8,11,2,7,1,2,0,1,3,2
2021,"Islington 003","E02000556",11396,576,119,125,104,111,117,504,97,85,112,104,106,529,81,119,89,70,92,78,473,53,61,141,218,981,134,115,197,229,306,3280,320,335,395,326,332,342,347,324,288,271,2431,234,218,188,223,164,148,147,147,144,155,142,145,137,114,125,1665,139,125,113,146,133,136,101,102,107,92,96,123,89,86,77,591,83,50,61,43,83,56,56,61,56,42,253,35,40,32,18,20,29,25,18,21,15,113,16,26,18,19,8,10,3,4,4,1,1,1,0,0,0,2
2021,"Islington 004","E02000557",8786,416,90,92,84,73,77,389,66,69,82,81,91,519,84,82,87,93,99,74,263,61,70,72,60,689,97,122,126,164,180,2031,182,216,203,208,202,209,181,203,196,231,2036,174,163,187,145,129,131,157,173,128,119,97,107,108,121,97,1498,115,134,112,84,136,123,88,111,96,79,107,100,68,70,75,496,61,62,47,71,55,39,38,36,46,41,334,26,49,42,50,35,36,30,20,20,26,115,21,18,14,15,8,8,6,6,4,4,3,2,3,0,0,3
2021,"Islington 005","E02000558",9425,600,135,124,108,123,110,542,111,113,95,113,110,675,108,129,120,108,106,104,413,99,109,102,103,828,130,138,150,182,228,2143,240,216,240,214,269,196,202,195,183,188,1963,178,181,144,126,120,115,134,116,103,128,117,130,109,145,117,1419,114,98,110,109,104,113,101,94,104,102,80,97,78,58,57,473,49,59,52,52,39,36,48,53,42,43,258,31,34,30,22,31,24,26,28,15,17,111,22,17,16,15,7,3,7,10,5,4,1,1,1,1,0,1
2021,"Islington 006","E02000559",9586,540,107,106,111,106,110,476,95,81,73,93,134,636,99,95,149,101,74,118,351,82,74,106,89,556,58,102,106,142,148,2508,239,259,243,289,263,251,271,216,228,249,2339,216,201,192,147,181,149,144,145,123,132,126,175,118,145,145,1399,113,103,122,120,67,135,133,100,97,66,89,79,78,55,42,466,64,51,52,62,46,34,36,32,58,31,225,31,32,21,25,22,18,21,27,13,15,90,11,16,12,8,19,2,10,4,2,0,0,4,1,1,0,0
2021,"Islington 007","E02000560",7358,331,69,64,66,64,68,308,62,61,66,54,65,311,54,52,56,49,54,46,199,47,37,47,68,793,132,133,143,165,220,2250,228,258,266,296,222,210,225,182,194,169,1620,163,140,136,112,122,134,95,98,106,81,97,83,71,96,86,969,91,86,73,79,86,79,72,65,59,49,52,47,48,45,38,312,31,33,49,25,33,22,27,29,25,38,194,29,19,26,24,13,18,21,18,16,10,71,5,14,9,11,7,9,5,4,4,1,2,0,0,0,0,0
2021,"Islington 008","E02000561",7383,325,75,50,65,62,73,324,70,72,64,64,54,454,90,70,79,64,78,73,324,62,93,96,73,467,82,67,101,97,120,1696,152,162,167,150,238,171,191,176,152,137,1581,128,125,112,94,101,119,108,94,119,94,112,92,104,87,92,1308,85,122,97,106,104,101,80,87,109,74,68,63,85,63,64,533,61,58,48,63,50,41,50,61,48,53,286,45,49,30,35,23,23,26,24,18,13,85,23,11,9,5,9,7,7,0,6,2,4,1,1,0,0,0
2021,"Islington 009","E02000562",7864,400,87,82,78,82,71,374,81,70,69,76,78,450,71,82,72,74,71,80,287,80,82,64,61,426,58,66,82,96,124,2012,139,172,213,212,191,245,254,203,203,180,1791,173,153,124,136,105,121,148,103,107,114,107,105,97,98,100,1277,96,97,111,82,85,122,116,83,90,80,70,74,70,49,52,482,59,33,57,51,35,50,52,44,63,38,252,36,41,37,29,17,17,20,22,18,15,113,20,16,14,6,13,9,9,5,8,5,5,1,0,2,0,0
2021,"Islington 010","E02000563",8691,420,82,69,95,75,99,484,88,81,117,100,98,540,87,96,103,82,70,102,353,81,92,78,102,821,137,144,163,174,203,2038,192,220,213,227,178,226,237,182,182,181,1816,153,126,142,129,128,159,146,136,97,118,109,94,95,98,86,1363,85,111,94,88,135,105,93,99,105,93,74,88,78,64,51,530,65,84,49,53,54,47,46,45,45,42,235,26,28,24,31,26,24,22,16,18,20,91,16,14,10,11,10,7,9,3,2,2,3,1,2,0,0,1
2021,"Islington 011","E02000564",12417,600,147,150,116,104,83,504,92,101,84,119,108,499,94,91,65,79,87,83,434,74,89,111,160,1240,165,199,257,277,342,4045,367,385,423,441,424,481,415,381,378,350,2775,306,304,232,232,197,222,180,156,136,128,161,150,131,129,111,1515,131,127,120,108,98,102,115,118,88,91,93,97,91,83,53,477,61,60,54,50,55,41,42,34,39,41,240,28,34,26,30,28,30,20,19,10,15,88,10,23,8,13,10,6,8,2,3,3,1,1,0,0,0,0
2021,"Islington 012","E02000565",8546,421,83,105,71,88,74,456,72,110,78,106,90,544,80,112,95,95,74,88,394,98,90,115,91,640,127,107,109,141,156,2172,191,195,197,295,197,236,262,177,239,183,1902,233,164,148,125,134,186,139,120,101,114,96,96,79,80,87,1349,109,77,103,112,143,105,103,72,89,97,91,67,77,61,43,388,66,39,36,40,31,28,52,28,28,40,207,24,24,22,22,12,25,28,19,17,14,73,15,14,8,7,7,3,3,1,3,2,3,2,2,0,0,3
2021,"Islington 013","E02000566",8557,497,142,124,76,84,71,372,63,84,73,75,77,451,81,81,82,69,73,65,236,65,60,55,56,547,84,98,92,109,164,2324,179,212,249,251,302,279,226,227,197,202,1889,151,248,151,120,115,135,132,110,112,112,100,108,92,98,105,1360,91,99,100,113,103,112,104,87,121,89,81,77,73,54,56,528,66,57,55,61,42,61,37,52,49,48,257,38,26,41,24,33,20,24,19,18,14,96,22,17,11,11,5,7,4,4,7,3,0,3,0,2,0,0
2021,"Islington 014","E02000567",10439,550,152,106,100,109,83,436,96,82,89,87,82,501,105,81,72,97,89,57,300,92,75,74,59,584,107,90,105,130,152,2935,224,226,287,313,346,351,342,270,313,263,2356,239,220,196,188,164,179,162,154,140,149,125,99,123,107,111,1803,138,152,128,120,140,133,108,176,109,121,89,140,81,86,82,570,72,85,48,55,60,64,43,50,52,41,286,37,49,27,34,26,28,26,25,17,17,118,17,22,14,13,7,12,7,5,4,4,7,2,1,1,0,2
2021,"Islington 015","E02000568",11345,551,88,110,130,100,123,585,148,98,132,103,104,621,120,100,100,102,112,87,588,97,96,169,226,1352,257,336,245,287,227,2750,276,272,297,278,301,294,263,298,221,250,2346,247,207,231,188,178,174,166,160,121,117,124,94,101,111,127,1597,115,94,105,110,145,138,105,104,146,132,98,69,103,56,77,528,74,63,75,44,51,53,39,43,44,42,305,37,34,39,25,21,41,35,27,23,23,122,25,19,15,12,12,11,8,4,7,3,0,4,1,0,1,0
2021,"Islington 016","E02000569",9933,576,122,108,105,136,105,517,115,98,107,105,92,610,101,100,116,105,100,88,339,85,93,83,78,625,102,106,103,143,171,2398,198,248,244,258,277,256,249,240,208,220,2136,229,184,154,145,149,130,140,132,127,131,122,111,121,139,122,1649,142,159,114,116,96,116,124,116,109,115,98,93,79,92,80,605,67,77,49,61,48,50,62,58,61,72,345,59,41,44,36,32,23,28,31,25,26,133,29,16,13,15,7,15,10,5,7,5,3,4,2,0,1,1
2021,"Islington 017","E02000570",8288,422,91,73,97,85,76,325,79,63,54,66,63,386,55,69,65,77,64,56,229,55,64,53,57,483,77,70,85,98,153,2365,180,188,229,234,284,304,244,271,203,228,1754,199,139,162,123,120,131,123,118,83,106,69,107,108,84,82,1380,89,159,102,94,96,94,98,102,85,86,83,65,77,80,70,583,59,60,54,61,64,47,61,54,63,60,296,32,25,33,34,37,38,38,17,21,21,65,15,10,8,9,7,4,5,0,2,1,1,2,0,0,1,0
2021,"Islington 018","E02000571",8924,611,149,109,133,97,123,368,94,78,56,72,68,444,79,74,71,79,59,82,361,83,79,125,74,576,95,93,94,156,138,2305,186,223,230,269,257,278,241,227,206,188,1916,185,178,161,214,97,149,156,115,113,93,86,82,95,97,95,1514,144,172,95,98,122,143,107,97,106,94,71,66,67,65,67,479,56,60,50,41,46,50,41,45,49,41,258,40,29,29,30,21,15,22,26,24,22,92,13,10,4,14,11,10,9,12,2,4,1,0,0,2,0,0
2021,"Islington 019","E02000572",8595,411,92,80,53,78,108,446,93,77,88,94,94,597,91,102,93,105,98,108,411,91,93,81,146,1042,241,214,185,212,190,1857,195,240,190,209,182,184,176,162,188,131,1607,119,141,155,115,114,118,124,97,91,85,113,83,88,85,79,1367,120,104,88,103,87,91,113,78,97,86,123,86,66,62,63,493,63,61,58,48,42,39,51,41,44,46,257,28,32,34,25,29,15,24,19,29,22,107,20,15,14,11,11,11,5,8,4,2,1,1,0,0,3,1
2021,"Islington 020","E02000573",10312,517,96,134,121,94,72,360,68,88,54,73,77,410,57,79,71,77,58,68,368,57,54,117,140,798,131,147,146,154,220,3238,291,346,353,389,356,355,306,305,287,250,2084,240,208,180,168,139,157,131,100,127,108,117,97,109,94,109,1536,132,100,118,118,106,101,106,109,86,108,114,77,91,81,89,584,84,67,55,54,52,51,56,54,62,49,302,38,39,41,40,36,27,22,19,21,19,115,15,15,16,20,12,13,8,3,2,4,2,5,0,0,0,0
2021,"Islington 021","E02000574",7841,295,74,57,49,59,56,246,43,36,56,55,56,270,65,36,38,39,50,42,477,39,57,199,182,930,188,177,183,197,185,2014,175,208,202,210,217,208,268,200,155,171,1527,150,146,122,128,103,91,112,98,79,68,75,78,101,86,90,1270,97,84,97,104,92,94,104,86,93,74,72,76,69,57,71,495,51,59,48,48,48,39,35,72,46,49,215,26,33,24,21,16,17,21,21,19,17,102,17,21,7,13,9,7,6,6,3,4,5,3,0,1,0,0
2021,"Islington 022","E02000575",11315,583,146,92,162,91,92,407,77,82,83,85,80,443,78,77,81,84,68,55,719,67,59,199,394,1452,244,308,298,312,290,2994,324,292,271,315,325,325,352,282,242,266,2174,197,171,155,148,172,141,170,130,135,136,116,138,128,122,115,1626,140,115,120,139,104,131,109,119,114,101,105,86,79,89,75,510,56,46,73,52,54,53,52,48,47,29,277,36,36,41,28,26,23,20,30,28,9,130,21,9,14,16,10,14,13,8,6,3,6,0,2,2,1,5
2021,"Islington 023","E02000576",10672,547,108,113,110,104,112,552,112,104,129,112,95,597,122,109,102,82,97,85,563,99,100,142,222,1198,205,214,253,255,271,2627,264,258,309,298,277,269,281,248,224,199,2210,195,194,174,173,135,143,142,123,115,136,150,123,122,168,117,1453,137,111,111,116,106,105,104,93,94,109,89,75,75,66,62,547,67,56,92,47,42,57,51,59,40,36,254,20,33,25,29,30,29,19,26,20,23,124,11,20,17,7,8,10,13,12,5,7,5,2,2,2,2,1
2021,"Kensington and Chelsea 001","E02000577",7710,303,57,53,62,49,82,323,56,54,73,77,63,513,81,87,83,100,83,79,410,81,90,99,140,850,176,115,232,156,171,1343,187,145,141,124,127,137,104,108,126,144,1586,106,102,109,86,125,103,109,98,88,89,102,97,84,107,181,1449,113,91,99,115,101,131,121,108,98,87,78,78,78,75,76,547,50,67,59,54,53,72,63,41,47,41,283,48,31,25,26,24,31,32,23,22,21,103,22,23,9,15,4,8,4,7,3,3,1,3,0,0,1,0
2021,"Kensington and Chelsea 002","E02000578",6002,330,54,52,94,40,90,344,60,53,91,63,77,418,60,64,82,70,78,64,397,92,140,110,55,366,51,83,85,76,71,921,96,96,86,71,99,74,100,82,140,77,1194,108,69,109,78,89,80,109,74,39,47,90,56,75,103,68,1223,82,86,71,76,106,97,82,75,79,75,80,88,74,92,60,444,45,52,44,41,37,71,39,35,40,40,267,30,33,19,48,25,21,22,24,23,22,98,17,16,11,12,7,6,5,6,3,7,1,3,1,0,1,2
2021,"Kensington and Chelsea 003","E02000579",8996,514,133,68,118,68,127,489,78,115,81,91,124,507,95,96,86,70,85,75,418,104,95,149,70,569,70,103,129,147,120,1543,178,156,150,197,160,117,156,156,155,118,1790,165,128,108,140,120,117,108,103,91,113,121,128,131,103,114,1930,112,106,193,127,165,168,126,124,154,101,138,97,135,98,86,741,135,75,64,76,69,82,44,65,64,67,361,44,57,42,42,41,45,28,28,12,22,134,16,16,12,4,10,6,5,6,6,3,28,15,7,0,0,0
2021,"Kensington and Chelsea 004","E02000580",7900,282,60,44,54,64,60,287,62,52,55,54,64,378,42,59,59,98,67,53,251,61,59,67,64,500,69,77,105,130,119,1625,159,144,161,164,170,144,162,217,205,99,1778,142,119,110,165,119,121,164,122,119,83,107,79,127,91,110,1664,85,97,130,108,101,144,119,126,135,101,113,100,95,75,135,680,70,74,129,60,59,62,58,71,61,36,383,40,76,40,39,32,61,35,23,18,19,72,12,14,6,8,9,7,3,3,2,2,2,0,3,0,1,0
2021,"Kensington and Chelsea 005","E02000581",7392,297,44,73,60,57,63,389,59,74,98,75,83,557,70,80,79,67,115,146,350,87,95,99,69,654,94,66,144,181,169,1117,106,132,100,133,87,94,102,107,115,141,1346,75,80,114,77,76,105,81,74,78,87,74,118,100,115,92,1590,136,110,137,116,78,121,97,98,104,142,98,93,76,116,68,582,61,36,75,58,57,52,59,54,54,76,385,43,45,39,65,59,28,30,29,24,23,125,21,17,17,11,7,13,2,6,5,18,2,1,1,1,1,2
2021,"Kensington and Chelsea 006","E02000582",6546,289,59,62,57,62,49,252,61,44,43,60,44,274,52,47,48,39,48,40,209,41,34,75,59,460,52,58,96,91,163,1456,147,154,137,138,147,152,169,119,168,125,1425,129,123,95,108,99,87,103,83,91,68,92,85,96,73,93,1210,100,72,107,99,90,85,82,89,83,96,62,68,58,57,62,487,59,48,50,53,39,50,39,49,46,54,323,37,38,27,38,32,31,43,22,29,26,161,19,17,18,12,17,9,30,8,6,6,6,5,4,2,1,1
2021,"Kensington and Chelsea 007","E02000583",6426,276,69,41,56,50,60,285,53,57,55,57,63,339,60,52,57,67,53,50,199,51,59,52,37,376,51,52,64,122,87,1130,96,99,134,104,111,101,160,108,106,111,1453,127,97,102,65,103,99,83,115,128,96,82,84,102,85,85,1447,80,98,83,109,107,94,125,118,109,128,97,80,121,55,43,494,54,60,49,43,47,48,47,45,44,57,341,36,46,47,31,30,29,32,32,30,28,86,12,12,13,6,10,4,5,7,6,3,1,1,2,2,1,1
2021,"Kensington and Chelsea 008","E02000584",7176,343,74,67,69,69,64,400,75,85,90,84,66,434,86,74,72,70,70,62,271,72,98,66,35,507,74,94,123,82,134,1028,86,85,104,93,109,127,108,113,103,100,1687,125,114,109,95,108,96,107,103,88,108,73,180,154,115,112,1416,115,111,122,91,124,100,98,141,95,83,113,68,67,54,34,579,58,64,51,56,55,70,69,51,55,50,379,51,52,39,38,36,37,37,42,31,16,132,19,22,15,18,11,10,8,7,6,4,4,2,1,2,2,1
2021,"Kensington and Chelsea 009","E02000585",8081,372,64,95,73,67,73,408,101,63,63,100,81,590,116,102,114,89,88,81,343,68,100,68,107,532,81,60,123,158,110,1182,122,113,142,147,114,97,98,130,100,119,1921,164,151,143,118,110,164,120,98,87,172,131,106,131,97,129,1689,122,166,119,164,103,149,120,140,124,78,74,80,111,67,72,517,66,60,53,55,46,38,45,53,44,57,396,52,71,50,44,44,22,42,32,18,21,131,18,8,15,17,13,15,10,14,8,3,5,3,1,0,0,1
2021,"Kensington and Chelsea 010","E02000586",6475,247,42,48,54,48,55,254,45,54,51,49,55,398,79,73,64,61,58,63,214,40,59,49,66,652,78,97,84,105,288,1186,199,95,95,201,110,103,94,94,118,77,1331,100,80,81,77,88,77,91,82,97,96,73,123,86,97,83,1387,119,87,61,95,111,83,91,89,72,144,67,58,48,124,138,461,50,44,53,35,47,50,40,49,48,45,265,26,41,34,37,27,20,26,14,22,18,80,14,13,9,3,11,6,7,4,4,4,2,0,0,2,1,0
2021,"Kensington and Chelsea 011","E02000587",6490,283,72,38,59,64,50,295,52,62,48,67,66,361,67,70,59,67,54,44,211,39,74,47,51,511,164,75,94,89,89,994,107,100,94,100,117,101,85,108,96,86,1479,92,99,93,94,97,87,92,73,73,73,110,105,82,148,161,1375,106,91,99,102,92,83,77,206,98,98,71,76,76,44,56,555,62,81,55,44,45,47,48,55,56,62,300,42,40,29,38,27,26,35,25,25,13,126,23,14,15,11,11,10,7,6,8,5,4,4,1,3,3,1
2021,"Kensington and Chelsea 012","E02000588",5986,241,43,49,47,52,50,266,58,57,44,57,50,274,60,50,48,37,39,40,182,41,64,42,35,532,175,58,95,104,100,964,112,98,104,85,87,94,112,94,88,90,1341,79,71,86,88,83,91,73,71,109,88,153,69,74,86,120,1327,169,152,120,107,73,64,87,67,103,77,83,58,59,51,57,442,54,50,43,43,40,41,43,46,43,39,291,44,36,32,24,25,29,37,21,20,23,126,23,18,29,7,9,7,9,4,8,1,0,3,4,0,1,3
2021,"Kensington and Chelsea 013","E02000589",7245,260,48,56,51,51,54,271,42,55,54,56,64,276,38,50,55,41,41,51,243,41,40,42,120,990,190,182,226,226,166,1548,182,187,161,145,160,159,171,144,132,107,1678,160,117,106,104,101,113,115,96,112,82,110,104,184,96,78,1281,97,88,166,123,113,76,83,68,75,94,66,72,54,50,56,401,40,57,40,27,37,44,41,45,44,26,229,28,30,33,37,17,22,17,17,12,16,68,9,10,6,9,6,8,6,3,0,4,3,2,0,0,0,2
2021,"Kensington and Chelsea 014","E02000590",5968,226,53,34,63,40,36,213,46,57,38,36,36,310,41,44,82,37,44,62,215,42,49,42,82,521,78,98,112,121,112,1018,140,97,117,85,102,87,94,91,92,113,1132,62,74,74,81,87,76,74,63,68,60,81,60,70,118,84,1332,102,75,85,109,71,90,78,96,96,91,90,93,82,85,89,540,50,50,58,91,46,57,44,57,34,53,330,47,34,36,43,24,24,26,37,33,26,131,21,22,13,16,9,11,13,7,5,5,2,1,4,1,1,0
2021,"Kensington and Chelsea 015","E02000591",6206,248,49,51,41,53,54,224,42,32,62,41,47,289,63,29,58,45,53,41,194,46,55,32,61,708,109,124,205,135,135,1325,149,141,146,123,156,138,126,109,111,126,1355,114,95,109,113,99,93,79,57,90,101,92,86,70,77,80,1083,92,77,95,102,73,86,72,83,59,59,69,71,50,46,49,454,45,51,41,42,41,39,49,48,52,46,260,42,38,46,31,18,20,20,16,19,10,66,7,7,12,8,3,7,2,4,3,3,2,3,1,3,1,0
2021,"Kensington and Chelsea 016","E02000592",5762,272,50,59,46,39,78,245,36,57,44,50,58,311,44,59,48,64,49,47,185,38,40,59,48,570,85,88,122,177,98,1142,131,124,114,125,119,91,132,114,98,94,1250,106,71,86,76,79,92,80,70,79,69,89,98,86,78,91,1084,83,64,95,80,94,84,85,76,78,63,78,60,52,50,42,387,37,38,35,43,44,42,59,28,28,33,224,31,30,32,20,20,22,20,14,20,15,92,11,7,8,4,17,12,5,6,8,1,2,7,2,1,1,0
2021,"Kensington and Chelsea 017","E02000593",7389,395,109,72,73,58,83,274,46,70,53,52,53,258,50,40,35,52,39,42,298,36,142,35,85,1005,204,211,213,165,212,1409,137,166,145,140,124,161,147,138,119,132,1529,132,151,89,131,103,108,108,86,89,85,90,85,91,103,78,1403,123,123,143,131,113,94,102,84,161,74,54,53,52,53,43,476,52,49,45,57,37,36,51,54,39,56,267,35,43,31,30,27,21,16,22,25,17,75,10,12,9,9,8,5,5,5,4,2,0,1,1,4,0,0
2021,"Kensington and Chelsea 018","E02000594",6486,204,31,34,50,43,46,234,42,45,46,41,60,280,42,39,54,56,35,54,176,46,44,41,45,354,57,62,70,81,84,874,72,81,101,86,90,81,83,92,68,120,1148,66,81,63,63,69,67,63,74,119,55,104,53,63,134,74,1559,121,96,157,83,171,111,99,84,129,93,101,92,87,64,71,894,97,108,120,52,59,70,67,146,116,59,523,61,61,65,69,47,55,47,44,37,37,240,21,39,27,30,19,23,18,16,10,14,5,4,2,4,2,6
2021,"Kensington and Chelsea 019","E02000595",6164,290,51,62,64,48,65,304,59,60,71,57,57,285,52,55,46,42,45,45,193,43,56,53,41,419,56,76,89,104,94,965,95,104,117,92,105,83,98,94,100,77,1251,98,96,72,79,77,72,113,123,82,70,77,83,68,67,74,1333,93,91,91,95,106,118,133,92,96,73,88,79,68,59,51,593,77,54,50,63,44,79,54,59,53,60,386,44,62,51,37,32,36,24,28,42,30,145,18,21,19,13,16,10,12,12,5,4,5,2,5,2,1,0
2021,"Kensington and Chelsea 020","E02000596",6620,234,68,48,41,37,40,272,48,40,93,42,49,314,50,53,44,58,42,67,232,35,68,37,92,682,138,138,111,136,159,1410,158,179,144,139,137,132,141,97,173,110,1412,112,105,95,136,97,78,79,93,76,67,113,52,127,82,100,1182,117,93,74,72,103,88,142,63,76,57,75,64,42,66,50,444,46,53,44,57,33,47,35,39,53,37,301,38,35,34,37,23,40,33,22,15,24,137,21,15,20,9,19,17,3,8,6,4,2,1,7,2,3,0
2021,"Kensington and Chelsea 021","E02000597",6329,264,39,49,67,40,69,321,63,61,63,61,73,396,70,60,73,63,71,59,243,70,65,55,53,442,77,76,80,106,103,969,89,110,98,86,114,101,89,89,95,98,1278,85,89,76,89,92,103,85,88,91,77,86,86,69,79,83,1379,113,91,85,95,111,108,121,105,71,88,84,89,70,72,76,597,67,68,64,61,63,51,49,52,66,56,321,45,37,38,35,17,36,33,33,19,28,119,22,16,13,13,15,6,9,8,4,6,1,3,2,1,0,0
2021,"Kingston upon Thames 001","E02000598",8090,358,49,71,65,76,97,658,105,121,142,138,152,884,165,143,161,137,143,135,395,132,127,98,38,312,42,45,82,80,63,516,52,54,48,54,48,47,42,67,54,50,1890,66,76,85,83,117,134,138,162,136,140,140,164,164,133,152,1788,131,150,142,123,135,129,140,113,113,122,111,97,96,101,85,730,77,51,69,75,80,74,74,78,78,74,386,49,43,54,49,36,31,32,36,30,26,173,20,23,22,21,22,16,11,15,4,5,7,0,0,1,4,2
2021,"Kingston upon Thames 002","E02000599",7007,253,35,44,46,66,62,390,63,79,70,84,94,583,90,118,86,110,103,76,432,106,119,105,102,412,72,80,86,79,95,672,96,72,79,64,73,57,54,64,61,52,1220,59,58,53,75,76,80,82,75,74,104,92,93,105,100,94,1524,115,115,144,106,100,95,113,110,99,79,93,106,102,74,73,758,82,74,69,76,68,78,63,75,81,92,491,61,62,56,50,46,45,45,44,43,39,272,23,31,34,20,27,27,24,12,24,7,14,3,7,9,3,7
2021,"Kingston upon Thames 003","E02000600",8359,514,113,107,101,101,92,595,118,104,124,107,142,703,138,113,140,113,98,101,313,102,95,62,54,486,74,96,115,97,104,1274,108,105,116,119,141,154,148,142,111,130,2095,130,150,132,151,132,135,151,137,138,120,135,141,155,141,147,1284,134,104,103,94,87,100,88,84,72,76,75,72,83,57,55,581,62,57,60,55,48,58,65,59,52,65,363,60,40,51,40,36,31,23,20,28,34,151,19,21,17,10,11,21,17,7,3,3,4,5,8,1,3,1
2021,"Kingston upon Thames 004","E02000601",11900,776,137,162,137,179,161,880,175,202,154,173,176,1033,174,181,206,169,145,158,467,143,137,113,74,591,94,107,120,140,130,1702,122,135,147,138,170,157,193,218,206,216,3219,198,203,188,212,184,242,260,222,234,217,226,224,202,213,194,2000,201,185,167,153,140,151,149,137,119,113,118,105,94,83,85,687,74,95,73,53,78,67,62,63,60,62,415,65,55,51,45,41,31,30,24,37,36,130,23,15,12,17,12,12,12,7,4,2,3,5,2,4,0,0
2021,"Kingston upon Thames 005","E02000602",10315,665,120,149,141,134,121,639,147,115,113,134,130,744,144,120,132,134,98,116,584,99,100,134,251,1257,354,275,226,210,192,1674,141,147,173,168,164,189,163,178,176,175,2305,167,170,168,185,163,174,155,135,139,149,129,132,157,147,135,1419,132,125,122,104,109,109,93,98,86,87,78,73,67,60,76,629,69,71,79,68,63,62,56,47,55,59,295,39,34,36,33,27,30,28,30,12,26,104,17,15,21,9,11,10,6,5,2,2,3,2,0,0,1,0
2021,"Kingston upon Thames 006","E02000603",8630,491,95,93,96,86,121,524,101,100,85,115,123,767,115,124,139,134,129,126,545,136,138,118,153,697,130,170,135,123,139,1203,111,109,112,124,116,119,136,132,121,123,1900,108,134,116,134,119,114,134,118,142,153,122,136,102,137,131,1506,123,135,135,127,107,122,92,103,94,87,85,92,67,62,75,601,70,62,70,55,63,44,59,58,59,61,282,49,22,33,41,33,29,21,22,21,11,114,18,10,12,13,12,12,9,7,5,4,4,4,1,0,3,0
2021,"Kingston upon Thames 007","E02000604",9231,586,116,115,108,122,125,603,124,120,105,126,128,765,136,137,116,139,123,114,365,106,117,89,53,421,76,69,75,97,104,1142,80,89,97,107,113,117,120,133,141,145,2347,118,176,148,168,152,161,167,171,171,170,176,143,128,146,152,1716,144,112,144,130,122,134,118,138,122,100,102,82,83,86,99,740,94,75,91,74,68,66,54,78,71,69,381,52,40,58,34,38,35,32,29,23,40,165,22,23,18,19,19,12,10,11,10,6,3,4,7,0,1,0
2021,"Kingston upon Thames 008","E02000605",8487,489,81,105,91,113,99,573,129,107,108,123,106,679,120,124,110,117,99,109,337,106,109,69,53,392,67,62,85,102,76,922,92,96,79,72,87,85,90,100,116,105,2002,133,109,123,124,93,142,154,152,137,150,133,130,155,130,137,1669,145,125,116,121,127,127,113,115,124,99,101,99,79,93,85,738,70,77,80,91,66,56,73,75,69,81,468,60,54,76,60,30,38,44,37,42,27,218,29,23,26,21,24,19,21,14,17,5,10,1,5,2,0,1
2021,"Kingston upon Thames 009","E02000606",10561,568,110,120,114,118,106,457,104,94,84,98,77,408,74,76,67,69,65,57,348,55,70,78,145,1414,269,324,318,275,228,2165,197,200,220,227,240,221,247,210,222,181,2554,212,201,195,199,190,184,180,164,180,146,136,144,156,132,135,1453,119,120,97,133,96,89,99,95,104,81,92,95,73,74,86,667,61,76,66,61,57,72,73,59,72,70,371,50,52,38,38,38,30,34,24,36,31,156,23,27,23,13,11,5,8,11,10,6,9,3,0,1,4,2
2021,"Kingston upon Thames 010","E02000607",6799,378,74,67,79,83,75,398,71,89,73,85,80,445,70,65,65,94,87,64,462,70,69,120,203,705,183,177,137,109,99,831,85,87,60,71,69,86,82,108,96,87,1552,107,104,111,111,109,106,127,89,111,104,82,99,96,97,99,1172,105,91,89,92,92,86,93,74,66,73,74,75,64,48,50,461,58,50,36,38,48,46,44,42,48,51,289,41,38,36,30,25,29,26,23,21,20,106,16,13,9,12,8,12,9,7,6,4,2,4,1,1,0,2
2021,"Kingston upon Thames 011","E02000608",7203,402,111,88,66,74,63,275,77,55,49,49,45,280,50,41,48,51,49,41,282,50,43,65,124,601,112,99,118,124,148,1759,144,134,163,189,195,168,178,221,193,174,1896,152,168,154,146,139,149,113,108,96,106,131,112,102,122,98,996,102,82,82,89,81,74,61,53,62,52,62,57,54,42,43,396,42,38,37,33,38,44,39,48,37,40,226,31,34,22,26,26,24,17,24,9,13,90,16,11,16,5,7,11,9,2,6,3,0,1,3,0,0,0
2021,"Kingston upon Thames 012","E02000609",7623,349,60,60,76,73,80,447,78,90,91,82,106,616,93,103,98,114,97,111,368,113,93,78,84,445,69,82,98,96,100,807,81,83,88,76,80,82,81,71,73,92,1579,90,86,89,108,67,119,100,121,112,94,140,108,108,129,108,1578,92,99,116,115,112,133,115,106,108,111,87,108,76,109,91,789,76,67,94,77,64,74,77,75,96,89,468,62,62,55,42,39,47,42,42,44,33,177,30,32,21,19,17,15,12,8,8,7,3,1,2,0,1,1
2021,"Kingston upon Thames 013","E02000610",7949,453,117,88,108,68,72,418,94,87,78,88,71,362,69,55,74,58,61,45,229,68,49,47,65,484,53,109,102,107,113,1743,148,159,171,158,183,200,180,190,176,178,2021,155,165,163,145,157,144,149,154,155,102,112,100,103,117,100,1182,115,92,88,77,91,80,69,79,81,75,69,75,68,53,70,537,61,52,59,50,44,65,62,53,44,47,328,49,42,37,27,38,31,23,30,25,26,192,19,19,19,14,23,10,10,16,8,9,8,15,8,8,1,5
2021,"Kingston upon Thames 014","E02000611",7441,371,67,57,79,97,71,515,93,101,99,110,112,603,99,120,103,95,92,94,352,105,106,76,65,373,61,59,78,80,95,564,77,55,53,50,56,57,50,58,59,49,1602,70,96,82,107,111,110,108,124,112,118,114,116,92,112,130,1525,101,128,123,109,111,112,94,107,76,90,106,93,110,81,84,828,77,95,96,71,70,91,71,80,88,89,508,83,57,58,56,50,43,42,51,37,31,200,33,31,27,21,19,13,14,16,9,6,3,4,1,2,0,1
2021,"Kingston upon Thames 015","E02000612",8249,444,69,81,96,92,106,476,82,96,96,105,97,567,84,89,106,100,97,91,322,98,95,78,51,410,72,71,81,107,79,896,83,107,69,87,78,83,86,89,97,117,1764,100,117,93,111,128,138,127,145,113,112,107,108,148,116,101,1624,124,102,128,111,104,99,127,124,111,92,106,102,103,100,91,952,82,92,107,90,75,86,100,97,113,110,558,52,82,73,55,51,53,62,64,27,39,236,33,31,25,29,25,31,9,9,7,10,5,10,4,0,2,6
2021,"Kingston upon Thames 016","E02000613",8093,568,92,109,125,112,130,582,124,131,98,107,122,609,104,103,106,105,89,102,284,94,93,59,38,336,42,71,71,88,64,1098,77,98,102,101,123,106,117,124,132,118,2111,157,146,144,154,152,160,151,138,123,106,128,139,127,157,129,1358,116,102,118,116,111,93,106,82,99,80,78,65,71,62,59,583,70,55,50,65,52,53,56,61,62,59,382,53,47,46,44,35,38,35,29,22,33,182,22,25,20,18,17,8,19,15,8,1,7,8,5,2,4,3
2021,"Kingston upon Thames 017","E02000614",9297,570,105,101,106,145,113,599,131,114,129,117,108,735,122,120,143,123,110,117,449,125,114,109,101,596,100,106,119,143,128,1346,135,142,128,137,137,124,136,155,130,122,2116,143,147,141,169,140,164,142,161,129,128,128,141,136,114,133,1708,136,137,129,124,130,128,128,114,123,108,112,88,96,76,79,690,73,79,84,72,70,76,54,68,59,55,348,38,52,50,41,24,28,41,31,25,18,140,28,27,24,10,9,13,9,5,7,1,1,2,2,1,0,1
2021,"Kingston upon Thames 018","E02000615",7877,423,86,78,75,97,87,521,109,98,105,95,114,644,118,93,96,119,106,112,347,92,106,81,68,411,55,81,80,96,99,936,100,85,78,97,104,100,82,96,98,96,1724,115,97,119,108,122,139,119,106,100,118,118,105,115,125,118,1614,135,114,124,106,120,94,119,120,112,107,96,88,103,83,93,670,58,72,62,61,68,56,65,72,76,80,415,48,59,52,61,36,40,37,28,25,29,172,29,26,23,19,12,17,14,5,12,5,3,1,2,3,0,1
2021,"Kingston upon Thames 019","E02000616",6055,364,72,65,78,67,82,393,77,83,76,73,84,429,77,79,64,70,66,73,242,71,65,61,45,294,58,68,42,63,63,810,71,70,63,67,60,90,94,91,104,100,1394,102,108,90,94,95,114,114,98,90,76,91,90,84,70,78,1191,94,107,70,79,90,95,83,92,70,73,73,66,61,75,63,532,49,51,58,47,60,55,55,55,45,57,301,43,39,34,37,22,34,32,27,15,18,105,11,15,10,12,11,13,10,6,6,1,0,2,3,2,0,3
2021,"Kingston upon Thames 020","E02000617",8869,539,95,109,100,118,117,567,128,109,98,132,100,666,122,120,114,99,112,99,390,109,97,101,83,511,90,107,95,116,103,1196,104,122,115,103,121,124,130,127,130,120,1871,126,124,140,126,144,134,146,123,119,112,114,130,102,119,112,1750,133,118,126,123,145,146,128,119,124,128,104,94,107,71,84,767,99,82,81,78,69,52,76,59,81,90,443,56,59,40,53,40,44,39,45,26,41,169,26,27,14,13,21,19,11,4,11,13,5,1,0,2,1,1
2021,"Lambeth 002","E02000619",9105,464,80,92,112,102,78,472,93,92,84,101,102,606,108,95,91,111,102,99,350,91,99,81,79,683,90,102,145,166,180,1920,218,218,198,216,207,194,178,178,157,156,1940,160,130,141,111,129,155,146,126,116,123,115,108,124,124,132,1679,133,115,131,126,111,138,109,147,126,116,101,92,91,79,64,617,74,67,68,81,48,66,60,57,44,52,283,37,30,33,33,24,28,33,26,20,19,91,14,10,16,6,11,8,4,5,4,2,3,3,2,3,0,0
2021,"Lambeth 003","E02000620",9854,385,67,80,79,68,91,407,76,78,84,92,77,536,74,96,85,90,97,94,367,80,73,113,101,993,120,142,176,253,302,2415,318,298,265,272,282,223,206,195,183,173,2060,160,160,176,148,183,146,125,121,130,123,116,134,107,110,121,1770,130,147,167,131,134,137,139,117,138,106,115,88,75,70,76,488,84,62,47,39,55,45,40,43,32,41,317,38,32,37,31,40,28,37,19,19,36,116,22,22,13,12,8,15,8,4,3,4,4,0,1,0,0,0
2021,"Lambeth 004","E02000621",12518,436,83,74,99,90,90,337,74,60,70,71,62,464,65,101,76,68,79,75,500,66,95,138,201,1583,198,230,304,404,447,3988,488,484,540,440,378,382,350,345,295,286,2565,219,214,214,192,183,194,170,146,165,149,134,165,139,133,148,1696,130,161,126,146,107,121,123,116,117,107,104,93,91,84,70,537,77,67,62,50,55,42,41,63,47,33,275,25,24,34,36,25,23,25,33,30,20,137,17,18,18,19,14,6,9,6,6,7,6,6,1,3,0,1
2021,"Lambeth 005","E02000622",8406,355,73,68,67,85,62,298,69,58,54,55,62,394,70,55,66,68,62,73,300,78,79,67,76,847,91,94,139,198,325,2390,337,284,269,296,264,244,185,194,161,156,1668,181,164,122,108,127,127,97,104,87,75,102,98,92,95,89,1430,125,101,114,124,96,106,120,106,93,73,61,81,88,75,67,467,66,108,44,44,39,35,33,25,42,31,185,29,19,18,20,21,24,14,17,10,13,72,11,12,11,8,9,5,8,4,1,0,1,0,0,0,0,2
2021,"Lambeth 006","E02000623",7849,286,43,51,66,69,57,393,70,73,86,85,79,527,94,95,86,96,83,73,374,89,106,90,89,648,93,111,110,160,174,1628,184,158,208,205,163,162,128,137,150,133,1659,118,95,136,100,121,89,112,117,117,89,106,112,123,112,112,1531,119,132,123,150,92,117,97,120,112,92,86,83,70,68,70,463,56,61,56,66,45,46,32,37,32,32,246,28,34,31,34,27,25,14,12,24,17,94,16,10,12,15,5,4,7,6,7,4,3,2,1,0,1,1
2021,"Lambeth 007","E02000624",9630,416,69,91,108,78,70,427,71,96,76,95,89,525,81,88,91,82,87,96,322,79,80,64,99,817,96,137,137,176,271,2906,320,408,347,293,299,286,245,265,242,201,2042,239,189,151,150,164,134,116,112,114,113,141,97,102,94,126,1502,88,138,110,169,102,87,114,112,104,96,81,83,85,67,66,428,70,57,42,32,40,54,36,27,38,32,177,14,24,18,16,20,20,21,20,14,10,68,9,9,3,7,10,5,5,4,2,5,5,2,2,0,0,0
2021,"Lambeth 008","E02000625",9305,453,88,65,113,70,117,474,103,91,96,85,99,678,110,146,110,120,91,101,375,85,109,89,92,913,96,151,158,212,296,2421,311,342,310,238,253,249,196,200,153,169,1910,162,167,130,130,117,133,130,134,116,109,127,118,122,106,109,1523,114,128,124,161,128,121,101,88,87,80,81,76,71,89,74,359,48,61,36,37,33,27,33,26,40,18,139,19,13,13,18,7,22,11,12,11,13,60,7,9,10,7,3,5,3,5,2,2,3,0,0,0,1,3
2021,"Lambeth 009","E02000626",8361,414,53,94,82,92,93,494,90,89,85,114,116,663,96,132,97,100,127,111,403,118,87,96,102,628,90,108,117,138,175,1595,178,144,147,167,154,172,127,172,161,173,1879,152,116,116,116,122,158,128,102,125,146,108,106,109,108,167,1682,140,130,126,134,139,125,151,118,121,91,102,73,76,80,76,358,57,61,42,37,46,26,29,33,17,10,187,18,20,18,27,26,11,21,21,9,16,58,11,8,8,3,7,3,2,8,1,2,2,2,1,0,0,0
2021,"Lambeth 010","E02000627",9561,419,79,111,68,81,80,386,110,59,54,74,89,496,72,75,93,77,90,89,394,90,85,82,137,1046,121,118,193,223,391,2769,382,337,331,303,274,277,272,223,211,159,1900,158,140,150,171,146,162,118,124,108,106,118,105,87,99,108,1398,114,104,99,112,126,105,96,90,79,114,76,78,52,86,67,431,50,83,38,39,30,43,39,38,40,31,228,23,29,27,22,22,28,22,20,19,16,94,9,11,10,10,12,13,11,3,8,1,2,2,1,0,0,1
2021,"Lambeth 011","E02000628",10787,422,73,121,70,76,82,481,85,77,94,119,106,645,112,97,101,111,107,117,464,107,132,116,109,1119,183,179,165,283,309,2867,308,354,304,304,297,341,289,256,193,221,2069,198,147,142,154,152,129,117,129,120,113,136,134,139,136,123,1848,147,122,139,154,134,172,121,133,121,84,106,92,137,90,96,506,70,59,51,42,52,73,47,38,39,35,275,35,27,30,44,17,29,27,23,20,23,91,26,7,6,17,8,7,4,5,1,4,4,1,0,0,0,1
2021,"Lambeth 012","E02000629",9111,332,87,67,51,62,65,336,52,72,64,62,86,359,55,56,67,51,65,65,193,51,58,49,35,1057,41,81,181,301,453,3208,435,407,440,383,290,314,274,260,211,194,1698,153,130,119,114,124,109,118,122,96,111,99,96,97,98,112,1297,93,108,103,99,105,78,99,102,84,73,84,71,63,77,58,362,36,51,40,38,38,36,34,22,42,25,185,25,18,24,20,17,26,16,15,15,9,84,10,3,12,5,8,5,1,4,17,15,2,1,1,0,0,0
2021,"Lambeth 013","E02000630",7534,297,63,65,53,63,53,310,70,65,63,56,56,321,40,54,62,58,58,49,174,45,45,42,42,737,39,59,132,220,287,2298,311,312,268,240,252,196,181,207,172,159,1595,157,144,101,112,136,106,125,102,89,87,63,83,108,89,93,1069,74,81,88,88,67,70,70,74,84,87,71,58,47,55,55,436,62,51,36,45,46,23,63,42,31,37,234,20,31,50,19,22,24,19,15,18,16,63,6,4,9,10,9,3,6,5,1,2,5,2,0,0,1,0
2021,"Lambeth 014","E02000631",9528,476,129,91,85,78,93,455,94,95,102,82,82,638,131,92,118,106,92,99,475,124,98,142,111,774,132,131,164,161,186,2331,237,238,251,252,287,255,212,199,232,168,1977,155,136,145,128,127,120,140,118,126,145,114,135,124,126,138,1573,128,125,132,123,98,157,136,96,91,120,93,65,72,70,67,505,84,53,57,46,50,50,49,44,44,28,243,31,23,28,34,24,26,19,16,25,17,81,14,11,8,15,3,10,5,4,3,3,1,0,2,2,0,0
2021,"Lambeth 015","E02000632",9592,238,73,47,43,42,33,196,41,36,40,45,34,253,43,39,47,35,51,38,144,37,45,34,28,1355,56,73,211,437,578,4128,678,629,534,502,383,390,299,273,221,219,1619,179,154,117,117,139,105,115,96,90,106,76,73,96,83,73,1099,64,104,94,98,98,90,80,63,89,46,52,62,43,55,61,313,37,38,33,53,25,32,27,26,24,18,184,25,19,17,25,9,21,23,17,11,17,63,11,11,6,6,7,4,2,4,8,3,0,0,0,1,0,0
2021,"Lambeth 016","E02000633",9167,400,54,77,87,101,81,407,72,78,80,82,95,505,64,71,108,88,81,93,336,83,77,109,67,881,76,122,154,217,312,2646,275,340,344,316,292,274,253,194,206,152,1736,170,146,119,158,112,91,114,101,113,93,99,126,99,102,93,1540,86,114,122,120,147,136,105,102,117,100,81,76,72,102,60,434,66,40,55,48,50,47,37,27,37,27,208,22,23,25,23,29,17,24,18,13,14,74,16,9,5,10,9,3,6,8,2,4,1,0,0,0,0,1
2021,"Lambeth 017","E02000634",6779,263,59,63,45,42,54,270,51,54,59,61,45,346,58,57,50,63,62,56,226,55,63,56,52,706,55,71,144,184,252,2018,326,270,266,241,192,173,168,146,125,111,1216,121,108,91,89,92,88,74,70,65,60,84,67,72,52,83,1114,69,104,91,80,66,73,85,79,61,76,83,56,86,57,48,339,50,28,37,36,38,38,22,38,26,26,181,26,20,21,21,18,17,15,13,14,16,100,15,13,10,15,12,13,6,4,2,4,3,0,0,0,2,1
2021,"Lambeth 018","E02000635",9809,430,87,86,69,92,96,444,81,93,87,103,80,461,86,84,62,75,88,66,295,86,89,64,56,739,66,64,133,218,258,2976,295,341,332,322,313,339,281,271,255,227,2100,172,199,179,141,153,144,125,132,119,122,143,128,108,107,128,1676,141,99,149,112,124,138,124,125,130,101,104,93,87,75,74,425,69,49,33,44,41,50,47,31,27,34,210,26,22,21,17,23,18,32,17,17,17,53,6,11,5,7,8,5,5,2,2,1,0,0,0,0,0,1
2021,"Lambeth 019","E02000636",7720,420,106,73,76,79,86,363,73,74,63,78,75,427,80,83,71,70,63,60,163,53,47,36,27,749,37,37,108,232,335,2314,289,319,300,254,274,198,210,170,175,125,1578,117,108,108,106,110,111,121,94,103,112,112,95,95,103,83,1092,100,80,77,86,72,72,69,101,70,88,57,57,46,75,42,354,36,25,42,33,32,30,46,34,43,33,178,25,19,28,17,18,21,19,16,9,6,82,19,9,15,8,7,5,5,2,4,3,1,2,2,0,0,0
2021,"Lambeth 020","E02000637",8403,362,77,92,88,46,59,257,58,50,45,54,50,375,58,54,73,61,60,69,222,60,51,39,72,667,66,52,91,193,265,2870,325,382,348,332,317,305,224,224,226,187,1750,183,145,126,141,141,116,106,137,99,99,92,93,102,88,82,1275,95,89,111,101,104,125,95,90,82,88,75,66,62,41,51,364,52,45,47,33,35,37,41,21,19,34,186,23,25,20,21,15,17,23,15,10,17,75,14,9,11,8,9,9,4,2,2,2,3,0,1,1,0,0
2021,"Lambeth 021","E02000638",10248,485,107,110,81,100,87,460,71,86,99,108,96,553,100,112,84,87,77,93,345,98,88,84,75,887,80,106,147,223,331,2879,364,343,299,307,276,265,252,295,272,206,2296,182,146,183,157,180,158,158,183,133,165,141,139,115,126,130,1611,143,113,137,137,134,144,110,97,102,116,88,80,84,73,53,380,53,38,44,43,34,43,27,33,35,30,257,31,30,30,28,30,25,19,18,28,18,95,19,13,8,5,13,12,8,2,3,2,3,2,1,1,0,3
2021,"Lambeth 022","E02000639",8321,340,70,70,58,85,57,355,79,66,68,82,60,471,77,79,74,76,85,80,346,89,95,85,77,665,89,96,113,190,177,2046,180,253,208,192,202,244,223,182,190,172,1954,185,141,160,140,133,113,162,114,110,125,104,120,117,113,117,1521,105,129,122,119,131,119,114,106,130,87,101,65,63,70,60,386,63,52,39,36,35,33,32,27,38,31,179,24,22,12,18,21,18,18,16,15,15,58,9,6,7,10,7,5,3,2,3,0,0,2,2,2,0,0
2021,"Lambeth 023","E02000640",9295,556,100,108,116,113,119,508,104,118,101,108,77,518,87,96,73,91,85,86,245,64,66,64,51,766,62,73,132,222,277,2754,380,345,295,339,289,275,210,232,197,192,1962,167,146,155,140,130,153,138,119,128,139,118,124,102,104,99,1202,106,98,105,75,92,99,88,76,74,84,69,83,58,51,44,431,53,60,54,32,40,40,33,45,32,42,263,34,36,32,23,28,24,27,24,26,9,90,19,10,10,10,8,3,3,10,5,1,5,4,1,0,1,0
2021,"Lambeth 024","E02000641",8631,476,113,99,77,85,102,550,102,92,112,141,103,777,150,110,97,135,128,157,474,136,122,101,115,581,102,99,122,132,126,1604,169,206,147,171,142,160,178,153,137,141,1895,141,111,146,125,128,128,136,138,118,141,120,115,107,115,126,1588,149,139,114,140,114,157,113,93,111,83,98,84,71,62,60,412,55,58,53,32,44,36,26,47,27,34,187,18,15,16,27,12,19,22,29,17,12,87,8,9,6,11,11,12,10,9,5,3,0,1,0,0,1,1
2021,"Lambeth 025","E02000642",9808,535,100,117,116,99,103,562,103,107,105,126,121,696,121,103,121,109,122,120,391,118,125,82,66,562,72,79,153,123,135,1892,184,179,159,190,216,242,184,163,188,187,2339,183,186,183,179,143,182,153,144,137,140,144,143,137,134,151,1756,142,168,119,139,128,141,115,123,108,109,83,81,141,65,94,638,91,60,52,68,56,59,63,61,67,61,311,39,56,29,34,35,28,20,27,26,17,126,20,15,16,13,17,9,6,9,7,1,1,4,1,4,3,0
2021,"Lambeth 026","E02000643",9377,479,82,100,91,103,103,468,90,111,92,91,84,549,88,78,94,119,83,87,367,117,76,113,61,561,78,78,114,125,166,2503,184,249,249,225,252,319,297,273,233,222,2296,226,185,156,173,151,170,181,136,147,149,166,113,101,106,136,1430,147,110,119,88,119,94,111,93,103,97,83,77,68,69,52,414,52,39,53,49,47,40,35,42,34,23,204,23,29,17,29,16,18,17,22,11,22,106,24,15,13,17,8,8,5,7,4,1,1,0,0,0,0,3
2021,"Lambeth 027","E02000644",8522,526,121,110,100,85,110,513,98,110,101,101,103,566,102,89,103,106,83,83,326,93,92,82,59,446,71,51,139,78,107,1789,136,142,150,166,208,219,207,205,167,189,2256,192,185,166,157,131,203,167,156,131,131,159,122,113,119,124,1390,118,130,120,113,117,107,85,90,85,74,87,71,79,62,52,406,44,42,43,39,39,44,48,36,43,28,212,27,21,15,30,21,18,25,24,20,11,92,20,9,14,13,11,7,2,4,2,3,1,1,1,2,2,0
2021,"Lambeth 028","E02000645",9534,603,145,129,121,109,99,548,106,104,108,118,112,679,112,120,133,94,106,114,318,79,93,81,65,440,61,55,85,103,136,1956,143,155,177,213,169,230,240,202,212,215,2428,189,152,178,179,177,161,157,161,147,162,160,174,156,127,148,1737,133,125,136,156,120,113,108,145,115,146,104,128,79,60,69,509,50,56,53,50,53,47,54,37,56,53,237,38,28,22,44,11,24,23,13,15,19,79,18,5,9,8,9,5,9,0,8,3,4,0,0,0,0,1
2021,"Lambeth 029","E02000646",9500,479,88,135,88,83,85,499,87,100,85,134,93,560,102,99,115,87,86,71,265,66,89,63,47,534,61,70,88,128,187,2314,201,235,238,247,267,256,229,211,227,203,2437,189,179,217,184,155,190,155,141,175,125,150,167,126,137,147,1485,104,114,143,122,130,113,127,105,104,89,66,87,63,53,65,512,57,60,54,59,62,45,39,52,44,40,300,43,35,34,27,30,34,25,35,22,15,115,22,16,11,13,11,15,7,2,3,3,3,2,3,1,2,1
2021,"Lambeth 030","E02000647",8583,575,143,125,112,104,91,516,105,111,115,83,102,570,103,88,83,96,92,108,335,88,100,87,60,421,66,58,82,113,102,1471,109,138,136,149,165,132,176,174,145,147,2012,155,138,133,165,123,111,160,124,109,138,143,125,125,139,124,1602,137,128,141,114,114,127,116,118,103,101,85,79,80,84,75,607,68,73,84,73,49,53,61,42,47,57,334,43,39,27,29,34,37,45,36,24,20,140,20,21,20,17,14,9,7,12,5,4,5,4,1,0,1,0
2021,"Lambeth 031","E02000648",7822,529,100,109,94,124,102,542,99,92,133,112,106,683,113,101,102,149,107,111,400,113,125,84,78,435,90,83,78,102,82,1173,97,105,103,111,99,110,147,122,121,158,1841,139,125,120,123,139,118,138,110,111,120,126,114,93,144,121,1436,121,124,166,135,101,118,104,94,87,64,84,73,65,49,51,443,87,48,44,33,37,41,41,40,38,34,251,25,26,54,26,29,20,20,17,16,18,89,8,15,13,10,11,4,7,3,4,4,2,5,2,0,1,0
2021,"Lambeth 032","E02000649",12475,721,162,146,154,134,125,631,108,139,132,133,119,704,121,129,113,127,119,95,357,89,112,89,67,767,82,91,140,218,236,3205,231,304,295,341,400,358,344,326,323,283,3324,285,263,308,230,325,229,206,232,170,190,204,196,169,177,140,1840,154,188,143,138,178,158,135,142,99,94,91,86,81,75,78,528,76,73,56,53,47,49,40,45,36,53,277,39,27,37,37,16,26,23,22,26,24,121,21,16,13,12,3,9,13,8,7,3,8,4,0,0,0,4
2021,"Lambeth 033","E02000650",7672,482,86,106,121,74,95,488,116,95,100,92,85,530,86,92,77,111,96,68,302,90,84,65,63,381,64,66,67,81,103,1471,109,97,134,138,146,189,161,169,183,145,1865,140,138,144,141,124,140,132,152,107,103,112,107,96,123,106,1430,96,95,118,130,122,91,102,98,101,86,94,68,62,65,102,429,45,60,53,51,39,35,37,33,38,38,218,27,30,13,24,7,18,19,13,23,44,76,14,16,4,9,8,5,4,6,4,1,2,0,0,1,0,2
2021,"Lambeth 034","E02000651",8748,549,142,107,90,108,102,437,101,101,93,75,67,545,96,106,97,92,78,76,282,80,71,76,55,432,36,59,100,109,128,1854,143,185,162,178,186,216,220,204,206,154,2130,170,147,147,146,165,167,165,121,155,115,136,124,133,120,119,1504,117,148,100,99,98,123,112,88,106,97,98,68,79,98,73,578,84,64,56,64,55,39,54,43,57,62,319,44,42,41,25,24,32,25,32,28,26,118,15,21,11,12,11,8,7,8,3,7,3,1,4,3,4,0
2021,"Lambeth 035","E02000652",7560,441,83,84,91,91,92,408,87,85,71,82,83,547,81,97,94,88,90,97,369,105,105,83,76,514,69,103,102,133,107,1292,130,143,102,127,117,150,129,131,141,122,1746,120,115,114,140,122,125,118,112,119,108,105,118,107,125,98,1303,88,94,112,76,69,120,102,88,77,78,90,87,82,82,58,499,61,90,55,44,27,40,53,46,40,43,309,44,31,34,26,30,32,36,24,27,25,132,27,16,16,13,7,8,12,10,2,7,6,2,1,1,2,2
2021,"Lambeth 036","E02006801",8562,231,61,39,44,49,38,244,50,43,49,59,43,340,54,44,63,58,70,51,708,57,83,233,335,1421,262,223,329,334,273,1984,257,262,229,215,211,172,178,163,172,125,1571,133,117,117,117,128,99,108,100,96,101,97,92,94,87,85,1212,76,90,74,100,68,78,98,92,99,76,79,81,59,79,63,497,58,58,50,56,54,45,46,47,46,37,259,43,29,31,26,23,24,21,22,21,19,95,16,12,13,8,10,8,11,3,5,5,1,1,2,0,0,0
2021,"Lewisham 001","E02000653",12605,652,142,135,143,112,120,605,126,116,115,105,143,743,115,127,146,134,118,103,582,183,154,131,114,1045,167,167,206,231,274,3791,352,340,389,355,395,434,432,409,361,324,2866,365,267,266,229,207,213,189,142,146,136,120,162,133,182,109,1687,139,139,138,161,143,117,138,96,116,108,91,121,57,71,52,383,63,44,37,56,39,25,31,31,24,33,193,30,22,20,19,19,21,16,16,18,12,58,10,6,13,4,10,4,3,2,3,1,0,2,0,0,0,0
2021,"Lewisham 002","E02000654",8788,487,82,111,75,107,112,566,108,114,132,115,97,719,124,121,112,120,132,110,387,120,98,78,91,691,108,126,111,172,174,2057,194,192,189,240,225,214,197,234,173,199,1822,162,153,155,142,117,139,129,116,100,102,107,108,97,109,86,1477,131,133,113,106,121,120,118,103,92,102,99,56,75,52,56,348,54,48,45,32,28,32,40,25,25,19,182,16,19,14,20,9,16,14,39,22,13,52,3,9,8,9,8,5,1,0,1,3,0,1,1,0,1,2
2021,"Lewisham 003","E02000655",10287,607,114,141,108,122,122,623,123,137,126,137,100,652,132,112,91,92,116,109,471,117,101,101,152,1044,184,242,203,188,227,2395,237,223,290,288,220,256,251,225,201,204,2385,194,184,200,187,164,161,160,165,203,131,162,147,119,96,112,1511,106,137,111,96,140,121,135,110,98,84,126,72,51,65,59,350,48,53,41,34,42,42,19,25,32,14,175,16,22,21,23,23,13,18,15,13,11,74,9,11,17,7,5,4,5,4,5,4,2,1,0,0,0,0
2021,"Lewisham 005","E02000657",9902,487,90,95,109,96,97,530,102,95,107,118,108,534,90,103,76,78,96,91,564,71,79,149,265,1176,255,285,204,220,212,2302,203,252,250,276,257,221,228,215,200,200,2243,215,166,164,144,149,147,149,153,160,124,122,140,150,139,121,1343,99,117,109,113,99,99,93,92,83,79,81,80,67,73,59,391,48,47,43,43,40,29,35,35,36,35,262,28,29,19,47,19,26,25,14,40,15,70,8,10,14,9,5,4,6,7,1,1,2,1,2,0,0,0
2021,"Lewisham 006","E02000658",8614,409,82,64,81,95,87,436,88,80,91,89,88,480,77,100,78,77,86,62,322,70,87,70,95,763,124,125,169,158,187,2030,183,189,202,226,226,218,240,205,189,152,1897,176,124,135,118,122,123,124,124,118,107,144,128,126,123,105,1549,144,103,120,91,123,111,103,115,137,92,85,78,85,99,63,440,64,46,59,55,43,33,41,34,35,30,200,30,23,20,23,23,20,18,19,12,12,88,16,14,13,9,6,8,5,9,3,2,1,0,0,0,1,1
2021,"Lewisham 007","E02000659",8062,430,96,90,67,93,84,464,94,87,107,96,80,497,85,90,72,83,97,70,283,75,80,73,55,473,80,78,93,101,121,1779,144,159,177,173,194,237,189,162,178,166,2019,197,184,135,148,146,140,107,102,150,146,115,115,153,89,92,1340,121,97,124,85,124,97,103,99,95,79,67,48,71,68,62,431,73,37,30,46,50,31,45,44,42,33,250,30,35,23,36,22,23,19,19,24,19,96,11,15,11,16,6,11,4,4,6,6,1,2,1,0,2,0
2021,"Lewisham 008","E02000660",8211,473,92,93,88,104,96,429,96,81,90,94,68,415,80,87,60,57,75,56,291,61,63,80,87,528,89,91,79,117,152,2224,186,185,242,224,232,244,233,247,221,210,2101,191,193,151,180,166,138,117,116,161,94,104,174,111,107,98,1200,103,88,106,96,88,75,118,90,85,65,71,73,56,46,40,323,34,39,27,37,33,36,32,44,20,21,176,37,23,23,13,15,10,16,19,11,9,51,11,7,9,4,2,5,2,2,2,2,0,2,0,0,1,2
2021,"Lewisham 009","E02000661",6496,382,88,77,74,63,80,357,87,75,66,66,63,345,58,65,49,63,59,51,201,56,55,42,48,320,49,46,55,86,84,1207,83,112,115,130,115,148,130,123,106,145,1587,106,113,122,101,121,115,124,138,97,86,89,100,97,92,86,1244,108,97,81,103,101,77,88,81,140,59,90,47,65,33,74,439,52,44,47,37,40,33,42,41,54,49,290,43,24,37,26,30,23,28,31,25,23,124,32,15,12,10,9,13,9,7,5,1,5,5,0,0,0,1
2021,"Lewisham 010","E02000662",8292,547,118,101,107,129,92,520,99,104,107,118,92,636,94,129,101,91,127,94,321,93,93,72,63,505,73,107,103,100,122,1752,136,150,163,168,178,186,194,196,186,195,1993,142,124,160,139,176,187,119,133,121,118,118,99,132,128,97,1413,123,92,100,122,101,103,121,102,72,99,87,82,61,81,67,360,66,50,45,35,42,26,18,24,29,25,190,16,25,30,23,19,14,16,23,13,11,55,10,9,5,5,5,5,6,4,2,3,1,0,0,0,0,0
2021,"Lewisham 011","E02000663",6790,380,83,68,80,68,81,344,60,90,57,46,91,418,69,73,72,89,48,67,218,55,61,56,46,488,89,90,94,96,119,1375,126,128,139,124,151,135,145,137,139,151,1612,165,138,131,104,109,106,100,96,84,97,113,89,84,89,107,1294,105,93,103,87,102,96,114,72,87,91,86,72,50,67,69,361,46,37,45,38,40,32,29,37,33,24,227,33,31,34,24,20,15,19,18,18,15,73,10,19,12,4,8,5,5,2,4,1,2,0,0,1,0,0
2021,"Lewisham 013","E02000665",8162,546,104,121,97,106,118,525,105,97,115,99,109,517,110,86,82,71,83,85,295,98,83,75,39,358,37,67,63,98,93,1475,125,123,125,155,129,167,146,185,153,167,2137,172,177,140,140,123,141,152,156,155,115,143,134,138,107,144,1430,157,102,92,124,128,86,98,108,91,90,86,78,70,68,52,474,51,51,55,47,38,46,51,39,46,50,292,24,31,34,41,33,28,29,26,26,20,113,33,17,11,12,8,8,7,3,0,4,1,2,4,2,0,1
2021,"Lewisham 014","E02000666",7194,474,99,84,85,100,106,432,109,72,84,83,84,520,87,77,90,80,75,111,235,68,50,76,41,468,56,102,79,123,108,1342,107,136,125,160,135,139,160,121,127,132,1771,118,123,110,135,137,126,134,124,92,109,93,132,105,117,116,1212,97,86,92,96,101,118,87,86,69,76,75,56,60,54,59,385,47,50,42,46,36,35,25,32,31,41,240,27,30,35,19,24,22,24,20,19,20,115,22,16,18,8,11,7,7,6,4,6,2,4,2,2,0,0
2021,"Lewisham 015","E02000667",6692,485,81,97,85,121,101,447,94,89,97,92,75,419,75,71,76,71,59,67,297,97,97,54,49,344,56,64,69,78,77,1139,76,102,117,113,108,115,122,125,139,122,1764,126,129,122,144,135,132,142,135,124,116,117,89,92,93,68,1108,86,77,89,74,90,87,106,72,67,77,55,68,51,50,59,379,38,35,43,44,34,42,38,31,41,33,229,29,30,27,19,28,22,21,26,17,10,81,14,20,9,8,10,2,5,0,1,2,3,2,2,1,0,2
2021,"Lewisham 016","E02000668",6856,564,85,137,120,92,130,469,79,98,107,96,89,531,83,103,93,104,58,90,257,67,85,60,45,288,46,53,54,63,72,1003,48,72,91,92,103,91,119,139,103,145,1761,129,137,134,115,117,116,137,133,121,104,122,79,106,99,112,1187,87,93,90,108,83,86,78,76,96,70,89,59,56,54,62,447,47,43,59,45,50,41,49,37,38,38,254,33,39,35,34,21,15,21,15,25,16,95,11,12,13,11,16,11,5,4,4,2,2,0,1,1,1,1
2021,"Lewisham 017","E02000669",7975,639,174,129,116,111,109,452,93,127,66,87,79,440,90,71,90,62,60,67,264,61,83,55,65,331,44,63,63,73,88,1708,142,100,130,165,177,214,201,184,220,175,2203,216,190,161,155,175,162,145,185,133,155,86,129,111,109,91,1267,120,78,85,101,115,75,89,99,107,80,68,48,84,54,64,360,42,29,35,38,49,32,28,39,32,36,235,20,49,26,22,23,17,35,14,16,13,76,12,13,9,10,5,8,5,4,4,1,3,2,0,0,0,0
2021,"Lewisham 018","E02000670",6703,474,78,117,97,86,96,396,85,69,74,94,74,445,74,80,78,57,87,69,252,66,55,66,65,361,58,52,67,92,92,1304,120,103,144,120,117,134,121,182,149,114,1651,156,108,103,118,153,108,138,88,90,118,62,85,129,88,107,1174,74,115,93,98,86,104,93,77,80,65,61,68,51,63,46,326,48,41,26,31,34,58,23,22,25,18,200,20,30,24,25,14,18,20,17,17,15,120,31,25,14,10,11,3,6,10,1,2,1,3,0,1,1,1
2021,"Lewisham 019","E02000671",8743,687,141,143,146,130,127,551,111,109,96,112,123,512,83,93,95,80,83,78,267,76,93,54,44,371,41,61,87,87,95,1722,123,135,183,167,181,180,171,185,213,184,2433,210,163,182,183,189,162,164,156,165,151,138,172,136,122,140,1364,114,100,117,93,103,101,91,82,87,86,74,80,78,92,66,480,83,44,50,44,54,45,30,50,43,37,261,27,32,31,19,19,27,28,22,32,24,95,13,13,15,8,7,7,7,9,5,4,4,1,1,1,0,0
2021,"Lewisham 020","E02000672",10272,792,160,197,153,152,130,602,120,110,139,119,114,659,118,112,129,103,83,114,374,97,113,90,74,534,76,97,86,144,131,2063,155,163,205,182,230,249,216,250,206,207,2707,275,197,239,165,195,174,163,226,171,144,119,174,145,168,152,1699,138,132,121,112,167,128,129,145,114,101,90,85,88,94,55,465,101,52,37,43,50,46,33,34,37,32,262,24,26,39,26,25,22,22,24,20,34,115,13,13,19,20,10,12,8,7,2,2,4,3,1,0,0,1
2021,"Lewisham 021","E02000673",8147,481,85,95,100,99,102,482,89,95,86,108,104,546,90,105,84,96,85,86,280,81,67,77,55,330,43,54,58,83,92,1724,131,115,121,180,210,215,176,201,185,190,2074,144,151,136,161,152,145,133,133,140,129,120,139,114,137,140,1420,130,107,98,106,120,85,96,104,84,93,104,86,73,63,71,476,60,52,53,55,55,58,36,38,40,29,242,29,36,34,27,22,21,14,21,23,15,92,18,9,11,9,10,8,6,6,9,3,1,1,0,0,1,0
2021,"Lewisham 022","E02000674",8455,614,174,123,103,110,104,516,129,92,112,96,87,531,90,99,86,100,67,89,414,112,84,126,92,562,90,120,115,122,115,1156,118,109,98,97,94,102,143,132,139,124,1837,120,131,137,123,129,145,130,153,119,119,91,109,115,112,104,1819,168,126,143,120,111,151,154,137,121,126,105,96,99,93,69,517,63,71,54,49,47,54,42,49,49,39,337,34,35,35,43,38,32,31,33,23,33,152,19,27,20,21,13,17,14,9,3,1,4,2,1,0,0,1
2021,"Lewisham 023","E02000675",8532,555,101,122,123,125,84,533,117,103,112,107,94,609,101,116,95,111,97,89,316,94,91,77,54,421,70,69,61,107,114,1277,107,106,121,125,137,140,130,133,141,137,2017,174,145,163,155,122,151,147,119,143,121,115,118,103,125,116,1596,104,108,98,112,108,115,123,122,97,104,99,112,114,87,93,701,87,81,85,61,70,67,74,54,55,67,351,41,48,41,43,34,26,42,35,18,23,156,17,23,14,24,17,7,15,14,6,11,3,2,0,3,0,0
2021,"Lewisham 024","E02000676",7819,566,122,134,115,96,99,520,116,100,107,104,93,485,81,74,105,93,71,61,261,74,86,49,52,392,66,63,60,99,104,1448,95,76,101,142,143,180,161,189,176,185,2066,187,151,199,153,154,143,143,129,117,107,118,120,116,109,120,1325,89,101,103,85,125,93,99,97,104,86,77,76,61,67,62,433,64,61,37,47,44,35,37,31,41,36,230,42,31,12,25,23,26,19,20,13,19,93,18,13,11,8,8,7,10,7,1,4,4,1,0,1,0,0
2021,"Lewisham 025","E02000677",7224,460,82,102,124,72,80,446,104,75,99,74,94,442,85,76,67,86,67,61,308,76,89,81,62,409,73,95,62,76,103,1075,109,129,92,98,108,114,108,98,102,117,1523,119,104,115,80,119,125,115,98,108,87,93,83,80,91,106,1521,121,101,110,88,100,108,104,118,137,100,91,94,82,86,81,546,67,65,61,51,51,53,53,46,52,47,358,26,41,40,26,24,41,27,28,63,42,136,17,11,22,18,12,18,10,11,4,2,4,2,1,1,3,0
2021,"Lewisham 026","E02000678",6958,507,111,83,135,95,83,434,97,64,88,85,100,684,109,105,168,95,106,101,360,117,88,87,68,414,72,74,78,98,92,945,98,119,94,95,93,76,95,85,91,99,1610,103,108,116,101,149,139,107,100,83,113,115,87,83,93,113,1334,85,95,105,95,104,90,98,107,100,79,73,63,108,78,54,372,51,32,78,32,38,26,29,24,40,22,215,26,21,27,19,28,24,22,21,17,10,83,8,12,10,10,4,10,7,7,6,4,1,1,1,0,1,1
2021,"Lewisham 027","E02000679",8129,574,110,110,127,121,106,552,113,95,118,132,94,601,136,104,85,105,95,76,297,90,72,77,58,404,61,71,80,99,93,1431,117,124,109,178,161,153,149,132,141,167,2017,170,163,158,160,128,146,148,156,130,115,103,114,102,122,102,1370,103,103,108,88,90,90,130,108,102,112,81,66,71,53,65,496,64,68,51,48,43,54,52,45,37,34,255,26,34,27,33,29,33,17,23,20,13,132,22,17,10,9,6,1,9,13,23,7,5,5,4,0,0,1
2021,"Lewisham 028","E02000680",7047,477,83,112,87,92,103,459,85,93,81,97,103,588,92,85,115,102,95,99,251,82,58,62,49,356,54,80,69,86,67,1256,92,95,99,96,154,121,158,158,141,142,1722,137,118,120,103,124,115,106,100,118,112,94,129,119,124,103,1214,133,98,95,71,89,101,77,79,66,79,76,90,53,48,59,401,46,43,42,36,41,35,40,36,33,49,222,21,23,33,27,25,19,24,12,19,19,101,19,15,8,12,9,13,8,4,2,2,2,3,0,1,0,3
2021,"Lewisham 029","E02000681",8470,586,132,120,102,129,103,530,101,103,85,102,139,681,110,118,114,115,111,113,384,115,110,92,67,485,62,92,110,101,120,1168,113,95,112,119,124,109,99,158,108,131,1857,133,110,123,168,141,118,142,102,133,141,129,111,79,107,120,1754,108,125,136,94,143,127,121,126,162,100,111,90,101,95,115,626,89,59,80,55,49,66,59,48,71,50,293,35,23,27,39,29,27,29,35,25,24,106,18,15,14,13,12,2,7,11,2,4,4,0,1,1,2,0
2021,"Lewisham 030","E02000682",8939,532,96,93,117,120,106,657,147,121,124,129,136,913,156,158,167,133,147,152,546,156,145,136,109,620,99,107,128,130,156,1170,122,118,99,125,120,99,121,128,113,125,1830,124,137,130,132,112,136,138,108,110,126,123,116,122,91,125,1719,142,117,123,127,125,124,143,120,143,122,88,94,95,77,79,554,65,61,68,53,55,53,49,34,58,58,276,34,26,40,30,23,23,27,23,26,24,122,23,10,16,14,11,8,14,7,4,8,3,1,1,0,0,2
2021,"Lewisham 031","E02000683",6763,429,80,95,81,91,82,423,98,92,71,79,83,499,82,80,78,69,96,94,311,89,77,69,76,382,50,84,76,89,83,1087,117,87,107,118,97,100,98,115,138,110,1448,102,113,104,106,106,97,116,104,89,86,85,94,70,86,90,1370,114,111,112,97,90,121,83,77,129,91,80,73,73,57,62,422,60,53,43,33,34,34,41,45,39,40,270,40,39,23,32,26,25,29,20,22,14,122,16,15,13,14,18,9,15,7,5,5,3,2,0,0,0,0
2021,"Lewisham 033","E02000685",8132,499,93,114,94,107,91,538,114,112,109,106,97,635,98,114,119,106,108,90,350,111,82,80,77,407,67,84,71,95,90,1265,101,115,87,103,128,147,144,152,142,146,1995,161,135,135,172,147,151,144,144,124,112,123,116,106,130,95,1447,148,131,107,102,98,97,105,97,101,90,91,77,65,71,67,518,70,48,52,51,51,45,52,59,45,45,336,43,32,41,28,37,34,28,37,23,33,142,23,9,24,14,12,13,16,10,7,2,3,3,3,1,0,2
2021,"Lewisham 034","E02000686",7535,511,85,104,89,121,112,551,103,116,86,116,130,733,141,106,134,103,125,124,372,86,130,75,81,406,64,69,94,80,99,1130,88,116,103,132,111,97,123,119,113,128,1670,130,121,127,115,100,128,99,120,124,114,95,105,90,122,80,1567,127,116,132,120,91,95,146,110,115,100,96,83,96,72,68,359,38,54,49,39,43,22,32,23,31,28,184,20,20,22,28,15,15,20,19,11,14,52,12,9,7,4,3,5,2,2,0,1,3,1,1,1,0,1
2021,"Lewisham 035","E02000687",8265,570,114,129,124,109,94,500,105,93,103,115,84,580,87,116,100,100,77,100,260,78,70,64,48,352,59,62,64,89,78,1364,96,103,120,134,128,125,142,141,201,174,2099,186,165,122,172,141,176,139,123,145,132,113,102,113,99,171,1517,119,108,117,109,114,124,103,98,103,138,91,73,77,69,74,579,61,67,71,48,49,63,51,41,51,77,299,45,41,25,31,35,31,21,27,26,17,145,22,35,12,15,15,10,10,7,3,1,4,7,3,1,0,0
2021,"Lewisham 037","E02006783",7777,461,94,92,91,89,95,586,122,115,104,112,133,827,142,130,126,155,136,138,438,122,130,114,72,462,100,88,80,94,100,1058,89,95,89,88,116,89,114,128,128,122,1761,132,132,119,126,126,110,118,117,95,110,97,136,103,119,121,1489,126,110,114,127,134,106,113,105,90,119,68,73,76,70,58,389,56,49,64,31,31,35,23,35,32,33,218,25,25,15,23,24,23,23,25,19,16,88,20,11,10,9,7,7,7,0,2,4,6,2,1,1,0,1
2021,"Lewisham 038","E02006784",7951,402,66,76,89,82,89,521,118,100,107,104,92,694,129,118,102,99,133,113,415,123,115,108,69,455,85,69,94,104,103,973,89,107,90,89,106,80,86,104,103,119,1836,108,112,134,160,124,146,149,105,114,104,160,123,93,90,114,1546,108,112,115,118,129,126,120,85,102,111,89,97,97,79,58,641,80,69,62,63,81,51,44,60,64,67,317,43,25,36,40,31,35,26,34,28,19,151,30,25,23,14,7,9,16,8,4,2,7,2,1,1,0,2
2021,"Lewisham 039","E02006798",8888,461,93,96,100,89,83,467,76,100,109,91,91,543,85,93,97,96,89,83,371,92,97,90,92,827,135,148,151,171,222,2179,184,220,220,245,212,242,236,213,209,198,1970,194,164,164,137,115,132,134,142,109,110,119,114,112,104,120,1466,106,118,111,139,109,137,106,101,126,79,83,50,77,64,60,373,56,56,43,35,41,35,28,32,23,24,179,19,21,21,31,14,18,22,12,8,13,52,9,13,3,7,6,3,3,1,3,0,2,1,0,0,0,1
2021,"Lewisham 040","E02007008",5757,325,65,80,63,68,49,253,48,52,52,52,49,254,58,40,44,41,44,27,297,39,39,90,129,501,90,77,81,121,132,2043,135,145,213,226,226,225,232,246,210,185,1417,169,181,134,107,130,88,96,82,78,67,75,46,63,50,51,517,54,40,55,43,45,43,41,25,33,25,29,21,20,25,18,100,13,15,11,9,8,9,9,10,9,7,38,4,10,1,3,4,4,4,3,4,1,12,3,3,4,0,1,1,0,0,0,0,0,0,0,0,0,0
2021,"Lewisham 041","E02007009",9142,593,145,123,114,106,105,451,89,93,70,120,79,527,88,100,79,77,108,75,287,79,79,67,62,531,71,86,120,107,147,2024,152,208,160,222,226,203,211,239,217,186,2344,196,214,168,174,189,166,183,136,121,119,152,128,161,119,118,1592,111,118,122,102,84,145,141,106,87,106,72,123,105,110,60,439,52,46,52,42,31,84,34,40,30,28,234,26,29,21,41,22,14,18,25,21,17,120,15,19,16,12,16,11,10,4,6,3,1,3,2,1,0,1
2021,"Merton 001","E02000689",9049,740,179,135,143,147,136,634,152,133,126,110,113,652,105,124,90,120,118,95,293,85,99,63,46,440,53,67,86,97,137,1674,148,132,173,161,145,189,197,139,192,198,2302,160,182,170,147,174,166,156,164,166,155,133,136,130,142,121,1417,136,129,107,134,101,100,93,70,98,75,96,69,71,74,64,534,62,57,55,67,57,43,61,48,36,48,276,40,48,31,29,30,29,23,17,19,10,87,16,12,9,16,10,6,7,5,0,2,2,0,0,0,2,0
2021,"Merton 002","E02000690",5525,220,46,39,36,54,45,298,49,54,67,56,72,433,82,72,81,64,73,61,224,79,63,56,26,194,23,27,55,52,37,410,55,52,33,47,34,30,39,40,39,41,1076,42,55,53,44,53,68,62,76,79,90,97,88,91,91,87,1238,72,96,80,86,73,92,90,79,96,64,83,102,74,77,74,724,68,69,59,86,82,74,55,73,74,84,491,71,68,50,53,49,44,46,49,38,23,217,28,30,27,16,18,16,17,14,11,10,7,6,8,4,1,4
2021,"Merton 003","E02000691",7360,423,84,84,94,80,81,412,76,82,69,104,81,506,93,86,86,86,78,77,233,78,68,49,38,359,34,55,68,87,115,1521,138,144,159,148,154,133,175,149,168,153,1831,159,129,125,125,135,132,107,110,122,147,112,104,117,114,93,1243,91,100,104,106,94,95,84,59,79,100,75,70,46,73,67,468,52,46,42,51,53,43,46,45,49,41,234,35,28,33,19,17,19,27,15,18,23,130,18,12,13,19,9,14,12,5,8,8,2,3,0,3,3,1
2021,"Merton 004","E02000692",7656,386,76,81,69,71,89,388,80,81,74,76,77,414,63,64,74,77,60,76,194,63,53,49,29,253,35,34,42,80,62,1446,107,137,142,164,153,157,146,145,160,135,1861,128,127,112,129,147,129,146,128,115,125,126,103,106,118,122,1345,106,98,102,108,101,96,68,86,108,74,74,73,83,84,84,710,64,72,67,62,76,66,69,76,80,78,430,54,55,42,33,42,55,32,36,41,40,229,31,24,18,30,20,22,20,14,11,13,8,3,4,3,1,7
2021,"Merton 005","E02000693",9850,602,161,118,114,103,106,434,97,93,84,88,72,372,76,68,81,55,51,41,219,65,49,45,60,562,70,83,115,132,162,2883,230,236,273,299,315,310,333,321,297,269,2622,273,223,211,228,209,192,190,158,147,158,104,150,116,137,126,1308,116,113,113,118,97,92,100,84,75,68,79,92,57,51,53,476,60,59,43,41,52,50,48,46,47,30,246,29,28,33,17,17,24,25,26,26,21,126,11,21,13,23,19,7,7,5,5,5,2,4,1,0,2,1
2021,"Merton 006","E02000694",9102,723,153,163,147,124,136,553,134,111,114,100,94,483,106,78,88,72,80,59,210,60,73,45,32,435,51,58,88,108,130,2048,132,168,190,218,206,227,227,221,225,234,2564,208,220,206,195,216,207,182,157,145,150,139,152,133,117,137,1260,103,119,110,93,107,100,89,76,57,75,73,73,60,53,72,507,65,50,50,50,50,60,43,47,52,40,222,22,27,27,30,25,26,19,22,12,12,97,15,11,12,11,16,10,9,5,4,2,0,0,0,1,0,1
2021,"Merton 007","E02000695",8641,531,96,122,112,96,105,437,115,75,87,75,85,544,71,108,88,85,96,96,316,79,83,86,68,535,79,80,102,116,158,1617,157,169,128,189,178,152,152,146,167,179,2037,169,171,156,130,145,168,151,155,121,126,127,108,113,98,99,1514,110,119,101,109,106,104,112,109,100,97,91,93,92,75,96,584,68,48,73,65,64,53,68,50,48,47,396,57,47,44,37,39,41,37,39,26,29,130,25,21,10,11,11,11,10,6,13,7,2,2,0,1,0,0
2021,"Merton 008","E02000696",8631,526,98,123,111,97,97,489,110,97,95,84,103,540,84,97,80,97,96,86,329,84,92,76,77,534,58,103,107,124,142,1980,166,191,207,210,208,211,198,204,195,190,2146,177,152,159,182,169,178,163,126,142,135,126,125,108,94,110,1406,110,135,119,113,96,109,83,106,96,80,84,78,75,67,55,439,54,45,53,45,37,52,38,38,38,39,185,25,18,21,18,16,26,22,15,15,9,57,8,7,11,15,4,7,0,0,2,1,2,0,0,0,0,0
2021,"Merton 009","E02000697",8728,631,139,132,139,117,104,463,110,91,80,102,80,467,102,80,80,81,62,62,211,72,53,50,36,417,37,52,70,113,145,2069,177,213,179,222,231,208,233,200,201,205,2532,202,218,221,206,185,168,180,187,133,168,141,138,125,139,121,1194,101,96,109,105,82,82,102,87,96,73,60,53,49,53,46,454,45,43,60,44,43,40,44,46,52,37,208,28,23,29,20,11,22,23,13,22,17,82,8,17,6,13,4,9,6,9,4,1,1,1,0,1,0,2
2021,"Merton 010","E02000698",8237,452,87,75,78,102,110,566,121,102,106,119,118,752,133,124,105,160,106,124,353,118,101,84,50,268,35,36,74,57,66,850,71,78,79,79,96,86,90,89,92,90,1976,105,92,111,109,128,148,128,133,148,153,128,136,144,155,158,1568,150,118,137,112,120,124,101,108,100,82,84,85,76,86,85,788,86,100,71,75,68,75,69,100,66,78,468,62,72,55,51,37,46,35,35,36,39,196,37,37,16,20,13,15,9,8,9,6,9,4,3,1,3,6
2021,"Merton 011","E02000699",8215,589,124,104,108,120,133,616,121,114,135,125,121,564,115,87,100,90,87,85,228,68,83,37,40,311,39,44,70,78,80,1330,102,114,107,130,139,141,130,148,172,147,2288,142,161,181,184,172,172,169,174,161,138,141,141,131,118,103,1284,121,123,89,97,106,87,74,98,78,66,84,70,65,53,73,534,46,52,67,57,59,44,46,53,56,54,322,38,40,26,35,35,35,25,33,29,26,149,23,19,17,20,14,16,7,10,6,4,6,2,2,0,1,2
2021,"Merton 012","E02000700",8663,527,117,110,107,103,90,576,120,97,94,132,133,696,112,112,122,120,115,115,377,105,90,91,91,495,84,82,88,113,128,1594,130,164,128,187,153,179,166,175,166,146,2086,156,130,158,164,157,173,143,149,121,132,116,121,108,137,121,1532,136,113,136,107,118,114,85,97,108,86,103,81,84,81,83,487,72,60,45,49,45,51,47,50,31,37,236,34,27,23,30,23,18,32,16,17,16,57,9,6,8,10,6,7,5,1,0,4,1,0,0,0,0,0
2021,"Merton 013","E02000701",9006,526,119,96,105,111,95,555,112,102,106,120,115,711,123,127,121,109,107,124,436,143,117,106,70,486,86,99,82,106,113,1420,140,135,118,157,134,118,162,141,153,162,2212,150,153,147,159,141,156,171,152,144,166,128,139,135,153,118,1611,114,125,138,106,124,117,98,108,111,97,122,97,92,87,75,604,78,92,55,58,53,62,56,50,50,50,322,47,44,30,47,34,26,32,27,15,20,123,23,12,18,18,15,8,10,5,4,1,3,2,3,0,1,0
2021,"Merton 014","E02000702",9323,683,112,146,154,149,122,670,152,118,124,123,153,845,144,140,146,127,150,138,464,118,124,121,101,509,83,93,114,98,121,1431,112,123,121,128,150,140,148,163,179,167,2263,174,185,183,183,151,154,151,151,153,128,115,136,132,143,124,1551,126,121,119,143,120,99,108,87,88,105,100,85,86,82,82,534,78,67,60,54,51,66,32,39,55,32,272,26,28,35,36,27,29,25,23,28,15,101,13,13,22,10,3,11,4,5,5,4,4,2,1,0,2,2
2021,"Merton 015","E02000703",7971,411,66,84,69,111,81,509,91,91,114,105,108,662,111,126,104,119,103,99,302,96,86,70,50,374,52,49,76,96,101,900,95,69,80,90,87,92,99,103,99,86,1824,74,93,100,109,129,132,147,131,129,137,127,120,106,144,146,1522,125,115,119,127,112,99,102,118,108,89,90,75,71,87,85,792,81,84,82,78,66,90,73,76,89,73,491,56,62,61,43,50,51,47,50,35,36,184,29,30,14,26,16,18,16,14,8,4,6,0,0,3,0,0
2021,"Merton 016","E02000704",8589,604,114,141,108,111,130,483,90,115,86,107,85,484,87,85,78,87,75,72,253,78,65,65,45,388,44,68,62,96,118,1712,130,149,135,175,180,186,186,186,179,206,2323,179,187,202,176,204,166,144,167,149,134,149,137,113,105,111,1268,104,91,100,98,100,99,99,77,72,90,66,83,81,52,56,566,76,61,67,45,40,55,64,46,59,53,327,42,43,38,40,23,34,28,30,24,25,181,27,26,25,10,20,14,11,17,6,10,5,3,1,1,2,3
2021,"Merton 017","E02000705",9339,499,90,89,122,96,102,590,124,126,107,113,120,717,117,127,124,130,100,119,426,106,117,119,84,545,79,87,125,131,123,1415,129,158,123,140,120,134,173,152,134,152,2178,172,142,137,172,168,182,148,160,144,127,117,120,125,121,143,1697,132,118,130,131,130,117,115,128,121,103,109,93,95,82,93,707,99,86,87,78,67,52,67,60,54,57,414,60,44,45,44,43,37,42,37,40,22,151,22,14,15,21,12,18,14,6,6,8,1,3,4,4,1,2
2021,"Merton 018","E02000706",10033,716,155,136,153,136,136,745,143,141,139,159,163,921,155,159,158,156,149,144,480,154,133,106,87,604,104,101,134,138,127,1546,121,140,138,149,170,162,147,168,184,167,2429,171,163,191,168,166,177,157,191,167,163,161,148,135,149,122,1725,123,126,120,163,138,147,111,115,106,117,91,98,101,86,83,496,65,60,57,64,44,41,43,41,48,33,249,35,22,27,25,33,25,18,30,20,14,122,16,15,12,15,13,8,9,11,4,7,2,6,2,2,0,0
2021,"Merton 019","E02000707",8294,492,81,112,103,96,100,572,111,107,121,123,110,748,118,132,117,137,127,117,485,145,127,116,97,574,108,112,116,125,113,1194,125,133,118,99,124,123,120,100,115,137,1684,108,130,112,97,126,118,130,103,91,105,102,127,113,120,102,1677,95,116,108,125,133,134,108,143,107,123,102,98,111,86,88,515,64,64,56,49,38,63,62,38,43,38,252,23,35,36,21,20,23,21,23,26,24,101,15,14,16,9,11,7,6,8,2,2,6,0,0,2,0,3
2021,"Merton 020","E02000708",8889,557,135,98,107,110,107,590,121,108,106,114,141,666,115,112,113,116,110,100,366,101,95,100,70,417,71,71,90,94,91,1137,102,125,109,92,102,119,117,116,129,126,2282,162,164,134,159,156,156,157,168,153,165,149,127,141,148,143,1622,130,117,141,114,106,121,133,120,97,87,101,91,91,88,85,719,71,80,77,82,66,71,56,77,72,67,385,45,50,36,37,48,35,32,34,33,35,148,23,27,26,10,10,10,9,12,9,7,0,4,0,0,1,0
2021,"Merton 021","E02000709",7975,467,76,87,100,87,117,508,93,113,95,101,106,600,105,101,102,104,100,88,309,91,82,63,73,382,74,59,89,87,73,845,84,90,73,76,80,85,88,95,85,89,1870,105,125,126,129,128,123,159,127,148,138,113,123,98,125,103,1565,104,122,103,105,117,108,114,116,101,105,90,106,69,102,103,741,75,61,87,70,86,73,64,71,72,82,483,56,57,47,60,43,49,43,42,44,42,205,28,36,20,29,15,17,15,9,10,10,7,3,3,1,1,1
2021,"Merton 022","E02000710",9179,569,126,119,106,107,111,559,128,110,110,94,117,675,115,120,122,105,119,94,367,110,95,94,68,517,80,102,102,111,122,1404,132,121,124,138,158,141,155,149,131,155,2026,155,146,148,133,158,133,142,135,122,134,127,118,127,128,120,1657,124,127,120,133,116,145,114,111,96,108,95,105,105,71,87,711,76,82,81,54,56,72,67,71,82,70,476,51,66,45,51,37,37,55,48,41,45,218,25,39,29,18,21,19,16,14,12,6,7,3,4,2,1,2
2021,"Merton 023","E02000711",9445,605,116,129,129,114,117,595,127,111,124,112,121,718,131,118,101,138,117,113,381,111,114,88,68,540,95,105,94,114,132,1678,133,141,147,167,177,173,197,172,196,175,2378,180,183,192,171,168,168,181,177,144,154,137,140,124,139,120,1630,124,121,137,137,127,131,124,105,106,100,99,71,88,87,73,505,70,52,57,44,44,55,47,52,39,45,287,32,33,34,21,26,20,38,29,31,23,128,24,18,18,14,12,8,5,7,9,4,3,2,1,1,0,2
2021,"Merton 024","E02000712",9660,584,108,121,120,122,113,612,122,112,130,134,114,818,138,142,153,142,114,129,456,118,146,91,101,614,98,123,144,118,131,1289,117,117,116,154,119,140,121,128,123,154,2157,157,131,135,137,146,137,174,146,147,146,130,160,146,117,148,1882,149,141,150,151,158,149,131,133,116,107,137,111,94,79,76,672,85,83,52,69,62,68,60,57,77,59,398,59,43,39,43,29,30,43,36,36,40,178,34,17,22,17,15,20,15,10,9,9,2,0,3,4,1,0
2021,"Merton 025","E02000713",7803,468,84,92,107,102,83,438,98,89,81,89,81,599,85,101,99,100,110,104,353,102,93,84,74,408,70,74,95,80,89,959,79,83,83,106,95,98,107,96,102,110,1650,106,113,117,102,110,151,104,121,108,99,95,101,103,116,104,1592,116,118,115,104,129,116,108,118,125,106,96,96,90,74,81,726,79,62,77,65,71,78,84,59,74,77,433,56,56,47,41,38,47,38,40,34,36,177,26,23,23,23,15,14,13,11,8,4,4,5,3,2,0,3
2021,"Newham 001","E02000714",7710,564,132,110,125,106,91,495,95,103,95,97,105,585,99,81,102,109,109,85,363,104,91,85,83,551,84,86,110,124,147,1381,119,154,115,130,148,140,131,153,129,162,1948,147,170,151,128,179,134,123,139,117,132,117,110,106,102,93,1221,91,99,82,89,90,99,90,99,87,69,73,81,60,62,50,370,58,45,42,58,30,28,28,37,22,22,162,20,17,21,19,19,11,14,9,13,19,70,13,19,10,4,3,5,4,3,2,3,2,1,0,0,0,1
2021,"Newham 002","E02000715",7291,588,132,111,94,121,130,605,126,120,127,128,104,782,117,152,118,144,127,124,459,104,132,120,103,557,111,113,112,122,99,1050,94,115,100,73,90,103,102,102,135,136,1641,101,118,123,107,88,130,125,106,150,100,104,112,90,109,78,1051,124,86,70,75,74,70,82,75,62,46,54,73,60,37,63,315,64,39,33,25,35,31,15,22,26,25,160,18,27,11,24,13,18,12,17,9,11,83,14,11,13,19,5,5,1,4,3,3,1,0,2,0,1,1
2021,"Newham 003","E02000716",7353,545,131,98,95,107,114,533,114,104,95,106,114,686,119,117,117,113,105,115,413,113,100,87,113,448,80,93,94,83,98,1204,112,123,90,106,96,114,143,151,125,144,1840,148,153,160,131,136,133,152,124,104,104,113,114,96,92,80,1041,73,65,90,83,85,89,81,70,47,78,71,52,55,52,50,398,52,45,44,54,37,23,31,33,30,49,174,16,20,22,27,8,19,19,13,14,16,71,9,9,8,11,6,5,4,7,4,3,1,2,2,0,0,0
2021,"Newham 004","E02000717",8356,609,116,120,127,132,114,712,142,140,144,150,136,826,147,167,122,122,144,124,479,122,108,135,114,560,95,123,107,107,128,1397,126,134,117,134,131,120,143,151,149,192,2012,142,154,165,122,146,144,128,160,131,136,146,109,111,106,112,1112,104,86,89,95,77,79,60,78,67,81,58,76,47,67,48,390,44,51,46,55,37,39,32,22,38,26,176,20,13,23,17,18,22,18,12,17,16,83,15,10,10,9,6,3,7,4,11,4,1,0,2,0,1,0
2021,"Newham 005","E02000718",7408,551,107,101,100,117,126,652,127,137,122,134,132,788,125,124,134,135,138,132,501,129,134,132,106,571,110,114,120,112,115,1067,99,114,130,103,96,88,95,120,118,104,1720,114,142,114,131,119,121,128,127,93,122,93,120,116,98,82,1032,94,101,100,82,77,65,65,78,63,53,50,54,59,56,35,300,35,42,29,35,32,27,25,29,25,21,157,16,17,19,16,15,23,11,10,15,15,69,13,10,10,7,3,9,5,7,4,0,0,0,1,0,0,0
2021,"Newham 006","E02000719",8083,506,121,100,95,102,88,465,87,92,103,89,94,535,91,91,93,84,89,87,349,95,75,82,97,624,88,119,130,132,155,1667,163,151,153,152,152,188,197,177,161,173,2098,159,201,164,153,135,161,135,133,123,141,123,133,108,132,97,1229,101,89,92,131,86,75,90,70,83,87,65,78,66,64,52,364,46,56,44,41,30,36,23,21,32,35,186,22,20,26,17,25,16,13,17,19,11,60,11,6,6,6,8,5,4,3,3,0,2,2,1,1,0,2
2021,"Newham 007","E02000720",7486,557,116,132,94,99,116,507,110,92,93,92,120,577,87,86,99,103,103,99,393,106,110,84,93,519,72,74,131,89,153,1353,130,93,157,132,162,135,144,132,130,138,1706,131,167,129,122,147,142,96,134,99,96,91,91,85,92,84,1181,92,101,72,59,74,81,77,88,81,84,81,54,69,100,68,437,65,54,52,43,38,36,35,44,39,31,193,20,24,22,29,12,24,18,21,10,13,63,13,9,8,8,4,7,5,0,4,1,2,1,0,1,0,0
2021,"Newham 008","E02000721",9546,709,136,154,141,135,143,715,136,132,159,135,153,839,142,169,121,144,127,136,542,144,106,143,149,742,150,142,124,133,193,1681,150,152,148,149,183,193,176,164,183,183,2277,201,185,173,155,174,150,187,145,164,127,126,117,111,127,135,1304,134,90,102,107,103,107,75,85,74,90,79,74,72,58,54,448,61,54,48,54,39,38,39,40,32,43,201,24,21,14,28,19,26,14,22,22,11,88,14,14,9,12,5,8,6,0,2,15,1,1,0,0,0,1
2021,"Newham 009","E02000722",8137,452,98,92,90,80,92,424,90,89,79,89,77,514,100,81,79,89,84,81,320,85,84,71,80,696,90,107,159,153,187,1878,175,170,182,179,209,237,191,169,177,189,2019,180,183,160,172,106,140,128,132,151,110,115,113,120,111,98,1204,103,100,102,101,89,73,75,80,76,68,78,70,62,78,49,376,60,48,27,40,25,34,51,34,25,32,166,19,22,19,13,12,17,14,18,22,10,88,19,11,11,9,11,4,5,6,4,1,1,4,1,1,0,0
2021,"Newham 010","E02000723",11190,855,144,156,195,208,152,749,151,141,152,150,155,820,146,154,135,148,109,128,506,144,112,143,107,877,142,150,181,195,209,2096,211,216,209,225,174,205,222,195,223,216,2525,196,207,254,182,208,170,189,164,143,141,145,141,145,112,128,1701,132,125,126,109,149,126,103,112,105,96,102,111,102,93,110,617,106,75,68,66,96,61,36,40,38,31,310,34,38,23,35,29,34,29,34,22,32,134,16,35,20,10,25,2,7,5,6,2,2,1,1,0,0,2
2021,"Newham 011","E02000724",10029,813,177,232,117,151,136,777,142,143,177,151,164,933,141,149,160,172,134,177,534,116,134,146,138,843,175,116,173,198,181,1715,178,139,164,175,157,170,181,157,165,229,2199,164,192,158,165,149,146,150,140,151,133,147,109,129,132,134,1449,123,114,120,92,87,85,85,87,106,148,78,81,88,81,74,446,67,56,55,49,55,37,37,31,31,28,246,29,28,25,34,23,22,18,24,19,24,74,7,11,12,11,2,6,3,3,1,2,7,4,3,1,1,0
2021,"Newham 012","E02000725",9988,638,141,117,130,121,129,533,115,92,122,96,108,516,78,96,102,82,83,75,364,94,96,69,105,1086,181,216,189,232,268,2630,261,238,286,285,265,265,289,250,282,209,2201,203,237,178,157,147,153,156,166,127,138,116,100,120,103,100,1346,131,134,95,102,78,116,80,70,82,84,99,74,87,63,51,387,53,58,32,55,37,32,31,40,21,28,215,27,27,26,24,20,26,18,31,5,11,72,6,10,5,10,10,5,4,4,5,5,3,1,0,2,2,0
2021,"Newham 014","E02000727",8516,600,120,122,123,136,99,649,108,143,134,141,123,785,109,139,145,133,141,118,452,114,120,100,118,676,103,107,176,144,146,1475,163,139,153,156,124,184,132,127,151,146,2070,148,155,146,154,149,147,181,143,144,112,127,119,127,121,97,1171,104,95,112,90,75,71,69,92,88,62,78,67,45,65,58,416,52,70,55,49,35,33,42,39,18,23,158,17,17,17,16,18,15,18,15,7,18,64,10,9,12,7,7,1,4,5,2,2,5,0,0,0,0,0
2021,"Newham 015","E02000728",8531,553,96,108,110,130,109,606,105,136,123,128,114,707,120,137,110,120,105,115,437,103,121,119,94,599,94,93,110,165,137,1533,162,125,145,161,139,156,144,156,171,174,2120,144,161,136,166,132,168,132,155,130,108,151,146,145,125,121,1309,180,116,131,93,75,105,61,75,71,69,68,70,80,48,67,425,50,54,54,51,51,46,35,34,35,15,188,22,20,24,26,19,21,21,11,6,18,54,10,10,5,5,5,7,3,1,0,2,2,1,0,0,1,2
2021,"Newham 016","E02000729",7323,600,120,130,95,121,134,489,149,82,69,104,85,478,87,84,79,76,82,70,324,69,73,83,99,451,70,91,85,101,104,1417,104,160,116,162,122,146,127,142,215,123,1794,129,166,153,130,106,139,108,101,124,97,132,108,126,86,89,1026,98,84,78,88,64,58,57,88,77,57,40,47,59,57,74,488,55,39,79,71,38,44,47,24,70,21,191,23,21,24,18,16,15,18,12,19,25,65,9,12,6,8,8,4,4,6,2,1,2,2,0,0,0,1
2021,"Newham 017","E02000730",9938,882,190,156,260,105,171,627,137,99,140,132,119,700,122,117,119,112,119,111,400,113,103,84,100,769,97,152,174,175,171,1940,173,144,150,181,184,169,212,216,262,249,2455,242,217,189,198,146,142,262,210,129,159,115,115,132,98,101,1253,88,100,93,87,82,67,70,73,96,82,65,124,75,83,68,538,67,54,64,63,54,52,45,56,49,34,273,34,30,22,27,37,24,23,35,24,17,101,18,20,10,7,10,10,10,8,3,0,1,2,1,0,0,1
2021,"Newham 018","E02000731",9951,684,119,154,135,148,128,763,147,144,163,149,160,871,165,189,138,115,127,137,560,135,159,136,130,736,132,123,141,164,176,1648,151,159,162,152,171,160,138,204,174,177,2442,211,161,191,169,167,163,192,202,151,159,154,129,129,128,136,1378,120,142,100,109,109,103,103,74,70,78,78,75,90,59,68,530,58,61,69,57,50,62,52,42,38,41,250,26,30,32,25,18,28,23,20,27,21,89,23,9,10,14,9,7,5,4,2,1,2,1,0,2,0,0
2021,"Newham 019","E02000732",8904,673,124,144,103,173,129,653,168,110,118,138,119,757,132,138,101,134,126,126,628,146,134,181,167,723,115,142,157,173,136,1567,142,133,171,145,164,157,161,183,161,150,2047,149,128,183,157,133,137,131,136,105,125,140,114,167,120,122,1233,131,135,107,84,80,76,80,81,79,67,71,72,58,61,51,348,51,45,29,45,38,28,36,33,24,19,225,27,28,27,27,18,15,21,16,23,23,50,8,3,4,6,8,6,7,2,3,0,2,0,0,0,0,1
2021,"Newham 020","E02000733",10103,605,130,138,97,111,129,549,121,86,115,97,130,746,109,112,132,131,122,140,522,133,122,163,104,881,131,145,180,225,200,2120,208,262,187,234,224,193,212,222,197,181,2252,172,185,151,182,152,196,149,151,135,150,146,123,116,112,132,1614,122,131,118,101,134,110,145,124,95,117,123,84,71,74,65,515,64,62,46,64,49,47,46,45,48,44,230,30,31,23,34,22,14,13,28,24,11,69,13,8,5,13,4,5,5,6,0,2,1,3,1,2,0,1
2021,"Newham 021","E02000734",7299,428,79,99,99,68,83,440,88,77,75,75,125,545,93,104,90,100,76,82,380,119,89,86,86,547,86,107,110,124,120,1420,144,123,133,137,111,198,152,122,149,151,1681,136,137,114,91,132,146,120,111,108,93,101,110,84,89,109,1272,96,106,139,77,125,104,64,103,89,63,77,67,58,52,52,343,47,34,37,37,33,26,30,38,31,30,181,26,14,18,10,17,24,18,23,19,12,62,8,8,6,14,1,8,4,5,3,2,1,2,0,0,0,0
2021,"Newham 022","E02000735",8615,576,96,131,124,120,105,624,127,116,117,142,122,739,110,133,124,125,135,112,443,109,121,124,89,653,111,117,121,158,146,1594,143,165,151,142,145,186,194,146,161,161,1993,177,153,159,145,126,124,141,129,101,159,101,129,137,103,109,1230,124,95,110,139,87,79,73,81,76,60,68,62,63,58,55,433,49,47,41,48,44,38,32,50,44,40,240,29,24,26,32,26,22,21,21,19,20,90,17,15,13,8,8,7,6,6,3,1,2,2,0,0,1,1
2021,"Newham 023","E02000736",9201,644,121,115,110,151,147,780,160,136,163,145,176,982,163,144,149,203,145,178,562,160,148,153,101,676,116,121,145,146,148,1330,125,132,143,119,134,114,148,144,139,132,2206,133,157,142,161,168,160,156,146,108,149,158,155,157,117,139,1407,126,117,129,114,103,118,98,90,104,62,72,78,85,46,65,366,49,54,35,29,36,39,26,38,28,32,182,25,24,25,15,21,14,14,16,14,14,66,16,12,4,5,6,5,4,2,5,3,1,2,0,1,0,0
2021,"Newham 024","E02000737",10383,673,158,119,123,142,131,832,134,172,184,178,164,1043,184,169,170,171,183,166,619,161,169,153,136,795,145,147,152,190,161,1435,170,144,125,184,108,138,120,128,167,151,2444,151,136,157,162,150,190,170,199,190,157,155,192,161,137,137,1703,176,189,140,125,141,117,107,104,113,94,94,81,91,73,58,559,72,61,55,104,56,53,32,51,39,36,211,30,16,23,23,23,23,20,20,21,12,69,17,10,7,5,7,6,3,3,3,4,1,1,0,1,0,1
2021,"Newham 025","E02000738",9579,728,135,141,148,142,162,730,145,123,168,145,149,895,139,148,150,146,167,145,520,151,126,148,95,639,116,106,137,143,137,1628,171,147,150,134,178,143,159,193,178,175,2357,178,181,149,183,180,183,241,135,142,133,142,133,129,131,117,1435,116,190,114,144,100,115,112,87,75,77,61,71,57,50,66,392,48,52,54,34,52,38,36,27,26,25,189,29,19,17,23,17,19,19,13,17,16,66,9,12,8,8,4,9,7,2,2,2,2,0,1,0,0,0
2021,"Newham 026","E02000739",7724,524,122,95,122,100,85,485,81,102,125,86,91,612,102,113,99,109,94,95,440,139,99,121,81,609,101,119,132,117,140,1520,170,132,158,179,122,182,153,144,152,128,1773,129,116,118,122,115,134,112,104,133,108,135,118,105,99,125,1188,97,107,83,85,85,90,85,109,78,69,66,69,60,48,57,374,44,41,42,37,39,42,40,28,30,31,151,20,12,19,20,16,20,15,16,6,7,48,7,9,9,8,3,1,2,3,3,1,2,0,0,0,0,0
2021,"Newham 027","E02000740",6773,402,81,84,86,85,66,432,88,88,93,85,78,457,67,84,84,70,70,82,325,78,83,84,80,575,101,123,97,122,132,1329,137,103,138,142,141,135,136,140,128,129,1617,125,128,97,124,105,113,100,120,127,99,97,86,98,103,95,1124,97,120,86,86,79,93,61,75,74,64,73,54,55,55,52,328,48,43,46,22,26,43,29,22,25,24,137,23,12,15,9,11,19,12,17,6,13,47,5,11,7,7,5,2,1,3,3,1,0,0,0,1,0,1
2021,"Newham 028","E02000741",8242,515,99,115,111,103,87,629,110,127,109,136,147,807,137,135,145,150,122,118,422,124,98,107,93,540,98,85,107,117,133,1329,137,127,118,136,115,117,135,168,142,134,2000,140,118,157,139,155,140,134,131,126,148,132,116,151,112,101,1348,117,116,118,95,108,83,104,93,86,77,115,61,54,57,64,422,68,56,42,43,43,40,43,28,32,27,182,20,21,14,20,23,24,23,14,13,10,48,5,7,4,6,3,3,4,4,4,1,3,0,3,0,0,1
2021,"Newham 029","E02000742",8705,622,103,114,134,152,119,684,151,120,133,157,123,946,153,171,171,157,150,144,513,142,143,122,106,635,93,115,142,141,144,1253,134,132,120,129,109,111,130,114,149,125,2132,174,155,140,142,155,148,133,128,142,135,143,149,132,126,130,1317,140,143,119,113,103,87,79,94,71,69,68,58,70,58,45,330,35,60,35,37,36,25,24,32,20,26,181,23,19,19,23,24,17,19,12,11,14,92,11,14,13,15,6,7,7,6,1,1,2,3,3,2,0,1
2021,"Newham 030","E02000743",10279,566,87,110,148,109,112,651,124,128,120,124,155,835,135,142,153,122,159,124,601,149,134,208,110,923,182,159,143,232,207,2230,255,238,217,247,215,221,244,198,202,193,2200,205,192,146,156,168,166,143,131,147,115,135,142,117,128,109,1574,111,189,140,120,118,112,100,112,84,92,100,82,69,62,83,410,58,57,43,53,31,36,37,27,37,31,208,18,22,37,22,15,22,20,19,20,13,81,11,8,9,8,12,7,5,4,5,4,3,2,1,1,0,1
2021,"Newham 031","E02000744",9181,678,115,136,133,145,149,654,132,130,118,161,113,765,139,146,123,134,109,114,433,120,108,97,108,644,133,96,117,153,145,1764,142,134,163,186,188,211,178,189,192,181,2220,220,158,179,159,152,186,142,143,108,148,155,132,106,111,121,1368,114,123,116,130,91,104,92,93,97,74,69,81,52,56,76,399,47,39,38,60,50,36,34,36,31,28,198,33,26,12,20,17,20,12,21,17,20,58,7,9,7,7,4,15,3,1,2,0,3,0,0,0,0,0
2021,"Newham 032","E02000745",8594,525,101,111,106,90,117,540,117,109,100,116,98,731,113,126,96,148,152,96,436,124,129,98,85,622,88,98,157,153,126,1568,159,143,144,132,143,161,169,167,158,192,2013,159,167,131,161,147,150,178,135,117,102,144,123,98,110,91,1497,173,112,112,118,107,133,93,100,97,87,77,78,77,67,66,461,71,57,68,51,45,41,38,31,32,27,156,18,18,18,20,18,16,17,14,10,7,45,9,5,9,3,6,4,1,4,3,0,1,0,0,0,0,0
2021,"Newham 033","E02000746",9426,636,134,126,149,114,113,531,94,112,101,109,115,627,92,133,104,113,100,85,495,110,101,113,171,964,202,189,236,153,184,2137,223,203,201,190,204,237,223,215,241,200,2207,219,176,173,166,170,194,156,163,115,103,115,144,92,113,108,1223,108,129,91,82,99,72,98,69,86,66,80,61,68,52,62,383,53,53,39,42,43,33,32,27,35,26,149,19,11,14,14,5,21,26,11,17,11,74,6,12,6,4,2,10,15,10,7,0,0,1,0,0,0,1
2021,"Newham 034","E02000747",13099,696,144,149,141,138,124,688,115,148,135,128,162,734,113,145,108,122,114,132,474,127,120,106,121,1041,131,190,176,253,291,4064,368,384,392,552,442,431,384,416,370,325,3041,313,299,341,263,252,227,228,179,137,144,126,154,142,102,134,1611,139,143,114,133,107,117,110,129,98,82,134,89,71,87,58,440,59,45,44,48,51,37,39,37,38,42,251,32,43,34,29,32,16,21,17,16,11,59,11,10,8,4,3,3,7,5,2,1,2,0,1,1,1,0
2021,"Newham 035","E02000748",6277,366,59,65,72,80,90,443,82,91,82,91,97,505,79,99,91,93,71,72,309,72,68,76,93,446,95,93,86,88,84,1061,95,98,114,115,86,108,102,108,121,114,1674,124,146,115,108,91,130,116,114,114,118,110,118,101,87,82,965,69,70,68,93,65,79,73,73,52,55,78,47,53,47,43,329,43,43,41,34,38,23,34,21,28,24,134,18,24,15,12,16,9,8,9,13,10,45,13,9,5,7,3,2,2,0,2,0,0,0,0,0,2,0
2021,"Newham 036","E02000749",9547,586,104,118,126,107,131,619,109,118,134,124,134,808,146,116,140,121,156,129,529,135,131,128,135,788,122,142,186,165,173,1735,159,176,170,161,163,177,160,183,214,172,2131,188,186,156,163,140,149,162,150,114,129,137,132,99,112,114,1589,137,152,134,110,106,118,153,135,102,94,76,77,68,63,64,473,89,57,44,42,44,36,33,30,50,48,203,24,15,25,24,21,20,19,19,20,16,86,22,3,9,14,8,9,7,4,3,3,2,0,1,0,1,0
2021,"Newham 038","E02006995",8643,440,105,85,84,81,85,444,91,88,89,96,80,463,70,94,75,78,80,66,382,73,58,102,149,1168,107,138,241,341,341,3460,414,474,403,393,373,316,310,281,273,223,1731,191,191,203,157,147,112,129,80,96,82,71,82,82,61,47,453,67,45,53,36,33,26,32,19,23,19,32,22,13,16,17,82,13,11,5,13,3,17,6,7,3,4,15,2,4,0,1,3,1,1,1,1,1,5,3,1,0,1,0,0,0,0,0,0,0,0,0,0,0,0
2021,"Newham 039","E02006996",8426,468,96,119,65,94,94,369,91,65,71,59,83,395,74,71,56,63,63,68,488,79,65,117,227,1043,150,136,193,260,304,2784,338,359,317,306,266,292,279,205,230,192,1725,216,175,180,163,158,95,114,94,89,84,66,84,68,67,72,765,68,78,60,56,57,57,38,49,55,40,59,44,36,37,31,231,34,37,25,24,26,18,22,10,21,14,132,16,8,13,18,12,14,16,9,12,14,26,4,4,8,5,0,1,1,0,0,1,0,0,1,1,0,0
2021,"Newham 040","E02006997",6881,346,87,75,73,75,36,253,55,53,61,41,43,282,46,50,56,50,42,38,231,49,59,57,66,686,85,92,147,159,203,2579,249,264,352,291,289,251,266,232,217,168,1653,188,177,143,139,187,115,107,105,70,101,76,62,65,50,68,654,67,79,67,51,45,46,50,40,44,33,30,27,23,32,20,132,16,13,15,9,15,14,11,3,14,22,54,7,6,4,8,11,2,5,4,6,1,11,2,0,3,1,0,1,0,0,0,0,0,1,2,0,1,0
2021,"Newham 041","E02006998",7085,534,107,103,116,109,99,491,106,110,95,103,77,585,103,105,89,104,91,93,336,84,88,79,85,498,76,81,88,119,134,1512,142,150,150,134,143,162,154,156,155,166,1724,165,126,140,147,122,110,126,137,110,82,101,79,91,89,99,1013,74,120,96,75,76,83,71,54,65,55,58,50,50,41,45,238,28,33,35,22,27,23,14,18,22,16,122,12,16,19,15,10,11,12,7,10,10,32,6,6,2,1,7,5,0,0,0,3,1,0,1,0,0,0
2021,"Newham 042","E02006999",11242,899,207,194,169,185,144,507,128,117,91,88,83,486,94,82,82,87,69,72,286,70,74,66,76,893,99,122,156,221,295,4195,329,396,371,418,482,457,516,447,379,400,2813,341,301,291,274,269,190,165,169,150,136,129,108,99,102,89,937,103,65,93,113,61,70,83,77,58,45,45,34,34,33,23,160,31,19,10,26,22,13,13,11,5,10,49,10,5,9,4,3,3,7,4,4,0,17,3,5,2,2,1,1,3,0,0,0,0,0,0,0,0,0
2021,"Redbridge 001","E02000751",11153,557,95,98,117,123,124,647,143,108,122,132,142,815,102,138,149,172,120,134,430,132,136,96,66,514,60,91,124,126,113,1142,107,113,109,131,88,110,122,114,120,128,2328,136,153,124,181,146,177,180,141,155,146,140,173,160,160,156,2298,181,154,154,147,165,165,192,156,157,137,151,149,144,121,125,1236,121,134,111,133,101,106,109,135,160,126,819,105,96,82,107,79,69,66,76,81,58,367,50,46,35,45,56,22,28,19,17,13,14,6,8,2,2,4
2021,"Redbridge 002","E02000752",8781,647,121,123,148,131,124,627,121,124,130,123,129,721,132,104,141,124,116,104,391,84,106,91,110,453,83,89,99,98,84,1426,109,137,118,132,135,164,161,160,149,161,2169,146,169,162,167,150,189,188,136,138,114,120,126,138,126,100,1394,110,115,102,120,108,94,113,111,81,82,87,75,66,78,52,525,68,59,48,51,38,47,45,50,62,57,299,51,36,35,43,24,31,17,19,22,21,129,26,16,18,8,15,8,10,7,3,4,3,4,4,0,1,2
2021,"Redbridge 003","E02000753",6917,544,86,137,89,90,142,447,84,87,91,85,100,547,81,89,97,109,95,76,319,90,74,82,73,407,72,84,79,77,95,1037,116,91,91,104,98,98,112,108,106,113,1599,133,129,114,101,114,139,115,112,98,89,94,76,85,98,102,1152,95,100,97,90,80,75,85,76,78,82,73,65,44,52,60,454,57,44,52,57,29,47,38,50,45,35,281,30,36,32,36,26,20,25,25,24,27,130,19,11,15,10,18,13,14,6,5,6,4,3,4,1,0,1
2021,"Redbridge 004","E02000754",6775,427,79,86,96,82,84,414,76,77,73,96,92,470,82,60,94,86,72,76,294,71,93,59,71,328,51,57,74,71,75,929,82,79,78,86,101,97,91,110,98,107,1683,130,100,124,137,134,117,122,138,118,96,92,106,92,93,84,1290,82,93,94,98,94,103,87,101,89,82,67,80,82,76,62,558,50,54,56,54,59,57,52,73,53,50,266,21,41,25,27,33,33,27,28,18,13,116,22,22,12,14,8,7,5,9,3,1,5,0,3,3,0,2
2021,"Redbridge 005","E02000755",5483,326,67,63,65,63,68,332,64,84,63,65,56,415,72,77,75,60,75,56,237,68,68,58,43,266,32,54,67,56,57,780,65,54,83,61,85,64,96,106,83,83,1249,73,78,83,98,93,82,97,86,84,75,80,59,99,80,82,1073,79,69,75,86,71,79,82,69,61,59,90,87,71,51,44,424,46,39,49,43,37,35,38,33,49,55,286,42,44,34,24,32,28,21,23,26,12,95,17,18,16,10,7,11,7,5,3,1,0,0,0,0,0,0
2021,"Redbridge 006","E02000756",14598,968,184,201,210,177,196,985,202,192,190,203,198,1135,181,208,169,215,208,154,644,173,196,152,123,869,165,154,170,176,204,2236,203,197,220,209,221,235,220,242,236,253,3373,257,220,235,261,221,267,240,230,222,229,204,190,205,215,177,2536,223,178,191,197,178,197,188,165,147,167,163,141,127,140,134,1008,119,97,103,105,91,108,94,92,103,96,623,86,93,68,61,86,44,61,49,41,34,221,35,33,25,26,23,16,15,12,11,12,7,2,0,2,2,0
2021,"Redbridge 007","E02000757",12397,835,158,195,143,169,170,746,143,168,142,149,144,796,145,153,122,144,110,122,436,114,157,82,83,552,68,83,87,120,194,2026,157,199,200,175,195,192,188,233,271,216,3152,224,247,237,262,216,253,232,191,205,192,186,194,177,178,158,2164,178,159,162,155,156,147,137,139,151,131,145,133,129,126,116,928,88,104,110,73,94,84,95,85,97,98,513,69,63,77,53,34,40,39,42,50,46,249,31,28,38,30,24,21,20,17,11,9,6,6,3,1,1,3
2021,"Redbridge 008","E02000758",6898,378,72,81,75,60,90,469,97,89,94,94,95,586,90,103,106,97,88,102,378,104,102,91,81,442,81,75,97,98,91,830,89,88,80,73,80,87,73,76,80,104,1473,86,106,114,99,97,106,103,96,103,97,112,90,90,101,73,1323,83,108,96,92,79,106,96,74,85,100,93,73,80,74,84,537,70,63,58,44,47,56,50,37,57,55,331,42,30,37,36,26,29,27,34,31,39,151,17,16,19,18,10,17,12,8,11,7,4,4,3,2,0,3
2021,"Redbridge 009","E02000759",13087,891,178,179,167,195,172,937,225,191,175,169,177,1009,189,164,163,180,168,145,585,163,162,142,118,676,134,129,108,141,164,1892,158,163,154,156,185,188,210,220,231,227,3302,232,277,269,235,216,240,229,231,201,194,201,182,181,190,224,2297,182,193,166,160,163,195,176,167,152,152,128,139,106,110,108,841,89,111,79,87,92,82,80,72,80,69,501,59,81,49,62,26,42,42,56,42,42,156,28,19,17,18,20,14,7,4,10,3,3,4,2,2,2,3
2021,"Redbridge 010","E02000760",7539,453,86,84,105,85,93,532,99,103,114,108,108,631,101,116,103,106,108,97,385,115,107,94,69,446,97,69,91,82,107,1045,98,92,99,105,109,108,108,85,114,127,1686,111,128,115,136,106,137,136,102,116,105,92,94,123,110,75,1304,99,118,98,89,119,103,71,93,84,73,72,67,75,71,72,549,59,49,67,55,56,45,49,55,64,50,342,36,45,31,36,28,52,30,27,27,30,166,26,10,27,21,15,13,12,10,8,6,7,1,3,2,3,2
2021,"Redbridge 012","E02000762",6627,333,65,58,76,65,69,391,75,70,75,80,91,493,81,76,84,77,88,87,315,86,92,71,66,436,71,91,74,100,100,916,92,94,85,83,101,90,98,87,105,81,1360,105,99,84,88,101,90,93,92,105,99,75,74,89,88,78,1281,90,85,86,82,77,80,93,97,77,82,95,99,85,84,69,580,60,57,46,69,59,53,68,63,47,58,342,31,42,39,33,42,37,30,28,25,35,180,25,21,27,24,17,10,14,8,8,6,5,5,2,0,5,3
2021,"Redbridge 013","E02000763",8015,514,88,95,102,129,100,515,106,105,95,106,103,651,130,113,88,102,120,98,396,110,110,82,94,521,77,93,124,111,116,1278,177,103,124,113,131,132,120,136,110,132,1772,117,125,143,145,117,146,119,94,135,123,109,105,106,79,109,1380,100,97,123,111,104,99,164,88,85,71,67,66,66,69,70,569,130,60,38,48,68,59,38,38,48,42,308,48,44,41,36,23,17,28,24,31,16,111,14,22,19,9,12,10,10,6,5,2,0,1,1,0,0,0
2021,"Redbridge 014","E02000764",12302,716,142,149,149,153,123,656,138,148,124,115,131,684,132,108,115,112,118,99,345,102,95,98,50,499,54,63,106,140,136,1851,126,156,150,195,182,184,202,226,210,220,3081,234,259,238,224,212,269,236,204,188,189,176,172,178,143,159,2287,163,149,193,170,145,132,146,133,142,153,147,131,124,228,131,1076,104,130,104,80,99,99,98,96,107,159,723,79,91,104,81,62,69,70,61,53,53,384,57,51,51,34,27,29,34,22,17,14,14,12,7,4,3,8
2021,"Redbridge 015","E02000765",7531,531,89,146,78,109,109,550,105,117,95,145,88,603,119,85,98,93,119,89,324,90,85,92,57,484,74,62,122,95,131,1260,113,99,112,109,117,192,120,113,117,168,1742,156,122,162,139,123,125,108,117,120,109,95,99,85,103,79,1180,95,83,85,76,75,74,122,61,79,77,63,79,76,68,67,456,46,63,52,51,43,46,32,37,36,50,252,23,27,32,28,20,25,30,32,24,11,149,18,16,24,17,21,13,13,8,5,6,2,3,3,0,0,0
2021,"Redbridge 017","E02000767",8620,548,139,92,94,107,116,666,120,120,157,134,135,738,132,140,121,130,122,93,377,102,112,90,73,479,81,102,90,105,101,1272,100,110,110,123,120,117,129,161,149,153,2161,141,173,156,162,153,220,148,136,131,143,132,143,100,124,99,1260,91,89,102,108,95,76,96,80,75,75,84,91,59,68,71,601,58,69,63,58,95,59,56,51,58,34,336,37,35,48,46,33,34,22,30,29,22,182,15,40,15,17,21,16,17,8,6,8,6,4,5,2,0,2
2021,"Redbridge 018","E02000768",5788,349,68,67,71,73,70,365,65,67,78,75,80,458,65,87,73,83,84,66,208,58,69,49,32,246,30,38,53,60,65,707,75,57,68,77,75,73,63,79,70,70,1316,72,101,79,85,86,91,96,94,85,86,77,95,107,84,78,1112,86,75,80,78,73,88,88,77,83,68,72,70,65,52,57,561,46,49,32,53,57,53,57,56,63,95,318,48,38,28,35,27,29,30,30,31,22,148,22,30,20,19,10,11,10,10,4,2,4,3,2,1,0,0
2021,"Redbridge 020","E02000770",8137,476,99,99,101,88,89,549,117,100,105,102,125,694,134,108,124,107,110,111,450,110,118,113,109,611,107,122,121,116,145,1228,130,116,124,140,107,106,124,117,139,125,1816,117,121,118,127,138,140,104,126,133,127,101,112,126,100,126,1323,116,109,89,102,88,92,84,95,80,91,87,72,75,72,71,598,82,60,65,48,79,73,59,54,29,49,280,38,33,41,24,24,19,21,26,28,26,112,12,13,27,16,11,5,4,7,4,5,2,1,3,1,0,1
2021,"Redbridge 022","E02000772",8381,533,100,106,96,116,115,666,119,148,119,139,141,781,132,150,123,120,117,139,502,115,133,149,105,504,89,92,100,116,107,1281,113,122,118,135,131,131,140,132,135,124,2062,158,150,134,123,135,156,141,139,159,125,153,141,136,105,107,1221,106,94,109,82,95,85,93,82,78,84,62,68,68,58,57,491,66,57,53,68,54,39,42,38,36,38,241,31,28,27,17,27,15,30,24,21,21,99,12,14,12,7,9,13,8,8,2,6,1,0,3,1,0,3
2021,"Redbridge 023","E02000773",10742,801,149,169,195,137,151,807,191,169,146,134,167,930,171,160,155,142,148,154,719,154,159,183,223,835,129,188,175,159,184,1566,140,142,130,201,144,145,148,186,164,166,2390,139,189,191,142,156,148,189,147,148,153,186,156,125,165,156,1731,173,123,130,157,138,106,135,101,109,105,93,110,73,106,72,523,67,51,86,46,47,52,59,40,39,36,295,32,38,40,30,24,28,33,26,24,20,145,37,23,22,20,11,6,5,3,7,4,1,2,0,3,0,1
2021,"Redbridge 024","E02000774",8116,659,123,127,162,138,109,599,106,123,114,109,147,694,116,114,118,117,110,119,413,115,107,104,87,537,92,98,100,127,120,1346,138,117,134,98,126,123,185,142,157,126,1912,151,183,142,152,177,110,110,110,156,115,140,104,85,114,63,1129,93,90,92,83,81,85,61,80,62,67,61,65,68,55,86,477,71,48,52,52,47,47,41,36,48,35,267,29,28,25,25,35,21,45,21,23,15,83,12,13,12,6,7,9,9,2,3,5,2,1,1,1,0,0
2021,"Redbridge 026","E02000776",7033,502,86,90,107,105,114,555,110,125,104,101,115,615,113,114,97,103,86,102,350,107,109,70,64,428,62,96,70,89,111,1074,108,86,112,105,100,105,115,107,121,115,1669,105,126,95,129,128,142,117,132,105,118,90,89,103,107,83,1118,71,87,86,79,104,58,95,67,92,54,63,60,64,73,65,428,61,39,49,55,40,40,36,39,38,31,217,32,19,21,24,25,19,32,8,23,14,77,17,18,8,6,10,9,2,2,2,2,0,0,0,0,0,1
2021,"Redbridge 027","E02000777",6008,431,78,88,74,96,95,402,90,83,79,90,60,400,68,82,64,68,57,61,232,54,81,47,50,265,45,46,60,55,59,721,56,51,67,72,61,74,70,105,77,88,1359,75,96,105,100,94,96,97,96,84,107,73,85,74,77,100,1188,84,92,81,70,100,76,76,70,70,87,86,80,70,75,71,596,72,68,55,54,71,58,62,68,40,48,316,41,38,42,39,19,21,32,34,23,27,98,16,14,9,9,10,6,9,8,8,2,4,1,1,0,1,0
2021,"Redbridge 029","E02000779",8417,774,152,160,151,160,151,625,145,113,127,123,117,604,108,109,98,103,91,95,367,112,77,85,93,553,78,97,107,133,138,1552,133,117,120,159,166,145,189,189,156,178,2046,162,171,169,154,176,141,146,126,143,122,102,118,109,118,89,1131,89,95,87,97,76,67,82,85,76,61,70,66,62,50,68,432,47,63,56,46,48,46,31,37,32,26,218,42,28,24,12,12,25,34,15,13,13,115,17,12,17,18,15,11,6,2,2,4,3,4,1,2,1,0
2021,"Redbridge 031","E02000781",16283,1168,189,192,267,232,288,1172,217,259,243,239,214,1611,281,218,339,243,301,229,1105,274,282,293,256,1132,245,224,223,221,219,2265,222,215,197,229,209,277,222,235,242,217,3571,232,244,254,281,236,222,213,241,213,220,281,251,284,200,199,2489,269,200,179,170,168,147,172,179,155,153,128,155,139,136,139,954,119,113,107,86,95,89,94,76,89,86,564,66,61,75,62,58,58,67,57,35,25,252,41,26,26,11,18,41,23,16,18,5,10,4,4,5,0,4
2021,"Redbridge 032","E02000782",11499,975,229,176,200,188,182,983,222,225,177,173,186,1060,203,172,152,209,164,160,639,197,162,136,144,784,124,166,151,153,190,2089,159,174,159,189,195,221,221,249,228,294,2709,200,221,205,204,177,200,209,170,171,187,189,175,127,152,122,1493,115,142,137,132,124,111,92,86,81,102,92,57,69,92,61,439,65,64,49,36,43,43,55,32,24,28,219,21,23,18,20,21,30,25,23,23,15,109,16,16,11,11,9,7,7,7,2,2,4,5,2,3,1,6
2021,"Redbridge 033","E02000783",7395,571,94,145,117,120,95,625,125,102,148,134,116,755,113,163,100,114,150,115,482,119,114,96,153,595,95,115,86,166,133,1046,91,110,101,90,84,108,136,102,116,108,1761,113,110,127,122,160,107,107,114,169,111,108,84,138,100,91,1032,79,103,88,82,64,73,92,62,66,61,62,46,53,57,44,313,46,26,39,35,36,32,21,26,31,21,151,21,16,16,11,11,17,17,11,20,11,64,14,11,9,7,6,2,0,3,2,3,2,1,2,1,1,0
2021,"Redbridge 034","E02006800",14676,1139,251,220,225,221,222,1069,240,207,193,215,214,1196,207,206,204,206,189,184,751,222,188,189,152,1019,203,181,184,196,255,2454,227,259,209,216,265,237,239,270,290,242,3469,305,310,256,220,298,255,235,217,225,205,207,178,196,188,174,2158,208,164,161,166,131,162,151,155,138,115,116,124,116,121,130,891,123,127,100,106,74,74,72,69,82,64,411,47,66,48,34,49,25,49,42,24,27,119,12,30,19,15,5,8,7,7,3,6,0,0,2,3,0,2
2021,"Redbridge 035","E02006924",13602,786,156,151,164,160,155,849,153,160,170,174,192,1041,151,176,192,184,157,181,730,174,234,162,160,851,135,153,167,188,208,2218,208,193,219,219,227,252,207,217,237,239,3063,219,238,237,204,202,221,245,188,186,204,188,199,181,172,179,2181,174,173,169,182,143,144,125,143,134,133,136,136,120,121,148,1042,115,162,105,116,84,111,90,88,84,87,561,77,68,42,68,52,43,69,55,43,44,280,35,49,37,31,25,17,17,8,14,10,8,14,7,6,0,2
2021,"Redbridge 036","E02006925",14421,682,123,142,126,146,145,806,155,134,157,187,173,1213,176,193,211,194,215,224,907,218,278,203,208,1062,209,214,208,232,199,1918,210,208,200,203,190,215,164,178,172,178,3002,165,190,158,168,200,228,203,226,202,291,196,192,196,184,203,2666,221,185,249,193,173,183,151,183,170,152,165,176,159,154,152,1202,143,136,136,122,115,108,120,100,108,114,685,94,95,70,68,62,63,73,62,47,51,278,48,45,37,33,23,33,13,13,9,4,5,5,4,4,1,1
2021,"Redbridge 037","E02007017",8819,583,94,115,124,125,125,721,134,135,159,149,144,884,134,153,168,137,157,135,512,156,139,115,102,568,109,103,120,134,102,1069,101,107,107,110,90,100,114,101,114,125,2073,142,158,149,140,166,145,159,137,128,132,126,118,142,121,110,1416,103,116,101,105,101,100,115,88,119,75,84,90,76,58,85,509,46,57,55,69,60,44,44,38,44,52,279,27,33,28,24,23,25,33,28,26,32,205,37,23,30,29,13,10,16,7,11,12,3,3,5,3,0,3
2021,"Redbridge 038","E02007018",7274,624,132,117,128,111,136,620,136,93,129,140,122,651,131,119,107,108,118,68,360,104,85,94,77,457,80,60,93,114,110,1081,87,91,98,96,118,129,126,101,121,114,1814,136,163,117,161,149,129,128,121,122,108,119,83,92,92,94,1093,82,68,98,96,68,88,102,68,66,78,62,58,55,49,55,318,40,39,56,40,36,21,19,24,18,25,159,19,18,20,22,18,18,14,14,5,11,97,14,7,12,7,15,10,7,8,2,7,5,1,1,1,0,0
2021,"Redbridge 039","E02007019",7160,680,125,139,133,139,144,634,127,130,121,133,123,559,108,99,100,81,97,74,312,81,74,74,83,439,76,79,77,99,108,1436,107,100,107,136,150,133,150,189,194,170,1890,151,184,159,159,145,137,156,138,144,114,98,89,88,65,63,784,71,79,70,91,55,48,48,41,50,34,40,42,34,52,29,216,35,19,21,18,24,15,16,17,23,28,162,14,13,12,11,9,12,18,16,28,29,48,8,7,13,1,4,3,3,1,2,1,2,2,1,0,0,0
2021,"Redbridge 040","E02007020",9839,795,163,148,168,164,152,769,174,140,147,132,176,881,135,142,168,152,145,139,525,124,139,133,129,714,123,139,186,122,144,1673,179,131,164,165,159,172,158,211,181,153,2089,166,153,150,187,132,141,174,154,110,130,131,126,102,139,94,1450,126,127,110,120,93,90,94,93,87,115,90,85,74,79,67,579,65,74,86,43,64,62,61,43,36,45,257,49,22,32,28,26,21,25,17,19,18,107,13,14,9,14,18,12,10,1,5,3,3,0,1,0,2,2
2021,"Richmond upon Thames 001","E02000784",10126,472,85,108,81,103,95,599,121,123,115,121,119,851,158,147,130,144,159,113,480,150,158,116,56,426,39,66,89,129,103,955,93,102,83,87,89,103,118,94,90,96,2208,107,109,114,149,107,128,162,157,144,179,152,160,153,182,205,2253,166,151,140,181,189,184,182,164,151,148,136,110,121,116,114,991,96,83,101,103,96,104,88,106,104,110,643,94,76,75,74,58,58,65,55,50,38,248,31,36,29,23,22,21,19,9,15,12,6,6,10,4,2,3
2021,"Richmond upon Thames 002","E02000785",9711,491,108,87,97,102,97,580,104,127,126,107,116,654,132,111,107,96,119,89,319,119,92,66,42,349,21,58,75,92,103,1206,94,96,125,104,129,127,148,138,118,127,2306,136,134,159,161,145,139,150,160,165,150,156,173,162,156,160,2004,172,152,173,141,147,152,128,128,134,133,108,130,112,108,86,912,84,88,83,85,80,95,78,104,116,99,648,76,71,79,74,54,73,62,56,56,47,242,37,18,26,28,23,23,22,20,5,12,8,9,4,0,2,5
2021,"Richmond upon Thames 003","E02000786",11373,895,178,178,182,174,183,791,153,179,147,171,141,761,151,144,128,107,131,100,332,116,102,70,44,364,37,63,83,80,101,1539,107,104,118,138,154,180,175,180,201,182,2943,179,204,201,229,230,204,234,187,168,201,184,199,178,187,158,2128,187,176,162,177,161,161,169,141,144,117,133,112,95,98,95,897,92,79,84,79,72,110,95,81,108,97,535,65,82,82,49,43,51,48,52,36,27,188,36,24,16,12,17,16,15,16,12,5,4,6,4,3,1,1
2021,"Richmond upon Thames 004","E02000787",12097,801,162,153,170,143,173,801,151,154,172,157,167,897,161,151,151,155,145,134,394,129,112,84,69,458,60,68,92,123,115,1789,118,139,150,177,173,205,210,201,205,211,3239,232,205,221,267,229,244,235,214,228,174,182,201,187,212,208,2182,181,174,195,190,170,167,136,147,149,129,105,117,118,105,99,840,88,82,67,73,73,79,85,96,102,95,507,70,64,65,62,41,47,46,42,36,34,189,31,24,22,20,17,18,17,14,8,4,4,4,3,1,0,2
2021,"Richmond upon Thames 005","E02000788",9098,620,109,122,120,144,125,770,132,155,170,160,153,735,154,135,114,118,119,95,315,79,105,82,49,326,33,53,70,87,83,872,66,82,70,61,81,77,97,104,116,118,2331,99,146,145,155,162,168,199,178,163,162,181,139,141,138,155,1770,148,160,141,118,134,146,131,119,121,106,98,94,90,69,95,751,78,62,78,81,67,93,69,73,87,63,437,54,68,56,53,33,39,40,38,27,29,171,22,27,20,14,15,17,11,11,7,10,4,3,7,3,0,0
2021,"Richmond upon Thames 006","E02000789",6301,314,55,55,70,59,75,382,82,60,80,83,77,451,78,84,88,67,59,75,196,63,60,46,27,218,33,34,46,53,52,863,65,70,77,94,74,82,108,94,91,108,1503,108,114,84,85,114,110,101,99,88,109,84,87,92,113,115,1292,98,107,101,84,110,78,99,99,101,75,86,72,76,58,48,555,57,44,63,44,67,47,57,59,64,53,368,48,42,61,40,29,37,35,30,30,16,159,25,17,16,17,19,10,13,10,7,6,6,7,0,3,2,1
2021,"Richmond upon Thames 007","E02000790",6586,422,80,94,83,78,87,477,77,94,94,104,108,532,80,99,91,102,85,75,273,90,87,69,27,225,28,32,51,66,48,779,65,59,73,72,74,76,79,84,86,111,1762,113,84,112,103,109,132,98,130,106,101,110,149,136,118,161,1344,130,117,110,112,100,111,118,84,83,73,70,59,69,49,59,442,51,58,49,35,45,39,38,46,50,31,252,51,29,30,26,13,20,25,20,21,17,78,9,13,15,6,5,7,8,3,3,6,1,1,0,0,1,0
2021,"Richmond upon Thames 008","E02000791",6482,381,69,73,85,74,80,394,95,80,69,80,70,400,89,64,73,70,54,50,181,57,37,47,40,223,26,20,47,68,62,954,69,67,103,98,91,111,110,102,105,98,1701,118,130,146,126,116,122,118,115,112,116,105,96,92,89,100,1247,108,102,71,107,95,86,84,93,85,87,63,67,66,64,69,525,42,51,55,31,49,43,73,58,54,69,339,47,50,43,45,26,27,28,31,24,18,137,27,23,12,10,12,12,10,4,8,4,7,2,1,1,1,3
2021,"Richmond upon Thames 009","E02000792",7146,339,58,72,63,67,79,415,70,74,76,95,100,613,114,106,102,93,103,95,262,92,73,66,31,237,28,37,60,58,54,786,59,68,67,65,86,80,88,91,88,94,1766,86,96,97,109,112,97,135,116,143,128,112,140,143,120,132,1460,150,122,115,127,106,106,123,87,92,80,79,89,59,67,58,629,56,64,71,53,64,72,53,60,74,62,413,52,64,63,49,36,30,36,32,33,18,226,27,22,26,23,15,18,21,12,12,11,13,9,5,4,3,5
2021,"Richmond upon Thames 010","E02000793",8101,421,74,78,80,105,84,492,89,91,96,99,117,631,90,129,98,117,103,94,332,88,80,84,80,448,71,99,88,113,77,891,75,87,84,82,97,87,83,98,108,90,1895,120,104,125,136,107,140,148,128,133,129,129,121,132,110,133,1595,132,132,117,103,122,103,110,112,102,97,96,113,85,81,90,718,82,73,67,72,72,66,64,67,74,81,465,49,74,59,46,54,39,37,37,39,31,213,31,22,22,20,12,28,14,20,6,12,7,4,5,2,2,6
2021,"Richmond upon Thames 011","E02000794",7014,422,76,85,93,79,89,470,93,96,86,94,101,576,128,100,90,98,68,92,272,81,78,67,46,286,38,65,56,63,64,849,74,67,69,79,82,70,108,78,100,122,1842,94,94,121,137,109,106,145,146,122,122,123,135,137,134,117,1286,105,105,100,115,106,85,93,88,93,77,78,61,74,50,56,563,64,59,60,62,44,55,48,55,48,68,307,32,39,48,30,39,30,22,25,28,14,141,28,21,20,13,14,9,6,10,7,3,4,4,0,0,1,1
2021,"Richmond upon Thames 012","E02000795",6934,369,58,61,81,80,89,527,85,104,97,111,130,738,102,130,135,127,126,118,312,91,94,89,38,247,25,44,65,60,53,444,48,40,46,43,42,42,34,47,37,65,1493,63,66,60,77,99,90,109,114,97,113,115,140,123,121,106,1428,127,128,133,95,114,106,102,98,95,93,63,69,65,79,61,647,62,53,52,68,56,60,68,83,76,69,524,83,64,67,59,55,49,52,41,35,19,205,36,23,28,26,13,19,13,12,5,9,6,4,6,1,1,3
2021,"Richmond upon Thames 013","E02000796",11080,625,93,126,133,125,148,764,134,154,165,164,147,933,163,144,187,141,147,151,539,163,153,136,87,603,117,121,129,113,123,1230,123,111,111,102,122,105,117,133,171,135,2497,169,141,178,162,174,174,176,185,172,168,167,170,127,159,175,2100,167,185,156,149,168,169,137,148,121,128,150,123,103,86,110,971,119,91,92,84,99,91,99,86,91,119,579,72,77,71,69,49,57,46,50,49,39,239,41,49,22,30,15,18,16,11,8,9,9,3,3,4,0,1
2021,"Richmond upon Thames 014","E02000797",7858,515,85,103,90,117,120,516,98,109,105,97,107,555,103,100,87,99,80,86,242,71,78,48,45,354,52,65,70,78,89,1240,85,104,115,116,130,146,145,122,149,128,2124,142,137,133,144,129,169,154,129,141,138,146,150,128,141,143,1380,133,128,99,100,100,120,111,83,81,72,90,60,71,74,58,558,60,57,64,54,64,54,63,45,44,53,277,48,35,32,30,25,17,32,19,18,21,97,12,13,13,10,7,19,8,7,4,2,1,1,0,0,0,0
2021,"Richmond upon Thames 015","E02000798",11305,678,128,115,139,146,150,817,175,147,155,160,180,1120,179,189,210,197,185,160,525,171,145,128,81,471,90,89,102,104,86,1096,105,83,94,99,107,109,122,100,143,134,2860,150,148,140,172,185,208,205,179,215,209,198,202,234,213,202,2264,220,218,190,180,165,163,162,149,159,130,118,108,101,101,100,847,94,74,88,84,87,66,76,74,95,109,428,57,53,64,55,39,38,25,29,33,35,199,34,30,18,15,24,13,16,8,18,9,2,4,3,1,3,1
2021,"Richmond upon Thames 016","E02000799",6611,275,39,59,54,61,62,352,56,70,70,72,84,506,79,87,97,79,81,83,649,78,80,199,292,588,198,96,105,91,98,598,70,62,79,58,57,56,44,49,55,68,1229,57,58,52,82,78,109,75,86,77,83,83,91,101,100,97,1349,102,93,78,120,115,126,115,86,83,88,63,66,75,91,48,609,54,71,55,76,51,55,57,65,62,63,334,54,59,42,32,23,28,19,29,24,24,122,19,15,17,11,13,12,10,3,6,6,3,4,0,1,1,1
2021,"Richmond upon Thames 017","E02000800",5415,300,52,56,53,60,79,401,69,73,79,95,85,582,98,110,96,95,89,94,252,75,69,57,51,195,34,47,31,39,44,439,52,40,30,38,38,38,51,44,50,58,1260,58,63,59,64,65,89,92,99,111,88,87,97,89,98,101,1113,108,78,89,72,84,82,73,79,72,76,65,61,67,47,60,490,53,38,50,43,60,54,53,44,48,47,288,34,43,33,38,34,23,25,20,14,24,95,12,12,8,18,16,4,4,8,1,3,4,0,1,1,3,0
2021,"Richmond upon Thames 018","E02000801",7106,430,78,88,89,68,107,509,106,99,99,89,116,558,98,106,103,87,82,82,258,80,86,59,33,304,44,59,70,64,67,739,68,59,74,69,67,78,80,83,84,77,1745,105,111,96,116,110,105,116,113,122,112,104,142,120,150,123,1511,120,111,107,120,114,141,120,104,101,80,81,78,76,75,83,631,58,64,69,55,63,59,61,59,79,64,332,50,47,47,46,34,19,27,26,18,18,89,14,13,5,15,7,6,11,4,3,5,1,2,0,1,1,1
2021,"Richmond upon Thames 019","E02000802",7003,329,63,56,66,69,75,444,79,78,93,99,95,584,104,111,105,89,101,74,229,69,72,57,31,285,28,49,61,72,75,793,69,66,74,70,91,90,87,75,89,82,1650,97,93,98,81,99,105,128,114,121,132,102,133,120,120,107,1426,113,77,93,118,118,104,115,107,94,98,94,77,65,84,69,673,56,62,60,72,74,64,58,69,80,78,407,52,55,50,46,42,40,31,42,27,22,183,28,22,25,16,22,15,12,11,10,5,7,3,1,1,5,0
2021,"Richmond upon Thames 020","E02000803",9719,525,91,107,109,109,109,627,138,115,119,128,127,741,135,128,134,131,103,110,399,117,138,94,50,415,68,63,107,101,76,1006,97,90,88,102,101,113,92,98,109,116,2149,110,128,140,131,128,156,158,159,158,152,164,142,149,140,134,2036,142,142,133,151,146,159,153,159,144,131,116,129,115,108,108,1037,92,131,111,93,96,102,100,92,114,106,551,71,79,67,48,42,55,49,52,51,37,233,33,22,35,38,23,25,18,11,7,5,7,5,2,0,0,2
2021,"Richmond upon Thames 021","E02000804",7135,405,84,73,89,86,73,408,83,96,87,62,80,465,78,72,72,78,81,84,248,77,87,51,33,382,70,84,80,71,77,811,72,78,79,79,76,67,74,89,100,97,1678,114,89,111,105,91,117,122,104,121,135,97,102,139,120,111,1500,118,97,135,125,112,117,103,100,90,97,92,76,85,81,72,681,71,64,65,67,51,70,72,58,89,74,384,48,62,52,48,34,20,31,31,29,29,173,25,18,13,30,23,12,14,13,4,5,4,6,0,4,2,0
2021,"Richmond upon Thames 022","E02000805",10753,530,89,109,93,114,125,645,139,125,146,117,118,868,142,155,165,132,145,129,469,154,123,123,69,425,58,74,90,97,106,1163,95,100,119,123,126,119,118,108,132,123,2474,120,152,125,145,164,175,181,164,166,174,186,188,173,177,184,2360,164,173,180,180,184,188,129,184,152,163,141,134,137,119,132,1000,107,114,99,99,101,91,110,87,104,88,581,89,72,61,53,54,53,61,57,54,27,238,41,30,25,30,23,13,18,14,11,7,12,3,4,3,0,4
2021,"Richmond upon Thames 023","E02000806",10304,544,109,98,91,126,120,632,114,119,123,132,144,782,148,134,129,133,118,120,367,112,121,76,58,400,51,67,81,112,89,1002,99,81,81,84,87,97,117,133,107,116,2295,124,125,130,121,146,140,145,166,172,187,168,158,156,184,173,2265,186,148,187,154,162,172,153,169,171,152,122,110,138,114,127,1121,120,105,108,100,112,116,107,111,122,120,618,99,86,70,68,55,49,59,53,46,33,278,40,31,37,23,24,22,25,25,10,11,9,4,6,2,4,5
2021,"Southwark 001","E02000807",8228,418,91,97,101,69,60,347,72,71,68,78,58,296,54,76,37,47,40,42,166,51,40,38,37,563,58,78,90,141,196,2519,270,235,290,239,289,270,259,242,232,193,2143,219,205,199,187,182,150,133,125,112,130,108,94,106,84,109,1116,88,80,74,93,88,86,76,60,94,76,68,51,63,64,55,435,61,52,48,49,41,40,39,31,35,39,170,21,31,24,10,14,15,13,14,15,13,55,11,5,8,8,6,4,3,4,5,1,0,0,0,0,0,0
2021,"Southwark 002","E02000808",10172,311,63,64,63,65,56,245,51,49,42,49,54,314,57,43,52,57,63,42,908,60,71,306,471,1569,312,303,278,335,341,2835,352,334,340,315,290,274,276,234,230,190,1841,188,175,146,151,120,136,113,91,109,110,91,97,93,103,118,1418,102,116,97,112,117,116,120,85,95,83,82,91,77,66,59,439,47,50,48,45,50,42,41,39,34,43,206,26,21,23,23,24,18,19,20,17,15,86,16,14,7,12,6,9,7,5,3,3,2,2,0,0,0,0
2021,"Southwark 004","E02000810",11893,597,100,127,128,122,120,674,128,138,128,155,125,736,116,132,123,119,118,128,454,125,124,115,90,882,109,147,167,231,228,3207,259,316,380,330,313,289,322,439,273,286,2669,229,222,262,213,195,196,177,181,125,132,169,188,118,135,127,1790,157,157,157,134,126,132,119,114,108,146,104,105,76,91,64,563,78,59,58,40,35,49,101,54,37,52,232,28,39,25,20,27,19,23,10,22,19,89,11,15,9,9,12,7,4,7,4,3,4,1,1,2,0,0
2021,"Southwark 006","E02000812",10791,450,89,130,66,77,88,521,87,109,97,105,123,700,95,111,141,119,137,97,524,98,98,131,197,1306,230,252,267,271,286,2474,315,287,293,292,248,239,221,213,199,167,2294,206,194,146,154,179,154,156,128,105,149,171,128,120,167,137,1666,130,123,110,141,113,106,133,128,119,106,107,113,96,73,68,466,55,55,59,51,29,41,32,34,72,38,247,29,25,28,24,31,18,33,25,17,17,143,28,22,10,14,16,12,10,8,5,3,6,3,0,3,0,3
2021,"Southwark 007","E02000813",10216,481,98,80,114,92,97,574,116,109,107,119,123,642,115,103,111,109,121,83,396,105,89,93,109,927,126,101,235,197,268,2841,243,346,298,303,272,310,303,286,245,235,2161,220,184,184,168,153,143,162,156,138,95,111,110,111,122,104,1475,134,100,171,104,107,112,105,101,88,95,84,83,58,68,65,443,78,51,42,52,38,34,47,27,44,30,190,19,37,21,19,16,14,17,17,15,15,86,10,10,9,10,9,7,7,6,5,2,4,0,2,1,0,4
2021,"Southwark 008","E02000814",10293,580,124,137,106,110,103,437,88,84,107,86,72,406,74,73,68,69,78,44,224,52,65,54,53,816,103,146,160,192,215,3227,297,330,354,352,318,313,329,319,315,300,2568,263,260,262,199,237,187,153,163,116,128,141,118,117,124,100,1347,100,107,102,100,97,102,85,81,97,107,78,63,68,88,72,443,67,58,53,42,42,43,30,28,38,42,169,27,18,17,27,23,12,13,13,12,7,76,9,8,13,7,11,11,5,3,3,1,2,0,0,0,0,3
2021,"Southwark 009","E02000815",7605,313,84,57,59,43,70,255,42,51,57,52,53,338,59,54,46,66,48,65,625,49,49,207,320,1265,224,295,231,243,272,2164,357,265,232,295,186,189,210,166,149,115,1460,130,121,119,138,116,87,89,109,93,90,84,81,59,74,70,852,67,68,66,59,66,58,75,49,60,54,72,33,41,46,38,211,24,25,34,27,17,15,14,15,27,13,96,12,17,17,7,6,12,6,7,6,6,26,3,3,3,5,2,1,0,3,1,0,2,0,2,1,0,0
2021,"Southwark 010","E02000816",9598,554,91,124,110,120,109,503,92,125,88,94,104,597,110,110,96,106,89,86,384,101,95,83,105,884,134,120,165,225,240,2211,181,251,219,229,245,232,252,219,195,188,2237,216,191,188,144,152,142,200,138,121,107,128,137,105,139,129,1474,110,118,105,105,116,113,139,100,107,87,87,83,76,61,67,434,50,44,56,38,43,44,34,36,47,42,219,27,17,20,28,25,30,21,22,14,15,101,18,17,12,13,8,12,10,4,0,0,3,0,1,0,0,3
2021,"Southwark 011","E02000817",6822,347,68,63,80,73,63,396,69,81,86,76,84,479,80,74,87,81,82,75,290,92,79,61,58,531,59,119,105,100,148,1421,124,143,154,180,168,122,149,147,118,116,1412,126,100,98,89,84,103,94,92,89,74,90,75,86,95,117,1177,63,93,80,96,79,72,94,70,98,68,74,77,57,54,102,411,53,40,49,50,36,34,43,23,38,45,231,22,20,16,31,24,25,20,30,18,25,127,22,15,20,13,8,8,9,6,7,3,7,3,0,3,0,3
2021,"Southwark 012","E02000818",9795,441,79,94,70,94,104,381,69,74,68,87,83,533,101,72,68,115,87,90,334,78,78,87,91,1047,140,216,203,232,256,2797,297,279,325,330,329,270,301,279,209,178,2121,194,183,185,187,167,168,132,102,126,144,106,100,112,96,119,1362,125,89,123,91,95,84,104,93,102,84,103,72,62,73,62,427,64,54,47,31,41,33,33,45,41,38,259,33,34,25,34,27,24,24,22,23,13,93,11,16,17,8,9,8,7,7,1,3,2,0,1,1,0,2
2021,"Southwark 013","E02000819",8500,490,85,118,114,84,89,446,85,88,81,99,93,608,107,88,107,104,104,98,377,87,87,86,117,888,128,212,171,199,178,1746,193,186,212,158,163,193,156,211,159,115,1721,145,140,128,137,114,124,100,91,127,129,105,110,89,88,94,1560,131,145,148,110,108,109,120,114,104,92,95,70,69,75,70,360,64,36,43,34,33,31,29,41,23,26,218,32,21,21,19,23,21,33,18,18,12,86,11,9,9,12,16,7,6,1,5,4,2,1,0,0,0,3
2021,"Southwark 014","E02000820",9253,399,93,67,73,81,85,407,71,91,80,71,94,578,88,97,113,81,89,110,469,104,79,114,172,995,166,177,181,217,254,2219,244,242,248,230,193,202,263,241,176,180,2001,173,146,152,145,147,158,93,126,129,157,118,131,125,107,94,1439,128,119,104,120,96,112,113,121,94,92,86,80,76,43,55,464,49,58,56,42,40,33,41,35,36,74,198,31,32,24,16,25,14,19,11,13,13,84,9,14,7,9,7,10,9,5,2,6,1,1,0,2,2,0
2021,"Southwark 015","E02000821",9350,592,101,102,139,141,109,594,180,106,102,115,91,774,141,146,117,113,116,141,514,154,129,140,91,706,112,156,148,142,148,1688,160,171,164,184,174,181,162,188,171,133,2131,180,157,123,96,106,145,206,117,95,191,159,229,124,91,112,1704,162,144,168,107,153,102,128,108,137,115,94,67,87,73,59,375,38,53,58,35,28,32,38,23,32,38,200,25,26,16,18,16,19,19,31,15,15,72,8,9,7,6,5,5,3,2,2,2,7,8,4,3,0,1
2021,"Southwark 016","E02000822",6728,355,59,67,72,80,77,423,75,77,93,95,83,517,94,85,88,76,85,89,343,104,85,70,84,579,89,97,103,137,153,1412,152,129,164,168,170,136,135,137,118,103,1370,102,100,95,100,99,85,102,94,89,81,72,91,95,75,90,1235,113,98,99,79,92,91,100,74,84,78,68,82,68,60,49,301,41,43,26,34,22,19,20,46,20,30,123,11,15,12,15,11,10,12,17,11,9,70,10,8,9,14,3,4,3,4,1,2,3,3,3,0,2,1
2021,"Southwark 017","E02000823",8675,380,68,77,68,72,95,417,87,88,81,80,81,570,84,72,106,100,95,113,337,73,92,83,89,753,113,118,149,162,211,1999,238,196,220,231,238,211,189,190,159,127,1861,216,136,118,127,101,117,118,109,103,148,117,97,107,143,104,1607,139,132,122,117,137,114,107,125,118,98,121,72,65,76,64,431,48,43,56,49,31,37,36,41,50,40,233,30,32,32,25,29,21,12,21,15,16,87,18,10,13,10,9,7,7,6,0,2,1,1,1,1,0,1
2021,"Southwark 018","E02000824",9914,546,73,128,118,118,109,651,93,135,153,128,142,834,138,125,155,129,143,144,539,149,140,120,130,840,124,125,163,221,207,1908,249,214,177,193,187,196,164,185,189,154,1991,129,156,130,129,134,145,126,118,130,127,122,112,109,176,148,1829,156,149,132,126,166,142,106,120,123,94,125,124,79,93,94,439,49,57,48,46,46,41,46,40,37,29,255,52,21,24,27,20,24,23,23,19,22,82,20,10,8,7,14,6,2,5,6,1,0,1,0,1,1,0
2021,"Southwark 019","E02000825",10227,557,86,108,118,120,125,620,118,112,134,138,118,819,155,146,150,117,127,124,632,137,104,188,203,840,126,149,179,186,200,2009,249,208,212,187,218,199,207,167,198,164,2034,177,132,152,133,134,121,118,144,135,116,126,126,137,156,127,1948,142,161,130,168,159,157,132,145,116,109,112,138,105,71,103,510,61,55,81,79,41,50,34,29,46,34,186,18,20,22,15,26,30,21,10,13,11,72,15,7,7,5,13,7,7,4,3,1,0,1,0,1,0,1
2021,"Southwark 020","E02000826",9877,554,102,114,111,127,100,475,93,99,76,113,94,603,106,99,104,86,101,107,491,108,96,136,151,764,151,131,162,164,156,2372,206,210,220,243,265,246,318,233,231,200,2169,204,194,138,137,129,150,153,140,129,149,125,122,143,145,111,1624,131,139,127,146,115,115,106,174,101,76,91,97,86,64,56,455,72,57,56,35,43,44,45,35,40,28,246,36,25,37,27,16,27,23,20,12,23,124,12,11,5,10,9,25,11,14,9,1,3,4,5,4,0,1
2021,"Southwark 021","E02000827",11318,603,106,137,119,104,137,553,109,91,124,106,123,784,128,115,132,153,129,127,500,149,104,145,102,770,92,135,155,182,206,2576,253,265,284,278,273,270,262,268,209,214,2505,209,175,196,179,172,156,150,162,146,146,190,134,163,181,146,2016,165,129,156,145,181,169,143,197,113,102,144,96,105,90,81,636,112,84,59,60,44,55,52,44,58,68,295,50,21,20,31,18,36,36,35,29,19,80,17,12,13,6,8,5,3,4,4,3,1,2,0,0,1,1
2021,"Southwark 022","E02000828",8809,457,106,91,86,87,87,481,94,108,84,94,101,585,91,103,98,101,95,97,405,92,103,101,109,847,130,186,163,189,179,2024,181,184,213,224,225,201,216,230,177,173,1776,143,128,133,137,141,109,103,126,106,106,110,114,99,128,93,1583,106,132,121,149,130,105,101,120,131,89,94,87,77,70,71,381,48,52,44,42,32,35,32,31,32,33,212,29,27,19,23,24,22,19,20,16,13,58,8,11,10,9,6,7,4,2,0,0,0,1,0,0,0,0
2021,"Southwark 023","E02000829",10925,633,119,139,124,135,116,579,166,98,115,102,98,639,111,107,114,90,98,119,342,100,83,79,80,682,105,118,124,154,181,2836,224,250,280,300,389,320,297,297,257,222,2309,245,209,192,154,164,172,136,167,139,115,167,116,134,119,80,1925,142,123,140,157,161,131,118,109,160,168,133,101,102,82,98,521,67,60,58,55,47,57,45,58,28,46,327,51,36,34,34,25,29,37,40,17,24,132,20,15,16,11,15,17,10,9,4,3,4,2,2,3,0,1
2021,"Southwark 024","E02000830",8882,422,96,80,81,83,82,391,73,95,73,63,87,430,104,72,63,65,71,55,330,97,85,71,77,608,67,85,124,131,201,2361,210,237,265,281,260,254,251,242,211,150,1995,172,159,136,155,143,121,156,143,143,101,117,107,93,132,117,1569,116,147,117,106,154,125,105,93,111,81,90,108,88,70,58,432,34,51,58,43,44,44,55,43,38,22,255,42,34,27,34,19,22,17,23,22,15,89,20,9,15,6,8,9,2,4,3,2,3,2,3,3,0,0
2021,"Southwark 025","E02000831",9352,566,128,114,112,99,113,453,87,82,86,87,111,543,92,90,96,91,91,83,294,78,66,87,63,558,69,89,105,121,174,2522,192,206,274,318,296,296,269,255,230,186,2146,179,177,167,138,163,149,148,147,145,132,125,133,104,123,116,1437,122,96,110,110,115,109,114,90,104,94,79,74,87,70,63,467,68,53,54,54,31,50,42,39,31,45,259,30,30,24,37,30,21,24,21,22,20,107,20,13,12,15,8,9,7,8,2,3,5,1,2,1,0,1
2021,"Southwark 026","E02000832",9691,585,138,134,123,102,88,483,122,87,89,101,84,601,101,99,99,88,111,103,346,82,109,83,72,661,89,110,145,170,147,2101,154,185,248,245,223,236,229,216,184,181,2140,165,208,163,155,167,122,154,123,127,97,137,120,176,115,111,1719,118,129,135,118,146,130,121,117,130,116,90,89,113,92,75,624,79,73,69,52,44,55,89,51,53,59,322,37,31,32,39,42,31,31,29,26,24,109,22,14,14,16,11,7,9,5,1,0,0,2,1,4,2,1
2021,"Southwark 027","E02000833",7482,435,94,92,80,86,83,501,91,87,115,98,110,605,116,104,90,109,97,89,290,91,86,59,54,450,77,77,86,112,98,1505,136,133,156,146,153,189,164,149,130,149,1750,131,112,129,146,129,122,105,117,103,127,107,112,103,113,94,1347,115,99,73,120,105,98,119,123,93,82,100,62,40,62,56,344,45,32,45,44,36,29,29,21,31,32,182,25,18,24,19,14,20,12,24,13,13,73,13,10,11,7,7,6,1,4,4,4,0,0,4,0,0,2
2021,"Southwark 028","E02000834",9386,626,136,113,140,104,133,509,130,110,96,89,84,449,72,77,71,90,71,68,202,59,69,35,39,489,62,169,60,96,102,2523,202,217,254,276,300,288,304,251,213,218,2366,205,195,195,169,190,176,177,175,138,121,120,137,148,105,115,1392,98,98,115,94,98,97,104,97,77,112,103,93,64,70,72,486,54,57,62,44,47,45,44,57,33,43,248,30,30,32,25,31,29,23,6,25,17,96,17,14,6,13,9,11,4,6,5,4,2,5,0,0,0,0
2021,"Southwark 029","E02000835",7673,597,141,114,113,102,127,499,95,99,93,110,102,645,135,97,118,109,102,84,269,81,53,68,67,335,41,69,61,75,89,1362,95,131,124,120,137,133,150,161,164,147,1949,150,141,154,148,159,129,154,133,115,103,124,108,115,117,99,1347,103,104,90,117,112,99,89,91,97,72,77,87,71,77,61,395,52,68,39,50,41,27,32,33,25,28,201,27,24,18,16,21,23,24,16,19,13,74,13,11,12,8,7,6,5,2,3,4,1,1,0,0,1,0
2021,"Southwark 030","E02000836",8307,632,136,127,111,117,141,508,112,114,102,100,80,536,100,100,90,69,91,86,249,80,80,49,40,307,36,49,64,77,81,1677,101,118,182,155,182,210,196,187,183,163,2114,163,159,164,144,189,156,125,156,125,147,128,111,116,121,110,1410,102,109,118,98,119,112,98,103,89,83,82,74,87,73,63,503,72,72,68,51,51,35,37,38,48,31,269,33,29,35,28,24,36,25,24,17,18,102,13,21,15,14,9,6,6,5,4,3,2,2,2,0,0,0
2021,"Southwark 031","E02000837",8565,483,65,100,97,99,122,629,136,119,125,126,123,858,160,153,152,134,147,112,362,134,94,85,49,325,36,52,62,87,88,941,94,93,111,106,109,85,77,101,91,74,1931,80,95,119,117,112,133,135,125,140,133,148,147,147,148,152,1745,133,140,104,122,123,138,135,141,106,108,106,103,101,94,91,725,89,73,66,72,73,75,69,62,66,80,395,52,46,53,35,42,40,46,37,21,23,171,21,30,21,26,15,12,13,9,5,7,3,2,4,3,0,0
2021,"Southwark 032","E02000838",9498,633,136,123,121,123,130,586,110,122,129,110,115,643,113,124,103,86,106,111,357,109,131,63,54,424,47,56,63,148,110,1822,149,126,180,184,201,238,203,190,198,153,2465,167,158,170,171,180,163,152,158,195,144,158,159,153,181,156,1646,123,130,117,107,101,135,107,96,122,104,98,131,125,79,71,545,65,67,58,50,58,54,48,57,40,48,268,40,35,29,25,17,17,27,36,18,24,109,23,16,14,8,9,7,10,8,5,0,1,2,1,3,0,2
2021,"Southwark 033","E02000839",8477,526,90,102,106,117,111,609,123,116,136,122,112,733,120,115,145,137,101,115,422,111,159,102,50,325,42,69,59,78,77,1220,86,97,105,133,127,127,142,138,135,130,2098,113,126,152,146,140,146,163,116,153,156,155,147,135,140,110,1465,120,106,128,97,105,91,120,97,102,92,100,80,82,71,74,581,61,61,66,51,52,60,57,52,48,73,365,48,66,38,47,36,27,26,29,29,19,133,25,17,15,6,16,10,7,8,8,5,7,1,4,2,2,0
2021,"Southwark 034","E02006802",9286,357,58,77,80,70,72,401,79,72,85,88,77,455,85,70,74,79,100,47,572,69,64,139,300,1398,268,277,281,262,310,2294,275,266,242,246,232,194,232,219,181,207,1804,181,154,159,141,122,124,102,102,97,135,114,105,96,88,84,1406,98,116,113,118,119,96,130,99,91,78,93,76,54,75,50,354,57,49,38,33,39,29,31,30,19,29,185,32,20,21,10,19,24,14,21,14,10,60,13,12,8,1,5,3,5,3,4,1,3,0,1,0,0,1
2021,"Southwark 035","E02006941",5317,136,47,37,16,11,25,80,19,13,18,17,13,78,14,12,18,15,15,4,61,14,9,20,18,485,38,62,96,130,159,2114,212,257,218,231,249,228,200,186,198,135,1285,132,123,116,102,89,102,90,77,55,86,68,63,52,68,62,775,71,72,103,53,54,57,64,49,47,49,33,24,35,37,27,212,35,22,19,21,29,15,18,26,16,11,73,12,13,10,8,7,5,3,6,6,3,18,3,2,3,2,0,1,1,1,0,3,0,1,0,1,0,0
2021,"Southwark 036","E02006942",6751,294,75,66,56,49,48,275,72,49,51,48,55,318,57,49,59,52,53,48,179,49,49,41,40,653,61,92,132,160,208,2317,245,246,258,236,269,250,235,199,209,170,1467,162,136,135,126,86,82,100,99,64,76,73,77,89,67,95,868,73,77,71,61,64,70,66,73,66,63,43,46,31,31,33,255,45,33,27,23,27,20,14,22,22,22,96,12,16,12,7,10,11,7,8,8,5,29,5,2,3,6,2,1,1,2,4,1,1,0,1,0,0,0
2021,"Sutton 001","E02000840",9326,645,112,134,116,154,129,711,141,147,132,149,142,902,171,174,154,151,131,121,476,137,151,110,78,504,83,89,86,139,107,1395,107,120,126,152,117,166,126,163,156,162,2225,165,169,144,174,156,139,154,149,133,139,138,138,132,138,157,1623,137,121,121,142,124,121,121,113,106,114,101,87,76,72,67,490,75,49,47,58,46,43,42,40,44,46,240,30,23,31,35,19,23,19,24,24,12,115,17,17,13,11,16,10,10,6,3,4,5,2,0,1,0,0
2021,"Sutton 002","E02000841",9189,554,97,105,128,108,116,636,124,104,135,126,147,850,147,137,163,137,136,130,514,152,132,133,97,554,99,131,102,119,103,1259,132,126,130,102,120,108,140,129,133,139,2093,122,151,131,156,149,146,165,154,132,139,109,134,124,144,137,1798,152,157,138,134,140,123,148,115,114,107,99,108,101,92,70,536,64,79,65,64,42,59,33,50,31,49,288,48,25,26,31,31,22,36,27,25,17,107,11,4,17,15,18,10,8,5,3,9,2,0,3,0,1,1
2021,"Sutton 003","E02000842",8284,441,77,81,83,95,105,538,116,101,96,123,102,628,95,124,109,103,96,101,393,117,105,95,76,443,72,86,93,96,96,883,93,81,86,65,87,98,82,98,89,104,1834,106,116,120,109,139,142,160,126,105,120,120,130,116,108,117,1652,113,107,117,127,138,128,126,117,110,116,101,92,83,87,90,832,90,94,84,79,81,86,72,65,80,101,442,53,51,47,51,37,43,44,52,24,40,198,37,29,28,19,17,17,10,9,7,10,4,3,4,0,2,2
2021,"Sutton 004","E02000843",9481,800,155,180,150,169,146,671,132,128,131,128,152,642,101,106,137,102,112,84,285,88,86,62,49,389,57,67,76,89,100,1804,124,124,152,149,189,196,191,218,217,244,2483,222,223,187,223,208,197,205,143,123,146,143,116,104,126,117,1506,125,99,129,121,108,89,108,138,107,86,86,98,92,53,67,505,69,56,55,51,49,34,35,54,44,58,278,28,43,25,25,19,29,26,26,26,31,118,28,22,23,10,4,13,4,4,2,3,2,1,2,0,0,0
2021,"Sutton 005","E02000844",8665,516,107,110,103,93,103,590,105,113,123,128,121,798,153,126,133,130,104,152,451,135,120,113,83,497,82,94,98,119,104,1153,89,95,102,110,101,123,123,151,149,110,1946,135,123,130,146,131,138,142,150,109,134,132,110,127,120,119,1640,123,136,147,133,119,110,119,114,130,91,99,89,84,74,72,605,73,69,61,50,47,63,44,70,57,71,338,36,40,37,24,32,41,32,47,25,24,131,16,22,20,11,21,10,7,5,5,7,2,2,0,0,1,2
2021,"Sutton 006","E02000845",9422,646,122,134,126,125,139,711,118,141,137,152,163,759,135,143,118,150,113,100,384,118,105,86,75,424,87,81,75,79,102,1166,75,90,93,101,122,108,145,126,141,165,2483,146,152,162,182,171,194,182,169,171,152,178,177,159,130,158,1699,154,145,100,134,132,137,130,125,100,104,100,89,99,76,74,624,65,68,69,69,51,60,57,58,72,55,372,52,39,43,40,40,31,25,34,36,32,154,26,16,27,19,8,12,9,10,9,4,3,5,3,1,0,2
2021,"Sutton 007","E02000846",7612,413,74,79,81,81,98,505,90,118,95,106,96,639,110,116,127,95,109,82,335,99,81,85,70,392,65,58,86,109,74,854,62,74,83,79,72,104,85,84,96,115,1744,104,117,114,111,114,127,145,127,112,110,116,114,117,110,106,1446,115,113,129,102,115,120,107,102,91,88,81,81,64,66,72,676,79,63,84,79,51,65,56,63,64,72,397,53,55,44,42,50,27,32,28,36,30,211,33,32,20,29,25,15,9,12,8,6,4,6,4,1,4,3
2021,"Sutton 008","E02000847",9423,565,104,108,113,103,137,610,121,127,132,101,129,661,135,120,103,105,97,101,363,108,93,89,73,447,55,96,89,111,96,1031,98,96,105,84,97,101,98,112,104,136,2102,130,137,138,174,145,138,178,156,140,136,108,127,134,135,126,1736,142,108,107,104,134,139,133,131,105,116,110,98,115,105,89,998,103,107,86,94,83,90,91,94,115,135,632,75,98,76,81,56,50,60,57,40,39,278,41,34,33,31,38,21,19,16,10,10,1,7,5,9,2,1
2021,"Sutton 009","E02000848",8147,413,67,81,82,85,98,530,101,97,109,99,124,812,149,138,131,123,142,129,436,127,116,95,98,403,52,91,82,87,91,830,99,97,73,74,92,85,76,76,80,78,1901,97,120,109,127,134,145,140,125,133,106,114,133,134,144,140,1585,113,113,113,107,101,140,128,112,96,91,107,102,107,82,73,630,79,56,63,58,50,65,57,54,64,84,427,54,60,48,58,39,30,47,26,37,28,180,31,26,21,27,11,10,15,7,8,11,5,3,4,1,0,0
2021,"Sutton 010","E02000849",8178,542,96,109,115,106,116,564,115,100,114,117,118,631,97,114,109,106,96,109,317,111,89,68,49,377,65,74,72,79,87,1017,72,94,100,98,107,109,106,108,123,100,1954,125,143,142,141,146,169,144,130,126,121,113,130,114,116,94,1566,128,115,139,112,137,113,117,107,108,88,89,70,82,98,63,669,80,69,66,64,65,45,68,69,59,84,396,57,64,41,52,31,39,29,29,24,30,145,21,23,20,19,13,11,8,13,6,6,3,0,1,0,0,1
2021,"Sutton 011","E02000850",10844,611,86,126,135,106,158,629,152,113,118,120,126,936,154,132,160,150,171,169,509,130,164,121,94,568,102,113,119,112,122,1237,113,116,116,127,109,107,142,130,141,136,2411,150,143,128,159,168,141,155,168,170,168,168,182,172,177,162,2252,178,165,156,150,186,173,189,171,144,136,128,142,107,108,119,966,103,113,106,81,75,121,79,85,111,92,513,56,62,81,70,45,40,37,26,55,41,212,43,29,20,21,28,14,14,9,11,7,6,4,2,2,0,2
2021,"Sutton 012","E02000851",11586,918,175,166,199,191,187,817,154,194,154,150,165,802,143,157,163,133,107,99,378,93,124,94,67,572,109,86,100,136,141,2237,151,185,219,231,244,248,250,220,237,252,2989,244,224,230,252,221,233,215,204,185,161,159,187,187,127,160,1648,157,128,124,112,138,134,125,107,120,96,92,77,82,79,77,629,85,56,73,69,59,48,60,42,67,70,415,58,62,45,40,34,30,41,37,40,28,181,42,21,27,21,12,12,14,14,9,2,1,3,0,0,2,1
2021,"Sutton 013","E02000852",8141,509,106,92,118,94,99,581,117,103,119,120,122,627,115,110,119,102,99,82,310,87,84,71,68,344,48,66,61,88,81,1062,88,84,91,103,110,122,123,116,117,108,2049,150,120,138,127,161,134,164,173,117,155,124,138,111,122,115,1521,129,114,108,113,116,114,134,103,120,99,84,72,84,65,66,599,74,49,64,48,66,57,60,63,62,56,372,35,51,44,41,27,22,47,35,38,32,167,21,30,26,18,15,15,6,9,7,2,8,4,4,2,0,0
2021,"Sutton 014","E02000853",8173,531,89,98,94,106,144,623,114,133,118,131,127,703,123,128,99,129,120,104,326,95,93,87,51,355,58,65,63,67,102,1063,90,96,87,83,106,90,122,132,126,131,2003,129,143,116,144,160,149,127,160,150,119,105,126,129,121,125,1506,117,116,115,117,116,118,117,103,97,89,99,75,78,77,72,594,65,55,75,48,57,58,41,56,71,68,323,37,47,36,40,22,33,27,32,27,22,146,23,21,14,20,18,8,16,10,4,1,1,4,2,2,2,0
2021,"Sutton 015","E02000854",7609,498,99,93,102,92,112,534,115,106,91,122,100,558,102,106,82,108,74,86,274,87,87,68,32,296,54,41,65,71,65,921,79,94,78,82,100,95,82,99,102,110,1832,125,101,112,117,130,130,164,128,126,146,91,112,101,110,139,1491,129,102,112,119,120,102,104,95,90,98,95,79,79,80,87,650,82,76,58,74,60,48,65,65,56,66,383,35,63,49,49,36,21,31,38,26,35,172,30,27,19,16,14,14,11,8,10,12,4,2,3,0,1,1
2021,"Sutton 016","E02000855",8215,405,68,75,82,84,96,517,93,112,99,100,113,652,114,123,105,93,114,103,345,99,97,86,63,398,61,70,91,93,83,815,94,83,88,81,77,71,80,75,83,83,1701,82,86,84,100,113,109,142,123,124,145,125,106,112,132,118,1738,122,112,125,129,134,143,119,116,114,109,115,107,105,81,107,853,86,100,81,82,83,70,83,85,100,83,534,64,63,62,61,57,42,51,51,48,35,257,39,43,29,23,19,15,29,18,15,9,6,4,3,1,2,2
2021,"Sutton 017","E02000856",9337,558,96,114,102,118,128,623,140,128,129,106,120,756,125,127,134,129,125,116,350,98,109,84,59,441,68,86,85,87,115,1151,100,87,100,115,103,131,130,119,140,126,2253,162,150,148,152,157,158,154,164,145,143,158,137,143,148,134,1748,135,126,129,141,133,121,121,94,128,112,131,118,74,90,95,802,78,89,76,83,80,64,83,82,81,86,473,57,57,61,52,41,34,59,43,34,35,182,35,17,25,20,10,13,12,16,16,3,5,1,3,0,6,0
2021,"Sutton 018","E02000857",8992,560,117,122,102,108,111,586,123,114,115,121,113,570,105,101,94,103,90,77,261,79,71,65,46,331,52,51,67,85,76,1557,104,148,135,141,158,185,149,186,171,180,2345,174,172,178,173,177,196,170,139,176,148,134,147,131,124,106,1392,107,117,111,102,109,92,97,105,82,79,81,96,72,77,65,638,75,56,76,59,57,60,46,70,72,67,440,58,54,43,43,33,36,39,59,34,41,312,35,37,31,30,28,31,21,21,22,10,11,10,3,12,5,5
2021,"Sutton 019","E02000858",8564,560,87,118,110,115,130,660,120,127,126,131,156,844,160,133,136,144,145,126,483,147,112,140,84,483,85,84,105,103,106,1208,127,106,128,111,105,120,130,123,134,124,1875,119,153,132,113,129,149,125,135,139,123,107,123,109,103,116,1513,120,119,120,134,110,110,107,102,116,98,74,80,76,70,77,520,59,51,55,44,41,46,59,55,50,60,323,35,49,42,30,38,32,21,29,16,31,95,11,17,14,13,12,7,5,2,1,5,2,2,1,1,2,0
2021,"Sutton 020","E02000859",8487,408,67,75,91,78,97,542,110,108,99,114,111,702,113,125,123,107,115,119,360,110,105,79,66,354,55,62,72,81,84,888,74,86,65,89,93,97,88,102,100,94,1823,86,92,123,123,127,114,122,148,141,110,117,131,112,122,155,1608,112,116,123,121,105,128,107,115,101,93,104,113,91,100,79,874,109,77,89,73,72,87,80,82,110,95,574,60,69,82,58,54,57,45,45,47,57,354,41,56,35,41,32,33,21,22,22,16,10,7,10,4,1,3
2021,"Sutton 021","E02000860",8788,620,123,128,125,123,121,588,115,128,119,111,115,569,103,131,84,92,76,83,251,68,75,64,44,320,41,49,63,81,86,1647,118,130,159,174,177,186,174,183,171,175,2233,185,155,181,205,182,178,126,165,147,111,135,126,110,125,102,1403,127,107,110,111,108,120,101,93,96,66,72,76,81,74,61,629,69,71,64,55,68,58,54,52,64,74,357,46,42,29,38,36,38,52,33,17,26,171,27,22,14,24,14,13,14,16,6,5,3,3,2,2,2,4
2021,"Sutton 022","E02000861",7780,337,53,51,72,65,96,483,85,86,103,99,110,653,99,110,107,122,113,102,318,96,96,79,47,330,46,53,64,82,85,634,73,59,53,64,76,49,68,71,65,56,1564,60,65,79,94,96,107,97,121,142,123,127,138,108,108,99,1709,98,126,120,108,115,110,129,116,126,127,110,110,98,108,108,930,85,100,107,89,77,80,95,78,92,127,599,88,81,86,76,53,48,59,39,38,31,223,36,26,36,19,26,18,11,11,12,8,7,6,2,2,1,2
2021,"Sutton 024","E02000863",6738,319,57,61,55,83,63,415,80,78,84,89,84,547,92,95,80,97,96,87,338,91,108,87,52,346,60,58,85,72,71,578,47,65,62,52,57,51,73,52,64,55,1400,67,74,84,81,92,99,108,99,94,98,97,89,99,112,107,1437,86,117,91,103,108,92,123,103,89,99,100,87,94,69,76,787,89,83,68,85,75,77,83,78,67,82,410,67,68,43,34,34,25,45,44,26,24,161,27,22,16,26,12,12,11,16,6,4,1,1,5,1,1,0
2021,"Sutton 025","E02006836",8726,435,72,78,83,93,109,575,90,113,124,111,137,696,129,125,117,110,107,108,319,95,102,75,47,395,48,67,82,103,95,831,87,94,86,83,73,72,73,84,98,81,1810,92,101,99,132,121,128,153,132,123,130,111,121,127,112,128,1748,119,120,119,129,132,131,135,123,119,111,116,96,102,103,93,938,91,84,80,84,85,93,114,94,80,133,683,78,103,73,71,70,61,61,61,56,49,296,53,37,26,23,37,26,14,21,11,15,16,11,2,1,0,3
2021,"Tower Hamlets 001","E02000864",11269,712,169,132,131,123,157,642,133,125,118,149,117,729,134,102,121,132,131,109,455,107,123,111,114,831,137,195,147,157,195,3123,214,274,288,332,300,394,369,358,299,295,2563,255,251,234,216,227,210,176,144,146,136,119,120,133,104,92,1406,84,112,101,118,96,105,99,106,114,85,88,93,75,57,73,448,51,54,39,46,53,48,35,46,32,44,238,32,30,15,23,30,33,17,22,23,13,122,20,16,8,14,9,10,8,3,5,2,6,8,9,1,2,1
2021,"Tower Hamlets 002","E02000865",7965,461,82,96,64,127,92,435,73,67,120,86,89,631,95,112,112,98,98,116,370,91,115,84,80,705,108,109,111,142,235,2004,229,208,194,237,211,231,198,202,169,125,1722,149,128,122,115,120,124,114,105,90,109,103,126,123,94,100,1060,85,81,86,76,108,68,72,67,59,66,47,86,58,43,58,342,52,34,46,38,36,38,25,26,20,27,166,34,14,19,18,19,17,12,11,11,11,69,9,3,8,8,11,10,4,3,3,3,2,0,3,1,0,1
2021,"Tower Hamlets 003","E02000866",10644,674,150,117,148,147,112,538,116,117,102,106,97,641,101,128,100,90,107,115,393,91,126,81,95,908,108,140,176,203,281,2714,249,267,268,289,263,313,237,241,364,223,2340,215,208,233,192,166,186,172,112,121,126,119,93,150,131,116,1529,124,104,91,158,114,97,98,102,131,88,81,82,68,97,94,562,49,72,72,81,40,60,53,43,50,42,245,32,31,31,34,21,22,18,15,21,20,100,19,13,15,11,11,8,12,3,4,1,1,0,1,0,1,0
2021,"Tower Hamlets 004","E02000867",11339,602,126,124,136,109,107,477,108,88,93,98,90,605,112,104,109,100,93,87,402,109,91,99,103,983,128,167,210,230,248,3853,375,384,386,441,472,374,434,357,326,304,2667,263,267,263,268,221,194,155,152,184,136,115,129,110,104,106,1163,134,85,115,96,69,74,80,98,63,65,63,58,78,35,50,368,53,53,43,42,38,26,28,28,28,29,149,22,13,22,17,16,16,10,13,9,11,70,10,8,14,7,4,6,3,3,6,1,1,2,2,1,0,2
2021,"Tower Hamlets 005","E02000868",7193,362,69,73,64,67,89,304,52,64,49,74,65,424,60,64,85,65,93,57,353,66,91,89,107,719,102,99,142,176,200,2189,219,231,221,216,242,261,212,242,192,153,1636,207,174,121,121,121,119,106,106,86,86,83,78,87,79,62,765,65,59,58,69,50,55,63,48,41,60,42,39,33,48,35,230,20,31,20,24,20,25,17,30,19,24,144,20,11,18,15,12,16,12,20,7,13,67,8,8,2,3,6,5,7,7,5,6,2,3,1,2,2,0
2021,"Tower Hamlets 006","E02000869",5929,298,67,54,63,55,59,307,64,57,58,67,61,438,94,80,57,67,73,67,217,40,59,51,67,522,78,88,85,121,150,1427,136,139,150,147,147,153,151,147,135,122,1387,127,121,107,88,94,94,98,96,100,79,105,77,54,67,80,834,63,64,72,73,63,64,52,66,54,51,44,45,47,38,38,283,33,26,19,26,50,33,25,26,23,22,161,21,21,16,19,15,7,16,16,17,13,55,10,8,6,7,2,8,6,4,0,0,0,2,2,0,0,0
2021,"Tower Hamlets 007","E02000870",6367,356,66,75,72,71,72,418,101,84,68,68,97,443,72,76,65,67,76,87,297,84,77,58,78,604,84,120,107,126,167,1605,177,158,176,168,171,188,157,148,125,137,1378,137,115,98,108,98,116,82,91,85,93,68,81,65,66,75,781,72,49,56,63,67,54,58,53,40,52,48,60,38,38,33,306,33,35,43,33,22,33,25,23,27,32,119,11,21,9,11,14,12,10,12,8,11,60,7,6,9,4,10,5,3,5,4,5,0,2,0,0,0,0
2021,"Tower Hamlets 008","E02000871",11516,847,176,166,140,177,188,807,142,173,154,153,185,899,151,170,171,141,131,135,573,133,145,147,148,1082,170,194,238,224,256,2922,251,291,285,288,325,319,287,327,268,281,2521,228,194,188,210,213,200,170,174,142,134,140,145,129,150,104,1251,116,111,106,128,96,74,80,72,122,61,60,50,65,55,55,359,85,40,38,40,34,26,30,21,31,14,186,16,16,23,15,20,30,21,10,17,18,69,17,5,8,9,8,8,1,4,3,1,2,2,0,0,0,1
2021,"Tower Hamlets 009","E02000872",8146,396,68,95,82,69,82,415,78,86,79,93,79,522,84,81,99,81,90,87,356,93,125,70,68,936,154,122,164,255,241,2519,319,258,281,251,282,212,258,236,229,193,1673,169,170,131,141,131,116,103,88,109,91,87,92,82,72,91,913,80,80,101,119,59,64,63,48,38,42,47,50,47,36,39,234,34,27,25,25,26,21,20,14,19,23,123,15,8,14,21,9,10,12,12,13,9,59,6,12,3,8,6,5,3,2,3,2,1,1,2,3,2,0
2021,"Tower Hamlets 010","E02000873",9840,627,148,108,124,116,131,600,102,127,112,117,142,646,128,132,91,114,80,101,1460,98,104,489,769,1137,327,204,199,198,209,2087,238,211,210,222,231,194,200,209,204,168,1946,174,153,155,158,148,165,139,132,122,108,104,124,104,78,82,903,72,104,66,68,54,71,68,96,46,42,71,29,39,35,42,260,32,33,31,31,30,22,17,25,15,24,117,12,20,8,9,16,13,14,8,8,9,57,12,11,6,0,8,6,4,4,2,2,0,1,0,0,0,1
2021,"Tower Hamlets 011","E02000874",7497,450,81,95,83,79,112,518,111,94,98,100,115,572,84,115,91,106,93,83,391,97,81,102,111,878,138,167,165,205,203,1843,163,219,195,145,176,197,189,191,163,205,1656,150,130,126,114,117,131,122,135,97,102,79,88,99,79,87,792,78,64,70,58,58,62,47,48,39,65,43,34,41,37,48,236,40,45,27,33,21,13,16,13,15,13,122,10,16,19,9,10,13,13,10,9,13,39,8,6,2,6,8,2,2,3,1,0,0,1,0,0,0,0
2021,"Tower Hamlets 012","E02000875",13575,860,168,196,149,165,182,900,169,177,187,175,192,1111,189,167,200,175,181,199,769,197,189,193,190,1316,255,218,270,272,301,3441,356,367,385,324,342,387,305,335,320,320,3115,290,282,259,248,236,218,211,177,196,197,155,165,166,155,160,1404,126,114,130,126,100,97,93,94,98,77,75,71,92,61,50,418,53,51,41,54,43,39,45,35,31,26,192,14,19,25,19,18,28,22,17,12,18,49,9,4,7,3,3,6,3,6,1,0,2,2,0,0,0,3
2021,"Tower Hamlets 013","E02000876",7283,437,117,95,62,82,81,422,89,80,80,90,83,382,66,67,66,55,63,65,268,59,71,62,76,843,120,118,162,206,237,2172,245,246,235,239,231,260,194,191,167,164,1552,157,119,122,159,131,101,103,90,84,84,69,82,103,79,69,826,85,70,61,59,65,54,49,47,37,47,50,48,41,80,33,233,42,23,27,22,26,26,24,16,18,9,105,11,10,7,17,12,10,14,9,7,8,43,8,8,1,7,2,3,3,4,2,2,2,1,0,0,0,0
2021,"Tower Hamlets 014","E02000877",13805,901,191,156,202,171,181,927,163,183,215,178,188,1052,184,188,165,190,185,140,669,169,155,132,213,1520,286,296,243,342,353,3707,338,347,363,417,363,438,392,370,332,347,3145,297,302,267,233,249,237,241,168,165,185,197,169,169,128,138,1227,118,97,145,91,106,78,69,80,60,62,68,69,67,72,45,367,44,58,47,39,28,50,30,25,20,26,207,25,23,27,18,24,19,15,21,19,16,83,14,11,19,9,8,7,2,1,4,4,1,2,0,0,1,0
2021,"Tower Hamlets 015","E02000878",10438,480,97,110,94,78,101,434,89,72,85,102,86,515,95,101,87,79,79,74,521,105,100,143,173,1539,246,240,333,346,374,3244,437,388,377,347,389,329,268,281,224,204,2119,201,189,187,165,164,174,142,129,115,121,111,116,118,105,82,989,76,92,73,70,76,61,53,58,57,63,70,59,57,52,72,325,51,43,37,45,44,23,31,17,18,16,206,40,19,21,16,15,20,28,11,13,23,66,11,9,13,5,9,5,4,3,2,0,2,1,0,0,1,1
2021,"Tower Hamlets 016","E02000879",8339,511,90,88,124,115,94,509,103,101,96,109,100,656,100,110,110,99,114,123,436,121,84,90,141,903,157,173,167,193,213,1789,179,212,217,177,186,190,187,158,149,134,1712,146,148,138,107,139,117,113,101,130,83,108,108,100,80,94,1085,97,93,96,75,72,72,69,96,60,62,57,68,56,59,53,401,41,40,46,54,32,28,33,54,36,37,249,23,24,20,50,23,22,29,21,19,18,88,17,10,11,10,8,8,9,4,5,3,2,0,0,0,0,1
2021,"Tower Hamlets 017","E02000880",6499,472,101,101,85,88,97,386,58,67,76,78,107,454,79,72,83,74,80,66,336,76,59,78,123,759,129,134,156,160,180,1605,138,196,192,159,168,142,136,172,175,127,1455,107,95,118,93,135,151,92,104,87,97,73,87,73,90,53,648,62,63,52,45,50,50,33,44,35,35,36,39,34,39,31,228,31,38,27,29,20,21,20,17,17,8,106,9,11,9,11,12,11,9,20,13,1,50,8,7,8,6,0,6,6,3,1,0,2,1,1,1,0,0
2021,"Tower Hamlets 018","E02000881",10829,825,165,149,153,206,152,752,160,140,149,145,158,925,164,159,151,150,149,152,644,175,151,139,179,1077,165,192,166,223,331,2684,287,272,291,287,293,280,286,252,220,216,2226,233,197,201,168,176,142,151,136,153,166,115,106,106,95,81,1137,101,98,102,104,86,84,64,76,64,83,73,55,46,50,51,363,69,36,52,43,35,35,20,21,29,23,134,20,16,14,12,17,12,9,9,9,16,62,6,8,5,14,8,6,4,4,2,1,1,2,1,0,0,0
2021,"Tower Hamlets 019","E02000882",11494,804,146,176,160,162,160,826,157,160,158,202,149,985,134,170,138,204,168,171,672,215,136,139,182,1112,198,210,215,233,256,2586,234,258,282,261,288,281,233,237,263,249,2504,211,189,186,154,193,172,169,135,126,225,184,122,177,136,125,1295,125,113,101,105,94,86,87,88,88,106,56,58,55,67,66,411,39,49,36,41,42,82,36,37,22,27,209,28,23,14,20,15,21,29,19,14,26,90,10,16,11,10,12,12,5,2,3,1,4,2,1,0,1,0
2021,"Tower Hamlets 020","E02000883",9285,631,132,121,122,129,127,717,140,121,138,129,189,871,124,181,149,153,118,146,646,173,145,119,209,811,132,132,173,151,223,1935,230,232,184,188,202,177,188,194,174,166,1974,137,156,141,151,135,120,162,168,147,112,129,138,94,96,88,1086,98,133,79,114,92,65,74,48,64,53,60,57,57,41,51,352,63,45,29,44,27,32,33,41,15,23,166,18,20,31,13,10,20,14,15,12,13,96,7,12,13,8,5,9,10,7,7,11,3,0,2,1,0,1
2021,"Tower Hamlets 021","E02000884",12759,701,130,178,135,124,134,593,116,103,131,124,119,656,86,108,114,109,140,99,757,120,131,210,296,2189,407,344,414,513,511,4011,568,475,431,423,401,369,402,351,313,278,2467,263,246,201,207,181,177,205,140,145,151,125,109,119,104,94,918,96,70,86,100,60,60,60,46,53,44,50,41,51,51,50,274,36,29,34,42,26,31,31,12,20,13,133,11,16,13,16,18,14,15,8,14,8,60,25,7,4,6,5,8,0,1,2,2,0,0,0,0,0,0
2021,"Tower Hamlets 022","E02000885",7054,468,82,78,93,105,110,479,88,93,105,101,92,601,108,106,87,116,99,85,382,101,101,77,103,705,107,107,134,160,197,1393,144,158,168,138,127,155,133,132,126,112,1560,118,123,114,117,127,108,96,106,106,90,90,110,83,91,81,869,96,74,70,64,65,54,43,56,57,49,56,48,45,51,41,328,50,31,24,42,36,40,28,24,29,24,191,30,22,23,22,13,18,16,19,16,12,78,13,6,12,6,8,7,8,5,7,0,1,3,0,0,0,2
2021,"Tower Hamlets 023","E02000886",9597,581,117,120,145,82,117,523,107,101,121,99,95,547,87,107,106,93,81,73,361,79,93,105,84,918,103,176,211,218,210,2797,259,328,339,267,265,244,267,244,315,269,2355,286,196,181,153,195,153,160,130,124,125,128,175,128,123,98,1035,78,105,102,90,82,78,73,87,75,58,46,48,38,39,36,331,40,41,31,34,38,20,23,30,44,30,109,9,16,11,14,10,14,12,8,11,4,40,3,5,8,4,5,3,1,5,4,0,0,0,1,0,0,1
2021,"Tower Hamlets 024","E02000887",10798,781,140,162,168,160,151,777,151,138,156,169,163,900,170,154,128,163,128,157,564,135,158,126,145,978,129,187,181,223,258,2546,277,260,265,226,270,310,237,227,249,225,2472,232,197,248,180,194,175,158,163,131,151,162,135,128,112,106,1153,124,122,113,74,93,78,71,79,68,50,69,60,46,61,45,373,53,43,39,36,46,35,31,26,29,35,164,29,16,13,22,14,13,17,10,16,14,90,12,9,10,13,9,11,9,10,2,0,2,1,1,0,1,0
2021,"Tower Hamlets 025","E02000888",8618,572,108,122,118,99,125,501,120,102,96,85,98,618,108,93,112,119,87,99,348,84,93,78,93,750,113,99,155,190,193,2385,239,231,218,240,225,264,295,254,235,184,2019,181,156,171,163,139,153,139,124,105,142,105,114,159,94,74,986,89,74,110,80,75,76,54,78,58,62,45,60,44,43,38,267,35,49,32,29,19,27,20,23,19,14,126,18,10,16,13,11,15,14,10,9,10,46,9,7,7,4,5,4,2,0,2,1,0,2,1,2,0,0
2021,"Tower Hamlets 026","E02000889",8964,494,98,106,85,103,102,446,85,101,76,116,68,585,113,105,91,93,99,84,269,66,69,66,68,833,106,113,136,217,261,2794,270,316,283,288,327,334,274,250,233,219,2134,204,199,187,166,132,177,156,135,155,107,111,125,92,106,82,932,85,94,74,54,79,58,61,69,55,44,49,67,39,51,53,293,32,38,35,31,39,35,15,22,23,23,140,17,20,14,16,9,17,14,11,12,10,44,8,13,3,5,4,3,3,1,0,0,2,2,0,0,0,0
2021,"Tower Hamlets 027","E02000890",5819,312,97,79,42,44,50,168,37,30,36,38,27,167,35,27,22,31,27,25,103,25,26,30,22,387,50,64,56,78,139,1703,148,166,149,182,180,167,186,154,166,205,1541,129,133,129,113,113,118,92,111,88,74,95,81,112,82,71,926,67,66,80,64,69,74,74,69,45,52,53,81,49,41,42,350,35,57,36,43,33,29,29,24,34,30,110,10,19,15,13,11,9,6,12,10,5,52,8,10,8,4,5,3,3,2,5,1,3,0,0,0,0,0
2021,"Tower Hamlets 030","E02000893",7413,490,86,99,113,92,100,467,107,97,77,94,92,477,91,84,73,85,67,77,283,69,81,66,67,592,92,115,115,114,156,1672,128,154,168,193,191,164,151,195,181,147,1852,133,182,127,127,142,143,148,145,128,127,107,91,91,86,75,985,87,65,84,56,67,65,78,64,111,60,43,56,37,69,43,349,45,33,35,38,30,26,43,45,25,29,160,22,22,16,17,15,11,14,13,15,15,86,18,19,10,12,7,7,5,3,1,0,1,0,1,0,0,2
2021,"Tower Hamlets 031","E02000894",11015,783,193,155,141,139,155,610,126,121,119,133,111,597,124,104,103,89,104,73,347,78,74,51,144,910,153,195,168,161,233,2896,240,321,254,272,309,306,309,318,289,278,3108,307,314,273,240,245,217,204,203,217,190,196,155,117,124,106,1209,96,104,86,78,96,94,97,86,96,65,60,69,78,59,45,343,38,39,39,33,41,32,30,30,30,31,152,26,20,15,16,16,13,16,9,13,8,60,7,14,9,11,2,2,5,3,3,2,0,0,2,0,0,0
2021,"Tower Hamlets 032","E02006853",11012,714,184,148,123,125,134,533,90,117,108,99,119,655,101,105,112,123,110,104,418,101,109,100,108,1188,113,152,208,306,409,3577,323,409,421,403,351,372,397,310,323,268,2629,285,235,252,230,205,188,159,221,128,189,145,97,133,83,79,906,77,76,71,85,76,72,75,62,57,50,36,35,41,61,32,227,25,35,15,25,31,19,22,17,15,23,125,11,10,15,13,19,11,16,7,15,8,40,5,8,10,4,3,0,7,0,1,0,0,0,1,0,0,1
2021,"Tower Hamlets 033","E02006854",7065,349,104,72,59,55,59,235,47,40,40,49,59,280,43,47,54,44,45,47,270,57,49,59,105,720,94,94,126,172,234,2459,275,252,259,253,289,221,239,216,218,237,1786,196,170,164,161,144,126,123,105,108,102,92,77,87,64,67,730,54,72,74,48,72,62,37,72,31,37,30,53,32,30,26,145,28,16,10,16,15,17,11,9,11,12,74,18,6,6,9,7,5,7,2,11,3,17,1,2,2,4,1,2,2,2,0,1,0,0,0,0,0,0
2021,"Tower Hamlets 034","E02007112",5892,268,62,58,39,55,54,172,32,41,28,35,36,213,27,37,41,34,35,39,184,39,40,55,50,767,60,93,140,196,278,2706,305,248,307,307,305,353,263,239,206,173,1179,173,137,119,125,90,82,70,59,43,42,51,46,49,52,41,317,31,28,31,41,53,21,16,21,8,16,7,15,7,10,12,63,10,4,5,6,3,23,2,2,0,8,18,3,2,2,0,0,4,2,3,1,1,5,1,1,0,1,0,0,0,0,0,0,0,0,1,0,0,1
2021,"Tower Hamlets 035","E02007113",7465,493,92,107,96,95,103,415,97,74,77,82,85,451,71,93,79,63,75,70,257,54,75,63,65,701,81,100,149,171,200,2539,248,245,277,231,322,262,264,265,228,197,1841,217,200,177,139,139,129,131,118,91,96,92,89,73,82,68,558,63,45,48,46,50,37,36,38,26,47,33,26,26,23,14,143,16,23,21,12,18,14,15,10,5,9,46,13,8,2,5,5,1,6,2,2,2,21,4,6,4,0,0,1,1,1,0,1,3,0,0,0,0,0
2021,"Tower Hamlets 036","E02007114",7567,399,72,78,93,65,91,393,90,84,77,70,72,430,63,67,67,80,81,72,316,59,78,64,115,1161,180,239,245,284,213,2247,230,287,203,228,248,211,225,245,193,177,1718,163,184,167,132,138,143,111,89,102,88,83,81,80,87,70,584,53,59,40,48,40,38,51,43,43,40,39,22,23,17,28,165,24,24,17,17,15,12,20,16,11,9,129,16,33,15,6,10,14,6,14,10,5,25,3,6,4,0,4,1,2,0,2,3,0,0,0,0,0,0
2021,"Waltham Forest 001","E02000895",8365,449,69,96,86,90,108,451,93,84,83,102,89,631,98,106,115,103,96,113,383,117,105,86,75,485,85,89,104,100,107,953,97,94,88,102,81,89,89,111,95,107,1586,102,101,87,107,118,113,89,105,106,111,151,102,89,99,106,1684,132,137,116,119,156,127,135,114,78,107,95,103,108,67,90,851,100,98,83,73,61,72,91,92,82,99,623,66,71,71,74,58,53,60,53,53,64,269,43,30,28,40,28,28,13,15,6,9,6,5,8,1,3,6
2021,"Waltham Forest 002","E02000896",9331,551,113,117,105,112,104,526,109,91,120,107,99,600,106,103,110,96,89,96,351,97,86,88,80,460,72,76,102,112,98,1196,100,104,108,116,150,116,142,120,130,110,1965,122,132,122,126,136,139,131,140,140,121,139,130,108,135,144,1903,144,143,153,151,147,105,141,122,147,105,107,123,108,108,99,919,85,97,103,94,95,96,71,96,90,92,554,65,74,67,63,51,52,36,43,53,50,306,47,36,30,28,37,31,31,17,13,7,9,6,6,3,3,2
2021,"Waltham Forest 003","E02000897",8561,465,103,92,94,95,81,552,128,107,93,116,108,678,114,123,100,128,96,117,397,105,121,84,87,456,87,100,90,90,89,1153,115,114,80,117,94,140,119,119,128,127,1854,118,113,123,120,119,123,157,121,127,115,128,144,116,94,136,1698,112,135,132,136,138,133,128,118,110,100,110,80,99,81,86,644,79,67,63,58,59,60,62,61,71,64,465,53,58,47,47,43,33,44,44,45,51,199,31,27,22,19,23,14,17,14,7,10,3,4,6,0,1,1
2021,"Waltham Forest 004","E02000898",8014,452,83,97,87,88,97,489,99,102,102,101,85,581,113,98,91,86,94,99,348,89,95,85,79,381,63,68,68,87,95,1020,95,99,97,102,112,100,101,95,113,106,1640,123,97,130,127,126,102,101,90,98,95,113,112,102,119,105,1669,127,125,113,120,130,129,130,110,118,96,107,90,107,78,89,744,88,65,71,71,103,66,51,79,63,87,487,55,68,52,52,41,34,47,54,48,36,203,28,35,22,18,16,24,11,9,12,6,10,2,3,2,4,1
2021,"Waltham Forest 005","E02000899",8808,507,81,104,107,114,101,556,109,131,106,105,105,639,109,98,100,130,94,108,371,95,94,98,84,462,76,103,86,93,104,1224,110,136,110,119,131,127,101,118,129,143,1905,132,125,141,126,145,133,134,122,121,134,128,120,119,118,107,1726,106,124,131,125,134,122,145,110,116,123,114,120,95,80,81,720,91,83,80,67,74,62,56,62,84,61,490,59,51,48,65,51,37,31,40,55,53,208,30,28,21,27,22,10,19,12,7,7,9,2,8,0,2,4
2021,"Waltham Forest 006","E02000900",8970,587,103,116,129,122,117,573,125,104,119,118,107,767,129,113,118,142,123,142,450,130,119,110,91,521,92,102,92,117,118,1316,127,136,107,127,141,132,124,157,125,140,1905,158,127,117,143,128,131,125,126,113,136,108,133,134,120,106,1690,116,108,136,142,125,115,138,123,127,112,100,116,87,76,69,644,91,63,63,61,49,65,59,55,72,66,367,47,55,39,48,28,34,27,39,27,23,150,24,19,17,24,21,8,7,4,4,6,6,6,2,1,0,1
2021,"Waltham Forest 007","E02000901",10488,696,131,129,143,141,152,681,130,149,110,133,159,724,120,132,137,121,109,105,480,134,137,127,82,579,121,92,111,138,117,1426,118,126,126,124,129,177,143,165,156,162,2363,169,171,159,160,158,169,173,136,168,160,154,133,134,134,185,2132,190,155,174,159,152,145,165,161,133,120,124,122,128,98,106,805,103,64,97,82,76,72,73,80,75,83,433,68,63,38,48,46,31,39,49,27,24,169,28,27,18,19,17,17,14,6,7,6,4,3,1,2,0,0
2021,"Waltham Forest 008","E02000902",9959,790,145,182,149,149,165,774,175,155,143,147,154,813,144,136,134,144,130,125,498,140,128,128,102,509,96,89,101,116,107,1510,122,144,124,151,135,156,167,163,175,173,2428,199,166,174,181,182,165,184,148,150,147,160,126,152,144,150,1707,156,134,115,138,120,97,146,119,112,112,96,96,103,84,79,519,53,55,60,45,43,66,45,52,60,40,307,51,35,38,32,25,15,36,31,21,23,104,18,14,19,9,12,3,8,6,6,0,2,1,0,3,1,2
2021,"Waltham Forest 009","E02000903",10272,694,136,143,141,148,126,691,150,118,132,149,142,915,151,166,138,154,153,153,562,165,135,146,116,664,125,119,132,148,140,1785,129,137,161,180,196,186,168,212,223,193,2462,178,198,162,189,211,204,175,162,152,160,130,143,141,121,136,1642,129,138,135,126,116,128,128,117,98,101,98,90,82,76,80,501,62,71,57,44,56,42,38,40,43,48,263,29,33,30,36,31,26,33,16,16,13,93,20,13,16,7,11,7,6,6,2,4,0,0,0,1,0,0
2021,"Waltham Forest 010","E02000904",8426,547,111,111,112,117,96,587,131,124,114,105,113,637,112,100,117,89,98,121,371,102,109,101,59,479,90,96,86,86,121,1292,69,105,92,115,148,113,131,147,186,186,2261,175,184,157,186,182,155,152,150,213,138,134,103,96,122,114,1480,130,110,122,130,93,113,102,120,107,91,75,65,76,84,62,474,60,58,59,52,44,41,39,36,39,46,225,31,26,34,24,24,15,19,16,22,14,73,9,18,11,6,5,4,8,2,5,1,1,1,0,1,1,0
2021,"Waltham Forest 011","E02000905",10472,941,208,168,241,158,166,740,171,141,130,150,148,783,118,144,122,129,151,119,422,129,109,98,86,488,85,97,92,101,113,1694,103,130,173,149,146,189,192,182,198,232,2980,173,228,205,193,285,322,191,200,229,172,165,153,159,169,136,1617,131,140,131,132,109,120,124,128,101,91,86,86,98,76,64,499,57,59,44,41,44,47,28,47,43,89,223,25,32,27,21,19,22,25,21,13,18,85,8,13,13,7,7,8,8,7,5,3,3,1,1,0,1,0
2021,"Waltham Forest 012","E02000906",9649,666,136,147,137,122,124,617,133,114,117,131,122,773,130,133,132,126,123,129,442,115,114,109,104,501,90,99,103,103,106,1812,112,122,161,135,179,252,235,216,194,206,2668,194,222,200,203,193,195,161,182,197,156,145,152,158,158,152,1446,144,153,162,115,102,112,87,69,89,70,88,83,75,55,42,413,47,61,36,47,38,46,36,42,30,30,239,28,28,30,38,30,22,11,24,14,14,72,14,7,18,5,4,4,6,6,2,2,2,0,2,0,0,0
2021,"Waltham Forest 013","E02000907",10581,810,152,172,151,153,182,728,132,154,140,166,136,904,140,156,153,136,180,139,574,133,176,144,121,591,95,100,126,148,122,1983,158,158,173,181,190,212,202,227,272,210,2554,197,184,199,179,183,199,181,182,135,169,156,161,148,150,131,1588,148,120,115,114,121,90,130,133,106,99,110,102,72,74,54,460,52,63,44,51,46,40,42,49,37,36,276,43,22,26,33,26,30,26,24,20,26,113,20,17,11,7,10,3,10,8,5,7,3,3,2,2,0,5
2021,"Waltham Forest 014","E02000908",12898,834,178,193,154,139,170,728,140,146,150,151,141,867,163,151,163,139,122,129,610,142,138,150,180,737,109,127,150,159,192,3122,250,250,265,287,308,354,337,377,376,318,3478,345,321,319,273,262,247,226,224,232,195,199,166,167,158,144,1712,142,151,135,135,107,124,117,133,92,97,92,161,88,69,69,455,57,64,52,47,45,42,34,37,40,37,258,29,23,23,20,32,25,39,33,15,19,97,15,12,18,9,10,9,11,6,2,2,2,0,0,1,0,0
2021,"Waltham Forest 015","E02000909",9247,665,139,129,135,130,132,693,149,171,128,124,121,628,115,123,116,109,94,71,321,78,100,72,71,396,58,77,86,74,101,1599,127,117,142,154,148,166,190,162,172,221,2570,183,235,204,203,181,157,176,192,174,141,137,149,126,143,169,1547,134,117,126,143,123,114,107,100,101,99,73,75,86,81,68,509,66,73,43,62,53,39,41,53,38,41,231,25,30,20,33,21,28,18,24,15,17,88,16,15,10,10,7,4,4,9,2,2,2,0,2,1,3,1
2021,"Waltham Forest 016","E02000910",11427,794,164,165,198,140,127,710,190,113,126,151,130,643,115,121,116,94,87,110,345,81,97,89,78,569,83,76,134,136,140,2665,187,244,217,240,274,323,304,330,265,281,2949,251,252,264,235,228,210,202,192,168,152,215,146,136,139,159,1709,180,138,125,128,130,164,101,121,100,106,96,79,84,80,77,622,74,77,79,55,65,53,58,59,56,46,303,29,33,38,39,28,22,32,28,31,23,118,15,17,17,13,11,10,13,6,6,1,2,2,3,1,0,1
2021,"Waltham Forest 017","E02000911",12962,917,169,228,166,184,170,807,172,120,183,146,186,869,145,156,143,181,115,129,495,148,123,108,116,639,116,125,119,124,155,2877,170,216,237,279,273,298,304,362,389,349,3633,307,342,321,354,235,229,290,225,224,192,229,187,163,156,179,1836,158,157,165,162,134,148,127,151,98,113,111,78,69,57,108,536,45,72,60,64,54,49,49,38,59,46,273,30,24,30,42,27,26,30,19,17,28,80,10,14,14,5,6,5,10,3,3,3,1,0,2,2,2,0
2021,"Waltham Forest 018","E02000912",9738,708,157,178,124,119,130,602,118,116,119,118,131,669,113,114,128,98,115,101,463,146,116,86,115,617,78,91,133,163,152,1728,141,179,158,126,160,172,190,207,191,204,2542,218,197,200,216,166,174,183,177,145,140,130,102,147,215,132,1485,143,140,122,103,110,104,103,121,100,70,85,72,81,69,62,531,53,66,59,60,53,50,46,48,47,49,295,45,33,42,30,31,23,28,17,24,22,98,18,12,11,10,14,7,11,3,0,6,1,3,1,1,0,0
2021,"Waltham Forest 019","E02000913",9644,691,146,150,121,131,143,643,113,132,175,101,122,768,110,126,129,102,165,136,478,84,180,123,91,588,86,103,136,124,139,1560,100,143,153,163,151,160,181,166,135,208,2397,197,177,170,167,187,178,161,182,185,182,132,112,126,118,123,1453,127,125,119,132,97,100,79,96,75,81,100,81,83,96,62,595,72,79,65,69,61,53,63,50,39,44,380,61,37,44,31,34,29,43,54,24,23,91,21,11,11,16,5,2,9,3,2,2,4,3,2,0,0,0
2021,"Waltham Forest 020","E02000914",11796,847,172,163,182,147,183,786,126,175,160,182,143,907,177,161,135,144,155,135,545,135,156,131,123,734,130,119,144,148,193,2169,169,174,158,237,261,206,260,227,233,244,3022,220,267,197,204,211,197,236,204,190,179,214,216,156,175,156,1822,134,120,152,138,206,120,138,110,96,141,102,93,98,90,84,553,64,94,54,64,57,54,46,36,48,36,297,36,35,31,30,23,41,21,27,28,25,114,29,17,13,6,9,12,8,4,3,5,3,2,1,0,1,1
2021,"Waltham Forest 021","E02000915",8107,520,145,109,92,79,95,454,100,100,85,82,87,443,88,74,86,58,66,71,253,70,73,60,50,405,59,59,77,81,129,1727,114,134,159,137,161,186,189,183,204,260,2069,209,159,185,189,129,137,146,124,142,134,97,106,127,99,86,1308,101,95,87,111,97,80,87,87,113,89,81,77,66,73,64,591,81,72,74,80,59,61,46,47,32,39,252,30,39,34,26,21,15,30,23,21,13,85,15,14,14,7,11,4,5,2,3,4,3,1,1,1,0,0
2021,"Waltham Forest 022","E02000916",10566,766,188,163,144,126,145,636,132,128,136,125,115,679,119,119,113,107,108,113,446,119,118,96,113,606,97,158,98,105,148,2234,165,168,184,203,247,245,216,276,275,255,2760,245,222,233,247,211,210,193,201,161,142,124,138,138,153,142,1672,147,134,145,136,115,141,104,99,89,110,141,101,85,78,47,442,63,58,56,40,45,44,33,28,38,37,241,39,20,21,32,18,32,21,19,23,16,84,13,15,13,5,11,6,5,6,4,0,3,1,1,1,0,0
2021,"Waltham Forest 023","E02000917",9587,781,184,176,145,158,118,551,102,136,120,93,100,540,96,93,77,102,82,90,322,72,91,84,75,489,71,90,88,115,125,2240,137,139,174,212,227,236,280,247,287,301,2678,248,247,227,227,223,224,194,163,155,137,167,150,102,111,103,1322,94,131,130,109,99,104,79,85,83,63,71,78,77,57,62,394,51,53,49,33,34,33,27,33,39,42,203,22,29,16,34,14,20,16,21,18,13,67,9,12,12,11,6,2,4,1,0,3,1,2,0,3,0,1
2021,"Waltham Forest 024","E02000918",9322,639,124,112,188,111,104,541,116,89,98,121,117,581,105,88,103,95,110,80,336,87,108,64,77,562,98,91,78,142,153,1935,114,197,207,182,144,203,231,204,266,187,2424,197,211,213,216,181,165,131,147,188,138,142,133,100,140,122,1487,165,116,102,121,96,92,98,95,98,81,88,87,78,86,84,533,65,62,49,67,49,48,58,54,44,37,215,31,22,29,25,22,22,18,11,15,20,69,12,7,12,4,7,1,8,4,2,4,1,1,2,1,2,1
2021,"Waltham Forest 025","E02000919",9243,683,151,137,139,139,117,482,114,75,109,85,99,451,85,72,75,78,67,74,302,81,82,62,77,551,67,93,127,125,139,2181,174,159,214,209,220,242,238,228,245,252,2465,210,218,233,197,174,163,213,179,139,142,139,133,106,110,109,1322,153,97,98,134,95,92,85,78,90,84,65,62,69,59,61,453,50,46,50,60,55,47,42,33,35,35,250,31,20,22,30,27,31,25,19,29,16,103,14,14,11,24,9,7,8,4,3,4,5,0,0,0,0,0
2021,"Waltham Forest 026","E02000920",10298,626,148,144,101,123,110,557,111,105,105,111,125,744,117,137,126,127,116,121,449,108,110,100,131,677,106,123,140,148,160,2277,164,212,218,237,188,277,248,221,252,260,2559,211,204,225,208,194,175,172,165,151,151,159,161,120,120,143,1513,169,111,133,86,104,118,95,109,79,98,91,98,79,67,76,497,54,65,62,54,75,40,47,25,36,39,267,34,38,27,28,23,26,25,18,25,23,132,26,19,8,19,20,13,11,5,2,5,1,1,1,0,0,1
2021,"Waltham Forest 027","E02000921",11200,678,141,126,171,109,131,659,115,143,138,117,146,737,118,129,133,119,126,112,505,117,127,137,124,812,179,167,146,134,186,2331,205,182,244,243,255,258,245,242,254,203,2707,260,231,212,197,192,173,195,144,162,155,183,164,155,137,147,1843,133,133,132,157,143,118,137,181,156,89,101,97,76,101,89,577,75,53,70,47,59,66,60,48,50,49,280,34,31,39,41,29,21,29,20,16,20,71,15,12,9,12,4,6,4,7,0,2,0,0,0,0,0,0
2021,"Waltham Forest 028","E02000922",10459,678,138,129,157,134,120,616,121,119,97,134,145,836,190,131,130,127,95,163,420,117,113,101,89,616,87,107,134,129,159,2066,169,184,165,193,232,239,202,204,237,241,2713,217,208,286,196,215,227,183,155,173,166,148,145,133,139,122,1658,140,126,93,128,103,135,124,114,99,112,155,119,71,78,61,511,63,66,58,66,48,42,52,36,49,31,260,38,41,27,22,23,28,22,16,22,21,85,12,14,10,13,11,7,5,3,3,3,3,1,0,0,0,0
2021,"Wandsworth 001","E02000923",7529,367,87,76,73,84,47,313,68,62,68,57,58,312,64,66,54,40,43,45,195,58,51,35,51,407,30,37,70,104,166,1875,194,192,183,188,200,251,212,143,136,176,1588,131,116,108,102,88,124,114,92,96,100,116,116,101,83,101,1238,103,115,110,93,70,78,76,79,121,72,67,87,58,45,64,593,55,59,54,57,63,53,48,65,82,57,424,47,61,50,31,45,29,53,41,37,30,217,26,29,24,21,17,26,18,9,10,6,8,7,5,3,2,6
2021,"Wandsworth 003","E02000925",7902,472,75,101,98,103,95,420,73,94,87,75,91,523,100,80,103,98,77,65,290,78,95,61,56,598,66,81,113,132,206,1772,200,202,200,171,170,157,165,159,187,161,1774,158,118,107,128,113,148,119,122,132,99,148,87,100,99,96,1301,93,109,104,101,109,98,120,86,80,70,79,76,60,52,64,413,60,41,40,38,41,30,32,30,42,59,262,25,34,24,26,19,25,13,19,49,28,77,16,14,10,3,6,4,8,2,4,0,7,1,0,1,0,1
2021,"Wandsworth 004","E02000926",11636,617,133,141,130,120,93,495,85,119,98,76,117,468,89,78,82,68,76,75,229,63,56,53,57,772,55,106,124,211,276,3759,393,412,470,411,421,404,374,303,308,263,2763,289,234,228,215,241,209,197,165,160,155,131,129,129,159,122,1553,158,127,114,120,115,117,112,97,107,87,80,79,85,67,88,578,65,65,53,55,57,70,46,55,66,46,301,38,33,28,42,36,28,27,21,24,24,101,14,16,13,6,15,10,10,5,5,1,3,1,1,1,0,0
2021,"Wandsworth 005","E02000927",7095,365,77,91,65,70,62,289,54,65,50,66,54,316,65,48,51,56,54,42,169,44,47,37,41,572,62,58,95,141,216,2077,286,245,260,231,204,214,178,145,153,161,1471,153,120,108,114,105,108,99,66,81,106,75,81,80,91,84,1044,72,80,94,75,78,90,74,73,76,60,60,64,56,43,49,452,61,38,50,38,56,42,33,54,43,37,247,36,36,19,29,25,29,22,19,21,11,93,12,12,17,6,7,5,8,5,7,6,3,3,0,1,0,1
2021,"Wandsworth 006","E02000928",8357,464,104,89,79,90,102,448,81,97,83,93,94,494,90,94,95,73,81,61,229,66,79,61,23,500,36,54,74,133,203,1800,196,202,196,190,183,211,152,170,150,150,1919,131,125,170,141,133,126,128,126,132,130,123,110,107,114,123,1398,134,108,116,115,113,88,89,90,85,91,82,86,68,62,71,645,61,66,63,76,68,61,43,64,67,76,345,47,62,44,36,19,37,20,29,21,30,115,19,20,13,5,13,7,9,4,6,4,6,4,4,0,0,1
2021,"Wandsworth 007","E02000929",8098,514,119,93,111,93,98,440,93,100,77,79,91,585,80,84,94,129,111,87,353,107,91,83,72,612,102,87,97,134,192,1916,193,196,192,210,185,215,181,152,201,191,1704,145,172,117,116,142,93,120,120,103,115,97,102,65,106,91,1226,82,93,86,109,75,125,83,80,79,121,63,62,44,60,64,397,47,39,37,46,42,32,43,35,37,39,244,21,30,21,36,25,24,22,16,14,35,107,29,26,8,6,2,8,5,9,6,0,4,3,0,1,0,0
2021,"Wandsworth 008","E02000930",10094,471,126,94,97,81,73,366,70,82,74,78,62,393,82,69,53,59,67,63,180,48,38,44,50,1222,48,71,219,367,517,3786,522,562,488,416,391,390,318,258,233,208,1859,181,161,162,145,129,140,112,127,125,90,99,104,99,94,91,1154,92,86,89,79,85,84,71,69,65,117,119,53,50,47,48,393,43,38,47,46,46,33,33,34,38,35,209,14,33,20,23,20,20,20,24,20,15,61,7,8,5,8,6,7,6,4,5,1,0,1,1,0,0,2
2021,"Wandsworth 009","E02000931",8821,623,131,114,111,135,132,601,116,111,115,134,125,489,92,83,79,96,84,55,189,62,43,52,32,609,20,43,90,181,275,2501,351,326,328,287,245,243,192,198,184,147,2096,162,174,175,136,152,183,154,133,114,124,125,131,113,103,117,1126,101,117,137,80,79,78,64,81,65,84,62,48,52,40,38,336,38,40,37,40,15,32,31,28,31,44,188,28,32,16,19,26,22,10,14,14,7,63,7,9,11,9,8,3,4,3,3,2,1,2,0,0,1,0
2021,"Wandsworth 010","E02000932",12838,664,154,132,144,116,118,538,115,114,103,98,108,506,97,88,87,95,66,73,242,69,70,67,36,799,51,103,149,191,305,4389,405,496,510,522,483,468,446,400,363,296,3143,278,263,253,249,234,261,227,206,207,171,173,165,141,158,157,1538,145,144,125,113,95,131,112,109,95,98,104,77,69,56,65,601,61,66,53,72,90,48,60,52,44,55,329,42,43,40,29,27,43,29,31,22,23,89,16,14,8,11,9,4,6,7,4,2,1,3,1,1,1,1
2021,"Wandsworth 011","E02000933",8860,407,77,84,86,76,84,424,92,73,87,91,81,503,91,81,92,82,80,77,292,78,105,71,38,473,54,60,84,97,178,1901,172,180,213,234,191,209,191,162,187,162,2053,158,138,181,152,158,134,136,137,124,110,123,126,124,141,111,1553,113,118,128,114,132,127,120,107,87,93,82,95,80,72,85,726,78,76,71,67,66,95,84,55,60,74,363,53,48,45,46,31,37,27,39,17,20,165,31,14,22,14,19,13,11,6,7,5,6,9,2,3,3,0
2021,"Wandsworth 012","E02000934",8914,405,100,105,84,70,46,275,68,53,56,53,45,309,52,50,55,53,50,49,162,45,47,36,34,683,39,58,109,187,290,3290,397,387,388,403,343,336,302,245,244,245,1962,188,173,152,146,174,127,144,112,123,117,92,93,107,105,109,1089,93,96,70,84,69,84,93,70,69,65,76,58,48,49,65,439,39,52,55,39,41,42,50,44,39,38,225,32,26,28,30,20,18,14,26,16,15,75,10,17,8,10,4,8,6,2,2,4,1,0,3,0,0,0
2021,"Wandsworth 013","E02000935",7377,467,85,90,87,102,103,552,112,102,103,113,122,613,90,111,117,113,92,90,665,88,94,159,324,1036,277,264,231,155,109,1031,125,86,89,101,102,130,101,101,95,101,1329,93,79,108,86,98,104,96,101,98,85,85,77,76,71,72,996,72,84,91,81,78,61,74,69,79,45,55,46,56,44,61,335,42,39,33,34,27,34,28,23,41,34,240,25,33,26,35,30,20,27,18,13,13,113,17,13,9,11,11,14,9,13,7,1,1,2,2,1,2,0
2021,"Wandsworth 014","E02000936",9350,410,104,97,67,83,59,392,88,65,72,85,82,413,85,69,64,63,70,62,255,80,70,58,47,636,74,70,102,173,217,2679,242,256,303,330,284,290,244,273,239,218,2274,208,171,189,199,212,134,148,144,128,139,110,133,116,139,104,1307,132,117,95,100,98,109,89,88,77,81,79,61,70,64,47,505,38,48,53,70,41,46,61,46,51,51,330,43,47,35,37,28,31,25,28,26,30,149,26,18,15,15,16,12,12,9,8,3,5,3,1,1,0,5
2021,"Wandsworth 015","E02000937",8168,540,110,94,104,123,109,606,132,132,121,122,99,629,124,107,122,85,121,70,317,91,117,64,45,465,34,20,88,152,171,1635,191,205,201,158,163,176,158,130,142,111,2003,128,142,127,128,121,127,154,158,150,123,107,122,128,161,127,1320,133,109,133,111,108,93,87,87,79,79,61,55,62,65,58,396,61,47,44,32,37,32,38,33,35,37,182,18,26,26,36,13,15,18,10,9,11,75,12,14,12,5,9,4,6,1,3,4,2,1,2,0,0,0
2021,"Wandsworth 016","E02000938",10775,690,119,134,111,151,175,741,134,149,164,149,145,742,135,133,129,122,105,118,417,116,106,100,95,652,109,119,107,143,174,1673,125,151,158,190,147,161,168,194,180,199,2740,209,184,219,227,171,204,172,180,168,189,174,164,166,151,162,1735,148,147,123,116,118,134,110,134,112,106,93,107,100,96,91,678,63,77,72,47,59,79,73,74,52,82,449,48,64,44,54,47,39,47,46,28,32,258,36,35,23,29,24,28,19,15,15,7,4,11,3,0,1,8
2021,"Wandsworth 017","E02000939",7819,549,97,95,125,108,124,614,125,124,122,120,123,663,122,118,120,104,108,91,268,94,83,50,41,384,27,38,69,114,136,1278,150,173,159,135,134,122,106,90,112,97,1810,104,120,125,134,100,130,127,144,122,112,119,109,128,111,125,1351,124,119,121,107,96,82,86,93,89,83,77,77,62,78,57,459,42,42,52,56,50,43,47,41,47,39,272,36,45,27,31,27,30,25,21,18,12,171,18,11,12,13,19,9,18,12,3,10,11,9,8,12,3,3
2021,"Wandsworth 018","E02000940",9322,485,111,93,94,93,94,427,80,96,75,91,85,517,91,81,90,98,79,78,246,69,66,49,62,559,97,60,99,140,163,2869,271,276,324,272,369,341,284,260,256,216,2374,241,239,187,191,182,183,184,188,145,113,113,96,106,95,111,1155,111,122,118,87,64,77,89,77,64,75,58,54,52,54,53,392,47,41,38,44,43,42,36,41,33,27,220,34,25,20,25,25,21,23,16,15,16,78,15,10,9,10,7,10,7,3,3,0,1,2,0,0,0,1
2021,"Wandsworth 019","E02000941",10170,737,183,155,133,133,133,631,138,141,125,116,111,595,103,118,107,99,85,83,264,94,63,51,56,575,72,56,144,130,173,2531,232,241,302,260,290,231,265,242,260,208,2400,208,182,175,172,205,176,166,179,142,141,144,121,147,114,128,1546,134,102,137,132,135,154,107,100,101,73,91,76,55,71,78,511,50,68,47,51,38,64,47,54,45,47,292,44,36,35,35,26,21,25,21,27,22,88,10,11,15,10,10,10,7,3,4,0,4,0,3,1,0,0
2021,"Wandsworth 020","E02000942",9691,595,106,131,132,116,110,544,132,107,117,107,81,669,115,115,110,118,115,96,310,95,96,75,44,531,45,62,104,149,171,1917,216,228,202,203,209,166,193,180,170,150,2346,187,163,182,183,151,160,133,159,138,159,154,149,139,166,123,1622,142,125,116,135,121,124,124,109,97,96,91,92,79,77,94,668,73,73,58,77,62,66,60,58,66,75,369,47,61,47,39,32,25,41,26,28,23,120,21,24,19,13,2,10,5,2,8,4,2,0,2,3,0,5
2021,"Wandsworth 021","E02000943",8716,456,95,89,103,77,92,375,78,70,73,80,74,394,60,58,83,61,73,59,178,58,48,39,33,672,51,36,98,227,260,2947,367,422,337,313,326,326,256,218,198,184,1802,150,134,145,138,130,131,116,121,115,114,102,103,101,101,101,1144,99,96,95,73,84,105,59,84,88,59,67,50,57,69,59,388,45,40,45,43,38,37,42,36,38,24,262,28,28,31,20,30,24,25,44,20,12,98,17,11,10,25,5,5,9,2,4,3,1,1,3,1,0,1
2021,"Wandsworth 022","E02000944",7643,472,105,83,94,90,100,474,85,110,89,108,82,589,98,113,96,107,91,84,340,93,91,89,67,518,70,96,91,138,123,1479,126,118,140,172,163,149,168,162,150,131,1825,134,114,180,118,128,144,136,119,135,106,119,95,115,95,87,1232,80,114,99,83,80,84,93,93,103,74,95,74,60,54,46,402,42,73,53,38,26,36,36,38,26,34,198,30,21,25,19,18,16,25,20,12,12,114,17,16,16,8,15,9,12,7,5,3,0,2,2,0,0,2
2021,"Wandsworth 023","E02000945",7837,446,63,106,95,92,90,506,104,103,99,104,96,618,101,109,99,104,118,87,457,90,103,112,152,812,174,172,196,141,129,1307,154,153,138,153,131,129,113,128,108,100,1679,158,130,109,107,118,116,111,111,106,110,108,114,98,90,93,1214,99,81,89,123,90,93,80,58,81,84,80,67,58,59,72,459,50,60,50,55,46,38,52,32,41,35,243,56,32,28,18,17,22,25,13,18,14,96,17,14,11,9,10,10,4,8,2,2,0,3,1,2,0,3
2021,"Wandsworth 024","E02000946",8441,500,104,114,113,84,85,380,88,66,68,86,72,411,77,75,55,72,66,66,276,69,71,71,65,561,62,72,109,139,179,2491,201,234,297,244,261,283,282,250,210,229,2056,178,202,169,140,186,156,132,122,128,118,107,109,121,112,76,1121,112,101,106,97,76,72,83,77,65,70,58,61,43,51,49,392,36,39,43,45,44,35,37,36,42,35,174,29,17,14,19,21,18,19,14,12,11,79,14,10,10,10,10,7,6,6,0,3,1,0,0,1,0,1
2021,"Wandsworth 025","E02000947",9354,803,190,174,150,144,145,530,119,112,103,107,89,491,92,107,77,84,68,63,203,46,65,46,46,395,36,45,76,88,150,2337,163,199,203,233,241,256,231,308,242,261,2504,243,217,204,188,184,187,166,177,174,133,140,134,127,111,119,1298,132,112,104,100,83,90,90,89,76,79,91,73,69,67,43,455,38,46,55,38,57,51,42,52,42,34,254,31,23,34,36,30,26,18,19,14,23,84,15,14,8,13,5,7,4,6,1,4,3,2,1,1,0,0
2021,"Wandsworth 026","E02000948",10029,511,126,96,107,91,91,401,70,96,83,79,73,410,78,70,75,69,59,59,199,50,62,46,41,760,35,61,99,212,353,3597,427,470,477,447,382,351,292,278,246,227,2133,213,180,190,173,138,138,128,136,121,118,103,123,132,114,126,1138,97,85,72,108,92,83,76,75,62,69,76,63,74,57,49,440,46,46,38,64,28,38,54,41,51,34,309,34,56,33,35,23,35,20,25,18,30,131,20,24,9,13,15,18,7,7,6,2,2,3,3,0,2,0
2021,"Wandsworth 027","E02000949",10003,509,137,93,80,92,107,468,88,91,93,108,88,540,100,96,98,74,91,81,236,62,55,71,48,595,31,30,115,155,264,2766,283,344,328,321,364,253,226,269,201,177,2193,165,186,134,167,142,144,143,173,134,144,137,130,142,135,117,1644,124,110,131,132,127,136,123,142,118,103,91,78,87,79,63,627,65,64,56,41,62,56,58,64,57,104,297,35,38,43,29,26,26,21,19,30,30,128,22,18,14,14,10,15,10,5,5,8,0,4,1,1,0,1
2021,"Wandsworth 028","E02000950",7586,408,76,66,86,96,84,439,89,95,90,92,73,513,90,92,86,86,77,82,300,86,82,75,57,456,50,61,78,113,154,1446,157,137,120,143,154,133,166,142,153,141,1934,155,148,141,162,137,133,135,152,138,111,128,102,103,101,88,1207,90,93,88,88,111,86,92,88,82,82,78,72,56,49,52,513,59,49,54,52,60,54,45,47,45,48,269,40,37,36,47,16,24,18,24,11,16,101,10,17,11,9,14,9,5,2,9,4,3,3,3,1,1,0
2021,"Wandsworth 029","E02000951",6433,298,85,59,57,50,47,253,49,51,47,52,54,298,65,52,55,46,40,40,168,47,40,48,33,530,39,58,92,129,212,2048,230,273,237,241,236,218,167,167,164,115,1221,96,118,87,70,70,82,100,69,60,84,69,91,74,75,76,968,69,79,72,68,74,92,70,71,61,45,81,56,49,41,40,362,41,34,57,41,32,29,34,34,36,24,194,24,22,20,24,17,19,14,17,17,20,93,9,14,12,15,9,1,9,7,2,6,1,4,1,3,0,0
2021,"Wandsworth 030","E02000952",6156,317,69,68,59,62,59,265,46,49,48,59,63,321,40,56,60,67,47,51,154,50,49,28,27,485,29,38,95,122,201,1799,225,246,253,217,193,165,130,133,113,124,1225,91,78,96,78,85,92,60,62,66,91,89,96,67,81,93,987,80,74,73,87,81,67,75,80,67,44,64,49,44,51,51,341,35,41,27,35,28,42,30,36,40,27,182,23,28,20,20,21,19,22,10,15,4,80,10,15,12,9,5,5,6,5,4,0,4,2,1,0,2,0
2021,"Wandsworth 031","E02000953",7502,559,142,122,119,94,82,346,79,66,68,60,73,336,70,66,44,63,54,39,346,44,32,127,143,511,95,84,78,110,144,2122,148,161,222,234,236,234,232,234,233,188,1905,191,192,169,146,134,129,154,102,118,114,120,81,90,90,75,875,93,63,67,69,53,74,69,48,57,52,50,54,43,40,43,287,35,31,29,26,35,20,29,35,26,21,158,26,22,21,17,16,9,12,12,13,10,57,16,8,2,9,5,5,3,3,2,1,0,3,0,0,0,0
2021,"Wandsworth 032","E02000954",6102,353,71,80,78,62,62,322,63,73,69,57,60,293,56,40,51,45,52,49,182,52,46,48,36,529,40,83,98,134,174,1611,199,197,191,176,188,197,122,131,106,104,1252,120,102,106,100,79,78,71,91,95,85,65,68,62,62,68,847,69,65,77,57,74,67,48,49,66,56,47,39,52,34,47,357,35,34,45,41,33,41,29,36,36,27,249,31,22,29,30,27,20,24,21,26,19,107,22,12,19,11,7,11,4,3,4,5,2,3,2,0,0,2
2021,"Wandsworth 033","E02000955",6893,353,65,82,64,56,86,377,73,75,77,74,78,425,70,65,66,70,47,107,218,58,59,57,44,560,54,70,93,157,186,1823,217,253,194,187,228,204,147,149,128,116,1474,102,149,108,104,97,127,81,99,136,94,121,58,68,62,68,907,59,62,71,53,82,60,82,56,63,56,71,58,49,39,46,418,50,34,42,45,37,50,37,42,46,35,257,29,30,25,25,26,28,26,27,22,19,81,16,11,10,11,7,6,7,3,1,3,1,0,0,1,0,4
2021,"Wandsworth 034","E02000956",7423,362,82,77,77,63,63,314,63,57,66,66,62,378,82,56,61,66,57,56,240,60,56,45,79,905,161,185,160,163,236,2131,231,237,269,246,269,226,173,157,165,158,1597,118,177,145,127,93,121,130,101,92,96,84,81,76,79,77,941,83,66,80,69,67,60,69,63,51,66,51,87,44,50,35,307,34,27,26,31,27,34,29,25,41,33,175,22,21,12,20,17,21,20,18,9,15,73,12,12,13,10,5,5,3,4,3,0,1,3,2,0,0,0
2021,"Wandsworth 035","E02000957",10862,624,141,122,143,112,106,578,98,122,99,125,134,529,104,91,95,87,88,64,296,85,75,74,62,825,106,103,135,218,263,3237,300,348,365,377,411,312,294,328,249,253,2395,202,223,196,184,168,179,194,156,134,131,128,133,133,134,100,1406,131,114,119,102,103,102,109,102,94,74,74,67,92,59,64,517,52,41,66,65,43,50,51,50,55,44,320,31,36,36,32,23,36,41,30,28,27,135,27,17,17,12,13,7,11,10,6,2,4,5,1,1,0,2
2021,"Wandsworth 036","E02000958",8265,421,78,100,82,82,79,502,86,110,80,104,122,658,98,115,111,126,108,100,521,111,90,137,183,575,140,92,103,109,131,1266,144,115,142,158,126,142,123,106,113,97,1739,112,135,108,141,126,99,95,120,122,119,110,115,117,117,103,1466,119,119,107,119,110,128,99,109,95,87,75,66,90,71,72,605,69,58,73,64,66,66,56,56,55,42,358,30,44,38,44,36,35,33,39,33,26,154,25,26,24,19,9,9,14,9,7,5,0,1,3,2,0,1
2021,"Wandsworth 037","E02000959",7871,521,113,113,110,98,87,504,116,93,90,112,93,520,88,90,91,90,83,78,299,81,87,70,61,502,54,139,78,100,131,1567,155,119,156,130,190,160,157,154,178,168,1978,184,175,155,152,135,124,137,117,103,89,119,142,120,128,98,1268,77,90,118,112,116,88,95,90,101,65,78,74,57,61,46,395,56,44,67,37,26,29,44,31,26,35,232,44,12,20,36,17,30,22,24,14,13,85,20,9,12,8,8,7,3,4,3,3,1,2,2,1,1,1
2021,"Wandsworth 038","E02007083",7717,464,103,90,129,70,72,270,52,60,51,64,43,236,47,31,39,40,53,26,171,33,32,43,63,717,90,109,124,180,214,2776,261,361,312,254,293,326,248,265,234,222,2069,226,200,154,171,197,149,173,125,99,116,79,94,108,99,79,759,57,52,58,57,85,55,54,46,50,86,33,27,32,40,27,150,18,16,19,19,21,14,8,9,16,10,72,11,14,5,15,3,2,8,6,1,7,33,11,6,4,3,3,0,2,2,1,1,0,0,0,0,0,0
2021,"Wandsworth 039","E02007084",9875,488,80,113,107,85,103,480,99,96,95,89,101,632,98,99,126,114,110,85,375,114,101,81,79,844,96,132,139,209,268,2710,338,349,368,274,278,231,234,223,210,205,2106,200,188,149,143,134,170,153,105,125,116,114,127,131,130,121,1450,104,111,128,103,99,119,120,98,107,85,69,77,87,74,69,459,67,53,50,45,50,37,48,42,31,36,246,27,30,24,35,11,27,36,22,20,14,85,20,16,6,6,5,5,11,7,1,4,3,0,1,0,0,0
2021,"Westminster 001","E02000960",6157,263,54,43,46,68,52,290,52,56,55,62,65,380,61,64,74,66,60,55,216,84,58,37,37,402,70,73,69,96,94,1103,83,115,95,114,127,113,93,139,105,119,1507,103,137,89,84,92,79,82,103,121,87,101,117,128,106,78,1016,69,84,83,69,78,78,95,91,50,57,68,55,56,52,31,456,60,47,42,40,43,38,37,48,49,52,334,43,46,43,29,23,29,30,23,31,37,190,21,18,16,33,17,18,13,12,7,7,10,4,4,4,1,5
2021,"Westminster 002","E02000961",9810,548,97,128,95,97,131,533,82,129,96,95,131,709,120,125,133,117,104,110,440,125,146,104,65,726,139,83,152,192,160,1901,196,149,209,211,176,192,186,216,162,204,2147,184,152,151,143,154,168,151,118,151,141,114,136,110,137,137,1740,125,137,189,144,161,113,100,137,160,102,96,74,72,80,50,560,59,76,45,58,60,56,49,47,55,55,349,54,53,37,36,19,40,36,24,20,30,157,20,20,16,17,23,14,10,9,7,4,6,3,3,3,0,2
2021,"Westminster 003","E02000962",7698,319,56,65,58,71,69,296,58,44,60,64,70,362,54,55,69,54,72,58,248,65,55,69,59,525,65,89,102,128,141,1721,156,143,190,171,201,185,162,181,164,168,1666,150,136,160,105,124,109,115,93,103,105,92,106,90,85,93,1324,103,115,114,112,108,78,88,96,74,71,83,76,82,70,54,634,72,45,55,74,68,61,77,62,52,68,418,57,53,50,44,37,34,34,42,29,38,185,25,17,28,16,14,18,16,14,6,6,9,6,1,4,1,4
2021,"Westminster 004","E02000963",10523,564,113,113,94,107,137,573,111,92,125,115,130,744,114,132,121,126,109,142,541,148,133,122,138,799,166,166,163,159,145,1895,204,178,225,214,161,193,185,191,186,158,2141,168,164,145,134,159,129,136,108,127,158,140,113,153,156,151,2104,151,171,124,202,172,180,149,135,139,109,162,106,98,101,105,671,93,90,71,72,66,54,58,81,52,34,386,53,50,48,38,37,37,26,38,30,29,105,27,15,11,8,12,10,7,5,3,0,1,4,0,0,0,2
2021,"Westminster 005","E02000964",12145,579,124,115,122,91,127,517,107,120,96,103,91,754,129,120,109,146,129,121,561,140,164,141,116,1009,122,140,186,266,295,2487,249,250,257,248,282,268,271,244,239,179,2660,207,176,156,185,214,204,213,176,158,159,149,144,184,178,157,2333,184,157,230,181,161,193,166,138,158,137,143,128,124,120,113,746,100,95,89,81,88,68,59,69,47,50,371,57,47,40,27,43,30,38,36,36,17,128,22,16,22,13,14,13,6,11,6,3,0,1,1,0,0,0
2021,"Westminster 006","E02000965",7877,412,114,90,71,69,68,321,61,76,56,58,70,343,59,55,65,59,50,55,176,49,54,31,42,684,70,106,128,162,218,1988,190,184,217,219,188,210,181,198,191,210,2031,169,189,171,163,166,149,157,123,114,109,105,112,116,93,95,1250,96,107,109,85,94,86,85,96,86,84,72,69,73,59,49,411,47,43,44,45,65,41,42,33,21,30,203,30,30,29,27,17,13,18,6,23,10,58,10,10,7,11,8,2,0,1,1,2,2,2,0,0,2,0
2021,"Westminster 007","E02000966",9254,428,87,90,81,92,78,423,89,85,81,79,89,437,90,69,77,78,58,65,311,63,71,122,55,569,54,116,98,134,167,1774,135,163,168,164,176,178,175,278,180,157,2358,143,165,132,184,145,129,148,192,176,168,159,162,170,155,130,1772,147,105,136,156,179,133,154,102,156,105,89,89,90,73,58,688,88,60,73,67,64,97,61,62,58,58,363,60,52,31,32,40,28,44,33,25,18,131,27,18,14,16,10,9,10,5,6,7,3,1,3,0,1,1
2021,"Westminster 008","E02000967",6054,220,62,29,39,39,51,180,36,26,43,38,37,228,51,29,34,44,40,30,203,46,49,43,65,676,113,101,146,158,158,1649,136,149,213,227,180,147,175,146,156,120,1182,84,112,88,100,73,73,88,80,74,69,54,71,64,78,74,922,76,80,59,91,66,63,62,70,84,59,43,48,52,36,33,388,41,38,50,36,29,34,52,42,33,33,276,36,36,35,26,28,15,22,32,26,20,130,20,17,13,10,15,11,9,10,8,6,4,4,0,2,0,1
2021,"Westminster 009","E02000968",14483,720,140,167,180,110,123,662,131,108,129,148,146,1063,158,177,170,233,143,182,840,198,219,196,227,1558,248,281,288,382,359,2717,313,343,266,287,263,254,341,253,188,209,2516,191,160,147,156,177,172,167,144,162,133,181,180,210,165,171,2602,213,188,174,196,190,261,196,154,138,243,159,118,136,117,119,970,133,90,110,104,89,104,96,73,83,88,627,64,60,48,82,48,66,63,63,78,55,208,35,36,26,24,15,19,18,8,7,5,3,5,3,0,0,4
2021,"Westminster 010","E02000969",9606,458,81,91,95,98,93,504,120,92,73,104,115,809,115,134,126,138,150,146,570,155,148,131,136,794,129,180,136,152,197,1757,188,172,153,179,152,197,196,181,155,184,2005,149,126,131,147,135,145,143,138,108,117,144,140,141,119,122,1776,116,150,141,159,146,128,133,131,113,96,150,84,81,80,68,497,60,65,60,44,54,58,41,39,36,40,292,32,32,26,26,31,35,29,25,36,20,144,23,17,21,13,12,9,9,10,7,6,2,3,7,0,2,3
2021,"Westminster 011","E02000970",6835,244,61,43,56,33,51,182,32,33,36,36,45,283,39,44,49,38,57,56,176,31,42,36,67,606,102,104,150,108,142,1482,157,139,153,139,175,183,172,136,117,111,1452,115,103,137,110,110,95,105,79,78,86,86,90,81,97,80,1428,82,131,90,99,118,104,101,90,80,99,80,143,61,63,87,550,73,59,57,56,48,60,55,56,49,37,283,32,49,32,31,29,27,22,28,17,16,149,24,15,18,17,11,13,9,4,15,14,1,1,3,2,1,1
2021,"Westminster 012","E02000971",7475,254,90,47,35,42,40,227,43,40,51,37,56,246,48,38,43,40,45,32,237,43,40,57,97,866,164,179,163,173,187,2002,215,212,199,234,229,211,226,172,156,148,1685,141,129,101,104,164,105,132,79,97,128,93,85,114,91,122,1149,66,87,108,95,109,85,93,65,68,86,80,55,43,55,54,450,46,59,55,33,51,30,49,40,31,56,265,40,29,28,33,30,18,21,32,16,18,94,20,12,11,5,10,10,6,5,6,2,2,1,1,0,1,2
2021,"Westminster 013","E02000972",7868,181,43,38,45,27,28,203,44,58,26,37,38,224,44,45,42,35,26,32,292,31,57,56,148,1210,307,223,233,226,221,1938,172,257,199,193,227,249,145,188,167,141,1683,145,130,119,135,100,95,131,98,120,103,77,138,91,100,101,1327,90,100,89,121,91,75,111,91,87,88,64,96,70,62,92,435,59,53,56,35,35,42,34,45,41,35,298,38,30,32,32,17,37,33,37,18,24,77,13,12,8,8,7,7,4,7,3,3,4,0,0,1,0,0
2021,"Westminster 014","E02000973",9965,457,96,98,107,76,80,340,75,64,63,63,75,371,71,47,52,79,57,65,269,44,94,82,49,863,143,157,170,156,237,2416,293,255,206,249,234,254,260,219,263,183,2480,232,176,182,139,169,162,178,119,120,233,106,180,135,172,177,1672,121,104,148,145,118,118,116,113,155,86,102,80,81,118,67,622,72,62,71,41,57,53,59,50,108,49,356,49,37,41,73,27,37,27,23,16,26,119,23,16,14,15,15,13,5,5,3,3,5,1,0,0,1,0
2021,"Westminster 015","E02000974",8694,378,98,65,60,91,64,284,57,71,43,54,59,356,91,54,52,51,64,44,526,59,66,171,230,1047,151,211,197,222,266,1937,241,219,195,177,190,204,165,196,196,154,1823,143,158,139,129,101,119,87,155,106,133,119,82,81,122,149,1340,97,97,122,129,79,105,95,94,78,78,66,79,68,89,64,574,56,51,73,45,85,56,48,51,64,45,311,40,28,36,60,35,23,27,19,25,18,118,18,20,13,12,15,10,7,7,7,1,3,0,2,2,1,0
2021,"Westminster 016","E02000975",7422,279,82,60,47,49,41,203,61,32,44,29,37,184,31,27,33,34,19,40,216,62,27,50,77,866,69,114,256,223,204,2156,238,259,242,238,212,224,203,185,172,183,1655,155,157,137,135,99,103,112,102,101,89,110,80,106,107,62,1110,110,81,114,84,97,110,65,66,62,66,56,38,46,73,42,425,44,39,38,36,34,69,42,36,39,48,247,34,24,36,25,49,12,20,20,14,13,81,12,18,7,9,2,13,5,2,3,6,2,1,1,0,0,0
2021,"Westminster 017","E02000976",8429,334,71,73,79,52,59,281,58,55,39,58,71,303,58,52,49,37,55,52,253,38,70,69,76,878,122,144,198,187,227,2223,217,252,250,188,222,243,214,254,209,174,2027,210,168,157,155,114,145,145,123,114,122,119,87,127,131,110,1215,107,112,92,91,120,82,93,82,71,61,66,69,65,41,63,475,50,43,52,63,46,56,44,36,39,46,333,43,44,45,31,56,25,29,22,20,18,107,14,19,15,9,12,11,8,4,6,2,2,2,0,0,2,1
2021,"Westminster 018","E02000977",6387,173,49,28,39,32,25,115,23,26,19,25,22,181,22,26,24,32,33,44,377,38,44,122,173,840,169,115,185,209,162,1338,165,188,117,141,127,115,113,125,135,112,1351,124,127,86,95,93,80,89,84,124,72,61,78,74,94,70,1179,83,84,107,84,90,83,77,77,79,89,88,73,37,74,54,494,68,56,49,47,51,39,44,58,39,43,239,40,34,36,21,21,20,14,19,22,12,100,16,22,13,9,9,6,6,3,7,1,2,2,1,1,0,2
2021,"Westminster 019","E02000978",7127,281,58,54,58,59,52,277,43,66,63,61,44,308,40,58,46,74,37,53,846,58,82,318,388,749,193,133,104,151,168,881,122,117,102,84,78,61,70,79,94,74,1244,69,79,68,73,73,60,129,94,77,82,63,110,98,72,97,1442,113,72,130,104,115,83,101,85,110,116,121,77,59,86,70,566,64,53,69,61,43,58,55,59,46,58,371,44,55,32,38,43,25,22,31,38,43,162,27,24,30,13,14,15,8,5,3,6,7,3,1,2,2,2
2021,"Westminster 020","E02000979",8085,284,48,63,60,64,49,283,62,46,53,54,68,433,65,67,64,74,96,67,380,89,94,106,91,812,117,132,163,215,185,1778,213,201,189,194,189,175,174,159,141,143,1625,116,124,115,103,132,94,119,85,101,103,133,106,94,107,93,1409,129,107,108,113,108,100,85,95,89,102,82,73,71,81,66,611,72,66,72,73,60,54,49,56,54,55,343,49,39,45,37,41,26,37,26,29,14,127,19,14,14,16,10,12,11,11,4,6,1,2,3,3,0,1
2021,"Westminster 021","E02000980",8724,299,57,68,58,58,58,326,59,56,49,67,95,442,79,63,65,67,84,84,306,61,69,79,97,870,145,147,169,204,205,1864,179,168,226,217,205,210,162,175,154,168,1751,119,156,102,133,111,107,138,87,84,113,100,106,116,124,155,1652,127,132,129,124,166,126,115,107,89,89,111,88,91,82,76,701,80,91,61,83,78,59,57,72,70,50,362,58,43,49,38,41,30,31,28,17,27,151,25,25,19,14,18,15,6,5,5,7,3,3,1,1,2,2
2021,"Westminster 022","E02000981",8275,220,60,33,39,46,42,222,37,46,41,47,51,309,53,49,58,56,50,43,243,48,64,54,77,780,55,113,141,183,288,2154,215,266,228,253,261,236,204,173,182,136,1690,165,116,119,133,134,101,88,86,113,99,93,90,102,126,125,1721,176,136,120,195,110,123,100,114,78,78,79,101,112,90,109,566,67,64,45,49,68,55,38,72,57,51,271,32,39,57,29,32,14,16,20,14,18,99,17,18,13,10,6,10,6,2,7,2,4,1,0,1,1,1
2021,"Westminster 023","E02000982",7636,304,62,64,54,58,66,314,65,61,56,63,69,444,63,89,73,71,74,74,370,102,88,98,82,562,80,92,94,137,159,1396,175,132,160,155,129,145,152,110,140,98,1733,159,114,82,82,153,67,115,107,129,123,116,95,158,133,100,1469,85,142,108,121,112,112,101,106,85,93,95,88,84,68,69,588,71,58,59,60,69,52,54,53,57,55,338,46,53,37,43,33,25,17,30,19,35,118,19,9,20,15,8,9,11,8,7,1,4,1,0,1,2,3
2021,"Westminster 024","E02000983",7695,318,60,55,59,68,76,314,65,57,49,72,71,472,74,72,78,81,71,96,298,77,57,86,78,639,82,95,100,200,162,1601,194,222,163,168,204,170,110,136,116,118,1502,130,106,112,97,119,98,86,89,77,91,102,117,81,93,104,1433,103,87,104,112,109,106,130,79,106,88,94,94,73,77,71,565,67,62,48,54,53,45,53,65,57,61,373,64,43,33,36,43,36,32,25,36,25,180,25,26,19,26,8,12,15,10,17,0,6,8,3,1,2,2
