"date","geography","geography code","Passports held: Total; measures: Value","Passports held: Europe; measures: Value","Passports held: Europe: United Kingdom; measures: Value","Passports held: Europe: Ireland; measures: Value","Passports held: Europe: Other Europe; measures: Value","Passports held: Europe: Other Europe: EU Member countries; measures: Value","Passports held: Europe: Other Europe: EU Member countries: France; measures: Value","Passports held: Europe: Other Europe: EU Member countries: Germany; measures: Value","Passports held: Europe: Other Europe: EU Member countries: Italy; measures: Value","Passports held: Europe: Other Europe: EU Member countries: Portugal; measures: Value","Passports held: Europe: Other Europe: EU Member countries: Spain; measures: Value","Passports held: Europe: Other Europe: EU Member countries: Lithuania; measures: Value","Passports held: Europe: Other Europe: EU Member countries: Poland; measures: Value","Passports held: Europe: Other Europe: EU Member countries: Romania; measures: Value","Passports held: Europe: Other Europe: EU Member countries: Other EU countries; measures: Value","Passports held: Europe: Other Europe: Rest of Europe; measures: Value","Passports held: Europe: Other Europe: Rest of Europe: Turkey; measures: Value","Passports held: Europe: Other Europe: Rest of Europe: Other Europe; measures: Value","Passports held: Africa; measures: Value","Passports held: Africa: North Africa; measures: Value","Passports held: Africa: Central and Western Africa; measures: Value","Passports held: Africa: South and Eastern Africa; measures: Value","Passports held: Middle East and Asia; measures: Value","Passports held: Middle East and Asia: Middle East; measures: Value","Passports held: Middle East and Asia: Eastern Asia; measures: Value","Passports held: Middle East and Asia: Southern Asia; measures: Value","Passports held: Middle East and Asia: South-East Asia; measures: Value","Passports held: Middle East and Asia: Central Asia; measures: Value","Passports held: The Americas and the Caribbean; measures: Value","Passports held: The Americas and the Caribbean: North America and the Caribbean; measures: Value","Passports held: The Americas and the Caribbean: Central and South America; measures: Value","Passports held: Antarctica and Oceania, including Australasia; measures: Value","Passports held: British Overseas Territories; measures: Value","Passports held: No passport held; measures: Value"
2021,"City of London 001","E02000001",8582,7220,5465,129,1626,1445,201,128,257,71,168,23,112,47,438,181,28,153,68,28,14,26,637,40,341,145,103,8,321,236,85,139,1,196
2021,"Barking and Dagenham 001","E02000002",8281,6860,5832,65,963,892,20,12,50,60,29,125,112,369,115,71,3,68,202,14,153,35,263,1,6,234,21,1,40,36,4,7,0,909
2021,"Barking and Dagenham 002","E02000003",11543,9796,7616,136,2044,1963,49,51,140,102,51,248,137,926,259,81,7,74,180,8,126,46,643,9,6,599,29,0,36,20,16,3,0,885
2021,"Barking and Dagenham 003","E02000004",6636,5662,4836,47,779,736,28,12,38,37,11,166,53,259,132,43,13,30,99,6,70,23,143,0,10,115,18,0,23,17,6,0,0,709
2021,"Barking and Dagenham 004","E02000005",11082,9172,7447,54,1671,1592,41,44,142,152,48,253,106,526,280,79,9,70,271,7,215,49,568,3,17,525,20,3,56,37,19,2,0,1013
2021,"Barking and Dagenham 006","E02000007",10157,8125,6687,48,1390,1337,68,43,118,107,44,247,94,406,210,53,7,46,347,10,294,43,270,5,11,232,17,5,28,24,4,0,0,1387
2021,"Barking and Dagenham 007","E02000008",13254,10847,8621,63,2163,2067,39,30,205,163,86,478,136,640,290,96,9,87,362,3,304,55,423,3,11,396,13,0,49,37,12,0,0,1573
2021,"Barking and Dagenham 008","E02000009",12864,10700,8039,43,2618,2511,63,46,263,213,72,442,115,692,605,107,12,95,350,13,284,53,533,6,17,481,29,0,74,51,23,5,0,1202
2021,"Barking and Dagenham 009","E02000010",9483,7770,5971,48,1751,1675,22,18,100,87,63,432,123,562,268,76,4,72,286,12,237,37,233,4,2,200,25,2,24,16,8,1,0,1169
2021,"Barking and Dagenham 010","E02000011",7028,5921,4568,43,1310,1266,20,14,91,69,14,231,73,549,205,44,5,39,204,4,187,13,218,1,19,173,24,1,21,14,7,0,0,664
2021,"Barking and Dagenham 011","E02000012",11509,10173,8969,33,1171,1112,42,44,119,60,56,152,54,399,186,59,2,57,142,17,103,22,526,2,8,495,17,4,55,35,20,1,0,612
2021,"Barking and Dagenham 012","E02000013",9399,7641,5887,33,1721,1616,42,14,99,110,35,398,102,560,256,105,28,77,269,10,235,24,250,4,13,217,15,1,33,23,10,1,0,1205
2021,"Barking and Dagenham 013","E02000014",9865,7956,6066,60,1830,1770,29,16,99,117,44,396,115,647,307,60,11,49,304,7,266,31,280,3,27,227,23,0,22,20,2,2,0,1301
2021,"Barking and Dagenham 014","E02000015",8231,6619,5389,52,1178,1135,30,25,102,81,40,213,75,328,241,43,6,37,399,15,336,48,200,9,16,146,28,1,28,19,9,2,0,983
2021,"Barking and Dagenham 015","E02000016",10569,7997,5723,58,2216,2114,83,21,411,201,104,226,141,468,459,102,14,88,423,26,315,82,1378,9,33,1295,41,0,60,40,20,2,0,709
2021,"Barking and Dagenham 016","E02000017",9132,7725,5508,35,2182,2099,29,38,266,133,67,253,73,774,466,83,11,72,154,5,128,21,733,1,20,688,24,0,39,33,6,8,0,473
2021,"Barking and Dagenham 017","E02000018",9553,7755,5984,36,1735,1670,43,19,125,141,54,353,86,582,267,65,3,62,267,6,235,26,314,1,13,290,10,0,41,28,13,3,0,1173
2021,"Barking and Dagenham 018","E02000019",9663,8040,6298,49,1693,1630,35,42,198,114,34,367,106,381,353,63,8,55,285,11,244,30,283,4,22,242,15,0,35,21,14,1,0,1019
2021,"Barking and Dagenham 019","E02000020",14053,11516,8846,55,2615,2541,54,41,295,232,56,374,188,720,581,74,14,60,461,18,343,100,841,6,20,778,37,0,60,35,25,8,0,1167
2021,"Barking and Dagenham 020","E02000021",8761,7191,5405,87,1699,1634,37,41,127,122,53,394,151,479,230,65,4,61,432,18,367,47,246,3,8,219,12,4,40,26,14,1,0,851
2021,"Barking and Dagenham 021","E02000022",7740,6345,4992,37,1316,1263,47,30,173,150,40,177,133,236,277,53,10,43,345,17,280,48,439,5,10,409,14,1,45,33,12,6,0,560
2021,"Barking and Dagenham 022","E02000023",8025,6511,5355,19,1137,1083,41,53,111,137,31,156,75,251,228,54,6,48,451,7,368,76,256,5,4,234,11,2,46,25,21,2,0,759
2021,"Barking and Dagenham 023","E02006799",12042,9918,7920,80,1918,1847,66,29,294,119,97,325,118,500,299,71,5,66,262,15,201,46,638,3,7,612,16,0,44,33,11,5,0,1175
2021,"Barnet 001","E02000024",10839,9939,8719,249,971,889,67,56,134,126,56,21,85,101,243,82,20,62,83,15,35,33,272,29,84,97,61,1,72,39,33,18,0,455
2021,"Barnet 002","E02000025",8576,7800,6711,188,901,815,40,19,80,36,23,39,151,118,309,86,17,69,75,11,32,32,156,24,45,51,34,2,41,20,21,17,0,487
2021,"Barnet 003","E02000026",6452,5952,5392,78,482,415,19,7,64,20,20,2,59,69,155,67,24,43,37,5,8,24,85,12,25,25,19,4,39,28,11,10,0,329
2021,"Barnet 004","E02000027",9647,8473,7337,192,944,867,37,20,107,96,88,32,136,116,235,77,26,51,109,10,61,38,212,13,70,92,36,1,55,32,23,9,0,789
2021,"Barnet 005","E02000028",6533,5975,5063,143,769,676,42,36,67,46,54,23,89,108,211,93,19,74,59,8,24,27,159,33,35,71,18,2,52,27,25,11,0,277
2021,"Barnet 006","E02000029",9678,8719,7356,137,1226,1063,31,27,117,86,58,23,142,174,405,163,42,121,95,8,40,47,217,58,37,72,48,2,66,23,43,14,0,567
2021,"Barnet 007","E02000030",9453,8634,7898,114,622,582,83,30,53,44,11,14,77,95,175,40,9,31,79,8,56,15,254,39,80,85,44,6,45,34,11,18,0,423
2021,"Barnet 008","E02000031",8327,7567,6565,200,802,694,22,21,110,26,46,14,113,90,252,108,29,79,45,16,11,18,309,80,108,76,45,0,72,43,29,27,0,307
2021,"Barnet 009","E02000032",7940,7544,6718,131,695,594,43,22,66,12,36,16,71,79,249,101,59,42,28,3,14,11,121,8,43,52,18,0,47,24,23,10,0,190
2021,"Barnet 010","E02000033",8891,8169,6889,186,1094,998,34,13,87,59,46,26,188,201,344,96,29,67,70,19,26,25,171,65,20,63,22,1,48,30,18,4,0,429
2021,"Barnet 011","E02000034",9086,8239,6729,207,1303,1165,43,34,162,35,48,38,201,155,449,138,34,104,66,20,27,19,231,56,66,80,29,0,85,49,36,31,0,434
2021,"Barnet 012","E02000035",8531,7325,5841,137,1347,1170,50,44,132,102,62,28,141,246,365,177,62,115,127,22,67,38,589,135,217,154,81,2,102,64,38,21,0,367
2021,"Barnet 013","E02000036",11243,10155,8492,103,1560,1488,39,23,68,118,33,21,165,725,296,72,3,69,121,6,84,31,310,80,30,147,50,3,61,38,23,10,0,586
2021,"Barnet 014","E02000037",10832,10040,8896,65,1079,1002,43,40,48,65,33,24,71,439,239,77,16,61,86,11,59,16,290,80,48,124,34,4,46,43,3,4,0,366
2021,"Barnet 015","E02000038",10720,9714,8000,215,1499,1350,41,25,180,56,79,31,195,197,546,149,37,112,111,31,54,26,291,76,61,117,33,4,109,68,41,35,0,460
2021,"Barnet 016","E02000039",7167,6619,5663,128,828,767,60,24,57,69,37,22,59,227,212,61,4,57,67,5,34,28,194,47,43,67,34,3,45,26,19,9,0,233
2021,"Barnet 017","E02000040",9140,8107,7127,101,879,795,51,45,103,64,40,37,103,133,219,84,33,51,134,38,46,50,412,87,158,105,52,10,73,41,32,14,0,400
2021,"Barnet 018","E02000041",9453,8504,6628,117,1759,1672,34,34,128,93,43,20,185,834,301,87,9,78,141,16,92,33,363,33,60,209,61,0,56,36,20,10,0,379
2021,"Barnet 019","E02000042",11557,10125,7974,207,1944,1740,89,64,275,79,90,67,223,304,549,204,44,160,126,39,41,46,728,143,259,193,94,39,134,63,71,37,0,407
2021,"Barnet 020","E02000043",7569,6505,5632,83,790,715,53,29,113,28,40,5,142,74,231,75,19,56,44,10,17,17,730,120,473,74,63,0,87,56,31,22,0,181
2021,"Barnet 021","E02000044",8847,7815,6237,144,1434,1381,29,17,69,147,99,29,164,531,296,53,3,50,161,26,113,22,338,55,55,143,78,7,52,18,34,3,0,478
2021,"Barnet 022","E02000045",10524,9506,7673,189,1644,1479,90,48,177,92,67,42,218,196,549,165,35,130,116,29,49,38,265,60,79,80,43,3,108,55,53,20,0,509
2021,"Barnet 023","E02000046",6961,6096,4619,119,1358,1224,64,40,130,53,60,32,221,240,384,134,27,107,86,17,33,36,459,78,188,143,50,0,76,47,29,22,0,222
2021,"Barnet 024","E02000047",12399,10634,7765,218,2651,2560,35,26,120,196,95,49,236,1424,379,91,8,83,251,25,178,48,641,27,130,324,159,1,97,38,59,7,0,769
2021,"Barnet 025","E02000048",10283,9310,7904,120,1286,1195,91,43,120,64,70,30,184,259,334,91,25,66,127,4,90,33,390,141,65,109,73,2,114,59,55,27,0,315
2021,"Barnet 026","E02000049",10530,9006,7346,105,1555,1496,33,34,94,216,46,22,238,446,367,59,2,57,203,25,141,37,479,59,89,202,113,16,68,36,32,21,0,753
2021,"Barnet 027","E02000050",10379,9330,7608,202,1520,1342,68,32,143,82,68,42,236,174,497,178,36,142,123,36,56,31,321,75,71,125,50,0,116,73,43,15,0,474
2021,"Barnet 028","E02000051",9161,8035,6678,106,1251,1150,73,29,145,62,61,39,197,155,389,101,28,73,123,9,75,39,563,203,138,135,86,1,104,50,54,27,0,309
2021,"Barnet 029","E02000052",9847,8854,7166,215,1473,1327,95,61,227,96,85,31,149,177,406,146,44,102,85,18,27,40,304,77,86,97,41,3,136,77,59,48,0,420
2021,"Barnet 031","E02000054",7630,6751,4881,82,1788,1681,61,42,132,95,66,29,380,435,441,107,11,96,140,13,75,52,412,126,63,142,79,2,72,28,44,9,0,246
2021,"Barnet 032","E02000055",11725,10323,7237,104,2982,2776,111,47,218,213,130,96,499,710,752,206,20,186,248,43,95,110,578,112,122,180,157,7,157,101,56,21,1,397
2021,"Barnet 033","E02000056",9131,8281,7284,97,900,786,77,57,110,39,40,21,80,68,294,114,31,83,90,14,19,57,341,108,71,107,54,1,176,111,65,66,0,177
2021,"Barnet 034","E02000057",8011,7240,5613,72,1555,1445,66,28,101,74,74,30,222,458,392,110,11,99,113,20,34,59,274,101,55,69,49,0,102,70,32,10,0,272
2021,"Barnet 035","E02000058",10225,9197,7506,116,1575,1452,78,94,193,51,95,29,228,167,517,123,13,110,94,17,42,35,423,157,82,87,97,0,154,116,38,45,0,312
2021,"Barnet 036","E02000059",11629,10117,6960,209,2948,2808,61,52,192,181,102,62,383,1194,581,140,21,119,159,25,101,33,603,86,86,294,135,2,155,40,115,16,0,579
2021,"Barnet 037","E02000060",11552,10553,8778,52,1723,1530,154,59,138,71,75,22,250,172,589,193,26,167,65,8,32,25,399,134,70,79,116,0,158,132,26,31,0,346
2021,"Barnet 038","E02000061",8345,7229,5755,59,1415,1265,116,67,184,77,89,32,147,140,413,150,36,114,135,18,55,62,532,98,196,111,120,7,181,126,55,32,0,236
2021,"Barnet 039","E02000062",6952,6110,4627,132,1351,1285,35,19,175,127,105,23,207,224,370,66,8,58,135,55,53,27,275,45,37,90,100,3,80,32,48,21,0,331
2021,"Barnet 040","E02000063",7584,6682,4863,125,1694,1607,65,43,240,79,126,26,236,203,589,87,11,76,159,34,88,37,330,102,39,74,106,9,86,39,47,14,0,313
2021,"Barnet 041","E02000064",6675,5876,4647,124,1105,1023,64,32,152,118,88,34,114,99,322,82,33,49,80,21,34,25,333,66,58,125,83,1,104,53,51,17,0,265
2021,"Barnet 042","E02006953",9166,7115,4976,77,2062,1868,67,71,183,200,105,42,240,461,499,194,42,152,240,63,136,41,1049,121,371,380,143,34,167,44,123,19,0,576
2021,"Barnet 043","E02006954",10114,8737,6304,137,2296,2155,68,56,162,171,79,46,214,878,481,141,39,102,143,34,74,35,689,59,182,287,151,10,109,57,52,12,1,423
2021,"Bexley 001","E02000065",8062,6277,5229,89,959,924,24,71,157,57,51,80,62,153,269,35,5,30,784,5,734,45,120,1,18,67,34,0,46,36,10,2,1,832
2021,"Bexley 002","E02000066",9431,7432,6260,77,1095,1050,36,69,98,37,79,107,177,181,266,45,11,34,641,9,584,48,180,3,42,106,24,5,47,28,19,7,0,1124
2021,"Bexley 003","E02000067",10234,8350,6879,75,1396,1352,59,29,102,93,46,163,215,315,330,44,8,36,411,5,353,53,254,4,29,187,34,0,52,20,32,10,0,1157
2021,"Bexley 004","E02000068",8178,6443,5609,54,780,743,21,35,94,39,14,72,111,127,230,37,7,30,419,7,367,45,231,4,13,208,6,0,39,24,15,9,0,1037
2021,"Bexley 005","E02000069",7213,6101,5478,85,538,521,19,15,27,37,36,65,72,105,145,17,7,10,204,3,180,21,170,0,17,142,7,4,39,21,18,5,0,694
2021,"Bexley 006","E02000070",8112,7179,6624,65,490,469,19,22,42,33,7,52,57,106,131,21,4,17,117,9,96,12,123,0,13,95,12,3,28,17,11,7,0,658
2021,"Bexley 007","E02000071",7671,6566,6122,61,383,364,21,19,26,16,21,46,45,71,99,19,1,18,87,4,74,9,118,1,5,103,9,0,19,12,7,6,0,875
2021,"Bexley 008","E02000072",12919,10388,9258,100,1030,987,58,46,95,36,31,110,135,166,310,43,5,38,613,8,539,66,235,10,30,178,16,1,49,31,18,10,0,1624
2021,"Bexley 009","E02000073",10729,9716,9214,90,412,393,52,11,42,21,11,29,54,74,99,19,7,12,58,0,49,9,213,0,20,176,15,2,30,22,8,2,0,710
2021,"Bexley 010","E02000074",8858,7241,6704,81,456,432,18,19,38,18,7,72,90,70,100,24,5,19,209,10,175,24,104,1,14,86,3,0,29,19,10,5,0,1270
2021,"Bexley 011","E02000075",7985,7191,6908,68,215,199,13,7,20,10,11,24,20,49,45,16,3,13,45,1,34,10,136,0,25,97,14,0,15,9,6,8,0,590
2021,"Bexley 013","E02000077",8145,7125,6586,61,478,444,15,15,32,28,17,41,63,98,135,34,4,30,58,6,36,16,245,3,31,178,7,26,23,13,10,5,1,688
2021,"Bexley 014","E02000078",7933,7022,6654,41,327,299,22,2,30,24,7,27,56,58,73,28,6,22,91,0,82,9,84,3,12,54,15,0,20,15,5,2,0,714
2021,"Bexley 015","E02000079",8773,7608,6860,97,651,598,25,8,73,53,18,70,95,82,174,53,14,39,115,7,78,30,244,4,43,160,33,4,33,21,12,12,0,761
2021,"Bexley 016","E02000080",10065,8892,8113,79,700,655,25,17,72,26,21,66,74,154,200,45,10,35,95,2,77,16,312,4,56,206,40,6,32,24,8,7,0,727
2021,"Bexley 017","E02000081",8305,7236,6717,78,441,404,23,21,63,12,10,40,52,87,96,37,6,31,79,2,58,19,147,1,29,98,18,1,23,12,11,4,0,816
2021,"Bexley 018","E02000082",9336,8494,7975,75,444,418,35,18,54,21,25,42,50,94,79,26,8,18,61,3,45,13,162,4,28,109,11,10,31,19,12,7,0,581
2021,"Bexley 019","E02000083",11269,9648,8853,75,720,665,14,40,49,45,27,90,104,137,159,55,15,40,136,8,107,21,156,2,20,111,18,5,51,24,27,6,0,1272
2021,"Bexley 020","E02000084",11114,10131,9639,95,397,348,22,4,42,13,24,17,51,57,118,49,12,37,46,0,37,9,219,3,43,144,23,6,22,16,6,13,0,683
2021,"Bexley 021","E02000085",7962,7183,6763,56,364,327,38,5,23,37,7,29,40,63,85,37,8,29,32,2,26,4,109,4,14,72,17,2,21,16,5,6,0,611
2021,"Bexley 022","E02000086",7177,6649,6368,67,214,197,8,6,18,18,12,15,28,42,50,17,2,15,12,0,11,1,51,2,7,34,8,0,7,2,5,8,0,450
2021,"Bexley 023","E02000087",8208,7590,7247,89,254,235,13,17,24,7,20,22,34,28,70,19,5,14,38,1,16,21,89,2,12,53,17,5,40,22,18,8,0,443
2021,"Bexley 024","E02000088",7748,7081,6844,60,177,158,20,3,23,6,6,17,31,5,47,19,4,15,22,3,18,1,84,2,12,65,5,0,14,9,5,8,0,539
2021,"Bexley 025","E02000089",7869,7269,6980,61,228,220,27,7,31,3,11,23,26,40,52,8,2,6,35,2,25,8,52,0,12,28,12,0,22,14,8,3,0,488
2021,"Bexley 026","E02000090",9642,8657,8065,83,509,465,20,12,69,31,25,25,85,90,108,44,10,34,49,3,36,10,139,3,28,82,22,4,46,25,21,7,0,744
2021,"Bexley 027","E02000091",10160,9075,8553,97,425,383,42,11,29,30,25,35,52,61,98,42,18,24,85,1,55,29,124,0,35,60,25,4,41,19,22,3,0,832
2021,"Bexley 028","E02000092",6755,5744,5395,47,302,286,12,3,37,16,8,53,42,41,74,16,9,7,85,0,61,24,54,2,7,28,12,5,21,16,5,6,0,845
2021,"Bexley 029","E02006785",6624,5716,5165,47,504,459,16,14,28,21,21,66,55,116,122,45,5,40,75,3,59,13,208,2,40,156,9,1,27,20,7,8,0,590
2021,"Brent 001","E02000093",11873,10620,7672,202,2746,2700,74,34,77,83,41,10,147,1968,266,46,2,44,100,13,61,26,603,19,32,474,78,0,73,41,32,9,0,468
2021,"Brent 002","E02000094",10462,9316,6848,310,2158,2098,46,52,128,92,58,42,179,1129,372,60,9,51,141,57,64,20,550,35,110,334,69,2,69,36,33,10,0,376
2021,"Brent 003","E02000095",10463,9339,6673,165,2501,2432,31,28,76,191,60,9,164,1570,303,69,19,50,62,15,29,18,620,12,16,556,36,0,58,34,24,6,0,378
2021,"Brent 004","E02000096",7632,6913,5657,128,1128,1114,19,16,42,44,15,25,60,723,170,14,2,12,23,7,9,7,413,11,14,360,28,0,34,17,17,13,1,235
2021,"Brent 005","E02000097",9530,8565,5870,374,2321,2241,36,33,108,137,53,31,244,1311,288,80,5,75,78,15,41,22,427,44,13,322,48,0,90,48,42,3,0,367
2021,"Brent 006","E02000098",8742,7777,5929,134,1714,1682,132,50,92,82,51,24,139,836,276,32,1,31,61,15,24,22,406,47,34,301,24,0,94,54,40,6,0,398
2021,"Brent 007","E02000099",9565,8440,5681,74,2685,2633,52,33,93,146,44,31,214,1604,416,52,2,50,54,14,21,19,580,46,23,466,42,3,72,25,47,12,0,407
2021,"Brent 008","E02000100",8321,7182,5963,200,1019,973,39,31,55,59,33,16,132,429,179,46,1,45,58,17,24,17,756,24,106,494,132,0,70,37,33,4,0,251
2021,"Brent 009","E02000101",9936,8664,6523,225,1916,1862,111,26,136,162,113,32,222,649,411,54,11,43,131,37,67,27,562,56,13,456,37,0,111,51,60,5,0,463
2021,"Brent 010","E02000102",8327,7341,5479,227,1635,1551,34,15,130,127,67,41,289,566,282,84,6,78,82,27,39,16,276,71,9,155,39,2,105,33,72,2,0,521
2021,"Brent 011","E02000103",9973,8679,6640,428,1611,1542,70,45,221,152,140,41,298,230,345,69,2,67,163,48,87,28,394,121,19,153,98,3,179,72,107,9,0,549
2021,"Brent 012","E02000104",7501,6565,4943,154,1468,1416,29,23,75,205,29,37,129,628,261,52,4,48,74,27,27,20,472,32,27,386,27,0,78,35,43,7,0,305
2021,"Brent 013","E02000105",9841,8079,5982,146,1951,1909,35,29,108,364,45,33,321,652,322,42,3,39,101,22,54,25,1187,37,18,1080,52,0,112,49,63,6,0,356
2021,"Brent 014","E02000106",10354,8853,6150,252,2451,2387,56,13,293,246,155,30,470,711,413,64,3,61,174,49,103,22,392,73,8,215,96,0,269,78,191,9,0,657
2021,"Brent 015","E02000107",10940,9469,6657,356,2456,2336,145,51,516,224,243,46,313,273,525,120,14,106,123,54,37,32,565,57,52,212,239,5,223,77,146,40,0,520
2021,"Brent 016","E02000108",7256,6150,4694,162,1294,1246,44,15,68,238,49,26,280,369,157,48,2,46,46,13,17,16,678,14,10,633,21,0,114,27,87,3,0,265
2021,"Brent 018","E02000110",8171,7339,5499,339,1501,1425,120,37,354,112,133,29,160,165,315,76,9,67,76,26,28,22,205,38,21,82,64,0,159,66,93,34,0,358
2021,"Brent 019","E02000111",11288,8994,6027,93,2874,2838,43,18,86,1771,75,11,196,348,290,36,0,36,82,27,39,16,1655,20,12,1596,27,0,87,49,38,2,0,468
2021,"Brent 020","E02000112",11744,9414,5758,117,3539,3482,54,37,129,1896,82,30,257,646,351,57,5,52,103,23,37,43,1709,35,52,1586,36,0,139,52,87,14,0,365
2021,"Brent 021","E02000113",9626,8479,7268,165,1046,1019,28,77,79,214,64,18,173,154,212,27,1,26,190,58,105,27,224,38,6,143,37,0,164,102,62,1,0,568
2021,"Brent 022","E02000114",8996,7727,5209,232,2286,2187,138,82,568,397,198,38,201,171,394,99,19,80,110,44,50,16,455,101,35,209,107,3,301,98,203,30,0,373
2021,"Brent 023","E02000115",8625,7560,5625,229,1706,1544,184,58,355,132,163,25,102,127,398,162,33,129,128,67,39,22,328,92,52,122,61,1,188,114,74,70,0,351
2021,"Brent 024","E02000116",8547,7110,5092,261,1757,1703,53,34,394,373,197,17,219,156,260,54,7,47,105,40,44,21,505,110,20,218,155,2,273,75,198,20,0,534
2021,"Brent 025","E02000117",12735,11010,8682,263,2065,2017,75,16,287,363,200,14,295,306,461,48,6,42,251,81,123,47,388,49,33,175,131,0,346,149,197,9,0,731
2021,"Brent 026","E02000118",11291,9292,6089,82,3121,3084,40,23,54,2054,45,20,257,284,307,37,4,33,92,22,45,25,1360,27,17,1290,26,0,61,36,25,3,1,482
2021,"Brent 027","E02000119",10626,9231,7674,123,1434,1351,79,12,163,214,112,35,265,115,356,83,14,69,225,57,123,45,326,101,43,143,38,1,237,118,119,16,0,591
2021,"Brent 028","E02000120",9022,7897,5825,283,1789,1703,241,64,341,117,224,28,107,119,462,86,10,76,138,66,43,29,303,48,38,104,111,2,245,158,87,97,0,342
2021,"Brent 029","E02000121",12236,9985,6829,66,3090,3032,54,28,89,1922,78,20,337,208,296,58,8,50,78,24,34,20,1669,84,64,1456,63,2,78,36,42,7,0,419
2021,"Brent 030","E02000122",8184,7464,6091,228,1145,1092,86,48,294,77,159,21,96,81,230,53,5,48,79,29,31,19,213,65,30,47,69,2,176,93,83,47,0,205
2021,"Brent 031","E02000123",13578,11723,8687,343,2693,2631,85,48,487,529,263,30,359,295,535,62,7,55,199,59,101,39,394,30,28,150,183,3,502,147,355,32,1,727
2021,"Brent 032","E02000124",9959,8946,7074,247,1625,1558,222,89,324,159,251,14,95,76,328,67,21,46,84,34,28,22,224,32,29,69,94,0,287,176,111,113,0,305
2021,"Brent 033","E02000125",9935,9000,7353,233,1414,1369,138,56,315,221,174,18,112,80,255,45,12,33,69,19,29,21,174,42,13,65,54,0,274,139,135,79,0,339
2021,"Brent 034","E02000126",8190,7337,6065,167,1105,1028,99,39,154,163,107,16,61,71,318,77,12,65,120,45,46,29,274,41,47,70,114,2,125,80,45,19,0,315
2021,"Brent 035","E02006955",7507,5659,3846,78,1735,1605,125,36,190,354,108,28,135,270,359,130,26,104,169,58,63,48,1200,69,219,868,38,6,201,81,120,32,0,246
2021,"Brent 036","E02006956",8830,7381,5250,121,2010,1940,46,30,91,591,52,29,223,526,352,70,11,59,125,39,59,27,899,29,134,677,52,7,137,60,77,19,0,269
2021,"Bromley 001","E02000127",9334,7907,6885,70,952,876,38,7,93,37,45,140,119,164,233,76,14,62,134,4,102,28,102,4,29,48,21,0,86,45,41,16,0,1089
2021,"Bromley 002","E02000128",7791,7129,6608,52,469,420,41,20,41,27,20,52,55,54,110,49,18,31,56,7,19,30,80,4,21,37,17,1,38,20,18,21,0,467
2021,"Bromley 004","E02000130",8426,7586,6721,143,722,670,46,32,83,56,79,27,98,86,163,52,12,40,94,11,58,25,78,9,20,31,17,1,112,65,47,33,0,523
2021,"Bromley 005","E02000131",10481,9215,7723,152,1340,1277,96,61,196,157,145,50,149,105,318,63,17,46,256,22,180,54,110,6,31,52,21,0,236,140,96,43,0,621
2021,"Bromley 006","E02000132",9835,8675,7433,156,1086,977,67,38,147,99,70,48,132,138,238,109,32,77,146,15,70,61,248,14,72,119,42,1,156,86,70,46,0,564
2021,"Bromley 007","E02000133",10749,10076,9531,138,407,367,27,30,49,16,19,28,38,16,144,40,8,32,53,5,25,23,160,12,42,71,32,3,54,37,17,35,0,371
2021,"Bromley 008","E02000134",11750,10364,8906,129,1329,1244,97,35,229,71,81,85,188,152,306,85,19,66,125,15,71,39,325,3,44,215,62,1,185,74,111,28,0,723
2021,"Bromley 009","E02000135",9870,8286,7009,88,1189,1142,94,23,136,150,134,58,171,102,274,47,15,32,208,10,158,40,145,7,25,87,26,0,202,130,72,15,0,1014
2021,"Bromley 010","E02000136",5741,5044,4790,36,218,204,14,11,14,3,13,30,50,19,50,14,1,13,43,4,28,11,67,1,31,27,8,0,20,14,6,4,0,563
2021,"Bromley 011","E02000137",8402,7633,6848,136,649,586,38,31,64,29,35,35,73,112,169,63,17,46,82,8,49,25,175,9,35,89,41,1,59,42,17,29,0,424
2021,"Bromley 012","E02000138",8503,7897,7028,150,719,646,51,35,98,16,56,28,102,50,210,73,21,52,58,5,26,27,115,11,32,55,16,1,99,56,43,30,0,304
2021,"Bromley 013","E02000139",7715,6983,6316,112,555,510,49,23,96,28,49,16,48,49,152,45,6,39,65,4,37,24,68,4,19,28,17,0,88,53,35,41,0,470
2021,"Bromley 014","E02000140",8681,7075,6506,56,513,476,22,7,57,25,34,63,90,65,113,37,7,30,103,3,72,28,126,3,9,78,35,1,48,26,22,7,0,1322
2021,"Bromley 015","E02000141",7233,6448,5743,93,612,570,43,39,85,63,67,14,93,29,137,42,2,40,96,2,73,21,70,1,13,44,12,0,121,72,49,13,0,485
2021,"Bromley 016","E02000142",8814,8008,7320,113,575,537,43,18,67,53,31,29,58,73,165,38,9,29,67,10,27,30,206,6,38,117,44,1,39,18,21,19,0,475
2021,"Bromley 018","E02000144",10062,8651,7434,139,1078,990,83,31,150,72,62,53,106,153,280,88,25,63,143,38,61,44,581,9,99,361,111,1,155,70,85,44,1,487
2021,"Bromley 019","E02000145",8826,7250,6418,64,768,726,44,28,59,36,25,123,138,81,192,42,10,32,148,1,126,21,134,2,12,83,37,0,62,42,20,8,0,1224
2021,"Bromley 020","E02000146",9700,8604,7891,105,608,564,52,22,81,52,40,21,73,72,151,44,10,34,72,13,30,29,271,9,44,174,44,0,79,43,36,21,0,653
2021,"Bromley 021","E02000147",8190,7578,7165,71,342,315,31,24,44,18,13,22,39,35,89,27,3,24,33,5,12,16,176,2,51,95,28,0,45,18,27,19,0,339
2021,"Bromley 022","E02000148",6727,6256,5928,56,272,249,15,17,25,10,19,17,20,26,100,23,5,18,22,0,12,10,94,6,35,28,25,0,35,25,10,9,0,311
2021,"Bromley 023","E02000149",8166,7005,6498,46,461,419,12,28,24,28,23,34,86,50,134,42,9,33,59,4,37,18,149,5,23,84,37,0,25,18,7,12,0,916
2021,"Bromley 024","E02000150",8519,7955,7472,129,354,324,31,20,56,20,17,10,48,36,86,30,4,26,28,3,13,12,73,7,29,25,12,0,36,22,14,19,0,408
2021,"Bromley 025","E02000151",7544,6951,6616,99,236,216,22,14,21,17,9,20,20,8,85,20,3,17,23,1,10,12,199,1,77,102,19,0,29,14,15,10,0,332
2021,"Bromley 026","E02000152",7958,6856,6341,75,440,394,32,12,50,37,31,31,55,50,96,46,8,38,72,11,25,36,144,3,27,93,21,0,66,36,30,8,0,812
2021,"Bromley 027","E02000153",8109,7579,7304,59,216,199,22,14,20,11,27,23,11,21,50,17,3,14,19,0,7,12,81,1,32,27,17,4,29,13,16,13,0,388
2021,"Bromley 028","E02000154",8527,7462,6925,58,479,437,35,20,25,40,25,41,46,63,142,42,14,28,43,2,33,8,435,5,114,167,148,1,57,38,19,17,0,513
2021,"Bromley 029","E02000155",7158,6227,5875,65,287,260,13,12,34,15,25,12,35,18,96,27,7,20,43,3,29,11,124,1,25,81,17,0,40,18,22,5,0,719
2021,"Bromley 030","E02000156",12294,11496,10844,182,470,389,35,20,47,35,26,20,45,30,131,81,35,46,38,4,17,17,87,0,15,54,18,0,53,41,12,9,0,611
2021,"Bromley 031","E02000157",8366,7634,7367,45,222,189,15,14,25,5,18,18,29,11,54,33,8,25,33,5,17,11,239,3,46,167,18,5,39,31,8,10,0,411
2021,"Bromley 032","E02000158",7785,6760,6345,45,370,340,22,24,31,24,23,25,52,25,114,30,7,23,93,3,70,20,153,1,12,116,23,1,29,21,8,5,0,745
2021,"Bromley 033","E02000159",7120,6684,6417,58,209,191,10,12,35,13,16,13,20,15,57,18,8,10,15,0,11,4,115,0,9,64,42,0,20,12,8,11,0,275
2021,"Bromley 034","E02000160",8110,7519,7148,99,272,246,28,15,33,7,19,21,22,27,74,26,6,20,29,1,17,11,57,3,10,27,17,0,20,13,7,11,0,474
2021,"Bromley 035","E02000161",8701,7750,7455,64,231,195,15,11,36,16,15,12,27,24,39,36,6,30,34,0,13,21,392,4,100,257,31,0,34,24,10,11,0,480
2021,"Bromley 036","E02000162",7119,6272,6012,54,206,183,5,18,15,23,6,4,15,25,72,23,8,15,40,0,31,9,166,5,28,96,37,0,32,26,6,10,0,599
2021,"Bromley 037","E02000163",7714,6961,6709,43,209,192,18,10,19,16,14,12,20,24,59,17,2,15,14,1,5,8,220,6,62,126,26,0,31,20,11,11,0,477
2021,"Bromley 039","E02000165",7168,6546,6335,45,166,149,14,7,15,17,1,9,9,17,60,17,1,16,18,0,10,8,21,0,9,8,4,0,8,8,0,5,1,569
2021,"Bromley 040","E02006782",8128,7120,6478,89,553,526,26,20,66,22,32,37,72,91,160,27,11,16,104,6,67,31,116,4,19,57,28,8,76,45,31,19,0,693
2021,"Bromley 041","E02006787",7898,7283,6692,133,458,425,35,25,49,41,57,17,43,60,98,33,11,22,53,4,32,17,82,3,22,37,20,0,63,38,25,13,0,404
2021,"Bromley 042","E02006789",6779,6154,5982,39,133,121,7,7,16,1,10,10,12,9,49,12,7,5,6,1,1,4,25,1,5,11,8,0,24,15,9,12,0,558
2021,"Camden 001","E02000166",7747,7065,6285,143,637,578,117,50,93,40,40,11,32,15,180,59,8,51,33,18,6,9,90,10,29,30,21,0,130,105,25,57,0,372
2021,"Camden 002","E02000167",7197,6282,5167,125,990,889,175,96,155,34,67,11,49,23,279,101,23,78,44,6,8,30,255,53,117,39,46,0,416,373,43,90,0,110
2021,"Camden 003","E02000168",7812,7120,6132,178,810,743,209,54,129,35,51,11,31,29,194,67,17,50,37,9,9,19,129,6,36,36,47,4,175,137,38,59,0,292
2021,"Camden 004","E02000169",7176,6059,4798,79,1182,1026,193,99,173,35,76,18,59,39,334,156,33,123,55,6,14,35,436,114,168,95,57,2,424,372,52,60,0,142
2021,"Camden 005","E02000170",7914,7047,5538,180,1329,1224,249,92,277,66,96,13,89,70,272,105,18,87,83,26,24,33,288,50,67,81,90,0,222,163,59,93,0,181
2021,"Camden 006","E02000171",7396,6635,5526,128,981,869,230,67,155,36,75,9,42,15,240,112,22,90,41,6,20,15,176,32,66,38,38,2,243,204,39,85,2,214
2021,"Camden 007","E02000172",9993,8773,7497,214,1062,987,247,75,144,85,97,16,63,21,239,75,18,57,67,18,27,22,233,17,70,101,44,1,194,126,68,41,0,685
2021,"Camden 008","E02000173",7494,6207,4623,146,1438,1279,224,116,214,64,128,13,79,45,396,159,43,116,59,21,16,22,645,87,248,177,128,5,341,275,66,83,0,159
2021,"Camden 009","E02000174",8084,7337,6118,213,1006,927,227,65,163,57,99,35,27,30,224,79,13,66,44,10,15,19,155,9,53,58,35,0,162,122,40,56,0,330
2021,"Camden 010","E02000175",9084,7812,6127,211,1474,1376,275,91,274,78,124,27,70,57,380,98,10,88,92,31,20,41,481,82,184,128,83,4,289,219,70,137,1,272
2021,"Camden 011","E02000176",5914,5012,3719,110,1183,1052,313,126,160,35,77,17,57,25,242,131,22,109,43,8,9,26,300,69,104,69,54,4,367,308,59,77,0,115
2021,"Camden 012","E02000177",8486,7516,6318,184,1014,917,163,58,153,79,107,15,53,23,266,97,21,76,58,17,20,21,239,33,60,84,57,5,202,145,57,76,0,395
2021,"Camden 013","E02000178",8901,7812,6024,270,1518,1412,197,72,325,99,163,31,85,73,367,106,14,92,131,42,46,43,317,61,79,83,92,2,211,154,57,84,0,346
2021,"Camden 014","E02000179",5747,4956,4138,59,759,674,147,87,108,34,44,6,36,19,193,85,7,78,42,8,19,15,273,51,104,51,62,5,251,189,62,46,0,179
2021,"Camden 015","E02000180",7881,7000,5751,127,1122,1048,185,91,154,93,121,15,69,35,285,74,17,57,66,21,23,22,275,28,89,93,57,8,185,119,66,72,0,283
2021,"Camden 016","E02000181",8074,7049,5315,179,1555,1416,382,86,220,58,107,27,55,37,444,139,35,104,66,13,16,37,406,80,149,119,57,1,274,203,71,106,0,173
2021,"Camden 017","E02000182",7118,5548,4423,54,1071,917,192,74,192,47,74,18,38,36,246,154,41,113,79,26,24,29,848,100,527,151,65,5,368,287,81,54,1,220
2021,"Camden 018","E02000183",7594,6604,5483,166,955,850,200,90,148,45,74,11,41,9,232,105,12,93,41,15,13,13,240,24,95,61,58,2,396,323,73,95,0,218
2021,"Camden 019","E02000184",8909,7604,6106,149,1349,1225,243,85,208,102,149,24,88,50,276,124,19,105,83,27,28,28,545,26,297,123,96,3,245,155,90,57,0,375
2021,"Camden 020","E02000185",8884,7682,6179,204,1299,1185,148,43,250,97,107,24,80,60,376,114,23,91,120,43,50,27,375,77,88,93,115,2,203,141,62,48,0,456
2021,"Camden 021","E02000186",6224,5293,4209,102,982,870,154,54,135,57,96,14,55,29,276,112,32,80,81,31,25,25,327,46,109,76,88,8,209,163,46,64,0,250
2021,"Camden 022","E02000187",9784,8122,6964,129,1029,931,143,48,147,115,105,17,59,35,262,98,20,78,96,26,36,34,824,29,388,218,174,15,207,147,60,22,0,513
2021,"Camden 023","E02000188",7179,6215,5286,78,851,797,130,47,132,79,104,33,56,42,174,54,8,46,63,18,34,11,488,18,218,113,136,3,102,57,45,14,0,297
2021,"Camden 026","E02000191",5336,4234,2991,90,1153,1039,234,92,134,51,125,11,60,26,306,114,46,68,44,24,5,15,739,31,320,135,247,6,167,134,33,46,0,106
2021,"Camden 027","E02000192",6656,5740,4769,111,860,785,146,56,151,46,76,12,33,18,247,75,14,61,69,16,28,25,374,20,135,107,111,1,177,131,46,49,0,247
2021,"Camden 028","E02000193",5965,4726,3627,80,1019,929,178,83,177,40,92,14,52,37,256,90,16,74,69,33,26,10,640,44,313,97,175,11,285,231,54,63,0,182
2021,"Camden 029","E02007115",11586,9458,7443,155,1860,1674,291,105,269,82,189,24,105,95,514,186,31,155,110,42,26,42,1227,75,551,304,283,14,349,220,129,81,0,361
2021,"Croydon 001","E02000194",9211,8110,7021,141,948,905,70,43,194,90,85,27,163,49,184,43,4,39,147,2,123,22,147,40,23,55,26,3,197,103,94,32,0,578
2021,"Croydon 002","E02000195",9650,8714,7528,145,1041,1009,41,24,209,137,136,29,174,84,175,32,4,28,117,3,84,30,222,3,19,168,32,0,176,90,86,17,0,404
2021,"Croydon 003","E02000196",7910,6988,5696,68,1224,1194,50,23,129,117,71,37,423,128,216,30,3,27,121,6,81,34,188,5,14,155,14,0,124,50,74,7,0,482
2021,"Croydon 004","E02000197",9027,7937,6355,76,1506,1473,38,30,161,189,143,39,515,131,227,33,1,32,151,12,107,32,276,5,16,227,28,0,172,66,106,10,0,481
2021,"Croydon 005","E02000198",8887,7623,6125,102,1396,1330,46,25,191,238,160,19,247,137,267,66,2,64,278,14,228,36,143,0,16,106,21,0,205,137,68,12,0,626
2021,"Croydon 006","E02000199",8416,7334,6132,91,1111,1089,65,45,164,166,131,21,194,126,177,22,6,16,255,2,218,35,132,4,9,101,18,0,214,137,77,6,1,474
2021,"Croydon 007","E02000200",9048,7759,6500,94,1165,1120,70,37,138,188,189,34,166,95,203,45,12,33,285,5,226,54,108,6,15,58,27,2,218,138,80,24,0,654
2021,"Croydon 008","E02000201",8694,7362,6220,83,1059,1013,59,29,139,167,136,34,164,75,210,46,6,40,273,5,203,65,95,5,14,59,17,0,186,140,46,20,0,758
2021,"Croydon 009","E02000202",8934,7554,6199,67,1288,1244,41,79,101,163,182,39,255,167,217,44,6,38,212,10,149,53,410,2,20,361,27,0,226,101,125,6,0,526
2021,"Croydon 010","E02000203",7968,6685,5242,43,1400,1350,112,41,153,257,132,36,215,178,226,50,8,42,289,12,220,57,236,10,12,187,27,0,177,114,63,4,0,577
2021,"Croydon 011","E02000204",9650,8159,6868,68,1223,1197,47,56,167,158,98,32,270,158,211,26,5,21,206,8,141,57,566,9,14,508,34,1,154,91,63,3,0,562
2021,"Croydon 013","E02000206",10821,8974,7286,90,1598,1551,97,49,147,206,182,48,251,211,360,47,5,42,362,12,278,72,291,7,50,196,37,1,272,210,62,13,0,909
2021,"Croydon 014","E02000207",8902,7651,6636,108,907,878,51,27,115,131,79,35,176,97,167,29,6,23,297,7,249,41,116,1,20,86,9,0,122,88,34,12,0,704
2021,"Croydon 015","E02000208",10865,8655,7090,46,1519,1457,82,54,184,142,168,40,238,210,339,62,4,58,373,29,251,93,660,4,12,596,46,2,228,152,76,10,0,939
2021,"Croydon 016","E02000209",9066,7501,6237,25,1239,1203,78,116,151,126,65,26,169,218,254,36,2,34,200,3,140,57,679,17,41,575,46,0,123,93,30,3,0,560
2021,"Croydon 017","E02000210",8710,7530,6315,92,1123,1085,68,30,69,90,120,33,223,252,200,38,11,27,199,3,134,62,193,4,14,157,18,0,129,84,45,15,0,644
2021,"Croydon 018","E02000211",8271,7575,7060,89,426,407,27,19,53,52,18,31,62,59,86,19,11,8,69,4,39,26,114,0,10,88,16,0,37,19,18,7,0,469
2021,"Croydon 019","E02000212",9463,7625,6202,108,1315,1278,43,43,163,178,95,23,278,193,262,37,7,30,259,17,161,81,707,3,26,627,51,0,114,86,28,6,0,752
2021,"Croydon 020","E02000213",12799,10075,7662,90,2323,2227,151,79,356,294,223,46,352,300,426,96,10,86,510,18,357,135,859,26,35,746,50,2,292,179,113,17,4,1042
2021,"Croydon 021","E02000214",6238,5651,5100,121,430,408,42,13,43,35,22,15,67,64,107,22,12,10,48,3,24,21,122,4,8,101,9,0,46,35,11,11,0,360
2021,"Croydon 022","E02000215",11826,9805,7635,132,2038,1922,100,55,232,176,135,58,372,347,447,116,17,99,311,27,208,76,589,16,40,507,23,3,194,144,50,26,0,901
2021,"Croydon 023","E02000216",7163,5861,5039,68,754,730,39,39,86,45,66,36,125,131,163,24,2,22,113,12,77,24,706,22,30,622,30,2,146,71,75,9,1,327
2021,"Croydon 024","E02000217",11921,10010,7758,108,2144,2072,89,41,186,228,133,73,514,338,470,72,18,54,312,13,211,88,456,15,78,314,47,2,205,122,83,7,0,931
2021,"Croydon 025","E02000218",6673,5825,5378,57,390,374,31,9,42,48,25,19,38,35,127,16,6,10,109,3,82,24,65,1,7,45,12,0,64,52,12,0,0,610
2021,"Croydon 026","E02000219",7630,7122,6680,83,359,344,24,32,29,30,32,9,53,66,69,15,2,13,40,2,29,9,86,1,11,44,29,1,19,15,4,9,0,354
2021,"Croydon 028","E02000221",10858,9207,8130,68,1009,962,78,24,106,132,70,44,191,130,187,47,7,40,206,13,135,58,294,4,34,210,43,3,135,104,31,12,0,1004
2021,"Croydon 029","E02000222",8348,7427,6379,86,962,923,78,31,103,115,69,19,219,128,161,39,6,33,142,8,76,58,157,10,22,104,21,0,91,63,28,17,0,514
2021,"Croydon 030","E02000223",8528,6775,6121,74,580,558,74,50,46,50,24,16,106,26,166,22,9,13,284,6,205,73,69,1,8,53,7,0,121,108,13,4,0,1275
2021,"Croydon 031","E02000224",8050,7075,6073,114,888,850,54,19,78,83,43,32,189,123,229,38,9,29,159,6,104,49,202,9,21,148,16,8,83,50,33,16,0,515
2021,"Croydon 032","E02000225",7500,6130,5611,55,464,449,30,20,60,57,11,15,107,54,95,15,1,14,150,11,113,26,57,3,9,36,9,0,44,32,12,5,0,1114
2021,"Croydon 033","E02000226",7619,6949,6541,79,329,306,26,18,25,45,20,16,39,52,65,23,1,22,45,0,37,8,165,14,59,79,13,0,44,37,7,9,0,407
2021,"Croydon 034","E02000227",11684,10255,9528,79,648,621,32,28,71,72,42,11,118,53,194,27,5,22,172,4,117,51,120,7,18,75,18,2,73,62,11,10,0,1054
2021,"Croydon 035","E02000228",7958,7433,7092,82,259,248,28,19,41,13,29,0,32,6,80,11,4,7,47,1,28,18,89,2,32,43,12,0,36,24,12,18,0,335
2021,"Croydon 036","E02000229",6234,4955,4570,24,361,345,13,27,49,39,20,12,67,33,85,16,1,15,142,3,116,23,48,0,0,35,13,0,36,31,5,4,0,1049
2021,"Croydon 037","E02000230",10503,9489,8587,138,764,722,58,42,89,67,60,13,110,87,196,42,12,30,125,8,56,61,222,8,57,126,31,0,78,55,23,14,1,574
2021,"Croydon 038","E02000231",7932,7327,6866,90,371,347,24,8,47,25,44,9,46,44,100,24,4,20,57,5,26,26,158,7,29,96,26,0,44,31,13,17,0,329
2021,"Croydon 039","E02000232",6197,5648,5418,47,183,160,13,4,26,15,14,4,26,16,42,23,9,14,24,2,15,7,74,3,20,45,6,0,17,17,0,4,0,430
2021,"Croydon 040","E02000233",6365,5708,5274,74,360,348,19,15,55,25,25,18,65,36,90,12,2,10,41,5,18,18,94,8,14,61,11,0,48,39,9,15,0,459
2021,"Croydon 041","E02000234",9449,8442,7857,86,499,459,30,18,52,36,49,20,79,30,145,40,9,31,104,1,69,34,146,5,30,86,24,1,72,34,38,19,1,665
2021,"Croydon 042","E02000235",6890,6318,5992,68,258,240,27,12,26,11,26,9,42,21,66,18,2,16,45,5,25,15,62,3,7,34,15,3,29,22,7,18,0,418
2021,"Croydon 043","E02000236",9130,8275,7844,96,335,313,19,25,27,23,25,22,45,26,101,22,8,14,53,4,17,32,168,3,29,113,16,7,50,30,20,19,0,565
2021,"Croydon 044","E02000237",7598,6867,6526,114,227,213,11,11,16,24,19,7,53,19,53,14,2,12,38,2,18,18,51,3,7,31,9,1,31,24,7,5,0,606
2021,"Croydon 045","E02006788",7608,6566,5787,95,684,661,72,28,73,68,32,15,171,68,134,23,6,17,150,2,118,30,95,3,13,71,8,0,81,62,19,12,0,704
2021,"Croydon 046","E02006987",7373,5858,4312,88,1458,1385,70,74,243,149,114,38,219,151,327,73,18,55,234,16,154,64,699,20,62,568,44,5,213,100,113,21,0,348
2021,"Croydon 047","E02006988",7160,5918,4677,78,1163,1113,56,32,135,134,53,18,220,164,301,50,11,39,226,20,123,83,309,14,31,236,25,3,93,67,26,9,0,605
2021,"Ealing 001","E02000238",10709,9338,6817,184,2337,2253,58,80,91,139,44,75,1059,406,301,84,5,79,128,29,55,44,621,43,34,493,51,0,94,61,33,18,1,509
2021,"Ealing 002","E02000239",9045,8150,6045,139,1966,1910,29,16,108,118,35,29,869,428,278,56,3,53,55,12,29,14,451,38,21,352,39,1,47,22,25,8,0,334
2021,"Ealing 003","E02000240",11211,9497,7558,160,1779,1689,37,51,76,126,70,65,643,309,312,90,1,89,115,25,66,24,673,25,36,559,53,0,79,58,21,8,1,838
2021,"Ealing 004","E02000241",7397,6424,4873,121,1430,1360,40,34,62,96,29,62,567,204,266,70,3,67,49,13,24,12,462,26,36,383,17,0,70,43,27,3,0,389
2021,"Ealing 005","E02000242",6885,6165,4616,81,1468,1429,45,13,51,156,40,14,682,199,229,39,2,37,36,23,6,7,392,38,20,297,37,0,31,13,18,5,0,256
2021,"Ealing 006","E02000243",8725,7836,5641,150,2045,1943,34,30,80,62,52,72,1045,260,308,102,3,99,70,21,32,17,326,68,15,221,21,1,71,47,24,1,0,421
2021,"Ealing 007","E02000244",7889,7106,4974,143,1989,1861,59,22,95,114,96,44,923,188,320,128,3,125,49,25,8,16,273,64,24,149,35,1,65,24,41,4,0,392
2021,"Ealing 008","E02000245",9306,7891,6467,102,1322,1243,21,33,52,113,28,33,507,169,287,79,5,74,130,30,69,31,465,34,8,394,29,0,74,54,20,4,1,741
2021,"Ealing 009","E02000246",9460,8230,6798,125,1307,1246,33,67,58,75,28,43,442,173,327,61,1,60,87,14,51,22,428,38,11,353,25,1,51,42,9,6,0,658
2021,"Ealing 010","E02000247",11155,9622,7676,151,1795,1712,32,48,84,131,41,63,837,189,287,83,6,77,86,24,38,24,688,52,26,573,34,3,75,45,30,13,0,671
2021,"Ealing 011","E02000248",7717,6590,4717,103,1770,1679,56,22,189,119,54,48,572,232,387,91,11,80,118,65,21,32,542,168,145,191,36,2,104,43,61,17,1,345
2021,"Ealing 012","E02000249",8376,7418,5593,210,1615,1549,28,35,87,141,44,21,805,171,217,66,1,65,68,16,37,15,451,56,11,359,25,0,60,33,27,10,0,369
2021,"Ealing 013","E02000250",6486,5878,4974,175,729,640,85,32,99,24,52,12,158,28,150,89,12,77,36,15,7,14,282,40,107,90,40,5,71,52,19,37,0,182
2021,"Ealing 014","E02000251",8310,7058,5663,160,1235,1181,28,51,70,133,23,52,500,132,192,54,10,44,43,8,21,14,750,24,9,692,25,0,29,21,8,2,0,428
2021,"Ealing 015","E02000252",12238,10258,7332,206,2720,2597,130,79,424,273,253,45,509,226,658,123,26,97,174,69,53,52,931,173,383,201,170,4,258,109,149,39,0,578
2021,"Ealing 016","E02000253",10344,9185,7414,246,1525,1450,83,28,90,60,38,26,793,53,279,75,12,63,83,33,35,15,280,44,33,171,32,0,70,49,21,12,0,714
2021,"Ealing 017","E02000254",9205,7415,6345,29,1041,1028,24,51,126,363,42,12,210,65,135,13,0,13,45,19,13,13,1286,11,1,1262,12,0,30,23,7,7,0,422
2021,"Ealing 018","E02000255",9864,8878,7245,266,1367,1306,123,61,154,77,71,16,339,147,318,61,0,61,94,40,17,37,300,68,68,132,29,3,100,62,38,34,0,458
2021,"Ealing 019","E02000256",9185,8054,6201,213,1640,1524,126,38,242,79,121,34,335,108,441,116,16,100,105,44,17,44,561,87,212,212,45,5,160,95,65,52,0,253
2021,"Ealing 021","E02000258",6902,5667,4189,165,1313,1242,52,38,163,68,78,25,366,98,354,71,8,63,70,40,15,15,777,91,596,53,37,0,93,49,44,42,0,253
2021,"Ealing 022","E02000259",6585,6061,4580,267,1214,1164,63,21,100,38,48,19,613,68,194,50,4,46,50,14,17,19,158,16,29,65,46,2,58,29,29,12,0,246
2021,"Ealing 023","E02000260",9836,7558,5956,15,1587,1559,16,25,169,1010,43,9,120,56,111,28,0,28,39,5,12,22,1708,16,5,1674,13,0,22,19,3,6,0,503
2021,"Ealing 024","E02000261",12650,10839,7970,175,2694,2523,158,48,472,158,264,55,503,217,648,171,18,153,187,104,54,29,826,430,102,136,156,2,200,98,102,58,2,538
2021,"Ealing 025","E02000262",9348,8331,6237,212,1882,1782,107,61,299,141,159,52,402,136,425,100,15,85,120,44,32,44,307,90,70,76,69,2,122,74,48,60,0,408
2021,"Ealing 026","E02000263",13712,10549,8297,30,2222,2210,39,33,249,1534,52,9,90,27,177,12,0,12,31,9,8,14,2575,6,8,2537,24,0,29,18,11,5,0,523
2021,"Ealing 027","E02000264",8491,7406,5569,213,1624,1530,132,46,273,95,131,34,368,89,362,94,11,83,64,22,14,28,530,53,311,100,65,1,127,87,40,61,0,303
2021,"Ealing 028","E02000265",11234,9991,7703,315,1973,1864,152,43,245,147,130,44,599,83,421,109,22,87,108,40,37,31,315,56,55,150,52,2,156,90,66,42,0,622
2021,"Ealing 029","E02000266",13116,11059,9518,123,1418,1359,37,64,131,307,42,27,324,121,306,59,7,52,138,40,39,59,1094,32,21,988,53,0,79,55,24,10,0,736
2021,"Ealing 030","E02000267",8149,7304,5522,339,1443,1379,91,29,87,100,51,31,646,102,242,64,10,54,70,20,20,30,271,28,47,149,47,0,84,48,36,44,0,376
2021,"Ealing 031","E02000268",9251,8288,6687,216,1385,1283,135,53,187,75,94,19,305,107,308,102,19,83,60,34,11,15,351,57,140,106,47,1,136,91,45,62,0,354
2021,"Ealing 032","E02000269",8167,7435,5879,285,1271,1197,173,40,204,43,98,19,303,53,264,74,9,65,71,24,4,43,250,32,100,82,36,0,118,74,44,57,0,236
2021,"Ealing 033","E02000270",9603,8479,6543,174,1762,1636,118,52,287,135,127,38,372,98,409,126,23,103,128,46,40,42,357,94,103,85,70,5,146,83,63,58,0,435
2021,"Ealing 034","E02000271",6953,6333,5101,178,1054,975,158,53,168,45,98,21,168,31,233,79,21,58,55,19,17,19,143,28,40,22,53,0,218,160,58,61,0,143
2021,"Ealing 035","E02000272",6715,6214,5208,240,766,727,95,23,76,34,47,20,243,30,159,39,5,34,25,6,8,11,126,8,36,54,27,1,72,54,18,29,0,249
2021,"Ealing 038","E02000275",8169,6426,5198,39,1189,1170,12,18,117,739,42,7,62,33,140,19,0,19,36,6,13,17,1198,5,7,1168,18,0,23,15,8,5,0,481
2021,"Ealing 039","E02000276",6752,6173,4677,230,1266,1186,126,35,230,59,94,36,274,101,231,80,10,70,48,13,11,24,179,16,66,67,30,0,73,50,23,45,0,234
2021,"Ealing 040","E02006791",7566,6773,5494,141,1138,1050,159,60,196,78,89,32,108,51,277,88,34,54,43,9,4,30,229,35,82,66,46,0,195,121,74,77,0,249
2021,"Ealing 041","E02006968",8354,6816,5323,145,1348,1259,145,24,250,88,86,29,243,55,339,89,20,69,146,42,69,35,966,150,578,159,72,7,141,76,65,53,0,232
2021,"Ealing 042","E02006969",6427,5112,3512,145,1455,1299,107,45,210,51,177,32,222,76,379,156,19,137,66,36,10,20,840,58,604,123,52,3,124,77,47,58,0,227
2021,"Ealing 043","E02006970",7340,5185,3599,24,1562,1551,4,19,201,1042,52,9,51,43,130,11,0,11,34,6,17,11,1653,25,2,1609,17,0,17,11,6,2,0,449
2021,"Ealing 044","E02006971",8293,6269,4967,15,1287,1270,33,19,172,729,39,4,70,38,166,17,0,17,24,1,11,12,1568,5,2,1553,8,0,21,15,6,1,0,410
2021,"Enfield 001","E02000277",7519,6611,5642,74,895,757,8,16,181,46,20,31,125,98,232,138,77,61,173,1,121,51,51,2,7,20,22,0,59,37,22,1,0,624
2021,"Enfield 002","E02000278",9426,8281,6996,65,1220,1030,33,18,145,54,34,32,112,151,451,190,156,34,181,12,128,41,68,0,13,40,15,0,68,47,21,8,0,820
2021,"Enfield 003","E02000279",12320,10832,8921,73,1838,1597,37,38,158,105,67,35,227,376,554,241,174,67,330,10,239,81,111,26,10,49,24,2,98,74,24,9,0,940
2021,"Enfield 004","E02000280",8635,7756,7048,139,569,491,32,13,45,53,19,16,61,79,173,78,38,40,59,5,38,16,57,15,5,28,8,1,36,27,9,21,0,706
2021,"Enfield 005","E02000281",9654,8582,7596,91,895,772,23,28,71,32,43,32,163,104,276,123,58,65,171,9,111,51,96,7,8,58,20,3,52,43,9,17,0,736
2021,"Enfield 006","E02000282",9952,8576,7181,72,1323,1101,40,15,128,64,37,37,152,140,488,222,166,56,268,12,200,56,132,8,12,95,16,1,69,52,17,1,0,906
2021,"Enfield 007","E02000283",8536,7672,6408,75,1189,1023,33,17,173,62,22,26,168,145,377,166,133,33,137,9,100,28,68,2,8,54,4,0,67,50,17,3,1,588
2021,"Enfield 008","E02000284",8739,7891,6862,159,870,717,17,21,59,44,19,21,149,90,297,153,40,113,79,4,43,32,85,7,15,42,21,0,62,42,20,20,0,602
2021,"Enfield 009","E02000285",6645,6148,5557,155,436,398,16,9,73,21,14,4,78,54,129,38,18,20,47,4,26,17,63,8,10,29,15,1,20,12,8,13,0,354
2021,"Enfield 010","E02000286",8692,8028,7040,135,853,705,31,14,60,38,62,22,103,88,287,148,71,77,84,10,43,31,97,12,18,41,23,3,44,32,12,7,0,432
2021,"Enfield 011","E02000287",7356,6861,6122,128,611,494,25,9,75,12,13,4,45,47,264,117,65,52,46,10,26,10,134,23,40,51,19,1,44,30,14,12,0,259
2021,"Enfield 012","E02000288",12783,11085,9102,74,1909,1628,53,24,190,77,56,14,187,186,841,281,165,116,336,15,255,66,306,33,18,224,27,4,100,76,24,2,0,954
2021,"Enfield 013","E02000289",6776,6426,5888,105,433,368,12,16,78,13,15,14,40,33,147,65,40,25,22,0,11,11,51,5,12,23,11,0,19,16,3,8,0,250
2021,"Enfield 014","E02000290",6688,5833,4888,44,901,771,18,6,89,73,34,9,112,105,325,130,99,31,177,8,115,54,102,8,3,73,16,2,71,58,13,2,1,502
2021,"Enfield 015","E02000291",10160,9062,7274,133,1655,1396,39,34,171,78,68,39,238,142,587,259,121,138,141,12,78,51,152,7,28,82,34,1,103,58,45,8,0,694
2021,"Enfield 016","E02000292",9836,8924,7450,155,1319,1168,30,17,132,53,52,33,182,144,525,151,70,81,141,2,92,47,112,3,17,56,32,4,61,41,20,4,0,594
2021,"Enfield 017","E02000293",6394,6012,5447,131,434,354,16,12,64,7,23,3,64,16,149,80,36,44,34,8,10,16,51,9,13,18,11,0,33,15,18,8,0,256
2021,"Enfield 018","E02000294",9371,8250,6791,65,1394,1192,29,25,161,67,33,30,121,166,560,202,132,70,249,4,188,57,127,7,23,89,6,2,73,55,18,4,0,668
2021,"Enfield 019","E02000295",8692,8045,6743,160,1142,901,24,12,100,17,51,19,95,105,478,241,134,107,64,11,30,23,130,15,37,50,28,0,69,40,29,28,0,356
2021,"Enfield 020","E02000296",10343,9389,6911,114,2364,1942,53,25,178,67,83,38,231,263,1004,422,215,207,85,20,30,35,180,21,50,76,28,5,66,42,24,16,0,607
2021,"Enfield 021","E02000297",9395,8799,7647,192,960,828,44,12,85,33,38,11,100,213,292,132,63,69,44,7,18,19,79,7,12,46,14,0,35,23,12,8,0,430
2021,"Enfield 022","E02000298",8257,7842,6941,259,642,554,27,16,73,10,34,19,77,72,226,88,29,59,57,11,33,13,55,5,10,21,19,0,38,25,13,33,0,232
2021,"Enfield 023","E02000299",9496,8327,6384,84,1859,1622,43,24,123,83,97,8,215,252,777,237,179,58,296,6,209,81,147,11,14,108,11,3,102,67,35,6,0,618
2021,"Enfield 024","E02000300",8853,7991,5833,123,2035,1843,31,21,120,82,52,38,203,484,812,192,139,53,226,9,141,76,98,7,7,60,23,1,81,55,26,3,0,454
2021,"Enfield 025","E02000301",10219,8962,7094,112,1756,1515,36,32,87,87,77,24,183,327,662,241,166,75,255,10,208,37,158,15,39,78,25,1,107,86,21,7,1,729
2021,"Enfield 026","E02000302",8662,8080,6635,156,1289,1057,32,17,76,25,47,17,252,121,470,232,58,174,57,7,27,23,84,7,5,43,28,1,36,14,22,13,0,392
2021,"Enfield 027","E02000303",8363,7370,5923,38,1409,1196,32,14,85,72,64,32,152,186,559,213,162,51,193,3,138,52,114,6,17,64,24,3,73,58,15,4,0,609
2021,"Enfield 028","E02000304",8038,7606,6540,211,855,715,29,15,83,18,26,27,103,64,350,140,68,72,28,8,8,12,103,7,27,43,23,3,49,36,13,10,0,242
2021,"Enfield 029","E02000305",8876,8294,6191,182,1921,1701,30,23,121,38,79,19,233,320,838,220,71,149,70,16,26,28,85,8,7,55,14,1,65,39,26,20,0,342
2021,"Enfield 030","E02000306",9135,7993,6636,44,1313,1108,28,16,96,84,99,21,169,124,471,205,163,42,299,15,202,82,115,9,10,81,15,0,73,58,15,1,0,654
2021,"Enfield 031","E02000307",10111,9263,7068,82,2113,1935,32,15,93,91,87,99,270,324,924,178,98,80,133,5,82,46,151,34,8,81,23,5,88,46,42,7,0,469
2021,"Enfield 032","E02000308",8761,7892,5937,145,1810,1612,46,31,230,59,63,27,217,270,669,198,52,146,83,5,54,24,215,25,32,127,31,0,67,34,33,14,0,490
2021,"Enfield 033","E02000309",11792,10328,7558,71,2699,2438,61,34,159,155,131,28,269,491,1110,261,167,94,360,29,228,103,179,11,31,102,35,0,133,91,42,9,0,783
2021,"Enfield 035","E02000311",10545,9753,7186,96,2471,2210,45,19,148,99,122,48,288,329,1112,261,67,194,88,17,49,22,147,13,16,76,42,0,101,52,49,13,0,443
2021,"Enfield 036","E02000312",11299,10435,7269,215,2951,2618,45,38,241,90,154,58,464,245,1283,333,84,249,93,25,46,22,169,11,41,68,44,5,113,47,66,19,0,470
2021,"Enfield 037","E02006793",9646,8414,6771,68,1575,1351,34,27,89,111,65,23,151,268,583,224,160,64,286,32,185,69,195,13,14,72,95,1,119,74,45,5,0,627
2021,"Greenwich 001","E02000313",6489,4964,4254,48,662,646,36,38,78,58,20,57,80,111,168,16,2,14,561,13,498,50,53,0,4,43,6,0,17,14,3,4,0,890
2021,"Greenwich 002","E02000314",14106,11123,8804,140,2179,2099,114,96,222,144,134,253,193,365,578,80,19,61,1280,11,1177,92,293,19,39,185,46,4,114,59,55,14,0,1282
2021,"Greenwich 003","E02000315",9870,7582,6236,98,1248,1198,66,61,103,122,55,93,80,233,385,50,7,43,703,13,626,64,243,4,26,147,66,0,72,43,29,7,0,1263
2021,"Greenwich 005","E02000317",7559,6038,4955,65,1018,957,53,37,84,86,86,66,84,159,302,61,5,56,422,13,357,52,260,6,63,147,44,0,51,33,18,17,0,771
2021,"Greenwich 006","E02000318",11061,7852,5941,70,1841,1780,76,35,203,228,83,111,97,451,496,61,16,45,383,12,340,31,1738,2,29,1689,18,0,105,81,24,3,0,980
2021,"Greenwich 007","E02000319",10617,8113,6498,112,1503,1444,83,45,143,139,74,154,104,290,412,59,5,54,450,13,387,50,915,9,55,814,32,5,124,58,66,13,0,1002
2021,"Greenwich 008","E02000320",7036,5680,4624,58,998,963,27,28,85,46,45,129,118,244,241,35,3,32,344,4,313,27,256,0,12,219,23,2,71,37,34,6,0,679
2021,"Greenwich 009","E02000321",7722,5997,4776,59,1162,1117,74,60,93,86,131,103,84,187,299,45,9,36,359,7,308,44,346,3,20,284,39,0,107,57,50,2,0,911
2021,"Greenwich 011","E02000323",12864,9980,7913,90,1977,1884,76,48,191,191,111,167,147,426,527,93,11,82,601,18,501,82,934,9,70,747,104,4,179,126,53,14,0,1156
2021,"Greenwich 012","E02000324",7865,6322,5284,76,962,907,53,56,87,55,66,90,95,125,280,55,13,42,228,8,184,36,247,2,42,172,25,6,83,43,40,17,0,968
2021,"Greenwich 014","E02000326",7794,6741,5646,153,942,887,70,38,103,51,36,67,71,151,300,55,7,48,163,5,128,30,223,7,58,114,42,2,102,51,51,26,0,539
2021,"Greenwich 015","E02000327",6624,5380,4596,79,705,672,48,30,63,36,68,53,52,102,220,33,6,27,316,9,281,26,182,4,25,119,31,3,53,43,10,22,0,671
2021,"Greenwich 016","E02000328",6510,5801,4974,141,686,628,61,55,85,29,53,69,51,43,182,58,15,43,68,8,40,20,92,6,27,32,22,5,119,90,29,44,0,386
2021,"Greenwich 017","E02000329",6332,5290,4577,64,649,603,35,14,56,33,53,80,59,136,137,46,4,42,179,4,150,25,198,2,11,174,11,0,41,25,16,8,0,616
2021,"Greenwich 019","E02000331",8237,6793,5763,107,923,855,63,21,114,35,96,70,84,137,235,68,14,54,184,7,144,33,327,18,48,195,66,0,108,65,43,21,0,804
2021,"Greenwich 020","E02000332",7452,6387,5471,113,803,744,55,30,105,22,42,73,85,136,196,59,9,50,269,14,224,31,135,3,17,88,27,0,84,49,35,9,0,568
2021,"Greenwich 021","E02000333",6238,5627,4908,138,581,523,62,40,86,41,67,16,43,33,135,58,16,42,64,4,43,17,111,3,28,58,21,1,91,58,33,31,1,313
2021,"Greenwich 022","E02000334",6641,5683,4844,99,740,688,74,35,78,44,48,68,54,114,173,52,13,39,153,7,104,42,144,4,43,75,22,0,55,28,27,15,0,591
2021,"Greenwich 023","E02000335",6676,5942,5377,100,465,440,37,18,44,24,35,49,79,63,91,25,11,14,69,5,47,17,100,3,31,49,17,0,44,32,12,19,0,502
2021,"Greenwich 025","E02000337",8475,7094,6110,64,920,850,33,19,85,46,43,156,137,103,228,70,21,49,95,8,71,16,169,4,57,74,32,2,69,24,45,9,0,1039
2021,"Greenwich 027","E02000339",6291,5592,4961,116,515,486,42,18,60,30,43,43,48,90,112,29,10,19,50,1,40,9,75,2,35,22,16,0,62,37,25,12,0,500
2021,"Greenwich 028","E02000340",6863,6100,5260,81,759,681,41,29,80,70,35,44,79,78,225,78,32,46,102,15,60,27,146,9,34,77,25,1,46,19,27,15,0,454
2021,"Greenwich 029","E02000341",7992,6598,5713,80,805,757,56,12,56,46,47,115,82,144,199,48,15,33,153,11,121,21,103,7,18,51,27,0,50,22,28,7,0,1081
2021,"Greenwich 030","E02000342",6349,5436,4773,59,604,566,26,36,78,41,25,39,69,65,187,38,6,32,119,6,88,25,140,4,31,74,29,2,51,21,30,6,0,597
2021,"Greenwich 031","E02000343",7049,5910,5193,55,662,601,34,12,68,27,31,86,73,116,154,61,9,52,79,2,58,19,126,1,25,69,31,0,49,28,21,13,0,872
2021,"Greenwich 032","E02000344",6432,5799,5301,57,441,406,24,22,35,15,32,41,57,71,109,35,6,29,81,0,59,22,62,1,12,42,7,0,19,11,8,5,0,466
2021,"Greenwich 033","E02006786",7561,6116,5202,62,852,828,42,25,69,71,45,91,55,207,223,24,5,19,260,2,226,32,298,2,11,279,6,0,75,54,21,5,0,807
2021,"Greenwich 034","E02006927",12367,10496,8811,174,1511,1347,130,69,124,90,115,129,167,122,401,164,45,119,200,18,121,61,552,14,272,168,92,6,227,148,79,36,0,856
2021,"Greenwich 035","E02006928",12092,10047,7715,189,2143,1867,210,84,268,145,195,119,195,142,509,276,50,226,257,32,150,75,734,39,228,362,96,9,360,231,129,85,1,608
2021,"Greenwich 037","E02006930",9845,8537,6771,202,1564,1416,191,49,224,96,152,103,99,105,397,148,39,109,168,9,91,68,367,11,109,178,61,8,189,120,69,67,0,517
2021,"Greenwich 038","E02006931",9466,8268,6893,192,1183,1092,106,47,186,43,146,79,74,97,314,91,24,67,217,11,155,51,223,13,73,96,39,2,195,154,41,78,0,485
2021,"Greenwich 039","E02006991",6320,5208,3756,121,1331,1230,105,48,161,100,122,105,133,94,362,101,29,72,194,18,110,66,468,8,135,253,63,9,174,84,90,62,0,214
2021,"Greenwich 040","E02006992",8226,6772,5290,113,1369,1191,137,61,191,67,97,63,104,86,385,178,32,146,196,12,120,64,521,29,178,227,64,23,209,120,89,47,0,481
2021,"Greenwich 041","E02006993",8398,6793,5141,94,1558,1381,138,63,222,94,101,73,129,135,426,177,26,151,209,20,135,54,685,20,206,359,87,13,203,100,103,46,0,462
2021,"Greenwich 042","E02006994",7638,6013,4457,69,1487,1384,87,51,170,106,115,127,99,238,391,103,22,81,429,8,360,61,484,18,85,319,59,3,82,31,51,21,0,609
2021,"Hackney 001","E02000345",8199,7479,6363,41,1075,960,44,31,88,50,133,10,162,73,369,115,21,94,45,9,28,8,125,99,4,17,5,0,274,185,89,18,0,258
2021,"Hackney 002","E02000346",9399,7971,6302,126,1543,1334,136,62,198,145,194,14,188,99,298,209,93,116,221,26,155,40,414,20,201,135,56,2,226,132,94,60,0,507
2021,"Hackney 003","E02000347",8155,7361,6451,68,842,729,59,29,79,65,127,2,107,38,223,113,38,75,70,0,69,1,155,104,5,35,10,1,207,165,42,32,0,330
2021,"Hackney 004","E02000348",8104,7344,6435,78,831,744,54,22,84,64,100,4,131,39,246,87,48,39,117,8,97,12,115,78,9,25,3,0,173,139,34,8,0,347
2021,"Hackney 006","E02000350",10244,9235,7840,170,1225,1095,144,62,184,67,176,32,147,52,231,130,61,69,105,45,47,13,186,43,25,101,17,0,298,171,127,112,0,308
2021,"Hackney 007","E02000351",9286,8373,6737,205,1431,1329,196,78,238,94,168,19,152,68,316,102,59,43,99,14,63,22,162,16,60,55,27,4,202,142,60,105,0,345
2021,"Hackney 008","E02000352",6747,6143,5299,102,742,682,79,38,98,33,80,14,145,40,155,60,36,24,62,5,46,11,70,19,19,21,10,1,123,93,30,55,0,294
2021,"Hackney 009","E02000353",7764,7147,6072,178,897,814,108,66,173,51,108,7,62,23,216,83,43,40,46,8,24,14,88,15,27,35,9,2,180,123,57,88,0,215
2021,"Hackney 010","E02000354",9609,8679,7385,140,1154,1061,98,38,210,131,170,10,123,23,258,93,63,30,138,3,113,22,151,11,21,104,15,0,194,132,62,78,0,369
2021,"Hackney 011","E02000355",8198,7436,6316,174,946,882,129,78,141,76,125,30,84,17,202,64,20,44,82,5,57,20,108,10,23,71,4,0,138,109,29,99,0,335
2021,"Hackney 012","E02000356",7035,6429,5504,154,771,686,105,48,143,34,91,7,52,12,194,85,50,35,56,9,33,14,64,10,26,19,8,1,167,109,58,112,0,207
2021,"Hackney 013","E02000357",6848,5966,5175,93,698,638,61,20,93,98,68,18,72,44,164,60,33,27,278,12,240,26,85,9,10,46,18,2,99,77,22,19,0,401
2021,"Hackney 014","E02000358",11089,9925,7913,276,1736,1540,224,116,298,109,238,27,135,39,354,196,148,48,160,13,112,35,158,10,56,66,23,3,249,171,78,146,0,451
2021,"Hackney 015","E02000359",6699,6075,5227,105,743,692,72,44,119,57,90,19,65,36,190,51,30,21,89,5,73,11,89,1,9,65,14,0,101,80,21,60,0,285
2021,"Hackney 016","E02000360",11515,10097,8608,179,1310,1210,140,70,164,183,145,19,129,24,336,100,61,39,351,35,290,26,197,19,31,105,38,4,229,174,55,73,0,568
2021,"Hackney 017","E02000361",8058,7071,5650,145,1276,1176,143,89,200,129,175,20,115,17,288,100,54,46,155,20,102,33,157,6,55,50,45,1,216,154,62,121,0,338
2021,"Hackney 018","E02000362",6955,6098,5233,127,738,671,59,36,134,79,93,25,71,14,160,67,48,19,162,4,134,24,81,10,14,33,23,1,110,80,30,49,0,455
2021,"Hackney 019","E02000363",11882,10316,8914,131,1271,1145,115,44,178,194,168,30,126,26,264,126,61,65,360,10,313,37,166,9,30,93,34,0,183,129,54,47,0,810
2021,"Hackney 020","E02000364",9218,8236,7089,167,980,926,135,85,189,58,97,16,77,17,252,54,23,31,97,4,71,22,117,17,43,36,20,1,226,180,46,162,0,380
2021,"Hackney 022","E02000366",8324,7387,6451,170,766,703,100,43,109,100,72,17,62,18,182,63,38,25,119,8,101,10,78,4,18,39,17,0,129,101,28,77,0,534
2021,"Hackney 023","E02000367",10418,9134,7324,247,1563,1447,220,110,251,122,220,32,114,37,341,116,65,51,162,10,125,27,161,29,66,44,17,5,355,252,103,198,0,408
2021,"Hackney 024","E02000368",9924,8763,7373,193,1197,1095,168,64,194,121,164,9,119,18,238,102,63,39,177,11,135,31,131,19,23,49,38,2,193,135,58,103,0,557
2021,"Hackney 025","E02000369",13456,11703,9381,226,2096,1880,327,113,308,186,199,48,153,52,494,216,118,98,262,33,194,35,259,31,76,90,55,7,370,276,94,264,0,598
2021,"Hackney 026","E02000370",8859,7599,5980,144,1475,1333,228,92,211,119,169,30,94,76,314,142,62,80,166,26,117,23,251,25,96,77,49,4,258,188,70,144,0,441
2021,"Hackney 028","E02006918",8400,7476,6202,126,1148,1061,107,58,140,91,117,24,233,50,241,87,53,34,165,8,145,12,122,23,17,67,14,1,161,118,43,25,0,451
2021,"Hackney 029","E02006921",7927,7092,6175,62,855,769,38,19,78,85,82,8,149,52,258,86,44,42,92,15,64,13,107,44,6,46,11,0,206,167,39,16,0,414
2021,"Hackney 030","E02007108",5941,5200,3934,148,1118,1010,167,72,229,55,109,23,58,20,277,108,56,52,52,4,34,14,116,10,56,34,16,0,185,136,49,190,0,198
2021,"Hackney 031","E02007109",7612,6787,5700,152,935,851,143,53,173,82,81,21,40,20,238,84,58,26,83,9,60,14,111,16,41,35,17,2,184,142,42,187,0,260
2021,"Hackney 032","E02007110",7329,5999,4318,106,1575,1432,250,81,273,120,152,22,145,34,355,143,64,79,158,30,102,26,435,57,223,74,70,11,317,207,110,112,0,308
2021,"Hackney 033","E02007111",5949,4764,3171,107,1486,1355,304,98,199,119,169,13,63,59,331,131,39,92,91,15,58,18,386,33,208,93,52,0,371,282,89,149,0,188
2021,"Hammersmith and Fulham 001","E02000372",9985,8155,6371,185,1599,1502,114,44,276,149,259,31,172,74,383,97,23,74,153,73,47,33,778,83,362,129,201,3,178,84,94,66,0,655
2021,"Hammersmith and Fulham 002","E02000373",7034,6230,5271,78,881,816,51,37,143,97,100,30,111,28,219,65,10,55,113,25,73,15,171,27,32,33,79,0,81,40,41,12,0,427
2021,"Hammersmith and Fulham 003","E02000374",6915,6117,4922,154,1041,972,133,28,179,94,148,22,102,44,222,69,10,59,77,29,27,21,252,50,77,54,71,0,106,62,44,52,0,311
2021,"Hammersmith and Fulham 004","E02000375",7486,6605,5083,157,1365,1277,176,50,237,85,182,32,96,73,346,88,19,69,77,26,22,29,300,37,133,56,71,3,154,106,48,53,1,296
2021,"Hammersmith and Fulham 005","E02000376",6701,5854,4338,129,1387,1300,141,48,268,114,197,33,124,57,318,87,13,74,80,31,16,33,242,22,70,77,73,0,173,97,76,85,0,267
2021,"Hammersmith and Fulham 006","E02000377",7797,6913,5424,211,1278,1200,131,66,271,87,181,30,126,53,255,78,13,65,81,22,26,33,235,20,77,40,97,1,132,76,56,59,1,376
2021,"Hammersmith and Fulham 007","E02000378",6433,5680,4103,130,1447,1342,235,49,291,79,192,19,89,59,329,105,16,89,56,29,13,14,254,33,93,46,78,4,162,92,70,65,1,215
2021,"Hammersmith and Fulham 008","E02000379",7388,6729,5458,195,1076,987,152,34,173,78,126,23,102,27,272,89,26,63,55,21,17,17,169,44,53,41,31,0,114,78,36,58,0,263
2021,"Hammersmith and Fulham 009","E02000380",5509,4897,4007,140,750,690,165,43,122,37,87,11,31,33,161,60,12,48,46,16,5,25,160,21,65,38,36,0,132,100,32,79,0,195
2021,"Hammersmith and Fulham 010","E02000381",7627,6765,5089,173,1503,1399,362,78,268,76,158,24,62,44,327,104,27,77,65,29,19,17,198,26,69,37,59,7,238,169,69,71,0,290
2021,"Hammersmith and Fulham 011","E02000382",6191,5351,4230,136,985,896,137,36,179,41,116,31,87,40,229,89,17,72,57,18,15,24,315,24,172,60,58,1,175,129,46,42,0,251
2021,"Hammersmith and Fulham 012","E02000383",8463,7307,5297,187,1823,1711,322,58,336,113,222,37,132,69,422,112,17,95,114,53,20,41,497,76,145,87,176,13,201,130,71,91,0,253
2021,"Hammersmith and Fulham 013","E02000384",8268,7045,5317,179,1549,1429,188,66,283,103,249,26,88,65,361,120,20,100,87,29,25,33,481,41,265,59,108,8,213,112,101,92,0,350
2021,"Hammersmith and Fulham 014","E02000385",5614,4885,3586,114,1185,1083,177,59,263,64,124,15,67,49,265,102,24,78,68,19,18,31,242,25,77,58,78,4,172,113,59,101,0,146
2021,"Hammersmith and Fulham 015","E02000386",7585,6661,5279,160,1222,1141,162,46,288,79,152,30,94,41,249,81,9,72,95,32,29,34,248,18,83,55,92,0,146,75,71,50,0,385
2021,"Hammersmith and Fulham 016","E02000387",6026,5192,4072,105,1015,962,163,37,213,95,127,26,60,37,204,53,15,38,67,21,23,23,304,9,45,59,191,0,144,84,60,54,0,265
2021,"Hammersmith and Fulham 017","E02000388",8660,7485,5613,181,1691,1574,347,84,324,82,194,29,100,40,374,117,25,92,104,32,29,43,354,31,116,89,113,5,269,189,80,149,0,299
2021,"Hammersmith and Fulham 018","E02000389",8646,7592,5785,187,1620,1489,293,95,356,94,187,25,75,43,321,131,24,107,51,13,11,27,355,39,169,61,81,5,229,145,84,160,0,259
2021,"Hammersmith and Fulham 019","E02000390",6199,5532,4327,125,1080,1001,197,52,188,119,101,18,63,41,222,79,14,65,58,14,19,25,122,13,42,22,45,0,163,109,54,97,0,227
2021,"Hammersmith and Fulham 020","E02000391",7587,6750,5336,159,1255,1158,340,71,207,46,165,13,39,22,255,97,19,78,57,12,22,23,145,16,58,34,36,1,308,238,70,83,0,244
2021,"Hammersmith and Fulham 021","E02000392",9232,8130,6432,204,1494,1366,357,88,279,90,132,15,54,31,320,128,44,84,99,38,7,54,227,19,85,50,72,1,317,265,52,153,0,306
2021,"Hammersmith and Fulham 022","E02000393",5977,5348,4115,142,1091,1017,251,58,211,48,118,11,39,25,256,74,11,63,72,11,7,54,115,22,27,20,40,6,190,131,59,111,0,141
2021,"Hammersmith and Fulham 023","E02000394",9280,8070,6394,159,1517,1335,291,78,287,72,120,17,98,48,324,182,32,150,124,33,51,40,440,104,181,82,65,8,252,164,88,82,0,312
2021,"Hammersmith and Fulham 024","E02000395",5680,5106,4026,132,948,851,195,41,131,48,139,7,41,20,229,97,22,75,49,7,4,38,102,5,39,14,37,7,193,158,35,110,0,120
2021,"Hammersmith and Fulham 025","E02000396",6896,6188,4926,98,1164,1075,309,37,201,51,107,7,52,18,293,89,15,74,61,23,8,30,133,19,42,29,42,1,200,131,69,78,0,236
2021,"Haringey 001","E02000397",7905,7171,4788,120,2263,2086,46,22,209,78,161,45,476,212,837,177,61,116,99,22,43,34,111,11,18,46,34,2,109,47,62,14,0,401
2021,"Haringey 002","E02000398",7515,6540,4763,42,1735,1646,47,11,71,156,246,50,215,352,498,89,60,29,219,11,177,31,76,5,3,45,20,3,172,75,97,5,0,503
2021,"Haringey 004","E02000400",7987,7337,5823,154,1360,1214,43,33,130,38,90,23,202,113,542,146,39,107,77,9,49,19,105,16,26,27,36,0,106,63,43,34,1,327
2021,"Haringey 005","E02000401",6865,6211,4992,104,1115,1019,61,15,83,96,103,24,159,147,331,96,58,38,99,11,66,22,90,5,18,34,32,1,87,36,51,2,0,376
2021,"Haringey 006","E02000402",6474,5707,4537,64,1106,999,19,17,81,87,105,20,132,166,372,107,70,37,146,7,113,26,72,7,19,28,16,2,123,51,72,4,0,422
2021,"Haringey 007","E02000403",7513,6745,4120,100,2525,2342,68,52,254,88,200,46,418,288,928,183,49,134,109,20,63,26,118,12,38,41,26,1,140,55,85,24,0,377
2021,"Haringey 008","E02000404",7110,6492,4319,99,2074,1896,53,17,218,66,187,34,298,225,798,178,85,93,89,21,49,19,104,11,35,39,17,2,108,52,56,11,0,306
2021,"Haringey 009","E02000405",6474,6102,5286,151,665,590,37,32,150,20,52,12,61,23,203,75,27,48,35,6,17,12,74,9,37,13,15,0,82,60,22,30,0,151
2021,"Haringey 010","E02000406",6737,6066,4229,94,1743,1622,70,9,213,78,144,29,261,176,642,121,54,67,74,10,40,24,107,0,29,42,31,5,134,45,89,11,0,345
2021,"Haringey 011","E02000407",7603,6596,4491,89,2016,1904,60,17,143,117,298,44,357,357,511,112,59,53,214,22,152,40,125,6,56,34,29,0,196,74,122,9,0,463
2021,"Haringey 012","E02000408",8253,7233,5118,93,2022,1901,33,20,144,148,220,43,301,562,430,121,78,43,200,14,153,33,137,3,27,73,31,3,172,67,105,4,0,507
2021,"Haringey 013","E02000409",6063,5506,4366,58,1082,974,50,22,108,86,117,29,172,126,264,108,61,47,113,15,84,14,74,7,13,29,21,4,81,28,53,18,0,271
2021,"Haringey 014","E02000410",6419,5983,4938,141,904,805,74,61,149,25,82,15,70,47,282,99,46,53,38,14,8,16,94,17,41,19,15,2,116,82,34,28,0,160
2021,"Haringey 015","E02000411",11432,9954,7088,129,2737,2590,94,38,236,161,304,49,499,587,622,147,77,70,233,21,165,47,400,17,219,91,64,9,257,109,148,39,0,549
2021,"Haringey 016","E02000412",7326,6519,4595,91,1833,1657,71,30,275,83,177,23,180,158,660,176,82,94,167,15,107,45,181,16,51,83,30,1,136,63,73,18,0,305
2021,"Haringey 017","E02000413",7760,7188,6146,168,874,787,82,39,132,28,65,24,56,60,301,87,46,41,29,5,15,9,142,42,50,29,18,3,114,77,37,35,0,252
2021,"Haringey 018","E02000414",7082,6260,4340,70,1850,1765,50,24,132,119,255,29,401,380,375,85,39,46,129,11,80,38,113,6,19,65,20,3,201,81,120,9,0,370
2021,"Haringey 019","E02000415",7249,6544,4248,120,2176,2034,87,26,309,104,281,47,410,165,605,142,57,85,100,32,41,27,125,7,48,52,18,0,168,55,113,22,0,290
2021,"Haringey 020","E02000416",8455,7658,6339,172,1147,1039,82,39,197,55,135,30,114,62,325,108,42,66,97,20,48,29,142,11,40,58,33,0,165,98,67,59,0,334
2021,"Haringey 021","E02000417",6558,6046,5038,142,866,717,85,52,120,41,43,13,68,47,248,149,64,85,29,3,10,16,103,19,41,25,17,1,125,104,21,59,0,196
2021,"Haringey 022","E02000418",5433,5155,4632,120,403,355,51,17,43,30,31,16,26,13,128,48,13,35,14,4,2,8,44,8,13,17,6,0,69,59,10,33,0,118
2021,"Haringey 023","E02000419",8735,7932,5293,155,2484,2257,89,67,362,122,297,16,269,154,881,227,98,129,94,32,48,14,153,22,24,79,27,1,192,99,93,46,1,317
2021,"Haringey 024","E02000420",7985,7090,5040,124,1926,1791,71,30,250,126,307,39,317,229,422,135,64,71,116,8,76,32,143,8,43,59,29,4,258,80,178,18,0,360
2021,"Haringey 025","E02000421",8512,7469,5354,64,2051,1942,108,28,293,133,427,54,268,295,336,109,40,69,183,17,129,37,183,11,53,84,35,0,305,132,173,11,1,360
2021,"Haringey 026","E02000422",7461,6551,4668,119,1764,1660,52,35,191,105,290,35,257,276,419,104,50,54,138,11,87,40,87,7,19,41,19,1,249,59,190,13,0,423
2021,"Haringey 027","E02000423",6911,6197,4148,106,1943,1806,81,28,437,71,252,33,173,139,592,137,58,79,68,12,38,18,110,14,18,44,32,2,216,67,149,30,0,290
2021,"Haringey 028","E02000424",6752,6265,5381,184,700,633,69,38,131,38,82,15,45,33,182,67,30,37,39,6,20,13,53,11,20,14,8,0,110,81,29,50,0,235
2021,"Haringey 029","E02000425",8171,7389,5903,42,1444,1333,42,27,121,60,189,17,243,261,373,111,23,88,50,8,34,8,145,90,6,38,8,3,256,124,132,7,0,324
2021,"Haringey 030","E02000426",6497,5959,5143,136,680,582,55,49,110,26,50,21,65,40,166,98,28,70,44,6,10,28,128,31,38,38,21,0,137,100,37,50,0,179
2021,"Haringey 031","E02000427",6621,6036,4289,137,1610,1480,96,44,304,51,277,54,135,60,459,130,38,92,52,16,22,14,78,5,25,31,16,1,169,72,97,44,0,242
2021,"Haringey 032","E02000428",8432,7559,5590,143,1826,1720,80,43,285,152,367,23,304,138,328,106,58,48,122,20,64,38,128,53,23,41,10,1,249,98,151,28,0,346
2021,"Haringey 033","E02000429",6792,6245,5303,139,803,725,93,73,143,35,64,12,66,26,213,78,14,64,39,7,10,22,129,29,43,28,22,7,158,108,50,72,0,149
2021,"Haringey 034","E02000430",6926,6422,5318,166,938,880,91,68,166,37,84,21,66,30,317,58,18,40,33,7,11,15,97,9,43,25,18,2,146,115,31,62,0,166
2021,"Haringey 035","E02000431",5850,5388,4350,146,892,800,92,78,149,27,90,17,40,29,278,92,27,65,30,4,8,18,108,19,25,32,32,0,144,111,33,61,0,119
2021,"Haringey 036","E02000432",6119,5637,4680,168,789,730,101,48,139,34,100,20,73,43,172,59,15,44,61,12,35,14,62,5,26,16,13,2,113,77,36,41,0,205
2021,"Haringey 037","E02006794",8288,7223,5369,63,1791,1681,51,21,64,87,190,39,302,277,650,110,77,33,196,6,136,54,82,7,13,43,19,0,186,100,86,3,0,598
2021,"Harrow 001","E02000433",8600,7818,6753,67,998,967,52,26,49,44,21,15,57,494,209,31,12,19,99,3,55,41,350,41,27,238,43,1,64,41,23,13,0,256
2021,"Harrow 002","E02000434",9851,8826,7339,101,1386,1349,26,28,67,70,32,19,81,798,228,37,3,34,129,14,80,35,475,33,51,349,42,0,33,25,8,11,0,377
2021,"Harrow 003","E02000435",8190,7408,6198,109,1101,1071,26,20,79,33,29,13,87,648,136,30,8,22,63,7,19,37,316,17,16,270,13,0,39,34,5,10,0,354
2021,"Harrow 004","E02000436",5763,5411,4919,131,361,346,17,25,25,17,21,21,21,124,75,15,5,10,24,0,8,16,127,10,4,108,5,0,23,16,7,8,0,170
2021,"Harrow 005","E02000437",8760,7838,6288,260,1290,1263,39,39,66,54,41,19,101,676,228,27,2,25,60,8,32,20,351,16,14,302,19,0,53,38,15,5,0,453
2021,"Harrow 006","E02000438",8547,7673,6583,158,932,886,53,32,29,43,54,11,90,447,127,46,10,36,38,10,11,17,308,23,12,260,12,1,46,27,19,5,0,477
2021,"Harrow 007","E02000439",9269,8311,5758,152,2401,2355,44,22,68,78,34,13,162,1682,252,46,7,39,106,12,58,36,408,23,36,302,47,0,55,31,24,8,0,381
2021,"Harrow 008","E02000440",9606,8967,7481,136,1350,1319,40,37,31,38,27,13,46,934,153,31,1,30,40,6,12,22,235,7,14,195,19,0,38,25,13,9,0,317
2021,"Harrow 009","E02000441",7482,6557,5771,124,662,637,31,48,29,51,19,3,73,228,155,25,4,21,77,20,26,31,407,20,16,347,24,0,51,37,14,21,0,369
2021,"Harrow 010","E02000442",9583,8652,5846,112,2694,2669,30,68,61,75,20,6,106,2032,271,25,3,22,52,4,34,14,453,5,9,418,21,0,27,10,17,7,0,392
2021,"Harrow 011","E02000443",10745,9250,6961,247,2042,2000,41,40,81,170,55,66,167,994,386,42,6,36,108,23,43,42,698,32,21,589,56,0,74,49,25,11,0,604
2021,"Harrow 012","E02000444",8715,7978,6067,107,1804,1774,31,30,32,62,16,18,70,1373,142,30,0,30,34,7,7,20,358,11,3,327,17,0,25,10,15,5,0,315
2021,"Harrow 013","E02000445",11772,10187,7540,232,2415,2357,75,43,95,153,41,22,178,1374,376,58,4,54,101,24,55,22,756,21,25,689,19,2,78,53,25,10,5,635
2021,"Harrow 015","E02000447",8193,7355,6291,126,938,917,63,57,62,25,20,18,106,411,155,21,1,20,40,14,10,16,484,7,25,424,28,0,28,22,6,3,0,283
2021,"Harrow 016","E02000448",7070,6336,5608,135,593,551,55,28,35,49,31,5,57,113,178,42,17,25,33,5,16,12,359,16,20,268,53,2,55,44,11,13,0,274
2021,"Harrow 017","E02000449",8295,7423,5470,97,1856,1841,28,34,24,44,17,15,69,1440,170,15,2,13,35,4,8,23,430,9,8,402,11,0,20,17,3,2,0,385
2021,"Harrow 019","E02000451",6713,6123,5230,99,794,763,29,42,20,31,11,4,75,421,130,31,4,27,28,5,6,17,341,4,17,311,9,0,37,23,14,2,0,182
2021,"Harrow 020","E02000452",9502,7881,5473,202,2206,2129,76,33,133,143,67,31,226,1067,353,77,13,64,80,25,28,27,997,27,59,849,62,0,89,52,37,7,0,448
2021,"Harrow 021","E02000453",8392,7204,5602,159,1443,1386,85,26,56,56,32,19,192,646,274,57,6,51,80,26,23,31,741,14,27,641,59,0,59,40,19,8,0,300
2021,"Harrow 022","E02000454",7339,6735,6170,110,455,437,46,41,32,22,31,7,41,148,69,18,0,18,16,1,6,9,331,7,25,272,24,3,42,32,10,8,0,207
2021,"Harrow 023","E02000455",11668,8659,6318,162,2179,2078,80,45,147,180,58,23,194,953,398,101,19,82,136,43,41,52,2209,51,108,1938,109,3,144,78,66,23,0,497
2021,"Harrow 024","E02000456",7828,6812,5422,146,1244,1192,57,30,83,40,34,22,137,510,279,52,18,34,67,15,18,34,433,7,29,346,48,3,57,38,19,8,0,451
2021,"Harrow 025","E02000457",7059,6198,5256,108,834,791,65,50,64,50,19,12,116,304,111,43,8,35,64,19,18,27,479,20,19,412,28,0,50,38,12,11,0,257
2021,"Harrow 027","E02000459",9321,7939,6074,113,1752,1695,77,109,134,129,31,33,295,639,248,57,1,56,76,22,26,28,815,14,24,721,55,1,73,39,34,8,0,410
2021,"Harrow 028","E02000460",7311,6243,5306,73,864,825,51,71,43,71,22,18,110,281,158,39,3,36,51,9,22,20,576,13,11,529,23,0,44,36,8,5,1,391
2021,"Harrow 029","E02000461",7291,6325,5145,158,1022,963,17,37,48,77,31,16,282,271,184,59,4,55,71,7,34,30,546,24,64,403,53,2,76,61,15,15,0,258
2021,"Harrow 030","E02000462",6984,5771,4484,102,1185,1127,41,72,55,71,25,15,195,426,227,58,7,51,62,14,31,17,710,14,7,662,23,4,53,24,29,8,0,380
2021,"Harrow 031","E02000463",8704,7781,6472,125,1184,1096,88,114,54,44,19,25,188,349,215,88,5,83,43,8,20,15,416,11,13,376,16,0,45,31,14,3,1,415
2021,"Harrow 032","E02006795",8268,7117,5701,67,1349,1289,141,99,73,58,16,8,135,567,192,60,3,57,39,7,10,22,717,13,18,670,16,0,35,26,9,5,0,355
2021,"Harrow 033","E02006882",14390,13183,10668,206,2309,2277,33,30,26,82,25,16,135,1671,259,32,1,31,75,11,29,35,541,9,9,492,31,0,39,21,18,8,1,543
2021,"Havering 001","E02000464",7756,6446,5643,64,739,680,7,13,26,21,16,118,87,294,98,59,6,53,87,2,68,17,70,0,4,50,16,0,40,26,14,4,0,1109
2021,"Havering 002","E02000465",9342,7937,6835,63,1039,978,17,13,24,27,17,270,99,388,123,61,5,56,104,2,79,23,136,1,12,108,15,0,32,22,10,4,0,1129
2021,"Havering 003","E02000466",9069,7848,7155,55,638,601,16,9,24,31,12,135,75,182,117,37,7,30,71,3,45,23,95,1,14,59,21,0,36,31,5,5,0,1014
2021,"Havering 004","E02000467",11456,9185,7930,95,1160,1104,36,22,37,61,22,212,136,400,178,56,3,53,240,13,176,51,132,9,3,109,11,0,44,32,12,5,0,1850
2021,"Havering 005","E02000468",8656,7563,6716,69,778,746,9,17,25,18,15,129,60,314,159,32,4,28,70,1,36,33,109,0,4,86,16,3,22,20,2,2,0,890
2021,"Havering 006","E02000469",7285,6070,5127,50,893,869,19,11,45,30,14,175,116,364,95,24,5,19,98,3,68,27,135,3,5,120,6,1,17,12,5,0,0,965
2021,"Havering 007","E02000470",9783,8678,7851,100,727,674,17,11,32,25,25,125,56,245,138,53,5,48,87,6,50,31,145,2,24,90,29,0,18,10,8,6,0,849
2021,"Havering 008","E02000471",7820,7237,6799,72,366,339,8,16,18,18,11,45,11,131,81,27,1,26,27,0,19,8,78,4,2,55,16,1,20,14,6,5,0,453
2021,"Havering 009","E02000472",9470,8464,7663,69,732,699,17,8,29,24,13,113,57,310,128,33,1,32,76,10,55,11,149,7,11,118,13,0,16,10,6,3,0,762
2021,"Havering 010","E02000473",10494,9536,8961,64,511,483,7,8,32,23,9,83,46,154,121,28,3,25,65,2,41,22,145,6,21,94,24,0,35,19,16,5,0,708
2021,"Havering 011","E02000474",9188,7941,6977,78,886,829,25,14,46,53,14,147,98,303,129,57,3,54,103,4,77,22,177,2,11,142,15,7,27,18,9,7,0,933
2021,"Havering 012","E02000475",9616,8680,8038,126,516,480,18,13,30,27,24,45,47,179,97,36,6,30,112,9,86,17,143,9,10,96,28,0,30,24,6,9,2,640
2021,"Havering 013","E02000476",9362,7901,6226,114,1561,1417,36,15,123,77,71,171,129,519,276,144,28,116,194,20,119,55,360,7,31,260,62,0,68,33,35,11,0,828
2021,"Havering 014","E02000477",9532,8759,8249,93,417,401,12,11,11,21,13,60,53,120,100,16,5,11,31,4,15,12,113,6,17,74,12,4,17,11,6,6,0,606
2021,"Havering 015","E02000478",5990,5660,5423,46,191,172,10,5,12,3,6,26,17,44,49,19,4,15,21,1,14,6,72,5,2,58,6,1,5,4,1,6,0,226
2021,"Havering 016","E02000479",9453,8139,6731,111,1297,1223,23,17,111,41,61,183,106,426,255,74,9,65,146,22,90,34,238,9,43,126,55,5,45,28,17,10,1,874
2021,"Havering 017","E02000480",13839,11475,9441,155,1879,1778,41,27,85,70,112,290,200,611,342,101,20,81,288,39,162,87,640,22,29,417,172,0,56,47,9,8,0,1372
2021,"Havering 018","E02000481",8237,7453,7118,50,285,273,15,16,20,29,7,38,24,71,53,12,2,10,25,0,15,10,49,0,13,26,10,0,15,8,7,8,0,687
2021,"Havering 019","E02000482",6589,6149,5930,71,148,134,7,4,19,10,6,25,11,19,33,14,1,13,14,0,10,4,39,3,12,18,6,0,4,4,0,6,0,377
2021,"Havering 020","E02000483",8003,7119,6551,88,480,439,8,12,31,34,14,84,50,128,78,41,11,30,60,3,34,23,82,2,13,49,18,0,22,13,9,7,1,712
2021,"Havering 021","E02000484",8494,7714,7215,115,384,364,5,5,16,27,25,53,25,140,68,20,2,18,51,5,33,13,94,3,9,63,19,0,22,14,8,1,0,612
2021,"Havering 022","E02000485",8477,7680,7116,82,482,424,18,11,44,14,5,72,45,136,79,58,12,46,58,0,35,23,107,4,13,72,18,0,31,17,14,0,0,601
2021,"Havering 023","E02000486",7357,6532,6091,62,379,348,4,9,21,15,23,79,19,92,86,31,17,14,54,2,41,11,114,1,15,82,16,0,20,13,7,5,0,632
2021,"Havering 024","E02000487",7911,7448,7248,92,108,101,8,8,6,3,6,19,9,16,26,7,0,7,7,0,4,3,17,0,4,7,6,0,18,15,3,13,0,408
2021,"Havering 025","E02000488",7579,6937,6586,69,282,253,5,3,20,10,7,53,25,89,41,29,10,19,34,0,27,7,68,0,13,38,14,3,23,8,15,2,0,515
2021,"Havering 026","E02000489",8639,7571,6850,79,642,585,15,9,36,29,26,78,43,226,123,57,8,49,89,4,62,23,178,5,24,128,21,0,12,5,7,5,0,784
2021,"Havering 027","E02000490",8470,7443,6723,70,650,618,25,9,22,32,17,122,74,196,121,32,0,32,104,3,73,28,101,0,3,87,9,2,29,24,5,1,0,792
2021,"Havering 028","E02000491",10639,9027,7982,68,977,926,26,23,63,40,34,191,98,302,149,51,11,40,168,6,133,29,243,4,9,202,28,0,32,18,14,1,0,1168
2021,"Havering 029","E02000492",6829,6092,5706,52,334,314,8,7,13,19,10,80,27,100,50,20,2,18,74,1,59,14,92,10,2,77,3,0,6,6,0,0,0,565
2021,"Havering 030","E02000493",6740,5729,4892,39,798,758,10,26,36,71,24,210,49,205,127,40,7,33,129,5,104,20,133,8,4,113,7,1,21,12,9,3,0,725
2021,"Hillingdon 001","E02000494",7951,7166,6628,72,466,430,36,36,30,26,25,13,65,75,124,36,7,29,35,3,17,15,340,14,36,258,32,0,92,67,25,22,0,296
2021,"Hillingdon 002","E02000495",10418,9234,7540,113,1581,1499,75,60,97,234,45,28,156,519,285,82,19,63,73,4,22,47,431,24,36,329,41,1,87,60,27,21,0,572
2021,"Hillingdon 003","E02000496",7802,6774,6272,137,365,356,22,13,24,29,22,24,57,77,88,9,1,8,31,10,7,14,129,5,5,69,50,0,43,18,25,11,0,814
2021,"Hillingdon 004","E02000497",9516,8486,7609,126,751,712,48,34,69,58,33,15,110,189,156,39,11,28,54,5,14,35,248,8,24,199,17,0,59,39,20,24,0,645
2021,"Hillingdon 005","E02000498",6381,5767,5331,128,308,291,13,11,20,39,16,11,57,56,68,17,0,17,26,1,6,19,90,5,17,55,10,3,27,14,13,7,0,464
2021,"Hillingdon 006","E02000499",7724,7104,6524,147,433,406,32,15,38,10,12,14,86,100,99,27,7,20,20,2,4,14,217,5,16,173,23,0,39,22,17,14,0,330
2021,"Hillingdon 007","E02000500",8273,7601,6735,232,634,593,22,23,49,25,47,25,119,156,127,41,17,24,32,7,8,17,228,4,30,166,27,1,56,35,21,8,0,348
2021,"Hillingdon 008","E02000501",8477,7705,6949,174,582,559,22,17,43,34,26,14,105,139,159,23,4,19,29,4,5,20,230,6,40,165,17,2,56,32,24,10,0,447
2021,"Hillingdon 009","E02000502",8931,7913,6858,225,830,778,32,16,37,58,29,16,188,206,196,52,12,40,71,7,26,38,318,11,43,235,28,1,51,36,15,20,0,558
2021,"Hillingdon 010","E02000503",8689,7956,7076,270,610,581,25,20,51,19,29,18,186,105,128,29,12,17,25,2,14,9,193,16,29,130,13,5,47,32,15,14,0,454
2021,"Hillingdon 011","E02000504",7641,7051,6583,113,355,334,32,16,41,19,16,14,52,49,95,21,5,16,25,2,4,19,145,25,18,92,10,0,37,28,9,13,0,370
2021,"Hillingdon 013","E02000506",7963,7315,6754,129,432,417,16,10,27,40,13,25,79,76,131,15,9,6,36,8,11,17,219,18,22,168,11,0,48,42,6,9,0,336
2021,"Hillingdon 014","E02000507",8243,7409,6603,125,681,644,12,25,43,78,29,25,145,164,123,37,2,35,55,17,17,21,236,16,20,185,15,0,32,16,16,5,0,506
2021,"Hillingdon 015","E02000508",11951,9971,8028,197,1746,1599,90,64,212,146,83,81,261,281,381,147,64,83,190,39,76,75,906,78,166,562,92,8,120,76,44,28,0,736
2021,"Hillingdon 016","E02000509",10559,8605,6897,153,1555,1452,53,55,166,147,66,73,378,257,257,103,26,77,225,34,99,92,888,68,153,568,79,20,97,78,19,7,0,737
2021,"Hillingdon 017","E02000510",9115,7902,6962,162,778,728,24,46,66,70,31,23,152,170,146,50,17,33,82,11,30,41,452,23,17,357,55,0,42,30,12,7,0,630
2021,"Hillingdon 018","E02000511",9934,8432,7364,128,940,913,40,57,57,97,19,22,216,206,199,27,0,27,66,12,28,26,682,19,2,643,18,0,52,32,20,2,0,700
2021,"Hillingdon 019","E02000512",8823,7356,6262,82,1012,967,40,70,69,114,32,27,179,201,235,45,0,45,69,17,24,28,490,26,8,428,28,0,76,63,13,0,0,832
2021,"Hillingdon 020","E02000513",9759,8100,6859,75,1166,1112,23,48,73,183,10,27,337,168,243,54,1,53,95,11,36,48,778,12,8,733,25,0,35,26,9,6,0,745
2021,"Hillingdon 021","E02000514",10673,8634,7137,87,1410,1374,66,151,181,241,46,48,168,228,245,36,1,35,63,5,33,25,1261,2,13,1226,16,4,34,25,9,7,0,674
2021,"Hillingdon 022","E02000515",13295,10692,8678,214,1800,1707,65,38,149,185,54,76,397,413,330,93,10,83,177,36,81,60,1013,43,93,811,64,2,83,47,36,13,0,1317
2021,"Hillingdon 023","E02000516",8651,7181,5984,70,1127,1098,33,66,165,199,43,8,276,126,182,29,2,27,73,24,27,22,867,10,11,828,18,0,29,21,8,5,0,496
2021,"Hillingdon 024","E02000517",10476,8535,7193,107,1235,1179,30,92,122,123,50,50,191,234,287,56,1,55,98,23,25,50,834,17,11,792,13,1,97,70,27,8,0,904
2021,"Hillingdon 025","E02000518",9634,7830,6631,149,1050,1012,47,25,73,95,18,50,240,224,240,38,3,35,79,11,34,34,405,10,11,364,20,0,41,27,14,7,0,1272
2021,"Hillingdon 026","E02000519",9553,7883,6803,57,1023,990,31,66,87,162,14,39,203,163,225,33,3,30,104,12,32,60,832,9,4,799,19,1,41,35,6,1,0,692
2021,"Hillingdon 027","E02000520",14063,11056,8825,130,2101,2003,32,103,171,571,46,77,283,262,458,98,7,91,144,24,43,77,1706,24,54,1590,38,0,81,61,20,9,0,1067
2021,"Hillingdon 028","E02000521",13190,10473,8781,100,1592,1524,38,62,137,224,43,70,322,292,336,68,11,57,100,15,41,44,1396,32,41,1269,49,5,62,42,20,5,0,1154
2021,"Hillingdon 029","E02000522",9575,7873,6450,101,1322,1265,44,22,95,197,47,47,273,282,258,57,4,53,115,14,39,62,628,21,31,555,20,1,37,24,13,8,0,914
2021,"Hillingdon 030","E02000523",11369,8721,6950,103,1668,1592,38,48,177,462,75,68,247,187,290,76,13,63,77,18,27,32,1885,28,48,1760,49,0,59,38,21,11,0,616
2021,"Hillingdon 031","E02000524",7535,6211,4453,69,1689,1632,27,20,45,633,38,103,262,297,207,57,1,56,88,27,34,27,554,8,11,490,44,1,38,20,18,7,0,637
2021,"Hillingdon 032","E02000525",10059,8128,5925,61,2142,2093,48,38,120,889,67,93,308,252,278,49,5,44,86,14,36,36,1137,3,3,1075,53,3,34,23,11,4,0,670
2021,"Hillingdon 033","E02006796",9697,8677,7391,210,1076,1029,48,32,76,68,49,47,299,228,182,47,11,36,50,15,14,21,340,17,28,275,20,0,64,24,40,15,0,551
2021,"Hounslow 001","E02000526",8637,7684,6101,223,1360,1245,238,67,239,80,131,16,127,57,290,115,41,74,51,26,1,24,278,35,106,87,48,2,277,210,67,93,0,254
2021,"Hounslow 004","E02000529",9715,7967,6725,74,1168,1132,31,41,71,287,36,40,261,176,189,36,0,36,76,28,20,28,1033,4,11,976,42,0,33,25,8,3,0,603
2021,"Hounslow 005","E02000530",8114,6617,5647,30,940,913,9,37,56,261,35,37,149,112,217,27,1,26,82,25,26,31,746,2,8,716,20,0,31,25,6,3,0,635
2021,"Hounslow 006","E02000531",11581,10166,7921,306,1939,1805,109,52,204,155,154,50,553,157,371,134,34,100,102,32,39,31,424,59,92,212,56,5,161,89,72,34,0,694
2021,"Hounslow 007","E02000532",8974,8059,6689,223,1147,1063,156,68,153,61,80,24,171,37,313,84,26,58,65,23,15,27,202,30,53,81,37,1,256,207,49,74,0,318
2021,"Hounslow 008","E02000533",8400,7572,6292,182,1098,992,94,56,158,79,75,30,143,55,302,106,38,68,114,47,25,42,180,37,44,59,39,1,153,108,45,76,0,305
2021,"Hounslow 009","E02000534",8561,7628,6006,154,1468,1400,58,22,100,177,42,53,488,154,306,68,10,58,63,15,16,32,453,20,18,366,49,0,71,39,32,16,0,330
2021,"Hounslow 010","E02000535",10055,8302,6684,53,1565,1527,25,36,62,501,18,71,260,314,240,38,1,37,64,16,16,32,1201,13,1,1176,11,0,28,20,8,3,0,457
2021,"Hounslow 011","E02000536",10835,8956,7106,43,1807,1730,14,31,93,441,42,66,474,323,246,77,10,67,69,27,19,23,1175,31,4,1093,46,1,34,23,11,0,0,601
2021,"Hounslow 012","E02000537",9845,7843,5670,68,2105,2007,29,32,103,411,116,44,549,437,286,98,4,94,89,47,15,27,1464,28,26,1359,48,3,65,40,25,11,0,373
2021,"Hounslow 013","E02000538",10106,8177,5716,39,2422,2361,33,23,53,1227,51,71,412,302,189,61,3,58,74,12,36,26,1301,6,2,1270,23,0,36,25,11,7,0,511
2021,"Hounslow 014","E02000539",12226,10530,8555,228,1747,1637,70,60,141,119,90,57,537,156,407,110,28,82,111,45,27,39,747,31,34,544,137,1,99,59,40,30,0,709
2021,"Hounslow 015","E02000540",12121,9620,7017,145,2458,2307,52,54,142,587,101,60,513,405,393,151,11,140,146,53,29,64,1520,26,35,1335,121,3,108,67,41,13,0,714
2021,"Hounslow 016","E02000541",10617,8246,5813,32,2401,2304,38,14,75,1122,45,77,412,325,196,97,1,96,97,24,46,27,1527,6,15,1475,31,0,30,19,11,2,0,715
2021,"Hounslow 017","E02000542",12303,9350,6526,53,2771,2671,50,22,113,1190,61,69,538,357,271,100,3,97,121,33,44,44,2006,18,9,1896,83,0,59,33,26,12,0,755
2021,"Hounslow 018","E02000543",14004,10255,6693,72,3490,3343,41,35,179,1019,114,129,744,671,411,147,10,137,148,65,32,51,2769,37,22,2629,78,3,57,37,20,11,0,764
2021,"Hounslow 019","E02000544",8555,7588,6029,120,1439,1375,38,31,64,89,34,58,507,326,228,64,9,55,62,19,27,16,441,12,9,385,33,2,52,22,30,5,0,407
2021,"Hounslow 020","E02000545",9235,8054,6685,145,1224,1112,47,40,114,117,55,34,302,104,299,112,32,80,114,28,37,49,297,26,31,166,70,4,66,31,35,33,0,671
2021,"Hounslow 021","E02000546",10426,8709,6759,83,1867,1768,20,24,113,407,44,94,451,379,236,99,6,93,82,20,33,29,1107,5,10,1054,38,0,39,23,16,43,0,446
2021,"Hounslow 022","E02000547",10998,8810,7043,52,1715,1671,41,23,83,400,39,86,375,285,339,44,6,38,95,17,42,36,1099,4,16,1037,40,2,31,17,14,9,0,954
2021,"Hounslow 023","E02000548",10581,8607,6897,41,1669,1599,30,32,81,311,40,88,483,203,331,70,3,67,107,16,50,41,705,18,10,642,35,0,40,11,29,4,0,1118
2021,"Hounslow 024","E02000549",12532,10408,8341,94,1973,1882,49,36,102,404,109,87,415,331,349,91,1,90,120,20,47,53,1004,29,33,889,52,1,52,16,36,15,0,933
2021,"Hounslow 025","E02000550",10710,8311,6613,97,1601,1573,35,16,116,283,87,67,417,229,323,28,3,25,135,30,51,54,1219,17,55,1103,44,0,67,27,40,5,0,973
2021,"Hounslow 026","E02000551",9752,8086,6641,43,1402,1329,30,52,67,234,52,45,426,203,220,73,8,65,117,25,48,44,464,12,6,401,40,5,72,39,33,4,0,1009
2021,"Hounslow 027","E02000552",9255,7870,6257,63,1550,1499,77,44,82,184,60,76,581,177,218,51,7,44,123,17,54,52,495,11,27,421,36,0,62,31,31,12,0,693
2021,"Hounslow 028","E02000553",7113,6147,5164,57,926,881,17,23,54,115,23,48,272,118,211,45,2,43,66,25,23,18,245,15,7,201,19,3,30,19,11,5,0,620
2021,"Hounslow 029","E02006792",8999,7732,5826,226,1680,1481,165,69,329,105,178,27,163,58,387,199,93,106,230,172,22,36,412,49,138,128,87,10,238,129,109,104,0,283
2021,"Hounslow 030","E02006972",5413,4530,3609,87,834,739,57,24,91,75,62,24,160,50,196,95,30,65,88,36,23,29,332,55,88,142,45,2,84,49,35,31,0,348
2021,"Hounslow 031","E02006973",8489,7248,5817,163,1268,1176,56,29,157,99,82,29,339,74,311,92,24,68,122,56,40,26,364,55,72,185,40,12,123,79,44,35,0,597
2021,"Islington 001","E02000554",9358,8204,6854,224,1126,1026,102,67,190,90,120,18,85,44,310,100,39,61,119,21,68,30,148,22,24,52,50,0,177,118,59,61,0,649
2021,"Islington 002","E02000555",9571,8635,7157,293,1185,1083,135,60,246,64,134,31,64,27,322,102,35,67,80,16,40,24,139,18,47,41,33,0,166,100,66,60,0,491
2021,"Islington 003","E02000556",11394,10208,8296,326,1586,1460,179,74,308,88,178,20,89,95,429,126,36,90,71,21,30,20,231,16,117,53,42,3,270,172,98,100,0,514
2021,"Islington 004","E02000557",8785,7763,6088,286,1389,1274,134,58,337,96,131,21,86,52,359,115,34,81,79,22,33,24,181,11,76,60,30,4,203,120,83,49,0,510
2021,"Islington 005","E02000558",9436,8398,6941,177,1280,1137,105,57,218,112,211,20,73,41,300,143,55,88,149,37,78,34,158,14,59,49,35,1,180,96,84,39,0,512
2021,"Islington 006","E02000559",9575,8677,7213,262,1202,1096,188,77,268,40,153,3,45,35,287,106,50,56,73,10,21,42,140,16,54,42,28,0,212,151,61,161,0,312
2021,"Islington 007","E02000560",7353,6554,4946,184,1424,1318,169,47,323,89,188,16,91,58,337,106,44,62,70,22,25,23,194,11,71,58,50,4,178,92,86,74,0,283
2021,"Islington 008","E02000561",7381,6697,5564,187,946,884,144,59,173,31,107,13,55,30,272,62,20,42,28,8,9,11,153,21,80,20,32,0,187,128,59,48,0,268
2021,"Islington 009","E02000562",7867,6975,5901,211,863,778,133,56,141,66,87,13,61,14,207,85,41,44,58,10,19,29,113,9,48,29,26,1,171,124,47,166,2,382
2021,"Islington 010","E02000563",8678,7556,6017,188,1351,1237,156,64,263,82,193,32,101,43,303,114,45,69,81,22,33,26,192,20,45,87,38,2,183,86,97,46,1,619
2021,"Islington 011","E02000564",12417,10630,8292,310,2028,1820,269,77,427,122,223,23,98,66,515,208,53,155,116,27,35,54,627,34,335,141,115,2,334,217,117,205,0,505
2021,"Islington 012","E02000565",8543,7682,6516,164,1002,894,123,56,172,84,112,12,77,23,235,108,50,58,83,9,60,14,131,12,38,50,31,0,141,93,48,112,0,394
2021,"Islington 013","E02000566",8556,7577,6336,173,1068,970,308,78,168,43,117,12,34,17,193,98,42,56,45,5,29,11,119,15,41,40,21,2,275,225,50,239,0,301
2021,"Islington 014","E02000567",10440,9140,7587,307,1246,1153,204,109,215,47,160,18,81,24,295,93,48,45,61,11,21,29,139,17,47,53,22,0,307,221,86,255,0,538
2021,"Islington 015","E02000568",11344,9679,7865,233,1581,1387,194,68,291,95,196,33,94,70,346,194,64,130,110,32,51,27,489,15,254,123,92,5,236,134,102,131,0,699
2021,"Islington 016","E02000569",9938,8567,7267,225,1075,947,220,56,159,58,115,10,39,19,271,128,51,77,72,9,32,31,170,25,41,63,33,8,320,271,49,196,0,613
2021,"Islington 017","E02000570",8286,7250,6056,206,988,920,209,60,181,30,101,8,22,36,273,68,25,43,55,8,11,36,124,23,38,38,25,0,358,300,58,210,0,289
2021,"Islington 018","E02000571",8922,7746,6293,201,1252,1110,239,64,189,59,156,16,62,29,296,142,46,96,66,20,24,22,138,12,51,41,32,2,273,217,56,171,0,528
2021,"Islington 019","E02000572",8600,7449,6138,149,1162,1065,192,48,157,89,103,21,54,88,313,97,43,54,97,29,38,30,278,12,91,116,56,3,183,120,63,84,1,508
2021,"Islington 020","E02000573",10311,8826,7092,230,1504,1333,317,85,258,58,152,20,49,38,356,171,41,130,63,14,22,27,287,18,117,59,92,1,472,388,84,320,0,343
2021,"Islington 021","E02000574",7829,6510,5019,211,1280,1157,254,103,194,51,161,16,44,38,296,123,38,85,70,27,23,20,473,25,249,117,74,8,280,217,63,147,3,346
2021,"Islington 022","E02000575",11314,9336,7187,176,1973,1764,352,124,310,101,180,26,95,113,463,209,44,165,136,42,54,40,750,62,354,187,139,8,393,316,77,177,0,522
2021,"Islington 023","E02000576",10672,8916,7116,163,1637,1452,248,85,257,97,209,24,78,45,409,185,52,133,125,40,52,33,567,58,249,127,116,17,314,224,90,121,0,629
2021,"Kensington and Chelsea 001","E02000577",7713,6859,5835,100,924,847,102,38,148,142,162,9,30,25,191,77,29,48,116,71,22,23,246,19,95,44,85,3,139,89,50,22,0,331
2021,"Kensington and Chelsea 002","E02000578",6006,5350,4635,104,611,561,68,17,88,84,102,12,45,46,99,50,5,45,67,32,8,27,113,18,13,33,49,0,61,39,22,10,0,405
2021,"Kensington and Chelsea 003","E02000579",8991,8116,6772,199,1145,1057,170,79,201,63,178,18,47,17,284,88,22,66,80,40,21,19,177,35,41,36,63,2,227,187,40,57,0,334
2021,"Kensington and Chelsea 004","E02000580",7897,7079,5814,134,1131,1035,187,73,188,122,148,12,40,20,245,96,29,67,60,24,15,21,167,23,39,21,84,0,199,148,51,82,0,310
2021,"Kensington and Chelsea 005","E02000581",7394,6705,5768,103,834,760,82,53,154,129,128,9,33,19,153,74,11,63,64,21,24,19,137,39,18,13,67,0,113,67,46,28,0,347
2021,"Kensington and Chelsea 006","E02000582",6541,5538,3950,108,1480,1320,248,108,228,68,167,19,48,45,389,160,33,127,64,36,11,17,308,33,131,44,97,3,395,334,61,96,0,140
2021,"Kensington and Chelsea 007","E02000583",6430,5640,4434,94,1112,974,187,120,193,34,97,6,40,24,273,138,26,112,31,10,3,18,200,29,69,54,43,5,329,271,58,103,0,127
2021,"Kensington and Chelsea 008","E02000584",7174,6135,4537,96,1502,1278,314,112,248,40,118,12,30,30,374,224,45,179,25,12,2,11,365,81,133,55,82,14,461,394,67,80,0,108
2021,"Kensington and Chelsea 009","E02000585",8085,6906,5035,120,1751,1543,273,134,320,63,186,10,42,63,452,208,39,169,165,77,55,33,429,86,122,58,147,16,336,274,62,76,0,173
2021,"Kensington and Chelsea 010","E02000586",6473,5249,3393,79,1777,1582,438,88,292,33,168,21,41,62,439,195,33,162,63,32,13,18,562,69,246,97,137,13,445,378,67,56,0,98
2021,"Kensington and Chelsea 011","E02000587",6498,5446,3838,130,1478,1270,332,73,217,61,147,13,36,41,350,208,25,183,58,24,10,24,397,89,146,68,85,9,396,292,104,82,0,119
2021,"Kensington and Chelsea 012","E02000588",5983,5087,3244,97,1746,1524,336,121,370,116,101,25,18,27,410,222,58,164,37,19,8,10,323,65,120,66,65,7,403,336,67,69,0,64
2021,"Kensington and Chelsea 013","E02000589",7253,5716,3694,86,1936,1770,480,118,375,66,214,17,51,37,412,166,36,130,55,20,9,26,834,61,490,89,184,10,388,277,111,77,0,183
2021,"Kensington and Chelsea 014","E02000590",5969,5141,3818,66,1257,1144,321,48,191,60,197,9,23,28,267,113,35,78,58,33,11,14,316,53,138,48,76,1,247,186,61,32,0,175
2021,"Kensington and Chelsea 015","E02000591",6213,5057,3522,103,1432,1239,206,84,358,65,159,20,64,33,250,193,20,173,112,61,24,27,508,99,210,79,112,8,260,170,90,75,0,201
2021,"Kensington and Chelsea 016","E02000592",5767,4829,2983,80,1766,1600,460,109,360,54,145,14,44,42,372,166,32,134,41,9,9,23,390,40,193,64,90,3,365,310,55,71,0,71
2021,"Kensington and Chelsea 017","E02000593",7391,6260,4047,117,2096,1909,489,133,479,61,206,14,48,48,431,187,38,149,68,25,6,37,441,88,211,53,86,3,381,322,59,90,0,151
2021,"Kensington and Chelsea 018","E02000594",6484,5722,4346,102,1274,1154,179,101,264,63,176,15,43,13,300,120,21,99,40,18,13,9,220,43,68,37,65,7,315,263,52,55,0,132
2021,"Kensington and Chelsea 019","E02000595",6159,5358,3980,90,1288,1142,261,79,231,76,160,13,18,19,285,146,49,97,57,23,11,23,230,44,77,54,52,3,317,274,43,71,0,126
2021,"Kensington and Chelsea 020","E02000596",6616,5832,4056,100,1676,1540,369,105,389,80,160,14,35,26,362,136,34,102,48,19,5,24,306,39,107,44,116,0,276,229,47,59,0,95
2021,"Kensington and Chelsea 021","E02000597",6336,5709,4747,95,867,802,131,35,160,106,124,15,47,12,172,65,16,49,71,21,24,26,202,44,52,33,70,3,116,83,33,20,0,218
2021,"Kingston upon Thames 001","E02000598",8096,7366,6440,109,817,743,43,196,83,38,70,9,74,42,188,74,42,32,44,3,5,36,301,15,156,90,40,0,81,58,23,41,0,263
2021,"Kingston upon Thames 002","E02000599",7008,6170,5387,92,691,599,57,115,63,26,36,14,63,29,196,92,28,64,57,19,11,27,414,76,207,90,39,2,114,73,41,30,0,223
2021,"Kingston upon Thames 003","E02000600",8357,7142,6006,80,1056,948,80,83,139,62,69,31,148,68,268,108,41,67,84,14,18,52,606,53,132,151,266,4,96,42,54,35,0,394
2021,"Kingston upon Thames 004","E02000601",11905,10267,8649,138,1480,1284,102,134,184,96,103,41,159,61,404,196,103,93,123,50,23,50,724,76,351,217,69,11,198,122,76,58,1,534
2021,"Kingston upon Thames 005","E02000602",10315,8828,7286,102,1440,1317,83,80,218,108,102,38,173,94,421,123,32,91,129,52,28,49,506,70,159,166,110,1,148,88,60,39,1,664
2021,"Kingston upon Thames 006","E02000603",8635,7282,6082,70,1130,1069,52,83,134,174,57,35,193,48,293,61,16,45,92,13,33,46,512,52,138,170,149,3,52,34,18,10,0,687
2021,"Kingston upon Thames 007","E02000604",9244,7980,6833,107,1040,964,81,68,101,57,90,15,174,116,262,76,16,60,56,19,15,22,663,21,439,128,72,3,74,43,31,35,0,436
2021,"Kingston upon Thames 008","E02000605",8487,7445,6524,114,807,749,77,76,79,47,39,25,134,41,231,58,7,51,52,8,11,33,406,11,241,107,44,3,82,51,31,24,0,478
2021,"Kingston upon Thames 009","E02000606",10561,9214,7500,148,1566,1372,75,98,187,113,124,36,159,120,460,194,77,117,120,44,18,58,597,81,235,187,77,17,175,108,67,46,0,409
2021,"Kingston upon Thames 010","E02000607",6791,6186,5433,100,653,591,40,46,66,23,48,20,93,27,228,62,14,48,48,12,12,24,159,19,58,61,21,0,70,48,22,21,0,307
2021,"Kingston upon Thames 011","E02000608",7204,6348,5157,104,1087,968,56,71,151,74,60,19,127,81,329,119,51,68,77,10,14,53,292,32,94,122,42,2,117,79,38,39,1,330
2021,"Kingston upon Thames 012","E02000609",7627,6671,5954,96,621,592,35,75,63,63,21,32,82,53,168,29,1,28,45,7,13,25,404,27,247,112,18,0,45,25,20,14,0,448
2021,"Kingston upon Thames 013","E02000610",7950,6894,5751,107,1036,941,62,78,113,71,63,40,124,73,317,95,29,66,79,17,9,53,268,17,82,140,28,1,94,55,39,45,0,570
2021,"Kingston upon Thames 014","E02000611",7439,6920,6348,103,469,454,39,48,57,25,42,15,59,32,137,15,5,10,24,2,5,17,152,4,68,67,13,0,25,10,15,11,0,307
2021,"Kingston upon Thames 015","E02000612",8256,7400,6754,117,529,506,54,44,62,31,34,17,81,25,158,23,1,22,52,9,9,34,331,27,151,116,37,0,46,25,21,12,1,414
2021,"Kingston upon Thames 016","E02000613",8090,7174,6262,87,825,752,47,44,71,63,29,32,141,44,281,73,26,47,66,8,10,48,198,17,50,106,25,0,68,40,28,17,0,567
2021,"Kingston upon Thames 017","E02000614",9296,8184,6837,90,1257,1161,93,108,103,71,53,75,131,110,417,96,13,83,118,26,28,64,391,37,69,259,24,2,52,15,37,10,0,541
2021,"Kingston upon Thames 018","E02000615",7878,7072,6293,87,692,642,48,42,76,43,21,46,100,37,229,50,9,41,42,4,8,30,159,15,33,94,17,0,64,18,46,8,0,533
2021,"Kingston upon Thames 019","E02000616",6063,5434,4934,62,438,422,12,18,45,35,20,35,67,27,163,16,2,14,23,1,4,18,88,5,17,49,17,0,39,11,28,8,0,471
2021,"Kingston upon Thames 020","E02000617",8867,7799,6994,87,718,669,30,56,79,63,20,54,88,62,217,49,10,39,61,6,16,39,135,7,22,87,19,0,31,11,20,10,0,831
2021,"Lambeth 002","E02000619",9099,7920,6518,120,1282,1222,108,52,168,339,182,23,94,38,218,60,21,39,190,15,131,44,161,5,55,42,54,5,241,119,122,33,0,554
2021,"Lambeth 003","E02000620",9845,8661,7069,150,1442,1335,138,51,208,321,182,15,90,47,283,107,23,84,145,9,94,42,288,37,147,47,53,4,264,164,100,67,0,420
2021,"Lambeth 004","E02000621",12520,10409,7803,220,2386,2163,200,102,399,432,361,38,137,71,423,223,48,175,211,37,131,43,845,128,494,109,97,17,418,245,173,131,0,506
2021,"Lambeth 005","E02000622",8405,7428,5979,134,1315,1269,109,76,196,285,271,12,72,26,222,46,9,37,132,18,80,34,162,26,58,24,54,0,256,142,114,71,0,356
2021,"Lambeth 006","E02000623",7861,6861,5238,106,1517,1480,90,25,197,649,220,12,88,44,155,37,12,25,144,15,93,36,71,5,26,18,21,1,266,68,198,33,0,486
2021,"Lambeth 007","E02000624",9633,8598,6962,143,1493,1390,150,44,194,300,344,14,81,30,233,103,12,91,190,19,124,47,94,7,27,30,28,2,296,177,119,82,0,373
2021,"Lambeth 008","E02000625",9306,8074,6183,110,1781,1751,124,43,225,575,286,28,140,58,272,30,11,19,238,13,172,53,104,17,32,26,29,0,329,106,223,62,0,499
2021,"Lambeth 009","E02000626",8365,7175,5971,93,1111,1086,79,40,99,352,281,11,71,27,126,25,6,19,269,18,230,21,106,6,18,44,30,8,265,143,122,15,0,535
2021,"Lambeth 010","E02000627",9552,8447,6848,178,1421,1374,122,38,188,432,277,18,64,23,212,47,7,40,187,14,137,36,128,7,64,31,26,0,266,123,143,120,0,404
2021,"Lambeth 011","E02000628",10786,9523,7364,113,2046,2006,150,73,203,769,461,23,88,30,209,40,6,34,252,16,177,59,121,14,23,53,31,0,356,172,184,65,1,468
2021,"Lambeth 012","E02000629",9116,8253,6777,269,1207,1172,130,58,247,222,187,14,61,22,231,35,9,26,105,12,39,54,93,5,25,40,20,3,210,136,74,154,0,301
2021,"Lambeth 013","E02000630",7543,6733,5598,196,939,882,141,42,186,131,98,17,60,31,176,57,15,42,72,7,31,34,77,14,17,22,23,1,178,127,51,154,0,329
2021,"Lambeth 014","E02000631",9530,8504,7247,167,1090,1048,172,47,151,140,311,8,41,21,157,42,6,36,111,2,79,30,259,6,16,98,136,3,228,114,114,59,0,369
2021,"Lambeth 015","E02000632",9583,8738,7440,222,1076,1033,165,66,187,133,200,11,62,32,177,43,11,32,90,3,49,38,83,10,22,22,28,1,209,138,71,199,0,264
2021,"Lambeth 016","E02000633",9160,8127,6857,131,1139,1108,148,37,159,251,266,22,46,20,159,31,2,29,186,17,128,41,84,3,34,26,20,1,256,145,111,66,0,441
2021,"Lambeth 017","E02000634",6774,5976,4979,181,816,769,80,27,154,185,103,12,46,20,142,47,7,40,105,12,62,31,87,19,28,20,20,0,192,121,71,104,0,310
2021,"Lambeth 018","E02000635",9814,8918,7694,193,1031,1006,118,60,189,166,158,4,127,15,169,25,5,20,168,9,124,35,99,12,34,33,20,0,211,144,67,85,0,333
2021,"Lambeth 019","E02000636",7719,7068,6060,229,779,738,163,28,131,83,95,8,38,32,160,41,9,32,54,4,20,30,69,11,18,23,17,0,169,136,33,161,1,197
2021,"Lambeth 020","E02000637",8406,7669,6376,166,1127,1084,139,56,173,128,301,13,75,15,184,43,10,33,71,2,48,21,74,8,19,30,16,1,286,138,148,64,0,242
2021,"Lambeth 021","E02000638",10253,8896,7319,200,1377,1332,131,52,246,259,311,14,83,49,187,45,10,35,174,8,133,33,108,4,19,63,22,0,351,173,178,90,2,632
2021,"Lambeth 022","E02000639",8317,7152,5476,112,1564,1517,112,34,259,350,343,22,145,35,217,47,6,41,316,19,271,26,86,5,23,52,6,0,281,121,160,49,0,433
2021,"Lambeth 023","E02000640",9290,8542,7508,238,796,759,111,37,128,113,130,16,44,20,160,37,13,24,67,1,39,27,86,8,21,38,19,0,140,104,36,120,0,335
2021,"Lambeth 024","E02000641",8628,7477,6220,105,1152,1122,99,20,163,336,222,11,90,19,162,30,3,27,244,10,198,36,73,1,19,23,30,0,238,116,122,25,0,571
2021,"Lambeth 025","E02000642",9810,8755,7588,151,1016,986,78,53,142,126,227,11,74,70,205,30,4,26,122,5,88,29,96,2,17,56,21,0,258,160,98,54,0,525
2021,"Lambeth 026","E02000643",9374,8464,6851,180,1433,1392,106,52,244,180,307,17,155,77,254,41,11,30,98,18,50,30,96,5,19,44,28,0,287,132,155,85,0,344
2021,"Lambeth 027","E02000644",8523,7657,6275,124,1258,1221,143,33,208,180,232,32,197,38,158,37,7,30,125,14,78,33,68,4,13,31,19,1,228,113,115,40,0,405
2021,"Lambeth 028","E02000645",9533,8485,6951,145,1389,1344,112,39,211,278,313,28,121,63,179,45,7,38,124,5,87,32,120,10,27,42,41,0,230,115,115,44,0,530
2021,"Lambeth 029","E02000646",9500,8645,6808,176,1661,1618,95,49,302,160,377,28,297,46,264,43,5,38,100,21,51,28,111,6,24,46,32,3,240,90,150,76,0,328
2021,"Lambeth 030","E02000647",8591,7684,6547,105,1032,995,82,36,174,186,180,27,142,26,142,37,7,30,120,13,84,23,102,5,15,53,29,0,170,82,88,40,1,474
2021,"Lambeth 031","E02000648",7820,6760,5809,97,854,833,80,30,93,223,151,8,81,19,148,21,3,18,163,6,131,26,83,2,24,39,18,0,180,106,74,18,0,616
2021,"Lambeth 032","E02000649",12475,11125,8302,240,2583,2526,144,79,326,288,495,34,601,140,419,57,2,55,206,22,117,67,191,13,23,113,41,1,402,129,273,65,0,486
2021,"Lambeth 033","E02000650",7664,6762,5781,140,841,822,77,30,146,116,182,13,93,46,119,19,3,16,127,15,85,27,66,2,31,22,11,0,193,123,70,24,0,492
2021,"Lambeth 034","E02000651",8737,7720,6074,123,1523,1470,79,44,190,185,213,26,369,74,290,53,3,50,156,21,107,28,106,4,18,62,22,0,243,73,170,59,1,452
2021,"Lambeth 035","E02000652",7564,6801,5121,56,1624,1596,66,28,212,187,140,23,550,86,304,28,0,28,118,7,79,32,137,0,21,91,25,0,130,51,79,16,0,362
2021,"Lambeth 036","E02006801",8568,6890,5145,144,1601,1455,200,113,284,156,175,20,82,78,347,146,28,118,126,25,74,27,933,38,506,197,171,21,244,158,86,57,0,318
2021,"Lewisham 001","E02000653",12610,10739,8118,145,2476,2273,214,90,489,165,271,71,187,173,613,203,42,161,319,31,212,76,532,18,208,136,158,12,329,159,170,64,2,625
2021,"Lewisham 002","E02000654",8785,7390,6103,72,1215,1125,123,53,214,115,147,46,115,66,246,90,19,71,285,6,222,57,167,13,38,34,67,15,226,153,73,29,0,688
2021,"Lewisham 003","E02000655",10286,8884,6874,104,1906,1808,130,64,222,135,520,90,146,97,404,98,17,81,301,14,246,41,253,15,98,66,65,9,311,163,148,28,0,509
2021,"Lewisham 005","E02000657",9909,8608,7080,152,1376,1308,132,58,199,114,277,47,121,98,262,68,7,61,216,9,185,22,229,11,114,70,32,2,267,182,85,41,0,548
2021,"Lewisham 006","E02000658",8621,7682,6449,144,1089,1038,93,40,167,63,298,29,74,76,198,51,4,47,165,9,145,11,101,6,32,29,32,2,219,126,93,37,0,417
2021,"Lewisham 007","E02000659",8062,7043,5976,128,939,856,120,55,133,69,100,30,73,25,251,83,27,56,145,17,92,36,216,10,90,61,51,4,184,122,62,40,0,434
2021,"Lewisham 008","E02000660",8205,7189,5940,138,1111,1047,142,61,183,64,169,36,77,67,248,64,21,43,113,9,77,27,273,6,66,166,32,3,186,126,60,55,1,388
2021,"Lewisham 009","E02000661",6495,5714,4855,76,783,732,89,39,103,30,132,27,67,46,199,51,11,40,116,8,85,23,130,8,45,44,33,0,109,67,42,35,0,391
2021,"Lewisham 010","E02000662",8296,7293,6237,103,953,896,91,54,119,53,146,28,101,49,255,57,8,49,197,9,172,16,106,17,34,33,22,0,163,115,48,32,0,505
2021,"Lewisham 011","E02000663",6798,5980,5068,95,817,787,76,32,127,35,194,18,75,82,148,30,4,26,146,5,128,13,124,8,41,60,15,0,154,95,59,37,0,357
2021,"Lewisham 013","E02000665",8156,7232,6047,128,1057,1022,110,41,114,48,113,53,102,197,244,35,8,27,126,21,82,23,151,2,38,85,26,0,135,81,54,31,0,481
2021,"Lewisham 014","E02000666",7188,6415,5653,125,637,596,75,35,77,54,89,31,47,67,121,41,15,26,138,6,112,20,81,3,19,36,23,0,99,56,43,35,0,420
2021,"Lewisham 015","E02000667",6692,6107,5450,122,535,517,34,29,90,19,89,13,57,86,100,18,1,17,53,1,48,4,68,3,17,33,15,0,108,77,31,39,0,317
2021,"Lewisham 016","E02000668",6861,6067,5249,114,704,649,89,23,80,20,83,22,83,62,187,55,12,43,121,13,86,22,139,3,32,68,33,3,132,66,66,18,0,384
2021,"Lewisham 017","E02000669",7965,6827,5523,84,1220,1133,78,38,127,83,174,35,141,118,339,87,5,82,177,19,133,25,209,9,49,86,65,0,214,118,96,19,0,519
2021,"Lewisham 018","E02000670",6705,5733,4623,75,1035,974,87,49,111,45,203,41,79,177,182,61,35,26,219,12,184,23,133,4,23,52,54,0,177,126,51,20,0,423
2021,"Lewisham 019","E02000671",8742,7806,6861,129,816,775,79,47,128,52,113,21,79,102,154,41,9,32,138,6,111,21,95,6,25,34,30,0,154,104,50,52,0,497
2021,"Lewisham 020","E02000672",10275,8610,6850,153,1607,1535,133,56,258,142,229,69,143,233,272,72,8,64,308,16,255,37,265,5,48,107,102,3,335,148,187,48,0,709
2021,"Lewisham 021","E02000673",8139,7361,6510,132,719,690,61,54,110,32,99,26,87,49,172,29,6,23,130,5,100,25,100,1,52,18,28,1,138,88,50,40,0,370
2021,"Lewisham 022","E02000674",8453,7377,6270,121,986,946,103,47,94,49,186,21,94,114,238,40,1,39,174,14,135,25,123,3,49,48,22,1,175,148,27,15,0,589
2021,"Lewisham 023","E02000675",8525,7495,6500,98,897,845,78,22,133,60,71,58,90,137,196,52,6,46,149,17,106,26,155,4,45,88,18,0,115,73,42,14,0,597
2021,"Lewisham 024","E02000676",7814,7016,6199,131,686,661,74,39,93,34,93,37,76,67,148,25,2,23,107,7,87,13,74,0,20,35,19,0,110,83,27,33,0,474
2021,"Lewisham 025","E02000677",7209,6317,5487,108,722,690,45,38,115,32,120,40,74,98,128,32,8,24,147,9,113,25,122,6,5,82,28,1,127,88,39,10,0,486
2021,"Lewisham 026","E02000678",6960,5772,4904,73,795,757,46,15,86,64,56,57,138,107,188,38,15,23,240,13,210,17,87,2,12,62,11,0,147,116,31,4,0,710
2021,"Lewisham 027","E02000679",8132,7106,6177,110,819,766,80,38,117,72,106,19,77,105,152,53,13,40,154,11,123,20,117,8,33,49,25,2,119,91,28,34,0,602
2021,"Lewisham 028","E02000680",7035,6113,5209,115,789,746,94,38,106,51,87,18,98,43,211,43,14,29,149,12,111,26,143,2,41,70,30,0,117,62,55,11,1,501
2021,"Lewisham 029","E02000681",8474,7124,6244,93,787,743,48,16,71,75,101,30,106,105,191,44,7,37,212,11,171,30,147,1,30,90,26,0,142,113,29,13,0,836
2021,"Lewisham 030","E02000682",8931,7507,6534,63,910,866,60,85,114,64,91,45,105,145,157,44,5,39,266,15,220,31,155,8,22,93,32,0,205,144,61,3,0,795
2021,"Lewisham 031","E02000683",6767,5616,4700,63,853,813,80,27,88,45,72,74,113,122,192,40,6,34,180,11,139,30,121,4,27,75,15,0,122,82,40,13,0,715
2021,"Lewisham 033","E02000685",8132,7204,6187,116,901,853,51,28,184,59,132,28,78,40,253,48,12,36,141,5,113,23,102,5,18,48,31,0,141,99,42,13,0,531
2021,"Lewisham 034","E02000686",7542,6249,5245,65,939,885,56,28,120,58,159,39,163,106,156,54,19,35,241,5,212,24,86,0,7,61,18,0,165,118,47,15,0,786
2021,"Lewisham 035","E02000687",8269,7222,6326,133,763,735,65,39,105,50,90,21,121,36,208,28,8,20,175,2,145,28,112,5,21,61,24,1,174,141,33,18,0,568
2021,"Lewisham 037","E02006783",7776,6398,5353,75,970,927,61,19,113,83,77,75,105,161,233,43,14,29,178,11,137,30,173,0,38,99,36,0,133,91,42,9,0,885
2021,"Lewisham 038","E02006784",7970,6746,5811,78,857,818,50,38,120,37,83,40,131,151,168,39,13,26,159,15,128,16,147,4,16,109,16,2,146,90,56,4,0,768
2021,"Lewisham 039","E02006798",8891,7571,6113,83,1375,1316,101,55,200,136,297,58,131,62,276,59,8,51,294,10,244,40,269,3,122,79,62,3,210,118,92,21,0,526
2021,"Lewisham 040","E02007008",5760,4623,3326,85,1212,1129,85,37,204,97,146,54,96,123,287,83,8,75,163,25,104,34,546,15,173,251,102,5,162,90,72,21,0,245
2021,"Lewisham 041","E02007009",9141,7589,5994,93,1502,1415,142,41,242,99,260,43,127,188,273,87,20,67,233,30,181,22,422,10,186,130,90,6,207,153,54,37,0,653
2021,"Merton 001","E02000689",9054,8170,6818,180,1172,1085,161,77,173,91,112,20,97,64,290,87,49,38,133,17,15,101,204,5,87,73,36,3,159,77,82,93,0,295
2021,"Merton 002","E02000690",5522,5035,4387,88,560,469,52,53,62,19,52,3,32,16,180,91,19,72,37,2,4,31,155,14,84,21,27,9,114,87,27,34,0,147
2021,"Merton 003","E02000691",7352,6531,5376,151,1004,907,95,35,142,82,123,11,115,57,247,97,37,60,117,10,22,85,249,9,116,98,25,1,145,91,54,79,0,231
2021,"Merton 004","E02000692",7658,6534,5364,170,1000,857,80,61,154,62,100,16,79,38,267,143,60,83,98,15,14,69,495,14,279,142,55,5,212,125,87,69,0,250
2021,"Merton 005","E02000693",9858,8588,6556,203,1829,1726,86,58,273,139,156,43,351,173,447,103,23,80,159,28,45,86,337,32,56,174,71,4,203,63,140,60,0,511
2021,"Merton 006","E02000694",9104,8050,6641,185,1224,1145,123,42,196,69,134,19,135,72,355,79,28,51,115,13,15,87,267,14,95,107,49,2,186,89,97,86,0,400
2021,"Merton 007","E02000695",8637,7665,5892,122,1651,1581,59,54,105,64,103,35,584,218,359,70,5,65,114,7,51,56,315,7,7,261,38,2,99,45,54,11,0,433
2021,"Merton 008","E02000696",8630,7530,5480,130,1920,1850,29,50,185,134,150,54,628,200,420,70,6,64,124,15,59,50,332,14,30,240,46,2,127,40,87,17,0,500
2021,"Merton 009","E02000697",8725,7580,6031,221,1328,1188,143,67,189,118,123,26,130,74,318,140,66,74,125,23,20,82,438,4,187,184,63,0,212,112,100,102,0,268
2021,"Merton 010","E02000698",8235,7391,6394,178,819,711,51,83,117,35,51,11,82,47,234,108,21,87,91,13,10,68,322,14,204,73,27,4,140,95,45,56,0,235
2021,"Merton 011","E02000699",8216,7199,5938,176,1085,937,103,60,149,71,91,37,95,55,276,148,90,58,112,12,12,88,414,6,212,150,45,1,138,67,71,54,0,299
2021,"Merton 012","E02000700",8656,7400,5724,89,1587,1523,71,56,182,116,79,62,411,142,404,64,13,51,154,7,87,60,259,9,34,179,34,3,119,43,76,21,0,703
2021,"Merton 013","E02000701",9012,7748,5867,113,1768,1705,46,63,164,122,70,48,564,211,417,63,9,54,181,9,104,68,435,4,29,339,63,0,102,51,51,18,0,528
2021,"Merton 014","E02000702",9325,8036,6494,75,1467,1413,47,60,145,198,94,47,440,148,234,54,5,49,223,16,165,42,205,5,17,160,19,4,123,59,64,5,0,733
2021,"Merton 015","E02000703",7964,7282,6230,157,895,826,77,39,118,60,67,13,101,83,268,69,28,41,77,12,34,31,194,4,57,97,35,1,99,35,64,44,0,268
2021,"Merton 016","E02000704",8602,7334,5803,154,1377,1250,95,38,178,110,101,28,189,128,383,127,40,87,170,20,27,123,366,14,133,177,37,5,161,72,89,42,0,529
2021,"Merton 017","E02000705",9328,8292,6492,89,1711,1664,52,49,188,224,195,57,450,170,279,47,8,39,153,6,108,39,259,6,13,217,23,0,129,47,82,18,0,477
2021,"Merton 018","E02000706",10037,8326,6521,68,1737,1663,79,59,169,148,85,40,540,195,348,74,6,68,264,13,188,63,359,4,26,275,51,3,135,68,67,16,0,937
2021,"Merton 019","E02000707",8304,6933,5846,45,1042,1015,31,51,73,150,81,30,268,121,210,27,1,26,313,6,261,46,205,2,23,157,23,0,123,68,55,5,0,725
2021,"Merton 020","E02000708",8889,7963,6744,176,1043,953,77,72,107,64,59,8,164,114,288,90,11,79,72,9,21,42,335,13,123,155,38,6,81,38,43,24,0,414
2021,"Merton 021","E02000709",7975,7204,6181,176,847,753,35,50,109,68,59,12,147,80,193,94,32,62,81,1,9,71,184,13,35,99,31,6,69,31,38,29,0,408
2021,"Merton 022","E02000710",9185,7943,6312,121,1510,1462,50,83,116,162,93,66,402,205,285,48,6,42,121,8,86,27,300,11,21,234,34,0,63,29,34,5,0,753
2021,"Merton 023","E02000711",9443,8004,5909,98,1997,1900,71,189,163,115,69,74,409,317,493,97,22,75,134,19,60,55,437,9,57,330,39,2,121,62,59,15,0,732
2021,"Merton 024","E02000712",9664,8163,6779,114,1270,1214,58,144,66,92,47,53,245,172,337,56,13,43,121,8,82,31,418,2,30,339,45,2,92,58,34,19,0,851
2021,"Merton 025","E02000713",7805,7004,6152,125,727,681,39,92,62,55,41,25,141,70,156,46,15,31,53,2,21,30,176,3,22,130,21,0,49,17,32,17,0,506
2021,"Newham 001","E02000714",7711,6556,4967,67,1522,1459,34,21,224,99,86,121,124,451,299,63,4,59,155,5,112,38,392,0,13,358,21,0,89,53,36,23,0,496
2021,"Newham 002","E02000715",7297,6013,4513,30,1470,1427,41,23,496,95,54,59,69,302,288,43,3,40,125,7,83,35,701,4,14,648,29,6,39,24,15,2,0,417
2021,"Newham 003","E02000716",7348,6122,4648,31,1443,1404,36,25,409,153,75,95,65,351,195,39,2,37,87,13,51,23,650,1,7,623,15,4,54,39,15,10,0,425
2021,"Newham 004","E02000717",8359,6890,5130,51,1709,1669,47,18,591,132,139,94,71,386,191,40,0,40,121,10,95,16,899,3,1,875,20,0,68,31,37,5,0,376
2021,"Newham 005","E02000718",7407,6321,5140,32,1149,1119,41,17,383,116,44,79,49,271,119,30,1,29,127,10,72,45,589,3,4,562,19,1,48,32,16,4,0,318
2021,"Newham 006","E02000719",8072,6935,4811,43,2081,2017,67,31,256,151,143,126,169,638,436,64,5,59,194,11,130,53,396,6,48,309,27,6,106,45,61,11,0,430
2021,"Newham 007","E02000720",7491,6083,4969,36,1078,1053,27,14,241,108,76,76,77,254,180,25,2,23,93,10,63,20,860,1,18,828,12,1,87,65,22,10,0,358
2021,"Newham 008","E02000721",9546,7711,6152,19,1540,1487,35,9,399,132,114,87,112,374,225,53,15,38,195,18,148,29,1089,9,23,1019,35,3,64,34,30,9,0,478
2021,"Newham 009","E02000722",8142,7074,4766,57,2251,2157,89,19,353,140,186,190,117,603,460,94,10,84,135,16,99,20,453,4,39,347,47,16,114,36,78,12,0,354
2021,"Newham 010","E02000723",11191,8839,7155,32,1652,1615,45,33,347,136,41,96,60,648,209,37,1,36,76,7,42,27,1676,2,3,1637,34,0,23,19,4,0,0,577
2021,"Newham 011","E02000724",10024,8143,6535,49,1559,1533,60,21,363,138,125,81,79,495,171,26,3,23,89,14,48,27,1243,3,3,1212,16,9,52,20,32,1,0,496
2021,"Newham 012","E02000725",9985,8305,5728,73,2504,2382,104,32,351,181,217,155,181,519,642,122,26,96,235,35,142,58,770,43,196,394,130,7,149,72,77,14,0,512
2021,"Newham 014","E02000727",8519,6681,5272,15,1394,1363,34,16,433,125,83,63,84,378,147,31,3,28,73,11,42,20,1370,0,12,1337,21,0,27,17,10,1,0,367
2021,"Newham 015","E02000728",8524,6856,4872,24,1960,1927,89,22,250,99,107,98,61,876,325,33,1,32,54,3,30,21,1208,0,18,1164,25,1,14,10,4,3,0,389
2021,"Newham 016","E02000729",7328,6272,4607,42,1623,1573,62,14,233,161,96,146,93,526,242,50,7,43,96,13,66,17,474,8,22,398,38,8,59,34,25,7,0,420
2021,"Newham 017","E02000730",9929,7595,5933,34,1628,1556,40,16,407,156,72,87,50,535,193,72,6,66,117,7,74,36,1575,2,4,1552,17,0,52,23,29,4,0,586
2021,"Newham 018","E02000731",9960,7914,5917,28,1969,1900,79,39,468,150,145,76,112,609,222,69,2,67,77,4,42,31,1440,0,17,1379,44,0,74,19,55,3,0,452
2021,"Newham 019","E02000732",8899,7308,5783,23,1502,1459,56,15,415,183,92,92,83,381,142,43,10,33,140,14,86,40,882,5,23,820,31,3,76,40,36,3,0,490
2021,"Newham 020","E02000733",10095,8641,6466,46,2129,2031,78,38,254,143,146,176,117,599,480,98,15,83,191,25,131,35,486,7,44,347,85,3,116,50,66,14,0,647
2021,"Newham 021","E02000734",7302,6172,4512,39,1621,1578,60,12,202,124,110,135,122,504,309,43,3,40,162,11,122,29,451,1,49,292,102,7,72,40,32,7,1,437
2021,"Newham 022","E02000735",8605,7044,5292,42,1710,1662,50,17,349,148,105,134,105,496,258,48,3,45,125,1,97,27,925,9,28,752,136,0,71,34,37,4,0,436
2021,"Newham 023","E02000736",9203,7717,5937,40,1740,1709,31,46,329,129,123,114,72,599,266,31,0,31,109,7,75,27,755,3,11,718,23,0,43,22,21,2,0,577
2021,"Newham 024","E02000737",10375,8796,6721,44,2031,1994,57,34,395,109,107,220,78,772,222,37,1,36,137,2,98,37,796,7,15,711,58,5,63,35,28,9,0,574
2021,"Newham 025","E02000738",9579,8031,5967,46,2018,1982,67,37,376,154,167,134,141,692,214,36,3,33,141,8,82,51,866,4,41,702,118,1,95,38,57,8,0,438
2021,"Newham 026","E02000739",7726,6602,4615,40,1947,1901,49,13,224,124,182,189,98,706,316,46,1,45,160,9,130,21,443,7,25,325,86,0,70,29,41,13,0,438
2021,"Newham 027","E02000740",6766,5740,4328,36,1376,1313,27,21,170,122,94,148,88,341,302,63,4,59,175,15,122,38,306,5,46,184,62,9,81,32,49,6,0,458
2021,"Newham 028","E02000741",8245,6923,5282,33,1608,1553,34,18,241,158,119,170,88,524,201,55,2,53,157,15,123,19,504,4,22,401,72,5,124,52,72,15,0,522
2021,"Newham 029","E02000742",8707,7454,5569,21,1864,1815,56,19,176,166,71,186,90,804,247,49,3,46,159,10,120,29,505,3,12,471,19,0,73,43,30,5,0,511
2021,"Newham 030","E02000743",10283,8687,6488,53,2146,2047,64,33,329,297,134,221,128,453,388,99,16,83,284,25,227,32,554,7,88,367,79,13,164,63,101,7,0,587
2021,"Newham 031","E02000744",9175,7657,5403,49,2205,2109,42,28,237,201,148,226,96,683,448,96,12,84,265,15,195,55,425,3,43,307,66,6,145,36,109,8,0,675
2021,"Newham 032","E02000745",8597,7368,4777,70,2521,2466,44,17,177,137,91,533,92,925,450,55,0,55,232,20,165,47,387,4,36,298,49,0,78,32,46,9,0,523
2021,"Newham 033","E02000746",9427,8077,6035,67,1975,1901,67,31,179,115,68,502,159,404,376,74,9,65,225,41,132,52,510,20,51,385,51,3,147,98,49,6,0,462
2021,"Newham 034","E02000747",13098,10180,7217,76,2887,2713,140,59,442,275,180,260,192,494,671,174,37,137,362,58,224,80,1454,68,269,939,168,10,230,126,104,37,0,835
2021,"Newham 035","E02000748",6276,5469,3171,31,2267,2192,18,19,120,131,56,740,139,575,394,75,8,67,151,15,121,15,217,1,22,159,31,4,63,36,27,3,0,373
2021,"Newham 036","E02000749",9553,8008,5917,49,2042,1971,77,27,181,208,76,375,110,536,381,71,4,67,395,28,331,36,302,1,51,203,46,1,102,39,63,4,0,742
2021,"Newham 038","E02006995",8637,7080,5399,137,1544,1415,131,77,225,183,94,71,109,84,441,129,21,108,188,29,93,66,901,42,425,286,137,11,194,120,74,71,0,203
2021,"Newham 039","E02006996",8432,6804,4883,96,1825,1716,114,51,276,160,132,121,121,289,452,109,36,73,188,22,114,52,922,24,361,401,130,6,154,91,63,44,0,320
2021,"Newham 040","E02006997",6883,5747,4051,85,1611,1545,84,43,282,145,149,77,116,218,431,66,9,57,169,37,93,39,543,16,108,322,97,0,127,74,53,30,1,266
2021,"Newham 041","E02006998",7084,5915,4172,31,1712,1642,80,17,173,162,82,280,114,357,377,70,10,60,277,10,224,43,349,6,25,290,28,0,102,34,68,11,0,430
2021,"Newham 042","E02006999",11246,8976,6245,125,2606,2440,137,82,288,239,142,212,214,431,695,166,30,136,383,29,224,130,1155,27,276,699,132,21,253,110,143,63,2,414
2021,"Redbridge 001","E02000751",11155,10421,9388,148,885,796,45,24,80,32,56,56,75,178,250,89,35,54,76,7,39,30,190,2,35,124,29,0,60,41,19,10,0,398
2021,"Redbridge 002","E02000752",8778,7709,6358,35,1316,1244,35,17,45,59,29,226,152,449,232,72,6,66,65,5,26,34,285,6,14,244,20,1,34,24,10,8,0,677
2021,"Redbridge 003","E02000753",6921,6085,4827,33,1225,1168,21,14,65,36,16,211,82,492,231,57,6,51,60,4,38,18,196,3,14,170,9,0,31,19,12,3,0,546
2021,"Redbridge 004","E02000754",6765,6175,5232,117,826,764,36,19,56,41,39,80,43,247,203,62,5,57,29,3,18,8,123,4,23,73,23,0,33,23,10,13,0,392
2021,"Redbridge 005","E02000755",5475,5011,4258,74,679,640,8,16,31,50,14,85,49,231,156,39,7,32,28,5,14,9,110,6,11,87,6,0,14,9,5,8,0,304
2021,"Redbridge 006","E02000756",14595,13030,10407,76,2547,2345,71,61,165,77,28,304,166,1115,358,202,17,185,82,11,45,26,661,13,27,566,54,1,51,39,12,9,0,762
2021,"Redbridge 007","E02000757",12390,11116,9618,189,1309,1208,79,64,87,84,61,98,113,304,318,101,21,80,129,38,56,35,488,8,50,375,41,14,102,58,44,15,0,540
2021,"Redbridge 008","E02000758",6886,6175,5552,26,597,555,37,22,55,54,38,50,57,156,86,42,12,30,55,6,28,21,247,9,11,217,8,2,27,21,6,10,0,372
2021,"Redbridge 009","E02000759",13091,11829,9997,189,1643,1533,50,28,145,77,44,140,154,504,391,110,25,85,124,18,57,49,369,10,42,273,43,1,89,51,38,24,0,656
2021,"Redbridge 010","E02000760",7532,6636,5495,47,1094,1023,47,42,101,36,20,81,56,452,188,71,8,63,78,6,30,42,345,4,6,326,8,1,28,19,9,2,0,443
2021,"Redbridge 012","E02000762",6620,6011,5264,14,733,691,31,30,93,23,22,46,30,291,125,42,4,38,32,11,9,12,320,6,6,294,14,0,21,12,9,8,0,228
2021,"Redbridge 013","E02000763",8016,7053,5726,42,1285,1191,91,59,82,55,21,143,40,543,157,94,1,93,57,2,33,22,489,3,9,453,24,0,29,19,10,2,0,386
2021,"Redbridge 014","E02000764",12310,11314,9719,293,1302,1228,74,71,155,77,58,93,152,230,318,74,22,52,63,16,17,30,300,6,33,217,41,3,86,57,29,57,0,490
2021,"Redbridge 015","E02000765",7525,6421,5100,41,1280,1197,34,28,159,34,20,146,40,550,186,83,7,76,60,15,30,15,726,7,11,688,20,0,18,13,5,5,0,295
2021,"Redbridge 017","E02000767",8626,7327,6002,40,1285,1204,83,65,97,46,45,112,43,543,170,81,2,79,46,10,19,17,823,10,12,781,20,0,27,21,6,2,0,401
2021,"Redbridge 018","E02000768",5788,5389,4867,173,349,329,15,10,51,23,36,39,16,56,83,20,4,16,31,3,17,11,112,0,31,63,18,0,38,23,15,32,0,186
2021,"Redbridge 020","E02000770",8123,7076,5654,54,1368,1293,72,50,217,49,45,80,69,515,196,75,1,74,72,11,37,24,605,2,9,581,13,0,15,15,0,2,0,353
2021,"Redbridge 022","E02000772",8383,6964,5675,43,1246,1191,35,33,222,85,41,85,76,397,217,55,2,53,107,11,48,48,852,1,14,781,55,1,27,20,7,6,0,427
2021,"Redbridge 023","E02000773",10733,9165,7844,25,1296,1244,110,87,238,66,28,82,43,399,191,52,5,47,129,13,61,55,940,6,14,906,14,0,37,27,10,2,0,460
2021,"Redbridge 024","E02000774",8107,6775,5225,56,1494,1450,39,31,230,103,91,96,92,589,179,44,2,42,63,8,38,17,835,6,14,808,6,1,35,23,12,1,0,398
2021,"Redbridge 026","E02000776",7037,6063,4897,38,1128,1076,33,35,284,55,36,67,50,384,132,52,11,41,72,13,38,21,601,3,12,570,16,0,22,13,9,4,0,275
2021,"Redbridge 027","E02000777",6006,5514,4878,127,509,490,26,25,62,26,19,38,60,107,127,19,4,15,41,6,27,8,123,7,17,89,6,4,33,16,17,10,0,285
2021,"Redbridge 029","E02000779",8419,6530,4701,50,1779,1699,50,38,454,135,97,115,130,454,226,80,16,64,100,14,59,27,1255,22,7,1192,34,0,39,27,12,5,0,490
2021,"Redbridge 031","E02000781",16295,14107,12244,110,1753,1667,70,39,290,71,112,156,68,642,219,86,1,85,175,6,70,99,1126,1,3,1113,9,0,47,27,20,3,0,837
2021,"Redbridge 032","E02000782",11490,8950,6998,54,1898,1834,79,66,421,165,82,149,98,535,239,64,13,51,177,22,109,46,1710,11,10,1666,23,0,53,42,11,3,0,597
2021,"Redbridge 033","E02000783",7397,6166,4855,28,1283,1259,50,42,247,43,73,63,49,520,172,24,1,23,105,16,62,27,695,12,5,675,3,0,59,17,42,3,0,369
2021,"Redbridge 034","E02006800",14679,12298,9907,86,2305,2208,51,34,450,128,94,176,138,837,300,97,3,94,183,14,118,51,1400,11,12,1329,48,0,52,44,8,15,1,730
2021,"Redbridge 035","E02006924",13599,11977,10263,57,1657,1567,62,29,217,40,42,135,88,674,280,90,22,68,103,15,47,41,973,4,14,930,25,0,30,25,5,9,0,507
2021,"Redbridge 036","E02006925",14419,13237,11908,48,1281,1203,66,44,112,36,27,57,44,576,241,78,5,73,70,10,38,22,654,16,17,587,33,1,34,19,15,16,0,408
2021,"Redbridge 037","E02007017",8817,7808,6972,50,786,754,26,44,90,38,25,57,48,309,117,32,5,27,101,15,69,17,426,3,13,399,11,0,25,19,6,4,0,453
2021,"Redbridge 038","E02007018",7270,6188,5123,47,1018,953,31,15,127,67,71,69,71,380,122,65,5,60,168,15,120,33,465,5,13,429,18,0,33,23,10,1,0,415
2021,"Redbridge 039","E02007019",7163,4831,3266,25,1540,1491,30,23,519,113,81,105,75,341,204,49,12,37,97,15,53,29,1814,13,6,1778,17,0,48,38,10,6,0,367
2021,"Redbridge 040","E02007020",9844,8055,6580,31,1444,1415,59,69,327,133,72,87,37,459,172,29,1,28,105,15,51,39,1143,0,5,1126,12,0,33,22,11,3,0,505
2021,"Richmond upon Thames 001","E02000784",10131,9336,7946,195,1195,1061,98,93,129,37,100,19,81,22,482,134,41,93,51,6,5,40,204,21,103,31,49,0,191,157,34,76,0,273
2021,"Richmond upon Thames 002","E02000785",9715,8848,7694,166,988,842,103,83,119,40,78,22,67,24,306,146,61,85,30,2,4,24,217,35,92,53,31,6,272,202,70,116,0,232
2021,"Richmond upon Thames 003","E02000786",11370,10295,8913,227,1155,998,85,58,172,38,85,23,125,27,385,157,112,45,91,14,7,70,205,32,54,71,48,0,223,150,73,112,0,444
2021,"Richmond upon Thames 004","E02000787",12089,10704,8952,223,1529,1261,117,95,191,68,179,38,130,43,400,268,123,145,98,30,24,44,394,44,168,126,54,2,263,155,108,88,0,542
2021,"Richmond upon Thames 005","E02000788",9084,8341,7242,155,944,808,64,105,105,42,81,16,78,34,283,136,73,63,40,6,8,26,198,26,66,63,42,1,170,99,71,77,0,258
2021,"Richmond upon Thames 006","E02000789",6300,5661,4746,133,782,633,55,86,85,27,65,6,61,35,213,149,92,57,47,7,0,40,182,25,69,64,21,3,168,116,52,54,0,188
2021,"Richmond upon Thames 007","E02000790",6587,6063,5268,167,628,534,46,66,81,17,59,17,62,9,177,94,61,33,49,9,8,32,120,2,56,44,18,0,110,93,17,79,0,166
2021,"Richmond upon Thames 008","E02000791",6470,5733,4464,149,1120,883,108,83,141,59,80,7,46,35,324,237,129,108,47,11,5,31,246,20,112,71,34,9,216,183,33,99,0,129
2021,"Richmond upon Thames 009","E02000792",7149,6573,5437,153,983,751,70,105,132,27,54,20,85,29,229,232,149,83,49,11,5,33,108,12,57,23,11,5,133,96,37,81,0,205
2021,"Richmond upon Thames 010","E02000793",8106,7344,6392,194,758,688,29,27,66,35,52,21,208,72,178,70,30,40,45,8,16,21,126,3,29,76,18,0,50,31,19,21,0,520
2021,"Richmond upon Thames 011","E02000794",7014,6448,5567,156,725,610,45,41,85,49,56,12,87,60,175,115,64,51,37,7,3,27,124,8,47,53,16,0,95,54,41,57,0,253
2021,"Richmond upon Thames 012","E02000795",6924,6344,5447,106,791,703,27,241,62,29,47,8,36,32,221,88,41,47,25,4,0,21,119,9,58,24,22,6,161,116,45,47,0,228
2021,"Richmond upon Thames 013","E02000796",11087,9794,8564,173,1057,999,37,32,106,85,58,48,278,137,218,58,19,39,89,12,38,39,368,4,24,321,19,0,55,41,14,9,0,772
2021,"Richmond upon Thames 014","E02000797",7868,7248,6178,209,861,716,58,48,155,43,54,27,58,34,239,145,87,58,49,6,6,37,124,17,50,34,19,4,120,77,43,66,0,261
2021,"Richmond upon Thames 015","E02000798",11305,10344,9158,214,972,901,70,56,174,46,91,27,136,78,223,71,33,38,74,16,20,38,148,8,36,79,25,0,101,60,41,79,0,559
2021,"Richmond upon Thames 016","E02000799",6600,6138,5526,161,451,390,24,35,54,37,28,13,40,14,145,61,34,27,31,5,3,23,110,12,53,31,14,0,82,55,27,42,0,197
2021,"Richmond upon Thames 017","E02000800",5410,4863,4167,59,637,548,24,137,69,36,48,15,67,21,131,89,50,39,46,6,2,38,93,15,34,34,10,0,43,24,19,25,0,340
2021,"Richmond upon Thames 018","E02000801",7112,6590,5936,142,512,448,43,45,56,33,36,11,67,22,135,64,26,38,48,14,12,22,83,13,29,26,12,3,95,62,33,32,0,264
2021,"Richmond upon Thames 019","E02000802",7021,6458,5832,135,491,437,40,38,45,23,23,13,81,21,153,54,23,31,34,4,10,20,69,6,26,24,10,3,82,55,27,34,0,344
2021,"Richmond upon Thames 020","E02000803",9716,8693,7794,150,749,699,36,36,72,70,31,48,140,30,236,50,17,33,83,15,13,55,161,6,41,79,35,0,74,39,35,17,0,688
2021,"Richmond upon Thames 021","E02000804",7151,6581,5918,127,536,464,32,43,85,27,39,13,77,12,136,72,37,35,31,7,5,19,83,8,38,17,20,0,100,69,31,45,0,311
2021,"Richmond upon Thames 022","E02000805",10744,9924,8870,196,858,760,63,85,103,65,61,22,80,41,240,98,56,42,49,3,10,36,182,17,65,74,23,3,121,71,50,69,0,399
2021,"Richmond upon Thames 023","E02000806",10297,9466,8726,131,609,546,37,26,65,27,45,23,72,26,225,63,14,49,74,9,4,61,108,12,30,38,24,4,88,72,16,34,0,527
2021,"Southwark 001","E02000807",8226,7112,5392,151,1569,1446,156,67,339,85,157,57,113,78,394,123,18,105,105,15,42,48,456,10,171,152,117,6,213,123,90,63,0,277
2021,"Southwark 002","E02000808",10162,8294,6314,187,1793,1629,289,134,310,96,175,26,92,56,451,164,17,147,148,35,78,35,860,33,479,170,171,7,414,317,97,126,0,320
2021,"Southwark 004","E02000810",11896,10229,8121,160,1948,1846,212,89,442,100,301,50,136,70,446,102,22,80,284,33,198,53,279,12,82,116,68,1,317,182,135,101,0,686
2021,"Southwark 006","E02000812",10792,9208,7465,185,1558,1467,182,98,298,82,283,45,78,57,344,91,20,71,269,24,193,52,294,7,101,114,70,2,328,181,147,79,0,614
2021,"Southwark 007","E02000813",10224,8461,6374,155,1932,1756,201,65,355,112,248,73,172,86,444,176,33,143,277,41,201,35,449,19,183,128,115,4,292,122,170,64,0,681
2021,"Southwark 008","E02000814",10290,8981,6556,156,2269,2056,235,86,519,100,219,97,128,134,538,213,58,155,147,26,96,25,446,32,180,140,86,8,263,130,133,68,0,385
2021,"Southwark 009","E02000815",7618,6267,4821,134,1312,1234,153,101,190,72,305,21,64,40,288,78,7,71,217,40,145,32,588,34,320,122,106,6,236,135,101,74,0,236
2021,"Southwark 010","E02000816",9609,8106,6197,159,1750,1669,106,60,394,113,353,46,109,106,382,81,8,73,261,22,202,37,202,12,48,92,46,4,264,107,157,50,0,726
2021,"Southwark 011","E02000817",6822,5664,4629,70,965,929,71,16,200,42,191,37,95,63,214,36,3,33,179,13,138,28,148,5,48,59,29,7,151,53,98,25,0,655
2021,"Southwark 012","E02000818",9796,8335,6676,156,1503,1413,161,70,259,98,336,34,111,67,277,90,29,61,285,25,225,35,372,16,172,95,78,11,260,113,147,60,0,484
2021,"Southwark 013","E02000819",8498,7175,5835,89,1251,1205,102,53,200,91,344,29,95,56,235,46,10,36,318,20,260,38,156,5,53,52,43,3,266,92,174,22,0,561
2021,"Southwark 014","E02000820",9244,7906,6425,146,1335,1259,168,46,238,106,263,25,93,41,279,76,24,52,228,18,182,28,349,13,212,46,75,3,226,134,92,41,0,494
2021,"Southwark 015","E02000821",9360,7744,5653,75,2016,1960,77,71,232,142,979,12,101,71,275,56,25,31,438,6,404,28,169,7,27,75,59,1,458,188,270,40,0,511
2021,"Southwark 016","E02000822",6713,5599,4534,98,967,938,82,23,156,80,310,13,73,40,161,29,6,23,287,13,251,23,145,16,41,54,34,0,206,77,129,13,0,463
2021,"Southwark 017","E02000823",8684,7523,6113,114,1296,1251,134,42,192,113,414,18,56,43,239,45,11,34,270,15,225,30,107,1,23,32,47,4,296,102,194,32,0,456
2021,"Southwark 018","E02000824",9906,8175,6916,94,1165,1122,93,50,145,138,359,26,70,36,205,43,10,33,586,26,522,38,202,6,45,88,58,5,273,107,166,18,0,652
2021,"Southwark 019","E02000825",10225,8759,7495,86,1178,1142,116,24,158,174,354,18,82,37,179,36,20,16,519,15,465,39,165,10,67,52,36,0,251,113,138,13,0,518
2021,"Southwark 020","E02000826",9884,8507,7063,126,1318,1257,111,59,139,91,446,19,68,39,285,61,10,51,307,13,253,41,200,13,64,51,72,0,306,123,183,46,0,518
2021,"Southwark 021","E02000827",11311,9677,7926,168,1583,1538,138,52,200,125,588,30,74,44,287,45,4,41,464,22,396,46,250,11,64,72,103,0,378,145,233,41,0,501
2021,"Southwark 022","E02000828",8811,7353,6150,107,1096,1064,97,39,134,104,400,16,81,36,157,32,9,23,395,10,360,25,177,8,54,62,49,4,305,135,170,22,0,559
2021,"Southwark 023","E02000829",10924,9386,8251,140,995,956,101,40,126,56,280,32,67,44,210,39,7,32,359,15,299,45,142,13,21,56,51,1,244,134,110,58,0,735
2021,"Southwark 024","E02000830",8887,7909,6841,135,933,890,90,60,127,80,260,17,47,38,171,43,8,35,146,14,114,18,215,14,41,48,112,0,249,116,133,47,0,321
2021,"Southwark 025","E02000831",9358,8402,7420,152,830,803,114,49,109,48,232,11,64,9,167,27,8,19,178,10,134,34,92,5,29,35,22,1,202,119,83,73,0,411
2021,"Southwark 026","E02000832",9688,8362,7487,138,737,699,82,36,86,50,173,18,55,46,153,38,8,30,274,20,223,31,73,6,11,33,23,0,208,131,77,31,0,740
2021,"Southwark 027","E02000833",7488,6304,5486,103,715,685,85,48,107,58,168,8,68,9,134,30,7,23,296,17,250,29,306,13,27,89,177,0,176,101,75,26,0,380
2021,"Southwark 028","E02000834",9385,8585,7686,222,677,641,78,47,129,54,92,15,38,26,162,36,8,28,94,8,63,23,115,2,28,28,57,0,143,93,50,66,1,381
2021,"Southwark 029","E02000835",7683,6954,6270,146,538,518,58,32,86,28,94,11,43,28,138,20,6,14,110,5,96,9,42,11,6,17,8,0,133,79,54,33,0,411
2021,"Southwark 030","E02000836",8297,7624,6913,184,527,491,67,56,68,34,90,7,34,22,113,36,7,29,55,2,41,12,114,0,34,29,51,0,144,91,53,66,0,294
2021,"Southwark 031","E02000837",8560,8013,7383,159,471,432,73,46,53,19,66,14,24,13,124,39,8,31,33,2,19,12,108,19,57,18,13,1,126,97,29,50,0,230
2021,"Southwark 032","E02000838",9501,8492,7452,194,846,814,71,47,147,85,176,17,67,39,165,32,7,25,152,9,117,26,164,12,30,61,60,1,136,80,56,62,0,495
2021,"Southwark 033","E02000839",8480,7446,6602,119,725,694,81,42,106,53,139,11,55,37,170,31,11,20,168,8,140,20,207,13,114,38,40,2,143,86,57,53,0,463
2021,"Southwark 034","E02006802",9273,7857,6288,150,1419,1299,168,85,219,73,220,19,98,43,374,120,19,101,189,26,137,26,541,41,276,119,102,3,231,164,67,66,0,389
2021,"Southwark 035","E02006941",5314,4306,3190,140,976,882,163,90,181,44,74,20,30,27,253,94,11,83,61,17,19,25,415,19,144,187,57,8,302,242,60,127,0,103
2021,"Southwark 036","E02006942",6748,5673,4410,142,1121,1047,189,70,216,57,129,32,57,35,262,74,10,64,141,12,84,45,268,24,93,84,60,7,244,166,78,109,0,313
2021,"Sutton 001","E02000840",9318,7748,6755,55,938,867,39,51,48,97,45,52,230,114,191,71,19,52,100,9,57,34,281,3,24,215,39,0,40,19,21,4,0,1145
2021,"Sutton 002","E02000841",9190,7642,6498,63,1081,999,14,116,72,93,59,58,261,154,172,82,15,67,101,9,42,50,362,7,28,275,52,0,33,17,16,6,0,1046
2021,"Sutton 003","E02000842",8282,7348,6659,104,585,524,40,41,42,38,24,18,87,70,164,61,17,44,67,8,9,50,305,20,34,202,46,3,40,10,30,5,0,517
2021,"Sutton 004","E02000843",9473,8196,7093,95,1008,947,56,60,119,77,60,51,237,74,213,61,21,40,104,8,55,41,334,14,52,234,31,3,66,34,32,13,0,760
2021,"Sutton 005","E02000844",8658,7530,6666,74,790,737,28,70,47,53,44,48,207,75,165,53,18,35,65,7,37,21,164,3,14,135,12,0,32,18,14,7,0,860
2021,"Sutton 006","E02000845",9421,8435,7579,132,724,678,48,57,69,61,39,27,114,57,206,46,17,29,75,9,14,52,296,11,135,130,19,1,67,29,38,18,0,530
2021,"Sutton 007","E02000846",7614,6756,5909,83,764,687,37,49,82,64,29,23,127,69,207,77,41,36,78,8,37,33,289,11,60,179,39,0,33,12,21,9,0,449
2021,"Sutton 008","E02000847",9423,8535,7824,140,571,533,33,53,60,27,20,26,112,42,160,38,4,34,36,4,8,24,258,6,87,128,36,1,41,21,20,16,0,537
2021,"Sutton 009","E02000848",8140,7329,6777,102,450,420,53,23,43,31,14,16,63,44,133,30,13,17,24,2,15,7,266,1,70,157,38,0,24,11,13,9,0,488
2021,"Sutton 010","E02000849",8180,7200,6567,91,542,509,39,36,53,54,24,19,115,52,117,33,10,23,85,9,42,34,157,4,22,118,12,1,54,21,33,5,0,679
2021,"Sutton 011","E02000850",10833,9732,9041,80,611,583,39,62,50,52,50,18,107,66,139,28,17,11,54,5,34,15,235,0,43,164,28,0,46,35,11,13,0,753
2021,"Sutton 012","E02000851",11579,9487,7378,108,2001,1822,74,66,201,139,97,51,331,267,596,179,65,114,229,58,80,91,694,47,153,397,91,6,158,55,103,15,0,996
2021,"Sutton 013","E02000852",8148,7150,6163,98,889,830,41,44,97,59,48,28,181,103,229,59,23,36,75,6,26,43,259,2,61,161,35,0,36,20,16,21,0,607
2021,"Sutton 014","E02000853",8169,7168,6237,80,851,793,45,42,68,82,39,24,174,74,245,58,9,49,55,3,21,31,296,7,95,163,30,1,54,21,33,23,0,573
2021,"Sutton 015","E02000854",7612,6909,6320,137,452,426,21,12,55,25,31,16,85,55,126,26,9,17,35,3,11,21,129,2,44,60,23,0,33,19,14,21,0,485
2021,"Sutton 016","E02000855",8203,7529,7088,95,346,304,22,28,43,28,19,7,31,29,97,42,13,29,28,4,5,19,184,3,46,112,23,0,42,15,27,24,0,396
2021,"Sutton 017","E02000856",9329,8370,7652,95,623,578,45,38,68,41,34,31,94,66,161,45,19,26,84,3,38,43,279,5,55,183,36,0,59,40,19,12,0,525
2021,"Sutton 018","E02000857",8991,7584,6117,98,1369,1243,58,67,133,133,73,43,200,156,380,126,44,82,170,7,74,89,549,11,100,391,47,0,113,36,77,24,0,551
2021,"Sutton 019","E02000858",8566,7151,6552,71,528,485,24,44,45,54,24,22,95,35,142,43,19,24,85,4,49,32,239,6,15,195,23,0,36,23,13,12,0,1043
2021,"Sutton 020","E02000859",8490,7519,6992,102,425,407,30,39,55,26,16,13,91,19,118,18,9,9,85,2,59,24,185,5,39,120,17,4,45,20,25,17,0,639
2021,"Sutton 021","E02000860",8782,7252,5816,88,1348,1235,34,64,136,132,70,45,197,174,383,113,39,74,145,15,57,73,550,25,82,404,36,3,101,44,57,20,0,714
2021,"Sutton 022","E02000861",7776,7235,6878,78,279,254,19,15,41,16,14,23,49,22,55,25,8,17,25,2,12,11,152,4,53,72,23,0,28,19,9,11,0,325
2021,"Sutton 024","E02000863",6738,6204,5881,70,253,240,23,14,20,25,15,12,41,24,66,13,3,10,32,1,13,18,115,0,36,66,13,0,23,17,6,5,0,359
2021,"Sutton 025","E02006836",8722,8002,7425,123,454,414,17,37,53,26,20,13,66,33,149,40,21,19,45,4,8,33,287,15,78,167,21,6,43,26,17,13,0,332
2021,"Tower Hamlets 001","E02000864",11263,9970,8571,157,1242,1187,100,54,364,63,137,56,85,31,297,55,12,43,88,13,44,31,321,9,40,228,41,3,116,72,44,103,0,665
2021,"Tower Hamlets 002","E02000865",7960,6923,6002,90,831,766,109,43,218,45,87,18,48,32,166,65,24,41,37,6,18,13,270,5,22,214,21,8,120,82,38,93,0,517
2021,"Tower Hamlets 003","E02000866",10647,9521,8210,164,1147,1075,131,70,280,62,148,42,48,52,242,72,27,45,56,8,19,29,283,6,38,217,21,1,152,84,68,119,0,516
2021,"Tower Hamlets 004","E02000867",11323,10068,8181,155,1732,1657,155,68,474,110,229,60,112,133,316,75,15,60,76,11,39,26,439,8,76,299,50,6,170,104,66,84,0,486
2021,"Tower Hamlets 005","E02000868",7200,6351,5166,130,1055,988,123,63,286,49,124,27,63,31,222,67,15,52,40,10,21,9,257,18,31,181,23,4,136,99,37,130,0,286
2021,"Tower Hamlets 006","E02000869",5932,5240,4403,93,744,674,121,48,145,44,67,15,35,19,180,70,8,62,39,6,20,13,170,5,28,114,23,0,120,89,31,77,0,286
2021,"Tower Hamlets 007","E02000870",6374,5596,4600,77,919,886,85,39,300,52,154,28,49,35,144,33,9,24,37,9,19,9,249,4,32,192,20,1,70,55,15,67,0,355
2021,"Tower Hamlets 008","E02000871",11515,9866,8171,92,1603,1539,69,38,609,80,156,81,80,98,328,64,10,54,125,39,61,25,820,15,101,624,72,8,130,70,60,24,0,550
2021,"Tower Hamlets 009","E02000872",8154,7059,5669,86,1304,1220,221,77,400,44,133,28,52,34,231,84,18,66,61,17,23,21,420,15,48,322,33,2,208,163,45,105,0,301
2021,"Tower Hamlets 010","E02000873",9852,8488,6955,55,1478,1390,137,67,460,76,134,22,83,63,348,88,23,65,72,22,25,25,725,30,176,443,66,10,125,90,35,52,0,390
2021,"Tower Hamlets 011","E02000874",7498,6372,5294,73,1005,955,106,30,320,68,121,20,52,51,187,50,16,34,50,11,27,12,575,8,171,364,32,0,98,70,28,62,0,341
2021,"Tower Hamlets 012","E02000875",13567,11868,9932,117,1819,1727,129,55,616,151,190,60,92,81,353,92,14,78,135,33,75,27,748,8,120,544,74,2,138,75,63,53,1,624
2021,"Tower Hamlets 013","E02000876",7274,6201,4900,87,1214,1158,119,49,419,92,166,21,48,45,199,56,20,36,49,14,19,16,562,5,99,416,39,3,120,65,55,74,0,268
2021,"Tower Hamlets 014","E02000877",13809,12153,10007,110,2036,1925,154,71,651,113,272,69,103,98,394,111,34,77,92,26,45,21,749,15,91,575,58,10,153,76,77,62,0,600
2021,"Tower Hamlets 015","E02000878",10436,8587,6559,105,1923,1754,310,115,464,78,208,36,55,66,422,169,45,124,98,40,31,27,968,39,238,593,87,11,380,289,91,117,0,286
2021,"Tower Hamlets 016","E02000879",8345,7209,5952,68,1189,1149,82,52,473,67,175,23,49,56,172,40,8,32,57,13,23,21,526,7,43,411,63,2,106,51,55,56,0,391
2021,"Tower Hamlets 017","E02000880",6511,5501,4370,57,1074,1019,90,45,395,81,127,15,37,45,184,55,21,34,66,17,36,13,538,16,37,420,61,4,66,35,31,15,0,325
2021,"Tower Hamlets 018","E02000881",10833,9185,7468,65,1652,1575,112,43,451,108,187,79,113,98,384,77,23,54,165,27,88,50,704,15,120,464,93,12,120,64,56,28,0,631
2021,"Tower Hamlets 019","E02000882",11503,10210,9052,80,1078,1023,98,39,343,93,81,45,69,52,203,55,9,46,69,16,39,14,514,6,61,401,38,8,125,55,70,44,0,541
2021,"Tower Hamlets 020","E02000883",9290,7857,6496,48,1313,1257,56,29,444,111,134,70,82,100,231,56,17,39,84,23,42,19,611,6,43,497,62,3,94,43,51,24,0,620
2021,"Tower Hamlets 021","E02000884",12770,10342,7503,106,2733,2517,484,154,713,140,199,50,100,103,574,216,22,194,113,39,38,36,1575,78,515,770,197,15,309,194,115,102,0,329
2021,"Tower Hamlets 022","E02000885",7052,6114,5090,58,966,944,68,25,412,54,115,41,42,34,153,22,6,16,35,12,17,6,464,8,17,397,37,5,83,50,33,16,1,339
2021,"Tower Hamlets 023","E02000886",9588,8260,6322,87,1851,1740,149,59,577,99,154,94,133,113,362,111,24,87,92,26,40,26,560,11,84,389,70,6,158,99,59,79,0,439
2021,"Tower Hamlets 024","E02000887",10798,9255,7409,68,1778,1672,143,46,595,117,141,93,96,95,346,106,23,83,81,29,35,17,720,13,85,561,52,9,131,73,58,36,1,574
2021,"Tower Hamlets 025","E02000888",8619,7476,5953,92,1431,1342,145,54,457,82,126,38,78,58,304,89,20,69,59,16,19,24,606,17,91,448,42,8,112,57,55,62,0,304
2021,"Tower Hamlets 026","E02000889",8964,7654,5800,122,1732,1582,234,85,460,77,156,66,109,75,320,150,20,130,65,21,17,27,661,18,177,358,97,11,232,143,89,76,1,275
2021,"Tower Hamlets 027","E02000890",5815,5150,3984,95,1071,962,165,72,211,33,61,39,50,68,263,109,17,92,29,13,5,11,237,12,70,107,46,2,165,121,44,75,0,159
2021,"Tower Hamlets 030","E02000893",7416,6246,4842,68,1336,1193,88,40,254,73,91,148,98,95,306,143,41,102,69,8,35,26,518,8,119,303,76,12,131,59,72,32,0,420
2021,"Tower Hamlets 031","E02000894",11004,9149,6813,108,2228,1979,158,68,427,112,216,113,147,166,572,249,51,198,144,48,35,61,1002,28,204,642,121,7,235,141,94,47,0,427
2021,"Tower Hamlets 032","E02006853",11015,8413,6159,83,2171,1946,189,61,436,127,210,83,114,136,590,225,30,195,159,43,46,70,1691,51,646,787,195,12,251,145,106,62,0,439
2021,"Tower Hamlets 033","E02006854",7075,5431,3703,77,1651,1409,159,81,296,114,106,40,107,95,411,242,53,189,100,38,26,36,1141,39,493,453,134,22,171,108,63,43,0,189
2021,"Tower Hamlets 034","E02007112",5894,4585,3111,71,1403,1220,126,77,231,68,76,61,82,125,374,183,20,163,117,21,52,44,907,23,305,387,169,23,117,61,56,45,0,123
2021,"Tower Hamlets 035","E02007113",7461,5836,4395,82,1359,1239,170,51,284,65,87,65,88,83,346,120,15,105,131,27,54,50,1032,37,279,571,126,19,155,82,73,51,0,256
2021,"Tower Hamlets 036","E02007114",7564,6083,4492,50,1541,1364,122,76,321,69,129,57,73,165,352,177,55,122,161,36,55,70,841,20,260,445,79,37,144,89,55,53,0,282
2021,"Waltham Forest 001","E02000895",8371,7574,6845,111,618,557,23,12,32,18,19,22,69,151,211,61,26,35,55,12,20,23,72,2,11,45,14,0,38,23,15,6,0,626
2021,"Waltham Forest 002","E02000896",9330,8554,7619,136,799,706,50,19,74,26,27,57,104,124,225,93,38,55,83,6,37,40,68,2,13,45,8,0,63,40,23,8,0,554
2021,"Waltham Forest 003","E02000897",8569,7617,6772,89,756,686,35,26,57,38,17,34,116,162,201,70,26,44,66,2,34,30,67,8,6,45,8,0,56,39,17,10,0,753
2021,"Waltham Forest 004","E02000898",8012,7268,6534,89,645,588,27,11,55,31,18,42,75,158,171,57,28,29,44,4,25,15,73,2,25,39,7,0,51,38,13,4,0,572
2021,"Waltham Forest 005","E02000899",8813,8040,6770,74,1196,1089,23,18,59,40,33,63,126,387,340,107,52,55,85,11,47,27,117,1,13,85,14,4,54,39,15,6,0,511
2021,"Waltham Forest 006","E02000900",8973,8040,6819,58,1163,1036,34,19,72,29,19,67,117,333,346,127,45,82,123,14,76,33,147,13,12,92,25,5,42,30,12,11,0,610
2021,"Waltham Forest 007","E02000901",10492,9569,8411,138,1020,939,62,26,61,32,174,53,126,179,226,81,32,49,88,8,47,33,78,0,15,50,11,2,75,47,28,24,0,658
2021,"Waltham Forest 008","E02000902",9963,9012,7610,101,1301,1204,47,16,81,44,36,91,159,355,375,97,33,64,126,17,62,47,162,9,17,120,16,0,78,49,29,11,0,574
2021,"Waltham Forest 009","E02000903",10278,9075,7390,100,1585,1471,83,33,114,83,85,98,198,416,361,114,21,93,121,15,73,33,195,9,22,143,19,2,117,87,30,17,0,753
2021,"Waltham Forest 010","E02000904",8424,7629,6211,81,1337,1300,37,35,77,53,71,69,217,435,306,37,6,31,122,20,50,52,142,1,10,115,16,0,70,33,37,21,0,440
2021,"Waltham Forest 011","E02000905",10473,9392,7509,131,1752,1646,65,75,116,62,75,139,190,505,419,106,44,62,139,29,71,39,206,3,20,171,12,0,88,69,19,49,0,599
2021,"Waltham Forest 012","E02000906",9654,8669,7047,114,1508,1410,61,31,104,58,69,117,236,317,417,98,19,79,99,15,54,30,232,1,35,171,22,3,112,75,37,30,0,512
2021,"Waltham Forest 013","E02000907",10579,9346,7581,108,1657,1558,65,35,116,117,97,158,244,300,426,99,38,61,200,34,121,45,179,2,19,131,27,0,138,119,19,16,0,700
2021,"Waltham Forest 014","E02000908",12904,11398,8682,190,2526,2381,160,63,224,111,127,139,422,478,657,145,35,110,210,36,124,50,390,19,82,221,62,6,176,119,57,74,0,656
2021,"Waltham Forest 015","E02000909",9247,8334,6961,146,1227,1171,79,23,99,52,52,67,179,283,337,56,18,38,136,23,85,28,142,7,28,74,33,0,118,87,31,29,0,488
2021,"Waltham Forest 016","E02000910",11430,10175,7768,137,2270,2145,101,45,149,82,148,136,238,626,620,125,17,108,144,48,69,27,331,3,24,218,84,2,136,95,41,57,0,587
2021,"Waltham Forest 017","E02000911",12964,11541,8646,157,2738,2599,75,57,247,106,187,151,335,781,660,139,30,109,151,44,61,46,434,10,56,302,62,4,183,105,78,54,1,600
2021,"Waltham Forest 018","E02000912",9741,8534,6951,80,1503,1410,62,33,100,56,72,107,174,479,327,93,16,77,98,31,43,24,346,2,32,292,17,3,103,63,40,34,0,626
2021,"Waltham Forest 019","E02000913",9650,8764,7182,105,1477,1379,78,19,137,81,47,76,204,439,298,98,18,80,107,21,61,25,288,1,36,211,40,0,75,47,28,16,0,400
2021,"Waltham Forest 020","E02000914",11799,10376,8040,74,2262,2093,86,50,156,103,118,100,251,658,571,169,26,143,195,37,110,48,416,3,70,309,22,12,103,57,46,25,0,684
2021,"Waltham Forest 021","E02000915",8111,7256,5738,163,1355,1283,75,40,155,66,80,90,169,302,306,72,13,59,96,37,30,29,230,1,17,168,39,5,78,54,24,35,0,416
2021,"Waltham Forest 022","E02000916",10565,9307,7034,123,2150,2045,70,43,207,118,114,122,307,534,530,105,48,57,175,37,111,27,364,9,45,279,28,3,165,106,59,25,0,529
2021,"Waltham Forest 023","E02000917",9587,8513,5974,113,2426,2288,62,27,202,129,145,170,294,725,534,138,27,111,133,30,58,45,265,4,22,192,46,1,134,80,54,42,0,500
2021,"Waltham Forest 024","E02000918",9322,8337,6218,107,2012,1837,80,22,170,92,121,109,148,582,513,175,21,154,127,24,57,46,233,2,16,183,29,3,114,70,44,42,1,468
2021,"Waltham Forest 025","E02000919",9233,8182,5753,135,2294,2172,88,30,169,118,161,129,259,742,476,122,22,100,99,19,42,38,357,10,28,255,52,12,129,61,68,41,0,425
2021,"Waltham Forest 026","E02000920",10294,9034,6809,68,2157,2048,107,18,291,108,156,140,203,544,481,109,29,80,173,33,94,46,333,6,47,232,45,3,130,81,49,34,1,589
2021,"Waltham Forest 027","E02000921",11201,9866,7390,150,2326,2224,64,15,185,130,109,201,228,567,725,102,17,85,193,19,114,60,324,5,32,222,65,0,138,78,60,19,0,661
2021,"Waltham Forest 028","E02000922",10460,9275,6527,92,2656,2461,55,30,196,141,152,239,227,869,552,195,9,186,138,15,92,31,364,3,27,299,27,8,111,69,42,40,0,532
2021,"Wandsworth 001","E02000923",7524,6649,5125,137,1387,1291,177,61,284,84,214,34,60,55,322,96,24,72,67,8,26,33,300,11,63,73,153,0,210,140,70,66,0,232
2021,"Wandsworth 003","E02000925",7900,6978,5469,129,1380,1305,151,83,295,128,201,33,109,39,266,75,19,56,108,14,57,37,151,5,41,59,45,1,152,103,49,40,0,471
2021,"Wandsworth 004","E02000926",11637,10292,7772,237,2283,2132,340,112,520,112,280,36,154,73,505,151,43,108,139,23,38,78,330,78,97,69,80,6,282,165,117,156,0,438
2021,"Wandsworth 005","E02000927",7103,6267,5299,139,829,763,111,38,186,79,95,13,40,18,183,66,8,58,116,9,28,79,102,2,27,29,43,1,126,81,45,85,0,407
2021,"Wandsworth 006","E02000928",8355,7639,6615,200,824,757,112,57,150,27,112,17,61,35,186,67,40,27,68,8,14,46,113,10,45,26,32,0,165,125,40,125,0,245
2021,"Wandsworth 007","E02000929",8104,6989,5556,69,1364,1305,108,83,269,165,158,29,114,37,342,59,13,46,130,19,61,50,252,11,47,113,79,2,121,76,45,51,0,561
2021,"Wandsworth 008","E02000930",10080,8856,7199,259,1398,1326,232,72,318,84,186,28,44,38,324,72,20,52,118,10,39,69,335,17,176,76,66,0,252,196,56,215,0,304
2021,"Wandsworth 009","E02000931",8818,8006,6694,182,1130,1067,387,58,192,32,89,4,51,25,229,63,16,47,61,7,8,46,119,11,43,44,21,0,228,188,40,218,0,186
2021,"Wandsworth 010","E02000932",12842,11469,9201,294,1974,1810,290,143,351,118,210,21,136,46,495,164,57,107,177,13,16,148,343,31,101,123,85,3,349,203,146,220,0,284
2021,"Wandsworth 011","E02000933",8863,7954,6544,186,1224,1127,102,83,236,95,142,23,111,50,285,97,37,60,86,15,12,59,201,23,65,60,53,0,238,161,77,101,0,283
2021,"Wandsworth 012","E02000934",8912,8004,6596,243,1165,1112,165,66,277,78,145,11,69,20,281,53,9,44,98,9,22,67,118,6,36,34,40,2,187,128,59,189,0,316
2021,"Wandsworth 013","E02000935",7371,6164,4887,82,1195,1090,53,130,129,64,148,33,237,49,247,105,16,89,134,38,60,36,254,23,37,118,64,12,178,118,60,16,0,625
2021,"Wandsworth 014","E02000936",9367,8150,6323,204,1623,1458,160,79,290,128,162,27,151,59,402,165,89,76,110,18,15,77,343,24,128,114,74,3,253,129,124,158,0,353
2021,"Wandsworth 015","E02000937",8162,7438,6332,163,943,843,216,83,128,44,90,9,39,18,216,100,42,58,53,8,14,31,110,15,37,25,33,0,242,202,40,109,0,210
2021,"Wandsworth 016","E02000938",10770,9313,7321,174,1818,1671,137,99,268,100,183,36,299,92,457,147,45,102,143,19,69,55,412,63,135,147,58,9,209,114,95,62,0,631
2021,"Wandsworth 017","E02000939",7819,7178,6304,136,738,692,230,54,117,19,66,4,38,9,155,46,18,28,39,1,11,27,86,2,27,23,32,2,192,158,34,130,0,194
2021,"Wandsworth 018","E02000940",9324,8260,6536,178,1546,1457,108,142,333,154,135,19,154,69,343,89,23,66,137,25,32,80,253,30,51,124,41,7,177,87,90,90,2,405
2021,"Wandsworth 019","E02000941",10174,9319,8083,225,1011,968,100,67,230,78,79,16,80,79,239,43,3,40,99,7,14,78,90,8,15,31,36,0,185,113,72,111,0,370
2021,"Wandsworth 020","E02000942",9689,8873,7497,165,1211,1145,150,111,236,65,148,16,92,37,290,66,17,49,92,6,14,72,217,7,68,86,52,4,181,109,72,116,1,209
2021,"Wandsworth 021","E02000943",8718,8023,6867,217,939,874,150,55,178,62,112,18,74,27,198,65,12,53,55,10,11,34,73,3,23,28,19,0,161,125,36,161,0,245
2021,"Wandsworth 022","E02000944",7638,6548,5044,88,1416,1322,79,192,228,89,142,44,189,58,301,94,26,68,97,19,36,42,313,20,64,146,81,2,164,57,107,31,0,485
2021,"Wandsworth 023","E02000945",7842,6752,4919,85,1748,1630,98,138,190,101,114,69,392,98,430,118,32,86,146,32,66,48,278,22,21,141,90,4,115,50,65,29,0,522
2021,"Wandsworth 024","E02000946",8434,7508,6464,188,856,780,66,70,118,54,92,10,81,33,256,76,5,71,158,5,29,124,112,3,24,58,27,0,101,70,31,77,0,478
2021,"Wandsworth 025","E02000947",9343,8456,7110,217,1129,1043,155,76,176,62,102,19,95,39,319,86,31,55,109,11,9,89,176,6,48,62,57,3,160,92,68,114,0,328
2021,"Wandsworth 026","E02000948",10027,9202,7937,293,972,926,131,43,168,78,121,20,136,23,206,46,7,39,87,9,15,63,140,6,38,65,31,0,188,141,47,128,0,282
2021,"Wandsworth 027","E02000949",10007,9265,8215,261,789,750,127,34,161,47,92,8,76,30,175,39,7,32,72,13,15,44,116,3,34,45,34,0,152,115,37,124,0,278
2021,"Wandsworth 028","E02000950",7582,6622,4929,122,1571,1448,92,145,218,114,112,29,235,72,431,123,36,87,102,27,15,60,300,12,88,127,67,6,188,64,124,38,0,332
2021,"Wandsworth 029","E02000951",6431,5843,5092,143,608,577,73,33,92,49,73,14,88,22,133,31,3,28,55,15,20,20,106,2,20,68,16,0,131,86,45,79,0,217
2021,"Wandsworth 030","E02000952",6148,5665,4866,183,616,591,60,32,91,31,87,11,133,22,124,25,9,16,34,6,6,22,46,3,9,25,9,0,115,69,46,68,0,220
2021,"Wandsworth 031","E02000953",7505,6676,5734,195,747,715,46,58,135,66,81,22,107,29,171,32,13,19,112,14,22,76,235,5,29,112,88,1,114,69,45,48,0,320
2021,"Wandsworth 032","E02000954",6098,5490,4719,148,623,597,54,50,121,34,90,7,74,27,140,26,5,21,75,11,15,49,142,1,7,109,25,0,95,48,47,69,0,227
2021,"Wandsworth 033","E02000955",6891,6116,5146,162,808,747,92,63,123,36,60,6,130,37,200,61,26,35,79,21,18,40,177,5,18,138,16,0,112,57,55,50,0,357
2021,"Wandsworth 034","E02000956",7415,6407,5160,173,1074,1022,73,48,137,59,116,55,239,26,269,52,4,48,121,35,40,46,297,13,27,175,80,2,126,50,76,81,0,383
2021,"Wandsworth 035","E02000957",10867,9543,7745,285,1513,1405,109,94,230,91,209,32,304,48,288,108,5,103,124,30,45,49,437,17,22,286,111,1,187,77,110,74,0,502
2021,"Wandsworth 036","E02000958",8272,7520,6434,140,946,895,75,48,115,95,103,23,215,29,192,51,11,40,58,11,25,22,165,3,13,110,39,0,134,48,86,29,0,366
2021,"Wandsworth 037","E02000959",7865,7017,5216,189,1612,1547,99,42,176,195,216,26,347,79,367,65,5,60,118,19,67,32,139,5,11,89,34,0,165,69,96,36,0,390
2021,"Wandsworth 038","E02007083",7712,6219,4263,108,1848,1425,139,89,312,89,191,35,88,38,444,423,173,250,93,32,25,36,701,225,266,89,78,43,370,270,100,79,0,250
2021,"Wandsworth 039","E02007084",9888,8597,6622,145,1830,1724,126,59,410,168,302,33,142,64,420,106,24,82,158,22,97,39,246,24,59,80,78,5,254,112,142,71,0,562
2021,"Westminster 001","E02000960",6157,4885,3692,71,1122,943,217,45,147,51,96,14,37,33,303,179,78,101,63,21,18,24,541,62,261,137,71,10,503,422,81,47,0,118
2021,"Westminster 002","E02000961",9816,8326,6493,127,1706,1547,260,106,219,118,134,24,49,84,553,159,37,122,114,60,26,28,466,94,134,152,76,10,596,508,88,78,0,236
2021,"Westminster 003","E02000962",7711,6055,4492,123,1440,1257,205,92,270,71,114,21,53,55,376,183,34,149,145,76,46,23,742,108,302,246,78,8,537,396,141,50,0,182
2021,"Westminster 004","E02000963",10522,9486,8160,166,1160,1103,104,55,204,198,168,11,102,56,205,57,5,52,109,49,28,32,290,69,25,90,102,4,173,107,66,50,0,414
2021,"Westminster 005","E02000964",12140,10913,8813,217,1883,1760,232,75,370,162,206,40,134,49,492,123,26,97,137,56,42,39,303,72,53,85,93,0,225,140,85,80,0,482
2021,"Westminster 006","E02000965",7872,6899,5116,147,1636,1489,242,100,394,124,147,24,73,35,350,147,39,108,70,23,12,35,314,82,89,78,61,4,300,222,78,115,0,174
2021,"Westminster 007","E02000966",9250,8048,5847,140,2061,1763,323,130,344,72,165,18,158,35,518,298,90,208,61,24,12,25,449,74,121,143,108,3,436,346,90,91,0,165
2021,"Westminster 008","E02000967",6056,4678,3220,61,1397,1235,318,109,203,48,115,10,23,37,372,162,40,122,77,28,20,29,722,89,249,285,94,5,396,313,83,73,0,110
2021,"Westminster 009","E02000968",14480,12876,10656,153,2067,1925,250,126,358,165,205,22,69,72,658,142,25,117,207,125,48,34,504,78,119,179,118,10,226,116,110,33,0,634
2021,"Westminster 010","E02000969",9606,8556,7109,93,1354,1253,132,37,250,177,181,18,42,47,369,101,24,77,134,69,30,35,358,64,72,87,133,2,129,72,57,30,0,399
2021,"Westminster 011","E02000970",6837,5624,3901,89,1634,1418,365,141,220,77,117,7,33,53,405,216,35,181,60,31,11,18,488,87,129,169,97,6,489,427,62,69,0,107
2021,"Westminster 012","E02000971",7473,5963,3848,85,2030,1824,406,105,335,66,241,25,49,64,533,206,32,174,97,60,15,22,575,101,196,144,124,10,581,451,130,86,0,171
2021,"Westminster 013","E02000972",7879,6514,4407,119,1988,1760,340,133,303,95,219,37,66,41,526,228,55,173,74,34,16,24,591,66,227,122,168,8,395,308,87,98,0,207
2021,"Westminster 014","E02000973",9956,8484,6183,152,2149,1955,371,137,387,84,233,15,61,49,618,194,39,155,96,34,26,36,462,57,115,88,199,3,467,365,102,223,1,223
2021,"Westminster 015","E02000974",8704,6714,4842,75,1797,1597,274,101,304,61,169,30,50,75,533,200,26,174,195,112,49,34,1158,181,264,349,358,6,358,261,97,59,0,220
2021,"Westminster 016","E02000975",7416,6088,3866,108,2114,1916,346,127,405,91,264,29,80,88,486,198,49,149,100,36,22,42,642,77,318,128,108,11,312,224,88,124,0,150
2021,"Westminster 017","E02000976",8432,6773,4390,108,2275,2056,383,129,394,105,220,50,88,101,586,219,30,189,133,59,39,35,807,100,344,143,211,9,432,314,118,94,0,193
2021,"Westminster 018","E02000977",6389,5020,3618,95,1307,1122,186,97,216,75,92,19,47,34,356,185,27,158,66,22,27,17,712,72,319,144,168,9,322,223,99,89,0,180
2021,"Westminster 019","E02000978",7121,5812,3972,98,1742,1538,264,86,260,109,194,10,38,172,405,204,31,173,77,43,14,20,683,106,308,144,110,15,370,298,72,76,0,103
2021,"Westminster 020","E02000979",8088,6765,5088,128,1549,1357,250,86,320,97,189,10,54,47,304,192,28,164,87,46,20,21,634,68,331,116,94,25,280,205,75,76,0,246
2021,"Westminster 021","E02000980",8725,7558,5797,129,1632,1439,181,76,261,241,195,25,54,50,356,193,35,158,91,36,27,28,536,28,222,141,113,32,197,133,64,59,0,284
2021,"Westminster 022","E02000981",8267,7225,5678,136,1411,1309,220,96,284,82,180,37,58,26,326,102,22,80,74,26,24,24,339,37,130,54,114,4,273,210,63,89,1,266
2021,"Westminster 023","E02000982",7638,6682,5235,101,1346,1192,158,74,217,204,155,17,61,32,274,154,53,101,67,28,16,23,357,66,120,90,74,7,206,140,66,40,0,286
2021,"Westminster 024","E02000983",7693,6641,5358,108,1175,1080,103,79,202,155,171,10,76,33,251,95,20,75,65,30,18,17,432,43,228,82,68,11,180,104,76,54,0,321
