"date","geography","geography code","Household composition: Total; measures: Value","Household composition: One person household; measures: Value","Household composition: One person household: Aged 66 years and over; measures: Value","Household composition: One person household: Other; measures: Value","Household composition: Single family household; measures: Value","Household composition: Single family household: All aged 66 years and over; measures: Value","Household composition: Single family household: Married or civil partnership couple; measures: Value","Household composition: Single family household: Married or civil partnership couple: No children; measures: Value","Household composition: Single family household: Married or civil partnership couple: Dependent children; measures: Value","Household composition: Single family household: Married or civil partnership couple: All children non-dependent; measures: Value","Household composition: Single family household: Cohabiting couple family; measures: Value","Household composition: Single family household: Cohabiting couple family: No children; measures: Value","Household composition: Single family household: Cohabiting couple family: With dependent children; measures: Value","Household composition: Single family household: Cohabiting couple family: All children non-dependent; measures: Value","Household composition: Single family household: Lone parent family; measures: Value","Household composition: Single family household: Lone parent family: With dependent children; measures: Value","Household composition: Single family household: Lone parent family: All children non-dependent; measures: Value","Household composition: Single family household: Other single family household; measures: Value","Household composition: Single family household: Other single family household: Other family composition; measures: Value","Household composition: Other household types; measures: Value","Household composition: Other household types: With dependent children; measures: Value","Household composition: Other household types: Other, including all full-time students and all aged 66 years and over; measures: Value"
2021,"City of London 001","E02000001",4916,2506,494,2012,1983,201,846,523,253,70,665,598,57,10,175,90,85,96,96,427,31,396
2021,"Barking and Dagenham 001","E02000002",2871,725,333,392,1833,136,820,123,563,134,225,52,143,30,623,436,187,29,29,313,208,105
2021,"Barking and Dagenham 002","E02000003",3931,974,443,531,2350,150,1269,272,733,264,237,98,116,23,624,413,211,70,70,607,398,209
2021,"Barking and Dagenham 003","E02000004",2309,540,284,256,1490,151,798,189,398,211,194,64,98,32,324,178,146,23,23,279,161,118
2021,"Barking and Dagenham 004","E02000005",3627,706,269,437,2453,111,1286,208,862,216,295,94,167,34,709,451,258,52,52,468,324,144
2021,"Barking and Dagenham 006","E02000007",3674,1071,341,730,2208,118,942,199,552,191,288,88,177,23,814,572,242,46,46,395,249,146
2021,"Barking and Dagenham 007","E02000008",4622,1078,418,660,2987,139,1357,272,829,256,455,160,245,50,979,582,397,57,57,557,354,203
2021,"Barking and Dagenham 008","E02000009",4257,1013,316,697,2663,103,1298,206,865,227,367,121,208,38,830,535,295,65,65,581,386,195
2021,"Barking and Dagenham 009","E02000010",3327,783,264,519,2108,93,969,195,565,209,282,77,170,35,716,463,253,48,48,436,270,166
2021,"Barking and Dagenham 010","E02000011",2354,530,221,309,1522,137,773,155,443,175,191,49,112,30,385,255,130,36,36,302,181,121
2021,"Barking and Dagenham 011","E02000012",3290,694,335,359,1936,143,1209,173,737,299,149,51,78,20,390,254,136,45,45,660,459,201
2021,"Barking and Dagenham 012","E02000013",3261,790,328,462,2054,112,939,191,567,181,284,69,184,31,680,404,276,39,39,417,262,155
2021,"Barking and Dagenham 013","E02000014",3387,758,316,442,2152,130,944,185,552,207,306,83,186,37,709,440,269,63,63,477,283,194
2021,"Barking and Dagenham 014","E02000015",3034,938,276,662,1740,93,714,134,463,117,269,80,163,26,617,431,186,47,47,356,236,120
2021,"Barking and Dagenham 015","E02000016",3811,1042,97,945,2328,22,1268,287,869,112,334,167,158,9,609,461,148,95,95,441,260,181
2021,"Barking and Dagenham 016","E02000017",2767,621,156,465,1495,73,863,136,526,201,152,57,82,13,318,182,136,89,89,651,409,242
2021,"Barking and Dagenham 017","E02000018",3234,718,276,442,2060,97,938,159,600,179,273,75,166,32,709,482,227,43,43,456,273,183
2021,"Barking and Dagenham 018","E02000019",3205,588,215,373,2211,107,1035,189,612,234,293,83,173,37,730,502,228,46,46,406,265,141
2021,"Barking and Dagenham 019","E02000020",4675,1048,311,737,2958,106,1573,290,1085,198,385,152,203,30,796,563,233,98,98,669,407,262
2021,"Barking and Dagenham 020","E02000021",2930,663,248,415,1889,99,873,161,526,186,239,73,150,16,625,414,211,53,53,378,259,119
2021,"Barking and Dagenham 021","E02000022",2796,756,105,651,1798,13,809,168,566,75,264,130,124,10,641,497,144,71,71,242,144,98
2021,"Barking and Dagenham 022","E02000023",2663,625,112,513,1720,38,785,113,575,97,232,85,134,13,622,476,146,43,43,318,204,114
2021,"Barking and Dagenham 023","E02006799",3889,847,330,517,2521,96,1406,218,929,259,304,95,163,46,669,436,233,46,46,521,338,183
2021,"Barnet 001","E02000024",4478,1300,613,687,2868,396,1566,435,822,309,440,245,172,23,423,227,196,43,43,310,89,221
2021,"Barnet 002","E02000025",3748,1314,499,815,2151,204,1108,303,583,222,374,243,113,18,417,255,162,48,48,283,134,149
2021,"Barnet 003","E02000026",2512,652,302,350,1672,249,951,204,521,226,185,105,70,10,272,149,123,15,15,188,87,101
2021,"Barnet 004","E02000027",3687,1002,481,521,2395,251,1234,249,689,296,288,132,113,43,588,339,249,34,34,290,153,137
2021,"Barnet 005","E02000028",2688,769,314,455,1727,208,943,252,499,192,232,146,72,14,306,200,106,38,38,192,81,111
2021,"Barnet 006","E02000029",3706,991,367,624,2444,185,1294,315,757,222,360,153,184,23,567,388,179,38,38,271,137,134
2021,"Barnet 007","E02000030",3518,765,461,304,2445,407,1453,359,758,336,175,85,75,15,385,154,231,25,25,308,130,178
2021,"Barnet 008","E02000031",3325,933,393,540,2139,292,1257,326,681,250,251,173,66,12,306,161,145,33,33,253,100,153
2021,"Barnet 009","E02000032",2742,489,289,200,1950,273,1261,229,670,362,130,48,71,11,277,125,152,9,9,303,137,166
2021,"Barnet 010","E02000033",3494,977,359,618,2204,213,1146,293,598,255,292,126,139,27,514,274,240,39,39,313,149,164
2021,"Barnet 011","E02000034",3590,975,403,572,2278,249,1249,287,699,263,275,163,94,18,456,276,180,49,49,337,136,201
2021,"Barnet 012","E02000035",3532,1113,415,698,2095,237,1139,315,613,211,309,237,58,14,361,179,182,49,49,324,122,202
2021,"Barnet 013","E02000036",3947,932,405,527,2591,291,1519,305,874,340,174,71,87,16,557,312,245,50,50,424,229,195
2021,"Barnet 014","E02000037",3721,778,393,385,2629,396,1632,342,945,345,146,82,53,11,421,231,190,34,34,314,169,145
2021,"Barnet 015","E02000038",4006,1018,320,698,2564,244,1386,320,759,307,338,177,140,21,555,347,208,41,41,424,186,238
2021,"Barnet 016","E02000039",2674,671,273,398,1758,263,1071,207,647,217,159,104,47,8,234,125,109,31,31,245,106,139
2021,"Barnet 017","E02000040",3513,996,402,594,2215,251,1249,323,751,175,273,180,77,16,398,230,168,44,44,302,136,166
2021,"Barnet 018","E02000041",3329,782,347,435,2063,219,1194,279,641,274,151,85,55,11,443,263,180,56,56,484,240,244
2021,"Barnet 019","E02000042",4716,1544,491,1053,2668,228,1445,344,833,268,419,287,115,17,481,271,210,95,95,504,200,304
2021,"Barnet 020","E02000043",2664,516,228,288,1875,240,1223,223,779,221,170,100,60,10,224,105,119,18,18,273,110,163
2021,"Barnet 021","E02000044",3069,681,214,467,1972,126,1028,218,574,236,190,92,72,26,581,317,264,47,47,416,221,195
2021,"Barnet 022","E02000045",4203,1289,373,916,2531,155,1221,254,745,222,385,180,167,38,710,435,275,60,60,383,154,229
2021,"Barnet 023","E02000046",2879,820,256,564,1683,142,907,249,507,151,328,216,106,6,242,147,95,64,64,376,113,263
2021,"Barnet 024","E02000047",4211,961,365,596,2565,134,1258,214,745,299,225,97,100,28,874,554,320,74,74,685,363,322
2021,"Barnet 025","E02000048",3951,1044,475,569,2505,347,1486,321,880,285,231,147,79,5,407,242,165,34,34,402,163,239
2021,"Barnet 026","E02000049",3802,1024,224,800,2330,60,1111,230,666,215,277,133,125,19,815,520,295,67,67,448,232,216
2021,"Barnet 027","E02000050",4036,1147,415,732,2472,206,1323,271,750,302,329,204,106,19,569,314,255,45,45,417,168,249
2021,"Barnet 028","E02000051",3793,1197,518,679,2226,373,1207,281,705,221,262,199,55,8,335,204,131,49,49,370,119,251
2021,"Barnet 029","E02000052",4193,1321,539,782,2450,193,1287,330,805,152,475,343,116,16,439,253,186,56,56,422,102,320
2021,"Barnet 031","E02000054",2971,926,261,665,1571,133,863,218,480,165,211,142,59,10,300,157,143,64,64,474,182,292
2021,"Barnet 032","E02000055",4504,1335,411,924,2433,224,1320,324,761,235,266,200,56,10,493,293,200,130,130,736,199,537
2021,"Barnet 033","E02000056",3441,844,483,361,2249,390,1388,310,862,216,181,122,49,10,259,142,117,31,31,348,134,214
2021,"Barnet 034","E02000057",2704,686,223,463,1644,153,1030,189,675,166,124,77,42,5,288,154,134,49,49,374,124,250
2021,"Barnet 035","E02000058",4097,1331,634,697,2380,325,1442,381,870,191,228,160,56,12,336,191,145,49,49,386,115,271
2021,"Barnet 036","E02000059",4438,1334,338,996,2410,151,1357,407,642,308,347,230,98,19,473,249,224,82,82,694,301,393
2021,"Barnet 037","E02000060",3694,1106,462,644,2173,225,1495,285,1006,204,118,79,34,5,278,146,132,57,57,415,135,280
2021,"Barnet 038","E02000061",3572,1303,319,984,1859,235,1041,291,587,163,274,216,51,7,256,132,124,53,53,410,117,293
2021,"Barnet 039","E02000062",2612,814,201,613,1436,55,708,145,417,146,166,92,60,14,461,258,203,46,46,362,142,220
2021,"Barnet 040","E02000063",2831,855,210,645,1606,103,857,179,488,190,186,113,61,12,397,243,154,63,63,370,145,225
2021,"Barnet 041","E02000064",2762,833,255,578,1594,115,719,181,428,110,204,147,46,11,498,315,183,58,58,335,80,255
2021,"Barnet 042","E02006953",3855,1275,87,1188,2261,33,1160,434,638,88,476,389,78,9,477,329,148,115,115,319,99,220
2021,"Barnet 043","E02006954",3720,1015,191,824,2158,96,1199,310,683,206,297,197,86,14,436,277,159,130,130,547,229,318
2021,"Bexley 001","E02000065",2777,658,145,513,1777,56,808,201,446,161,237,73,143,21,616,464,152,60,60,342,203,139
2021,"Bexley 002","E02000066",3545,1129,356,773,2004,105,850,209,430,211,292,105,158,29,712,453,259,45,45,412,228,184
2021,"Bexley 003","E02000067",3984,1129,375,754,2402,132,1037,285,555,197,456,222,194,40,717,496,221,60,60,453,222,231
2021,"Bexley 004","E02000068",3197,960,314,646,1950,91,799,191,452,156,318,120,178,20,698,534,164,44,44,287,161,126
2021,"Bexley 005","E02000069",2815,781,350,431,1765,203,816,230,414,172,318,147,151,20,401,252,149,27,27,269,146,123
2021,"Bexley 006","E02000070",3141,790,440,350,2105,337,1123,292,541,290,277,121,122,34,350,189,161,18,18,246,138,108
2021,"Bexley 007","E02000071",2836,655,343,312,1956,211,967,239,465,263,302,98,167,37,460,275,185,16,16,225,120,105
2021,"Bexley 008","E02000072",4691,1149,361,788,3129,141,1390,308,825,257,524,196,273,55,995,699,296,79,79,413,247,166
2021,"Bexley 009","E02000073",3956,809,511,298,2853,483,1646,384,834,428,344,129,164,51,355,168,187,25,25,294,163,131
2021,"Bexley 010","E02000074",3504,1040,430,610,2178,189,921,261,434,226,382,152,193,37,655,428,227,31,31,286,175,111
2021,"Bexley 011","E02000075",3149,727,475,252,2210,446,1191,304,566,321,263,123,112,28,295,140,155,15,15,212,108,104
2021,"Bexley 013","E02000077",2940,622,327,295,2039,250,1126,248,587,291,279,116,134,29,359,193,166,25,25,279,150,129
2021,"Bexley 014","E02000078",3020,653,334,319,2140,328,1130,311,556,263,361,167,163,31,303,164,139,18,18,227,116,111
2021,"Bexley 015","E02000079",3587,1049,534,515,2279,300,1134,299,620,215,391,217,149,25,426,251,175,28,28,259,117,142
2021,"Bexley 016","E02000080",3818,933,511,422,2512,323,1359,330,696,333,341,139,163,39,454,254,200,35,35,373,181,192
2021,"Bexley 017","E02000081",3279,901,517,384,2165,308,1136,292,583,261,309,135,143,31,388,233,155,24,24,213,127,86
2021,"Bexley 018","E02000082",3448,726,405,321,2456,308,1425,343,713,369,364,140,181,43,345,185,160,14,14,266,152,114
2021,"Bexley 019","E02000083",4445,1196,476,720,2922,258,1384,350,778,256,611,330,246,35,631,389,242,38,38,327,167,160
2021,"Bexley 020","E02000084",4196,936,529,407,2962,443,1680,425,853,402,424,193,186,45,396,202,194,19,19,298,160,138
2021,"Bexley 021","E02000085",3070,745,420,325,2104,295,1087,269,569,249,363,152,176,35,354,190,164,5,5,221,114,107
2021,"Bexley 022","E02000086",2787,626,335,291,2000,323,1087,271,508,308,314,128,161,25,266,124,142,10,10,161,91,70
2021,"Bexley 023","E02000087",3322,872,507,365,2262,392,1215,317,661,237,370,190,155,25,270,135,135,15,15,188,74,114
2021,"Bexley 024","E02000088",2980,625,369,256,2180,336,1200,324,601,275,334,152,158,24,292,141,151,18,18,175,76,99
2021,"Bexley 025","E02000089",2906,582,361,221,2155,342,1266,290,682,294,268,110,137,21,275,137,138,4,4,169,69,100
2021,"Bexley 026","E02000090",4197,1485,655,830,2395,312,1059,302,539,218,544,353,167,24,437,258,179,43,43,317,78,239
2021,"Bexley 027","E02000091",4451,1538,900,638,2637,407,1347,375,664,308,429,228,174,27,427,250,177,27,27,276,106,170
2021,"Bexley 028","E02000092",2715,778,352,426,1738,194,756,207,373,176,265,119,122,24,496,316,180,27,27,199,93,106
2021,"Bexley 029","E02006785",2576,671,344,327,1650,223,873,261,425,187,223,98,97,28,308,148,160,23,23,255,145,110
2021,"Brent 001","E02000093",3738,690,295,395,2252,241,1306,259,612,435,173,103,56,14,438,204,234,94,94,796,445,351
2021,"Brent 002","E02000094",3467,732,230,502,2107,141,1218,256,634,328,223,137,74,12,471,279,192,54,54,628,310,318
2021,"Brent 003","E02000095",3184,574,290,284,1847,216,1130,185,568,377,104,51,35,18,355,142,213,42,42,763,410,353
2021,"Brent 004","E02000096",2496,467,289,178,1569,272,1022,209,494,319,55,32,19,4,186,78,108,34,34,460,243,217
2021,"Brent 005","E02000097",3037,636,302,334,1799,184,1080,209,543,328,127,64,49,14,363,158,205,45,45,602,324,278
2021,"Brent 006","E02000098",2872,619,315,304,1772,186,974,177,540,257,110,59,42,9,448,204,244,54,54,481,244,237
2021,"Brent 007","E02000099",2915,557,219,338,1760,137,1044,184,614,246,137,66,58,13,382,235,147,60,60,598,307,291
2021,"Brent 008","E02000100",2570,512,219,293,1485,231,906,165,414,327,80,43,26,11,241,83,158,27,27,573,270,303
2021,"Brent 009","E02000101",3388,870,314,556,2015,113,1093,220,605,268,165,92,57,16,587,348,239,57,57,503,245,258
2021,"Brent 010","E02000102",2684,692,223,469,1577,93,832,147,473,212,177,60,96,21,432,259,173,43,43,415,232,183
2021,"Brent 011","E02000103",3462,884,287,597,2111,133,1067,221,573,273,225,122,74,29,627,388,239,59,59,467,189,278
2021,"Brent 012","E02000104",2417,615,227,388,1314,116,745,138,365,242,102,48,42,12,308,132,176,43,43,488,225,263
2021,"Brent 013","E02000105",3110,685,263,422,1753,115,1048,213,606,229,132,67,54,11,400,219,181,58,58,672,388,284
2021,"Brent 014","E02000106",3584,1019,304,715,1924,134,905,196,478,231,215,115,82,18,592,380,212,78,78,641,299,342
2021,"Brent 015","E02000107",4362,1498,321,1177,2110,115,995,287,555,153,372,269,90,13,540,317,223,88,88,754,228,526
2021,"Brent 016","E02000108",2270,436,185,251,1384,106,829,158,479,192,99,51,35,13,293,148,145,57,57,450,241,209
2021,"Brent 018","E02000110",3096,928,326,602,1645,120,851,209,462,180,281,179,88,14,340,167,173,53,53,523,162,361
2021,"Brent 019","E02000111",3189,592,200,392,1756,109,1104,202,636,266,98,38,55,5,381,187,194,64,64,841,485,356
2021,"Brent 020","E02000112",3496,649,219,430,1928,130,1078,250,545,283,206,152,46,8,418,222,196,96,96,919,496,423
2021,"Brent 021","E02000113",3289,838,273,565,2047,65,812,105,499,208,131,47,55,29,947,502,445,92,92,404,228,176
2021,"Brent 022","E02000114",3707,1245,279,966,1877,74,817,289,403,125,380,292,77,11,505,287,218,101,101,585,148,437
2021,"Brent 023","E02000115",3874,1488,428,1060,1893,105,818,263,478,77,462,359,92,11,431,205,226,77,77,493,85,408
2021,"Brent 024","E02000116",3235,948,257,691,1856,43,819,191,487,141,228,135,80,13,700,472,228,66,66,431,167,264
2021,"Brent 025","E02000117",4757,1611,392,1219,2647,92,1058,176,667,215,247,104,115,28,1153,674,479,97,97,499,261,238
2021,"Brent 026","E02000118",3156,605,209,396,1642,108,990,184,484,322,110,51,42,17,386,165,221,48,48,909,529,380
2021,"Brent 027","E02000119",3954,1255,263,992,2285,44,919,188,578,153,272,174,82,16,965,606,359,85,85,414,214,200
2021,"Brent 028","E02000120",4244,1699,378,1321,1994,82,817,309,427,81,550,440,96,14,430,255,175,115,115,551,120,431
2021,"Brent 029","E02000121",3626,735,200,535,2049,103,1182,257,618,307,212,125,78,9,482,258,224,70,70,842,495,347
2021,"Brent 030","E02000122",3159,947,342,605,1710,133,876,183,524,169,262,158,87,17,394,210,184,45,45,502,172,330
2021,"Brent 031","E02000123",5537,1874,440,1434,2964,99,1081,239,652,190,398,216,149,33,1242,777,465,144,144,699,259,440
2021,"Brent 032","E02000124",4163,1287,324,963,2284,165,1039,275,639,125,501,343,141,17,506,309,197,73,73,592,170,422
2021,"Brent 033","E02000125",3939,1182,355,827,2149,122,1044,211,643,190,394,252,127,15,507,275,232,82,82,608,180,428
2021,"Brent 034","E02000126",3402,1269,254,1015,1758,40,704,152,433,119,289,208,71,10,641,335,306,84,84,375,129,246
2021,"Brent 035","E02006955",2709,826,69,757,1584,20,857,367,418,72,366,331,31,4,268,195,73,73,73,299,112,187
2021,"Brent 036","E02006956",2504,515,218,297,1445,112,806,195,389,222,169,110,47,12,313,148,165,45,45,544,284,260
2021,"Bromley 001","E02000127",3787,1152,420,732,2318,169,990,271,521,198,410,182,194,34,713,475,238,36,36,317,167,150
2021,"Bromley 002","E02000128",3063,776,365,411,2131,279,1125,291,608,226,360,187,146,27,356,218,138,11,11,156,75,81
2021,"Bromley 004","E02000130",3666,1148,400,748,2267,192,1118,377,583,158,469,301,149,19,445,268,177,43,43,251,79,172
2021,"Bromley 005","E02000131",5069,1876,297,1579,2852,74,1012,430,483,99,990,772,209,9,702,527,175,74,74,341,81,260
2021,"Bromley 006","E02000132",4939,2039,675,1364,2630,210,1186,482,592,112,691,528,154,9,487,334,153,56,56,270,75,195
2021,"Bromley 007","E02000133",4329,1083,581,502,3039,492,1808,531,988,289,409,260,138,11,308,183,125,22,22,207,87,120
2021,"Bromley 008","E02000134",5298,1840,593,1247,3104,222,1499,489,825,185,716,483,215,18,623,439,184,44,44,354,118,236
2021,"Bromley 009","E02000135",4447,1680,370,1310,2437,70,832,295,392,145,518,322,157,39,950,622,328,67,67,330,128,202
2021,"Bromley 010","E02000136",2296,665,379,286,1494,257,755,214,372,169,192,78,92,22,278,161,117,12,12,137,66,71
2021,"Bromley 011","E02000137",3672,1218,513,705,2287,332,1169,330,667,172,461,306,138,17,299,185,114,26,26,167,72,95
2021,"Bromley 012","E02000138",4139,1599,778,821,2338,406,1152,423,577,152,476,343,119,14,271,149,122,33,33,202,77,125
2021,"Bromley 013","E02000139",3305,1040,317,723,2082,157,1102,336,635,131,459,286,150,23,334,193,141,30,30,183,70,113
2021,"Bromley 014","E02000140",3335,989,348,641,2101,153,925,205,505,215,348,115,191,42,658,451,207,17,17,245,132,113
2021,"Bromley 015","E02000141",3090,962,302,660,1894,126,874,255,474,145,443,235,171,37,420,256,164,31,31,234,98,136
2021,"Bromley 016","E02000142",3451,898,409,489,2349,280,1327,299,774,254,385,205,152,28,333,199,134,24,24,204,88,116
2021,"Bromley 018","E02000144",4314,1298,443,855,2696,250,1478,419,845,214,542,369,157,16,374,227,147,52,52,320,115,205
2021,"Bromley 019","E02000145",3515,1041,393,648,2228,180,903,233,489,181,384,165,184,35,724,482,242,37,37,246,142,104
2021,"Bromley 020","E02000146",4040,1243,507,736,2569,185,1401,343,870,188,522,307,179,36,426,236,190,35,35,228,83,145
2021,"Bromley 021","E02000147",3166,781,468,313,2226,395,1388,330,762,296,219,100,100,19,215,119,96,9,9,159,87,72
2021,"Bromley 022","E02000148",2695,670,408,262,1891,337,1091,280,606,205,212,113,83,16,235,134,101,16,16,134,59,75
2021,"Bromley 023","E02000149",3284,895,385,510,2161,231,1056,288,545,223,396,193,171,32,460,257,203,18,18,228,114,114
2021,"Bromley 024","E02000150",3115,654,395,259,2253,287,1337,289,716,332,257,83,140,34,358,193,165,14,14,208,101,107
2021,"Bromley 025","E02000151",2968,646,406,240,2198,442,1339,325,773,241,233,119,98,16,176,90,86,8,8,124,54,70
2021,"Bromley 026","E02000152",3097,826,424,402,2060,158,1011,230,593,188,308,135,137,36,556,346,210,27,27,211,123,88
2021,"Bromley 027","E02000153",2896,517,352,165,2203,373,1376,239,825,312,214,64,119,31,229,108,121,11,11,176,83,93
2021,"Bromley 028","E02000154",3570,997,470,527,2355,347,1307,373,682,252,351,218,118,15,326,187,139,24,24,218,80,138
2021,"Bromley 029","E02000155",3044,901,519,382,1958,362,981,307,450,224,284,147,108,29,313,141,172,18,18,185,88,97
2021,"Bromley 030","E02000156",4864,1195,802,393,3397,630,1978,512,1008,458,336,154,149,33,430,217,213,23,23,272,115,157
2021,"Bromley 031","E02000157",3276,732,495,237,2409,485,1412,330,773,309,230,109,106,15,276,141,135,6,6,135,54,81
2021,"Bromley 032","E02000158",3034,715,409,306,2153,380,1106,300,604,202,241,104,111,26,409,243,166,17,17,166,90,76
2021,"Bromley 033","E02000159",2822,661,427,234,1992,409,1056,283,519,254,248,109,114,25,265,137,128,14,14,169,67,102
2021,"Bromley 034","E02000160",3042,657,412,245,2216,379,1291,299,681,311,269,100,145,24,262,145,117,15,15,169,73,96
2021,"Bromley 035","E02000161",3340,737,447,290,2448,402,1487,325,890,272,265,146,99,20,284,140,144,10,10,155,75,80
2021,"Bromley 036","E02000162",2964,932,586,346,1882,337,970,232,533,205,226,96,103,27,330,192,138,19,19,150,69,81
2021,"Bromley 037","E02000163",3068,734,449,285,2139,398,1245,360,656,229,230,114,92,24,257,135,122,9,9,195,89,106
2021,"Bromley 039","E02000165",2741,565,290,275,1988,296,1034,315,497,222,341,133,181,27,305,156,149,12,12,188,83,105
2021,"Bromley 040","E02006782",3192,826,372,454,2117,290,1069,286,557,226,261,114,116,31,470,257,213,27,27,249,108,141
2021,"Bromley 041","E02006787",3088,777,360,417,2123,231,1233,280,754,199,310,152,138,20,321,190,131,28,28,188,86,102
2021,"Bromley 042","E02006789",2786,698,469,229,1907,473,897,298,363,236,262,135,110,17,268,164,104,7,7,181,92,89
2021,"Camden 001","E02000166",3395,1197,473,724,1861,229,810,251,416,143,329,212,101,16,465,254,211,28,28,337,97,240
2021,"Camden 002","E02000167",3372,1273,488,785,1878,257,1047,379,572,96,357,282,64,11,194,122,72,23,23,221,50,171
2021,"Camden 003","E02000168",3494,1256,341,915,1821,134,818,249,437,132,467,351,98,18,360,207,153,42,42,417,78,339
2021,"Camden 004","E02000169",3027,878,307,571,1923,247,1093,316,658,119,298,216,73,9,259,155,104,26,26,226,73,153
2021,"Camden 005","E02000170",3463,1159,308,851,1875,157,981,296,572,113,406,345,57,4,285,156,129,46,46,429,93,336
2021,"Camden 006","E02000171",3330,1209,405,804,1767,137,815,284,433,98,418,310,86,22,349,188,161,48,48,354,83,271
2021,"Camden 007","E02000172",4035,1452,399,1053,2089,83,832,192,510,130,412,278,112,22,708,410,298,54,54,494,135,359
2021,"Camden 008","E02000173",3500,1426,357,1069,1783,157,987,315,607,65,384,315,65,4,208,129,79,47,47,291,64,227
2021,"Camden 009","E02000174",3549,1273,329,944,1829,106,675,228,344,103,465,353,99,13,532,318,214,51,51,447,87,360
2021,"Camden 010","E02000175",4308,1708,351,1357,2069,91,932,356,482,94,592,508,79,5,379,215,164,75,75,531,67,464
2021,"Camden 011","E02000176",3000,1345,336,1009,1476,96,794,313,436,45,360,295,63,2,184,102,82,42,42,179,42,137
2021,"Camden 012","E02000177",3654,1328,419,909,1828,93,686,209,371,106,397,315,70,12,579,314,265,73,73,498,128,370
2021,"Camden 013","E02000178",4165,1611,370,1241,1988,69,780,279,403,98,572,486,74,12,483,296,187,84,84,566,100,466
2021,"Camden 014","E02000179",2547,972,353,619,1345,87,700,209,399,92,241,186,45,10,287,162,125,30,30,230,68,162
2021,"Camden 015","E02000180",3519,1288,309,979,1664,83,653,230,322,101,451,358,72,21,404,238,166,73,73,567,74,493
2021,"Camden 016","E02000181",3750,1295,331,964,2024,101,1010,364,571,75,556,471,74,11,283,154,129,74,74,431,51,380
2021,"Camden 017","E02000182",3088,1100,304,796,1653,123,891,234,563,94,250,188,54,8,336,207,129,53,53,335,66,269
2021,"Camden 018","E02000183",3618,1537,550,987,1765,142,856,298,435,123,377,309,61,7,355,184,171,35,35,316,79,237
2021,"Camden 019","E02000184",3634,1322,250,1072,1686,56,655,220,310,125,333,272,47,14,543,293,250,99,99,626,91,535
2021,"Camden 020","E02000185",4066,1749,571,1178,1886,95,766,224,443,99,335,236,78,21,611,379,232,79,79,431,114,317
2021,"Camden 021","E02000186",2934,1212,233,979,1274,69,523,223,221,79,313,270,39,4,289,156,133,80,80,448,68,380
2021,"Camden 022","E02000187",3814,1373,332,1041,1926,64,757,178,451,128,297,216,60,21,719,419,300,89,89,515,128,387
2021,"Camden 023","E02000188",2719,937,244,693,1323,40,544,100,333,111,211,142,55,14,470,248,222,58,58,459,130,329
2021,"Camden 026","E02000191",2105,1069,180,889,722,56,283,147,91,45,210,191,16,3,124,63,61,49,49,314,43,271
2021,"Camden 027","E02000192",3088,1305,316,989,1383,62,561,199,264,98,312,254,49,9,370,193,177,78,78,400,85,315
2021,"Camden 028","E02000193",3100,1630,330,1300,1101,72,408,223,134,51,280,247,21,12,259,117,142,82,82,369,47,322
2021,"Camden 029","E02007115",4468,2031,534,1497,1767,101,653,208,301,144,360,289,57,14,524,265,259,129,129,670,127,543
2021,"Croydon 001","E02000194",4203,1523,418,1105,2371,128,923,317,506,100,662,463,181,18,606,401,205,52,52,309,98,211
2021,"Croydon 002","E02000195",3491,827,320,507,2204,292,1099,248,585,266,296,141,129,26,473,257,216,44,44,460,226,234
2021,"Croydon 003","E02000196",2816,707,296,411,1637,157,731,173,346,212,214,103,88,23,474,276,198,61,61,472,234,238
2021,"Croydon 004","E02000197",3317,843,314,529,2029,157,927,199,469,259,278,142,111,25,589,325,264,78,78,445,222,223
2021,"Croydon 005","E02000198",3504,1100,269,831,2000,89,799,181,439,179,303,144,135,24,751,491,260,58,58,404,179,225
2021,"Croydon 006","E02000199",3205,830,242,588,1976,108,878,207,474,197,329,141,159,29,600,329,271,61,61,399,158,241
2021,"Croydon 007","E02000200",4001,1433,312,1121,2236,108,933,327,469,137,503,312,173,18,611,400,211,81,81,332,123,209
2021,"Croydon 008","E02000201",3823,1377,303,1074,2133,83,803,251,428,124,380,216,140,24,803,530,273,64,64,313,124,189
2021,"Croydon 009","E02000202",3037,724,279,445,1766,111,925,213,464,248,171,83,75,13,503,279,224,56,56,547,294,253
2021,"Croydon 010","E02000203",3121,1049,274,775,1671,91,735,183,391,161,229,121,92,16,563,360,203,53,53,401,187,214
2021,"Croydon 011","E02000204",3224,744,254,490,1872,131,917,173,471,273,154,50,74,30,579,314,265,91,91,608,313,295
2021,"Croydon 013","E02000206",4465,1496,319,1177,2510,86,887,226,478,183,485,236,224,25,964,665,299,88,88,459,215,244
2021,"Croydon 014","E02000207",3558,1089,278,811,2100,93,811,194,426,191,370,202,137,31,775,469,306,51,51,369,174,195
2021,"Croydon 015","E02000208",4097,1275,269,1006,2291,63,956,193,597,166,284,120,129,35,929,669,260,59,59,531,293,238
2021,"Croydon 016","E02000209",3062,639,189,450,1997,95,1053,189,586,278,164,57,92,15,611,364,247,74,74,426,231,195
2021,"Croydon 017","E02000210",3446,934,278,656,2176,113,1022,304,520,198,396,246,125,25,590,351,239,55,55,336,172,164
2021,"Croydon 018","E02000211",3299,861,505,356,2183,357,1118,288,541,289,302,138,128,36,386,190,196,20,20,255,126,129
2021,"Croydon 019","E02000212",3266,718,214,504,2073,65,968,187,570,211,250,98,128,24,726,439,287,64,64,475,267,208
2021,"Croydon 020","E02000213",5392,1886,337,1549,2934,77,1163,348,667,148,569,352,194,23,1003,681,322,122,122,572,229,343
2021,"Croydon 021","E02000214",2330,485,248,237,1621,241,896,235,421,240,199,97,83,19,264,122,142,21,21,224,117,107
2021,"Croydon 022","E02000215",5250,1920,532,1388,2794,147,1213,476,606,131,654,435,190,29,674,465,209,106,106,536,206,330
2021,"Croydon 023","E02000216",2943,941,470,471,1770,189,1020,256,633,131,266,179,76,11,253,135,118,42,42,232,104,128
2021,"Croydon 024","E02000217",5024,1650,378,1272,2842,79,1244,379,706,159,596,363,202,31,827,584,243,96,96,532,216,316
2021,"Croydon 025","E02000218",2352,457,228,229,1684,207,759,156,393,210,148,48,80,20,549,352,197,21,21,211,131,80
2021,"Croydon 026","E02000219",2980,714,472,242,2018,460,1074,318,444,312,201,83,92,26,262,117,145,21,21,248,131,117
2021,"Croydon 028","E02000221",3993,1099,348,751,2471,127,1162,250,665,247,323,143,139,41,817,528,289,42,42,423,251,172
2021,"Croydon 029","E02000222",3637,1176,295,881,2210,195,1012,305,551,156,546,365,165,16,425,295,130,32,32,251,102,149
2021,"Croydon 030","E02000223",2792,579,282,297,1954,78,695,115,409,171,233,53,143,37,924,645,279,24,24,259,156,103
2021,"Croydon 031","E02000224",3272,940,263,677,2054,137,1028,268,600,160,392,255,122,15,447,280,167,50,50,278,112,166
2021,"Croydon 032","E02000225",2663,581,307,274,1849,179,826,183,403,240,257,81,134,42,556,333,223,31,31,233,127,106
2021,"Croydon 033","E02000226",2779,560,353,207,1952,412,1146,300,545,301,150,61,71,18,229,109,120,15,15,267,142,125
2021,"Croydon 034","E02000227",4838,1475,674,801,3044,385,1401,398,684,319,490,239,204,47,730,407,323,38,38,319,181,138
2021,"Croydon 035","E02000228",3007,627,415,212,2168,458,1318,329,703,286,175,82,77,16,207,97,110,10,10,212,96,116
2021,"Croydon 036","E02000229",2237,561,266,295,1473,95,610,143,307,160,190,49,109,32,551,357,194,27,27,203,122,81
2021,"Croydon 037","E02000230",4233,1217,495,722,2668,328,1465,422,748,295,375,244,115,16,467,287,180,33,33,348,136,212
2021,"Croydon 038","E02000231",2747,496,230,266,1963,329,1214,304,604,306,174,90,67,17,222,113,109,24,24,288,137,151
2021,"Croydon 039","E02000232",2370,524,353,171,1653,341,864,208,440,216,181,57,96,28,254,119,135,13,13,193,99,94
2021,"Croydon 040","E02000233",2398,527,209,318,1690,195,855,219,498,138,295,163,115,17,329,191,138,16,16,181,92,89
2021,"Croydon 041","E02000234",3720,967,428,539,2499,273,1312,376,702,234,378,212,144,22,523,332,191,13,13,254,135,119
2021,"Croydon 042","E02000235",2658,544,231,313,1938,309,1060,319,515,226,265,124,108,33,293,163,130,11,11,176,79,97
2021,"Croydon 043","E02000236",3307,562,302,260,2521,300,1493,387,851,255,364,171,162,31,347,185,162,17,17,224,124,100
2021,"Croydon 044","E02000237",3033,757,506,251,2121,401,1135,313,580,242,274,110,137,27,299,149,150,12,12,155,72,83
2021,"Croydon 045","E02006788",2893,694,234,460,1900,92,762,173,418,171,291,138,121,32,721,409,312,34,34,299,152,147
2021,"Croydon 046","E02006987",3878,1650,164,1486,1936,40,751,361,333,57,648,551,89,8,390,262,128,107,107,292,65,227
2021,"Croydon 047","E02006988",3306,1344,306,1038,1702,75,701,231,411,59,408,270,130,8,460,348,112,58,58,260,105,155
2021,"Ealing 001","E02000238",3735,881,266,615,2283,129,1278,252,716,310,275,137,115,23,490,255,235,111,111,571,316,255
2021,"Ealing 002","E02000239",2929,535,257,278,1767,206,1040,202,534,304,162,84,64,14,298,123,175,61,61,627,323,304
2021,"Ealing 003","E02000240",3899,862,362,500,2492,151,1229,269,695,265,237,78,117,42,828,490,338,47,47,545,315,230
2021,"Ealing 004","E02000241",2602,580,213,367,1613,122,922,198,495,229,168,76,60,32,363,220,143,38,38,409,214,195
2021,"Ealing 005","E02000242",2235,409,156,253,1378,118,833,166,424,243,140,75,50,15,253,107,146,34,34,448,204,244
2021,"Ealing 006","E02000243",3125,848,332,516,1756,141,954,203,516,235,173,82,77,14,436,220,216,52,52,521,249,272
2021,"Ealing 007","E02000244",2938,826,247,579,1694,146,972,201,538,233,197,111,67,19,343,182,161,36,36,418,176,242
2021,"Ealing 008","E02000245",3354,865,249,616,2120,72,1050,191,642,217,197,99,84,14,723,494,229,78,78,369,207,162
2021,"Ealing 009","E02000246",3074,634,255,379,2007,104,1049,159,636,254,168,58,82,28,633,372,261,53,53,433,254,179
2021,"Ealing 010","E02000247",3893,962,314,648,2491,144,1313,250,793,270,260,94,139,27,716,435,281,58,58,440,248,192
2021,"Ealing 011","E02000248",2988,881,309,572,1686,132,935,214,566,155,208,127,71,10,338,213,125,73,73,421,126,295
2021,"Ealing 012","E02000249",2910,735,308,427,1675,128,900,151,535,214,173,67,85,21,413,195,218,61,61,500,277,223
2021,"Ealing 013","E02000250",2546,660,366,294,1642,215,988,221,608,159,200,132,59,9,215,118,97,24,24,244,72,172
2021,"Ealing 014","E02000251",2543,463,215,248,1547,153,945,153,484,308,90,32,44,14,328,130,198,31,31,533,304,229
2021,"Ealing 015","E02000252",4410,1640,292,1348,2175,131,926,291,471,164,384,279,84,21,644,385,259,90,90,595,160,435
2021,"Ealing 016","E02000253",3840,1090,519,571,2390,148,1146,188,716,242,259,104,127,28,768,419,349,69,69,360,199,161
2021,"Ealing 017","E02000254",2610,384,200,184,1584,115,1049,153,520,376,68,19,34,15,306,115,191,46,46,642,404,238
2021,"Ealing 018","E02000255",3790,1042,361,681,2398,226,1253,279,740,234,354,233,101,20,513,315,198,52,52,350,120,230
2021,"Ealing 019","E02000256",4026,1261,341,920,2295,180,1233,389,641,203,465,380,79,6,342,216,126,75,75,470,77,393
2021,"Ealing 021","E02000258",2602,740,224,516,1493,79,850,200,519,131,218,162,52,4,294,170,124,52,52,369,118,251
2021,"Ealing 022","E02000259",2394,498,177,321,1617,133,888,182,521,185,221,124,87,10,353,203,150,22,22,279,109,170
2021,"Ealing 023","E02000260",2752,492,245,247,1603,128,1003,143,566,294,62,24,38,0,369,138,231,41,41,657,414,243
2021,"Ealing 024","E02000261",4977,1536,376,1160,2719,130,1201,311,672,218,533,372,149,12,725,405,320,130,130,722,184,538
2021,"Ealing 025","E02000262",3946,1368,345,1023,2092,81,1031,278,610,143,475,338,121,16,412,244,168,93,93,486,126,360
2021,"Ealing 026","E02000263",3647,633,240,393,1974,117,1255,149,740,366,103,39,51,13,432,191,241,67,67,1040,684,356
2021,"Ealing 027","E02000264",3543,1140,297,843,1885,187,975,293,513,169,363,281,69,13,275,152,123,85,85,518,74,444
2021,"Ealing 028","E02000265",4735,1546,482,1064,2667,120,1283,360,733,190,519,378,129,12,678,416,262,67,67,522,133,389
2021,"Ealing 029","E02000266",4295,1070,269,801,2572,113,1317,248,777,292,257,137,100,20,823,424,399,62,62,653,396,257
2021,"Ealing 030","E02000267",3221,852,294,558,1974,103,1006,262,607,137,387,217,155,15,435,291,144,43,43,395,127,268
2021,"Ealing 031","E02000268",3862,1166,404,762,2237,209,1151,352,603,196,415,306,87,22,405,187,218,57,57,459,106,353
2021,"Ealing 032","E02000269",3302,883,312,571,2085,155,1273,344,741,188,376,267,93,16,251,146,105,30,30,334,66,268
2021,"Ealing 033","E02000270",4116,1389,320,1069,2302,68,1055,319,620,116,550,412,124,14,534,324,210,95,95,425,110,315
2021,"Ealing 034","E02000271",2979,865,315,550,1854,165,1114,391,606,117,330,253,68,9,213,129,84,32,32,260,78,182
2021,"Ealing 035","E02000272",2540,625,296,329,1687,186,999,208,599,192,222,128,80,14,252,123,129,28,28,228,83,145
2021,"Ealing 038","E02000275",2347,441,164,277,1329,107,816,157,421,238,77,35,33,9,298,161,137,31,31,577,376,201
2021,"Ealing 039","E02000276",2724,707,279,428,1668,92,939,263,569,107,332,232,94,6,273,169,104,32,32,349,66,283
2021,"Ealing 040","E02006791",3446,1225,333,892,1922,101,994,333,548,113,509,404,91,14,259,128,131,59,59,299,75,224
2021,"Ealing 041","E02006968",3562,1211,434,777,1954,183,1154,334,665,155,304,251,47,6,274,171,103,39,39,397,100,297
2021,"Ealing 042","E02006969",2976,1089,254,835,1561,77,811,307,438,66,426,378,45,3,189,106,83,58,58,326,47,279
2021,"Ealing 043","E02006970",2030,327,90,237,1222,51,820,98,542,180,68,25,38,5,252,134,118,31,31,481,309,172
2021,"Ealing 044","E02006971",2222,298,122,176,1330,83,848,113,485,250,54,10,29,15,300,142,158,45,45,594,394,200
2021,"Enfield 001","E02000277",2623,537,216,321,1804,148,759,159,372,228,174,56,97,21,653,431,222,70,70,282,184,98
2021,"Enfield 002","E02000278",3341,826,280,546,2178,124,917,180,483,254,202,69,104,29,892,584,308,43,43,337,208,129
2021,"Enfield 003","E02000279",4413,1089,287,802,2864,112,1142,215,652,275,348,138,170,40,1204,896,308,58,58,460,288,172
2021,"Enfield 004","E02000280",3413,927,451,476,2250,256,1082,269,600,213,311,128,159,24,584,338,246,17,17,236,111,125
2021,"Enfield 005","E02000281",3548,943,320,623,2313,168,1011,227,592,192,312,120,164,28,784,526,258,38,38,292,187,105
2021,"Enfield 006","E02000282",3469,863,258,605,2280,117,907,161,527,219,188,50,110,28,1012,754,258,56,56,326,205,121
2021,"Enfield 007","E02000283",2798,478,198,280,2002,147,917,163,488,266,157,54,81,22,733,483,250,48,48,318,175,143
2021,"Enfield 008","E02000284",3617,1088,447,641,2286,231,1098,285,623,190,371,201,142,28,549,354,195,37,37,243,112,131
2021,"Enfield 009","E02000285",2462,496,282,214,1777,262,1048,242,518,288,176,78,84,14,270,132,138,21,21,189,103,86
2021,"Enfield 010","E02000286",4003,1475,625,850,2325,362,1124,338,607,179,354,225,118,11,457,301,156,28,28,203,85,118
2021,"Enfield 011","E02000287",2872,769,440,329,1880,332,1081,240,567,274,169,97,57,15,273,155,118,25,25,223,111,112
2021,"Enfield 012","E02000288",4051,971,323,648,2551,145,1229,182,730,317,216,79,106,31,919,647,272,42,42,529,331,198
2021,"Enfield 013","E02000289",2426,466,315,151,1759,296,1058,224,546,288,139,58,63,18,251,114,137,15,15,201,108,93
2021,"Enfield 014","E02000290",2515,726,185,541,1570,56,608,127,356,125,165,70,81,14,691,528,163,50,50,219,135,84
2021,"Enfield 015","E02000291",4329,1467,499,968,2535,226,1087,307,599,181,416,259,135,22,771,510,261,35,35,327,165,162
2021,"Enfield 016","E02000292",3566,832,356,476,2351,200,1172,222,650,300,264,125,124,15,683,426,257,32,32,383,210,173
2021,"Enfield 017","E02000293",2489,618,340,278,1699,342,972,225,506,241,160,72,74,14,217,113,104,8,8,172,75,97
2021,"Enfield 018","E02000294",3087,636,299,337,2070,174,972,159,517,296,163,58,93,12,706,450,256,55,55,381,223,158
2021,"Enfield 019","E02000295",3352,929,407,522,2119,220,1166,239,658,269,237,123,93,21,469,294,175,27,27,304,174,130
2021,"Enfield 020","E02000296",4040,1175,503,672,2430,216,1267,305,732,230,327,175,130,22,565,364,201,55,55,435,207,228
2021,"Enfield 021","E02000297",3475,864,481,383,2259,363,1309,314,596,399,208,102,84,22,360,177,183,19,19,352,178,174
2021,"Enfield 022","E02000298",3055,731,364,367,2049,277,1247,281,673,293,234,135,76,23,264,137,127,27,27,275,125,150
2021,"Enfield 023","E02000299",3315,848,331,517,2068,104,924,155,528,241,213,66,124,23,768,503,265,59,59,399,222,177
2021,"Enfield 024","E02000300",3002,758,238,520,1829,124,839,160,441,238,187,59,106,22,638,399,239,41,41,415,261,154
2021,"Enfield 025","E02000301",3725,1030,349,681,2318,119,937,200,495,242,210,65,111,34,989,660,329,63,63,377,221,156
2021,"Enfield 026","E02000302",3115,753,340,413,1958,245,1024,212,555,257,215,83,113,19,432,219,213,42,42,404,208,196
2021,"Enfield 027","E02000303",2978,864,308,556,1747,98,773,148,440,185,172,46,104,22,641,392,249,63,63,367,216,151
2021,"Enfield 028","E02000304",2910,608,317,291,1994,314,1223,269,645,309,188,100,77,11,245,104,141,24,24,308,143,165
2021,"Enfield 029","E02000305",3456,924,316,608,2137,185,1139,309,598,232,397,223,154,20,355,206,149,61,61,395,160,235
2021,"Enfield 030","E02000306",3397,1027,338,689,2057,65,815,156,467,192,209,68,112,29,915,584,331,53,53,313,185,128
2021,"Enfield 031","E02000307",3350,666,299,367,2217,179,1165,202,611,352,179,62,92,25,652,392,260,42,42,467,262,205
2021,"Enfield 032","E02000308",3230,830,246,584,1914,170,892,197,505,190,267,146,102,19,527,311,216,58,58,486,213,273
2021,"Enfield 033","E02000309",3988,977,324,653,2449,109,1114,198,687,229,219,66,124,29,918,588,330,89,89,562,327,235
2021,"Enfield 035","E02000311",3637,824,321,503,2192,196,1076,212,540,324,216,106,88,22,636,358,278,68,68,621,329,292
2021,"Enfield 036","E02000312",4498,1272,395,877,2576,165,1273,368,648,257,489,307,166,16,548,328,220,101,101,650,222,428
2021,"Enfield 037","E02006793",3390,872,252,620,2089,76,886,157,516,213,207,70,117,20,849,516,333,71,71,429,260,169
2021,"Greenwich 001","E02000313",2591,964,202,762,1355,55,525,113,291,121,174,53,99,22,561,394,167,40,40,272,141,131
2021,"Greenwich 002","E02000314",4531,1130,197,933,2845,47,1305,294,805,206,409,143,241,25,986,708,278,98,98,556,312,244
2021,"Greenwich 003","E02000315",3491,916,284,632,2110,86,860,160,524,176,299,106,175,18,793,514,279,72,72,465,261,204
2021,"Greenwich 005","E02000317",2822,785,179,606,1707,73,671,167,364,140,271,129,119,23,629,414,215,63,63,330,159,171
2021,"Greenwich 006","E02000318",3582,922,290,632,1920,117,900,241,444,215,232,132,82,18,580,362,218,91,91,740,450,290
2021,"Greenwich 007","E02000319",3919,1115,256,859,2197,67,947,268,512,167,440,252,169,19,663,394,269,80,80,607,279,328
2021,"Greenwich 008","E02000320",2558,677,207,470,1558,96,698,164,340,194,271,125,127,19,455,302,153,38,38,323,174,149
2021,"Greenwich 009","E02000321",2959,933,229,704,1643,71,620,155,337,128,279,140,121,18,626,411,215,47,47,383,193,190
2021,"Greenwich 011","E02000323",4821,1507,257,1250,2655,77,1073,286,627,160,529,298,205,26,879,591,288,97,97,659,317,342
2021,"Greenwich 012","E02000324",2853,814,272,542,1658,102,718,182,389,147,294,160,117,17,503,318,185,41,41,381,196,185
2021,"Greenwich 014","E02000326",3049,859,271,588,1825,88,913,261,521,131,377,232,127,18,401,231,170,46,46,365,109,256
2021,"Greenwich 015","E02000327",2635,919,181,738,1467,37,631,197,351,83,273,173,80,20,493,320,173,33,33,249,122,127
2021,"Greenwich 016","E02000328",2948,1032,351,681,1710,138,862,313,445,104,401,296,94,11,285,160,125,24,24,206,56,150
2021,"Greenwich 017","E02000329",2464,677,249,428,1519,150,718,186,359,173,211,92,93,26,417,246,171,23,23,268,130,138
2021,"Greenwich 019","E02000331",3191,958,316,642,1852,96,845,224,457,164,367,175,161,31,504,318,186,40,40,381,178,203
2021,"Greenwich 020","E02000332",2999,859,320,539,1859,173,931,314,453,164,337,145,169,23,368,232,136,50,50,281,121,160
2021,"Greenwich 021","E02000333",2882,1032,337,695,1676,171,858,322,450,86,384,288,75,21,235,148,87,28,28,174,51,123
2021,"Greenwich 022","E02000334",2545,690,243,447,1575,137,808,217,400,191,233,107,107,19,371,212,159,26,26,280,122,158
2021,"Greenwich 023","E02000335",2591,610,326,284,1812,218,1001,254,543,204,292,126,143,23,286,135,151,15,15,169,82,87
2021,"Greenwich 025","E02000337",3085,736,347,389,1996,152,925,234,492,199,333,171,125,37,553,275,278,33,33,353,197,156
2021,"Greenwich 027","E02000339",2591,817,409,408,1583,209,867,221,442,204,251,134,100,17,242,132,110,14,14,191,86,105
2021,"Greenwich 028","E02000340",3022,1079,460,619,1721,253,841,247,418,176,327,183,121,23,268,168,100,32,32,222,98,124
2021,"Greenwich 029","E02000341",2945,735,276,459,1887,150,795,180,449,166,261,107,124,30,642,412,230,39,39,323,186,137
2021,"Greenwich 030","E02000342",2342,698,256,442,1449,124,684,198,358,128,274,126,129,19,352,216,136,15,15,195,84,111
2021,"Greenwich 031","E02000343",2694,751,349,402,1705,160,857,233,421,203,247,102,119,26,421,215,206,20,20,238,128,110
2021,"Greenwich 032","E02000344",2446,597,289,308,1662,234,902,234,474,194,256,121,112,23,261,136,125,9,9,187,95,92
2021,"Greenwich 033","E02006786",2871,777,232,545,1738,107,742,188,366,188,269,122,123,24,588,401,187,32,32,356,197,159
2021,"Greenwich 034","E02006927",5084,1537,577,960,3078,235,1568,492,848,228,619,432,155,32,582,363,219,74,74,469,197,272
2021,"Greenwich 035","E02006928",5267,1724,175,1549,2894,60,1091,511,509,71,908,790,107,11,719,521,198,116,116,649,99,550
2021,"Greenwich 037","E02006930",4230,1236,240,996,2445,88,1155,404,663,88,716,582,125,9,430,260,170,56,56,549,94,455
2021,"Greenwich 038","E02006931",4140,1315,385,930,2373,157,1109,449,570,90,643,520,109,14,401,251,150,63,63,452,84,368
2021,"Greenwich 039","E02006991",3237,1162,105,1057,1743,44,737,438,263,36,698,614,77,7,194,129,65,70,70,332,56,276
2021,"Greenwich 040","E02006992",3769,1217,220,997,2214,61,944,422,460,62,689,569,115,5,465,313,152,55,55,338,84,254
2021,"Greenwich 041","E02006993",3626,1102,90,1012,2087,31,851,373,425,53,684,563,115,6,438,336,102,83,83,437,97,340
2021,"Greenwich 042","E02006994",3285,1175,206,969,1725,35,714,199,412,103,387,239,129,19,511,362,149,78,78,385,140,245
2021,"Hackney 001","E02000345",2589,746,244,502,1620,119,1019,187,732,100,145,93,46,6,282,184,98,55,55,223,102,121
2021,"Hackney 002","E02000346",3973,1229,260,969,2205,53,728,269,361,98,532,424,88,20,803,552,251,89,89,539,158,381
2021,"Hackney 003","E02000347",2585,714,210,504,1571,80,902,148,660,94,204,146,51,7,337,192,145,48,48,300,107,193
2021,"Hackney 004","E02000348",2721,830,238,592,1635,64,875,136,645,94,162,86,66,10,479,317,162,55,55,256,104,152
2021,"Hackney 006","E02000350",3694,1102,188,914,1884,67,892,210,558,124,486,361,113,12,359,205,154,80,80,708,165,543
2021,"Hackney 007","E02000351",4231,1470,248,1222,2060,67,766,260,405,101,664,538,118,8,482,301,181,81,81,701,96,605
2021,"Hackney 008","E02000352",2686,858,257,601,1504,66,633,142,412,79,343,225,105,13,430,274,156,32,32,324,50,274
2021,"Hackney 009","E02000353",3158,910,205,705,1718,79,761,193,457,111,495,363,119,13,334,154,180,49,49,530,97,433
2021,"Hackney 010","E02000354",3990,1434,290,1144,1918,51,703,207,379,117,498,347,138,13,599,366,233,67,67,638,177,461
2021,"Hackney 011","E02000355",3111,900,180,720,1611,67,667,149,393,125,419,263,131,25,405,242,163,53,53,600,136,464
2021,"Hackney 012","E02000356",3061,952,195,757,1719,67,716,233,410,73,553,415,116,22,342,185,157,41,41,390,65,325
2021,"Hackney 013","E02000357",2721,937,343,594,1430,55,419,79,250,90,201,104,80,17,696,421,275,59,59,354,140,214
2021,"Hackney 014","E02000358",4819,1612,306,1306,2359,52,885,308,461,116,610,468,131,11,730,397,333,82,82,848,147,701
2021,"Hackney 015","E02000359",2438,607,164,443,1368,60,546,102,358,86,299,198,93,8,414,234,180,49,49,463,132,331
2021,"Hackney 016","E02000360",4850,1668,383,1285,2567,49,867,200,526,141,565,393,140,32,987,641,346,99,99,615,172,443
2021,"Hackney 017","E02000361",3676,1327,201,1126,1656,39,517,164,266,87,534,409,115,10,480,296,184,86,86,693,114,579
2021,"Hackney 018","E02000362",2804,856,227,629,1504,52,479,135,272,72,405,323,70,12,528,325,203,40,40,444,99,345
2021,"Hackney 019","E02000363",4439,1346,299,1047,2514,62,812,201,485,126,436,244,168,24,1132,728,404,72,72,579,162,417
2021,"Hackney 020","E02000364",4101,1456,371,1085,2029,103,702,225,390,87,553,422,115,16,601,323,278,70,70,616,120,496
2021,"Hackney 022","E02000366",3540,1306,351,955,1772,86,633,172,352,109,387,260,110,17,611,341,270,55,55,462,126,336
2021,"Hackney 023","E02000367",4595,1508,248,1260,2300,56,751,249,404,98,753,586,148,19,631,388,243,109,109,787,99,688
2021,"Hackney 024","E02000368",4149,1416,377,1039,2076,69,717,200,392,125,445,316,112,17,761,416,345,84,84,657,146,511
2021,"Hackney 025","E02000369",5925,1927,349,1578,3066,68,1006,340,520,146,951,756,166,29,925,565,360,116,116,932,163,769
2021,"Hackney 026","E02000370",3991,1414,214,1200,1966,38,663,249,306,108,513,423,75,15,671,424,247,81,81,611,119,492
2021,"Hackney 028","E02006918",3168,1024,202,822,1732,22,628,145,403,80,399,285,102,12,629,412,217,54,54,412,163,249
2021,"Hackney 029","E02006921",2782,897,251,646,1553,61,808,110,623,75,193,110,73,10,440,281,159,51,51,332,139,193
2021,"Hackney 030","E02007108",2801,971,136,835,1251,24,430,211,181,38,508,436,67,5,217,132,85,72,72,579,30,549
2021,"Hackney 031","E02007109",3302,1071,263,808,1720,69,626,218,309,99,501,392,93,16,471,258,213,53,53,511,96,415
2021,"Hackney 032","E02007110",3362,1382,208,1174,1473,27,545,198,248,99,409,338,55,16,403,256,147,89,89,507,59,448
2021,"Hackney 033","E02007111",2815,1054,76,978,1190,13,362,210,129,23,503,455,43,5,225,134,91,87,87,571,36,535
2021,"Hammersmith and Fulham 001","E02000372",3878,1408,301,1107,1950,65,778,230,372,176,296,195,71,30,704,357,347,107,107,520,133,387
2021,"Hammersmith and Fulham 002","E02000373",2538,659,167,492,1525,45,590,106,360,124,149,67,63,19,677,388,289,64,64,354,132,222
2021,"Hammersmith and Fulham 003","E02000374",2618,758,254,504,1415,67,619,152,364,103,215,146,57,12,449,243,206,65,65,445,117,328
2021,"Hammersmith and Fulham 004","E02000375",3498,1407,263,1144,1616,46,627,209,322,96,354,286,58,10,515,325,190,74,74,475,91,384
2021,"Hammersmith and Fulham 005","E02000376",3183,1262,239,1023,1487,38,536,221,243,72,426,362,46,18,375,180,195,112,112,434,82,352
2021,"Hammersmith and Fulham 006","E02000377",3447,1317,330,987,1672,54,691,213,386,92,390,303,66,21,470,255,215,67,67,458,82,376
2021,"Hammersmith and Fulham 007","E02000378",3251,1379,280,1099,1498,54,587,249,274,64,448,393,51,4,324,179,145,85,85,374,60,314
2021,"Hammersmith and Fulham 008","E02000379",3107,1036,323,713,1747,117,911,252,560,99,317,239,71,7,360,193,167,42,42,324,92,232
2021,"Hammersmith and Fulham 009","E02000380",2500,907,286,621,1327,80,681,232,367,82,284,224,53,7,237,138,99,45,45,266,56,210
2021,"Hammersmith and Fulham 010","E02000381",3547,1373,319,1054,1835,108,885,300,492,93,431,343,73,15,350,214,136,61,61,339,79,260
2021,"Hammersmith and Fulham 011","E02000382",2774,1037,278,759,1447,77,708,258,360,90,312,252,53,7,299,163,136,51,51,290,57,233
2021,"Hammersmith and Fulham 012","E02000383",4111,1703,444,1259,1816,113,760,297,367,96,425,364,46,15,389,189,200,129,129,592,73,519
2021,"Hammersmith and Fulham 013","E02000384",3808,1507,332,1175,1793,78,683,271,321,91,426,342,65,19,514,308,206,92,92,508,84,424
2021,"Hammersmith and Fulham 014","E02000385",2850,1188,215,973,1131,50,440,192,210,38,410,374,31,5,160,91,69,71,71,531,25,506
2021,"Hammersmith and Fulham 015","E02000386",3368,1238,308,930,1652,58,565,171,277,117,347,285,48,14,600,318,282,82,82,478,104,374
2021,"Hammersmith and Fulham 016","E02000387",2586,933,247,686,1168,49,496,162,258,76,210,155,42,13,354,184,170,59,59,485,59,426
2021,"Hammersmith and Fulham 017","E02000388",4133,1592,405,1187,1885,89,807,324,387,96,503,429,56,18,345,188,157,141,141,656,78,578
2021,"Hammersmith and Fulham 018","E02000389",3680,1128,411,717,1985,154,1067,358,572,137,391,303,75,13,292,149,143,81,81,567,83,484
2021,"Hammersmith and Fulham 019","E02000390",2719,901,229,672,1322,56,604,189,344,71,338,279,48,11,262,132,130,62,62,496,60,436
2021,"Hammersmith and Fulham 020","E02000391",3281,1109,328,781,1707,117,901,268,519,114,311,262,43,6,315,158,157,63,63,465,101,364
2021,"Hammersmith and Fulham 021","E02000392",4039,1396,307,1089,2042,80,984,292,584,108,475,392,64,19,407,242,165,96,96,601,100,501
2021,"Hammersmith and Fulham 022","E02000393",2588,759,211,548,1422,87,725,218,446,61,370,312,57,1,177,103,74,63,63,407,54,353
2021,"Hammersmith and Fulham 023","E02000394",4348,1647,305,1342,2201,83,921,298,511,112,507,412,81,14,582,368,214,108,108,500,90,410
2021,"Hammersmith and Fulham 024","E02000395",2642,895,334,561,1354,169,674,230,362,82,289,256,29,4,163,91,72,59,59,393,51,342
2021,"Hammersmith and Fulham 025","E02000396",2774,789,235,554,1584,101,811,225,474,112,254,175,63,16,364,199,165,54,54,401,103,298
2021,"Haringey 001","E02000397",3471,1231,317,914,1833,70,779,271,420,88,403,257,128,18,497,319,178,84,84,407,122,285
2021,"Haringey 002","E02000398",2880,941,250,691,1540,55,559,120,324,115,175,65,89,21,678,411,267,73,73,399,188,211
2021,"Haringey 004","E02000400",3118,872,309,563,1902,117,847,170,500,177,290,141,120,29,592,340,252,56,56,344,120,224
2021,"Haringey 005","E02000401",2477,614,216,398,1548,51,671,145,340,186,181,77,77,27,578,287,291,67,67,315,160,155
2021,"Haringey 006","E02000402",2427,673,218,455,1447,48,560,102,296,162,166,80,64,22,626,373,253,47,47,307,172,135
2021,"Haringey 007","E02000403",2990,884,242,642,1587,67,717,227,376,114,367,246,111,10,349,199,150,87,87,519,182,337
2021,"Haringey 008","E02000404",2664,738,199,539,1452,95,623,158,312,153,199,120,68,11,441,248,193,94,94,474,176,298
2021,"Haringey 009","E02000405",2461,583,235,348,1654,135,1013,209,643,161,242,140,96,6,227,137,90,37,37,224,90,134
2021,"Haringey 010","E02000406",2597,727,201,526,1418,50,524,108,298,118,229,137,64,28,529,231,298,86,86,452,131,321
2021,"Haringey 011","E02000407",3006,960,243,717,1578,38,567,141,324,102,293,180,97,16,613,380,233,67,67,468,193,275
2021,"Haringey 012","E02000408",2998,852,254,598,1710,61,630,154,353,123,220,116,90,14,690,385,305,109,109,436,216,220
2021,"Haringey 013","E02000409",2371,710,187,523,1347,74,514,115,261,138,219,114,73,32,479,270,209,61,61,314,118,196
2021,"Haringey 014","E02000410",2616,752,227,525,1635,150,878,214,554,110,330,225,92,13,240,143,97,37,37,229,62,167
2021,"Haringey 015","E02000411",3953,1104,253,851,2227,53,807,246,416,145,445,265,159,21,818,511,307,104,104,622,253,369
2021,"Haringey 016","E02000412",2870,969,192,777,1409,56,537,167,249,121,280,190,78,12,457,260,197,79,79,492,114,378
2021,"Haringey 017","E02000413",2963,753,311,442,1973,153,1098,226,711,161,321,197,103,21,376,220,156,25,25,237,91,146
2021,"Haringey 018","E02000414",2719,768,206,562,1421,61,579,140,318,121,282,178,93,11,442,250,192,57,57,530,170,360
2021,"Haringey 019","E02000415",2834,841,216,625,1452,83,649,176,355,118,311,201,94,16,348,210,138,61,61,541,163,378
2021,"Haringey 020","E02000416",3919,1425,323,1102,2156,97,808,263,418,127,651,502,140,9,543,314,229,57,57,338,86,252
2021,"Haringey 021","E02000417",2867,951,361,590,1667,201,853,238,496,119,363,264,81,18,229,131,98,21,21,249,60,189
2021,"Haringey 022","E02000418",2211,525,233,292,1468,212,781,226,431,124,264,176,73,15,193,110,83,18,18,218,60,158
2021,"Haringey 023","E02000419",3644,1110,214,896,1896,66,786,257,434,95,511,380,121,10,457,245,212,76,76,638,140,498
2021,"Haringey 024","E02000420",3438,1186,361,825,1718,56,636,203,303,130,397,284,91,22,541,313,228,88,88,534,150,384
2021,"Haringey 025","E02000421",3139,1013,238,775,1634,42,585,161,325,99,260,158,87,15,659,390,269,88,88,492,164,328
2021,"Haringey 026","E02000422",2888,880,239,641,1559,47,642,132,377,133,288,168,100,20,499,300,199,83,83,449,159,290
2021,"Haringey 027","E02000423",2675,754,173,581,1270,45,535,147,280,108,298,206,78,14,324,155,169,68,68,651,133,518
2021,"Haringey 028","E02000424",2985,984,259,725,1693,84,770,270,413,87,482,344,120,18,332,182,150,25,25,308,75,233
2021,"Haringey 029","E02000425",2162,464,132,332,1411,60,847,98,654,95,128,63,60,5,315,151,164,61,61,287,125,162
2021,"Haringey 030","E02000426",2748,859,328,531,1627,221,829,225,485,119,309,214,83,12,235,127,108,33,33,262,70,192
2021,"Haringey 031","E02000427",2870,928,171,757,1446,47,652,251,317,84,402,301,93,8,281,130,151,64,64,496,76,420
2021,"Haringey 032","E02000428",2924,849,234,615,1552,47,626,120,381,125,260,167,77,16,555,313,242,64,64,523,139,384
2021,"Haringey 033","E02000429",3201,1216,410,806,1757,161,918,289,538,91,453,355,86,12,201,120,81,24,24,228,54,174
2021,"Haringey 034","E02000430",3249,1217,279,938,1690,105,724,236,413,75,573,454,104,15,258,154,104,30,30,342,63,279
2021,"Haringey 035","E02000431",2845,1013,261,752,1533,128,691,273,354,64,504,435,66,3,175,114,61,35,35,299,30,269
2021,"Haringey 036","E02000432",2798,982,221,761,1422,64,576,217,290,69,455,375,68,12,279,117,162,48,48,394,47,347
2021,"Haringey 037","E02006794",3122,966,247,719,1765,40,637,142,387,108,221,100,105,16,798,538,260,69,69,391,187,204
2021,"Harrow 001","E02000433",3546,1099,638,461,2167,481,1160,322,600,238,148,107,34,7,336,159,177,42,42,280,138,142
2021,"Harrow 002","E02000434",3636,919,394,525,2275,321,1395,335,734,326,166,95,56,15,336,166,170,57,57,442,208,234
2021,"Harrow 003","E02000435",2812,671,331,340,1770,293,1007,230,546,231,104,61,27,16,321,141,180,45,45,371,210,161
2021,"Harrow 004","E02000436",2044,339,241,98,1487,348,904,203,450,251,65,32,24,9,156,56,100,14,14,218,94,124
2021,"Harrow 005","E02000437",3085,751,423,328,1952,270,1120,246,561,313,129,57,55,17,397,194,203,36,36,382,220,162
2021,"Harrow 006","E02000438",3048,756,434,322,1969,224,1189,262,664,263,147,78,54,15,382,180,202,27,27,323,177,146
2021,"Harrow 007","E02000439",2948,614,241,373,1733,160,1048,185,596,267,116,71,29,16,351,183,168,58,58,601,349,252
2021,"Harrow 008","E02000440",3056,475,262,213,2081,274,1427,261,761,405,80,40,30,10,267,113,154,33,33,500,283,217
2021,"Harrow 009","E02000441",2790,730,376,354,1785,246,1052,225,604,223,135,77,50,8,328,171,157,24,24,275,141,134
2021,"Harrow 010","E02000442",2667,405,178,227,1540,142,1027,176,524,327,85,34,40,11,250,107,143,36,36,722,405,317
2021,"Harrow 011","E02000443",3549,785,347,438,2213,143,1295,230,765,300,197,102,74,21,522,298,224,56,56,551,291,260
2021,"Harrow 012","E02000444",2671,419,228,191,1741,206,1153,188,614,351,80,34,37,9,264,139,125,38,38,511,293,218
2021,"Harrow 013","E02000445",3823,875,308,567,2325,153,1370,246,786,338,199,105,76,18,543,311,232,60,60,623,358,265
2021,"Harrow 015","E02000447",2744,461,246,215,1946,205,1302,237,726,339,122,66,43,13,296,143,153,21,21,337,188,149
2021,"Harrow 016","E02000448",2758,726,420,306,1833,331,1123,253,674,196,146,97,44,5,222,118,104,11,11,199,111,88
2021,"Harrow 017","E02000449",2528,444,249,195,1489,159,902,162,402,338,83,36,33,14,302,124,178,43,43,595,325,270
2021,"Harrow 019","E02000451",2327,457,276,181,1579,216,1069,233,555,281,91,46,38,7,184,82,102,19,19,291,151,140
2021,"Harrow 020","E02000452",3451,905,208,697,2034,94,1209,315,706,188,284,194,82,8,376,239,137,71,71,512,235,277
2021,"Harrow 021","E02000453",3048,692,216,476,1972,166,1222,296,680,246,213,139,67,7,325,207,118,46,46,384,180,204
2021,"Harrow 022","E02000454",2524,423,263,160,1882,307,1305,218,795,292,70,35,27,8,189,83,106,11,11,219,122,97
2021,"Harrow 023","E02000455",4759,1464,444,1020,2782,159,1755,544,1005,206,345,257,72,16,403,230,173,120,120,513,204,309
2021,"Harrow 024","E02000456",2719,720,252,468,1596,153,1005,211,515,279,140,69,55,16,267,123,144,31,31,403,231,172
2021,"Harrow 025","E02000457",2564,556,238,318,1719,220,1064,222,564,278,142,95,35,12,255,121,134,38,38,289,140,149
2021,"Harrow 027","E02000459",3417,870,336,534,2142,142,1167,242,682,243,281,201,62,18,481,270,211,71,71,405,230,175
2021,"Harrow 028","E02000460",2413,489,173,316,1618,81,998,181,598,219,128,44,62,22,378,195,183,33,33,306,179,127
2021,"Harrow 029","E02000461",2559,731,272,459,1541,134,912,273,476,163,188,138,41,9,255,147,108,52,52,287,124,163
2021,"Harrow 030","E02000462",2289,498,222,276,1377,140,852,148,461,243,110,53,46,11,245,131,114,30,30,414,237,177
2021,"Harrow 031","E02000463",2832,522,256,266,1918,153,1165,215,639,311,123,44,59,20,440,212,228,37,37,392,244,148
2021,"Harrow 032","E02006795",2643,411,227,184,1820,177,1260,222,694,344,106,42,45,19,245,99,146,32,32,412,240,172
2021,"Harrow 033","E02006882",4397,644,351,293,2748,387,1756,329,789,638,116,52,48,16,428,146,282,61,61,1005,523,482
2021,"Havering 001","E02000464",2873,739,356,383,1862,183,866,209,455,202,310,111,158,41,487,301,186,16,16,272,158,114
2021,"Havering 002","E02000465",3492,945,349,596,2231,126,1072,255,571,246,426,152,225,49,574,367,207,33,33,316,192,124
2021,"Havering 003","E02000466",3287,708,359,349,2317,271,1031,257,495,279,360,135,187,38,629,360,269,26,26,262,150,112
2021,"Havering 004","E02000467",4292,1292,453,839,2625,118,1076,260,593,223,501,171,287,43,902,663,239,28,28,375,223,152
2021,"Havering 005","E02000468",3165,728,362,366,2173,273,1090,259,567,264,298,117,147,34,486,265,221,26,26,264,169,95
2021,"Havering 006","E02000469",2699,713,321,392,1699,164,729,163,419,147,285,91,163,31,498,293,205,23,23,287,161,126
2021,"Havering 007","E02000470",4130,1190,546,644,2667,376,1289,406,637,246,571,337,194,40,390,225,165,41,41,273,122,151
2021,"Havering 008","E02000471",2943,616,447,169,2096,454,1180,323,537,320,200,67,101,32,251,116,135,11,11,231,114,117
2021,"Havering 009","E02000472",3527,772,459,313,2459,352,1329,345,664,320,305,124,145,36,438,248,190,35,35,296,169,127
2021,"Havering 010","E02000473",4025,962,445,517,2789,368,1510,382,783,345,450,214,199,37,432,257,175,29,29,274,154,120
2021,"Havering 011","E02000474",3533,1001,494,507,2211,204,1099,276,603,220,381,156,183,42,500,312,188,27,27,321,194,127
2021,"Havering 012","E02000475",3958,1114,497,617,2602,465,1285,354,632,299,377,197,154,26,437,271,166,38,38,242,97,145
2021,"Havering 013","E02000476",4198,1534,498,1036,2344,194,1037,326,556,155,482,281,180,21,564,397,167,67,67,320,135,185
2021,"Havering 014","E02000477",3714,830,471,359,2625,435,1424,384,681,359,391,189,157,45,352,169,183,23,23,259,127,132
2021,"Havering 015","E02000478",2155,449,307,142,1483,396,850,208,362,280,100,42,40,18,129,56,73,8,8,223,141,82
2021,"Havering 016","E02000479",3790,1129,374,755,2332,155,1139,323,604,212,465,243,193,29,542,375,167,31,31,329,152,177
2021,"Havering 017","E02000480",5012,1206,333,873,3248,227,1561,378,862,321,548,248,250,50,851,559,292,61,61,558,310,248
2021,"Havering 018","E02000481",3243,819,530,289,2249,405,1132,284,564,284,298,103,157,38,400,211,189,14,14,175,91,84
2021,"Havering 019","E02000482",2577,635,446,189,1836,397,1100,238,601,261,180,87,79,14,153,66,87,6,6,106,50,56
2021,"Havering 020","E02000483",3476,1138,677,461,2115,295,1034,302,467,265,352,170,156,26,407,230,177,27,27,223,101,122
2021,"Havering 021","E02000484",3253,776,420,356,2243,312,1279,335,585,359,313,133,147,33,315,155,160,24,24,234,129,105
2021,"Havering 022","E02000485",3457,886,470,416,2358,351,1189,292,611,286,397,242,131,24,393,228,165,28,28,213,94,119
2021,"Havering 023","E02000486",2991,823,425,398,1992,321,1050,319,439,292,325,166,125,34,280,137,143,16,16,176,91,85
2021,"Havering 024","E02000487",2942,520,387,133,2270,531,1360,330,644,386,203,87,87,29,166,67,99,10,10,152,70,82
2021,"Havering 025","E02000488",3013,719,442,277,2125,415,1161,328,488,345,307,137,141,29,234,107,127,8,8,169,93,76
2021,"Havering 026","E02000489",3261,760,414,346,2232,281,1138,325,532,281,312,118,162,32,460,254,206,41,41,269,147,122
2021,"Havering 027","E02000490",3225,832,488,344,2129,302,1035,249,514,272,309,109,169,31,457,237,220,26,26,264,150,114
2021,"Havering 028","E02000491",3934,1012,393,619,2521,225,1149,274,610,265,405,161,199,45,703,458,245,39,39,401,228,173
2021,"Havering 029","E02000492",2620,645,395,250,1774,327,869,224,379,266,267,101,125,41,293,160,133,18,18,201,106,95
2021,"Havering 030","E02000493",2497,639,280,359,1609,140,746,189,382,175,278,93,152,33,420,278,142,25,25,249,152,97
2021,"Hillingdon 001","E02000494",3216,917,457,460,2058,429,1256,338,667,251,132,88,35,9,224,113,111,17,17,241,129,112
2021,"Hillingdon 002","E02000495",4301,1363,647,716,2578,348,1411,381,800,230,306,175,114,17,460,273,187,53,53,360,172,188
2021,"Hillingdon 003","E02000496",3176,941,443,498,2029,247,993,318,460,215,377,187,156,34,390,239,151,22,22,206,81,125
2021,"Hillingdon 004","E02000497",3692,988,490,498,2441,310,1380,348,736,296,282,129,114,39,448,240,208,21,21,263,130,133
2021,"Hillingdon 005","E02000498",2642,765,413,352,1716,278,910,246,484,180,234,127,90,17,279,144,135,15,15,161,79,82
2021,"Hillingdon 006","E02000499",3013,722,449,273,2068,364,1271,323,664,284,179,104,63,12,230,88,142,24,24,223,107,116
2021,"Hillingdon 007","E02000500",3308,844,462,382,2215,391,1306,362,611,333,237,140,73,24,251,131,120,30,30,249,102,147
2021,"Hillingdon 008","E02000501",3271,779,410,369,2252,275,1343,341,726,276,281,166,99,16,327,177,150,26,26,240,107,133
2021,"Hillingdon 009","E02000502",3531,990,457,533,2270,228,1280,316,745,219,366,205,143,18,360,212,148,36,36,271,137,134
2021,"Hillingdon 010","E02000503",3255,663,324,339,2308,222,1385,355,754,276,352,191,125,36,312,153,159,37,37,284,141,143
2021,"Hillingdon 011","E02000504",2923,677,411,266,2051,345,1256,310,671,275,215,99,92,24,216,90,126,19,19,195,95,100
2021,"Hillingdon 013","E02000506",2897,625,340,285,1957,328,1202,310,571,321,162,86,49,27,249,110,139,16,16,315,159,156
2021,"Hillingdon 014","E02000507",2782,506,260,246,1977,160,1207,254,689,264,228,90,112,26,353,186,167,29,29,299,161,138
2021,"Hillingdon 015","E02000508",4344,1347,406,941,2570,130,1396,402,827,167,487,325,142,20,445,287,158,112,112,427,142,285
2021,"Hillingdon 016","E02000509",3399,1079,327,752,1863,124,907,262,501,144,371,224,126,21,411,266,145,50,50,457,155,302
2021,"Hillingdon 017","E02000510",3256,798,396,402,2100,229,1261,293,662,306,219,104,97,18,366,186,180,25,25,358,187,171
2021,"Hillingdon 018","E02000511",3262,678,302,376,2129,206,1303,205,764,334,188,77,82,29,399,215,184,33,33,455,283,172
2021,"Hillingdon 019","E02000512",3108,758,295,463,1952,128,1017,202,599,216,233,107,103,23,521,301,220,53,53,398,219,179
2021,"Hillingdon 020","E02000513",3318,728,226,502,2222,87,1171,187,785,199,246,84,132,30,672,427,245,46,46,368,216,152
2021,"Hillingdon 021","E02000514",3176,496,208,288,2033,169,1315,203,802,310,142,48,79,15,370,191,179,37,37,647,395,252
2021,"Hillingdon 022","E02000515",5344,1664,423,1241,3122,151,1582,437,917,228,581,341,209,31,726,507,219,82,82,558,197,361
2021,"Hillingdon 023","E02000516",2815,547,189,358,1785,108,994,199,575,220,163,81,64,18,483,267,216,37,37,483,305,178
2021,"Hillingdon 024","E02000517",3319,658,269,389,2169,121,1211,213,755,243,259,98,104,57,545,307,238,33,33,492,318,174
2021,"Hillingdon 025","E02000518",3330,754,381,373,2153,137,1043,233,568,242,265,108,121,36,652,422,230,56,56,423,206,217
2021,"Hillingdon 026","E02000519",3020,653,319,334,1858,138,1035,171,597,267,138,56,68,14,503,279,224,44,44,509,343,166
2021,"Hillingdon 027","E02000520",4453,964,295,669,2688,105,1520,313,883,324,307,156,121,30,673,398,275,83,83,801,492,309
2021,"Hillingdon 028","E02000521",4353,861,224,637,2909,108,1686,299,1043,344,362,179,142,41,684,391,293,69,69,583,324,259
2021,"Hillingdon 029","E02000522",3487,846,307,539,2220,150,1159,274,654,231,316,167,129,20,557,349,208,38,38,421,212,209
2021,"Hillingdon 030","E02000523",3683,760,203,557,2235,117,1365,291,752,322,228,126,81,21,460,243,217,65,65,688,379,309
2021,"Hillingdon 031","E02000524",2640,697,225,472,1504,89,803,235,401,167,231,136,86,9,341,200,141,40,40,439,211,228
2021,"Hillingdon 032","E02000525",3320,717,235,482,2019,102,1139,233,686,220,230,111,107,12,504,309,195,44,44,584,327,257
2021,"Hillingdon 033","E02006796",3579,846,348,498,2434,196,1416,334,815,267,334,165,136,33,453,243,210,35,35,299,154,145
2021,"Hounslow 001","E02000526",3615,1120,343,777,2136,220,1262,397,740,125,363,278,74,11,239,124,115,52,52,359,75,284
2021,"Hounslow 004","E02000529",3039,591,194,397,1856,113,1153,166,690,297,128,44,66,18,418,225,193,44,44,592,355,237
2021,"Hounslow 005","E02000530",2519,523,168,355,1590,63,862,112,548,202,94,23,53,18,520,278,242,51,51,406,263,143
2021,"Hounslow 006","E02000531",4940,1610,434,1176,2853,181,1413,480,755,178,603,414,153,36,576,349,227,80,80,477,158,319
2021,"Hounslow 007","E02000532",3819,1195,467,728,2314,270,1224,366,690,168,399,289,92,18,382,222,160,39,39,310,103,207
2021,"Hounslow 008","E02000533",3689,1216,474,742,2163,222,1114,321,667,126,418,287,123,8,355,213,142,54,54,310,73,237
2021,"Hounslow 009","E02000534",2999,671,219,452,1850,192,1135,214,648,273,225,135,81,9,269,133,136,29,29,478,200,278
2021,"Hounslow 010","E02000535",3004,592,338,254,1688,165,1096,161,582,353,79,26,44,9,305,122,183,43,43,724,426,298
2021,"Hounslow 011","E02000536",3244,592,209,383,1934,141,1214,175,687,352,119,47,63,9,413,210,203,47,47,718,434,284
2021,"Hounslow 012","E02000537",3159,586,224,362,1830,193,1115,204,608,303,124,64,55,5,315,134,181,83,83,743,353,390
2021,"Hounslow 013","E02000538",3004,526,228,298,1714,94,1050,196,564,290,165,95,57,13,352,176,176,53,53,764,432,332
2021,"Hounslow 014","E02000539",4734,1256,380,876,3061,144,1569,394,947,228,582,351,202,29,694,402,292,72,72,417,172,245
2021,"Hounslow 015","E02000540",4486,1176,401,775,2681,145,1476,372,873,231,367,212,137,18,604,406,198,89,89,629,294,335
2021,"Hounslow 016","E02000541",3281,661,269,392,1889,119,1030,178,591,261,160,74,76,10,536,214,322,44,44,731,439,292
2021,"Hounslow 017","E02000542",3950,963,325,638,2235,131,1379,225,906,248,194,95,81,18,469,279,190,62,62,752,444,308
2021,"Hounslow 018","E02000543",4893,1098,261,837,3013,134,1865,447,1172,246,309,189,105,15,626,419,207,79,79,782,382,400
2021,"Hounslow 019","E02000544",2922,563,265,298,1904,216,1204,267,629,308,173,87,68,18,260,106,154,51,51,455,227,228
2021,"Hounslow 020","E02000545",3550,1008,323,685,2179,149,1063,244,648,171,377,227,135,15,564,369,195,26,26,363,164,199
2021,"Hounslow 021","E02000546",3161,556,223,333,1971,133,1178,183,701,294,176,83,85,8,435,222,213,49,49,634,369,265
2021,"Hounslow 022","E02000547",3852,999,513,486,2251,172,1216,243,672,301,255,94,138,23,565,322,243,43,43,602,328,274
2021,"Hounslow 023","E02000548",3724,1034,333,701,2212,137,1129,271,612,246,344,151,158,35,554,354,200,48,48,478,279,199
2021,"Hounslow 024","E02000549",4083,880,401,479,2475,202,1425,306,746,373,263,114,108,41,533,284,249,52,52,728,371,357
2021,"Hounslow 025","E02000550",3723,755,220,535,2484,99,1374,300,832,242,328,113,164,51,630,358,272,53,53,484,251,233
2021,"Hounslow 026","E02000551",3416,876,328,548,2091,124,980,183,577,220,295,118,145,32,650,398,252,42,42,449,252,197
2021,"Hounslow 027","E02000552",3356,829,251,578,2168,124,1224,318,709,197,329,153,161,15,455,280,175,36,36,359,180,179
2021,"Hounslow 028","E02000553",2599,661,285,376,1676,161,897,199,486,212,215,69,124,22,378,224,154,25,25,262,143,119
2021,"Hounslow 029","E02006792",4145,1583,548,1035,2134,165,1134,376,637,121,495,407,76,12,271,173,98,69,69,428,66,362
2021,"Hounslow 030","E02006972",2334,775,150,625,1387,73,657,241,328,88,240,167,65,8,386,264,122,31,31,172,55,117
2021,"Hounslow 031","E02006973",3727,1314,400,914,2092,100,917,305,496,116,427,281,126,20,594,339,255,54,54,321,103,218
2021,"Islington 001","E02000554",4197,1558,367,1191,2157,63,732,192,407,133,498,336,147,15,774,456,318,90,90,482,98,384
2021,"Islington 002","E02000555",4035,1281,369,912,2158,114,852,279,447,126,508,383,107,18,612,336,276,72,72,596,111,485
2021,"Islington 003","E02000556",4950,1751,363,1388,2378,80,811,302,402,107,798,671,111,16,596,327,269,93,93,821,155,666
2021,"Islington 004","E02000557",4140,1631,396,1235,1980,85,697,266,327,104,545,434,95,16,576,311,265,77,77,529,78,451
2021,"Islington 005","E02000558",3958,1424,329,1095,2001,67,704,214,369,121,398,285,95,18,745,478,267,87,87,533,135,398
2021,"Islington 006","E02000559",3995,1223,237,986,2238,87,1038,334,599,105,645,506,127,12,404,222,182,64,64,534,80,454
2021,"Islington 007","E02000560",3275,1101,219,882,1599,57,538,234,240,64,577,485,83,9,344,207,137,83,83,575,68,507
2021,"Islington 008","E02000561",3157,1038,263,775,1694,124,745,236,402,107,509,393,103,13,274,155,119,42,42,425,72,353
2021,"Islington 009","E02000562",3489,1230,331,899,1849,87,750,252,402,96,520,414,91,15,442,245,197,50,50,410,79,331
2021,"Islington 010","E02000563",3856,1428,363,1065,1916,61,645,214,327,104,453,343,90,20,682,429,253,75,75,512,84,428
2021,"Islington 011","E02000564",5664,2022,320,1702,2738,80,948,400,433,115,944,776,150,18,627,404,223,139,139,904,96,808
2021,"Islington 012","E02000565",3494,1162,247,915,1818,66,603,176,339,88,488,373,97,18,609,373,236,52,52,514,85,429
2021,"Islington 013","E02000566",3836,1305,293,1012,2066,122,880,302,458,120,604,480,112,12,375,220,155,85,85,465,60,405
2021,"Islington 014","E02000567",4893,1707,375,1332,2554,100,925,352,412,161,820,673,127,20,638,353,285,71,71,632,117,515
2021,"Islington 015","E02000568",4670,1739,423,1316,2242,81,804,281,398,125,504,386,95,23,736,464,272,117,117,689,111,578
2021,"Islington 016","E02000569",4605,1643,447,1196,2436,129,847,286,439,122,613,463,129,21,758,464,294,89,89,526,85,441
2021,"Islington 017","E02000570",3990,1464,277,1187,2091,174,875,406,372,97,619,510,95,14,365,212,153,58,58,435,69,366
2021,"Islington 018","E02000571",4122,1517,345,1172,2118,90,812,293,422,97,574,456,100,18,584,372,212,58,58,487,103,384
2021,"Islington 019","E02000572",3524,1181,303,878,1717,74,571,130,325,116,331,226,82,23,678,376,302,63,63,626,118,508
2021,"Islington 020","E02000573",4922,1861,331,1530,2500,144,980,473,405,102,800,667,116,17,479,287,192,97,97,561,56,505
2021,"Islington 021","E02000574",3605,1498,249,1249,1643,104,589,278,228,83,506,420,64,22,379,209,170,65,65,464,58,406
2021,"Islington 022","E02000575",5171,2108,381,1727,2413,86,910,423,378,109,723,601,96,26,595,374,221,99,99,650,63,587
2021,"Islington 023","E02000576",4956,1927,410,1517,2432,94,859,364,367,128,568,428,117,23,804,550,254,107,107,597,89,508
2021,"Kensington and Chelsea 001","E02000577",3172,1238,327,911,1627,76,612,147,281,184,192,131,47,14,688,320,368,59,59,307,122,185
2021,"Kensington and Chelsea 002","E02000578",2307,823,232,591,1200,56,422,86,209,127,133,64,56,13,540,309,231,49,49,284,162,122
2021,"Kensington and Chelsea 003","E02000579",3817,1492,434,1058,1874,118,842,249,407,186,327,230,79,18,505,265,240,82,82,451,224,227
2021,"Kensington and Chelsea 004","E02000580",3990,1951,489,1462,1611,65,598,225,253,120,330,249,64,17,551,248,303,67,67,428,114,314
2021,"Kensington and Chelsea 005","E02000581",3010,1154,430,724,1513,87,604,147,297,160,220,111,87,22,560,277,283,42,42,343,128,215
2021,"Kensington and Chelsea 006","E02000582",3269,1660,412,1248,1337,89,678,254,342,82,315,276,32,7,211,117,94,44,44,272,53,219
2021,"Kensington and Chelsea 007","E02000583",3116,1326,359,967,1526,122,840,339,376,125,255,223,27,5,271,120,151,38,38,264,79,185
2021,"Kensington and Chelsea 008","E02000584",3329,1326,381,945,1748,191,976,358,537,81,259,212,42,5,272,162,110,50,50,255,69,186
2021,"Kensington and Chelsea 009","E02000585",3386,1253,359,894,1686,151,889,279,467,143,276,233,37,6,298,160,138,72,72,447,222,225
2021,"Kensington and Chelsea 010","E02000586",2881,1147,274,873,1425,141,836,347,405,84,213,186,24,3,175,95,80,60,60,309,58,251
2021,"Kensington and Chelsea 011","E02000587",3025,1157,327,830,1606,166,952,358,433,161,214,179,34,1,195,106,89,79,79,262,67,195
2021,"Kensington and Chelsea 012","E02000588",3076,1357,305,1052,1447,128,807,375,353,79,238,208,26,4,195,99,96,79,79,272,63,209
2021,"Kensington and Chelsea 013","E02000589",3657,1795,313,1482,1479,77,787,349,363,75,311,265,42,4,200,87,113,104,104,383,57,326
2021,"Kensington and Chelsea 014","E02000590",3052,1584,408,1176,1194,134,540,195,236,109,180,132,30,18,277,121,156,63,63,274,112,162
2021,"Kensington and Chelsea 015","E02000591",3244,1589,351,1238,1352,62,609,243,282,84,293,256,31,6,295,149,146,93,93,303,51,252
2021,"Kensington and Chelsea 016","E02000592",2837,1287,263,1024,1300,108,718,261,372,85,260,233,25,2,148,93,55,66,66,250,50,200
2021,"Kensington and Chelsea 017","E02000593",3690,1726,412,1314,1501,75,736,266,401,69,349,300,44,5,224,134,90,117,117,463,100,363
2021,"Kensington and Chelsea 018","E02000594",2920,1334,479,855,1320,186,701,292,301,108,184,152,27,5,207,114,93,42,42,266,57,209
2021,"Kensington and Chelsea 019","E02000595",3030,1441,437,1004,1301,161,681,224,333,124,225,187,30,8,177,95,82,57,57,288,100,188
2021,"Kensington and Chelsea 020","E02000596",3073,1303,319,984,1384,110,653,240,341,72,342,299,32,11,206,115,91,73,73,386,88,298
2021,"Kensington and Chelsea 021","E02000597",2997,1290,439,851,1432,86,622,181,287,154,196,129,57,10,479,220,259,49,49,275,87,188
2021,"Kingston upon Thames 001","E02000598",2969,623,345,278,2157,252,1431,291,909,231,179,92,71,16,283,165,118,12,12,189,85,104
2021,"Kingston upon Thames 002","E02000599",2351,435,256,179,1649,275,1065,241,549,275,105,53,43,9,187,85,102,17,17,267,128,139
2021,"Kingston upon Thames 003","E02000600",3378,973,373,600,2050,172,1141,249,768,124,306,208,90,8,390,257,133,41,41,355,91,264
2021,"Kingston upon Thames 004","E02000601",4857,1311,400,911,3227,217,1935,511,1219,205,548,373,158,17,462,307,155,65,65,319,104,215
2021,"Kingston upon Thames 005","E02000602",4043,1302,413,889,2312,126,1175,334,715,126,443,291,138,14,506,329,177,62,62,429,108,321
2021,"Kingston upon Thames 006","E02000603",2953,621,214,407,1943,146,1059,193,621,245,248,110,120,18,450,265,185,40,40,389,170,219
2021,"Kingston upon Thames 007","E02000604",3558,893,352,541,2345,225,1447,352,854,241,311,186,113,12,322,209,113,40,40,320,118,202
2021,"Kingston upon Thames 008","E02000605",3113,732,374,358,2100,242,1301,286,777,238,255,138,100,17,267,147,120,35,35,281,113,168
2021,"Kingston upon Thames 009","E02000606",4809,1760,472,1288,2520,202,1206,442,641,123,709,590,113,6,315,197,118,88,88,529,80,449
2021,"Kingston upon Thames 010","E02000607",2583,737,267,470,1604,149,973,267,573,133,293,185,93,15,168,92,76,21,21,242,57,185
2021,"Kingston upon Thames 011","E02000608",3408,1365,334,1031,1806,80,801,309,420,72,657,557,99,1,210,138,72,58,58,237,31,206
2021,"Kingston upon Thames 012","E02000609",2737,645,349,296,1776,266,1074,212,552,310,133,55,62,16,265,146,119,38,38,316,150,166
2021,"Kingston upon Thames 013","E02000610",3870,1603,477,1126,1982,131,861,307,470,84,628,509,110,9,325,221,104,37,37,285,62,223
2021,"Kingston upon Thames 014","E02000611",2651,487,313,174,1946,336,1244,256,702,286,165,63,85,17,187,75,112,14,14,218,108,110
2021,"Kingston upon Thames 015","E02000612",3076,651,356,295,2181,386,1339,342,702,295,205,104,84,17,234,112,122,17,17,244,99,145
2021,"Kingston upon Thames 016","E02000613",3195,810,293,517,2157,204,1178,282,732,164,410,252,146,12,331,218,113,34,34,228,74,154
2021,"Kingston upon Thames 017","E02000614",3373,736,310,426,2252,205,1276,289,715,272,327,170,123,34,411,225,186,33,33,385,176,209
2021,"Kingston upon Thames 018","E02000615",2956,660,353,307,2015,247,1143,290,623,230,303,149,122,32,304,176,128,18,18,281,120,161
2021,"Kingston upon Thames 019","E02000616",2391,559,254,305,1674,177,895,233,479,183,291,153,113,25,292,153,139,19,19,158,65,93
2021,"Kingston upon Thames 020","E02000617",3342,812,388,424,2224,237,1153,267,611,275,385,175,173,37,424,226,198,25,25,306,155,151
2021,"Lambeth 002","E02000619",4055,1542,411,1131,1954,76,681,248,326,107,403,310,68,25,698,414,284,96,96,559,148,411
2021,"Lambeth 003","E02000620",4585,1735,384,1351,2126,75,706,335,271,100,555,457,77,21,671,402,269,119,119,724,114,610
2021,"Lambeth 004","E02000621",6009,2440,359,2081,2538,70,879,461,331,87,827,719,90,18,586,351,235,176,176,1031,92,939
2021,"Lambeth 005","E02000622",3633,1179,265,914,1682,58,565,205,262,98,468,382,72,14,488,269,219,103,103,772,96,676
2021,"Lambeth 006","E02000623",3331,1103,270,833,1679,73,542,165,242,135,294,193,69,32,679,381,298,91,91,549,110,439
2021,"Lambeth 007","E02000624",4272,1453,259,1194,2059,42,598,219,282,97,630,514,94,22,656,391,265,133,133,760,113,647
2021,"Lambeth 008","E02000625",3797,1158,180,978,1870,31,551,163,272,116,430,317,84,29,710,447,263,148,148,769,161,608
2021,"Lambeth 009","E02000626",3446,1165,234,931,1788,27,564,146,291,127,332,216,95,21,769,473,296,96,96,493,156,337
2021,"Lambeth 010","E02000627",3916,1164,265,899,1849,59,591,221,278,92,466,363,86,17,626,347,279,107,107,903,144,759
2021,"Lambeth 011","E02000628",4483,1540,318,1222,2116,36,605,188,268,149,520,402,86,32,818,476,342,137,137,827,183,644
2021,"Lambeth 012","E02000629",4016,1199,243,956,1825,55,631,218,318,95,621,543,64,14,392,187,205,126,126,992,99,893
2021,"Lambeth 013","E02000630",3431,1118,243,875,1670,113,647,260,311,76,507,431,58,18,334,183,151,69,69,643,57,586
2021,"Lambeth 014","E02000631",3735,1002,261,741,1992,98,848,247,458,143,534,397,113,24,440,254,186,72,72,741,175,566
2021,"Lambeth 015","E02000632",4261,1191,187,1004,1733,38,458,207,190,61,739,663,65,11,370,180,190,128,128,1337,49,1288
2021,"Lambeth 016","E02000633",3963,1403,335,1068,1721,33,521,204,222,95,430,335,79,16,624,358,266,113,113,839,166,673
2021,"Lambeth 017","E02000634",3110,1124,253,871,1323,49,414,159,195,60,374,315,52,7,428,245,183,58,58,663,71,592
2021,"Lambeth 018","E02000635",4337,1447,264,1183,2106,43,720,248,378,94,685,555,109,21,564,323,241,94,94,784,113,671
2021,"Lambeth 019","E02000636",3078,752,179,573,1635,100,799,232,462,105,458,388,62,8,213,114,99,65,65,691,93,598
2021,"Lambeth 020","E02000637",3705,1117,200,917,1720,70,583,228,295,60,631,523,95,13,329,170,159,107,107,868,120,748
2021,"Lambeth 021","E02000638",4109,1270,262,1008,2021,47,707,237,361,109,509,397,91,21,646,411,235,112,112,818,113,705
2021,"Lambeth 022","E02000639",3726,1314,223,1091,1744,47,561,183,275,103,396,302,76,18,616,342,274,124,124,668,126,542
2021,"Lambeth 023","E02000640",3805,984,281,703,2076,95,891,244,545,102,602,452,135,15,409,252,157,79,79,745,80,665
2021,"Lambeth 024","E02000641",3392,1024,222,802,1860,29,589,168,317,104,309,190,102,17,864,512,352,69,69,508,171,337
2021,"Lambeth 025","E02000642",4170,1288,396,892,2397,143,952,281,539,132,558,401,136,21,677,386,291,67,67,485,126,359
2021,"Lambeth 026","E02000643",3950,1255,282,973,1985,62,778,249,426,103,574,456,100,18,498,287,211,73,73,710,144,566
2021,"Lambeth 027","E02000644",3497,985,221,764,1951,83,821,221,478,122,509,360,134,15,487,316,171,51,51,561,134,427
2021,"Lambeth 028","E02000645",4050,1212,249,963,2389,117,985,262,592,131,614,422,166,26,569,374,195,104,104,449,112,337
2021,"Lambeth 029","E02000646",3905,1141,288,853,2057,109,927,295,513,119,558,420,129,9,393,248,145,70,70,707,143,564
2021,"Lambeth 030","E02000647",3423,991,351,640,2047,130,960,270,546,144,442,279,136,27,475,298,177,40,40,385,129,256
2021,"Lambeth 031","E02000648",3188,1012,270,742,1880,62,663,185,382,96,338,183,125,30,766,473,293,51,51,296,129,167
2021,"Lambeth 032","E02000649",5302,1669,303,1366,2797,62,1076,377,596,103,865,678,173,14,615,429,186,179,179,836,158,678
2021,"Lambeth 033","E02000650",3274,1040,240,800,1909,76,696,195,382,119,508,355,138,15,590,354,236,39,39,325,122,203
2021,"Lambeth 034","E02000651",3478,1035,289,746,1949,107,869,244,476,149,465,320,130,15,440,265,175,68,68,494,163,331
2021,"Lambeth 035","E02000652",2544,574,219,355,1438,106,684,132,391,161,179,97,64,18,421,207,214,48,48,532,224,308
2021,"Lambeth 036","E02006801",3718,1524,325,1199,1579,107,547,263,205,79,404,334,55,15,372,200,172,149,149,615,100,515
2021,"Lewisham 001","E02000653",5293,1679,235,1444,2820,36,1103,426,537,140,783,622,131,30,759,463,296,139,139,794,174,620
2021,"Lewisham 002","E02000654",3592,1132,204,928,1956,44,588,175,289,124,475,324,105,46,781,511,270,68,68,504,150,354
2021,"Lewisham 003","E02000655",4011,1239,186,1053,2059,34,697,231,373,93,595,417,146,32,648,401,247,85,85,713,174,539
2021,"Lewisham 005","E02000657",3992,1291,265,1026,2012,63,729,267,362,100,582,444,119,19,563,347,216,75,75,689,147,542
2021,"Lewisham 006","E02000658",3458,961,205,756,1880,83,727,277,336,114,504,352,125,27,499,278,221,67,67,617,138,479
2021,"Lewisham 007","E02000659",3543,1091,239,852,2128,106,860,346,419,95,584,455,113,16,520,305,215,58,58,324,75,249
2021,"Lewisham 008","E02000660",3603,1145,185,960,2007,71,762,263,404,95,700,567,116,17,417,265,152,57,57,451,87,364
2021,"Lewisham 009","E02000661",3043,1136,312,824,1619,134,705,231,374,100,430,319,100,11,317,191,126,33,33,288,76,212
2021,"Lewisham 010","E02000662",3300,924,178,746,1905,43,712,190,420,102,498,320,164,14,596,347,249,56,56,471,147,324
2021,"Lewisham 011","E02000663",2817,843,205,638,1612,73,716,226,359,131,403,290,97,16,366,204,162,54,54,362,95,267
2021,"Lewisham 013","E02000665",3412,1035,314,721,2054,109,991,278,595,118,495,340,140,15,412,248,164,47,47,323,99,224
2021,"Lewisham 014","E02000666",2730,672,171,501,1666,94,759,188,435,136,374,234,128,12,407,217,190,32,32,392,115,277
2021,"Lewisham 015","E02000667",2525,585,210,375,1593,97,813,206,507,100,363,204,144,15,296,159,137,24,24,347,104,243
2021,"Lewisham 016","E02000668",2725,724,262,462,1755,128,927,211,598,118,319,195,107,17,356,218,138,25,25,246,101,145
2021,"Lewisham 017","E02000669",3308,1005,172,833,1922,82,759,255,403,101,568,420,133,15,446,308,138,67,67,381,126,255
2021,"Lewisham 018","E02000670",2783,903,250,653,1459,49,521,166,260,95,292,183,93,16,557,379,178,40,40,421,144,277
2021,"Lewisham 019","E02000671",3685,1087,277,810,2195,115,950,275,564,111,580,356,199,25,498,301,197,52,52,403,102,301
2021,"Lewisham 020","E02000672",4203,1407,237,1170,2296,79,927,268,529,130,537,349,169,19,690,480,210,63,63,500,190,310
2021,"Lewisham 021","E02000673",3496,1037,262,775,2098,124,935,296,517,122,597,428,154,15,405,252,153,37,37,361,81,280
2021,"Lewisham 022","E02000674",3057,780,245,535,1880,131,938,205,552,181,297,148,121,28,455,237,218,59,59,397,177,220
2021,"Lewisham 023","E02000675",3422,961,326,635,2133,181,989,281,508,200,382,217,140,25,531,308,223,50,50,328,134,194
2021,"Lewisham 024","E02000676",3188,856,235,621,2032,90,916,263,534,119,523,343,158,22,460,273,187,43,43,300,94,206
2021,"Lewisham 025","E02000677",2644,721,238,483,1562,144,768,171,395,202,246,118,105,23,367,199,168,37,37,361,143,218
2021,"Lewisham 026","E02000678",2614,737,221,516,1561,68,657,169,338,150,223,102,98,23,575,360,215,38,38,316,172,144
2021,"Lewisham 027","E02000679",3376,1079,326,753,1928,109,790,202,455,133,449,276,147,26,539,341,198,41,41,369,127,242
2021,"Lewisham 028","E02000680",2911,884,209,675,1729,93,679,168,409,102,379,246,117,16,543,336,207,35,35,298,97,201
2021,"Lewisham 029","E02000681",3350,1039,365,674,1966,108,842,225,435,182,304,157,119,28,667,384,283,45,45,345,178,167
2021,"Lewisham 030","E02000682",3218,833,305,528,2026,113,844,148,480,216,242,89,117,36,773,492,281,54,54,359,189,170
2021,"Lewisham 031","E02000683",2725,856,345,511,1576,81,659,160,344,155,284,152,108,24,519,309,210,33,33,293,135,158
2021,"Lewisham 033","E02000685",3421,1120,376,744,1987,105,798,217,452,129,420,266,129,25,627,382,245,37,37,314,125,189
2021,"Lewisham 034","E02000686",3044,1007,246,761,1752,39,606,145,339,122,270,120,117,33,753,482,271,84,84,285,173,112
2021,"Lewisham 035","E02000687",3450,1056,352,704,2065,121,823,243,436,144,497,338,135,24,578,359,219,46,46,329,134,195
2021,"Lewisham 037","E02006783",2895,682,212,470,1933,80,749,161,448,140,296,122,130,44,773,449,324,35,35,280,147,133
2021,"Lewisham 038","E02006784",3125,969,425,544,1848,128,774,173,414,187,267,120,117,30,616,335,281,63,63,308,174,134
2021,"Lewisham 039","E02006798",3778,1304,196,1108,1883,42,612,231,283,98,491,365,103,23,638,411,227,100,100,591,155,436
2021,"Lewisham 040","E02007008",2662,919,56,863,1449,10,518,269,210,39,503,422,76,5,346,248,98,72,72,294,52,242
2021,"Lewisham 041","E02007009",3986,1450,323,1127,2009,76,754,301,338,115,467,341,108,18,625,412,213,87,87,527,177,350
2021,"Merton 001","E02000689",3513,764,214,550,2400,157,1420,358,884,178,448,344,97,7,328,236,92,47,47,349,105,244
2021,"Merton 002","E02000690",2229,595,340,255,1456,316,864,261,456,147,140,91,45,4,126,69,57,10,10,178,61,117
2021,"Merton 003","E02000691",2957,771,255,516,1838,122,1053,289,628,136,409,322,76,11,213,122,91,41,41,348,70,278
2021,"Merton 004","E02000692",3568,1308,532,776,1980,223,1096,411,573,112,435,353,75,7,187,106,81,39,39,280,61,219
2021,"Merton 005","E02000693",4282,1229,223,1006,2452,89,1096,409,538,149,841,694,133,14,347,184,163,79,79,601,128,473
2021,"Merton 006","E02000694",3832,1050,312,738,2361,101,1295,396,778,121,603,479,113,11,318,200,118,44,44,421,81,340
2021,"Merton 007","E02000695",2938,609,240,369,1674,143,899,204,449,246,244,136,93,15,321,129,192,67,67,655,272,383
2021,"Merton 008","E02000696",3273,839,180,659,1864,81,899,254,493,152,400,273,103,24,420,226,194,64,64,570,206,364
2021,"Merton 009","E02000697",3665,980,263,717,2274,97,1280,408,755,117,631,527,95,9,215,134,81,51,51,411,85,326
2021,"Merton 010","E02000698",3181,791,369,422,2159,280,1348,318,849,181,242,165,70,7,263,147,116,26,26,231,92,139
2021,"Merton 011","E02000699",3258,798,313,485,2154,191,1302,320,860,122,419,311,99,9,211,103,108,31,31,306,84,222
2021,"Merton 012","E02000700",3357,900,236,664,2016,88,895,249,479,167,394,236,134,24,568,332,236,71,71,441,177,264
2021,"Merton 013","E02000701",3113,711,301,410,1825,125,963,191,543,229,242,121,107,14,425,226,199,70,70,577,288,289
2021,"Merton 014","E02000702",3367,861,247,614,2048,98,944,179,575,190,314,169,127,18,634,394,240,58,58,458,244,214
2021,"Merton 015","E02000703",2933,606,353,253,1991,296,1216,269,709,238,223,137,75,11,229,112,117,27,27,336,116,220
2021,"Merton 016","E02000704",3572,1052,345,707,2120,136,1109,340,639,130,472,351,101,20,360,212,148,43,43,400,124,276
2021,"Merton 017","E02000705",3116,640,273,367,1920,175,976,192,530,254,279,132,111,36,429,192,237,61,61,556,284,272
2021,"Merton 018","E02000706",3533,852,251,601,2146,83,1016,214,605,197,315,132,148,35,680,421,259,52,52,535,279,256
2021,"Merton 019","E02000707",2782,617,221,396,1689,88,772,135,423,214,185,56,95,34,593,358,235,51,51,476,259,217
2021,"Merton 020","E02000708",3260,714,309,405,2193,227,1391,283,824,284,259,144,97,18,278,141,137,38,38,353,134,219
2021,"Merton 021","E02000709",2870,590,360,230,1971,267,1228,277,671,280,204,96,97,11,247,93,154,25,25,309,135,174
2021,"Merton 022","E02000710",3438,970,408,562,2053,187,1037,259,570,208,295,160,115,20,485,266,219,49,49,415,216,199
2021,"Merton 023","E02000711",3460,839,275,564,2124,96,1127,281,635,211,362,218,115,29,475,261,214,64,64,497,230,267
2021,"Merton 024","E02000712",3404,825,374,451,2135,176,1147,241,636,270,288,122,129,37,480,248,232,44,44,444,226,218
2021,"Merton 025","E02000713",2830,553,310,243,2007,246,1138,263,584,291,279,122,135,22,314,149,165,30,30,270,137,133
2021,"Newham 001","E02000714",2647,617,143,474,1569,45,764,167,463,134,276,167,97,12,429,215,214,55,55,461,228,233
2021,"Newham 002","E02000715",2087,406,128,278,1319,37,768,88,527,153,98,34,49,15,381,232,149,35,35,362,245,117
2021,"Newham 003","E02000716",2300,500,145,355,1400,44,773,122,498,153,150,87,55,8,373,249,124,60,60,400,225,175
2021,"Newham 004","E02000717",2394,459,162,297,1420,47,835,115,580,140,123,71,46,6,374,228,146,41,41,515,339,176
2021,"Newham 005","E02000718",2248,490,159,331,1403,34,812,83,613,116,102,39,56,7,429,261,168,26,26,355,205,150
2021,"Newham 006","E02000719",2874,795,194,601,1528,49,704,175,418,111,255,154,76,25,446,239,207,74,74,551,230,321
2021,"Newham 007","E02000720",2125,411,131,280,1178,66,688,125,419,144,134,79,48,7,249,123,126,41,41,536,308,228
2021,"Newham 008","E02000721",2764,603,135,468,1543,44,926,125,599,202,155,87,55,13,352,203,149,66,66,618,381,237
2021,"Newham 009","E02000722",2935,850,197,653,1515,36,679,166,386,127,298,179,97,22,390,215,175,112,112,570,200,370
2021,"Newham 010","E02000723",2862,416,151,265,1584,78,999,146,595,258,97,35,45,17,328,158,170,82,82,862,538,324
2021,"Newham 011","E02000724",2535,384,139,245,1477,56,961,115,611,235,115,50,62,3,288,151,137,57,57,674,465,209
2021,"Newham 012","E02000725",3998,1142,265,877,2054,49,845,271,452,122,423,312,89,22,604,398,206,133,133,802,215,587
2021,"Newham 014","E02000727",2291,359,122,237,1308,62,845,112,573,160,104,42,54,8,236,117,119,61,61,624,387,237
2021,"Newham 015","E02000728",2343,349,104,245,1366,67,909,125,589,195,119,67,43,9,233,125,108,38,38,628,365,263
2021,"Newham 016","E02000729",2196,526,155,371,1135,60,588,111,363,114,158,100,56,2,268,128,140,61,61,535,279,256
2021,"Newham 017","E02000730",2565,456,153,303,1304,73,791,106,503,182,76,39,32,5,302,146,156,62,62,805,502,303
2021,"Newham 018","E02000731",2767,492,187,305,1595,75,1035,161,656,218,127,55,62,10,304,163,141,54,54,680,405,275
2021,"Newham 019","E02000732",2752,593,146,447,1698,49,988,142,670,176,180,120,47,13,416,235,181,65,65,461,250,211
2021,"Newham 020","E02000733",3467,879,212,667,1882,77,782,177,465,140,291,152,100,39,643,345,298,89,89,706,278,428
2021,"Newham 021","E02000734",2496,687,188,499,1303,41,623,144,352,127,200,130,58,12,387,232,155,52,52,506,251,255
2021,"Newham 022","E02000735",2663,623,229,394,1446,64,794,173,481,140,178,99,67,12,355,220,135,55,55,594,346,248
2021,"Newham 023","E02000736",2652,427,130,297,1711,47,972,107,679,186,166,79,67,20,463,281,182,63,63,514,309,205
2021,"Newham 024","E02000737",3066,597,198,399,1915,85,1104,170,737,197,185,82,80,23,491,253,238,50,50,554,376,178
2021,"Newham 025","E02000738",2783,508,158,350,1709,64,1054,157,712,185,235,110,109,16,300,180,120,56,56,566,344,222
2021,"Newham 026","E02000739",2478,611,159,452,1336,39,662,113,426,123,195,84,96,15,369,199,170,71,71,531,274,257
2021,"Newham 027","E02000740",2494,687,161,526,1388,32,564,124,327,113,205,124,57,24,501,249,252,86,86,419,183,236
2021,"Newham 028","E02000741",2687,587,152,435,1642,56,865,152,555,158,228,101,103,24,426,247,179,67,67,458,249,209
2021,"Newham 029","E02000742",2526,481,149,332,1518,48,795,94,559,142,189,73,79,37,441,275,166,45,45,527,338,189
2021,"Newham 030","E02000743",3576,923,224,699,2007,44,866,215,511,140,306,200,88,18,688,400,288,103,103,646,265,381
2021,"Newham 031","E02000744",3324,883,214,669,1894,57,803,204,465,134,301,163,117,21,661,424,237,72,72,547,250,297
2021,"Newham 032","E02000745",2878,646,179,467,1653,55,748,157,433,158,251,129,101,21,543,319,224,56,56,579,314,265
2021,"Newham 033","E02000746",3394,899,163,736,2021,64,933,239,547,147,398,266,111,21,544,322,222,82,82,474,219,255
2021,"Newham 034","E02000747",5446,1606,261,1345,2980,66,1338,528,652,158,688,536,128,24,692,346,346,196,196,860,208,652
2021,"Newham 035","E02000748",2206,501,144,357,1362,58,638,160,378,100,195,95,88,12,417,234,183,54,54,343,170,173
2021,"Newham 036","E02000749",3332,867,228,639,1899,49,757,172,425,160,278,120,130,28,745,456,289,70,70,566,280,286
2021,"Newham 038","E02006995",3235,610,12,598,1754,6,704,284,396,24,635,541,88,6,311,242,69,98,98,871,91,780
2021,"Newham 039","E02006996",3158,918,128,790,1625,31,648,233,350,65,504,427,66,11,326,206,120,116,116,615,129,486
2021,"Newham 040","E02006997",3228,1055,69,986,1617,18,572,249,282,41,588,525,61,2,316,194,122,123,123,556,73,483
2021,"Newham 041","E02006998",2667,726,151,575,1598,29,695,187,409,99,281,151,111,19,515,348,167,78,78,343,150,193
2021,"Newham 042","E02006999",5051,1465,55,1410,2937,21,1401,595,735,71,899,764,121,14,434,307,127,182,182,649,142,507
2021,"Redbridge 001","E02000751",4437,1187,689,498,2872,506,1676,448,895,333,323,199,105,19,340,182,158,27,27,378,164,214
2021,"Redbridge 002","E02000752",3266,904,317,587,2001,122,1042,226,620,196,305,130,132,43,498,263,235,34,34,361,219,142
2021,"Redbridge 003","E02000753",2475,599,240,359,1589,131,793,157,466,170,169,76,65,28,463,267,196,33,33,287,183,104
2021,"Redbridge 004","E02000754",2590,638,267,371,1685,163,891,226,484,181,295,158,120,17,311,157,154,25,25,267,124,143
2021,"Redbridge 005","E02000755",2185,650,247,403,1346,141,681,138,382,161,213,111,91,11,295,157,138,16,16,189,109,80
2021,"Redbridge 006","E02000756",5259,1338,583,755,3245,285,1902,397,1085,420,344,174,131,39,651,372,279,63,63,676,419,257
2021,"Redbridge 007","E02000757",5181,1556,542,1014,3179,309,1770,482,1011,277,568,345,200,23,481,282,199,51,51,446,173,273
2021,"Redbridge 008","E02000758",2315,548,245,303,1432,148,887,145,499,243,95,40,43,12,288,148,140,14,14,335,206,129
2021,"Redbridge 009","E02000759",4820,1122,416,706,3206,252,1815,401,1080,334,463,252,180,31,625,380,245,51,51,492,239,253
2021,"Redbridge 010","E02000760",2628,636,302,334,1683,165,967,164,581,222,120,55,54,11,411,217,194,20,20,309,188,121
2021,"Redbridge 012","E02000762",2104,434,278,156,1315,177,885,158,457,270,60,31,20,9,170,82,88,23,23,355,199,156
2021,"Redbridge 013","E02000763",2574,506,236,270,1700,132,1114,162,622,330,126,53,56,17,301,154,147,27,27,368,240,128
2021,"Redbridge 014","E02000764",5370,1849,853,996,3094,314,1632,520,860,252,663,495,146,22,422,233,189,63,63,427,158,269
2021,"Redbridge 015","E02000765",2429,491,189,302,1544,116,1011,169,578,264,69,32,28,9,318,195,123,30,30,394,247,147
2021,"Redbridge 017","E02000767",2769,588,297,291,1806,150,1232,189,785,258,119,68,39,12,281,129,152,24,24,375,235,140
2021,"Redbridge 018","E02000768",2200,537,280,257,1479,194,874,182,525,167,197,137,54,6,200,93,107,14,14,184,82,102
2021,"Redbridge 020","E02000770",2490,524,210,314,1505,113,993,138,584,271,82,31,48,3,283,156,127,34,34,461,302,159
2021,"Redbridge 022","E02000772",2538,526,144,382,1569,85,1027,153,672,202,107,45,53,9,308,189,119,42,42,443,282,161
2021,"Redbridge 023","E02000773",3112,488,155,333,2114,121,1401,193,898,310,103,46,47,10,446,257,189,43,43,510,307,203
2021,"Redbridge 024","E02000774",2459,487,173,314,1511,78,936,119,608,209,137,44,85,8,320,191,129,40,40,461,279,182
2021,"Redbridge 026","E02000776",2082,403,116,287,1330,74,901,142,571,188,91,43,34,14,231,136,95,33,33,349,218,131
2021,"Redbridge 027","E02000777",2324,631,287,344,1521,161,857,219,461,177,242,110,113,19,239,124,115,22,22,172,90,82
2021,"Redbridge 029","E02000779",2774,670,172,498,1659,74,1019,212,653,154,151,77,70,4,361,249,112,54,54,445,258,187
2021,"Redbridge 031","E02000781",4431,774,394,380,2687,217,1755,236,1079,440,129,43,63,23,518,286,232,68,68,970,640,330
2021,"Redbridge 032","E02000782",3577,727,148,579,2308,50,1384,207,954,223,218,113,88,17,580,420,160,76,76,542,322,220
2021,"Redbridge 033","E02000783",2116,416,162,254,1272,35,713,87,473,153,83,26,48,9,377,221,156,64,64,428,305,123
2021,"Redbridge 034","E02006800",4513,977,312,665,2651,117,1720,271,1089,360,218,92,92,34,532,324,208,64,64,885,527,358
2021,"Redbridge 035","E02006924",4096,801,330,471,2469,219,1599,261,931,407,158,89,52,17,431,201,230,62,62,826,467,359
2021,"Redbridge 036","E02006925",4187,616,345,271,2768,335,1866,251,991,624,107,43,44,20,423,217,206,37,37,803,487,316
2021,"Redbridge 037","E02007017",2758,528,266,262,1856,145,1160,165,761,234,115,33,66,16,399,242,157,37,37,374,242,132
2021,"Redbridge 038","E02007018",2530,657,166,491,1597,49,930,166,617,147,162,62,81,19,419,293,126,37,37,276,159,117
2021,"Redbridge 039","E02007019",2405,614,157,457,1460,28,1074,187,791,96,119,57,56,6,206,138,68,33,33,331,181,150
2021,"Redbridge 040","E02007020",2722,462,152,310,1629,98,1030,108,640,282,93,28,54,11,362,204,158,46,46,631,414,217
2021,"Richmond upon Thames 001","E02000784",4175,1239,587,652,2646,366,1541,415,880,246,319,198,94,27,387,217,170,33,33,290,90,200
2021,"Richmond upon Thames 002","E02000785",4163,1247,532,715,2654,349,1604,498,880,226,460,351,95,14,220,111,109,21,21,262,94,168
2021,"Richmond upon Thames 003","E02000786",4947,1589,634,955,3016,278,1673,482,1041,150,558,388,156,14,471,293,178,36,36,342,103,239
2021,"Richmond upon Thames 004","E02000787",5173,1574,559,1015,3273,227,1821,517,1077,227,628,463,144,21,543,338,205,54,54,326,126,200
2021,"Richmond upon Thames 005","E02000788",3626,1000,442,558,2399,269,1515,341,1003,171,325,199,110,16,269,159,110,21,21,227,93,134
2021,"Richmond upon Thames 006","E02000789",2842,1032,404,628,1639,168,957,314,537,106,317,242,68,7,174,111,63,23,23,171,59,112
2021,"Richmond upon Thames 007","E02000790",2704,738,236,502,1814,153,1089,292,683,114,349,234,103,12,200,120,80,23,23,152,49,103
2021,"Richmond upon Thames 008","E02000791",2968,1056,397,659,1766,184,1011,350,575,86,394,310,76,8,155,98,57,22,22,146,42,104
2021,"Richmond upon Thames 009","E02000792",3101,1041,398,643,1893,213,1093,316,653,124,368,279,80,9,201,127,74,18,18,167,49,118
2021,"Richmond upon Thames 010","E02000793",3135,813,409,404,2030,241,1133,281,617,235,279,150,110,19,338,170,168,39,39,292,108,184
2021,"Richmond upon Thames 011","E02000794",2760,671,305,366,1899,182,1185,295,703,187,315,209,91,15,192,120,72,25,25,190,61,129
2021,"Richmond upon Thames 012","E02000795",2588,627,366,261,1796,317,1146,223,755,168,146,72,57,17,182,104,78,5,5,165,76,89
2021,"Richmond upon Thames 013","E02000796",3981,922,454,468,2628,314,1490,300,825,365,274,101,142,31,523,290,233,27,27,431,228,203
2021,"Richmond upon Thames 014","E02000797",3478,1163,380,783,2115,135,1169,353,717,99,543,412,127,4,231,152,79,37,37,200,47,153
2021,"Richmond upon Thames 015","E02000798",4322,1014,454,560,3005,241,1733,393,1131,209,504,265,216,23,495,286,209,32,32,303,114,189
2021,"Richmond upon Thames 016","E02000799",2441,685,309,376,1589,220,917,232,551,134,258,173,69,16,178,104,74,16,16,167,55,112
2021,"Richmond upon Thames 017","E02000800",2159,639,302,337,1369,128,722,164,451,107,172,66,92,14,333,202,131,14,14,151,69,82
2021,"Richmond upon Thames 018","E02000801",3020,901,354,547,1998,222,1161,300,715,146,356,237,110,9,233,148,85,26,26,121,41,80
2021,"Richmond upon Thames 019","E02000802",2976,915,402,513,1903,240,1096,300,612,184,317,214,92,11,231,154,77,19,19,158,49,109
2021,"Richmond upon Thames 020","E02000803",4096,1310,582,728,2515,327,1304,341,700,263,374,183,153,38,490,303,187,20,20,271,118,153
2021,"Richmond upon Thames 021","E02000804",3171,1068,431,637,1927,213,1091,355,596,140,378,261,107,10,228,138,90,17,17,176,49,127
2021,"Richmond upon Thames 022","E02000805",4634,1462,556,906,2937,362,1625,469,937,219,497,331,155,11,431,271,160,22,22,235,71,164
2021,"Richmond upon Thames 023","E02000806",4254,1168,549,619,2858,395,1656,470,900,286,407,259,126,22,373,207,166,27,27,228,96,132
2021,"Southwark 001","E02000807",3732,1164,197,967,1952,96,892,378,418,96,575,456,100,19,308,179,129,81,81,616,82,534
2021,"Southwark 002","E02000808",4693,2000,320,1680,2037,82,716,399,238,79,683,605,62,16,398,218,180,158,158,656,67,589
2021,"Southwark 004","E02000810",5395,1903,361,1542,2741,70,910,369,436,105,734,576,126,32,850,552,298,177,177,751,152,599
2021,"Southwark 006","E02000812",4535,1642,302,1340,2059,46,675,263,310,102,533,398,107,28,665,424,241,140,140,834,169,665
2021,"Southwark 007","E02000813",4485,1481,308,1173,2279,63,756,312,324,120,599,445,131,23,726,460,266,135,135,725,116,609
2021,"Southwark 008","E02000814",4588,1456,210,1246,2372,69,1023,436,476,111,752,616,116,20,403,250,153,125,125,760,118,642
2021,"Southwark 009","E02000815",3232,1089,135,954,1364,32,462,175,242,45,391,340,47,4,364,209,155,115,115,779,70,709
2021,"Southwark 010","E02000816",4147,1405,272,1133,2165,83,766,273,354,139,525,361,142,22,685,415,270,106,106,577,135,442
2021,"Southwark 011","E02000817",2921,1099,342,757,1361,75,449,117,243,89,261,175,62,24,504,343,161,72,72,461,111,350
2021,"Southwark 012","E02000818",4492,1619,351,1268,2104,58,665,263,297,105,580,488,74,18,656,401,255,145,145,769,107,662
2021,"Southwark 013","E02000819",3556,1290,280,1010,1715,33,588,174,304,110,352,210,118,24,653,414,239,89,89,551,145,406
2021,"Southwark 014","E02000820",4228,1720,367,1353,1816,53,572,222,274,76,474,359,101,14,620,406,214,97,97,692,102,590
2021,"Southwark 015","E02000821",3133,804,205,599,1730,49,513,116,281,116,357,220,115,22,720,469,251,91,91,599,255,344
2021,"Southwark 016","E02000822",2768,890,208,682,1420,33,424,118,230,76,276,170,81,25,602,387,215,85,85,458,121,337
2021,"Southwark 017","E02000823",3637,1193,333,860,1742,50,512,169,252,91,373,266,80,27,712,373,339,95,95,702,157,545
2021,"Southwark 018","E02000824",3792,1127,293,834,2064,58,602,151,320,131,316,149,135,32,991,597,394,97,97,601,194,407
2021,"Southwark 019","E02000825",3890,1179,220,959,2131,60,646,153,352,141,377,227,113,37,948,577,371,100,100,580,222,358
2021,"Southwark 020","E02000826",4023,1352,360,992,2040,51,630,217,319,94,570,421,119,30,703,424,279,86,86,631,157,474
2021,"Southwark 021","E02000827",5018,1818,406,1412,2476,64,778,302,370,106,552,397,132,23,950,605,345,132,132,724,192,532
2021,"Southwark 022","E02000828",3595,1184,220,964,1815,43,589,158,291,140,395,256,131,8,707,426,281,81,81,596,146,450
2021,"Southwark 023","E02000829",4735,1681,398,1283,2373,64,756,242,389,125,651,488,140,23,821,511,310,81,81,681,159,522
2021,"Southwark 024","E02000830",3761,1142,264,878,1955,100,718,234,395,89,627,504,110,13,445,258,187,65,65,664,108,556
2021,"Southwark 025","E02000831",4051,1226,293,933,2192,80,865,260,486,119,652,513,123,16,506,307,199,89,89,633,98,535
2021,"Southwark 026","E02000832",4100,1366,429,937,2201,73,773,215,410,148,539,387,135,17,748,384,364,68,68,533,136,397
2021,"Southwark 027","E02000833",3046,940,222,718,1705,46,645,172,394,79,344,217,114,13,612,352,260,58,58,401,117,284
2021,"Southwark 028","E02000834",4102,1277,293,984,2313,107,986,282,596,108,809,646,148,15,348,194,154,63,63,512,88,424
2021,"Southwark 029","E02000835",3030,781,241,540,1858,61,861,203,549,109,424,273,128,23,473,300,173,39,39,391,124,267
2021,"Southwark 030","E02000836",3337,855,264,591,2135,122,1093,293,689,111,560,408,137,15,310,173,137,50,50,347,100,247
2021,"Southwark 031","E02000837",3153,618,318,300,2247,265,1365,321,854,190,314,172,121,21,283,171,112,20,20,288,82,206
2021,"Southwark 032","E02000838",3921,1110,277,833,2372,122,1105,291,675,139,586,418,155,13,508,270,238,51,51,439,124,315
2021,"Southwark 033","E02000839",3428,979,353,626,2130,193,902,243,528,131,420,267,138,15,569,389,180,46,46,319,122,197
2021,"Southwark 034","E02006802",3937,1437,216,1221,1920,44,622,283,238,101,543,444,85,14,581,370,211,130,130,580,97,483
2021,"Southwark 035","E02006941",2986,1282,93,1189,1334,44,522,366,137,19,605,568,36,1,94,50,44,69,69,370,10,360
2021,"Southwark 036","E02006942",3364,1242,160,1082,1569,31,496,238,208,50,555,486,58,11,384,250,134,103,103,553,51,502
2021,"Sutton 001","E02000840",3476,874,308,566,2302,97,1097,265,628,204,395,167,181,47,678,423,255,35,35,300,171,129
2021,"Sutton 002","E02000841",3300,746,282,464,2228,123,1099,249,615,235,321,112,160,49,642,359,283,43,43,326,196,130
2021,"Sutton 003","E02000842",2954,594,333,261,2084,274,1239,266,647,326,246,100,121,25,297,144,153,28,28,276,137,139
2021,"Sutton 004","E02000843",3980,1201,318,883,2581,131,1373,417,785,171,571,328,224,19,476,322,154,30,30,198,83,115
2021,"Sutton 005","E02000844",3217,771,347,424,2180,160,1130,281,608,241,347,154,161,32,515,311,204,28,28,266,144,122
2021,"Sutton 006","E02000845",3606,826,370,456,2541,192,1467,379,856,232,427,221,170,36,432,238,194,23,23,239,111,128
2021,"Sutton 007","E02000846",2783,612,339,273,1928,225,1154,242,658,254,255,115,108,32,274,140,134,20,20,243,137,106
2021,"Sutton 008","E02000847",3686,952,535,417,2477,362,1439,327,794,318,335,184,122,29,312,162,150,29,29,257,130,127
2021,"Sutton 009","E02000848",2917,607,335,272,2075,241,1258,239,758,261,268,115,123,30,292,142,150,16,16,235,124,111
2021,"Sutton 010","E02000849",3251,874,360,514,2170,206,1143,273,654,216,352,177,146,29,436,252,184,33,33,207,103,104
2021,"Sutton 011","E02000850",4090,939,431,508,2837,320,1619,368,866,385,381,180,171,30,489,261,228,28,28,314,170,144
2021,"Sutton 012","E02000851",5039,1705,531,1174,2947,171,1417,415,867,135,636,415,196,25,658,480,178,65,65,387,162,225
2021,"Sutton 013","E02000852",3250,895,358,537,2112,185,1211,298,687,226,351,198,131,22,340,215,125,25,25,243,119,124
2021,"Sutton 014","E02000853",3199,825,367,458,2129,168,1193,269,730,194,324,174,131,19,419,255,164,25,25,245,123,122
2021,"Sutton 015","E02000854",3084,815,370,445,2106,226,1171,314,662,195,371,215,139,17,318,195,123,20,20,163,74,89
2021,"Sutton 016","E02000855",3213,842,482,360,2150,347,1288,329,683,276,223,110,100,13,263,135,128,29,29,221,98,123
2021,"Sutton 017","E02000856",3801,1131,416,715,2413,283,1355,339,769,247,358,209,133,16,390,250,140,27,27,257,126,131
2021,"Sutton 018","E02000857",4082,1547,570,977,2294,164,1178,343,725,110,515,352,144,19,394,264,130,43,43,241,98,143
2021,"Sutton 019","E02000858",3308,957,315,642,2090,127,922,200,535,187,294,130,131,33,723,490,233,24,24,261,149,112
2021,"Sutton 020","E02000859",3491,1118,629,489,2159,307,1189,298,656,235,266,128,116,22,371,230,141,26,26,214,97,117
2021,"Sutton 021","E02000860",4120,1718,593,1125,2167,124,1075,334,647,94,506,321,170,15,429,288,141,33,33,235,89,146
2021,"Sutton 022","E02000861",2861,501,303,198,2185,441,1365,334,721,310,161,80,68,13,202,103,99,16,16,175,75,100
2021,"Sutton 024","E02000863",2420,465,259,206,1736,285,1034,242,539,253,185,82,71,32,220,120,100,12,12,219,115,104
2021,"Sutton 025","E02006836",3210,684,351,333,2273,452,1363,317,771,275,225,123,84,18,222,120,102,11,11,253,129,124
2021,"Tower Hamlets 001","E02000864",4663,1526,341,1185,2473,62,972,304,559,109,743,559,162,22,611,348,263,85,85,664,143,521
2021,"Tower Hamlets 002","E02000865",2892,986,216,770,1349,29,555,108,359,88,320,225,79,16,363,205,158,82,82,557,172,385
2021,"Tower Hamlets 003","E02000866",4153,1210,326,884,2100,87,943,295,535,113,578,430,118,30,399,231,168,93,93,843,183,660
2021,"Tower Hamlets 004","E02000867",4869,1509,229,1280,2492,54,922,312,486,124,873,756,106,11,522,338,184,121,121,868,113,755
2021,"Tower Hamlets 005","E02000868",2783,835,153,682,1368,41,576,160,349,67,455,387,68,0,231,126,105,65,65,580,97,483
2021,"Tower Hamlets 006","E02000869",2532,952,229,723,1141,40,511,129,329,53,298,237,52,9,254,149,105,38,38,439,86,353
2021,"Tower Hamlets 007","E02000870",2420,716,179,537,1265,42,569,122,364,83,288,213,62,13,309,168,141,57,57,439,84,355
2021,"Tower Hamlets 008","E02000871",4228,1247,160,1087,2273,34,1066,243,712,111,456,348,98,10,616,385,231,101,101,708,244,464
2021,"Tower Hamlets 009","E02000872",3192,994,105,889,1488,14,652,171,422,59,398,345,48,5,336,217,119,88,88,710,109,601
2021,"Tower Hamlets 010","E02000873",2923,779,140,639,1621,32,802,161,527,114,346,259,81,6,383,235,148,58,58,523,141,382
2021,"Tower Hamlets 011","E02000874",2524,685,125,560,1383,28,671,135,472,64,264,196,59,9,365,201,164,55,55,456,126,330
2021,"Tower Hamlets 012","E02000875",5079,1508,181,1327,2809,49,1345,292,906,147,598,467,120,11,680,442,238,137,137,762,223,539
2021,"Tower Hamlets 013","E02000876",2776,967,108,859,1245,19,556,156,338,62,335,286,47,2,242,156,86,93,93,564,127,437
2021,"Tower Hamlets 014","E02000877",4914,1258,189,1069,2657,44,1313,274,919,120,592,468,112,12,596,370,226,112,112,999,259,740
2021,"Tower Hamlets 015","E02000878",4014,1439,156,1283,1673,30,788,261,421,106,449,390,48,11,293,145,148,113,113,902,176,726
2021,"Tower Hamlets 016","E02000879",3047,969,318,651,1539,47,788,145,527,116,276,213,50,13,368,174,194,60,60,539,162,377
2021,"Tower Hamlets 017","E02000880",2281,675,137,538,1087,21,554,113,385,56,197,155,33,9,244,148,96,71,71,519,135,384
2021,"Tower Hamlets 018","E02000881",3852,1022,172,850,2192,36,988,214,681,93,419,313,94,12,619,429,190,130,130,638,188,450
2021,"Tower Hamlets 019","E02000882",3807,1033,180,853,2102,43,996,174,675,147,411,298,105,8,570,359,211,82,82,672,302,370
2021,"Tower Hamlets 020","E02000883",3032,804,205,599,1659,49,885,189,581,115,235,139,66,30,438,281,157,52,52,569,221,348
2021,"Tower Hamlets 021","E02000884",5113,1801,129,1672,2212,14,969,304,584,81,629,572,54,3,366,254,112,234,234,1100,200,900
2021,"Tower Hamlets 022","E02000885",2391,757,219,538,1204,33,621,121,409,91,187,137,42,8,304,170,134,59,59,430,158,272
2021,"Tower Hamlets 023","E02000886",3823,1217,164,1053,1895,46,919,323,512,84,515,437,74,4,340,217,123,75,75,711,145,566
2021,"Tower Hamlets 024","E02000887",3945,1144,197,947,2189,44,1111,246,737,128,347,269,68,10,584,388,196,103,103,612,172,440
2021,"Tower Hamlets 025","E02000888",3355,1074,131,943,1732,38,878,251,555,72,443,380,60,3,297,183,114,76,76,549,146,403
2021,"Tower Hamlets 026","E02000889",3805,1365,162,1203,1882,45,914,350,493,71,601,540,58,3,242,155,87,80,80,558,87,471
2021,"Tower Hamlets 027","E02000890",2892,1113,184,929,1459,74,668,370,256,42,526,450,62,14,131,64,67,60,60,320,56,264
2021,"Tower Hamlets 030","E02000893",2987,874,244,630,1679,50,849,263,499,87,328,231,82,15,392,206,186,60,60,434,100,334
2021,"Tower Hamlets 031","E02000894",4463,1274,163,1111,2514,65,1322,483,734,105,638,503,123,12,405,255,150,84,84,675,159,516
2021,"Tower Hamlets 032","E02006853",5041,1989,138,1851,2434,41,1187,526,587,74,593,507,68,18,466,341,125,147,147,618,137,481
2021,"Tower Hamlets 033","E02006854",3530,1454,60,1394,1689,29,866,464,345,57,507,455,46,6,188,135,53,99,99,387,57,330
2021,"Tower Hamlets 034","E02007112",2918,1175,9,1166,1341,7,574,346,215,13,561,526,35,0,113,84,29,86,86,402,62,340
2021,"Tower Hamlets 035","E02007113",3268,1112,39,1073,1675,24,831,376,413,42,419,351,61,7,310,207,103,91,91,481,90,391
2021,"Tower Hamlets 036","E02007114",3033,1066,96,970,1503,30,720,292,373,55,375,314,53,8,283,197,86,95,95,464,89,375
2021,"Waltham Forest 001","E02000895",3279,964,590,374,2039,312,990,208,521,261,269,111,116,42,441,216,225,27,27,276,152,124
2021,"Waltham Forest 002","E02000896",3839,1195,529,666,2374,315,1251,337,635,279,381,203,147,31,400,208,192,27,27,270,126,144
2021,"Waltham Forest 003","E02000897",3370,982,440,542,2114,195,993,238,528,227,325,141,151,33,566,295,271,35,35,274,142,132
2021,"Waltham Forest 004","E02000898",3199,945,467,478,1963,233,953,233,481,239,282,130,119,33,469,241,228,26,26,291,160,131
2021,"Waltham Forest 005","E02000899",3226,817,422,395,2062,235,1127,260,577,290,262,113,117,32,403,218,185,35,35,347,191,156
2021,"Waltham Forest 006","E02000900",3119,731,315,416,1958,169,956,193,540,223,226,84,112,30,564,308,256,43,43,430,250,180
2021,"Waltham Forest 007","E02000901",3853,804,300,504,2722,271,1478,369,783,326,463,225,204,34,469,258,211,41,41,327,164,163
2021,"Waltham Forest 008","E02000902",3521,797,234,563,2313,140,1169,240,686,243,367,173,163,31,598,385,213,39,39,411,230,181
2021,"Waltham Forest 009","E02000903",3466,709,255,454,2228,75,1032,215,615,202,410,198,176,36,651,363,288,60,60,529,276,253
2021,"Waltham Forest 010","E02000904",3105,796,201,595,1899,111,946,208,579,159,365,217,131,17,434,258,176,43,43,410,189,221
2021,"Waltham Forest 011","E02000905",3628,748,260,488,2292,87,1211,281,761,169,462,253,196,13,480,292,188,52,52,588,284,304
2021,"Waltham Forest 012","E02000906",3626,838,215,623,2305,61,967,272,572,123,617,418,183,16,593,342,251,67,67,483,193,290
2021,"Waltham Forest 013","E02000907",4066,1285,333,952,2369,67,986,229,625,132,498,302,178,18,760,520,240,58,58,412,203,209
2021,"Waltham Forest 014","E02000908",5240,1570,310,1260,3041,68,1243,416,685,142,932,714,202,16,686,480,206,112,112,629,212,417
2021,"Waltham Forest 015","E02000909",3568,929,253,676,2239,98,1117,317,644,156,565,347,202,16,419,262,157,40,40,400,171,229
2021,"Waltham Forest 016","E02000910",4407,1159,273,886,2588,97,1176,332,661,183,727,515,199,13,508,316,192,80,80,660,218,442
2021,"Waltham Forest 017","E02000911",4848,1243,244,999,2804,73,1216,366,674,176,776,589,172,15,618,388,230,121,121,801,336,465
2021,"Waltham Forest 018","E02000912",3267,716,209,507,1981,107,931,210,548,173,420,263,143,14,475,235,240,48,48,570,292,278
2021,"Waltham Forest 019","E02000913",3116,715,231,484,1865,126,983,210,546,227,336,172,147,17,355,184,171,65,65,536,288,248
2021,"Waltham Forest 020","E02000914",3972,1037,241,796,2281,77,1049,255,600,194,356,209,131,16,719,427,292,80,80,654,348,306
2021,"Waltham Forest 021","E02000915",3284,1008,248,760,1846,96,815,231,436,148,511,338,160,13,355,203,152,69,69,430,150,280
2021,"Waltham Forest 022","E02000916",3981,1077,195,882,2270,70,1008,249,567,192,544,358,171,15,567,351,216,81,81,634,264,370
2021,"Waltham Forest 023","E02000917",3651,887,213,674,2187,64,1029,303,592,134,597,425,159,13,423,240,183,74,74,577,232,345
2021,"Waltham Forest 024","E02000918",3408,917,244,673,1946,78,898,262,498,138,417,277,121,19,470,309,161,83,83,545,230,315
2021,"Waltham Forest 025","E02000919",3358,800,190,610,1895,90,897,279,474,144,437,293,134,10,390,188,202,81,81,663,243,420
2021,"Waltham Forest 026","E02000920",3815,1102,298,804,2048,61,890,215,494,181,403,274,111,18,614,361,253,80,80,665,235,430
2021,"Waltham Forest 027","E02000921",4057,1068,289,779,2307,88,895,212,498,185,486,285,144,57,745,398,347,93,93,682,282,400
2021,"Waltham Forest 028","E02000922",3634,858,256,602,2080,84,961,234,576,151,442,268,150,24,531,291,240,62,62,696,326,370
2021,"Wandsworth 001","E02000923",3468,1254,455,799,1637,157,698,270,344,84,429,367,54,8,283,182,101,70,70,577,75,502
2021,"Wandsworth 003","E02000925",3363,1062,272,790,1788,66,684,194,393,97,341,254,68,19,624,378,246,73,73,513,82,431
2021,"Wandsworth 004","E02000926",5554,2013,367,1646,2711,110,1093,463,512,118,866,750,107,9,513,297,216,129,129,830,73,757
2021,"Wandsworth 005","E02000927",3233,1008,310,698,1657,87,638,233,316,89,449,375,62,12,411,219,192,72,72,568,63,505
2021,"Wandsworth 006","E02000928",3615,1078,383,695,2073,203,1113,321,657,135,465,401,57,7,260,133,127,32,32,464,67,397
2021,"Wandsworth 007","E02000929",3496,1176,334,842,1859,36,613,214,308,91,355,280,61,14,765,461,304,90,90,461,104,357
2021,"Wandsworth 008","E02000930",4261,1211,272,939,2032,67,859,318,470,71,661,589,65,7,314,195,119,131,131,1018,62,956
2021,"Wandsworth 009","E02000931",3484,802,186,616,1983,84,1108,292,732,84,518,424,86,8,196,110,86,77,77,699,81,618
2021,"Wandsworth 010","E02000932",5931,1800,330,1470,3235,173,1414,524,750,140,1126,983,136,7,375,224,151,147,147,896,71,825
2021,"Wandsworth 011","E02000933",3930,1260,447,813,2225,210,1171,386,609,176,525,449,72,4,256,131,125,63,63,445,80,365
2021,"Wandsworth 012","E02000934",4195,1409,251,1158,2071,92,809,340,390,79,775,703,61,11,294,134,160,101,101,715,60,655
2021,"Wandsworth 013","E02000935",2436,794,289,505,1370,66,553,117,348,88,140,52,72,16,586,416,170,25,25,272,90,182
2021,"Wandsworth 014","E02000936",4383,1565,458,1107,2186,120,1012,383,512,117,655,573,72,10,301,178,123,98,98,632,69,563
2021,"Wandsworth 015","E02000937",3127,712,194,518,1962,80,1151,265,764,122,460,339,110,11,228,133,95,43,43,453,82,371
2021,"Wandsworth 016","E02000938",4347,1344,497,847,2485,199,1193,323,718,152,419,276,127,16,618,345,273,56,56,518,156,362
2021,"Wandsworth 017","E02000939",2836,619,245,374,1831,138,1171,248,778,145,282,202,74,6,207,134,73,33,33,386,92,294
2021,"Wandsworth 018","E02000940",4213,1367,244,1123,2274,70,858,310,430,118,748,641,96,11,500,311,189,98,98,572,97,475
2021,"Wandsworth 019","E02000941",4137,1085,277,808,2438,140,1312,354,823,135,618,515,92,11,304,164,140,64,64,614,136,478
2021,"Wandsworth 020","E02000942",3819,899,336,563,2381,203,1432,391,845,196,440,343,88,9,243,137,106,63,63,539,113,426
2021,"Wandsworth 021","E02000943",3809,1137,246,891,1938,91,927,290,526,111,605,529,71,5,254,133,121,61,61,734,65,669
2021,"Wandsworth 022","E02000944",2888,820,258,562,1706,64,753,213,446,94,331,216,97,18,496,317,179,62,62,362,93,269
2021,"Wandsworth 023","E02000945",2761,768,313,455,1504,65,688,171,413,104,188,118,58,12,513,322,191,50,50,489,134,355
2021,"Wandsworth 024","E02000946",3109,803,226,577,1786,62,817,200,498,119,520,423,87,10,329,179,150,58,58,520,72,448
2021,"Wandsworth 025","E02000947",3920,1001,303,698,2478,120,1354,414,834,106,696,549,135,12,254,149,105,54,54,441,74,367
2021,"Wandsworth 026","E02000948",4382,1324,300,1024,2152,79,961,333,534,94,733,658,70,5,290,168,122,89,89,906,98,808
2021,"Wandsworth 027","E02000949",4254,1251,321,930,2347,160,1248,412,668,168,665,528,124,13,217,109,108,57,57,656,66,590
2021,"Wandsworth 028","E02000950",3107,912,303,609,1794,130,900,263,508,129,356,244,96,16,345,184,161,63,63,401,83,318
2021,"Wandsworth 029","E02000951",2825,907,229,678,1395,55,606,199,312,95,435,377,53,5,242,138,104,57,57,523,66,457
2021,"Wandsworth 030","E02000952",2657,882,204,678,1304,69,593,178,322,93,375,324,42,9,221,127,94,46,46,471,75,396
2021,"Wandsworth 031","E02000953",3211,1112,166,946,1689,64,861,255,540,66,488,419,62,7,233,144,89,43,43,410,67,343
2021,"Wandsworth 032","E02000954",2245,474,178,296,1232,76,611,147,345,119,266,204,55,7,232,107,125,47,47,539,95,444
2021,"Wandsworth 033","E02000955",2677,635,220,415,1461,76,625,171,338,116,292,223,61,8,419,257,162,49,49,581,98,483
2021,"Wandsworth 034","E02000956",3032,842,207,635,1450,49,546,178,285,83,386,314,60,12,409,231,178,60,60,740,86,654
2021,"Wandsworth 035","E02000957",4422,1237,331,906,2317,97,993,264,561,168,609,489,103,17,468,291,177,150,150,868,127,741
2021,"Wandsworth 036","E02000958",2916,711,315,396,1790,137,950,199,543,208,293,163,104,26,374,191,183,36,36,415,134,281
2021,"Wandsworth 037","E02000959",3102,897,249,648,1716,50,773,211,435,127,373,260,100,13,450,290,160,70,70,489,163,326
2021,"Wandsworth 038","E02007083",4105,1681,83,1598,2006,33,798,411,348,39,723,668,54,1,306,228,78,146,146,418,38,380
2021,"Wandsworth 039","E02007084",4135,1284,283,1001,2072,54,689,243,314,132,506,402,84,20,713,436,277,110,110,779,147,632
2021,"Westminster 001","E02000960",2781,1043,325,718,1427,163,791,256,420,115,202,156,37,9,207,99,108,64,64,311,72,239
2021,"Westminster 002","E02000961",4068,1277,415,862,2264,120,1150,340,683,127,372,294,66,12,530,273,257,92,92,527,145,382
2021,"Westminster 003","E02000962",3856,1794,545,1249,1693,154,888,343,434,111,265,222,33,10,295,142,153,91,91,369,65,304
2021,"Westminster 004","E02000963",4133,1285,347,938,2359,85,917,231,499,187,367,256,81,30,890,431,459,100,100,489,201,288
2021,"Westminster 005","E02000964",5358,2046,508,1538,2627,74,979,280,511,188,516,374,89,53,925,528,397,133,133,685,149,536
2021,"Westminster 006","E02000965",3621,1277,277,1000,1796,53,907,336,459,112,430,360,60,10,328,190,138,78,78,548,56,492
2021,"Westminster 007","E02000966",4109,1555,406,1149,2151,142,1226,481,645,100,438,370,54,14,271,129,142,74,74,403,67,336
2021,"Westminster 008","E02000967",3015,1299,258,1041,1306,137,659,286,300,73,257,212,40,5,148,81,67,105,105,410,46,364
2021,"Westminster 009","E02000968",5617,2026,664,1362,2747,145,1045,233,557,255,322,183,112,27,1113,568,545,122,122,844,345,499
2021,"Westminster 010","E02000969",3718,1275,306,969,2015,63,818,157,485,176,269,171,77,21,795,447,348,70,70,428,120,308
2021,"Westminster 011","E02000970",3553,1679,368,1311,1545,122,751,322,317,112,358,312,44,2,168,89,79,146,146,329,52,277
2021,"Westminster 012","E02000971",3722,1723,310,1413,1500,113,733,350,289,94,367,328,38,1,150,79,71,137,137,499,88,411
2021,"Westminster 013","E02000972",4253,2258,365,1893,1510,69,548,284,198,66,413,364,40,9,272,125,147,208,208,485,84,401
2021,"Westminster 014","E02000973",4796,2252,448,1804,2056,107,1006,424,457,125,512,448,52,12,331,177,154,100,100,488,128,360
2021,"Westminster 015","E02000974",3983,1774,390,1384,1732,122,819,333,397,89,332,304,20,8,321,177,144,138,138,477,91,386
2021,"Westminster 016","E02000975",3801,1725,261,1464,1588,123,716,364,282,70,432,390,41,1,187,111,76,130,130,488,72,416
2021,"Westminster 017","E02000976",4207,1927,382,1545,1708,92,786,332,375,79,403,364,33,6,301,146,155,126,126,572,77,495
2021,"Westminster 018","E02000977",3435,1940,359,1581,1162,102,448,242,149,57,328,277,45,6,197,78,119,87,87,333,44,289
2021,"Westminster 019","E02000978",2764,1064,305,759,1360,189,721,323,291,107,161,120,34,7,210,92,118,79,79,340,127,213
2021,"Westminster 020","E02000979",3923,1817,399,1418,1697,141,814,374,346,94,325,285,36,4,327,174,153,90,90,409,56,353
2021,"Westminster 021","E02000980",4325,1927,537,1390,1956,125,814,314,367,133,407,309,84,14,496,248,248,114,114,442,75,367
2021,"Westminster 022","E02000981",4159,1908,377,1531,1753,100,756,393,286,77,492,430,57,5,312,136,176,93,93,498,56,442
2021,"Westminster 023","E02000982",3844,1874,437,1437,1637,123,684,241,336,107,240,189,38,13,485,269,216,105,105,333,88,245
2021,"Westminster 024","E02000983",3756,1696,507,1189,1658,110,692,238,336,118,348,285,49,14,435,224,211,73,73,402,79,323
