"date","geography","geography code","Age: Total","Age: Aged 4 years and under","Age: Aged 5 to 9 years","Age: Aged 10 to 14 years","Age: Aged 15 to 19 years","Age: Aged 20 to 24 years","Age: Aged 25 to 29 years","Age: Aged 30 to 34 years","Age: Aged 35 to 39 years","Age: Aged 40 to 44 years","Age: Aged 45 to 49 years","Age: Aged 50 to 54 years","Age: Aged 55 to 59 years","Age: Aged 60 to 64 years","Age: Aged 65 to 69 years","Age: Aged 70 to 74 years","Age: Aged 75 to 79 years","Age: Aged 80 to 84 years","Age: Aged 85 years and over"
2021,"City of London 001","E02000001",8580,213,159,174,216,965,1213,1002,726,547,544,640,517,458,393,318,210,164,121
2021,"Barking and Dagenham 001","E02000002",8286,653,751,768,618,410,518,667,651,590,540,463,411,317,234,195,193,149,158
2021,"Barking and Dagenham 002","E02000003",11539,951,837,772,714,737,865,984,956,848,685,724,648,547,359,310,220,217,165
2021,"Barking and Dagenham 003","E02000004",6638,394,443,401,391,424,491,515,480,433,416,455,403,393,260,230,184,152,173
2021,"Barking and Dagenham 004","E02000005",11082,975,977,983,734,621,690,863,1012,938,741,684,603,378,265,225,153,134,106
2021,"Barking and Dagenham 006","E02000007",10161,749,870,907,699,630,712,814,787,756,665,618,575,402,277,267,160,140,133
2021,"Barking and Dagenham 007","E02000008",13251,896,1092,1215,888,720,787,965,1130,1031,985,924,836,572,402,311,202,158,137
2021,"Barking and Dagenham 008","E02000009",12867,1026,1139,1131,969,849,885,1056,1101,987,903,781,713,421,328,206,128,97,147
2021,"Barking and Dagenham 009","E02000010",9485,684,781,774,665,583,628,737,775,721,652,674,556,424,290,184,138,121,98
2021,"Barking and Dagenham 010","E02000011",7026,508,513,507,467,446,498,530,569,471,448,487,400,290,226,213,167,131,155
2021,"Barking and Dagenham 011","E02000012",11509,743,890,863,864,924,910,850,836,859,764,749,586,479,353,311,206,154,168
2021,"Barking and Dagenham 012","E02000013",9401,701,770,807,662,532,632,690,774,741,681,559,526,407,302,278,137,105,97
2021,"Barking and Dagenham 013","E02000014",9864,672,814,810,667,573,655,765,799,713,722,645,554,439,309,289,187,126,125
2021,"Barking and Dagenham 014","E02000015",8228,679,664,735,536,465,595,681,646,586,568,592,423,331,234,190,124,97,82
2021,"Barking and Dagenham 015","E02000016",10566,1019,1044,772,658,621,950,1193,1183,853,660,565,384,304,133,95,64,44,24
2021,"Barking and Dagenham 016","E02000017",9135,662,625,590,622,644,678,833,882,740,647,607,449,394,283,181,112,101,85
2021,"Barking and Dagenham 017","E02000018",9553,761,816,828,652,583,646,761,773,839,659,571,477,401,264,206,125,111,80
2021,"Barking and Dagenham 018","E02000019",9663,831,792,876,665,565,644,784,746,746,648,690,475,360,278,234,139,101,89
2021,"Barking and Dagenham 019","E02000020",14055,1292,1189,1097,987,752,1055,1324,1364,1144,1005,830,621,444,285,225,174,138,129
2021,"Barking and Dagenham 020","E02000021",8760,626,790,820,601,541,508,634,662,624,674,560,482,372,286,212,151,98,119
2021,"Barking and Dagenham 021","E02000022",7742,837,697,678,570,413,608,804,834,703,503,372,260,182,116,74,45,23,23
2021,"Barking and Dagenham 022","E02000023",8017,671,764,831,648,487,535,672,666,713,535,522,331,248,130,105,51,54,54
2021,"Barnet 001","E02000024",10842,563,587,632,547,533,606,639,709,793,811,778,793,666,579,569,407,274,356
2021,"Barnet 002","E02000025",8583,498,486,525,420,394,566,605,705,602,653,651,607,523,377,385,239,169,178
2021,"Barnet 003","E02000026",6457,406,378,387,326,299,366,452,400,461,438,430,444,435,327,318,249,156,185
2021,"Barnet 004","E02000027",9646,535,579,674,604,546,560,579,689,751,705,704,685,498,416,406,298,213,204
2021,"Barnet 005","E02000028",6531,379,404,377,334,306,416,447,524,512,431,503,464,358,274,280,195,153,174
2021,"Barnet 006","E02000029",9680,746,676,657,602,553,618,667,716,782,721,688,630,455,364,307,243,124,131
2021,"Barnet 007","E02000030",9462,434,565,623,575,445,459,445,529,667,660,692,708,649,515,536,371,267,322
2021,"Barnet 008","E02000031",8332,497,463,480,386,328,574,605,699,623,606,536,481,456,384,371,290,223,330
2021,"Barnet 009","E02000032",7939,304,485,623,487,398,409,302,449,587,613,663,612,476,383,410,293,230,215
2021,"Barnet 010","E02000033",8891,460,554,609,478,500,511,617,695,705,622,692,566,573,379,337,229,164,200
2021,"Barnet 011","E02000034",9087,520,589,587,485,446,594,645,649,764,649,617,600,447,414,383,300,179,219
2021,"Barnet 012","E02000035",8531,453,498,436,308,428,667,758,715,783,554,561,451,406,357,383,300,182,291
2021,"Barnet 013","E02000036",11244,710,900,830,639,623,699,779,822,806,721,745,721,589,472,408,328,201,251
2021,"Barnet 014","E02000037",10836,709,874,887,679,570,616,709,779,762,693,626,568,542,504,506,310,238,264
2021,"Barnet 015","E02000038",10719,535,648,749,651,503,644,753,789,842,852,821,682,606,520,397,267,198,262
2021,"Barnet 016","E02000039",7166,483,406,503,435,377,413,453,561,504,504,453,501,399,295,324,233,166,156
2021,"Barnet 017","E02000040",9136,586,570,612,650,446,622,731,780,710,636,568,494,402,354,338,278,160,199
2021,"Barnet 018","E02000041",9452,558,662,657,547,567,633,745,749,716,625,560,532,463,426,355,246,159,252
2021,"Barnet 019","E02000042",11558,663,668,685,517,601,846,956,1052,975,906,766,686,529,439,404,326,245,294
2021,"Barnet 020","E02000043",7571,449,560,562,388,299,411,445,529,655,606,542,457,420,337,346,227,149,189
2021,"Barnet 021","E02000044",8846,562,616,673,536,574,660,623,733,710,675,602,542,426,310,248,160,113,83
2021,"Barnet 022","E02000045",10525,620,711,783,619,537,679,688,876,872,859,782,738,515,368,359,209,161,149
2021,"Barnet 023","E02000046",6965,459,388,355,243,352,607,727,689,629,469,480,364,317,246,222,171,127,120
2021,"Barnet 024","E02000047",12395,869,926,876,777,825,856,1026,964,999,911,883,638,500,441,343,204,163,194
2021,"Barnet 025","E02000048",10283,696,710,667,542,538,632,734,754,811,730,629,590,499,460,429,345,249,268
2021,"Barnet 026","E02000049",10532,784,776,792,735,729,847,890,885,808,860,677,589,397,271,196,147,92,57
2021,"Barnet 027","E02000050",10383,558,625,720,617,645,738,754,794,826,737,766,655,514,407,384,305,186,152
2021,"Barnet 028","E02000051",9160,512,558,495,444,470,593,698,743,731,577,567,570,444,401,453,350,243,311
2021,"Barnet 029","E02000052",9852,566,573,626,461,393,848,868,792,849,788,691,566,464,379,340,315,181,152
2021,"Barnet 031","E02000054",7632,433,456,452,355,588,696,637,629,605,566,454,423,340,357,247,189,91,114
2021,"Barnet 032","E02000055",11722,696,681,728,653,1153,1133,1055,899,811,795,678,583,499,363,326,254,171,244
2021,"Barnet 033","E02000056",9131,499,641,666,523,362,470,510,565,657,685,632,593,479,389,486,334,326,314
2021,"Barnet 034","E02000057",8014,671,687,623,443,665,683,693,644,486,470,389,328,322,237,238,181,115,139
2021,"Barnet 035","E02000058",10224,713,727,698,503,521,731,671,886,749,641,558,518,494,417,456,391,247,303
2021,"Barnet 036","E02000059",11626,741,554,588,537,730,1073,1280,1075,977,766,744,599,683,437,289,215,177,161
2021,"Barnet 037","E02000060",11561,1150,1149,1054,758,686,898,818,762,686,620,522,400,478,419,335,249,223,354
2021,"Barnet 038","E02000061",8344,410,468,494,373,482,671,721,784,623,598,563,482,364,330,335,213,169,264
2021,"Barnet 039","E02000062",6956,417,472,504,420,480,546,616,541,594,527,500,380,299,223,185,94,85,73
2021,"Barnet 040","E02000063",7584,443,464,460,474,465,605,569,639,616,545,526,468,360,305,240,164,119,122
2021,"Barnet 041","E02000064",6672,447,380,423,374,434,600,642,550,480,466,442,384,295,201,192,159,104,99
2021,"Bexley 001","E02000065",8063,546,653,797,605,447,480,540,516,599,651,685,507,421,243,160,113,54,46
2021,"Bexley 002","E02000066",9430,575,711,744,660,584,628,632,618,679,671,707,659,517,337,296,193,135,84
2021,"Bexley 003","E02000067",10230,760,755,685,571,585,801,934,851,784,672,666,604,468,336,297,203,134,124
2021,"Bexley 004","E02000068",8176,691,698,650,490,477,580,690,676,576,566,475,447,351,249,179,127,134,120
2021,"Bexley 005","E02000069",7212,500,501,452,363,382,509,560,563,477,458,424,467,369,319,296,215,183,174
2021,"Bexley 006","E02000070",8107,471,480,514,415,412,439,497,544,536,489,600,594,514,394,420,328,224,236
2021,"Bexley 007","E02000071",7673,454,526,589,516,440,443,478,517,517,525,571,493,442,345,322,201,170,124
2021,"Bexley 008","E02000072",12926,1011,1093,1127,876,785,886,1006,969,985,940,915,784,531,334,247,156,152,129
2021,"Bexley 009","E02000073",10725,586,628,676,610,593,539,632,723,745,679,787,834,610,523,562,384,330,284
2021,"Bexley 010","E02000074",8863,564,657,666,532,472,603,662,627,615,574,597,590,476,344,345,224,174,141
2021,"Bexley 011","E02000075",7982,372,477,451,414,395,367,468,497,527,456,563,585,519,479,503,359,275,275
2021,"Bexley 013","E02000077",8142,470,473,532,511,440,464,526,632,620,500,599,550,462,329,364,235,229,206
2021,"Bexley 014","E02000078",7934,498,519,434,406,390,455,572,575,572,495,538,542,425,411,380,290,226,206
2021,"Bexley 015","E02000079",8769,517,562,503,399,427,553,658,654,676,559,565,577,414,371,375,307,281,371
2021,"Bexley 016","E02000080",10067,560,674,631,546,487,604,727,811,750,615,664,662,596,504,439,293,259,245
2021,"Bexley 017","E02000081",8302,512,507,568,443,411,413,540,578,567,527,586,578,453,384,421,298,244,272
2021,"Bexley 018","E02000082",9334,562,578,627,496,522,520,590,726,690,584,673,653,562,430,409,272,205,235
2021,"Bexley 019","E02000083",11267,710,769,746,705,607,832,956,859,787,751,814,711,540,379,422,314,195,170
2021,"Bexley 020","E02000084",11114,634,705,721,563,549,546,717,821,787,723,773,810,670,577,567,400,296,255
2021,"Bexley 021","E02000085",7963,489,515,484,470,465,468,570,580,502,496,552,540,429,363,383,278,185,194
2021,"Bexley 022","E02000086",7177,356,436,445,388,358,410,387,469,448,442,587,544,487,390,390,306,176,158
2021,"Bexley 023","E02000087",8211,453,441,496,440,375,442,511,522,547,568,622,581,494,388,405,342,299,285
2021,"Bexley 024","E02000088",7751,444,463,492,386,442,403,504,529,518,512,551,562,460,355,370,344,220,196
2021,"Bexley 025","E02000089",7871,450,487,492,449,439,373,443,531,508,503,587,550,455,386,392,313,247,266
2021,"Bexley 026","E02000090",9636,490,501,456,565,734,706,809,682,588,594,596,569,462,389,450,369,298,378
2021,"Bexley 027","E02000091",10163,549,537,568,522,587,621,624,623,676,628,676,689,601,479,560,427,356,440
2021,"Bexley 028","E02000092",6753,428,479,478,402,395,404,425,464,413,433,430,454,394,306,300,231,154,163
2021,"Brent 001","E02000093",11876,670,650,634,638,854,1027,1077,1046,847,765,726,615,657,509,415,305,246,195
2021,"Brent 002","E02000094",10458,652,535,666,693,712,868,1017,815,813,735,624,616,471,369,309,225,168,170
2021,"Brent 003","E02000095",10459,565,584,615,538,718,842,908,832,834,665,616,596,576,504,389,272,208,197
2021,"Brent 004","E02000096",7631,441,417,427,344,408,491,563,584,577,453,412,407,489,431,437,306,233,211
2021,"Brent 005","E02000097",9532,556,540,579,545,637,805,711,732,694,636,608,656,518,396,300,251,180,188
2021,"Brent 006","E02000098",8742,437,491,539,583,598,652,640,632,684,505,567,514,468,360,372,241,188,271
2021,"Brent 007","E02000099",9555,729,599,572,530,729,918,947,743,680,634,567,489,415,311,255,166,135,136
2021,"Brent 008","E02000100",8318,354,358,360,573,714,653,641,592,491,472,604,474,514,441,354,286,227,210
2021,"Brent 009","E02000101",9937,567,613,690,686,666,740,749,731,763,665,664,581,507,378,333,253,159,192
2021,"Brent 010","E02000102",8325,617,618,728,617,586,571,552,534,619,516,559,485,438,268,196,162,151,108
2021,"Brent 011","E02000103",9975,653,666,681,624,724,802,786,707,659,658,779,622,427,342,270,202,206,167
2021,"Brent 012","E02000104",7506,360,424,382,395,488,686,611,635,523,484,513,456,406,311,257,228,166,181
2021,"Brent 013","E02000105",9843,675,596,601,558,701,795,929,780,744,720,620,544,487,334,289,188,154,128
2021,"Brent 014","E02000106",10352,638,705,633,629,804,798,860,835,748,681,777,565,479,382,304,197,171,146
2021,"Brent 015","E02000107",10939,583,566,602,512,774,1046,998,1095,905,724,851,611,508,378,320,208,131,127
2021,"Brent 016","E02000108",7257,435,418,465,463,478,647,629,602,528,511,470,423,322,267,227,152,125,95
2021,"Brent 018","E02000110",8175,450,446,414,445,602,726,723,657,614,526,563,514,398,322,282,223,135,135
2021,"Brent 019","E02000111",11286,698,708,724,678,795,946,1022,938,889,803,696,641,498,436,307,179,164,164
2021,"Brent 020","E02000112",11749,608,654,673,596,867,1014,1101,1049,945,1002,750,673,580,405,246,199,185,202
2021,"Brent 021","E02000113",9630,498,648,876,886,758,676,598,555,588,624,663,660,584,322,285,165,133,111
2021,"Brent 022","E02000114",8993,465,403,447,414,669,986,1003,867,721,624,628,480,407,294,225,135,94,131
2021,"Brent 023","E02000115",8623,416,413,428,337,626,1029,960,734,626,635,515,493,387,313,260,160,151,140
2021,"Brent 024","E02000116",8547,612,582,555,570,589,645,688,721,662,687,649,492,381,236,166,141,96,75
2021,"Brent 025","E02000117",12733,828,926,1066,945,883,821,840,986,895,887,957,869,603,402,279,221,165,160
2021,"Brent 026","E02000118",11294,615,598,715,658,859,1076,1039,921,834,677,785,750,562,434,290,197,144,140
2021,"Brent 027","E02000119",10624,759,740,803,736,761,851,963,940,770,681,669,637,434,271,204,144,134,127
2021,"Brent 028","E02000120",9014,474,403,455,320,578,1081,1026,846,828,616,577,543,393,250,243,166,115,100
2021,"Brent 029","E02000121",12239,776,760,710,811,889,1135,1158,1100,1031,892,669,624,508,382,267,222,167,138
2021,"Brent 030","E02000122",8176,415,422,546,482,409,632,660,634,599,592,609,564,455,365,279,196,146,171
2021,"Brent 031","E02000123",13582,820,865,937,856,927,1029,1057,1119,979,1041,1159,914,589,455,268,210,208,149
2021,"Brent 032","E02000124",9953,670,541,539,478,581,909,902,858,843,807,713,563,425,422,290,190,116,106
2021,"Brent 033","E02000125",9938,641,610,537,455,491,765,920,823,812,725,772,658,537,387,263,204,170,168
2021,"Brent 034","E02000126",8193,436,517,542,540,573,799,744,580,585,612,635,516,380,246,167,147,93,81
2021,"Bromley 001","E02000127",9329,656,663,673,557,492,533,719,762,764,631,619,602,468,336,313,206,170,165
2021,"Bromley 002","E02000128",7791,521,515,551,416,324,364,537,605,640,480,548,513,447,333,382,254,188,173
2021,"Bromley 004","E02000130",8425,546,523,463,359,355,543,720,802,707,714,567,547,410,334,320,261,127,127
2021,"Bromley 005","E02000131",10486,779,520,470,461,385,998,1416,1247,968,886,735,537,376,238,210,123,70,67
2021,"Bromley 006","E02000132",9835,640,483,411,312,325,801,1148,1024,958,728,609,523,402,375,420,265,188,223
2021,"Bromley 007","E02000133",10753,561,652,706,568,388,490,567,668,844,855,825,799,616,537,517,426,296,438
2021,"Bromley 008","E02000134",11751,790,713,674,488,543,892,1125,1078,951,884,831,660,574,428,421,291,193,215
2021,"Bromley 009","E02000135",9870,612,579,603,617,540,770,931,931,702,706,754,650,467,342,229,161,117,159
2021,"Bromley 010","E02000136",5744,326,333,365,315,296,264,326,360,365,353,392,418,351,250,274,247,221,288
2021,"Bromley 011","E02000137",8397,494,498,498,337,290,450,617,690,671,646,582,542,410,373,441,334,221,303
2021,"Bromley 012","E02000138",8502,474,382,348,273,281,454,582,710,718,602,610,566,496,419,480,418,314,375
2021,"Bromley 013","E02000139",7714,527,512,457,346,283,437,630,736,728,666,546,481,440,306,258,154,109,98
2021,"Bromley 014","E02000140",8677,668,614,682,613,538,549,605,610,611,575,616,568,398,291,286,187,136,130
2021,"Bromley 015","E02000141",7233,525,423,390,335,316,441,625,713,646,560,560,481,352,266,221,158,120,101
2021,"Bromley 016","E02000142",8816,514,578,631,442,381,512,571,609,699,654,724,570,448,381,400,269,209,224
2021,"Bromley 018","E02000144",10062,641,662,550,403,386,758,1063,1025,823,711,613,605,456,324,359,285,194,204
2021,"Bromley 019","E02000145",8822,671,750,613,523,430,589,639,695,609,570,628,556,420,320,297,220,167,125
2021,"Bromley 020","E02000146",9702,668,629,566,455,393,560,811,844,840,732,651,638,475,332,318,249,222,319
2021,"Bromley 021","E02000147",8192,425,515,581,482,376,388,282,454,580,575,602,642,544,426,503,334,231,252
2021,"Bromley 022","E02000148",6723,366,443,437,331,261,274,319,413,488,512,481,466,436,367,387,316,220,206
2021,"Bromley 023","E02000149",8167,531,519,519,455,449,513,603,614,559,541,605,545,482,328,334,211,177,182
2021,"Bromley 024","E02000150",8519,393,560,698,477,440,404,407,481,635,654,696,704,536,365,391,269,184,225
2021,"Bromley 025","E02000151",7543,482,515,455,332,249,265,360,519,579,571,561,517,440,408,423,378,259,230
2021,"Bromley 026","E02000152",7960,538,632,567,487,395,470,536,644,576,593,550,501,369,286,279,199,131,207
2021,"Bromley 027","E02000153",8111,397,553,656,510,393,320,301,495,607,626,668,605,466,353,474,287,198,202
2021,"Bromley 028","E02000154",8528,488,507,458,387,396,561,681,649,624,532,592,527,480,421,420,352,212,241
2021,"Bromley 029","E02000155",7154,367,342,404,345,305,350,449,443,412,427,574,513,513,397,410,357,283,263
2021,"Bromley 030","E02000156",12294,553,715,812,669,550,536,536,648,837,811,911,942,864,682,708,545,420,555
2021,"Bromley 031","E02000157",8367,373,556,581,476,391,342,362,493,603,591,583,609,489,426,474,373,302,343
2021,"Bromley 032","E02000158",7792,478,514,561,497,353,336,420,522,571,431,583,544,409,333,412,342,218,268
2021,"Bromley 033","E02000159",7118,309,355,454,438,350,323,355,354,418,481,590,585,451,406,478,278,246,247
2021,"Bromley 034","E02000160",8107,340,469,634,506,435,327,305,381,570,608,655,665,506,418,477,304,240,267
2021,"Bromley 035","E02000161",8701,451,631,570,519,355,373,428,631,729,641,599,560,505,403,484,343,242,237
2021,"Bromley 036","E02000162",7125,299,448,488,397,317,352,346,390,474,494,530,496,356,370,412,324,288,344
2021,"Bromley 037","E02000163",7716,385,484,451,428,331,315,394,497,513,539,564,548,520,441,461,352,239,254
2021,"Bromley 039","E02000165",7171,406,436,459,432,373,367,468,511,439,479,509,521,446,380,408,276,140,121
2021,"Camden 001","E02000166",7743,327,346,462,457,408,569,555,512,491,529,585,579,497,396,410,263,199,158
2021,"Camden 002","E02000167",7201,345,406,382,304,298,473,577,546,556,579,580,442,390,298,348,294,197,186
2021,"Camden 003","E02000168",7814,350,359,421,352,543,864,706,574,586,547,546,526,390,339,266,214,109,122
2021,"Camden 004","E02000169",7176,448,427,450,388,290,476,535,554,610,563,544,444,319,263,274,260,176,155
2021,"Camden 005","E02000170",7916,416,404,449,359,500,858,765,706,642,617,508,433,293,272,268,191,133,102
2021,"Camden 006","E02000171",7390,354,380,377,347,434,729,699,609,524,521,505,441,406,280,327,212,121,124
2021,"Camden 007","E02000172",9998,524,564,624,735,846,988,961,747,686,609,606,593,443,327,268,184,154,139
2021,"Camden 008","E02000173",7492,465,437,357,273,428,736,821,735,661,564,486,341,267,211,230,206,141,133
2021,"Camden 009","E02000174",8085,370,419,449,451,765,866,843,645,544,447,554,483,361,288,223,180,117,80
2021,"Camden 010","E02000175",9083,444,332,353,455,725,1350,1222,906,672,575,494,409,313,266,231,159,108,69
2021,"Camden 011","E02000176",5914,336,307,265,173,258,539,677,609,546,448,434,347,229,213,182,152,91,108
2021,"Camden 012","E02000177",8495,429,406,466,506,792,870,841,691,555,535,534,465,361,278,266,186,152,162
2021,"Camden 013","E02000178",8905,479,366,387,357,696,1273,1128,826,660,561,519,488,324,252,255,159,92,83
2021,"Camden 014","E02000179",5749,284,319,350,343,363,492,528,454,425,411,383,338,271,208,208,141,115,116
2021,"Camden 015","E02000180",7879,329,336,401,391,983,917,910,651,493,451,487,397,349,251,205,158,91,79
2021,"Camden 016","E02000181",8076,461,361,339,288,509,1064,1074,816,650,547,502,341,321,243,211,159,87,103
2021,"Camden 017","E02000182",7117,459,419,384,361,489,664,698,636,622,466,451,335,300,202,195,162,110,164
2021,"Camden 018","E02000183",7591,388,339,352,344,523,737,741,556,485,482,542,488,414,326,305,245,179,145
2021,"Camden 019","E02000184",8907,373,364,353,811,1377,1075,855,678,574,454,475,447,364,225,190,134,82,76
2021,"Camden 020","E02000185",8883,466,506,543,553,626,871,856,682,597,612,587,507,360,331,306,204,144,132
2021,"Camden 021","E02000186",6224,233,234,268,332,924,782,655,470,379,340,362,352,255,193,155,130,81,79
2021,"Camden 022","E02000187",9784,500,543,642,802,1458,951,861,680,549,526,549,481,392,292,222,147,106,83
2021,"Camden 023","E02000188",7178,354,367,419,779,965,618,561,452,423,418,457,448,272,215,149,105,89,87
2021,"Camden 026","E02000191",5340,111,96,96,1134,1049,584,440,298,228,223,223,219,197,124,103,88,65,62
2021,"Camden 027","E02000192",6658,252,308,300,372,777,739,594,476,423,433,431,458,332,257,211,131,85,79
2021,"Camden 028","E02000193",5958,155,135,141,379,1105,722,518,382,331,309,366,379,294,219,209,152,79,83
2021,"Croydon 001","E02000194",9212,627,534,486,407,398,715,1004,898,764,718,585,553,434,346,284,182,135,142
2021,"Croydon 002","E02000195",9646,573,587,639,540,504,547,630,681,764,680,629,710,592,429,384,309,220,228
2021,"Croydon 003","E02000196",7914,486,403,445,468,436,651,713,577,536,472,517,514,447,362,287,217,179,204
2021,"Croydon 004","E02000197",9025,476,534,593,527,539,637,737,702,695,628,632,618,469,348,318,235,180,157
2021,"Croydon 005","E02000198",8885,577,606,581,613,534,622,668,704,696,646,730,645,450,269,211,141,108,84
2021,"Croydon 006","E02000199",8413,511,473,569,553,508,579,618,634,627,591,666,625,510,339,253,164,102,91
2021,"Croydon 007","E02000200",9048,598,491,526,447,429,673,900,857,752,616,675,602,456,279,238,192,141,176
2021,"Croydon 008","E02000201",8696,602,593,604,465,468,624,796,822,683,575,623,548,475,259,212,142,110,95
2021,"Croydon 009","E02000202",8926,468,540,645,646,534,627,669,602,597,561,661,687,526,358,305,197,165,138
2021,"Croydon 010","E02000203",7965,541,494,528,499,458,526,639,634,587,549,544,587,460,278,241,151,132,117
2021,"Croydon 011","E02000204",9656,629,636,660,573,639,758,718,668,646,616,680,662,546,389,287,230,172,147
2021,"Croydon 013","E02000206",10817,836,741,737,631,631,815,972,986,788,764,781,593,487,350,242,173,142,148
2021,"Croydon 014","E02000207",8902,530,535,528,577,618,729,702,686,624,565,683,780,504,292,214,146,116,73
2021,"Croydon 015","E02000208",10863,920,864,803,677,658,895,904,973,853,766,737,594,435,283,176,125,106,94
2021,"Croydon 016","E02000209",9063,532,688,721,654,631,670,679,651,678,603,715,587,435,266,212,157,89,95
2021,"Croydon 017","E02000210",8712,565,578,516,530,467,605,769,748,651,646,666,634,445,305,233,144,116,94
2021,"Croydon 018","E02000211",8275,419,417,521,443,411,496,500,540,509,470,612,642,526,439,468,377,251,234
2021,"Croydon 019","E02000212",9459,679,711,737,683,687,686,766,701,683,696,704,528,419,299,179,120,104,77
2021,"Croydon 020","E02000213",12798,1122,933,743,615,808,1274,1332,1272,1036,824,889,601,472,274,238,164,112,89
2021,"Croydon 021","E02000214",6236,392,335,361,319,314,371,389,428,409,386,458,482,446,339,321,188,163,135
2021,"Croydon 022","E02000215",11825,919,667,525,476,664,1104,1496,1164,909,732,740,626,498,386,321,225,202,171
2021,"Croydon 023","E02000216",7159,460,456,420,319,287,428,633,698,638,483,350,379,346,287,285,242,217,231
2021,"Croydon 024","E02000217",11926,940,798,746,619,677,1083,1313,1232,927,819,762,688,465,300,194,161,125,77
2021,"Croydon 025","E02000218",6669,369,487,580,518,413,372,350,374,410,453,480,463,379,311,274,179,129,128
2021,"Croydon 026","E02000219",7631,302,344,377,399,394,425,375,386,397,451,535,631,583,467,532,416,295,322
2021,"Croydon 028","E02000221",10858,699,791,854,768,641,745,810,790,810,759,802,681,499,322,322,189,170,206
2021,"Croydon 029","E02000222",8350,557,505,500,325,355,704,822,741,738,599,537,556,367,322,259,184,153,126
2021,"Croydon 030","E02000223",8532,510,797,1000,888,554,492,473,501,537,642,579,477,319,225,175,168,108,87
2021,"Croydon 031","E02000224",8052,594,497,477,405,418,672,794,732,612,517,539,520,357,284,264,180,106,84
2021,"Croydon 032","E02000225",7498,416,536,595,560,492,422,468,448,462,518,558,535,433,308,306,203,130,108
2021,"Croydon 033","E02000226",7613,349,421,469,466,383,357,341,451,488,437,562,603,534,472,454,328,259,239
2021,"Croydon 034","E02000227",11684,680,769,713,613,603,718,789,804,826,711,820,836,700,568,674,383,235,242
2021,"Croydon 035","E02000228",7955,422,512,526,365,334,292,332,515,585,520,538,531,542,475,530,353,270,313
2021,"Croydon 036","E02000229",6235,369,474,551,468,388,368,389,412,363,437,478,442,281,236,201,133,124,121
2021,"Croydon 037","E02000230",10503,647,588,597,481,496,641,852,803,785,691,655,797,564,540,431,348,275,312
2021,"Croydon 038","E02000231",7928,388,438,467,436,428,485,436,476,522,457,550,603,561,476,417,313,201,274
2021,"Croydon 039","E02000232",6196,291,359,395,374,298,260,285,346,432,402,480,462,362,347,434,247,204,218
2021,"Croydon 040","E02000233",6361,413,452,431,323,276,402,491,522,478,405,457,382,328,272,251,175,126,177
2021,"Croydon 041","E02000234",9449,647,639,627,532,452,540,734,767,683,636,619,591,498,381,416,295,200,192
2021,"Croydon 042","E02000235",6886,390,398,405,347,336,310,396,511,455,503,521,519,454,355,353,274,174,185
2021,"Croydon 043","E02000236",9130,714,650,596,465,414,417,729,823,742,593,596,569,413,416,413,251,189,140
2021,"Croydon 044","E02000237",7601,461,456,474,365,312,321,404,538,508,445,498,542,490,425,461,393,236,272
2021,"Ealing 001","E02000238",10709,618,653,678,674,675,808,988,993,859,792,718,609,551,365,271,211,139,107
2021,"Ealing 002","E02000239",9043,450,477,569,509,503,647,761,791,727,584,542,562,550,394,364,256,186,171
2021,"Ealing 003","E02000240",11209,713,765,842,790,669,815,834,835,864,830,765,658,540,412,373,218,147,139
2021,"Ealing 004","E02000241",7395,439,458,485,486,410,520,612,603,557,564,531,461,393,276,225,145,110,120
2021,"Ealing 005","E02000242",6885,345,395,415,431,438,501,513,563,568,478,458,463,390,315,231,136,140,105
2021,"Ealing 006","E02000243",8721,470,455,570,526,498,626,652,696,737,595,624,581,463,367,294,215,177,175
2021,"Ealing 007","E02000244",7886,453,463,494,464,402,565,608,727,709,560,533,485,432,273,279,197,123,119
2021,"Ealing 008","E02000245",9309,805,716,705,621,511,697,814,726,691,633,607,547,432,268,204,134,103,95
2021,"Ealing 009","E02000246",9461,618,664,841,679,630,618,658,742,715,606,631,619,455,304,257,186,133,105
2021,"Ealing 010","E02000247",11157,725,778,845,716,659,746,844,924,943,761,803,573,520,372,302,233,201,212
2021,"Ealing 011","E02000248",7715,571,479,456,303,446,613,700,709,711,521,529,357,325,257,300,173,134,131
2021,"Ealing 012","E02000249",8379,513,500,581,500,506,614,625,651,692,558,581,519,398,295,261,222,191,172
2021,"Ealing 013","E02000250",6485,311,439,432,322,251,376,335,422,493,529,538,412,371,388,326,217,154,169
2021,"Ealing 014","E02000251",8315,449,551,563,502,441,584,615,675,664,510,510,558,537,369,299,184,168,136
2021,"Ealing 015","E02000252",12237,570,523,570,1697,1487,1273,1083,986,778,696,609,497,425,344,207,157,148,187
2021,"Ealing 016","E02000253",10343,630,708,817,769,639,646,607,731,740,803,715,681,471,407,355,272,183,169
2021,"Ealing 017","E02000254",9212,448,510,622,586,584,695,645,698,654,658,600,636,591,409,306,222,194,154
2021,"Ealing 018","E02000255",9864,576,590,680,609,610,655,759,755,687,666,669,707,499,374,401,275,178,174
2021,"Ealing 019","E02000256",9184,476,459,403,375,506,939,963,824,820,630,639,566,419,328,305,208,155,169
2021,"Ealing 021","E02000258",6905,398,496,463,297,471,612,574,625,634,462,378,408,326,225,204,132,100,100
2021,"Ealing 022","E02000259",6585,346,462,519,406,295,418,423,463,601,545,496,416,349,251,223,164,99,109
2021,"Ealing 023","E02000260",9839,519,693,650,650,616,639,730,752,732,769,654,531,492,443,342,243,210,174
2021,"Ealing 024","E02000261",12651,756,672,735,624,959,1501,1467,1101,957,777,820,656,404,360,321,202,192,147
2021,"Ealing 025","E02000262",9345,571,565,526,433,661,900,901,805,726,688,667,577,391,292,233,169,120,120
2021,"Ealing 026","E02000263",13702,772,889,1000,1005,940,968,959,1001,1135,1085,964,790,660,488,349,281,233,183
2021,"Ealing 027","E02000264",8493,374,343,423,342,645,902,830,753,675,562,512,482,459,341,281,217,183,169
2021,"Ealing 028","E02000265",11234,718,635,670,550,648,912,1081,1071,974,832,786,616,512,359,341,230,175,124
2021,"Ealing 029","E02000266",13114,834,794,956,920,859,1116,1123,1015,997,913,835,802,625,438,354,215,158,160
2021,"Ealing 030","E02000267",8148,497,558,586,417,362,553,632,675,790,725,586,518,374,321,223,152,94,85
2021,"Ealing 031","E02000268",9249,471,452,439,415,613,732,728,824,707,725,614,681,477,410,404,236,159,162
2021,"Ealing 032","E02000269",8168,513,511,478,327,335,575,630,788,698,609,603,560,444,335,278,174,159,151
2021,"Ealing 033","E02000270",9602,701,553,508,470,546,1041,1218,984,805,652,541,485,321,258,185,144,95,95
2021,"Ealing 034","E02000271",6950,426,435,382,282,320,469,541,592,553,542,575,521,371,278,281,174,114,94
2021,"Ealing 035","E02000272",6712,329,443,482,367,299,336,354,475,547,548,545,471,359,319,308,234,152,144
2021,"Ealing 038","E02000275",8170,441,544,523,523,500,602,678,580,637,534,536,527,413,381,282,173,150,146
2021,"Ealing 039","E02000276",6765,426,424,437,296,391,472,594,611,618,536,512,392,288,241,169,151,111,96
2021,"Enfield 001","E02000277",7523,487,547,654,535,482,524,452,454,502,535,502,528,361,264,213,166,151,166
2021,"Enfield 002","E02000278",9430,570,727,824,735,635,559,685,657,638,597,666,638,445,296,256,204,163,135
2021,"Enfield 003","E02000279",12322,948,999,1117,891,765,955,898,950,872,917,778,776,506,339,245,162,116,88
2021,"Enfield 004","E02000280",8635,583,603,584,498,391,442,561,587,670,643,598,587,435,383,379,293,177,221
2021,"Enfield 005","E02000281",9653,655,770,728,669,558,618,683,670,801,653,680,593,458,321,301,202,148,145
2021,"Enfield 006","E02000282",9950,781,864,932,845,653,661,638,651,722,640,698,545,441,257,249,154,120,99
2021,"Enfield 007","E02000283",8543,525,617,731,694,583,648,506,579,553,564,586,567,437,267,238,180,156,112
2021,"Enfield 008","E02000284",8738,601,531,558,465,359,510,630,727,749,628,647,589,440,363,337,248,181,175
2021,"Enfield 009","E02000285",6643,372,394,415,360,360,339,342,433,479,417,508,518,459,352,336,222,151,186
2021,"Enfield 010","E02000286",8686,498,484,547,354,298,488,656,635,697,638,537,553,491,447,433,334,265,331
2021,"Enfield 011","E02000287",7358,391,364,493,362,333,396,444,482,504,494,490,489,442,400,380,319,289,286
2021,"Enfield 012","E02000288",12786,888,1002,1162,1149,1022,791,851,875,886,875,861,722,546,316,275,231,183,151
2021,"Enfield 013","E02000289",6778,325,419,464,378,358,339,334,392,470,464,514,537,420,328,371,245,210,210
2021,"Enfield 014","E02000290",6685,549,584,597,483,378,481,530,551,507,433,400,337,291,202,121,99,78,64
2021,"Enfield 015","E02000291",10159,727,644,614,517,508,673,914,865,787,731,640,597,466,384,346,256,202,288
2021,"Enfield 016","E02000292",9837,639,704,735,672,563,552,727,732,765,688,663,630,497,365,318,244,192,151
2021,"Enfield 017","E02000293",6396,293,376,415,344,289,296,297,353,429,432,495,492,418,364,358,303,204,238
2021,"Enfield 018","E02000294",9370,526,712,791,721,645,601,552,610,648,593,638,643,466,362,309,236,186,131
2021,"Enfield 019","E02000295",8691,535,588,570,473,370,440,586,700,729,661,589,552,479,362,320,228,256,253
2021,"Enfield 020","E02000296",10342,624,645,685,570,500,627,845,887,884,774,695,536,480,349,357,305,293,286
2021,"Enfield 021","E02000297",9396,535,499,534,452,489,498,561,648,622,606,685,650,633,571,511,342,284,276
2021,"Enfield 022","E02000298",8254,463,485,542,384,336,444,467,579,625,598,627,603,526,453,423,292,208,199
2021,"Enfield 023","E02000299",9494,624,764,820,709,610,577,629,664,704,630,665,546,485,349,229,176,176,137
2021,"Enfield 024","E02000300",8853,674,643,684,595,576,605,755,628,560,570,608,508,459,310,234,182,147,115
2021,"Enfield 025","E02000301",10222,655,813,830,791,718,716,721,683,717,700,679,650,494,331,283,173,141,127
2021,"Enfield 026","E02000302",8669,493,598,502,463,467,522,548,675,641,626,580,597,502,389,401,281,194,190
2021,"Enfield 027","E02000303",8369,564,560,639,674,674,598,551,571,568,553,577,494,412,304,226,154,120,130
2021,"Enfield 028","E02000304",8038,420,480,496,418,340,376,440,508,619,554,580,638,501,438,409,334,220,267
2021,"Enfield 029","E02000305",8874,565,462,458,394,401,585,750,758,778,615,662,657,528,399,294,232,144,192
2021,"Enfield 030","E02000306",9133,670,707,751,707,579,640,666,664,619,665,621,535,433,292,210,149,132,93
2021,"Enfield 031","E02000307",10112,597,714,797,753,630,661,660,687,673,688,690,679,572,417,335,228,177,154
2021,"Enfield 032","E02000308",8760,532,494,572,509,550,711,760,721,729,594,562,533,429,304,258,211,153,138
2021,"Enfield 033","E02000309",11793,875,1045,921,881,756,879,847,865,871,789,771,691,513,369,233,158,143,186
2021,"Enfield 035","E02000311",10544,647,598,638,583,737,866,852,761,777,733,695,668,602,409,381,230,185,182
2021,"Enfield 036","E02000312",11302,780,606,516,516,567,896,1049,1085,1073,776,733,666,562,426,396,237,220,198
2021,"Greenwich 001","E02000313",6491,434,475,595,435,384,414,404,436,509,541,527,420,333,240,157,102,45,40
2021,"Greenwich 002","E02000314",14104,1008,1099,1161,940,1207,983,1135,1109,1269,1180,978,840,495,274,178,107,78,63
2021,"Greenwich 003","E02000315",9871,675,832,923,693,578,726,750,764,673,683,668,591,432,313,206,157,83,124
2021,"Greenwich 005","E02000317",7559,512,554,579,504,501,584,622,601,574,549,553,387,345,257,175,107,90,65
2021,"Greenwich 006","E02000318",11064,806,763,660,633,712,955,987,912,844,674,777,633,519,390,289,233,145,132
2021,"Greenwich 007","E02000319",10617,749,746,682,537,637,843,1016,953,912,795,713,704,476,326,237,147,75,69
2021,"Greenwich 008","E02000320",7040,450,516,511,395,416,528,560,585,550,487,496,437,365,274,194,142,77,57
2021,"Greenwich 009","E02000321",7721,531,577,532,436,482,595,705,633,589,513,509,453,424,238,190,140,95,79
2021,"Greenwich 011","E02000323",12860,918,946,862,852,868,1108,1372,1173,1053,872,785,606,474,341,246,168,118,98
2021,"Greenwich 012","E02000324",7867,514,574,553,520,488,588,628,595,581,586,529,425,396,274,221,161,114,120
2021,"Greenwich 014","E02000326",7795,482,502,462,322,358,643,787,768,698,628,577,434,356,244,221,144,86,83
2021,"Greenwich 015","E02000327",6625,493,462,436,437,464,593,635,581,497,466,450,374,273,181,123,69,51,40
2021,"Greenwich 016","E02000328",6511,361,365,354,286,256,493,608,522,554,560,474,386,363,275,246,175,104,129
2021,"Greenwich 017","E02000329",6334,419,407,403,342,328,409,441,454,493,417,465,423,374,329,209,189,115,117
2021,"Greenwich 019","E02000331",8234,569,551,542,480,479,647,719,767,662,575,571,441,379,277,223,150,113,89
2021,"Greenwich 020","E02000332",7453,451,508,495,323,408,405,538,596,637,557,585,479,416,316,271,230,129,109
2021,"Greenwich 021","E02000333",6240,321,377,371,192,242,483,571,550,554,460,464,396,270,207,246,218,166,152
2021,"Greenwich 022","E02000334",6637,409,385,431,422,368,397,475,583,497,463,492,468,334,280,245,146,126,116
2021,"Greenwich 023","E02000335",6677,464,450,419,297,300,354,363,553,558,465,509,446,367,317,299,205,147,164
2021,"Greenwich 025","E02000337",8470,474,596,654,532,479,531,582,671,652,570,584,577,465,319,303,223,146,112
2021,"Greenwich 027","E02000339",6290,363,390,382,307,321,327,367,464,441,475,482,385,366,360,308,228,154,170
2021,"Greenwich 028","E02000340",6874,399,388,394,290,331,446,532,526,543,458,446,436,342,333,337,270,181,222
2021,"Greenwich 029","E02000341",7998,527,600,698,523,415,485,580,640,623,508,585,503,367,279,258,183,127,97
2021,"Greenwich 030","E02000342",6350,379,403,390,549,631,432,515,491,432,347,393,359,273,224,222,112,86,112
2021,"Greenwich 031","E02000343",7048,418,477,450,406,386,461,505,503,504,464,529,452,390,289,303,205,161,145
2021,"Greenwich 032","E02000344",6429,433,398,363,331,350,366,414,478,490,425,451,427,353,302,324,233,153,138
2021,"Hackney 001","E02000345",8206,921,865,894,702,699,553,504,618,476,376,348,273,266,266,203,104,77,61
2021,"Hackney 002","E02000346",9398,703,621,489,422,694,1235,1250,896,706,487,438,443,329,244,177,115,78,71
2021,"Hackney 003","E02000347",8153,910,808,791,643,665,660,638,503,482,431,350,328,264,237,180,100,76,87
2021,"Hackney 004","E02000348",8106,909,862,787,655,613,577,590,522,481,417,393,374,295,223,158,103,76,71
2021,"Hackney 006","E02000350",10241,755,667,577,556,626,1345,1241,963,721,595,600,508,375,275,168,124,79,66
2021,"Hackney 007","E02000351",9284,519,416,349,337,627,1405,1460,981,762,518,499,423,293,247,177,123,87,61
2021,"Hackney 008","E02000352",6746,478,423,497,394,372,552,650,559,594,438,406,368,314,228,205,101,83,84
2021,"Hackney 009","E02000353",7764,414,415,374,346,530,928,901,745,573,544,480,453,329,252,192,107,90,91
2021,"Hackney 010","E02000354",9609,461,468,565,571,642,1201,1232,919,687,626,562,535,358,271,201,132,114,64
2021,"Hackney 011","E02000355",8194,493,427,402,375,506,954,960,806,633,540,503,454,337,252,199,134,100,119
2021,"Hackney 012","E02000356",7034,367,326,376,312,354,879,863,678,610,501,475,409,292,189,183,97,62,61
2021,"Hackney 013","E02000357",6847,375,446,500,522,515,575,585,494,438,417,447,421,340,253,171,154,90,104
2021,"Hackney 014","E02000358",11088,523,499,542,503,627,1496,1546,1175,882,696,637,625,477,268,261,142,91,98
2021,"Hackney 015","E02000359",6698,464,379,387,343,457,689,701,658,536,394,457,345,312,179,160,97,77,63
2021,"Hackney 016","E02000360",11513,648,747,776,683,766,1235,1319,936,919,689,698,635,553,345,254,135,89,86
2021,"Hackney 017","E02000361",8057,395,358,370,300,558,1269,1284,800,590,535,401,410,267,168,130,87,74,61
2021,"Hackney 018","E02000362",6963,319,338,399,440,518,901,836,658,526,388,414,397,278,175,144,94,64,74
2021,"Hackney 019","E02000363",11882,737,856,950,804,841,1151,1185,1000,835,707,784,625,522,348,227,129,89,92
2021,"Hackney 020","E02000364",9219,448,428,471,421,534,1151,1208,840,639,568,591,551,402,327,229,178,123,110
2021,"Hackney 022","E02000366",8325,411,448,522,480,516,845,908,696,544,571,571,561,382,293,236,140,103,98
2021,"Hackney 023","E02000367",10417,475,466,476,469,712,1556,1704,1048,788,637,648,469,321,228,180,109,66,65
2021,"Hackney 024","E02000368",9922,500,527,591,546,721,1197,1145,869,660,568,618,595,473,282,273,153,106,98
2021,"Hackney 025","E02000369",13457,722,644,700,624,902,1766,2072,1470,1031,814,693,598,505,315,228,156,107,110
2021,"Hackney 026","E02000370",8862,420,468,437,459,725,1239,1209,847,648,610,470,439,350,184,148,91,66,52
2021,"Hammersmith and Fulham 001","E02000372",9983,450,452,485,483,1148,1153,1035,821,694,682,658,577,451,300,234,138,129,93
2021,"Hammersmith and Fulham 002","E02000373",7031,374,463,614,544,608,580,589,525,447,477,480,393,321,220,145,117,78,56
2021,"Hammersmith and Fulham 003","E02000374",6911,365,364,476,448,664,749,623,498,458,449,468,352,297,199,207,109,94,91
2021,"Hammersmith and Fulham 004","E02000375",7482,402,369,336,349,671,1035,805,603,484,473,515,469,332,213,173,101,86,66
2021,"Hammersmith and Fulham 005","E02000376",6702,281,257,283,233,575,1090,897,559,488,428,425,386,226,197,134,97,78,68
2021,"Hammersmith and Fulham 006","E02000377",7793,422,377,353,398,692,888,800,643,553,523,550,462,375,252,197,124,94,90
2021,"Hammersmith and Fulham 007","E02000378",6431,271,268,268,229,514,961,783,530,498,464,401,375,253,206,160,116,77,57
2021,"Hammersmith and Fulham 008","E02000379",7386,429,481,438,348,428,571,642,588,630,607,589,438,269,235,267,175,116,135
2021,"Hammersmith and Fulham 009","E02000380",5510,335,287,266,225,330,583,546,452,396,388,411,384,243,181,188,121,89,85
2021,"Hammersmith and Fulham 010","E02000381",7632,391,432,424,308,491,812,795,621,586,571,590,480,314,247,202,153,128,87
2021,"Hammersmith and Fulham 011","E02000382",6189,284,289,300,302,459,670,642,549,450,418,438,378,304,206,197,138,73,92
2021,"Hammersmith and Fulham 012","E02000383",8464,313,262,304,292,964,1128,951,671,546,566,519,454,370,299,281,224,154,166
2021,"Hammersmith and Fulham 013","E02000384",8266,351,367,339,397,868,1121,945,695,561,494,500,429,337,261,216,141,127,117
2021,"Hammersmith and Fulham 014","E02000385",5617,206,154,135,152,784,1110,759,438,351,336,303,269,163,143,116,98,70,30
2021,"Hammersmith and Fulham 015","E02000386",7581,315,347,395,435,841,1012,780,537,488,433,511,403,296,249,216,142,88,93
2021,"Hammersmith and Fulham 016","E02000387",6028,250,227,277,282,757,800,623,479,397,413,369,289,256,216,143,122,64,64
2021,"Hammersmith and Fulham 017","E02000388",8657,362,317,324,280,937,1402,1083,742,561,514,458,411,346,276,198,192,139,115
2021,"Hammersmith and Fulham 018","E02000389",8646,414,421,438,350,841,913,831,679,629,597,615,489,354,298,275,213,153,136
2021,"Hammersmith and Fulham 019","E02000390",6193,347,245,271,236,665,971,696,519,415,385,323,321,207,181,150,120,88,53
2021,"Hammersmith and Fulham 020","E02000391",7586,410,453,409,313,576,954,691,568,583,511,472,416,356,280,220,157,129,88
2021,"Hammersmith and Fulham 021","E02000392",9228,476,469,488,438,901,1276,1006,781,620,581,602,499,304,247,219,151,80,90
2021,"Hammersmith and Fulham 022","E02000393",5975,381,299,268,221,546,910,656,521,417,404,331,288,164,149,154,126,76,64
2021,"Hammersmith and Fulham 023","E02000394",9283,581,486,405,412,735,1207,1122,837,752,597,571,479,303,250,215,145,110,76
2021,"Hammersmith and Fulham 024","E02000395",5678,264,260,243,190,462,785,523,416,378,350,312,367,228,217,270,163,135,115
2021,"Hammersmith and Fulham 025","E02000396",6897,398,477,464,340,504,721,565,528,468,511,484,431,281,209,213,153,87,63
2021,"Haringey 001","E02000397",7908,429,422,445,337,448,659,884,808,732,568,584,465,328,240,213,146,119,81
2021,"Haringey 002","E02000398",7519,468,469,533,557,521,574,593,564,511,541,594,525,359,222,216,100,111,61
2021,"Haringey 004","E02000400",7989,439,510,578,483,458,645,623,621,592,637,578,498,396,276,247,182,119,107
2021,"Haringey 005","E02000401",6860,305,382,461,542,548,547,475,468,562,450,508,498,408,246,154,136,86,84
2021,"Haringey 006","E02000402",6471,361,383,427,471,446,511,486,472,486,454,471,486,344,255,142,94,111,71
2021,"Haringey 007","E02000403",7510,494,355,383,332,448,724,857,845,653,525,484,388,310,225,173,135,86,93
2021,"Haringey 008","E02000404",7112,337,370,416,432,501,637,692,642,550,520,479,410,339,256,196,143,113,79
2021,"Haringey 009","E02000405",6475,352,501,545,378,269,313,341,435,551,615,498,439,367,269,249,159,100,94
2021,"Haringey 010","E02000406",6736,318,285,321,396,531,640,658,636,529,516,498,457,306,203,173,113,83,73
2021,"Haringey 011","E02000407",7604,451,411,486,424,455,632,770,603,656,641,613,440,344,225,153,108,103,89
2021,"Haringey 012","E02000408",8253,515,563,596,505,563,630,669,742,539,608,668,496,353,238,217,135,115,101
2021,"Haringey 013","E02000409",6062,324,332,320,361,408,551,606,494,440,389,415,376,322,276,178,119,86,65
2021,"Haringey 014","E02000410",6418,339,353,447,448,249,404,431,456,592,539,516,465,328,258,271,148,92,82
2021,"Haringey 015","E02000411",11429,676,612,634,957,1123,1191,1181,980,840,713,721,639,387,266,207,139,101,62
2021,"Haringey 016","E02000412",7326,304,295,335,366,631,750,852,706,620,532,489,458,310,193,170,112,111,92
2021,"Haringey 017","E02000413",7758,437,547,625,482,378,439,469,565,654,585,627,544,392,302,252,189,126,145
2021,"Haringey 018","E02000414",7084,427,391,346,358,391,663,730,741,556,548,494,412,325,251,158,111,85,97
2021,"Haringey 019","E02000415",7242,391,354,368,340,495,698,746,855,593,550,460,363,287,207,195,118,131,91
2021,"Haringey 020","E02000416",8453,485,397,409,411,399,883,1079,871,779,562,536,483,332,254,236,156,89,92
2021,"Haringey 021","E02000417",6559,295,352,397,290,301,460,510,513,564,516,463,439,363,329,298,207,138,124
2021,"Haringey 022","E02000418",5428,271,335,326,260,202,276,339,419,439,410,401,431,352,307,281,181,98,100
2021,"Haringey 023","E02000419",8734,483,386,370,383,521,1028,1160,993,785,600,545,389,343,233,176,131,105,103
2021,"Haringey 024","E02000420",7991,443,362,359,347,499,819,906,811,642,557,505,489,365,281,238,157,93,118
2021,"Haringey 025","E02000421",8512,469,400,468,552,802,881,971,669,588,604,606,484,318,213,148,109,122,108
2021,"Haringey 026","E02000422",7459,510,392,450,392,461,637,850,633,628,525,476,475,322,230,170,125,111,72
2021,"Haringey 027","E02000423",6907,336,307,270,223,447,962,931,690,594,486,415,391,264,218,122,93,89,69
2021,"Haringey 028","E02000424",6754,352,349,345,308,300,559,704,637,558,524,580,468,334,273,195,135,67,66
2021,"Haringey 029","E02000425",8167,879,1010,996,709,447,482,646,550,588,380,375,298,254,175,151,83,79,65
2021,"Haringey 030","E02000426",6492,320,369,398,336,288,468,477,538,492,517,476,387,332,276,254,222,152,190
2021,"Haringey 031","E02000427",6622,327,238,237,234,456,887,831,693,518,566,398,360,289,195,150,82,73,88
2021,"Haringey 032","E02000428",8430,497,484,500,506,667,1016,958,773,620,520,489,478,302,206,158,111,82,63
2021,"Haringey 033","E02000429",6796,366,346,394,255,195,490,590,628,573,547,550,511,345,322,271,188,111,114
2021,"Haringey 034","E02000430",6921,391,327,325,221,322,712,807,704,571,515,500,438,335,244,220,137,75,77
2021,"Haringey 035","E02000431",5849,264,240,223,203,265,717,632,577,504,406,529,340,221,214,196,138,100,80
2021,"Haringey 036","E02000432",6119,296,242,199,207,364,910,799,604,437,407,418,353,266,244,166,110,54,43
2021,"Harrow 001","E02000433",8599,421,448,469,411,385,553,545,565,582,566,479,476,494,424,468,469,347,497
2021,"Harrow 002","E02000434",9845,559,517,538,536,521,715,873,758,746,651,580,551,530,468,437,280,259,326
2021,"Harrow 003","E02000435",8190,469,535,512,465,545,505,572,523,567,560,539,400,464,388,397,291,230,228
2021,"Harrow 004","E02000436",5756,250,308,303,296,256,305,292,343,385,329,387,413,410,371,395,282,230,201
2021,"Harrow 005","E02000437",8761,468,508,595,505,505,529,572,611,583,558,558,598,520,422,406,320,258,245
2021,"Harrow 006","E02000438",8548,549,515,651,511,405,509,506,618,667,544,585,518,470,386,332,261,229,292
2021,"Harrow 007","E02000439",9268,629,579,618,542,599,726,785,777,786,556,530,504,465,386,269,187,176,154
2021,"Harrow 008","E02000440",9604,529,640,631,554,532,628,574,682,728,669,611,639,527,558,425,278,195,204
2021,"Harrow 009","E02000441",7482,454,486,462,410,385,444,461,600,557,493,506,434,408,363,348,279,201,191
2021,"Harrow 010","E02000442",9583,627,551,597,587,633,877,863,784,666,628,612,559,507,387,279,168,157,101
2021,"Harrow 011","E02000443",10748,734,721,757,664,729,777,870,1019,815,615,716,591,458,372,283,230,188,209
2021,"Harrow 012","E02000444",8717,518,587,591,482,521,662,621,690,665,546,526,473,474,459,309,242,178,173
2021,"Harrow 013","E02000445",11772,864,888,731,750,709,932,947,1005,849,770,674,617,625,387,335,272,205,212
2021,"Harrow 015","E02000447",8192,506,541,555,458,409,479,634,675,694,528,477,506,490,362,345,252,140,141
2021,"Harrow 016","E02000448",7069,407,440,478,361,295,345,395,510,547,510,452,426,389,361,381,280,223,269
2021,"Harrow 017","E02000449",8297,504,431,469,443,592,672,696,672,562,493,512,543,490,405,279,202,169,163
2021,"Harrow 019","E02000451",6709,351,384,427,343,293,362,464,515,527,466,448,432,414,381,330,245,169,158
2021,"Harrow 020","E02000452",9503,705,653,516,496,583,811,1063,966,800,598,606,472,359,291,219,152,115,98
2021,"Harrow 021","E02000453",8384,578,528,490,430,461,650,765,785,690,512,519,518,404,331,263,179,156,125
2021,"Harrow 022","E02000454",7340,358,580,573,402,322,378,315,496,674,520,496,445,436,376,333,266,208,162
2021,"Harrow 023","E02000455",11669,903,659,504,435,652,1174,1658,1382,926,708,566,453,414,307,303,251,202,172
2021,"Harrow 024","E02000456",7824,441,437,460,442,519,611,711,563,647,558,473,555,386,319,256,174,136,136
2021,"Harrow 025","E02000457",7060,311,433,446,372,399,517,521,543,518,462,496,443,391,323,275,255,183,172
2021,"Harrow 027","E02000459",9323,622,596,650,520,537,664,788,878,755,674,571,516,458,321,303,189,146,135
2021,"Harrow 028","E02000460",7309,497,523,504,485,498,525,573,668,581,478,494,413,315,267,199,116,92,81
2021,"Harrow 029","E02000461",7290,408,335,526,857,380,461,614,595,580,523,422,378,296,253,236,165,125,136
2021,"Harrow 030","E02000462",6985,389,396,457,429,407,514,592,537,528,468,458,451,380,285,240,188,139,127
2021,"Harrow 031","E02000463",8706,425,555,649,631,624,553,523,590,634,641,631,589,480,384,323,220,148,106
2021,"Havering 001","E02000464",7754,498,525,540,498,477,440,588,571,559,489,484,459,404,317,299,214,179,213
2021,"Havering 002","E02000465",9346,662,768,672,568,529,562,714,830,689,662,622,592,473,296,290,163,114,140
2021,"Havering 003","E02000466",9069,624,626,568,539,560,547,639,676,515,580,600,567,505,417,418,281,227,180
2021,"Havering 004","E02000467",11457,848,1050,1014,821,660,771,878,876,841,678,721,636,548,371,331,158,122,133
2021,"Havering 005","E02000468",8648,548,613,574,544,490,476,555,599,626,522,607,550,465,384,405,269,210,211
2021,"Havering 006","E02000469",7281,537,530,524,430,386,472,509,555,490,463,499,430,373,276,302,233,130,142
2021,"Havering 007","E02000470",9779,650,515,479,429,446,773,918,831,615,577,597,587,534,442,490,357,235,304
2021,"Havering 008","E02000471",7822,378,447,421,411,413,425,421,462,454,465,534,563,554,458,491,380,259,286
2021,"Havering 009","E02000472",9471,562,613,615,535,484,561,684,634,694,607,627,583,528,471,472,348,224,229
2021,"Havering 010","E02000473",10493,669,720,620,532,566,673,776,870,731,619,695,668,565,502,457,334,249,247
2021,"Havering 011","E02000474",9185,666,654,562,503,469,596,748,779,631,546,588,567,464,350,362,241,218,241
2021,"Havering 012","E02000475",9614,576,544,500,437,424,626,721,689,643,589,655,593,572,501,519,424,265,336
2021,"Havering 013","E02000476",9364,731,578,425,388,550,949,1020,852,666,573,548,455,421,303,287,213,196,209
2021,"Havering 014","E02000477",9535,522,531,498,500,484,546,666,680,646,583,710,632,598,497,546,365,270,261
2021,"Havering 015","E02000478",5990,242,276,308,323,312,314,281,339,300,328,395,451,457,408,468,338,227,223
2021,"Havering 016","E02000479",9450,703,579,580,525,509,735,939,797,744,658,605,546,422,308,297,214,128,161
2021,"Havering 017","E02000480",13842,1141,1005,908,766,800,1165,1418,1223,956,807,824,759,545,413,383,263,196,270
2021,"Havering 018","E02000481",8233,465,490,539,423,422,449,434,538,546,481,573,564,480,390,440,353,258,388
2021,"Havering 019","E02000482",6590,283,363,450,398,310,247,236,369,445,506,516,433,388,381,402,280,272,311
2021,"Havering 020","E02000483",8002,447,445,398,359,417,544,593,558,497,475,506,541,502,427,423,336,251,283
2021,"Havering 021","E02000484",8492,439,451,492,495,450,545,527,530,550,558,635,655,602,426,449,287,193,208
2021,"Havering 022","E02000485",8472,493,514,494,407,421,534,613,626,584,535,601,571,483,407,385,312,255,237
2021,"Havering 023","E02000486",7355,400,408,327,331,381,470,510,467,446,439,498,581,502,419,393,313,228,242
2021,"Havering 024","E02000487",7913,329,423,478,423,392,319,319,387,464,557,566,638,544,490,596,401,267,320
2021,"Havering 025","E02000488",7581,392,397,367,356,380,448,485,502,433,419,500,614,492,480,507,342,226,241
2021,"Havering 026","E02000489",8635,545,607,514,469,453,503,609,647,577,534,545,580,570,381,388,308,209,196
2021,"Havering 027","E02000490",8468,550,538,504,505,493,552,611,591,542,483,549,567,472,354,403,278,230,246
2021,"Havering 028","E02000491",10640,750,739,749,703,682,757,862,778,708,670,724,633,515,378,354,260,198,180
2021,"Havering 029","E02000492",6827,349,386,394,363,357,451,464,383,398,398,443,509,429,358,360,313,243,229
2021,"Havering 030","E02000493",6735,496,525,452,383,385,487,558,548,451,409,404,433,340,262,207,147,140,108
2021,"Hillingdon 001","E02000494",7959,368,468,450,360,271,369,400,460,616,537,608,533,531,527,511,338,321,291
2021,"Hillingdon 002","E02000495",10415,612,665,639,467,493,697,753,820,855,714,687,606,466,468,494,380,297,302
2021,"Hillingdon 003","E02000496",7799,411,444,465,419,377,450,546,544,513,512,596,547,508,400,397,282,192,196
2021,"Hillingdon 004","E02000497",9521,539,622,648,467,479,526,615,716,772,629,631,631,562,408,404,309,261,302
2021,"Hillingdon 005","E02000498",6375,383,379,369,318,262,324,375,472,418,407,444,429,419,368,383,258,196,171
2021,"Hillingdon 006","E02000499",7729,388,451,429,401,370,370,395,566,543,497,536,568,501,412,420,322,272,288
2021,"Hillingdon 007","E02000500",8278,385,409,468,393,489,493,500,527,570,510,554,621,558,428,469,340,270,294
2021,"Hillingdon 008","E02000501",8473,496,559,502,423,361,484,526,763,672,527,622,589,453,380,369,299,209,239
2021,"Hillingdon 009","E02000502",8928,667,621,524,397,379,596,779,867,780,543,546,448,429,358,309,237,212,236
2021,"Hillingdon 010","E02000503",8688,590,544,503,445,405,491,664,762,707,576,652,639,488,377,317,201,167,160
2021,"Hillingdon 011","E02000504",7641,410,504,484,370,347,373,396,517,605,531,541,533,468,373,392,318,229,250
2021,"Hillingdon 013","E02000506",7960,381,457,442,421,364,454,404,488,601,572,551,559,522,475,434,344,223,268
2021,"Hillingdon 014","E02000507",8241,527,589,602,538,490,442,581,676,675,540,566,519,417,329,280,169,136,165
2021,"Hillingdon 015","E02000508",11948,806,702,553,1291,1293,922,1140,1094,917,686,611,522,381,301,239,180,148,162
2021,"Hillingdon 016","E02000509",10552,618,552,453,983,2099,935,841,730,599,557,469,434,357,329,228,145,116,107
2021,"Hillingdon 017","E02000510",9113,512,572,609,521,611,576,637,691,651,623,646,566,510,386,371,260,183,188
2021,"Hillingdon 018","E02000511",9930,639,686,681,654,603,644,663,792,718,680,704,662,492,333,309,246,217,207
2021,"Hillingdon 019","E02000512",8823,632,564,679,592,590,619,671,696,660,603,595,528,401,283,261,196,138,115
2021,"Hillingdon 020","E02000513",9758,795,846,796,639,553,677,822,817,755,727,611,537,381,255,208,127,100,112
2021,"Hillingdon 021","E02000514",10675,704,782,798,764,714,716,793,894,840,773,608,593,519,364,277,196,155,185
2021,"Hillingdon 022","E02000515",13290,1062,871,820,654,1085,1174,1343,1226,1050,771,830,665,528,354,314,210,156,177
2021,"Hillingdon 023","E02000516",8648,547,611,648,582,536,559,649,659,711,685,595,576,396,318,243,147,107,79
2021,"Hillingdon 024","E02000517",10468,731,774,883,712,627,741,793,865,762,747,661,550,470,366,287,191,123,185
2021,"Hillingdon 025","E02000518",9632,803,658,647,756,608,707,732,692,647,617,647,556,428,336,326,197,142,133
2021,"Hillingdon 026","E02000519",9555,586,728,787,663,657,597,655,698,721,672,594,569,482,356,293,179,160,158
2021,"Hillingdon 027","E02000520",14062,1019,1049,1001,877,924,1126,1239,1295,1117,957,862,713,600,412,315,236,176,144
2021,"Hillingdon 028","E02000521",13190,1034,960,978,846,824,1032,1340,1237,1088,874,760,690,489,365,245,163,132,133
2021,"Hillingdon 029","E02000522",9578,677,731,664,514,564,651,957,840,715,572,598,559,401,347,275,196,155,162
2021,"Hillingdon 030","E02000523",11370,718,761,727,682,845,971,1052,1013,906,814,710,618,471,393,264,180,140,105
2021,"Hillingdon 031","E02000524",7533,490,486,426,339,472,603,689,687,598,503,541,472,377,252,231,141,112,114
2021,"Hillingdon 032","E02000525",10061,708,758,764,565,577,796,869,911,836,719,691,540,421,272,270,141,119,104
2021,"Hounslow 001","E02000526",8640,405,462,484,445,461,630,728,742,739,654,672,577,418,357,331,235,139,161
2021,"Hounslow 004","E02000529",9715,646,734,648,603,596,690,889,794,744,662,606,515,477,398,290,180,135,108
2021,"Hounslow 005","E02000530",8118,579,671,698,603,556,521,650,638,668,498,485,486,347,246,189,118,94,71
2021,"Hounslow 006","E02000531",11583,705,697,633,544,621,870,1223,1085,944,781,796,744,564,438,345,244,198,151
2021,"Hounslow 007","E02000532",8977,497,519,559,476,446,532,506,620,844,679,662,636,529,431,405,296,173,167
2021,"Hounslow 008","E02000533",8402,451,548,536,408,363,520,682,642,658,702,653,531,426,410,379,215,157,121
2021,"Hounslow 009","E02000534",8559,505,523,512,446,463,631,717,738,767,682,593,430,376,324,303,222,196,131
2021,"Hounslow 010","E02000535",10049,558,629,627,561,632,701,824,847,754,677,606,546,573,493,352,292,165,212
2021,"Hounslow 011","E02000536",10843,645,723,657,697,657,808,936,922,845,770,706,561,531,449,336,219,191,190
2021,"Hounslow 012","E02000537",9846,546,529,542,439,701,921,850,939,792,647,677,492,436,393,316,246,202,178
2021,"Hounslow 013","E02000538",10105,599,635,601,564,668,889,872,902,783,795,697,502,481,397,276,198,137,109
2021,"Hounslow 014","E02000539",12223,808,836,828,660,645,768,1163,1251,1179,980,768,648,517,340,318,228,141,145
2021,"Hounslow 015","E02000540",12119,897,834,752,588,687,927,1194,1215,1079,886,703,633,509,343,322,230,170,150
2021,"Hounslow 016","E02000541",10621,720,688,609,645,594,684,919,994,899,825,665,565,516,396,311,273,165,153
2021,"Hounslow 017","E02000542",12305,892,882,783,719,756,846,1193,1197,1052,879,728,569,518,396,334,211,183,167
2021,"Hounslow 018","E02000543",14000,1124,967,841,713,709,1204,1487,1619,1264,1008,800,664,495,342,289,204,147,123
2021,"Hounslow 019","E02000544",8559,427,523,494,480,459,533,610,716,757,565,555,571,541,415,367,235,151,160
2021,"Hounslow 020","E02000545",9237,602,721,633,606,423,616,698,779,780,697,553,580,414,366,322,188,123,136
2021,"Hounslow 021","E02000546",10427,629,739,747,640,675,740,822,932,818,874,713,517,437,402,280,194,149,119
2021,"Hounslow 022","E02000547",11001,724,726,753,608,648,794,953,924,796,762,701,669,494,427,414,248,199,161
2021,"Hounslow 023","E02000548",10577,723,747,844,621,621,679,943,934,848,695,664,628,537,313,308,177,150,145
2021,"Hounslow 024","E02000549",12536,696,717,824,828,759,950,945,977,1025,897,859,811,633,467,402,302,227,217
2021,"Hounslow 025","E02000550",10714,700,802,831,660,642,732,929,1025,971,751,727,648,452,298,246,131,96,73
2021,"Hounslow 026","E02000551",9752,691,717,792,610,582,675,730,795,784,706,664,522,471,339,273,197,109,95
2021,"Hounslow 027","E02000552",9260,617,712,642,595,601,563,708,853,805,716,642,563,372,281,233,150,100,107
2021,"Hounslow 028","E02000553",7118,450,530,523,394,382,428,443,546,582,555,482,464,355,294,291,164,121,114
2021,"Islington 001","E02000554",9356,545,520,560,468,666,1004,964,828,706,608,607,568,433,285,257,129,127,81
2021,"Islington 002","E02000555",9572,479,481,555,442,779,1131,983,772,654,596,652,553,411,341,266,224,133,120
2021,"Islington 003","E02000556",11392,576,505,450,553,979,1709,1572,1025,741,663,655,538,473,318,269,144,109,113
2021,"Islington 004","E02000557",8783,415,389,445,336,689,1013,1017,798,710,531,581,497,420,295,200,202,132,113
2021,"Islington 005","E02000558",9432,603,541,570,516,830,1179,964,749,595,618,535,515,370,251,222,149,115,110
2021,"Islington 006","E02000559",9582,539,472,518,467,557,1293,1217,937,693,710,525,531,343,274,191,133,90,92
2021,"Islington 007","E02000560",7356,332,308,264,244,792,1270,980,673,515,433,415,324,228,171,142,111,83,71
2021,"Islington 008","E02000561",7389,325,323,381,397,467,869,829,559,532,486,516,451,344,284,253,182,104,87
2021,"Islington 009","E02000562",7863,400,374,369,366,426,926,1084,691,593,506,470,494,314,237,247,160,93,113
2021,"Islington 010","E02000563",8683,420,484,438,454,821,1029,1006,678,656,484,513,498,355,304,225,133,98,87
2021,"Islington 011","E02000564",12420,601,503,417,520,1239,2038,2005,1271,824,682,584,514,415,280,197,146,96,88
2021,"Islington 012","E02000565",8541,420,459,456,482,640,1076,1095,804,660,438,544,464,338,212,176,102,102,73
2021,"Islington 013","E02000566",8554,496,370,386,300,547,1193,1131,783,601,503,506,514,341,281,248,162,95,97
2021,"Islington 014","E02000567",10439,550,435,445,359,584,1396,1539,1007,783,565,678,647,477,317,252,174,113,118
2021,"Islington 015","E02000568",11339,549,583,535,674,1351,1424,1327,1049,739,557,570,625,403,307,222,155,149,120
2021,"Islington 016","E02000569",9939,576,518,523,427,625,1226,1173,860,659,617,628,579,443,303,304,212,133,133
2021,"Islington 017","E02000570",8286,422,324,331,285,484,1115,1249,743,561,449,538,465,374,298,287,161,135,65
2021,"Islington 018","E02000571",8927,612,368,358,443,575,1166,1141,837,626,456,631,546,338,253,226,149,106,96
2021,"Islington 019","E02000572",8603,412,446,489,519,1045,1015,841,644,518,449,502,465,401,272,221,146,111,107
2021,"Islington 020","E02000573",10313,516,360,342,439,796,1735,1503,934,617,526,574,510,453,313,277,194,108,116
2021,"Islington 021","E02000574",7832,294,247,226,520,931,1012,1001,649,445,429,475,451,345,251,241,119,97,99
2021,"Islington 022","E02000575",11312,584,407,388,773,1454,1527,1469,843,710,619,618,574,434,281,228,167,109,127
2021,"Islington 023","E02000576",10672,544,552,512,648,1198,1405,1223,870,663,680,580,506,366,304,245,137,118,121
2021,"Kensington and Chelsea 001","E02000577",7710,304,323,432,490,850,723,617,525,488,574,519,545,384,285,264,154,129,104
2021,"Kensington and Chelsea 002","E02000578",6014,331,345,354,461,367,448,471,453,352,392,421,411,394,218,228,155,114,99
2021,"Kensington and Chelsea 003","E02000579",8993,514,488,432,492,568,841,701,660,536,594,703,673,555,419,320,226,136,135
2021,"Kensington and Chelsea 004","E02000580",7897,282,291,324,305,499,798,825,653,608,512,520,625,519,391,286,228,159,72
2021,"Kensington and Chelsea 005","E02000581",7392,297,390,409,497,654,559,557,419,425,498,577,563,450,291,295,253,133,125
2021,"Kensington and Chelsea 006","E02000582",6539,289,254,232,246,460,723,733,554,428,439,468,436,307,248,236,173,150,163
2021,"Kensington and Chelsea 007","E02000583",6429,277,285,289,250,376,543,588,494,521,436,477,573,397,255,243,189,150,86
2021,"Kensington and Chelsea 008","E02000584",7171,343,398,372,334,507,479,552,551,502,633,560,517,335,285,295,214,163,131
2021,"Kensington and Chelsea 009","E02000585",8088,373,413,508,424,532,638,544,686,641,593,674,611,404,281,237,260,135,134
2021,"Kensington and Chelsea 010","E02000586",6474,249,253,336,277,650,700,486,427,443,460,474,476,435,229,233,165,100,81
2021,"Kensington and Chelsea 011","E02000587",6493,281,294,317,256,513,519,477,476,397,608,490,562,322,287,267,178,124,125
2021,"Kensington and Chelsea 012","E02000588",5983,243,265,234,224,533,485,477,407,432,501,621,398,306,230,210,161,130,126
2021,"Kensington and Chelsea 013","E02000589",7247,258,272,223,298,990,835,713,589,518,572,588,396,299,201,200,145,84,66
2021,"Kensington and Chelsea 014","E02000590",5970,222,214,246,277,522,542,478,378,342,414,441,451,441,297,245,184,143,133
2021,"Kensington and Chelsea 015","E02000591",6210,249,229,247,235,707,713,610,530,420,405,441,360,288,217,234,174,85,66
2021,"Kensington and Chelsea 016","E02000592",5764,272,245,261,231,570,610,529,419,390,443,416,388,286,198,188,134,91,93
2021,"Kensington and Chelsea 017","E02000593",7396,395,274,219,342,1003,712,698,606,475,447,636,515,256,240,236,165,100,77
2021,"Kensington and Chelsea 018","E02000594",6483,202,234,226,229,357,429,443,343,376,428,628,517,416,437,458,301,220,239
2021,"Kensington and Chelsea 019","E02000595",6163,287,304,239,238,419,513,453,422,460,372,476,512,345,287,305,226,160,145
2021,"Kensington and Chelsea 020","E02000596",6616,234,272,247,299,682,756,653,542,392,474,459,423,297,234,214,167,134,137
2021,"Kensington and Chelsea 021","E02000597",6336,264,321,336,301,443,499,472,431,444,403,494,493,391,323,277,172,149,123
2021,"Kingston upon Thames 001","E02000598",8093,360,656,749,530,312,255,260,427,711,752,681,618,490,352,380,231,155,174
2021,"Kingston upon Thames 002","E02000599",7009,252,390,505,507,412,384,286,322,415,484,581,496,447,371,389,277,216,275
2021,"Kingston upon Thames 003","E02000600",8360,512,597,603,413,488,589,686,694,681,718,522,419,342,284,300,227,134,151
2021,"Kingston upon Thames 004","E02000601",11906,776,880,877,624,596,712,991,987,1175,1057,846,668,485,372,314,258,157,131
2021,"Kingston upon Thames 005","E02000602",10309,665,639,628,699,1255,793,880,853,750,700,591,473,352,348,281,169,127,106
2021,"Kingston upon Thames 006","E02000603",8640,492,524,640,671,698,571,631,611,660,628,627,498,381,322,281,180,103,122
2021,"Kingston upon Thames 007","E02000604",9245,586,605,652,478,421,490,659,762,840,747,652,616,448,403,339,221,159,167
2021,"Kingston upon Thames 008","E02000605",8488,487,575,570,446,392,426,495,582,735,687,634,578,456,383,354,280,189,219
2021,"Kingston upon Thames 009","E02000606",10558,570,456,351,406,1414,1086,1082,995,854,703,565,468,418,320,346,215,155,154
2021,"Kingston upon Thames 010","E02000607",6792,378,397,381,525,705,370,460,543,537,473,469,391,310,228,231,170,119,105
2021,"Kingston upon Thames 011","E02000608",7202,400,275,239,323,604,824,937,759,571,566,437,302,258,186,205,139,89,88
2021,"Kingston upon Thames 012","E02000609",7629,350,445,506,479,445,408,399,442,547,594,533,573,473,378,408,263,208,178
2021,"Kingston upon Thames 013","E02000610",7955,451,418,317,276,486,819,924,785,703,531,463,383,335,264,272,196,138,194
2021,"Kingston upon Thames 014","E02000611",7443,376,515,509,446,373,292,276,464,572,563,571,478,472,409,419,302,206,200
2021,"Kingston upon Thames 015","E02000612",8255,444,476,479,412,409,424,472,550,635,580,570,553,502,446,506,313,246,238
2021,"Kingston upon Thames 016","E02000613",8096,568,582,506,384,337,501,601,755,678,681,558,461,335,290,291,228,158,182
2021,"Kingston upon Thames 017","E02000614",9294,567,599,618,567,596,679,667,741,724,651,656,601,451,378,312,205,143,139
2021,"Kingston upon Thames 018","E02000615",7881,426,520,532,459,411,465,472,561,582,583,598,552,463,320,349,259,159,170
2021,"Kingston upon Thames 019","E02000616",6060,360,391,361,314,294,333,479,489,488,414,440,417,340,265,267,175,125,108
2021,"Kingston upon Thames 020","E02000617",8862,538,569,563,489,512,566,631,658,633,578,642,645,461,408,358,247,195,169
2021,"Lambeth 002","E02000619",9100,464,472,507,451,685,1057,862,671,663,602,616,636,425,337,279,156,127,90
2021,"Lambeth 003","E02000620",9845,385,404,442,463,993,1435,980,827,646,588,709,634,426,285,201,176,139,112
2021,"Lambeth 004","E02000621",12521,434,335,388,575,1583,2330,1661,1023,824,718,670,584,442,311,226,145,131,141
2021,"Lambeth 005","E02000622",8403,355,297,321,373,849,1450,942,701,491,472,561,498,371,300,164,107,80,71
2021,"Lambeth 006","E02000623",7860,285,397,454,446,649,920,710,567,526,566,619,540,378,284,178,155,92,94
2021,"Lambeth 007","E02000624",9631,416,427,429,420,817,1669,1238,893,591,560,610,513,382,241,185,92,82,66
2021,"Lambeth 008","E02000625",9305,454,474,577,475,914,1454,967,708,622,580,655,477,390,215,144,70,69,60
2021,"Lambeth 009","E02000626",8361,414,495,552,515,626,790,805,622,658,597,669,606,407,243,114,111,78,59
2021,"Lambeth 010","E02000627",9553,418,386,407,483,1046,1625,1142,769,617,515,556,482,357,240,190,125,103,92
2021,"Lambeth 011","E02000628",10785,421,481,528,581,1118,1566,1300,794,608,668,694,631,523,274,232,154,122,90
2021,"Lambeth 012","E02000629",9120,332,335,294,258,1057,1955,1254,641,556,507,507,435,357,202,160,103,81,86
2021,"Lambeth 013","E02000630",7539,297,310,272,225,738,1383,915,651,509,437,397,385,286,240,195,142,92,65
2021,"Lambeth 014","E02000631",9523,478,454,539,574,773,1265,1066,692,651,637,606,598,367,288,212,140,103,80
2021,"Lambeth 015","E02000632",9590,239,196,215,182,1355,2725,1403,704,512,400,457,367,275,187,129,93,89,62
2021,"Lambeth 016","E02000633",9158,397,407,414,430,880,1567,1079,705,508,522,588,560,388,257,175,122,84,75
2021,"Lambeth 017","E02000634",6775,264,270,290,279,706,1295,722,501,357,355,411,373,330,188,150,110,75,99
2021,"Lambeth 018","E02000635",9818,431,445,395,363,736,1607,1373,844,642,616,625,617,434,235,188,109,102,56
2021,"Lambeth 019","E02000636",7717,417,366,367,223,749,1436,878,546,541,488,415,402,276,168,187,106,71,81
2021,"Lambeth 020","E02000637",8404,362,257,306,292,667,1704,1167,736,557,457,498,479,295,213,152,105,84,73
2021,"Lambeth 021","E02000638",10255,485,460,459,438,887,1589,1290,849,798,651,664,569,376,212,170,152,108,98
2021,"Lambeth 022","E02000639",8322,339,357,392,426,664,1034,1013,759,623,571,606,556,360,222,161,97,84,58
2021,"Lambeth 023","E02000640",9292,556,508,430,332,766,1648,1106,737,678,547,476,420,306,240,190,154,110,88
2021,"Lambeth 024","E02000641",8629,471,550,620,631,582,837,769,650,661,583,656,557,375,242,173,87,99,86
2021,"Lambeth 025","E02000642",9808,535,563,576,511,560,928,963,873,756,709,695,596,466,327,311,195,120,124
2021,"Lambeth 026","E02000643",9378,478,468,462,454,559,1160,1346,891,783,622,583,498,351,240,175,115,89,104
2021,"Lambeth 027","E02000644",8521,524,513,484,409,446,807,987,830,788,635,598,441,351,207,198,111,98,94
2021,"Lambeth 028","E02000645",9534,604,548,564,431,442,857,1100,874,786,765,670,625,441,261,248,146,91,81
2021,"Lambeth 029","E02000646",9499,478,499,487,338,534,1189,1126,922,787,727,612,540,332,291,220,169,131,117
2021,"Lambeth 030","E02000647",8592,576,516,461,443,421,697,774,716,641,657,634,565,403,350,259,173,163,143
2021,"Lambeth 031","E02000648",7822,529,543,571,511,435,518,662,645,593,598,644,466,324,249,193,163,91,87
2021,"Lambeth 032","E02000649",12472,723,630,609,451,767,1570,1634,1409,1028,886,801,624,410,304,224,160,121,121
2021,"Lambeth 033","E02000650",7663,483,488,462,370,380,624,844,687,634,544,559,475,390,248,179,102,120,74
2021,"Lambeth 034","E02000651",8742,549,438,470,358,433,857,1000,775,723,630,562,525,415,320,254,177,143,113
2021,"Lambeth 035","E02000652",7563,439,409,450,467,513,619,676,610,582,553,439,466,399,279,221,165,143,133
2021,"Lewisham 001","E02000653",12613,652,607,639,682,1047,1832,1960,1336,826,710,720,575,392,238,145,109,86,57
2021,"Lewisham 002","E02000654",8790,484,566,609,497,693,1040,1017,729,586,510,604,535,336,207,140,78,104,55
2021,"Lewisham 003","E02000655",10282,608,625,543,578,1044,1258,1137,930,820,636,592,548,370,218,132,103,70,70
2021,"Lewisham 005","E02000657",9906,488,532,444,654,1177,1238,1064,838,733,670,537,447,362,222,170,139,121,70
2021,"Lewisham 006","E02000658",8618,409,436,420,386,763,1024,1004,675,596,627,583,558,408,268,174,119,81,87
2021,"Lewisham 007","E02000659",8062,430,465,426,352,475,847,932,810,645,565,551,473,317,236,195,147,103,93
2021,"Lewisham 008","E02000660",8206,470,428,359,348,527,1069,1153,881,627,594,480,433,285,171,153,111,65,52
2021,"Lewisham 009","E02000661",6494,380,358,294,251,320,555,652,564,560,464,487,446,312,219,219,162,127,124
2021,"Lewisham 010","E02000662",8297,549,518,539,418,505,796,957,741,678,573,538,498,379,239,122,115,78,54
2021,"Lewisham 011","E02000663",6798,383,343,350,285,488,668,707,647,484,483,490,460,344,209,155,142,85,75
2021,"Lewisham 013","E02000665",8154,544,525,431,380,358,655,818,752,719,661,603,473,357,242,233,163,129,111
2021,"Lewisham 014","E02000666",7191,473,433,409,345,468,661,679,623,585,565,474,436,304,219,165,135,104,113
2021,"Lewisham 015","E02000667",6689,485,447,352,366,344,516,623,656,648,458,416,408,283,195,185,131,96,80
2021,"Lewisham 016","E02000668",6859,564,470,442,348,289,406,597,632,608,518,462,406,319,245,203,162,91,97
2021,"Lewisham 017","E02000669",7973,639,452,372,331,331,715,996,897,780,526,500,450,318,193,167,138,94,74
2021,"Lewisham 018","E02000670",6707,476,395,377,322,363,604,700,639,541,471,466,419,289,179,146,113,87,120
2021,"Lewisham 019","E02000671",8744,686,552,435,345,373,785,935,927,798,708,527,445,391,275,205,128,134,95
2021,"Lewisham 020","E02000672",10272,795,602,544,488,534,935,1127,1071,879,757,670,616,412,283,184,140,121,114
2021,"Lewisham 021","E02000673",8138,481,481,459,364,328,757,967,744,680,649,561,462,398,275,200,148,96,88
2021,"Lewisham 022","E02000674",8455,613,516,444,503,563,516,640,640,665,535,666,689,462,283,234,187,150,149
2021,"Lewisham 023","E02000675",8528,556,534,517,403,420,596,680,760,681,577,530,560,505,384,317,207,144,157
2021,"Lewisham 024","E02000676",7817,566,520,423,322,393,557,890,844,639,583,505,479,345,255,180,131,97,88
2021,"Lewisham 025","E02000677",7210,458,444,382,372,408,536,539,536,533,452,520,565,432,295,249,157,199,133
2021,"Lewisham 026","E02000678",6960,507,435,586,461,416,498,446,577,541,491,483,474,377,231,140,119,94,84
2021,"Lewisham 027","E02000679",8132,575,552,524,375,403,689,742,779,694,543,493,542,335,274,222,150,106,134
2021,"Lewisham 028","E02000680",7034,480,460,487,349,356,536,719,602,551,569,483,402,324,207,192,127,93,97
2021,"Lewisham 029","E02000681",8477,587,532,568,497,487,563,604,675,637,546,607,636,513,333,293,153,141,105
2021,"Lewisham 030","E02000682",8930,531,656,759,698,619,584,586,633,618,577,633,653,433,300,253,153,123,121
2021,"Lewisham 031","E02000683",6766,430,425,407,406,380,527,561,533,492,425,524,502,342,223,200,158,109,122
2021,"Lewisham 033","E02000685",8133,499,538,544,439,408,534,731,748,675,570,585,491,371,272,248,182,156,142
2021,"Lewisham 034","E02000686",7536,511,549,608,497,407,552,580,593,586,492,587,566,415,223,136,104,76,54
2021,"Lewisham 035","E02000687",8262,568,501,479,360,352,578,784,785,716,597,566,566,387,296,283,177,119,148
2021,"Merton 001","E02000689",9054,740,636,557,389,440,759,917,833,810,662,607,435,375,298,237,178,96,85
2021,"Merton 002","E02000690",5521,218,297,371,284,194,221,189,247,378,452,408,420,410,364,360,291,199,218
2021,"Merton 003","E02000691",7358,423,411,428,312,358,743,778,674,617,540,495,417,330,242,224,134,102,130
2021,"Merton 004","E02000692",7654,386,388,340,270,254,703,743,644,643,575,511,431,398,341,368,226,205,228
2021,"Merton 005","E02000693",9853,601,435,331,260,562,1353,1530,1145,845,633,557,418,332,255,222,126,121,127
2021,"Merton 006","E02000694",9101,723,553,424,268,435,914,1135,1045,843,678,530,397,332,264,241,132,89,98
2021,"Merton 007","E02000695",8637,531,437,448,410,535,821,796,771,721,544,545,522,449,316,266,224,170,131
2021,"Merton 008","E02000696",8631,528,488,455,416,534,980,998,839,743,563,573,473,357,235,204,100,87,58
2021,"Merton 009","E02000697",8724,631,464,405,273,418,1022,1047,1031,833,665,493,442,260,235,219,112,95,79
2021,"Merton 010","E02000698",8236,451,564,628,476,267,404,446,545,710,721,637,515,416,400,388,277,191,200
2021,"Merton 011","E02000699",8213,589,617,480,314,311,594,738,839,813,634,535,403,345,282,253,172,144,150
2021,"Merton 012","E02000700",8662,527,576,578,492,496,761,831,765,719,604,611,490,430,270,217,137,101,57
2021,"Merton 013","E02000701",9012,526,557,587,557,487,684,736,753,789,673,608,531,473,336,268,202,119,126
2021,"Merton 014","E02000702",9324,682,668,707,602,509,634,797,877,736,650,629,487,435,309,228,152,120,102
2021,"Merton 015","E02000703",7960,410,509,564,401,374,421,479,505,673,642,598,515,410,390,397,272,218,182
2021,"Merton 016","E02000704",8604,604,486,412,325,391,769,942,950,761,615,493,440,339,289,278,185,142,183
2021,"Merton 017","E02000705",9328,498,591,598,545,546,671,745,789,761,623,640,582,472,417,289,233,178,150
2021,"Merton 018","E02000706",10033,716,746,777,624,604,718,828,859,854,713,672,596,460,291,204,142,108,121
2021,"Merton 019","E02000707",8307,492,571,631,602,575,603,595,573,546,566,580,617,487,271,244,135,117,102
2021,"Merton 020","E02000708",8886,559,589,567,465,415,529,607,776,795,709,608,557,455,376,343,218,169,149
2021,"Merton 021","E02000709",7976,467,508,510,398,383,402,442,613,695,564,551,545,469,377,362,262,220,208
2021,"Merton 022","E02000710",9186,572,560,581,462,519,672,731,737,669,620,620,573,465,349,361,252,226,217
2021,"Merton 023","E02000711",9446,603,594,605,494,543,764,914,894,826,658,646,566,418,267,239,146,141,128
2021,"Merton 024","E02000712",9661,586,612,690,582,614,625,666,705,750,701,749,637,497,351,320,213,183,180
2021,"Merton 025","E02000713",7805,466,440,494,457,408,446,513,548,583,517,584,573,441,354,372,238,194,177
2021,"Newham 001","E02000714",7712,563,496,498,449,551,666,716,774,644,530,452,444,326,233,137,99,66,68
2021,"Newham 002","E02000715",7298,590,606,658,583,555,472,578,537,608,496,429,335,287,198,119,93,68,86
2021,"Newham 003","E02000716",7349,547,533,566,528,448,526,677,730,614,494,397,366,281,232,166,93,81,70
2021,"Newham 004","E02000717",8357,609,712,702,599,560,641,755,729,703,585,454,364,299,233,157,91,83,81
2021,"Newham 005","E02000718",7407,552,652,658,633,573,542,524,617,591,508,454,324,254,173,127,82,74,69
2021,"Newham 006","E02000719",8075,506,465,447,436,623,770,896,812,693,593,499,403,324,217,146,107,76,62
2021,"Newham 007","E02000720",7491,558,509,477,491,519,675,679,695,568,443,397,409,370,256,184,107,87,67
2021,"Newham 008","E02000721",9544,709,715,703,679,740,782,898,888,773,617,537,430,337,256,192,106,94,88
2021,"Newham 009","E02000722",8141,453,426,431,401,695,915,963,799,661,558,495,374,338,200,177,86,81,88
2021,"Newham 010","E02000723",11193,855,749,692,634,877,1035,1061,1048,805,674,643,542,518,410,206,159,150,135
2021,"Newham 011","E02000724",10029,813,776,757,711,841,812,902,828,719,651,536,511,402,282,164,142,110,72
2021,"Newham 012","E02000725",9988,637,533,443,439,1086,1334,1295,922,739,539,540,432,374,237,152,121,91,74
2021,"Newham 014","E02000727",8519,600,650,665,570,676,736,741,752,727,589,477,384,315,260,156,84,71,66
2021,"Newham 015","E02000728",8525,553,606,592,551,599,734,801,738,693,688,595,381,333,259,165,108,78,51
2021,"Newham 016","E02000729",7326,600,492,408,394,450,664,754,685,569,540,411,338,276,282,205,102,89,67
2021,"Newham 017","E02000730",9929,882,628,586,510,769,832,1108,991,902,560,449,388,415,301,235,148,125,100
2021,"Newham 018","E02000731",9960,684,763,733,699,736,795,853,899,869,676,581,428,371,295,235,131,119,93
2021,"Newham 019","E02000732",8900,673,654,631,754,722,756,813,750,631,663,538,383,313,208,139,124,98,50
2021,"Newham 020","E02000733",10095,605,549,607,661,881,1115,1005,839,782,630,607,592,415,285,229,139,87,67
2021,"Newham 021","E02000734",7300,426,438,463,461,547,651,772,611,577,491,543,425,305,188,157,87,96,62
2021,"Newham 022","E02000735",8610,576,626,628,554,652,747,848,760,654,579,554,368,306,229,202,136,103,88
2021,"Newham 023","E02000736",9205,644,781,807,738,677,653,677,763,719,724,589,473,346,203,164,110,70,67
2021,"Newham 024","E02000737",10381,674,829,876,786,795,731,704,756,906,782,771,535,397,351,211,115,98,64
2021,"Newham 025","E02000738",9582,728,730,747,665,641,781,848,872,835,652,664,466,306,240,151,105,85,66
2021,"Newham 026","E02000739",7726,524,488,519,535,608,758,758,600,590,582,458,431,300,204,171,87,64,49
2021,"Newham 027","E02000740",6767,404,428,375,406,574,661,667,578,559,477,464,367,290,187,143,73,67,47
2021,"Newham 028","E02000741",8246,516,627,690,540,540,633,696,709,679,611,556,443,353,252,169,98,84,50
2021,"Newham 029","E02000742",8706,622,683,802,657,635,623,629,766,685,680,618,402,298,203,128,108,74,93
2021,"Newham 030","E02000743",10281,569,650,712,726,923,1172,1058,867,702,630,678,500,395,243,168,114,92,82
2021,"Newham 031","E02000744",9173,678,654,651,548,644,813,951,866,727,625,573,457,334,234,163,107,91,57
2021,"Newham 032","E02000745",8598,525,537,635,534,622,722,846,765,681,566,622,511,368,292,170,94,64,44
2021,"Newham 033","E02000746",9426,638,532,542,579,964,1019,1114,904,731,572,509,391,323,232,153,62,86,75
2021,"Newham 034","E02000747",13101,697,689,603,605,1043,2138,1926,1468,916,658,635,536,437,246,192,169,80,63
2021,"Newham 035","E02000748",6273,366,443,434,379,444,508,555,585,590,499,365,330,266,201,130,85,49,44
2021,"Newham 036","E02000749",9552,587,619,680,659,788,829,905,833,704,594,639,602,348,277,196,110,94,88
2021,"Redbridge 001","E02000751",11161,557,647,681,565,514,548,595,742,800,789,800,807,692,601,636,469,350,368
2021,"Redbridge 002","E02000752",8785,648,626,621,495,453,632,796,794,765,609,555,478,360,261,263,188,112,129
2021,"Redbridge 003","E02000753",6921,544,449,471,395,408,500,539,588,555,452,462,400,295,239,215,160,119,130
2021,"Redbridge 004","E02000754",6763,425,412,394,370,328,422,502,625,589,466,462,460,368,272,285,148,119,116
2021,"Redbridge 005","E02000755",5479,326,329,360,294,266,350,434,423,425,400,380,350,344,215,208,173,108,94
2021,"Redbridge 006","E02000756",14593,968,985,981,798,869,1048,1185,1194,1190,990,966,864,705,514,493,394,231,218
2021,"Redbridge 007","E02000757",12393,835,747,672,557,552,926,1100,1188,1072,890,811,705,648,470,459,294,218,249
2021,"Redbridge 008","E02000758",6884,377,467,485,480,438,410,418,502,505,465,457,460,404,282,256,169,160,149
2021,"Redbridge 009","E02000759",13088,891,937,864,730,676,816,1076,1229,1095,977,862,841,591,458,383,280,223,159
2021,"Redbridge 010","E02000760",7539,453,533,534,482,445,502,542,599,595,495,522,426,357,287,263,173,166,165
2021,"Redbridge 012","E02000762",6620,332,391,406,401,436,455,460,476,479,404,419,425,432,291,292,185,156,180
2021,"Redbridge 013","E02000763",8016,515,514,553,495,521,648,630,648,617,508,532,507,338,344,228,189,117,112
2021,"Redbridge 014","E02000764",12307,716,656,585,446,499,811,1042,1167,1086,828,824,706,759,517,559,415,306,385
2021,"Redbridge 015","E02000765",7526,531,549,514,413,484,547,710,702,577,461,414,413,355,255,200,130,124,147
2021,"Redbridge 017","E02000767",8620,548,666,646,469,479,565,705,785,778,601,485,403,373,340,261,198,136,182
2021,"Redbridge 018","E02000768",5788,348,365,391,276,247,354,356,422,452,438,394,404,316,237,324,177,141,146
2021,"Redbridge 020","E02000770",8124,475,548,580,562,611,615,611,619,630,566,504,440,377,334,266,157,117,112
2021,"Redbridge 022","E02000772",8386,530,668,642,641,504,619,662,697,722,644,488,423,313,297,193,131,111,101
2021,"Redbridge 023","E02000773",10733,801,805,775,873,835,757,809,817,785,785,718,558,454,297,226,163,130,145
2021,"Redbridge 024","E02000774",8107,658,599,575,532,536,613,729,805,601,507,438,353,334,270,207,142,125,83
2021,"Redbridge 026","E02000776",7036,503,555,513,451,428,511,564,584,614,472,426,367,327,244,184,121,96,76
2021,"Redbridge 027","E02000777",6003,430,401,339,296,265,306,413,468,480,409,427,378,383,320,276,179,135,98
2021,"Redbridge 029","E02000779",8420,774,626,510,462,554,696,856,832,680,536,445,371,317,261,167,117,100,116
2021,"Redbridge 031","E02000781",16293,1170,1174,1382,1334,1133,1073,1189,1247,1110,1216,987,807,699,519,434,324,245,250
2021,"Redbridge 032","E02000782",11488,974,985,900,798,784,874,1213,1010,938,761,649,472,370,258,179,102,114,107
2021,"Redbridge 033","E02000783",7397,572,626,638,597,594,474,570,633,609,523,418,353,262,182,132,76,75,63
2021,"Richmond upon Thames 001","E02000784",10130,474,598,735,594,428,457,501,581,770,855,827,830,597,479,509,377,266,252
2021,"Richmond upon Thames 002","E02000785",9714,491,580,565,407,349,548,659,735,764,808,787,676,545,419,490,354,294,243
2021,"Richmond upon Thames 003","E02000786",11376,895,791,661,432,364,619,919,1043,1000,908,863,731,534,406,492,321,211,186
2021,"Richmond upon Thames 004","E02000787",12086,801,796,763,528,457,756,1033,1155,1091,989,910,729,545,384,457,302,204,186
2021,"Richmond upon Thames 005","E02000788",9094,621,771,639,410,326,360,513,706,870,750,702,623,446,366,386,260,173,172
2021,"Richmond upon Thames 006","E02000789",6301,314,384,377,271,216,379,483,503,507,491,499,453,340,274,280,222,148,160
2021,"Richmond upon Thames 007","E02000790",6586,423,476,457,346,223,345,436,521,567,678,568,469,306,239,203,149,101,79
2021,"Richmond upon Thames 008","E02000791",6475,381,394,350,234,223,427,522,636,583,477,481,434,329,228,300,211,128,137
2021,"Richmond upon Thames 009","E02000792",7149,339,416,517,357,237,348,442,499,619,647,620,487,351,308,321,264,151,226
2021,"Richmond upon Thames 010","E02000793",8107,423,492,537,427,448,426,466,592,678,623,606,527,465,366,352,283,183,213
2021,"Richmond upon Thames 011","E02000794",7015,422,470,484,364,286,371,477,555,641,645,533,438,318,289,273,187,122,140
2021,"Richmond upon Thames 012","E02000795",6927,369,527,620,430,245,219,225,363,522,605,596,492,337,291,356,329,196,205
2021,"Richmond upon Thames 013","E02000796",11087,625,765,781,690,605,570,660,824,875,798,825,703,575,485,490,339,240,237
2021,"Richmond upon Thames 014","E02000797",7869,512,516,470,328,357,552,692,685,731,710,559,467,353,302,260,170,108,97
2021,"Richmond upon Thames 015","E02000798",11304,676,817,959,686,472,488,607,796,1016,1050,976,763,528,427,417,268,160,198
2021,"Richmond upon Thames 016","E02000799",6604,275,349,423,732,588,327,269,330,428,472,510,498,341,305,302,209,124,122
2021,"Richmond upon Thames 017","E02000800",5413,300,401,489,347,195,198,241,310,480,472,431,381,298,244,242,182,107,95
2021,"Richmond upon Thames 018","E02000801",7111,429,507,477,341,306,337,403,538,568,639,572,547,395,309,322,224,109,88
2021,"Richmond upon Thames 019","E02000802",7023,329,444,513,306,285,370,425,469,598,584,521,521,391,326,349,245,162,185
2021,"Richmond upon Thames 020","E02000803",9714,524,628,630,508,415,478,528,637,783,729,714,746,576,523,512,308,242,233
2021,"Richmond upon Thames 021","E02000804",7148,404,414,381,331,381,384,427,512,599,570,589,507,406,318,364,244,141,176
2021,"Richmond upon Thames 022","E02000805",10755,530,645,738,598,425,563,600,706,861,908,882,816,664,522,477,329,252,239
2021,"Richmond upon Thames 023","E02000806",10299,542,632,663,487,400,432,570,647,810,839,837,817,611,545,576,379,240,272
2021,"Southwark 001","E02000807",8231,418,347,253,209,564,1323,1192,991,650,502,423,392,301,254,184,100,70,58
2021,"Southwark 002","E02000808",10169,314,244,272,950,1569,1632,1204,781,557,504,544,498,375,240,197,116,88,84
2021,"Southwark 004","E02000810",11898,599,674,610,581,883,1599,1610,1121,811,738,730,617,439,271,293,142,93,87
2021,"Southwark 006","E02000812",10785,450,523,603,621,1305,1435,1039,879,692,720,617,591,457,248,217,137,110,141
2021,"Southwark 007","E02000813",10217,483,575,559,477,929,1462,1378,909,692,557,618,502,356,261,182,114,78,85
2021,"Southwark 008","E02000814",10291,577,436,362,269,816,1650,1575,1221,750,603,506,471,368,263,179,109,59,77
2021,"Southwark 009","E02000815",7613,313,255,274,690,1264,1336,827,624,471,369,327,296,229,127,85,59,39,28
2021,"Southwark 010","E02000816",9608,555,503,511,470,885,1126,1087,891,708,635,555,547,373,233,204,119,102,104
2021,"Southwark 011","E02000817",6821,350,395,404,364,531,767,652,500,456,463,410,401,365,230,183,112,118,120
2021,"Southwark 012","E02000818",9794,442,379,443,424,1046,1559,1237,914,671,534,525,465,372,239,190,153,105,96
2021,"Southwark 013","E02000819",8499,489,448,511,472,889,911,834,664,571,487,641,539,379,210,150,116,102,86
2021,"Southwark 014","E02000820",9245,399,407,469,579,995,1157,1062,760,663,575,567,531,340,245,219,128,70,79
2021,"Southwark 015","E02000821",9354,594,594,636,655,704,853,835,665,753,716,733,590,382,210,163,101,99,71
2021,"Southwark 016","E02000822",6718,358,422,428,428,579,785,628,497,451,416,483,425,325,166,136,64,59,68
2021,"Southwark 017","E02000823",8686,379,419,457,451,752,1127,875,700,596,567,647,562,398,227,204,148,88,89
2021,"Southwark 018","E02000824",9899,545,651,690,684,840,1018,888,678,646,669,728,585,514,246,191,141,107,78
2021,"Southwark 019","E02000825",10225,558,620,695,755,840,1072,934,728,634,672,760,660,528,317,193,101,86,72
2021,"Southwark 020","E02000826",9881,555,476,496,598,766,1145,1226,802,720,646,659,572,396,263,192,141,104,124
2021,"Southwark 021","E02000827",11311,603,552,656,627,770,1350,1223,931,760,812,775,725,516,359,277,139,156,80
2021,"Southwark 022","E02000828",8812,457,480,487,500,848,1027,997,682,550,548,638,547,397,218,164,124,89,59
2021,"Southwark 023","E02000829",10925,633,579,520,460,682,1443,1393,962,728,615,723,686,519,287,236,180,147,132
2021,"Southwark 024","E02000830",8885,423,391,373,385,609,1253,1108,766,664,566,640,515,413,229,202,154,103,91
2021,"Southwark 025","E02000831",9352,566,454,460,377,558,1286,1236,827,722,601,554,511,374,259,208,150,108,101
2021,"Southwark 026","E02000832",9686,586,483,498,450,660,1056,1044,860,623,658,646,614,455,317,307,181,140,108
2021,"Southwark 027","E02000833",7488,437,499,517,379,454,724,779,649,575,529,512,516,318,201,142,102,80,75
2021,"Southwark 028","E02000834",9390,626,509,381,270,489,1249,1274,958,786,625,502,485,405,263,226,148,99,95
2021,"Southwark 029","E02000835",7682,596,501,559,350,337,606,755,752,636,563,526,450,374,250,145,107,95,80
2021,"Southwark 030","E02000836",8294,632,508,450,335,307,739,936,817,711,586,545,484,379,309,189,149,117,101
2021,"Southwark 031","E02000837",8560,483,628,746,474,327,513,428,524,666,740,622,624,495,372,353,228,166,171
2021,"Southwark 032","E02000838",9498,636,584,533,468,424,837,982,846,814,806,576,562,504,299,247,146,123,111
2021,"Southwark 033","E02000839",8481,525,606,618,537,324,546,673,677,734,687,557,504,411,292,292,235,130,133
2021,"Sutton 001","E02000840",9316,643,711,781,596,504,622,774,806,711,703,645,574,403,275,215,139,100,114
2021,"Sutton 002","E02000841",9185,554,636,720,643,553,610,649,709,735,646,720,607,470,316,222,161,127,107
2021,"Sutton 003","E02000842",8283,441,538,527,494,442,412,470,590,655,590,602,597,452,428,406,239,204,196
2021,"Sutton 004","E02000843",9471,799,671,556,369,390,738,1065,1063,814,604,582,528,395,280,226,141,134,116
2021,"Sutton 005","E02000844",8659,515,591,646,605,497,497,654,664,673,609,658,566,416,300,303,170,166,129
2021,"Sutton 006","E02000845",9419,647,711,659,484,423,481,683,814,865,802,665,597,441,322,298,216,157,154
2021,"Sutton 007","E02000846",7614,413,505,558,417,391,370,485,560,621,565,573,509,365,356,319,244,152,211
2021,"Sutton 008","E02000847",9421,565,612,561,463,449,475,550,725,751,630,592,623,517,473,525,387,245,278
2021,"Sutton 009","E02000848",8139,413,530,682,564,404,433,391,587,650,663,547,567,471,306,324,259,166,182
2021,"Sutton 010","E02000849",8172,540,565,522,425,375,470,545,695,690,568,634,532,403,342,327,244,151,144
2021,"Sutton 011","E02000850",10835,611,631,764,678,566,581,656,746,802,861,835,812,604,479,485,312,199,213
2021,"Sutton 012","E02000851",11584,917,816,705,478,573,1030,1205,1171,998,822,659,582,407,342,285,238,176,180
2021,"Sutton 013","E02000852",8146,509,582,547,392,343,475,586,696,743,611,580,568,371,302,298,199,174,170
2021,"Sutton 014","E02000853",8171,531,622,602,428,355,462,601,693,701,606,581,524,401,300,294,182,142,146
2021,"Sutton 015","E02000854",7614,498,534,470,360,297,432,491,585,696,553,584,488,419,352,302,230,153,170
2021,"Sutton 016","E02000855",8206,405,519,550,448,392,423,392,463,641,593,620,601,514,432,422,307,227,257
2021,"Sutton 017","E02000856",9329,556,624,640,466,441,505,646,769,762,720,665,576,508,405,392,268,204,182
2021,"Sutton 018","E02000857",8997,559,587,493,338,330,686,870,874,830,642,543,453,393,326,314,234,209,316
2021,"Sutton 019","E02000858",8570,560,661,718,609,483,579,630,646,671,558,603,533,377,249,271,197,130,95
2021,"Sutton 020","E02000859",8488,410,542,583,480,352,404,482,550,635,636,577,546,489,420,453,322,253,354
2021,"Sutton 021","E02000860",8785,619,587,486,334,318,756,889,908,726,598,563,474,364,327,304,191,166,175
2021,"Sutton 022","E02000861",7773,337,484,551,420,330,324,307,393,589,580,567,610,534,455,474,384,215,219
2021,"Sutton 024","E02000863",6741,319,414,460,424,345,283,297,398,500,505,505,506,426,403,385,245,165,161
2021,"Tower Hamlets 001","E02000864",11264,711,642,620,564,833,1407,1713,1183,810,566,510,507,386,243,204,130,110,125
2021,"Tower Hamlets 002","E02000865",7959,461,435,513,487,705,1079,925,634,541,547,436,331,292,206,136,102,61,68
2021,"Tower Hamlets 003","E02000866",10651,678,538,526,507,910,1336,1379,1018,717,608,591,517,421,313,247,149,97,99
2021,"Tower Hamlets 004","E02000867",11331,600,476,518,490,980,2057,1797,1283,819,564,500,379,283,229,139,90,60,67
2021,"Tower Hamlets 005","E02000868",7195,362,305,367,410,719,1130,1060,744,503,391,301,267,196,115,115,76,68,66
2021,"Tower Hamlets 006","E02000869",5935,297,308,376,284,522,719,708,539,467,384,335,287,212,154,128,90,69,56
2021,"Tower Hamlets 007","E02000870",6371,355,418,356,383,604,852,754,556,468,355,307,258,217,166,141,66,53,62
2021,"Tower Hamlets 008","E02000871",11515,846,807,767,706,1080,1439,1484,1034,818,670,557,407,285,237,122,87,96,73
2021,"Tower Hamlets 009","E02000872",8143,394,417,435,442,937,1392,1128,742,507,424,439,255,218,137,95,66,56,59
2021,"Tower Hamlets 010","E02000873",9848,628,600,549,1563,1138,1112,975,787,665,491,364,321,216,158,102,65,55,59
2021,"Tower Hamlets 011","E02000874",7498,451,518,488,473,878,898,947,639,585,433,326,259,203,166,70,64,58,42
2021,"Tower Hamlets 012","E02000875",13570,858,899,912,968,1315,1774,1665,1314,1000,803,596,459,349,241,176,95,97,49
2021,"Tower Hamlets 013","E02000876",7275,437,421,316,333,842,1196,977,687,463,402,341,234,250,142,93,54,47,40
2021,"Tower Hamlets 014","E02000877",13813,901,928,912,811,1521,1830,1877,1346,996,801,560,349,320,216,151,117,92,85
2021,"Tower Hamlets 015","E02000878",10433,479,433,438,595,1540,1934,1306,906,682,532,388,294,311,218,104,110,96,67
2021,"Tower Hamlets 016","E02000879",8342,511,509,532,561,901,973,818,677,544,493,434,359,293,208,187,141,111,90
2021,"Tower Hamlets 017","E02000880",6515,471,388,388,403,762,855,753,548,531,376,273,199,182,145,84,52,54,51
2021,"Tower Hamlets 018","E02000881",10831,825,752,772,797,1075,1430,1254,975,747,503,490,372,278,236,127,79,55,64
2021,"Tower Hamlets 019","E02000882",11501,804,828,814,845,1112,1323,1263,933,827,745,537,455,302,208,204,100,109,92
2021,"Tower Hamlets 020","E02000883",9287,631,718,725,794,811,1036,901,720,710,543,515,303,266,207,146,93,74,94
2021,"Tower Hamlets 021","E02000884",12764,699,593,560,856,2189,2298,1712,1097,820,551,412,265,243,164,108,76,61,60
2021,"Tower Hamlets 022","E02000885",7054,467,479,516,464,705,735,658,599,506,456,369,258,241,183,148,110,81,79
2021,"Tower Hamlets 023","E02000886",9590,579,522,474,433,919,1455,1338,1011,692,652,455,371,207,184,147,63,49,39
2021,"Tower Hamlets 024","E02000887",10802,779,778,743,721,979,1299,1248,1051,778,645,526,348,280,217,156,94,69,91
2021,"Tower Hamlets 025","E02000888",8617,572,501,520,448,751,1154,1232,811,661,545,428,328,230,164,104,68,56,44
2021,"Tower Hamlets 026","E02000889",8962,494,447,501,350,833,1485,1310,888,731,514,386,287,259,175,119,73,66,44
2021,"Tower Hamlets 027","E02000890",5815,309,167,141,128,386,825,878,617,483,440,345,313,267,204,148,68,43,53
2021,"Tower Hamlets 030","E02000893",7412,488,468,399,359,595,834,838,713,691,450,359,377,246,183,167,92,70,83
2021,"Tower Hamlets 031","E02000894",11006,783,611,522,415,911,1394,1500,1379,1031,692,459,439,311,192,154,94,60,59
2021,"Waltham Forest 001","E02000895",8370,450,453,518,496,485,462,491,515,524,549,660,562,462,415,436,340,283,269
2021,"Waltham Forest 002","E02000896",9329,551,527,506,447,460,578,618,638,668,657,737,622,543,475,442,320,236,304
2021,"Waltham Forest 003","E02000897",8569,466,552,562,516,456,522,633,593,643,618,654,589,457,326,318,248,217,199
2021,"Waltham Forest 004","E02000898",8013,452,491,482,445,381,504,515,603,486,551,616,582,472,400,346,268,219,200
2021,"Waltham Forest 005","E02000899",8806,508,556,531,482,462,605,618,666,644,592,621,615,491,393,325,275,213,209
2021,"Waltham Forest 006","E02000900",8974,585,575,626,592,521,637,678,675,632,599,626,615,448,327,316,219,152,151
2021,"Waltham Forest 007","E02000901",10494,696,680,618,588,578,622,804,817,807,744,829,724,578,421,384,262,170,172
2021,"Waltham Forest 008","E02000902",9963,790,773,688,623,509,678,833,902,794,731,663,588,459,256,264,183,124,105
2021,"Waltham Forest 009","E02000903",10273,692,692,762,716,663,804,982,937,853,672,642,572,426,288,216,159,103,94
2021,"Waltham Forest 010","E02000904",8425,547,587,516,491,479,529,762,883,808,568,584,533,363,272,201,139,89,74
2021,"Waltham Forest 011","E02000905",10472,941,740,664,541,488,701,993,1084,1114,781,643,564,410,245,254,126,98,85
2021,"Waltham Forest 012","E02000906",9656,664,617,644,571,502,709,1104,1012,893,765,676,427,342,229,184,154,85,78
2021,"Waltham Forest 013","E02000907",10581,810,728,765,714,592,860,1120,942,870,747,618,555,409,259,205,150,127,110
2021,"Waltham Forest 014","E02000908",12903,836,728,740,738,737,1360,1763,1521,1124,835,669,563,478,265,192,127,129,98
2021,"Waltham Forest 015","E02000909",9245,665,690,558,392,396,686,913,1006,839,723,643,521,383,297,211,131,102,89
2021,"Waltham Forest 016","E02000910",11429,794,710,533,455,570,1162,1503,1230,919,795,703,591,419,350,272,166,137,120
2021,"Waltham Forest 017","E02000911",12960,915,807,740,624,639,1174,1702,1559,1160,915,777,634,424,295,243,152,121,79
2021,"Waltham Forest 018","E02000912",9741,709,602,569,561,617,765,964,999,819,725,618,498,368,292,241,181,114,99
2021,"Waltham Forest 019","E02000913",9640,690,644,630,614,587,711,850,898,888,608,602,431,422,346,249,208,173,89
2021,"Waltham Forest 020","E02000914",11799,846,786,772,680,734,999,1171,1100,1006,917,750,606,468,333,220,155,142,114
2021,"Waltham Forest 021","E02000915",8113,519,454,372,324,407,705,1023,871,683,516,494,456,360,368,224,150,102,85
2021,"Waltham Forest 022","E02000916",10559,766,637,566,559,606,968,1267,1158,906,695,677,543,449,262,180,127,109,84
2021,"Waltham Forest 023","E02000917",9589,781,553,449,412,489,889,1350,1172,873,633,562,414,347,221,174,114,88,68
2021,"Waltham Forest 024","E02000918",9324,641,545,500,416,562,843,1091,1017,769,637,599,462,423,292,243,129,86,69
2021,"Waltham Forest 025","E02000919",9239,683,481,380,376,548,976,1205,1032,836,597,577,428,315,259,192,130,120,104
2021,"Waltham Forest 026","E02000920",10302,625,557,623,571,677,1019,1259,1041,817,703,603,499,411,309,188,150,117,133
2021,"Waltham Forest 027","E02000921",11196,678,660,626,615,812,1129,1202,1092,826,783,697,680,467,304,273,174,106,72
2021,"Waltham Forest 028","E02000922",10462,682,616,672,583,616,944,1124,1121,903,687,590,584,483,301,210,151,110,85
2021,"Wandsworth 001","E02000923",7527,367,313,267,242,406,957,919,547,526,515,493,421,321,288,306,233,190,216
2021,"Wandsworth 003","E02000925",7900,472,421,459,355,597,943,829,621,620,531,515,456,329,222,192,128,134,76
2021,"Wandsworth 004","E02000926",11639,617,496,392,304,772,2109,1653,1207,885,671,636,520,399,296,282,177,123,100
2021,"Wandsworth 005","E02000927",7100,366,291,274,210,572,1228,852,600,460,411,399,372,272,243,208,148,103,91
2021,"Wandsworth 006","E02000928",8354,463,447,432,290,502,967,833,701,642,577,586,444,369,333,311,207,136,114
2021,"Wandsworth 007","E02000929",8103,512,441,500,440,612,974,940,692,550,461,445,486,294,211,187,135,112,111
2021,"Wandsworth 008","E02000930",10084,472,366,330,239,1221,2381,1408,777,594,486,430,405,317,218,172,109,99,60
2021,"Wandsworth 009","E02000931",8817,623,601,435,244,609,1534,964,800,705,589,513,372,240,170,168,121,68,61
2021,"Wandsworth 010","E02000932",12841,664,538,434,316,800,2416,1973,1277,1072,794,621,546,371,342,259,182,148,88
2021,"Wandsworth 011","E02000933",8867,407,424,425,368,473,990,911,787,641,628,605,537,416,358,369,223,141,164
2021,"Wandsworth 012","E02000934",8915,405,274,260,211,682,1915,1373,833,623,505,413,381,298,225,213,136,91,77
2021,"Wandsworth 013","E02000935",7372,467,552,523,755,1036,503,528,462,481,381,406,329,262,175,160,149,91,112
2021,"Wandsworth 014","E02000936",9365,410,392,351,317,637,1415,1266,979,696,606,543,444,323,247,254,190,140,155
2021,"Wandsworth 015","E02000937",8160,538,606,559,387,465,917,717,647,713,644,594,425,301,221,173,118,63,72
2021,"Wandsworth 016","E02000938",10766,690,740,624,535,652,771,902,1011,910,817,651,593,487,318,361,255,190,259
2021,"Wandsworth 017","E02000939",7819,547,614,572,358,385,752,527,582,635,592,567,434,351,242,215,166,106,174
2021,"Wandsworth 018","E02000940",9323,485,429,440,323,559,1512,1357,1040,813,521,504,381,271,213,178,129,91,77
2021,"Wandsworth 019","E02000941",10175,737,631,512,347,576,1323,1206,943,805,655,639,537,371,256,259,174,116,88
2021,"Wandsworth 020","E02000942",9688,596,541,573,406,532,1058,858,863,750,731,639,550,434,343,325,225,143,121
2021,"Wandsworth 021","E02000943",8721,456,375,335,236,676,1765,1182,697,597,507,448,395,302,211,177,137,127,98
2021,"Wandsworth 022","E02000944",7637,472,476,504,426,518,719,760,673,642,512,455,445,328,232,169,114,84,108
2021,"Wandsworth 023","E02000945",7842,447,506,531,543,812,731,577,623,554,503,482,396,336,260,199,151,94,97
2021,"Wandsworth 024","E02000946",8434,497,381,344,339,561,1236,1254,875,656,524,492,367,262,208,186,99,74,79
2021,"Wandsworth 025","E02000947",9343,802,530,426,267,391,1037,1296,1036,838,631,531,425,341,233,223,154,98,84
2021,"Wandsworth 026","E02000948",10028,512,401,349,257,760,2203,1394,894,641,598,454,366,319,222,218,181,126,133
2021,"Wandsworth 027","E02000949",10003,511,467,460,317,596,1639,1126,794,738,661,624,622,398,288,338,171,126,127
2021,"Wandsworth 028","E02000950",7587,409,439,431,382,454,712,734,744,669,521,471,429,308,274,238,176,94,102
2021,"Wandsworth 029","E02000951",6427,297,252,254,210,532,1216,829,438,393,385,367,337,269,205,157,107,88,91
2021,"Wandsworth 030","E02000952",6149,317,265,270,205,486,1134,664,428,371,425,394,332,259,168,174,113,69,75
2021,"Wandsworth 031","E02000953",7502,563,348,297,385,511,1001,1121,832,615,458,345,301,230,153,129,101,55,57
2021,"Wandsworth 032","E02000954",6101,351,322,246,231,528,951,660,507,419,323,342,286,222,187,171,139,110,106
2021,"Wandsworth 033","E02000955",6881,353,376,317,324,560,1077,743,561,537,377,324,320,263,207,211,129,121,81
2021,"Wandsworth 034","E02000956",7424,360,315,325,297,905,1252,878,661,543,395,365,311,267,146,158,90,83,73
2021,"Wandsworth 035","E02000957",10858,626,580,464,359,824,1800,1436,973,793,628,570,481,356,267,250,158,163,130
2021,"Wandsworth 036","E02000958",8274,421,498,560,622,576,685,581,622,557,563,574,520,375,330,276,192,166,156
2021,"Wandsworth 037","E02000959",7864,521,505,444,376,502,749,815,799,570,609,512,440,315,230,164,129,102,82
2021,"Westminster 001","E02000960",6154,263,290,325,271,402,534,569,505,474,529,381,371,262,232,225,185,149,187
2021,"Westminster 002","E02000961",9815,549,533,601,550,725,941,958,784,730,634,757,613,371,300,262,200,150,157
2021,"Westminster 003","E02000962",7709,318,297,304,310,528,863,860,675,526,469,553,404,365,314,320,241,178,184
2021,"Westminster 004","E02000963",10529,563,573,601,683,798,981,913,768,658,716,820,715,572,392,279,228,164,105
2021,"Westminster 005","E02000964",12140,579,517,632,682,1007,1287,1200,937,910,812,914,791,627,453,293,214,159,126
2021,"Westminster 006","E02000965",7875,413,322,288,232,682,999,988,858,651,521,491,437,321,246,166,135,70,55
2021,"Westminster 007","E02000966",9253,428,425,372,376,567,806,969,769,813,776,723,649,399,351,336,216,148,130
2021,"Westminster 008","E02000967",6059,220,182,198,233,675,904,746,456,382,341,373,338,214,195,194,162,116,130
2021,"Westminster 009","E02000968",14480,717,662,879,1022,1558,1473,1245,831,778,909,961,990,651,525,444,302,326,207
2021,"Westminster 010","E02000969",9604,457,504,663,716,794,844,916,688,651,663,713,601,460,283,214,147,147,143
2021,"Westminster 011","E02000970",6832,244,183,227,230,604,763,718,575,441,433,520,472,435,293,259,174,110,151
2021,"Westminster 012","E02000971",7474,254,227,212,270,865,1090,913,639,540,505,465,397,287,244,207,160,105,94
2021,"Westminster 013","E02000972",7875,179,205,194,323,1210,1048,890,632,549,507,494,449,384,237,198,149,148,79
2021,"Westminster 014","E02000973",9957,457,339,305,335,863,1236,1180,898,812,770,636,588,447,302,317,226,127,119
2021,"Westminster 015","E02000974",8699,377,283,313,571,1047,1020,915,671,601,555,526,450,364,310,264,200,112,120
2021,"Westminster 016","E02000975",7412,279,202,141,256,866,1188,968,681,507,465,485,369,255,187,235,168,79,81
2021,"Westminster 017","E02000976",8433,332,280,254,305,879,1129,1095,804,648,574,522,390,304,254,221,219,116,107
2021,"Westminster 018","E02000977",6389,173,115,138,420,841,740,600,526,447,377,448,405,326,271,222,150,89,101
2021,"Westminster 019","E02000978",7129,281,277,255,901,749,503,379,361,442,439,534,496,413,291,276,212,161,159
2021,"Westminster 020","E02000979",8086,284,285,366,447,814,988,790,588,503,534,567,473,372,343,269,208,132,123
2021,"Westminster 021","E02000980",8729,298,328,359,393,873,991,871,620,529,598,678,529,448,393,308,227,135,151
2021,"Westminster 022","E02000981",8271,219,222,267,286,781,1221,930,667,486,536,737,493,490,292,273,189,82,100
2021,"Westminster 023","E02000982",7638,303,314,370,443,562,751,648,592,541,598,568,494,405,317,273,214,124,121
2021,"Westminster 024","E02000983",7695,317,314,376,392,638,953,650,564,441,496,515,510,408,284,282,220,154,181
2021,"Bromley 040","E02006782",8126,483,519,517,438,403,438,510,614,537,576,584,563,495,361,391,260,212,225
2021,"Lewisham 037","E02006783",7775,464,584,686,578,460,477,582,633,548,575,611,534,346,231,158,112,108,88
2021,"Lewisham 038","E02006784",7964,404,522,581,529,456,482,492,640,618,581,579,544,422,354,286,176,146,152
2021,"Bexley 029","E02006785",6623,375,369,414,370,307,388,451,556,442,401,464,471,452,310,286,235,174,158
2021,"Greenwich 033","E02006786",7560,490,550,557,434,425,524,649,569,574,528,556,499,364,276,246,137,112,70
2021,"Bromley 041","E02006787",7895,519,525,583,428,306,368,431,604,677,691,583,525,446,340,350,212,136,171
2021,"Croydon 045","E02006788",7613,515,504,577,487,428,499,598,600,572,532,572,542,387,279,236,125,85,75
2021,"Bromley 042","E02006789",6780,297,358,383,357,305,301,304,329,368,379,498,515,499,388,546,412,295,246
2021,"Ealing 040","E02006791",7566,452,391,345,277,413,647,857,786,707,604,498,437,318,248,240,186,95,65
2021,"Hounslow 029","E02006792",8995,456,421,389,367,614,887,884,827,753,645,606,515,353,348,308,252,161,209
2021,"Enfield 037","E02006793",9645,651,711,788,791,635,664,739,689,704,656,729,566,431,305,197,140,125,124
2021,"Haringey 037","E02006794",8286,581,674,639,568,566,607,646,669,615,596,563,525,355,198,148,128,128,80
2021,"Harrow 032","E02006795",8268,424,564,562,525,525,536,554,652,683,564,517,535,455,356,282,222,155,157
2021,"Hillingdon 033","E02006796",9695,644,668,555,503,544,652,857,899,843,609,630,552,455,336,312,260,199,177
2021,"Lewisham 039","E02006798",8889,461,467,460,454,826,1082,1098,774,627,568,584,549,335,232,141,106,75,50
2021,"Barking and Dagenham 023","E02006799",12041,924,1072,1063,848,719,726,933,1012,1039,829,764,614,482,327,235,179,130,145
2021,"Redbridge 034","E02006800",14685,1144,1069,1012,937,1017,1175,1277,1390,1136,946,830,720,608,531,361,244,167,121
2021,"Lambeth 036","E02006801",8565,231,245,290,759,1422,1174,810,612,502,455,407,441,364,276,223,152,107,95
2021,"Southwark 034","E02006802",9276,356,398,408,617,1397,1261,1035,754,562,487,566,494,347,216,135,102,83,58
2021,"Sutton 025","E02006836",8720,435,572,586,428,391,421,408,545,668,598,618,619,510,424,515,397,288,297
2021,"Tower Hamlets 032","E02006853",11015,711,533,552,522,1188,1908,1671,1207,885,537,385,315,207,132,96,69,57,40
2021,"Tower Hamlets 033","E02006854",7075,350,236,233,317,719,1329,1133,837,565,387,320,241,172,86,60,44,29,17
2021,"Harrow 033","E02006882",14395,799,789,758,701,910,1053,1111,1128,988,817,902,906,941,822,647,446,370,307
2021,"Hackney 028","E02006918",8398,676,641,635,530,528,753,1009,843,604,470,431,453,314,189,141,82,48,51
2021,"Hackney 029","E02006921",7925,966,692,597,600,637,747,606,507,464,422,390,385,298,199,185,119,66,45
2021,"Redbridge 035","E02006924",13600,785,850,859,911,852,1066,1153,1101,1044,918,843,679,662,583,459,308,253,274
2021,"Redbridge 036","E02006925",14420,681,806,986,1131,1062,1011,909,878,1149,971,1021,839,806,651,549,389,298,283
2021,"Greenwich 034","E02006927",12368,831,754,751,547,731,1054,1212,1166,1024,762,774,640,525,393,420,331,222,231
2021,"Greenwich 035","E02006928",12094,683,566,490,861,1291,1792,1904,1339,889,565,515,432,263,169,146,82,59,48
2021,"Greenwich 037","E02006930",9844,695,555,395,355,725,1105,1326,1220,855,645,553,461,240,225,179,129,118,63
2021,"Greenwich 038","E02006931",9459,607,487,420,401,663,1008,1027,834,743,668,623,562,391,255,310,201,124,135
2021,"Southwark 035","E02006941",5314,136,79,72,65,485,1167,948,562,410,315,355,267,156,123,85,50,23,16
2021,"Southwark 036","E02006942",6749,294,275,269,228,651,1251,1063,645,420,402,348,338,185,155,100,57,39,29
2021,"Barnet 042","E02006953",9170,651,468,469,456,860,1270,1390,1025,778,539,403,347,170,117,95,53,37,42
2021,"Barnet 043","E02006954",10114,716,670,565,565,741,976,1238,1020,793,640,565,438,388,252,200,130,113,104
2021,"Brent 035","E02006955",7507,411,348,277,757,1074,1050,1009,736,481,378,350,219,154,81,53,47,43,39
2021,"Brent 036","E02006956",8829,442,468,448,730,1064,801,818,727,544,487,468,418,430,292,210,202,164,116
2021,"Ealing 041","E02006968",8353,432,517,455,322,438,729,730,775,686,658,552,471,385,338,297,264,147,157
2021,"Ealing 042","E02006969",6424,413,266,234,173,376,795,919,781,519,412,355,292,214,228,133,127,88,99
2021,"Ealing 043","E02006970",7342,487,483,598,549,502,492,576,609,674,610,542,355,296,209,152,80,83,45
2021,"Ealing 044","E02006971",8298,462,540,675,593,571,547,614,656,681,625,573,455,406,303,237,159,122,79
2021,"Hounslow 030","E02006972",5414,403,344,327,238,370,451,605,537,454,340,366,275,222,159,123,99,64,37
2021,"Hounslow 031","E02006973",8496,525,530,547,419,427,616,807,915,773,577,592,506,330,303,250,184,111,84
2021,"Croydon 046","E02006987",7372,474,319,211,169,599,1332,1320,943,564,346,291,254,187,92,102,86,33,50
2021,"Croydon 047","E02006988",7160,563,445,363,306,304,638,874,806,603,501,406,349,249,204,162,135,112,140
2021,"Greenwich 039","E02006991",6318,343,185,130,150,455,1175,1157,887,595,356,269,192,121,112,95,49,37,10
2021,"Greenwich 040","E02006992",8226,624,394,329,344,461,1079,1420,1071,637,398,368,314,273,163,128,99,55,69
2021,"Greenwich 041","E02006993",8397,587,487,406,422,700,1388,1423,1011,592,428,311,212,143,105,82,53,29,18
2021,"Greenwich 042","E02006994",7644,605,467,426,402,522,796,937,767,657,501,466,334,267,164,138,102,54,39
2021,"Newham 038","E02006995",8637,441,444,398,448,1168,2053,1404,889,496,344,231,122,100,44,36,9,5,5
2021,"Newham 039","E02006996",8429,469,369,328,557,1042,1586,1197,892,476,355,318,241,208,148,85,67,65,26
2021,"Newham 040","E02006997",6888,345,253,247,269,687,1442,1137,837,498,319,309,213,132,69,66,36,16,13
2021,"Newham 041","E02006998",7084,534,490,491,428,498,717,793,700,565,460,441,327,244,146,93,72,49,36
2021,"Newham 042","E02006999",11244,900,507,414,358,894,1996,2199,1474,810,528,435,333,168,108,52,33,18,17
2021,"Lewisham 040","E02007008",5761,325,253,227,324,503,945,1098,721,412,287,233,166,113,55,45,23,16,15
2021,"Lewisham 041","E02007009",9141,595,451,451,362,532,968,1054,941,723,677,537,584,471,223,216,141,95,120
2021,"Redbridge 037","E02007017",8817,583,723,748,647,567,515,555,755,699,617,526,496,393,286,222,137,144,204
2021,"Redbridge 038","E02007018",7271,624,620,582,432,456,492,591,724,608,479,411,402,275,211,109,96,62,97
2021,"Redbridge 039","E02007019",7165,680,634,485,386,439,601,836,797,688,404,366,222,196,116,101,60,105,49
2021,"Redbridge 040","E02007020",9836,795,769,742,664,715,799,874,787,711,591,576,480,395,330,244,157,99,108
2021,"Wandsworth 038","E02007083",7716,463,269,210,197,717,1479,1294,948,662,457,309,293,159,94,57,51,24,33
2021,"Wandsworth 039","E02007084",9892,488,480,548,461,847,1607,1106,814,667,623,545,529,377,265,196,128,119,92
2021,"Hackney 030","E02007108",5941,259,162,167,158,353,1200,1216,714,461,292,223,234,156,105,87,71,43,40
2021,"Hackney 031","E02007109",7615,391,366,304,285,467,996,1085,740,588,463,443,419,324,240,196,136,98,74
2021,"Hackney 032","E02007110",7334,332,267,317,357,962,1180,1015,600,427,445,369,360,252,154,115,85,44,53
2021,"Hackney 033","E02007111",5952,142,129,178,284,928,1299,1025,526,332,304,231,255,124,79,54,19,21,22
2021,"Tower Hamlets 034","E02007112",5891,268,175,175,221,768,1470,1232,641,300,239,186,82,50,27,35,7,10,5
2021,"Tower Hamlets 035","E02007113",7462,493,416,380,327,702,1323,1217,871,564,404,251,183,122,90,53,32,13,21
2021,"Tower Hamlets 036","E02007114",7563,397,393,357,388,1159,1196,1051,786,531,399,242,215,129,97,69,80,48,26
2021,"Camden 029","E02007115",11587,381,394,360,1697,2038,1194,920,658,587,593,558,568,430,358,323,213,164,151
