"date","geography","geography code","Passports held: Total: All usual residents; measures: Value","Passports held: Europe; measures: Value","Passports held: Europe: United Kingdom; measures: Value","Passports held: Europe: Ireland; measures: Value","Passports held: Europe: Other Europe; measures: Value","Passports held: Europe: Other Europe: EU Member countries; measures: Value","Passports held: Europe: Other Europe: EU Member countries: France; measures: Value","Passports held: Europe: Other Europe: EU Member countries: Germany; measures: Value","Passports held: Europe: Other Europe: EU Member countries: Italy; measures: Value","Passports held: Europe: Other Europe: EU Member countries: Portugal; measures: Value","Passports held: Europe: Other Europe: EU Member countries: Spain; measures: Value","Passports held: Europe: Other Europe: EU Member countries: Lithuania; measures: Value","Passports held: Europe: Other Europe: EU Member countries: Poland; measures: Value","Passports held: Europe: Other Europe: EU Member countries: Romania; measures: Value","Passports held: Europe: Other Europe: EU Member countries: Other EU countries; measures: Value","Passports held: Europe: Other Europe: Rest of Europe; measures: Value","Passports held: Europe: Other Europe: Rest of Europe: Turkey; measures: Value","Passports held: Europe: Other Europe: Rest of Europe: Other Europe; measures: Value","Passports held: Africa; measures: Value","Passports held: Africa: North Africa; measures: Value","Passports held: Africa: Central and Western Africa; measures: Value","Passports held: Africa: Central and Western Africa: Ghana; measures: Value","Passports held: Africa: Central and Western Africa: Nigeria; measures: Value","Passports held: Africa: Central and Western Africa: Other Central and Western Africa; measures: Value","Passports held: Africa: South and Eastern Africa; measures: Value","Passports held: Africa: South and Eastern Africa: Kenya; measures: Value","Passports held: Africa: South and Eastern Africa: Somalia; measures: Value","Passports held: Africa: South and Eastern Africa: South Africa; measures: Value","Passports held: Africa: South and Eastern Africa: Zimbabwe; measures: Value","Passports held: Africa: South and Eastern Africa: Other South and Eastern Africa; measures: Value","Passports held: Middle East and Asia; measures: Value","Passports held: Middle East and Asia: Middle East; measures: Value","Passports held: Middle East and Asia: Middle East: Iran; measures: Value","Passports held: Middle East and Asia: Middle East: Iraq; measures: Value","Passports held: Middle East and Asia: Middle East: Other Middle East; measures: Value","Passports held: Middle East and Asia: Eastern Asia; measures: Value","Passports held: Middle East and Asia: Eastern Asia: China; measures: Value","Passports held: Middle East and Asia: Eastern Asia: Hong Kong (Special Administrative Region of China); measures: Value","Passports held: Middle East and Asia: Eastern Asia: Japan; measures: Value","Passports held: Middle East and Asia: Eastern Asia: Other Eastern Asia; measures: Value","Passports held: Middle East and Asia: Southern Asia; measures: Value","Passports held: Middle East and Asia: Southern Asia: Afghanistan; measures: Value","Passports held: Middle East and Asia: Southern Asia: Bangladesh; measures: Value","Passports held: Middle East and Asia: Southern Asia: India; measures: Value","Passports held: Middle East and Asia: Southern Asia: Pakistan; measures: Value","Passports held: Middle East and Asia: Southern Asia: Sri Lanka; measures: Value","Passports held: Middle East and Asia: Southern Asia: Other Southern Asia; measures: Value","Passports held: Middle East and Asia: South-East Asia; measures: Value","Passports held: Middle East and Asia: South-East Asia: Malaysia; measures: Value","Passports held: Middle East and Asia: South-East Asia: Philippines; measures: Value","Passports held: Middle East and Asia: South-East Asia: Singapore; measures: Value","Passports held: Middle East and Asia: South-East Asia: Other South-East Asia; measures: Value","Passports held: Middle East and Asia: Central Asia; measures: Value","Passports held: The Americas and the Caribbean; measures: Value","Passports held: The Americas and the Caribbean: North America; measures: Value","Passports held: The Americas and the Caribbean: North America: Canada; measures: Value","Passports held: The Americas and the Caribbean: North America: United States; measures: Value","Passports held: The Americas and the Caribbean: Central America; measures: Value","Passports held: The Americas and the Caribbean: South America; measures: Value","Passports held: The Americas and the Caribbean: The Caribbean; measures: Value","Passports held: The Americas and the Caribbean: The Caribbean: Jamaica; measures: Value","Passports held: The Americas and the Caribbean: The Caribbean: Other Caribbean; measures: Value","Passports held: Antarctica and Oceania; measures: Value","Passports held: Antarctica and Oceania: Australasia; measures: Value","Passports held: Antarctica and Oceania: Australasia: Australia; measures: Value","Passports held: Antarctica and Oceania: Australasia: New Zealand; measures: Value","Passports held: Antarctica and Oceania: Other Antarctica and Oceania; measures: Value","Passports held: British Overseas Territories; measures: Value","Passports held: No passport held; measures: Value"
2021,"City of London 001","E02000001",8582,7220,5465,129,1626,1445,201,128,257,71,168,23,112,47,438,181,28,153,69,28,14,3,7,4,27,3,0,15,3,6,639,40,11,1,28,342,232,21,60,29,144,0,23,113,5,0,3,105,36,9,46,14,8,320,230,59,171,11,74,5,0,5,137,137,114,23,0,1,196
2021,"Barking and Dagenham 001","E02000002",8277,6860,5832,65,963,892,20,12,50,60,29,125,112,369,115,71,3,68,198,14,150,33,97,20,34,7,0,3,7,17,263,1,0,0,1,6,3,1,0,2,234,4,37,96,85,7,5,21,2,13,0,6,1,40,3,0,3,0,4,33,20,13,7,7,5,2,0,0,909
2021,"Barking and Dagenham 002","E02000003",11543,9796,7616,136,2044,1963,49,51,140,102,51,248,137,926,259,81,7,74,180,8,125,32,79,14,47,7,0,1,5,34,643,8,2,3,3,6,4,2,0,0,601,4,126,245,211,11,4,28,3,21,0,4,0,36,9,1,8,0,16,11,6,5,3,3,2,1,0,0,885
2021,"Barking and Dagenham 003","E02000004",6639,5662,4836,47,779,736,28,12,38,37,11,166,53,259,132,43,13,30,100,6,70,17,51,2,24,2,0,1,16,5,147,0,0,0,0,9,7,2,0,0,118,3,15,53,32,8,7,20,4,10,0,6,0,21,8,1,7,0,6,7,3,4,0,0,0,0,0,0,709
2021,"Barking and Dagenham 004","E02000005",11083,9172,7447,54,1671,1592,41,44,142,152,48,253,106,526,280,79,9,70,272,7,216,57,129,30,49,0,1,3,12,33,568,4,2,0,2,17,11,2,3,1,524,1,65,261,175,16,6,20,10,4,4,2,3,56,8,3,5,0,19,29,15,14,2,2,1,1,0,0,1013
2021,"Barking and Dagenham 006","E02000007",10159,8125,6687,48,1390,1337,68,43,118,107,44,247,94,406,210,53,7,46,349,10,297,73,193,31,42,14,0,1,7,20,269,4,2,0,2,11,9,0,0,2,232,0,58,76,79,8,11,17,5,8,0,4,5,29,7,2,5,2,2,18,13,5,0,0,0,0,0,0,1387
2021,"Barking and Dagenham 007","E02000008",13256,10847,8621,63,2163,2067,39,30,205,163,86,478,136,640,290,96,9,87,363,3,305,78,193,34,55,9,1,7,15,23,423,3,0,2,1,11,5,0,3,3,396,5,95,115,167,10,4,13,6,6,0,1,0,50,3,2,1,0,12,35,22,13,0,0,0,0,0,0,1573
2021,"Barking and Dagenham 008","E02000009",12865,10700,8039,43,2618,2511,63,46,263,213,72,442,115,692,605,107,12,95,351,13,285,67,187,31,53,8,5,3,8,29,535,6,1,0,5,16,8,1,6,1,482,7,120,201,124,20,10,31,7,16,4,4,0,73,32,2,30,0,22,19,10,9,4,4,2,2,0,0,1202
2021,"Barking and Dagenham 009","E02000010",9483,7770,5971,48,1751,1675,22,18,100,87,63,432,123,562,268,76,4,72,286,12,237,64,160,13,37,6,0,0,15,16,233,4,3,0,1,2,2,0,0,0,200,3,67,50,46,4,30,25,2,21,0,2,2,24,3,0,3,0,8,13,8,5,1,1,0,1,0,0,1169
2021,"Barking and Dagenham 010","E02000011",7028,5921,4568,43,1310,1266,20,14,91,69,14,231,73,549,205,44,5,39,203,4,186,49,113,24,13,4,0,3,0,6,217,1,1,0,0,19,17,0,2,0,171,1,75,42,42,8,3,25,11,10,0,4,1,23,7,1,6,0,7,9,8,1,0,0,0,0,0,0,664
2021,"Barking and Dagenham 011","E02000012",11510,10173,8969,33,1171,1112,42,44,119,60,56,152,54,399,186,59,2,57,142,17,103,26,71,6,22,2,0,4,0,16,527,2,1,0,1,9,5,1,3,0,495,7,206,124,144,12,2,17,10,3,1,3,4,55,10,5,5,0,20,25,16,9,1,1,1,0,0,0,612
2021,"Barking and Dagenham 012","E02000013",9401,7641,5887,33,1721,1616,42,14,99,110,35,398,102,560,256,105,28,77,271,10,236,67,147,22,25,3,0,5,4,13,250,4,2,0,2,13,8,0,2,3,217,1,54,75,76,9,2,15,2,8,0,5,1,33,5,2,3,0,10,18,7,11,1,1,1,0,0,0,1205
2021,"Barking and Dagenham 013","E02000014",9866,7956,6066,60,1830,1770,29,16,99,117,44,396,115,647,307,60,11,49,305,7,267,67,185,15,31,9,0,3,14,5,280,2,1,1,0,27,22,2,0,3,229,2,92,71,53,4,7,22,3,14,1,4,0,22,6,0,6,0,2,14,6,8,2,2,0,2,0,0,1301
2021,"Barking and Dagenham 014","E02000015",8233,6619,5389,52,1178,1135,30,25,102,81,40,213,75,328,241,43,6,37,400,15,336,48,266,22,49,7,0,5,16,21,201,9,2,0,7,18,16,0,1,1,146,1,64,27,48,1,5,27,2,22,0,3,1,28,6,1,5,0,9,13,6,7,2,2,2,0,0,0,983
2021,"Barking and Dagenham 015","E02000016",10570,7997,5723,58,2216,2114,83,21,411,201,104,226,141,468,459,102,14,88,422,26,315,62,185,68,81,15,0,6,10,50,1379,9,6,0,3,33,26,1,1,5,1296,5,263,818,189,17,4,41,16,15,1,9,0,61,17,2,15,6,15,23,17,6,2,2,1,1,0,0,709
2021,"Barking and Dagenham 016","E02000017",9134,7725,5508,35,2182,2099,29,38,266,133,67,253,73,774,466,83,11,72,154,5,128,23,86,19,21,4,0,1,3,13,735,1,0,0,1,20,18,1,0,1,690,8,155,230,259,33,5,24,11,6,1,6,0,39,8,0,8,0,6,25,17,8,8,8,3,5,0,0,473
2021,"Barking and Dagenham 017","E02000018",9549,7755,5984,36,1735,1670,43,19,125,141,54,353,86,582,267,65,3,62,266,6,234,47,161,26,26,7,0,1,7,11,311,1,0,0,1,10,9,1,0,0,290,0,111,82,82,2,13,10,1,5,0,4,0,41,8,2,6,0,13,20,13,7,3,0,0,0,3,0,1173
2021,"Barking and Dagenham 018","E02000019",9660,8040,6298,49,1693,1630,35,42,198,114,34,367,106,381,353,63,8,55,284,11,244,52,187,5,29,9,0,4,5,11,281,4,1,0,3,18,15,1,1,1,242,6,115,64,45,9,3,17,3,11,0,3,0,35,3,2,1,1,13,18,13,5,1,1,1,0,0,0,1019
2021,"Barking and Dagenham 019","E02000020",14051,11516,8846,55,2615,2541,54,41,295,232,56,374,188,720,581,74,14,60,458,18,342,87,219,36,98,13,1,4,21,59,840,4,2,0,2,21,18,2,0,1,777,9,251,244,223,46,4,38,4,15,1,18,0,62,13,7,6,1,24,24,11,13,8,8,0,8,0,0,1167
2021,"Barking and Dagenham 020","E02000021",8759,7191,5405,87,1699,1634,37,41,127,122,53,394,151,479,230,65,4,61,432,18,366,62,284,20,48,13,0,1,8,26,245,3,3,0,0,7,6,0,1,0,219,0,63,71,76,6,3,12,4,7,0,1,4,39,3,2,1,0,14,22,11,11,1,1,1,0,0,0,851
2021,"Barking and Dagenham 021","E02000022",7740,6345,4992,37,1316,1263,47,30,173,150,40,177,133,236,277,53,10,43,344,17,280,55,182,43,47,8,1,3,5,30,439,5,3,1,1,10,7,0,0,3,408,3,151,132,104,15,3,15,7,2,0,6,1,46,13,3,10,0,12,21,9,12,6,4,4,0,2,0,560
2021,"Barking and Dagenham 022","E02000023",8019,6511,5355,19,1137,1083,41,53,111,137,31,156,75,251,228,54,6,48,447,7,365,96,224,45,75,14,1,0,28,32,253,5,2,1,2,4,3,0,1,0,231,2,79,61,86,3,0,11,3,6,0,2,2,47,3,1,2,3,19,22,15,7,2,2,0,2,0,0,759
2021,"Barking and Dagenham 023","E02006799",12039,9918,7920,80,1918,1847,66,29,294,119,97,325,118,500,299,71,5,66,258,15,200,39,112,49,43,13,0,1,1,28,639,3,2,1,0,9,4,1,2,2,611,4,116,296,178,6,11,16,4,8,1,3,0,44,10,4,6,0,11,23,8,15,5,5,2,3,0,0,1175
2021,"Barnet 001","E02000024",10842,9939,8719,249,971,889,67,56,134,126,56,21,85,101,243,82,20,62,84,15,36,7,15,14,33,7,0,15,5,6,275,31,19,3,9,85,28,12,42,3,97,5,3,64,13,6,6,61,19,34,4,4,1,71,35,17,18,3,30,3,2,1,18,18,16,2,0,0,455
2021,"Barnet 002","E02000025",8580,7800,6711,188,901,815,40,19,80,36,23,39,151,118,309,86,17,69,77,11,31,5,18,8,35,5,0,16,2,12,154,24,21,1,2,45,15,0,22,8,51,4,0,31,6,8,2,32,12,13,1,6,2,42,19,2,17,1,20,2,1,1,20,20,13,7,0,0,487
2021,"Barnet 003","E02000026",6456,5952,5392,78,482,415,19,7,64,20,20,2,59,69,155,67,24,43,38,5,8,4,3,1,25,1,0,12,5,7,89,16,12,2,2,25,6,0,18,1,25,1,7,10,0,7,0,19,7,4,3,5,4,38,26,5,21,3,7,2,2,0,10,10,7,3,0,0,329
2021,"Barnet 004","E02000027",9645,8473,7337,192,944,867,37,20,107,96,88,32,136,116,235,77,26,51,110,10,61,25,29,7,39,2,0,10,8,19,212,12,12,0,0,71,27,7,34,3,92,5,1,48,10,23,5,36,13,13,2,8,1,52,24,3,21,2,19,7,4,3,9,9,7,2,0,0,789
2021,"Barnet 005","E02000028",6531,5975,5063,143,769,676,42,36,67,46,54,23,89,108,211,93,19,74,59,8,24,6,15,3,27,0,0,8,7,12,156,33,24,0,9,32,11,4,14,3,70,2,5,37,7,17,2,19,7,7,2,3,2,52,16,7,9,0,25,11,4,7,12,12,11,1,0,0,277
2021,"Barnet 006","E02000029",9675,8719,7356,137,1226,1063,31,27,117,86,58,23,142,174,405,163,42,121,95,8,40,13,20,7,47,2,20,10,10,5,217,58,51,2,5,37,17,1,14,5,72,4,5,43,6,14,0,48,16,15,2,15,2,63,16,9,7,2,39,6,4,2,14,14,11,3,0,0,567
2021,"Barnet 007","E02000030",9454,8634,7898,114,622,582,83,30,53,44,11,14,77,95,175,40,9,31,79,8,56,8,44,4,15,5,1,2,3,4,254,38,26,0,12,80,18,7,54,1,86,10,1,54,11,8,2,44,10,23,10,1,6,46,30,11,19,1,11,4,0,4,18,18,15,3,0,0,423
2021,"Barnet 008","E02000031",8332,7567,6565,200,802,694,22,21,110,26,46,14,113,90,252,108,29,79,45,16,11,3,7,1,18,2,0,8,1,7,311,79,59,0,20,110,34,10,52,14,76,4,2,54,5,9,2,46,16,22,3,5,0,75,37,9,28,1,28,9,2,7,27,27,25,2,0,0,307
2021,"Barnet 009","E02000032",7939,7544,6718,131,695,594,43,22,66,12,36,16,71,79,249,101,59,42,28,3,14,0,13,1,11,1,0,1,7,2,123,8,6,0,2,45,18,10,16,1,52,6,7,26,9,4,0,18,11,1,4,2,0,44,21,3,18,0,20,3,1,2,10,10,9,1,0,0,190
2021,"Barnet 010","E02000033",8891,8169,6889,186,1094,998,34,13,87,59,46,26,188,201,344,96,29,67,70,19,25,4,20,1,26,2,0,4,5,15,170,66,62,0,4,18,14,0,1,3,63,2,0,31,9,19,2,22,9,7,4,2,1,49,21,7,14,2,16,10,5,5,4,4,1,3,0,0,429
2021,"Barnet 011","E02000034",9084,8239,6729,207,1303,1165,43,34,162,35,48,38,201,155,449,138,34,104,65,20,26,4,17,5,19,2,1,12,1,3,229,56,35,4,17,66,23,10,28,5,78,5,5,41,13,14,0,29,10,11,1,7,0,85,38,11,27,1,35,11,5,6,32,32,16,16,0,0,434
2021,"Barnet 012","E02000035",8535,7325,5841,137,1347,1170,50,44,132,102,62,28,141,246,365,177,62,115,127,22,67,13,36,18,38,4,1,9,2,22,591,135,103,1,31,218,42,17,149,10,155,22,4,98,18,9,4,81,32,26,4,19,2,102,52,16,36,2,36,12,2,10,23,19,17,2,4,0,367
2021,"Barnet 013","E02000036",11239,10155,8492,103,1560,1488,39,23,68,118,33,21,165,725,296,72,3,69,119,6,84,43,31,10,29,1,0,17,3,8,309,79,32,9,38,30,16,1,11,2,147,16,7,65,31,26,2,50,14,28,5,3,3,60,29,7,22,1,22,8,3,5,10,9,6,3,1,0,586
2021,"Barnet 014","E02000037",10832,10040,8896,65,1079,1002,43,40,48,65,33,24,71,439,239,77,16,61,87,11,60,27,30,3,16,4,0,8,0,4,289,80,31,15,34,48,32,1,10,5,124,18,6,75,16,9,0,33,11,16,2,4,4,46,41,8,33,0,3,2,1,1,4,4,4,0,0,0,366
2021,"Barnet 015","E02000038",10723,9714,8000,215,1499,1350,41,25,180,56,79,31,195,197,546,149,37,112,113,31,54,20,27,7,28,3,0,6,5,14,293,76,52,5,19,60,14,2,40,4,119,9,10,66,12,18,4,34,19,10,1,4,4,108,54,10,44,8,33,13,4,9,35,35,30,5,0,0,460
2021,"Barnet 016","E02000039",7172,6619,5663,128,828,767,60,24,57,69,37,22,59,227,212,61,4,57,69,5,34,10,20,4,30,3,0,21,1,5,196,48,29,0,19,43,16,7,17,3,68,23,2,30,3,8,2,34,10,21,1,2,3,46,25,5,20,3,16,2,2,0,9,9,8,1,0,0,233
2021,"Barnet 017","E02000040",9142,8107,7127,101,879,795,51,45,103,64,40,37,103,133,219,84,33,51,136,38,46,6,25,15,52,7,0,30,4,11,412,87,65,0,22,158,122,9,20,7,105,10,4,66,14,9,2,52,16,17,14,5,10,73,35,17,18,1,31,6,5,1,14,14,13,1,0,0,400
2021,"Barnet 018","E02000041",9450,8504,6628,117,1759,1672,34,34,128,93,43,20,185,834,301,87,9,78,139,16,90,46,32,12,33,4,0,13,9,7,363,33,12,4,17,60,34,3,20,3,209,28,8,84,28,34,27,61,14,39,2,6,0,55,32,5,27,0,20,3,2,1,10,10,9,1,0,0,379
2021,"Barnet 019","E02000042",11562,10125,7974,207,1944,1740,89,64,275,79,90,67,223,304,549,204,44,160,126,39,41,8,22,11,46,6,2,17,10,11,730,143,99,3,41,261,63,18,148,32,193,25,3,116,28,16,5,94,24,42,2,26,39,135,59,14,45,1,70,5,3,2,39,39,30,9,0,0,407
2021,"Barnet 020","E02000043",7571,6505,5632,83,790,715,53,29,113,28,40,5,142,74,231,75,19,56,46,10,19,7,6,6,17,1,0,10,1,5,730,120,26,1,93,473,41,6,409,17,74,5,0,58,5,5,1,63,35,16,7,5,0,87,45,13,32,0,31,11,9,2,22,22,15,7,0,0,181
2021,"Barnet 021","E02000044",8842,7815,6237,144,1434,1381,29,17,69,147,99,29,164,531,296,53,3,50,163,26,113,55,45,13,24,1,2,8,2,11,335,55,30,1,24,54,33,1,12,8,141,25,4,39,9,19,45,78,13,59,1,5,7,48,8,3,5,2,29,9,5,4,3,3,2,1,0,0,478
2021,"Barnet 022","E02000045",10522,9506,7673,189,1644,1479,90,48,177,92,67,42,218,196,549,165,35,130,117,29,49,13,29,7,39,9,0,10,2,18,263,60,32,0,28,76,30,6,24,16,77,5,5,39,18,8,2,47,23,17,2,5,3,107,46,10,36,7,46,8,6,2,20,20,17,3,0,0,509
2021,"Barnet 023","E02000046",6963,6096,4619,119,1358,1224,64,40,130,53,60,32,221,240,384,134,27,107,88,17,33,8,18,7,38,9,0,21,2,6,458,78,48,1,29,188,40,1,129,18,143,3,13,109,8,2,8,49,16,24,3,6,0,77,44,13,31,0,29,4,0,4,22,22,17,5,0,0,222
2021,"Barnet 024","E02000047",12398,10634,7765,218,2651,2560,35,26,120,196,95,49,236,1424,379,91,8,83,252,25,178,53,114,11,49,6,2,5,3,33,642,27,17,1,9,131,95,18,12,6,324,42,28,74,20,30,130,159,49,83,3,24,1,94,20,4,16,0,57,17,11,6,7,7,5,2,0,0,769
2021,"Barnet 025","E02000048",10278,9310,7904,120,1286,1195,91,43,120,64,70,30,184,259,334,91,25,66,126,4,90,18,70,2,32,3,1,11,0,17,385,141,61,4,76,62,20,0,33,9,109,20,5,61,9,10,4,71,16,34,11,10,2,115,57,10,47,5,50,3,1,2,27,27,20,7,0,0,315
2021,"Barnet 026","E02000049",10530,9006,7346,105,1555,1496,33,34,94,216,46,22,238,446,367,59,2,57,204,25,141,55,65,21,38,9,1,5,8,15,477,59,35,3,21,89,59,1,19,10,200,36,9,87,42,12,14,113,46,52,5,10,16,68,14,4,10,2,30,22,12,10,22,22,17,5,0,0,753
2021,"Barnet 027","E02000050",10382,9330,7608,202,1520,1342,68,32,143,82,68,42,236,174,497,178,36,142,123,36,56,15,32,9,31,6,1,15,0,9,324,77,35,0,42,70,25,5,23,17,127,7,6,73,24,12,5,50,5,29,3,13,0,116,61,8,53,6,37,12,5,7,15,15,10,5,0,0,474
2021,"Barnet 028","E02000051",9160,8035,6678,106,1251,1150,73,29,145,62,61,39,197,155,389,101,28,73,121,9,75,18,44,13,37,7,0,16,0,14,564,203,81,0,122,138,23,8,104,3,135,9,1,96,23,2,4,87,17,52,6,12,1,104,49,9,40,0,54,1,0,1,27,27,24,3,0,0,309
2021,"Barnet 029","E02000052",9847,8854,7166,215,1473,1327,95,61,227,96,85,31,149,177,406,146,44,102,83,18,27,14,6,7,38,4,0,18,3,13,306,79,19,0,60,86,30,11,37,8,97,2,4,68,9,9,5,41,6,21,1,13,3,136,72,18,54,2,57,5,2,3,48,47,35,12,1,0,420
2021,"Barnet 031","E02000054",7629,6751,4881,82,1788,1681,61,42,132,95,66,29,380,435,441,107,11,96,140,13,75,13,36,26,52,14,2,15,6,15,412,126,38,7,81,63,25,4,21,13,142,21,3,80,18,14,6,79,25,40,2,12,2,71,24,5,19,5,39,3,2,1,9,9,6,3,0,0,246
2021,"Barnet 032","E02000055",11726,10323,7237,104,2982,2776,111,47,218,213,130,96,499,710,752,206,20,186,248,43,95,18,52,25,110,23,1,36,14,36,577,111,43,5,63,122,55,11,40,16,180,6,4,136,19,12,3,157,52,88,3,14,7,159,89,9,80,4,54,12,4,8,21,21,15,6,0,1,397
2021,"Barnet 033","E02000056",9131,8281,7284,97,900,786,77,57,110,39,40,21,80,68,294,114,31,83,90,14,19,2,13,4,57,11,0,28,1,17,338,107,29,7,71,71,21,9,28,13,105,1,9,41,41,7,6,54,14,23,8,9,1,176,108,25,83,7,57,4,1,3,69,68,53,15,1,0,177
2021,"Barnet 034","E02000057",8012,7240,5613,72,1555,1445,66,28,101,74,74,30,222,458,392,110,11,99,115,20,36,2,7,27,59,7,1,15,1,35,272,100,28,7,65,55,17,5,22,11,69,8,1,40,7,11,2,48,7,30,4,7,0,103,67,9,58,0,32,4,1,3,10,10,8,2,0,0,272
2021,"Barnet 035","E02000058",10228,9197,7506,116,1575,1452,78,94,193,51,95,29,228,167,517,123,13,110,93,17,41,2,36,3,35,4,0,21,4,6,425,157,62,0,95,83,28,3,39,13,89,4,7,54,11,9,4,96,9,63,5,19,0,156,113,22,91,3,35,5,3,2,45,45,39,6,0,0,312
2021,"Barnet 036","E02000059",11627,10117,6960,209,2948,2808,61,52,192,181,102,62,383,1194,581,140,21,119,159,25,101,21,68,12,33,7,0,10,2,14,601,85,49,6,30,87,53,4,20,10,295,44,9,171,36,27,8,132,46,58,7,21,2,155,26,6,20,0,115,14,7,7,16,16,15,1,0,0,579
2021,"Barnet 037","E02000060",11555,10553,8778,52,1723,1530,154,59,138,71,75,22,250,172,589,193,26,167,66,8,33,2,26,5,25,4,0,7,8,6,399,134,38,14,82,68,21,3,39,5,80,4,2,58,10,5,1,117,14,89,5,9,0,160,120,25,95,3,25,12,6,6,31,31,27,4,0,0,346
2021,"Barnet 038","E02000061",8341,7229,5755,59,1415,1265,116,67,184,77,89,32,147,140,413,150,36,114,136,18,56,18,33,5,62,8,0,19,15,20,528,98,41,4,53,196,36,23,84,53,110,2,3,87,9,3,6,117,17,84,3,13,7,180,123,26,97,6,48,3,2,1,32,27,18,9,5,0,236
2021,"Barnet 039","E02000062",6950,6110,4627,132,1351,1285,35,19,175,127,105,23,207,224,370,66,8,58,133,55,53,9,20,24,25,2,5,5,1,12,273,44,22,8,14,37,19,4,14,0,89,20,4,45,4,3,13,100,26,52,2,20,3,83,26,7,19,1,47,9,5,4,20,20,6,14,0,0,331
2021,"Barnet 040","E02000063",7578,6682,4863,125,1694,1607,65,43,240,79,126,26,236,203,589,87,11,76,156,34,86,7,69,10,36,2,0,9,1,24,329,102,36,16,50,39,15,4,13,7,73,7,2,46,14,4,0,106,17,70,5,14,9,84,37,10,27,1,44,2,2,0,14,14,11,3,0,0,313
2021,"Barnet 041","E02000064",6672,5876,4647,124,1105,1023,64,32,152,118,88,34,114,99,322,82,33,49,82,21,35,6,24,5,26,5,3,13,3,2,328,66,31,5,30,53,14,1,18,20,125,2,2,100,10,8,3,83,6,67,4,6,1,104,40,12,28,3,48,13,5,8,17,9,5,4,8,0,265
2021,"Barnet 042","E02006953",9165,7115,4976,77,2062,1868,67,71,183,200,105,42,240,461,499,194,42,152,239,63,136,32,93,11,40,7,0,16,4,13,1048,120,69,9,42,370,235,64,26,45,380,42,9,246,39,35,9,144,57,50,8,29,34,168,40,12,28,19,104,5,2,3,19,18,13,5,1,0,576
2021,"Barnet 043","E02006954",10109,8737,6304,137,2296,2155,68,56,162,171,79,46,214,878,481,141,39,102,139,34,70,17,49,4,35,7,2,4,0,22,689,59,28,5,26,182,103,33,18,28,287,53,11,160,28,27,8,151,53,70,5,23,10,108,43,22,21,1,51,13,8,5,12,12,5,7,0,1,423
2021,"Bexley 001","E02000065",8065,6277,5229,89,959,924,24,71,157,57,51,80,62,153,269,35,5,30,783,5,733,58,642,33,45,2,0,9,13,21,120,1,0,1,0,18,16,0,1,1,66,0,11,16,8,3,28,35,12,13,0,10,0,50,14,0,14,1,11,24,18,6,2,2,1,1,0,1,832
2021,"Bexley 002","E02000066",9431,7432,6260,77,1095,1050,36,69,98,37,79,107,177,181,266,45,11,34,641,9,584,104,436,44,48,6,0,3,20,19,180,3,0,1,2,40,37,0,2,1,107,11,8,41,8,7,32,25,6,9,0,10,5,50,9,1,8,2,20,19,17,2,4,4,2,2,0,0,1124
2021,"Bexley 003","E02000067",10228,8350,6879,75,1396,1352,59,29,102,93,46,163,215,315,330,44,8,36,408,5,351,34,300,17,52,1,0,19,18,14,253,4,2,2,0,28,15,5,8,0,187,0,12,135,7,11,22,34,4,11,0,19,0,51,7,5,2,2,30,12,6,6,9,9,2,7,0,0,1157
2021,"Bexley 004","E02000068",8179,6443,5609,54,780,743,21,35,94,39,14,72,111,127,230,37,7,30,417,7,365,45,297,23,45,2,0,9,13,21,234,5,3,1,1,13,10,1,1,1,210,11,6,151,17,14,11,6,0,1,0,5,0,39,7,4,3,0,15,17,11,6,9,9,4,5,0,0,1037
2021,"Bexley 005","E02000069",7215,6101,5478,85,538,521,19,15,27,37,36,65,72,105,145,17,7,10,205,3,180,23,151,6,22,2,0,5,8,7,171,0,0,0,0,17,14,2,1,0,142,0,3,87,19,8,25,8,2,3,0,3,4,39,14,0,14,1,17,7,4,3,5,5,2,3,0,0,694
2021,"Bexley 006","E02000070",8108,7179,6624,65,490,469,19,22,42,33,7,52,57,106,131,21,4,17,115,9,94,11,76,7,12,0,0,4,4,4,121,0,0,0,0,11,6,0,3,2,95,0,5,60,5,12,13,12,2,1,1,8,3,28,9,0,9,0,11,8,2,6,7,7,5,2,0,0,658
2021,"Bexley 007","E02000071",7669,6566,6122,61,383,364,21,19,26,16,21,46,45,71,99,19,1,18,87,4,74,5,62,7,9,0,0,1,3,5,114,1,0,0,1,3,1,0,1,1,102,0,3,80,1,9,9,8,0,3,0,5,0,21,11,3,8,0,7,3,3,0,6,6,3,3,0,0,875
2021,"Bexley 008","E02000072",12920,10388,9258,100,1030,987,58,46,95,36,31,110,135,166,310,43,5,38,615,8,539,45,469,25,68,11,1,7,23,26,235,11,1,5,5,30,28,0,0,2,177,5,23,75,18,15,41,16,6,3,1,6,1,48,9,2,7,1,17,21,12,9,10,10,6,4,0,0,1624
2021,"Bexley 009","E02000073",10729,9716,9214,90,412,393,52,11,42,21,11,29,54,74,99,19,7,12,57,0,49,0,46,3,8,0,0,6,0,2,212,0,0,0,0,20,19,0,1,0,175,0,0,109,15,16,35,15,3,4,0,8,2,32,19,12,7,0,8,5,2,3,2,2,2,0,0,0,710
2021,"Bexley 010","E02000074",8861,7241,6704,81,456,432,18,19,38,18,7,72,90,70,100,24,5,19,209,10,175,31,136,8,24,3,0,6,10,5,103,1,0,1,0,13,9,0,4,0,86,0,5,45,10,4,22,3,0,1,0,2,0,33,11,5,6,2,9,11,7,4,5,5,5,0,0,0,1270
2021,"Bexley 011","E02000075",7978,7191,6908,68,215,199,13,7,20,10,11,24,20,49,45,16,3,13,46,1,34,3,28,3,11,1,0,4,0,6,132,0,0,0,0,22,13,2,6,1,98,0,4,78,1,7,8,12,3,8,0,1,0,11,2,0,2,0,6,3,2,1,8,8,7,1,0,0,590
2021,"Bexley 013","E02000077",8140,7125,6586,61,478,444,15,15,32,28,17,41,63,98,135,34,4,30,58,6,36,2,29,5,16,1,0,4,0,11,240,2,0,1,1,29,27,0,2,0,176,7,3,81,6,20,59,7,1,4,0,2,26,23,10,2,8,1,9,3,1,2,5,5,4,1,0,1,688
2021,"Bexley 014","E02000078",7932,7022,6654,41,327,299,22,2,30,24,7,27,56,58,73,28,6,22,90,0,82,15,61,6,8,0,0,1,2,5,84,4,2,2,0,12,11,0,0,1,54,0,7,33,6,6,2,14,7,4,1,2,0,20,12,7,5,1,4,3,0,3,2,2,2,0,0,0,714
2021,"Bexley 015","E02000079",8776,7608,6860,97,651,598,25,8,73,53,18,70,95,82,174,53,14,39,116,7,78,5,68,5,31,0,0,21,3,7,246,4,0,0,4,44,33,1,7,3,160,1,14,101,11,17,16,34,10,10,3,11,4,33,11,4,7,0,12,10,7,3,12,12,7,5,0,0,761
2021,"Bexley 016","E02000080",10061,8892,8113,79,700,655,25,17,72,26,21,66,74,154,200,45,10,35,95,2,77,13,58,6,16,4,0,3,4,5,310,4,0,0,4,56,48,0,3,5,205,0,6,115,6,9,69,39,24,8,0,7,6,30,17,7,10,1,7,5,5,0,7,7,6,1,0,0,727
2021,"Bexley 017","E02000081",8305,7236,6717,78,441,404,23,21,63,12,10,40,52,87,96,37,6,31,78,2,58,8,44,6,18,0,0,11,1,6,149,1,0,0,1,31,28,0,2,1,97,0,2,74,1,5,15,19,10,4,1,4,1,22,10,2,8,0,11,1,1,0,4,4,3,1,0,0,816
2021,"Bexley 018","E02000082",9333,8494,7975,75,444,418,35,18,54,21,25,42,50,94,79,26,8,18,58,3,45,15,26,4,10,0,0,8,2,0,162,4,0,0,4,28,27,0,1,0,109,1,16,44,3,21,24,11,1,6,0,4,10,31,11,6,5,1,11,8,5,3,7,7,4,3,0,0,581
2021,"Bexley 019","E02000083",11270,9648,8853,75,720,665,14,40,49,45,27,90,104,137,159,55,15,40,135,8,106,11,86,9,21,3,0,6,5,7,156,2,0,1,1,20,12,3,2,3,112,2,12,46,10,29,13,17,4,3,1,9,5,53,20,3,17,0,27,6,4,2,6,5,4,1,1,0,1272
2021,"Bexley 020","E02000084",11114,10131,9639,95,397,348,22,4,42,13,24,17,51,57,118,49,12,37,45,0,37,1,35,1,8,0,0,4,2,2,220,3,3,0,0,43,30,1,9,3,145,0,2,106,8,14,15,23,8,5,4,6,6,22,12,4,8,1,5,4,3,1,13,13,10,3,0,0,683
2021,"Bexley 021","E02000085",7967,7183,6763,56,364,327,38,5,23,37,7,29,40,63,85,37,8,29,32,2,26,3,23,0,4,0,0,1,1,2,111,5,2,2,1,14,11,0,1,2,73,2,4,33,9,17,8,17,5,2,5,5,2,24,12,3,9,3,3,6,0,6,6,6,4,2,0,0,611
2021,"Bexley 022","E02000086",7178,6649,6368,67,214,197,8,6,18,18,12,15,28,42,50,17,2,15,13,0,12,0,11,1,1,0,0,0,0,1,51,2,1,0,1,7,3,0,4,0,33,5,4,19,1,4,0,9,2,0,5,2,0,7,1,1,0,0,5,1,0,1,8,8,6,2,0,0,450
2021,"Bexley 023","E02000087",8205,7590,7247,89,254,235,13,17,24,7,20,22,34,28,70,19,5,14,35,1,14,0,12,2,20,0,0,15,3,2,91,1,0,0,1,14,11,3,0,0,52,3,2,33,6,6,2,19,9,8,0,2,5,40,22,4,18,0,18,0,0,0,6,6,3,3,0,0,443
2021,"Bexley 024","E02000088",7747,7081,6844,60,177,158,20,3,23,6,6,17,31,5,47,19,4,15,21,3,17,2,11,4,1,0,0,1,0,0,85,2,0,0,2,12,10,0,2,0,66,2,2,52,2,3,5,5,3,0,0,2,0,14,9,2,7,0,5,0,0,0,7,7,6,1,0,0,539
2021,"Bexley 025","E02000089",7870,7269,6980,61,228,220,27,7,31,3,11,23,26,40,52,8,2,6,35,2,25,2,22,1,8,0,0,5,0,3,52,0,0,0,0,12,7,1,4,0,28,0,3,13,4,4,4,12,9,0,1,2,0,23,13,4,9,0,8,2,1,1,3,3,3,0,0,0,488
2021,"Bexley 026","E02000090",9642,8657,8065,83,509,465,20,12,69,31,25,25,85,90,108,44,10,34,50,3,37,6,28,3,10,0,0,5,4,1,137,3,1,2,0,25,22,0,2,1,83,0,13,58,6,6,0,22,3,9,3,7,4,46,17,4,13,1,20,8,5,3,8,8,5,3,0,0,744
2021,"Bexley 027","E02000091",10166,9075,8553,97,425,383,42,11,29,30,25,35,52,61,98,42,18,24,86,1,55,8,43,4,30,3,1,6,5,15,128,0,0,0,0,36,24,1,11,0,63,3,8,39,1,8,4,25,7,11,3,4,4,41,9,2,7,1,21,10,5,5,4,4,3,1,0,0,832
2021,"Bexley 028","E02000092",6756,5744,5395,47,302,286,12,3,37,16,8,53,42,41,74,16,9,7,85,0,61,6,48,7,24,3,0,6,11,4,55,2,0,0,2,7,6,0,1,0,28,3,1,14,2,7,1,13,2,7,0,4,5,21,13,2,11,0,5,3,2,1,6,6,3,3,0,0,845
2021,"Bexley 029","E02006785",6623,5716,5165,47,504,459,16,14,28,21,21,66,55,116,122,45,5,40,75,3,59,10,45,4,13,0,0,1,4,8,206,2,0,2,0,39,27,2,5,5,156,3,10,62,7,12,62,8,4,1,0,3,1,28,15,2,13,0,7,6,5,1,8,4,2,2,4,0,590
2021,"Brent 001","E02000093",11876,10620,7672,202,2746,2700,74,34,77,83,41,10,147,1968,266,46,2,44,100,13,61,37,16,8,26,7,0,3,1,15,604,19,5,5,9,32,21,5,5,1,475,18,3,306,56,70,22,78,21,40,1,16,0,75,21,6,15,0,32,22,16,6,9,9,6,3,0,0,468
2021,"Brent 002","E02000094",10461,9316,6848,310,2158,2098,46,52,128,92,58,42,179,1129,372,60,9,51,140,57,64,20,37,7,19,2,0,4,4,9,550,35,10,10,15,110,78,9,13,10,333,39,1,177,55,56,5,70,24,18,7,21,2,69,18,8,10,2,31,18,14,4,10,9,4,5,1,0,376
2021,"Brent 003","E02000095",10463,9339,6673,165,2501,2432,31,28,76,191,60,9,164,1570,303,69,19,50,63,15,29,10,17,2,19,9,0,2,0,8,620,12,1,4,7,16,4,3,9,0,556,41,5,427,35,38,10,36,8,16,4,8,0,57,16,3,13,0,24,17,14,3,6,6,3,3,0,0,378
2021,"Brent 004","E02000096",7633,6913,5657,128,1128,1114,19,16,42,44,15,25,60,723,170,14,2,12,23,7,10,9,1,0,6,4,0,1,0,1,415,11,0,3,8,15,4,4,5,2,360,19,0,293,12,28,8,29,10,11,3,5,0,33,10,1,9,2,14,7,5,2,13,10,6,4,3,1,235
2021,"Brent 005","E02000097",9532,8565,5870,374,2321,2241,36,33,108,137,53,31,244,1311,288,80,5,75,78,15,41,11,21,9,22,7,0,1,1,13,428,45,15,14,16,13,8,0,4,1,322,31,11,169,43,58,10,48,20,9,2,17,0,91,14,7,7,0,42,35,28,7,3,2,2,0,1,0,367
2021,"Brent 006","E02000098",8742,7777,5929,134,1714,1682,132,50,92,82,51,24,139,836,276,32,1,31,61,15,24,4,12,8,22,10,0,1,0,11,405,47,10,11,26,34,8,2,19,5,300,16,3,203,40,17,21,24,10,8,3,3,0,96,29,5,24,1,39,27,16,11,5,5,2,3,0,0,398
2021,"Brent 007","E02000099",9564,8440,5681,74,2685,2633,52,33,93,146,44,31,214,1604,416,52,2,50,53,14,20,9,5,6,19,4,1,5,3,6,581,46,3,9,34,23,13,2,8,0,465,23,5,337,32,56,12,44,18,17,4,5,3,71,7,2,5,2,44,18,10,8,12,12,9,3,0,0,407
2021,"Brent 008","E02000100",8326,7182,5963,200,1019,973,39,31,55,59,33,16,132,429,179,46,1,45,59,17,24,8,13,3,18,8,0,3,1,6,758,23,5,9,9,107,72,11,19,5,496,9,3,419,16,39,10,132,16,89,17,10,0,72,21,6,15,3,33,15,9,6,4,3,3,0,1,0,251
2021,"Brent 009","E02000101",9933,8664,6523,225,1916,1862,111,26,136,162,113,32,222,649,411,54,11,43,132,37,69,31,18,20,26,3,2,2,1,18,559,55,27,9,19,12,3,0,8,1,455,19,4,319,51,26,36,37,5,29,2,1,0,110,10,4,6,0,60,40,29,11,5,5,3,2,0,0,463
2021,"Brent 010","E02000102",8328,7341,5479,227,1635,1551,34,15,130,127,67,41,289,566,282,84,6,78,82,27,39,19,14,6,16,2,1,3,1,9,277,71,8,2,61,9,8,0,1,0,156,36,1,56,44,15,4,39,8,27,0,4,2,105,14,2,12,0,72,19,16,3,2,2,2,0,0,0,521
2021,"Brent 011","E02000103",9975,8679,6640,428,1611,1542,70,45,221,152,140,41,298,230,345,69,2,67,165,48,89,28,51,10,28,2,3,1,4,18,394,121,13,34,74,20,7,2,11,0,152,24,2,66,44,11,5,98,14,66,2,16,3,179,28,12,16,1,106,44,35,9,9,9,6,3,0,0,549
2021,"Brent 012","E02000104",7505,6565,4943,154,1468,1416,29,23,75,205,29,37,129,628,261,52,4,48,74,27,27,15,10,2,20,2,5,4,0,9,473,33,3,8,22,27,15,2,10,0,386,9,1,283,29,35,29,27,7,12,3,5,0,81,11,2,9,7,38,25,17,8,7,7,4,3,0,0,305
2021,"Brent 013","E02000105",9845,8079,5982,146,1951,1909,35,29,108,364,45,33,321,652,322,42,3,39,101,22,54,15,21,18,25,2,3,2,11,7,1189,39,4,3,32,18,7,3,6,2,1080,47,2,772,71,91,97,52,22,19,2,9,0,114,15,11,4,2,62,35,26,9,6,6,3,3,0,0,356
2021,"Brent 014","E02000106",10354,8853,6150,252,2451,2387,56,13,293,246,155,30,470,711,413,64,3,61,174,49,103,43,45,15,22,2,10,0,0,10,391,74,5,2,67,8,4,0,4,0,214,14,4,78,91,20,7,95,19,69,0,7,0,269,13,4,9,2,189,65,52,13,10,8,5,3,2,0,657
2021,"Brent 015","E02000107",10942,9469,6657,356,2456,2336,145,51,516,224,243,46,313,273,525,120,14,106,125,54,37,5,21,11,34,1,2,10,1,20,564,57,4,4,49,51,27,1,10,13,212,3,10,135,44,17,3,239,17,203,6,13,5,224,49,12,37,15,132,28,21,7,40,40,31,9,0,0,520
2021,"Brent 016","E02000108",7260,6150,4694,162,1294,1246,44,15,68,238,49,26,280,369,157,48,2,46,48,13,18,9,6,3,17,3,0,2,2,10,679,12,4,0,8,11,3,2,4,2,633,10,7,431,30,88,67,23,5,15,2,1,0,115,10,3,7,0,87,18,13,5,3,3,2,1,0,0,265
2021,"Brent 018","E02000110",8173,7339,5499,339,1501,1425,120,37,354,112,133,29,160,165,315,76,9,67,77,26,30,14,10,6,21,1,1,14,0,5,206,39,11,5,23,21,6,0,10,5,82,10,5,45,18,2,2,64,20,34,4,6,0,158,36,5,31,3,89,30,24,6,35,35,24,11,0,0,358
2021,"Brent 019","E02000111",11286,8994,6027,93,2874,2838,43,18,86,1771,75,11,196,348,290,36,0,36,81,27,38,24,10,4,16,2,0,0,1,13,1654,20,7,0,13,11,3,1,5,2,1596,16,5,1331,60,81,103,27,6,17,2,2,0,87,15,6,9,0,38,34,20,14,2,2,1,1,0,0,468
2021,"Brent 020","E02000112",11746,9414,5758,117,3539,3482,54,37,129,1896,82,30,257,646,351,57,5,52,103,23,37,11,18,8,43,7,3,4,3,26,1711,35,5,7,23,54,33,6,5,10,1586,16,11,1365,78,53,63,36,4,24,1,7,0,139,15,7,8,7,80,37,27,10,14,14,8,6,0,0,365
2021,"Brent 021","E02000113",9629,8479,7268,165,1046,1019,28,77,79,214,64,18,173,154,212,27,1,26,191,58,106,49,35,22,27,5,8,0,4,10,226,40,5,19,16,6,3,0,3,0,141,19,1,87,14,18,2,39,9,28,1,1,0,164,16,9,7,0,62,86,66,20,1,1,1,0,0,0,568
2021,"Brent 022","E02000114",9001,7727,5209,232,2286,2187,138,82,568,397,198,38,201,171,394,99,19,80,111,44,51,18,24,9,16,1,3,2,0,10,460,100,15,16,69,40,11,4,13,12,209,3,9,158,26,10,3,108,10,82,3,13,3,298,64,15,49,10,193,31,20,11,32,31,20,11,1,0,373
2021,"Brent 023","E02000115",8625,7560,5625,229,1706,1544,184,58,355,132,163,25,102,127,398,162,33,129,128,67,39,4,32,3,22,4,3,5,1,9,328,92,16,5,71,52,25,2,18,7,123,9,3,78,19,8,6,60,13,35,1,11,1,188,68,18,50,9,65,46,25,21,70,68,44,24,2,0,351
2021,"Brent 024","E02000116",8549,7110,5092,261,1757,1703,53,34,394,373,197,17,219,156,260,54,7,47,105,40,44,18,18,8,21,2,0,2,2,15,506,110,9,4,97,21,4,4,8,5,220,21,4,133,33,16,13,153,4,137,0,12,2,274,12,5,7,4,195,63,41,22,20,20,13,7,0,0,534
2021,"Brent 025","E02000117",12732,11010,8682,263,2065,2017,75,16,287,363,200,14,295,306,461,48,6,42,249,81,123,64,42,17,45,6,11,0,2,26,386,48,5,4,39,32,13,3,8,8,175,12,6,85,52,14,6,131,10,88,1,32,0,346,25,10,15,1,196,124,95,29,10,8,2,6,2,0,731
2021,"Brent 026","E02000118",11295,9292,6089,82,3121,3084,40,23,54,2054,45,20,257,284,307,37,4,33,91,22,44,16,14,14,25,1,2,6,6,10,1362,26,0,7,19,18,9,1,4,4,1291,6,3,1080,23,63,116,27,4,18,0,5,0,64,3,1,2,1,27,33,25,8,3,3,2,1,0,1,482
2021,"Brent 027","E02000119",10630,9231,7674,123,1434,1351,79,12,163,214,112,35,265,115,356,83,14,69,225,57,123,65,39,19,45,4,9,1,15,16,329,101,27,18,56,43,22,7,12,2,145,14,2,59,43,14,13,39,1,27,3,8,1,238,18,8,10,0,119,101,76,25,16,14,8,6,2,0,591
2021,"Brent 028","E02000120",9023,7897,5825,283,1789,1703,241,64,341,117,224,28,107,119,462,86,10,76,138,66,44,7,28,9,28,3,1,8,3,13,305,46,2,1,43,41,15,4,12,10,106,3,10,69,16,7,1,110,16,82,1,11,2,244,133,28,105,7,79,25,13,12,97,97,71,26,0,0,342
2021,"Brent 029","E02000121",12243,9985,6829,66,3090,3032,54,28,89,1922,78,20,337,208,296,58,8,50,81,24,34,18,15,1,23,6,2,5,2,8,1671,84,2,16,66,64,46,4,8,6,1457,3,0,1252,43,70,89,64,31,26,3,4,2,79,10,5,5,4,38,27,21,6,8,8,6,2,0,0,419
2021,"Brent 030","E02000122",8181,7464,6091,228,1145,1092,86,48,294,77,159,21,96,81,230,53,5,48,77,29,31,7,21,3,17,1,0,6,1,9,212,65,23,7,35,28,15,0,7,6,47,3,2,28,9,5,0,70,14,27,6,23,2,176,80,14,66,4,80,12,9,3,47,47,34,13,0,0,205
2021,"Brent 031","E02000123",13582,11723,8687,343,2693,2631,85,48,487,529,263,30,359,295,535,62,7,55,199,59,101,44,43,14,39,4,12,9,0,14,396,30,11,3,16,31,11,3,10,7,149,9,2,73,36,20,9,183,5,162,1,15,3,504,41,7,34,4,353,106,89,17,32,31,20,11,1,1,727
2021,"Brent 032","E02000124",9963,8946,7074,247,1625,1558,222,89,324,159,251,14,95,76,328,67,21,46,88,34,31,10,13,8,23,3,0,11,2,7,227,32,5,2,25,32,8,1,14,9,69,6,4,32,9,14,4,94,14,61,9,10,0,284,141,25,116,4,105,34,24,10,113,113,73,40,0,0,305
2021,"Brent 033","E02000125",9936,9000,7353,233,1414,1369,138,56,315,221,174,18,112,80,255,45,12,33,68,19,29,13,12,4,20,5,0,9,2,4,176,42,3,2,37,13,1,2,8,2,67,1,2,41,16,4,3,54,11,39,2,2,0,274,100,30,70,9,126,39,29,10,79,77,56,21,2,0,339
2021,"Brent 034","E02000126",8195,7337,6065,167,1105,1028,99,39,154,163,107,16,61,71,318,77,12,65,120,45,44,14,22,8,31,2,4,10,0,15,277,43,19,6,18,49,26,2,11,10,69,7,0,42,13,7,0,114,22,81,6,5,2,126,46,14,32,4,41,35,32,3,20,20,14,6,0,0,315
2021,"Brent 035","E02006955",7504,5659,3846,78,1735,1605,125,36,190,354,108,28,135,270,359,130,26,104,170,58,63,17,35,11,49,6,2,19,5,17,1197,67,17,10,40,219,172,28,2,17,868,4,7,806,23,8,20,37,7,8,6,16,6,201,50,6,44,5,115,31,28,3,31,30,19,11,1,0,246
2021,"Brent 036","E02006956",8829,7381,5250,121,2010,1940,46,30,91,591,52,29,223,526,352,70,11,59,124,39,58,21,36,1,27,5,2,6,4,10,899,30,7,3,20,133,109,11,4,9,677,5,3,580,55,14,20,52,9,20,2,21,7,137,25,6,19,2,75,35,24,11,19,19,19,0,0,0,269
2021,"Bromley 001","E02000127",9330,7907,6885,70,952,876,38,7,93,37,45,140,119,164,233,76,14,62,132,4,100,13,72,15,28,3,0,15,6,4,100,4,2,0,2,27,20,3,2,2,48,1,3,24,7,9,4,21,6,7,2,6,0,86,26,4,22,2,39,19,13,6,16,16,11,5,0,0,1089
2021,"Bromley 002","E02000128",7793,7129,6608,52,469,420,41,20,41,27,20,52,55,54,110,49,18,31,57,7,19,1,17,1,31,0,0,24,5,2,80,4,4,0,0,21,7,3,10,1,37,2,3,27,1,1,3,17,12,2,1,2,1,38,18,11,7,2,16,2,2,0,22,22,12,10,0,0,467
2021,"Bromley 004","E02000130",8428,7586,6721,143,722,670,46,32,83,56,79,27,98,86,163,52,12,40,94,11,58,10,39,9,25,2,0,4,9,10,81,10,3,0,7,19,4,1,11,3,35,2,2,16,10,3,2,16,2,9,2,3,1,111,29,10,19,1,46,35,21,14,33,33,24,9,0,0,523
2021,"Bromley 005","E02000131",10483,9215,7723,152,1340,1277,96,61,196,157,145,50,149,105,318,63,17,46,258,22,180,36,106,38,56,5,0,23,7,21,111,6,2,1,3,33,10,0,21,2,51,0,6,20,16,7,2,21,4,4,3,10,0,235,71,19,52,7,88,69,58,11,43,43,22,21,0,0,621
2021,"Bromley 006","E02000132",9829,8675,7433,156,1086,977,67,38,147,99,70,48,132,138,238,109,32,77,145,15,69,12,52,5,61,2,0,22,20,17,245,14,6,0,8,72,26,16,26,4,118,2,2,94,6,13,1,40,12,22,2,4,1,154,49,13,36,7,63,35,23,12,46,46,30,16,0,0,564
2021,"Bromley 007","E02000133",10746,10076,9531,138,407,367,27,30,49,16,19,28,38,16,144,40,8,32,51,5,25,8,13,4,21,1,0,12,4,4,160,11,4,0,7,39,33,0,5,1,74,1,1,67,2,3,0,33,18,4,7,4,3,53,34,9,25,1,16,2,2,0,35,35,19,16,0,0,371
2021,"Bromley 008","E02000134",11752,10364,8906,129,1329,1244,97,35,229,71,81,85,188,152,306,85,19,66,124,15,70,7,52,11,39,0,0,14,15,10,326,2,1,0,1,46,21,2,21,2,215,1,20,157,14,22,1,62,9,39,5,9,1,184,50,17,33,6,105,23,23,0,31,31,17,14,0,0,723
2021,"Bromley 009","E02000135",9869,8286,7009,88,1189,1142,94,23,136,150,134,58,171,102,274,47,15,32,208,10,158,25,103,30,40,1,0,11,10,18,144,7,2,1,4,25,7,0,16,2,86,1,8,51,13,9,4,26,7,13,1,5,0,202,37,9,28,1,71,93,79,14,15,14,8,6,1,0,1014
2021,"Bromley 010","E02000136",5742,5044,4790,36,218,204,14,11,14,3,13,30,50,19,50,14,1,13,44,4,28,5,19,4,12,0,0,6,5,1,67,1,0,0,1,31,20,3,7,1,27,0,0,21,1,0,5,8,5,2,0,1,0,20,10,4,6,0,6,4,2,2,4,4,3,1,0,0,563
2021,"Bromley 011","E02000137",8398,7633,6848,136,649,586,38,31,64,29,35,35,73,112,169,63,17,46,79,8,48,14,27,7,23,2,0,8,7,6,174,9,0,0,9,35,25,0,10,0,88,4,4,66,9,5,0,41,14,15,4,8,1,59,28,8,20,0,17,14,10,4,29,29,25,4,0,0,424
2021,"Bromley 012","E02000138",8497,7897,7028,150,719,646,51,35,98,16,56,28,102,50,210,73,21,52,53,5,21,4,14,3,27,3,0,16,2,6,115,11,4,0,7,32,17,1,12,2,55,2,5,37,3,6,2,16,5,6,2,3,1,98,48,13,35,2,42,6,3,3,30,30,23,7,0,0,304
2021,"Bromley 013","E02000139",7710,6983,6316,112,555,510,49,23,96,28,49,16,48,49,152,45,6,39,65,4,37,10,23,4,24,6,0,10,1,7,68,5,3,0,2,19,7,1,10,1,29,3,3,12,5,2,4,15,6,6,1,2,0,86,28,10,18,0,33,25,22,3,38,38,25,13,0,0,470
2021,"Bromley 014","E02000140",8679,7075,6506,56,513,476,22,7,57,25,34,63,90,65,113,37,7,30,102,3,70,19,41,10,29,4,0,5,6,14,125,3,3,0,0,8,6,0,1,1,78,2,4,52,11,4,5,35,9,23,0,3,1,48,4,1,3,1,21,22,15,7,7,7,4,3,0,0,1322
2021,"Bromley 015","E02000141",7231,6448,5743,93,612,570,43,39,85,63,67,14,93,29,137,42,2,40,95,2,72,21,40,11,21,0,4,6,7,4,71,1,1,0,0,14,1,2,10,1,44,2,7,30,4,1,0,12,2,6,2,2,0,119,24,7,17,1,48,46,41,5,13,13,7,6,0,0,485
2021,"Bromley 016","E02000142",8812,8008,7320,113,575,537,43,18,67,53,31,29,58,73,165,38,9,29,67,10,27,5,20,2,30,2,0,16,9,3,206,6,2,1,3,39,29,0,10,0,116,0,2,102,0,7,5,44,11,22,4,7,1,39,15,4,11,0,21,3,3,0,17,17,13,4,0,0,475
2021,"Bromley 018","E02000144",10061,8651,7434,139,1078,990,83,31,150,72,62,53,106,153,280,88,25,63,142,38,61,6,49,6,43,3,1,22,13,4,579,9,3,0,6,97,65,12,13,7,361,2,8,310,19,21,1,111,22,77,3,9,1,157,54,12,42,8,78,17,9,8,44,44,36,8,0,1,487
2021,"Bromley 019","E02000145",8822,7250,6418,64,768,726,44,28,59,36,25,123,138,81,192,42,10,32,146,1,124,23,87,14,21,1,1,7,6,6,132,2,1,1,0,9,7,0,2,0,83,3,5,49,2,22,2,38,6,25,1,6,0,62,18,1,17,1,19,24,21,3,8,8,5,3,0,0,1224
2021,"Bromley 020","E02000146",9707,8604,7891,105,608,564,52,22,81,52,40,21,73,72,151,44,10,34,73,13,30,9,15,6,30,0,1,12,8,9,275,8,0,3,5,46,21,8,11,6,176,0,8,103,23,40,2,45,2,37,1,5,0,81,33,9,24,2,34,12,10,2,21,21,15,6,0,0,653
2021,"Bromley 021","E02000147",8192,7578,7165,71,342,315,31,24,44,18,13,22,39,35,89,27,3,24,33,5,12,2,9,1,16,1,0,4,7,4,178,2,1,0,1,53,37,1,14,1,95,0,4,75,7,8,1,28,6,10,8,4,0,45,11,3,8,2,25,7,6,1,19,19,13,6,0,0,339
2021,"Bromley 022","E02000148",6725,6256,5928,56,272,249,15,17,25,10,19,17,20,26,100,23,5,18,22,0,12,5,7,0,10,0,0,7,1,2,95,6,5,0,1,35,22,3,10,0,28,0,0,21,3,2,2,26,7,16,0,3,0,32,21,8,13,1,6,4,3,1,9,9,6,3,0,0,311
2021,"Bromley 023","E02000149",8170,7005,6498,46,461,419,12,28,24,28,23,34,86,50,134,42,9,33,59,4,37,8,27,2,18,0,0,14,0,4,151,5,4,0,1,23,19,0,2,2,85,1,6,65,6,4,3,38,4,28,2,4,0,25,12,0,12,0,7,6,3,3,14,14,11,3,0,0,916
2021,"Bromley 024","E02000150",8518,7955,7472,129,354,324,31,20,56,20,17,10,48,36,86,30,4,26,28,3,11,3,3,5,14,0,0,8,2,4,73,7,0,0,7,29,13,4,11,1,25,0,0,21,3,1,0,12,9,2,1,0,0,36,14,8,6,0,14,8,6,2,18,18,15,3,0,0,408
2021,"Bromley 025","E02000151",7545,6951,6616,99,236,216,22,14,21,17,9,20,20,8,85,20,3,17,24,1,10,0,10,0,13,0,0,10,1,2,197,1,0,0,1,77,61,8,7,1,100,0,3,88,3,4,2,19,11,5,1,2,0,31,16,8,8,0,15,0,0,0,10,10,5,5,0,0,332
2021,"Bromley 026","E02000152",7962,6856,6341,75,440,394,32,12,50,37,31,31,55,50,96,46,8,38,74,11,26,8,18,0,37,4,0,15,5,13,144,3,3,0,0,27,19,1,4,3,93,0,3,59,15,16,0,21,5,14,0,2,0,66,16,5,11,0,30,20,15,5,10,10,3,7,0,0,812
2021,"Bromley 027","E02000153",8108,7579,7304,59,216,199,22,14,20,11,27,23,11,21,50,17,3,14,19,0,7,7,0,0,12,0,0,9,0,3,82,1,1,0,0,31,19,0,12,0,28,0,1,24,2,1,0,18,9,3,1,5,4,28,10,4,6,0,16,2,1,1,12,12,11,1,0,0,388
2021,"Bromley 028","E02000154",8529,7462,6925,58,479,437,35,20,25,40,25,41,46,63,142,42,14,28,46,2,34,9,20,5,10,0,0,8,0,2,433,5,1,1,3,114,97,3,11,3,165,0,7,124,4,17,13,148,15,111,11,11,1,57,30,10,20,0,19,8,6,2,18,18,14,4,0,0,513
2021,"Bromley 029","E02000155",7153,6227,5875,65,287,260,13,12,34,15,25,12,35,18,96,27,7,20,42,3,29,7,17,5,10,0,0,7,1,2,122,1,0,1,0,23,19,0,4,0,81,0,3,65,1,10,2,17,4,9,2,2,0,38,9,2,7,0,22,7,2,5,5,5,3,2,0,0,719
2021,"Bromley 030","E02000156",12294,11496,10844,182,470,389,35,20,47,35,26,20,45,30,131,81,35,46,38,4,17,2,13,2,17,3,0,10,0,4,88,0,0,0,0,15,4,1,7,3,57,2,2,42,4,7,0,16,6,6,2,2,0,53,32,8,24,0,12,9,7,2,8,8,8,0,0,0,611
2021,"Bromley 031","E02000157",8365,7634,7367,45,222,189,15,14,25,5,18,18,29,11,54,33,8,25,33,5,17,1,15,1,11,0,0,4,1,6,236,3,3,0,0,44,32,7,5,0,166,0,2,161,1,0,2,18,4,12,2,0,5,40,29,3,26,0,8,3,2,1,11,11,9,2,0,0,411
2021,"Bromley 032","E02000158",7789,6760,6345,45,370,340,22,24,31,24,23,25,52,25,114,30,7,23,93,3,70,5,56,9,20,3,0,6,6,5,155,1,0,0,1,12,9,1,1,1,116,0,6,97,0,13,0,25,10,12,3,0,1,31,12,5,7,0,9,10,9,1,5,5,4,1,0,0,745
2021,"Bromley 033","E02000159",7119,6684,6417,58,209,191,10,12,35,13,16,13,20,15,57,18,8,10,16,0,11,1,6,4,5,0,0,3,1,1,116,0,0,0,0,10,3,5,2,0,63,0,6,42,8,7,0,43,2,37,1,3,0,17,8,4,4,0,8,1,1,0,11,11,9,2,0,0,275
2021,"Bromley 034","E02000160",8108,7519,7148,99,272,246,28,15,33,7,19,21,22,27,74,26,6,20,29,1,17,4,12,1,11,1,0,7,0,3,57,3,0,0,3,10,4,0,4,2,27,0,0,19,2,4,2,17,3,11,1,2,0,21,10,2,8,0,7,4,4,0,8,8,7,1,0,0,474
2021,"Bromley 035","E02000161",8695,7750,7455,64,231,195,15,11,36,16,15,12,27,24,39,36,6,30,36,0,14,1,13,0,22,1,0,18,2,1,388,4,1,0,3,98,85,3,9,1,257,0,0,235,12,7,3,29,20,4,4,1,0,33,16,2,14,0,10,7,6,1,8,8,4,4,0,0,480
2021,"Bromley 036","E02000162",7117,6272,6012,54,206,183,5,18,15,23,6,4,15,25,72,23,8,15,39,0,31,4,27,0,8,0,0,3,1,4,165,5,0,0,5,30,24,2,4,0,93,0,3,81,9,0,0,37,0,35,2,0,0,32,18,3,15,0,6,8,8,0,10,10,6,4,0,0,599
2021,"Bromley 037","E02000163",7714,6961,6709,43,209,192,18,10,19,16,14,12,20,24,59,17,2,15,14,1,5,0,4,1,8,1,0,7,0,0,221,6,4,0,2,64,43,10,11,0,125,0,0,117,4,4,0,26,18,7,1,0,0,30,18,5,13,0,11,1,0,1,11,11,7,4,0,0,477
2021,"Bromley 039","E02000165",7167,6546,6335,45,166,149,14,7,15,17,1,9,9,17,60,17,1,16,17,0,9,2,7,0,8,1,0,5,1,1,21,0,0,0,0,9,8,0,1,0,8,1,2,1,1,2,1,4,0,3,0,1,0,8,5,1,4,0,0,3,2,1,5,5,5,0,0,1,569
2021,"Bromley 040","E02006782",8128,7120,6478,89,553,526,26,20,66,22,32,37,72,91,160,27,11,16,104,6,67,7,53,7,31,4,0,3,22,2,116,3,3,0,0,19,16,0,3,0,56,1,3,28,5,17,2,30,11,4,5,10,8,76,23,7,16,2,29,22,18,4,19,19,7,12,0,0,693
2021,"Bromley 041","E02006787",7899,7283,6692,133,458,425,35,25,49,41,57,17,43,60,98,33,11,22,53,4,32,6,23,3,17,0,0,12,3,2,82,5,3,0,2,22,6,5,9,2,37,0,1,22,9,3,2,18,8,5,0,5,0,64,20,9,11,2,23,19,14,5,13,13,8,5,0,0,404
2021,"Bromley 042","E02006789",6779,6154,5982,39,133,121,7,7,16,1,10,10,12,9,49,12,7,5,6,1,1,1,0,0,4,0,0,4,0,0,27,1,1,0,0,5,1,0,1,3,11,0,1,9,0,1,0,10,5,1,1,3,0,21,10,1,9,1,6,4,3,1,13,13,8,5,0,0,558
2021,"Camden 001","E02000166",7747,7065,6285,143,637,578,117,50,93,40,40,11,32,15,180,59,8,51,32,18,6,0,3,3,8,2,0,1,0,5,92,11,2,0,9,29,1,6,16,6,31,2,13,12,1,2,1,21,3,10,6,2,0,129,100,20,80,6,18,5,1,4,57,57,48,9,0,0,372
2021,"Camden 002","E02000167",7197,6282,5167,125,990,889,175,96,155,34,67,11,49,23,279,101,23,78,45,6,8,1,7,0,31,4,0,24,1,2,254,53,7,1,45,117,25,6,64,22,39,2,0,35,2,0,0,45,9,18,11,7,0,416,370,50,320,5,39,2,0,2,90,90,70,20,0,0,110
2021,"Camden 003","E02000168",7816,7120,6132,178,810,743,209,54,129,35,51,11,31,29,194,67,17,50,40,9,9,3,4,2,22,2,0,14,1,5,131,6,4,0,2,36,9,1,20,6,36,0,21,15,0,0,0,49,13,22,10,4,4,175,132,38,94,4,34,5,5,0,58,58,49,9,0,0,292
2021,"Camden 004","E02000169",7173,6059,4798,79,1182,1026,193,99,173,35,76,18,59,39,334,156,33,123,55,6,14,1,10,3,35,0,0,28,1,6,433,114,21,0,93,168,76,1,80,11,95,1,1,86,6,1,0,54,12,22,8,12,2,424,369,36,333,11,41,3,2,1,60,60,50,10,0,0,142
2021,"Camden 005","E02000170",7916,7047,5538,180,1329,1224,249,92,277,66,96,13,89,70,272,105,18,87,85,26,26,3,21,2,33,2,0,23,0,8,286,50,8,2,40,67,26,1,28,12,82,2,8,59,5,6,2,87,10,64,9,4,0,224,157,35,122,10,51,6,1,5,93,93,71,22,0,0,181
2021,"Camden 006","E02000171",7393,6635,5526,128,981,869,230,67,155,36,75,9,42,15,240,112,22,90,41,6,20,12,5,3,15,2,1,8,1,3,174,32,6,4,22,65,19,6,33,7,38,0,14,16,4,3,1,37,11,15,7,4,2,243,196,42,154,7,32,8,2,6,84,84,70,14,0,2,214
2021,"Camden 007","E02000172",9994,8773,7497,214,1062,987,247,75,144,85,97,16,63,21,239,75,18,57,65,18,27,10,11,6,20,3,2,3,0,12,233,18,2,2,14,70,33,12,20,5,103,0,65,24,5,5,4,41,9,12,8,12,1,194,113,27,86,15,53,13,5,8,44,44,34,10,0,0,685
2021,"Camden 008","E02000173",7491,6207,4623,146,1438,1279,224,116,214,64,128,13,79,45,396,159,43,116,60,21,16,3,11,2,23,0,3,17,0,3,641,87,7,1,79,246,78,10,123,35,177,1,7,146,14,7,2,126,23,65,11,27,5,341,270,53,217,9,55,7,1,6,83,83,63,20,0,0,159
2021,"Camden 009","E02000174",8077,7337,6118,213,1006,927,227,65,163,57,99,35,27,30,224,79,13,66,44,10,15,2,9,4,19,2,0,5,0,12,153,7,1,0,6,55,23,0,28,4,58,0,20,34,3,1,0,33,7,17,2,7,0,159,120,25,95,4,34,1,0,1,54,54,41,13,0,0,330
2021,"Camden 010","E02000175",9081,7812,6127,211,1474,1376,275,91,274,78,124,27,70,57,380,98,10,88,91,31,20,5,10,5,40,1,0,31,2,6,479,82,23,0,59,183,41,14,99,29,127,3,11,90,15,6,2,83,28,30,15,10,4,289,211,56,155,3,67,8,5,3,137,136,104,32,1,1,272
2021,"Camden 011","E02000176",5915,5012,3719,110,1183,1052,313,126,160,35,77,17,57,25,242,131,22,109,43,8,9,2,3,4,26,2,0,24,0,0,303,69,10,0,59,104,32,7,57,8,69,1,5,56,4,1,2,57,22,8,12,15,4,365,304,61,243,9,50,2,0,2,77,76,58,18,1,0,115
2021,"Camden 012","E02000177",8490,7516,6318,184,1014,917,163,58,153,79,107,15,53,23,266,97,21,76,59,17,21,4,12,5,21,3,1,7,1,9,238,33,7,2,24,58,27,0,22,9,84,2,35,35,6,1,5,58,13,28,8,9,5,204,138,36,102,5,54,7,5,2,78,78,48,30,0,0,395
2021,"Camden 013","E02000178",8911,7812,6024,270,1518,1412,197,72,325,99,163,31,85,73,367,106,14,92,134,42,48,8,25,15,44,2,3,26,5,8,323,62,18,2,42,82,32,3,37,10,83,5,26,41,11,0,0,94,9,69,5,11,2,212,141,45,96,4,53,14,2,12,84,84,62,22,0,0,346
2021,"Camden 014","E02000179",5746,4956,4138,59,759,674,147,87,108,34,44,6,36,19,193,85,7,78,42,8,19,5,8,6,15,0,0,8,1,6,274,51,5,1,45,103,25,5,56,17,51,2,6,37,1,5,0,64,25,18,17,4,5,248,184,36,148,9,53,2,0,2,47,47,33,14,0,0,179
2021,"Camden 015","E02000180",7884,7000,5751,127,1122,1048,185,91,154,93,121,15,69,35,285,74,17,57,65,21,23,4,11,8,21,0,1,10,2,8,278,30,5,2,23,90,50,12,19,9,93,5,39,43,2,0,4,57,14,28,6,9,8,185,110,22,88,4,62,9,4,5,73,73,44,29,0,0,283
2021,"Camden 016","E02000181",8076,7049,5315,179,1555,1416,382,86,220,58,107,27,55,37,444,139,35,104,66,13,16,6,10,0,37,0,2,31,0,4,407,82,6,1,75,149,48,4,74,23,119,0,4,105,7,2,1,56,18,19,12,7,1,275,198,41,157,13,60,4,3,1,106,106,79,27,0,0,173
2021,"Camden 017","E02000182",7118,5548,4423,54,1071,917,192,74,192,47,74,18,38,36,246,154,41,113,80,26,24,5,19,0,30,0,1,20,0,9,848,100,37,1,62,526,62,15,408,41,149,0,13,122,13,0,1,68,20,18,14,16,5,367,270,43,227,11,70,16,1,15,54,54,46,8,0,1,220
2021,"Camden 018","E02000183",7596,6604,5483,166,955,850,200,90,148,45,74,11,41,9,232,105,12,93,42,15,13,2,8,3,14,0,0,10,0,4,241,24,0,0,24,95,48,0,39,8,61,1,12,40,7,1,0,59,24,22,11,2,2,395,321,61,260,9,63,2,1,1,96,96,89,7,0,0,218
2021,"Camden 019","E02000184",8908,7604,6106,149,1349,1225,243,85,208,102,149,24,88,50,276,124,19,105,82,27,28,9,13,6,27,1,0,9,0,17,545,27,5,0,22,296,210,31,31,24,123,4,49,53,13,2,2,96,31,28,17,20,3,245,149,29,120,13,77,6,2,4,57,57,45,12,0,0,375
2021,"Camden 020","E02000185",8883,7682,6179,204,1299,1185,148,43,250,97,107,24,80,60,376,114,23,91,117,43,49,16,26,7,25,1,2,15,0,7,375,77,31,3,43,88,36,7,31,14,93,5,29,44,10,4,1,115,19,83,3,10,2,205,118,22,96,8,55,24,8,16,48,48,28,20,0,0,456
2021,"Camden 021","E02000186",6226,5293,4209,102,982,870,154,54,135,57,96,14,55,29,276,112,32,80,80,31,25,2,17,6,24,0,2,18,0,4,328,45,4,0,41,109,65,8,22,14,76,2,21,49,4,0,0,90,27,24,22,17,8,211,152,30,122,12,34,13,1,12,64,64,47,17,0,0,250
2021,"Camden 022","E02000187",9785,8122,6964,129,1029,931,143,48,147,115,105,17,59,35,262,98,20,78,96,26,35,7,14,14,35,4,5,6,4,16,825,29,13,4,12,388,248,44,46,50,218,4,87,75,51,1,0,175,66,32,46,31,15,205,136,33,103,13,47,9,3,6,24,24,18,6,0,0,513
2021,"Camden 023","E02000188",7177,6215,5286,78,851,797,130,47,132,79,104,33,56,42,174,54,8,46,59,18,33,11,13,9,8,2,0,4,0,2,488,18,1,0,17,219,168,9,19,23,113,9,68,28,3,2,3,135,37,65,21,12,3,104,51,13,38,8,39,6,4,2,14,14,6,8,0,0,297
2021,"Camden 026","E02000191",5336,4234,2991,90,1153,1039,234,92,134,51,125,11,60,26,306,114,46,68,45,24,5,0,4,1,16,1,1,7,0,7,738,31,6,0,25,319,227,38,23,31,135,0,25,98,12,0,0,247,73,91,66,17,6,167,129,30,99,8,25,5,0,5,46,46,34,12,0,0,106
2021,"Camden 027","E02000192",6655,5740,4769,111,860,785,146,56,151,46,76,12,33,18,247,75,14,61,68,16,29,11,10,8,23,1,2,8,0,12,376,20,2,1,17,135,87,13,18,17,109,0,59,37,7,2,4,111,51,17,25,18,1,175,125,25,100,9,38,3,3,0,49,49,37,12,0,0,247
2021,"Camden 028","E02000193",5962,4726,3627,80,1019,929,178,83,177,40,92,14,52,37,256,90,16,74,68,33,25,7,7,11,10,0,0,7,0,3,640,44,2,1,41,313,225,26,17,45,95,0,14,72,8,1,0,177,60,42,47,28,11,283,215,40,175,13,40,15,1,14,63,63,50,13,0,0,182
2021,"Camden 029","E02007115",11587,9458,7443,155,1860,1674,291,105,269,82,189,24,105,95,514,186,31,155,111,42,28,8,17,3,41,4,3,15,1,18,1225,76,11,0,65,552,350,73,48,81,303,0,101,154,22,22,4,280,118,29,62,71,14,351,213,74,139,21,108,9,1,8,81,81,61,20,0,0,361
2021,"Croydon 001","E02000194",9212,8110,7021,141,948,905,70,43,194,90,85,27,163,49,184,43,4,39,147,2,123,56,42,25,22,1,0,3,2,16,148,40,3,0,37,23,7,0,14,2,55,1,2,34,14,4,0,27,5,8,2,12,3,197,55,13,42,3,91,48,40,8,32,32,18,14,0,0,578
2021,"Croydon 002","E02000195",9650,8714,7528,145,1041,1009,41,24,209,137,136,29,174,84,175,32,4,28,117,3,84,27,40,17,30,5,0,2,2,21,224,3,2,0,1,20,11,2,3,4,169,14,6,93,49,6,1,32,2,12,8,10,0,175,32,10,22,4,81,58,46,12,16,16,9,7,0,0,404
2021,"Croydon 003","E02000196",7912,6988,5696,68,1224,1194,50,23,129,117,71,37,423,128,216,30,3,27,123,6,82,39,27,16,35,4,0,2,8,21,189,5,3,1,1,14,3,0,8,3,156,4,7,76,61,5,3,14,8,5,0,1,0,123,7,0,7,1,72,43,37,6,7,7,5,2,0,0,482
2021,"Croydon 004","E02000197",9025,7937,6355,76,1506,1473,38,30,161,189,143,39,515,131,227,33,1,32,152,12,107,51,46,10,33,2,0,9,3,19,274,5,1,1,3,13,7,1,5,0,228,15,13,109,73,10,8,28,7,16,0,5,0,173,17,5,12,4,103,49,41,8,8,8,6,2,0,0,481
2021,"Croydon 005","E02000198",8884,7623,6125,102,1396,1330,46,25,191,238,160,19,247,137,267,66,2,64,277,14,227,130,64,33,36,1,1,9,6,19,142,0,0,0,0,16,7,1,8,0,106,10,4,37,33,18,4,20,6,7,0,7,0,204,15,3,12,6,61,122,99,23,12,12,8,4,0,0,626
2021,"Croydon 006","E02000199",8417,7334,6132,91,1111,1089,65,45,164,166,131,21,194,126,177,22,6,16,253,2,218,95,93,30,33,0,0,4,7,22,135,4,1,1,2,9,8,0,1,0,104,8,8,28,44,14,2,18,3,9,2,4,0,214,20,4,16,6,71,117,101,16,6,6,4,2,0,1,474
2021,"Croydon 007","E02000200",9045,7759,6500,94,1165,1120,70,37,138,188,189,34,166,95,203,45,12,33,280,5,221,101,107,13,54,3,2,13,13,23,108,5,1,2,2,16,3,1,12,0,58,2,5,20,24,7,0,27,11,5,1,10,2,220,37,16,21,2,79,102,87,15,24,24,13,11,0,0,654
2021,"Croydon 008","E02000201",8694,7362,6220,83,1059,1013,59,29,139,167,136,34,164,75,210,46,6,40,273,5,203,78,90,35,65,3,4,12,5,41,94,4,2,2,0,15,5,3,7,0,58,5,2,19,20,12,0,17,3,10,0,4,0,187,25,10,15,1,45,116,98,18,20,20,9,11,0,0,758
2021,"Croydon 009","E02000202",8936,7554,6199,67,1288,1244,41,79,101,163,182,39,255,167,217,44,6,38,212,10,149,83,47,19,53,1,4,5,12,31,411,2,0,1,1,20,13,0,6,1,361,13,7,172,122,42,5,28,1,25,0,2,0,226,12,3,9,2,123,89,72,17,7,7,3,4,0,0,526
2021,"Croydon 010","E02000203",7966,6685,5242,43,1400,1350,112,41,153,257,132,36,215,178,226,50,8,42,289,12,220,115,77,28,57,3,6,4,3,41,235,10,4,1,5,11,7,0,2,2,187,7,12,89,67,11,1,27,2,12,0,13,0,176,14,3,11,0,63,99,83,16,4,4,2,2,0,0,577
2021,"Croydon 011","E02000204",9647,8159,6868,68,1223,1197,47,56,167,158,98,32,270,158,211,26,5,21,205,8,141,77,51,13,56,6,3,2,4,41,566,9,2,1,6,16,7,2,6,1,506,31,20,271,140,42,2,34,3,29,1,1,1,152,13,2,11,7,54,78,63,15,3,3,1,2,0,0,562
2021,"Croydon 013","E02000206",10818,8974,7286,90,1598,1551,97,49,147,206,182,48,251,211,360,47,5,42,361,12,278,144,104,30,71,6,0,16,10,39,292,8,0,3,5,50,39,1,8,2,196,15,13,87,48,31,2,37,6,24,0,7,1,269,29,2,27,1,60,179,148,31,13,13,7,6,0,0,909
2021,"Croydon 014","E02000207",8904,7651,6636,108,907,878,51,27,115,131,79,35,176,97,167,29,6,23,300,7,250,88,142,20,43,6,0,3,10,24,114,1,1,0,0,19,8,0,8,3,85,11,1,38,25,10,0,9,4,2,0,3,0,122,15,4,11,1,33,73,54,19,13,12,9,3,1,0,704
2021,"Croydon 015","E02000208",10863,8655,7090,46,1519,1457,82,54,184,142,168,40,238,210,339,62,4,58,375,29,251,110,94,47,95,9,4,6,12,64,657,4,1,1,2,10,8,0,2,0,596,11,26,356,150,48,5,45,6,37,0,2,2,228,15,2,13,7,68,138,121,17,9,9,7,2,0,0,939
2021,"Croydon 016","E02000209",9063,7501,6237,25,1239,1203,78,116,151,126,65,26,169,218,254,36,2,34,199,3,139,85,38,16,57,1,2,0,10,44,677,18,7,1,10,39,38,0,0,1,574,11,9,301,71,170,12,46,18,23,4,1,0,123,19,11,8,1,29,74,66,8,3,3,0,3,0,0,560
2021,"Croydon 017","E02000210",8715,7530,6315,92,1123,1085,68,30,69,90,120,33,223,252,200,38,11,27,200,3,134,50,46,38,63,1,0,12,6,44,195,4,1,1,2,16,12,0,4,0,157,3,7,76,39,29,3,18,7,3,1,7,0,131,25,7,18,0,45,61,52,9,15,15,8,7,0,0,644
2021,"Croydon 018","E02000211",8270,7575,7060,89,426,407,27,19,53,52,18,31,62,59,86,19,11,8,70,4,39,15,22,2,27,0,0,11,2,14,113,0,0,0,0,10,5,0,4,1,88,0,1,44,29,14,0,15,6,2,4,3,0,36,8,3,5,0,18,10,7,3,7,7,3,4,0,0,469
2021,"Croydon 019","E02000212",9461,7625,6202,108,1315,1278,43,43,163,178,95,23,278,193,262,37,7,30,261,17,161,90,54,17,83,5,2,6,15,55,704,3,0,1,2,26,19,3,2,2,626,27,13,389,87,102,8,49,7,28,2,12,0,113,4,0,4,1,27,81,71,10,6,6,2,4,0,0,752
2021,"Croydon 020","E02000213",12795,10075,7662,90,2323,2227,151,79,356,294,223,46,352,300,426,96,10,86,506,18,356,159,141,56,132,14,1,17,33,67,856,26,11,9,6,33,21,1,8,3,746,21,26,474,167,50,8,49,11,26,2,10,2,295,25,9,16,2,111,157,133,24,17,17,13,4,0,4,1042
2021,"Croydon 021","E02000214",6243,5651,5100,121,430,408,42,13,43,35,22,15,67,64,107,22,12,10,50,3,27,10,11,6,20,4,2,9,2,3,124,4,1,1,2,8,3,0,3,2,103,9,4,43,30,17,0,9,6,1,0,2,0,47,13,5,8,4,7,23,21,2,11,11,6,5,0,0,360
2021,"Croydon 022","E02000215",11823,9805,7635,132,2038,1922,100,55,232,176,135,58,372,347,447,116,17,99,309,27,206,101,72,33,76,3,2,15,4,52,589,15,1,8,6,42,17,8,10,7,507,3,19,391,55,34,5,22,6,8,2,6,3,194,41,17,24,3,49,101,84,17,25,25,12,13,0,0,901
2021,"Croydon 023","E02000216",7162,5861,5039,68,754,730,39,39,86,45,66,36,125,131,163,24,2,22,113,12,77,27,33,17,24,1,1,4,3,15,705,21,7,7,7,30,12,3,12,3,624,8,6,562,34,14,0,28,13,7,4,4,2,146,27,7,20,0,75,44,30,14,9,9,7,2,0,1,327
2021,"Croydon 024","E02000217",11922,10010,7758,108,2144,2072,89,41,186,228,133,73,514,338,470,72,18,54,314,13,212,95,78,39,89,2,0,21,20,46,456,15,2,10,3,77,62,1,5,9,315,6,5,203,38,61,2,47,17,11,0,19,2,206,26,10,16,4,79,97,73,24,5,5,0,5,0,0,931
2021,"Croydon 025","E02000218",6671,5825,5378,57,390,374,31,9,42,48,25,19,38,35,127,16,6,10,112,3,85,31,32,22,24,2,0,0,1,21,59,1,1,0,0,6,4,2,0,0,41,6,1,17,12,5,0,11,5,6,0,0,0,65,8,4,4,0,12,45,39,6,0,0,0,0,0,0,610
2021,"Croydon 026","E02000219",7630,7122,6680,83,359,344,24,32,29,30,32,9,53,66,69,15,2,13,41,2,30,11,15,4,9,0,0,2,0,7,86,1,0,1,0,11,10,0,1,0,44,2,2,29,6,5,0,29,10,8,5,6,1,17,2,2,0,0,4,11,9,2,10,10,5,5,0,0,354
2021,"Croydon 028","E02000221",10861,9207,8130,68,1009,962,78,24,106,132,70,44,191,130,187,47,7,40,205,13,135,61,57,17,57,9,0,3,2,43,296,4,3,1,0,35,18,7,4,6,211,12,13,118,31,35,2,43,16,9,3,15,3,137,31,13,18,0,31,75,66,9,12,12,3,9,0,0,1004
2021,"Croydon 029","E02000222",8349,7427,6379,86,962,923,78,31,103,115,69,19,219,128,161,39,6,33,140,8,75,25,33,17,57,3,1,15,13,25,161,10,3,3,4,25,10,4,7,4,104,3,2,61,24,13,1,22,9,5,3,5,0,92,25,9,16,0,28,39,27,12,15,15,13,2,0,0,514
2021,"Croydon 030","E02000223",8530,6775,6121,74,580,558,74,50,46,50,24,16,106,26,166,22,9,13,284,6,205,79,96,30,73,2,0,0,33,38,70,1,0,0,1,8,2,0,4,2,53,9,8,20,7,9,0,8,2,5,0,1,0,122,7,1,6,0,13,102,91,11,4,4,2,2,0,0,1275
2021,"Croydon 031","E02000224",8054,7075,6073,114,888,850,54,19,78,83,43,32,189,123,229,38,9,29,158,6,103,38,44,21,49,6,1,15,6,21,205,9,4,0,5,21,8,0,8,5,149,3,8,81,28,28,1,18,8,9,0,1,8,85,27,9,18,9,25,24,20,4,16,16,10,6,0,0,515
2021,"Croydon 032","E02000225",7498,6130,5611,55,464,449,30,20,60,57,11,15,107,54,95,15,1,14,148,11,112,50,44,18,25,1,0,5,5,14,58,3,0,0,3,9,1,5,2,1,37,1,2,22,9,2,1,9,2,4,0,3,0,43,5,3,2,1,11,26,18,8,5,4,3,1,1,0,1114
2021,"Croydon 033","E02000226",7619,6949,6541,79,329,306,26,18,25,45,20,16,39,52,65,23,1,22,41,0,33,8,23,2,8,1,0,2,0,5,165,14,6,6,2,59,25,17,5,12,79,2,3,50,15,8,1,13,5,1,3,4,0,44,10,2,8,0,7,27,18,9,13,13,5,8,0,0,407
2021,"Croydon 034","E02000227",11689,10255,9528,79,648,621,32,28,71,72,42,11,118,53,194,27,5,22,176,4,117,53,44,20,55,5,1,10,5,34,121,6,5,0,1,18,7,0,8,3,78,2,9,34,25,8,0,17,6,8,1,2,2,73,18,3,15,1,10,44,32,12,10,10,7,3,0,0,1054
2021,"Croydon 035","E02000228",7955,7433,7092,82,259,248,28,19,41,13,29,0,32,6,80,11,4,7,46,1,28,19,8,1,17,4,0,6,5,2,87,2,2,0,0,32,5,2,12,13,42,3,0,30,3,6,0,11,6,3,0,2,0,36,20,4,16,1,11,4,3,1,18,18,12,6,0,0,335
2021,"Croydon 036","E02000229",6233,4955,4570,24,361,345,13,27,49,39,20,12,67,33,85,16,1,15,141,3,115,48,48,19,23,0,1,5,6,11,48,0,0,0,0,0,0,0,0,0,35,2,1,22,5,5,0,13,2,3,0,8,0,36,2,1,1,0,5,29,26,3,4,4,2,2,0,0,1049
2021,"Croydon 037","E02000230",10502,9489,8587,138,764,722,58,42,89,67,60,13,110,87,196,42,12,30,125,8,55,19,29,7,62,2,0,17,11,32,223,8,6,0,2,57,31,5,21,0,126,4,4,62,35,21,0,32,8,13,4,7,0,76,24,8,16,3,18,31,21,10,14,14,9,5,0,1,574
2021,"Croydon 038","E02000231",7933,7327,6866,90,371,347,24,8,47,25,44,9,46,44,100,24,4,20,58,5,27,12,9,6,26,1,0,12,8,5,158,7,4,2,1,29,17,2,10,0,96,2,3,62,23,3,3,26,5,8,7,6,0,44,20,7,13,1,13,10,7,3,17,17,12,5,0,0,329
2021,"Croydon 039","E02000232",6191,5648,5418,47,183,160,13,4,26,15,14,4,26,16,42,23,9,14,23,2,14,7,3,4,7,0,0,3,1,3,71,3,1,1,1,20,17,1,2,0,42,2,0,27,6,6,1,6,6,0,0,0,0,15,7,1,6,0,0,8,4,4,4,4,3,1,0,0,430
2021,"Croydon 040","E02000233",6368,5708,5274,74,360,348,19,15,55,25,25,18,65,36,90,12,2,10,40,5,18,11,6,1,17,2,0,4,3,8,97,8,6,0,2,15,7,3,5,0,62,2,2,36,17,5,0,12,3,2,2,5,0,49,21,11,10,2,9,17,11,6,15,15,7,8,0,0,459
2021,"Croydon 041","E02000234",9447,8442,7857,86,499,459,30,18,52,36,49,20,79,30,145,40,9,31,103,1,68,31,24,13,34,2,0,12,7,13,146,5,1,2,2,31,19,3,4,5,87,5,2,54,14,12,0,22,9,3,4,6,1,71,22,8,14,2,36,11,9,2,19,19,14,5,0,1,665
2021,"Croydon 042","E02000235",6893,6318,5992,68,258,240,27,12,26,11,26,9,42,21,66,18,2,16,45,5,25,4,10,11,15,0,0,10,0,5,64,3,1,0,2,9,1,1,6,1,34,4,1,17,6,6,0,15,2,5,3,5,3,30,13,3,10,1,7,9,8,1,18,18,11,7,0,0,418
2021,"Croydon 043","E02000236",9130,8275,7844,96,335,313,19,25,27,23,25,22,45,26,101,22,8,14,52,4,16,12,3,1,32,0,0,10,8,14,168,3,0,2,1,29,21,0,4,4,113,2,0,97,4,10,0,16,10,2,1,3,7,51,25,5,20,2,19,5,5,0,19,19,18,1,0,0,565
2021,"Croydon 044","E02000237",7602,6867,6526,114,227,213,11,11,16,24,19,7,53,19,53,14,2,12,37,2,18,5,8,5,17,0,1,7,2,7,55,4,1,0,3,9,3,0,4,2,32,3,3,15,6,5,0,9,4,1,1,3,1,32,12,6,6,1,7,12,11,1,5,5,4,1,0,0,606
2021,"Croydon 045","E02006788",7613,6566,5787,95,684,661,72,28,73,68,32,15,171,68,134,23,6,17,149,2,118,73,34,11,29,1,0,6,8,14,99,3,0,1,2,14,5,0,4,5,71,5,6,24,18,16,2,11,1,8,0,2,0,83,11,2,9,2,17,53,43,10,12,12,8,4,0,0,704
2021,"Croydon 046","E02006987",7371,5858,4312,88,1458,1385,70,74,243,149,114,38,219,151,327,73,18,55,234,16,154,33,96,25,64,4,1,20,8,31,697,19,4,3,12,62,27,6,12,17,567,4,12,449,71,26,5,44,13,11,7,13,5,213,54,18,36,12,101,46,30,16,21,21,16,5,0,0,348
2021,"Croydon 047","E02006988",7162,5918,4677,78,1163,1113,56,32,135,134,53,18,220,164,301,50,11,39,227,20,124,56,47,21,83,2,0,2,14,65,309,14,6,4,4,31,16,6,7,2,235,7,12,169,22,17,8,26,11,6,0,9,3,94,22,4,18,1,25,46,31,15,9,9,7,2,0,0,605
2021,"Ealing 001","E02000238",10710,9338,6817,184,2337,2253,58,80,91,139,44,75,1059,406,301,84,5,79,127,29,55,22,21,12,43,3,0,21,3,16,623,43,9,6,28,34,4,1,23,6,494,11,4,205,74,108,92,52,12,23,10,7,0,93,18,7,11,1,31,43,16,27,19,17,15,2,2,1,509
2021,"Ealing 002","E02000239",9045,8150,6045,139,1966,1910,29,16,108,118,35,29,869,428,278,56,3,53,57,12,29,9,7,13,16,7,0,4,0,5,448,37,9,2,26,21,17,1,3,0,349,18,8,169,27,70,57,40,21,13,4,2,1,48,11,3,8,0,25,12,6,6,8,8,6,2,0,0,334
2021,"Ealing 003","E02000240",11217,9497,7558,160,1779,1689,37,51,76,126,70,65,643,309,312,90,1,89,118,25,66,28,26,12,27,3,1,3,6,14,677,26,5,7,14,36,8,1,25,2,559,24,15,135,66,58,261,56,30,11,6,9,0,78,22,3,19,0,21,35,24,11,8,8,6,2,0,1,838
2021,"Ealing 004","E02000241",7396,6424,4873,121,1430,1360,40,34,62,96,29,62,567,204,266,70,3,67,47,13,23,5,16,2,11,4,1,4,0,2,463,26,9,2,15,34,21,1,11,1,385,19,4,125,34,72,131,18,8,8,0,2,0,70,22,7,15,0,27,21,16,5,3,3,1,2,0,0,389
2021,"Ealing 005","E02000242",6884,6165,4616,81,1468,1429,45,13,51,156,40,14,682,199,229,39,2,37,37,23,6,0,6,0,8,2,0,0,0,6,392,37,2,7,28,20,3,0,17,0,298,12,2,167,25,81,11,37,17,12,3,5,0,29,7,4,3,0,18,4,4,0,5,5,5,0,0,0,256
2021,"Ealing 006","E02000243",8729,7836,5641,150,2045,1943,34,30,80,62,52,72,1045,260,308,102,3,99,70,21,32,9,10,13,17,3,0,5,0,9,329,71,5,19,47,15,8,0,5,2,221,10,14,112,34,38,13,21,6,8,1,6,1,72,22,6,16,3,21,26,14,12,1,1,0,1,0,0,421
2021,"Ealing 007","E02000244",7892,7106,4974,143,1989,1861,59,22,95,114,96,44,923,188,320,128,3,125,50,25,8,6,2,0,17,3,0,4,1,9,274,64,5,21,38,24,8,0,14,2,150,17,2,83,22,18,8,35,13,18,2,2,1,66,14,2,12,1,40,11,7,4,4,4,4,0,0,0,392
2021,"Ealing 008","E02000245",9311,7891,6467,102,1322,1243,21,33,52,113,28,33,507,169,287,79,5,74,131,30,67,19,34,14,34,10,3,1,9,11,469,34,5,8,21,11,4,0,5,2,395,29,9,170,51,27,109,29,8,20,1,0,0,74,14,6,8,0,20,40,29,11,4,4,4,0,0,1,741
2021,"Ealing 009","E02000246",9461,8230,6798,125,1307,1246,33,67,58,75,28,43,442,173,327,61,1,60,86,14,50,17,28,5,22,6,3,1,1,11,431,38,3,6,29,11,2,1,8,0,353,17,6,120,42,30,138,28,3,17,8,0,1,50,14,7,7,0,9,27,14,13,6,6,4,2,0,0,658
2021,"Ealing 010","E02000247",11155,9622,7676,151,1795,1712,32,48,84,131,41,63,837,189,287,83,6,77,88,24,39,14,21,4,25,6,2,3,4,10,687,53,13,6,34,25,15,0,10,0,571,47,6,229,98,56,135,35,11,18,3,3,3,74,14,1,13,1,29,30,15,15,13,6,5,1,7,0,671
2021,"Ealing 011","E02000248",7715,6590,4717,103,1770,1679,56,22,189,119,54,48,572,232,387,91,11,80,117,65,21,11,6,4,31,2,2,12,5,10,541,169,49,19,101,145,21,2,118,4,189,13,6,101,39,20,10,36,14,15,2,5,2,105,33,8,25,2,59,11,2,9,16,16,15,1,0,1,345
2021,"Ealing 012","E02000249",8376,7418,5593,210,1615,1549,28,35,87,141,44,21,805,171,217,66,1,65,69,16,37,9,26,2,16,1,7,2,1,5,449,55,5,9,41,10,2,2,6,0,359,30,4,151,65,34,75,25,11,11,0,3,0,61,11,6,5,2,26,22,12,10,10,10,8,2,0,0,369
2021,"Ealing 013","E02000250",6488,5878,4974,175,729,640,85,32,99,24,52,12,158,28,150,89,12,77,36,15,7,3,4,0,14,0,0,8,0,6,284,40,23,3,14,108,19,2,85,2,92,1,0,72,12,7,0,39,23,9,2,5,5,71,50,7,43,6,13,2,1,1,37,33,22,11,4,0,182
2021,"Ealing 014","E02000251",8312,7058,5663,160,1235,1181,28,51,70,133,23,52,500,132,192,54,10,44,43,8,20,7,12,1,15,0,0,5,0,10,751,24,0,3,21,9,0,0,4,5,692,20,8,359,126,61,118,26,9,10,2,5,0,30,8,5,3,0,8,14,9,5,2,2,2,0,0,0,428
2021,"Ealing 015","E02000252",12239,10258,7332,206,2720,2597,130,79,424,273,253,45,509,226,658,123,26,97,174,69,54,24,26,4,51,7,4,15,3,22,932,173,16,13,144,383,226,42,75,40,201,5,3,134,38,9,12,171,81,54,18,18,4,259,63,23,40,12,138,46,28,18,38,38,31,7,0,0,578
2021,"Ealing 016","E02000253",10344,9185,7414,246,1525,1450,83,28,90,60,38,26,793,53,279,75,12,63,82,33,35,9,18,8,14,0,1,3,1,9,281,44,10,10,24,33,7,5,15,6,172,10,1,67,41,22,31,32,18,6,4,4,0,70,28,1,27,3,18,21,11,10,12,12,10,2,0,0,714
2021,"Ealing 017","E02000254",9208,7415,6345,29,1041,1028,24,51,126,363,42,12,210,65,135,13,0,13,45,19,13,6,3,4,13,3,0,3,2,5,1288,11,1,4,6,2,1,0,1,0,1263,54,31,929,130,80,39,12,5,7,0,0,0,31,10,3,7,1,6,14,5,9,7,7,1,6,0,0,422
2021,"Ealing 018","E02000255",9867,8878,7245,266,1367,1306,123,61,154,77,71,16,339,147,318,61,0,61,97,40,17,8,5,4,40,13,0,13,1,13,300,67,17,9,41,67,23,1,37,6,134,25,2,73,20,13,1,29,5,17,4,3,3,100,49,9,40,1,37,13,6,7,34,34,24,10,0,0,458
2021,"Ealing 019","E02000256",9182,8054,6201,213,1640,1524,126,38,242,79,121,34,335,108,441,116,16,100,105,44,17,2,13,2,44,2,1,19,7,15,558,87,55,10,22,210,33,13,144,20,211,3,2,169,15,15,7,45,26,12,4,3,5,160,86,19,67,3,62,9,1,8,52,52,29,23,0,0,253
2021,"Ealing 021","E02000258",6895,5667,4189,165,1313,1242,52,38,163,68,78,25,366,98,354,71,8,63,66,40,12,3,9,0,14,0,2,4,1,7,775,90,10,7,73,596,6,3,584,3,52,1,0,32,15,3,1,37,15,12,3,7,0,92,41,17,24,2,41,8,6,2,42,42,18,24,0,0,253
2021,"Ealing 022","E02000259",6587,6061,4580,267,1214,1164,63,21,100,38,48,19,613,68,194,50,4,46,51,14,18,4,12,2,19,0,0,13,0,6,156,16,7,0,9,30,4,3,23,0,64,4,0,36,10,8,6,44,18,23,3,0,2,61,25,11,14,2,27,7,0,7,12,12,5,7,0,0,246
2021,"Ealing 023","E02000260",9836,7558,5956,15,1587,1559,16,25,169,1010,43,9,120,56,111,28,0,28,38,5,12,1,11,0,21,4,0,1,1,15,1709,16,4,4,8,6,1,0,5,0,1674,32,92,1258,172,85,35,13,1,6,3,3,0,22,11,6,5,0,3,8,5,3,6,6,2,4,0,0,503
2021,"Ealing 024","E02000261",12652,10839,7970,175,2694,2523,158,48,472,158,264,55,503,217,648,171,18,153,187,104,54,24,27,3,29,6,1,9,2,11,829,431,13,16,402,103,42,16,28,17,138,5,10,83,27,10,3,155,58,66,4,27,2,199,78,42,36,12,90,19,8,11,58,58,31,27,0,2,538
2021,"Ealing 025","E02000262",9344,8331,6237,212,1882,1782,107,61,299,141,159,52,402,136,425,100,15,85,120,44,32,13,10,9,44,2,4,23,0,15,306,90,12,7,71,69,11,10,37,11,76,7,4,38,17,6,4,69,16,35,4,14,2,119,50,16,34,3,45,21,10,11,60,60,29,31,0,0,408
2021,"Ealing 026","E02000263",13711,10549,8297,30,2222,2210,39,33,249,1534,52,9,90,27,177,12,0,12,31,9,8,3,4,1,14,5,1,0,0,8,2574,7,2,1,4,5,3,1,1,0,2537,24,149,1896,266,153,49,25,5,8,3,9,0,29,8,4,4,1,10,10,2,8,5,5,4,1,0,0,523
2021,"Ealing 027","E02000264",8496,7406,5569,213,1624,1530,132,46,273,95,131,34,368,89,362,94,11,83,63,22,13,2,10,1,28,3,0,17,2,6,535,56,14,6,36,310,31,3,262,14,101,7,3,63,26,2,0,67,14,36,6,11,1,128,76,33,43,3,38,11,2,9,61,61,39,22,0,0,303
2021,"Ealing 028","E02000265",11233,9991,7703,315,1973,1864,152,43,245,147,130,44,599,83,421,109,22,87,108,40,37,4,11,22,31,2,1,13,2,13,317,56,22,6,28,55,9,3,30,13,150,9,12,94,16,11,8,54,12,22,10,10,2,153,56,13,43,2,64,31,13,18,42,42,28,14,0,0,622
2021,"Ealing 029","E02000266",13108,11059,9518,123,1418,1359,37,64,131,307,42,27,324,121,306,59,7,52,134,40,39,4,29,6,55,6,17,2,1,29,1091,30,6,3,21,21,8,3,7,3,987,40,42,724,98,27,56,53,5,29,5,14,0,78,26,6,20,1,22,29,16,13,10,10,8,2,0,0,736
2021,"Ealing 030","E02000267",8150,7304,5522,339,1443,1379,91,29,87,100,51,31,646,102,242,64,10,54,71,20,20,1,15,4,31,5,2,16,0,8,270,28,3,2,23,47,21,7,15,4,149,10,2,90,25,16,6,46,5,28,1,12,0,85,30,9,21,3,33,19,13,6,44,44,29,15,0,0,376
2021,"Ealing 031","E02000268",9255,8288,6687,216,1385,1283,135,53,187,75,94,19,305,107,308,102,19,83,61,34,12,3,3,6,15,0,0,8,0,7,353,58,35,2,21,142,26,7,104,5,103,5,1,79,9,8,1,49,23,9,2,15,1,137,85,19,66,3,41,8,4,4,62,62,41,21,0,0,354
2021,"Ealing 032","E02000269",8167,7435,5879,285,1271,1197,173,40,204,43,98,19,303,53,264,74,9,65,70,24,4,2,2,0,42,0,0,32,1,9,254,33,8,2,23,100,38,4,34,24,85,1,7,53,12,5,7,36,16,3,3,14,0,115,66,30,36,1,41,7,2,5,57,56,39,17,1,0,236
2021,"Ealing 033","E02000270",9607,8479,6543,174,1762,1636,118,52,287,135,127,38,372,98,409,126,23,103,132,46,40,27,11,2,46,8,4,20,3,11,357,94,30,5,59,101,53,3,34,11,85,12,0,56,12,4,1,72,23,25,5,19,5,146,54,15,39,8,55,29,11,18,58,58,34,24,0,0,435
2021,"Ealing 034","E02000271",6956,6333,5101,178,1054,975,158,53,168,45,98,21,168,31,233,79,21,58,55,19,17,2,13,2,19,0,1,12,1,5,145,29,6,1,22,40,9,1,25,5,22,2,0,17,1,0,2,54,8,21,10,15,0,219,150,18,132,7,52,10,2,8,61,61,43,18,0,0,143
2021,"Ealing 035","E02000272",6713,6214,5208,240,766,727,95,23,76,34,47,20,243,30,159,39,5,34,25,6,9,2,4,3,10,1,1,3,1,4,126,8,3,0,5,37,3,13,20,1,53,3,4,27,8,3,8,27,12,9,1,5,1,70,44,7,37,1,16,9,2,7,29,29,20,9,0,0,249
2021,"Ealing 038","E02000275",8169,6426,5198,39,1189,1170,12,18,117,739,42,7,62,33,140,19,0,19,36,6,13,0,10,3,17,5,4,0,0,8,1199,4,2,0,2,9,6,0,3,0,1169,28,21,994,85,25,16,17,1,9,0,7,0,22,1,0,1,3,5,13,7,6,5,5,3,2,0,0,481
2021,"Ealing 039","E02000276",6757,6173,4677,230,1266,1186,126,35,230,59,94,36,274,101,231,80,10,70,50,13,11,1,6,4,26,3,0,14,2,7,178,16,5,1,10,66,25,1,33,7,66,1,6,47,6,6,0,30,7,12,2,9,0,74,45,13,32,2,22,5,2,3,48,48,28,20,0,0,234
2021,"Ealing 040","E02006791",7564,6773,5494,141,1138,1050,159,60,196,78,89,32,108,51,277,88,34,54,43,9,4,0,0,4,30,1,2,23,2,2,230,35,9,2,24,82,35,6,31,10,66,1,3,49,3,9,1,47,15,18,4,10,0,192,106,21,85,7,66,13,4,9,77,77,51,26,0,0,249
2021,"Ealing 041","E02006968",8352,6816,5323,145,1348,1259,145,24,250,88,86,29,243,55,339,89,20,69,143,42,69,5,61,3,32,2,1,12,0,17,967,149,31,9,109,579,40,7,514,18,160,0,15,112,26,7,0,72,26,18,11,17,7,141,72,16,56,2,63,4,0,4,53,53,39,14,0,0,232
2021,"Ealing 042","E02006969",6426,5112,3512,145,1455,1299,107,45,210,51,177,32,222,76,379,156,19,137,64,36,10,2,5,3,18,1,0,13,1,3,840,58,31,6,21,604,58,13,494,39,123,1,6,84,17,9,6,52,25,7,8,12,3,122,69,17,52,6,41,6,1,5,61,61,31,30,0,0,227
2021,"Ealing 043","E02006970",7343,5185,3599,24,1562,1551,4,19,201,1042,52,9,51,43,130,11,0,11,33,6,15,5,10,0,12,5,3,0,0,4,1655,24,18,2,4,4,3,0,1,0,1609,48,63,1325,113,44,16,18,3,5,1,9,0,19,4,3,1,0,6,9,6,3,2,2,2,0,0,0,449
2021,"Ealing 044","E02006971",8294,6269,4967,15,1287,1270,33,19,172,729,39,4,70,38,166,17,0,17,22,1,12,1,4,7,9,2,3,0,0,4,1570,5,1,0,4,2,1,0,1,0,1553,52,21,1382,77,15,6,10,7,2,0,1,0,22,6,4,2,0,6,10,7,3,1,1,0,1,0,0,410
2021,"Enfield 001","E02000277",7525,6611,5642,74,895,757,8,16,181,46,20,31,125,98,232,138,77,61,173,1,121,50,49,22,51,1,1,4,9,36,52,2,0,2,0,7,6,0,1,0,20,1,4,6,5,4,0,23,6,9,0,8,0,64,11,3,8,1,22,30,26,4,1,1,0,1,0,0,624
2021,"Enfield 002","E02000278",9424,8281,6996,65,1220,1030,33,18,145,54,34,32,112,151,451,190,156,34,182,12,128,69,33,26,42,3,0,2,4,33,64,0,0,0,0,13,6,0,2,5,37,0,12,4,10,9,2,14,5,2,0,7,0,69,10,2,8,0,21,38,28,10,8,8,8,0,0,0,820
2021,"Enfield 003","E02000279",12317,10832,8921,73,1838,1597,37,38,158,105,67,35,227,376,554,241,174,67,329,10,238,122,91,25,81,10,0,7,11,53,110,26,12,1,13,9,2,0,6,1,49,7,8,15,11,8,0,24,7,9,0,8,2,97,9,3,6,0,24,64,46,18,9,9,7,2,0,0,940
2021,"Enfield 004","E02000280",8634,7756,7048,139,569,491,32,13,45,53,19,16,61,79,173,78,38,40,59,5,38,22,14,2,16,0,0,4,6,6,56,14,7,1,6,5,1,0,4,0,28,0,6,14,2,6,0,8,4,2,1,1,1,36,15,5,10,0,9,12,9,3,21,21,6,15,0,0,706
2021,"Enfield 005","E02000281",9652,8582,7596,91,895,772,23,28,71,32,43,32,163,104,276,123,58,65,169,9,110,54,41,15,50,8,1,5,1,35,99,7,3,1,3,9,8,0,1,0,60,1,6,28,3,22,0,20,3,10,1,6,3,49,5,3,2,0,9,35,28,7,17,17,15,2,0,0,736
2021,"Enfield 006","E02000282",9951,8576,7181,72,1323,1101,40,15,128,64,37,37,152,140,488,222,166,56,266,12,199,99,39,61,55,0,6,6,9,34,133,8,7,0,1,14,7,0,5,2,94,3,61,11,12,7,0,16,4,7,0,5,1,69,7,2,5,0,17,45,34,11,1,1,0,1,0,0,906
2021,"Enfield 007","E02000283",8531,7672,6408,75,1189,1023,33,17,173,62,22,26,168,145,377,166,133,33,132,9,97,43,44,10,26,3,0,0,3,20,68,2,1,1,0,8,7,0,1,0,54,8,10,5,17,14,0,4,3,1,0,0,0,67,4,0,4,0,17,46,32,14,3,3,2,1,0,1,588
2021,"Enfield 008","E02000284",8739,7891,6862,159,870,717,17,21,59,44,19,21,149,90,297,153,40,113,79,4,43,21,14,8,32,0,0,12,4,16,85,7,2,1,4,15,7,0,8,0,41,0,8,29,1,3,0,22,9,6,1,6,0,63,24,11,13,2,19,18,13,5,19,19,11,8,0,0,602
2021,"Enfield 009","E02000285",6646,6148,5557,155,436,398,16,9,73,21,14,4,78,54,129,38,18,20,47,4,26,13,9,4,17,1,0,1,1,14,64,8,3,0,5,8,5,0,2,1,28,0,2,17,3,6,0,19,9,5,5,0,1,20,5,3,2,0,8,7,5,2,13,9,4,5,4,0,354
2021,"Enfield 010","E02000286",8695,8028,7040,135,853,705,31,14,60,38,62,22,103,88,287,148,71,77,83,10,42,17,17,8,31,1,0,4,4,22,99,14,10,2,2,18,9,1,6,2,40,1,5,22,4,8,0,24,4,11,3,6,3,44,15,3,12,0,12,17,12,5,9,9,8,1,0,0,432
2021,"Enfield 011","E02000287",7353,6861,6122,128,611,494,25,9,75,12,13,4,45,47,264,117,65,52,43,10,26,1,20,5,7,2,0,2,2,1,135,26,17,0,9,40,16,10,14,0,51,1,1,34,0,10,5,17,3,6,1,7,1,43,18,6,12,0,14,11,2,9,12,12,12,0,0,0,259
2021,"Enfield 012","E02000288",12783,11085,9102,74,1909,1628,53,24,190,77,56,14,187,186,841,281,165,116,336,15,257,107,62,88,64,1,0,4,13,46,307,33,27,0,6,18,12,0,6,0,224,3,143,38,26,8,6,28,3,15,0,10,4,99,5,0,5,3,20,71,58,13,2,2,2,0,0,0,954
2021,"Enfield 013","E02000289",6774,6426,5888,105,433,368,12,16,78,13,15,14,40,33,147,65,40,25,23,0,10,3,6,1,13,0,0,6,4,3,48,5,2,0,3,11,8,0,3,0,21,1,0,12,2,6,0,11,2,4,1,4,0,19,7,1,6,1,2,9,9,0,8,8,4,4,0,0,250
2021,"Enfield 014","E02000290",6684,5833,4888,44,901,771,18,6,89,73,34,9,112,105,325,130,99,31,177,8,115,54,42,19,54,1,4,2,2,45,100,6,1,0,5,3,3,0,0,0,73,6,44,8,11,4,0,16,3,11,0,2,2,69,4,2,2,2,11,52,47,5,2,2,1,1,0,1,502
2021,"Enfield 015","E02000291",10158,9062,7274,133,1655,1396,39,34,171,78,68,39,238,142,587,259,121,138,141,12,78,34,36,8,51,5,0,13,3,30,148,7,2,2,3,27,14,1,6,6,81,2,20,27,6,24,2,32,13,14,1,4,1,103,23,5,18,0,45,35,30,5,10,8,5,3,2,0,694
2021,"Enfield 016","E02000292",9838,8924,7450,155,1319,1168,30,17,132,53,52,33,182,144,525,151,70,81,142,2,92,49,33,10,48,3,1,5,0,39,112,3,0,0,3,17,8,0,8,1,56,1,10,15,12,18,0,32,14,10,1,7,4,62,9,4,5,0,20,33,26,7,4,4,1,3,0,0,594
2021,"Enfield 017","E02000293",6400,6012,5447,131,434,354,16,12,64,7,23,3,64,16,149,80,36,44,34,8,11,6,5,0,15,2,1,5,1,6,54,9,5,0,4,17,9,0,5,3,17,0,0,5,5,7,0,11,4,4,1,2,0,36,8,3,5,1,20,7,4,3,8,8,5,3,0,0,256
2021,"Enfield 018","E02000294",9370,8250,6791,65,1394,1192,29,25,161,67,33,30,121,166,560,202,132,70,247,4,187,111,65,11,56,1,1,1,3,50,129,7,3,0,4,23,21,0,2,0,90,7,46,23,8,6,0,7,2,4,1,0,2,72,8,1,7,0,18,46,44,2,4,4,4,0,0,0,668
2021,"Enfield 019","E02000295",8694,8045,6743,160,1142,901,24,12,100,17,51,19,95,105,478,241,134,107,63,11,30,3,25,2,22,0,0,8,2,12,133,16,11,1,4,38,18,9,10,1,51,1,5,32,3,10,0,28,18,5,0,5,0,69,22,3,19,1,28,18,13,5,28,28,25,3,0,0,356
2021,"Enfield 020","E02000296",10345,9389,6911,114,2364,1942,53,25,178,67,83,38,231,263,1004,422,215,207,85,20,30,10,14,6,35,1,0,3,8,23,182,21,9,0,12,52,26,8,12,6,78,1,1,39,12,24,1,26,15,8,3,0,5,66,31,7,24,7,17,11,9,2,16,16,15,1,0,0,607
2021,"Enfield 021","E02000297",9401,8799,7647,192,960,828,44,12,85,33,38,11,100,213,292,132,63,69,47,7,21,8,8,5,19,0,0,4,2,13,80,7,3,2,2,14,3,0,7,4,45,0,9,7,5,24,0,14,10,2,1,1,0,37,15,8,7,1,12,9,9,0,8,8,6,2,0,0,430
2021,"Enfield 022","E02000298",8259,7842,6941,259,642,554,27,16,73,10,34,19,77,72,226,88,29,59,57,11,33,11,21,1,13,0,1,5,0,7,58,2,1,0,1,11,9,0,0,2,22,2,1,13,0,6,0,23,10,8,4,1,0,37,15,5,10,2,10,10,7,3,33,31,25,6,2,0,232
2021,"Enfield 023","E02000299",9502,8327,6384,84,1859,1622,43,24,123,83,97,8,215,252,777,237,179,58,296,6,209,133,57,19,81,1,7,2,1,70,155,10,5,3,2,14,14,0,0,0,113,13,23,38,12,27,0,15,1,9,2,3,3,100,5,1,4,6,27,62,43,19,6,6,4,2,0,0,618
2021,"Enfield 024","E02000300",8854,7991,5833,123,2035,1843,31,21,120,82,52,38,203,484,812,192,139,53,226,9,141,82,38,21,76,3,1,5,6,61,100,7,0,3,4,7,3,0,3,1,62,3,10,18,1,30,0,23,11,12,0,0,1,80,8,2,6,0,25,47,39,8,3,3,3,0,0,0,454
2021,"Enfield 025","E02000301",10216,8962,7094,112,1756,1515,36,32,87,87,77,24,183,327,662,241,166,75,253,10,206,111,73,22,37,5,1,0,1,30,158,15,8,0,7,39,34,1,1,3,78,3,16,23,20,16,0,25,2,11,0,12,1,106,3,1,2,0,21,82,62,20,7,7,5,2,0,1,729
2021,"Enfield 026","E02000302",8663,8080,6635,156,1289,1057,32,17,76,25,47,17,252,121,470,232,58,174,58,7,27,9,14,4,24,0,1,8,0,15,84,7,2,2,3,5,1,0,4,0,43,3,5,18,3,14,0,28,5,13,0,10,1,36,8,1,7,1,20,7,4,3,13,13,10,3,0,0,392
2021,"Enfield 027","E02000303",8367,7370,5923,38,1409,1196,32,14,85,72,64,32,152,186,559,213,162,51,196,3,139,76,45,18,54,3,2,1,9,39,116,6,2,1,3,17,15,0,2,0,66,0,22,27,5,12,0,24,5,10,0,9,3,72,6,3,3,0,15,51,35,16,4,4,2,2,0,0,609
2021,"Enfield 028","E02000304",8041,7606,6540,211,855,715,29,15,83,18,26,27,103,64,350,140,68,72,28,8,8,5,3,0,12,0,0,0,2,10,105,8,4,0,4,26,13,3,10,0,45,0,2,31,3,9,0,23,15,6,2,0,3,51,22,3,19,0,13,16,12,4,9,9,6,3,0,0,242
2021,"Enfield 029","E02000305",8879,8294,6191,182,1921,1701,30,23,121,38,79,19,233,320,838,220,71,149,70,16,26,14,8,4,28,0,0,2,1,25,88,8,4,0,4,7,1,1,4,1,57,2,12,15,16,12,0,15,8,2,0,5,1,65,25,12,13,2,24,14,6,8,20,20,10,10,0,0,342
2021,"Enfield 030","E02000306",9136,7993,6636,44,1313,1108,28,16,96,84,99,21,169,124,471,205,163,42,299,15,203,118,52,33,81,6,12,0,3,60,116,9,3,3,3,10,8,0,2,0,82,15,39,15,5,4,4,15,4,10,0,1,0,73,6,3,3,1,14,52,48,4,1,1,1,0,0,0,654
2021,"Enfield 031","E02000307",10109,9263,7068,82,2113,1935,32,15,93,91,87,99,270,324,924,178,98,80,131,5,82,40,27,15,44,0,2,0,0,42,151,34,2,1,31,7,4,2,0,1,81,5,16,34,5,20,1,24,2,19,0,3,5,87,7,1,6,1,41,38,22,16,8,8,5,3,0,0,469
2021,"Enfield 032","E02000308",8764,7892,5937,145,1810,1612,46,31,230,59,63,27,217,270,669,198,52,146,83,5,54,24,23,7,24,0,0,9,2,13,217,25,18,1,6,32,17,5,6,4,129,4,16,85,17,7,0,31,5,12,1,13,0,67,21,5,16,2,31,13,9,4,15,15,11,4,0,0,490
2021,"Enfield 033","E02000309",11793,10328,7558,71,2699,2438,61,34,159,155,131,28,269,491,1110,261,167,94,360,29,228,119,63,46,103,4,1,4,5,89,180,10,3,4,3,31,28,1,0,2,102,2,39,24,16,18,3,37,11,12,2,12,0,133,13,12,1,4,39,77,52,25,9,8,6,2,1,0,783
2021,"Enfield 035","E02000311",10543,9753,7186,96,2471,2210,45,19,148,99,122,48,288,329,1112,261,67,194,87,17,48,22,17,9,22,2,2,2,1,15,146,13,5,4,4,16,8,3,4,1,76,2,9,28,26,11,0,41,14,15,1,11,0,102,8,1,7,2,47,45,21,24,12,12,7,5,0,0,443
2021,"Enfield 036","E02000312",11301,10435,7269,215,2951,2618,45,38,241,90,154,58,464,245,1283,333,84,249,94,25,46,15,14,17,23,2,0,5,2,14,168,11,6,2,3,39,14,2,14,9,69,7,12,29,18,3,0,44,15,23,0,6,5,115,31,8,23,3,63,18,14,4,19,19,17,2,0,0,470
2021,"Enfield 037","E02006793",9648,8414,6771,68,1575,1351,34,27,89,111,65,23,151,268,583,224,160,64,285,32,184,87,63,34,69,2,11,1,3,52,197,12,11,0,1,14,12,0,2,0,75,2,26,8,15,19,5,95,3,84,3,5,1,120,12,4,8,0,45,63,41,22,5,5,3,2,0,0,627
2021,"Greenwich 001","E02000313",6493,4964,4254,48,662,646,36,38,78,58,20,57,80,111,168,16,2,14,561,13,498,62,396,40,50,1,0,5,8,36,57,0,0,0,0,4,3,0,0,1,46,1,9,10,3,3,20,7,4,1,0,2,0,17,6,1,5,0,3,8,7,1,4,4,3,1,0,0,890
2021,"Greenwich 002","E02000314",14102,11123,8804,140,2179,2099,114,96,222,144,134,253,193,365,578,80,19,61,1280,11,1177,145,980,52,92,14,1,15,25,37,290,17,4,2,11,40,30,4,4,2,184,3,16,55,20,16,74,45,17,16,1,11,4,113,23,3,20,9,44,37,28,9,14,14,11,3,0,0,1282
2021,"Greenwich 003","E02000315",9877,7582,6236,98,1248,1198,66,61,103,122,55,93,80,233,385,50,7,43,705,13,628,77,510,41,64,5,0,6,7,46,249,5,2,0,3,32,26,3,1,2,144,1,6,46,9,11,71,68,45,13,0,10,0,72,12,3,9,0,29,31,21,10,6,6,5,1,0,0,1263
2021,"Greenwich 005","E02000317",7562,6038,4955,65,1018,957,53,37,84,86,86,66,84,159,302,61,5,56,423,13,358,61,263,34,52,8,2,4,5,33,262,8,0,3,5,63,58,1,3,1,147,1,12,43,7,8,76,44,6,20,1,17,0,51,11,3,8,0,18,22,19,3,17,17,12,5,0,0,771
2021,"Greenwich 006","E02000318",11059,7852,5941,70,1841,1780,76,35,203,228,83,111,97,451,496,61,16,45,380,12,339,45,254,40,29,0,1,6,3,19,1739,2,0,0,2,29,24,1,4,0,1689,3,49,232,127,49,1229,19,2,7,0,10,0,105,53,4,49,1,23,28,17,11,3,3,3,0,0,0,980
2021,"Greenwich 007","E02000319",10622,8113,6498,112,1503,1444,83,45,143,139,74,154,104,290,412,59,5,54,449,13,387,35,316,36,49,8,1,10,12,18,919,11,3,1,7,56,34,13,5,4,815,3,17,130,57,36,572,32,7,9,1,15,5,124,25,5,20,1,65,33,26,7,15,15,10,5,0,0,1002
2021,"Greenwich 008","E02000320",7039,5680,4624,58,998,963,27,28,85,46,45,129,118,244,241,35,3,32,344,4,313,36,255,22,27,7,0,3,7,10,260,0,0,0,0,12,10,0,2,0,223,12,16,46,13,19,117,23,13,5,0,5,2,70,15,5,10,1,32,22,18,4,6,6,4,2,0,0,679
2021,"Greenwich 009","E02000321",7721,5997,4776,59,1162,1117,74,60,93,86,131,103,84,187,299,45,9,36,361,7,310,36,250,24,44,9,3,7,3,22,344,2,0,1,1,19,15,2,0,2,285,3,9,48,10,6,209,38,7,13,4,14,0,106,14,2,12,1,49,42,31,11,2,2,2,0,0,0,911
2021,"Greenwich 011","E02000323",12865,9980,7913,90,1977,1884,76,48,191,191,111,167,147,426,527,93,11,82,600,18,500,47,381,72,82,8,9,10,10,45,935,8,0,1,7,70,58,5,5,2,748,4,20,142,72,57,453,105,14,59,5,27,4,179,81,56,25,1,52,45,30,15,15,15,11,4,0,0,1156
2021,"Greenwich 012","E02000324",7867,6322,5284,76,962,907,53,56,87,55,66,90,95,125,280,55,13,42,227,8,184,13,146,25,35,1,1,14,7,12,252,2,1,0,1,45,32,0,10,3,174,3,3,30,8,9,121,25,5,5,0,15,6,81,26,6,20,5,35,15,12,3,17,16,10,6,1,0,968
2021,"Greenwich 014","E02000326",7793,6741,5646,153,942,887,70,38,103,51,36,67,71,151,300,55,7,48,163,5,128,16,102,10,30,0,0,14,4,12,221,7,4,0,3,58,41,3,8,6,115,0,3,71,12,4,25,39,10,18,2,9,2,102,41,6,35,8,43,10,7,3,27,27,22,5,0,0,539
2021,"Greenwich 015","E02000327",6629,5380,4596,79,705,672,48,30,63,36,68,53,52,102,220,33,6,27,316,9,281,29,231,21,26,0,1,7,3,15,188,5,2,1,2,25,20,3,1,1,124,2,6,32,5,8,71,31,3,18,1,9,3,52,14,4,10,0,10,28,18,10,22,17,13,4,5,0,671
2021,"Greenwich 016","E02000328",6512,5801,4974,141,686,628,61,55,85,29,53,69,51,43,182,58,15,43,69,8,41,6,28,7,20,3,0,11,2,4,91,6,0,0,6,27,5,2,13,7,31,0,1,20,0,1,9,22,7,5,2,8,5,119,81,16,65,1,28,9,7,2,46,46,31,15,0,0,386
2021,"Greenwich 017","E02000329",6328,5290,4577,64,649,603,35,14,56,33,53,80,59,136,137,46,4,42,174,4,149,18,120,11,21,1,0,1,4,15,199,2,0,0,2,12,9,0,3,0,174,1,7,67,9,12,78,11,0,9,1,1,0,41,13,6,7,1,15,12,11,1,8,8,8,0,0,0,616
2021,"Greenwich 019","E02000331",8235,6793,5763,107,923,855,63,21,114,35,96,70,84,137,235,68,14,54,185,7,144,22,116,6,34,2,1,6,3,22,322,17,2,0,15,48,39,1,5,3,193,0,8,59,15,1,110,64,7,34,3,20,0,110,41,6,35,4,41,24,16,8,21,21,13,8,0,0,804
2021,"Greenwich 020","E02000332",7446,6387,5471,113,803,744,55,30,105,22,42,73,85,136,196,59,9,50,269,14,224,25,171,28,31,2,0,7,7,15,133,2,0,0,2,18,5,1,7,5,88,1,4,41,13,8,21,25,8,8,1,8,0,80,26,2,24,2,30,22,11,11,9,9,5,4,0,0,568
2021,"Greenwich 021","E02000333",6239,5627,4908,138,581,523,62,40,86,41,67,16,43,33,135,58,16,42,63,4,43,3,31,9,16,2,0,7,4,3,112,3,0,1,2,28,17,0,6,5,57,1,1,29,7,4,15,23,1,10,4,8,1,92,57,10,47,1,32,2,0,2,31,31,18,13,0,1,313
2021,"Greenwich 022","E02000334",6640,5683,4844,99,740,688,74,35,78,44,48,68,54,114,173,52,13,39,153,7,104,15,87,2,42,6,0,16,8,12,142,3,0,0,3,42,26,3,8,5,75,0,6,38,5,3,23,22,7,8,1,6,0,56,16,5,11,1,26,13,9,4,15,15,10,5,0,0,591
2021,"Greenwich 023","E02000335",6682,5942,5377,100,465,440,37,18,44,24,35,49,79,63,91,25,11,14,72,5,49,15,29,5,18,1,0,5,4,8,102,4,2,0,2,31,21,2,4,4,50,0,0,15,0,8,27,17,7,3,0,7,0,45,24,3,21,0,12,9,7,2,19,19,12,7,0,0,502
2021,"Greenwich 025","E02000337",8472,7094,6110,64,920,850,33,19,85,46,43,156,137,103,228,70,21,49,95,8,71,4,55,12,16,2,0,8,4,2,167,4,2,1,1,57,48,1,6,2,75,1,2,33,3,11,25,29,3,4,5,17,2,68,14,4,10,2,43,9,6,3,9,9,4,5,0,0,1039
2021,"Greenwich 027","E02000339",6291,5592,4961,116,515,486,42,18,60,30,43,43,48,90,112,29,10,19,48,1,39,4,32,3,8,1,0,3,2,2,77,2,2,0,0,35,25,2,6,2,24,0,5,12,0,2,5,16,4,9,0,3,0,62,31,7,24,1,24,6,4,2,12,12,6,6,0,0,500
2021,"Greenwich 028","E02000340",6865,6100,5260,81,759,681,41,29,80,70,35,44,79,78,225,78,32,46,102,15,61,7,39,15,26,2,0,8,5,11,147,9,2,5,2,34,19,0,9,6,77,0,7,40,17,6,7,26,8,4,2,12,1,46,14,9,5,1,26,5,2,3,16,16,11,5,0,0,454
2021,"Greenwich 029","E02000341",8000,6598,5713,80,805,757,56,12,56,46,47,115,82,144,199,48,15,33,155,11,122,19,89,14,22,5,0,5,3,9,108,8,5,1,2,20,13,2,1,4,52,0,1,23,4,19,5,28,8,10,5,5,0,51,9,3,6,0,28,14,9,5,7,7,7,0,0,0,1081
2021,"Greenwich 030","E02000342",6345,5436,4773,59,604,566,26,36,78,41,25,39,69,65,187,38,6,32,119,6,88,18,62,8,25,3,0,6,6,10,136,4,0,0,4,30,25,0,3,2,72,2,2,48,7,6,7,28,8,12,1,7,2,51,15,3,12,5,24,7,5,2,6,6,2,4,0,0,597
2021,"Greenwich 031","E02000343",7048,5910,5193,55,662,601,34,12,68,27,31,86,73,116,154,61,9,52,77,2,58,3,53,2,17,1,1,8,0,7,126,1,0,0,1,24,24,0,0,0,70,4,6,34,2,6,18,31,7,5,3,16,0,48,11,4,7,1,20,16,13,3,15,15,10,5,0,0,872
2021,"Greenwich 032","E02000344",6431,5799,5301,57,441,406,24,22,35,15,32,41,57,71,109,35,6,29,81,0,59,10,46,3,22,0,0,8,7,7,63,1,0,0,1,12,6,2,3,1,42,5,1,22,3,4,7,8,1,1,0,6,0,20,8,2,6,2,6,4,3,1,2,2,0,2,0,0,466
2021,"Greenwich 033","E02006786",7557,6116,5202,62,852,828,42,25,69,71,45,91,55,207,223,24,5,19,260,2,226,25,180,21,32,4,0,2,6,20,295,2,0,0,2,11,5,1,4,1,277,1,4,41,7,13,211,5,0,4,0,1,0,74,24,2,22,2,18,30,22,8,5,5,4,1,0,0,807
2021,"Greenwich 034","E02006927",12371,10496,8811,174,1511,1347,130,69,124,90,115,129,167,122,401,164,45,119,202,18,121,19,88,14,63,5,0,26,5,27,555,14,5,0,9,273,219,9,26,19,169,3,7,121,14,7,17,93,24,30,11,28,6,227,115,32,83,4,75,33,23,10,35,34,27,7,1,0,856
2021,"Greenwich 035","E02006928",12092,10047,7715,189,2143,1867,210,84,268,145,195,119,195,142,509,276,50,226,258,32,151,25,104,22,75,12,1,27,6,29,734,37,4,3,30,228,141,29,30,28,363,3,7,296,15,7,35,97,32,15,24,26,9,359,198,58,140,11,118,32,22,10,85,85,62,23,0,1,608
2021,"Greenwich 037","E02006930",9847,8537,6771,202,1564,1416,191,49,224,96,152,103,99,105,397,148,39,109,168,9,91,1,79,11,68,6,0,33,12,17,368,11,2,0,9,109,75,8,11,15,179,0,6,133,5,10,25,61,29,19,9,4,8,190,104,23,81,13,56,17,17,0,67,67,43,24,0,0,517
2021,"Greenwich 038","E02006931",9461,8268,6893,192,1183,1092,106,47,186,43,146,79,74,97,314,91,24,67,218,11,157,23,109,25,50,4,0,22,5,19,220,13,5,1,7,73,45,10,12,6,96,1,5,52,14,10,14,36,13,7,5,11,2,194,131,20,111,7,34,22,12,10,76,76,44,32,0,0,485
2021,"Greenwich 039","E02006991",6315,5208,3756,121,1331,1230,105,48,161,100,122,105,133,94,362,101,29,72,197,18,112,16,83,13,67,6,0,33,13,15,464,7,0,1,6,135,97,16,10,12,251,0,3,170,21,3,54,62,19,14,11,18,9,170,65,15,50,6,84,15,10,5,62,62,53,9,0,0,214
2021,"Greenwich 040","E02006992",8224,6772,5290,113,1369,1191,137,61,191,67,97,63,104,86,385,178,32,146,195,12,120,19,90,11,63,4,1,38,5,15,521,29,5,0,24,176,136,12,14,14,229,0,10,171,15,7,26,64,17,12,9,26,23,208,108,30,78,12,77,11,4,7,47,47,31,16,0,0,481
2021,"Greenwich 041","E02006993",8398,6793,5141,94,1558,1381,138,63,222,94,101,73,129,135,426,177,26,151,208,20,134,7,112,15,54,3,0,24,7,20,684,20,7,0,13,206,149,26,7,24,360,2,14,266,15,17,46,85,27,24,15,19,13,204,77,25,52,11,93,23,14,9,47,47,32,15,0,0,462
2021,"Greenwich 042","E02006994",7640,6013,4457,69,1487,1384,87,51,170,106,115,127,99,238,391,103,22,81,430,8,360,42,277,41,62,14,7,2,16,23,485,18,2,2,14,85,65,6,7,7,319,6,16,146,15,5,131,60,7,26,3,24,3,82,24,3,21,1,50,7,6,1,21,20,16,4,1,0,609
2021,"Hackney 001","E02000345",8201,7479,6363,41,1075,960,44,31,88,50,133,10,162,73,369,115,21,94,46,9,29,16,10,3,8,0,0,0,1,7,127,99,0,1,98,4,0,0,4,0,19,0,3,16,0,0,0,5,1,1,0,3,0,273,170,18,152,2,87,14,10,4,18,18,14,4,0,0,258
2021,"Hackney 002","E02000346",9401,7971,6302,126,1543,1334,136,62,198,145,194,14,188,99,298,209,93,116,221,26,155,42,88,25,40,3,0,4,4,29,413,20,6,1,13,201,164,9,7,21,135,11,67,43,10,3,1,55,31,9,5,10,2,228,86,23,63,7,87,48,29,19,61,61,45,16,0,0,507
2021,"Hackney 003","E02000347",8150,7361,6451,68,842,729,59,29,79,65,127,2,107,38,223,113,38,75,69,0,68,8,39,21,1,0,0,0,0,1,151,104,1,0,103,5,0,0,3,2,32,0,21,10,1,0,0,9,1,6,0,2,1,207,152,20,132,1,41,13,11,2,32,32,19,13,0,0,330
2021,"Hackney 004","E02000348",8103,7344,6435,78,831,744,54,22,84,64,100,4,131,39,246,87,48,39,115,8,96,30,41,25,11,0,1,3,0,7,115,78,0,0,78,9,2,4,2,1,25,1,2,19,3,0,0,3,2,1,0,0,0,174,114,13,101,1,34,25,16,9,8,8,4,4,0,0,347
2021,"Hackney 006","E02000350",10243,9235,7840,170,1225,1095,144,62,184,67,176,32,147,52,231,130,61,69,105,45,47,14,19,14,13,0,0,3,3,7,183,43,2,0,41,25,10,1,11,3,100,0,23,58,17,2,0,15,8,1,3,3,0,300,153,38,115,3,124,20,15,5,112,112,76,36,0,0,308
2021,"Hackney 007","E02000351",9289,8373,6737,205,1431,1329,196,78,238,94,168,19,152,68,316,102,59,43,101,14,64,22,35,7,23,0,1,9,4,9,162,16,1,1,14,60,15,3,36,6,55,1,14,33,7,0,0,27,4,12,3,8,4,203,125,45,80,5,56,17,12,5,105,105,76,29,0,0,345
2021,"Hackney 008","E02000352",6746,6143,5299,102,742,682,79,38,98,33,80,14,145,40,155,60,36,24,62,5,46,7,21,18,11,2,0,6,0,3,71,19,0,0,19,21,2,0,14,5,21,0,11,7,3,0,0,9,2,2,1,4,1,123,71,12,59,6,24,22,21,1,53,53,41,12,0,0,294
2021,"Hackney 009","E02000353",7767,7147,6072,178,897,814,108,66,173,51,108,7,62,23,216,83,43,40,47,8,24,4,15,5,15,2,1,8,2,2,88,15,0,2,13,27,5,2,10,10,35,0,3,21,7,4,0,9,5,0,1,3,2,180,108,39,69,7,51,14,6,8,90,90,61,29,0,0,215
2021,"Hackney 010","E02000354",9607,8679,7385,140,1154,1061,98,38,210,131,170,10,123,23,258,93,63,30,138,3,114,46,50,18,21,0,0,7,1,13,151,11,2,0,9,21,3,2,10,6,104,0,45,53,4,2,0,15,2,2,4,7,0,193,75,30,45,4,58,56,39,17,77,77,53,24,0,0,369
2021,"Hackney 011","E02000355",8195,7436,6316,174,946,882,129,78,141,76,125,30,84,17,202,64,20,44,83,5,58,20,25,13,20,2,1,6,0,11,103,9,2,0,7,21,4,0,16,1,69,0,8,43,16,2,0,4,2,0,0,2,0,138,60,23,37,3,26,49,38,11,100,100,72,28,0,0,335
2021,"Hackney 012","E02000356",7033,6429,5504,154,771,686,105,48,143,34,91,7,52,12,194,85,50,35,56,9,33,14,10,9,14,1,1,9,0,3,62,10,0,1,9,26,4,1,18,3,17,0,4,11,2,0,0,8,3,1,1,3,1,166,92,24,68,7,51,16,9,7,113,113,82,31,0,0,207
2021,"Hackney 013","E02000357",6847,5966,5175,93,698,638,61,20,93,98,68,18,72,44,164,60,33,27,278,12,240,78,124,38,26,4,0,4,3,15,82,9,0,2,7,10,4,0,2,4,43,1,14,16,12,0,0,18,3,9,2,4,2,100,10,2,8,2,20,68,50,18,20,20,15,5,0,0,401
2021,"Hackney 014","E02000358",11089,9925,7913,276,1736,1540,224,116,298,109,238,27,135,39,354,196,148,48,163,13,115,42,51,22,35,1,1,12,3,18,160,10,2,0,8,55,13,0,32,10,66,1,19,36,7,2,1,26,8,5,7,6,3,244,125,32,93,3,72,44,26,18,146,146,87,59,0,0,451
2021,"Hackney 015","E02000359",6695,6075,5227,105,743,692,72,44,119,57,90,19,65,36,190,51,30,21,87,5,71,11,50,10,11,0,1,2,2,6,88,1,0,0,1,9,4,1,2,2,64,3,3,23,35,0,0,14,1,5,4,4,0,100,50,20,30,10,11,29,14,15,60,60,47,13,0,0,285
2021,"Hackney 016","E02000360",11516,10097,8608,179,1310,1210,140,70,164,183,145,19,129,24,336,100,61,39,351,35,290,111,140,39,26,1,0,1,3,21,197,19,1,5,13,31,4,0,22,5,105,4,34,50,12,5,0,38,7,16,3,12,4,230,91,21,70,7,49,83,58,25,73,73,58,15,0,0,568
2021,"Hackney 017","E02000361",8063,7071,5650,145,1276,1176,143,89,200,129,175,20,115,17,288,100,54,46,155,20,104,41,34,29,31,2,0,16,1,12,158,6,0,2,4,55,24,2,18,11,50,2,12,24,9,2,1,46,3,10,2,31,1,217,118,50,68,9,54,36,29,7,124,124,76,48,0,0,338
2021,"Hackney 018","E02000362",6961,6098,5233,127,738,671,59,36,134,79,93,25,71,14,160,67,48,19,163,4,135,28,88,19,24,3,0,5,1,15,83,10,1,4,5,15,4,2,5,4,35,5,8,17,3,1,1,22,9,6,0,7,1,112,48,14,34,4,28,32,22,10,50,50,40,10,0,0,455
2021,"Hackney 019","E02000363",11881,10316,8914,131,1271,1145,115,44,178,194,168,30,126,26,264,126,61,65,361,10,313,72,184,57,38,5,2,3,3,25,164,9,2,1,6,30,16,4,6,4,91,1,45,31,13,1,0,34,1,17,1,15,0,183,55,18,37,2,52,74,63,11,47,47,42,5,0,0,810
2021,"Hackney 020","E02000364",9217,8236,7089,167,980,926,135,85,189,58,97,16,77,17,252,54,23,31,97,4,72,24,37,11,21,1,3,9,1,7,116,17,0,2,15,43,4,1,19,19,36,0,6,21,8,1,0,19,2,4,8,5,1,226,131,49,82,1,45,49,35,14,162,162,115,47,0,0,380
2021,"Hackney 022","E02000366",8324,7387,6451,170,766,703,100,43,109,100,72,17,62,18,182,63,38,25,118,8,101,34,50,17,9,0,0,7,0,2,76,4,0,0,4,16,4,1,10,1,39,0,13,19,6,1,0,17,2,4,2,9,0,131,49,12,37,2,28,52,39,13,78,77,64,13,1,0,534
2021,"Hackney 023","E02000367",10415,9134,7324,247,1563,1447,220,110,251,122,220,32,114,37,341,116,65,51,159,10,125,49,55,21,24,0,0,13,2,9,161,30,2,0,28,67,37,1,15,14,45,0,17,24,0,2,2,14,4,3,4,3,5,355,193,55,138,11,92,59,50,9,198,198,153,45,0,0,408
2021,"Hackney 024","E02000368",9929,8763,7373,193,1197,1095,168,64,194,121,164,9,119,18,238,102,63,39,178,11,136,50,63,23,31,6,1,5,2,17,134,19,4,1,14,23,15,0,6,2,49,1,28,11,4,4,1,41,7,7,6,21,2,193,87,25,62,4,54,48,36,12,104,104,70,34,0,0,557
2021,"Hackney 025","E02000369",13458,11703,9381,226,2096,1880,327,113,308,186,199,48,153,52,494,216,118,98,261,33,193,57,92,44,35,3,1,13,2,16,262,31,7,2,22,77,24,8,26,19,92,0,20,57,10,2,3,55,25,7,5,18,7,370,221,67,154,9,85,55,40,15,264,264,169,95,0,0,598
2021,"Hackney 026","E02000370",8862,7599,5980,144,1475,1333,228,92,211,119,169,30,94,76,314,142,62,80,166,26,117,48,45,24,23,1,0,9,4,9,253,25,1,2,22,96,40,6,24,26,78,2,13,46,14,2,1,50,20,10,16,4,4,259,167,38,129,8,63,21,14,7,144,144,102,42,0,0,441
2021,"Hackney 028","E02006918",8396,7476,6202,126,1148,1061,107,58,140,91,117,24,233,50,241,87,53,34,165,8,145,45,76,24,12,0,0,4,1,7,120,23,0,1,22,17,3,1,5,8,67,9,20,30,7,1,0,12,2,6,0,4,1,159,61,18,43,2,39,57,24,33,25,25,18,7,0,0,451
2021,"Hackney 029","E02006921",7927,7092,6175,62,855,769,38,19,78,85,82,8,149,52,258,86,44,42,91,15,64,16,36,12,12,0,1,2,3,6,108,44,5,1,38,6,1,1,1,3,47,2,8,32,5,0,0,11,0,1,0,10,0,206,126,9,117,1,38,41,33,8,16,16,12,4,0,0,414
2021,"Hackney 030","E02007108",5943,5200,3934,148,1118,1010,167,72,229,55,109,23,58,20,277,108,56,52,52,4,34,8,16,10,14,0,0,10,1,3,119,12,2,3,7,55,18,2,21,14,36,0,4,28,2,2,0,16,4,1,9,2,0,184,118,52,66,5,44,17,7,10,190,190,130,60,0,0,198
2021,"Hackney 031","E02007109",7616,6787,5700,152,935,851,143,53,173,82,81,21,40,20,238,84,58,26,84,9,60,11,31,18,15,1,0,9,0,5,112,16,2,0,14,41,11,12,13,5,36,0,3,24,7,2,0,17,7,4,3,3,2,186,126,41,85,4,38,18,15,3,187,184,120,64,3,0,260
2021,"Hackney 032","E02007110",7333,5999,4318,106,1575,1432,250,81,273,120,152,22,145,34,355,143,64,79,160,30,103,40,42,21,27,4,0,9,4,10,437,57,3,0,54,226,172,10,13,31,73,0,6,57,7,1,2,70,24,13,11,22,11,317,184,53,131,10,101,22,11,11,112,112,95,17,0,0,308
2021,"Hackney 033","E02007111",5950,4764,3171,107,1486,1355,304,98,199,119,169,13,63,59,331,131,39,92,93,15,60,16,30,14,18,0,0,14,0,4,384,29,2,0,27,208,145,15,20,28,95,0,7,77,7,4,0,52,11,2,14,25,0,372,268,74,194,13,77,14,8,6,149,149,97,52,0,0,188
2021,"Hammersmith and Fulham 001","E02000372",9989,8155,6371,185,1599,1502,114,44,276,149,259,31,172,74,383,97,23,74,153,73,47,15,25,7,33,0,0,8,9,16,782,84,14,7,63,363,273,20,41,29,130,11,16,76,22,5,0,202,60,102,10,30,3,178,49,14,35,4,90,35,16,19,66,66,47,19,0,0,655
2021,"Hammersmith and Fulham 002","E02000373",7037,6230,5271,78,881,816,51,37,143,97,100,30,111,28,219,65,10,55,114,25,74,23,39,12,15,1,2,4,2,6,172,28,7,2,19,33,18,1,6,8,33,3,10,9,9,2,0,78,7,65,1,5,0,80,18,8,10,1,40,21,10,11,14,14,8,6,0,0,427
2021,"Hammersmith and Fulham 003","E02000374",6920,6117,4922,154,1041,972,133,28,179,94,148,22,102,44,222,69,10,59,79,29,29,8,15,6,21,3,2,6,2,8,255,50,5,1,44,77,43,8,10,16,56,6,4,37,7,1,1,72,18,45,2,7,0,106,50,12,38,4,40,12,7,5,52,52,29,23,0,0,311
2021,"Hammersmith and Fulham 004","E02000375",7482,6605,5083,157,1365,1277,176,50,237,85,182,32,96,73,346,88,19,69,76,26,22,9,7,6,28,1,0,5,1,21,296,35,13,0,22,133,57,14,47,15,54,3,10,25,15,0,1,71,18,43,3,7,3,155,91,23,68,10,39,15,10,5,53,53,34,19,0,1,296
2021,"Hammersmith and Fulham 005","E02000376",6701,5854,4338,129,1387,1300,141,48,268,114,197,33,124,57,318,87,13,74,80,31,16,5,3,8,33,1,1,19,0,12,241,22,7,5,10,70,43,5,13,9,76,0,8,42,25,0,1,73,13,39,3,18,0,173,72,12,60,10,66,25,8,17,86,86,58,28,0,0,267
2021,"Hammersmith and Fulham 006","E02000377",7796,6913,5424,211,1278,1200,131,66,271,87,181,30,126,53,255,78,13,65,81,22,25,6,11,8,34,1,3,14,2,14,235,20,5,2,13,77,46,8,12,11,40,5,5,26,3,1,0,97,7,76,4,10,1,131,63,19,44,7,48,13,6,7,59,59,33,26,0,1,376
2021,"Hammersmith and Fulham 007","E02000378",6437,5680,4103,130,1447,1342,235,49,291,79,192,19,89,59,329,105,16,89,56,29,13,3,8,2,14,0,3,3,1,7,256,33,16,1,16,94,46,11,19,18,48,3,3,36,6,0,0,77,12,44,10,11,4,164,83,15,68,14,58,9,0,9,65,65,47,18,0,1,215
2021,"Hammersmith and Fulham 008","E02000379",7381,6729,5458,195,1076,987,152,34,173,78,126,23,102,27,272,89,26,63,52,21,16,4,8,4,15,1,0,7,0,7,166,44,16,1,27,52,12,3,23,14,41,0,5,27,5,4,0,29,9,11,1,8,0,113,72,22,50,0,35,6,4,2,58,50,33,17,8,0,263
2021,"Hammersmith and Fulham 009","E02000380",5510,4897,4007,140,750,690,165,43,122,37,87,11,31,33,161,60,12,48,49,16,5,1,2,2,28,4,0,15,1,8,156,21,3,0,18,64,27,11,16,10,37,0,2,32,1,2,0,34,4,22,4,4,0,134,92,13,79,5,27,10,4,6,79,79,51,28,0,0,195
2021,"Hammersmith and Fulham 010","E02000381",7631,6765,5089,173,1503,1399,362,78,268,76,158,24,62,44,327,104,27,77,69,29,21,8,10,3,19,1,1,12,1,4,197,26,10,3,13,68,33,3,20,12,37,2,3,21,9,2,0,59,14,39,4,2,7,239,162,41,121,15,54,8,4,4,71,71,54,17,0,0,290
2021,"Hammersmith and Fulham 011","E02000382",6189,5351,4230,136,985,896,137,36,179,41,116,31,87,40,229,89,17,72,57,18,16,5,8,3,23,0,0,12,4,7,315,24,15,1,8,172,101,17,29,25,59,1,2,40,8,2,6,59,17,26,3,13,1,172,118,25,93,5,41,8,4,4,43,42,32,10,1,0,251
2021,"Hammersmith and Fulham 012","E02000383",8459,7307,5297,187,1823,1711,322,58,336,113,222,37,132,69,422,112,17,95,113,53,20,2,4,14,40,3,0,23,5,9,493,76,24,15,37,145,72,19,21,33,85,3,1,71,7,3,0,174,32,84,25,33,13,202,113,37,76,7,64,18,6,12,91,91,71,20,0,0,253
2021,"Hammersmith and Fulham 013","E02000384",8269,7045,5317,179,1549,1429,188,66,283,103,249,26,88,65,361,120,20,100,86,29,25,7,13,5,32,1,0,10,8,13,482,43,20,5,18,265,160,19,51,35,59,3,5,37,12,2,0,107,28,43,23,13,8,214,93,21,72,5,96,20,8,12,92,92,72,20,0,0,350
2021,"Hammersmith and Fulham 014","E02000385",5615,4885,3586,114,1185,1083,177,59,263,64,124,15,67,49,265,102,24,78,68,19,18,3,14,1,31,1,0,25,1,4,242,25,3,0,22,77,36,10,17,14,58,9,7,34,3,3,2,78,18,28,11,21,4,172,106,31,75,4,55,7,1,6,102,100,79,21,2,0,146
2021,"Hammersmith and Fulham 015","E02000386",7582,6661,5279,160,1222,1141,162,46,288,79,152,30,94,41,249,81,9,72,93,32,27,7,12,8,34,1,0,13,2,18,247,20,9,4,7,83,34,5,10,34,52,2,8,26,13,1,2,92,17,60,6,9,0,146,52,11,41,7,64,23,8,15,50,50,38,12,0,0,385
2021,"Hammersmith and Fulham 016","E02000387",6028,5192,4072,105,1015,962,163,37,213,95,127,26,60,37,204,53,15,38,69,21,23,6,14,3,25,0,0,19,2,4,305,10,3,0,7,47,22,4,8,13,55,3,6,27,13,1,5,193,16,157,5,15,0,145,69,17,52,5,55,16,5,11,52,52,33,19,0,0,265
2021,"Hammersmith and Fulham 017","E02000388",8661,7485,5613,181,1691,1574,347,84,324,82,194,29,100,40,374,117,25,92,104,32,29,9,16,4,43,5,0,28,1,9,354,32,6,0,26,116,68,10,18,20,88,3,1,67,12,0,5,113,22,42,14,35,5,270,171,56,115,9,72,18,13,5,149,148,99,49,1,0,299
2021,"Hammersmith and Fulham 018","E02000389",8647,7592,5785,187,1620,1489,293,95,356,94,187,25,75,43,321,131,24,107,50,13,12,3,5,4,25,3,1,14,3,4,356,39,8,0,31,172,84,14,59,15,61,0,4,43,9,5,0,79,17,36,16,10,5,230,134,35,99,8,76,12,2,10,160,160,113,47,0,0,259
2021,"Hammersmith and Fulham 019","E02000390",6195,5532,4327,125,1080,1001,197,52,188,119,101,18,63,41,222,79,14,65,58,14,19,4,13,2,25,1,1,20,0,3,119,13,4,0,9,42,23,3,13,3,19,0,5,9,2,3,0,45,12,23,7,3,0,165,97,28,69,6,48,14,10,4,94,94,79,15,0,0,227
2021,"Hammersmith and Fulham 020","E02000391",7584,6750,5336,159,1255,1158,340,71,207,46,165,13,39,22,255,97,19,78,57,12,22,8,8,6,23,0,0,19,0,4,142,16,1,2,13,55,32,1,14,8,34,6,3,24,1,0,0,36,4,21,5,6,1,308,222,52,170,11,59,16,4,12,83,82,60,22,1,0,244
2021,"Hammersmith and Fulham 021","E02000392",9232,8130,6432,204,1494,1366,357,88,279,90,132,15,54,31,320,128,44,84,98,38,7,1,4,2,53,0,1,43,3,6,228,18,2,3,13,84,49,5,9,21,50,1,3,31,12,3,0,75,12,47,6,10,1,317,257,52,205,1,51,8,5,3,153,153,124,29,0,0,306
2021,"Hammersmith and Fulham 022","E02000393",5976,5348,4115,142,1091,1017,251,58,211,48,118,11,39,25,256,74,11,63,72,11,7,0,7,0,54,0,0,51,1,2,115,22,2,1,19,27,10,5,8,4,20,0,0,13,2,5,0,40,7,20,2,11,6,190,122,33,89,7,52,9,5,4,110,110,89,21,0,0,141
2021,"Hammersmith and Fulham 023","E02000394",9281,8070,6394,159,1517,1335,291,78,287,72,120,17,98,48,324,182,32,150,123,33,51,11,28,12,39,5,0,23,1,10,441,104,32,5,67,182,125,24,18,15,82,3,5,61,12,1,0,65,11,37,6,11,8,253,141,37,104,17,72,23,2,21,82,82,64,18,0,0,312
2021,"Hammersmith and Fulham 024","E02000395",5684,5106,4026,132,948,851,195,41,131,48,139,7,41,20,229,97,22,75,49,7,4,2,2,0,38,0,0,34,1,3,105,4,1,0,3,39,20,6,5,8,17,0,0,10,5,2,0,38,8,15,6,9,7,194,155,44,111,4,32,3,0,3,110,110,92,18,0,0,120
2021,"Hammersmith and Fulham 025","E02000396",6896,6188,4926,98,1164,1075,309,37,201,51,107,7,52,18,293,89,15,74,60,23,7,1,6,0,30,2,2,16,1,9,134,19,1,1,17,42,19,9,6,8,29,4,4,16,4,0,1,43,12,25,3,3,1,200,125,31,94,3,66,6,4,2,78,78,61,17,0,0,236
2021,"Haringey 001","E02000397",7904,7171,4788,120,2263,2086,46,22,209,78,161,45,476,212,837,177,61,116,103,22,44,20,16,8,37,4,1,9,0,23,109,11,3,1,7,18,7,0,10,1,46,1,11,23,6,3,2,32,4,18,1,9,2,105,22,7,15,5,57,21,18,3,15,15,8,7,0,0,401
2021,"Haringey 002","E02000398",7513,6540,4763,42,1735,1646,47,11,71,156,246,50,215,352,498,89,60,29,218,11,177,83,60,34,30,1,6,3,1,19,76,5,0,2,3,3,1,0,2,0,45,1,15,5,13,0,11,20,4,11,0,5,3,171,7,4,3,17,80,67,53,14,5,5,5,0,0,0,503
2021,"Haringey 004","E02000400",7989,7337,5823,154,1360,1214,43,33,130,38,90,23,202,113,542,146,39,107,78,9,49,22,23,4,20,2,0,3,2,13,104,17,8,1,8,25,9,0,13,3,27,1,12,6,4,4,0,35,21,10,0,4,0,108,42,16,26,3,40,23,19,4,34,34,26,8,0,1,327
2021,"Haringey 005","E02000401",6866,6211,4992,104,1115,1019,61,15,83,96,103,24,159,147,331,96,58,38,100,11,66,31,23,12,23,1,11,3,0,8,90,5,0,0,5,18,14,0,3,1,34,0,12,11,7,0,4,32,8,19,0,5,1,87,8,3,5,0,51,28,17,11,2,2,2,0,0,0,376
2021,"Haringey 006","E02000402",6476,5707,4537,64,1106,999,19,17,81,87,105,20,132,166,372,107,70,37,147,7,115,54,46,15,25,2,6,7,1,9,74,7,2,0,5,19,19,0,0,0,31,0,8,8,7,8,0,15,0,14,0,1,2,122,7,5,2,4,67,44,30,14,4,4,4,0,0,0,422
2021,"Haringey 007","E02000403",7512,6745,4120,100,2525,2342,68,52,254,88,200,46,418,288,928,183,49,134,111,20,64,12,14,38,27,3,0,6,5,13,116,12,5,0,7,37,21,9,5,2,40,0,8,24,4,2,2,26,8,10,3,5,1,139,35,10,25,3,82,19,11,8,24,23,15,8,1,0,377
2021,"Haringey 008","E02000404",7109,6492,4319,99,2074,1896,53,17,218,66,187,34,298,225,798,178,85,93,89,21,50,27,19,4,18,0,0,2,1,15,104,11,5,2,4,35,25,1,5,4,39,2,10,14,10,3,0,17,8,5,1,3,2,107,14,0,14,2,54,37,31,6,11,11,7,4,0,0,306
2021,"Haringey 009","E02000405",6473,6102,5286,151,665,590,37,32,150,20,52,12,61,23,203,75,27,48,34,6,17,2,13,2,11,0,0,4,0,7,71,8,3,1,4,36,5,3,23,5,13,1,4,8,0,0,0,14,4,6,4,0,0,85,60,11,49,2,21,2,2,0,30,30,20,10,0,0,151
2021,"Haringey 010","E02000406",6741,6066,4229,94,1743,1622,70,9,213,78,144,29,261,176,642,121,54,67,77,10,40,15,14,11,27,1,3,1,1,21,106,0,0,0,0,27,17,0,9,1,43,0,10,18,10,4,1,31,15,14,0,2,5,136,27,10,17,6,83,20,18,2,11,11,7,4,0,0,345
2021,"Haringey 011","E02000407",7604,6596,4491,89,2016,1904,60,17,143,117,298,44,357,357,511,112,59,53,214,22,152,75,54,23,40,2,1,3,2,32,125,7,3,1,3,56,50,0,6,0,34,3,8,16,3,4,0,28,2,19,1,6,0,197,14,5,9,6,116,61,49,12,9,9,5,4,0,0,463
2021,"Haringey 012","E02000408",8250,7233,5118,93,2022,1901,33,20,144,148,220,43,301,562,430,121,78,43,200,14,153,77,55,21,33,3,0,1,4,25,134,2,1,0,1,26,23,0,2,1,73,1,7,51,4,7,3,30,4,16,1,9,3,172,12,3,9,4,101,55,40,15,4,4,4,0,0,0,507
2021,"Haringey 013","E02000409",6062,5506,4366,58,1082,974,50,22,108,86,117,29,172,126,264,108,61,47,114,15,84,62,14,8,15,0,3,4,0,8,71,7,0,3,4,11,6,0,2,3,28,0,6,6,10,6,0,21,3,12,0,6,4,81,12,1,11,1,52,16,13,3,19,19,17,2,0,0,271
2021,"Haringey 014","E02000410",6423,5983,4938,141,904,805,74,61,149,25,82,15,70,47,282,99,46,53,38,14,8,1,6,1,16,0,0,6,3,7,96,17,0,0,17,41,10,2,28,1,21,2,0,14,5,0,0,15,1,2,6,6,2,115,70,16,54,0,34,11,8,3,31,31,30,1,0,0,160
2021,"Haringey 015","E02000411",11433,9954,7088,129,2737,2590,94,38,236,161,304,49,499,587,622,147,77,70,233,21,165,79,62,24,47,3,2,6,8,28,401,19,5,0,14,219,183,15,5,16,90,1,8,46,23,6,6,64,16,27,7,14,9,256,50,12,38,5,142,59,44,15,40,37,23,14,3,0,549
2021,"Haringey 016","E02000412",7325,6519,4595,91,1833,1657,71,30,275,83,177,23,180,158,660,176,82,94,166,15,107,42,45,20,44,0,3,3,2,36,181,16,4,0,12,52,37,3,6,6,82,1,14,44,8,14,1,30,7,13,4,6,1,136,40,10,30,2,71,23,17,6,18,18,16,2,0,0,305
2021,"Haringey 017","E02000413",7762,7188,6146,168,874,787,82,39,132,28,65,24,56,60,301,87,46,41,30,5,17,5,8,4,8,0,0,4,0,4,143,42,8,0,34,50,18,2,21,9,29,5,1,20,2,0,1,19,1,13,0,5,3,114,63,15,48,3,34,14,10,4,35,35,25,10,0,0,252
2021,"Haringey 018","E02000414",7083,6260,4340,70,1850,1765,50,24,132,119,255,29,401,380,375,85,39,46,127,11,81,44,22,15,35,0,0,9,1,25,112,9,2,2,5,19,10,1,5,3,65,0,16,15,14,4,16,16,3,8,1,4,3,204,36,13,23,8,114,46,30,16,10,10,7,3,0,0,370
2021,"Haringey 019","E02000415",7251,6544,4248,120,2176,2034,87,26,309,104,281,47,410,165,605,142,57,85,102,32,42,24,9,9,28,1,0,3,1,23,125,7,2,0,5,46,22,3,8,13,55,1,17,28,5,4,0,17,7,5,0,5,0,168,26,4,22,4,109,29,10,19,22,22,15,7,0,0,290
2021,"Haringey 020","E02000416",8454,7658,6339,172,1147,1039,82,39,197,55,135,30,114,62,325,108,42,66,96,20,47,22,19,6,29,5,0,10,3,11,143,11,8,0,3,40,15,1,17,7,59,1,10,37,2,6,3,33,11,3,2,17,0,164,61,18,43,3,64,36,32,4,59,59,37,22,0,0,334
2021,"Haringey 021","E02000417",6555,6046,5038,142,866,717,85,52,120,41,43,13,68,47,248,149,64,85,29,3,10,2,6,2,16,0,0,9,2,5,100,18,4,0,14,40,12,3,9,16,24,0,0,15,7,0,2,17,10,3,3,1,1,125,98,15,83,5,15,7,2,5,59,59,46,13,0,0,196
2021,"Haringey 022","E02000418",5430,5155,4632,120,403,355,51,17,43,30,31,16,26,13,128,48,13,35,15,4,2,0,1,1,9,2,0,2,1,4,40,8,1,0,7,13,0,0,10,3,15,0,0,14,0,0,1,4,2,0,0,2,0,69,57,15,42,0,10,2,2,0,33,33,24,9,0,0,118
2021,"Haringey 023","E02000419",8740,7932,5293,155,2484,2257,89,67,362,122,297,16,269,154,881,227,98,129,97,32,48,13,27,8,17,0,3,5,3,6,153,22,5,0,17,22,11,2,8,1,79,9,7,39,13,1,10,29,5,18,1,5,1,194,53,16,37,9,84,48,18,30,46,46,37,9,0,1,317
2021,"Haringey 024","E02000420",7988,7090,5040,124,1926,1791,71,30,250,126,307,39,317,229,422,135,64,71,117,8,76,36,26,14,33,2,1,9,3,18,144,8,3,0,5,43,32,0,5,6,59,2,31,16,5,5,0,30,6,9,1,14,4,259,28,5,23,6,172,53,28,25,18,18,11,7,0,0,360
2021,"Haringey 025","E02000421",8514,7469,5354,64,2051,1942,108,28,293,133,427,54,268,295,336,109,40,69,183,17,130,62,37,31,36,0,1,5,5,25,183,11,1,0,10,53,41,3,5,4,83,0,10,48,19,2,4,36,13,8,3,12,0,307,38,13,25,10,165,94,55,39,11,11,10,1,0,1,360
2021,"Haringey 026","E02000422",7458,6551,4668,119,1764,1660,52,35,191,105,290,35,257,276,419,104,50,54,137,11,87,38,30,19,39,7,3,5,0,24,84,7,3,1,3,19,13,0,4,2,40,5,13,13,6,2,1,17,4,9,0,4,1,250,26,7,19,10,180,34,22,12,13,13,10,3,0,0,423
2021,"Haringey 027","E02000423",6907,6197,4148,106,1943,1806,81,28,437,71,252,33,173,139,592,137,58,79,69,12,39,17,12,10,18,2,0,1,1,14,108,14,1,0,13,18,8,4,3,3,41,2,21,15,0,2,1,33,9,17,0,7,2,213,46,13,33,23,123,21,14,7,30,30,19,11,0,0,290
2021,"Haringey 028","E02000424",6752,6265,5381,184,700,633,69,38,131,38,82,15,45,33,182,67,30,37,38,6,20,13,5,2,12,1,0,3,2,6,51,11,2,2,7,20,3,0,13,4,12,2,0,6,3,1,0,8,2,4,1,1,0,113,72,20,52,4,27,10,8,2,50,50,40,10,0,0,235
2021,"Haringey 029","E02000425",8168,7389,5903,42,1444,1333,42,27,121,60,189,17,243,261,373,111,23,88,49,8,33,12,10,11,8,2,0,1,0,5,146,91,2,0,89,6,3,1,2,0,38,4,7,24,3,0,0,8,2,3,0,3,3,253,102,8,94,3,129,19,9,10,7,7,6,1,0,0,324
2021,"Haringey 030","E02000426",6490,5959,5143,136,680,582,55,49,110,26,50,21,65,40,166,98,28,70,44,6,10,3,7,0,28,0,1,11,5,11,125,31,15,0,16,38,13,3,12,10,36,1,0,30,1,4,0,20,8,7,2,3,0,134,88,23,65,3,34,9,8,1,49,48,34,14,1,0,179
2021,"Haringey 031","E02000427",6623,6036,4289,137,1610,1480,96,44,304,51,277,54,135,60,459,130,38,92,54,16,22,11,7,4,16,2,2,3,0,9,77,5,0,1,4,25,8,1,12,4,31,0,7,13,7,4,0,15,8,3,1,3,1,167,50,18,32,6,91,20,15,5,47,47,35,12,0,0,242
2021,"Haringey 032","E02000428",8439,7559,5590,143,1826,1720,80,43,285,152,367,23,304,138,328,106,58,48,124,20,66,27,18,21,38,4,0,6,2,26,129,55,3,1,51,21,11,0,8,2,43,5,7,25,5,1,0,9,0,7,0,2,1,253,44,11,33,7,147,55,44,11,28,28,19,9,0,0,346
2021,"Haringey 033","E02000429",6792,6245,5303,139,803,725,93,73,143,35,64,12,66,26,213,78,14,64,39,7,10,4,5,1,22,0,1,13,0,8,128,29,7,5,17,43,15,0,23,5,27,0,0,24,1,2,0,22,7,3,7,5,7,159,105,36,69,9,41,4,1,3,72,72,60,12,0,0,149
2021,"Haringey 034","E02000430",6923,6422,5318,166,938,880,91,68,166,37,84,21,66,30,317,58,18,40,33,7,11,8,3,0,15,1,0,8,0,6,97,9,5,0,4,44,8,3,24,9,24,1,4,13,4,2,0,18,6,8,4,0,2,143,98,16,82,6,22,17,7,10,62,62,41,21,0,0,166
2021,"Haringey 035","E02000431",5844,5388,4350,146,892,800,92,78,149,27,90,17,40,29,278,92,27,65,30,4,8,3,4,1,18,1,0,7,4,6,103,19,3,0,16,25,10,0,9,6,29,2,3,19,2,3,0,30,6,9,13,2,0,144,105,32,73,2,31,6,4,2,60,60,48,12,0,0,119
2021,"Haringey 036","E02000432",6120,5637,4680,168,789,730,101,48,139,34,100,20,73,43,172,59,15,44,63,12,35,8,15,12,16,0,1,8,1,6,62,5,1,0,4,26,8,0,14,4,17,3,1,5,8,0,0,12,6,3,2,1,2,112,59,14,45,2,33,18,16,2,41,41,32,9,0,0,205
2021,"Haringey 037","E02006794",8291,7223,5369,63,1791,1681,51,21,64,87,190,39,302,277,650,110,77,33,197,6,137,74,33,30,54,3,3,3,8,37,82,7,2,2,3,13,7,0,5,1,43,2,19,8,8,4,2,19,4,9,0,6,0,188,9,2,7,3,83,93,71,22,3,3,3,0,0,0,598
2021,"Harrow 001","E02000433",8594,7818,6753,67,998,967,52,26,49,44,21,15,57,494,209,31,12,19,98,3,55,8,44,3,40,16,0,1,3,20,345,41,18,7,16,24,16,1,3,4,237,28,3,147,37,16,6,42,6,28,3,5,1,64,29,7,22,2,22,11,3,8,13,10,8,2,3,0,256
2021,"Harrow 002","E02000434",9854,8826,7339,101,1386,1349,26,28,67,70,32,19,81,798,228,37,3,34,130,14,80,32,45,3,36,14,1,10,4,7,475,32,15,1,16,53,29,8,14,2,348,51,2,219,42,32,2,42,12,24,2,4,0,35,22,6,16,1,7,5,3,2,11,11,5,6,0,0,377
2021,"Harrow 003","E02000435",8191,7408,6198,109,1101,1071,26,20,79,33,29,13,87,648,136,30,8,22,63,7,19,5,9,5,37,15,0,7,5,10,317,17,9,4,4,16,1,0,8,7,272,48,11,122,44,21,26,12,2,6,0,4,0,39,25,11,14,1,4,9,5,4,10,8,4,4,2,0,354
2021,"Harrow 004","E02000436",5759,5411,4919,131,361,346,17,25,25,17,21,21,21,124,75,15,5,10,22,0,6,5,0,1,16,9,0,0,0,7,127,10,2,1,7,6,4,0,2,0,108,13,0,63,8,18,6,3,3,0,0,0,0,23,12,1,11,0,7,4,4,0,6,6,5,1,0,0,170
2021,"Harrow 005","E02000437",8765,7838,6288,260,1290,1263,39,39,66,54,41,19,101,676,228,27,2,25,61,8,32,11,20,1,21,9,0,2,3,7,356,16,4,2,10,14,7,0,7,0,305,40,8,146,31,62,18,21,8,11,0,2,0,52,22,7,15,0,15,15,14,1,5,5,3,2,0,0,453
2021,"Harrow 006","E02000438",8547,7673,6583,158,932,886,53,32,29,43,54,11,90,447,127,46,10,36,38,10,11,4,4,3,17,6,0,2,1,8,307,22,7,4,11,12,2,0,5,5,260,15,1,159,33,36,16,12,3,7,1,1,1,47,14,6,8,0,19,14,11,3,5,5,3,2,0,0,477
2021,"Harrow 007","E02000439",9268,8311,5758,152,2401,2355,44,22,68,78,34,13,162,1682,252,46,7,39,106,12,58,25,24,9,36,8,4,3,2,19,409,23,12,0,11,38,24,3,6,5,301,49,10,172,21,38,11,47,22,18,0,7,0,55,16,3,13,0,24,15,13,2,6,6,3,3,0,0,381
2021,"Harrow 008","E02000440",9608,8967,7481,136,1350,1319,40,37,31,38,27,13,46,934,153,31,1,30,40,6,12,11,1,0,22,15,0,2,1,4,236,7,3,4,0,15,4,1,7,3,195,14,4,115,21,41,0,19,7,2,2,8,0,38,18,9,9,0,13,7,5,2,10,8,5,3,2,0,317
2021,"Harrow 009","E02000441",7481,6557,5771,124,662,637,31,48,29,51,19,3,73,228,155,25,4,21,78,20,26,6,16,4,32,9,2,8,0,13,404,20,6,6,8,16,7,3,6,0,347,25,2,277,12,19,12,21,9,9,2,1,0,52,29,5,24,0,14,9,5,4,21,21,20,1,0,0,369
2021,"Harrow 010","E02000442",9587,8652,5846,112,2694,2669,30,68,61,75,20,6,106,2032,271,25,3,22,54,4,35,23,10,2,15,11,0,0,1,3,454,5,3,0,2,10,5,1,2,2,418,43,5,267,30,67,6,21,10,7,1,3,0,28,8,1,7,0,17,3,3,0,7,7,6,1,0,0,392
2021,"Harrow 011","E02000443",10743,9250,6961,247,2042,2000,41,40,81,170,55,66,167,994,386,42,6,36,109,23,44,13,21,10,42,10,0,4,3,25,696,32,6,10,16,22,13,3,6,0,588,55,6,321,65,97,44,54,10,36,4,4,0,72,13,5,8,1,24,34,27,7,12,11,7,4,1,0,604
2021,"Harrow 012","E02000444",8716,7978,6067,107,1804,1774,31,30,32,62,16,18,70,1373,142,30,0,30,35,7,8,0,3,5,20,15,0,0,0,5,358,11,1,2,8,3,1,0,2,0,327,12,0,242,13,54,6,17,7,8,0,2,0,25,6,3,3,0,15,4,2,2,5,5,4,1,0,0,315
2021,"Harrow 013","E02000445",11770,10187,7540,232,2415,2357,75,43,95,153,41,22,178,1374,376,58,4,54,99,24,55,16,30,9,20,5,1,3,1,10,755,20,4,5,11,25,13,1,7,4,689,124,5,351,57,121,31,19,6,9,2,2,2,78,24,17,7,0,25,29,18,11,11,8,5,3,3,5,635
2021,"Harrow 015","E02000447",8197,7355,6291,126,938,917,63,57,62,25,20,18,106,411,155,21,1,20,39,14,8,5,3,0,17,3,0,3,0,11,487,8,2,0,6,27,25,0,2,0,424,10,7,313,25,57,12,28,11,12,2,3,0,30,14,9,5,0,6,10,8,2,3,3,3,0,0,0,283
2021,"Harrow 016","E02000448",7068,6336,5608,135,593,551,55,28,35,49,31,5,57,113,178,42,17,25,33,5,16,3,12,1,12,5,0,6,0,1,356,15,3,4,8,20,9,2,7,2,271,7,5,220,15,17,7,48,3,3,2,40,2,56,43,15,28,2,9,2,2,0,13,13,8,5,0,0,274
2021,"Harrow 017","E02000449",8295,7423,5470,97,1856,1841,28,34,24,44,17,15,69,1440,170,15,2,13,36,4,7,1,3,3,25,11,5,0,0,9,428,9,1,2,6,8,6,0,2,0,400,7,0,297,20,64,12,11,5,4,1,1,0,21,7,4,3,0,3,11,6,5,2,2,2,0,0,0,385
2021,"Harrow 019","E02000451",6710,6123,5230,99,794,763,29,42,20,31,11,4,75,421,130,31,4,27,26,5,6,0,5,1,15,5,0,6,1,3,340,4,1,0,3,14,4,1,7,2,311,10,4,236,20,39,2,11,7,3,0,1,0,37,20,6,14,1,13,3,2,1,2,2,1,1,0,0,182
2021,"Harrow 020","E02000452",9504,7881,5473,202,2206,2129,76,33,133,143,67,31,226,1067,353,77,13,64,80,25,29,9,14,6,26,8,1,3,2,12,1000,27,1,6,20,62,37,7,12,6,849,32,4,608,80,90,35,62,17,41,1,3,0,88,39,11,28,2,35,12,8,4,7,7,4,3,0,0,448
2021,"Harrow 021","E02000453",8392,7204,5602,159,1443,1386,85,26,56,56,32,19,192,646,274,57,6,51,78,26,21,14,7,0,31,13,1,5,0,12,743,13,4,4,5,27,11,0,14,2,642,22,3,480,39,84,14,61,13,44,1,3,0,59,25,7,18,2,17,15,11,4,8,3,1,2,5,0,300
2021,"Harrow 022","E02000454",7342,6735,6170,110,455,437,46,41,32,22,31,7,41,148,69,18,0,18,17,1,6,0,6,0,10,5,0,0,0,5,333,7,0,3,4,25,9,1,13,2,272,4,1,216,10,38,3,26,14,1,2,9,3,42,29,7,22,0,10,3,3,0,8,8,6,2,0,0,207
2021,"Harrow 023","E02000455",11664,8659,6318,162,2179,2078,80,45,147,180,58,23,194,953,398,101,19,82,136,43,41,10,26,5,52,19,0,15,4,14,2206,48,25,3,20,107,79,9,12,7,1938,35,11,1671,92,93,36,110,21,80,1,8,3,142,59,21,38,1,65,17,9,8,24,23,18,5,1,0,497
2021,"Harrow 024","E02000456",7824,6812,5422,146,1244,1192,57,30,83,40,34,22,137,510,279,52,18,34,66,15,18,15,3,0,33,12,5,5,3,8,430,7,3,1,3,29,7,4,16,2,344,9,5,227,25,46,32,47,15,29,2,1,3,57,23,3,20,3,16,15,13,2,8,8,5,3,0,0,451
2021,"Harrow 025","E02000457",7060,6198,5256,108,834,791,65,50,64,50,19,12,116,304,111,43,8,35,64,19,18,4,9,5,27,8,0,5,5,9,479,18,6,1,11,21,9,1,11,0,412,24,8,272,32,66,10,28,10,3,5,10,0,51,21,9,12,5,8,17,10,7,11,11,6,5,0,0,257
2021,"Harrow 027","E02000459",9325,7939,6074,113,1752,1695,77,109,134,129,31,33,295,639,248,57,1,56,77,22,26,12,10,4,29,10,0,3,3,13,817,14,6,1,7,24,16,3,3,2,723,55,2,309,46,188,123,55,17,35,0,3,1,75,20,4,16,1,35,19,12,7,7,6,6,0,1,0,410
2021,"Harrow 028","E02000460",7307,6243,5306,73,864,825,51,71,43,71,22,18,110,281,158,39,3,36,51,9,22,8,11,3,20,5,1,1,0,13,574,13,3,1,9,11,6,0,3,2,530,15,2,296,50,135,32,20,7,6,4,3,0,42,17,4,13,0,8,17,12,5,5,5,3,2,0,1,391
2021,"Harrow 029","E02000461",7292,6325,5145,158,1022,963,17,37,48,77,31,16,282,271,184,59,4,55,73,7,36,8,22,6,30,14,0,5,0,11,545,24,12,1,11,62,24,24,7,7,403,19,3,310,12,41,18,54,23,8,6,17,2,76,54,10,44,0,15,7,2,5,15,15,13,2,0,0,258
2021,"Harrow 030","E02000462",6983,5771,4484,102,1185,1127,41,72,55,71,25,15,195,426,227,58,7,51,62,14,31,16,12,3,17,9,1,2,1,4,709,14,6,3,5,8,3,2,3,0,660,11,7,181,21,165,275,23,1,16,2,4,4,53,13,3,10,0,29,11,3,8,8,8,7,1,0,0,380
2021,"Harrow 031","E02000463",8706,7781,6472,125,1184,1096,88,114,54,44,19,25,188,349,215,88,5,83,43,8,20,4,13,3,15,4,0,1,5,5,415,11,3,4,4,13,10,1,1,1,375,21,7,128,18,140,61,16,15,0,0,1,0,48,16,16,0,1,15,16,10,6,3,3,3,0,0,1,415
2021,"Harrow 032","E02006795",8272,7117,5701,67,1349,1289,141,99,73,58,16,8,135,567,192,60,3,57,40,7,11,1,8,2,22,10,0,3,1,8,719,13,6,2,5,18,4,0,10,4,672,26,1,369,39,205,32,16,6,8,0,2,0,36,17,4,13,2,7,10,7,3,5,5,4,1,0,0,355
2021,"Harrow 033","E02006882",14392,13183,10668,206,2309,2277,33,30,26,82,25,16,135,1671,259,32,1,31,74,11,29,17,11,1,34,29,0,0,2,3,541,9,2,2,5,8,4,1,3,0,492,29,4,363,20,68,8,32,5,25,2,0,0,39,11,6,5,0,18,10,7,3,11,11,9,2,0,1,543
2021,"Havering 001","E02000464",7757,6446,5643,64,739,680,7,13,26,21,16,118,87,294,98,59,6,53,90,2,68,15,51,2,20,3,0,4,5,8,69,0,0,0,0,4,2,2,0,0,49,1,4,23,17,4,0,16,1,6,0,9,0,39,6,2,4,0,14,19,12,7,4,4,4,0,0,0,1109
2021,"Havering 002","E02000465",9340,7937,6835,63,1039,978,17,13,24,27,17,270,99,388,123,61,5,56,105,2,79,22,51,6,24,0,0,2,8,14,137,1,1,0,0,11,7,3,1,0,110,2,13,61,26,3,5,15,2,6,0,7,0,29,8,6,2,0,8,13,7,6,3,3,2,1,0,0,1129
2021,"Havering 003","E02000466",9066,7848,7155,55,638,601,16,9,24,31,12,135,75,182,117,37,7,30,70,3,45,12,30,3,22,2,0,2,12,6,94,1,1,0,0,14,6,0,1,7,58,0,8,23,20,6,1,21,8,5,2,6,0,35,19,1,18,3,2,11,10,1,5,5,3,2,0,0,1014
2021,"Havering 004","E02000467",11459,9185,7930,95,1160,1104,36,22,37,61,22,212,136,400,178,56,3,53,241,13,178,35,135,8,50,6,0,10,16,18,135,9,9,0,0,3,1,1,1,0,112,3,13,41,36,4,15,11,3,6,0,2,0,43,15,3,12,0,12,16,9,7,5,5,1,4,0,0,1850
2021,"Havering 005","E02000468",8653,7563,6716,69,778,746,9,17,25,18,15,129,60,314,159,32,4,28,70,1,36,10,25,1,33,2,0,5,14,12,106,0,0,0,0,4,0,1,2,1,86,0,9,36,33,8,0,13,3,7,0,3,3,22,10,5,5,0,2,10,8,2,2,2,2,0,0,0,890
2021,"Havering 006","E02000469",7288,6070,5127,50,893,869,19,11,45,30,14,175,116,364,95,24,5,19,99,3,68,14,49,5,28,2,0,5,11,10,135,3,3,0,0,5,5,0,0,0,119,1,16,34,51,6,11,7,2,1,0,4,1,19,7,3,4,0,5,7,5,2,0,0,0,0,0,0,965
2021,"Havering 007","E02000470",9786,8678,7851,100,727,674,17,11,32,25,25,125,56,245,138,53,5,48,87,6,51,9,38,4,30,4,0,4,4,18,148,2,0,2,0,24,19,4,0,1,93,2,8,71,11,1,0,29,13,8,0,8,0,18,9,2,7,0,8,1,0,1,6,6,4,2,0,0,849
2021,"Havering 008","E02000471",7820,7237,6799,72,366,339,8,16,18,18,11,45,11,131,81,27,1,26,28,0,19,6,11,2,9,2,0,0,6,1,77,4,0,3,1,2,2,0,0,0,55,0,2,19,32,2,0,15,1,10,0,4,1,20,7,4,3,0,6,7,4,3,5,5,5,0,0,0,453
2021,"Havering 009","E02000472",9469,8464,7663,69,732,699,17,8,29,24,13,113,57,310,128,33,1,32,76,10,55,17,37,1,11,0,0,6,1,4,149,7,0,1,6,12,9,3,0,0,117,0,6,63,45,3,0,13,1,5,1,6,0,15,5,4,1,0,6,4,2,2,3,3,2,1,0,0,762
2021,"Havering 010","E02000473",10492,9536,8961,64,511,483,7,8,32,23,9,83,46,154,121,28,3,25,64,2,41,4,32,5,21,0,0,4,6,11,144,6,2,2,2,20,17,0,3,0,95,0,11,56,22,6,0,23,0,5,1,17,0,33,7,2,5,1,13,12,2,10,7,7,4,3,0,0,708
2021,"Havering 011","E02000474",9192,7941,6977,78,886,829,25,14,46,53,14,147,98,303,129,57,3,54,102,4,77,16,53,8,21,3,0,2,7,9,181,4,2,2,0,10,7,0,3,0,145,2,18,67,47,9,2,15,1,12,0,2,7,28,7,2,5,4,6,11,5,6,7,7,7,0,0,0,933
2021,"Havering 012","E02000475",9617,8680,8038,126,516,480,18,13,30,27,24,45,47,179,97,36,6,30,112,9,86,16,66,4,17,2,0,3,3,9,142,9,2,5,2,11,6,3,2,0,96,1,7,73,6,7,2,26,8,11,1,6,0,32,18,10,8,1,5,8,4,4,9,8,7,1,1,2,640
2021,"Havering 013","E02000476",9366,7901,6226,114,1561,1417,36,15,123,77,71,171,129,519,276,144,28,116,194,20,119,43,68,8,55,2,0,5,23,25,363,7,2,0,5,35,19,5,5,6,260,1,25,153,68,10,3,61,5,46,3,7,0,69,19,7,12,0,35,15,9,6,11,11,8,3,0,0,828
2021,"Havering 014","E02000477",9532,8759,8249,93,417,401,12,11,11,21,13,60,53,120,100,16,5,11,31,4,15,1,14,0,12,0,0,11,0,1,114,6,0,0,6,18,11,0,3,4,74,0,5,51,15,3,0,12,3,3,1,5,4,16,10,6,4,0,6,0,0,0,6,6,6,0,0,0,606
2021,"Havering 015","E02000478",5990,5660,5423,46,191,172,10,5,12,3,6,26,17,44,49,19,4,15,21,1,14,0,13,1,6,1,0,3,2,0,72,5,1,4,0,2,1,0,0,1,58,0,4,41,7,6,0,6,3,0,0,3,1,5,4,3,1,0,1,0,0,0,6,6,5,1,0,0,226
2021,"Havering 016","E02000479",9452,8139,6731,111,1297,1223,23,17,111,41,61,183,106,426,255,74,9,65,150,22,90,23,62,5,38,3,0,17,8,10,236,8,2,0,6,43,34,1,3,5,126,4,18,44,48,9,3,54,12,36,0,6,5,42,14,4,10,1,14,13,6,7,10,10,6,4,0,1,874
2021,"Havering 017","E02000480",13842,11475,9441,155,1879,1778,41,27,85,70,112,290,200,611,342,101,20,81,289,39,163,33,118,12,87,19,0,20,18,30,640,22,8,1,13,28,14,0,6,8,417,3,50,240,100,22,2,173,9,139,3,22,0,58,22,9,13,0,9,27,18,9,8,8,3,5,0,0,1372
2021,"Havering 018","E02000481",8239,7453,7118,50,285,273,15,16,20,29,7,38,24,71,53,12,2,10,26,0,16,4,12,0,10,0,0,7,2,1,51,0,0,0,0,13,8,0,2,3,28,0,3,13,9,3,0,10,0,6,0,4,0,15,4,3,1,0,7,4,1,3,7,7,5,2,0,0,687
2021,"Havering 019","E02000482",6590,6149,5930,71,148,134,7,4,19,10,6,25,11,19,33,14,1,13,16,0,12,5,7,0,4,0,0,3,0,1,38,3,0,0,3,10,9,0,1,0,19,0,4,9,3,3,0,6,3,1,1,1,0,4,4,1,3,0,0,0,0,0,6,6,3,3,0,0,377
2021,"Havering 020","E02000483",8001,7119,6551,88,480,439,8,12,31,34,14,84,50,128,78,41,11,30,62,3,35,7,26,2,24,0,0,9,13,2,81,2,2,0,0,13,10,2,0,1,47,2,4,21,18,2,0,19,8,7,0,4,0,19,4,3,1,0,9,6,1,5,7,7,4,3,0,1,712
2021,"Havering 021","E02000484",8494,7714,7215,115,384,364,5,5,16,27,25,53,25,140,68,20,2,18,51,5,33,3,24,6,13,1,0,5,4,3,94,3,3,0,0,9,5,1,3,0,63,0,2,43,11,3,4,19,10,9,0,0,0,22,2,0,2,0,8,12,4,8,1,1,1,0,0,0,612
2021,"Havering 022","E02000485",8477,7680,7116,82,482,424,18,11,44,14,5,72,45,136,79,58,12,46,58,0,35,3,30,2,23,1,0,12,9,1,107,4,3,0,1,13,10,0,3,0,73,1,6,26,27,13,0,17,3,5,1,8,0,31,8,4,4,0,14,9,3,6,0,0,0,0,0,0,601
2021,"Havering 023","E02000486",7357,6532,6091,62,379,348,4,9,21,15,23,79,19,92,86,31,17,14,54,2,41,4,34,3,11,7,0,0,2,2,113,1,1,0,0,15,10,2,2,1,82,2,15,45,13,6,1,15,4,7,0,4,0,22,9,1,8,0,7,6,6,0,4,4,2,2,0,0,632
2021,"Havering 024","E02000487",7910,7448,7248,92,108,101,8,8,6,3,6,19,9,16,26,7,0,7,7,0,4,0,4,0,3,0,0,2,0,1,17,0,0,0,0,4,4,0,0,0,7,0,1,5,1,0,0,6,1,0,1,4,0,19,12,2,10,0,3,4,0,4,11,10,8,2,1,0,408
2021,"Havering 025","E02000488",7579,6937,6586,69,282,253,5,3,20,10,7,53,25,89,41,29,10,19,35,0,28,3,22,3,7,1,0,3,0,3,68,0,0,0,0,13,13,0,0,0,38,0,1,27,7,3,0,14,5,0,0,9,3,22,2,1,1,5,10,5,3,2,2,2,1,1,0,0,515
2021,"Havering 026","E02000489",8636,7571,6850,79,642,585,15,9,36,29,26,78,43,226,123,57,8,49,89,4,61,12,49,0,24,2,0,4,8,10,175,5,1,0,4,24,17,0,1,6,127,10,35,57,20,1,4,19,9,3,0,7,0,12,3,1,2,1,6,2,2,0,5,5,5,0,0,0,784
2021,"Havering 027","E02000490",8470,7443,6723,70,650,618,25,9,22,32,17,122,74,196,121,32,0,32,104,3,73,15,44,14,28,3,0,2,3,20,103,0,0,0,0,3,3,0,0,0,89,2,12,33,39,0,3,9,4,0,0,5,2,27,6,3,3,1,2,18,10,8,1,1,1,0,0,0,792
2021,"Havering 028","E02000491",10638,9027,7982,68,977,926,26,23,63,40,34,191,98,302,149,51,11,40,167,6,132,30,90,12,29,0,0,4,3,22,244,4,0,0,4,9,7,1,0,1,202,4,72,54,60,7,5,29,5,14,0,10,0,31,3,1,2,1,13,14,6,8,1,1,1,0,0,0,1168
2021,"Havering 029","E02000492",6830,6092,5706,52,334,314,8,7,13,19,10,80,27,100,50,20,2,18,74,1,59,7,46,6,14,1,0,5,1,7,93,10,1,0,9,1,1,0,0,0,79,1,27,28,14,9,0,3,0,2,0,1,0,6,2,1,1,0,0,4,2,2,0,0,0,0,0,0,565
2021,"Havering 030","E02000493",6741,5729,4892,39,798,758,10,26,36,71,24,210,49,205,127,40,7,33,130,5,104,29,71,4,21,1,0,4,10,6,133,7,0,2,5,4,4,0,0,0,114,1,17,56,37,3,0,7,0,5,0,2,1,22,4,1,3,0,9,9,2,7,2,2,1,1,0,0,725
2021,"Hillingdon 001","E02000494",7959,7166,6628,72,466,430,36,36,30,26,25,13,65,75,124,36,7,29,36,3,17,9,7,1,16,7,0,2,1,6,346,16,8,1,7,35,16,0,15,4,263,4,5,177,34,24,19,32,7,14,4,7,0,93,65,11,54,2,24,2,2,0,22,20,18,2,2,0,296
2021,"Hillingdon 002","E02000495",10415,9234,7540,113,1581,1499,75,60,97,234,45,28,156,519,285,82,19,63,75,4,24,4,13,7,47,13,0,15,3,16,427,22,8,2,12,34,12,2,11,9,329,11,2,230,28,39,19,41,6,23,1,11,1,86,46,7,39,4,23,13,7,6,21,20,15,5,1,0,572
2021,"Hillingdon 003","E02000496",7799,6774,6272,137,365,356,22,13,24,29,22,24,57,77,88,9,1,8,30,10,5,3,2,0,15,1,0,6,2,6,127,5,0,0,5,5,2,0,1,2,67,3,4,43,6,2,9,50,4,41,2,3,0,41,6,0,6,1,23,11,6,5,13,13,10,3,0,0,814
2021,"Hillingdon 004","E02000497",9517,8486,7609,126,751,712,48,34,69,58,33,15,110,189,156,39,11,28,53,5,13,0,12,1,35,7,0,16,0,12,249,8,2,5,1,24,8,2,13,1,200,4,7,125,47,13,4,17,9,3,1,4,0,60,37,10,27,1,19,3,0,3,24,24,21,3,0,0,645
2021,"Hillingdon 005","E02000498",6386,5767,5331,128,308,291,13,11,20,39,16,11,57,56,68,17,0,17,29,1,8,1,6,1,20,2,1,11,4,2,90,5,4,0,1,17,7,0,8,2,55,2,0,38,8,6,1,10,5,2,0,3,3,29,11,2,9,0,13,5,5,0,7,7,4,3,0,0,464
2021,"Hillingdon 006","E02000499",7722,7104,6524,147,433,406,32,15,38,10,12,14,86,100,99,27,7,20,19,2,4,0,4,0,13,0,0,8,0,5,217,6,4,2,0,15,5,0,5,5,173,16,4,112,10,17,14,23,12,2,4,5,0,39,19,4,15,6,11,3,0,3,13,13,10,3,0,0,330
2021,"Hillingdon 007","E02000500",8279,7601,6735,232,634,593,22,23,49,25,47,25,119,156,127,41,17,24,36,7,9,0,6,3,20,3,0,5,2,10,227,5,3,0,2,30,13,1,12,4,164,11,10,92,11,21,19,27,10,7,1,9,1,57,33,19,14,2,19,3,3,0,10,10,7,3,0,0,348
2021,"Hillingdon 008","E02000501",8477,7705,6949,174,582,559,22,17,43,34,26,14,105,139,159,23,4,19,29,4,5,1,4,0,20,6,0,11,2,1,231,6,1,0,5,42,25,4,7,6,164,1,0,140,17,4,2,17,9,4,2,2,2,55,26,7,19,2,22,5,1,4,10,10,6,4,0,0,447
2021,"Hillingdon 009","E02000502",8930,7913,6858,225,830,778,32,16,37,58,29,16,188,206,196,52,12,40,71,7,26,2,19,5,38,1,0,11,1,25,317,12,3,4,5,41,23,2,13,3,235,3,2,155,15,32,28,28,11,9,3,5,1,52,30,17,13,2,13,7,2,5,19,16,10,6,3,0,558
2021,"Hillingdon 010","E02000503",8687,7956,7076,270,610,581,25,20,51,19,29,18,186,105,128,29,12,17,23,2,14,2,8,4,7,0,0,3,1,3,193,16,1,6,9,29,15,3,7,4,130,9,1,72,11,12,25,13,5,2,1,5,5,47,24,4,20,0,15,8,4,4,14,14,9,5,0,0,454
2021,"Hillingdon 011","E02000504",7643,7051,6583,113,355,334,32,16,41,19,16,14,52,49,95,21,5,16,25,2,4,2,1,1,19,1,0,10,6,2,146,25,1,6,18,19,7,3,6,3,92,1,0,62,18,11,0,10,6,2,1,1,0,39,25,9,16,1,10,3,2,1,12,11,6,5,1,0,370
2021,"Hillingdon 013","E02000506",7956,7315,6754,129,432,417,16,10,27,40,13,25,79,76,131,15,9,6,35,8,11,0,5,6,16,2,0,7,1,6,215,18,1,2,15,21,9,3,5,4,168,7,2,99,37,22,1,8,1,0,3,4,0,46,34,14,20,1,5,6,0,6,9,9,5,4,0,0,336
2021,"Hillingdon 014","E02000507",8241,7409,6603,125,681,644,12,25,43,78,29,25,145,164,123,37,2,35,55,17,17,9,7,1,21,0,0,7,6,8,235,15,0,0,15,20,17,0,2,1,185,7,5,102,34,27,10,15,4,6,3,2,0,31,11,3,8,1,15,4,2,2,5,5,2,3,0,0,506
2021,"Hillingdon 015","E02000508",11950,9971,8028,197,1746,1599,90,64,212,146,83,81,261,281,381,147,64,83,189,39,75,32,37,6,75,15,12,7,6,35,906,78,23,10,45,166,111,29,13,13,562,29,17,373,92,22,29,92,29,41,6,16,8,120,65,27,38,4,40,11,5,6,28,19,11,8,9,0,736
2021,"Hillingdon 016","E02000509",10558,8605,6897,153,1555,1452,53,55,166,147,66,73,378,257,257,103,26,77,225,34,99,38,50,11,92,8,9,11,20,44,888,68,18,5,45,153,89,50,7,7,569,22,65,339,101,27,15,78,18,23,4,33,20,97,65,21,44,1,18,13,3,10,6,6,4,2,0,0,737
2021,"Hillingdon 017","E02000510",9112,7902,6962,162,778,728,24,46,66,70,31,23,152,170,146,50,17,33,83,11,30,4,24,2,42,10,4,5,7,16,452,23,4,6,13,18,11,2,3,2,356,26,15,220,45,40,10,55,14,38,0,3,0,41,24,8,16,1,10,6,3,3,4,4,1,3,0,0,630
2021,"Hillingdon 018","E02000511",9933,8432,7364,128,940,913,40,57,57,97,19,22,216,206,199,27,0,27,63,12,25,8,14,3,26,5,1,4,3,13,682,19,2,1,16,2,2,0,0,0,643,30,13,420,59,84,37,18,7,8,1,2,0,54,14,8,6,1,19,20,15,5,2,2,2,0,0,0,700
2021,"Hillingdon 019","E02000512",8819,7356,6262,82,1012,967,40,70,69,114,32,27,179,201,235,45,0,45,68,17,23,2,16,5,28,2,0,0,6,20,488,26,5,8,13,8,5,1,2,0,428,13,20,280,60,28,27,26,12,10,2,2,0,75,18,4,14,0,13,44,31,13,0,0,0,0,0,0,832
2021,"Hillingdon 020","E02000513",9762,8100,6859,75,1166,1112,23,48,73,183,10,27,337,168,243,54,1,53,96,11,37,14,15,8,48,9,5,1,7,26,778,11,0,4,7,8,8,0,0,0,733,57,23,388,107,93,65,26,9,9,2,6,0,37,9,4,5,1,11,16,7,9,6,6,4,2,0,0,745
2021,"Hillingdon 021","E02000514",10672,8634,7137,87,1410,1374,66,151,181,241,46,48,168,228,245,36,1,35,62,5,33,11,15,7,24,3,0,1,10,10,1262,3,1,0,2,13,12,0,1,0,1226,66,55,771,92,174,68,16,6,6,1,3,4,33,13,8,5,0,9,11,4,7,7,7,4,3,0,0,674
2021,"Hillingdon 022","E02000515",13289,10692,8678,214,1800,1707,65,38,149,185,54,76,397,413,330,93,10,83,174,36,78,15,45,18,60,4,5,12,6,33,1010,41,6,2,33,94,74,9,7,4,810,30,40,561,93,33,53,63,20,28,1,14,2,83,34,7,27,0,36,13,6,7,13,13,8,5,0,0,1317
2021,"Hillingdon 023","E02000516",8647,7181,5984,70,1127,1098,33,66,165,199,43,8,276,126,182,29,2,27,72,24,26,13,11,2,22,2,0,2,4,14,865,10,5,3,2,9,6,1,0,2,828,41,26,561,69,87,44,18,4,8,3,3,0,28,7,1,6,0,8,13,5,8,5,5,2,3,0,0,496
2021,"Hillingdon 024","E02000517",10476,8535,7193,107,1235,1179,30,92,122,123,50,50,191,234,287,56,1,55,100,23,25,6,12,7,52,11,2,0,7,32,833,16,5,1,10,10,4,0,4,2,793,47,20,480,115,70,61,13,2,3,0,8,1,96,12,4,8,0,27,57,37,20,8,6,6,0,2,0,904
2021,"Hillingdon 025","E02000518",9633,7830,6631,149,1050,1012,47,25,73,95,18,50,240,224,240,38,3,35,79,11,34,7,22,5,34,6,1,3,10,14,402,7,3,0,4,8,7,0,1,0,364,15,15,234,47,21,32,23,4,11,0,8,0,43,14,4,10,2,12,15,10,5,7,7,5,2,0,0,1272
2021,"Hillingdon 026","E02000519",9555,7883,6803,57,1023,990,31,66,87,162,14,39,203,163,225,33,3,30,105,12,33,8,16,9,60,9,3,5,12,31,832,10,0,7,3,4,1,2,1,0,798,33,25,546,86,65,43,19,5,12,1,1,1,42,12,10,2,1,5,24,12,12,1,1,0,1,0,0,692
2021,"Hillingdon 027","E02000520",14064,11056,8825,130,2101,2003,32,103,171,571,46,77,283,262,458,98,7,91,145,24,43,13,25,5,78,14,12,12,5,35,1705,24,3,1,20,54,45,2,5,2,1591,62,28,1067,178,79,177,36,15,15,2,4,0,82,31,6,25,2,18,31,14,17,9,9,4,5,0,0,1067
2021,"Hillingdon 028","E02000521",13191,10473,8781,100,1592,1524,38,62,137,224,43,70,322,292,336,68,11,57,102,15,43,10,27,6,44,14,0,7,7,16,1396,32,3,7,22,41,32,3,5,1,1267,31,8,982,150,35,61,51,9,27,0,15,5,61,23,4,19,6,14,18,7,11,5,5,4,1,0,0,1154
2021,"Hillingdon 029","E02000522",9573,7873,6450,101,1322,1265,44,22,95,197,47,47,273,282,258,57,4,53,115,14,39,7,28,4,62,3,1,19,5,34,626,19,3,0,16,30,19,3,5,3,556,6,18,438,52,19,23,20,3,7,2,8,1,35,10,5,5,1,11,13,10,3,10,10,7,3,0,0,914
2021,"Hillingdon 030","E02000523",11366,8721,6950,103,1668,1592,38,48,177,462,75,68,247,187,290,76,13,63,74,18,27,7,13,7,29,8,2,3,6,10,1885,29,9,4,16,47,36,3,7,1,1760,53,13,1392,147,39,116,49,16,13,4,16,0,59,14,3,11,3,18,24,18,6,11,11,3,8,0,0,616
2021,"Hillingdon 031","E02000524",7536,6211,4453,69,1689,1632,27,20,45,633,38,103,262,297,207,57,1,56,89,27,33,16,10,7,29,12,2,2,9,4,554,8,3,2,3,11,6,1,1,3,490,9,3,376,54,21,27,44,5,26,1,12,1,38,13,3,10,1,17,7,4,3,7,7,6,1,0,0,637
2021,"Hillingdon 032","E02000525",10064,8128,5925,61,2142,2093,48,38,120,889,67,93,308,252,278,49,5,44,88,14,38,10,25,3,36,5,2,8,3,18,1140,4,2,0,2,3,0,0,0,3,1076,36,13,760,113,46,108,54,14,29,3,8,3,34,6,2,4,0,11,17,10,7,4,3,1,2,1,0,670
2021,"Hillingdon 033","E02006796",9695,8677,7391,210,1076,1029,48,32,76,68,49,47,299,228,182,47,11,36,49,15,14,8,6,0,20,2,4,5,0,9,341,16,9,1,6,30,24,3,2,1,275,19,5,162,20,43,26,20,6,4,1,9,0,62,13,3,10,1,39,9,7,2,15,14,10,4,1,0,551
2021,"Hounslow 001","E02000526",8642,7684,6101,223,1360,1245,238,67,239,80,131,16,127,57,290,115,41,74,54,26,1,0,1,0,27,0,1,17,4,5,278,35,16,2,17,106,55,9,21,21,87,0,1,71,10,3,2,48,12,22,11,3,2,279,207,41,166,6,63,3,0,3,93,93,74,19,0,0,254
2021,"Hounslow 004","E02000529",9719,7967,6725,74,1168,1132,31,41,71,287,36,40,261,176,189,36,0,36,78,28,20,11,4,5,30,6,1,5,3,15,1035,7,3,1,3,11,6,0,4,1,976,73,16,708,107,30,42,41,11,16,3,11,0,33,14,2,12,2,6,11,7,4,3,3,1,2,0,0,603
2021,"Hounslow 005","E02000530",8117,6617,5647,30,940,913,9,37,56,261,35,37,149,112,217,27,1,26,81,25,26,17,5,4,30,10,13,0,0,7,749,2,0,0,2,8,4,0,2,2,718,48,8,548,81,9,24,21,0,10,0,11,0,32,12,3,9,0,6,14,10,4,3,3,2,1,0,0,635
2021,"Hounslow 006","E02000531",11583,10166,7921,306,1939,1805,109,52,204,155,154,50,553,157,371,134,34,100,103,32,40,5,17,18,31,5,0,13,2,11,426,60,27,3,30,92,23,5,46,18,213,9,16,131,27,18,12,56,9,25,3,19,5,160,71,17,54,3,68,18,12,6,34,34,20,14,0,0,694
2021,"Hounslow 007","E02000532",8976,8059,6689,223,1147,1063,156,68,153,61,80,24,171,37,313,84,26,58,64,23,15,8,4,3,26,4,0,16,0,6,202,30,8,2,20,52,21,0,20,11,82,9,1,45,9,6,12,37,11,12,4,10,1,257,197,39,158,6,44,10,4,6,76,76,56,20,0,0,318
2021,"Hounslow 008","E02000533",8400,7572,6292,182,1098,992,94,56,158,79,75,30,143,55,302,106,38,68,111,47,25,4,14,7,39,7,0,23,4,5,181,37,10,0,27,47,20,0,21,6,59,2,4,41,6,5,1,37,14,15,4,4,1,154,101,19,82,3,42,8,4,4,77,77,57,20,0,0,305
2021,"Hounslow 009","E02000534",8562,7628,6006,154,1468,1400,58,22,100,177,42,53,488,154,306,68,10,58,63,15,16,7,7,2,32,4,1,8,5,14,452,17,8,2,7,19,10,2,3,4,366,16,8,267,38,11,26,50,8,36,3,3,0,73,33,14,19,12,20,8,6,2,16,16,13,3,0,0,330
2021,"Hounslow 010","E02000535",10053,8302,6684,53,1565,1527,25,36,62,501,18,71,260,314,240,38,1,37,64,16,16,4,9,3,32,14,3,2,0,13,1201,15,3,7,5,1,0,0,1,0,1176,51,6,894,127,44,54,9,1,6,1,1,0,26,13,5,8,0,7,6,3,3,3,3,2,1,0,0,457
2021,"Hounslow 011","E02000536",10838,8956,7106,43,1807,1730,14,31,93,441,42,66,474,323,246,77,10,67,71,27,21,6,9,6,23,4,2,3,0,14,1176,32,5,6,21,4,1,0,2,1,1093,45,14,827,113,31,63,46,17,15,2,12,1,34,17,6,11,3,8,6,1,5,0,0,0,0,0,0,601
2021,"Hounslow 012","E02000537",9844,7843,5670,68,2105,2007,29,32,103,411,116,44,549,437,286,98,4,94,87,47,13,0,10,3,27,7,1,6,1,12,1463,28,4,0,24,26,10,1,15,0,1359,10,33,1052,138,29,97,47,12,20,5,10,3,68,37,3,34,0,25,6,2,4,10,10,6,4,0,0,373
2021,"Hounslow 013","E02000538",10109,8177,5716,39,2422,2361,33,23,53,1227,51,71,412,302,189,61,3,58,74,12,36,13,19,4,26,4,2,5,1,14,1302,6,3,1,2,2,2,0,0,0,1270,26,9,1024,113,28,70,24,8,12,0,4,0,38,15,8,7,0,11,12,3,9,7,1,1,0,6,0,511
2021,"Hounslow 014","E02000539",12225,10530,8555,228,1747,1637,70,60,141,119,90,57,537,156,407,110,28,82,111,45,27,11,15,1,39,2,0,20,5,12,746,31,8,5,18,33,14,1,14,4,544,20,5,419,74,19,7,137,4,111,1,21,1,99,47,17,30,2,38,12,5,7,30,30,21,9,0,0,709
2021,"Hounslow 015","E02000540",12119,9620,7017,145,2458,2307,52,54,142,587,101,60,513,405,393,151,11,140,146,53,29,6,17,6,64,7,1,13,7,36,1518,24,3,1,20,35,15,1,13,6,1335,24,39,1001,109,25,137,121,18,74,5,24,3,108,41,9,32,5,36,26,12,14,13,13,10,3,0,0,714
2021,"Hounslow 016","E02000541",10619,8246,5813,32,2401,2304,38,14,75,1122,45,77,412,325,196,97,1,96,97,24,46,20,24,2,27,6,3,3,1,14,1529,6,1,0,5,16,7,0,4,5,1475,29,9,1118,83,39,197,32,3,18,1,10,0,30,10,0,10,0,11,9,5,4,2,2,2,0,0,0,715
2021,"Hounslow 017","E02000542",12297,9350,6526,53,2771,2671,50,22,113,1190,61,69,538,357,271,100,3,97,117,33,41,17,20,4,43,7,2,3,13,18,2005,17,6,3,8,9,3,0,4,2,1896,21,28,1555,128,31,133,83,7,64,0,12,0,58,18,4,14,0,25,15,13,2,12,12,9,3,0,0,755
2021,"Hounslow 018","E02000543",14001,10255,6693,72,3490,3343,41,35,179,1019,114,129,744,671,411,147,10,137,147,65,32,7,18,7,50,3,2,10,3,32,2765,35,8,3,24,22,8,4,8,2,2627,24,41,2278,119,43,122,78,6,57,2,13,3,57,18,7,11,1,19,19,6,13,13,13,6,7,0,0,764
2021,"Hounslow 019","E02000544",8553,7588,6029,120,1439,1375,38,31,64,89,34,58,507,326,228,64,9,55,61,19,25,3,20,2,17,4,0,6,4,3,441,12,1,5,6,9,5,1,1,2,385,11,8,239,60,18,49,33,9,21,1,2,2,52,16,8,8,0,30,6,2,4,4,4,4,0,0,0,407
2021,"Hounslow 020","E02000545",9237,8054,6685,145,1224,1112,47,40,114,117,55,34,302,104,299,112,32,80,113,28,37,15,16,6,48,2,2,18,4,22,297,27,9,3,15,29,14,1,9,5,166,15,8,91,36,9,7,71,15,44,3,9,4,69,24,6,18,1,37,7,5,2,33,33,20,13,0,0,671
2021,"Hounslow 021","E02000546",10427,8709,6759,83,1867,1768,20,24,113,407,44,94,451,379,236,99,6,93,80,20,32,12,18,2,28,0,5,2,6,15,1107,5,1,0,4,10,7,0,1,2,1054,32,22,659,168,57,116,38,3,27,3,5,0,41,15,10,5,0,16,10,3,7,44,8,7,1,36,0,446
2021,"Hounslow 022","E02000547",10992,8810,7043,52,1715,1671,41,23,83,400,39,86,375,285,339,44,6,38,93,17,41,17,20,4,35,6,2,5,1,21,1096,4,1,0,3,17,10,0,2,5,1035,20,9,513,77,26,390,38,5,21,1,11,2,29,8,0,8,3,11,7,6,1,10,8,0,8,2,0,954
2021,"Hounslow 023","E02000548",10576,8607,6897,41,1669,1599,30,32,81,311,40,88,483,203,331,70,3,67,107,16,50,18,25,7,41,19,0,2,7,13,701,16,3,0,13,10,7,0,2,1,642,19,6,346,60,25,186,33,10,17,0,6,0,39,7,3,4,2,26,4,3,1,4,4,2,2,0,0,1118
2021,"Hounslow 024","E02000549",12531,10408,8341,94,1973,1882,49,36,102,404,109,87,415,331,349,91,1,90,119,20,47,24,16,7,52,5,2,13,18,14,1003,29,4,0,25,33,22,2,7,2,889,9,8,445,80,26,321,51,5,35,2,9,1,52,8,1,7,3,33,8,7,1,16,16,13,3,0,0,933
2021,"Hounslow 025","E02000550",10709,8311,6613,97,1601,1573,35,16,116,283,87,67,417,229,323,28,3,25,135,30,51,27,20,4,54,8,0,8,13,25,1218,17,5,2,10,54,46,0,5,3,1103,5,8,863,47,32,148,44,7,27,0,10,0,67,20,4,16,1,38,8,6,2,5,5,5,0,0,0,973
2021,"Hounslow 026","E02000551",9758,8086,6641,43,1402,1329,30,52,67,234,52,45,426,203,220,73,8,65,120,25,51,23,20,8,44,6,5,2,3,28,465,13,1,2,10,5,1,2,0,2,401,12,17,181,112,27,52,41,6,16,0,19,5,73,14,3,11,3,31,25,11,14,5,5,4,1,0,0,1009
2021,"Hounslow 027","E02000552",9254,7870,6257,63,1550,1499,77,44,82,184,60,76,581,177,218,51,7,44,123,17,54,22,14,18,52,4,0,3,29,16,494,10,3,3,4,27,21,0,2,4,421,7,5,251,38,22,98,36,5,12,0,19,0,62,19,4,15,0,31,12,7,5,12,12,8,4,0,0,693
2021,"Hounslow 028","E02000553",7113,6147,5164,57,926,881,17,23,54,115,23,48,272,118,211,45,2,43,68,25,24,10,12,2,19,3,0,3,5,8,243,15,4,2,9,7,2,1,1,3,200,12,10,117,27,11,23,18,0,13,1,4,3,30,10,5,5,1,10,9,6,3,5,4,3,1,1,0,620
2021,"Hounslow 029","E02006792",9002,7732,5826,226,1680,1481,165,69,329,105,178,27,163,58,387,199,93,106,232,172,22,10,7,5,38,5,0,17,1,15,413,49,13,0,36,138,58,11,46,23,129,1,3,103,12,3,7,87,16,30,5,36,10,238,126,22,104,15,94,3,2,1,104,104,71,33,0,0,283
2021,"Hounslow 030","E02006972",5413,4530,3609,87,834,739,57,24,91,75,62,24,160,50,196,95,30,65,87,36,23,9,9,5,28,1,0,15,0,12,332,55,29,4,22,88,30,2,44,12,143,4,0,105,31,2,1,44,21,10,6,7,2,85,40,13,27,1,35,9,4,5,31,31,17,14,0,0,348
2021,"Hounslow 031","E02006973",8488,7248,5817,163,1268,1176,56,29,157,99,82,29,339,74,311,92,24,68,124,56,41,18,12,11,27,6,2,9,3,7,365,56,23,5,28,72,35,1,29,7,185,8,9,136,20,5,7,40,7,24,2,7,12,119,58,31,27,0,42,19,11,8,35,35,25,10,0,0,597
2021,"Islington 001","E02000554",9353,8204,6854,224,1126,1026,102,67,190,90,120,18,85,44,310,100,39,61,118,21,66,31,23,12,31,2,3,4,3,19,144,22,6,3,13,21,3,1,11,6,52,3,13,26,7,1,2,49,11,25,1,12,0,177,92,23,69,2,56,27,16,11,61,61,46,15,0,0,649
2021,"Islington 002","E02000555",9572,8635,7157,293,1185,1083,135,60,246,64,134,31,64,27,322,102,35,67,81,16,41,12,18,11,24,1,0,7,1,15,139,18,6,0,12,46,12,4,13,17,41,1,8,25,5,0,2,34,7,20,3,4,0,166,88,27,61,3,63,12,7,5,60,60,46,14,0,0,491
2021,"Islington 003","E02000556",11397,10208,8296,326,1586,1460,179,74,308,88,178,20,89,95,429,126,36,90,71,21,30,8,16,6,20,1,2,7,0,10,234,16,0,1,15,117,62,12,25,18,57,4,13,29,5,2,4,41,15,12,7,7,3,270,148,64,84,10,88,24,13,11,100,100,64,36,0,0,514
2021,"Islington 004","E02000557",8782,7763,6088,286,1389,1274,134,58,337,96,131,21,86,52,359,115,34,81,81,22,34,6,20,8,25,2,1,7,6,9,181,11,2,1,8,76,32,3,31,10,59,1,10,41,3,4,0,31,6,12,6,7,4,200,104,20,84,6,77,13,10,3,47,47,34,13,0,0,510
2021,"Islington 005","E02000558",9435,8398,6941,177,1280,1137,105,57,218,112,211,20,73,41,300,143,55,88,149,37,78,13,39,26,34,5,9,1,1,18,156,15,6,0,9,58,36,3,13,6,49,1,17,19,11,1,0,33,8,14,4,7,1,181,63,18,45,5,79,34,25,9,39,39,28,11,0,0,512
2021,"Islington 006","E02000559",9580,8677,7213,262,1202,1096,188,77,268,40,153,3,45,35,287,106,50,56,76,10,23,1,20,2,43,3,16,10,4,10,142,16,1,0,15,54,20,3,23,8,42,0,10,25,6,1,0,30,9,9,7,5,0,212,137,39,98,7,54,14,9,5,161,161,105,56,0,0,312
2021,"Islington 007","E02000560",7350,6554,4946,184,1424,1318,169,47,323,89,188,16,91,58,337,106,44,62,70,22,25,4,16,5,23,3,1,3,6,10,191,9,4,0,5,71,36,9,12,14,58,2,14,35,7,0,0,49,25,9,4,11,4,178,84,24,60,5,81,8,4,4,74,74,58,16,0,0,283
2021,"Islington 008","E02000561",7382,6697,5564,187,946,884,144,59,173,31,107,13,55,30,272,62,20,42,28,8,9,3,4,2,11,0,0,4,1,6,153,21,7,2,12,80,56,0,14,10,21,1,3,13,4,0,0,31,17,4,3,7,0,188,119,36,83,6,54,9,4,5,48,48,32,16,0,0,268
2021,"Islington 009","E02000562",7861,6975,5901,211,863,778,133,56,141,66,87,13,61,14,207,85,41,44,55,10,17,7,7,3,28,1,2,12,1,12,112,9,2,2,5,48,14,1,20,13,28,0,7,18,0,1,2,26,17,4,1,4,1,170,108,27,81,3,44,15,4,11,165,165,135,30,0,2,382
2021,"Islington 010","E02000563",8683,7556,6017,188,1351,1237,156,64,263,82,193,32,101,43,303,114,45,69,82,22,33,11,14,8,27,1,2,11,3,10,196,21,8,2,11,45,16,3,18,8,88,4,16,47,15,0,6,40,7,21,5,7,2,183,69,21,48,5,92,17,13,4,46,46,39,7,0,1,619
2021,"Islington 011","E02000564",12412,10630,8292,310,2028,1820,269,77,427,122,223,23,98,66,515,208,53,155,116,27,35,5,18,12,54,2,4,14,4,30,624,32,9,0,23,335,229,27,25,54,140,4,20,103,9,4,0,115,41,34,21,19,2,332,197,62,135,19,97,19,10,9,205,205,162,43,0,0,505
2021,"Islington 012","E02000565",8548,7682,6516,164,1002,894,123,56,172,84,112,12,77,23,235,108,50,58,84,9,61,10,44,7,14,3,0,4,1,6,135,12,3,1,8,40,15,3,12,10,52,3,16,26,6,1,0,31,14,10,4,3,0,141,76,20,56,3,45,17,10,7,112,111,77,34,1,0,394
2021,"Islington 013","E02000566",8562,7577,6336,173,1068,970,308,78,168,43,117,12,34,17,193,98,42,56,46,5,29,9,20,0,12,1,0,8,2,1,124,15,1,1,13,44,18,5,13,8,42,0,8,27,2,2,3,21,12,1,4,4,2,275,217,52,165,5,45,8,4,4,239,239,164,75,0,0,301
2021,"Islington 014","E02000567",10438,9140,7587,307,1246,1153,204,109,215,47,160,18,81,24,295,93,48,45,60,11,20,6,8,6,29,4,2,17,1,5,138,17,6,0,11,46,16,3,22,5,53,0,12,32,4,4,1,22,7,2,5,8,0,307,206,52,154,7,79,15,11,4,255,255,175,80,0,0,538
2021,"Islington 015","E02000568",11338,9679,7865,233,1581,1387,194,68,291,95,196,33,94,70,346,194,64,130,108,32,49,13,23,13,27,1,2,9,0,15,484,14,3,0,11,253,197,7,20,29,122,3,24,84,10,1,0,90,40,16,14,20,5,236,109,32,77,5,97,25,18,7,132,132,77,55,0,0,699
2021,"Islington 016","E02000569",9936,8567,7267,225,1075,947,220,56,159,58,115,10,39,19,271,128,51,77,71,9,32,5,17,10,30,2,0,15,2,11,169,24,1,0,23,41,16,5,14,6,63,2,20,36,3,1,1,33,13,6,5,9,8,319,255,58,197,9,39,16,8,8,197,197,150,47,0,0,613
2021,"Islington 017","E02000570",8286,7250,6056,206,988,920,209,60,181,30,101,8,22,36,273,68,25,43,54,8,10,2,2,6,36,5,4,25,1,1,124,23,4,0,19,38,13,7,9,9,38,1,3,25,6,1,2,25,7,3,11,4,0,360,299,63,236,6,52,3,1,2,209,209,174,35,0,0,289
2021,"Islington 018","E02000571",8922,7746,6293,201,1252,1110,239,64,189,59,156,16,62,29,296,142,46,96,66,20,24,6,11,7,22,0,0,11,2,9,138,12,2,0,10,51,22,10,9,10,41,1,11,26,3,0,0,32,8,9,9,6,2,272,203,46,157,7,49,13,10,3,172,172,128,44,0,0,528
2021,"Islington 019","E02000572",8600,7449,6138,149,1162,1065,192,48,157,89,103,21,54,88,313,97,43,54,96,29,38,11,21,6,29,5,3,13,2,6,279,12,2,5,5,92,49,9,11,23,116,3,39,67,6,0,1,56,25,12,5,14,3,183,94,25,69,15,48,26,20,6,84,84,59,25,0,1,508
2021,"Islington 020","E02000573",10315,8826,7092,230,1504,1333,317,85,258,58,152,20,49,38,356,171,41,130,63,14,22,8,11,3,27,1,0,13,0,13,291,21,5,0,16,117,46,9,36,26,59,0,4,50,3,2,0,93,45,11,16,21,1,472,381,76,305,10,74,7,4,3,320,320,250,70,0,0,343
2021,"Islington 021","E02000574",7831,6510,5019,211,1280,1157,254,103,194,51,161,16,44,38,296,123,38,85,71,27,22,8,9,5,22,1,2,10,0,9,474,26,7,3,16,249,168,16,25,40,117,1,18,81,14,1,2,74,20,7,19,28,8,280,206,43,163,4,59,11,6,5,147,147,120,27,0,3,346
2021,"Islington 022","E02000575",11315,9336,7187,176,1973,1764,352,124,310,101,180,26,95,113,463,209,44,165,136,42,54,23,22,9,40,3,4,17,2,14,750,62,14,14,34,354,236,30,38,50,187,2,40,113,27,2,3,139,55,17,45,22,8,394,309,68,241,11,67,7,2,5,177,177,152,25,0,0,522
2021,"Islington 023","E02000576",10672,8916,7116,163,1637,1452,248,85,257,97,209,24,78,45,409,185,52,133,125,40,52,16,21,15,33,3,1,16,0,13,568,58,14,1,43,250,145,23,36,46,127,2,14,97,6,5,3,116,46,15,29,26,17,313,208,53,155,11,79,15,9,6,121,120,105,15,1,0,629
2021,"Kensington and Chelsea 001","E02000577",7711,6859,5835,100,924,847,102,38,148,142,162,9,30,25,191,77,29,48,117,71,22,5,12,5,24,1,2,6,2,13,245,19,5,5,9,96,78,5,6,7,43,1,3,23,11,3,2,84,11,48,1,24,3,137,56,18,38,4,46,31,5,26,22,22,17,5,0,0,331
2021,"Kensington and Chelsea 002","E02000578",6008,5350,4635,104,611,561,68,17,88,84,102,12,45,46,99,50,5,45,69,32,8,4,4,0,29,1,2,0,1,25,114,18,2,0,16,13,4,0,8,1,33,3,10,10,7,3,0,50,7,29,9,5,0,61,29,8,21,5,17,10,6,4,9,9,7,2,0,0,405
2021,"Kensington and Chelsea 003","E02000579",8995,8116,6772,199,1145,1057,170,79,201,63,178,18,47,17,284,88,22,66,83,40,24,6,16,2,19,0,3,7,1,8,178,35,7,0,28,41,5,1,27,8,36,0,18,10,4,1,3,64,9,39,5,11,2,227,168,24,144,6,34,19,10,9,57,57,45,12,0,0,334
2021,"Kensington and Chelsea 004","E02000580",7895,7079,5814,134,1131,1035,187,73,188,122,148,12,40,20,245,96,29,67,60,24,15,2,3,10,21,1,1,13,0,6,165,23,4,1,18,39,11,6,13,9,21,1,3,15,2,0,0,82,13,53,3,13,0,199,134,24,110,5,46,14,3,11,82,82,69,13,0,0,310
2021,"Kensington and Chelsea 005","E02000581",7394,6705,5768,103,834,760,82,53,154,129,128,9,33,19,153,74,11,63,64,21,24,3,13,8,19,1,1,5,1,11,140,38,6,0,32,19,7,0,9,3,15,1,2,9,1,2,0,68,6,48,2,12,0,113,51,4,47,2,44,16,3,13,25,25,16,9,0,0,347
2021,"Kensington and Chelsea 006","E02000582",6545,5538,3950,108,1480,1320,248,108,228,68,167,19,48,45,389,160,33,127,65,36,12,1,11,0,17,1,0,14,0,2,311,34,8,0,26,131,57,8,43,23,44,0,2,37,1,2,2,99,19,20,14,46,3,395,331,57,274,5,56,3,1,2,96,96,85,11,0,0,140
2021,"Kensington and Chelsea 007","E02000583",6428,5640,4434,94,1112,974,187,120,193,34,97,6,40,24,273,138,26,112,31,10,3,1,1,1,18,3,0,11,1,3,203,29,10,0,19,69,6,5,41,17,56,0,2,21,6,26,1,44,6,30,2,6,5,324,268,43,225,5,50,1,0,1,103,102,95,7,1,0,127
2021,"Kensington and Chelsea 008","E02000584",7173,6135,4537,96,1502,1278,314,112,248,40,118,12,30,30,374,224,45,179,25,12,2,1,0,1,11,1,0,7,1,2,364,81,11,1,69,132,40,5,71,16,55,0,1,40,4,0,10,82,23,25,18,16,14,461,391,57,334,3,64,3,0,3,80,80,67,13,0,0,108
2021,"Kensington and Chelsea 009","E02000585",8083,6906,5035,120,1751,1543,273,134,320,63,186,10,42,63,452,208,39,169,163,77,53,44,7,2,33,2,1,27,0,3,430,86,34,5,47,123,44,6,47,26,58,1,1,46,6,2,2,147,52,53,15,27,16,333,268,36,232,3,58,4,0,4,78,78,68,10,0,0,173
2021,"Kensington and Chelsea 010","E02000586",6474,5249,3393,79,1777,1582,438,88,292,33,168,21,41,62,439,195,33,162,65,32,13,1,7,5,20,1,0,12,0,7,561,68,6,11,51,246,132,22,73,19,97,0,0,60,37,0,0,137,49,29,26,33,13,445,369,67,302,14,53,9,7,2,56,56,48,8,0,0,98
2021,"Kensington and Chelsea 011","E02000587",6499,5446,3838,130,1478,1270,332,73,217,61,147,13,36,41,350,208,25,183,57,24,10,1,8,1,23,1,0,13,0,9,399,89,16,5,68,146,68,11,49,18,70,0,0,52,8,6,4,85,18,22,17,28,9,396,280,52,228,4,100,12,0,12,82,81,67,14,1,0,119
2021,"Kensington and Chelsea 012","E02000588",5984,5087,3244,97,1746,1524,336,121,370,116,101,25,18,27,410,222,58,164,37,19,8,0,6,2,10,2,0,5,0,3,322,64,10,1,53,120,45,9,60,6,67,0,0,36,27,1,3,64,14,32,12,6,7,405,332,70,262,14,53,6,3,3,69,69,64,5,0,0,64
2021,"Kensington and Chelsea 013","E02000589",7257,5716,3694,86,1936,1770,480,118,375,66,214,17,51,37,412,166,36,130,55,20,9,1,4,4,26,3,0,15,2,6,834,63,6,11,46,490,311,27,121,31,88,2,3,54,27,1,1,183,93,26,32,32,10,392,274,49,225,9,104,5,1,4,77,76,62,14,1,0,183
2021,"Kensington and Chelsea 014","E02000590",5969,5141,3818,66,1257,1144,321,48,191,60,197,9,23,28,267,113,35,78,58,33,11,0,10,1,14,1,0,9,1,3,317,53,8,3,42,137,74,10,43,10,49,4,1,32,9,3,0,77,12,24,29,12,1,246,173,36,137,9,52,12,3,9,32,32,25,7,0,0,175
2021,"Kensington and Chelsea 015","E02000591",6210,5057,3522,103,1432,1239,206,84,358,65,159,20,64,33,250,193,20,173,110,61,22,3,13,6,27,4,1,15,1,6,506,99,28,7,64,210,134,9,38,29,78,1,7,46,17,5,2,111,31,45,11,24,8,261,147,35,112,10,81,23,4,19,75,75,56,19,0,0,201
2021,"Kensington and Chelsea 016","E02000592",5765,4829,2983,80,1766,1600,460,109,360,54,145,14,44,42,372,166,32,134,40,9,8,1,5,2,23,0,0,18,1,4,390,40,4,1,35,192,126,16,34,16,64,0,0,46,14,1,3,91,27,18,20,26,3,364,307,76,231,10,45,2,0,2,71,71,56,15,0,0,71
2021,"Kensington and Chelsea 017","E02000593",7386,6260,4047,117,2096,1909,489,133,479,61,206,14,48,48,431,187,38,149,65,25,6,0,4,2,34,7,0,17,5,5,439,88,10,2,76,209,104,64,25,16,54,0,0,42,10,1,1,85,23,39,10,13,3,381,297,40,257,12,47,25,2,23,90,90,81,9,0,0,151
2021,"Kensington and Chelsea 018","E02000594",6482,5722,4346,102,1274,1154,179,101,264,63,176,15,43,13,300,120,21,99,39,18,13,2,4,7,8,0,0,7,0,1,219,41,15,0,26,68,36,2,26,4,36,0,1,31,3,1,0,67,15,37,8,7,7,314,257,50,207,10,42,5,3,2,56,56,53,3,0,0,132
2021,"Kensington and Chelsea 019","E02000595",6159,5358,3980,90,1288,1142,261,79,231,76,160,13,18,19,285,146,49,97,58,23,11,3,8,0,24,2,0,18,0,4,228,44,2,0,42,77,43,8,19,7,51,0,3,44,3,0,1,53,18,26,4,5,3,318,272,46,226,3,40,3,0,3,71,71,63,8,0,0,126
2021,"Kensington and Chelsea 020","E02000596",6612,5832,4056,100,1676,1540,369,105,389,80,160,14,35,26,362,136,34,102,48,19,5,1,3,1,24,1,0,18,0,5,303,38,5,2,31,106,61,11,18,16,43,0,4,33,4,1,1,116,7,79,17,13,0,276,227,34,193,7,40,2,0,2,58,58,50,8,0,0,95
2021,"Kensington and Chelsea 021","E02000597",6341,5709,4747,95,867,802,131,35,160,106,124,15,47,12,172,65,16,49,75,21,26,6,13,7,28,2,0,15,5,6,200,44,10,2,32,52,29,2,12,9,32,1,6,18,4,2,1,69,11,41,1,16,3,119,81,16,65,2,31,5,2,3,20,20,17,3,0,0,218
2021,"Kingston upon Thames 001","E02000598",8097,7366,6440,109,817,743,43,196,83,38,70,9,74,42,188,74,42,32,47,3,5,3,1,1,39,4,0,23,9,3,299,15,4,6,5,156,78,26,27,25,90,0,1,66,16,7,0,38,17,13,0,8,0,81,57,14,43,2,21,1,1,0,41,41,32,9,0,0,263
2021,"Kingston upon Thames 002","E02000599",7013,6170,5387,92,691,599,57,115,63,26,36,14,63,29,196,92,28,64,57,19,11,2,7,2,27,4,0,19,3,1,419,77,23,35,19,207,79,11,29,88,95,2,4,42,28,13,6,38,9,20,2,7,2,116,56,19,37,6,35,19,1,18,28,28,17,11,0,0,223
2021,"Kingston upon Thames 003","E02000600",8359,7142,6006,80,1056,948,80,83,139,62,69,31,148,68,268,108,41,67,85,14,18,6,11,1,53,2,0,39,4,8,607,53,9,25,19,132,43,8,17,64,151,6,9,67,36,28,5,267,9,250,0,8,4,96,35,8,27,1,53,7,1,6,35,35,28,7,0,0,394
2021,"Kingston upon Thames 004","E02000601",11905,10267,8649,138,1480,1284,102,134,184,96,103,41,159,61,404,196,103,93,121,50,21,2,10,9,50,1,0,37,5,7,726,77,35,2,40,351,134,81,55,81,218,5,9,148,29,22,5,69,23,20,11,15,11,197,105,25,80,7,69,16,2,14,59,59,47,12,0,1,534
2021,"Kingston upon Thames 005","E02000602",10315,8828,7286,102,1440,1317,83,80,218,108,102,38,173,94,421,123,32,91,129,52,28,11,10,7,49,1,0,13,6,29,506,70,24,18,28,159,89,16,16,38,167,6,6,94,31,25,5,109,9,87,0,13,1,147,71,10,61,4,57,15,9,6,40,39,22,17,1,1,664
2021,"Kingston upon Thames 006","E02000603",8633,7282,6082,70,1130,1069,52,83,134,174,57,35,193,48,293,61,16,45,92,13,33,11,18,4,46,2,0,16,11,17,510,52,17,22,13,136,36,20,13,67,169,4,3,78,28,53,3,150,3,131,7,9,3,52,32,12,20,2,16,2,0,2,10,10,5,5,0,0,687
2021,"Kingston upon Thames 007","E02000604",9243,7980,6833,107,1040,964,81,68,101,57,90,15,174,116,262,76,16,60,56,19,15,6,3,6,22,1,0,15,0,6,664,21,6,3,12,439,55,15,43,326,128,0,3,43,39,36,7,73,16,39,5,13,3,73,37,12,25,2,29,5,4,1,34,34,25,9,0,0,436
2021,"Kingston upon Thames 008","E02000605",8493,7445,6524,114,807,749,77,76,79,47,39,25,134,41,231,58,7,51,53,8,12,2,4,6,33,3,0,27,1,2,411,12,2,5,5,242,33,10,18,181,110,7,2,29,33,37,2,44,16,17,7,4,3,82,50,13,37,3,28,1,1,0,24,24,14,10,0,0,478
2021,"Kingston upon Thames 009","E02000606",10563,9214,7500,148,1566,1372,75,98,187,113,124,36,159,120,460,194,77,117,120,44,18,4,9,5,58,5,0,40,2,11,599,81,36,7,38,235,92,34,39,70,187,1,5,147,25,7,2,79,18,28,11,22,17,175,101,27,74,4,63,7,1,6,46,46,34,12,0,0,409
2021,"Kingston upon Thames 010","E02000607",6791,6186,5433,100,653,591,40,46,66,23,48,20,93,27,228,62,14,48,47,12,11,1,6,4,24,1,0,14,5,4,160,18,6,6,6,57,29,1,14,13,61,0,1,31,10,16,3,24,8,8,1,7,0,70,39,10,29,1,21,9,0,9,21,21,16,5,0,0,307
2021,"Kingston upon Thames 011","E02000608",7200,6348,5157,104,1087,968,56,71,151,74,60,19,127,81,329,119,51,68,77,10,14,1,12,1,53,0,0,39,6,8,288,30,9,7,14,94,36,9,16,33,120,5,5,79,16,10,5,42,10,17,3,12,2,117,75,21,54,3,35,4,2,2,39,39,29,10,0,1,330
2021,"Kingston upon Thames 012","E02000609",7626,6671,5954,96,621,592,35,75,63,63,21,32,82,53,168,29,1,28,46,7,12,9,0,3,27,2,0,21,0,4,401,27,2,19,6,244,23,10,3,208,112,0,4,39,32,26,11,18,6,8,1,3,0,47,22,8,14,5,17,3,2,1,13,13,7,6,0,0,448
2021,"Kingston upon Thames 013","E02000610",7953,6894,5751,107,1036,941,62,78,113,71,63,40,124,73,317,95,29,66,80,17,10,0,8,2,53,0,0,38,6,9,270,17,9,0,8,82,19,7,23,33,141,3,4,83,22,22,7,29,6,16,0,7,1,95,53,20,33,4,36,2,1,1,44,44,32,12,0,0,570
2021,"Kingston upon Thames 014","E02000611",7441,6920,6348,103,469,454,39,48,57,25,42,15,59,32,137,15,5,10,24,2,5,1,3,1,17,1,0,14,1,1,154,4,3,1,0,70,16,17,9,28,67,0,7,35,5,20,0,13,5,3,0,5,0,25,10,4,6,1,14,0,0,0,11,11,9,2,0,0,307
2021,"Kingston upon Thames 015","E02000612",8263,7400,6754,117,529,506,54,44,62,31,34,17,81,25,158,23,1,22,56,9,12,2,9,1,35,2,1,20,3,9,336,27,2,14,11,151,17,6,10,118,123,7,6,46,23,35,6,35,10,15,0,10,0,44,20,5,15,0,21,3,3,0,12,12,7,5,0,1,414
2021,"Kingston upon Thames 016","E02000613",8091,7174,6262,87,825,752,47,44,71,63,29,32,141,44,281,73,26,47,66,8,11,3,4,4,47,5,0,33,3,6,198,17,11,4,2,50,16,6,7,21,106,2,4,69,10,20,1,25,9,6,4,6,0,68,36,6,30,0,28,4,0,4,18,18,11,7,0,0,567
2021,"Kingston upon Thames 017","E02000614",9296,8184,6837,90,1257,1161,93,108,103,71,53,75,131,110,417,96,13,83,118,26,28,8,13,7,64,8,0,20,4,32,391,37,9,14,14,69,20,3,8,38,259,3,10,119,40,80,7,24,8,7,1,8,2,52,9,2,7,0,37,6,4,2,10,10,5,5,0,0,541
2021,"Kingston upon Thames 018","E02000615",7874,7072,6293,87,692,642,48,42,76,43,21,46,100,37,229,50,9,41,40,4,7,1,5,1,29,0,0,21,3,5,157,15,5,6,4,33,16,1,10,6,91,6,6,31,11,35,2,18,4,5,2,7,0,64,17,1,16,1,45,1,0,1,8,8,4,4,0,0,533
2021,"Kingston upon Thames 019","E02000616",6060,5434,4934,62,438,422,12,18,45,35,20,35,67,27,163,16,2,14,22,1,3,0,3,0,18,0,0,7,4,7,86,5,2,2,1,16,0,3,4,9,48,0,3,20,8,15,2,17,2,10,3,2,0,39,10,4,6,0,28,1,0,1,8,8,4,4,0,0,471
2021,"Kingston upon Thames 020","E02000617",8867,7799,6994,87,718,669,30,56,79,63,20,54,88,62,217,49,10,39,59,6,14,2,11,1,39,0,0,24,9,6,136,7,1,4,2,22,7,1,2,12,88,2,1,38,19,26,2,19,9,5,2,3,0,32,10,3,7,0,20,2,0,2,10,10,4,6,0,0,831
2021,"Lambeth 002","E02000619",9093,7920,6518,120,1282,1222,108,52,168,339,182,23,94,38,218,60,21,39,187,15,131,43,54,34,41,1,1,11,9,19,160,5,0,0,5,56,33,3,10,10,40,3,4,26,5,2,0,54,20,17,2,15,5,240,54,18,36,10,111,65,60,5,32,32,18,14,0,0,554
2021,"Lambeth 003","E02000620",9844,8661,7069,150,1442,1335,138,51,208,321,182,15,90,47,283,107,23,84,145,9,94,32,41,21,42,6,0,18,0,18,288,37,5,2,30,147,114,13,8,12,47,0,3,35,7,2,0,53,18,22,5,8,4,263,123,32,91,7,92,41,35,6,67,67,41,26,0,0,420
2021,"Lambeth 004","E02000621",12520,10409,7803,220,2386,2163,200,102,399,432,361,38,137,71,423,223,48,175,214,37,132,48,57,27,45,2,1,30,3,9,843,126,17,4,105,493,333,39,40,81,109,2,2,100,3,2,0,98,40,22,18,18,17,418,176,58,118,15,158,69,49,20,130,129,89,40,1,0,506
2021,"Lambeth 005","E02000622",8404,7428,5979,134,1315,1269,109,76,196,285,271,12,72,26,222,46,9,37,133,18,80,29,27,24,35,3,0,22,2,8,160,25,14,0,11,58,39,2,5,12,25,2,1,8,12,1,1,52,26,19,0,7,0,256,75,22,53,8,106,67,55,12,71,71,42,29,0,0,356
2021,"Lambeth 006","E02000623",7866,6861,5238,106,1517,1480,90,25,197,649,220,12,88,44,155,37,12,25,144,15,93,33,43,17,36,0,1,16,3,16,75,5,2,0,3,27,10,2,5,10,19,2,2,6,7,1,1,23,6,13,1,3,1,267,32,9,23,13,186,36,28,8,33,33,26,7,0,0,486
2021,"Lambeth 007","E02000624",9633,8598,6962,143,1493,1390,150,44,194,300,344,14,81,30,233,103,12,91,190,19,124,36,57,31,47,3,0,10,3,31,95,6,1,2,3,26,9,6,3,8,31,3,3,16,8,1,0,30,10,8,5,7,2,296,59,15,44,15,104,118,70,48,81,81,59,22,0,0,373
2021,"Lambeth 008","E02000625",9307,8074,6183,110,1781,1751,124,43,225,575,286,28,140,58,272,30,11,19,237,13,171,74,53,44,53,1,6,20,4,22,107,17,3,0,14,32,19,4,4,5,26,0,4,10,11,1,0,32,9,13,2,8,0,328,47,19,28,9,215,57,50,7,62,62,47,15,0,0,499
2021,"Lambeth 009","E02000626",8367,7175,5971,93,1111,1086,79,40,99,352,281,11,71,27,126,25,6,19,270,18,230,56,107,67,22,3,0,3,3,13,108,6,1,0,5,21,7,5,8,1,43,5,8,16,4,1,9,30,2,22,1,5,8,265,26,8,18,6,116,117,91,26,14,14,9,5,0,0,535
2021,"Lambeth 010","E02000627",9559,8447,6848,178,1421,1374,122,38,188,432,277,18,64,23,212,47,7,40,192,14,137,51,57,29,41,0,2,14,7,18,130,7,2,1,4,63,43,4,6,10,34,6,6,15,4,3,0,26,8,11,4,3,0,266,71,18,53,15,128,52,41,11,120,120,77,43,0,0,404
2021,"Lambeth 011","E02000628",10783,9523,7364,113,2046,2006,150,73,203,769,461,23,88,30,209,40,6,34,252,16,177,60,84,33,59,2,2,31,0,24,116,13,1,0,12,20,10,2,6,2,50,6,5,17,17,3,2,33,7,12,5,9,0,356,61,16,45,20,164,111,92,19,67,67,57,10,0,1,468
2021,"Lambeth 012","E02000629",9115,8253,6777,269,1207,1172,130,58,247,222,187,14,61,22,231,35,9,26,106,12,39,14,21,4,55,0,2,44,4,5,91,4,1,1,2,25,13,3,3,6,39,2,3,26,2,5,1,20,4,5,6,5,3,210,103,30,73,3,71,33,30,3,154,154,111,43,0,0,301
2021,"Lambeth 013","E02000630",7541,6733,5598,196,939,882,141,42,186,131,98,17,60,31,176,57,15,42,70,7,29,12,12,5,34,0,0,25,1,8,78,12,0,1,11,18,11,0,4,3,24,1,0,21,0,0,2,23,3,7,5,8,1,177,98,26,72,4,46,29,21,8,154,154,108,46,0,0,329
2021,"Lambeth 014","E02000631",9528,8504,7247,167,1090,1048,172,47,151,140,311,8,41,21,157,42,6,36,113,2,80,29,40,11,31,3,0,11,4,13,257,6,0,0,6,16,7,1,7,1,97,1,1,81,9,3,2,135,9,121,1,4,3,226,76,21,55,3,109,38,26,12,59,59,37,22,0,0,369
2021,"Lambeth 015","E02000632",9585,8738,7440,222,1076,1033,165,66,187,133,200,11,62,32,177,43,11,32,92,3,49,33,11,5,40,3,1,28,2,6,83,10,2,0,8,21,8,5,4,4,22,0,0,19,2,0,1,29,3,10,12,4,1,209,98,36,62,12,59,40,27,13,199,199,138,61,0,0,264
2021,"Lambeth 016","E02000633",9163,8127,6857,131,1139,1108,148,37,159,251,266,22,46,20,159,31,2,29,187,17,128,33,73,22,42,4,0,12,3,23,87,4,2,0,2,35,17,6,6,6,27,4,4,6,13,0,0,20,9,3,3,5,1,255,64,21,43,14,96,81,68,13,66,66,48,18,0,0,441
2021,"Lambeth 017","E02000634",6769,5976,4979,181,816,769,80,27,154,185,103,12,46,20,142,47,7,40,100,12,59,15,32,12,29,1,0,13,1,14,88,18,1,0,17,28,12,1,12,3,23,2,2,11,6,0,2,19,2,5,3,9,0,192,82,24,58,12,59,39,32,7,103,103,64,39,0,0,310
2021,"Lambeth 018","E02000635",9811,8918,7694,193,1031,1006,118,60,189,166,158,4,127,15,169,25,5,20,168,9,124,35,59,30,35,2,0,14,6,13,96,11,2,4,5,32,24,1,1,6,33,1,4,18,9,0,1,20,3,11,1,5,0,211,82,20,62,5,62,62,53,9,85,84,54,30,1,0,333
2021,"Lambeth 019","E02000636",7715,7068,6060,229,779,738,163,28,131,83,95,8,38,32,160,41,9,32,55,4,20,7,8,5,31,1,1,22,1,6,63,11,4,0,7,18,8,3,3,4,18,0,1,15,2,0,0,16,3,8,4,1,0,170,120,32,88,2,31,17,13,4,161,161,119,42,0,1,197
2021,"Lambeth 020","E02000637",8401,7669,6376,166,1127,1084,139,56,173,128,301,13,75,15,184,43,10,33,70,2,47,14,27,6,21,1,0,10,1,9,70,8,2,0,6,19,4,3,9,3,27,2,1,9,10,4,1,15,5,5,2,3,1,286,96,28,68,9,139,42,29,13,64,64,44,20,0,0,242
2021,"Lambeth 021","E02000638",10252,8896,7319,200,1377,1332,131,52,246,259,311,14,83,49,187,45,10,35,171,8,130,56,49,25,33,3,1,13,3,13,109,3,2,0,1,19,8,0,6,5,66,0,15,25,11,14,1,21,1,6,4,10,0,351,52,13,39,8,170,121,90,31,91,91,57,34,0,2,632
2021,"Lambeth 022","E02000639",8320,7152,5476,112,1564,1517,112,34,259,350,343,22,145,35,217,47,6,41,315,19,271,169,68,34,25,3,0,7,3,12,89,6,1,0,5,22,15,1,4,2,55,1,8,27,17,2,0,6,0,1,0,5,0,281,34,14,20,33,127,87,69,18,50,50,40,10,0,0,433
2021,"Lambeth 023","E02000640",9291,8542,7508,238,796,759,111,37,128,113,130,16,44,20,160,37,13,24,67,1,39,8,21,10,27,1,0,14,3,9,87,8,1,0,7,20,6,1,11,2,40,1,0,22,14,2,1,19,4,10,3,2,0,140,71,17,54,2,34,33,33,0,120,120,89,31,0,0,335
2021,"Lambeth 024","E02000641",8627,7477,6220,105,1152,1122,99,20,163,336,222,11,90,19,162,30,3,27,244,10,198,71,78,49,36,1,5,3,2,25,72,1,0,0,1,19,12,2,2,3,22,2,2,8,10,0,0,30,7,16,1,6,0,238,25,7,18,11,111,91,81,10,25,25,17,8,0,0,571
2021,"Lambeth 025","E02000642",9811,8755,7588,151,1016,986,78,53,142,126,227,11,74,70,205,30,4,26,122,5,88,28,41,19,29,2,0,10,1,16,95,2,1,1,0,16,4,6,5,1,56,0,4,30,18,4,0,21,8,6,1,6,0,260,87,48,39,10,88,75,58,17,54,54,34,20,0,0,525
2021,"Lambeth 026","E02000643",9373,8464,6851,180,1433,1392,106,52,244,180,307,17,155,77,254,41,11,30,98,18,50,11,20,19,30,0,0,20,0,10,97,5,1,0,4,19,7,2,5,5,47,4,4,22,13,3,1,26,4,17,0,5,0,285,73,23,50,18,135,59,51,8,85,85,63,22,0,0,344
2021,"Lambeth 027","E02000644",8525,7657,6275,124,1258,1221,143,33,208,180,232,32,197,38,158,37,7,30,124,14,77,21,40,16,33,3,0,14,1,15,69,4,1,0,3,13,7,0,4,2,32,1,5,14,5,3,4,19,11,2,3,3,1,230,56,16,40,4,111,59,47,12,40,36,27,9,4,0,405
2021,"Lambeth 028","E02000645",9529,8485,6951,145,1389,1344,112,39,211,278,313,28,121,63,179,45,7,38,126,5,88,18,46,24,33,4,0,13,2,14,119,10,0,2,8,27,10,1,12,4,41,0,3,27,5,5,1,41,9,17,4,11,0,226,62,16,46,9,103,52,43,9,43,43,27,16,0,0,530
2021,"Lambeth 029","E02000646",9499,8645,6808,176,1661,1618,95,49,302,160,377,28,297,46,264,43,5,38,100,21,50,15,19,16,29,1,0,14,7,7,111,6,1,1,4,24,8,1,10,5,46,1,5,21,16,2,1,32,5,21,1,5,3,241,33,9,24,9,143,56,31,25,74,74,52,22,0,0,328
2021,"Lambeth 030","E02000647",8593,7684,6547,105,1032,995,82,36,174,186,180,27,142,26,142,37,7,30,120,13,84,32,34,18,23,1,2,12,1,7,103,5,2,1,2,16,3,3,7,3,53,0,3,29,21,0,0,29,4,22,0,3,0,171,45,11,34,3,84,39,27,12,40,32,18,14,8,1,474
2021,"Lambeth 031","E02000648",7820,6760,5809,97,854,833,80,30,93,223,151,8,81,19,148,21,3,18,163,6,132,54,58,20,25,0,0,4,1,20,82,2,1,0,1,24,14,4,4,2,38,2,4,16,8,1,7,18,2,5,4,7,0,180,21,4,17,2,72,85,76,9,19,19,12,7,0,0,616
2021,"Lambeth 032","E02000649",12480,11125,8302,240,2583,2526,144,79,326,288,495,34,601,140,419,57,2,55,209,22,117,47,38,32,70,2,6,42,3,17,192,13,6,0,7,23,15,0,6,2,114,1,20,38,42,8,5,41,7,18,1,15,1,403,65,17,48,7,267,64,39,25,65,65,47,18,0,0,486
2021,"Lambeth 033","E02000650",7667,6762,5781,140,841,822,77,30,146,116,182,13,93,46,119,19,3,16,129,15,86,23,48,15,28,4,0,7,4,13,67,2,1,0,1,31,16,0,9,6,23,5,1,8,6,3,0,11,2,7,0,2,0,194,52,17,35,4,67,71,57,14,23,23,16,7,0,0,492
2021,"Lambeth 034","E02000651",8739,7720,6074,123,1523,1470,79,44,190,185,213,26,369,74,290,53,3,50,156,21,107,53,35,19,28,1,1,10,10,6,107,4,0,1,3,19,9,3,3,4,62,2,8,15,33,3,1,22,3,8,0,11,0,244,29,7,22,8,163,44,31,13,59,59,36,23,0,1,452
2021,"Lambeth 035","E02000652",7562,6801,5121,56,1624,1596,66,28,212,187,140,23,550,86,304,28,0,28,115,7,79,31,30,18,29,4,4,5,0,16,138,0,0,0,0,21,17,1,2,1,91,1,2,23,57,7,1,26,11,7,1,7,0,130,14,5,9,2,77,37,26,11,16,14,6,8,2,0,362
2021,"Lambeth 036","E02006801",8572,6890,5145,144,1601,1455,200,113,284,156,175,20,82,78,347,146,28,118,126,25,74,26,34,14,27,3,1,13,1,9,935,40,11,2,27,505,397,50,21,37,198,3,11,157,27,0,0,171,58,28,53,32,21,246,125,33,92,10,77,34,18,16,57,57,42,15,0,0,318
2021,"Lewisham 001","E02000653",12615,10739,8118,145,2476,2273,214,90,489,165,271,71,187,173,613,203,42,161,319,31,212,40,109,63,76,9,2,28,13,24,537,20,6,3,11,208,152,15,19,22,139,9,18,73,13,16,10,158,45,55,23,35,12,329,85,45,40,12,158,74,60,14,64,64,37,27,0,2,625
2021,"Lewisham 002","E02000654",8786,7390,6103,72,1215,1125,123,53,214,115,147,46,115,66,246,90,19,71,286,6,222,39,116,67,58,10,1,2,14,31,169,13,6,1,6,39,26,3,7,3,34,4,5,16,1,7,1,68,1,15,4,48,15,224,47,8,39,7,66,104,100,4,29,29,14,15,0,0,688
2021,"Lewisham 003","E02000655",10283,8884,6874,104,1906,1808,130,64,222,135,520,90,146,97,404,98,17,81,298,14,244,37,178,29,40,3,2,5,2,28,253,17,3,4,10,98,69,7,13,9,64,16,1,22,10,14,1,65,17,9,5,34,9,311,68,21,47,8,140,95,51,44,28,26,18,8,2,0,509
2021,"Lewisham 005","E02000657",9911,8608,7080,152,1376,1308,132,58,199,114,277,47,121,98,262,68,7,61,218,9,186,21,120,45,23,4,0,1,6,12,228,12,3,1,8,112,74,9,12,17,70,0,7,47,8,6,2,32,7,8,6,11,2,268,84,18,66,7,78,99,70,29,41,41,32,9,0,0,548
2021,"Lewisham 006","E02000658",8624,7682,6449,144,1089,1038,93,40,167,63,298,29,74,76,198,51,4,47,165,9,145,25,81,39,11,0,0,7,2,2,104,6,2,0,4,34,17,2,15,0,28,4,2,17,5,0,0,34,8,3,1,22,2,219,57,18,39,4,88,70,56,14,37,37,27,10,0,0,417
2021,"Lewisham 007","E02000659",8059,7043,5976,128,939,856,120,55,133,69,100,30,73,25,251,83,27,56,144,17,92,7,62,23,35,6,0,6,11,12,212,11,2,1,8,89,65,2,16,6,57,1,1,38,4,8,5,51,10,12,6,23,4,184,77,26,51,3,59,45,40,5,42,42,35,7,0,0,434
2021,"Lewisham 008","E02000660",8209,7189,5940,138,1111,1047,142,61,183,64,169,36,77,67,248,64,21,43,114,9,76,16,50,10,29,7,0,8,0,14,275,6,2,0,4,65,31,9,12,13,166,2,1,140,12,11,0,35,13,7,4,11,3,187,73,20,53,7,53,54,42,12,55,55,40,15,0,1,388
2021,"Lewisham 009","E02000661",6494,5714,4855,76,783,732,89,39,103,30,132,27,67,46,199,51,11,40,117,8,85,9,47,29,24,2,0,13,3,6,129,8,1,0,7,45,27,2,6,10,43,0,5,19,8,3,8,33,7,14,4,8,0,110,47,7,40,7,35,21,11,10,33,33,27,6,0,0,391
2021,"Lewisham 010","E02000662",8299,7293,6237,103,953,896,91,54,119,53,146,28,101,49,255,57,8,49,198,9,173,40,110,23,16,2,0,1,3,10,108,17,7,0,10,34,15,4,8,7,33,7,2,11,8,5,0,24,12,1,1,10,0,163,51,10,41,7,41,64,54,10,32,32,25,7,0,0,505
2021,"Lewisham 011","E02000663",6796,5980,5068,95,817,787,76,32,127,35,194,18,75,82,148,30,4,26,148,5,128,19,63,46,15,2,1,4,1,7,121,7,0,0,7,41,20,2,13,6,58,0,4,21,8,25,0,15,2,5,5,3,0,153,47,13,34,8,51,47,31,16,37,37,27,10,0,0,357
2021,"Lewisham 013","E02000665",8154,7232,6047,128,1057,1022,110,41,114,48,113,53,102,197,244,35,8,27,127,21,83,18,51,14,23,0,0,13,5,5,152,3,1,2,0,37,22,4,11,0,85,0,6,49,6,22,2,27,6,16,3,2,0,133,38,9,29,11,43,41,28,13,29,29,22,7,0,0,481
2021,"Lewisham 014","E02000666",7188,6415,5653,125,637,596,75,35,77,54,89,31,47,67,121,41,15,26,138,6,112,12,85,15,20,0,0,6,5,9,81,3,1,0,2,19,13,0,4,2,36,2,3,15,3,13,0,23,5,13,2,3,0,99,33,5,28,2,41,23,21,2,35,35,23,12,0,0,420
2021,"Lewisham 015","E02000667",6684,6107,5450,122,535,517,34,29,90,19,89,13,57,86,100,18,1,17,52,1,47,6,29,12,4,0,0,0,1,3,63,2,1,0,1,16,6,1,8,1,31,1,1,10,13,5,1,14,4,3,2,5,0,106,49,11,38,2,27,28,24,4,39,39,25,14,0,0,317
2021,"Lewisham 016","E02000668",6856,6067,5249,114,704,649,89,23,80,20,83,22,83,62,187,55,12,43,119,13,86,9,61,16,20,3,0,7,2,8,138,2,0,0,2,31,18,0,11,2,69,6,11,30,1,19,2,33,8,6,10,9,3,130,27,11,16,13,51,39,33,6,18,18,12,6,0,0,384
2021,"Lewisham 017","E02000669",7967,6827,5523,84,1220,1133,78,38,127,83,174,35,141,118,339,87,5,82,177,19,133,29,71,33,25,1,0,8,1,15,210,9,5,0,4,49,18,4,12,15,86,5,1,49,8,19,4,66,6,52,1,7,0,213,36,15,21,5,93,79,56,23,21,20,10,10,1,0,519
2021,"Lewisham 018","E02000670",6711,5733,4623,75,1035,974,87,49,111,45,203,41,79,177,182,61,35,26,219,12,184,44,99,41,23,5,0,4,4,10,137,5,2,0,3,24,19,0,1,4,51,6,2,10,14,16,3,57,3,36,1,17,0,177,28,6,22,2,49,98,74,24,22,12,7,5,10,0,423
2021,"Lewisham 019","E02000671",8740,7806,6861,129,816,775,79,47,128,52,113,21,79,102,154,41,9,32,137,6,112,20,77,15,19,0,0,8,1,10,93,6,3,0,3,25,6,2,11,6,33,1,4,13,4,5,6,29,8,15,1,5,0,155,51,9,42,4,46,54,47,7,52,52,38,14,0,0,497
2021,"Lewisham 020","E02000672",10271,8610,6850,153,1607,1535,133,56,258,142,229,69,143,233,272,72,8,64,304,16,254,36,173,45,34,3,0,11,6,14,265,4,2,1,1,48,31,2,14,1,108,5,3,52,18,30,0,102,8,83,4,7,3,335,43,15,28,9,178,105,89,16,48,48,36,12,0,0,709
2021,"Lewisham 021","E02000673",8137,7361,6510,132,719,690,61,54,110,32,99,26,87,49,172,29,6,23,129,5,99,23,67,9,25,0,1,8,6,10,100,1,0,0,1,52,17,0,30,5,18,0,2,6,4,5,1,28,5,11,3,9,1,138,52,14,38,3,47,36,23,13,39,39,29,10,0,0,370
2021,"Lewisham 022","E02000674",8454,7377,6270,121,986,946,103,47,94,49,186,21,94,114,238,40,1,39,173,14,136,19,78,39,23,4,0,4,1,14,125,3,1,0,2,49,38,1,7,3,49,1,6,14,4,24,0,23,3,8,1,11,1,175,34,13,21,3,24,114,87,27,15,15,9,6,0,0,589
2021,"Lewisham 023","E02000675",8530,7495,6500,98,897,845,78,22,133,60,71,58,90,137,196,52,6,46,148,17,106,25,58,23,25,5,0,7,2,11,160,4,0,0,4,47,28,5,11,3,88,4,5,45,2,31,1,21,8,5,3,5,0,115,21,1,20,3,39,52,38,14,15,15,7,8,0,0,597
2021,"Lewisham 024","E02000676",7817,7016,6199,131,686,661,74,39,93,34,93,37,76,67,148,25,2,23,107,7,87,11,51,25,13,3,0,2,3,5,75,0,0,0,0,20,10,0,7,3,35,4,3,8,5,15,0,20,7,7,5,1,0,112,45,15,30,1,27,39,29,10,33,33,18,15,0,0,474
2021,"Lewisham 025","E02000677",7209,6317,5487,108,722,690,45,38,115,32,120,40,74,98,128,32,8,24,145,9,111,17,77,17,25,0,2,6,9,8,121,6,0,0,6,4,3,0,0,1,83,9,5,27,12,30,0,27,5,16,2,4,1,128,21,5,16,3,36,68,53,15,12,12,6,6,0,0,486
2021,"Lewisham 026","E02000678",6960,5772,4904,73,795,757,46,15,86,64,56,57,138,107,188,38,15,23,241,13,212,20,169,23,16,5,0,2,4,5,86,2,2,0,0,12,10,0,2,0,61,7,2,15,4,33,0,11,2,3,0,6,0,147,17,4,13,0,31,99,88,11,4,4,4,0,0,0,710
2021,"Lewisham 027","E02000679",8132,7106,6177,110,819,766,80,38,117,72,106,19,77,105,152,53,13,40,154,11,123,24,77,22,20,1,1,6,3,9,116,8,2,0,6,33,21,2,7,3,48,7,7,14,6,6,8,25,5,9,2,9,2,120,33,13,20,1,27,59,41,18,34,34,24,10,0,0,602
2021,"Lewisham 028","E02000680",7037,6113,5209,115,789,746,94,38,106,51,87,18,98,43,211,43,14,29,150,12,113,13,78,22,25,5,0,5,6,9,143,2,0,2,0,41,15,5,17,4,70,5,5,27,22,11,0,30,6,19,2,3,0,118,22,2,20,2,54,40,29,11,11,11,9,2,0,1,501
2021,"Lewisham 029","E02000681",8475,7124,6244,93,787,743,48,16,71,75,101,30,106,105,191,44,7,37,214,11,170,26,114,30,33,2,0,10,4,17,146,1,0,0,1,30,21,2,6,1,90,1,4,31,7,43,4,25,5,16,0,4,0,141,27,7,20,0,29,85,79,6,14,14,10,4,0,0,836
2021,"Lewisham 030","E02000682",8923,7507,6534,63,910,866,60,85,114,64,91,45,105,145,157,44,5,39,265,15,220,43,149,28,30,2,0,4,10,14,152,5,2,0,3,23,14,5,3,1,92,3,1,15,9,64,0,32,10,9,2,11,0,201,15,2,13,2,59,125,112,13,3,3,3,0,0,0,795
2021,"Lewisham 031","E02000683",6772,5616,4700,63,853,813,80,27,88,45,72,74,113,122,192,40,6,34,180,11,139,18,104,17,30,0,0,3,15,12,126,4,0,0,4,30,19,3,6,2,76,0,7,36,4,19,10,16,8,6,1,1,0,122,17,5,12,0,40,65,44,21,13,13,8,5,0,0,715
2021,"Lewisham 033","E02000685",8127,7204,6187,116,901,853,51,28,184,59,132,28,78,40,253,48,12,36,139,5,112,26,67,19,22,1,0,4,1,16,101,5,2,0,3,18,9,2,5,2,48,0,6,17,8,12,5,30,8,19,1,2,0,141,33,4,29,0,42,66,48,18,11,11,6,5,0,0,531
2021,"Lewisham 034","E02000686",7544,6249,5245,65,939,885,56,28,120,58,159,39,163,106,156,54,19,35,239,5,211,54,117,40,23,6,4,6,1,6,90,0,0,0,0,6,4,0,2,0,64,4,11,21,4,23,1,20,11,7,0,2,0,165,19,5,14,1,46,99,84,15,15,15,14,1,0,0,786
2021,"Lewisham 035","E02000687",8263,7222,6326,133,763,735,65,39,105,50,90,21,121,36,208,28,8,20,171,2,142,7,109,26,27,5,0,7,6,9,109,5,0,0,5,21,9,1,8,3,59,6,6,22,11,12,2,23,9,5,1,8,1,174,62,10,52,2,31,79,70,9,19,19,14,5,0,0,568
2021,"Lewisham 037","E02006783",7774,6398,5353,75,970,927,61,19,113,83,77,75,105,161,233,43,14,29,179,11,138,23,95,20,30,1,2,10,5,12,170,0,0,0,0,37,33,2,2,0,97,1,2,24,2,68,0,36,14,18,0,4,0,133,5,1,4,9,33,86,68,18,9,9,6,3,0,0,885
2021,"Lewisham 038","E02006784",7970,6746,5811,78,857,818,50,38,120,37,83,40,131,151,168,39,13,26,159,15,128,25,81,22,16,2,0,2,7,5,147,4,0,4,0,16,14,0,2,0,110,3,3,42,4,58,0,15,3,8,0,4,2,146,9,3,6,0,56,81,75,6,4,4,3,1,0,0,768
2021,"Lewisham 039","E02006798",8887,7571,6113,83,1375,1316,101,55,200,136,297,58,131,62,276,59,8,51,294,10,244,45,149,50,40,7,2,8,5,18,266,1,0,0,1,121,93,5,9,14,79,1,5,44,10,16,3,62,15,5,0,42,3,209,53,12,41,6,86,64,48,16,21,21,13,8,0,0,526
2021,"Lewisham 040","E02007008",5761,4623,3326,85,1212,1129,85,37,204,97,146,54,96,123,287,83,8,75,163,25,104,24,61,19,34,6,0,10,3,15,543,15,5,1,9,173,127,15,9,22,249,0,10,212,13,10,4,101,18,33,12,38,5,163,50,16,34,8,65,40,32,8,24,24,15,9,0,0,245
2021,"Lewisham 041","E02007009",9138,7589,5994,93,1502,1415,142,41,242,99,260,43,127,188,273,87,20,67,232,30,181,16,114,51,21,0,0,6,5,10,420,8,3,1,4,186,158,4,9,15,129,1,5,75,14,31,3,91,8,75,1,7,6,209,53,20,33,4,52,100,78,22,35,35,25,10,0,0,653
2021,"Merton 001","E02000689",9052,8170,6818,180,1172,1085,161,77,173,91,112,20,97,64,290,87,49,38,134,17,16,8,4,4,101,1,2,89,1,8,202,6,2,2,2,85,32,3,23,27,72,0,16,39,13,4,0,36,6,17,6,7,3,158,73,23,50,4,78,3,2,1,93,93,61,32,0,0,295
2021,"Merton 002","E02000690",5523,5035,4387,88,560,469,52,53,62,19,52,3,32,16,180,91,19,72,36,2,4,1,2,1,30,1,0,28,0,1,157,14,4,0,10,84,17,3,37,27,23,0,0,18,4,1,0,27,5,11,3,8,9,114,79,23,56,0,27,8,2,6,34,34,24,10,0,0,147
2021,"Merton 003","E02000691",7350,6531,5376,151,1004,907,95,35,142,82,123,11,115,57,247,97,37,60,116,10,22,14,6,2,84,0,2,72,3,7,251,10,3,0,7,116,52,3,34,27,100,1,0,76,15,8,0,24,5,8,4,7,1,143,84,17,67,5,49,5,2,3,78,78,61,17,0,0,231
2021,"Merton 004","E02000692",7654,6534,5364,170,1000,857,80,61,154,62,100,16,79,38,267,143,60,83,98,15,14,3,10,1,69,0,0,59,1,9,493,13,1,1,11,279,45,12,98,124,142,1,1,115,18,6,1,54,14,14,12,14,5,210,112,30,82,4,81,13,11,2,69,69,46,23,0,0,250
2021,"Merton 005","E02000693",9853,8588,6556,203,1829,1726,86,58,273,139,156,43,351,173,447,103,23,80,159,28,45,27,12,6,86,1,2,53,5,25,337,32,15,7,10,56,17,4,15,20,174,2,17,81,41,33,0,71,15,45,4,7,4,199,45,14,31,6,132,16,10,6,59,59,32,27,0,0,511
2021,"Merton 006","E02000694",9107,8050,6641,185,1224,1145,123,42,196,69,134,19,135,72,355,79,28,51,114,13,13,8,5,0,88,0,0,81,3,4,267,14,5,0,9,95,39,9,15,32,107,2,1,59,23,22,0,49,10,22,9,8,2,190,79,20,59,3,98,10,7,3,86,86,57,29,0,0,400
2021,"Merton 007","E02000695",8638,7665,5892,122,1651,1581,59,54,105,64,103,35,584,218,359,70,5,65,112,7,50,18,21,11,55,1,0,13,7,34,316,6,4,0,2,8,4,0,3,1,262,3,19,69,75,88,8,38,4,33,0,1,2,101,22,4,18,3,52,24,19,5,11,11,6,5,0,0,433
2021,"Merton 008","E02000696",8629,7530,5480,130,1920,1850,29,50,185,134,150,54,628,200,420,70,6,64,125,15,60,33,16,11,50,3,2,19,2,24,331,14,3,1,10,30,16,2,10,2,240,6,10,74,75,74,1,45,15,23,0,7,2,127,19,11,8,1,86,21,10,11,16,16,7,9,0,0,500
2021,"Merton 009","E02000697",8724,7580,6031,221,1328,1188,143,67,189,118,123,26,130,74,318,140,66,74,121,23,20,12,8,0,78,1,0,61,2,14,440,4,0,0,4,188,62,17,37,72,185,1,3,120,38,14,9,63,11,28,11,13,0,213,100,24,76,6,94,13,4,9,102,102,74,28,0,0,268
2021,"Merton 010","E02000698",8238,7391,6394,178,819,711,51,83,117,35,51,11,82,47,234,108,21,87,95,13,12,7,3,2,70,0,0,65,0,5,321,14,7,0,7,204,52,9,53,90,73,3,4,50,9,7,0,26,14,8,1,3,4,140,90,20,70,2,43,5,1,4,56,56,45,11,0,0,235
2021,"Merton 011","E02000699",8216,7199,5938,176,1085,937,103,60,149,71,91,37,95,55,276,148,90,58,112,12,12,4,8,0,88,0,0,83,5,0,414,6,2,0,4,212,73,18,42,79,149,0,3,112,23,11,0,46,11,13,10,12,1,138,58,20,38,2,69,9,3,6,54,54,39,15,0,0,299
2021,"Merton 012","E02000700",8658,7400,5724,89,1587,1523,71,56,182,116,79,62,411,142,404,64,13,51,156,7,87,57,21,9,62,1,1,29,10,21,261,10,4,4,2,36,8,0,11,17,177,5,8,49,56,53,6,35,7,20,1,7,3,117,19,4,15,3,73,22,19,3,21,21,9,12,0,0,703
2021,"Merton 013","E02000701",9010,7748,5867,113,1768,1705,46,63,164,122,70,48,564,211,417,63,9,54,180,9,103,68,23,12,68,1,0,10,2,55,435,4,3,0,1,30,20,0,4,6,337,1,11,96,75,154,0,64,5,56,0,3,0,100,11,4,7,1,50,38,25,13,19,19,13,6,0,0,528
2021,"Merton 014","E02000702",9324,8036,6494,75,1467,1413,47,60,145,198,94,47,440,148,234,54,5,49,223,16,165,103,42,20,42,0,0,10,13,19,205,5,4,1,0,17,7,0,7,3,161,0,7,51,59,40,4,18,1,13,0,4,4,122,7,2,5,3,61,51,39,12,5,5,1,4,0,0,733
2021,"Merton 015","E02000703",7962,7282,6230,157,895,826,77,39,118,60,67,13,101,83,268,69,28,41,77,12,34,13,17,4,31,0,0,24,2,5,194,3,1,0,2,57,20,5,21,11,96,1,4,48,19,19,5,37,17,4,5,11,1,97,32,7,25,0,61,4,3,1,44,44,34,10,0,0,268
2021,"Merton 016","E02000704",8598,7334,5803,154,1377,1250,95,38,178,110,101,28,189,128,383,127,40,87,168,20,27,17,8,2,121,0,0,89,6,26,365,14,4,0,10,133,40,9,18,66,177,0,2,121,25,27,2,36,8,19,2,7,5,160,54,10,44,0,89,17,11,6,42,42,26,16,0,0,529
2021,"Merton 017","E02000705",9331,8292,6492,89,1711,1664,52,49,188,224,195,57,450,170,279,47,8,39,152,6,108,73,23,12,38,0,0,9,5,24,260,6,5,0,1,14,7,0,3,4,217,3,5,65,95,46,3,23,9,14,0,0,0,132,19,7,12,6,76,31,22,9,18,18,14,4,0,0,477
2021,"Merton 018","E02000706",10034,8326,6521,68,1737,1663,79,59,169,148,85,40,540,195,348,74,6,68,264,13,188,135,33,20,63,2,3,20,5,33,355,4,0,2,2,23,14,0,6,3,273,7,15,70,96,77,8,52,8,34,0,10,3,136,17,7,10,3,64,52,38,14,16,16,10,6,0,0,937
2021,"Merton 019","E02000707",8305,6933,5846,45,1042,1015,31,51,73,150,81,30,268,121,210,27,1,26,311,6,260,207,36,17,45,2,7,9,1,26,208,4,1,3,0,25,6,2,3,14,156,14,4,40,73,25,0,23,7,14,1,1,0,123,9,1,8,0,55,59,45,14,5,5,3,2,0,0,725
2021,"Merton 020","E02000708",8889,7963,6744,176,1043,953,77,72,107,64,59,8,164,114,288,90,11,79,72,9,21,4,6,11,42,1,0,34,3,4,334,15,5,2,8,119,30,0,16,73,156,1,7,50,22,69,7,38,15,15,3,5,6,82,30,13,17,7,36,9,9,0,24,24,17,7,0,0,414
2021,"Merton 021","E02000709",7974,7204,6181,176,847,753,35,50,109,68,59,12,147,80,193,94,32,62,79,1,8,6,1,1,70,0,0,60,3,7,186,13,8,0,5,35,10,2,9,14,101,0,2,47,18,30,4,31,14,11,4,2,6,69,29,9,20,0,38,2,0,2,28,28,17,11,0,0,408
2021,"Merton 022","E02000710",9187,7943,6312,121,1510,1462,50,83,116,162,93,66,402,205,285,48,6,42,121,8,87,62,23,2,26,0,0,12,3,11,300,11,3,2,6,21,15,0,6,0,234,4,9,65,65,80,11,34,8,18,0,8,0,65,14,2,12,2,32,17,13,4,5,5,5,0,0,0,753
2021,"Merton 023","E02000711",9444,8004,5909,98,1997,1900,71,189,163,115,69,74,409,317,493,97,22,75,134,19,60,32,22,6,55,1,0,30,7,17,438,9,9,0,0,56,23,2,10,21,332,8,17,75,137,57,38,39,8,18,2,11,2,121,40,8,32,1,58,22,17,5,15,15,9,6,0,0,732
2021,"Merton 024","E02000712",9661,8163,6779,114,1270,1214,58,144,66,92,47,53,245,172,337,56,13,43,122,8,83,58,20,5,31,0,0,15,5,11,412,2,2,0,0,27,3,0,9,15,337,6,10,39,85,52,145,44,8,23,3,10,2,92,32,5,27,7,27,26,17,9,21,10,9,1,11,0,851
2021,"Merton 025","E02000713",7804,7004,6152,125,727,681,39,92,62,55,41,25,141,70,156,46,15,31,55,2,24,17,6,1,29,0,0,25,0,4,176,3,2,0,1,22,13,1,6,2,130,1,3,35,41,36,14,21,1,15,2,3,0,45,11,4,7,1,27,6,5,1,18,18,15,3,0,0,506
2021,"Newham 001","E02000714",7714,6556,4967,67,1522,1459,34,21,224,99,86,121,124,451,299,63,4,59,158,5,114,42,56,16,39,4,1,4,6,24,392,0,0,0,0,14,11,0,3,0,357,4,179,100,66,6,2,21,12,4,2,3,0,89,19,4,15,2,35,33,14,19,23,23,15,8,0,0,496
2021,"Newham 002","E02000715",7299,6013,4513,30,1470,1427,41,23,496,95,54,59,69,302,288,43,3,40,128,7,85,22,40,23,36,4,1,4,2,25,700,4,0,0,4,13,9,2,2,0,649,11,295,185,139,16,3,28,2,8,0,18,6,39,6,2,4,1,14,18,16,2,2,2,2,0,0,0,417
2021,"Newham 003","E02000716",7346,6122,4648,31,1443,1404,36,25,409,153,75,95,65,351,195,39,2,37,87,13,51,23,21,7,23,4,0,4,1,14,647,1,1,0,0,5,0,0,4,1,623,1,311,201,99,9,2,14,1,9,0,4,4,55,12,3,9,2,16,25,19,6,10,10,8,2,0,0,425
2021,"Newham 004","E02000717",8359,6890,5130,51,1709,1669,47,18,591,132,139,94,71,386,191,40,0,40,122,10,95,33,44,18,17,2,4,5,1,5,898,3,0,0,3,1,1,0,0,0,873,3,410,271,157,27,5,21,2,14,0,5,0,68,11,2,9,1,36,20,18,2,5,5,5,0,0,0,376
2021,"Newham 005","E02000718",7402,6321,5140,32,1149,1119,41,17,383,116,44,79,49,271,119,30,1,29,122,10,72,23,26,23,40,10,10,2,2,16,589,3,2,0,1,4,4,0,0,0,562,6,217,209,108,19,3,19,1,16,1,1,1,48,6,2,4,0,16,26,8,18,4,3,3,0,1,0,318
2021,"Newham 006","E02000719",8071,6935,4811,43,2081,2017,67,31,256,151,143,126,169,638,436,64,5,59,192,11,130,39,67,24,51,7,1,2,8,33,393,6,0,0,6,47,25,8,6,8,307,1,163,81,47,9,6,27,4,14,1,8,6,110,16,4,12,0,65,29,19,10,11,11,6,5,0,0,430
2021,"Newham 007","E02000720",7492,6083,4969,36,1078,1053,27,14,241,108,76,76,77,254,180,25,2,23,93,10,63,11,40,12,20,2,0,3,0,15,862,1,1,0,0,19,12,0,3,4,828,15,221,445,127,7,13,13,6,4,0,3,1,87,14,2,12,0,22,51,46,5,9,8,8,0,1,0,358
2021,"Newham 008","E02000721",9546,7711,6152,19,1540,1487,35,9,399,132,114,87,112,374,225,53,15,38,194,18,148,40,80,28,28,1,0,6,12,9,1089,9,0,0,9,21,17,0,2,2,1021,10,395,417,177,9,13,35,6,15,5,9,3,65,18,6,12,0,30,17,10,7,9,9,8,1,0,0,478
2021,"Newham 009","E02000722",8144,7074,4766,57,2251,2157,89,19,353,140,186,190,117,603,460,94,10,84,134,16,99,23,61,15,19,0,0,5,2,12,454,4,2,0,2,39,20,5,7,7,347,2,144,146,46,4,5,48,15,25,3,5,16,115,12,5,7,2,76,25,20,5,13,13,8,5,0,0,354
2021,"Newham 010","E02000723",11192,8839,7155,32,1652,1615,45,33,347,136,41,96,60,648,209,37,1,36,77,7,42,9,25,8,28,3,0,2,6,17,1676,2,0,1,1,3,2,1,0,0,1637,1,301,1055,183,85,12,34,15,9,7,3,0,23,6,2,4,0,4,13,8,5,0,0,0,0,0,0,577
2021,"Newham 011","E02000724",10021,8143,6535,49,1559,1533,60,21,363,138,125,81,79,495,171,26,3,23,89,14,48,19,22,7,27,2,0,5,1,19,1239,3,0,0,3,3,0,0,3,0,1209,1,270,696,203,17,22,15,6,7,1,1,9,53,9,2,7,0,32,12,9,3,1,1,1,0,0,0,496
2021,"Newham 012","E02000725",9980,8305,5728,73,2504,2382,104,32,351,181,217,155,181,519,642,122,26,96,233,35,140,33,86,21,58,10,8,2,6,32,766,43,2,0,41,197,143,24,10,20,390,0,160,161,57,3,9,129,30,40,27,32,7,149,42,15,27,5,72,30,14,16,15,15,10,5,0,0,512
2021,"Newham 014","E02000727",8516,6681,5272,15,1394,1363,34,16,433,125,83,63,84,378,147,31,3,28,75,11,42,13,15,14,22,6,2,0,0,14,1368,0,0,0,0,12,5,6,1,0,1335,12,359,741,195,15,13,21,2,13,0,6,0,24,10,3,7,0,7,7,3,4,1,1,1,0,0,0,367
2021,"Newham 015","E02000728",8530,6856,4872,24,1960,1927,89,22,250,99,107,98,61,876,325,33,1,32,58,3,33,4,16,13,22,0,0,1,3,18,1209,0,0,0,0,18,12,2,0,4,1165,4,226,582,181,170,2,25,2,20,1,2,1,15,3,0,3,0,4,8,8,0,3,3,3,0,0,0,389
2021,"Newham 016","E02000729",7323,6272,4607,42,1623,1573,62,14,233,161,96,146,93,526,242,50,7,43,95,13,65,13,30,22,17,2,0,2,2,11,471,7,2,0,5,22,19,0,3,0,396,2,169,133,87,5,0,38,10,22,3,3,8,58,12,3,9,4,21,21,9,12,7,7,5,2,0,0,420
2021,"Newham 017","E02000730",9929,7595,5933,34,1628,1556,40,16,407,156,72,87,50,535,193,72,6,66,117,7,73,19,40,14,37,8,2,3,2,22,1576,2,0,0,2,5,3,0,1,1,1552,6,437,823,246,7,33,17,5,7,0,5,0,52,4,0,4,0,29,19,13,6,3,3,0,3,0,0,586
2021,"Newham 018","E02000731",9960,7914,5917,28,1969,1900,79,39,468,150,145,76,112,609,222,69,2,67,77,4,42,5,24,13,31,13,1,0,3,14,1440,0,0,0,0,15,9,4,1,1,1379,6,325,667,270,101,10,46,15,27,2,2,0,74,9,3,6,1,54,10,5,5,3,3,3,0,0,0,452
2021,"Newham 019","E02000732",8899,7308,5783,23,1502,1459,56,15,415,183,92,92,83,381,142,43,10,33,139,14,87,28,43,16,38,4,0,11,1,22,881,5,3,0,2,23,16,2,4,1,817,5,336,302,137,26,11,33,4,19,2,8,3,78,23,6,17,2,34,19,12,7,3,3,3,0,0,0,490
2021,"Newham 020","E02000733",10098,8641,6466,46,2129,2031,78,38,254,143,146,176,117,599,480,98,15,83,191,25,131,54,55,22,35,3,2,4,5,21,487,7,0,1,6,45,37,2,1,5,347,1,191,86,56,6,7,85,8,67,0,10,3,116,15,3,12,2,64,35,23,12,16,16,11,5,0,0,647
2021,"Newham 021","E02000734",7301,6172,4512,39,1621,1578,60,12,202,124,110,135,122,504,309,43,3,40,162,11,121,50,44,27,30,3,2,1,1,23,450,1,0,0,1,50,24,3,6,17,290,0,162,82,40,2,4,102,46,44,3,9,7,72,12,3,9,0,32,28,21,7,7,7,5,2,0,1,437
2021,"Newham 022","E02000735",8600,7044,5292,42,1710,1662,50,17,349,148,105,134,105,496,258,48,3,45,122,1,95,36,52,7,26,3,2,0,3,18,922,11,2,0,9,26,22,3,1,0,751,11,356,273,98,13,0,134,16,70,44,4,0,72,17,3,14,0,37,18,9,9,4,4,4,0,0,0,436
2021,"Newham 023","E02000736",9208,7717,5937,40,1740,1709,31,46,329,129,123,114,72,599,266,31,0,31,108,7,75,26,32,17,26,2,4,4,3,13,758,3,0,0,3,11,9,0,0,2,721,22,211,255,110,113,10,23,5,14,0,4,0,45,8,3,5,0,21,16,9,7,3,3,2,1,0,0,577
2021,"Newham 024","E02000737",10377,8796,6721,44,2031,1994,57,34,395,109,107,220,78,772,222,37,1,36,137,2,97,34,47,16,38,10,1,1,0,26,799,7,0,0,7,15,13,0,2,0,713,7,257,247,116,72,14,59,9,45,0,5,5,63,18,1,17,0,28,17,5,12,8,8,3,5,0,0,574
2021,"Newham 025","E02000738",9584,8031,5967,46,2018,1982,67,37,376,154,167,134,141,692,214,36,3,33,144,8,83,30,45,8,53,6,2,14,0,31,865,4,2,0,2,41,28,4,4,5,702,3,247,227,192,27,6,117,11,103,1,2,1,98,15,9,6,2,55,26,19,7,8,8,6,2,0,0,438
2021,"Newham 026","E02000739",7727,6602,4615,40,1947,1901,49,13,224,124,182,189,98,706,316,46,1,45,160,9,130,43,57,30,21,2,2,1,2,14,444,7,0,0,7,26,17,2,5,2,325,2,181,56,78,4,4,86,2,77,1,6,0,70,8,2,6,1,40,21,7,14,13,13,3,10,0,0,438
2021,"Newham 027","E02000740",6767,5740,4328,36,1376,1313,27,21,170,122,94,148,88,341,302,63,4,59,175,15,122,47,53,22,38,3,0,5,3,27,306,5,0,0,5,46,31,5,6,4,184,0,104,57,18,5,0,62,7,47,1,7,9,82,10,4,6,2,48,22,15,7,6,6,3,3,0,0,458
2021,"Newham 028","E02000741",8251,6923,5282,33,1608,1553,34,18,241,158,119,170,88,524,201,55,2,53,159,15,125,59,51,15,19,4,0,1,2,12,505,7,6,0,1,22,18,0,4,0,399,4,181,115,93,6,0,72,12,51,0,9,5,127,18,5,13,3,70,36,14,22,15,15,8,7,0,0,522
2021,"Newham 029","E02000742",8703,7454,5569,21,1864,1815,56,19,176,166,71,186,90,804,247,49,3,46,159,10,120,35,67,18,29,2,0,2,4,21,503,3,0,1,2,11,8,1,2,0,471,15,146,202,81,23,4,18,2,14,1,1,0,71,15,2,13,3,27,26,9,17,5,5,2,3,0,0,511
2021,"Newham 030","E02000743",10286,8687,6488,53,2146,2047,64,33,329,297,134,221,128,453,388,99,16,83,286,25,227,78,108,41,34,2,0,7,7,18,556,7,0,0,7,90,63,8,5,14,367,2,176,110,60,13,6,79,23,36,5,15,13,165,25,9,16,2,100,38,26,12,5,5,5,0,0,0,587
2021,"Newham 031","E02000744",9173,7657,5403,49,2205,2109,42,28,237,201,148,226,96,683,448,96,12,84,267,15,195,52,104,39,57,3,2,3,4,45,424,4,1,2,1,42,30,5,3,4,307,1,142,105,38,12,9,65,9,49,1,6,6,143,12,6,6,5,102,24,12,12,7,7,3,4,0,0,675
2021,"Newham 032","E02000745",8594,7368,4777,70,2521,2466,44,17,177,137,91,533,92,925,450,55,0,55,232,20,166,51,91,24,46,3,0,2,16,25,385,4,1,0,3,38,27,4,3,4,295,1,93,131,43,9,18,48,5,25,0,18,0,78,5,0,5,2,44,27,15,12,8,8,7,1,0,0,523
2021,"Newham 033","E02000746",9426,8077,6035,67,1975,1901,67,31,179,115,68,502,159,404,376,74,9,65,227,41,132,41,74,17,54,5,1,6,9,33,507,19,7,4,8,51,40,5,1,5,385,4,91,209,42,8,31,49,22,11,2,14,3,147,62,9,53,2,47,36,14,22,6,6,4,2,0,0,462
2021,"Newham 034","E02000747",13099,10180,7217,76,2887,2713,140,59,442,275,180,260,192,494,671,174,37,137,361,58,225,62,107,56,78,7,2,38,13,18,1456,68,5,1,62,271,207,24,6,34,939,1,99,721,96,14,8,168,52,45,23,48,10,228,65,27,38,6,98,59,38,21,39,39,30,9,0,0,835
2021,"Newham 035","E02000748",6272,5469,3171,31,2267,2192,18,19,120,131,56,740,139,575,394,75,8,67,150,15,121,25,84,12,14,0,0,5,2,7,216,1,0,0,1,22,15,1,6,0,159,2,48,81,24,2,2,30,11,13,2,4,4,61,16,0,16,0,27,18,9,9,3,3,2,1,0,0,373
2021,"Newham 036","E02000749",9561,8008,5917,49,2042,1971,77,27,181,208,76,375,110,536,381,71,4,67,399,28,334,163,129,42,37,3,0,10,4,20,302,1,0,0,1,52,35,7,6,4,201,0,79,67,43,8,4,47,11,23,4,9,1,105,11,4,7,5,60,29,14,15,5,5,3,2,0,0,742
2021,"Newham 038","E02006995",8639,7080,5399,137,1544,1415,131,77,225,183,94,71,109,84,441,129,21,108,191,29,94,22,53,19,68,10,1,25,6,26,899,41,2,0,39,425,324,30,5,66,286,1,25,208,47,3,2,136,67,21,26,22,11,194,99,48,51,14,60,21,9,12,72,72,48,24,0,0,203
2021,"Newham 039","E02006996",8429,6804,4883,96,1825,1716,114,51,276,160,132,121,121,289,452,109,36,73,189,22,113,34,60,19,54,6,4,13,4,27,917,24,8,1,15,361,277,38,10,36,398,0,97,222,57,17,5,128,67,7,17,37,6,156,69,25,44,9,56,22,10,12,43,43,32,11,0,0,320
2021,"Newham 040","E02006997",6885,5747,4051,85,1611,1545,84,43,282,145,149,77,116,218,431,66,9,57,168,37,93,30,53,10,38,2,0,19,6,11,547,19,11,0,8,108,70,20,9,9,323,2,71,209,27,6,8,97,36,31,22,8,0,126,45,18,27,3,49,29,11,18,30,30,20,10,0,1,266
2021,"Newham 041","E02006998",7087,5915,4172,31,1712,1642,80,17,173,162,82,280,114,357,377,70,10,60,276,10,224,62,138,24,42,8,0,3,4,27,354,6,1,0,5,27,15,5,0,7,292,1,92,153,38,7,1,29,8,11,0,10,0,102,14,5,9,0,68,20,9,11,10,10,5,5,0,0,430
2021,"Newham 042","E02006999",11241,8976,6245,125,2606,2440,137,82,288,239,142,212,214,431,695,166,30,136,382,29,223,54,139,30,130,11,1,52,16,50,1152,27,10,0,17,276,203,26,13,34,696,3,45,523,110,12,3,132,50,37,12,33,21,252,85,16,69,12,131,24,7,17,63,63,44,19,0,2,414
2021,"Redbridge 001","E02000751",11157,10421,9388,148,885,796,45,24,80,32,56,56,75,178,250,89,35,54,75,7,39,9,14,16,29,4,0,16,0,9,191,2,0,0,2,35,18,1,14,2,124,1,22,59,31,11,0,30,4,4,7,15,0,60,35,9,26,2,17,6,2,4,12,12,8,4,0,0,398
2021,"Redbridge 002","E02000752",8776,7709,6358,35,1316,1244,35,17,45,59,29,226,152,449,232,72,6,66,66,5,27,7,18,2,34,4,1,4,5,20,283,5,4,0,1,13,9,0,2,2,244,1,43,121,67,12,0,20,3,11,3,3,1,33,8,2,6,1,9,15,9,6,8,7,5,2,1,0,677
2021,"Redbridge 003","E02000753",6923,6085,4827,33,1225,1168,21,14,65,36,16,211,82,492,231,57,6,51,62,4,38,11,23,4,20,0,0,3,6,11,195,3,0,0,3,14,12,2,0,0,169,1,37,62,49,13,7,9,3,2,0,4,0,32,8,5,3,2,10,12,10,2,3,3,0,3,0,0,546
2021,"Redbridge 004","E02000754",6766,6175,5232,117,826,764,36,19,56,41,39,80,43,247,203,62,5,57,30,3,18,3,14,1,9,1,0,0,0,8,123,4,2,1,1,23,18,0,4,1,72,0,12,30,24,6,0,24,4,8,5,7,0,33,13,6,7,0,10,10,2,8,13,13,6,7,0,0,392
2021,"Redbridge 005","E02000755",5481,5011,4258,74,679,640,8,16,31,50,14,85,49,231,156,39,7,32,29,5,14,6,3,5,10,0,0,3,1,6,114,7,3,0,4,11,8,2,1,0,87,0,20,38,23,5,1,9,7,0,0,2,0,15,8,2,6,2,2,3,3,0,8,8,5,3,0,0,304
2021,"Redbridge 006","E02000756",14600,13030,10407,76,2547,2345,71,61,165,77,28,304,166,1115,358,202,17,185,83,11,46,18,25,3,26,0,1,10,3,12,665,13,1,1,11,27,14,4,5,4,567,1,61,333,108,62,2,57,23,17,6,11,1,51,28,6,22,0,12,11,6,5,9,9,9,0,0,0,762
2021,"Redbridge 007","E02000757",12388,11116,9618,189,1309,1208,79,64,87,84,61,98,113,304,318,101,21,80,129,38,56,14,35,7,35,3,0,13,0,19,487,7,6,0,1,50,27,3,15,5,374,8,28,243,76,15,4,42,17,22,0,3,14,101,41,7,34,2,41,17,10,7,15,14,11,3,1,0,540
2021,"Redbridge 008","E02000758",6888,6175,5552,26,597,555,37,22,55,54,38,50,57,156,86,42,12,30,54,6,27,10,9,8,21,3,0,0,3,15,247,9,1,0,8,11,6,0,5,0,217,3,15,79,90,30,0,8,8,0,0,0,2,30,4,3,1,1,5,20,6,14,10,10,8,2,0,0,372
2021,"Redbridge 009","E02000759",13086,11829,9997,189,1643,1533,50,28,145,77,44,140,154,504,391,110,25,85,123,18,56,25,25,6,49,5,0,14,7,23,365,10,0,2,8,42,24,4,11,3,269,3,62,115,78,10,1,43,16,16,3,8,1,89,34,8,26,6,30,19,9,10,24,24,20,4,0,0,656
2021,"Redbridge 010","E02000760",7529,6636,5495,47,1094,1023,47,42,101,36,20,81,56,452,188,71,8,63,76,6,30,7,21,2,40,3,1,3,7,26,344,4,0,0,4,6,4,0,1,1,325,0,54,125,88,58,0,8,6,1,1,0,1,28,5,1,4,0,9,14,5,9,2,2,2,0,0,0,443
2021,"Redbridge 012","E02000762",6622,6011,5264,14,733,691,31,30,93,23,22,46,30,291,125,42,4,38,35,11,12,3,4,5,12,0,0,0,2,10,320,6,1,0,5,6,5,0,0,1,294,4,48,135,66,41,0,14,0,5,3,6,0,21,6,0,6,0,9,6,4,2,7,7,6,1,0,0,228
2021,"Redbridge 013","E02000763",8018,7053,5726,42,1285,1191,91,59,82,55,21,143,40,543,157,94,1,93,59,2,34,5,24,5,23,6,0,1,2,14,488,3,0,0,3,8,6,0,2,0,453,5,59,218,101,69,1,24,12,8,1,3,0,30,13,6,7,3,8,6,5,1,2,2,2,0,0,0,386
2021,"Redbridge 014","E02000764",12309,11314,9719,293,1302,1228,74,71,155,77,58,93,152,230,318,74,22,52,63,16,17,3,10,4,30,3,0,13,3,11,300,6,3,0,3,32,16,0,12,4,217,1,33,86,54,41,2,42,15,10,9,8,3,86,45,16,29,0,29,12,3,9,56,56,34,22,0,0,490
2021,"Redbridge 015","E02000765",7528,6421,5100,41,1280,1197,34,28,159,34,20,146,40,550,186,83,7,76,62,15,32,9,10,13,15,0,0,3,0,12,727,7,0,2,5,11,7,0,1,3,688,0,118,388,100,80,2,21,14,4,2,1,0,18,11,2,9,0,5,2,1,1,5,5,3,2,0,0,295
2021,"Redbridge 017","E02000767",8626,7327,6002,40,1285,1204,83,65,97,46,45,112,43,543,170,81,2,79,46,10,19,5,12,2,17,4,0,0,2,11,823,10,3,1,6,12,9,0,3,0,782,9,64,517,102,81,9,19,9,7,0,3,0,27,16,6,10,0,6,5,3,2,2,2,0,2,0,0,401
2021,"Redbridge 018","E02000768",5788,5389,4867,173,349,329,15,10,51,23,36,39,16,56,83,20,4,16,30,3,16,4,4,8,11,1,0,8,0,2,113,0,0,0,0,31,23,0,6,2,63,0,7,33,21,2,0,19,6,9,4,0,0,38,22,6,16,1,14,1,1,0,32,32,26,6,0,0,186
2021,"Redbridge 020","E02000770",8122,7076,5654,54,1368,1293,72,50,217,49,45,80,69,515,196,75,1,74,73,11,38,10,12,16,24,4,0,2,4,14,604,2,0,0,2,9,6,1,1,1,580,4,97,274,116,88,1,13,3,6,2,2,0,13,1,1,0,0,0,12,5,7,3,3,2,1,0,0,353
2021,"Redbridge 022","E02000772",8383,6964,5675,43,1246,1191,35,33,222,85,41,85,76,397,217,55,2,53,109,11,49,13,22,14,49,24,0,3,3,19,850,1,0,0,1,14,12,0,2,0,779,4,122,440,193,20,0,55,3,49,0,3,1,27,8,3,5,0,7,12,8,4,6,6,3,3,0,0,427
2021,"Redbridge 023","E02000773",10736,9165,7844,25,1296,1244,110,87,238,66,28,82,43,399,191,52,5,47,129,13,61,15,40,6,55,18,2,3,4,28,940,6,2,0,4,14,13,0,1,0,906,3,159,418,226,98,2,14,4,8,0,2,0,40,22,5,17,1,10,7,5,2,2,2,0,2,0,0,460
2021,"Redbridge 024","E02000774",8107,6775,5225,56,1494,1450,39,31,230,103,91,96,92,589,179,44,2,42,64,8,39,6,28,5,17,2,0,1,2,12,834,6,4,2,0,13,9,4,0,0,808,5,129,444,193,37,0,6,2,2,0,2,1,35,11,3,8,6,6,12,7,5,1,1,1,0,0,0,398
2021,"Redbridge 026","E02000776",7038,6063,4897,38,1128,1076,33,35,284,55,36,67,50,384,132,52,11,41,71,13,37,2,30,5,21,6,0,4,0,11,604,4,1,0,3,12,7,0,4,1,571,2,122,297,130,16,4,17,6,5,3,3,0,21,8,2,6,1,7,5,2,3,4,4,2,2,0,0,275
2021,"Redbridge 027","E02000777",6004,5514,4878,127,509,490,26,25,62,26,19,38,60,107,127,19,4,15,39,6,25,7,16,2,8,1,0,0,1,6,125,7,2,0,5,17,7,0,9,1,89,0,25,31,32,1,0,8,0,1,0,7,4,33,13,5,8,0,17,3,2,1,8,8,7,1,0,0,285
2021,"Redbridge 029","E02000779",8421,6530,4701,50,1779,1699,50,38,454,135,97,115,130,454,226,80,16,64,101,14,59,12,36,11,28,2,3,1,4,18,1255,22,1,1,20,7,5,0,2,0,1192,1,261,619,282,25,4,34,7,13,0,14,0,40,10,4,6,2,8,20,10,10,5,5,5,0,0,0,490
2021,"Redbridge 031","E02000781",16294,14107,12244,110,1753,1667,70,39,290,71,112,156,68,642,219,86,1,85,174,6,69,16,38,15,99,5,0,1,2,91,1124,1,0,0,1,3,2,0,1,0,1110,7,122,468,459,54,0,10,4,3,3,0,0,47,13,9,4,2,18,14,9,5,5,5,4,1,0,0,837
2021,"Redbridge 032","E02000782",11487,8950,6998,54,1898,1834,79,66,421,165,82,149,98,535,239,64,13,51,174,22,107,21,70,16,45,1,0,5,2,37,1714,11,4,0,7,12,9,3,0,0,1667,11,223,948,439,45,1,24,5,8,0,11,0,49,16,5,11,2,5,26,18,8,3,3,3,0,0,0,597
2021,"Redbridge 033","E02000783",7399,6166,4855,28,1283,1259,50,42,247,43,73,63,49,520,172,24,1,23,106,16,62,17,36,9,28,8,0,4,0,16,696,12,6,1,5,5,2,0,1,2,675,4,115,206,299,51,0,4,2,1,1,0,0,59,5,2,3,0,42,12,5,7,3,3,3,0,0,0,369
2021,"Redbridge 034","E02006800",14680,12298,9907,86,2305,2208,51,34,450,128,94,176,138,837,300,97,3,94,184,14,118,23,78,17,52,11,0,12,7,22,1400,11,5,2,4,10,7,1,0,2,1330,10,228,668,387,31,6,49,7,29,1,12,0,52,13,7,6,0,8,31,12,19,15,15,13,2,0,1,730
2021,"Redbridge 035","E02006924",13601,11977,10263,57,1657,1567,62,29,217,40,42,135,88,674,280,90,22,68,105,15,48,15,25,8,42,6,0,3,2,31,973,4,2,1,1,13,7,0,6,0,932,14,136,493,259,23,7,24,12,7,1,4,0,30,22,6,16,0,5,3,3,0,9,9,6,3,0,0,507
2021,"Redbridge 036","E02006925",14419,13237,11908,48,1281,1203,66,44,112,36,27,57,44,576,241,78,5,73,73,10,38,2,29,7,25,4,0,2,2,17,653,16,8,0,8,16,12,1,3,0,587,6,74,277,152,78,0,33,16,7,7,3,1,33,14,11,3,0,15,4,4,0,15,15,14,1,0,0,408
2021,"Redbridge 037","E02007017",8814,7808,6972,50,786,754,26,44,90,38,25,57,48,309,117,32,5,27,100,15,68,14,45,9,17,6,0,0,1,10,424,3,0,0,3,12,6,4,1,1,398,0,78,160,132,25,3,11,4,4,1,2,0,25,6,4,2,0,6,13,9,4,4,4,3,1,0,0,453
2021,"Redbridge 038","E02007018",7269,6188,5123,47,1018,953,31,15,127,67,71,69,71,380,122,65,5,60,167,15,121,21,88,12,31,7,1,2,8,13,465,5,1,1,3,13,7,4,1,1,429,2,104,179,116,26,2,18,4,7,0,7,0,33,2,1,1,0,10,21,15,6,1,1,1,0,0,0,415
2021,"Redbridge 039","E02007019",7160,4831,3266,25,1540,1491,30,23,519,113,81,105,75,341,204,49,12,37,96,15,53,19,27,7,28,1,0,1,6,20,1812,13,4,5,4,6,5,0,0,1,1776,9,228,1311,199,23,6,17,1,9,0,7,0,48,19,5,14,1,9,19,14,5,6,6,6,0,0,0,367
2021,"Redbridge 040","E02007020",9840,8055,6580,31,1444,1415,59,69,327,133,72,87,37,459,172,29,1,28,101,15,48,12,24,12,38,2,0,2,0,34,1144,0,0,0,0,7,2,0,2,3,1126,13,134,518,425,36,0,11,5,4,0,2,0,32,4,0,4,9,2,17,17,0,3,3,2,1,0,0,505
2021,"Richmond upon Thames 001","E02000784",10133,9336,7946,195,1195,1061,98,93,129,37,100,19,81,22,482,134,41,93,52,6,5,0,3,2,41,2,0,34,1,4,205,23,9,1,13,101,44,7,39,11,31,2,0,26,1,2,0,50,8,29,6,7,0,191,155,19,136,5,29,2,0,2,76,76,61,15,0,0,273
2021,"Richmond upon Thames 002","E02000785",9720,8848,7694,166,988,842,103,83,119,40,78,22,67,24,306,146,61,85,30,2,4,1,0,3,24,1,0,22,0,1,218,35,19,6,10,92,24,9,44,15,52,0,3,46,2,1,0,33,11,4,6,12,6,277,199,33,166,13,61,4,0,4,115,115,99,16,0,0,232
2021,"Richmond upon Thames 003","E02000786",11368,10295,8913,227,1155,998,85,58,172,38,85,23,125,27,385,157,112,45,88,14,7,4,3,0,67,1,0,57,6,3,208,32,10,1,21,54,30,5,15,4,72,2,4,47,11,6,2,50,10,20,3,17,0,221,141,24,117,5,68,7,2,5,112,111,70,41,1,0,444
2021,"Richmond upon Thames 004","E02000787",12088,10704,8952,223,1529,1261,117,95,191,68,179,38,130,43,400,268,123,145,99,30,24,1,6,17,45,0,0,28,6,11,391,45,24,2,19,168,65,29,58,16,122,0,3,90,24,4,1,54,10,10,12,22,2,263,140,27,113,14,94,15,3,12,89,89,54,35,0,0,542
2021,"Richmond upon Thames 005","E02000788",9090,8341,7242,155,944,808,64,105,105,42,81,16,78,34,283,136,73,63,40,6,8,2,1,5,26,0,0,24,0,2,202,28,3,4,21,66,24,4,29,9,63,0,2,45,9,6,1,44,12,16,3,13,1,173,98,20,78,1,72,2,2,0,76,76,59,17,0,0,258
2021,"Richmond upon Thames 006","E02000789",6303,5661,4746,133,782,633,55,86,85,27,65,6,61,35,213,149,92,57,48,7,0,0,0,0,41,0,0,33,7,1,183,25,9,0,16,69,30,8,21,10,63,5,3,53,0,2,0,23,4,4,7,8,3,169,114,20,94,6,46,3,0,3,54,54,42,12,0,0,188
2021,"Richmond upon Thames 007","E02000790",6584,6063,5268,167,628,534,46,66,81,17,59,17,62,9,177,94,61,33,49,9,8,4,1,3,32,0,0,31,0,1,119,2,0,0,2,56,24,14,18,0,44,1,0,38,1,4,0,17,7,6,2,2,0,108,83,20,63,4,13,8,0,8,79,79,63,16,0,0,166
2021,"Richmond upon Thames 008","E02000791",6468,5733,4464,149,1120,883,108,83,141,59,80,7,46,35,324,237,129,108,48,11,6,4,0,2,31,0,0,31,0,0,243,20,5,0,15,109,64,12,21,12,71,0,1,60,7,3,0,34,13,7,10,4,9,216,177,25,152,7,26,6,1,5,99,99,78,21,0,0,129
2021,"Richmond upon Thames 009","E02000792",7151,6573,5437,153,983,751,70,105,132,27,54,20,85,29,229,232,149,83,49,11,5,2,1,2,33,0,0,30,1,2,109,12,3,0,9,57,13,11,28,5,23,4,1,14,3,1,0,12,3,5,0,4,5,134,95,12,83,4,33,2,1,1,81,81,67,14,0,0,205
2021,"Richmond upon Thames 010","E02000793",8108,7344,6392,194,758,688,29,27,66,35,52,21,208,72,178,70,30,40,45,8,16,4,8,4,21,2,0,12,4,3,129,3,1,0,2,29,17,1,11,0,77,12,10,32,8,4,11,20,4,7,1,8,0,49,24,6,18,1,18,6,3,3,21,21,11,10,0,0,520
2021,"Richmond upon Thames 011","E02000794",7014,6448,5567,156,725,610,45,41,85,49,56,12,87,60,175,115,64,51,38,7,4,0,3,1,27,1,0,22,0,4,124,8,4,0,4,47,24,13,8,2,53,5,0,36,1,8,3,16,6,0,1,9,0,94,47,19,28,4,37,6,1,5,57,57,35,22,0,0,253
2021,"Richmond upon Thames 012","E02000795",6922,6344,5447,106,791,703,27,241,62,29,47,8,36,32,221,88,41,47,23,4,0,0,0,0,19,0,0,17,2,0,119,9,2,0,7,58,35,2,12,9,24,2,4,15,2,1,0,22,9,7,2,4,6,161,116,26,90,4,41,0,0,0,47,47,40,7,0,0,228
2021,"Richmond upon Thames 013","E02000796",11094,9794,8564,173,1057,999,37,32,106,85,58,48,278,137,218,58,19,39,89,12,38,15,21,2,39,3,0,15,12,9,370,4,2,1,1,24,16,1,7,0,322,37,10,181,50,27,17,20,1,13,2,4,0,60,35,7,28,0,14,11,5,6,9,9,7,2,0,0,772
2021,"Richmond upon Thames 014","E02000797",7866,7248,6178,209,861,716,58,48,155,43,54,27,58,34,239,145,87,58,51,6,8,2,2,4,37,1,0,28,1,7,121,16,5,0,11,51,10,12,18,11,33,5,1,13,7,5,2,17,9,1,3,4,4,119,74,13,61,3,40,2,0,2,66,66,50,16,0,0,261
2021,"Richmond upon Thames 015","E02000798",11302,10344,9158,214,972,901,70,56,174,46,91,27,136,78,223,71,33,38,75,16,20,4,13,3,39,0,0,30,3,6,144,8,2,0,6,32,11,4,16,1,81,1,2,60,12,6,0,23,7,6,1,9,0,100,55,20,35,4,37,4,3,1,80,80,58,22,0,0,559
2021,"Richmond upon Thames 016","E02000799",6603,6138,5526,161,451,390,24,35,54,37,28,13,40,14,145,61,34,27,30,5,3,0,1,2,22,0,0,19,0,3,111,11,8,0,3,53,21,15,13,4,31,2,0,25,3,1,0,16,3,2,1,10,0,85,57,15,42,2,25,1,0,1,42,42,37,5,0,0,197
2021,"Richmond upon Thames 017","E02000800",5408,4863,4167,59,637,548,24,137,69,36,48,15,67,21,131,89,50,39,45,6,2,0,1,1,37,5,0,27,3,2,93,17,11,0,6,35,10,10,9,6,31,5,4,5,9,8,0,10,4,2,1,3,0,42,20,4,16,2,17,3,1,2,25,25,19,6,0,0,340
2021,"Richmond upon Thames 018","E02000801",7109,6590,5936,142,512,448,43,45,56,33,36,11,67,22,135,64,26,38,49,14,12,2,3,7,23,2,0,19,1,1,80,13,0,2,11,29,13,5,9,2,24,1,2,18,0,1,2,11,6,4,0,1,3,94,60,11,49,7,26,1,0,1,32,32,25,7,0,0,264
2021,"Richmond upon Thames 019","E02000802",7025,6458,5832,135,491,437,40,38,45,23,23,13,81,21,153,54,23,31,40,4,12,2,7,3,24,0,0,19,0,5,68,6,2,0,4,25,15,3,7,0,23,1,0,12,4,2,4,11,3,2,1,5,3,82,51,10,41,1,26,4,0,4,33,33,21,12,0,0,344
2021,"Richmond upon Thames 020","E02000803",9714,8693,7794,150,749,699,36,36,72,70,31,48,140,30,236,50,17,33,79,15,13,7,4,2,51,0,1,29,11,10,163,6,3,0,3,40,25,4,11,0,80,5,3,55,12,5,0,37,14,7,4,12,0,74,36,10,26,2,33,3,0,3,17,17,5,12,0,0,688
2021,"Richmond upon Thames 021","E02000804",7154,6581,5918,127,536,464,32,43,85,27,39,13,77,12,136,72,37,35,29,7,3,0,3,0,19,0,0,17,0,2,86,9,4,2,3,38,28,0,10,0,16,0,0,12,0,1,3,23,8,4,0,11,0,101,66,14,52,8,23,4,0,4,46,46,26,20,0,0,311
2021,"Richmond upon Thames 022","E02000805",10745,9924,8870,196,858,760,63,85,103,65,61,22,80,41,240,98,56,42,47,3,10,3,6,1,34,0,0,25,5,4,180,16,8,0,8,64,28,5,16,15,74,1,2,61,4,4,2,23,4,7,5,7,3,126,72,23,49,6,45,3,2,1,69,69,50,19,0,0,399
2021,"Richmond upon Thames 023","E02000806",10299,9466,8726,131,609,546,37,26,65,27,45,23,72,26,225,63,14,49,73,9,4,1,2,1,60,0,0,30,23,7,110,12,5,1,6,32,14,3,12,3,39,3,1,26,6,2,1,23,6,9,7,1,4,89,70,10,60,1,15,3,0,3,34,33,27,6,1,0,527
2021,"Southwark 001","E02000807",8226,7112,5392,151,1569,1446,156,67,339,85,157,57,113,78,394,123,18,105,106,15,43,5,25,13,48,0,0,34,6,8,455,10,4,1,5,171,100,12,28,31,152,7,5,125,15,0,0,116,40,11,35,30,6,214,116,40,76,6,84,8,5,3,62,62,44,18,0,0,277
2021,"Southwark 002","E02000808",10166,8294,6314,187,1793,1629,289,134,310,96,175,26,92,56,451,164,17,147,148,35,78,21,41,16,35,1,1,20,2,11,865,36,3,2,31,478,318,51,42,67,173,5,8,141,15,3,1,171,67,17,60,27,7,414,305,90,215,13,84,12,6,6,125,125,94,31,0,0,320
2021,"Southwark 004","E02000810",11892,10229,8121,160,1948,1846,212,89,442,100,301,50,136,70,446,102,22,80,283,33,198,33,110,55,52,4,0,11,10,27,277,12,4,0,8,80,41,4,17,18,116,2,9,94,2,9,0,68,20,14,17,17,1,317,145,45,100,11,122,39,29,10,100,100,81,19,0,0,686
2021,"Southwark 006","E02000812",10796,9208,7465,185,1558,1467,182,98,298,82,283,45,78,57,344,91,20,71,272,24,196,39,110,47,52,5,0,18,3,26,294,7,0,1,6,101,54,12,11,24,114,7,20,76,9,0,2,70,13,17,24,16,2,328,161,48,113,26,121,20,14,6,80,73,53,20,7,0,614
2021,"Southwark 007","E02000813",10222,8461,6374,155,1932,1756,201,65,355,112,248,73,172,86,444,176,33,143,279,41,203,33,121,49,35,3,0,9,6,17,445,19,3,0,16,181,88,44,14,35,128,7,12,90,13,1,5,113,53,18,13,29,4,292,100,45,55,5,165,22,18,4,64,64,41,23,0,0,681
2021,"Southwark 008","E02000814",10292,8981,6556,156,2269,2056,235,86,519,100,219,97,128,134,538,213,58,155,146,26,96,15,68,13,24,2,0,10,3,9,446,32,8,3,21,180,118,16,16,30,140,6,4,114,12,2,2,86,31,23,14,18,8,266,107,39,68,6,129,24,17,7,68,67,48,19,1,0,385
2021,"Southwark 009","E02000815",7618,6267,4821,134,1312,1234,153,101,190,72,305,21,64,40,288,78,7,71,214,40,143,35,72,36,31,1,0,6,4,20,588,34,15,1,18,320,242,31,10,37,121,1,23,79,14,2,2,107,39,26,21,21,6,238,112,27,85,8,95,23,17,6,75,75,56,19,0,0,236
2021,"Southwark 010","E02000816",9612,8106,6197,159,1750,1669,106,60,394,113,353,46,109,106,382,81,8,73,261,22,201,36,117,48,38,0,0,12,6,20,205,12,6,4,2,51,26,8,9,8,92,19,20,50,2,0,1,46,14,16,6,10,4,264,67,15,52,6,151,40,30,10,50,50,29,21,0,0,726
2021,"Southwark 011","E02000817",6823,5664,4629,70,965,929,71,16,200,42,191,37,95,63,214,36,3,33,179,13,138,27,68,43,28,0,0,11,3,14,149,6,2,1,3,50,34,3,12,1,58,0,22,33,1,2,0,28,6,12,1,9,7,151,21,4,17,4,95,31,20,11,25,25,18,7,0,0,655
2021,"Southwark 012","E02000818",9791,8335,6676,156,1503,1413,161,70,259,98,336,34,111,67,277,90,29,61,288,25,225,44,128,53,38,3,1,10,6,18,364,13,1,2,10,172,124,14,16,18,94,8,13,52,17,3,1,74,20,37,3,14,11,259,75,19,56,6,140,38,21,17,61,61,48,13,0,0,484
2021,"Southwark 013","E02000819",8496,7175,5835,89,1251,1205,102,53,200,91,344,29,95,56,235,46,10,36,318,20,260,41,152,67,38,5,2,4,5,22,154,4,1,0,3,53,40,1,7,5,51,11,12,19,5,2,2,43,5,23,3,12,3,266,50,14,36,14,160,42,26,16,22,21,11,10,1,0,561
2021,"Southwark 014","E02000820",9246,7906,6425,146,1335,1259,168,46,238,106,263,25,93,41,279,76,24,52,228,18,182,44,78,60,28,3,0,6,0,19,351,13,2,2,9,212,155,24,11,22,46,3,9,33,1,0,0,77,28,14,14,21,3,227,94,37,57,8,84,41,20,21,40,40,32,8,0,0,494
2021,"Southwark 015","E02000821",9356,7744,5653,75,2016,1960,77,71,232,142,979,12,101,71,275,56,25,31,435,6,403,63,238,102,26,0,1,2,0,23,168,7,3,0,4,27,20,1,1,5,73,6,23,21,23,0,0,60,16,28,3,13,1,458,54,24,30,27,243,134,79,55,40,40,16,24,0,0,511
2021,"Southwark 016","E02000822",6717,5599,4534,98,967,938,82,23,156,80,310,13,73,40,161,29,6,23,291,13,254,63,126,65,24,1,3,4,1,15,148,18,6,9,3,40,31,3,2,4,53,3,13,28,9,0,0,37,12,16,0,9,0,203,25,4,21,7,121,50,30,20,13,13,5,8,0,0,463
2021,"Southwark 017","E02000823",8683,7523,6113,114,1296,1251,134,42,192,113,414,18,56,43,239,45,11,34,271,15,225,44,133,48,31,7,1,12,4,7,105,1,1,0,0,23,9,4,4,6,30,1,2,12,12,2,1,47,10,27,3,7,4,296,50,17,33,2,192,52,27,25,32,32,18,14,0,0,456
2021,"Southwark 018","E02000824",9903,8175,6916,94,1165,1122,93,50,145,138,359,26,70,36,205,43,10,33,584,26,521,108,286,127,37,4,1,2,6,24,202,6,1,1,4,45,32,1,7,5,86,5,15,46,13,5,2,60,14,27,2,17,5,273,29,7,22,7,159,78,61,17,17,17,15,2,0,0,652
2021,"Southwark 019","E02000825",10222,8759,7495,86,1178,1142,116,24,158,174,354,18,82,37,179,36,20,16,521,15,467,71,299,97,39,7,2,4,5,21,162,9,3,0,6,65,46,10,2,7,54,4,12,31,6,0,1,34,8,8,4,14,0,251,30,12,18,5,133,83,58,25,11,11,8,3,0,0,518
2021,"Southwark 020","E02000826",9886,8507,7063,126,1318,1257,111,59,139,91,446,19,68,39,285,61,10,51,307,13,253,64,123,66,41,2,0,7,9,23,202,13,0,1,12,64,40,3,12,9,53,2,3,35,9,1,3,72,9,44,5,14,0,305,51,19,32,10,173,71,35,36,47,47,32,15,0,0,518
2021,"Southwark 021","E02000827",11310,9677,7926,168,1583,1538,138,52,200,125,588,30,74,44,287,45,4,41,464,22,396,86,189,121,46,3,0,8,3,32,250,11,2,0,9,64,45,3,8,8,72,24,6,28,14,0,0,103,14,62,2,25,0,376,53,13,40,7,226,90,77,13,42,42,35,7,0,0,501
2021,"Southwark 022","E02000828",8814,7353,6150,107,1096,1064,97,39,134,104,400,16,81,36,157,32,9,23,396,10,360,63,227,70,26,3,0,5,3,15,178,8,1,2,5,54,45,3,5,1,62,3,8,31,15,3,2,50,8,29,1,12,4,306,40,12,28,3,168,95,69,26,22,22,14,8,0,0,559
2021,"Southwark 023","E02000829",10920,9386,8251,140,995,956,101,40,126,56,280,32,67,44,210,39,7,32,359,15,299,55,177,67,45,12,0,8,5,20,139,11,2,4,5,21,15,0,3,3,56,3,26,15,12,0,0,50,7,16,2,25,1,243,64,15,49,12,98,69,54,15,58,58,35,23,0,0,735
2021,"Southwark 024","E02000830",8886,7909,6841,135,933,890,90,60,127,80,260,17,47,38,171,43,8,35,146,14,113,24,65,24,19,1,0,9,2,7,213,14,5,0,9,41,22,2,14,3,46,3,8,30,3,2,0,112,12,95,3,2,0,250,84,31,53,7,126,33,23,10,47,47,36,11,0,0,321
2021,"Southwark 025","E02000831",9357,8402,7420,152,830,803,114,49,109,48,232,11,64,9,167,27,8,19,178,10,134,16,96,22,34,0,0,8,1,25,91,5,0,0,5,29,11,1,10,7,35,1,7,17,10,0,0,21,5,11,1,4,1,203,73,11,62,8,76,46,25,21,72,72,41,31,0,0,411
2021,"Southwark 026","E02000832",9688,8362,7487,138,737,699,82,36,86,50,173,18,55,46,153,38,8,30,270,20,219,43,138,38,31,6,1,2,0,22,76,6,0,2,4,14,8,0,5,1,32,2,11,14,5,0,0,24,9,3,3,9,0,208,49,13,36,5,73,81,66,15,32,32,20,12,0,0,740
2021,"Southwark 027","E02000833",7489,6304,5486,103,715,685,85,48,107,58,168,8,68,9,134,30,7,23,298,17,251,52,167,32,30,2,0,8,7,13,304,12,2,1,9,27,16,2,5,4,91,11,2,69,4,3,2,174,13,149,1,11,0,177,46,15,31,9,66,56,43,13,26,26,19,7,0,0,380
2021,"Southwark 028","E02000834",9391,8585,7686,222,677,641,78,47,129,54,92,15,38,26,162,36,8,28,97,8,63,15,35,13,26,0,0,15,1,10,117,2,1,0,1,30,12,0,15,3,27,1,3,20,1,2,0,58,7,45,2,4,0,144,67,17,50,8,43,26,21,5,66,66,54,12,0,1,381
2021,"Southwark 029","E02000835",7677,6954,6270,146,538,518,58,32,86,28,94,11,43,28,138,20,6,14,109,5,95,21,58,16,9,1,0,3,0,5,41,11,3,3,5,6,0,0,6,0,17,0,2,7,6,2,0,7,1,5,1,0,0,130,46,12,34,3,50,31,26,5,32,32,24,8,0,0,411
2021,"Southwark 030","E02000836",8296,7624,6913,184,527,491,67,56,68,34,90,7,34,22,113,36,7,29,54,2,41,12,20,9,11,1,0,6,2,2,115,0,0,0,0,34,23,0,9,2,30,0,17,8,4,0,1,51,11,31,5,4,0,144,80,21,59,7,46,11,9,2,65,65,53,12,0,0,294
2021,"Southwark 031","E02000837",8559,8013,7383,159,471,432,73,46,53,19,66,14,24,13,124,39,8,31,31,2,19,3,13,3,10,0,0,10,0,0,108,19,3,0,16,57,37,2,16,2,18,0,0,12,5,1,0,13,9,1,2,1,1,127,92,16,76,1,28,6,3,3,50,50,39,11,0,0,230
2021,"Southwark 032","E02000838",9502,8492,7452,194,846,814,71,47,147,85,176,17,67,39,165,32,7,25,152,9,117,27,77,13,26,5,0,13,0,8,164,12,0,0,12,30,11,0,10,9,61,1,5,33,19,3,0,60,9,44,3,4,1,137,53,7,46,5,52,27,18,9,62,62,43,19,0,0,495
2021,"Southwark 033","E02000839",8481,7446,6602,119,725,694,81,42,106,53,139,11,55,37,170,31,11,20,169,8,141,27,77,37,20,5,0,5,0,10,207,13,6,0,7,114,74,20,5,15,39,0,0,20,14,2,3,39,14,9,9,7,2,143,49,20,29,1,56,37,33,4,53,53,35,18,0,0,463
2021,"Southwark 034","E02006802",9272,7857,6288,150,1419,1299,168,85,219,73,220,19,98,43,374,120,19,101,189,26,137,47,59,31,26,3,0,10,0,13,542,43,12,4,27,275,225,15,10,25,117,2,22,79,9,0,5,104,47,12,18,27,3,229,141,57,84,4,62,22,17,5,66,61,39,22,5,0,389
2021,"Southwark 035","E02006941",5312,4306,3190,140,976,882,163,90,181,44,74,20,30,27,253,94,11,83,60,17,18,3,9,6,25,1,0,16,2,6,415,19,3,0,16,144,69,12,39,24,187,0,0,172,8,3,4,57,16,13,16,12,8,301,232,51,181,8,51,10,7,3,127,127,104,23,0,0,103
2021,"Southwark 036","E02006942",6751,5673,4410,142,1121,1047,189,70,216,57,129,32,57,35,262,74,10,64,145,12,84,16,37,31,49,3,2,25,7,12,271,23,6,1,16,95,57,12,10,16,86,3,7,63,8,3,2,60,17,12,15,16,7,240,156,48,108,20,58,6,6,0,109,109,92,17,0,0,313
2021,"Sutton 001","E02000840",9320,7748,6755,55,938,867,39,51,48,97,45,52,230,114,191,71,19,52,101,9,57,32,19,6,35,2,0,14,4,15,282,3,0,1,2,24,15,3,5,1,216,2,6,67,62,50,29,39,6,28,0,5,0,40,9,1,8,0,21,10,8,2,4,4,2,2,0,0,1145
2021,"Sutton 002","E02000841",9189,7642,6498,63,1081,999,14,116,72,93,59,58,261,154,172,82,15,67,101,9,42,21,16,5,50,0,1,21,9,19,361,8,4,0,4,29,21,0,4,4,272,2,14,90,50,60,56,52,6,36,0,10,0,32,10,4,6,2,14,6,4,2,7,7,6,1,0,0,1046
2021,"Sutton 003","E02000842",8282,7348,6659,104,585,524,40,41,42,38,24,18,87,70,164,61,17,44,66,8,7,4,3,0,51,0,0,17,17,17,306,20,4,0,16,36,20,6,4,6,202,0,3,64,45,68,22,45,17,23,0,5,3,40,9,6,3,1,29,1,1,0,5,5,3,2,0,0,517
2021,"Sutton 004","E02000843",9481,8196,7093,95,1008,947,56,60,119,77,60,51,237,74,213,61,21,40,106,8,57,26,22,9,41,2,0,15,8,16,336,14,5,6,3,54,34,3,10,7,234,3,10,119,59,40,3,31,6,16,1,8,3,68,16,10,6,3,30,19,13,6,15,15,7,8,0,0,760
2021,"Sutton 005","E02000844",8658,7530,6666,74,790,737,28,70,47,53,44,48,207,75,165,53,18,35,66,7,37,14,17,6,22,0,0,5,10,7,163,3,3,0,0,17,10,1,3,3,134,1,6,54,30,30,13,9,3,4,0,2,0,32,10,3,7,0,14,8,4,4,7,7,4,3,0,0,860
2021,"Sutton 006","E02000845",9421,8435,7579,132,724,678,48,57,69,61,39,27,114,57,206,46,17,29,75,9,14,7,5,2,52,1,0,46,3,2,298,11,2,1,8,136,23,10,15,88,132,4,3,75,21,24,5,18,4,6,3,5,1,66,22,7,15,1,37,6,3,3,17,17,11,6,0,0,530
2021,"Sutton 007","E02000846",7616,6756,5909,83,764,687,37,49,82,64,29,23,127,69,207,77,41,36,78,8,37,18,17,2,33,0,0,20,0,13,293,11,1,7,3,63,38,14,7,4,180,1,6,77,51,40,5,39,15,11,1,12,0,31,9,4,5,1,17,4,3,1,9,9,6,3,0,0,449
2021,"Sutton 008","E02000847",9420,8535,7824,140,571,533,33,53,60,27,20,26,112,42,160,38,4,34,34,4,6,1,4,1,24,3,0,14,0,7,258,6,4,1,1,87,26,2,6,53,128,0,8,79,11,25,5,36,6,19,4,7,1,41,19,4,15,1,19,2,2,0,15,14,7,7,1,0,537
2021,"Sutton 009","E02000848",8142,7329,6777,102,450,420,53,23,43,31,14,16,63,44,133,30,13,17,24,2,15,7,4,4,7,0,0,1,2,4,267,1,0,0,1,69,26,6,13,24,159,0,10,76,22,45,6,38,13,11,3,11,0,25,9,2,7,2,12,2,0,2,9,9,5,4,0,0,488
2021,"Sutton 010","E02000849",8179,7200,6567,91,542,509,39,36,53,54,24,19,115,52,117,33,10,23,85,9,42,17,22,3,34,0,1,7,10,16,158,3,2,0,1,23,14,1,8,0,118,0,3,66,18,30,1,13,3,6,0,4,1,52,17,6,11,2,29,4,1,3,5,5,3,2,0,0,679
2021,"Sutton 011","E02000850",10835,9732,9041,80,611,583,39,62,50,52,50,18,107,66,139,28,17,11,54,5,34,13,19,2,15,2,0,6,1,6,237,0,0,0,0,45,33,1,4,7,164,4,2,82,22,52,2,28,10,2,2,14,0,46,18,7,11,0,11,17,15,2,13,13,8,5,0,0,753
2021,"Sutton 012","E02000851",11578,9487,7378,108,2001,1822,74,66,201,139,97,51,331,267,596,179,65,114,228,58,80,40,35,5,90,1,0,36,16,37,693,47,21,15,11,153,61,60,12,20,397,9,26,237,71,43,11,90,29,47,2,12,6,159,43,9,34,6,99,11,9,2,15,15,11,4,0,0,996
2021,"Sutton 013","E02000852",8147,7150,6163,98,889,830,41,44,97,59,48,28,181,103,229,59,23,36,76,6,27,14,9,4,43,0,0,13,16,14,259,1,1,0,0,61,40,3,7,11,162,0,2,95,30,29,6,35,8,11,4,12,0,36,16,10,6,0,16,4,2,2,19,19,16,3,0,0,607
2021,"Sutton 014","E02000853",8169,7168,6237,80,851,793,45,42,68,82,39,24,174,74,245,58,9,49,53,3,21,11,3,7,29,0,0,9,10,10,298,9,5,1,3,96,66,9,13,8,162,1,8,86,31,31,5,30,16,7,4,3,1,54,14,2,12,2,31,7,5,2,23,22,19,3,1,0,573
2021,"Sutton 015","E02000854",7614,6909,6320,137,452,426,21,12,55,25,31,16,85,55,126,26,9,17,37,3,12,5,4,3,22,0,0,9,7,6,128,2,2,0,0,44,20,5,11,8,60,2,2,27,11,15,3,22,3,4,5,10,0,34,14,5,9,1,13,6,3,3,21,21,21,0,0,0,485
2021,"Sutton 016","E02000855",8204,7529,7088,95,346,304,22,28,43,28,19,7,31,29,97,42,13,29,30,4,6,0,5,1,20,1,0,11,3,5,183,3,3,0,0,45,31,3,7,4,112,6,2,64,15,21,4,23,4,8,2,9,0,42,14,5,9,0,27,1,1,0,24,24,13,11,0,0,396
2021,"Sutton 017","E02000856",9330,8370,7652,95,623,578,45,38,68,41,34,31,94,66,161,45,19,26,84,3,38,19,15,4,43,1,4,17,4,17,280,5,5,0,0,57,37,6,9,5,182,2,8,100,20,49,3,36,14,3,0,19,0,59,26,15,11,0,19,14,11,3,12,11,4,7,1,0,525
2021,"Sutton 018","E02000857",8996,7584,6117,98,1369,1243,58,67,133,133,73,43,200,156,380,126,44,82,173,7,76,29,39,8,90,3,1,38,14,34,550,11,4,1,6,102,38,18,23,23,389,3,6,282,52,43,3,48,15,22,1,10,0,114,30,10,20,5,72,7,3,4,24,24,18,6,0,0,551
2021,"Sutton 019","E02000858",8566,7151,6552,71,528,485,24,44,45,54,24,22,95,35,142,43,19,24,84,4,49,25,13,11,31,0,1,7,8,15,238,5,1,3,1,15,5,5,4,1,195,2,15,85,20,61,12,23,7,3,1,12,0,38,13,8,5,1,13,11,8,3,12,12,6,6,0,0,1043
2021,"Sutton 020","E02000859",8489,7519,6992,102,425,407,30,39,55,26,16,13,91,19,118,18,9,9,87,2,59,24,27,8,26,0,0,6,0,20,185,5,4,1,0,38,27,1,2,8,121,1,4,42,21,51,2,17,9,2,0,6,4,45,13,2,11,0,25,7,4,3,14,14,9,5,0,0,639
2021,"Sutton 021","E02000860",8782,7252,5816,88,1348,1235,34,64,136,132,70,45,197,174,383,113,39,74,147,15,57,36,20,1,75,3,0,32,9,31,546,25,12,4,9,82,33,19,13,17,405,5,10,270,62,54,4,31,5,22,0,4,3,103,30,7,23,3,55,15,13,2,20,20,16,4,0,0,714
2021,"Sutton 022","E02000861",7775,7235,6878,78,279,254,19,15,41,16,14,23,49,22,55,25,8,17,24,2,11,7,3,1,11,0,0,9,0,2,151,4,2,0,2,53,26,9,14,4,71,0,0,49,13,9,0,23,13,7,1,2,0,28,14,3,11,0,9,5,2,3,12,12,7,5,0,0,325
2021,"Sutton 024","E02000863",6738,6204,5881,70,253,240,23,14,20,25,15,12,41,24,66,13,3,10,32,1,13,3,9,1,18,0,0,4,2,12,115,0,0,0,0,35,19,5,9,2,67,2,1,30,11,12,11,13,4,3,2,4,0,23,15,1,14,0,6,2,1,1,5,5,3,2,0,0,359
2021,"Sutton 025","E02006836",8719,8002,7425,123,454,414,17,37,53,26,20,13,66,33,149,40,21,19,44,4,8,2,5,1,32,2,0,17,2,11,287,15,13,1,1,78,44,2,18,14,167,0,5,111,37,11,3,21,7,6,6,2,6,43,24,6,18,0,17,2,1,1,11,11,10,1,0,0,332
2021,"Tower Hamlets 001","E02000864",11265,9970,8571,157,1242,1187,100,54,364,63,137,56,85,31,297,55,12,43,87,13,44,4,28,12,30,3,2,17,2,6,321,6,2,1,3,40,19,4,11,6,228,0,179,41,5,2,1,44,12,11,11,10,3,119,60,18,42,3,43,13,7,6,103,103,78,25,0,0,665
2021,"Tower Hamlets 002","E02000865",7962,6923,6002,90,831,766,109,43,218,45,87,18,48,32,166,65,24,41,36,6,17,8,6,3,13,0,2,8,0,3,270,5,1,0,4,22,5,0,9,8,214,1,180,28,4,1,0,21,4,9,0,8,8,122,75,35,40,8,31,8,3,5,94,93,67,26,1,0,517
2021,"Tower Hamlets 003","E02000866",10643,9521,8210,164,1147,1075,131,70,280,62,148,42,48,52,242,72,27,45,54,8,19,6,7,6,27,0,1,15,1,10,281,6,3,0,3,38,15,4,12,7,215,0,174,35,0,6,0,21,6,2,11,2,1,152,78,20,58,4,64,6,1,5,119,119,76,43,0,0,516
2021,"Tower Hamlets 004","E02000867",11325,10068,8181,155,1732,1657,155,68,474,110,229,60,112,133,316,75,15,60,74,11,38,8,22,8,25,5,2,9,2,7,442,8,2,0,6,79,47,8,10,14,298,0,223,57,13,2,3,51,14,12,7,18,6,170,88,29,59,13,53,16,8,8,85,85,64,21,0,0,486
2021,"Tower Hamlets 005","E02000868",7200,6351,5166,130,1055,988,123,63,286,49,124,27,63,31,222,67,15,52,42,10,22,9,10,3,10,0,0,5,1,4,260,18,0,0,18,31,13,4,10,4,183,3,154,16,9,1,0,24,8,3,6,7,4,133,96,38,58,4,31,2,0,2,128,128,98,30,0,0,286
2021,"Tower Hamlets 006","E02000869",5934,5240,4403,93,744,674,121,48,145,44,67,15,35,19,180,70,8,62,39,6,20,2,7,11,13,2,1,6,2,2,172,5,0,0,5,28,12,1,10,5,114,0,89,19,6,0,0,25,7,1,8,9,0,120,85,25,60,0,31,4,1,3,77,77,56,21,0,0,286
2021,"Tower Hamlets 007","E02000870",6370,5596,4600,77,919,886,85,39,300,52,154,28,49,35,144,33,9,24,36,9,19,6,8,5,8,1,3,2,1,1,245,4,1,0,3,30,16,3,5,6,191,3,145,36,6,0,1,19,5,6,1,7,1,70,53,17,36,1,14,2,0,2,68,68,53,15,0,0,355
2021,"Tower Hamlets 008","E02000871",11511,9866,8171,92,1603,1539,69,38,609,80,156,81,80,98,328,64,10,54,126,39,62,21,29,12,25,0,1,5,5,14,817,14,1,3,10,101,76,8,6,11,623,1,514,84,21,2,1,71,27,26,5,13,8,130,47,25,22,3,57,23,9,14,22,22,16,6,0,0,550
2021,"Tower Hamlets 009","E02000872",8154,7059,5669,86,1304,1220,221,77,400,44,133,28,52,34,231,84,18,66,61,17,23,3,14,6,21,0,0,14,0,7,420,16,2,0,14,47,15,7,18,7,322,1,248,58,13,1,1,33,11,4,12,6,2,207,154,45,109,3,42,8,4,4,106,106,82,24,0,0,301
2021,"Tower Hamlets 010","E02000873",9853,8488,6955,55,1478,1390,137,67,460,76,134,22,83,63,348,88,23,65,70,22,25,3,17,5,23,3,3,10,4,3,728,30,6,5,19,176,133,11,23,9,444,0,327,74,37,2,4,68,32,7,13,16,10,125,80,31,49,3,31,11,2,9,52,52,35,17,0,0,390
2021,"Tower Hamlets 011","E02000874",7498,6372,5294,73,1005,955,106,30,320,68,121,20,52,51,187,50,16,34,50,11,27,5,20,2,12,0,1,3,1,7,574,8,1,1,6,170,145,10,2,13,364,1,300,53,10,0,0,32,12,10,0,10,0,99,64,21,43,3,26,6,2,4,62,62,42,20,0,0,341
2021,"Tower Hamlets 012","E02000875",13571,11868,9932,117,1819,1727,129,55,616,151,190,60,92,81,353,92,14,78,136,33,75,19,39,17,28,2,5,4,2,15,749,8,3,0,5,120,81,14,9,16,545,7,439,72,22,3,2,74,16,26,9,23,2,138,58,26,32,6,57,17,11,6,55,55,41,14,0,1,624
2021,"Tower Hamlets 013","E02000876",7268,6201,4900,87,1214,1158,119,49,419,92,166,21,48,45,199,56,20,36,49,14,19,2,13,4,16,4,3,3,2,4,560,4,0,0,4,100,76,3,11,10,414,5,367,32,8,0,2,39,20,12,6,1,3,119,63,18,45,5,50,1,0,1,71,71,60,11,0,0,268
2021,"Tower Hamlets 014","E02000877",13810,12153,10007,110,2036,1925,154,71,651,113,272,69,103,98,394,111,34,77,92,26,45,11,18,16,21,4,1,6,4,6,750,15,3,0,12,91,59,8,10,14,576,0,471,68,24,8,5,58,20,11,7,20,10,153,65,27,38,15,62,11,5,6,62,62,43,19,0,0,600
2021,"Tower Hamlets 015","E02000878",10435,8587,6559,105,1923,1754,310,115,464,78,208,36,55,66,422,169,45,124,96,40,30,8,8,14,26,4,1,12,4,5,968,39,7,3,29,239,153,13,34,39,593,2,334,242,11,3,1,86,29,11,22,24,11,380,280,77,203,18,73,9,5,4,118,117,95,22,1,0,286
2021,"Tower Hamlets 016","E02000879",8347,7209,5952,68,1189,1149,82,52,473,67,175,23,49,56,172,40,8,32,58,13,24,8,10,6,21,2,3,4,1,11,527,7,4,0,3,43,26,5,3,9,411,2,349,45,15,0,0,64,21,24,8,11,2,107,43,14,29,4,51,9,1,8,55,55,40,15,0,0,391
2021,"Tower Hamlets 017","E02000880",6517,5501,4370,57,1074,1019,90,45,395,81,127,15,37,45,184,55,21,34,72,17,41,11,9,21,14,0,2,3,2,7,537,16,4,0,12,36,17,3,11,5,420,1,364,39,14,1,1,61,17,35,5,4,4,66,30,8,22,4,27,5,0,5,16,16,9,7,0,0,325
2021,"Tower Hamlets 018","E02000881",10830,9185,7468,65,1652,1575,112,43,451,108,187,79,113,98,384,77,23,54,166,27,89,19,56,14,50,9,7,15,6,13,701,15,3,1,11,120,84,14,6,16,464,0,271,156,27,7,3,90,15,51,7,17,12,117,49,9,40,2,52,14,6,8,30,30,19,11,0,0,631
2021,"Tower Hamlets 019","E02000882",11495,10210,9052,80,1078,1023,98,39,343,93,81,45,69,52,203,55,9,46,68,16,39,8,26,5,13,2,0,4,2,5,508,3,2,1,0,62,39,4,11,8,400,0,326,48,22,3,1,35,16,8,7,4,8,125,44,19,25,8,62,11,2,9,43,43,26,17,0,0,541
2021,"Tower Hamlets 020","E02000883",9290,7857,6496,48,1313,1257,56,29,444,111,134,70,82,100,231,56,17,39,86,23,42,7,21,14,21,4,1,6,2,8,608,6,1,0,5,41,30,5,1,5,496,1,379,89,22,5,0,62,26,23,3,10,3,96,27,9,18,6,45,18,7,11,23,23,8,15,0,0,620
2021,"Tower Hamlets 021","E02000884",12764,10342,7503,106,2733,2517,484,154,713,140,199,50,100,103,574,216,22,194,114,39,38,11,20,7,37,0,1,15,5,16,1573,79,12,0,67,515,395,35,39,46,769,3,526,206,26,3,5,195,61,21,58,55,15,305,183,63,120,21,94,7,3,4,101,101,64,37,0,0,329
2021,"Tower Hamlets 022","E02000885",7048,6114,5090,58,966,944,68,25,412,54,115,41,42,34,153,22,6,16,34,12,15,7,5,3,7,2,0,3,0,2,462,8,0,3,5,17,10,1,2,4,394,2,342,40,10,0,0,38,9,15,2,12,5,82,38,6,32,3,31,10,1,9,16,16,16,0,0,1,339
2021,"Tower Hamlets 023","E02000886",9589,8260,6322,87,1851,1740,149,59,577,99,154,94,133,113,362,111,24,87,90,26,40,13,23,4,24,2,1,8,3,10,563,11,4,1,6,85,48,8,12,17,390,2,234,128,23,2,1,71,28,17,10,16,6,159,81,27,54,8,52,18,16,2,78,78,54,24,0,0,439
2021,"Tower Hamlets 024","E02000887",10807,9255,7409,68,1778,1672,143,46,595,117,141,93,96,95,346,106,23,83,82,29,35,12,16,7,18,0,1,5,2,10,725,18,9,0,9,86,58,11,5,12,560,3,419,107,27,1,3,52,9,24,6,13,9,133,61,20,41,3,55,14,8,6,37,37,22,15,0,1,574
2021,"Tower Hamlets 025","E02000888",8617,7476,5953,92,1431,1342,145,54,457,82,126,38,78,58,304,89,20,69,59,16,19,5,7,7,24,1,0,17,1,5,604,17,6,0,11,90,60,7,11,12,446,1,335,91,14,5,0,43,13,11,11,8,8,112,50,11,39,17,38,7,1,6,62,61,44,17,1,0,304
2021,"Tower Hamlets 026","E02000889",8963,7654,5800,122,1732,1582,234,85,460,77,156,66,109,75,320,150,20,130,65,21,17,2,12,3,27,3,1,17,2,4,662,18,3,0,15,177,88,17,48,24,359,0,201,127,24,5,2,97,30,18,29,20,11,231,142,39,103,15,74,0,0,0,75,75,62,13,0,1,275
2021,"Tower Hamlets 027","E02000890",5815,5150,3984,95,1071,962,165,72,211,33,61,39,50,68,263,109,17,92,30,13,5,1,3,1,12,2,0,8,0,2,237,12,5,0,7,67,45,7,8,7,110,0,39,59,7,3,2,46,23,5,6,12,2,165,116,33,83,7,37,5,2,3,74,74,51,23,0,0,159
2021,"Tower Hamlets 030","E02000893",7417,6246,4842,68,1336,1193,88,40,254,73,91,148,98,95,306,143,41,102,70,8,35,5,25,5,27,1,0,10,6,10,517,7,5,2,0,120,88,10,10,12,303,1,113,174,15,0,0,75,19,28,5,23,12,132,49,10,39,4,69,10,1,9,32,32,21,11,0,0,420
2021,"Tower Hamlets 031","E02000894",11007,9149,6813,108,2228,1979,158,68,427,112,216,113,147,166,572,249,51,198,145,48,36,6,22,8,61,4,5,32,9,11,1003,28,9,2,17,205,141,9,23,32,641,4,148,448,31,7,3,122,45,27,14,36,7,236,119,32,87,9,86,22,6,16,47,46,33,13,1,0,427
2021,"Tower Hamlets 032","E02006853",11017,8413,6159,83,2171,1946,189,61,436,127,210,83,114,136,590,225,30,195,161,43,46,13,24,9,72,4,3,38,9,18,1692,52,11,5,36,646,524,55,17,50,787,4,164,566,50,3,0,195,90,24,37,44,12,250,134,38,96,4,101,11,5,6,62,62,47,15,0,0,439
2021,"Tower Hamlets 033","E02006854",7081,5431,3703,77,1651,1409,159,81,296,114,106,40,107,95,411,242,53,189,102,38,28,2,19,7,36,0,0,29,1,6,1143,39,5,0,34,493,374,45,41,33,453,1,73,345,25,7,2,136,62,10,35,29,22,171,104,26,78,12,52,3,1,2,45,44,35,9,1,0,189
2021,"Tower Hamlets 034","E02007112",5897,4585,3111,71,1403,1220,126,77,231,68,76,61,82,125,374,183,20,163,119,21,54,8,37,9,44,9,0,19,4,12,909,23,7,0,16,305,222,29,21,33,389,0,67,285,28,4,5,169,77,16,40,36,23,116,56,19,37,9,47,4,2,2,45,45,31,14,0,0,123
2021,"Tower Hamlets 035","E02007113",7465,5836,4395,82,1359,1239,170,51,284,65,87,65,88,83,346,120,15,105,131,27,54,6,32,16,50,3,0,21,12,14,1033,37,7,0,30,280,218,22,16,24,571,1,105,433,28,3,1,126,38,21,28,39,19,156,73,24,49,10,64,9,1,8,53,53,39,14,0,0,256
2021,"Tower Hamlets 036","E02007114",7565,6083,4492,50,1541,1364,122,76,321,69,129,57,73,165,352,177,55,122,161,36,55,8,39,8,70,20,1,31,7,11,842,21,13,0,8,260,198,28,5,29,445,3,147,276,16,3,0,79,23,6,23,27,37,145,84,34,50,7,49,5,1,4,52,52,40,12,0,0,282
2021,"Waltham Forest 001","E02000895",8376,7574,6845,111,618,557,23,12,32,18,19,22,69,151,211,61,26,35,54,12,20,6,13,1,22,0,7,8,1,6,76,2,0,0,2,11,8,0,3,0,49,0,6,5,20,17,1,14,8,2,1,3,0,40,10,6,4,0,15,15,11,4,6,6,3,3,0,0,626
2021,"Waltham Forest 002","E02000896",9324,8554,7619,136,799,706,50,19,74,26,27,57,104,124,225,93,38,55,82,6,36,7,26,3,40,0,0,24,3,13,62,1,1,0,0,13,6,0,4,3,42,0,5,13,22,1,1,6,1,3,0,2,0,63,25,10,15,0,23,15,13,2,9,9,5,4,0,0,554
2021,"Waltham Forest 003","E02000897",8566,7617,6772,89,756,686,35,26,57,38,17,34,116,162,201,70,26,44,64,2,33,14,16,3,29,2,5,9,2,11,64,7,1,1,5,6,2,1,3,0,45,0,8,12,22,3,0,6,0,1,0,5,0,58,16,7,9,0,17,25,16,9,10,10,4,6,0,0,753
2021,"Waltham Forest 004","E02000898",8016,7268,6534,89,645,588,27,11,55,31,18,42,75,158,171,57,28,29,44,4,25,13,7,5,15,2,0,3,2,8,76,2,1,0,1,26,23,0,2,1,41,0,4,11,17,8,1,7,0,2,0,5,0,52,18,6,12,0,13,21,11,10,4,4,2,2,0,0,572
2021,"Waltham Forest 005","E02000899",8808,8040,6770,74,1196,1089,23,18,59,40,33,63,126,387,340,107,52,55,86,11,47,19,11,17,28,3,0,4,4,17,112,1,1,0,0,13,11,1,0,1,83,4,11,8,51,9,0,11,5,2,0,4,4,53,14,7,7,0,15,24,17,7,6,6,6,0,0,0,511
2021,"Waltham Forest 006","E02000900",8972,8040,6819,58,1163,1036,34,19,72,29,19,67,117,333,346,127,45,82,124,14,76,40,20,16,34,3,1,5,4,21,145,11,7,1,3,12,8,1,3,0,92,3,10,17,58,4,0,25,4,13,0,8,5,42,4,0,4,0,12,26,15,11,11,11,8,3,0,0,610
2021,"Waltham Forest 007","E02000901",10494,9569,8411,138,1020,939,62,26,61,32,174,53,126,179,226,81,32,49,89,8,48,18,10,20,33,1,1,13,5,13,77,0,0,0,0,15,7,0,5,3,50,0,4,22,18,4,2,10,5,4,1,0,2,75,26,5,21,1,27,21,8,13,26,26,16,10,0,0,658
2021,"Waltham Forest 008","E02000902",9960,9012,7610,101,1301,1204,47,16,81,44,36,91,159,355,375,97,33,64,127,17,62,31,14,17,48,5,2,9,6,26,159,8,1,0,7,17,15,0,2,0,120,8,12,13,68,19,0,14,3,9,0,2,0,78,18,6,12,1,28,31,22,9,10,10,9,1,0,0,574
2021,"Waltham Forest 009","E02000903",10277,9075,7390,100,1585,1471,83,33,114,83,85,98,198,416,361,114,21,93,120,15,73,29,33,11,32,0,0,9,1,22,193,9,0,0,9,20,13,1,6,0,143,3,11,12,96,21,0,19,6,10,1,2,2,119,36,14,22,0,30,53,36,17,17,17,11,6,0,0,753
2021,"Waltham Forest 010","E02000904",8423,7629,6211,81,1337,1300,37,35,77,53,71,69,217,435,306,37,6,31,122,20,51,26,16,9,51,3,3,4,0,41,143,1,0,0,1,9,6,0,3,0,115,5,11,25,55,19,0,18,5,5,1,7,0,69,12,3,9,1,36,20,10,10,20,20,14,6,0,0,440
2021,"Waltham Forest 011","E02000905",10474,9392,7509,131,1752,1646,65,75,116,62,75,139,190,505,419,106,44,62,139,29,71,25,34,12,39,0,0,3,2,34,207,2,1,0,1,20,7,0,9,4,172,6,14,24,89,39,0,13,6,4,0,3,0,88,36,4,32,2,17,33,22,11,49,49,34,15,0,0,599
2021,"Waltham Forest 012","E02000906",9654,8669,7047,114,1508,1410,61,31,104,58,69,117,236,317,417,98,19,79,100,15,55,25,16,14,30,2,1,5,1,21,232,1,0,0,1,35,12,2,14,7,171,7,12,26,96,30,0,22,12,3,0,7,3,111,41,15,26,5,31,34,29,5,30,30,22,8,0,0,512
2021,"Waltham Forest 013","E02000907",10577,9346,7581,108,1657,1558,65,35,116,117,97,158,244,300,426,99,38,61,200,34,121,58,42,21,45,1,3,7,3,31,177,2,0,0,2,21,14,1,4,2,129,7,8,27,64,22,1,25,4,9,1,11,0,138,54,15,39,2,17,65,45,20,16,16,10,6,0,0,700
2021,"Waltham Forest 014","E02000908",12903,11398,8682,190,2526,2381,160,63,224,111,127,139,422,478,657,145,35,110,209,36,124,53,55,16,49,3,0,12,8,26,389,19,7,0,12,82,52,5,13,12,221,4,19,61,94,42,1,61,13,32,4,12,6,177,61,13,48,5,52,59,43,16,74,74,52,22,0,0,656
2021,"Waltham Forest 015","E02000909",9247,8334,6961,146,1227,1171,79,23,99,52,52,67,179,283,337,56,18,38,136,23,85,31,47,7,28,0,1,6,3,18,144,7,1,1,5,28,13,2,10,3,75,4,4,17,44,6,0,34,7,22,0,5,0,116,59,19,40,4,25,28,16,12,29,29,18,11,0,0,488
2021,"Waltham Forest 016","E02000910",11432,10175,7768,137,2270,2145,101,45,149,82,148,136,238,626,620,125,17,108,144,48,69,33,21,15,27,2,0,11,0,14,332,4,1,0,3,21,10,3,5,3,220,8,19,28,158,7,0,85,40,28,2,15,2,136,68,16,52,3,37,28,18,10,58,56,35,21,2,0,587
2021,"Waltham Forest 017","E02000911",12964,11541,8646,157,2738,2599,75,57,247,106,187,151,335,781,660,139,30,109,151,44,61,34,21,6,46,2,0,7,2,35,437,12,1,0,11,56,29,1,19,7,303,9,17,80,183,14,0,62,14,23,2,23,4,180,54,15,39,0,77,49,34,15,54,54,35,19,0,1,600
2021,"Waltham Forest 018","E02000912",9746,8534,6951,80,1503,1410,62,33,100,56,72,107,174,479,327,93,16,77,98,31,45,22,12,11,22,4,1,4,1,12,351,2,0,0,2,34,24,0,9,1,294,24,28,37,192,5,8,18,1,9,1,7,3,103,40,13,27,1,38,24,16,8,34,34,21,13,0,0,626
2021,"Waltham Forest 019","E02000913",9653,8764,7182,105,1477,1379,78,19,137,81,47,76,204,439,298,98,18,80,109,21,63,34,24,5,25,3,0,14,0,8,286,1,0,0,1,35,32,0,1,2,212,7,13,47,141,4,0,38,1,31,3,3,0,78,24,7,17,2,26,26,14,12,16,16,9,7,0,0,400
2021,"Waltham Forest 020","E02000914",11798,10376,8040,74,2262,2093,86,50,156,103,118,100,251,658,571,169,26,143,195,37,110,62,32,16,48,1,4,9,3,31,414,3,0,0,3,68,67,1,0,0,309,10,29,49,214,7,0,22,1,16,1,4,12,103,23,7,16,3,43,34,21,13,26,26,20,6,0,0,684
2021,"Waltham Forest 021","E02000915",8114,7256,5738,163,1355,1283,75,40,155,66,80,90,169,302,306,72,13,59,96,37,30,4,21,5,29,1,0,5,7,16,230,1,0,1,0,17,8,1,5,3,168,5,34,56,67,6,0,39,6,30,1,2,5,79,32,10,22,3,21,23,16,7,37,34,19,15,3,0,416
2021,"Waltham Forest 022","E02000916",10564,9307,7034,123,2150,2045,70,43,207,118,114,122,307,534,530,105,48,57,176,37,111,52,37,22,28,0,0,5,3,20,364,8,1,0,7,46,29,4,12,1,279,3,30,69,160,17,0,28,5,16,1,6,3,163,37,8,29,6,53,67,53,14,25,25,13,12,0,0,529
2021,"Waltham Forest 023","E02000917",9585,8513,5974,113,2426,2288,62,27,202,129,145,170,294,725,534,138,27,111,133,30,58,26,21,11,45,2,0,5,5,33,263,4,0,0,4,22,15,0,6,1,192,8,34,20,126,3,1,44,3,37,1,3,1,134,36,20,16,2,52,44,27,17,42,42,35,7,0,0,500
2021,"Waltham Forest 024","E02000918",9318,8337,6218,107,2012,1837,80,22,170,92,121,109,148,582,513,175,21,154,125,24,56,24,22,10,45,4,2,8,3,28,231,1,0,0,1,16,7,0,6,3,182,3,35,68,64,11,1,29,3,15,2,9,3,113,31,6,25,3,40,39,25,14,43,43,32,11,0,1,468
2021,"Waltham Forest 025","E02000919",9241,8182,5753,135,2294,2172,88,30,169,118,161,129,259,742,476,122,22,100,102,19,42,21,9,12,41,2,0,9,7,23,360,12,1,0,11,29,19,2,4,4,255,4,72,66,103,10,0,52,8,35,0,9,12,131,33,11,22,4,66,28,15,13,41,41,27,14,0,0,425
2021,"Waltham Forest 026","E02000920",10299,9034,6809,68,2157,2048,107,18,291,108,156,140,203,544,481,109,29,80,173,33,94,48,22,24,46,1,2,9,1,33,338,6,2,0,4,48,33,0,3,12,235,10,51,47,120,2,5,46,5,30,3,8,3,130,32,9,23,3,46,49,31,18,34,34,22,12,0,1,589
2021,"Waltham Forest 027","E02000921",11198,9866,7390,150,2326,2224,64,15,185,130,109,201,228,567,725,102,17,85,194,19,114,53,46,15,61,2,2,10,3,44,325,5,4,0,1,33,17,2,10,4,221,4,38,76,94,5,4,66,16,42,1,7,0,133,21,8,13,3,55,54,35,19,19,17,13,4,2,0,661
2021,"Waltham Forest 028","E02000922",10463,9275,6527,92,2656,2461,55,30,196,141,152,239,227,869,552,195,9,186,139,15,92,35,41,16,32,1,2,9,6,14,366,3,1,0,2,29,10,2,12,5,299,3,111,70,103,10,2,27,7,13,1,6,8,111,26,8,18,0,41,44,31,13,40,40,25,15,0,0,532
2021,"Wandsworth 001","E02000923",7521,6649,5125,137,1387,1291,177,61,284,84,214,34,60,55,322,96,24,72,67,8,22,6,13,3,37,1,1,28,0,7,300,11,1,2,8,63,34,8,17,4,73,1,0,36,36,0,0,153,8,132,6,7,0,208,116,28,88,9,61,22,21,1,65,65,51,14,0,0,232
2021,"Wandsworth 003","E02000925",7900,6978,5469,129,1380,1305,151,83,295,128,201,33,109,39,266,75,19,56,109,14,57,32,19,6,38,1,6,18,3,10,151,4,0,0,4,41,17,3,12,9,59,4,2,20,28,5,0,46,4,31,4,7,1,152,64,19,45,4,45,39,34,5,39,39,28,11,0,0,471
2021,"Wandsworth 004","E02000926",11646,10292,7772,237,2283,2132,340,112,520,112,280,36,154,73,505,151,43,108,145,23,41,17,17,7,81,1,1,62,2,15,336,79,10,17,52,97,40,8,19,30,71,2,5,49,11,3,1,83,16,49,3,15,6,280,143,39,104,17,100,20,12,8,155,155,102,53,0,0,438
2021,"Wandsworth 005","E02000927",7102,6267,5299,139,829,763,111,38,186,79,95,13,40,18,183,66,8,58,117,9,29,13,16,0,79,2,0,32,5,40,99,2,0,0,2,28,15,0,9,4,26,2,1,7,16,0,0,42,6,21,8,7,1,127,66,27,39,3,42,16,12,4,85,85,63,22,0,0,407
2021,"Wandsworth 006","E02000928",8358,7639,6615,200,824,757,112,57,150,27,112,17,61,35,186,67,40,27,68,8,15,8,4,3,45,0,0,45,0,0,115,11,4,0,7,46,12,3,18,13,26,0,0,15,9,2,0,32,7,13,4,8,0,166,116,22,94,1,40,9,3,6,125,125,81,44,0,0,245
2021,"Wandsworth 007","E02000929",8101,6989,5556,69,1364,1305,108,83,269,165,158,29,114,37,342,59,13,46,130,19,61,30,14,17,50,4,3,23,0,20,252,12,3,2,7,47,24,1,8,14,112,20,3,10,52,5,22,79,18,49,5,7,2,119,35,15,20,3,42,39,31,8,50,50,27,23,0,0,561
2021,"Wandsworth 008","E02000930",10084,8856,7199,259,1398,1326,232,72,318,84,186,28,44,38,324,72,20,52,118,10,39,18,13,8,69,0,4,58,0,7,337,19,3,0,16,176,122,18,16,20,75,2,0,57,13,2,1,67,16,24,15,12,0,254,177,55,122,1,55,21,18,3,215,215,147,68,0,0,304
2021,"Wandsworth 009","E02000931",8815,8006,6694,182,1130,1067,387,58,192,32,89,4,51,25,229,63,16,47,60,7,7,1,2,4,46,0,0,42,2,2,120,11,0,0,11,45,21,3,12,9,43,0,1,34,8,0,0,21,6,9,6,0,0,228,183,38,145,7,33,5,3,2,215,215,169,46,0,0,186
2021,"Wandsworth 010","E02000932",12845,11469,9201,294,1974,1810,290,143,351,118,210,21,136,46,495,164,57,107,179,13,16,6,9,1,150,2,0,127,5,16,344,31,17,0,14,102,58,9,16,19,123,0,5,57,36,24,1,85,19,33,9,24,3,349,186,61,125,8,138,17,9,8,220,220,142,78,0,0,284
2021,"Wandsworth 011","E02000933",8861,7954,6544,186,1224,1127,102,83,236,95,142,23,111,50,285,97,37,60,85,15,11,4,5,2,59,0,0,47,3,9,198,22,2,6,14,65,23,3,21,18,59,0,2,31,16,2,8,52,13,21,9,9,0,239,138,39,99,11,66,24,10,14,102,101,73,28,1,0,283
2021,"Wandsworth 012","E02000934",8916,8004,6596,243,1165,1112,165,66,277,78,145,11,69,20,281,53,9,44,99,9,22,10,10,2,68,5,2,50,5,6,119,6,1,0,5,37,13,0,8,16,34,1,1,19,10,3,0,40,9,23,2,6,2,189,111,29,82,11,48,19,12,7,189,189,127,62,0,0,316
2021,"Wandsworth 013","E02000935",7373,6164,4887,82,1195,1090,53,130,129,64,148,33,237,49,247,105,16,89,135,38,60,21,29,10,37,0,1,12,5,19,255,23,9,1,13,37,27,3,3,4,117,15,1,27,72,2,0,66,3,53,8,2,12,178,72,7,65,10,50,46,25,21,16,16,12,4,0,0,625
2021,"Wandsworth 014","E02000936",9365,8150,6323,204,1623,1458,160,79,290,128,162,27,151,59,402,165,89,76,110,18,15,5,4,6,77,2,0,66,0,9,346,24,9,3,12,129,47,14,40,28,115,2,1,81,16,13,2,75,17,25,11,22,3,251,117,33,84,11,114,9,4,5,155,155,110,45,0,0,353
2021,"Wandsworth 015","E02000937",8160,7438,6332,163,943,843,216,83,128,44,90,9,39,18,216,100,42,58,53,8,14,9,2,3,31,0,0,29,0,2,110,15,0,0,15,36,14,2,4,16,25,0,0,19,5,1,0,34,4,8,16,6,0,240,190,32,158,4,36,10,10,0,109,109,74,35,0,0,210
2021,"Wandsworth 016","E02000938",10770,9313,7321,174,1818,1671,137,99,268,100,183,36,299,92,457,147,45,102,148,19,72,39,20,13,57,0,2,34,3,18,408,64,5,46,13,133,67,8,36,22,146,3,5,46,77,8,7,56,15,28,8,5,9,208,80,30,50,10,85,33,24,9,62,62,49,13,0,0,631
2021,"Wandsworth 017","E02000939",7822,7178,6304,136,738,692,230,54,117,19,66,4,38,9,155,46,18,28,38,1,10,6,4,0,27,0,0,21,1,5,89,4,2,0,2,28,13,1,9,5,25,0,2,15,4,4,0,30,8,10,6,6,2,192,151,30,121,3,31,7,4,3,131,131,106,25,0,0,194
2021,"Wandsworth 018","E02000940",9318,8260,6536,178,1546,1457,108,142,333,154,135,19,154,69,343,89,23,66,134,25,29,15,11,3,80,2,3,59,9,7,250,30,6,10,14,51,28,1,12,10,124,1,0,48,72,3,0,38,11,15,1,11,7,177,57,17,40,8,82,30,22,8,90,90,61,29,0,2,405
2021,"Wandsworth 019","E02000941",10172,9319,8083,225,1011,968,100,67,230,78,79,16,80,79,239,43,3,40,99,7,14,6,5,3,78,0,0,73,2,3,91,8,4,1,3,15,6,3,2,4,32,1,1,7,22,1,0,36,10,13,7,6,0,184,100,26,74,3,69,12,5,7,109,109,80,29,0,0,370
2021,"Wandsworth 020","E02000942",9683,8873,7497,165,1211,1145,150,111,236,65,148,16,92,37,290,66,17,49,88,6,12,2,10,0,70,1,0,62,4,3,218,7,2,1,4,68,32,4,24,8,86,0,4,51,30,1,0,53,13,20,3,17,4,180,102,25,77,7,65,6,2,4,114,114,80,34,0,1,209
2021,"Wandsworth 021","E02000943",8720,8023,6867,217,939,874,150,55,178,62,112,18,74,27,198,65,12,53,55,10,11,4,4,3,34,0,1,23,0,10,77,3,2,0,1,25,15,1,4,5,28,0,2,17,9,0,0,21,7,9,2,3,0,159,114,30,84,6,30,9,6,3,161,161,113,48,0,0,245
2021,"Wandsworth 022","E02000944",7639,6548,5044,88,1416,1322,79,192,228,89,142,44,189,58,301,94,26,68,96,19,36,18,12,6,41,8,1,22,1,9,315,20,10,0,10,64,19,3,21,21,146,4,4,25,106,7,0,83,10,51,0,22,2,164,39,8,31,6,101,18,10,8,31,31,25,6,0,0,485
2021,"Wandsworth 023","E02000945",7845,6752,4919,85,1748,1630,98,138,190,101,114,69,392,98,430,118,32,86,147,32,67,28,27,12,48,5,3,17,5,18,278,22,7,7,8,21,13,1,5,2,141,9,3,39,74,3,13,90,9,60,4,17,4,116,37,7,30,2,63,14,9,5,30,30,20,10,0,0,522
2021,"Wandsworth 024","E02000946",8437,7508,6464,188,856,780,66,70,118,54,92,10,81,33,256,76,5,71,158,5,29,12,17,0,124,2,3,94,11,14,112,3,0,0,3,24,11,0,5,8,60,2,1,31,20,6,0,25,2,21,0,2,0,104,53,22,31,2,29,20,14,6,77,77,50,27,0,0,478
2021,"Wandsworth 025","E02000947",9340,8456,7110,217,1129,1043,155,76,176,62,102,19,95,39,319,86,31,55,108,11,8,1,3,4,89,0,1,83,4,1,174,6,3,0,3,48,18,6,11,13,60,0,4,24,30,2,0,57,12,26,9,10,3,160,85,21,64,1,67,7,5,2,114,114,65,49,0,0,328
2021,"Wandsworth 026","E02000948",10031,9202,7937,293,972,926,131,43,168,78,121,20,136,23,206,46,7,39,86,9,15,3,9,3,62,0,1,46,1,14,139,6,1,0,5,38,21,6,7,4,65,1,4,39,19,1,1,30,11,9,10,0,0,194,116,31,85,4,46,28,19,9,128,128,87,41,0,0,282
2021,"Wandsworth 027","E02000949",10002,9265,8215,261,789,750,127,34,161,47,92,8,76,30,175,39,7,32,69,13,12,2,9,1,44,0,0,32,2,10,116,3,1,0,2,34,9,2,14,9,45,0,2,25,12,3,3,34,17,10,3,4,0,150,105,31,74,6,31,8,4,4,124,124,83,41,0,0,278
2021,"Wandsworth 028","E02000950",7580,6622,4929,122,1571,1448,92,145,218,114,112,29,235,72,431,123,36,87,102,27,15,6,5,4,60,2,2,44,3,9,299,12,6,0,6,88,29,4,34,21,127,2,4,41,75,2,3,66,8,34,1,23,6,187,51,7,44,4,120,12,11,1,38,38,24,14,0,0,332
2021,"Wandsworth 029","E02000951",6428,5843,5092,143,608,577,73,33,92,49,73,14,88,22,133,31,3,28,52,15,17,7,8,2,20,1,0,10,3,6,107,2,0,0,2,18,10,0,3,5,70,3,7,28,27,2,3,17,5,8,1,3,0,131,71,23,48,0,45,15,13,2,78,77,46,31,1,0,217
2021,"Wandsworth 030","E02000952",6148,5665,4866,183,616,591,60,32,91,31,87,11,133,22,124,25,9,16,35,6,7,2,2,3,22,0,0,12,1,9,45,2,1,0,1,8,4,0,4,0,24,1,2,11,10,0,0,11,4,3,0,4,0,115,56,16,40,9,37,13,10,3,68,68,55,13,0,0,220
2021,"Wandsworth 031","E02000953",7507,6676,5734,195,747,715,46,58,135,66,81,22,107,29,171,32,13,19,112,14,21,8,11,2,77,1,0,59,7,10,236,6,1,0,5,30,10,5,8,7,112,2,3,71,31,3,2,87,5,72,6,4,1,115,59,12,47,8,37,11,6,5,48,48,34,14,0,0,320
2021,"Wandsworth 032","E02000954",6103,5490,4719,148,623,597,54,50,121,34,90,7,74,27,140,26,5,21,77,11,15,8,5,2,51,1,0,21,22,7,144,1,0,0,1,7,4,0,1,2,111,5,14,38,47,5,2,25,7,14,1,3,0,96,41,17,24,0,47,8,5,3,69,69,37,32,0,0,227
2021,"Wandsworth 033","E02000955",6889,6116,5146,162,808,747,92,63,123,36,60,6,130,37,200,61,26,35,79,21,18,7,6,5,40,1,2,8,1,28,175,4,2,0,2,18,6,1,8,3,137,4,12,38,67,16,0,16,5,7,1,3,0,112,40,13,27,4,51,17,10,7,50,50,35,15,0,0,357
2021,"Wandsworth 034","E02000956",7414,6407,5160,173,1074,1022,73,48,137,59,116,55,239,26,269,52,4,48,118,35,40,16,13,11,43,1,5,18,1,18,297,13,0,0,13,27,6,4,10,7,175,1,13,75,64,20,2,80,8,51,14,7,2,128,32,16,16,3,75,18,14,4,81,81,53,28,0,0,383
2021,"Wandsworth 035","E02000957",10869,9543,7745,285,1513,1405,109,94,230,91,209,32,304,48,288,108,5,103,125,30,45,19,16,10,50,0,0,18,3,29,436,16,3,1,12,22,8,4,4,6,286,24,18,120,103,21,0,111,11,91,2,7,1,188,52,21,31,11,100,25,16,9,75,75,59,16,0,0,502
2021,"Wandsworth 036","E02000958",8270,7520,6434,140,946,895,75,48,115,95,103,23,215,29,192,51,11,40,57,11,23,11,6,6,23,1,1,10,4,7,165,3,0,0,3,12,6,1,2,3,110,3,4,25,56,21,1,40,10,24,2,4,0,133,28,11,17,8,78,19,12,7,29,29,18,11,0,0,366
2021,"Wandsworth 037","E02000959",7863,7017,5216,189,1612,1547,99,42,176,195,216,26,347,79,367,65,5,60,118,19,68,15,33,20,31,3,1,14,2,11,136,4,1,0,3,11,8,0,1,2,89,7,8,17,44,13,0,32,4,25,0,3,0,166,34,6,28,13,83,36,29,7,36,36,20,16,0,0,390
2021,"Wandsworth 038","E02007083",7716,6219,4263,108,1848,1425,139,89,312,89,191,35,88,38,444,423,173,250,94,32,25,8,9,8,37,4,0,26,0,7,702,226,40,6,180,266,165,22,24,55,89,7,1,59,19,1,2,78,29,13,11,25,43,369,246,51,195,16,84,23,17,6,82,82,63,19,0,0,250
2021,"Wandsworth 039","E02007084",9885,8597,6622,145,1830,1724,126,59,410,168,302,33,142,64,420,106,24,82,158,22,97,48,37,12,39,4,3,11,0,21,243,23,5,0,18,57,30,7,10,10,80,11,8,18,39,4,0,78,12,53,3,10,5,254,68,20,48,18,124,44,38,6,71,71,47,24,0,0,562
2021,"Westminster 001","E02000960",6158,4885,3692,71,1122,943,217,45,147,51,96,14,37,33,303,179,78,101,63,21,18,0,15,3,24,2,0,22,0,0,540,62,25,0,37,261,49,8,191,13,137,1,2,114,7,12,1,70,18,26,20,6,10,503,396,56,340,11,70,26,5,21,49,49,38,11,0,0,118
2021,"Westminster 002","E02000961",9819,8326,6493,127,1706,1547,260,106,219,118,134,24,49,84,553,159,37,122,113,60,25,5,17,3,28,2,0,17,1,8,469,94,30,9,55,134,30,5,84,15,152,9,17,98,23,5,0,79,16,40,14,9,10,596,489,52,437,26,62,19,6,13,79,79,61,18,0,0,236
2021,"Westminster 003","E02000962",7710,6055,4492,123,1440,1257,205,92,270,71,114,21,53,55,376,183,34,149,145,76,46,9,32,5,23,0,0,14,2,7,741,108,16,12,80,303,43,4,231,25,245,1,7,211,22,3,1,77,20,30,16,11,8,537,369,53,316,27,112,29,2,27,50,50,35,15,0,0,182
2021,"Westminster 004","E02000963",10523,9486,8160,166,1160,1103,104,55,204,198,168,11,102,56,205,57,5,52,108,49,28,5,12,11,31,3,0,11,4,13,292,69,13,2,54,25,12,1,9,3,92,1,33,27,9,6,16,102,9,73,5,15,4,173,80,21,59,2,64,27,8,19,50,49,30,19,1,0,414
2021,"Westminster 005","E02000964",12137,10913,8813,217,1883,1760,232,75,370,162,206,40,134,49,492,123,26,97,139,56,42,5,28,9,41,3,2,16,5,15,300,69,15,2,52,52,19,3,14,16,85,7,27,38,9,4,0,94,19,51,4,20,0,223,110,34,76,12,72,29,9,20,80,80,64,16,0,0,482
2021,"Westminster 006","E02000965",7873,6899,5116,147,1636,1489,242,100,394,124,147,24,73,35,350,147,39,108,69,23,12,0,9,3,34,4,3,16,2,9,315,82,46,4,32,89,28,12,26,23,78,0,7,65,5,1,0,62,15,28,12,7,4,301,217,51,166,10,68,6,3,3,115,115,94,21,0,0,174
2021,"Westminster 007","E02000966",9254,8048,5847,140,2061,1763,323,130,344,72,165,18,158,35,518,298,90,208,62,24,11,1,5,5,27,0,0,21,1,5,451,74,22,5,47,121,28,8,67,18,144,0,31,93,18,0,2,109,39,43,14,13,3,437,338,53,285,6,85,8,3,5,91,91,71,20,0,0,165
2021,"Westminster 008","E02000967",6054,4678,3220,61,1397,1235,318,109,203,48,115,10,23,37,372,162,40,122,77,28,21,4,12,5,28,3,0,15,1,9,721,89,10,6,73,249,101,14,123,11,284,0,5,240,19,5,15,94,20,21,33,20,5,396,307,54,253,15,68,6,2,4,72,70,61,9,2,0,110
2021,"Westminster 009","E02000968",14478,12876,10656,153,2067,1925,250,126,358,165,205,22,69,72,658,142,25,117,208,125,48,8,31,9,35,0,0,6,6,23,502,77,10,13,54,119,44,6,35,34,180,3,74,70,21,8,4,116,31,67,3,15,10,228,99,21,78,14,98,17,7,10,30,30,21,9,0,0,634
2021,"Westminster 010","E02000969",9611,8556,7109,93,1354,1253,132,37,250,177,181,18,42,47,369,101,24,77,135,69,30,2,17,11,36,5,0,8,4,19,362,64,15,14,35,72,36,5,18,13,88,3,28,39,13,2,3,136,29,84,17,6,2,129,57,11,46,8,49,15,1,14,30,30,20,10,0,0,399
2021,"Westminster 011","E02000970",6838,5624,3901,89,1634,1418,365,141,220,77,117,7,33,53,405,216,35,181,63,31,13,2,9,2,19,2,0,13,2,2,488,87,8,0,79,130,66,5,43,16,168,0,2,142,15,6,3,97,32,32,14,19,6,487,419,81,338,11,50,7,0,7,69,69,60,9,0,0,107
2021,"Westminster 012","E02000971",7473,5963,3848,85,2030,1824,406,105,335,66,241,25,49,64,533,206,32,174,99,60,18,3,12,3,21,1,0,13,1,6,573,100,8,5,87,196,94,30,51,21,143,0,1,119,23,0,0,124,36,37,20,31,10,581,447,65,382,13,117,4,0,4,86,86,64,22,0,0,171
2021,"Westminster 013","E02000972",7877,6514,4407,119,1988,1760,340,133,303,95,219,37,66,41,526,228,55,173,74,34,16,3,8,5,24,3,0,13,1,7,588,66,9,1,56,227,127,30,53,17,119,4,8,94,6,1,6,168,52,57,34,25,8,396,296,77,219,17,70,13,4,9,98,98,88,10,0,0,207
2021,"Westminster 014","E02000973",9956,8484,6183,152,2149,1955,371,137,387,84,233,15,61,49,618,194,39,155,95,34,25,1,3,21,36,3,0,13,5,15,462,57,12,1,44,113,52,11,34,16,90,1,5,66,10,5,3,199,106,53,18,22,3,467,350,68,282,10,92,15,7,8,224,224,187,37,0,1,223
2021,"Westminster 015","E02000974",8702,6714,4842,75,1797,1597,274,101,304,61,169,30,50,75,533,200,26,174,196,112,49,1,43,5,35,8,0,18,2,7,1156,180,27,19,134,264,116,26,85,37,349,0,10,138,71,123,7,357,75,28,16,238,6,357,243,50,193,15,82,17,0,17,59,59,49,10,0,0,220
2021,"Westminster 016","E02000975",7416,6088,3866,108,2114,1916,346,127,405,91,264,29,80,88,486,198,49,149,100,36,22,2,18,2,42,0,0,31,4,7,642,77,19,2,56,319,192,29,69,29,127,0,5,93,18,10,1,108,43,17,36,12,11,312,214,45,169,6,82,10,1,9,124,119,97,22,5,0,150
2021,"Westminster 017","E02000976",8436,6773,4390,108,2275,2056,383,129,394,105,220,50,88,101,586,219,30,189,136,59,40,3,33,4,37,3,0,20,2,12,807,100,15,3,82,344,193,32,72,47,143,2,8,104,17,6,6,211,117,29,31,34,9,433,303,65,238,16,102,12,0,12,94,90,76,14,4,0,193
2021,"Westminster 018","E02000977",6388,5020,3618,95,1307,1122,186,97,216,75,92,19,47,34,356,185,27,158,65,22,27,7,2,18,16,2,0,2,0,12,713,72,9,0,63,317,238,24,37,18,147,0,4,122,13,6,2,168,80,27,27,34,9,321,211,66,145,15,84,11,1,10,89,68,59,9,21,0,180
2021,"Westminster 019","E02000978",7122,5812,3972,98,1742,1538,264,86,260,109,194,10,38,172,405,204,31,173,76,43,13,3,4,6,20,1,0,14,0,5,683,106,7,1,98,307,199,34,53,21,147,4,2,127,8,3,3,108,32,32,18,26,15,370,287,61,226,5,67,11,0,11,78,74,65,9,4,0,103
2021,"Westminster 020","E02000979",8086,6765,5088,128,1549,1357,250,86,320,97,189,10,54,47,304,192,28,164,88,46,20,3,12,5,22,2,0,11,7,2,633,68,7,1,60,331,140,9,142,40,116,1,15,53,33,0,14,93,27,22,22,22,25,278,194,62,132,15,60,9,1,8,76,69,55,14,7,0,246
2021,"Westminster 021","E02000980",8723,7558,5797,129,1632,1439,181,76,261,241,195,25,54,50,356,193,35,158,92,36,27,4,16,7,29,2,0,13,3,11,534,28,5,3,20,221,104,12,73,32,141,2,54,67,8,8,2,112,35,37,15,25,32,196,126,32,94,14,50,6,4,2,59,58,44,14,1,0,284
2021,"Westminster 022","E02000981",8270,7225,5678,136,1411,1309,220,96,284,82,180,37,58,26,326,102,22,80,76,26,27,1,9,17,23,10,0,9,2,2,339,37,6,0,31,130,67,10,33,20,54,0,2,46,4,2,0,114,7,55,15,37,4,273,203,49,154,17,47,6,1,5,90,90,79,11,0,1,266
2021,"Westminster 023","E02000982",7646,6682,5235,101,1346,1192,158,74,217,204,155,17,61,32,274,154,53,101,68,28,17,2,11,4,23,1,0,13,1,8,363,66,16,6,44,120,51,9,47,13,95,2,29,41,13,9,1,75,11,25,30,9,7,207,134,39,95,9,57,7,2,5,40,40,34,6,0,0,286
2021,"Westminster 024","E02000983",7691,6641,5358,108,1175,1080,103,79,202,155,171,10,76,33,251,95,20,75,66,30,17,6,10,1,19,1,0,9,4,5,431,42,8,5,29,228,160,7,32,29,81,1,26,44,6,1,3,69,7,43,5,14,11,178,95,25,70,6,69,8,3,5,54,53,38,15,1,0,321
