"date","geography","geography code","Age of arrival in the UK: Total: All usual residents; measures: Value","Age of arrival in the UK: Born in the UK; measures: Value","Age of arrival in the UK: Arrived in the UK; measures: Value","Age of arrival in the UK: Arrived in the UK: Aged 0 to 4 years; measures: Value","Age of arrival in the UK: Arrived in the UK: Aged 5 to 7 years; measures: Value","Age of arrival in the UK: Arrived in the UK: Aged 8 to 9 years; measures: Value","Age of arrival in the UK: Arrived in the UK: Aged 10 to 14 years; measures: Value","Age of arrival in the UK: Arrived in the UK: Aged 15 years; measures: Value","Age of arrival in the UK: Arrived in the UK: Aged 16 to 17 years; measures: Value","Age of arrival in the UK: Arrived in the UK: Aged 18 to 19 years; measures: Value","Age of arrival in the UK: Arrived in the UK: Aged 20 to 24 years; measures: Value","Age of arrival in the UK: Arrived in the UK: Aged 25 to 29 years; measures: Value","Age of arrival in the UK: Arrived in the UK: Aged 30 to 44 years; measures: Value","Age of arrival in the UK: Arrived in the UK: Aged 45 to 59 years; measures: Value","Age of arrival in the UK: Arrived in the UK: Aged 60 to 64 years; measures: Value","Age of arrival in the UK: Arrived in the UK: Aged 65 to 74 years; measures: Value","Age of arrival in the UK: Arrived in the UK: Aged 75 to 84 years; measures: Value","Age of arrival in the UK: Arrived in the UK: Aged 85 to 89 years; measures: Value","Age of arrival in the UK: Arrived in the UK: Aged 90 years and over; measures: Value"
2021,"City of London 001","E02000001",8582,4327,4255,183,64,34,144,54,214,375,1021,978,893,247,21,23,2,1,1
2021,"Barking and Dagenham 001","E02000002",8278,5361,2917,281,118,92,201,46,116,143,573,597,603,105,19,19,3,1,0
2021,"Barking and Dagenham 002","E02000003",11542,6692,4850,372,203,159,363,64,195,367,1016,880,911,275,25,18,2,0,0
2021,"Barking and Dagenham 003","E02000004",6640,4752,1888,167,78,57,119,32,72,150,377,331,382,93,13,13,3,0,1
2021,"Barking and Dagenham 004","E02000005",11082,6665,4417,382,209,123,267,68,161,243,914,826,963,220,17,22,2,0,0
2021,"Barking and Dagenham 006","E02000007",10162,6612,3550,295,164,113,242,56,140,198,664,646,823,175,15,15,3,1,0
2021,"Barking and Dagenham 007","E02000008",13255,8354,4901,449,218,149,341,69,178,272,888,806,1199,260,32,31,7,2,0
2021,"Barking and Dagenham 008","E02000009",12859,7260,5599,586,272,156,384,80,174,309,975,976,1338,278,35,29,5,2,0
2021,"Barking and Dagenham 009","E02000010",9488,5877,3611,291,171,98,245,44,129,208,631,653,915,175,25,20,6,0,0
2021,"Barking and Dagenham 010","E02000011",7027,4252,2775,208,122,74,197,28,97,182,544,488,667,138,15,11,3,1,0
2021,"Barking and Dagenham 011","E02000012",11512,7059,4453,501,229,173,352,70,170,338,902,655,821,191,20,25,4,0,2
2021,"Barking and Dagenham 012","E02000013",9396,5773,3623,328,165,102,225,49,133,171,665,662,946,145,14,15,2,1,0
2021,"Barking and Dagenham 013","E02000014",9863,6176,3687,316,127,100,241,44,135,230,664,648,924,199,20,35,3,0,1
2021,"Barking and Dagenham 014","E02000015",8227,5104,3123,269,139,95,214,52,109,152,573,533,796,159,11,17,3,1,0
2021,"Barking and Dagenham 015","E02000016",10568,4406,6162,642,279,157,362,81,193,305,979,1136,1657,296,35,27,13,0,0
2021,"Barking and Dagenham 016","E02000017",9133,4165,4968,393,229,123,393,85,194,323,871,798,1183,309,32,25,10,0,0
2021,"Barking and Dagenham 017","E02000018",9553,5847,3706,345,169,82,233,64,147,195,754,651,870,157,22,14,2,1,0
2021,"Barking and Dagenham 018","E02000019",9661,6038,3623,325,142,101,268,65,117,198,665,617,891,187,18,20,8,1,0
2021,"Barking and Dagenham 019","E02000020",14056,7326,6730,553,301,177,429,117,289,377,1297,1191,1582,322,44,42,9,0,0
2021,"Barking and Dagenham 020","E02000021",8758,4971,3787,392,193,117,263,44,137,212,653,649,911,181,14,14,7,0,0
2021,"Barking and Dagenham 021","E02000022",7737,3918,3819,348,145,85,278,81,157,214,772,722,830,159,15,12,1,0,0
2021,"Barking and Dagenham 022","E02000023",8019,4605,3414,275,145,81,252,56,150,190,651,623,789,151,20,21,9,1,0
2021,"Barking and Dagenham 023","E02006799",12042,7269,4773,455,197,175,345,64,152,265,919,812,1118,210,30,22,9,0,0
2021,"Barnet 001","E02000024",10842,7779,3063,308,111,83,174,48,103,202,572,586,701,127,18,24,5,0,1
2021,"Barnet 002","E02000025",8582,6102,2480,226,102,49,151,51,119,181,440,483,526,115,14,19,3,1,0
2021,"Barnet 003","E02000026",6460,4644,1816,174,79,45,151,33,101,141,377,262,329,79,15,24,4,2,0
2021,"Barnet 004","E02000027",9647,6389,3258,327,130,94,238,50,147,199,558,614,730,132,16,19,3,1,0
2021,"Barnet 005","E02000028",6529,4348,2181,209,96,42,129,36,110,157,430,386,468,88,12,14,4,0,0
2021,"Barnet 006","E02000029",9677,6419,3258,300,139,64,197,45,150,216,682,588,710,125,15,23,4,0,0
2021,"Barnet 007","E02000030",9459,6648,2811,288,127,72,183,44,110,179,593,438,628,117,10,16,2,3,1
2021,"Barnet 008","E02000031",8331,5320,3011,259,133,80,157,31,141,188,538,553,728,147,21,23,11,1,0
2021,"Barnet 009","E02000032",7938,5123,2815,276,122,71,209,53,174,260,573,464,454,109,16,22,12,0,0
2021,"Barnet 010","E02000033",8886,5799,3087,276,129,76,192,45,146,186,651,573,663,113,14,16,7,0,0
2021,"Barnet 011","E02000034",9086,5573,3513,318,139,106,210,63,153,263,696,612,765,148,20,16,3,1,0
2021,"Barnet 012","E02000035",8531,4549,3982,362,140,85,215,58,154,228,671,728,1035,229,32,36,9,0,0
2021,"Barnet 013","E02000036",11245,6670,4575,474,195,122,280,88,183,297,873,785,994,200,39,32,13,0,0
2021,"Barnet 014","E02000037",10833,6828,4005,507,203,114,288,64,188,238,742,658,756,203,15,20,7,1,1
2021,"Barnet 015","E02000038",10721,6486,4235,366,180,109,265,78,184,259,819,737,974,190,24,37,10,2,1
2021,"Barnet 016","E02000039",7167,4665,2502,216,105,68,190,37,116,166,473,422,560,114,16,15,3,1,0
2021,"Barnet 017","E02000040",9143,5704,3439,307,129,88,233,68,194,202,617,659,741,137,23,28,8,5,0
2021,"Barnet 018","E02000041",9458,4947,4511,373,161,91,288,70,185,274,898,816,1036,233,35,44,5,0,2
2021,"Barnet 019","E02000042",11559,5711,5848,422,212,144,343,62,277,356,1129,1039,1426,353,29,44,10,1,1
2021,"Barnet 020","E02000043",7571,4341,3230,362,173,105,203,38,131,175,565,496,779,160,21,16,5,1,0
2021,"Barnet 021","E02000044",8846,4916,3930,320,132,98,238,69,162,280,840,658,879,200,19,27,6,2,0
2021,"Barnet 022","E02000045",10523,6152,4371,392,154,111,236,78,167,276,884,765,1073,181,21,26,7,0,0
2021,"Barnet 023","E02000046",6962,3503,3459,265,108,53,186,38,106,221,745,672,856,173,15,18,2,0,1
2021,"Barnet 024","E02000047",12397,5754,6643,487,237,165,406,112,290,428,1180,1191,1657,356,58,60,13,2,1
2021,"Barnet 025","E02000048",10283,6082,4201,390,189,103,275,75,182,279,768,726,932,217,29,29,4,3,0
2021,"Barnet 026","E02000049",10532,5347,5185,370,187,112,343,79,219,318,1037,1019,1162,260,30,41,7,1,0
2021,"Barnet 027","E02000050",10380,6142,4238,380,157,94,231,59,226,292,823,786,914,208,29,30,8,0,1
2021,"Barnet 028","E02000051",9163,5056,4107,338,178,82,231,53,159,205,734,793,1029,224,35,38,8,0,0
2021,"Barnet 029","E02000052",9848,5986,3862,335,119,84,183,46,129,205,787,802,964,146,30,26,6,0,0
2021,"Barnet 031","E02000054",7634,3501,4133,289,120,95,235,48,130,339,912,710,1002,179,36,28,7,3,0
2021,"Barnet 032","E02000055",11726,5451,6275,462,178,126,335,88,269,540,1326,1142,1386,347,34,22,16,1,3
2021,"Barnet 033","E02000056",9130,5717,3413,346,154,100,228,29,105,153,505,599,885,211,39,33,25,1,0
2021,"Barnet 034","E02000057",8015,4566,3449,343,148,83,202,36,124,255,714,589,719,186,22,20,4,0,4
2021,"Barnet 035","E02000058",10223,5882,4341,478,156,86,177,55,119,248,886,853,1008,217,24,27,4,3,0
2021,"Barnet 036","E02000059",11624,4861,6763,396,194,163,416,98,236,492,1442,1235,1597,400,43,38,10,3,0
2021,"Barnet 037","E02000060",11558,6800,4758,815,210,106,200,66,172,281,925,777,894,231,39,28,12,0,2
2021,"Barnet 038","E02000061",8345,3998,4347,341,136,76,204,42,156,192,772,887,1157,284,37,46,12,5,0
2021,"Barnet 039","E02000062",6957,3242,3715,268,120,79,225,65,146,261,757,716,844,193,16,22,3,0,0
2021,"Barnet 040","E02000063",7576,3252,4324,334,145,131,245,72,187,241,828,838,995,243,25,34,4,2,0
2021,"Barnet 041","E02000064",6673,3466,3207,252,118,66,173,40,119,201,608,644,771,178,11,16,8,2,0
2021,"Barnet 042","E02006953",9169,3382,5787,374,154,94,333,115,264,422,1216,1142,1346,259,31,30,7,0,0
2021,"Barnet 043","E02006954",10113,4192,5921,413,185,110,359,93,233,416,1277,1111,1310,336,39,30,9,0,0
2021,"Bexley 001","E02000065",8061,4434,3627,310,145,109,225,59,121,154,572,654,1021,217,18,17,3,1,1
2021,"Bexley 002","E02000066",9429,5712,3717,293,144,106,256,72,140,153,618,652,1014,203,28,28,9,0,1
2021,"Bexley 003","E02000067",10227,6673,3554,304,149,89,216,54,130,217,714,639,825,167,27,19,4,0,0
2021,"Bexley 004","E02000068",8178,5523,2655,235,123,84,172,44,109,145,500,482,614,112,17,12,6,0,0
2021,"Bexley 005","E02000069",7211,5270,1941,181,79,56,145,32,76,127,363,363,417,76,13,11,2,0,0
2021,"Bexley 006","E02000070",8113,6493,1620,142,68,40,121,26,77,112,342,295,316,58,5,12,4,2,0
2021,"Bexley 007","E02000071",7671,6364,1307,150,64,36,83,20,50,67,280,242,265,37,6,3,4,0,0
2021,"Bexley 008","E02000072",12924,9022,3902,336,143,111,233,47,145,188,776,760,928,196,21,15,3,0,0
2021,"Bexley 009","E02000073",10721,8813,1908,197,79,55,121,41,92,126,391,374,350,63,10,8,0,1,0
2021,"Bexley 010","E02000074",8862,7063,1799,148,48,50,119,41,80,123,361,330,395,80,6,16,2,0,0
2021,"Bexley 011","E02000075",7988,6810,1178,133,44,33,81,19,50,89,243,236,201,27,9,8,4,1,0
2021,"Bexley 013","E02000077",8139,6267,1872,175,64,50,125,32,66,98,377,338,431,71,10,32,3,0,0
2021,"Bexley 014","E02000078",7934,6841,1093,119,31,23,59,17,49,59,215,245,214,47,1,11,3,0,0
2021,"Bexley 015","E02000079",8765,6881,1884,180,71,45,137,23,73,109,368,349,423,76,15,11,3,1,0
2021,"Bexley 016","E02000080",10067,7661,2406,218,99,62,135,32,98,156,507,476,492,94,18,14,4,1,0
2021,"Bexley 017","E02000081",8306,6866,1440,154,57,33,85,25,62,94,301,258,298,57,10,4,2,0,0
2021,"Bexley 018","E02000082",9334,7733,1601,119,68,49,124,20,63,113,388,304,292,45,6,5,4,1,0
2021,"Bexley 019","E02000083",11271,9131,2140,222,68,40,130,30,90,128,449,420,451,81,9,17,5,0,0
2021,"Bexley 020","E02000084",11113,9329,1784,208,70,53,124,25,64,106,361,339,346,56,13,15,4,0,0
2021,"Bexley 021","E02000085",7963,6871,1092,120,48,37,57,15,44,78,228,197,201,47,7,9,4,0,0
2021,"Bexley 022","E02000086",7176,6405,771,105,36,15,52,8,34,49,157,130,149,27,3,5,1,0,0
2021,"Bexley 023","E02000087",8211,7132,1079,133,50,31,69,22,64,69,196,201,200,33,5,4,2,0,0
2021,"Bexley 024","E02000088",7752,6888,864,117,37,17,55,16,40,63,169,161,162,20,2,1,4,0,0
2021,"Bexley 025","E02000089",7868,7001,867,91,40,15,51,18,33,77,182,181,148,23,2,4,2,0,0
2021,"Bexley 026","E02000090",9636,8209,1427,142,59,32,108,12,76,102,255,263,311,50,8,6,3,0,0
2021,"Bexley 027","E02000091",10161,8679,1482,141,68,37,82,18,66,92,305,276,320,52,7,10,7,1,0
2021,"Bexley 028","E02000092",6749,5728,1021,111,30,25,71,16,43,63,191,204,211,46,6,2,2,0,0
2021,"Bexley 029","E02006785",6623,4913,1710,156,56,45,106,32,64,110,320,346,357,92,8,14,4,0,0
2021,"Brent 001","E02000093",11874,4837,7037,482,236,149,460,114,382,645,1545,1168,1401,349,39,53,9,3,2
2021,"Brent 002","E02000094",10460,4581,5879,462,226,132,396,88,298,450,1184,1035,1270,262,20,44,12,0,0
2021,"Brent 003","E02000095",10461,4013,6448,462,229,188,457,104,331,533,1228,1021,1457,357,40,32,8,0,1
2021,"Brent 004","E02000096",7633,3504,4129,360,177,122,359,78,252,357,739,648,769,172,45,42,9,0,0
2021,"Brent 005","E02000097",9533,4065,5468,380,236,131,408,104,264,472,1179,860,1120,254,22,31,7,0,0
2021,"Brent 006","E02000098",8741,3817,4924,386,211,128,395,88,212,289,894,801,1092,305,42,70,9,1,1
2021,"Brent 007","E02000099",9562,3849,5713,428,225,160,350,81,273,402,1138,986,1339,257,31,34,6,2,1
2021,"Brent 008","E02000100",8322,3590,4732,357,197,111,349,85,260,401,1020,789,890,211,17,29,12,3,1
2021,"Brent 009","E02000101",9936,4428,5508,454,231,139,427,75,213,388,998,922,1247,316,42,44,9,3,0
2021,"Brent 010","E02000102",8322,3646,4676,402,231,152,415,83,204,306,919,668,990,231,31,24,13,7,0
2021,"Brent 011","E02000103",9975,4622,5353,403,244,154,349,100,242,378,1139,882,1128,260,35,27,10,2,0
2021,"Brent 012","E02000104",7506,3044,4462,328,178,132,314,79,158,301,887,762,1000,258,27,26,12,0,0
2021,"Brent 013","E02000105",9842,3875,5967,382,212,160,353,83,193,356,1262,1101,1478,295,36,40,16,0,0
2021,"Brent 014","E02000106",10354,4089,6265,468,223,154,381,102,299,481,1228,1030,1434,372,39,42,9,3,0
2021,"Brent 015","E02000107",10940,4923,6017,335,161,127,285,106,198,443,1220,1142,1546,361,40,45,8,0,0
2021,"Brent 016","E02000108",7260,2883,4377,293,178,104,318,74,183,265,904,825,900,272,36,22,2,1,0
2021,"Brent 018","E02000110",8172,4233,3939,240,109,85,194,47,153,281,888,819,860,217,12,20,13,0,1
2021,"Brent 019","E02000111",11290,3712,7578,474,282,235,558,128,305,393,1335,1271,1897,574,51,47,24,2,2
2021,"Brent 020","E02000112",11753,3481,8272,546,273,207,511,123,314,450,1402,1351,2299,683,46,44,16,4,3
2021,"Brent 021","E02000113",9629,5044,4585,429,179,174,370,76,229,269,762,731,1024,268,32,33,9,0,0
2021,"Brent 022","E02000114",8996,3906,5090,296,150,110,216,61,189,334,1109,1069,1203,283,27,31,11,1,0
2021,"Brent 023","E02000115",8619,4192,4427,271,112,85,217,64,173,297,965,927,1012,233,29,30,8,3,1
2021,"Brent 024","E02000116",8549,3666,4883,387,192,111,290,85,193,298,862,909,1155,321,40,34,5,1,0
2021,"Brent 025","E02000117",12734,6376,6358,478,266,201,514,124,250,381,1138,1026,1505,388,35,36,10,4,2
2021,"Brent 026","E02000118",11293,3480,7813,498,354,231,631,137,326,460,1397,1207,1897,542,63,54,16,0,0
2021,"Brent 027","E02000119",10625,5313,5312,489,214,148,370,99,207,267,1003,1033,1159,240,34,37,10,2,0
2021,"Brent 028","E02000120",9017,4486,4531,259,124,57,230,50,134,316,898,1098,1113,205,25,14,6,2,0
2021,"Brent 029","E02000121",12240,3907,8333,520,340,228,662,160,360,539,1521,1346,2007,541,46,50,12,1,0
2021,"Brent 030","E02000122",8177,4698,3479,283,111,85,200,54,142,239,713,675,731,180,29,29,8,0,0
2021,"Brent 031","E02000123",13578,6588,6990,462,223,183,461,121,307,410,1291,1180,1711,514,47,63,17,0,0
2021,"Brent 032","E02000124",9953,5862,4091,310,123,95,229,50,126,274,808,857,983,191,21,18,4,2,0
2021,"Brent 033","E02000125",9937,5928,4009,298,122,94,235,65,188,270,905,790,842,154,22,14,9,1,0
2021,"Brent 034","E02000126",8193,4236,3957,266,124,74,260,60,212,270,836,793,858,143,25,26,9,1,0
2021,"Brent 035","E02006955",7509,2839,4670,370,164,99,256,42,170,325,954,938,1061,251,18,19,3,0,0
2021,"Brent 036","E02006956",8829,3526,5303,369,243,135,330,72,284,467,1083,803,1175,277,24,28,12,1,0
2021,"Bromley 001","E02000127",9331,7035,2296,196,68,51,139,27,82,137,475,461,534,105,11,10,0,0,0
2021,"Bromley 002","E02000128",7790,6548,1242,164,32,25,75,14,37,83,253,252,236,52,7,8,3,1,0
2021,"Bromley 004","E02000130",8426,6307,2119,196,90,54,128,26,92,134,430,417,446,82,13,10,1,0,0
2021,"Bromley 005","E02000131",10483,7146,3337,244,113,83,168,42,116,235,652,732,788,125,16,20,3,0,0
2021,"Bromley 006","E02000132",9835,6910,2925,246,103,57,143,31,82,172,535,657,729,134,17,13,6,0,0
2021,"Bromley 007","E02000133",10756,8774,1982,226,88,42,99,22,79,118,372,419,417,68,13,15,4,0,0
2021,"Bromley 008","E02000134",11752,8508,3244,292,129,60,162,33,103,214,632,665,743,152,31,16,9,3,0
2021,"Bromley 009","E02000135",9871,6632,3239,259,139,92,215,71,137,162,636,570,757,152,21,21,7,0,0
2021,"Bromley 010","E02000136",5746,4758,988,102,36,25,58,16,62,46,204,200,169,52,7,9,1,0,1
2021,"Bromley 011","E02000137",8395,6428,1967,225,66,44,104,22,70,120,364,403,465,54,11,16,2,0,1
2021,"Bromley 012","E02000138",8504,6393,2111,193,71,48,104,25,83,102,466,401,483,104,12,17,1,1,0
2021,"Bromley 013","E02000139",7714,6135,1579,152,69,30,95,29,58,89,295,378,317,56,7,2,1,1,0
2021,"Bromley 014","E02000140",8679,7015,1664,164,72,46,113,23,53,97,296,317,395,68,9,10,1,0,0
2021,"Bromley 015","E02000141",7231,5479,1752,187,73,59,92,31,63,109,357,327,369,66,14,3,1,1,0
2021,"Bromley 016","E02000142",8815,6932,1883,216,60,50,97,27,65,93,346,395,441,62,10,13,7,1,0
2021,"Bromley 018","E02000144",10067,6751,3316,361,113,49,141,32,108,165,651,725,818,105,18,20,6,4,0
2021,"Bromley 019","E02000145",8822,6775,2047,182,96,57,133,29,73,105,361,430,467,92,11,10,1,0,0
2021,"Bromley 020","E02000146",9702,7665,2037,227,88,65,119,28,67,97,351,416,476,68,10,13,11,0,1
2021,"Bromley 021","E02000147",8188,6731,1457,177,49,38,79,15,57,91,265,315,290,54,10,11,5,1,0
2021,"Bromley 022","E02000148",6722,5598,1124,143,47,23,56,9,47,63,207,220,241,43,7,14,4,0,0
2021,"Bromley 023","E02000149",8169,6712,1457,161,54,31,74,20,60,79,305,285,312,55,8,11,2,0,0
2021,"Bromley 024","E02000150",8517,7136,1381,170,69,37,103,25,52,114,271,232,232,50,9,13,3,0,1
2021,"Bromley 025","E02000151",7543,6340,1203,133,46,25,53,12,46,55,261,288,228,36,6,14,0,0,0
2021,"Bromley 026","E02000152",7959,6375,1584,161,59,39,101,15,51,67,329,343,348,54,7,8,2,0,0
2021,"Bromley 027","E02000153",8107,7117,990,120,45,28,48,11,38,72,217,201,171,28,5,6,0,0,0
2021,"Bromley 028","E02000154",8529,6516,2013,195,74,36,89,17,77,97,404,426,495,72,11,13,6,1,0
2021,"Bromley 029","E02000155",7156,5908,1248,133,49,28,70,22,36,60,255,262,275,41,6,6,5,0,0
2021,"Bromley 030","E02000156",12292,10591,1701,234,64,44,117,24,76,103,325,306,310,70,6,14,6,2,0
2021,"Bromley 031","E02000157",8367,7021,1346,190,67,35,51,10,42,48,248,295,313,36,1,10,0,0,0
2021,"Bromley 032","E02000158",7790,6258,1532,151,66,37,85,19,52,85,277,326,355,55,9,11,4,0,0
2021,"Bromley 033","E02000159",7115,6169,946,127,52,20,50,15,43,61,172,164,187,33,7,11,1,3,0
2021,"Bromley 034","E02000160",8112,7209,903,118,46,19,71,13,35,59,186,151,155,37,6,6,1,0,0
2021,"Bromley 035","E02000161",8701,6972,1729,235,58,37,56,21,47,60,330,407,427,34,7,10,0,0,0
2021,"Bromley 036","E02000162",7126,6097,1029,126,52,27,52,12,32,47,165,229,232,44,3,7,1,0,0
2021,"Bromley 037","E02000163",7715,6581,1134,162,45,28,30,12,27,48,191,259,277,31,12,8,4,0,0
2021,"Bromley 039","E02000165",7173,6668,505,67,19,11,32,10,20,39,112,103,67,16,2,5,2,0,0
2021,"Bromley 040","E02006782",8123,6123,2000,198,77,47,133,42,71,141,373,406,410,75,7,15,5,0,0
2021,"Bromley 041","E02006787",7891,6411,1480,159,64,28,91,23,63,101,309,275,300,47,12,5,3,0,0
2021,"Bromley 042","E02006789",6778,6333,445,61,25,15,31,2,18,25,86,69,91,16,2,3,1,0,0
2021,"Camden 001","E02000166",7745,5478,2267,228,92,57,125,30,85,124,422,441,552,93,6,9,3,0,0
2021,"Camden 002","E02000167",7198,4122,3076,304,119,55,114,20,63,130,432,647,909,226,16,30,7,3,1
2021,"Camden 003","E02000168",7813,5382,2431,233,91,52,131,29,75,148,491,538,542,77,8,9,5,2,0
2021,"Camden 004","E02000169",7177,3589,3588,369,151,70,175,38,86,137,499,652,1080,270,28,27,6,0,0
2021,"Camden 005","E02000170",7918,4306,3612,286,105,67,137,32,138,219,709,800,871,194,26,24,3,1,0
2021,"Camden 006","E02000171",7386,4574,2812,271,106,49,116,29,85,165,517,581,734,115,11,26,5,2,0
2021,"Camden 007","E02000172",9999,6172,3827,350,157,98,240,52,185,265,796,704,784,153,18,22,2,1,0
2021,"Camden 008","E02000173",7494,3465,4029,346,118,69,136,33,131,207,670,844,1200,233,16,18,7,1,0
2021,"Camden 009","E02000174",8086,5204,2882,271,109,56,152,28,116,181,594,584,662,97,13,14,5,0,0
2021,"Camden 010","E02000175",9079,4769,4310,295,120,89,195,41,176,301,901,923,1026,197,20,23,3,0,0
2021,"Camden 011","E02000176",5914,2796,3118,265,83,67,95,19,90,134,519,720,901,183,18,18,3,3,0
2021,"Camden 012","E02000177",8491,5106,3385,275,115,68,166,46,125,224,736,685,711,172,23,31,6,2,0
2021,"Camden 013","E02000178",8900,4614,4286,285,113,84,206,63,165,269,896,932,1012,201,15,40,5,0,0
2021,"Camden 014","E02000179",5747,3053,2694,245,87,50,117,34,106,136,496,535,701,152,8,20,6,0,1
2021,"Camden 015","E02000180",7880,4687,3193,229,102,50,179,50,159,256,711,660,655,103,26,11,1,1,0
2021,"Camden 016","E02000181",8072,4064,4008,307,103,56,141,43,164,226,778,968,1022,164,14,12,10,0,0
2021,"Camden 017","E02000182",7115,3138,3977,389,148,93,183,38,151,204,638,674,1086,305,27,33,6,2,0
2021,"Camden 018","E02000183",7588,4423,3165,314,102,63,148,32,102,182,521,628,838,186,18,23,6,2,0
2021,"Camden 019","E02000184",8906,4792,4114,271,145,79,210,50,228,455,1000,821,701,121,16,12,5,0,0
2021,"Camden 020","E02000185",8880,4372,4508,355,171,72,230,66,193,283,883,894,1037,252,36,25,10,1,0
2021,"Camden 021","E02000186",6226,3336,2890,201,79,50,147,42,155,244,636,575,597,130,16,11,7,0,0
2021,"Camden 022","E02000187",9784,5289,4495,337,160,114,263,75,294,438,1113,781,709,170,19,19,2,1,0
2021,"Camden 023","E02000188",7181,3852,3329,263,115,77,162,49,199,347,788,609,564,116,21,14,5,0,0
2021,"Camden 026","E02000191",5336,2214,3122,157,78,46,114,38,382,521,708,484,457,105,10,15,7,0,0
2021,"Camden 027","E02000192",6659,3563,3096,209,80,56,144,42,187,292,769,550,610,122,19,13,3,0,0
2021,"Camden 028","E02000193",5960,2811,3149,178,61,38,79,25,201,448,837,574,558,98,23,24,5,0,0
2021,"Camden 029","E02007115",11589,5476,6113,383,163,114,299,89,549,963,1401,972,885,221,41,29,3,0,1
2021,"Croydon 001","E02000194",9211,6414,2797,259,107,62,187,56,113,173,526,534,621,128,17,10,3,1,0
2021,"Croydon 002","E02000195",9648,5977,3671,303,149,135,298,81,185,263,737,594,697,160,18,29,15,7,0
2021,"Croydon 003","E02000196",7916,4399,3517,248,155,121,294,71,153,233,715,596,707,172,19,24,9,0,0
2021,"Croydon 004","E02000197",9026,4789,4237,329,166,114,333,77,168,297,871,668,934,217,26,30,7,0,0
2021,"Croydon 005","E02000198",8891,5109,3782,265,181,109,275,94,203,236,689,559,930,194,20,20,6,1,0
2021,"Croydon 006","E02000199",8415,5058,3357,256,160,134,291,64,155,228,619,545,714,146,19,16,7,3,0
2021,"Croydon 007","E02000200",9046,5756,3290,254,130,113,228,60,147,180,676,598,719,155,13,9,7,0,1
2021,"Croydon 008","E02000201",8693,5386,3307,275,158,72,226,84,146,200,595,586,736,175,16,17,20,0,1
2021,"Croydon 009","E02000202",8933,4501,4432,329,222,151,335,89,183,256,883,759,927,235,32,22,9,0,0
2021,"Croydon 010","E02000203",7963,4136,3827,259,144,140,320,101,186,230,655,626,873,234,19,29,11,0,0
2021,"Croydon 011","E02000204",9657,4803,4854,366,206,138,376,93,227,354,895,829,1010,294,25,32,6,1,2
2021,"Croydon 013","E02000206",10819,6322,4497,294,170,139,368,77,203,309,877,694,1041,259,25,23,17,0,1
2021,"Croydon 014","E02000207",8903,5975,2928,275,128,119,260,93,120,164,494,481,571,180,26,10,6,1,0
2021,"Croydon 015","E02000208",10863,5654,5209,418,238,167,413,92,211,268,931,927,1191,284,26,32,10,1,0
2021,"Croydon 016","E02000209",9064,4419,4645,400,193,152,380,91,182,237,824,807,1055,269,30,18,5,1,1
2021,"Croydon 017","E02000210",8713,5738,2975,263,124,81,227,47,127,155,561,530,671,147,14,19,8,1,0
2021,"Croydon 018","E02000211",8273,6349,1924,210,75,59,144,30,106,125,424,320,324,80,7,13,6,1,0
2021,"Croydon 019","E02000212",9463,4764,4699,370,199,137,377,82,189,251,816,776,1207,240,28,23,4,0,0
2021,"Croydon 020","E02000213",12799,6479,6320,522,255,183,445,105,251,332,1119,1079,1575,374,35,38,6,1,0
2021,"Croydon 021","E02000214",6235,4538,1697,159,80,59,135,31,78,124,338,306,298,56,13,14,5,0,1
2021,"Croydon 022","E02000215",11826,6686,5140,382,175,151,300,90,183,319,977,1027,1177,269,40,39,10,1,0
2021,"Croydon 023","E02000216",7159,3565,3594,391,126,92,186,56,115,168,556,777,890,169,30,34,4,0,0
2021,"Croydon 024","E02000217",11926,6778,5148,416,192,122,356,86,201,290,1060,979,1163,240,19,19,5,0,0
2021,"Croydon 025","E02000218",6670,4872,1798,191,90,49,137,45,73,113,333,302,375,57,14,15,4,0,0
2021,"Croydon 026","E02000219",7628,5874,1754,185,66,51,161,35,93,130,355,285,302,65,5,12,8,0,1
2021,"Croydon 028","E02000221",10858,7114,3744,345,164,93,313,70,139,220,724,688,785,159,26,16,2,0,0
2021,"Croydon 029","E02000222",8352,5814,2538,244,120,82,154,41,100,171,515,488,502,94,12,7,8,0,0
2021,"Croydon 030","E02000223",8527,6196,2331,245,118,68,215,55,107,102,367,387,532,105,12,14,4,0,0
2021,"Croydon 031","E02000224",8052,5550,2502,208,90,75,190,45,124,155,513,437,521,114,11,15,3,1,0
2021,"Croydon 032","E02000225",7501,5851,1650,167,87,35,126,34,53,77,286,294,413,60,5,7,6,0,0
2021,"Croydon 033","E02000226",7614,5820,1794,187,86,56,159,42,114,130,328,298,320,52,7,8,5,0,2
2021,"Croydon 034","E02000227",11681,9242,2439,278,112,65,162,33,101,121,453,453,513,110,16,15,5,2,0
2021,"Croydon 035","E02000228",7956,6467,1489,189,83,44,102,29,74,111,299,259,235,40,6,13,5,0,0
2021,"Croydon 036","E02000229",6238,4910,1328,133,52,49,99,25,48,80,225,238,297,60,5,15,2,0,0
2021,"Croydon 037","E02000230",10503,7449,3054,298,150,77,205,58,140,190,609,565,588,128,22,17,6,1,0
2021,"Croydon 038","E02000231",7932,5689,2243,238,130,81,181,41,102,152,465,374,371,70,13,12,11,0,2
2021,"Croydon 039","E02000232",6195,5204,991,103,47,31,80,23,45,67,211,184,151,29,7,11,2,0,0
2021,"Croydon 040","E02000233",6365,4926,1439,141,49,47,128,34,69,93,296,238,263,56,8,12,3,2,0
2021,"Croydon 041","E02000234",9451,7176,2275,227,96,47,186,45,125,150,479,424,382,78,14,15,5,2,0
2021,"Croydon 042","E02000235",6896,5594,1302,153,62,31,105,17,59,86,251,253,216,43,5,15,6,0,0
2021,"Croydon 043","E02000236",9132,7516,1616,194,62,36,99,22,63,123,325,349,281,44,9,7,2,0,0
2021,"Croydon 044","E02000237",7601,6501,1100,123,60,28,71,18,53,85,240,167,196,37,9,10,2,1,0
2021,"Croydon 045","E02006788",7609,5389,2220,225,106,86,182,43,99,125,425,369,437,89,13,15,4,2,0
2021,"Croydon 046","E02006987",7372,3556,3816,278,135,55,182,79,141,206,783,823,878,223,19,11,3,0,0
2021,"Croydon 047","E02006988",7162,4232,2930,217,123,81,173,47,119,164,550,567,690,154,20,20,5,0,0
2021,"Ealing 001","E02000238",10711,5015,5696,365,216,124,356,90,220,379,1224,1041,1341,271,28,28,10,0,3
2021,"Ealing 002","E02000239",9039,3949,5090,316,173,117,334,83,206,381,1177,912,1042,275,29,39,6,0,0
2021,"Ealing 003","E02000240",11207,5728,5479,417,210,128,394,96,233,317,1102,907,1233,301,53,73,15,0,0
2021,"Ealing 004","E02000241",7393,3594,3799,276,159,93,283,62,147,231,762,681,834,203,30,25,13,0,0
2021,"Ealing 005","E02000242",6884,2847,4037,296,152,103,248,63,157,306,859,741,866,189,20,31,6,0,0
2021,"Ealing 006","E02000243",8722,4115,4607,356,172,127,269,64,152,316,999,836,975,259,32,42,6,2,0
2021,"Ealing 007","E02000244",7891,3382,4509,337,156,89,249,44,150,299,988,867,1045,232,25,26,2,0,0
2021,"Ealing 008","E02000245",9308,4963,4345,358,185,141,330,75,140,235,833,778,960,232,29,38,11,0,0
2021,"Ealing 009","E02000246",9460,5111,4349,358,190,138,295,73,170,252,858,800,896,233,36,40,10,0,0
2021,"Ealing 010","E02000247",11154,5674,5480,412,228,150,399,84,224,354,1094,1005,1150,289,34,46,11,0,0
2021,"Ealing 011","E02000248",7718,3100,4618,307,168,115,290,71,165,301,849,881,1108,285,35,35,7,0,1
2021,"Ealing 012","E02000249",8377,3969,4408,316,147,120,257,71,200,294,979,775,915,237,42,46,8,1,0
2021,"Ealing 013","E02000250",6481,4037,2444,242,97,53,117,20,99,162,446,486,589,90,17,17,7,2,0
2021,"Ealing 014","E02000251",8320,3644,4676,354,220,142,391,88,180,318,941,796,916,231,42,42,14,1,0
2021,"Ealing 015","E02000252",12235,5572,6663,457,227,126,348,86,412,728,1499,1223,1214,274,35,31,3,0,0
2021,"Ealing 016","E02000253",10340,5786,4554,456,197,99,275,74,161,278,855,786,1016,241,47,60,8,0,1
2021,"Ealing 017","E02000254",9202,3755,5447,389,210,145,457,90,226,344,1103,909,1135,336,38,44,19,1,1
2021,"Ealing 018","E02000255",9861,5711,4150,425,176,123,232,52,182,271,743,791,923,188,21,15,8,0,0
2021,"Ealing 019","E02000256",9183,4847,4336,323,124,100,186,58,128,271,798,933,1126,233,24,25,7,0,0
2021,"Ealing 021","E02000258",6903,3199,3704,352,220,114,175,37,142,231,660,589,968,181,13,18,4,0,0
2021,"Ealing 022","E02000259",6584,3941,2643,243,95,64,143,22,99,144,564,509,620,117,11,8,3,0,1
2021,"Ealing 023","E02000260",9837,3584,6253,495,265,174,499,86,240,353,1078,946,1506,481,60,57,10,2,1
2021,"Ealing 024","E02000261",12652,5579,7073,467,250,141,439,87,276,439,1547,1409,1590,335,38,45,8,2,0
2021,"Ealing 025","E02000262",9349,4928,4421,317,155,98,203,48,167,248,944,885,1051,240,27,29,7,1,1
2021,"Ealing 026","E02000263",13707,4848,8859,661,426,264,658,146,340,460,1399,1344,2230,758,83,72,15,3,0
2021,"Ealing 027","E02000264",8492,4208,4284,341,136,120,231,56,129,245,849,846,1009,247,34,30,10,1,0
2021,"Ealing 028","E02000265",11231,6266,4965,345,119,102,256,62,206,346,1061,1032,1115,246,25,45,5,0,0
2021,"Ealing 029","E02000266",13114,6437,6677,618,312,182,529,113,258,395,1153,1153,1519,327,48,53,13,4,0
2021,"Ealing 030","E02000267",8149,4974,3175,257,97,71,158,46,113,206,670,619,708,182,30,12,6,0,0
2021,"Ealing 031","E02000268",9249,5555,3694,334,129,85,196,40,108,216,697,762,882,189,24,26,4,2,0
2021,"Ealing 032","E02000269",8169,5153,3016,263,102,45,130,28,95,188,614,591,762,132,27,30,5,4,0
2021,"Ealing 033","E02000270",9605,4951,4654,315,149,98,236,63,152,300,1007,957,1088,223,30,32,4,0,0
2021,"Ealing 034","E02000271",6949,4176,2773,251,87,63,120,37,85,149,489,550,758,155,11,12,5,0,1
2021,"Ealing 035","E02000272",6712,4441,2271,237,86,49,120,26,87,170,481,428,502,68,6,8,0,3,0
2021,"Ealing 038","E02000275",8172,3191,4981,377,228,171,403,105,199,242,788,729,1157,423,69,72,14,4,0
2021,"Ealing 039","E02000276",6758,4010,2748,213,103,60,123,33,84,209,599,539,632,113,17,20,3,0,0
2021,"Ealing 040","E02006791",7567,4478,3089,232,97,66,133,29,100,180,578,616,877,144,15,15,5,1,1
2021,"Ealing 041","E02006968",8349,3886,4463,406,217,118,265,45,134,214,663,810,1198,318,29,32,12,2,0
2021,"Ealing 042","E02006969",6425,2680,3745,330,103,74,148,39,120,201,600,724,1090,245,25,28,16,2,0
2021,"Ealing 043","E02006970",7343,2275,5068,351,249,180,403,98,171,207,735,669,1404,470,67,52,11,1,0
2021,"Ealing 044","E02006971",8297,3002,5295,413,234,157,422,82,204,319,876,801,1239,421,60,57,8,2,0
2021,"Enfield 001","E02000277",7524,4877,2647,250,126,85,215,53,146,201,531,367,541,103,16,9,4,0,0
2021,"Enfield 002","E02000278",9432,5816,3616,390,183,128,304,62,169,230,671,564,709,173,16,14,3,0,0
2021,"Enfield 003","E02000279",12320,7261,5059,589,239,168,402,104,220,282,935,800,1096,173,24,23,4,0,0
2021,"Enfield 004","E02000280",8635,6849,1786,188,86,55,127,27,82,137,353,292,340,68,15,10,5,1,0
2021,"Enfield 005","E02000281",9651,6747,2904,272,131,106,242,54,137,178,553,508,571,114,15,17,6,0,0
2021,"Enfield 006","E02000282",9951,5982,3969,347,213,136,353,84,212,227,756,601,824,172,27,11,5,1,0
2021,"Enfield 007","E02000283",8538,5204,3334,343,200,139,352,58,185,235,630,489,578,84,24,12,4,1,0
2021,"Enfield 008","E02000284",8738,6491,2247,219,96,68,121,31,91,118,449,429,471,120,12,16,5,1,0
2021,"Enfield 009","E02000285",6643,5181,1462,153,60,50,118,29,72,131,319,213,243,46,3,20,5,0,0
2021,"Enfield 010","E02000286",8688,6365,2323,216,103,54,166,52,92,150,469,388,481,110,15,19,7,1,0
2021,"Enfield 011","E02000287",7355,4956,2399,277,89,71,178,44,153,168,458,375,421,123,13,21,6,2,0
2021,"Enfield 012","E02000288",12784,6782,6002,621,352,272,549,120,267,352,1039,885,1236,229,37,26,14,3,0
2021,"Enfield 013","E02000289",6773,5015,1758,203,99,53,161,38,108,143,363,251,256,67,3,11,2,0,0
2021,"Enfield 014","E02000290",6683,3724,2959,292,133,98,251,56,143,180,551,509,593,113,13,20,5,1,1
2021,"Enfield 015","E02000291",10159,6416,3743,317,185,101,265,68,150,208,683,639,866,201,23,33,3,0,1
2021,"Enfield 016","E02000292",9834,6395,3439,332,166,91,273,69,162,275,710,551,640,128,13,22,7,0,0
2021,"Enfield 017","E02000293",6399,4801,1598,155,68,57,110,32,85,149,304,271,280,61,6,12,8,0,0
2021,"Enfield 018","E02000294",9367,4985,4382,409,219,134,391,90,240,291,876,647,836,192,21,20,14,2,0
2021,"Enfield 019","E02000295",8687,5507,3180,314,153,88,229,59,157,219,581,499,682,156,18,16,9,0,0
2021,"Enfield 020","E02000296",10339,5555,4784,417,201,136,296,92,190,290,903,760,1116,304,33,31,15,0,0
2021,"Enfield 021","E02000297",9398,6457,2941,261,180,103,227,63,166,249,586,458,484,121,22,17,4,0,0
2021,"Enfield 022","E02000298",8254,6106,2148,251,109,58,186,30,139,170,449,281,363,87,8,11,6,0,0
2021,"Enfield 023","E02000299",9495,4599,4896,425,257,164,397,88,251,354,844,689,1070,297,21,29,8,1,1
2021,"Enfield 024","E02000300",8852,4319,4533,443,249,142,367,96,204,300,801,702,978,209,12,23,4,1,2
2021,"Enfield 025","E02000301",10221,5215,5006,417,234,170,450,107,261,332,865,722,1132,248,30,29,7,2,0
2021,"Enfield 026","E02000302",8667,5107,3560,330,173,106,280,89,188,293,704,554,643,136,24,32,7,1,0
2021,"Enfield 027","E02000303",8366,4396,3970,375,191,122,314,66,175,239,701,700,815,206,37,23,6,0,0
2021,"Enfield 028","E02000304",8041,5312,2729,244,118,75,178,79,164,219,588,427,475,120,16,17,7,2,0
2021,"Enfield 029","E02000305",8881,5256,3625,264,166,85,207,54,163,235,785,593,821,209,27,12,4,0,0
2021,"Enfield 030","E02000306",9133,4614,4519,324,186,134,389,107,203,276,795,785,974,264,41,34,3,3,1
2021,"Enfield 031","E02000307",10109,5076,5033,437,283,178,456,118,261,334,909,724,1018,248,31,25,10,1,0
2021,"Enfield 032","E02000308",8759,4638,4121,317,133,95,269,77,201,344,870,677,867,229,17,18,7,0,0
2021,"Enfield 033","E02000309",11795,5530,6265,530,302,228,491,130,313,349,1123,927,1419,373,31,34,9,6,0
2021,"Enfield 035","E02000311",10540,4887,5653,434,209,172,468,112,245,412,1143,918,1171,273,61,29,5,1,0
2021,"Enfield 036","E02000312",11305,5704,5601,395,161,129,340,84,266,375,1191,993,1311,291,29,31,4,1,0
2021,"Enfield 037","E02006793",9643,4700,4943,397,214,143,354,110,225,303,903,826,1129,274,35,25,4,1,0
2021,"Greenwich 001","E02000313",6489,3949,2540,182,100,60,181,42,75,120,361,465,777,147,18,9,3,0,0
2021,"Greenwich 002","E02000314",14102,7743,6359,581,233,166,400,97,190,301,1031,1229,1684,344,52,42,6,1,2
2021,"Greenwich 003","E02000315",9865,5958,3907,352,142,98,234,68,146,193,597,794,999,219,22,36,7,0,0
2021,"Greenwich 005","E02000317",7559,4392,3167,271,129,74,178,59,138,188,538,559,817,163,27,22,4,0,0
2021,"Greenwich 006","E02000318",11061,4983,6078,439,210,113,358,122,215,350,1010,986,1482,463,131,167,30,2,0
2021,"Greenwich 007","E02000319",10612,5674,4938,353,187,122,327,72,203,268,860,861,1262,297,49,65,11,1,0
2021,"Greenwich 008","E02000320",7046,4256,2790,208,106,81,181,46,113,193,498,491,665,171,16,19,2,0,0
2021,"Greenwich 009","E02000321",7721,4426,3295,250,152,76,219,55,133,200,522,608,806,208,27,33,6,0,0
2021,"Greenwich 011","E02000323",12861,6532,6329,502,235,148,495,126,295,349,1024,1110,1528,363,50,83,19,2,0
2021,"Greenwich 012","E02000324",7865,5105,2760,227,111,64,171,49,112,156,549,509,621,147,24,15,5,0,0
2021,"Greenwich 014","E02000326",7799,5200,2599,203,90,65,116,36,85,163,494,550,625,136,20,11,4,0,1
2021,"Greenwich 015","E02000327",6623,4011,2612,238,102,62,158,53,118,136,494,435,645,139,13,16,2,1,0
2021,"Greenwich 016","E02000328",6512,4607,1905,185,69,39,82,20,60,120,344,376,500,92,7,8,2,1,0
2021,"Greenwich 017","E02000329",6331,4396,1935,141,82,48,133,30,83,129,368,366,432,94,11,16,2,0,0
2021,"Greenwich 019","E02000331",8238,5272,2966,254,100,67,191,44,113,185,573,641,638,129,16,14,1,0,0
2021,"Greenwich 020","E02000332",7450,5152,2298,186,98,62,134,36,95,144,401,464,559,95,9,13,2,0,0
2021,"Greenwich 021","E02000333",6240,4509,1731,173,63,31,71,21,54,92,312,360,460,65,9,17,3,0,0
2021,"Greenwich 022","E02000334",6633,4439,2194,208,97,59,131,31,94,138,436,385,495,93,6,14,6,1,0
2021,"Greenwich 023","E02000335",6668,5299,1369,149,55,49,72,16,57,86,291,254,288,40,2,7,1,2,0
2021,"Greenwich 025","E02000337",8471,6173,2298,171,80,58,138,20,81,158,453,448,565,103,8,11,3,1,0
2021,"Greenwich 027","E02000339",6292,4951,1341,140,49,26,70,24,46,83,238,273,306,61,12,11,2,0,0
2021,"Greenwich 028","E02000340",6864,5058,1806,151,78,40,102,18,64,143,332,361,385,99,18,9,6,0,0
2021,"Greenwich 029","E02000341",7993,5880,2113,202,75,47,125,33,72,132,463,386,469,84,10,11,3,1,0
2021,"Greenwich 030","E02000342",6347,4756,1591,171,77,31,98,23,74,126,326,295,294,55,9,9,3,0,0
2021,"Greenwich 031","E02000343",7046,5267,1779,161,76,44,110,24,71,128,345,340,369,74,11,18,7,0,1
2021,"Greenwich 032","E02000344",6431,5135,1296,125,44,37,88,21,54,97,280,255,226,49,3,12,5,0,0
2021,"Greenwich 033","E02006786",7558,4815,2743,209,118,61,157,39,108,134,527,572,625,141,22,24,5,1,0
2021,"Greenwich 034","E02006927",12366,7918,4448,390,182,79,218,52,160,267,886,961,998,190,28,32,5,0,0
2021,"Greenwich 035","E02006928",12095,6677,5418,368,156,92,224,60,246,469,1075,1249,1210,207,25,21,15,1,0
2021,"Greenwich 037","E02006930",9849,6059,3790,335,86,69,161,29,124,268,789,888,836,165,15,23,2,0,0
2021,"Greenwich 038","E02006931",9465,6187,3278,283,88,50,169,49,126,197,661,678,774,162,11,27,3,0,0
2021,"Greenwich 039","E02006991",6315,3136,3179,167,76,51,150,35,106,247,631,811,709,127,33,34,2,0,0
2021,"Greenwich 040","E02006992",8229,4610,3619,292,82,54,178,39,164,244,723,772,912,117,21,19,2,0,0
2021,"Greenwich 041","E02006993",8399,4316,4083,229,108,59,237,40,221,372,889,891,872,134,15,14,2,0,0
2021,"Greenwich 042","E02006994",7641,3737,3904,265,104,76,261,56,150,261,716,765,987,203,23,30,7,0,0
2021,"Hackney 001","E02000345",8198,5516,2682,383,128,75,151,29,76,258,579,358,490,130,13,8,3,0,1
2021,"Hackney 002","E02000346",9397,4873,4524,326,170,76,282,59,189,289,951,975,993,171,24,15,4,0,0
2021,"Hackney 003","E02000347",8152,5502,2650,344,104,85,207,44,130,244,518,387,445,117,10,10,4,1,0
2021,"Hackney 004","E02000348",8106,5374,2732,258,127,66,169,48,110,237,565,448,542,125,14,15,6,2,0
2021,"Hackney 006","E02000350",10242,6635,3607,296,131,74,192,51,138,291,792,743,686,170,19,17,3,2,2
2021,"Hackney 007","E02000351",9289,5494,3795,278,98,82,179,31,133,267,838,939,808,112,10,12,6,1,1
2021,"Hackney 008","E02000352",6747,4588,2159,189,62,68,106,31,85,172,455,404,459,108,11,5,4,0,0
2021,"Hackney 009","E02000353",7763,5105,2658,207,90,61,126,37,101,187,546,636,533,103,12,16,1,0,2
2021,"Hackney 010","E02000354",9609,5774,3835,335,127,86,221,51,148,254,840,716,839,176,18,19,4,1,0
2021,"Hackney 011","E02000355",8189,5331,2858,202,79,65,155,35,124,230,726,605,498,84,16,29,7,2,1
2021,"Hackney 012","E02000356",7037,4772,2265,203,65,42,84,22,79,126,527,562,469,66,5,11,4,0,0
2021,"Hackney 013","E02000357",6843,3914,2929,239,128,92,203,53,123,168,567,521,672,114,21,22,6,0,0
2021,"Hackney 014","E02000358",11087,6482,4605,298,149,86,235,51,176,314,1077,1044,992,144,17,15,6,1,0
2021,"Hackney 015","E02000359",6700,4348,2352,226,102,67,151,41,94,140,502,436,473,83,24,12,1,0,0
2021,"Hackney 016","E02000360",11511,6623,4888,345,177,119,341,91,204,307,1008,967,1074,201,25,21,6,2,0
2021,"Hackney 017","E02000361",8059,4617,3442,235,78,62,165,42,110,231,821,846,712,121,6,9,4,0,0
2021,"Hackney 018","E02000362",6961,4577,2384,208,95,61,137,36,110,149,520,436,509,84,16,13,10,0,0
2021,"Hackney 019","E02000363",11885,7146,4739,395,170,131,347,76,213,256,967,919,1026,183,20,29,6,1,0
2021,"Hackney 020","E02000364",9217,5856,3361,250,97,70,172,49,110,220,718,847,670,115,15,21,6,1,0
2021,"Hackney 022","E02000366",8329,5651,2678,229,104,59,171,43,131,166,542,564,555,87,11,12,4,0,0
2021,"Hackney 023","E02000367",10418,6220,4198,283,124,84,187,51,157,233,951,1126,866,115,9,10,1,0,1
2021,"Hackney 024","E02000368",9922,5746,4176,294,135,97,234,70,191,273,895,879,901,160,18,22,6,1,0
2021,"Hackney 025","E02000369",13458,7312,6146,327,173,109,339,87,232,380,1406,1520,1328,190,21,24,6,4,0
2021,"Hackney 026","E02000370",8863,4590,4273,229,117,71,214,54,192,258,1010,1108,865,122,16,14,3,0,0
2021,"Hackney 028","E02006918",8397,5185,3212,312,137,71,224,54,119,203,624,587,689,156,13,17,6,0,0
2021,"Hackney 029","E02006921",7922,5243,2679,257,116,68,182,40,124,232,529,388,571,141,14,13,4,0,0
2021,"Hackney 030","E02007108",5938,3239,2699,130,54,53,84,30,102,159,694,776,524,68,8,13,4,0,0
2021,"Hackney 031","E02007109",7612,4597,3015,206,87,57,153,31,116,186,641,785,621,114,6,9,3,0,0
2021,"Hackney 032","E02007110",7331,3410,3921,150,95,57,144,38,184,362,1022,905,765,175,8,13,3,0,0
2021,"Hackney 033","E02007111",5949,2498,3451,131,79,34,109,24,179,309,980,830,664,100,6,5,1,0,0
2021,"Hammersmith and Fulham 001","E02000372",9983,5110,4873,337,138,91,247,93,200,288,1157,979,1067,233,22,15,4,2,0
2021,"Hammersmith and Fulham 002","E02000373",7033,3753,3280,289,136,95,229,55,144,196,609,582,736,156,16,29,6,1,1
2021,"Hammersmith and Fulham 003","E02000374",6914,3968,2946,202,100,68,159,49,126,220,703,577,579,132,10,18,1,2,0
2021,"Hammersmith and Fulham 004","E02000375",7487,3876,3611,236,104,57,171,53,175,218,845,730,805,177,20,16,3,1,0
2021,"Hammersmith and Fulham 005","E02000376",6703,3439,3264,215,78,63,139,42,134,223,792,735,687,126,14,12,3,1,0
2021,"Hammersmith and Fulham 006","E02000377",7797,4530,3267,220,101,54,177,38,127,233,752,731,649,145,14,18,7,0,1
2021,"Hammersmith and Fulham 007","E02000378",6432,3080,3352,205,96,54,159,44,153,207,712,723,816,153,13,13,4,0,0
2021,"Hammersmith and Fulham 008","E02000379",7388,4453,2935,267,106,69,131,33,91,172,537,677,679,139,14,10,9,0,1
2021,"Hammersmith and Fulham 009","E02000380",5508,3346,2162,201,60,36,91,36,70,99,427,489,517,117,7,7,3,2,0
2021,"Hammersmith and Fulham 010","E02000381",7626,4062,3564,321,116,82,142,40,140,169,659,758,903,197,14,17,6,0,0
2021,"Hammersmith and Fulham 011","E02000382",6193,3422,2771,188,80,52,103,33,106,197,537,576,713,143,20,17,5,0,1
2021,"Hammersmith and Fulham 012","E02000383",8466,3717,4749,320,115,76,213,52,190,355,923,965,1143,296,36,43,16,3,3
2021,"Hammersmith and Fulham 013","E02000384",8266,4234,4032,261,103,63,186,51,138,237,934,886,936,180,16,30,9,1,1
2021,"Hammersmith and Fulham 014","E02000385",5612,2892,2720,183,82,45,110,32,93,219,658,650,529,83,17,11,7,0,1
2021,"Hammersmith and Fulham 015","E02000386",7582,4114,3468,237,95,58,179,50,149,258,757,778,698,152,27,24,6,0,0
2021,"Hammersmith and Fulham 016","E02000387",6023,3188,2835,202,82,76,147,45,103,179,586,614,634,136,11,16,4,0,0
2021,"Hammersmith and Fulham 017","E02000388",8655,4527,4128,255,115,79,167,54,187,272,896,892,920,225,25,28,12,1,0
2021,"Hammersmith and Fulham 018","E02000389",8646,4842,3804,346,106,57,177,40,127,228,729,823,916,214,18,17,6,0,0
2021,"Hammersmith and Fulham 019","E02000390",6194,3659,2535,216,70,47,118,31,101,156,537,555,568,107,16,11,2,0,0
2021,"Hammersmith and Fulham 020","E02000391",7585,4359,3226,367,118,66,153,43,81,146,573,682,800,150,20,17,9,0,1
2021,"Hammersmith and Fulham 021","E02000392",9228,5260,3968,407,148,79,176,39,134,234,798,835,904,176,17,14,6,1,0
2021,"Hammersmith and Fulham 022","E02000393",5974,3499,2475,242,90,41,112,20,90,129,503,550,573,101,12,10,1,1,0
2021,"Hammersmith and Fulham 023","E02000394",9282,5135,4147,294,132,93,216,58,177,251,851,777,970,259,32,32,5,0,0
2021,"Hammersmith and Fulham 024","E02000395",5676,3364,2312,242,83,52,94,23,79,122,461,441,569,115,11,13,6,1,0
2021,"Hammersmith and Fulham 025","E02000396",6897,3987,2910,314,138,64,148,41,74,133,467,548,762,177,14,24,6,0,0
2021,"Haringey 001","E02000397",7906,3802,4104,262,150,87,211,43,139,255,868,924,892,225,27,16,5,0,0
2021,"Haringey 002","E02000398",7523,3360,4163,312,187,108,347,89,203,200,696,723,955,290,17,32,4,0,0
2021,"Haringey 004","E02000400",7989,4610,3379,248,128,78,181,81,157,238,728,632,720,152,15,13,8,0,0
2021,"Haringey 005","E02000401",6862,3660,3202,277,127,78,220,58,133,189,612,593,717,165,16,13,4,0,0
2021,"Haringey 006","E02000402",6471,3391,3080,254,125,97,209,53,134,211,530,539,736,154,17,17,3,1,0
2021,"Haringey 007","E02000403",7513,3241,4272,283,132,67,233,57,144,341,930,789,1000,249,22,21,4,0,0
2021,"Haringey 008","E02000404",7109,3032,4077,237,124,95,224,56,184,252,922,743,911,279,30,16,4,0,0
2021,"Haringey 009","E02000405",6472,4706,1766,238,63,31,90,41,78,114,399,326,311,58,6,5,4,2,0
2021,"Haringey 010","E02000406",6736,3196,3540,215,109,71,197,38,150,265,750,644,849,214,13,18,5,2,0
2021,"Haringey 011","E02000407",7607,3330,4277,268,182,96,336,82,167,247,738,707,1140,267,27,15,5,0,0
2021,"Haringey 012","E02000408",8250,3814,4436,326,176,145,290,72,164,246,784,806,1081,276,28,36,6,0,0
2021,"Haringey 013","E02000409",6059,2928,3131,197,97,77,206,58,154,217,637,570,712,165,21,17,3,0,0
2021,"Haringey 014","E02000410",6417,4328,2089,232,67,51,100,11,72,134,433,407,469,91,7,11,3,0,1
2021,"Haringey 015","E02000411",11427,5361,6066,480,213,145,379,82,272,474,1276,1094,1248,349,28,24,2,0,0
2021,"Haringey 016","E02000412",7322,3098,4224,219,117,94,257,53,169,270,958,817,1006,223,18,19,4,0,0
2021,"Haringey 017","E02000413",7762,5356,2406,249,97,57,131,33,81,137,445,471,576,94,8,16,9,2,0
2021,"Haringey 018","E02000414",7081,3332,3749,228,119,77,261,57,164,236,700,689,970,205,18,18,7,0,0
2021,"Haringey 019","E02000415",7243,3283,3960,192,117,70,210,60,164,305,950,747,844,255,19,21,6,0,0
2021,"Haringey 020","E02000416",8454,5358,3096,241,104,59,142,32,112,215,676,651,719,102,19,21,3,0,0
2021,"Haringey 021","E02000417",6552,4350,2202,231,72,54,90,17,56,125,441,482,520,86,8,17,3,0,0
2021,"Haringey 022","E02000418",5432,4116,1316,139,49,19,68,7,48,64,290,259,301,60,4,8,0,0,0
2021,"Haringey 023","E02000419",8735,4129,4606,323,134,74,230,54,154,347,939,922,1093,280,31,20,5,0,0
2021,"Haringey 024","E02000420",7989,3687,4302,227,124,84,265,64,192,289,883,778,1069,265,27,29,6,0,0
2021,"Haringey 025","E02000421",8508,3769,4739,288,223,127,325,84,223,305,910,773,1120,303,20,20,14,1,3
2021,"Haringey 026","E02000422",7458,3552,3906,257,137,104,239,64,171,265,771,755,888,216,18,15,6,0,0
2021,"Haringey 027","E02000423",6905,3343,3562,170,117,65,163,47,142,239,822,712,812,241,15,12,4,1,0
2021,"Haringey 028","E02000424",6752,4702,2050,211,68,38,78,29,78,128,430,443,453,77,7,5,4,1,0
2021,"Haringey 029","E02000425",8170,5058,3112,433,145,78,164,31,101,246,587,490,566,230,15,17,8,1,0
2021,"Haringey 030","E02000426",6493,4315,2178,204,80,36,112,22,53,156,415,450,513,96,8,21,11,1,0
2021,"Haringey 031","E02000427",6623,3499,3124,165,86,45,135,48,114,239,766,684,671,139,19,10,3,0,0
2021,"Haringey 032","E02000428",8434,4273,4161,321,153,85,262,66,146,285,812,847,927,214,22,16,5,0,0
2021,"Haringey 033","E02000429",6797,4505,2292,222,60,35,88,23,60,132,451,504,587,97,18,12,3,0,0
2021,"Haringey 034","E02000430",6921,4698,2223,190,76,45,94,24,76,150,471,472,532,68,9,13,2,1,0
2021,"Haringey 035","E02000431",5850,3739,2111,172,46,33,72,18,58,117,448,492,526,112,7,9,1,0,0
2021,"Haringey 036","E02000432",6124,4026,2098,168,55,50,111,28,97,161,439,439,448,76,14,9,3,0,0
2021,"Haringey 037","E02006794",8288,4169,4119,332,159,109,261,68,169,226,723,665,1076,266,25,30,8,2,0
2021,"Harrow 001","E02000433",8600,4957,3643,323,170,117,248,60,176,258,602,582,755,219,42,58,33,0,0
2021,"Harrow 002","E02000434",9849,5142,4707,374,182,114,395,71,250,346,853,742,1042,235,35,52,13,2,1
2021,"Harrow 003","E02000435",8190,4463,3727,317,199,130,280,72,192,258,669,523,794,204,31,39,19,0,0
2021,"Harrow 004","E02000436",5758,3535,2223,214,107,79,192,48,158,181,396,330,386,83,13,28,6,2,0
2021,"Harrow 005","E02000437",8758,4713,4045,382,190,126,294,72,169,285,802,614,765,238,45,49,11,2,1
2021,"Harrow 006","E02000438",8547,4988,3559,359,240,148,264,60,137,183,605,549,779,180,20,22,12,1,0
2021,"Harrow 007","E02000439",9269,3788,5481,412,204,168,350,70,266,447,1090,912,1196,299,27,32,8,0,0
2021,"Harrow 008","E02000440",9606,5110,4496,402,210,132,365,97,249,367,903,683,773,216,47,34,13,5,0
2021,"Harrow 009","E02000441",7482,4336,3146,331,143,79,256,58,124,168,547,547,686,137,28,36,5,1,0
2021,"Harrow 010","E02000442",9584,3390,6194,487,251,174,433,83,312,522,1222,959,1345,321,38,34,10,1,2
2021,"Harrow 011","E02000443",10744,4923,5821,447,236,192,455,90,231,367,1070,967,1246,360,60,75,21,4,0
2021,"Harrow 012","E02000444",8712,3739,4973,390,212,140,338,86,268,446,1027,775,1003,210,28,38,11,0,1
2021,"Harrow 013","E02000445",11773,5194,6579,524,300,199,514,121,267,468,1221,1035,1431,385,49,49,15,1,0
2021,"Harrow 015","E02000447",8191,4366,3825,334,183,144,309,63,177,235,714,645,786,175,20,29,10,1,0
2021,"Harrow 016","E02000448",7068,4545,2523,288,124,88,206,36,104,152,400,425,566,99,8,16,9,2,0
2021,"Harrow 017","E02000449",8298,3353,4945,322,183,135,348,71,249,475,1012,793,1015,263,33,35,11,0,0
2021,"Harrow 019","E02000451",6707,3651,3056,285,146,98,222,68,117,196,575,566,587,138,26,25,7,0,0
2021,"Harrow 020","E02000452",9501,3924,5577,446,219,114,339,89,210,307,1111,1101,1275,295,35,29,7,0,0
2021,"Harrow 021","E02000453",8387,4060,4327,353,181,119,245,63,172,261,842,794,1031,207,24,29,5,1,0
2021,"Harrow 022","E02000454",7341,4652,2689,292,106,64,180,39,107,167,541,534,518,94,20,19,6,2,0
2021,"Harrow 023","E02000455",11668,4348,7320,517,257,175,364,110,263,381,1237,1510,2032,351,42,53,24,4,0
2021,"Harrow 024","E02000456",7826,4002,3824,348,175,129,296,55,137,219,673,625,910,201,21,25,8,2,0
2021,"Harrow 025","E02000457",7061,3558,3503,292,150,94,262,43,168,226,660,644,756,143,21,30,12,1,1
2021,"Harrow 027","E02000459",9324,4021,5303,416,239,149,354,90,171,268,929,966,1260,324,65,56,13,3,0
2021,"Harrow 028","E02000460",7313,3539,3774,375,164,98,269,61,127,194,734,685,846,151,22,40,7,1,0
2021,"Harrow 029","E02000461",7291,3872,3419,286,148,109,290,69,170,215,555,581,712,201,31,37,12,3,0
2021,"Harrow 030","E02000462",6979,2874,4105,310,169,99,282,77,149,237,785,712,920,251,41,56,17,0,0
2021,"Harrow 031","E02000463",8707,4454,4253,359,179,140,332,63,159,262,853,686,886,239,34,42,18,0,1
2021,"Harrow 032","E02006795",8268,3680,4588,385,212,128,308,58,183,259,945,823,999,201,31,44,12,0,0
2021,"Harrow 033","E02006882",14393,6437,7956,536,354,215,669,166,467,704,1681,1130,1496,392,65,62,14,3,2
2021,"Havering 001","E02000464",7755,6179,1576,138,48,39,113,19,44,84,387,301,302,78,14,7,2,0,0
2021,"Havering 002","E02000465",9346,7180,2166,192,81,47,141,28,63,129,438,483,449,92,12,8,3,0,0
2021,"Havering 003","E02000466",9071,7576,1495,161,63,27,91,20,63,96,310,290,276,73,12,11,2,0,0
2021,"Havering 004","E02000467",11457,8789,2668,225,102,70,190,37,104,131,512,518,596,141,17,16,8,0,1
2021,"Havering 005","E02000468",8650,6947,1703,172,72,38,101,36,67,125,383,314,299,74,15,7,0,0,0
2021,"Havering 006","E02000469",7285,5404,1881,159,75,45,106,29,66,120,378,363,399,109,17,10,5,0,0
2021,"Havering 007","E02000470",9779,7994,1785,166,62,42,106,30,77,104,377,362,366,73,12,5,3,0,0
2021,"Havering 008","E02000471",7819,6662,1157,148,56,25,84,19,60,82,227,209,194,41,5,6,1,0,0
2021,"Havering 009","E02000472",9472,7667,1805,188,84,61,85,28,65,134,390,328,340,73,9,19,1,0,0
2021,"Havering 010","E02000473",10490,8890,1600,154,71,47,109,29,66,101,362,285,298,57,10,10,1,0,0
2021,"Havering 011","E02000474",9186,7149,2037,177,73,52,117,34,79,147,463,375,377,101,22,14,5,1,0
2021,"Havering 012","E02000475",9611,7919,1692,167,66,49,109,21,72,99,360,308,350,64,11,10,5,1,0
2021,"Havering 013","E02000476",9362,6127,3235,258,117,78,145,49,125,205,704,633,726,157,17,14,7,0,0
2021,"Havering 014","E02000477",9535,8326,1209,113,42,33,61,24,55,110,269,218,219,48,7,10,0,0,0
2021,"Havering 015","E02000478",5987,4721,1266,120,58,40,105,20,72,124,249,214,202,37,6,16,3,0,0
2021,"Havering 016","E02000479",9450,6785,2665,223,111,82,175,45,103,154,515,479,594,143,29,6,6,0,0
2021,"Havering 017","E02000480",13846,9172,4674,398,192,124,287,65,166,298,886,920,1066,204,31,28,9,0,0
2021,"Havering 018","E02000481",8232,7512,720,71,37,25,55,8,19,42,149,107,158,42,5,1,1,0,0
2021,"Havering 019","E02000482",6587,6040,547,56,28,21,32,3,27,42,122,106,86,15,2,6,0,1,0
2021,"Havering 020","E02000483",8002,6870,1132,94,49,33,73,23,39,94,241,220,207,49,6,3,0,1,0
2021,"Havering 021","E02000484",8491,7236,1255,140,53,40,81,21,57,94,246,244,225,40,2,7,4,1,0
2021,"Havering 022","E02000485",8477,7269,1208,138,50,26,63,21,43,105,246,228,215,57,6,6,4,0,0
2021,"Havering 023","E02000486",7357,6237,1120,127,43,28,80,21,45,76,226,190,225,44,7,5,3,0,0
2021,"Havering 024","E02000487",7908,7460,448,71,26,12,29,4,25,30,88,75,68,16,0,2,2,0,0
2021,"Havering 025","E02000488",7578,6694,884,99,34,19,52,16,34,61,202,160,157,37,9,3,1,0,0
2021,"Havering 026","E02000489",8634,6858,1776,162,89,50,103,25,65,123,356,330,350,96,12,11,4,0,0
2021,"Havering 027","E02000490",8469,6889,1580,167,84,30,111,21,55,96,340,287,294,76,9,7,3,0,0
2021,"Havering 028","E02000491",10639,7868,2771,258,106,82,212,53,105,183,566,489,554,140,8,9,5,1,0
2021,"Havering 029","E02000492",6830,5813,1017,98,51,32,85,11,37,98,207,185,168,35,5,3,2,0,0
2021,"Havering 030","E02000493",6739,4938,1801,157,70,52,122,36,82,128,394,323,339,75,9,10,3,1,0
2021,"Hillingdon 001","E02000494",7956,4834,3122,329,150,98,245,58,161,178,492,471,661,201,29,36,13,0,0
2021,"Hillingdon 002","E02000495",10416,6264,4152,383,174,89,255,48,168,254,763,791,913,231,32,44,5,2,0
2021,"Hillingdon 003","E02000496",7803,6490,1313,131,54,29,104,16,45,89,242,246,284,57,6,10,0,0,0
2021,"Hillingdon 004","E02000497",9522,6817,2705,294,128,71,170,44,114,174,509,499,522,138,20,14,8,0,0
2021,"Hillingdon 005","E02000498",6374,5200,1174,144,49,28,60,20,56,71,237,214,215,54,9,14,3,0,0
2021,"Hillingdon 006","E02000499",7726,5674,2052,209,91,54,129,19,85,135,404,412,379,89,24,19,3,0,0
2021,"Hillingdon 007","E02000500",8278,6122,2156,215,85,51,132,30,109,148,435,406,403,118,6,10,7,1,0
2021,"Hillingdon 008","E02000501",8477,6361,2116,199,86,64,122,26,98,138,426,411,405,88,20,21,11,1,0
2021,"Hillingdon 009","E02000502",8933,6388,2545,251,87,53,132,38,110,172,530,494,530,117,14,13,3,1,0
2021,"Hillingdon 010","E02000503",8686,6627,2059,186,85,65,133,33,76,127,488,376,393,64,16,12,5,0,0
2021,"Hillingdon 011","E02000504",7645,6108,1537,155,80,47,102,24,69,118,276,259,299,77,13,14,0,2,2
2021,"Hillingdon 013","E02000506",7961,5647,2314,220,116,77,188,52,112,169,438,375,425,95,12,27,7,1,0
2021,"Hillingdon 014","E02000507",8242,5773,2469,209,143,69,202,42,130,170,456,425,483,111,10,14,4,1,0
2021,"Hillingdon 015","E02000508",11948,6993,4955,428,181,129,321,71,249,461,984,828,1058,197,20,18,9,1,0
2021,"Hillingdon 016","E02000509",10558,6190,4368,406,185,99,267,74,274,456,942,665,764,181,30,20,4,1,0
2021,"Hillingdon 017","E02000510",9114,6031,3083,272,152,87,224,64,152,199,598,512,634,150,18,16,5,0,0
2021,"Hillingdon 018","E02000511",9935,5960,3975,337,162,118,263,75,171,240,851,720,781,186,28,32,8,3,0
2021,"Hillingdon 019","E02000512",8824,5431,3393,322,164,103,248,70,157,190,650,571,690,176,22,27,3,0,0
2021,"Hillingdon 020","E02000513",9760,5268,4492,346,195,110,315,98,196,272,896,814,927,242,27,41,13,0,0
2021,"Hillingdon 021","E02000514",10675,4793,5882,499,253,191,441,89,259,368,1234,1013,1169,281,30,47,5,1,2
2021,"Hillingdon 022","E02000515",13293,8173,5120,496,199,118,274,73,230,338,1010,934,1174,200,24,43,7,0,0
2021,"Hillingdon 023","E02000516",8643,4349,4294,330,189,106,306,87,180,281,866,703,936,229,29,38,13,1,0
2021,"Hillingdon 024","E02000517",10469,5739,4730,388,216,139,358,82,216,274,921,787,1031,225,37,40,14,2,0
2021,"Hillingdon 025","E02000518",9631,6420,3211,304,144,114,244,41,160,174,630,539,637,159,28,25,10,2,0
2021,"Hillingdon 026","E02000519",9554,5037,4517,336,189,119,338,82,186,267,921,728,950,279,52,54,12,4,0
2021,"Hillingdon 027","E02000520",14062,6534,7528,611,317,209,529,121,308,413,1359,1297,1691,512,64,82,14,1,0
2021,"Hillingdon 028","E02000521",13188,7373,5815,635,223,118,352,96,221,300,1107,1168,1264,269,25,29,5,1,2
2021,"Hillingdon 029","E02000522",9578,5922,3656,336,153,102,265,73,150,217,698,631,811,171,19,26,3,1,0
2021,"Hillingdon 030","E02000523",11366,4789,6577,499,281,174,439,118,288,366,1247,1168,1504,395,35,47,14,2,0
2021,"Hillingdon 031","E02000524",7536,3993,3543,234,107,74,191,49,132,249,751,606,813,278,29,23,7,0,0
2021,"Hillingdon 032","E02000525",10063,4470,5593,412,195,149,370,99,205,323,1044,936,1349,432,34,41,4,0,0
2021,"Hillingdon 033","E02006796",9692,6491,3201,269,134,69,205,54,113,236,684,610,643,133,19,25,7,0,0
2021,"Hounslow 001","E02000526",8638,5093,3545,336,123,69,159,40,105,169,613,718,951,214,15,28,3,2,0
2021,"Hounslow 004","E02000529",9716,4176,5540,497,233,194,408,93,229,322,1066,958,1086,307,57,72,15,2,1
2021,"Hounslow 005","E02000530",8116,3925,4191,355,185,148,317,74,218,237,761,697,878,222,52,38,9,0,0
2021,"Hounslow 006","E02000531",11582,6969,4613,341,168,104,248,76,162,293,934,904,1118,203,28,24,9,1,0
2021,"Hounslow 007","E02000532",8976,5620,3356,326,128,101,152,27,119,176,616,618,877,166,20,21,8,1,0
2021,"Hounslow 008","E02000533",8403,5438,2965,277,124,73,139,41,82,151,525,557,747,192,27,21,9,0,0
2021,"Hounslow 009","E02000534",8558,4494,4064,360,183,104,248,56,160,230,825,785,905,155,13,26,10,2,2
2021,"Hounslow 010","E02000535",10053,4159,5894,401,235,188,451,110,284,364,1136,951,1244,401,62,51,13,3,0
2021,"Hounslow 011","E02000536",10844,4564,6280,523,305,175,431,113,222,302,1167,1124,1432,363,53,55,13,1,1
2021,"Hounslow 012","E02000537",9848,3508,6340,444,240,162,387,69,193,323,1418,1164,1452,396,40,32,16,4,0
2021,"Hounslow 013","E02000538",10106,3690,6416,441,237,162,350,91,233,360,1213,1073,1614,499,67,67,7,2,0
2021,"Hounslow 014","E02000539",12224,7390,4834,398,163,123,224,42,152,267,981,1070,1159,183,33,31,8,0,0
2021,"Hounslow 015","E02000540",12125,5331,6794,521,255,163,399,98,188,324,1348,1213,1716,427,56,68,18,0,0
2021,"Hounslow 016","E02000541",10617,3992,6625,464,266,154,365,99,262,352,1152,1100,1707,548,50,81,18,7,0
2021,"Hounslow 017","E02000542",12304,4445,7859,644,280,171,472,96,290,381,1360,1389,1970,633,72,89,12,0,0
2021,"Hounslow 018","E02000543",14003,4811,9192,758,322,229,516,109,236,379,1590,1752,2583,601,53,49,14,1,0
2021,"Hounslow 019","E02000544",8556,4520,4036,332,158,96,224,58,136,239,887,754,870,198,33,37,10,4,0
2021,"Hounslow 020","E02000545",9236,5604,3632,324,144,98,194,50,149,190,696,672,846,205,29,22,7,4,2
2021,"Hounslow 021","E02000546",10429,4253,6176,503,257,165,365,79,252,325,1211,1073,1444,360,58,64,19,1,0
2021,"Hounslow 022","E02000547",11000,6037,4963,331,155,102,313,80,198,284,959,954,1133,331,45,57,20,1,0
2021,"Hounslow 023","E02000548",10577,6265,4312,338,168,101,306,71,158,207,792,820,1016,245,39,45,6,0,0
2021,"Hounslow 024","E02000549",12535,6813,5722,440,203,139,367,83,217,345,1049,987,1372,403,46,52,18,1,0
2021,"Hounslow 025","E02000550",10715,5867,4848,439,165,104,239,51,160,252,927,936,1236,261,34,41,3,0,0
2021,"Hounslow 026","E02000551",9754,5935,3819,271,135,103,257,56,146,223,742,688,905,249,24,14,5,1,0
2021,"Hounslow 027","E02000552",9258,5606,3652,319,119,80,208,47,113,230,706,737,829,190,27,41,6,0,0
2021,"Hounslow 028","E02000553",7113,4737,2376,198,92,70,160,40,82,133,503,427,506,125,11,26,3,0,0
2021,"Hounslow 029","E02006792",8997,4631,4366,319,115,92,245,52,137,271,895,841,1094,242,23,25,13,1,1
2021,"Hounslow 030","E02006972",5407,2921,2486,173,68,57,128,30,111,140,454,490,633,167,14,17,4,0,0
2021,"Hounslow 031","E02006973",8496,4762,3734,324,128,80,205,45,135,200,697,771,894,191,25,26,10,3,0
2021,"Islington 001","E02000554",9357,5855,3502,316,144,76,230,62,158,238,716,693,718,113,13,20,4,0,1
2021,"Islington 002","E02000555",9572,6126,3446,296,130,81,181,50,161,249,788,736,615,110,24,19,4,2,0
2021,"Islington 003","E02000556",11396,7069,4327,337,105,84,216,45,205,321,1053,967,790,158,18,15,12,0,1
2021,"Islington 004","E02000557",8782,5296,3486,233,91,60,193,60,172,267,803,734,759,88,12,9,5,0,0
2021,"Islington 005","E02000558",9435,5224,4211,293,150,108,293,66,184,284,883,802,913,181,25,24,5,0,0
2021,"Islington 006","E02000559",9582,5979,3603,352,141,84,207,48,127,190,709,852,749,114,10,15,5,0,0
2021,"Islington 007","E02000560",7353,4180,3173,196,76,46,117,40,135,272,814,761,597,96,9,9,4,1,0
2021,"Islington 008","E02000561",7387,4908,2479,230,60,41,91,37,126,187,540,574,496,68,16,11,2,0,0
2021,"Islington 009","E02000562",7867,5083,2784,200,92,55,154,29,105,171,579,697,583,89,9,19,2,0,0
2021,"Islington 010","E02000563",8680,5186,3494,261,118,68,154,53,158,240,821,766,705,121,13,13,3,0,0
2021,"Islington 011","E02000564",12418,6919,5499,279,117,76,207,47,266,451,1505,1388,983,144,19,11,4,0,2
2021,"Islington 012","E02000565",8541,5412,3129,253,101,77,165,50,133,196,661,708,666,91,13,11,4,0,0
2021,"Islington 013","E02000566",8555,5480,3075,223,72,46,109,19,114,167,661,893,661,85,14,7,4,0,0
2021,"Islington 014","E02000567",10437,6731,3706,246,104,80,168,52,129,213,773,1009,782,109,17,20,3,1,0
2021,"Islington 015","E02000568",11340,6709,4631,264,138,88,245,68,240,367,1135,1038,857,148,17,17,7,2,0
2021,"Islington 016","E02000569",9936,6311,3625,250,112,61,162,48,152,205,757,886,862,108,10,12,0,0,0
2021,"Islington 017","E02000570",8290,5353,2937,246,79,41,106,24,96,162,563,860,649,81,11,18,1,0,0
2021,"Islington 018","E02000571",8925,5397,3528,233,108,68,164,41,128,185,688,970,823,101,7,12,0,0,0
2021,"Islington 019","E02000572",8604,4902,3702,277,111,70,200,52,197,410,816,757,649,118,22,18,5,0,0
2021,"Islington 020","E02000573",10316,6082,4234,260,80,69,141,33,179,298,886,1174,944,132,14,15,9,0,0
2021,"Islington 021","E02000574",7833,4238,3595,174,80,53,124,47,295,326,852,813,691,112,14,8,3,2,1
2021,"Islington 022","E02000575",11317,5928,5389,320,101,69,187,67,294,520,1347,1258,1053,131,15,19,5,1,2
2021,"Islington 023","E02000576",10673,5845,4828,257,114,71,225,70,267,424,1158,1128,920,155,23,10,6,0,0
2021,"Kensington and Chelsea 001","E02000577",7708,4065,3643,298,116,68,236,65,165,244,843,637,765,163,21,15,7,0,0
2021,"Kensington and Chelsea 002","E02000578",6005,3636,2369,167,79,56,171,42,128,169,486,380,505,141,18,19,7,1,0
2021,"Kensington and Chelsea 003","E02000579",8993,5438,3555,313,114,78,191,49,147,202,668,705,806,218,35,25,2,1,1
2021,"Kensington and Chelsea 004","E02000580",7894,4269,3625,200,137,66,198,71,161,220,663,757,873,223,15,30,11,0,0
2021,"Kensington and Chelsea 005","E02000581",7390,4241,3149,240,127,61,172,54,134,219,582,571,717,217,26,17,12,0,0
2021,"Kensington and Chelsea 006","E02000582",6543,2915,3628,252,85,44,112,31,171,182,747,761,890,289,36,26,1,1,0
2021,"Kensington and Chelsea 007","E02000583",6426,3480,2946,242,77,36,99,32,88,122,497,609,870,247,10,12,5,0,0
2021,"Kensington and Chelsea 008","E02000584",7175,3175,4000,333,113,59,197,34,156,156,517,697,1194,436,38,36,32,2,0
2021,"Kensington and Chelsea 009","E02000585",8090,3259,4831,409,220,119,221,60,189,216,723,767,1352,447,42,41,19,4,2
2021,"Kensington and Chelsea 010","E02000586",6472,2163,4309,297,146,100,221,87,172,251,689,594,1096,538,50,51,16,1,0
2021,"Kensington and Chelsea 011","E02000587",6495,2550,3945,304,102,76,202,56,137,216,555,625,1113,459,38,46,14,2,0
2021,"Kensington and Chelsea 012","E02000588",5985,2227,3758,286,85,74,172,27,164,179,621,568,970,491,54,48,16,2,1
2021,"Kensington and Chelsea 013","E02000589",7254,2335,4919,306,103,56,182,48,221,388,1090,884,1120,448,33,32,7,1,0
2021,"Kensington and Chelsea 014","E02000590",5978,2719,3259,255,102,50,143,30,172,187,599,544,805,289,37,35,7,0,4
2021,"Kensington and Chelsea 015","E02000591",6212,2182,4030,222,93,52,173,52,192,279,892,782,954,263,38,31,5,2,0
2021,"Kensington and Chelsea 016","E02000592",5764,2105,3659,298,90,55,146,40,147,254,651,647,917,340,37,28,8,1,0
2021,"Kensington and Chelsea 017","E02000593",7394,2689,4705,324,132,94,220,77,221,350,867,809,1163,377,26,34,9,2,0
2021,"Kensington and Chelsea 018","E02000594",6482,3294,3188,251,87,70,134,36,101,164,432,503,918,375,55,41,18,3,0
2021,"Kensington and Chelsea 019","E02000595",6164,3006,3158,301,75,42,141,26,140,151,454,557,888,299,32,34,15,2,1
2021,"Kensington and Chelsea 020","E02000596",6617,3006,3611,229,101,51,135,27,154,231,742,731,900,243,35,20,10,0,2
2021,"Kensington and Chelsea 021","E02000597",6340,3309,3031,238,100,54,162,41,125,178,595,554,714,205,25,32,8,0,0
2021,"Kingston upon Thames 001","E02000598",8094,5464,2630,346,150,71,131,18,68,97,375,468,745,125,11,16,5,3,1
2021,"Kingston upon Thames 002","E02000599",7007,3870,3137,299,166,83,250,49,124,169,495,442,737,255,29,30,5,4,0
2021,"Kingston upon Thames 003","E02000600",8361,5058,3303,321,140,92,149,31,99,160,553,726,776,178,33,35,8,1,1
2021,"Kingston upon Thames 004","E02000601",11907,7595,4312,439,181,124,225,58,159,208,692,720,1173,259,27,33,13,1,0
2021,"Kingston upon Thames 005","E02000602",10315,6392,3923,372,141,85,209,59,186,280,776,719,851,201,20,18,3,3,0
2021,"Kingston upon Thames 006","E02000603",8638,5156,3482,291,150,95,234,53,120,229,600,634,819,197,31,20,8,1,0
2021,"Kingston upon Thames 007","E02000604",9243,5593,3650,349,139,86,184,39,110,159,596,687,994,242,31,28,6,0,0
2021,"Kingston upon Thames 008","E02000605",8487,5527,2960,265,114,84,183,44,79,142,552,543,737,156,21,27,13,0,0
2021,"Kingston upon Thames 009","E02000606",10563,6395,4168,336,148,97,236,51,195,344,776,752,928,240,31,26,7,1,0
2021,"Kingston upon Thames 010","E02000607",6791,5032,1759,199,63,49,129,13,60,142,345,314,356,72,7,9,1,0,0
2021,"Kingston upon Thames 011","E02000608",7199,4587,2612,204,91,50,106,31,89,152,566,488,648,152,12,18,5,0,0
2021,"Kingston upon Thames 012","E02000609",7628,4642,2986,271,131,88,198,41,98,146,514,521,722,202,21,27,6,0,0
2021,"Kingston upon Thames 013","E02000610",7954,5364,2590,234,87,67,136,32,94,147,486,494,623,146,19,20,4,1,0
2021,"Kingston upon Thames 014","E02000611",7438,5554,1884,191,83,57,107,23,64,111,398,341,383,94,8,19,5,0,0
2021,"Kingston upon Thames 015","E02000612",8251,5712,2539,259,104,56,178,35,79,140,450,433,619,125,22,28,10,0,1
2021,"Kingston upon Thames 016","E02000613",8093,5979,2114,220,71,55,115,24,84,129,382,406,491,99,15,18,4,1,0
2021,"Kingston upon Thames 017","E02000614",9295,5656,3639,322,150,94,220,55,130,194,653,638,907,222,23,24,7,0,0
2021,"Kingston upon Thames 018","E02000615",7885,6022,1863,182,74,44,121,23,58,114,375,307,440,103,10,9,2,1,0
2021,"Kingston upon Thames 019","E02000616",6061,4908,1153,101,44,27,71,14,41,81,238,198,262,66,3,6,1,0,0
2021,"Kingston upon Thames 020","E02000617",8862,6905,1957,199,76,49,122,28,76,123,351,334,436,129,13,16,4,1,0
2021,"Lambeth 002","E02000619",9101,5358,3743,255,113,79,211,68,159,261,803,758,806,176,17,28,9,0,0
2021,"Lambeth 003","E02000620",9846,5727,4119,238,119,86,201,69,250,279,967,840,835,177,25,25,7,0,1
2021,"Lambeth 004","E02000621",12521,6263,6258,323,151,104,306,98,336,558,1562,1270,1269,233,23,19,5,1,0
2021,"Lambeth 005","E02000622",8405,5031,3374,229,102,52,232,43,159,211,661,721,736,189,18,13,8,0,0
2021,"Lambeth 006","E02000623",7860,4334,3526,230,94,100,197,51,153,243,742,682,808,177,21,23,4,1,0
2021,"Lambeth 007","E02000624",9629,5839,3790,275,110,88,233,50,160,247,795,802,794,194,16,19,7,0,0
2021,"Lambeth 008","E02000625",9307,5045,4262,298,146,97,294,59,219,259,898,822,930,196,18,21,3,2,0
2021,"Lambeth 009","E02000626",8360,4845,3515,245,134,88,234,71,160,194,586,704,882,175,19,21,2,0,0
2021,"Lambeth 010","E02000627",9553,5715,3838,262,140,68,217,88,176,226,866,773,779,198,22,18,5,0,0
2021,"Lambeth 011","E02000628",10784,5761,5023,380,181,130,348,85,251,318,897,921,1123,309,40,25,12,2,1
2021,"Lambeth 012","E02000629",9117,5851,3266,239,80,64,151,54,141,200,802,781,620,104,11,13,5,0,1
2021,"Lambeth 013","E02000630",7538,4993,2545,212,78,43,127,32,102,150,538,588,579,72,6,11,6,1,0
2021,"Lambeth 014","E02000631",9526,6365,3161,237,113,107,212,39,127,199,615,676,631,170,18,11,6,0,0
2021,"Lambeth 015","E02000632",9588,6428,3160,212,96,53,181,40,131,190,762,797,577,96,14,9,2,0,0
2021,"Lambeth 016","E02000633",9161,5662,3499,254,127,93,219,85,158,193,696,681,782,173,19,15,3,1,0
2021,"Lambeth 017","E02000634",6773,4242,2531,159,72,58,157,42,105,157,570,567,516,89,21,13,4,1,0
2021,"Lambeth 018","E02000635",9814,6597,3217,271,113,94,186,41,103,230,685,698,653,118,13,8,1,3,0
2021,"Lambeth 019","E02000636",7717,5414,2303,205,77,54,110,21,76,114,562,519,481,68,7,8,0,1,0
2021,"Lambeth 020","E02000637",8399,5562,2837,239,92,67,173,34,134,176,589,629,550,127,9,14,3,1,0
2021,"Lambeth 021","E02000638",10257,6411,3846,282,138,106,260,50,148,242,795,783,801,192,15,18,9,4,3
2021,"Lambeth 022","E02000639",8323,4399,3924,223,119,77,244,63,164,215,859,782,895,228,27,19,9,0,0
2021,"Lambeth 023","E02000640",9293,6589,2704,260,103,57,158,25,104,176,628,572,534,68,7,7,5,0,0
2021,"Lambeth 024","E02000641",8627,5083,3544,261,152,115,292,69,142,211,613,671,828,164,14,6,4,2,0
2021,"Lambeth 025","E02000642",9808,6782,3026,257,110,73,201,51,96,171,548,595,699,180,21,13,9,0,2
2021,"Lambeth 026","E02000643",9380,5875,3505,250,105,89,237,43,149,210,733,759,720,167,15,18,6,4,0
2021,"Lambeth 027","E02000644",8522,5526,2996,230,110,68,195,46,116,192,607,558,688,143,10,19,5,7,2
2021,"Lambeth 028","E02000645",9533,6318,3215,283,131,100,185,41,104,186,569,660,745,171,18,20,2,0,0
2021,"Lambeth 029","E02000646",9498,5926,3572,267,151,74,171,38,153,251,812,662,798,152,19,19,5,0,0
2021,"Lambeth 030","E02000647",8595,5770,2825,272,108,86,188,35,120,171,562,541,550,143,18,13,14,2,2
2021,"Lambeth 031","E02000648",7828,5307,2521,231,112,67,178,47,109,176,487,459,502,115,12,22,4,0,0
2021,"Lambeth 032","E02000649",12477,7233,5244,338,212,110,267,70,166,314,1068,947,1317,364,33,25,9,3,1
2021,"Lambeth 033","E02000650",7664,5366,2298,231,81,76,154,32,89,143,415,469,496,81,16,9,2,3,1
2021,"Lambeth 034","E02000651",8739,5240,3499,269,119,86,245,45,141,231,688,618,814,202,22,7,12,0,0
2021,"Lambeth 035","E02000652",7559,4012,3547,257,118,90,218,72,130,249,806,587,767,182,44,19,6,2,0
2021,"Lambeth 036","E02006801",8565,4223,4342,197,94,65,210,75,352,504,1223,718,733,128,21,14,8,0,0
2021,"Lewisham 001","E02000653",12609,6445,6164,332,172,123,293,87,278,468,1359,1431,1370,204,19,19,8,1,0
2021,"Lewisham 002","E02000654",8785,4943,3842,258,160,120,237,68,183,242,775,822,797,150,14,10,5,1,0
2021,"Lewisham 003","E02000655",10281,5731,4550,295,182,99,301,78,186,316,952,887,1010,202,18,18,6,0,0
2021,"Lewisham 005","E02000657",9908,6104,3804,279,131,84,249,53,151,287,802,695,815,177,25,23,33,0,0
2021,"Lewisham 006","E02000658",8618,5500,3118,223,110,65,200,47,128,186,621,574,780,143,20,19,1,1,0
2021,"Lewisham 007","E02000659",8066,5371,2695,241,112,62,134,32,99,142,549,579,589,127,11,12,6,0,0
2021,"Lewisham 008","E02000660",8207,5278,2929,214,93,70,158,41,111,230,644,630,632,80,10,10,6,0,0
2021,"Lewisham 009","E02000661",6492,4522,1970,184,55,45,91,27,72,105,357,444,473,98,5,9,5,0,0
2021,"Lewisham 010","E02000662",8292,5404,2888,235,106,80,206,43,76,193,583,593,622,126,8,10,6,1,0
2021,"Lewisham 011","E02000663",6797,4498,2299,190,104,74,150,30,87,157,493,443,451,94,9,8,8,1,0
2021,"Lewisham 013","E02000665",8158,5505,2653,195,100,75,135,36,96,182,576,528,606,89,12,17,6,0,0
2021,"Lewisham 014","E02000666",7189,5039,2150,184,79,59,155,41,123,131,421,405,448,77,4,16,5,2,0
2021,"Lewisham 015","E02000667",6688,4869,1819,174,73,53,136,34,67,133,403,346,321,59,7,11,2,0,0
2021,"Lewisham 016","E02000668",6860,4858,2002,191,82,55,111,17,77,120,396,416,440,73,10,10,3,1,0
2021,"Lewisham 017","E02000669",7972,4955,3017,239,108,74,168,42,120,162,647,576,698,152,16,10,4,1,0
2021,"Lewisham 018","E02000670",6708,3848,2860,212,119,100,211,39,139,174,584,499,610,139,15,14,5,0,0
2021,"Lewisham 019","E02000671",8741,6336,2405,227,102,66,160,34,77,164,506,481,476,84,14,11,2,0,1
2021,"Lewisham 020","E02000672",10277,6120,4157,305,173,111,267,65,164,225,772,761,1049,222,16,19,8,0,0
2021,"Lewisham 021","E02000673",8135,5906,2229,215,85,65,125,31,82,159,434,470,470,67,15,10,1,0,0
2021,"Lewisham 022","E02000674",8454,5591,2863,285,130,107,235,46,146,203,519,459,578,123,9,13,4,6,0
2021,"Lewisham 023","E02000675",8527,5909,2618,212,100,73,186,45,105,174,536,509,534,110,15,15,3,1,0
2021,"Lewisham 024","E02000676",7816,5701,2115,209,77,57,146,30,78,133,444,411,429,75,10,11,5,0,0
2021,"Lewisham 025","E02000677",7210,4686,2524,172,127,91,208,50,129,183,509,429,458,124,11,22,9,0,2
2021,"Lewisham 026","E02000678",6960,4520,2440,211,94,72,196,38,115,98,457,444,574,111,10,15,5,0,0
2021,"Lewisham 027","E02000679",8128,5731,2397,230,75,59,164,33,107,159,449,460,553,93,8,6,1,0,0
2021,"Lewisham 028","E02000680",7035,4691,2344,210,114,80,166,42,102,149,412,444,512,87,11,14,1,0,0
2021,"Lewisham 029","E02000681",8473,5701,2772,268,108,87,234,43,95,148,514,481,625,126,25,15,3,0,0
2021,"Lewisham 030","E02000682",8935,5670,3265,310,144,142,221,52,178,226,552,541,709,148,15,17,7,3,0
2021,"Lewisham 031","E02000683",6768,4489,2279,195,98,63,158,41,86,134,449,390,516,117,11,13,5,2,1
2021,"Lewisham 033","E02000685",8130,5601,2529,219,100,67,198,32,87,153,477,471,577,108,21,16,3,0,0
2021,"Lewisham 034","E02000686",7535,4780,2755,227,114,82,219,44,118,164,458,491,691,127,8,11,1,0,0
2021,"Lewisham 035","E02000687",8267,5813,2454,232,89,73,168,48,91,145,393,503,571,109,15,13,4,0,0
2021,"Lewisham 037","E02006783",7775,5232,2543,193,111,85,157,45,84,150,479,474,612,105,18,28,2,0,0
2021,"Lewisham 038","E02006784",7969,5288,2681,223,116,74,178,49,113,147,523,476,581,148,38,11,2,1,1
2021,"Lewisham 039","E02006798",8887,4855,4032,251,144,95,218,61,179,285,833,784,960,182,18,17,4,0,1
2021,"Lewisham 040","E02007008",5764,2688,3076,135,60,67,129,39,143,302,657,781,684,70,6,3,0,0,0
2021,"Lewisham 041","E02007009",9141,5306,3835,235,135,76,221,75,139,242,757,782,946,190,15,19,3,0,0
2021,"Merton 001","E02000689",9053,5923,3130,290,97,59,141,27,77,174,670,769,694,96,12,20,4,0,0
2021,"Merton 002","E02000690",5526,3529,1997,217,99,52,108,30,60,81,258,329,534,169,22,30,6,2,0
2021,"Merton 003","E02000691",7353,4499,2854,262,66,43,116,28,96,151,559,634,728,138,14,15,3,1,0
2021,"Merton 004","E02000692",7655,4461,3194,302,110,73,135,22,95,128,503,604,948,202,25,36,11,0,0
2021,"Merton 005","E02000693",9854,5662,4192,256,104,70,182,42,123,270,981,936,972,212,13,25,6,0,0
2021,"Merton 006","E02000694",9107,5865,3242,265,102,58,145,34,86,163,666,746,802,138,19,11,7,0,0
2021,"Merton 007","E02000695",8641,4369,4272,272,143,83,247,73,172,302,960,813,936,215,25,25,6,0,0
2021,"Merton 008","E02000696",8630,4516,4114,272,115,88,214,61,165,256,934,812,933,227,17,15,5,0,0
2021,"Merton 009","E02000697",8728,5083,3645,313,122,72,128,42,101,181,758,831,921,138,18,15,5,0,0
2021,"Merton 010","E02000698",8236,5320,2916,322,115,59,142,37,92,116,492,593,720,184,14,18,11,1,0
2021,"Merton 011","E02000699",8215,5044,3171,321,109,55,115,19,79,153,614,724,831,111,16,16,7,0,1
2021,"Merton 012","E02000700",8660,4768,3892,296,159,82,214,44,108,204,800,769,945,222,22,22,4,1,0
2021,"Merton 013","E02000701",9012,4450,4562,316,150,114,254,74,146,291,916,868,1107,249,31,32,14,0,0
2021,"Merton 014","E02000702",9326,5502,3824,283,143,115,257,49,182,230,814,719,803,175,24,22,5,3,0
2021,"Merton 015","E02000703",7961,5102,2859,248,110,53,138,34,99,193,601,559,619,157,22,20,5,1,0
2021,"Merton 016","E02000704",8602,4966,3636,278,124,76,165,36,92,168,734,804,931,175,22,24,6,1,0
2021,"Merton 017","E02000705",9325,4957,4368,306,156,126,299,65,182,269,925,806,904,255,25,27,21,1,1
2021,"Merton 018","E02000706",10038,5390,4648,323,171,104,303,60,165,263,899,872,1157,255,30,34,11,1,0
2021,"Merton 019","E02000707",8304,4827,3477,255,152,99,278,58,137,212,680,590,795,173,21,21,3,1,2
2021,"Merton 020","E02000708",8889,5543,3346,250,126,63,180,44,88,176,714,697,807,158,18,17,8,0,0
2021,"Merton 021","E02000709",7976,5335,2641,216,102,54,132,39,105,174,595,507,542,128,15,23,6,3,0
2021,"Merton 022","E02000710",9188,5379,3809,289,125,87,233,54,137,244,833,715,806,212,35,32,7,0,0
2021,"Merton 023","E02000711",9449,5059,4390,297,153,93,277,58,152,260,855,806,1058,295,35,39,9,3,0
2021,"Merton 024","E02000712",9665,5906,3759,294,141,88,247,46,118,186,754,692,850,256,28,54,5,0,0
2021,"Merton 025","E02000713",7805,5796,2009,165,73,62,115,27,63,127,445,375,403,111,19,17,6,1,0
2021,"Newham 001","E02000714",7707,3943,3764,290,165,91,248,61,167,259,686,643,922,183,21,21,6,1,0
2021,"Newham 002","E02000715",7295,3275,4020,422,221,125,303,71,146,212,659,611,953,239,23,30,5,0,0
2021,"Newham 003","E02000716",7349,3583,3766,329,176,137,300,60,126,225,687,557,896,216,16,31,10,0,0
2021,"Newham 004","E02000717",8356,3579,4777,443,238,162,358,88,191,270,778,746,1131,302,33,21,11,2,3
2021,"Newham 005","E02000718",7406,3554,3852,369,220,133,318,72,135,226,672,626,838,198,25,17,3,0,0
2021,"Newham 006","E02000719",8079,3753,4326,297,146,102,267,56,126,305,858,796,1038,275,28,20,9,2,1
2021,"Newham 007","E02000720",7490,3741,3749,289,148,103,244,64,172,279,787,649,769,195,16,25,8,0,1
2021,"Newham 008","E02000721",9548,4331,5217,469,222,163,376,98,187,372,965,795,1247,252,31,27,11,2,0
2021,"Newham 009","E02000722",8141,3601,4540,270,150,95,259,65,147,284,952,891,1103,271,31,20,2,0,0
2021,"Newham 010","E02000723",11196,4772,6424,493,284,166,417,104,215,423,1269,1067,1528,345,60,32,18,2,1
2021,"Newham 011","E02000724",10026,4406,5620,562,271,168,422,124,224,395,1056,815,1255,267,26,25,9,1,0
2021,"Newham 012","E02000725",9987,4431,5556,370,184,125,262,101,223,410,1191,1058,1268,291,35,33,4,1,0
2021,"Newham 014","E02000727",8516,3453,5063,403,195,143,373,84,184,286,988,895,1212,245,23,25,7,0,0
2021,"Newham 015","E02000728",8527,3128,5399,403,237,126,284,80,178,309,1078,869,1486,281,30,31,6,1,0
2021,"Newham 016","E02000729",7327,3545,3782,310,138,76,250,52,165,242,725,646,899,217,29,27,6,0,0
2021,"Newham 017","E02000730",9929,4013,5916,408,200,152,344,74,198,425,1295,1037,1388,321,33,30,8,2,1
2021,"Newham 018","E02000731",9962,3902,6060,486,249,166,435,91,221,305,1099,955,1575,402,37,26,13,0,0
2021,"Newham 019","E02000732",8899,4126,4773,403,205,163,327,88,164,268,943,803,1070,294,22,15,6,2,0
2021,"Newham 020","E02000733",10096,5012,5084,329,193,87,296,89,186,377,1045,972,1166,287,30,19,8,0,0
2021,"Newham 021","E02000734",7304,3391,3913,254,123,87,250,79,153,266,744,690,960,258,31,16,2,0,0
2021,"Newham 022","E02000735",8607,3765,4842,345,182,139,309,62,156,297,939,849,1151,317,39,45,11,0,1
2021,"Newham 023","E02000736",9203,4390,4813,488,249,150,366,62,176,267,786,762,1195,256,23,22,9,2,0
2021,"Newham 024","E02000737",10379,5061,5318,479,261,160,396,81,192,272,892,852,1346,313,38,26,9,1,0
2021,"Newham 025","E02000738",9583,4454,5129,458,208,147,307,66,163,281,979,934,1254,281,28,19,4,0,0
2021,"Newham 026","E02000739",7727,3488,4239,295,174,85,274,58,189,284,765,751,1040,271,19,29,3,2,0
2021,"Newham 027","E02000740",6767,3338,3429,274,91,91,199,54,129,235,740,668,775,145,10,17,1,0,0
2021,"Newham 028","E02000741",8244,3982,4262,329,179,122,278,70,145,250,794,754,1038,251,28,18,6,0,0
2021,"Newham 029","E02000742",8702,4329,4373,423,217,112,302,56,141,244,780,756,1040,251,22,24,2,3,0
2021,"Newham 030","E02000743",10283,5000,5283,431,175,127,324,77,206,342,1043,986,1209,308,21,24,9,1,0
2021,"Newham 031","E02000744",9173,4669,4504,305,163,115,267,61,166,284,883,829,1095,285,22,27,2,0,0
2021,"Newham 032","E02000745",8597,3914,4683,344,187,143,283,70,150,248,928,814,1165,291,22,33,4,1,0
2021,"Newham 033","E02000746",9427,4789,4638,372,173,95,291,65,199,343,942,879,984,222,29,39,4,1,0
2021,"Newham 034","E02000747",13097,5898,7199,457,198,127,348,89,274,593,1527,1580,1687,276,19,21,3,0,0
2021,"Newham 035","E02000748",6272,2781,3491,262,107,71,209,49,111,232,711,662,794,223,22,22,14,0,2
2021,"Newham 036","E02000749",9551,5029,4522,339,162,91,292,68,184,278,904,892,993,261,20,33,2,3,0
2021,"Newham 038","E02006995",8638,4495,4143,273,109,77,171,55,205,397,1184,909,656,82,12,13,0,0,0
2021,"Newham 039","E02006996",8424,3904,4520,295,115,89,239,52,214,403,1165,915,826,176,12,16,3,0,0
2021,"Newham 040","E02006997",6890,3212,3678,209,97,68,188,48,154,338,933,823,700,94,10,12,1,1,2
2021,"Newham 041","E02006998",7087,3411,3676,274,124,74,217,59,127,260,729,716,875,179,24,12,5,1,0
2021,"Newham 042","E02006999",11243,5000,6243,419,148,115,289,86,259,527,1404,1511,1288,166,18,7,5,1,0
2021,"Redbridge 001","E02000751",11156,8286,2870,325,120,65,199,36,114,185,592,528,560,101,22,14,8,1,0
2021,"Redbridge 002","E02000752",8785,5738,3047,283,98,76,177,24,92,163,701,623,651,121,15,18,5,0,0
2021,"Redbridge 003","E02000753",6923,4443,2480,234,93,59,141,24,82,153,517,476,525,139,20,10,4,0,3
2021,"Redbridge 004","E02000754",6765,4726,2039,179,80,43,117,22,77,132,418,418,423,94,17,16,3,0,0
2021,"Redbridge 005","E02000755",5483,3926,1557,147,56,31,95,33,60,115,319,293,332,59,10,7,0,0,0
2021,"Redbridge 006","E02000756",14594,8895,5699,565,249,151,333,61,168,322,1219,1053,1227,275,33,32,11,0,0
2021,"Redbridge 007","E02000757",12395,8683,3712,389,138,81,179,33,108,231,828,748,772,155,18,23,9,0,0
2021,"Redbridge 008","E02000758",6885,4222,2663,288,126,87,208,41,101,175,580,458,460,100,20,13,5,1,0
2021,"Redbridge 009","E02000759",13089,8540,4549,415,190,131,267,57,172,285,964,935,915,177,18,16,7,0,0
2021,"Redbridge 010","E02000760",7531,4478,3053,333,127,95,178,26,103,197,626,546,630,130,23,30,9,0,0
2021,"Redbridge 012","E02000762",6620,3659,2961,290,158,107,241,45,134,204,612,481,530,114,17,21,7,0,0
2021,"Redbridge 013","E02000763",8012,4235,3777,351,173,100,256,68,156,205,781,715,767,155,22,20,5,3,0
2021,"Redbridge 014","E02000764",12309,8522,3787,347,123,115,180,44,132,256,839,810,744,138,17,25,15,2,0
2021,"Redbridge 015","E02000765",7524,3688,3836,375,181,121,228,43,109,230,769,746,834,148,27,19,6,0,0
2021,"Redbridge 017","E02000767",8629,4359,4270,473,242,120,222,58,132,233,741,811,1025,150,22,34,6,0,1
2021,"Redbridge 018","E02000768",5783,4330,1453,160,61,41,93,20,63,110,296,268,276,53,3,5,4,0,0
2021,"Redbridge 020","E02000770",8125,3832,4293,402,233,135,293,52,171,277,821,706,958,175,31,34,3,2,0
2021,"Redbridge 022","E02000772",8385,4118,4267,452,181,133,316,68,129,245,774,767,940,211,22,26,3,0,0
2021,"Redbridge 023","E02000773",10730,5256,5474,542,278,176,429,76,247,326,966,926,1231,195,26,29,27,0,0
2021,"Redbridge 024","E02000774",8110,3788,4322,454,215,121,298,63,144,284,890,712,890,185,25,36,5,0,0
2021,"Redbridge 026","E02000776",7036,3489,3547,388,178,108,227,58,153,226,625,556,830,160,16,11,11,0,0
2021,"Redbridge 027","E02000777",6000,4468,1532,179,88,53,109,22,39,101,319,263,285,57,5,9,3,0,0
2021,"Redbridge 029","E02000779",8417,3417,5000,482,237,156,302,75,206,292,897,850,1181,252,25,33,10,0,2
2021,"Redbridge 031","E02000781",16294,8980,7314,782,383,267,555,113,336,511,1406,1136,1394,293,38,63,30,5,2
2021,"Redbridge 032","E02000782",11487,4830,6657,636,377,204,425,121,209,406,1135,1141,1606,318,35,33,10,1,0
2021,"Redbridge 033","E02000783",7392,3314,4078,431,228,142,306,56,127,234,651,652,984,194,44,25,4,0,0
2021,"Redbridge 034","E02006800",14681,7306,7375,715,338,224,542,119,293,478,1509,1213,1553,293,37,48,12,1,0
2021,"Redbridge 035","E02006924",13600,7180,6420,587,292,209,473,130,297,445,1267,1094,1228,309,44,33,11,1,0
2021,"Redbridge 036","E02006925",14421,8038,6383,599,306,204,478,108,291,429,1365,1135,1096,259,38,51,18,5,1
2021,"Redbridge 037","E02007017",8815,5390,3425,379,179,114,257,55,119,207,655,578,731,111,20,16,4,0,0
2021,"Redbridge 038","E02007018",7269,4029,3240,328,133,84,234,38,128,222,599,610,701,133,13,10,6,1,0
2021,"Redbridge 039","E02007019",7165,2348,4817,577,243,150,284,44,113,230,679,802,1414,224,20,30,6,1,0
2021,"Redbridge 040","E02007020",9839,4452,5387,517,273,179,428,71,212,355,1090,829,1149,236,21,26,1,0,0
2021,"Richmond upon Thames 001","E02000784",10130,6701,3429,422,158,82,181,34,111,132,532,560,912,252,24,21,6,1,1
2021,"Richmond upon Thames 002","E02000785",9718,6666,3052,352,137,72,153,18,81,133,410,544,889,198,19,36,8,2,0
2021,"Richmond upon Thames 003","E02000786",11369,7997,3372,428,131,82,103,34,93,125,585,653,905,185,17,17,7,4,3
2021,"Richmond upon Thames 004","E02000787",12084,7674,4410,512,186,97,209,40,114,197,663,865,1245,223,19,32,7,0,1
2021,"Richmond upon Thames 005","E02000788",9091,6456,2635,356,104,67,111,22,72,101,430,451,727,162,8,17,7,0,0
2021,"Richmond upon Thames 006","E02000789",6297,3975,2322,300,102,62,109,24,63,70,287,430,664,168,21,12,6,4,0
2021,"Richmond upon Thames 007","E02000790",6585,4796,1789,210,69,55,87,9,55,77,285,336,463,123,8,6,5,0,1
2021,"Richmond upon Thames 008","E02000791",6470,3774,2696,301,100,52,90,28,61,114,377,446,853,223,22,22,7,0,0
2021,"Richmond upon Thames 009","E02000792",7150,4770,2380,278,102,59,114,17,63,101,347,385,665,205,18,14,11,1,0
2021,"Richmond upon Thames 010","E02000793",8106,5817,2289,236,97,67,165,37,103,161,394,381,519,101,9,15,4,0,0
2021,"Richmond upon Thames 011","E02000794",7014,4926,2088,250,74,48,132,13,54,103,367,416,514,100,6,7,2,2,0
2021,"Richmond upon Thames 012","E02000795",6924,4829,2095,320,99,70,106,12,43,60,301,321,567,158,16,16,6,0,0
2021,"Richmond upon Thames 013","E02000796",11082,7437,3645,386,177,87,229,55,143,215,658,622,829,176,19,34,13,2,0
2021,"Richmond upon Thames 014","E02000797",7870,5740,2130,213,104,53,107,14,65,98,391,400,524,124,14,20,2,1,0
2021,"Richmond upon Thames 015","E02000798",11306,8514,2792,301,116,72,144,31,91,142,550,485,697,128,16,13,6,0,0
2021,"Richmond upon Thames 016","E02000799",6602,5171,1431,177,67,34,75,15,58,99,268,212,327,72,6,14,6,1,0
2021,"Richmond upon Thames 017","E02000800",5411,3677,1734,210,79,42,86,23,47,64,253,304,502,103,9,9,3,0,0
2021,"Richmond upon Thames 018","E02000801",7108,5579,1529,211,72,34,75,13,53,76,251,263,375,79,8,12,6,1,0
2021,"Richmond upon Thames 019","E02000802",7017,5563,1454,167,64,40,68,21,33,80,269,292,353,47,7,9,4,0,0
2021,"Richmond upon Thames 020","E02000803",9717,7242,2475,260,105,58,139,31,85,117,457,425,601,149,14,24,8,2,0
2021,"Richmond upon Thames 021","E02000804",7147,5574,1573,193,62,32,64,14,41,85,273,305,388,87,9,14,5,1,0
2021,"Richmond upon Thames 022","E02000805",10755,8044,2711,346,112,76,131,33,78,128,425,491,655,187,17,19,11,2,0
2021,"Richmond upon Thames 023","E02000806",10300,8126,2174,286,81,47,125,22,54,129,397,375,491,133,14,15,4,1,0
2021,"Southwark 001","E02000807",8227,4465,3762,191,61,39,125,38,142,285,943,1010,781,117,16,10,4,0,0
2021,"Southwark 002","E02000808",10167,5106,5061,267,113,63,178,62,344,587,1296,1023,898,189,15,21,5,0,0
2021,"Southwark 004","E02000810",11897,6859,5038,285,115,86,217,99,235,323,1134,1248,1046,200,25,16,8,1,0
2021,"Southwark 006","E02000812",10786,5950,4836,345,137,94,248,63,227,378,1054,1024,970,211,39,25,12,9,0
2021,"Southwark 007","E02000813",10225,5550,4675,264,92,72,243,61,260,360,1068,1096,953,179,18,9,0,0,0
2021,"Southwark 008","E02000814",10291,5354,4937,250,97,58,169,33,182,338,1262,1261,1077,161,23,21,5,0,0
2021,"Southwark 009","E02000815",7615,3727,3888,247,90,63,186,45,239,471,972,687,740,124,13,7,4,0,0
2021,"Southwark 010","E02000816",9608,5628,3980,235,115,76,203,53,188,270,903,914,823,164,23,12,0,0,1
2021,"Southwark 011","E02000817",6822,4223,2599,160,87,62,142,26,100,195,547,552,556,133,17,17,1,2,2
2021,"Southwark 012","E02000818",9791,5324,4467,296,119,91,229,50,202,351,974,973,934,202,21,16,8,1,0
2021,"Southwark 013","E02000819",8497,4702,3795,280,112,78,226,54,177,261,823,700,848,190,19,16,9,0,2
2021,"Southwark 014","E02000820",9248,5193,4055,257,120,76,214,60,194,361,957,841,764,154,26,25,6,0,0
2021,"Southwark 015","E02000821",9357,4228,5129,462,155,99,313,91,209,249,845,813,1397,443,26,19,2,1,5
2021,"Southwark 016","E02000822",6719,3655,3064,221,109,60,207,48,127,176,630,581,704,162,22,13,2,0,2
2021,"Southwark 017","E02000823",8683,4851,3832,224,132,64,208,54,161,256,763,762,952,211,25,16,3,0,1
2021,"Southwark 018","E02000824",9903,5321,4582,312,173,123,277,87,203,256,834,842,1150,257,20,35,10,2,1
2021,"Southwark 019","E02000825",10220,5674,4546,329,156,106,302,74,190,297,900,869,1019,245,21,22,9,3,4
2021,"Southwark 020","E02000826",9880,5777,4103,267,122,103,267,63,175,233,730,788,1035,235,23,33,29,0,0
2021,"Southwark 021","E02000827",11310,5874,5436,357,191,128,316,97,185,299,1011,1002,1419,344,36,36,13,1,1
2021,"Southwark 022","E02000828",8813,4939,3874,257,111,119,263,73,155,244,725,728,917,236,20,20,6,0,0
2021,"Southwark 023","E02000829",10925,6926,3999,279,152,104,258,87,174,263,815,702,877,236,20,17,13,0,2
2021,"Southwark 024","E02000830",8886,5878,3008,234,108,65,178,45,133,183,590,573,719,133,19,16,11,0,1
2021,"Southwark 025","E02000831",9352,6519,2833,312,126,64,174,37,103,158,553,556,592,113,15,21,4,4,1
2021,"Southwark 026","E02000832",9690,6628,3062,233,114,110,239,46,144,183,570,530,702,135,18,28,8,2,0
2021,"Southwark 027","E02000833",7487,4508,2979,243,107,66,204,45,116,147,532,619,718,146,19,14,3,0,0
2021,"Southwark 028","E02000834",9390,7042,2348,228,70,53,123,28,90,157,541,513,457,65,7,16,0,0,0
2021,"Southwark 029","E02000835",7682,5703,1979,201,77,52,143,34,80,127,386,382,416,55,8,12,5,1,0
2021,"Southwark 030","E02000836",8295,6242,2053,241,80,38,132,21,71,124,454,377,433,72,2,6,2,0,0
2021,"Southwark 031","E02000837",8560,6624,1936,268,91,59,106,16,75,86,359,373,412,73,7,9,2,0,0
2021,"Southwark 032","E02000838",9499,6718,2781,288,106,72,147,47,115,151,549,528,630,119,13,10,4,0,2
2021,"Southwark 033","E02000839",8481,5780,2701,231,103,72,202,35,161,142,463,577,566,110,16,13,8,2,0
2021,"Southwark 034","E02006802",9273,5077,4196,261,134,74,196,59,233,414,1054,873,731,128,12,22,2,3,0
2021,"Southwark 035","E02006941",5311,2635,2676,91,29,21,82,15,115,165,664,693,663,119,12,7,0,0,0
2021,"Southwark 036","E02006942",6745,3710,3035,161,75,42,111,36,150,205,735,742,663,95,7,12,1,0,0
2021,"Sutton 001","E02000840",9320,6742,2578,218,72,77,155,39,83,152,551,535,569,96,9,19,3,0,0
2021,"Sutton 002","E02000841",9187,6306,2881,205,121,70,175,42,101,149,559,555,678,170,21,28,4,3,0
2021,"Sutton 003","E02000842",8278,5926,2352,231,78,65,163,44,89,144,465,441,478,116,15,18,5,0,0
2021,"Sutton 004","E02000843",9475,6912,2563,210,103,57,122,26,87,145,543,598,555,93,8,13,2,1,0
2021,"Sutton 005","E02000844",8658,6539,2119,191,98,54,143,24,89,123,441,380,440,102,9,17,8,0,0
2021,"Sutton 006","E02000845",9420,6860,2560,256,110,62,104,27,87,127,509,527,600,116,14,15,5,1,0
2021,"Sutton 007","E02000846",7621,5201,2420,223,96,48,132,31,80,153,511,460,539,101,17,24,4,1,0
2021,"Sutton 008","E02000847",9422,7138,2284,230,90,59,124,24,75,143,492,430,475,93,13,22,13,1,0
2021,"Sutton 009","E02000848",8141,6297,1844,215,46,39,98,23,73,102,396,390,386,50,8,18,0,0,0
2021,"Sutton 010","E02000849",8179,6401,1778,169,74,41,89,20,66,104,356,370,387,73,8,17,4,0,0
2021,"Sutton 011","E02000850",10833,8236,2597,280,129,84,163,34,90,167,489,490,546,82,12,26,5,0,0
2021,"Sutton 012","E02000851",11580,6813,4767,346,154,116,268,56,163,270,892,909,1256,256,35,40,6,0,0
2021,"Sutton 013","E02000852",8149,5874,2275,213,87,43,108,34,70,125,482,462,535,90,12,13,1,0,0
2021,"Sutton 014","E02000853",8169,5738,2431,222,74,42,108,27,71,121,551,498,561,112,20,24,0,0,0
2021,"Sutton 015","E02000854",7614,6142,1472,163,52,20,81,17,48,100,288,305,324,52,14,5,3,0,0
2021,"Sutton 016","E02000855",8205,6528,1677,200,65,47,94,12,74,84,325,303,365,77,9,17,5,0,0
2021,"Sutton 017","E02000856",9329,6852,2477,231,95,69,138,32,105,171,477,506,509,104,12,23,5,0,0
2021,"Sutton 018","E02000857",8996,5306,3690,320,144,88,184,42,115,153,613,739,1029,204,26,19,12,2,0
2021,"Sutton 019","E02000858",8565,6373,2192,202,94,49,132,29,92,111,447,442,459,100,16,15,4,0,0
2021,"Sutton 020","E02000859",8486,6588,1898,200,79,55,103,21,80,129,354,346,405,88,9,25,3,1,0
2021,"Sutton 021","E02000860",8790,5238,3552,285,139,68,171,39,107,147,672,720,896,228,39,32,7,0,2
2021,"Sutton 022","E02000861",7777,6024,1753,208,50,37,110,16,57,103,345,385,347,71,11,8,4,1,0
2021,"Sutton 024","E02000863",6737,5180,1557,187,62,32,85,34,78,85,341,305,276,41,8,19,4,0,0
2021,"Sutton 025","E02006836",8721,6233,2488,276,96,62,144,35,109,154,448,516,525,68,12,31,12,0,0
2021,"Tower Hamlets 001","E02000864",11265,7340,3925,341,157,100,263,61,137,291,903,825,700,111,25,10,1,0,0
2021,"Tower Hamlets 002","E02000865",7961,4906,3055,276,101,92,200,45,112,230,687,589,581,108,14,15,4,0,1
2021,"Tower Hamlets 003","E02000866",10644,7107,3537,352,161,82,208,43,151,250,754,774,637,98,13,12,2,0,0
2021,"Tower Hamlets 004","E02000867",11328,6925,4403,359,137,100,219,45,160,357,1127,973,777,117,18,13,1,0,0
2021,"Tower Hamlets 005","E02000868",7194,4085,3109,215,112,55,154,58,131,251,764,755,529,58,9,14,3,0,1
2021,"Tower Hamlets 006","E02000869",5934,3595,2339,189,79,53,106,35,97,184,482,505,493,89,13,13,1,0,0
2021,"Tower Hamlets 007","E02000870",6370,3928,2442,223,94,73,141,26,101,218,562,469,440,74,9,10,1,1,0
2021,"Tower Hamlets 008","E02000871",11513,6271,5242,468,230,144,355,85,210,427,1112,981,941,213,43,25,8,0,0
2021,"Tower Hamlets 009","E02000872",8147,4367,3780,253,101,104,262,46,156,302,887,837,635,162,15,10,10,0,0
2021,"Tower Hamlets 010","E02000873",9848,5446,4402,409,172,123,310,65,291,587,906,747,639,116,8,22,7,0,0
2021,"Tower Hamlets 011","E02000874",7496,4052,3444,288,142,102,207,51,135,272,806,669,624,119,15,9,5,0,0
2021,"Tower Hamlets 012","E02000875",13572,7613,5959,544,273,197,457,84,274,486,1224,1055,1131,176,25,21,9,1,2
2021,"Tower Hamlets 013","E02000876",7272,3638,3634,254,142,94,241,54,145,267,861,736,644,162,13,15,4,2,0
2021,"Tower Hamlets 014","E02000877",13809,7736,6073,504,279,181,451,89,246,513,1316,1181,1085,163,22,32,11,0,0
2021,"Tower Hamlets 015","E02000878",10431,4675,5756,363,164,86,295,88,287,569,1542,1266,875,170,26,14,11,0,0
2021,"Tower Hamlets 016","E02000879",8344,4581,3763,322,186,90,244,52,169,280,804,668,727,164,20,31,5,1,0
2021,"Tower Hamlets 017","E02000880",6514,3326,3188,267,167,97,213,60,123,259,630,601,627,113,15,13,3,0,0
2021,"Tower Hamlets 018","E02000881",10832,5906,4926,415,231,140,329,90,187,448,1135,932,816,173,10,14,4,2,0
2021,"Tower Hamlets 019","E02000882",11505,6971,4534,411,226,150,362,70,173,386,972,838,743,152,18,25,8,0,0
2021,"Tower Hamlets 020","E02000883",9285,5125,4160,353,174,146,293,74,203,326,924,668,784,176,14,22,2,1,0
2021,"Tower Hamlets 021","E02000884",12768,5461,7307,448,214,141,324,80,415,802,2019,1455,1150,221,16,18,4,0,0
2021,"Tower Hamlets 022","E02000885",7054,3749,3305,279,158,99,243,38,138,273,657,593,630,141,28,22,4,2,0
2021,"Tower Hamlets 023","E02000886",9592,4871,4721,311,177,119,221,46,189,421,1133,1020,894,153,14,16,5,0,2
2021,"Tower Hamlets 024","E02000887",10796,5817,4979,410,197,126,332,77,232,388,1091,964,946,168,16,25,6,1,0
2021,"Tower Hamlets 025","E02000888",8622,4463,4159,315,131,110,262,59,187,339,948,850,783,129,19,18,8,0,1
2021,"Tower Hamlets 026","E02000889",8966,4494,4472,291,138,72,220,50,197,374,1052,979,929,135,20,11,4,0,0
2021,"Tower Hamlets 027","E02000890",5814,3258,2556,154,63,28,85,23,95,196,538,716,549,83,9,14,3,0,0
2021,"Tower Hamlets 030","E02000893",7412,4037,3375,236,99,69,153,39,104,280,745,704,779,139,9,11,5,1,2
2021,"Tower Hamlets 031","E02000894",11006,5349,5657,398,160,94,253,58,171,380,1232,1339,1326,185,28,28,5,0,0
2021,"Tower Hamlets 032","E02006853",11017,4541,6476,386,161,108,261,85,334,512,1617,1472,1347,157,20,12,3,1,0
2021,"Tower Hamlets 033","E02006854",7076,2580,4496,236,78,63,154,53,192,385,1038,1083,1024,159,14,14,2,1,0
2021,"Tower Hamlets 034","E02007112",5894,2199,3695,187,60,77,161,49,222,369,959,928,571,96,9,6,1,0,0
2021,"Tower Hamlets 035","E02007113",7462,3243,4219,263,131,66,182,41,154,363,968,1087,819,109,18,14,3,1,0
2021,"Tower Hamlets 036","E02007114",7564,3425,4139,235,143,79,175,49,195,387,1024,899,811,108,11,16,7,0,0
2021,"Waltham Forest 001","E02000895",8365,6395,1970,207,92,74,158,34,69,135,408,324,371,73,12,9,4,0,0
2021,"Waltham Forest 002","E02000896",9328,7387,1941,188,94,65,138,33,72,135,417,316,390,78,6,4,4,1,0
2021,"Waltham Forest 003","E02000897",8565,6552,2013,210,100,58,136,38,76,129,420,364,394,67,5,14,2,0,0
2021,"Waltham Forest 004","E02000898",8014,6102,1912,160,71,58,152,30,78,135,415,329,362,83,12,18,9,0,0
2021,"Waltham Forest 005","E02000899",8809,5960,2849,213,126,75,186,51,137,174,636,510,568,138,19,14,2,0,0
2021,"Waltham Forest 006","E02000900",8977,5786,3191,285,125,87,222,49,127,206,673,578,678,125,10,17,8,1,0
2021,"Waltham Forest 007","E02000901",10492,8042,2450,265,108,97,207,30,75,164,485,424,465,97,14,13,4,1,1
2021,"Waltham Forest 008","E02000902",9959,6576,3383,304,152,91,229,53,108,223,721,663,672,129,18,15,5,0,0
2021,"Waltham Forest 009","E02000903",10277,6387,3890,362,182,101,264,64,145,220,781,754,825,163,13,13,3,0,0
2021,"Waltham Forest 010","E02000904",8424,5489,2935,214,127,70,190,36,102,196,610,557,671,130,13,16,3,0,0
2021,"Waltham Forest 011","E02000905",10478,6517,3961,265,149,101,232,53,140,259,816,773,936,192,20,16,6,3,0
2021,"Waltham Forest 012","E02000906",9653,5946,3707,326,137,102,219,56,120,236,739,758,834,146,17,11,5,1,0
2021,"Waltham Forest 013","E02000907",10579,6303,4276,364,186,109,319,83,168,252,838,805,923,178,27,13,11,0,0
2021,"Waltham Forest 014","E02000908",12904,7415,5489,405,165,119,296,55,213,364,1240,1195,1135,259,22,20,1,0,0
2021,"Waltham Forest 015","E02000909",9246,6187,3059,264,104,75,151,36,125,178,665,640,678,111,11,17,3,0,1
2021,"Waltham Forest 016","E02000910",11432,6591,4841,357,148,103,217,60,162,314,1175,909,1072,261,29,23,11,0,0
2021,"Waltham Forest 017","E02000911",12962,7167,5795,413,196,151,310,81,183,343,1150,1187,1468,271,9,26,7,0,0
2021,"Waltham Forest 018","E02000912",9741,5818,3923,286,141,110,255,56,145,243,857,746,870,182,11,15,4,2,0
2021,"Waltham Forest 019","E02000913",9643,5698,3945,342,139,91,260,52,155,315,906,708,761,181,12,17,6,0,0
2021,"Waltham Forest 020","E02000914",11797,6127,5670,428,204,155,376,88,224,332,1072,1014,1347,355,31,29,11,4,0
2021,"Waltham Forest 021","E02000915",8111,4986,3125,214,95,56,158,58,104,248,744,676,613,129,13,14,3,0,0
2021,"Waltham Forest 022","E02000916",10559,5761,4798,323,167,123,304,67,171,316,1023,916,1068,259,19,32,8,2,0
2021,"Waltham Forest 023","E02000917",9590,5174,4416,311,142,82,238,57,141,299,943,897,1009,249,19,24,5,0,0
2021,"Waltham Forest 024","E02000918",9322,5192,4130,345,120,74,202,43,172,273,878,861,932,185,22,20,2,1,0
2021,"Waltham Forest 025","E02000919",9240,4700,4540,267,116,85,233,50,165,301,1098,922,1032,222,16,25,8,0,0
2021,"Waltham Forest 026","E02000920",10300,5345,4955,325,157,120,309,88,162,337,1047,1026,1097,234,16,21,14,1,1
2021,"Waltham Forest 027","E02000921",11200,6007,5193,348,171,115,311,89,221,396,1095,961,1138,282,36,24,6,0,0
2021,"Waltham Forest 028","E02000922",10458,5460,4998,321,206,103,312,68,183,303,1091,1004,1058,306,17,23,3,0,0
2021,"Wandsworth 001","E02000923",7526,4131,3395,249,98,79,128,23,105,168,659,774,788,208,41,49,21,3,2
2021,"Wandsworth 003","E02000925",7893,4588,3305,252,100,73,169,30,124,200,747,699,736,143,13,13,4,1,1
2021,"Wandsworth 004","E02000926",11642,6556,5086,384,122,93,189,42,174,288,1127,1157,1197,251,23,31,8,0,0
2021,"Wandsworth 005","E02000927",7100,4803,2297,203,78,49,143,26,83,152,491,509,459,72,11,15,6,0,0
2021,"Wandsworth 006","E02000928",8358,5871,2487,237,79,53,109,14,79,121,526,560,557,124,11,11,3,1,2
2021,"Wandsworth 007","E02000929",8103,4484,3619,261,135,83,212,46,143,229,735,805,732,159,26,27,23,2,1
2021,"Wandsworth 008","E02000930",10082,6290,3792,284,90,69,148,34,123,234,1076,903,714,95,4,16,2,0,0
2021,"Wandsworth 009","E02000931",8818,5948,2870,366,100,53,113,25,63,143,578,691,616,104,9,8,1,0,0
2021,"Wandsworth 010","E02000932",12844,7833,5011,371,132,87,217,50,154,261,1100,1237,1115,216,25,37,8,1,0
2021,"Wandsworth 011","E02000933",8867,5552,3315,305,80,74,135,42,100,172,610,753,814,179,17,22,10,2,0
2021,"Wandsworth 012","E02000934",8919,5771,3148,247,77,57,127,31,82,168,774,817,652,78,13,16,9,0,0
2021,"Wandsworth 013","E02000935",7371,4362,3009,243,122,69,190,41,130,231,541,541,712,148,19,15,5,2,0
2021,"Wandsworth 014","E02000936",9366,5095,4271,297,139,84,197,52,132,240,842,955,1034,230,26,32,9,0,2
2021,"Wandsworth 015","E02000937",8160,5600,2560,389,84,46,149,21,67,118,434,502,636,82,13,16,3,0,0
2021,"Wandsworth 016","E02000938",10765,6168,4597,358,151,106,252,55,162,276,840,924,1071,304,42,36,13,7,0
2021,"Wandsworth 017","E02000939",7817,5589,2228,308,90,49,97,32,62,101,423,443,511,92,7,9,1,1,2
2021,"Wandsworth 018","E02000940",9324,5476,3848,295,132,82,197,39,116,246,826,868,824,158,25,33,6,1,0
2021,"Wandsworth 019","E02000941",10175,7322,2853,298,109,46,136,30,117,201,637,605,550,98,15,9,2,0,0
2021,"Wandsworth 020","E02000942",9686,6292,3394,314,116,88,174,44,103,178,744,718,709,166,17,19,4,0,0
2021,"Wandsworth 021","E02000943",8721,5938,2783,262,95,62,136,23,77,154,614,638,586,103,11,15,4,3,0
2021,"Wandsworth 022","E02000944",7638,4172,3466,289,119,83,185,58,97,176,642,669,894,183,26,34,11,0,0
2021,"Wandsworth 023","E02000945",7841,4079,3762,355,135,85,190,58,126,229,667,672,918,241,34,38,13,1,0
2021,"Wandsworth 024","E02000946",8434,5738,2696,256,112,72,163,34,102,146,538,651,514,77,8,18,5,0,0
2021,"Wandsworth 025","E02000947",9343,6268,3075,287,98,55,124,28,72,180,655,727,695,92,38,21,3,0,0
2021,"Wandsworth 026","E02000948",10028,6946,3082,254,106,56,135,37,108,186,698,779,600,91,9,15,7,1,0
2021,"Wandsworth 027","E02000949",10002,7356,2646,258,83,57,106,19,80,146,572,619,561,114,11,12,7,1,0
2021,"Wandsworth 028","E02000950",7584,4043,3541,275,128,96,166,57,97,185,704,709,843,208,29,35,9,0,0
2021,"Wandsworth 029","E02000951",6434,4454,1980,164,59,53,114,25,86,112,433,425,400,77,12,12,8,0,0
2021,"Wandsworth 030","E02000952",6144,4259,1885,168,88,41,120,30,71,110,377,384,363,98,14,19,2,0,0
2021,"Wandsworth 031","E02000953",7502,5005,2497,202,72,60,118,22,74,145,583,598,507,93,10,12,1,0,0
2021,"Wandsworth 032","E02000954",6097,3839,2258,186,113,54,150,29,90,138,549,416,428,76,11,12,4,2,0
2021,"Wandsworth 033","E02000955",6892,4244,2648,256,112,59,142,37,71,157,596,506,552,116,24,17,3,0,0
2021,"Wandsworth 034","E02000956",7419,4319,3100,258,136,86,150,46,122,213,598,613,710,133,15,13,7,0,0
2021,"Wandsworth 035","E02000957",10863,6434,4429,355,168,80,229,46,173,236,1006,905,947,221,27,30,5,1,0
2021,"Wandsworth 036","E02000958",8275,5446,2829,260,138,85,179,49,120,189,558,498,599,121,13,18,2,0,0
2021,"Wandsworth 037","E02000959",7866,4453,3413,240,142,76,236,39,135,205,645,619,804,224,25,17,6,0,0
2021,"Wandsworth 038","E02007083",7711,3319,4392,218,83,57,213,70,249,348,1003,915,950,242,30,10,3,1,0
2021,"Wandsworth 039","E02007084",9894,5277,4617,295,167,120,247,62,171,264,963,998,1025,225,40,28,11,1,0
2021,"Westminster 001","E02000960",6154,2445,3709,312,151,80,241,31,132,173,521,626,1056,301,34,35,14,1,1
2021,"Westminster 002","E02000961",9814,4597,5217,428,217,131,270,57,166,234,863,1044,1364,370,29,35,7,2,0
2021,"Westminster 003","E02000962",7704,2869,4835,311,132,107,236,49,171,260,751,1018,1231,417,66,64,21,1,0
2021,"Westminster 004","E02000963",10524,5908,4616,325,195,112,339,86,181,262,890,926,1014,234,29,13,9,1,0
2021,"Westminster 005","E02000964",12141,6271,5870,428,209,121,318,84,226,371,1183,1182,1362,293,46,37,7,3,0
2021,"Westminster 006","E02000965",7877,3829,4048,253,93,76,173,42,161,276,827,879,1022,210,19,17,0,0,0
2021,"Westminster 007","E02000966",9253,4246,5007,334,153,71,223,61,151,254,846,1031,1440,338,40,46,18,1,0
2021,"Westminster 008","E02000967",6055,2155,3900,176,84,79,151,38,168,300,787,878,901,266,23,36,11,1,1
2021,"Westminster 009","E02000968",14480,6707,7773,663,323,219,439,112,323,433,1337,1471,1840,410,93,98,9,2,1
2021,"Westminster 010","E02000969",9607,4795,4812,343,164,104,238,70,173,320,936,1036,1114,230,41,30,9,2,2
2021,"Westminster 011","E02000970",6838,2636,4202,242,108,66,167,42,173,226,757,782,1076,417,60,48,15,23,0
2021,"Westminster 012","E02000971",7473,2564,4909,240,81,61,191,68,246,383,1029,1032,1183,341,24,22,8,0,0
2021,"Westminster 013","E02000972",7884,3073,4811,209,94,83,191,77,386,474,1029,949,964,277,27,39,10,1,1
2021,"Westminster 014","E02000973",9955,4361,5594,440,151,102,256,52,196,371,1120,1239,1322,297,17,19,10,2,0
2021,"Westminster 015","E02000974",8704,3067,5637,280,129,82,219,82,296,486,1165,998,1261,487,78,51,20,2,1
2021,"Westminster 016","E02000975",7417,2632,4785,246,57,46,139,45,226,327,1187,1079,1084,262,30,41,16,0,0
2021,"Westminster 017","E02000976",8428,2720,5708,302,116,83,204,54,293,418,1171,1148,1441,371,31,59,15,1,1
2021,"Westminster 018","E02000977",6387,2662,3725,135,74,57,151,52,213,329,852,613,837,332,31,38,10,1,0
2021,"Westminster 019","E02000978",7130,2776,4354,313,134,61,249,66,302,413,546,472,1076,542,83,71,21,4,1
2021,"Westminster 020","E02000979",8085,3826,4259,278,76,84,194,87,261,309,871,767,928,338,27,25,14,0,0
2021,"Westminster 021","E02000980",8726,4229,4497,264,125,94,227,93,207,286,968,889,946,321,31,36,8,1,1
2021,"Westminster 022","E02000981",8269,4481,3788,263,91,56,162,45,177,277,815,799,849,213,19,16,6,0,0
2021,"Westminster 023","E02000982",7639,3824,3815,304,121,75,177,55,152,212,732,719,938,261,28,30,11,0,0
2021,"Westminster 024","E02000983",7695,4030,3665,266,96,48,144,41,142,247,798,760,807,241,36,32,5,2,0
