"date","geography","geography code","National identity (detailed): Total: All usual residents","National identity (detailed): UK identity","National identity (detailed): UK identity: British only identity","National identity (detailed): UK identity: English only identity","National identity (detailed): UK identity: English and British only identity","National identity (detailed): UK identity:  Welsh only identity","National identity (detailed): UK identity: Welsh and British only identity","National identity (detailed): UK identity: Scottish only identity","National identity (detailed): UK identity:  Scottish and British only identity","National identity (detailed): UK identity: Northern Irish only identity","National identity (detailed): UK identity: Northern Irish and British only identity","National identity (detailed): UK identity: Cornish only identity","National identity (detailed): UK identity: Cornish and British only identity","National identity (detailed): UK identity: Any other combination of UK identities (UK only)","National identity (detailed): UK identity: Other identity and at least one UK identity","National identity (detailed): Other identity only","National identity (detailed): Other identity only: Guernsey Islander","National identity (detailed): Other identity only: Jersey Islander","National identity (detailed): Other identity only: Isle of Man (Manx)","National identity (detailed): Other identity only: Channel Islander not otherwise specified","National identity (detailed): Other identity only: Irish only identity","National identity (detailed): Other identity only: Irish and at least one UK identity","National identity (detailed): Other identity only: European","National identity (detailed): Other identity only: European: EU countries","National identity (detailed): Other identity only: European: EU countries: French","National identity (detailed): Other identity only: European: EU countries: German","National identity (detailed): Other identity only: European: EU countries: Italian","National identity (detailed): Other identity only: European: EU countries: Portuguese","National identity (detailed): Other identity only: European: EU countries: Spanish (including Canary Islander)","National identity (detailed): Other identity only: European: EU countries: Other member countries in March 2001","National identity (detailed): Other identity only: European: EU countries:  Lithuanian","National identity (detailed): Other identity only: European: EU countries:  Polish","National identity (detailed): Other identity only: European: EU countries: Romanian","National identity (detailed): Other identity only: European: EU countries: Other member countries","National identity (detailed): Other identity only: European: Non-EU countries","National identity (detailed): Other identity only: European: Non-EU countries: Turkish","National identity (detailed): Other identity only: European: Non-EU countries: Other European","National identity (detailed): Other identity only: African","National identity (detailed): Other identity only: African: North African","National identity (detailed): Other identity only: African: Central and Western African","National identity (detailed): Other identity only: African: Central and Western African: Ghanaian","National identity (detailed): Other identity only: African: Central and Western African: Nigerian","National identity (detailed): Other identity only: African: Central and Western African: Other Central and Western African","National identity (detailed): Other identity only: African: South and Eastern African","National identity (detailed): Other identity only: African: South and Eastern African: Kenyan","National identity (detailed): Other identity only: African: South and Eastern African: Somali","National identity (detailed): Other identity only: African: South and Eastern African: South African","National identity (detailed): Other identity only: African: South and Eastern African: Zimbabwean","National identity (detailed): Other identity only: African: South and Eastern African: Other South and Eastern African","National identity (detailed): Other identity only: Middle Eastern and Asian","National identity (detailed): Other identity only: Middle Eastern and Asian: Middle Eastern","National identity (detailed): Other identity only: Middle Eastern and Asian: Middle Eastern: Kurdish","National identity (detailed): Other identity only: Middle Eastern and Asian: Middle Eastern: Iranian","National identity (detailed): Other identity only: Middle Eastern and Asian: Middle Eastern: Iraqi","National identity (detailed): Other identity only: Middle Eastern and Asian: Middle Eastern: Other Middle Eastern","National identity (detailed): Other identity only: Middle Eastern and Asian: Eastern Asian","National identity (detailed): Other identity only: Middle Eastern and Asian: Eastern Asian: Chinese","National identity (detailed): Other identity only: Middle Eastern and Asian: Eastern Asian: Hong Kong Chinese","National identity (detailed): Other identity only: Middle Eastern and Asian: Eastern Asian: Japanese","National identity (detailed): Other identity only: Middle Eastern and Asian: Eastern Asian: Other Eastern Asian","National identity (detailed): Other identity only: Middle Eastern and Asian: Southern Asian","National identity (detailed): Other identity only: Middle Eastern and Asian: Southern Asian: Afghan","National identity (detailed): Other identity only: Middle Eastern and Asian: Southern Asian: Bangladeshi","National identity (detailed): Other identity only: Middle Eastern and Asian: Southern Asian: Indian","National identity (detailed): Other identity only: Middle Eastern and Asian: Southern Asian: Pakistani","National identity (detailed): Other identity only: Middle Eastern and Asian: Southern Asian: Sri Lankan","National identity (detailed): Other identity only: Middle Eastern and Asian: Southern Asian: Other Southern Asian","National identity (detailed): Other identity only: Middle Eastern and Asian: South-East Asian","National identity (detailed): Other identity only: Middle Eastern and Asian: South-East Asian: Filipino","National identity (detailed): Other identity only: Middle Eastern and Asian: South-East Asian: Malaysian","National identity (detailed): Other identity only: Middle Eastern and Asian: South-East Asian: Singaporean","National identity (detailed): Other identity only: Middle Eastern and Asian: South-East Asian: Other South-East Asian","National identity (detailed): Other identity only: Middle Eastern and Asian: Central Asian","National identity (detailed): Other identity only: Middle Eastern and Asian: Asian not otherwise specified","National identity (detailed): Other identity only: American and Caribbean","National identity (detailed): Other identity only: American and Caribbean: North American","National identity (detailed): Other identity only: American and Caribbean: North American: Canadian","National identity (detailed): Other identity only: American and Caribbean: North American: US Citizen","National identity (detailed): Other identity only: American and Caribbean: North American: Other North American","National identity (detailed): Other identity only: American and Caribbean: Central American","National identity (detailed): Other identity only: American and Caribbean: South American","National identity (detailed): Other identity only: American and Caribbean: Caribbean","National identity (detailed): Other identity only: American and Caribbean: Caribbean: Jamaican","National identity (detailed): Other identity only: American and Caribbean: Caribbean: Other Caribbean","National identity (detailed): Other identity only: Antarctican and Oceanian","National identity (detailed): Other identity only: Antarctican and Oceanian: Australasian","National identity (detailed): Other identity only: Antarctican and Oceanian: Australasian: Australian","National identity (detailed): Other identity only: Antarctican and Oceanian: Australasian: New Zealander","National identity (detailed): Other identity only: Antarctican and Oceanian: Australasian: Other Australasian","National identity (detailed): Other identity only: Antarctican and Oceanian: Other Oceanian","National identity (detailed): Other identity only: Other"
2021,"City of London 001","E02000001",8583,5697,3706,547,615,34,15,51,34,28,1,3,3,18,642,2886,0,0,0,0,103,40,1457,1141,164,94,186,60,138,236,21,79,36,127,316,27,289,71,21,23,5,9,9,27,1,1,18,2,5,690,57,1,17,2,37,365,234,42,61,28,138,0,28,102,6,0,2,117,15,35,45,22,6,7,332,219,60,159,0,14,89,10,1,9,142,142,117,25,0,0,51
2021,"Barking and Dagenham 001","E02000002",8281,6795,5044,966,528,10,0,11,5,4,0,0,0,4,223,1486,0,0,0,0,65,3,844,711,17,13,49,55,15,32,104,86,276,64,133,4,129,210,14,154,29,74,51,42,7,2,3,5,25,303,5,1,2,1,1,4,2,2,0,0,257,14,31,104,84,19,5,33,24,2,0,7,1,3,38,4,0,4,0,0,4,30,21,9,5,5,2,3,0,0,18
2021,"Barking and Dagenham 002","E02000003",11544,8706,6706,1056,576,9,2,11,1,9,0,1,0,13,322,2838,0,0,0,0,103,6,1783,1641,35,34,126,79,43,61,195,106,823,139,142,7,135,199,8,126,32,64,30,65,7,10,0,7,41,686,9,0,4,4,1,15,8,6,0,1,617,9,122,237,220,23,6,33,23,2,0,8,1,11,45,6,1,5,0,0,21,18,11,7,3,3,2,1,0,0,13
2021,"Barking and Dagenham 003","E02000004",6640,5635,3668,1177,641,5,1,12,2,5,1,0,0,6,117,1005,0,0,0,0,37,5,631,553,19,5,26,20,8,46,125,40,207,57,78,14,64,111,6,82,17,51,14,23,2,2,1,8,10,187,13,2,6,5,0,8,7,1,0,0,136,16,16,51,34,11,8,20,13,2,0,5,0,10,19,8,1,7,0,0,4,7,1,6,0,0,0,0,0,0,15
2021,"Barking and Dagenham 004","E02000005",11076,8596,6283,1176,736,6,1,2,4,5,0,0,0,2,381,2480,0,0,0,0,45,7,1396,1281,22,34,112,106,50,71,229,71,466,120,115,12,103,309,14,240,64,114,62,55,4,12,3,14,22,652,8,3,4,0,1,16,9,2,3,2,586,5,79,312,164,18,8,20,6,10,4,0,4,18,44,6,3,3,0,0,17,21,11,10,2,2,0,2,0,0,25
2021,"Barking and Dagenham 006","E02000007",10164,8164,5709,1299,922,2,7,13,3,8,0,0,0,9,192,2000,0,0,0,0,38,2,1205,1102,43,41,94,94,29,63,205,77,351,105,103,5,98,385,12,323,80,166,77,50,10,4,1,6,29,323,16,10,6,0,0,13,11,0,0,2,259,2,74,80,81,11,11,30,18,4,0,8,0,5,36,5,2,3,0,0,12,19,10,9,1,1,1,0,0,0,10
2021,"Barking and Dagenham 007","E02000008",13260,10372,7148,1830,1088,6,1,14,6,3,1,0,0,6,269,2888,0,0,1,0,58,9,1858,1667,38,25,154,142,66,64,368,116,561,133,191,16,175,382,9,309,66,166,77,64,8,2,7,19,28,496,17,0,3,7,7,14,9,0,3,2,446,13,112,123,172,18,8,15,6,3,0,6,0,4,49,6,2,4,0,0,14,29,15,14,2,2,1,1,0,0,33
2021,"Barking and Dagenham 008","E02000009",12864,9544,7152,1142,819,4,1,9,2,8,1,0,0,11,395,3320,0,0,0,0,31,2,2213,2026,51,32,204,168,62,168,343,93,608,297,187,13,174,398,18,295,67,159,69,85,8,28,2,6,41,579,7,0,1,2,4,26,16,3,6,1,501,18,123,190,140,20,10,28,19,0,2,7,0,17,64,26,1,25,0,0,24,14,7,7,5,5,1,4,0,0,28
2021,"Barking and Dagenham 009","E02000010",9491,7302,4994,1253,775,4,1,5,2,2,2,0,0,3,261,2189,0,0,0,0,39,5,1502,1362,21,13,83,85,57,70,330,92,477,134,140,11,129,309,11,258,73,135,50,40,7,1,1,13,18,269,11,2,8,0,1,2,2,0,0,0,226,3,76,57,43,4,43,25,21,1,0,3,2,3,26,3,0,3,0,0,9,14,5,9,1,1,0,1,0,0,38
2021,"Barking and Dagenham 010","E02000011",7035,5350,3668,968,481,3,0,7,1,3,1,0,0,3,215,1685,0,0,0,0,39,4,1109,1032,16,8,62,64,13,50,197,45,448,129,77,6,71,233,6,209,41,109,59,18,1,6,3,0,8,240,4,0,2,1,1,23,21,0,2,0,189,4,88,43,36,9,9,21,12,3,0,6,1,2,18,1,0,1,0,0,6,11,8,3,0,0,0,0,0,0,42
2021,"Barking and Dagenham 011","E02000012",11513,9616,8049,768,492,4,0,11,2,7,2,1,0,4,276,1897,0,0,0,0,25,4,1027,918,36,28,116,53,55,43,112,46,333,96,109,7,102,165,14,127,33,66,28,24,1,2,4,0,17,605,4,2,2,0,0,13,3,3,3,4,555,27,214,133,159,20,2,14,3,5,1,5,3,16,52,15,6,8,1,0,9,28,14,14,0,0,0,0,0,0,19
2021,"Barking and Dagenham 012","E02000013",9395,7284,5186,1185,651,6,6,13,1,6,1,0,0,6,223,2111,0,0,0,0,26,2,1493,1344,38,12,79,105,25,66,312,71,497,139,149,28,121,257,10,213,52,112,49,34,4,2,1,3,24,286,5,0,4,0,1,14,9,0,2,3,241,9,65,76,83,3,5,21,7,2,0,12,1,4,32,6,1,5,0,0,10,16,3,13,1,1,1,0,0,0,14
2021,"Barking and Dagenham 013","E02000014",9863,7536,5015,1415,813,4,1,15,7,9,3,0,0,11,243,2327,0,0,0,0,38,7,1583,1451,25,12,79,88,37,62,322,87,585,154,132,9,123,324,5,282,73,165,44,37,9,0,0,13,15,336,8,6,1,1,0,45,38,4,0,3,252,11,99,71,58,6,7,25,16,1,1,7,0,6,23,5,0,5,0,0,3,15,4,11,2,2,0,2,0,0,14
2021,"Barking and Dagenham 014","E02000015",8224,6423,4715,910,579,3,2,7,2,8,1,0,0,0,196,1801,0,0,0,0,38,2,1067,994,21,23,97,74,32,80,172,61,306,128,73,4,69,429,17,348,48,225,75,64,9,5,3,11,36,222,20,5,4,1,10,22,19,0,2,1,152,6,64,28,40,9,5,23,20,0,0,3,1,4,29,4,1,3,0,0,8,17,9,8,0,0,0,0,0,0,14
2021,"Barking and Dagenham 015","E02000016",10564,6620,5528,390,362,3,1,7,6,8,1,0,0,5,309,3944,0,0,0,0,48,3,1890,1726,53,18,325,165,78,145,186,106,429,221,164,16,148,436,32,304,48,144,112,100,12,16,9,7,56,1473,15,2,8,0,5,45,39,1,1,4,1360,15,315,800,206,17,7,39,17,13,1,8,0,14,67,12,2,10,0,9,23,23,12,11,3,3,2,1,0,0,24
2021,"Barking and Dagenham 016","E02000017",9135,6138,5151,394,294,5,1,11,0,1,2,0,0,5,274,2997,0,0,0,0,26,6,1924,1753,13,29,210,120,47,46,199,71,700,318,171,13,158,151,8,119,27,61,31,24,2,2,1,2,17,826,3,0,0,0,3,20,19,0,0,1,756,13,175,232,291,40,5,23,8,7,1,7,0,24,34,5,0,5,0,0,4,25,16,9,12,12,4,8,0,0,18
2021,"Barking and Dagenham 017","E02000018",9555,7262,5361,1005,650,7,3,11,4,1,1,0,0,5,214,2293,0,0,0,0,22,7,1525,1376,28,18,98,117,45,47,272,55,529,167,149,20,129,308,4,258,48,154,56,46,5,0,1,12,28,371,7,1,5,0,1,21,16,5,0,0,318,4,118,77,104,2,13,16,9,1,0,6,1,8,44,8,2,6,0,0,11,25,14,11,4,1,0,1,0,3,12
2021,"Barking and Dagenham 018","E02000019",9662,7485,5371,1153,701,0,0,6,3,3,0,0,0,3,245,2177,0,0,0,0,41,4,1464,1372,29,29,154,109,28,111,308,75,352,177,92,11,81,313,10,260,46,169,45,43,9,4,3,7,20,300,3,0,1,1,1,23,19,1,1,2,255,9,134,54,44,10,4,14,8,0,0,6,1,4,39,6,1,1,4,0,13,20,12,8,1,1,1,0,0,0,15
2021,"Barking and Dagenham 019","E02000020",14046,10211,8176,893,650,3,0,13,4,10,1,0,0,4,457,3835,0,0,0,0,40,8,2245,2094,36,36,254,199,41,167,310,124,637,290,151,18,133,554,54,368,90,182,96,132,11,24,3,26,68,893,17,2,5,3,7,21,20,0,0,1,782,10,276,227,200,65,4,53,16,5,1,31,0,20,69,11,6,5,0,2,27,29,10,19,8,8,0,8,0,0,18
2021,"Barking and Dagenham 020","E02000021",8756,6499,4777,971,459,5,8,6,1,8,2,0,0,2,260,2257,0,0,0,0,61,9,1410,1307,32,30,90,106,42,77,298,111,395,126,103,3,100,429,23,367,59,253,55,39,7,2,4,5,21,297,13,0,12,1,0,17,15,0,1,1,242,5,75,75,78,8,1,11,7,3,0,1,5,9,37,3,2,1,0,1,14,19,6,13,1,1,1,0,0,0,13
2021,"Barking and Dagenham 021","E02000022",7745,5610,4668,339,283,7,6,10,4,3,3,0,0,8,279,2135,0,0,0,0,24,5,1157,1025,31,19,135,136,34,109,161,88,192,120,132,19,113,398,16,312,73,145,94,70,9,19,2,5,35,482,14,6,5,1,2,11,8,0,0,3,428,8,164,127,110,16,3,11,2,4,0,5,0,18,49,11,1,10,0,0,11,27,11,16,3,3,2,1,0,0,17
2021,"Barking and Dagenham 022","E02000023",8019,6199,5017,548,421,2,0,8,1,1,1,0,0,3,197,1820,0,0,0,0,15,1,983,876,30,47,104,113,14,88,118,60,227,75,107,7,100,467,9,367,88,194,85,91,13,12,2,27,37,295,9,2,3,2,2,9,7,1,1,0,253,5,80,63,101,4,0,15,9,2,0,4,2,7,41,4,1,3,0,3,14,20,9,11,2,2,0,2,0,0,16
2021,"Barnet 001","E02000024",10844,9178,6436,1194,964,43,17,42,16,22,6,1,0,18,419,1666,0,0,0,0,196,50,898,686,45,32,104,108,44,94,12,70,80,97,212,32,180,101,14,46,7,16,23,41,7,9,11,5,9,321,69,1,50,5,13,87,27,16,41,3,101,6,2,68,10,8,7,48,27,8,6,7,1,15,62,33,16,15,2,3,21,5,2,3,25,25,21,4,0,0,13
2021,"Barnet 002","E02000025",8579,7164,4884,1126,752,20,18,26,11,16,2,1,0,17,291,1415,0,0,0,0,138,25,820,663,30,11,72,29,18,104,27,128,103,141,157,22,135,100,8,39,10,15,14,53,11,5,11,5,21,245,85,2,77,1,5,47,14,1,24,8,63,15,1,27,10,8,2,35,17,11,1,6,4,11,43,16,1,15,0,0,23,4,3,1,27,27,14,13,0,0,17
2021,"Barnet 003","E02000026",6462,5673,4127,602,593,21,6,17,5,9,9,1,0,22,261,789,0,0,0,0,54,13,488,365,17,5,44,18,15,58,1,42,60,105,123,33,90,31,2,12,2,8,2,17,1,0,8,1,7,136,39,6,27,1,5,29,7,3,17,2,32,2,8,18,0,4,0,18,7,7,3,1,4,14,43,27,5,22,0,4,11,1,1,0,10,10,5,5,0,0,14
2021,"Barnet 004","E02000027",9648,8183,5749,1181,783,19,11,35,14,15,2,0,0,10,364,1465,0,0,1,0,162,20,779,635,23,18,76,65,50,66,20,107,94,116,144,42,102,109,12,63,21,29,13,34,2,2,7,7,16,282,57,7,40,0,10,72,30,7,34,1,109,12,2,50,10,27,8,38,10,13,2,13,1,5,86,25,3,22,0,3,47,11,7,4,8,8,6,2,0,0,18
2021,"Barnet 005","E02000028",6532,5384,3954,587,519,21,13,18,7,12,2,0,0,10,241,1148,0,0,0,0,116,13,647,524,37,16,52,34,47,83,12,59,92,92,123,21,102,74,5,40,9,18,13,29,0,1,7,5,16,210,68,1,53,0,14,33,12,5,11,5,85,5,6,44,10,18,2,17,9,5,0,3,2,5,53,21,7,14,0,1,23,8,1,7,12,12,9,3,0,0,23
2021,"Barnet 006","E02000029",9680,7943,5711,1014,761,17,12,15,11,9,5,0,0,15,373,1737,0,0,0,1,117,30,1044,820,21,16,78,74,35,172,12,106,152,154,224,41,183,125,18,37,16,9,12,70,1,42,6,10,11,320,141,15,106,1,19,40,19,2,15,4,88,9,6,41,16,15,1,42,15,13,0,14,2,7,59,10,3,7,0,4,36,9,3,6,14,14,11,3,0,0,27
2021,"Barnet 007","E02000030",9459,8292,6097,973,756,20,11,21,11,10,4,0,1,6,382,1167,0,0,0,0,124,28,535,434,31,15,34,37,13,49,15,66,78,96,101,11,90,99,9,64,11,46,7,26,3,9,7,3,4,305,71,1,43,4,23,86,23,7,56,0,99,15,2,63,7,10,2,38,26,3,8,1,6,5,46,26,8,18,0,1,11,8,3,5,14,14,11,3,0,0,16
2021,"Barnet 008","E02000031",8332,6872,5164,591,676,20,8,23,17,17,7,0,0,11,338,1460,0,0,1,0,164,16,711,536,13,13,75,26,30,87,11,82,80,119,175,33,142,44,13,15,4,9,2,16,2,1,7,0,6,398,135,3,106,5,21,114,42,13,48,11,92,13,3,62,3,10,1,49,24,10,3,12,0,8,79,27,3,24,0,1,37,14,5,9,21,21,18,3,0,0,26
2021,"Barnet 009","E02000032",7938,6816,5431,493,481,13,11,20,10,8,2,1,0,8,338,1122,0,0,0,0,103,20,747,547,33,15,58,7,27,86,16,57,63,185,200,74,126,34,4,13,0,11,2,17,1,1,4,6,5,145,21,9,8,0,4,45,18,12,14,1,50,6,8,26,6,4,0,17,1,8,4,4,0,12,52,20,0,19,1,3,20,9,3,6,13,13,11,2,0,0,8
2021,"Barnet 010","E02000033",8888,7432,5374,931,660,10,2,26,12,29,3,0,0,11,374,1456,0,0,0,0,115,27,938,756,29,7,69,41,38,87,26,126,150,183,182,38,144,86,18,29,7,16,6,39,3,5,8,5,18,225,97,20,72,0,5,18,12,3,1,2,70,10,0,35,7,18,0,22,9,4,4,5,0,18,41,13,4,9,0,2,19,7,5,2,9,7,3,4,0,2,15
2021,"Barnet 011","E02000034",9082,7291,5409,762,618,17,10,40,17,15,7,0,0,13,383,1791,0,0,0,0,151,37,1078,858,31,23,105,25,41,131,19,135,130,218,220,45,175,78,18,22,2,8,12,38,2,4,17,1,14,337,127,2,93,2,30,77,24,18,30,5,84,8,4,50,7,12,3,32,19,8,0,5,0,17,67,29,10,19,0,2,29,7,4,3,30,30,17,13,0,0,13
2021,"Barnet 012","E02000035",8537,6272,4724,502,519,21,5,24,16,24,4,0,0,10,423,2265,0,0,0,0,97,21,1167,938,32,29,112,86,53,121,17,105,222,161,229,63,166,135,22,72,13,28,31,41,5,0,10,2,24,698,207,6,165,1,35,218,39,25,144,10,180,27,4,108,20,17,4,84,34,25,6,19,2,7,102,45,16,29,0,2,37,18,5,13,22,20,20,0,0,2,23
2021,"Barnet 013","E02000036",11250,9192,7223,723,745,19,7,21,9,6,1,0,0,6,432,2058,0,0,0,0,95,7,1320,1198,31,9,51,99,24,120,14,111,644,95,122,9,113,136,8,85,36,33,16,43,1,3,17,3,19,403,117,1,54,13,49,49,24,8,10,7,186,31,9,93,20,31,2,36,23,7,2,4,3,12,60,23,4,17,2,2,24,11,3,8,13,12,6,6,0,1,24
2021,"Barnet 014","E02000037",10833,9392,7465,641,820,5,3,11,7,5,3,0,0,11,421,1441,0,0,0,0,55,10,862,758,27,23,30,42,25,78,7,51,401,74,104,27,77,118,18,64,26,26,12,36,7,8,18,0,3,330,93,1,48,9,35,40,27,2,6,5,156,34,6,89,10,15,2,28,17,6,0,5,1,12,42,26,4,22,0,0,7,9,3,6,10,10,8,2,0,0,14
2021,"Barnet 015","E02000038",10722,8545,6504,787,632,18,10,34,15,22,7,3,0,9,504,2177,0,0,0,0,153,30,1341,1085,24,20,124,59,67,174,23,168,184,242,256,44,212,100,9,57,15,22,20,34,4,7,6,1,16,372,132,14,97,2,19,64,19,7,34,4,137,22,8,75,12,13,7,31,6,13,2,10,4,4,114,43,5,38,0,11,38,22,3,19,36,36,31,5,0,0,31
2021,"Barnet 016","E02000039",7167,5940,4650,423,570,13,7,17,12,5,1,0,0,1,241,1227,0,0,0,0,110,4,742,640,71,18,46,57,23,75,15,45,188,102,102,7,95,66,5,33,10,14,9,28,2,1,16,1,8,239,69,1,40,2,26,44,14,10,17,3,78,27,2,30,10,7,2,34,19,8,1,6,3,11,36,20,5,15,0,1,15,0,0,0,10,9,7,2,0,1,20
2021,"Barnet 017","E02000040",9144,7638,5794,685,650,11,8,30,25,7,3,0,0,13,412,1506,0,0,0,0,87,15,712,570,30,25,75,38,33,85,25,65,109,85,142,34,108,134,38,54,9,27,18,42,5,0,19,6,12,454,121,0,89,3,29,159,118,17,11,13,105,17,0,75,4,7,2,56,23,15,13,5,10,3,67,36,16,20,0,1,24,6,4,2,12,12,11,1,0,0,25
2021,"Barnet 018","E02000041",9454,7172,5677,518,573,7,2,13,6,15,1,0,0,2,358,2282,0,0,0,0,90,11,1504,1382,18,21,104,91,42,120,6,132,743,105,122,18,104,151,16,83,47,21,15,52,5,18,14,9,6,462,80,11,27,1,41,58,31,6,18,3,246,42,8,99,26,43,28,65,41,11,1,12,0,13,46,21,4,17,0,0,21,4,1,3,3,3,3,0,0,0,15
2021,"Barnet 019","E02000042",11561,8474,6412,673,631,27,11,42,20,16,3,0,0,13,626,3087,0,0,0,0,172,23,1632,1335,68,44,219,66,71,161,16,152,271,267,297,42,255,125,37,37,6,19,12,51,5,4,21,8,13,917,307,7,250,3,47,240,63,18,130,29,226,35,4,136,29,13,9,92,47,21,2,22,38,14,115,40,12,28,0,1,70,4,2,2,51,51,29,22,0,0,52
2021,"Barnet 020","E02000043",7567,5854,4520,379,513,14,1,17,11,7,1,0,0,8,383,1713,0,0,0,0,69,10,684,552,36,16,105,24,34,65,3,83,64,122,132,14,118,59,11,21,10,6,5,27,1,3,11,2,10,764,159,1,60,3,95,478,43,7,411,17,76,6,0,60,5,3,2,45,17,20,3,5,1,5,85,42,14,28,0,0,32,11,9,2,21,21,14,7,0,0,21
2021,"Barnet 021","E02000044",8846,6787,5176,702,491,8,0,28,8,8,3,0,0,3,360,2059,0,0,0,0,113,13,1233,1145,22,15,58,119,77,99,26,114,508,107,88,5,83,199,25,120,43,44,33,54,2,23,11,0,18,428,76,6,37,5,28,49,34,2,8,5,207,74,4,48,11,21,49,78,63,9,1,5,3,15,52,10,3,7,0,4,28,10,6,4,5,4,2,2,0,1,16
2021,"Barnet 022","E02000045",10519,8281,6196,812,629,20,11,47,20,13,5,1,0,10,517,2238,0,0,0,0,151,41,1404,1137,67,42,143,76,49,150,30,146,159,275,267,35,232,127,33,43,13,19,11,51,8,2,20,0,21,336,115,9,79,3,24,78,33,7,27,11,94,20,7,39,17,9,2,33,14,11,2,6,8,8,114,41,11,30,0,11,53,9,6,3,20,20,13,7,0,0,45
2021,"Barnet 023","E02000046",6960,4995,3763,312,387,9,7,25,22,11,7,1,0,11,440,1965,0,0,0,0,85,19,1101,917,54,16,103,42,52,102,24,166,169,189,184,16,168,90,17,39,6,13,20,34,4,0,17,2,11,542,142,0,105,0,37,198,44,4,133,17,148,3,13,103,15,6,8,46,27,10,2,7,1,7,78,45,14,31,0,0,29,4,0,4,30,30,20,10,0,0,20
2021,"Barnet 024","E02000047",12392,8697,6999,791,418,8,3,10,6,19,4,0,0,5,434,3695,0,0,0,0,167,15,2196,2054,27,21,86,142,67,131,21,159,1274,126,142,15,127,312,25,188,56,82,50,99,3,34,5,3,54,863,106,16,51,10,29,136,100,27,5,4,419,85,30,80,30,35,159,167,103,34,0,30,0,35,92,16,4,12,0,0,51,25,12,13,5,5,4,1,0,0,45
2021,"Barnet 025","E02000048",10280,8313,6346,610,815,5,10,21,22,12,2,0,0,13,457,1967,0,0,0,0,102,17,1041,887,58,30,88,47,56,126,18,133,221,110,154,26,128,134,9,85,24,48,13,40,3,2,17,0,18,504,219,6,108,2,103,75,30,3,32,10,144,28,6,75,17,14,4,54,27,9,8,10,2,10,116,48,8,40,0,3,61,4,1,3,25,25,19,6,0,0,28
2021,"Barnet 026","E02000049",10533,8087,6451,586,519,8,4,12,5,8,3,0,1,6,484,2446,0,0,0,0,90,19,1279,1174,26,26,71,180,35,161,14,170,397,94,105,6,99,288,29,144,50,57,37,115,6,50,9,5,45,667,180,0,121,3,56,94,62,4,22,6,248,83,12,89,35,11,18,118,56,44,5,13,9,18,66,9,4,5,0,2,32,23,10,13,22,22,16,6,0,0,15
2021,"Barnet 027","E02000050",10380,8111,6093,701,644,41,2,35,31,16,5,2,0,23,518,2269,0,0,0,0,163,28,1326,994,50,22,93,68,49,176,30,166,140,200,332,39,293,168,35,60,11,30,19,73,5,17,18,2,31,407,129,8,78,1,42,74,29,6,22,17,135,20,8,78,13,10,6,48,27,5,3,13,1,20,123,66,10,56,0,7,33,17,4,13,23,23,16,7,0,0,31
2021,"Barnet 028","E02000051",9159,7092,5595,537,502,11,4,32,9,7,1,0,0,7,387,2067,0,0,0,0,80,5,1020,871,54,21,98,50,43,118,24,162,124,177,149,20,129,122,9,71,14,39,18,42,4,1,16,5,16,707,316,8,160,2,146,141,23,10,105,3,136,12,5,95,15,6,3,92,59,14,4,15,1,21,79,38,9,29,0,0,39,2,1,1,20,20,17,3,0,0,34
2021,"Barnet 029","E02000052",9850,7610,5383,721,785,36,17,50,24,23,2,1,0,19,549,2240,0,0,0,0,189,23,1316,1011,74,42,152,59,59,177,17,108,145,178,305,42,263,101,19,31,13,8,10,51,10,6,16,2,17,399,140,4,62,6,68,86,26,12,36,12,113,9,4,76,7,12,5,50,23,10,1,16,2,8,124,68,23,45,0,3,45,8,3,5,56,55,43,12,0,1,32
2021,"Barnet 031","E02000054",7629,5399,4194,370,434,10,0,14,2,13,3,0,0,5,354,2230,0,0,0,0,51,9,1414,1250,38,19,112,92,42,127,23,267,355,175,164,9,155,160,19,76,13,36,27,65,9,7,11,9,29,495,192,1,116,6,69,59,21,5,19,14,154,33,2,80,18,16,5,74,42,17,2,13,3,13,55,13,0,13,0,4,36,2,1,1,9,9,6,3,0,0,37
2021,"Barnet 032","E02000055",11721,7999,6079,563,762,12,9,12,9,6,1,0,0,7,539,3722,0,0,0,0,87,7,2465,2164,86,26,160,185,109,189,67,321,645,376,301,26,275,263,49,88,14,43,31,126,24,4,28,13,57,698,206,5,97,11,93,112,47,11,38,16,200,14,6,138,23,18,1,156,83,48,3,22,8,16,153,78,6,72,0,6,56,13,2,11,17,15,12,3,0,2,32
2021,"Barnet 033","E02000056",9137,7584,5782,499,736,25,21,21,19,6,4,1,0,10,460,1553,0,0,0,0,91,11,709,531,43,42,59,28,27,112,14,52,54,100,178,26,152,93,14,20,3,11,6,59,13,1,21,3,21,388,147,0,50,12,85,72,23,6,30,13,107,9,9,42,23,12,12,55,35,5,7,8,0,7,150,87,21,66,0,3,50,10,2,8,71,71,51,20,0,0,40
2021,"Barnet 034","E02000057",8020,6140,4733,428,661,6,3,17,1,7,2,0,0,2,280,1880,0,0,0,0,49,22,1170,1054,37,13,68,65,66,109,20,172,360,144,116,11,105,115,21,22,2,6,14,72,6,4,12,6,44,397,198,14,105,9,70,46,16,8,12,10,89,11,1,54,9,11,3,54,35,7,3,9,0,10,90,60,7,53,0,0,28,2,0,2,13,13,10,3,0,0,24
2021,"Barnet 035","E02000058",10225,8063,5947,542,839,30,15,24,12,14,5,0,1,12,622,2162,0,0,0,0,89,11,1145,977,57,53,146,37,70,180,22,131,132,149,168,10,158,140,20,57,0,45,12,63,2,8,35,5,13,588,275,1,157,5,112,88,34,5,36,13,97,14,6,57,8,8,4,120,89,8,4,19,0,8,124,90,20,70,0,2,28,4,3,1,35,35,29,6,0,0,30
2021,"Barnet 036","E02000059",11626,7789,6152,603,381,5,4,17,4,11,6,1,0,7,598,3837,0,0,0,0,191,16,2496,2310,34,37,151,153,81,200,49,291,1037,277,186,22,164,189,37,104,22,61,21,48,7,6,8,4,23,761,137,1,96,8,32,98,61,9,20,8,365,82,11,195,32,35,10,123,70,32,5,16,2,36,114,23,5,18,0,0,74,17,4,13,12,11,10,1,0,1,58
2021,"Barnet 037","E02000060",11563,9530,7492,543,1118,10,4,10,9,9,2,0,0,5,328,2033,0,0,0,0,36,11,1230,1053,113,21,111,55,67,161,15,194,132,184,177,19,158,79,11,37,3,19,15,31,1,1,9,9,11,528,246,1,141,23,81,75,17,14,38,6,76,12,2,48,11,2,1,111,88,12,3,8,0,20,100,69,10,57,2,2,20,9,5,4,21,21,17,4,0,0,28
2021,"Barnet 038","E02000061",8343,5987,4447,384,546,8,7,19,16,12,5,0,0,14,529,2356,0,0,0,0,47,4,1195,976,79,57,147,59,72,162,22,119,98,161,219,31,188,159,20,56,15,24,17,83,8,11,27,16,21,701,220,0,155,3,62,212,36,35,86,55,128,13,3,83,10,5,14,109,77,13,3,16,11,21,170,108,22,85,1,8,47,7,5,2,34,28,20,8,0,6,46
2021,"Barnet 039","E02000062",6959,5016,4015,367,263,11,9,14,7,11,0,1,0,3,315,1943,0,0,0,0,117,11,1121,995,30,15,140,104,83,141,14,156,202,110,126,8,118,185,64,64,12,18,34,57,4,30,5,0,18,384,122,11,51,17,43,36,17,5,14,0,116,31,6,53,8,4,14,91,50,19,2,20,1,18,84,21,3,18,0,1,45,17,2,15,18,18,3,15,0,0,23
2021,"Barnet 040","E02000063",7586,5283,4198,387,294,7,1,11,2,10,2,0,0,4,367,2303,0,0,0,0,109,17,1300,1169,49,26,163,81,111,178,19,169,161,212,131,15,116,195,44,89,5,61,23,62,2,11,3,1,45,549,287,7,124,52,104,42,18,5,13,6,84,14,4,41,17,4,4,112,69,16,2,25,9,15,79,29,10,19,0,1,46,3,2,1,22,22,18,4,0,0,32
2021,"Barnet 041","E02000064",6676,4923,3790,363,350,12,8,22,7,9,6,0,0,10,346,1753,0,0,0,0,89,20,911,764,44,29,113,92,64,134,23,76,84,105,147,21,126,138,40,40,6,19,15,58,1,8,15,7,27,427,140,40,48,9,43,66,20,4,22,20,127,6,1,101,11,6,2,80,67,4,3,6,3,11,117,45,10,35,0,5,52,15,3,12,20,12,9,3,0,8,31
2021,"Bexley 001","E02000065",8068,6187,4805,629,464,4,1,7,2,9,0,0,0,4,262,1881,0,0,0,0,72,3,777,709,20,61,92,38,31,77,66,53,126,145,68,5,63,771,11,718,65,557,96,42,2,3,9,10,18,169,9,5,1,2,1,28,26,0,1,1,81,1,14,17,9,5,35,39,14,12,0,13,0,12,52,9,0,9,0,1,12,30,18,12,3,3,2,1,0,0,34
2021,"Bexley 002","E02000066",9422,7481,5336,1076,758,6,1,16,5,14,2,0,0,7,260,1941,0,0,0,0,57,6,931,843,29,60,72,32,60,106,83,140,143,118,88,13,75,634,10,565,102,360,103,59,5,8,2,16,28,229,5,1,2,0,2,52,44,4,3,1,115,15,7,41,4,10,38,41,10,2,0,29,5,11,59,8,1,7,0,2,23,26,22,4,6,6,2,3,1,0,19
2021,"Bexley 003","E02000067",10235,8155,5566,1362,898,10,2,10,3,7,1,3,1,8,284,2080,0,0,0,0,54,9,1196,1104,37,24,77,79,44,79,127,182,265,190,92,10,82,407,5,341,30,254,57,61,0,8,13,22,18,337,13,8,3,1,1,30,18,4,8,0,226,0,20,161,5,11,29,38,11,4,0,23,0,30,53,6,2,4,0,3,28,16,7,9,8,8,2,6,0,0,16
2021,"Bexley 004","E02000068",8174,6704,4737,994,740,10,2,16,4,8,1,0,1,9,182,1470,0,0,0,0,48,7,671,600,18,21,81,37,9,93,55,94,115,77,71,9,62,390,6,341,41,233,67,43,1,0,7,14,21,290,17,1,2,12,2,17,13,3,1,0,224,14,6,161,18,14,11,11,1,0,0,10,0,21,47,5,1,3,1,0,21,21,14,7,5,5,2,3,0,0,12
2021,"Bexley 005","E02000069",7206,6201,4060,1142,764,15,2,13,8,5,4,0,0,5,183,1005,0,0,0,0,77,7,446,402,23,11,17,26,28,29,48,52,85,83,44,6,38,205,2,184,26,134,24,19,0,0,6,4,9,223,2,1,0,0,1,19,14,4,1,0,174,0,6,118,11,10,29,12,2,2,0,8,4,12,30,11,0,10,1,1,10,8,7,1,6,6,3,3,0,0,11
2021,"Bexley 006","E02000070",8110,7359,4471,1748,891,14,5,16,10,5,0,1,1,5,192,751,0,0,0,0,66,9,381,328,12,13,30,20,4,23,39,46,80,61,53,4,49,92,4,75,11,53,11,13,0,1,3,2,7,161,2,2,0,0,0,17,10,1,3,3,114,0,5,74,6,15,14,15,1,2,1,11,3,10,33,12,0,12,0,0,10,11,2,9,7,7,5,2,0,0,2
2021,"Bexley 007","E02000071",7673,7011,4290,1597,933,15,7,13,5,14,0,0,0,10,127,662,0,0,0,1,45,8,332,280,10,20,25,13,17,25,36,35,61,38,52,5,47,106,14,84,7,61,16,8,0,0,0,3,5,146,4,0,3,1,0,10,8,0,1,1,114,5,4,80,0,16,9,9,2,1,0,6,1,8,14,7,2,5,0,0,4,3,2,1,3,3,2,1,0,0,7
2021,"Bexley 008","E02000072",12927,11034,7759,1644,1203,7,5,33,10,4,3,0,0,12,354,1893,0,0,0,0,77,11,864,776,51,37,63,32,23,100,93,117,149,111,88,15,73,577,7,501,37,378,86,69,16,1,8,19,25,283,17,0,8,5,4,44,36,4,0,4,185,11,24,74,14,11,51,23,9,3,1,10,0,14,43,7,2,5,0,1,11,24,16,8,10,10,6,4,0,0,28
2021,"Bexley 009","E02000073",10721,9946,5894,2390,1336,22,6,29,9,4,1,0,0,7,248,775,0,0,0,0,73,13,343,277,39,7,31,15,8,21,24,39,46,47,66,14,52,54,0,45,3,35,7,9,0,1,8,0,0,258,0,0,0,0,0,25,24,0,1,0,198,0,2,108,15,27,46,18,5,3,0,10,0,17,25,13,9,4,0,0,7,5,2,3,5,5,5,0,0,0,4
2021,"Bexley 010","E02000074",8858,8018,5030,1679,1069,10,5,20,7,7,4,0,0,6,181,840,0,0,0,0,46,11,397,340,8,12,29,26,7,34,50,64,61,49,57,7,50,214,7,179,30,124,25,28,2,2,6,8,10,125,6,0,3,2,1,15,11,0,4,0,96,3,5,45,6,9,28,4,1,0,0,3,0,4,34,12,5,7,0,2,7,13,5,8,7,7,5,2,0,0,6
2021,"Bexley 011","E02000075",7982,7536,4389,1947,938,11,3,26,12,2,5,1,0,4,198,446,0,0,0,0,68,8,179,152,13,5,16,4,13,18,21,16,31,15,27,3,24,36,3,29,4,20,5,4,1,0,1,0,2,134,1,0,0,0,1,20,14,2,3,1,93,0,4,70,1,12,6,13,11,1,1,0,0,7,11,5,2,3,0,0,5,1,0,1,7,7,6,1,0,0,3
2021,"Bexley 013","E02000077",8140,7267,4392,1666,911,9,5,15,7,6,0,0,0,11,245,873,0,0,0,0,53,6,414,349,6,12,23,24,11,25,30,41,94,83,65,9,56,54,3,39,1,23,15,12,0,0,1,2,9,307,7,3,0,1,3,34,28,4,2,0,219,14,6,78,6,30,85,11,6,1,0,4,28,8,24,10,3,7,0,1,7,6,2,4,10,10,8,2,0,0,5
2021,"Bexley 014","E02000078",7935,7374,4230,1880,1055,15,4,20,12,13,2,0,0,9,134,561,0,0,1,0,31,5,292,242,19,0,21,22,8,18,25,42,50,37,50,4,46,87,0,74,15,48,11,13,0,0,1,2,10,113,5,0,2,1,2,19,17,1,0,1,76,5,6,43,8,12,2,12,3,6,1,2,0,1,24,14,7,7,0,1,5,4,3,1,4,4,3,1,0,0,4
2021,"Bexley 015","E02000079",8774,7659,4629,1755,991,22,12,31,12,4,1,0,0,9,193,1115,0,0,0,1,78,15,594,496,25,7,57,52,11,43,59,71,72,99,98,14,84,101,3,75,5,57,13,23,0,0,15,3,5,258,4,3,0,0,1,48,38,1,6,3,174,2,15,103,9,26,19,28,12,4,3,9,2,2,39,11,4,7,0,1,14,13,7,6,12,12,4,8,0,0,17
2021,"Bexley 016","E02000080",10062,8862,5381,2001,1140,12,3,16,5,10,0,0,0,8,286,1200,0,0,0,0,69,13,582,506,16,10,46,22,18,44,51,45,130,124,76,10,66,93,4,77,10,49,18,12,0,0,4,2,6,392,12,5,4,0,3,74,56,8,4,6,244,0,14,123,7,15,85,42,9,14,0,19,5,15,28,14,5,9,0,1,8,5,3,2,5,5,4,1,0,0,18
2021,"Bexley 017","E02000081",8297,7592,4523,1676,1138,19,2,18,3,4,4,1,0,10,194,705,0,0,0,0,51,5,371,299,7,15,49,12,9,30,30,38,73,36,72,5,67,73,3,56,5,41,10,14,0,0,10,0,4,170,1,0,0,0,1,34,31,0,2,1,111,0,4,66,1,21,19,16,4,7,1,4,2,6,17,10,2,8,0,0,5,2,1,1,6,6,5,1,0,0,12
2021,"Bexley 018","E02000082",9337,8613,5092,2133,1119,11,4,22,7,11,2,0,0,8,204,724,0,0,0,0,67,8,359,299,21,11,39,18,16,12,28,45,70,39,60,12,48,65,1,50,19,22,9,14,0,0,11,2,1,171,0,0,0,0,0,22,21,1,0,0,119,1,19,38,3,24,34,11,4,1,0,6,9,10,29,7,5,2,0,0,12,10,7,3,6,5,2,3,0,1,19
2021,"Bexley 019","E02000083",11270,10197,6141,2218,1474,18,6,19,10,12,4,4,1,10,280,1073,0,0,0,0,56,11,582,489,11,30,30,36,24,29,55,82,121,71,93,25,68,144,11,111,11,76,24,22,2,0,3,3,14,198,7,2,3,1,1,22,16,1,2,3,124,3,14,38,12,43,14,25,5,5,1,14,7,13,55,21,2,19,0,1,24,9,3,6,9,8,6,2,0,1,18
2021,"Bexley 020","E02000084",11107,10354,6323,2314,1401,14,13,17,7,15,0,1,0,11,238,753,0,0,0,0,68,18,349,251,11,5,29,11,18,37,11,36,44,49,98,18,80,52,2,44,4,31,9,6,0,0,5,1,0,229,1,0,1,0,0,47,33,6,5,3,145,0,2,101,7,20,15,24,6,7,1,10,7,5,19,7,2,5,0,1,2,9,4,5,15,15,10,5,0,0,3
2021,"Bexley 021","E02000085",7956,7403,4225,1858,1149,6,3,13,6,6,2,0,0,11,124,553,0,0,0,0,50,7,283,224,26,5,18,16,8,17,19,26,54,35,59,11,48,31,2,27,3,23,1,2,0,0,1,0,1,139,8,2,3,0,3,13,10,0,1,2,92,4,5,34,7,25,17,19,2,6,5,6,4,3,22,7,2,5,0,3,3,9,1,8,6,6,4,2,0,0,15
2021,"Bexley 022","E02000086",7179,6840,3800,1834,1057,12,8,8,4,9,3,0,0,8,97,339,0,0,0,0,48,9,181,139,9,3,13,8,9,10,12,26,30,19,42,7,35,21,0,19,0,14,5,2,0,0,1,0,1,60,5,2,0,3,0,7,4,2,1,0,39,7,5,20,1,6,0,9,0,1,4,4,0,0,8,0,0,0,0,0,5,3,0,3,9,9,7,2,0,0,3
2021,"Bexley 023","E02000087",8202,7707,4664,1661,1147,26,5,30,12,7,4,1,0,6,144,495,0,0,1,0,75,11,231,175,10,9,18,3,14,13,14,23,29,42,56,6,50,33,2,17,3,7,7,14,0,0,10,1,3,102,1,1,0,0,0,23,17,6,0,0,49,5,2,26,6,9,1,13,5,2,0,6,4,12,24,13,2,11,0,0,11,0,0,0,11,11,7,4,0,0,7
2021,"Bexley 024","E02000088",7750,7398,4265,1868,1081,16,7,10,13,12,0,0,0,10,116,352,0,0,0,0,51,11,153,110,13,3,11,5,3,6,8,26,2,33,43,4,39,26,3,21,3,11,7,2,0,0,0,2,0,80,1,0,0,0,1,13,11,0,2,0,57,4,0,43,2,3,5,7,2,3,0,2,0,2,14,8,2,6,0,0,6,0,0,0,10,10,6,4,0,0,7
2021,"Bexley 025","E02000089",7873,7459,4369,1837,1082,16,6,18,8,5,1,0,0,6,111,414,0,0,0,0,46,11,203,175,13,6,29,5,11,14,14,21,32,30,28,3,25,42,2,33,4,22,7,7,1,0,2,1,3,68,4,3,1,0,0,14,7,3,4,0,28,0,3,15,4,4,2,14,1,10,1,2,0,8,30,15,5,10,0,1,9,5,2,3,6,6,5,1,0,0,8
2021,"Bexley 026","E02000090",9636,8841,5329,1820,1343,43,13,30,22,16,6,0,0,27,192,795,0,0,0,0,77,13,439,356,13,9,47,26,25,26,25,59,72,54,83,13,70,59,5,43,7,26,10,11,0,0,6,2,3,144,1,0,1,0,0,34,23,3,2,6,76,0,8,55,2,10,1,27,12,2,2,11,4,2,44,15,3,12,0,2,17,10,9,1,10,10,7,3,0,0,9
2021,"Bexley 027","E02000091",10169,9413,5503,2155,1428,34,10,41,24,11,5,0,0,13,189,756,0,0,0,0,76,15,389,294,26,11,22,24,23,26,18,51,52,41,95,19,76,88,4,52,5,31,16,32,2,0,7,7,16,130,1,0,0,1,0,30,22,1,7,0,70,3,5,46,0,12,4,22,8,6,2,6,6,1,42,12,1,11,0,0,21,9,4,5,3,3,2,1,0,0,13
2021,"Bexley 028","E02000092",6754,6277,3900,1341,870,0,3,16,12,9,0,1,0,8,117,477,0,0,0,0,33,6,249,213,10,1,26,14,3,21,43,35,27,33,36,9,27,91,0,65,6,43,16,26,2,0,7,11,6,67,2,0,1,0,1,11,8,3,0,0,37,7,5,16,1,8,0,16,8,2,0,6,0,1,13,9,1,8,0,0,3,1,1,0,8,8,4,4,0,0,10
2021,"Brent 001","E02000093",11872,8226,6909,407,266,9,3,4,2,19,3,0,0,9,595,3646,0,0,0,0,172,17,2459,2373,47,19,62,83,32,93,11,120,1834,72,86,0,86,119,13,56,34,16,6,50,5,18,3,1,23,770,77,1,20,12,44,38,26,8,4,0,533,25,3,331,58,85,31,74,41,19,1,13,0,48,68,21,5,15,1,0,30,17,14,3,15,14,9,5,0,1,26
2021,"Brent 002","E02000094",10460,7408,6216,384,298,9,4,7,2,14,2,0,0,3,469,3052,0,0,0,0,271,25,1842,1753,27,30,91,70,52,184,32,156,1008,103,89,9,80,142,42,65,26,26,13,35,3,14,5,3,10,660,92,1,34,21,36,107,69,14,13,11,363,59,4,183,53,56,8,65,17,19,7,22,1,32,75,17,6,9,2,1,31,26,16,10,13,11,6,5,0,2,24
2021,"Brent 003","E02000095",10463,7193,6114,307,208,3,1,14,3,3,0,0,0,4,536,3270,0,0,0,0,136,8,2156,2072,27,19,60,174,50,146,8,116,1415,57,84,18,66,82,21,38,8,23,7,23,10,4,0,0,9,806,55,2,8,16,29,18,5,5,8,0,672,63,3,506,40,51,9,35,16,7,3,9,0,26,46,12,0,12,0,0,16,18,10,8,5,5,2,3,0,0,31
2021,"Brent 004","E02000096",7634,5908,4971,254,260,6,2,4,3,7,0,0,0,8,393,1726,0,0,0,0,120,18,983,956,12,10,33,39,11,62,21,50,662,56,27,2,25,31,8,11,9,1,1,12,8,1,1,0,2,527,29,0,0,15,14,16,7,4,3,2,437,20,0,366,10,35,6,25,17,5,1,2,0,20,26,8,1,7,0,2,6,10,5,5,12,9,4,5,0,3,9
2021,"Brent 005","E02000097",9533,6496,5361,451,244,6,0,5,2,9,1,0,0,6,411,3037,0,0,0,0,317,16,1931,1817,21,27,79,99,39,108,24,161,1192,67,114,1,113,93,18,37,13,14,10,38,7,15,1,2,13,566,92,0,29,27,36,15,10,1,3,1,379,48,12,170,48,91,10,45,15,14,1,15,0,35,91,11,5,6,0,0,42,38,32,6,4,3,2,1,0,1,19
2021,"Brent 006","E02000098",8744,6439,5441,307,232,11,8,9,8,13,0,0,0,8,402,2305,0,0,0,0,110,7,1405,1349,73,45,53,78,37,108,15,118,754,68,56,2,54,90,24,29,5,8,16,37,8,14,1,0,14,564,112,3,17,40,52,39,10,3,21,5,375,39,6,226,47,35,22,17,5,6,3,3,1,20,89,23,3,20,0,0,40,26,17,9,8,8,2,6,0,0,32
2021,"Brent 007","E02000099",9563,6177,5187,263,248,4,2,6,2,8,2,0,0,2,453,3386,0,0,0,0,57,8,2364,2282,43,25,65,112,30,142,28,155,1516,166,82,2,80,96,18,26,11,3,12,52,8,23,8,3,10,745,88,2,5,28,53,42,34,3,5,0,540,59,5,351,36,69,20,38,9,13,4,12,0,37,73,8,2,6,0,0,48,17,11,6,17,17,12,5,0,0,26
2021,"Brent 008","E02000100",8322,6192,5239,275,266,4,4,11,13,15,1,0,0,4,360,2130,0,0,0,0,159,15,893,837,24,19,35,53,28,66,11,105,406,90,56,2,54,75,20,36,11,9,16,19,2,4,4,1,8,885,41,3,8,4,26,112,80,11,16,5,574,22,3,451,22,63,13,126,87,15,17,7,0,32,68,18,5,13,0,2,31,17,10,7,4,4,3,1,0,0,31
2021,"Brent 009","E02000101",9936,7070,6085,340,247,2,2,12,5,9,1,0,0,5,362,2866,0,0,0,0,179,10,1600,1497,75,20,105,135,69,173,22,169,604,125,103,13,90,222,54,98,37,17,44,70,4,35,4,0,27,684,112,5,35,25,47,14,3,2,7,2,498,31,2,326,49,52,38,39,31,5,2,1,0,21,122,11,5,6,0,0,61,50,34,16,3,3,2,1,0,0,46
2021,"Brent 010","E02000102",8327,5840,5160,254,149,4,2,6,1,10,3,0,0,4,247,2487,0,0,0,0,190,16,1422,1322,20,8,111,108,66,131,31,235,532,80,100,6,94,145,39,51,18,15,18,55,2,36,4,1,12,575,313,0,14,11,288,11,9,0,1,1,207,72,1,73,39,17,5,35,26,5,1,3,2,7,114,7,2,5,0,0,67,40,24,16,2,2,2,0,0,0,23
2021,"Brent 011","E02000103",9976,7092,6000,351,250,7,3,30,7,22,4,0,0,6,412,2884,0,0,0,0,369,19,1358,1231,43,40,155,147,106,118,33,241,204,144,127,4,123,218,60,90,19,36,35,68,4,35,2,2,25,669,357,2,44,25,286,20,8,3,8,1,177,32,2,71,48,20,4,96,63,9,4,20,1,18,186,27,12,15,0,1,105,53,39,14,12,12,6,6,0,0,53
2021,"Brent 012","E02000104",7507,5290,4497,226,193,3,1,10,4,13,1,0,0,3,339,2217,0,0,0,0,102,8,1259,1191,23,17,47,165,30,57,23,105,592,132,68,4,64,100,36,40,13,8,19,24,3,7,4,0,10,628,100,1,11,29,59,31,18,3,10,0,445,18,3,322,28,46,28,27,14,5,3,5,5,20,82,11,5,6,0,4,36,31,19,12,5,5,3,2,0,0,33
2021,"Brent 013","E02000105",9844,6428,5503,241,199,2,4,4,1,13,1,0,0,1,459,3416,0,0,0,0,123,6,1688,1616,27,28,70,323,27,69,28,265,639,140,72,3,69,151,36,70,20,24,26,45,3,31,2,0,9,1317,38,0,11,4,23,22,8,6,6,2,1131,53,2,768,65,120,123,52,21,21,1,9,0,74,80,11,7,4,0,1,37,31,16,15,3,3,2,1,0,0,48
2021,"Brent 014","E02000106",10359,6709,5605,423,241,6,2,11,0,11,4,0,0,6,400,3650,0,0,0,0,227,13,2137,2050,59,8,217,195,125,146,23,386,711,180,87,5,82,252,58,103,43,38,22,91,2,62,0,0,27,698,330,8,9,7,306,12,6,2,4,0,237,23,4,93,89,20,8,105,79,14,0,12,0,14,241,9,2,7,0,5,158,69,57,12,13,11,7,4,0,2,69
2021,"Brent 015","E02000107",10935,7308,5747,476,460,15,10,19,19,22,5,5,0,12,518,3627,0,1,0,0,319,21,1982,1790,118,37,349,182,183,113,40,240,235,293,192,10,182,202,77,45,7,14,24,80,1,28,8,1,42,725,183,0,24,9,150,57,25,4,14,14,238,9,14,144,51,16,4,225,192,7,7,19,5,17,259,46,11,35,0,19,163,31,14,17,52,52,37,15,0,0,66
2021,"Brent 016","E02000108",7261,4923,4121,280,152,3,1,6,2,5,3,1,0,0,349,2338,0,0,0,0,132,8,1086,1029,35,8,41,208,41,35,16,234,337,74,57,2,55,69,17,22,9,8,5,30,3,19,2,0,6,884,70,0,13,8,49,11,3,2,4,2,722,19,5,456,34,136,72,18,12,4,1,1,0,63,126,8,3,5,0,1,93,24,17,7,4,4,2,1,1,0,29
2021,"Brent 018","E02000110",8180,5841,4544,391,355,18,7,40,12,22,4,1,0,9,438,2339,0,0,0,0,312,23,1292,1141,97,29,263,107,111,121,22,129,148,114,151,12,139,124,24,69,13,7,49,31,1,12,10,0,8,330,129,2,19,17,91,24,8,2,6,8,114,9,5,64,31,3,2,56,36,12,1,7,0,7,163,40,5,35,0,3,97,23,12,11,48,48,26,22,0,0,47
2021,"Brent 019","E02000111",11283,6474,5529,241,204,0,2,4,8,6,5,0,0,2,473,4809,0,0,0,0,70,3,2402,2333,39,9,71,1437,77,71,6,154,325,144,69,0,69,103,32,49,23,10,16,22,3,13,0,1,5,2115,58,0,6,8,44,12,4,1,6,1,1973,26,8,1631,60,127,121,24,15,5,2,2,2,46,75,12,4,8,0,0,22,41,22,19,4,4,1,3,0,0,37
2021,"Brent 020","E02000112",11747,6283,5319,233,215,8,2,11,5,6,2,0,0,6,476,5464,0,0,0,0,97,4,2899,2799,42,27,87,1500,69,111,20,192,593,158,100,6,94,163,25,59,13,24,22,79,9,28,1,2,39,2085,55,1,9,12,33,49,30,4,5,10,1848,22,6,1619,70,68,63,47,33,6,1,7,0,86,151,8,5,3,0,6,91,46,30,16,15,15,10,5,0,0,50
2021,"Brent 021","E02000113",9628,7757,6590,438,302,10,3,8,1,11,1,0,1,4,388,1871,0,0,0,0,137,17,803,746,23,10,64,175,61,89,19,129,138,38,57,3,54,371,68,127,46,32,49,176,5,138,2,5,26,333,88,1,16,25,46,9,3,0,5,1,179,31,4,101,17,25,1,42,31,8,0,3,0,15,198,16,10,6,0,0,56,126,89,37,1,1,1,0,0,0,11
2021,"Brent 022","E02000114",8996,5724,4447,373,360,17,6,28,8,19,2,0,0,4,460,3272,0,0,0,0,201,36,1879,1702,116,55,426,328,183,164,25,159,134,112,177,12,165,158,43,54,18,17,19,61,1,35,5,0,20,591,193,4,22,15,152,34,13,1,10,10,225,6,9,169,26,11,4,120,93,7,3,17,5,14,300,46,13,32,1,12,207,35,17,18,38,38,23,15,0,0,69
2021,"Brent 023","E02000115",8623,6052,4609,363,464,17,8,33,25,22,10,1,0,17,483,2571,0,0,1,0,193,18,1436,1198,136,44,287,97,135,201,21,81,101,95,238,36,202,162,56,47,3,37,7,59,3,24,16,0,16,435,170,3,40,15,112,54,30,4,15,5,136,15,4,83,20,8,6,61,34,12,1,14,2,12,190,72,17,53,2,6,69,43,23,20,78,76,46,30,0,2,58
2021,"Brent 024","E02000116",8551,5620,4668,309,210,12,5,6,4,23,3,0,1,3,376,2931,0,0,0,0,199,21,1426,1302,36,13,310,298,156,115,11,181,112,70,124,8,116,152,42,53,9,17,27,57,2,27,2,1,25,773,322,0,11,7,304,28,7,10,8,3,243,25,5,153,32,15,13,160,136,7,0,17,2,18,282,11,4,7,0,2,205,64,34,30,23,21,13,8,0,2,55
2021,"Brent 025","E02000117",12730,9284,7979,450,332,16,6,21,8,25,3,0,0,8,436,3446,0,0,1,0,221,13,1667,1575,55,14,192,337,155,243,10,210,259,100,92,7,85,532,98,167,70,47,50,267,5,217,2,2,41,568,179,6,6,7,160,38,12,6,8,12,194,23,8,92,49,16,6,143,101,6,1,35,0,14,359,25,7,17,1,3,185,146,87,59,9,7,2,5,0,2,76
2021,"Brent 026","E02000118",11293,6387,5467,248,164,2,2,7,2,8,0,0,0,3,484,4906,0,0,0,0,77,5,2642,2584,23,16,38,1634,33,60,16,214,349,201,58,4,54,128,22,56,13,11,32,50,0,25,6,6,13,1931,51,0,5,12,34,21,9,2,4,6,1743,16,2,1462,25,97,141,26,19,4,0,3,0,90,81,6,3,3,0,1,23,51,32,19,4,4,2,2,0,0,38
2021,"Brent 027","E02000119",10623,8266,7201,369,282,5,7,14,9,21,4,1,0,7,346,2357,0,0,0,0,91,10,1168,1045,54,10,123,180,96,179,27,196,99,81,123,19,104,357,62,148,62,30,56,147,3,84,3,14,43,457,176,5,42,31,98,50,25,9,12,4,164,25,2,57,50,15,15,53,37,1,2,13,0,14,217,11,5,6,0,1,86,119,75,44,13,11,7,4,0,2,44
2021,"Brent 028","E02000120",9022,6248,4749,378,393,27,17,54,34,13,2,0,0,15,566,2774,0,0,0,0,247,20,1483,1308,206,41,270,98,159,225,22,76,86,125,175,7,168,164,56,52,7,28,17,56,2,12,9,3,30,404,112,1,25,9,77,43,18,6,11,8,118,6,10,69,23,9,1,107,81,11,1,14,3,21,257,138,33,105,0,4,83,32,17,15,127,127,90,37,0,0,72
2021,"Brent 029","E02000121",12246,7153,6220,176,199,8,2,6,2,4,1,0,0,4,531,5093,0,0,0,0,57,6,2595,2507,38,19,70,1621,57,79,13,281,184,145,88,10,78,98,22,31,16,11,4,45,7,26,4,3,5,2205,115,12,3,20,80,69,47,7,9,6,1879,20,4,1600,41,111,103,65,27,28,2,8,2,75,75,7,5,2,0,2,41,25,19,6,7,7,5,2,0,0,50
2021,"Brent 030","E02000122",8183,6388,4991,393,442,23,10,22,10,12,5,2,0,18,460,1795,0,0,0,0,174,25,973,860,70,39,212,67,117,103,19,81,71,81,113,3,110,90,31,33,9,22,2,26,3,3,8,1,11,261,102,2,25,13,62,31,16,2,7,6,54,5,2,36,6,5,0,62,31,10,4,17,1,11,190,77,17,60,0,5,88,20,9,11,48,48,31,17,0,0,34
2021,"Brent 031","E02000123",13584,9568,7751,507,514,12,6,37,22,54,4,2,0,14,645,4016,0,1,1,0,261,19,2180,2029,60,48,303,467,190,262,25,306,263,105,151,9,142,414,68,125,50,33,42,221,2,121,9,0,89,537,114,4,24,16,70,34,18,4,8,4,152,24,2,50,34,28,14,199,178,1,2,18,3,35,449,32,4,28,0,4,299,114,77,37,36,35,17,18,0,1,118
2021,"Brent 032","E02000124",9956,7404,5499,473,547,43,29,47,44,27,10,0,1,23,661,2552,0,0,0,0,199,30,1347,1165,167,69,243,99,198,154,10,77,66,82,182,22,160,122,41,42,10,19,13,39,1,5,18,1,14,299,66,0,13,5,48,30,6,6,14,4,70,9,0,32,10,15,4,111,80,8,10,13,3,19,321,157,33,116,8,7,119,38,18,20,143,143,85,58,0,0,91
2021,"Brent 033","E02000125",9938,7713,6032,505,490,20,15,48,25,21,8,4,1,23,521,2225,0,0,0,0,219,20,1203,1082,113,33,244,182,153,104,16,84,77,76,121,9,112,97,25,38,10,15,13,34,5,9,15,0,5,226,53,7,4,9,33,23,5,2,8,8,75,3,3,45,19,3,2,63,49,9,2,3,0,12,301,90,26,63,1,7,130,74,44,30,78,76,45,31,0,2,81
2021,"Brent 034","E02000126",8197,6336,5268,318,290,7,6,20,12,19,7,2,0,4,383,1861,0,0,0,0,132,16,919,785,80,30,131,121,85,166,10,46,52,64,134,17,117,269,54,62,15,23,24,153,3,106,9,0,35,337,82,9,33,15,25,50,26,6,8,10,87,17,0,48,15,7,0,109,81,19,4,5,1,8,131,44,14,30,0,6,41,40,27,13,24,24,15,9,0,0,33
2021,"Bromley 001","E02000127",9325,8162,5398,1468,979,10,7,28,12,2,0,0,0,5,253,1163,0,0,0,0,57,14,739,608,24,4,55,34,34,54,105,88,117,93,131,25,106,131,6,96,12,57,27,29,3,0,15,6,5,116,5,1,2,1,1,26,18,3,2,3,57,4,4,21,3,21,4,22,6,9,1,6,0,6,75,24,4,20,0,2,35,14,7,7,17,17,11,6,0,0,14
2021,"Bromley 002","E02000128",7784,7159,4536,1434,895,14,6,20,6,8,2,0,0,8,230,625,0,0,0,0,46,17,366,288,22,16,25,24,16,46,30,32,38,39,78,15,63,49,4,25,2,20,3,20,0,0,15,3,2,80,6,0,6,0,0,23,8,8,6,1,31,2,5,20,0,1,3,12,2,7,1,2,1,7,44,18,12,6,0,1,21,4,1,3,15,15,9,6,0,0,8
2021,"Bromley 004","E02000130",8425,7200,5112,791,786,40,13,46,24,18,6,1,0,25,338,1225,0,0,0,0,145,23,694,528,37,25,64,51,68,47,16,71,76,73,166,9,157,105,20,61,8,37,16,24,0,1,3,8,12,97,14,0,6,2,6,25,11,2,11,1,35,2,3,16,9,3,2,21,7,3,4,7,1,1,106,25,7,18,0,1,43,37,18,19,35,35,21,14,0,0,20
2021,"Bromley 005","E02000131",10475,8426,6167,744,822,44,12,64,30,26,12,3,2,26,474,2049,0,0,0,0,116,27,1197,977,76,46,144,138,123,103,34,91,95,127,220,18,202,259,23,171,32,82,57,65,2,8,23,9,23,137,11,1,3,2,5,32,10,4,18,0,66,1,6,20,13,24,2,24,8,4,2,10,0,4,218,56,17,39,0,6,84,72,53,19,50,50,23,26,1,0,45
2021,"Bromley 006","E02000132",9833,8180,5427,1117,1010,38,17,49,33,13,7,2,0,19,448,1653,0,0,0,0,125,28,875,686,42,28,95,70,53,75,36,95,110,82,189,32,157,131,17,73,11,50,12,41,0,0,20,12,9,253,28,3,12,3,10,70,23,15,26,6,105,2,3,84,3,12,1,37,22,9,2,4,1,12,149,46,14,32,0,4,66,33,22,11,53,53,31,22,0,0,39
2021,"Bromley 007","E02000133",10749,9861,6409,1589,1369,26,20,48,29,22,10,1,0,13,325,888,0,0,0,0,124,13,407,280,23,28,33,10,22,61,22,29,11,41,127,12,115,46,7,19,8,8,3,20,1,0,9,4,6,180,13,0,5,0,8,54,37,9,5,3,89,1,2,71,8,7,0,19,4,5,3,7,3,2,56,28,6,22,0,2,22,4,2,2,42,42,21,21,0,0,20
2021,"Bromley 008","E02000134",11746,9771,6502,1446,1219,39,10,46,23,20,5,2,1,17,441,1975,0,0,0,0,108,22,1120,959,86,31,181,41,68,97,63,135,137,120,161,29,132,137,14,70,4,37,29,53,1,1,17,15,19,344,9,3,4,0,2,44,22,6,14,2,211,1,21,150,14,24,1,68,39,12,5,12,0,12,168,34,12,22,0,8,98,28,20,8,27,27,15,11,1,0,49
2021,"Bromley 009","E02000135",9875,8094,5942,899,787,17,10,30,10,22,8,0,0,12,357,1781,0,0,1,0,85,21,994,865,80,15,103,123,97,72,35,128,102,110,129,14,115,258,19,162,21,87,54,77,1,13,13,12,38,194,17,1,3,3,10,31,10,1,18,2,102,9,11,48,7,24,3,34,18,7,1,8,0,10,183,25,9,15,1,1,72,85,65,20,22,21,10,11,0,1,23
2021,"Bromley 010","E02000136",5746,5359,3473,1066,639,11,6,14,9,3,3,0,0,11,124,387,0,0,0,0,21,3,210,173,9,11,12,6,11,10,27,53,11,23,37,1,36,38,2,29,4,11,14,7,0,0,4,2,1,81,2,0,1,0,1,30,18,3,8,1,35,0,1,25,1,0,8,11,3,5,0,3,0,3,21,10,5,5,0,0,7,4,4,0,9,9,3,6,0,0,4
2021,"Bromley 011","E02000137",8396,7307,4844,1130,915,26,11,35,22,8,2,2,1,10,301,1089,0,0,0,0,108,24,588,449,36,31,50,26,29,61,24,45,69,78,139,19,120,81,5,49,13,23,13,27,1,1,9,7,9,171,18,4,9,2,3,32,20,1,10,1,83,4,5,54,9,11,0,32,12,7,3,10,2,4,73,27,9,18,0,0,29,17,9,8,31,30,23,7,0,1,13
2021,"Bromley 012","E02000138",8503,7437,4818,1192,945,34,20,49,33,18,7,0,0,23,298,1066,0,0,0,0,131,15,590,449,38,24,60,13,38,82,26,65,34,69,141,22,119,56,6,21,2,15,4,29,3,0,17,4,5,127,18,2,9,2,5,33,19,0,12,2,54,2,3,39,2,6,2,20,5,5,2,8,0,2,94,40,9,30,1,2,43,9,3,6,35,35,27,8,0,0,18
2021,"Bromley 013","E02000139",7705,6756,4553,893,895,33,15,31,33,14,6,1,0,21,261,949,0,0,1,0,96,31,521,377,35,14,64,25,41,44,10,40,47,57,144,12,132,68,6,32,7,21,4,30,6,1,12,2,9,92,15,0,10,0,5,23,9,1,10,3,34,5,4,15,4,2,4,12,7,4,0,1,0,8,78,23,8,15,0,0,33,22,20,2,49,48,32,16,0,1,13
2021,"Bromley 014","E02000140",8670,7919,5017,1590,1065,8,3,14,6,3,3,0,0,13,197,751,0,0,0,0,41,1,410,334,17,7,35,15,31,35,42,58,45,49,76,11,65,93,3,65,11,40,14,25,1,1,2,7,14,136,3,0,3,0,0,6,5,0,1,0,85,10,7,44,11,6,7,31,19,4,0,8,1,10,48,3,0,3,0,0,21,24,13,11,9,9,4,5,0,0,13
2021,"Bromley 015","E02000141",7231,6191,4292,844,693,18,14,24,18,13,4,1,0,9,261,1040,0,0,0,0,86,30,583,451,41,28,70,53,61,39,10,79,23,47,132,5,127,92,3,66,20,31,15,23,0,5,9,2,7,91,5,2,3,0,0,20,2,5,10,3,47,3,6,29,6,3,0,16,6,3,2,5,0,3,114,22,7,14,1,1,48,43,31,12,24,24,10,14,0,0,20
2021,"Bromley 016","E02000142",8820,7823,5201,1208,1004,35,10,35,21,17,5,1,0,10,276,997,0,0,0,0,106,18,494,398,33,13,46,51,16,48,24,46,50,71,96,20,76,70,8,31,5,19,7,31,3,1,15,10,2,230,10,1,4,0,5,38,27,1,10,0,126,0,2,105,0,13,6,41,21,10,2,8,6,9,41,13,4,9,0,0,19,9,5,4,22,22,14,8,0,0,16
2021,"Bromley 018","E02000144",10061,8100,5317,1082,1032,35,16,51,26,31,5,1,1,23,480,1961,0,0,0,0,113,20,910,733,70,20,101,53,53,95,30,80,120,111,177,20,157,130,34,59,7,37,15,37,2,1,13,12,9,556,12,4,4,1,3,107,66,22,12,7,330,2,6,276,25,20,1,98,70,11,3,14,1,8,156,58,14,44,0,5,71,22,10,12,44,44,33,11,0,0,32
2021,"Bromley 019","E02000145",8824,7746,4994,1365,1083,12,9,19,9,9,0,0,0,8,238,1078,0,0,0,0,48,11,616,538,39,20,45,34,17,40,87,101,57,98,78,12,66,160,1,131,24,76,31,28,0,7,6,6,9,155,3,0,1,1,1,14,9,0,5,0,88,5,6,47,2,26,2,38,25,4,1,8,0,12,52,15,2,13,0,0,19,18,16,2,12,12,4,8,0,0,24
2021,"Bromley 020","E02000146",9703,8615,5651,1363,1142,25,11,42,14,11,7,3,0,19,327,1088,0,0,1,0,78,21,508,406,32,16,64,41,39,42,13,61,48,50,102,14,88,81,17,31,11,12,8,33,0,6,13,7,7,287,14,0,4,4,6,62,23,22,11,6,170,0,9,95,17,48,1,36,27,4,1,4,0,5,67,31,9,22,0,2,22,12,7,5,37,37,24,13,0,0,8
2021,"Bromley 021","E02000147",8186,7523,5055,1209,885,19,12,43,16,10,3,0,0,9,262,663,0,0,0,0,55,17,292,230,23,16,30,11,15,31,16,31,33,24,62,4,58,46,4,18,1,7,10,24,4,0,7,8,5,180,4,0,2,1,1,54,39,1,12,2,88,0,4,71,3,9,1,28,11,8,3,6,0,6,46,12,3,9,0,2,21,11,6,5,18,18,9,9,0,0,9
2021,"Bromley 022","E02000148",6724,6247,3946,1217,812,19,10,18,19,7,1,0,0,10,188,477,0,0,1,0,48,15,243,186,10,12,20,8,17,37,9,16,19,38,57,5,52,17,0,11,4,6,1,6,0,0,4,1,1,113,7,0,5,0,2,36,23,4,8,1,43,0,0,29,4,8,2,24,15,6,0,3,0,3,20,11,1,10,0,1,4,4,2,2,16,16,9,7,0,0,4
2021,"Bromley 023","E02000149",8165,7483,4501,1585,1127,9,8,6,12,2,4,0,0,11,218,682,0,0,0,0,44,3,377,307,6,17,15,21,16,26,22,68,45,71,70,16,54,60,4,35,9,23,3,21,0,0,16,0,5,150,11,5,4,0,2,26,22,0,2,2,71,3,2,51,2,8,5,32,24,2,2,4,0,10,33,12,0,12,0,0,14,7,3,4,9,9,6,3,0,0,6
2021,"Bromley 024","E02000150",8509,7854,5173,1351,1000,33,16,31,12,6,3,1,0,17,211,655,0,0,0,0,123,21,300,215,25,8,36,11,10,19,1,32,37,36,85,10,75,47,5,18,5,7,6,24,3,1,9,2,9,82,11,0,2,2,7,29,13,4,9,3,30,0,1,22,4,3,0,9,2,6,1,0,0,3,48,13,8,5,0,4,17,14,9,5,17,17,15,2,0,0,17
2021,"Bromley 025","E02000151",7542,6948,4191,1350,1071,11,8,22,25,13,3,0,0,21,233,594,0,0,0,0,103,25,212,149,15,9,18,13,8,23,15,16,6,26,63,2,61,22,0,11,0,11,0,11,2,0,7,1,1,191,2,0,0,0,2,71,59,6,5,1,93,0,3,82,3,5,0,20,5,10,1,4,0,5,29,17,8,9,0,0,10,2,2,0,8,8,4,4,0,0,4
2021,"Bromley 026","E02000152",7970,7245,4694,1263,962,9,5,23,13,6,5,0,0,10,255,725,0,0,0,0,67,9,346,274,32,6,33,28,18,21,25,35,31,45,72,10,62,64,12,32,6,20,6,20,1,0,7,1,11,155,5,0,3,1,1,29,19,2,5,3,91,0,5,50,18,18,0,24,16,5,0,3,2,4,57,16,5,11,0,0,26,15,9,6,11,11,4,7,0,0,16
2021,"Bromley 027","E02000153",8106,7682,4696,1686,1009,19,6,34,15,13,2,0,0,13,189,424,0,0,0,0,54,11,194,134,12,12,15,6,20,12,20,5,17,15,60,2,58,22,3,11,7,2,2,8,0,0,6,0,2,90,1,0,1,0,0,33,14,6,12,1,33,0,1,24,2,6,0,18,1,7,1,9,4,1,30,10,1,9,0,0,17,3,1,2,11,11,10,1,0,0,12
2021,"Bromley 028","E02000154",8526,7469,4639,1412,1032,15,10,23,19,10,3,0,0,21,285,1057,0,0,0,0,43,8,411,320,29,16,22,30,24,34,29,26,44,66,91,20,71,49,5,27,7,16,4,17,0,0,11,0,6,460,14,3,6,0,5,102,88,4,7,3,185,0,7,130,3,31,14,131,106,10,7,8,2,26,49,22,6,16,0,0,19,8,6,2,27,26,18,8,0,1,10
2021,"Bromley 029","E02000155",7154,6608,3951,1531,892,5,7,17,9,6,3,1,0,11,175,546,0,0,0,0,56,11,228,182,10,13,20,13,20,23,10,17,14,42,46,9,37,48,4,34,5,18,11,10,0,0,8,0,2,150,5,3,0,1,1,26,20,5,1,0,91,0,1,70,3,13,4,22,11,4,2,5,0,6,34,8,0,8,0,0,22,4,2,2,8,8,4,4,0,0,11
2021,"Bromley 030","E02000156",12301,11489,7332,2227,1517,26,16,51,30,24,7,1,0,7,251,812,0,0,1,0,130,29,424,298,30,10,36,23,14,65,21,36,24,39,126,27,99,41,4,15,0,9,6,22,5,0,13,1,3,115,8,6,1,0,1,23,9,2,7,5,67,17,6,37,4,3,0,15,7,3,2,3,0,2,54,27,6,20,1,0,16,11,9,2,14,14,9,5,0,0,4
2021,"Bromley 031","E02000157",8373,7794,4626,1634,1152,15,9,27,25,10,5,0,0,16,275,579,0,0,1,0,30,10,226,145,11,10,22,5,14,28,6,24,10,15,81,6,75,34,6,13,1,12,0,15,0,0,8,2,5,213,4,0,4,0,0,41,29,6,5,1,138,0,4,129,1,2,2,18,11,4,2,1,1,11,44,29,4,25,0,0,12,3,2,1,14,14,7,7,0,0,7
2021,"Bromley 032","E02000158",7781,7132,4422,1426,964,17,3,25,9,10,4,0,0,8,244,649,0,0,0,0,37,14,317,254,14,23,27,16,17,38,20,43,13,43,63,11,52,91,3,64,6,41,17,24,2,0,9,8,5,148,1,0,1,0,0,17,12,4,1,0,94,0,5,77,2,10,0,25,14,8,2,1,0,11,35,13,5,8,0,0,9,13,7,6,5,5,5,0,0,0,2
2021,"Bromley 033","E02000159",7121,6697,4178,1413,885,10,11,30,16,13,1,1,0,11,128,424,0,0,0,0,41,6,195,150,12,8,28,12,13,18,12,20,13,14,45,8,37,31,0,21,2,7,12,10,0,3,4,2,1,126,1,0,1,0,0,12,3,7,2,0,71,0,7,45,10,9,0,37,33,2,1,1,0,5,15,6,3,3,0,0,8,1,0,1,6,6,5,1,0,0,4
2021,"Bromley 034","E02000160",8105,7644,4678,1640,1075,23,14,28,9,13,2,0,0,19,143,461,0,0,0,0,84,8,257,190,25,9,29,6,11,24,21,19,19,27,67,9,58,24,2,18,4,8,6,4,0,0,2,0,2,63,3,1,0,0,2,10,4,0,4,2,32,2,1,22,2,3,2,13,7,1,1,4,0,5,14,8,2,6,0,0,4,2,2,0,7,7,6,1,0,0,4
2021,"Bromley 035","E02000161",8700,7984,4951,1547,1088,14,11,40,8,6,6,0,0,13,300,716,0,0,0,0,49,15,204,153,13,8,29,12,12,10,10,29,19,11,51,5,46,28,1,12,0,11,1,15,1,0,11,2,1,363,1,0,1,0,0,104,81,8,9,6,221,1,0,198,9,8,5,23,6,12,4,1,0,14,32,13,2,11,0,0,16,3,1,2,16,16,11,5,0,0,9
2021,"Bromley 036","E02000162",7114,6604,4008,1411,970,13,5,26,5,9,1,0,0,4,152,510,0,0,1,0,37,14,185,133,6,12,7,16,3,26,5,10,25,23,52,9,43,41,1,35,3,27,5,5,0,0,1,1,3,187,9,4,0,0,5,26,22,2,2,0,103,0,3,82,8,6,4,43,40,0,2,1,0,6,29,18,4,14,0,0,3,8,7,1,10,10,6,4,0,0,6
2021,"Bromley 037","E02000163",7720,7216,4319,1527,1059,6,6,32,20,7,8,0,0,20,212,504,0,0,0,0,33,5,199,141,11,7,18,9,13,30,5,18,19,11,58,6,52,14,3,6,0,4,2,5,1,0,4,0,0,201,4,0,3,0,1,55,36,8,11,0,115,0,1,103,4,7,0,18,5,12,0,1,0,9,28,13,2,11,0,0,13,2,0,2,17,17,10,7,0,0,7
2021,"Bromley 039","E02000165",7175,6946,4090,1643,1052,25,7,27,10,9,5,0,0,8,70,229,0,0,0,0,30,3,136,96,9,4,8,18,1,9,2,10,12,23,40,0,40,16,0,10,4,6,0,6,1,1,1,2,1,23,2,2,0,0,0,7,6,0,1,0,8,1,1,3,0,2,1,5,4,0,0,1,0,1,13,4,0,4,0,0,5,4,2,2,4,4,3,1,0,0,4
2021,"Camden 001","E02000166",7750,6520,4735,614,640,35,11,49,33,15,9,2,0,16,361,1230,0,0,0,0,128,34,647,443,90,36,59,27,40,94,10,28,10,49,204,7,197,56,14,17,0,7,10,25,0,8,2,1,14,131,28,7,4,0,17,38,7,9,16,6,36,2,18,11,1,2,2,27,16,2,4,5,0,2,146,106,28,78,0,7,24,9,3,6,64,64,51,13,0,0,24
2021,"Camden 002","E02000167",7200,5246,3673,383,489,18,20,32,25,14,3,2,0,19,568,1954,0,0,0,0,95,25,917,687,153,75,128,20,49,160,6,36,18,42,230,23,207,46,8,6,0,4,2,32,4,0,22,3,3,281,77,13,8,1,55,112,26,3,68,15,40,2,0,38,0,0,0,47,23,6,10,8,1,4,428,364,42,319,3,2,58,4,1,3,109,109,85,24,0,0,53
2021,"Camden 003","E02000168",7816,6293,4534,538,616,29,23,52,32,20,14,1,0,28,406,1523,0,0,0,0,156,30,836,615,179,41,113,22,44,95,5,22,35,59,221,15,206,76,11,16,3,4,9,49,2,11,18,3,15,148,22,1,8,1,12,35,6,6,18,5,41,1,19,20,0,1,0,42,16,12,10,4,3,5,175,134,42,92,0,6,30,5,3,2,66,66,51,15,0,0,36
2021,"Camden 004","E02000169",7174,4953,3581,361,383,10,7,21,17,17,6,1,0,15,534,2221,0,0,0,0,69,13,1047,787,146,59,127,29,55,184,17,50,28,92,260,39,221,59,9,10,1,5,4,40,0,1,32,1,6,485,146,0,39,0,107,179,73,6,83,17,103,1,1,91,8,2,0,54,22,11,8,13,2,1,424,361,29,331,1,14,46,3,2,1,66,66,56,10,0,0,58
2021,"Camden 005","E02000170",7913,5797,4123,401,546,28,12,22,19,15,3,1,0,10,617,2116,0,0,0,0,149,15,1142,949,198,69,224,42,88,147,11,71,43,56,193,19,174,103,28,28,3,17,8,47,2,13,22,0,10,343,98,3,29,7,59,73,30,1,28,14,74,2,8,51,5,6,2,78,52,10,7,9,2,18,237,150,36,113,1,14,62,11,2,9,106,106,79,27,0,0,21
2021,"Camden 006","E02000171",7395,5756,4132,475,516,21,9,48,24,9,4,1,0,24,493,1639,0,0,0,0,106,27,894,681,195,40,125,28,52,135,5,31,10,60,213,24,189,64,5,19,9,3,7,40,2,5,13,3,17,192,40,1,10,1,28,70,27,5,32,6,42,0,14,20,5,3,0,33,16,5,5,7,1,6,224,163,28,133,2,13,42,6,1,5,88,88,68,20,0,0,44
2021,"Camden 007","E02000172",10004,8093,6019,794,650,26,14,44,13,21,8,3,0,28,473,1911,0,0,0,0,175,29,958,788,197,56,120,75,82,135,16,41,17,49,170,18,152,157,26,52,9,13,30,79,3,32,6,2,36,301,52,12,22,1,17,80,39,14,22,5,109,6,61,21,12,5,4,49,20,8,6,15,4,7,209,103,25,76,2,30,62,14,3,11,46,46,34,12,0,0,36
2021,"Camden 008","E02000173",7489,4896,3390,357,418,14,10,33,15,17,2,1,0,19,620,2593,0,0,1,0,106,16,1211,974,169,89,183,47,102,201,9,48,27,99,237,38,199,75,25,18,3,9,6,32,0,2,28,0,2,686,116,0,10,1,105,265,87,7,133,38,175,1,11,142,14,4,3,116,58,16,12,30,5,9,349,266,36,223,7,12,65,6,1,5,88,88,65,23,0,0,61
2021,"Camden 009","E02000174",8086,6397,4706,567,550,25,15,38,16,23,1,1,1,15,439,1689,0,0,0,0,165,33,933,713,189,52,115,43,88,109,27,18,21,51,220,13,207,96,13,28,1,6,21,55,2,19,7,0,27,190,23,2,6,0,15,64,30,1,26,7,69,3,29,31,3,3,0,29,12,5,2,10,0,5,171,118,30,88,0,7,46,0,0,0,61,61,40,21,0,0,40
2021,"Camden 010","E02000175",9072,6505,4620,449,685,37,15,45,25,6,5,0,0,17,601,2567,0,0,1,0,174,33,1279,1065,227,55,209,66,118,189,19,47,46,89,214,13,201,122,30,19,7,9,3,73,1,10,33,4,25,509,127,6,52,4,65,193,42,14,107,30,105,8,12,74,10,0,1,75,30,18,11,16,2,7,261,189,47,139,3,4,61,7,4,3,125,125,96,28,1,0,63
2021,"Camden 011","E02000176",5920,3883,2646,299,324,16,13,30,14,16,2,0,0,6,517,2037,0,0,0,0,89,16,1056,848,247,84,137,27,68,141,13,46,13,72,208,16,192,50,8,15,2,3,10,27,2,5,18,0,2,331,73,2,13,0,58,113,36,8,56,13,81,1,9,64,6,1,0,55,9,19,10,17,6,3,354,282,63,219,0,13,54,5,1,4,88,87,64,23,0,1,53
2021,"Camden 012","E02000177",8490,6724,4996,648,514,25,7,51,15,19,7,2,0,17,423,1766,0,0,1,0,146,18,901,695,121,43,104,66,86,128,8,46,20,73,206,22,184,132,27,45,4,11,30,60,4,28,9,2,17,245,36,5,5,0,26,63,25,5,22,11,81,1,43,27,5,2,3,54,28,13,5,8,5,6,192,113,23,90,0,10,61,8,5,3,82,82,51,31,0,0,49
2021,"Camden 013","E02000178",8905,6391,4739,515,521,17,9,45,26,30,2,3,0,15,469,2514,0,0,0,0,213,38,1262,1073,144,51,241,78,153,200,20,64,47,75,189,17,172,185,41,53,7,23,23,91,2,28,38,5,18,432,148,7,59,8,74,90,37,12,31,10,88,7,30,38,11,1,1,100,74,9,3,14,2,4,217,128,37,90,1,3,68,18,3,15,101,100,73,27,0,1,66
2021,"Camden 014","E02000179",5752,4317,3157,289,377,20,4,23,17,9,5,2,0,3,411,1435,0,0,0,0,55,11,715,526,123,57,85,29,32,119,5,23,12,41,189,2,187,72,4,22,2,7,13,46,0,19,12,1,14,277,53,0,15,1,37,114,22,12,59,21,48,5,7,28,3,5,0,56,19,21,12,4,5,1,224,162,30,131,1,12,43,7,1,6,51,51,36,15,0,0,30
2021,"Camden 015","E02000180",7882,6055,4501,460,503,26,12,46,29,14,11,0,0,22,431,1827,0,0,0,0,111,18,1009,826,138,72,137,76,83,164,12,48,26,70,183,23,160,103,25,25,4,9,12,53,0,22,14,1,16,283,39,2,7,3,27,93,52,13,17,11,94,4,43,41,2,0,4,49,22,11,7,9,2,6,168,100,22,77,1,2,57,9,5,4,80,80,52,28,0,0,55
2021,"Camden 016","E02000181",8076,5561,3796,428,501,17,15,47,23,28,3,4,1,16,682,2515,0,0,1,0,143,17,1345,1093,316,59,171,46,77,241,17,35,34,97,252,40,212,79,15,16,3,12,1,48,0,5,38,1,4,449,116,5,13,4,94,161,53,10,71,27,113,3,4,99,5,1,1,51,18,10,12,11,2,6,283,195,47,146,2,15,65,8,2,6,124,124,90,34,0,0,74
2021,"Camden 017","E02000182",7116,4690,3538,302,307,15,8,23,12,11,3,1,0,12,458,2426,0,0,0,0,47,4,940,743,161,50,165,39,70,132,15,27,19,65,197,31,166,85,24,20,4,13,3,41,0,7,17,0,17,885,120,1,46,1,72,548,72,21,411,44,131,2,14,98,15,1,1,68,17,21,9,21,4,14,362,272,43,227,2,9,65,16,1,15,51,51,40,11,0,0,52
2021,"Camden 018","E02000183",7592,5680,4044,505,520,20,13,46,32,21,10,1,0,20,448,1912,0,0,1,0,147,25,856,687,158,72,115,40,65,148,10,32,9,38,169,15,154,58,15,14,2,5,7,29,1,4,16,0,8,262,43,6,3,0,34,99,49,4,39,7,62,2,11,36,9,3,1,56,26,20,9,1,0,2,404,318,65,253,0,11,63,12,2,10,107,107,96,11,0,0,52
2021,"Camden 019","E02000184",8909,6492,4773,534,566,21,23,35,25,17,7,0,0,25,466,2417,0,0,0,0,117,28,1173,953,186,69,164,86,110,149,20,58,39,72,220,25,195,126,23,45,7,12,26,58,1,23,9,0,25,589,34,2,13,4,15,317,231,36,28,22,119,9,47,46,13,2,2,102,28,32,17,25,2,15,254,145,33,111,1,12,94,3,1,2,70,70,52,17,1,0,60
2021,"Camden 020","E02000185",8886,6581,5145,485,421,16,11,34,12,10,3,0,1,8,435,2305,0,0,0,0,170,23,1095,893,127,30,178,65,86,195,23,65,38,86,202,22,180,219,65,61,17,23,21,93,3,38,14,0,38,483,157,6,53,21,77,96,41,15,28,12,105,11,34,42,11,4,3,109,84,13,3,9,0,16,212,106,18,88,0,5,68,33,9,24,51,51,31,20,0,0,52
2021,"Camden 021","E02000186",6225,4464,3166,369,428,24,5,43,18,6,4,0,0,17,384,1761,0,0,0,0,79,11,902,716,125,41,95,52,87,151,10,45,25,85,186,30,156,104,30,34,2,15,17,40,0,15,16,0,9,367,66,9,16,1,40,118,67,12,25,14,82,2,24,52,4,0,0,90,26,24,20,20,7,4,191,141,33,108,0,9,31,10,1,9,65,65,45,20,0,0,42
2021,"Camden 022","E02000187",9788,7449,5886,561,458,24,10,32,13,14,8,0,0,20,423,2339,0,0,0,0,94,17,874,720,119,40,115,85,68,126,14,49,32,72,154,21,133,170,33,46,10,14,22,91,4,30,9,6,42,902,50,5,16,3,26,418,273,48,47,50,240,7,102,74,54,3,0,171,32,62,44,33,18,5,211,133,32,101,0,12,53,13,3,10,31,31,23,8,0,0,40
2021,"Camden 023","E02000188",7174,5565,4464,416,316,17,11,26,5,10,4,1,0,1,294,1609,0,0,0,0,58,19,747,646,109,31,112,64,83,96,29,42,31,49,101,8,93,100,17,45,11,11,23,38,1,20,3,0,14,545,31,2,4,1,24,226,173,12,18,23,128,14,81,24,4,2,3,147,76,34,21,16,2,11,96,38,11,27,0,8,41,9,3,6,15,13,7,6,0,2,29
2021,"Camden 026","E02000191",5337,3183,2103,229,363,28,15,14,19,10,3,0,0,9,390,2154,0,0,0,0,69,20,996,832,194,59,101,42,99,156,9,43,21,108,164,41,123,47,20,9,1,5,3,18,0,2,5,1,10,757,47,2,7,0,38,341,246,43,22,30,123,1,23,89,10,0,0,221,77,63,61,20,5,20,159,112,25,84,3,10,31,6,2,4,38,38,24,14,0,0,68
2021,"Camden 027","E02000192",6663,5005,3795,423,322,17,11,34,15,20,4,0,0,12,352,1658,0,0,0,0,94,10,789,631,107,51,117,42,65,139,11,30,12,57,158,17,141,91,14,26,3,11,12,51,3,11,9,0,28,412,25,0,2,0,23,159,99,20,17,23,118,2,66,37,7,2,4,107,21,44,21,21,1,2,175,124,32,92,0,8,41,2,2,0,58,58,41,17,0,0,29
2021,"Camden 028","E02000193",5957,3836,2632,384,357,28,9,31,19,17,6,0,0,16,337,2121,0,0,0,0,62,17,921,727,155,58,147,24,65,129,15,32,25,77,194,21,173,89,29,25,5,6,14,35,0,6,7,2,20,658,63,1,14,1,47,325,241,23,18,43,98,1,14,70,11,2,0,159,41,52,41,25,10,3,250,177,26,151,0,13,45,15,0,15,61,61,49,12,0,0,63
2021,"Croydon 001","E02000194",9209,7591,5633,698,673,30,14,49,26,23,11,3,3,15,413,1618,0,0,0,0,116,22,866,685,60,29,124,88,69,71,19,121,37,67,181,4,177,179,15,121,52,39,30,43,1,3,6,3,30,180,45,4,4,0,37,28,8,3,14,3,65,3,1,35,17,9,0,40,11,4,2,23,1,1,183,48,9,38,1,2,65,68,46,22,34,34,16,17,1,0,38
2021,"Croydon 002","E02000195",9647,7973,6467,545,508,11,3,20,12,8,3,0,0,9,387,1674,0,0,1,0,126,12,896,785,27,16,143,117,106,74,22,131,60,89,111,6,105,142,11,95,29,27,39,36,5,4,2,1,24,272,14,5,6,0,3,21,12,3,3,3,190,26,6,96,54,6,2,38,16,1,5,16,1,8,175,28,7,21,0,1,73,73,49,24,14,14,6,8,0,0,36
2021,"Croydon 003","E02000196",7918,6297,5130,439,392,8,3,9,7,6,5,0,0,3,295,1621,0,1,0,0,52,10,1007,941,36,21,95,101,69,49,38,330,98,104,66,3,63,150,11,99,39,22,38,40,3,6,1,6,24,234,5,2,2,0,1,15,6,0,6,3,184,8,8,92,61,12,3,19,10,4,0,5,0,11,145,5,0,5,0,4,71,65,48,17,9,9,7,2,0,0,13
2021,"Croydon 004","E02000197",9025,6949,5659,492,383,13,5,22,4,8,4,0,0,13,346,2076,0,0,0,0,62,11,1261,1170,25,22,127,170,107,47,30,403,89,150,91,8,83,155,13,109,42,34,33,33,3,0,6,3,21,353,17,4,3,4,6,23,13,2,6,2,272,21,20,129,82,14,6,30,16,8,0,6,2,9,194,16,3,13,0,2,100,76,54,22,6,6,5,1,0,0,34
2021,"Croydon 005","E02000198",8889,6851,5514,501,443,11,4,8,6,10,1,1,0,12,340,2038,0,0,0,0,80,20,1141,1033,38,21,158,216,94,102,19,141,128,116,108,3,105,323,14,251,122,55,74,58,1,11,8,7,31,178,2,1,1,0,0,22,11,3,8,0,119,17,5,37,37,20,3,21,9,3,0,9,0,14,258,14,3,11,0,6,105,133,84,49,9,9,4,5,0,0,29
2021,"Croydon 006","E02000199",8410,6719,5423,530,411,18,4,17,4,6,3,0,0,7,296,1691,0,0,0,0,83,14,956,872,54,35,124,148,95,51,17,150,113,85,84,8,76,243,7,190,85,50,55,46,1,8,6,6,25,150,7,1,2,1,3,13,12,0,1,0,107,17,5,27,41,17,0,16,7,3,2,4,0,7,224,15,3,12,0,3,76,130,89,41,8,8,6,2,0,0,13
2021,"Croydon 007","E02000200",9042,7210,5538,638,559,25,17,40,10,14,2,2,0,7,358,1832,0,0,0,0,72,12,1065,880,55,28,126,140,144,57,26,129,90,85,185,70,115,285,12,207,90,75,42,66,3,6,11,14,32,147,11,2,2,5,2,13,3,2,8,0,86,6,8,26,34,12,0,26,6,4,1,15,1,10,184,20,3,17,0,4,77,83,61,22,18,18,10,7,1,0,49
2021,"Croydon 008","E02000201",8691,6992,5457,690,488,11,5,32,7,9,2,1,0,4,286,1699,0,0,0,0,69,11,915,821,47,22,107,150,111,47,27,133,80,97,94,9,85,334,11,206,68,66,72,117,2,46,7,7,55,137,10,5,4,1,0,17,9,1,7,0,85,14,5,24,21,21,0,16,8,2,0,6,0,9,186,21,7,14,0,0,57,108,78,30,19,18,8,10,0,1,28
2021,"Croydon 009","E02000202",8933,6679,5708,340,320,5,2,4,4,6,2,1,0,6,281,2254,0,0,0,0,50,8,1106,1015,28,57,101,133,147,69,33,207,144,96,91,2,89,259,20,175,89,44,42,64,3,9,3,13,36,567,8,1,4,1,2,25,18,0,6,1,448,32,14,190,138,68,6,42,25,2,0,15,0,44,229,12,3,9,0,3,93,121,86,35,6,6,2,4,0,0,29
2021,"Croydon 010","E02000203",7965,5822,4787,431,320,12,2,10,9,7,1,0,3,6,234,2143,0,0,0,0,38,16,1206,1061,109,34,110,205,90,63,32,180,153,85,145,16,129,349,14,256,132,61,63,79,3,12,5,2,57,312,19,8,2,1,8,17,8,4,3,2,230,12,13,106,72,25,2,33,12,2,0,19,0,13,189,10,3,7,0,2,66,111,79,32,5,5,3,2,0,0,28
2021,"Croydon 011","E02000204",9663,7342,6320,359,296,7,3,3,4,3,0,0,0,6,341,2321,0,0,0,0,59,6,1055,997,40,43,130,172,85,69,27,192,155,84,58,8,50,273,19,169,86,35,48,85,1,16,5,4,59,698,23,10,8,1,4,20,8,4,7,1,581,57,15,272,163,72,2,42,31,3,0,8,1,31,193,8,2,6,0,13,60,112,71,41,7,7,4,3,0,0,30
2021,"Croydon 013","E02000206",10818,8345,6626,707,558,14,4,15,9,20,6,1,0,40,345,2473,0,0,0,0,75,17,1278,1187,65,34,118,189,122,102,37,176,199,145,91,8,83,415,16,297,154,74,69,102,7,8,13,7,67,362,27,10,4,6,7,43,30,2,8,3,233,27,14,96,57,36,3,41,24,4,1,12,1,17,274,24,3,21,0,1,64,185,133,52,18,11,8,3,0,7,34
2021,"Croydon 014","E02000207",8904,7487,5610,809,648,19,8,32,5,11,2,0,0,16,327,1417,0,0,0,0,77,14,701,633,46,13,73,93,54,49,23,125,74,83,68,11,57,316,9,262,97,124,41,45,3,0,6,8,28,146,10,7,3,0,0,29,15,2,8,4,88,14,2,41,22,9,0,15,5,1,0,9,0,4,130,12,4,8,0,0,34,84,57,27,10,10,7,3,0,0,23
2021,"Croydon 015","E02000208",10853,8135,6797,469,454,2,2,13,2,6,0,0,0,5,385,2718,0,0,0,0,36,8,1250,1149,65,31,158,131,125,141,26,171,178,123,101,10,91,403,31,256,102,75,79,116,2,23,5,12,74,756,30,19,6,0,5,17,13,1,2,1,636,31,22,370,135,74,4,46,37,3,0,6,0,27,219,9,0,9,0,5,59,146,112,34,11,11,7,4,0,0,35
2021,"Croydon 016","E02000209",9068,6699,5715,353,272,10,6,6,2,2,1,0,0,1,331,2369,0,0,0,0,18,2,1057,1003,65,83,120,119,49,94,28,148,180,117,54,1,53,229,8,143,80,33,30,78,2,9,0,11,56,916,21,6,9,2,4,40,38,1,0,1,683,22,9,331,74,231,16,38,18,17,2,1,0,134,122,14,6,7,1,1,29,78,58,20,1,1,1,0,0,0,24
2021,"Croydon 017","E02000210",8706,7085,5200,826,646,16,10,18,8,17,7,1,0,2,334,1621,0,0,0,0,77,11,957,878,41,21,59,88,99,57,29,179,218,87,79,10,69,178,10,119,27,49,43,49,1,0,2,8,38,221,11,7,3,0,1,18,14,0,4,0,161,15,6,58,44,35,3,15,2,3,1,9,0,16,142,32,8,24,0,0,45,65,42,23,17,17,11,6,0,0,18
2021,"Croydon 018","E02000211",8264,7565,5139,1284,852,13,8,19,11,6,4,0,0,10,219,699,0,0,0,0,74,7,333,262,23,8,24,32,15,30,24,34,45,27,71,12,59,81,9,37,11,18,8,35,0,0,9,5,21,130,4,4,0,0,0,20,13,4,0,3,91,2,1,44,24,20,0,7,2,0,2,3,0,8,48,8,5,3,0,2,21,17,9,8,13,13,8,5,0,0,13
2021,"Croydon 019","E02000212",9459,7000,5777,472,373,5,5,6,7,2,1,0,0,15,337,2459,0,0,0,0,105,7,1037,984,41,29,127,135,67,101,15,208,173,88,53,4,49,282,15,177,84,44,49,90,3,10,4,15,58,882,12,5,1,2,4,27,18,5,2,2,716,42,14,401,103,148,8,62,40,6,2,14,0,65,114,1,0,1,0,1,30,82,62,20,5,5,1,4,0,0,27
2021,"Croydon 020","E02000213",12801,8981,7174,623,623,14,3,24,7,10,5,1,0,22,475,3820,0,0,0,0,75,10,1841,1674,122,55,243,211,159,158,34,269,270,153,167,16,151,549,28,368,146,116,106,153,10,8,21,33,81,951,51,20,14,11,6,45,25,9,8,3,782,27,27,482,171,66,9,52,25,9,2,16,0,21,316,21,1,16,4,2,145,148,114,34,20,20,16,4,0,0,58
2021,"Croydon 021","E02000214",6242,5474,3940,752,483,18,3,22,6,15,3,0,0,6,226,768,0,0,0,0,102,9,387,316,29,7,34,32,17,35,14,45,59,44,71,21,50,57,3,31,9,11,11,23,3,2,10,2,6,150,5,0,2,1,2,9,4,0,3,2,109,13,4,40,30,22,0,17,6,5,0,6,0,10,38,7,1,6,0,3,8,20,17,3,14,14,7,6,1,0,11
2021,"Croydon 022","E02000215",11829,8722,6472,895,789,20,10,29,9,17,4,2,1,20,454,3107,0,0,0,0,100,19,1705,1500,69,34,184,139,108,118,45,284,303,216,205,23,182,329,34,208,86,71,51,87,2,15,16,6,48,697,44,12,19,4,9,44,18,10,10,6,560,13,20,398,64,60,5,29,16,4,1,8,2,18,183,32,13,19,0,2,61,88,56,32,27,27,15,12,0,0,47
2021,"Croydon 023","E02000216",7161,5459,4063,455,463,13,9,17,9,16,2,0,0,5,407,1702,0,0,0,0,47,8,647,577,27,27,61,44,56,56,34,101,107,64,70,11,59,120,10,71,23,32,16,39,1,9,7,4,18,711,42,6,23,7,6,35,18,2,11,4,592,11,6,517,31,27,0,25,7,8,3,7,0,17,138,21,5,16,0,0,71,46,29,17,9,9,5,4,0,0,22
2021,"Croydon 024","E02000217",11925,8918,6661,889,753,21,14,23,14,7,3,1,0,16,516,3007,0,0,0,0,93,14,1771,1603,61,28,153,186,105,107,54,397,268,244,168,18,150,372,26,255,101,67,87,91,3,4,15,16,53,505,19,4,11,3,1,77,61,3,5,8,331,9,6,204,44,67,1,44,11,12,0,21,1,33,205,27,10,17,0,3,75,100,61,39,11,11,5,6,0,0,36
2021,"Croydon 025","E02000218",6674,5930,4343,821,524,9,7,18,6,8,1,1,0,8,184,744,0,0,0,0,44,4,376,321,30,11,28,45,22,68,15,29,34,39,55,15,40,116,3,78,31,22,25,35,2,3,0,0,30,131,7,5,2,0,0,18,11,7,0,0,75,6,4,27,17,21,0,13,4,3,1,5,0,18,64,9,5,4,0,0,7,48,36,12,1,1,1,0,0,0,8
2021,"Croydon 026","E02000219",7631,7042,4842,1110,763,18,8,27,5,7,7,0,0,7,248,589,0,0,0,0,57,7,326,284,19,26,28,25,27,28,8,36,57,30,42,6,36,39,2,25,7,14,4,12,0,0,3,2,7,112,4,2,0,1,1,16,11,4,1,0,59,6,4,31,10,8,0,23,8,7,4,4,1,9,31,5,3,2,0,0,5,21,17,4,13,13,8,5,0,0,4
2021,"Croydon 028","E02000221",10859,9140,7086,878,765,7,7,21,16,13,3,0,0,8,336,1719,0,0,0,0,46,4,892,789,53,24,86,115,53,55,37,170,103,93,103,18,85,229,13,152,61,46,45,64,5,4,3,8,44,384,17,9,6,0,2,42,25,11,4,2,256,23,16,136,37,40,4,44,10,13,2,19,1,24,135,25,7,18,0,0,30,80,61,19,12,12,3,9,0,0,17
2021,"Croydon 029","E02000222",8351,7034,5067,811,763,20,16,26,16,12,5,0,0,19,279,1317,0,0,0,0,69,12,777,708,75,27,82,83,57,44,15,155,99,71,69,1,68,140,9,80,30,24,26,51,5,3,12,9,22,194,24,12,5,3,4,27,11,7,6,3,109,2,2,64,16,22,3,28,7,10,1,10,0,6,90,26,10,16,0,0,36,28,18,10,23,23,20,3,0,0,12
2021,"Croydon 030","E02000223",8529,7453,5492,882,846,10,3,12,4,6,3,0,0,3,192,1076,0,0,0,0,47,3,488,447,64,44,37,46,18,71,11,91,20,45,41,16,25,305,6,220,71,80,69,79,3,17,0,11,48,103,12,11,1,0,0,8,2,0,4,2,70,17,10,21,8,14,0,7,5,2,0,0,0,6,111,3,1,2,0,0,12,96,74,22,3,3,2,1,0,0,16
2021,"Croydon 031","E02000224",8047,6692,4697,785,792,13,6,29,16,12,3,1,0,15,323,1355,0,0,0,0,95,19,705,613,39,15,54,67,27,40,22,143,93,113,92,12,80,160,4,103,34,36,33,53,5,0,10,5,33,248,21,9,8,0,4,27,13,3,4,7,161,8,9,74,34,35,1,26,12,6,0,8,8,5,90,24,8,16,0,8,31,27,21,6,19,19,10,9,0,0,19
2021,"Croydon 032","E02000225",7497,6721,4532,1248,772,4,1,17,9,2,1,0,0,3,132,776,0,0,0,0,60,6,383,354,23,19,45,51,5,40,6,71,49,45,29,7,22,158,11,115,46,38,31,32,1,5,4,5,17,101,0,0,0,0,0,9,1,5,2,1,57,6,2,25,5,16,3,11,5,2,0,4,0,24,52,1,1,0,0,1,20,30,18,12,7,7,5,2,0,0,9
2021,"Croydon 033","E02000226",7619,6966,4643,1200,762,22,6,31,14,12,5,0,0,8,263,653,0,0,0,0,61,16,269,229,25,7,18,31,15,15,14,30,43,31,40,1,39,47,1,38,12,19,7,8,0,0,1,0,7,194,18,2,8,6,2,66,30,18,4,14,90,2,4,60,14,9,1,16,1,4,3,8,1,3,48,11,2,6,3,0,13,24,14,10,14,14,10,4,0,0,4
2021,"Croydon 034","E02000227",11678,10650,6949,1974,1355,19,9,37,18,13,3,0,0,16,257,1028,0,0,0,0,51,13,526,463,28,21,49,62,37,54,9,90,47,66,63,8,55,182,3,118,51,32,35,61,2,9,11,5,34,166,15,5,7,0,3,25,14,0,8,3,101,16,9,32,25,19,0,21,10,4,0,7,0,4,65,13,5,8,0,1,11,40,31,9,9,9,6,3,0,0,16
2021,"Croydon 035","E02000228",7952,7424,4985,1196,910,30,8,25,18,15,9,0,0,20,208,528,0,0,0,0,79,15,212,173,21,11,27,9,15,41,0,21,6,22,39,2,37,52,3,33,17,8,8,16,1,0,7,5,3,114,7,4,3,0,0,26,6,0,7,13,61,4,3,43,3,8,0,9,4,2,0,3,0,11,30,14,3,11,0,0,11,5,3,2,17,17,12,5,0,0,9
2021,"Croydon 036","E02000229",6235,5656,3776,1035,713,8,1,8,5,7,4,0,0,4,95,579,0,0,0,0,17,1,302,277,12,18,42,37,17,31,8,51,28,33,25,4,21,146,4,106,45,39,22,36,1,2,4,10,19,58,3,3,0,0,0,1,0,1,0,0,41,3,1,17,6,14,0,6,2,0,0,4,0,7,50,1,0,1,0,0,9,40,31,9,2,2,0,2,0,0,3
2021,"Croydon 037","E02000230",10500,9170,6561,1063,1050,27,18,41,28,12,5,1,0,10,354,1330,0,0,0,0,97,27,677,588,42,23,78,57,53,76,6,97,81,75,89,20,69,147,7,76,17,33,26,64,3,2,15,13,31,273,22,1,13,4,4,49,20,6,21,2,144,16,2,66,39,21,0,38,13,8,3,14,0,20,74,19,9,8,2,0,17,38,20,18,17,17,11,6,0,0,18
2021,"Croydon 038","E02000231",7928,7151,5280,765,754,15,7,32,13,10,2,0,0,15,258,777,0,0,0,0,67,15,322,264,20,9,34,19,29,28,2,32,39,52,58,2,56,80,8,30,10,9,11,42,1,2,14,14,11,221,32,9,16,2,5,28,14,3,10,1,122,7,1,78,20,14,2,25,10,4,6,5,0,14,53,21,6,15,0,0,17,15,8,7,15,12,10,2,0,3,4
2021,"Croydon 039","E02000232",6194,5852,3782,1129,750,17,7,17,11,4,0,0,0,19,116,342,0,0,0,0,33,14,156,124,10,3,18,8,11,21,0,27,18,8,32,5,27,22,3,10,4,3,3,9,0,0,1,1,7,92,5,0,3,1,1,18,15,1,2,0,60,2,0,36,10,12,0,2,0,2,0,0,0,7,12,3,0,3,0,0,0,9,5,4,6,6,4,2,0,0,7
2021,"Croydon 040","E02000233",6365,5701,4014,770,679,16,5,19,11,8,2,0,0,12,165,664,0,0,0,0,55,10,327,280,16,15,30,25,18,28,11,64,34,39,47,5,42,55,5,36,11,14,11,14,0,1,5,1,7,129,22,9,8,3,2,16,9,3,4,0,76,7,4,42,17,6,0,11,4,1,2,4,0,4,50,17,8,9,0,0,9,24,17,7,17,17,10,7,0,0,21
2021,"Croydon 041","E02000234",9445,8541,5977,1202,947,24,21,37,16,14,8,1,0,23,271,904,0,0,0,0,80,12,419,329,20,9,35,26,37,49,22,59,23,49,90,9,81,105,4,65,26,12,27,36,2,0,12,9,13,175,12,6,1,2,3,37,21,4,4,8,92,11,2,51,15,13,0,20,3,5,3,9,2,12,82,18,6,12,0,2,37,25,20,5,20,20,13,7,0,0,11
2021,"Croydon 042","E02000235",6900,6397,4251,1052,810,18,5,26,17,11,5,0,1,12,189,503,0,1,0,0,62,13,239,196,16,13,21,8,21,19,6,40,18,34,43,3,40,51,4,31,4,10,17,16,0,0,10,0,6,88,3,0,1,0,2,8,1,1,4,2,50,11,2,24,6,7,0,8,3,0,1,4,1,18,27,10,3,7,0,1,9,7,5,2,21,21,11,10,0,0,1
2021,"Croydon 043","E02000236",9126,8447,5658,1333,1018,18,9,36,18,16,0,3,0,21,317,679,0,0,0,0,83,20,276,214,11,15,17,20,19,27,14,27,19,45,62,7,55,57,7,27,18,1,8,23,0,0,7,6,10,165,4,1,1,2,0,27,17,1,5,4,105,11,0,78,4,12,0,14,3,7,1,3,6,9,52,21,5,16,0,2,19,10,6,4,15,15,14,1,0,0,11
2021,"Croydon 044","E02000237",7603,7150,4491,1370,1036,19,8,32,12,12,2,0,0,20,148,453,0,0,0,0,69,28,215,174,11,12,14,20,20,20,7,32,18,20,41,5,36,39,2,22,5,5,12,15,1,1,4,2,7,60,8,2,3,0,3,7,3,0,1,3,33,3,3,16,6,5,0,8,1,4,0,3,0,4,30,9,3,6,0,2,5,14,13,1,9,9,8,1,0,0,3
2021,"Ealing 001","E02000238",10711,7596,6011,682,379,7,4,11,8,9,3,1,0,7,474,3115,0,0,0,0,157,12,1821,1694,39,34,69,119,34,100,44,826,304,125,127,4,123,144,34,51,17,18,16,59,4,20,9,3,23,831,110,7,14,18,71,43,11,3,23,6,544,24,2,208,70,120,120,48,20,11,10,7,0,86,95,12,7,5,0,1,26,56,21,35,16,16,13,3,0,0,39
2021,"Ealing 002","E02000239",9042,6504,5245,447,299,11,9,6,6,12,4,0,0,7,458,2538,0,0,0,0,125,16,1663,1560,24,6,82,98,25,49,29,763,349,135,103,3,100,49,12,23,8,5,10,14,5,1,3,0,5,612,62,3,10,8,41,21,17,1,3,0,420,26,8,195,43,90,58,32,15,11,3,3,5,72,53,11,2,9,0,0,23,19,9,10,8,8,5,3,0,0,12
2021,"Ealing 003","E02000240",11215,8410,6571,852,504,6,12,9,7,14,4,0,0,6,425,2805,0,0,0,0,121,7,1464,1331,27,31,57,112,51,98,43,506,280,126,133,1,132,160,28,62,22,20,20,70,2,28,2,3,35,955,72,10,12,14,36,44,12,2,24,6,726,93,15,135,67,97,319,46,10,23,1,12,0,67,65,17,3,14,0,0,13,35,25,10,8,7,5,2,0,1,25
2021,"Ealing 004","E02000241",7394,5280,4010,614,321,8,3,10,3,8,1,0,0,4,298,2114,0,0,0,0,101,13,1178,1074,29,20,48,84,18,92,44,465,181,93,104,9,95,106,11,28,5,12,11,67,5,21,3,0,38,643,66,6,6,16,38,41,24,3,10,4,471,52,3,135,22,104,155,25,12,7,0,6,0,40,54,16,8,8,0,0,21,17,10,7,4,3,1,2,0,1,15
2021,"Ealing 005","E02000242",6884,4943,4108,277,182,5,3,9,0,4,1,0,0,0,354,1941,0,0,0,0,66,6,1182,1126,34,12,46,128,26,60,7,540,176,97,56,1,55,33,19,7,0,2,5,7,0,2,1,0,4,598,107,3,11,31,62,21,5,0,16,0,379,17,4,195,19,129,15,38,17,15,1,5,0,53,39,5,3,2,0,0,14,20,8,12,7,6,6,0,0,1,10
2021,"Ealing 006","E02000243",8723,6286,4969,598,275,7,4,10,6,12,1,0,0,2,402,2437,0,0,0,0,141,10,1613,1508,20,13,55,42,36,79,54,859,210,140,105,0,105,96,25,33,7,6,20,38,6,17,3,0,12,464,133,5,8,42,78,14,7,0,5,2,265,32,19,122,41,37,14,17,8,4,0,5,1,34,79,12,6,6,0,2,28,37,15,22,5,3,2,1,0,2,29
2021,"Ealing 007","E02000244",7900,5527,4387,401,263,9,3,8,7,6,2,0,0,2,439,2373,0,0,0,0,117,10,1612,1489,36,11,80,94,79,102,37,781,149,120,123,4,119,103,34,18,7,2,9,51,2,17,6,0,26,413,167,18,8,32,109,25,8,1,14,2,173,35,3,71,27,26,11,26,14,9,2,1,0,22,97,8,2,6,0,2,69,18,5,13,5,5,4,1,0,0,16
2021,"Ealing 008","E02000245",9310,7287,5808,661,412,7,2,10,12,3,5,0,0,4,363,2023,0,0,0,0,63,4,1026,914,13,30,42,87,28,114,20,392,112,76,112,6,106,197,35,61,21,21,19,101,9,62,1,7,22,621,79,13,10,18,38,11,4,0,5,2,463,63,7,161,64,46,122,31,24,6,1,0,0,37,83,14,4,10,0,0,16,53,22,31,5,5,4,1,0,0,24
2021,"Ealing 009","E02000246",9458,7479,5893,740,468,10,3,17,5,9,0,1,0,1,332,1979,0,0,0,0,112,5,1000,907,31,39,48,65,22,103,29,374,132,64,93,2,91,148,18,45,13,22,10,85,6,51,0,1,27,642,86,10,3,14,59,13,3,2,8,0,470,75,12,133,52,57,141,23,14,2,6,1,1,49,54,11,6,5,0,0,8,35,24,11,6,6,4,2,0,0,12
2021,"Ealing 010","E02000247",11153,8436,6862,712,398,9,3,15,6,11,6,1,0,8,405,2717,0,0,0,0,109,17,1449,1323,14,31,60,106,34,116,45,637,196,84,126,9,117,108,32,34,12,12,10,42,2,24,1,2,13,905,123,12,18,13,80,22,13,0,8,1,681,120,6,224,104,66,161,33,23,4,3,3,2,44,83,12,0,12,0,1,31,39,14,25,8,6,5,1,0,2,38
2021,"Ealing 011","E02000248",7722,5160,4164,257,264,12,4,16,9,9,5,0,0,10,410,2562,0,0,0,0,83,8,1462,1296,48,15,163,100,46,102,30,447,177,168,166,11,155,113,51,25,9,9,7,37,2,11,8,0,16,756,374,40,97,45,192,144,19,2,117,6,198,18,5,107,39,19,10,31,17,9,2,3,1,8,84,21,7,14,0,2,55,6,2,4,16,16,16,0,0,0,40
2021,"Ealing 012","E02000249",8380,6083,4947,486,281,11,2,9,6,10,2,0,0,4,325,2297,0,0,0,0,180,7,1292,1190,21,21,71,126,41,78,13,586,158,75,102,3,99,117,19,29,8,20,1,69,1,41,1,5,21,612,117,3,12,16,86,11,3,0,6,2,436,64,6,178,56,47,85,33,17,9,0,7,0,15,56,11,6,5,0,2,18,25,15,10,12,12,8,4,0,0,21
2021,"Ealing 013","E02000250",6478,5176,3571,470,548,34,17,28,17,18,3,0,0,23,447,1302,1,0,0,0,144,28,623,469,52,24,81,20,42,66,10,113,16,45,154,16,138,48,21,6,3,2,1,21,0,0,8,0,13,320,73,4,35,9,25,110,19,2,87,2,89,4,0,72,6,7,0,36,11,17,2,6,0,12,76,50,7,43,0,7,17,2,0,2,40,36,25,11,0,4,22
2021,"Ealing 014","E02000251",8306,6014,5211,238,209,2,1,7,4,5,4,0,1,0,332,2292,0,0,0,0,144,5,1048,952,23,40,60,108,14,82,39,421,108,57,96,10,86,44,17,14,5,4,5,13,0,2,1,0,10,1002,41,11,0,8,22,10,0,0,4,6,854,90,17,386,140,93,128,27,16,7,0,4,0,70,35,3,1,2,0,0,9,23,9,14,3,2,2,0,0,1,11
2021,"Ealing 015","E02000252",12234,8073,5972,611,736,36,15,22,27,38,5,1,0,17,593,4161,0,0,1,0,177,23,2191,1976,103,41,308,201,216,252,33,433,186,203,215,25,190,271,89,69,13,18,38,113,5,50,21,2,35,1118,286,16,31,27,212,415,256,51,67,41,226,13,2,129,52,17,13,179,62,74,19,24,3,9,259,58,21,37,0,9,127,65,32,33,39,39,27,12,0,0,82
2021,"Ealing 016","E02000253",10343,8169,6448,741,423,21,8,21,9,12,5,2,0,5,474,2174,0,0,0,0,202,25,1217,1104,48,20,53,47,31,96,20,643,52,94,113,14,99,216,60,45,7,14,24,111,2,58,2,2,47,400,120,15,19,13,73,30,9,4,15,2,205,39,2,62,40,33,29,35,10,15,6,4,0,10,76,27,5,22,0,0,21,28,12,16,17,17,10,7,0,0,21
2021,"Ealing 017","E02000254",9208,6576,5869,192,157,0,1,4,4,6,0,0,0,1,342,2632,0,0,0,0,22,5,835,804,21,35,98,283,27,74,10,173,46,37,31,0,31,81,21,26,3,12,11,34,1,15,3,2,13,1650,25,1,5,8,11,2,1,0,1,0,1515,187,39,1020,108,127,34,10,5,4,0,1,0,98,22,4,1,3,0,1,5,12,3,9,7,7,1,6,0,0,10
2021,"Ealing 018","E02000255",9866,7695,5842,656,604,34,27,54,21,25,8,2,0,8,414,2171,0,0,0,0,216,30,1185,1016,84,38,130,58,55,96,12,309,116,118,169,2,167,152,47,25,7,7,11,80,15,31,10,2,22,381,119,6,39,18,56,73,22,3,44,4,140,16,3,78,28,15,0,23,15,2,4,2,3,23,115,54,10,44,0,1,41,19,8,11,41,41,28,13,0,0,51
2021,"Ealing 019","E02000256",9183,6516,4755,460,582,43,32,58,28,22,6,1,1,17,511,2667,0,0,0,0,188,25,1407,1204,101,27,184,55,106,161,25,279,71,195,203,12,191,127,47,20,5,12,3,60,1,13,20,8,18,638,143,2,73,16,52,229,30,30,149,20,211,6,2,159,18,19,7,38,12,17,4,5,5,12,155,63,17,46,0,4,66,22,2,20,63,63,31,32,0,0,64
2021,"Ealing 021","E02000258",6899,4542,3405,347,375,19,16,20,13,4,4,1,0,12,326,2357,0,0,0,0,144,19,1047,896,32,28,119,58,59,113,24,275,69,119,151,12,139,104,49,17,3,11,3,38,0,17,6,0,15,879,165,8,11,31,115,608,10,10,585,3,58,5,0,32,13,7,1,41,16,13,1,11,0,7,95,40,19,20,1,5,39,11,4,7,45,45,22,22,1,0,24
2021,"Ealing 022","E02000259",6587,4983,3596,479,437,24,24,34,13,20,3,0,0,16,337,1604,0,0,0,0,204,13,1003,901,52,19,66,22,36,60,20,472,58,96,102,4,98,77,30,22,4,9,9,25,0,4,14,0,7,204,33,0,20,2,11,29,5,2,22,0,86,17,0,36,16,9,8,47,31,10,3,3,2,7,57,20,5,15,0,3,23,11,1,10,16,15,5,10,0,1,30
2021,"Ealing 023","E02000260",9843,6305,5705,160,146,1,0,1,4,2,0,0,0,1,285,3538,0,0,0,0,13,4,1293,1257,13,12,125,844,31,69,6,81,55,21,36,0,36,56,9,16,1,10,5,31,5,11,1,0,14,2120,31,9,13,3,6,9,3,1,5,0,1986,146,110,1391,195,107,37,10,6,1,0,3,0,84,21,9,5,4,0,0,1,11,3,8,5,5,4,1,0,0,26
2021,"Ealing 024","E02000261",12656,8670,6750,592,479,32,26,33,7,13,2,1,0,11,724,3986,0,0,0,0,147,16,2203,1952,129,31,362,129,206,227,44,399,188,237,251,17,234,287,109,69,23,34,12,109,6,44,9,3,47,1012,558,10,30,32,486,106,40,19,27,20,179,17,10,91,37,17,7,145,76,36,5,28,2,22,191,58,23,35,0,1,109,23,7,16,61,61,27,34,0,0,69
2021,"Ealing 025","E02000262",9345,6745,5039,511,587,37,14,52,14,19,2,1,0,25,444,2600,0,0,0,0,165,26,1535,1337,79,38,214,105,132,182,41,306,93,147,198,14,184,208,64,37,12,9,16,107,1,42,25,0,39,417,178,25,25,5,123,72,10,14,35,13,91,12,5,44,19,7,4,62,37,9,2,14,1,13,141,47,13,34,0,6,57,31,13,18,76,75,40,35,0,1,32
2021,"Ealing 026","E02000263",13713,8525,7779,167,148,3,1,0,1,6,2,0,0,0,418,5188,0,0,0,0,20,3,1842,1810,28,27,181,1287,43,105,15,74,35,15,32,1,31,102,14,20,4,5,11,68,7,36,1,0,24,3143,19,0,5,4,10,8,3,4,1,0,2930,109,197,2078,283,209,54,27,6,3,3,15,0,159,42,7,4,3,0,1,9,25,5,20,5,5,3,2,0,0,31
2021,"Ealing 027","E02000264",8499,5956,4365,416,507,42,14,37,22,18,8,0,0,23,504,2543,0,0,0,0,184,20,1425,1227,111,38,189,73,107,174,27,323,65,120,198,7,191,101,27,21,2,8,11,53,3,6,22,1,21,606,104,9,39,9,47,325,33,9,269,14,108,22,3,63,17,3,0,60,31,12,6,11,1,8,110,58,21,37,0,1,38,13,5,8,63,63,38,25,0,0,34
2021,"Ealing 028","E02000265",11233,8409,6328,625,657,44,11,47,25,28,9,2,2,21,610,2824,0,0,0,0,267,50,1621,1424,105,32,190,123,105,167,43,457,65,137,197,25,172,183,64,33,7,11,15,86,3,31,5,4,43,459,157,6,67,17,67,54,8,6,26,14,181,28,12,97,22,13,9,47,23,4,8,12,2,18,143,45,11,34,0,4,64,30,9,21,59,56,34,22,0,3,42
2021,"Ealing 029","E02000266",13114,10186,8760,491,451,9,5,20,5,13,1,0,0,5,426,2928,0,0,0,0,100,8,1108,1013,27,44,82,235,34,163,23,241,106,58,95,8,87,258,37,60,9,22,29,161,5,121,2,1,32,1348,59,6,7,9,37,21,9,4,6,2,1187,174,49,754,97,54,59,43,23,4,5,11,0,38,69,21,5,16,0,3,17,28,8,20,9,9,7,2,0,0,28
2021,"Ealing 030","E02000267",8144,6010,4361,625,496,35,16,39,13,33,9,2,0,14,367,2134,0,0,0,0,280,35,1209,1075,54,18,63,71,41,79,25,526,102,96,134,10,124,106,31,19,2,7,10,56,2,15,13,0,26,310,52,2,7,1,42,51,25,8,14,4,152,14,2,83,26,20,7,41,23,5,1,12,0,14,86,28,12,16,0,7,29,22,15,7,61,61,31,30,0,0,47
2021,"Ealing 031","E02000268",9241,7150,5019,687,696,52,26,64,28,35,2,0,0,28,513,2091,0,0,0,0,181,23,1174,973,103,38,130,52,79,130,17,233,76,115,201,18,183,94,35,18,1,0,17,41,0,16,8,1,16,374,69,2,18,12,37,138,26,6,101,5,104,12,1,67,12,11,1,47,7,20,2,18,1,15,136,91,21,70,0,2,30,13,7,6,66,61,32,29,0,5,43
2021,"Ealing 032","E02000269",8167,6217,4395,503,654,43,27,42,29,28,6,1,1,26,462,1950,0,0,1,0,240,38,1076,904,149,26,145,36,64,102,11,227,52,92,172,10,162,110,34,4,1,2,1,72,0,8,37,1,26,280,56,1,17,10,28,95,38,5,35,17,84,9,7,48,10,5,5,36,4,12,3,17,0,9,115,70,33,37,0,2,39,4,1,3,58,57,37,20,0,1,32
2021,"Ealing 033","E02000270",9600,7127,5439,511,513,31,9,54,22,23,5,1,0,12,507,2473,0,0,0,0,143,27,1425,1230,83,36,223,111,88,174,27,284,74,130,195,18,177,199,52,48,25,9,14,99,3,59,14,1,22,445,155,14,34,10,97,103,50,8,33,12,99,18,0,56,15,6,4,73,30,17,5,21,5,10,122,36,13,23,0,7,53,26,8,18,51,50,27,23,0,1,61
2021,"Ealing 034","E02000271",6955,5321,3628,437,582,35,17,36,27,26,7,3,0,21,502,1634,0,0,1,0,147,20,873,729,116,35,115,29,79,122,20,127,21,65,144,18,126,62,22,22,2,13,7,18,0,7,7,1,3,168,45,0,7,1,37,38,8,0,24,6,35,4,0,24,5,0,2,48,17,7,10,14,0,2,245,151,21,130,0,6,71,17,2,15,91,90,58,32,0,1,27
2021,"Ealing 035","E02000272",6714,5466,3944,577,488,21,14,33,24,20,1,0,0,6,338,1248,0,0,0,0,200,24,690,551,88,14,56,22,32,50,12,203,21,53,139,5,134,48,7,7,2,3,2,34,5,17,2,1,9,148,18,4,9,0,5,33,2,10,20,1,66,5,3,35,8,1,14,16,6,6,1,3,1,14,83,43,9,33,1,0,25,15,3,12,32,32,18,13,1,0,23
2021,"Ealing 038","E02000275",8170,5303,4632,215,163,7,3,1,5,9,0,1,0,1,266,2867,0,0,0,0,30,2,991,962,12,9,93,643,32,71,6,38,25,33,29,0,29,86,9,22,0,15,7,55,7,38,0,0,10,1706,28,5,3,1,19,13,11,0,2,0,1588,339,27,1102,80,29,11,21,13,1,1,6,0,56,19,0,0,0,0,1,7,11,5,6,6,6,3,3,0,0,27
2021,"Ealing 039","E02000276",6756,5011,3559,469,445,37,16,25,17,26,13,1,0,21,382,1745,0,0,0,0,194,34,1043,886,89,29,187,34,72,89,22,210,72,82,157,7,150,78,20,12,0,6,6,46,3,12,20,2,9,215,36,3,8,9,16,70,24,5,32,9,69,3,3,44,8,8,3,36,18,5,2,11,0,4,94,46,12,34,0,1,35,12,3,9,51,51,31,20,0,0,36
2021,"Enfield 001","E02000277",7524,6205,4696,843,438,8,1,7,5,4,1,0,0,1,201,1319,0,0,1,0,59,9,837,606,8,8,146,31,14,41,29,112,83,134,231,120,111,211,1,142,49,42,51,68,0,16,0,6,46,126,71,51,14,2,4,4,3,1,0,0,23,3,5,5,5,4,1,25,11,2,0,12,0,3,61,8,2,6,0,0,19,34,27,7,2,2,0,2,0,0,13
2021,"Enfield 002","E02000278",9430,7647,5936,927,466,6,3,10,6,9,4,0,0,2,278,1783,0,0,0,0,52,2,1210,831,29,17,115,44,25,71,27,101,128,274,379,279,100,228,18,148,69,30,49,62,5,23,0,6,28,203,118,106,7,1,4,17,10,1,2,4,50,6,13,11,9,9,2,11,2,4,0,5,0,7,69,5,2,3,0,0,20,44,24,20,11,11,10,1,0,0,8
2021,"Enfield 003","E02000279",12324,9807,7937,826,607,7,0,15,6,13,5,0,0,4,387,2517,0,0,0,0,52,6,1696,1282,32,24,111,101,39,139,25,184,357,270,414,249,165,379,21,246,111,75,60,112,5,15,7,11,74,225,120,90,19,4,7,17,8,2,6,1,56,11,11,15,10,9,0,23,7,3,0,13,1,8,102,8,1,7,0,0,27,67,34,33,5,5,4,1,0,0,52
2021,"Enfield 004","E02000280",8633,7715,5078,1388,932,19,7,18,10,12,6,2,0,19,224,918,0,0,0,0,108,19,532,367,25,13,29,31,16,54,16,38,70,75,165,73,92,90,4,51,24,11,16,35,1,16,3,6,9,101,50,34,11,3,2,5,1,0,4,0,40,10,7,15,2,6,0,5,3,2,0,0,1,0,39,11,4,7,0,0,8,20,11,9,21,21,7,14,0,0,8
2021,"Enfield 005","E02000281",9652,8126,6063,1044,727,14,3,20,8,8,3,0,0,13,223,1526,0,0,0,0,116,6,810,580,14,14,47,30,27,69,28,123,86,142,230,105,125,215,15,120,54,34,32,80,7,22,5,10,36,287,64,50,12,0,2,9,8,0,1,0,182,9,8,135,1,29,0,18,8,2,1,7,2,12,51,5,1,4,0,0,9,37,24,13,15,15,12,3,0,0,26
2021,"Enfield 006","E02000282",9947,7969,6314,810,524,7,2,7,1,8,0,0,0,5,291,1978,0,0,0,0,62,7,1257,866,21,8,100,64,34,140,25,129,119,226,391,262,129,322,13,230,91,44,95,79,0,23,3,7,46,246,112,81,25,1,5,9,7,0,0,2,105,13,48,14,12,18,0,11,7,0,0,4,0,9,61,4,0,4,0,0,16,41,27,14,3,2,1,1,0,1,20
2021,"Enfield 007","E02000283",8538,6937,5499,737,401,3,5,6,1,2,0,0,0,9,274,1601,0,0,0,0,57,5,1105,793,17,14,132,53,17,118,21,127,139,155,312,192,120,188,12,129,50,40,39,47,9,10,0,5,23,153,74,68,3,3,0,8,7,0,1,0,56,7,12,6,14,17,0,5,1,3,0,1,0,10,71,5,0,5,0,0,22,44,30,14,2,2,2,0,0,0,20
2021,"Enfield 008","E02000284",8746,7491,5018,1188,879,27,5,40,4,12,3,1,0,15,299,1255,0,0,0,0,131,25,776,544,21,14,44,43,20,93,16,99,79,115,232,50,182,88,4,52,20,13,19,32,0,3,8,6,15,139,32,15,14,2,1,18,12,0,6,0,52,3,9,29,4,7,0,27,11,11,1,4,3,7,66,21,10,11,0,2,25,18,10,8,21,21,11,10,0,0,9
2021,"Enfield 009","E02000285",6642,5882,4046,1069,543,11,6,14,5,7,5,0,0,9,167,760,0,0,0,0,136,34,405,327,12,5,54,16,12,41,0,61,46,80,78,23,55,55,2,29,14,8,7,24,0,1,1,1,21,82,21,8,9,0,4,11,8,0,2,1,35,0,1,20,3,11,0,13,5,5,2,1,1,1,20,6,3,3,0,0,7,7,4,3,17,13,6,7,0,4,11
2021,"Enfield 010","E02000286",8687,7516,5211,1112,822,15,13,25,4,9,3,1,0,19,282,1171,0,0,0,0,116,24,739,532,23,9,46,29,49,120,12,70,61,113,207,73,134,90,9,39,14,14,11,42,2,9,4,4,23,133,32,10,18,2,2,18,8,1,6,3,46,1,5,24,6,10,0,31,19,3,2,7,3,3,39,13,2,11,0,1,10,15,8,7,11,11,7,4,0,0,19
2021,"Enfield 011","E02000287",7355,6303,4938,571,500,8,8,14,6,11,1,0,1,6,239,1052,0,0,0,0,108,18,628,453,24,9,57,7,11,113,4,28,35,165,175,70,105,49,10,23,1,16,6,16,4,0,2,1,9,182,42,9,28,1,4,45,20,11,14,0,66,7,3,36,1,12,7,17,4,3,1,9,1,11,42,15,5,10,0,1,15,11,4,7,13,13,13,0,0,0,12
2021,"Enfield 012","E02000288",12783,9745,7936,785,538,7,3,14,4,13,3,0,0,9,433,3038,0,0,0,0,57,8,1767,1254,38,23,144,64,50,287,12,133,160,343,513,276,237,570,15,300,103,45,152,255,4,164,4,11,72,490,152,108,33,0,11,19,12,1,6,0,267,7,152,40,49,13,6,33,19,3,0,11,5,14,104,4,1,3,0,3,24,73,53,20,1,1,1,0,0,0,41
2021,"Enfield 013","E02000289",6768,6092,4646,698,483,14,4,15,4,8,0,0,0,8,212,676,0,0,0,0,85,16,447,336,5,13,50,11,15,63,8,35,29,107,111,55,56,22,0,15,3,6,6,7,0,0,5,0,2,76,22,10,6,0,6,12,9,0,3,0,33,0,0,27,1,5,0,9,4,0,1,4,0,0,15,11,1,10,0,1,1,2,1,1,7,7,3,4,0,0,8
2021,"Enfield 014","E02000290",6689,5259,4343,395,286,2,0,6,1,3,0,0,0,9,214,1430,0,0,0,0,38,4,857,625,17,5,79,67,30,79,6,71,101,170,232,171,61,234,15,138,55,39,44,81,1,23,3,3,51,185,42,33,5,1,3,3,3,0,0,0,105,8,66,8,13,10,0,24,20,2,0,2,0,11,82,5,2,3,0,2,14,61,48,13,1,1,0,1,0,0,29
2021,"Enfield 015","E02000291",10160,8030,5895,1032,588,22,10,33,12,13,5,2,1,6,411,2130,0,0,0,0,110,16,1444,1039,28,25,128,70,60,164,20,177,100,267,405,147,258,165,13,89,38,33,18,63,2,10,6,3,42,259,93,46,38,3,6,30,17,2,7,4,94,11,24,30,4,23,2,34,16,11,1,6,2,6,99,17,1,16,0,0,47,35,25,10,12,10,8,2,0,2,25
2021,"Enfield 016","E02000292",9837,7985,6057,1010,535,8,5,13,9,8,6,0,0,10,324,1852,0,0,0,0,130,13,1240,914,20,10,108,37,44,112,29,118,127,309,326,116,210,149,3,86,35,28,23,60,2,6,4,2,46,209,62,38,16,1,7,24,12,3,8,1,78,2,16,24,17,18,1,26,7,7,1,11,5,14,65,11,5,6,0,0,20,34,24,10,4,4,1,3,0,0,42
2021,"Enfield 017","E02000293",6391,5625,4073,731,541,19,4,16,11,8,2,1,0,3,216,766,0,0,0,0,119,17,458,300,12,7,55,8,11,56,3,49,10,89,158,43,115,41,8,15,4,6,5,18,2,7,2,2,5,84,31,17,7,0,7,15,9,1,5,0,23,0,1,10,7,5,0,11,6,3,1,1,0,4,29,7,3,4,0,1,12,9,4,5,6,6,2,4,0,0,12
2021,"Enfield 018","E02000294",9370,7204,5908,588,338,10,2,10,4,3,1,0,0,9,331,2166,0,0,0,0,63,6,1412,989,26,17,131,50,17,120,20,99,154,355,423,273,150,329,14,203,115,52,36,112,2,45,1,2,62,249,94,69,13,3,9,21,20,0,1,0,110,6,48,31,13,12,0,2,1,1,0,0,1,21,89,5,0,5,0,0,28,56,44,12,5,5,5,0,0,0,13
2021,"Enfield 019","E02000295",8687,7155,5553,607,545,6,13,23,5,8,1,0,0,14,380,1532,0,0,0,0,141,16,1048,718,20,7,72,15,35,177,14,76,95,207,330,138,192,64,8,30,4,20,6,26,0,1,7,1,17,161,53,24,21,0,8,31,17,5,9,0,51,1,1,34,4,11,0,18,5,9,0,4,0,8,60,19,4,15,0,2,21,18,10,8,27,27,22,5,0,0,15
2021,"Enfield 020","E02000296",10339,7689,5812,733,582,8,7,28,5,15,3,0,2,11,483,2650,0,0,0,0,100,7,2063,1493,30,20,110,54,70,392,25,179,216,397,570,245,325,88,13,28,9,11,8,47,1,7,3,2,34,258,76,36,29,1,10,61,33,12,10,6,79,11,3,36,9,19,1,28,7,16,3,2,7,7,72,26,9,17,0,6,25,15,12,3,18,18,17,1,0,0,44
2021,"Enfield 021","E02000297",9398,7989,5900,1072,632,11,4,15,12,13,7,0,1,7,315,1409,0,0,0,0,156,32,927,684,27,9,67,26,30,102,9,76,164,174,243,81,162,66,12,34,7,12,15,20,0,0,0,2,18,138,49,35,11,3,0,11,1,1,5,4,59,0,9,14,2,34,0,14,0,10,1,3,0,5,53,14,5,9,0,0,18,21,16,5,16,16,13,3,0,0,21
2021,"Enfield 022","E02000298",8257,7178,5376,743,670,18,6,40,30,26,3,0,0,22,244,1079,0,0,0,0,187,40,627,455,18,12,63,6,21,96,10,58,60,111,172,46,126,64,6,34,11,19,4,24,0,11,6,0,7,73,12,6,1,1,4,10,8,0,0,2,28,2,2,16,2,6,0,17,8,6,1,2,0,6,34,13,5,8,0,2,7,12,8,4,42,40,29,11,0,2,12
2021,"Enfield 023","E02000299",9486,6882,5795,512,260,3,0,7,5,5,0,0,0,4,291,2604,0,0,0,0,78,6,1749,1324,33,16,112,71,63,125,7,175,207,515,425,270,155,383,8,250,140,58,52,125,1,49,2,1,72,240,81,58,15,6,2,15,15,0,0,0,113,9,24,37,13,30,0,12,7,1,0,4,4,15,124,4,1,3,0,8,33,79,45,34,5,5,4,1,0,0,19
2021,"Enfield 024","E02000300",8856,6304,5269,493,259,3,0,0,1,6,2,0,0,4,267,2552,0,0,0,0,72,40,1802,1474,24,6,79,64,46,112,33,161,478,471,328,197,131,310,11,192,95,18,79,107,1,34,3,5,64,224,83,60,13,3,7,11,7,1,2,1,80,8,10,22,3,37,0,24,13,10,0,1,2,24,94,6,1,5,0,0,26,62,41,21,4,4,4,0,0,0,6
2021,"Enfield 025","E02000301",10223,7633,6362,576,355,3,4,5,2,6,5,0,0,4,311,2590,0,0,0,0,71,21,1670,1227,33,30,53,78,57,172,13,136,289,366,443,278,165,369,13,226,113,60,53,130,6,63,2,2,57,307,104,80,14,2,8,58,53,1,1,3,99,12,18,24,14,31,0,29,14,2,0,13,4,13,116,4,1,3,0,0,28,84,50,34,10,8,6,2,0,2,26
2021,"Enfield 026","E02000302",8672,7056,5686,585,376,7,8,18,7,8,2,0,0,5,354,1616,0,0,0,0,131,24,1182,862,22,14,62,22,30,147,13,206,102,244,320,86,234,80,6,37,15,8,14,37,0,13,3,1,20,130,34,20,7,2,5,6,2,2,1,1,62,3,5,33,3,18,0,24,13,2,0,9,1,3,45,7,2,5,0,1,25,12,7,5,13,13,11,2,0,0,11
2021,"Enfield 027","E02000303",8369,6397,5263,489,343,2,0,15,4,3,5,0,0,6,267,1972,0,0,0,0,36,11,1318,920,29,12,65,59,47,97,17,111,178,305,398,267,131,282,7,155,68,44,43,120,3,47,1,6,63,214,82,69,3,3,7,23,20,2,1,0,81,1,29,27,6,18,0,24,13,3,0,8,2,2,77,2,1,1,0,3,18,54,30,24,3,3,1,2,0,0,31
2021,"Enfield 028","E02000304",8047,6699,5214,537,493,18,10,27,13,14,3,0,0,17,353,1348,0,0,0,0,171,14,892,643,21,13,71,16,22,147,20,83,58,192,249,100,149,47,10,21,5,2,14,16,0,0,3,1,12,138,23,2,13,0,8,34,18,5,10,1,61,3,7,37,3,11,0,15,7,6,0,2,2,3,67,27,9,18,0,2,19,19,15,4,12,12,8,4,0,0,7
2021,"Enfield 029","E02000305",8877,6589,4963,601,520,23,9,33,19,24,5,1,0,15,376,2288,0,0,0,0,170,38,1759,1369,19,17,80,29,60,260,14,178,276,436,390,68,322,82,9,28,14,8,6,45,0,2,4,5,34,123,32,17,8,0,7,12,5,1,4,2,59,3,14,21,11,10,0,12,0,7,0,5,1,7,67,23,9,14,0,4,25,15,4,11,16,16,10,6,0,0,33
2021,"Enfield 030","E02000306",9135,6938,5856,433,298,10,1,6,1,7,3,0,0,2,321,2197,0,0,0,0,32,7,1337,972,22,15,82,79,83,121,16,141,126,287,365,264,101,479,21,209,106,42,61,249,3,147,0,15,84,237,103,87,6,5,5,12,10,1,1,0,100,16,43,17,9,10,5,16,9,4,0,3,0,6,86,7,2,5,0,1,16,62,52,10,1,1,1,0,0,0,18
2021,"Enfield 031","E02000307",10115,7507,6361,447,284,3,6,7,0,6,1,0,0,5,387,2608,0,0,0,0,64,10,1988,1646,24,15,88,77,49,203,44,257,283,606,342,162,180,209,10,109,46,27,36,90,1,31,2,3,53,221,76,56,8,3,9,10,6,2,0,2,97,9,19,37,7,24,1,17,15,0,0,2,6,15,82,5,1,4,0,1,26,50,27,23,12,12,8,4,0,0,22
2021,"Enfield 032","E02000308",8762,6477,5057,521,421,20,7,26,10,15,7,2,0,9,382,2285,0,0,0,0,117,16,1617,1326,42,15,161,37,43,205,22,175,285,341,291,67,224,124,11,73,29,16,28,40,1,7,8,4,20,302,88,22,47,5,14,38,24,4,5,5,133,3,15,93,16,6,0,30,10,5,0,15,1,12,58,14,3,11,0,2,33,9,6,3,17,17,11,6,0,0,34
2021,"Enfield 033","E02000309",11796,8239,6939,545,358,6,4,18,1,6,0,1,0,3,358,3557,0,0,0,0,49,11,2454,2035,46,31,130,131,94,278,22,219,423,661,419,244,175,526,32,269,119,57,93,225,12,92,3,6,112,297,99,76,11,3,9,32,29,2,0,1,117,7,37,30,21,19,3,42,18,5,2,17,0,7,171,6,4,2,0,3,52,110,60,50,8,8,6,2,0,0,41
2021,"Enfield 035","E02000311",10542,7588,6355,397,313,10,8,13,5,9,2,0,1,4,471,2954,0,0,0,0,87,14,2351,1939,33,14,110,82,90,353,43,226,305,683,412,121,291,125,16,62,19,17,26,47,2,16,1,1,27,226,66,35,11,11,9,15,10,0,4,1,97,8,13,39,24,13,0,38,15,10,0,13,0,10,108,7,1,6,0,2,55,44,19,25,13,13,7,6,0,0,30
2021,"Enfield 036","E02000312",11304,7894,6055,544,575,32,13,28,22,22,5,2,2,18,576,3410,0,0,0,0,182,16,2616,2109,29,29,178,69,117,464,37,339,213,634,507,89,418,147,40,62,14,7,41,45,2,6,4,1,32,250,62,23,23,8,8,39,14,4,14,7,85,12,16,36,16,5,0,42,20,14,1,7,4,18,117,31,4,27,0,2,64,20,11,9,26,25,21,4,0,1,56
2021,"Greenwich 001","E02000313",6485,5169,3817,699,443,7,1,16,3,11,2,1,0,2,167,1316,0,0,0,0,33,3,545,510,28,28,62,52,21,73,45,62,92,47,35,5,30,613,14,483,60,332,91,116,1,11,6,9,89,85,6,4,0,2,0,7,4,2,0,1,67,4,11,13,7,4,28,5,1,1,0,3,0,0,22,5,1,4,0,0,4,13,8,5,3,3,2,1,0,0,12
2021,"Greenwich 002","E02000314",14105,10495,8164,947,743,12,18,32,8,28,6,0,0,25,512,3610,0,0,0,0,100,27,1715,1586,81,68,162,124,102,174,186,149,286,254,129,11,118,1265,25,1135,132,826,177,105,8,12,13,24,48,343,23,1,5,7,10,47,38,1,6,2,202,10,25,54,23,13,77,49,11,15,0,23,4,18,105,19,3,16,0,8,48,30,21,9,15,15,13,2,0,0,40
2021,"Greenwich 003","E02000315",9874,7740,5594,1043,711,3,5,10,6,12,3,1,0,5,347,2134,0,0,0,0,67,10,1016,887,47,39,93,87,49,139,74,46,186,127,129,11,118,637,11,570,67,385,118,56,3,3,4,8,38,323,10,4,2,0,4,33,29,0,1,3,184,1,12,49,13,16,93,65,12,40,0,13,2,29,58,8,2,6,0,0,24,26,15,11,5,5,4,1,0,0,18
2021,"Greenwich 005","E02000317",7564,5791,4370,554,537,14,3,21,4,10,2,0,0,9,267,1773,0,0,0,0,54,8,849,725,41,20,63,73,78,111,46,53,140,100,124,13,111,457,9,378,65,233,80,70,6,15,0,7,42,304,27,2,0,1,24,42,34,5,2,1,164,4,15,39,7,8,91,57,16,6,0,35,0,14,55,10,3,7,0,0,24,21,12,9,19,19,12,6,1,0,27
2021,"Greenwich 006","E02000318",11069,6759,5287,607,425,11,3,19,3,9,4,0,0,11,380,4310,0,0,0,0,62,10,1697,1550,70,33,173,203,68,248,55,68,466,166,147,20,127,420,17,350,41,206,103,53,0,15,3,6,29,2009,6,1,2,1,2,38,31,4,3,0,1910,11,52,230,145,83,1389,16,4,2,0,10,0,39,98,35,0,35,0,1,34,28,13,15,0,0,0,0,0,0,14
2021,"Greenwich 007","E02000319",10618,7597,5691,766,615,14,12,32,9,14,7,3,0,8,426,3021,0,0,0,0,86,6,1252,1131,57,33,125,103,61,141,108,74,263,166,121,7,114,470,11,384,34,272,78,75,6,12,11,9,37,1056,18,6,2,6,4,70,46,15,5,4,899,4,15,147,50,51,632,39,12,4,0,23,4,26,98,19,1,17,1,0,40,39,27,12,15,15,10,5,0,0,38
2021,"Greenwich 008","E02000320",7040,5402,3906,793,428,5,3,18,7,3,5,1,0,14,219,1638,0,0,0,0,44,5,839,746,25,19,66,35,30,60,94,97,198,122,93,8,85,326,5,292,35,210,47,29,7,2,2,10,8,334,1,1,0,0,0,13,10,1,2,0,271,20,16,43,20,27,145,26,5,12,0,9,2,21,68,16,4,12,0,0,22,30,23,7,6,6,2,4,0,0,16
2021,"Greenwich 009","E02000321",7721,5755,4299,664,480,15,4,26,5,9,9,0,0,4,240,1966,0,0,0,0,52,5,940,862,65,25,68,50,106,141,90,55,175,87,78,5,73,405,11,325,36,226,63,69,6,30,3,3,27,415,13,6,0,0,7,26,23,2,0,1,328,2,11,51,13,8,243,39,15,3,4,17,0,9,122,11,0,11,0,1,66,44,25,19,3,3,3,0,0,0,24
2021,"Greenwich 011","E02000323",12860,8986,6772,794,756,15,8,33,20,12,2,0,1,15,558,3874,0,0,0,0,71,20,1686,1455,64,36,141,121,84,275,124,108,338,164,231,20,211,715,24,579,50,384,145,112,10,29,11,12,50,1136,20,9,2,2,7,99,79,13,4,3,832,9,19,152,72,57,523,95,49,7,3,36,4,86,186,71,53,18,0,1,65,49,23,26,17,17,12,5,0,0,43
2021,"Greenwich 012","E02000324",7866,6438,4569,794,670,10,4,22,4,14,1,0,0,7,343,1428,0,0,0,0,60,11,728,602,43,19,70,44,50,80,68,62,80,86,126,17,109,219,4,145,17,87,41,70,2,23,8,11,26,290,4,2,1,0,1,49,36,0,10,3,192,5,5,33,8,6,135,30,5,3,0,22,10,5,78,28,9,19,0,2,27,21,14,7,23,22,11,11,0,1,19
2021,"Greenwich 014","E02000326",7796,6236,4353,655,683,21,16,45,18,26,3,0,0,19,397,1560,0,0,0,0,117,23,869,697,54,20,75,39,31,96,57,58,126,141,172,13,159,156,3,119,14,77,28,34,0,1,14,2,17,243,8,0,4,0,4,66,51,3,9,3,119,1,2,66,11,6,33,44,16,6,2,20,2,4,96,36,7,28,1,7,43,10,8,2,27,27,19,8,0,0,29
2021,"Greenwich 015","E02000327",6629,5256,3893,470,561,12,5,18,7,11,3,0,0,10,266,1373,0,0,0,0,56,8,580,522,35,28,44,38,58,88,49,32,87,63,58,7,51,345,6,293,27,215,51,46,0,16,3,2,25,258,9,2,0,2,5,40,27,11,1,1,150,2,6,32,5,13,92,37,15,3,1,18,0,22,60,13,4,8,1,0,18,29,13,16,47,41,21,20,0,6,19
2021,"Greenwich 016","E02000328",6517,5398,3641,621,583,31,23,53,31,18,10,1,1,32,353,1119,0,0,1,0,128,23,612,453,49,40,67,16,50,70,47,32,33,49,159,15,144,65,3,35,5,22,8,27,3,1,14,1,8,104,10,3,1,0,6,31,9,3,12,7,37,1,1,18,1,3,13,21,5,8,1,7,2,3,114,76,14,62,0,1,27,10,8,2,53,53,38,15,0,0,19
2021,"Greenwich 017","E02000329",6331,5221,3601,850,491,14,3,18,5,8,3,0,0,4,224,1110,0,0,2,0,54,17,582,479,26,10,42,22,41,32,64,51,121,70,103,4,99,166,4,141,20,86,35,21,1,4,2,2,12,228,7,4,1,1,1,14,12,0,2,0,187,1,7,67,9,17,86,12,9,0,1,2,0,8,46,10,6,4,0,1,22,13,11,2,5,5,5,0,0,0,10
2021,"Greenwich 019","E02000331",8235,6635,4681,865,689,18,8,23,10,13,3,2,0,9,314,1600,0,0,0,0,75,18,763,628,49,16,84,27,61,51,46,67,119,108,135,21,114,209,10,153,20,106,27,46,2,7,8,5,24,389,21,4,4,0,13,42,34,1,4,3,243,4,8,49,15,9,158,69,30,8,1,30,2,12,105,34,5,29,0,3,50,18,10,8,16,16,9,7,0,0,25
2021,"Greenwich 020","E02000332",7448,6089,4251,843,585,17,7,23,12,8,0,0,0,8,335,1359,0,0,0,0,80,17,706,557,35,16,78,22,39,55,61,59,119,73,149,9,140,281,12,219,27,145,47,50,2,3,10,7,28,151,10,2,0,0,8,20,10,1,4,5,92,3,3,41,14,10,21,26,8,6,1,11,0,3,80,25,2,22,1,2,25,28,9,19,23,23,9,14,0,0,21
2021,"Greenwich 021","E02000333",6244,5257,3590,571,610,28,23,50,27,15,10,0,0,23,310,987,0,0,3,0,111,24,526,410,56,29,59,25,57,44,16,34,25,65,116,21,95,63,5,38,0,23,15,20,2,0,10,4,4,110,6,1,1,1,3,33,22,1,6,4,44,2,1,21,5,3,12,23,8,1,2,12,2,2,94,55,13,42,0,1,32,6,4,2,39,39,24,15,0,0,17
2021,"Greenwich 022","E02000334",6639,5525,3862,789,496,11,5,34,9,10,2,3,0,13,291,1114,0,0,0,0,78,7,582,488,41,17,53,40,39,38,49,37,80,94,94,19,75,150,8,102,14,70,18,40,6,1,8,10,15,200,20,10,3,0,7,51,28,9,8,6,90,0,6,41,12,3,28,33,8,11,1,13,0,6,61,18,5,11,2,3,24,16,8,8,14,14,9,5,0,0,22
2021,"Greenwich 023","E02000335",6684,5916,3550,1231,794,28,9,25,13,17,9,0,0,12,228,768,0,0,0,0,70,21,401,323,30,12,35,14,34,24,36,45,51,42,78,9,69,64,6,38,8,20,10,20,1,1,9,3,6,135,3,1,2,0,0,31,21,4,2,4,82,22,2,17,2,11,28,17,5,5,0,7,0,2,46,30,7,23,0,0,8,8,7,1,23,23,16,7,0,0,8
2021,"Greenwich 025","E02000337",8472,7231,4637,1366,866,10,5,22,9,11,5,1,0,4,295,1241,0,0,0,0,45,6,787,658,23,7,55,34,31,49,127,108,81,143,129,30,99,102,7,76,4,56,16,19,3,1,5,4,6,208,12,4,3,4,1,66,57,0,7,2,91,9,2,37,3,8,32,34,2,3,5,24,1,4,61,11,2,9,0,2,36,12,8,4,14,14,5,9,0,0,18
2021,"Greenwich 027","E02000339",6292,5463,3434,1033,679,15,14,28,16,18,5,1,0,17,203,829,0,0,1,0,91,41,456,368,27,14,47,19,36,31,28,45,73,48,88,12,76,50,2,37,3,22,12,11,1,2,3,2,3,94,5,3,0,2,0,37,23,3,7,4,33,0,3,13,0,8,9,17,10,2,0,5,0,2,62,29,5,24,0,2,22,9,4,5,15,15,8,7,0,0,19
2021,"Greenwich 028","E02000340",6868,5778,3615,1175,698,17,6,23,4,9,3,0,0,9,219,1090,0,0,0,0,80,8,676,537,30,27,60,60,21,61,33,68,60,117,139,44,95,100,14,53,6,33,14,33,2,1,8,7,15,167,23,6,4,8,5,35,22,0,7,6,78,0,7,40,14,6,11,31,4,4,1,22,0,0,36,8,6,2,0,0,23,5,2,3,15,15,10,5,0,0,8
2021,"Greenwich 029","E02000341",7996,6857,4511,1227,826,2,3,20,11,4,1,0,0,4,248,1139,0,0,0,0,79,8,671,572,35,6,39,31,39,43,94,58,124,103,99,21,78,158,10,121,16,71,34,27,3,1,6,5,12,133,21,1,2,4,14,29,21,3,1,4,46,0,1,19,4,19,3,25,8,6,4,7,0,12,63,13,4,9,0,0,31,19,9,10,10,10,8,2,0,0,17
2021,"Greenwich 030","E02000342",6347,5454,3511,925,748,13,4,25,3,9,6,1,0,12,197,893,0,0,0,0,51,8,496,426,20,30,60,40,19,37,28,57,45,90,70,7,63,119,8,90,10,65,15,21,4,1,5,5,6,153,9,6,0,1,2,32,27,0,3,2,87,8,2,51,6,11,9,19,9,5,0,5,1,5,47,11,3,8,0,7,22,7,5,2,6,6,2,4,0,0,13
2021,"Greenwich 031","E02000343",7049,6124,3876,1282,679,10,3,14,8,15,1,0,0,11,225,925,1,0,0,0,43,16,570,464,22,10,51,20,29,46,69,62,86,69,106,8,98,96,1,75,4,61,10,20,1,3,7,1,8,128,4,0,3,0,1,29,27,2,0,0,63,3,5,28,3,6,18,27,4,6,1,16,0,5,48,15,8,7,0,1,16,16,12,4,10,10,8,2,0,0,13
2021,"Greenwich 032","E02000344",6430,5814,3692,1126,757,9,5,18,12,10,2,1,0,11,171,616,1,0,0,0,48,12,342,269,11,15,19,14,22,26,32,34,55,41,73,11,62,86,2,58,9,38,11,26,0,0,12,6,8,77,7,6,1,0,0,18,10,4,3,1,36,6,1,18,2,2,7,11,1,1,0,9,1,4,33,12,1,8,3,3,12,6,2,4,6,6,5,1,0,0,11
2021,"Hackney 001","E02000345",8198,6868,5623,416,579,7,4,20,3,10,0,0,0,7,199,1330,0,0,0,0,32,8,823,688,32,16,74,45,87,166,9,135,61,63,135,45,90,59,11,35,13,9,13,13,0,2,0,1,10,142,110,11,1,1,97,6,0,1,5,0,20,1,3,15,0,1,0,4,1,1,0,2,0,2,220,111,15,96,0,5,77,27,14,13,21,21,16,5,0,0,25
2021,"Hackney 002","E02000346",9394,6855,5483,394,356,17,15,46,13,25,2,1,0,16,487,2539,0,0,0,1,106,15,1373,1077,109,48,142,122,165,134,12,151,85,109,296,119,177,256,27,170,38,68,64,59,2,10,5,3,39,472,38,20,5,0,13,216,166,15,14,21,149,11,75,46,14,2,1,62,11,24,5,22,3,4,213,80,21,59,0,6,89,38,21,17,67,67,53,14,0,0,36
2021,"Hackney 003","E02000347",8150,6885,5682,432,480,18,5,22,3,10,1,0,0,12,220,1265,0,0,0,0,63,4,712,560,48,13,69,59,95,102,1,88,40,45,152,55,97,91,1,78,8,33,37,12,1,2,0,0,9,178,117,19,4,0,94,7,2,0,3,2,40,0,29,8,3,0,0,12,6,0,0,6,0,2,155,95,11,84,0,1,46,13,6,7,40,40,22,18,0,0,22
2021,"Hackney 004","E02000348",8101,6859,5744,417,440,4,5,11,4,18,4,0,0,9,203,1242,0,0,0,0,70,6,676,521,39,12,65,51,81,76,2,108,22,65,155,76,79,142,7,107,29,37,41,28,0,3,4,3,18,153,107,17,2,0,88,6,2,1,2,1,35,3,4,26,2,0,0,5,1,2,0,2,0,0,145,76,9,65,2,1,40,28,11,17,12,12,7,5,0,0,38
2021,"Hackney 006","E02000350",10243,8132,6412,411,613,22,29,66,27,28,6,2,0,19,497,2111,0,0,0,0,163,44,1056,791,118,37,134,58,127,93,27,94,44,59,265,78,187,129,44,53,16,17,20,32,0,5,6,3,18,251,91,47,0,0,44,45,22,11,11,1,89,4,24,41,16,4,0,15,1,2,3,9,0,11,292,128,36,91,1,2,138,24,12,12,129,128,82,45,1,1,47
2021,"Hackney 007","E02000351",9296,7050,5219,440,588,44,25,60,32,32,9,0,0,20,581,2246,0,0,0,0,168,36,1260,971,155,50,182,65,136,152,15,90,57,69,289,89,200,170,30,75,19,28,28,65,1,7,16,1,40,219,47,36,3,1,7,63,24,1,31,7,69,3,21,34,9,2,0,35,14,1,1,19,3,2,220,119,47,69,3,6,76,19,9,10,118,118,86,32,0,0,55
2021,"Hackney 008","E02000352",6746,5527,4259,299,466,27,15,41,16,17,5,2,0,21,359,1219,0,0,1,0,97,18,708,515,61,20,75,27,53,88,12,105,37,37,193,45,148,81,8,47,4,16,27,26,2,1,8,1,14,101,49,26,1,0,22,19,2,1,11,5,23,0,10,10,3,0,0,9,2,2,0,5,1,0,121,60,14,46,0,5,28,28,19,9,68,68,53,15,0,0,24
2021,"Hackney 009","E02000353",7763,6175,4650,367,498,29,9,55,24,31,7,2,0,23,480,1588,0,0,0,0,138,29,866,649,93,40,137,40,98,119,5,48,22,47,217,42,175,65,8,41,11,13,17,16,2,1,6,2,5,116,27,9,3,1,14,31,5,4,9,13,44,0,4,27,9,4,0,9,2,4,1,2,2,3,180,95,43,52,0,4,55,26,5,21,133,132,92,38,2,1,61
2021,"Hackney 010","E02000354",9605,7647,6125,421,486,30,14,69,25,15,3,3,1,21,434,1958,0,0,0,0,125,20,1098,837,76,31,150,111,156,107,9,81,17,99,261,124,137,175,5,138,40,45,53,32,0,6,9,1,16,198,36,13,6,1,16,19,6,4,3,6,114,0,46,51,14,0,3,21,1,3,4,13,0,8,221,77,31,45,1,9,68,67,37,30,95,94,60,34,0,1,26
2021,"Hackney 011","E02000355",8197,6528,5069,402,417,29,16,70,24,26,5,4,0,23,443,1669,0,0,3,0,156,41,887,679,108,50,106,72,89,103,25,53,15,58,208,36,172,121,9,78,18,27,33,34,2,4,6,0,22,136,21,8,3,1,9,24,9,1,11,3,77,3,10,47,16,1,0,13,2,6,0,5,0,1,185,60,21,38,1,2,55,68,34,34,113,113,76,37,0,0,27
2021,"Hackney 012","E02000356",7031,5596,4190,367,441,32,12,64,26,32,12,2,1,31,386,1435,0,0,0,0,113,44,794,532,92,45,105,32,71,81,5,42,8,51,262,67,195,60,8,32,10,10,12,20,0,1,8,1,10,99,28,15,2,0,11,27,5,2,17,3,26,1,4,14,7,0,0,16,3,3,1,9,2,0,163,87,24,63,0,6,40,30,10,20,129,129,90,38,1,0,33
2021,"Hackney 013","E02000357",6840,5484,4524,351,280,15,8,17,6,10,3,0,1,18,251,1356,0,0,0,0,84,13,665,490,51,17,69,74,61,53,17,65,34,49,175,74,101,335,11,288,78,124,86,36,2,7,3,1,23,98,28,20,0,2,6,7,2,0,1,4,41,5,15,12,9,0,0,20,6,2,2,10,2,0,120,13,3,10,0,1,30,76,39,37,21,21,16,5,0,0,20
2021,"Hackney 014","E02000358",11087,8241,6283,521,585,44,21,58,37,36,7,0,0,35,614,2846,0,0,0,0,230,48,1612,1201,187,98,230,86,180,154,23,101,33,109,411,179,232,211,15,141,43,44,54,55,2,3,13,3,34,218,59,39,3,1,16,56,13,3,30,10,70,2,24,33,8,2,1,27,3,5,4,15,3,3,281,119,35,84,0,6,92,64,32,32,188,188,121,66,1,0,58
2021,"Hackney 015","E02000359",6697,5440,4339,317,348,20,15,52,13,12,4,0,1,20,299,1257,0,0,2,0,97,17,674,503,52,27,93,57,77,65,16,43,35,38,171,56,115,114,4,96,15,49,32,14,0,1,5,0,8,125,16,12,0,1,3,12,5,2,2,3,70,5,6,22,36,1,0,21,5,1,3,12,0,6,131,52,15,36,1,14,21,44,8,36,69,68,44,24,0,1,28
2021,"Hackney 016","E02000360",11510,9056,7441,456,501,19,11,63,24,23,7,1,0,19,491,2454,0,0,0,0,152,24,1236,980,108,59,145,146,122,156,14,102,18,110,256,135,121,413,32,317,100,114,103,64,1,20,6,5,32,264,57,37,4,4,12,37,6,0,24,7,105,15,29,45,12,4,0,58,15,8,3,32,5,2,244,82,18,64,0,6,72,84,50,34,84,84,57,27,0,0,37
2021,"Hackney 017","E02000361",8052,5951,4542,341,415,30,16,69,21,27,9,1,0,28,452,2101,0,0,0,0,121,18,1120,904,108,50,165,95,134,143,10,94,19,86,216,72,144,190,21,104,33,27,44,65,2,9,16,1,37,205,25,10,5,4,6,60,26,8,16,10,58,3,16,27,9,2,1,53,10,1,2,40,0,9,238,123,46,77,0,11,65,39,19,20,153,153,98,55,0,0,56
2021,"Hackney 018","E02000362",6964,5647,4313,469,461,16,15,39,18,30,3,2,0,12,269,1317,0,0,0,0,101,29,663,499,49,21,101,68,72,83,19,46,11,29,164,62,102,218,10,164,31,63,70,44,3,8,5,0,28,108,20,9,3,3,5,24,12,2,6,4,33,5,7,17,2,1,1,28,6,7,0,15,1,2,127,49,13,35,1,4,36,38,22,16,53,53,41,12,0,0,18
2021,"Hackney 019","E02000363",11883,9601,7841,615,576,20,13,56,18,16,6,1,0,16,423,2282,0,0,0,0,116,17,1167,880,85,40,130,159,141,117,21,87,11,89,287,146,141,432,20,336,96,129,111,76,4,21,3,5,43,267,64,48,2,1,13,39,21,9,6,3,103,1,49,40,12,1,0,53,15,0,1,37,0,8,190,58,24,34,0,4,59,69,47,22,53,53,43,10,0,0,40
2021,"Hackney 020","E02000364",9221,7263,5598,522,519,34,23,57,24,20,9,1,2,19,435,1958,0,0,1,0,147,20,1001,774,115,65,170,48,85,122,14,62,15,78,227,60,167,152,8,103,26,44,33,41,1,16,7,0,17,151,32,11,0,2,19,49,11,2,17,19,40,1,5,23,10,1,0,25,4,1,7,13,1,4,235,128,49,78,1,1,49,57,29,28,203,203,139,63,1,0,48
2021,"Hackney 022","E02000366",8331,6869,5054,712,542,31,9,78,15,19,5,0,0,17,387,1462,0,0,0,0,169,29,741,525,93,28,78,80,56,72,14,43,10,51,216,59,157,153,9,118,36,39,43,26,1,3,8,0,14,117,16,8,0,1,7,19,4,2,11,2,51,2,19,24,5,1,0,27,3,3,1,20,0,4,148,53,17,36,0,2,35,58,35,23,74,73,64,9,0,1,31
2021,"Hackney 023","E02000367",10420,7639,5654,512,649,29,18,92,30,37,10,3,0,30,575,2781,0,0,1,0,213,44,1441,1131,169,90,209,97,185,165,31,66,29,90,310,82,228,193,18,135,41,43,51,40,0,5,12,2,21,212,50,11,2,0,37,82,50,4,13,15,44,1,17,22,0,2,2,30,5,2,4,19,4,2,391,184,55,129,0,12,114,81,45,36,223,223,169,54,0,0,63
2021,"Hackney 024","E02000368",9928,7839,6176,533,487,16,8,41,15,33,4,0,0,11,515,2089,0,0,0,0,157,21,1115,870,117,48,172,97,136,138,7,79,18,58,245,109,136,237,10,180,53,55,72,47,6,6,8,3,24,176,39,18,1,3,17,25,15,2,6,2,58,1,35,15,5,1,1,49,7,4,6,32,2,3,217,88,25,62,1,7,63,59,32,27,125,125,84,41,0,0,41
2021,"Hackney 025","E02000369",13462,9873,7546,704,649,42,25,99,32,23,6,2,0,27,718,3589,0,0,0,2,204,35,1945,1506,278,86,248,166,167,255,37,117,35,117,439,204,235,325,35,220,60,66,94,70,0,7,21,1,41,357,91,48,13,4,26,98,40,14,25,19,95,2,24,55,10,1,3,59,8,21,5,25,11,3,377,198,60,137,1,11,101,67,44,23,274,274,176,98,0,0,70
2021,"Hackney 026","E02000370",8860,6328,4855,496,413,17,7,41,15,13,4,0,0,14,453,2532,0,1,0,0,111,32,1345,1074,202,65,163,103,135,169,23,68,73,73,271,102,169,226,32,152,50,47,55,42,1,6,11,3,21,323,70,36,5,3,26,106,44,14,22,26,87,7,14,49,14,2,1,47,9,15,13,10,7,6,281,170,37,132,1,7,81,23,14,9,167,167,118,49,0,0,46
2021,"Hammersmith and Fulham 001","E02000372",9985,7065,5262,736,496,10,7,26,16,14,12,0,0,12,474,2920,0,0,0,0,142,18,1296,1149,92,35,216,95,207,175,20,142,54,113,147,23,124,216,83,53,15,18,20,80,0,30,7,9,34,936,150,5,36,15,94,398,302,30,36,30,136,19,16,75,18,8,0,226,126,61,5,34,2,24,188,56,15,41,0,4,79,49,12,37,67,67,45,22,0,0,57
2021,"Hammersmith and Fulham 002","E02000373",7038,5695,4672,386,257,9,5,9,6,10,0,0,0,9,332,1343,0,0,0,0,65,5,676,585,30,31,105,75,79,102,17,74,27,45,91,8,83,249,39,76,22,25,29,134,1,90,4,2,37,220,45,3,13,3,26,35,21,2,3,9,41,10,14,6,9,2,0,86,69,6,1,10,0,13,98,14,6,7,1,4,46,34,11,23,12,12,8,4,0,0,18
2021,"Hammersmith and Fulham 003","E02000374",6913,5258,3902,496,418,22,3,19,12,10,1,1,0,14,360,1655,0,0,1,0,126,20,887,773,112,19,137,69,122,97,16,89,42,70,114,9,105,120,36,27,4,12,11,57,4,16,7,3,27,296,67,1,8,4,54,86,49,12,9,16,67,11,5,40,8,2,1,71,49,17,1,4,0,5,116,47,11,36,0,5,41,23,10,13,64,64,34,30,0,0,25
2021,"Hammersmith and Fulham 004","E02000375",7490,5476,4185,395,435,11,7,26,9,23,7,1,1,15,361,2014,0,0,0,1,128,15,1137,980,131,40,186,62,153,166,30,70,61,81,157,24,133,149,34,38,11,7,20,77,1,23,8,1,44,331,58,2,24,2,30,135,58,16,45,16,60,4,14,25,13,2,2,70,40,16,3,11,4,4,146,72,21,51,0,8,45,21,8,13,56,55,35,20,0,1,51
2021,"Hammersmith and Fulham 005","E02000376",6704,4670,3436,370,404,14,13,35,13,18,5,1,0,14,347,2034,0,0,1,0,110,19,1136,989,111,29,205,92,170,119,22,85,48,108,147,9,138,137,42,40,7,7,26,55,0,9,10,1,35,278,44,8,14,7,15,74,44,7,11,12,85,0,9,43,31,1,1,63,34,14,2,13,0,12,195,59,12,47,0,9,84,43,8,35,106,106,71,34,1,0,52
2021,"Hammersmith and Fulham 006","E02000377",7800,5846,4277,498,507,26,9,43,15,22,8,0,0,27,414,1954,0,1,0,1,171,19,1063,903,92,50,195,75,146,107,23,96,44,75,160,16,144,134,35,31,8,9,14,68,0,19,19,0,30,303,51,6,13,1,31,80,43,11,12,14,54,9,7,26,8,3,1,102,78,6,4,14,0,16,147,54,17,35,2,5,64,24,9,15,78,78,43,35,0,0,37
2021,"Hammersmith and Fulham 007","E02000378",6435,4407,3147,318,402,20,9,36,16,16,3,0,0,14,426,2028,1,0,0,0,114,20,1213,1034,205,40,224,65,148,149,15,58,42,88,179,11,168,90,34,23,3,7,13,33,2,10,7,2,12,297,56,2,20,2,32,106,50,19,18,19,54,9,2,31,8,2,2,72,45,8,5,14,4,5,185,84,14,70,0,10,76,15,3,12,68,68,51,17,0,0,40
2021,"Hammersmith and Fulham 008","E02000379",7387,5741,4200,420,484,33,11,48,30,19,4,0,3,16,473,1646,0,0,0,0,161,24,947,775,114,31,133,61,100,107,21,83,24,101,172,24,148,76,22,20,3,6,11,34,0,10,5,3,16,197,58,2,22,2,32,58,17,4,23,14,42,3,5,24,4,5,1,27,9,5,1,12,1,11,140,71,16,52,3,2,58,9,5,4,68,54,34,19,1,14,33
2021,"Hammersmith and Fulham 009","E02000380",5504,4198,2940,340,437,13,10,39,23,13,5,1,0,20,357,1306,0,0,0,0,115,12,701,570,142,35,98,33,76,77,5,31,24,49,131,11,120,64,18,12,1,3,8,34,0,6,11,2,15,179,25,0,9,0,16,70,31,13,16,10,37,2,2,29,3,1,0,45,28,5,4,8,0,2,116,75,9,64,2,5,25,11,4,7,84,84,56,27,1,0,35
2021,"Hammersmith and Fulham 010","E02000381",7626,5475,3792,485,473,30,14,37,20,13,7,0,0,21,583,2151,0,0,0,0,116,27,1292,1114,299,63,213,58,131,193,17,38,30,72,178,20,158,92,38,25,7,11,7,29,1,8,11,1,8,231,59,6,29,6,18,74,38,4,19,13,29,2,1,19,7,0,0,59,39,12,3,5,7,3,249,159,38,119,2,15,61,14,7,7,81,80,61,19,0,1,63
2021,"Hammersmith and Fulham 011","E02000382",6195,4492,3178,339,443,34,13,35,13,14,8,1,0,19,395,1703,0,0,1,0,107,26,859,693,110,26,136,29,95,94,25,68,38,72,166,11,155,83,27,31,6,10,15,25,0,2,5,4,14,358,54,3,30,5,16,172,103,24,25,20,68,5,2,42,12,1,6,55,26,10,2,17,3,6,171,108,19,87,2,8,45,10,5,5,61,59,42,17,0,2,37
2021,"Hammersmith and Fulham 012","E02000383",8458,5715,4081,461,495,17,18,36,32,22,6,3,0,11,533,2743,0,1,0,0,149,14,1526,1322,255,51,256,94,181,191,26,82,47,139,204,18,186,147,57,33,3,5,25,57,3,12,26,2,14,568,118,7,48,15,48,157,86,22,18,31,98,5,4,72,12,5,0,168,87,25,24,32,9,18,205,91,28,63,0,10,81,23,6,17,81,81,64,17,0,0,52
2021,"Hammersmith and Fulham 013","E02000384",8261,5833,4210,537,501,22,9,36,21,34,8,4,0,18,433,2428,0,0,0,0,135,16,1274,1083,139,48,215,90,191,178,19,62,54,87,191,15,176,119,32,25,7,10,8,62,1,17,16,9,19,536,68,9,28,5,26,270,165,24,49,32,69,5,6,43,14,1,0,114,46,24,21,23,7,8,199,88,19,69,0,5,92,14,5,9,107,107,83,24,0,0,42
2021,"Hammersmith and Fulham 014","E02000385",5621,3835,2537,356,424,23,11,37,22,20,4,2,0,18,381,1786,0,0,0,0,85,12,1010,864,158,45,196,53,102,140,8,47,33,82,146,18,128,88,22,23,1,12,10,43,2,5,26,1,9,254,29,0,4,0,25,80,36,14,15,15,69,19,6,34,6,1,3,64,19,14,11,20,3,9,185,104,32,72,0,4,66,11,2,9,112,110,87,23,0,2,40
2021,"Hammersmith and Fulham 015","E02000386",7576,5685,4257,541,441,16,12,27,18,11,9,0,0,25,328,1891,0,0,0,0,133,11,1021,903,131,28,225,58,122,112,23,81,41,82,118,17,101,147,37,39,9,12,18,71,1,22,10,2,36,313,52,4,15,16,17,93,37,10,11,35,56,6,7,22,18,1,2,102,65,15,6,16,0,10,162,50,13,37,0,8,78,26,7,19,62,61,45,16,0,1,42
2021,"Hammersmith and Fulham 016","E02000387",6032,4350,3049,451,434,22,9,25,23,13,3,0,1,12,308,1682,1,0,0,0,94,13,887,764,138,25,171,80,106,80,18,51,29,66,123,19,104,88,26,25,5,11,9,37,0,7,17,3,10,342,16,1,3,0,12,49,21,4,6,18,60,3,8,28,16,0,5,183,148,15,5,15,0,34,143,57,18,39,0,5,62,19,8,11,65,65,39,26,0,0,49
2021,"Hammersmith and Fulham 017","E02000388",8655,6039,4057,637,675,20,23,45,26,19,11,0,1,23,502,2616,0,0,0,0,151,20,1458,1276,288,63,278,69,171,196,23,73,33,82,182,27,155,138,41,39,9,17,13,58,8,2,26,2,20,376,41,1,11,2,27,105,64,6,18,17,96,4,1,60,26,0,5,121,55,18,16,32,3,10,260,162,51,107,4,6,71,21,11,10,147,146,96,49,1,1,66
2021,"Hammersmith and Fulham 018","E02000389",8645,6143,4110,659,657,23,14,31,45,17,7,0,0,20,560,2502,0,0,0,0,138,21,1404,1186,254,75,290,74,141,164,15,57,31,85,218,24,194,78,14,20,1,7,12,44,3,4,25,7,5,382,52,3,8,1,40,180,78,25,61,16,59,1,4,39,10,5,0,78,35,18,12,13,2,11,241,132,30,102,0,6,86,17,4,13,183,183,122,61,0,0,55
2021,"Hammersmith and Fulham 019","E02000390",6199,4657,3205,477,526,20,12,53,19,9,5,0,0,16,315,1542,0,0,0,0,107,21,910,789,147,40,147,88,91,112,13,50,35,66,121,12,109,84,23,24,6,9,9,37,1,6,23,0,7,122,21,1,3,1,16,41,16,11,9,5,18,0,7,9,1,1,0,33,13,9,7,4,0,9,164,92,24,67,1,7,52,13,8,5,99,99,81,18,0,0,35
2021,"Hammersmith and Fulham 020","E02000391",7586,5586,3782,581,573,28,15,49,22,24,7,0,0,16,489,2000,0,0,0,0,119,16,1094,965,290,49,176,37,149,159,8,36,20,41,129,19,110,71,13,27,9,5,13,31,0,3,23,0,5,195,28,2,9,2,15,70,41,9,14,6,41,7,4,24,5,1,0,51,32,3,6,10,1,4,335,235,57,178,0,13,68,19,3,16,98,97,73,24,0,1,72
2021,"Hammersmith and Fulham 021","E02000392",9233,6772,4631,697,718,38,9,50,40,22,10,0,0,25,532,2461,0,0,1,0,178,19,1331,1116,298,73,223,55,110,184,14,33,22,104,215,37,178,125,44,19,2,5,12,62,2,10,31,2,17,245,34,1,8,5,20,91,50,8,7,26,43,5,3,23,10,2,0,71,48,8,5,10,0,6,326,240,49,190,1,3,66,17,5,12,174,174,135,36,3,0,62
2021,"Hammersmith and Fulham 022","E02000393",5970,4386,2954,401,456,15,14,45,21,22,6,0,0,19,433,1584,0,0,0,0,135,34,927,814,222,43,173,40,81,154,6,33,18,44,113,7,106,69,13,12,0,7,5,44,0,0,39,1,4,106,17,2,2,0,13,29,9,7,7,6,17,1,0,10,1,5,0,37,19,7,0,11,5,1,159,103,22,81,0,5,45,6,3,3,126,126,102,24,0,0,28
2021,"Hammersmith and Fulham 023","E02000394",9284,6931,4896,669,680,30,8,56,32,24,5,0,0,19,512,2353,0,0,0,0,133,19,1250,1014,243,52,221,57,89,153,14,75,28,82,236,31,205,146,30,40,8,22,10,76,3,25,29,4,15,439,112,4,40,7,61,186,127,25,18,16,72,4,5,50,10,1,2,59,34,8,3,14,8,2,229,113,27,86,0,8,82,26,3,23,84,84,64,20,0,0,53
2021,"Hammersmith and Fulham 024","E02000395",5680,4169,2734,405,539,24,15,40,27,10,5,1,0,21,348,1511,0,0,0,0,112,22,865,706,171,32,118,39,109,112,5,36,11,73,159,22,137,59,4,8,2,2,4,47,0,3,33,1,10,105,4,0,2,0,2,42,21,5,8,8,13,0,0,8,5,0,0,39,17,6,6,10,7,0,203,153,52,101,0,7,40,3,1,2,112,112,94,18,0,0,33
2021,"Hammersmith and Fulham 025","E02000396",6898,5245,3554,603,522,16,5,39,29,13,3,1,1,7,452,1653,0,0,1,0,68,7,986,857,246,26,161,37,106,166,5,33,9,68,129,16,113,95,27,20,4,9,7,48,3,11,13,1,20,163,33,1,2,4,26,49,21,12,8,8,28,4,4,11,5,0,4,47,31,9,3,4,0,6,196,123,28,95,0,0,66,7,4,3,85,85,67,18,0,0,52
2021,"Haringey 001","E02000397",7906,5355,4073,411,368,17,9,37,16,13,6,0,0,15,390,2551,0,0,0,0,110,23,1936,1645,30,19,154,60,143,228,32,368,181,430,291,83,208,136,27,53,15,15,23,56,4,9,8,0,35,179,65,34,18,5,8,25,12,3,9,1,50,5,14,22,2,5,2,31,20,2,1,8,3,5,109,16,4,11,1,5,58,30,21,9,15,15,8,7,0,0,43
2021,"Haringey 002","E02000398",7524,5174,4417,291,188,3,2,10,4,8,0,0,0,1,250,2350,0,0,0,0,34,2,1574,1369,36,5,54,140,215,101,34,166,377,241,205,132,73,340,16,219,77,68,74,105,1,34,3,2,65,162,63,51,9,0,3,15,6,6,3,0,47,7,11,4,14,0,11,31,18,4,0,9,2,4,192,15,4,11,0,21,84,72,47,25,4,4,4,0,0,0,42
2021,"Haringey 004","E02000400",7985,6153,4790,431,433,15,9,32,18,13,3,2,0,16,391,1832,0,0,0,0,136,27,1235,961,34,18,88,27,80,226,13,153,91,231,274,55,219,91,11,44,23,10,11,36,0,9,6,2,19,164,63,35,18,2,8,31,11,2,13,5,33,2,15,10,2,4,0,36,14,16,0,6,0,1,109,43,19,23,1,2,40,24,13,11,37,37,27,10,0,0,33
2021,"Haringey 005","E02000401",6862,5328,4262,480,289,4,4,8,2,7,2,0,0,4,266,1534,0,0,0,0,81,12,990,803,39,11,63,76,82,60,10,129,123,210,187,113,74,129,16,77,36,14,27,36,1,18,3,0,14,194,75,62,3,2,8,21,16,1,3,1,60,0,39,14,3,0,4,36,19,7,0,10,0,2,93,3,2,1,0,0,49,41,19,22,2,2,1,1,0,0,33
2021,"Haringey 006","E02000402",6473,4849,3948,350,280,5,1,5,5,9,2,0,0,5,239,1624,0,0,0,0,61,12,1064,835,21,17,63,68,72,57,10,118,145,264,229,153,76,182,9,128,58,36,34,45,2,14,6,1,22,137,67,57,6,1,3,18,17,0,1,0,29,0,9,8,6,6,0,21,16,0,0,5,1,1,138,8,3,5,0,5,75,50,26,24,3,3,2,1,0,0,27
2021,"Haringey 007","E02000403",7513,4582,3433,344,262,14,14,27,10,6,15,0,0,13,444,2931,0,0,0,0,98,20,2189,1865,43,41,213,48,161,240,38,326,255,500,324,71,253,193,20,114,10,11,93,59,4,8,4,6,37,195,45,26,13,0,6,56,33,13,4,6,62,0,8,46,4,2,2,30,12,6,3,9,2,0,159,33,14,18,1,3,97,26,8,18,28,27,19,8,0,1,49
2021,"Haringey 008","E02000404",7108,4697,3764,308,226,7,5,9,4,14,3,0,0,9,348,2411,0,0,0,0,91,7,1865,1577,36,13,175,56,156,147,32,241,204,517,288,116,172,126,21,69,30,19,20,36,0,11,2,0,23,169,44,19,8,6,11,41,31,1,5,4,50,5,11,19,12,3,0,25,6,9,2,8,3,6,111,15,2,13,0,0,63,33,22,11,15,15,9,6,0,0,27
2021,"Haringey 009","E02000405",6475,5402,3953,395,531,31,12,35,23,21,10,0,0,15,376,1073,0,0,0,0,129,30,619,454,35,16,119,12,44,65,11,45,19,88,165,27,138,49,6,19,2,3,14,24,0,0,8,0,16,80,16,5,6,0,5,36,5,3,23,5,16,1,4,10,0,1,0,10,4,2,4,0,0,2,92,62,11,51,0,3,23,4,2,2,43,43,29,14,0,0,31
2021,"Haringey 010","E02000406",6737,4655,3709,316,238,13,6,23,5,8,4,0,0,6,327,2082,0,0,0,0,91,15,1525,1311,41,6,195,65,120,112,27,202,153,390,214,61,153,102,15,54,13,19,22,33,0,3,3,1,26,161,46,40,1,0,5,46,36,0,9,1,31,5,5,13,7,0,1,28,11,12,0,5,4,6,139,27,10,17,0,4,76,32,14,18,10,10,7,3,0,0,39
2021,"Haringey 011","E02000407",7607,5029,4056,316,219,15,2,14,15,7,4,2,0,3,376,2578,0,0,2,0,70,16,1684,1504,39,15,110,108,247,68,32,260,323,302,180,73,107,315,20,195,71,58,66,100,2,36,4,2,56,198,43,26,10,2,5,64,55,2,7,0,51,13,11,18,4,5,0,38,25,0,1,12,0,2,236,15,6,9,0,6,138,77,47,30,10,10,6,4,0,0,47
2021,"Haringey 012","E02000408",8248,5605,4584,346,295,8,5,10,0,8,1,1,2,9,336,2643,0,0,0,0,85,7,1765,1535,22,16,112,123,166,116,35,242,495,208,230,135,95,298,32,156,62,41,53,110,3,32,0,3,72,206,52,39,5,0,8,33,27,2,2,2,77,4,11,48,6,5,3,36,18,4,1,13,0,8,242,11,3,7,1,4,141,86,39,47,6,6,5,1,0,0,34
2021,"Haringey 013","E02000409",6060,4540,3797,192,195,9,4,11,4,18,1,0,0,9,300,1520,0,0,0,0,49,5,1000,790,40,16,92,53,97,80,22,132,110,148,210,108,102,166,13,104,53,10,41,49,0,18,4,0,27,146,68,48,5,3,12,17,11,1,2,3,33,0,8,9,12,4,0,22,12,3,0,7,3,3,110,12,2,10,0,1,68,29,18,11,26,26,21,5,0,0,18
2021,"Haringey 014","E02000410",6415,5107,3618,415,570,29,12,51,29,14,6,2,0,22,339,1308,0,0,0,0,112,32,831,587,43,32,116,23,62,105,8,40,44,114,244,49,195,41,8,16,1,13,2,17,0,1,6,3,7,121,28,2,5,0,21,46,13,3,27,3,26,10,0,10,5,1,0,15,2,1,6,6,3,3,107,57,17,40,0,1,37,12,7,5,35,35,32,3,0,0,29
2021,"Haringey 015","E02000411",11438,7704,6115,442,469,23,17,47,14,13,4,0,0,9,551,3734,0,0,0,0,91,16,2360,2109,73,29,165,124,234,137,41,403,552,351,251,114,137,337,16,202,76,50,76,119,1,52,8,9,49,534,67,47,10,0,10,272,229,24,4,15,116,4,7,45,23,7,30,65,28,12,5,20,4,10,309,43,10,33,0,16,173,77,43,34,45,40,24,16,0,5,42
2021,"Haringey 016","E02000412",7327,4923,3920,280,300,21,6,19,6,6,2,0,0,6,357,2404,0,0,0,0,82,20,1628,1355,51,25,235,85,146,183,17,126,141,346,273,101,172,218,21,117,50,35,32,80,0,22,2,2,54,257,69,38,18,3,10,63,52,2,6,3,88,3,17,42,12,13,1,34,14,6,4,10,1,2,141,35,9,26,0,3,71,32,22,10,14,14,10,4,0,0,44
2021,"Haringey 017","E02000413",7762,6437,4628,526,631,27,21,37,34,12,6,1,1,23,490,1325,0,0,0,0,136,26,774,597,57,37,102,21,47,123,16,45,48,101,177,43,134,44,5,21,6,6,9,18,2,0,8,0,8,168,64,16,13,0,35,50,17,6,18,9,39,7,1,25,4,1,1,15,7,1,0,7,0,0,123,57,15,41,1,1,41,24,15,9,34,34,27,7,0,0,20
2021,"Haringey 018","E02000414",7086,4832,3864,280,295,7,6,24,8,4,2,2,0,10,330,2254,0,0,0,0,64,10,1570,1365,38,17,92,101,211,62,19,313,290,222,205,48,157,200,18,116,44,35,37,66,6,13,3,1,43,145,38,21,5,0,12,23,12,3,6,2,65,1,15,16,11,6,16,12,8,0,1,3,4,3,220,29,12,17,0,8,122,61,30,31,9,9,4,5,0,0,36
2021,"Haringey 019","E02000415",7240,4638,3603,270,301,18,6,29,7,15,6,0,1,10,372,2602,0,0,0,0,110,17,1927,1688,67,21,244,96,233,140,40,355,151,341,239,71,168,124,20,54,26,8,20,50,1,19,1,1,28,181,30,17,9,0,4,54,32,4,8,10,75,2,25,37,7,4,0,17,4,5,1,7,0,5,184,34,6,28,0,3,113,34,16,18,24,24,17,6,1,0,35
2021,"Haringey 020","E02000416",8454,6654,4940,481,574,40,20,64,25,33,3,1,0,14,459,1800,0,0,0,0,155,37,1035,774,69,21,140,47,106,150,17,77,36,111,261,80,181,126,21,55,24,17,14,50,5,9,10,3,23,183,51,41,6,0,4,38,15,2,15,6,55,1,6,33,3,11,1,33,5,10,2,16,1,5,149,55,19,36,0,1,60,33,24,9,64,64,40,24,0,0,51
2021,"Haringey 021","E02000417",6546,5221,3644,412,570,31,16,45,25,21,9,0,1,23,424,1325,0,0,0,0,109,22,842,571,66,36,91,39,33,104,7,68,48,79,271,57,214,43,4,16,3,9,4,23,0,0,18,1,4,103,29,10,5,0,14,36,16,3,7,10,19,0,0,13,4,0,2,15,4,6,3,2,1,3,119,92,17,74,1,5,15,7,5,2,57,57,45,12,0,0,30
2021,"Haringey 022","E02000418",5432,4671,3301,382,493,48,9,52,32,17,4,1,0,21,311,761,0,0,1,0,104,24,417,295,47,14,48,22,20,60,8,20,13,43,122,19,103,22,5,5,1,1,3,12,2,0,3,0,7,56,18,1,5,0,12,16,1,0,12,3,15,0,0,11,2,1,1,6,1,4,0,1,0,1,77,59,13,43,3,0,14,4,2,2,44,44,33,11,0,0,16
2021,"Haringey 023","E02000419",8727,5677,4248,361,449,27,15,64,34,13,2,2,1,14,447,3050,0,0,0,0,125,30,2195,1788,70,40,257,95,245,289,10,216,137,429,407,117,290,157,31,56,15,27,14,70,3,29,8,1,29,233,66,24,20,20,2,32,16,5,8,3,99,13,11,47,16,1,11,24,18,1,1,4,4,8,202,40,15,25,0,8,111,43,19,24,59,59,42,16,1,0,49
2021,"Haringey 024","E02000420",7991,5402,4251,370,332,12,8,18,9,18,5,7,0,8,364,2589,0,0,0,0,100,21,1697,1411,53,21,183,110,238,81,33,252,206,234,286,109,177,182,12,107,41,24,42,63,1,12,6,3,41,225,63,32,16,6,9,49,34,2,7,6,60,1,33,15,5,5,1,44,16,4,1,23,8,1,301,23,6,16,1,3,201,74,33,41,18,18,10,8,0,0,45
2021,"Haringey 025","E02000421",8510,5790,4781,253,299,10,6,25,13,12,7,1,0,13,370,2720,0,0,0,0,49,8,1759,1539,50,22,241,121,351,79,36,211,235,193,220,83,137,244,17,155,76,34,45,72,0,24,1,6,41,236,46,37,2,0,7,61,45,6,4,6,91,2,13,45,23,4,4,35,8,11,1,15,0,3,371,24,7,16,1,5,239,103,46,57,16,16,12,4,0,0,37
2021,"Haringey 026","E02000422",7460,5144,4187,269,275,9,8,18,8,26,5,0,0,8,331,2316,0,0,0,0,92,26,1533,1313,36,20,130,88,230,84,18,185,256,266,220,65,155,210,25,93,31,26,36,92,6,18,4,1,63,154,63,32,10,15,6,25,20,0,3,2,41,5,13,14,5,3,1,22,11,4,0,7,1,2,221,21,4,17,0,6,146,48,20,28,21,21,15,6,0,0,59
2021,"Haringey 027","E02000423",6902,4480,3331,322,353,7,8,29,12,17,1,0,0,10,390,2422,0,0,0,0,95,20,1788,1547,53,17,373,64,221,136,22,129,158,374,241,68,173,111,19,49,13,14,22,43,2,17,3,1,20,116,36,7,6,0,23,18,9,3,3,3,34,1,9,18,4,1,1,27,19,6,0,2,1,0,201,41,12,28,1,28,105,27,13,14,30,29,17,12,0,1,61
2021,"Haringey 028","E02000424",6747,5560,4031,412,554,30,12,42,19,22,7,1,1,17,412,1187,0,0,0,0,158,27,698,490,46,20,97,25,68,89,10,37,31,67,208,46,162,48,5,24,11,7,6,19,1,2,5,2,9,53,10,5,1,1,3,21,3,0,13,5,9,4,0,2,2,1,0,13,8,1,1,3,0,0,122,68,23,45,0,5,32,17,12,5,58,58,45,13,0,0,23
2021,"Haringey 029","E02000425",8166,6542,5578,321,425,4,1,10,1,4,4,0,0,4,190,1624,0,0,0,0,36,6,1074,951,31,15,89,51,159,123,9,176,212,86,123,31,92,64,6,30,13,6,11,28,3,6,0,0,19,186,115,9,1,0,105,15,6,7,2,0,40,4,9,22,5,0,0,6,1,2,0,3,3,7,218,68,6,62,0,5,115,30,12,18,5,5,5,0,0,0,35
2021,"Haringey 030","E02000426",6485,5244,3811,445,478,15,14,43,30,19,4,2,0,16,367,1241,0,0,0,0,117,31,638,460,43,30,95,24,40,71,15,52,31,59,178,23,155,62,10,12,3,3,6,40,0,4,17,5,14,174,53,9,20,1,23,45,17,7,12,9,45,0,5,33,4,3,0,21,8,6,2,5,5,5,147,87,15,72,0,4,43,13,8,5,58,57,42,15,0,1,14
2021,"Haringey 031","E02000427",6628,4571,3355,288,380,18,10,48,17,17,2,2,0,17,417,2057,0,0,1,0,119,24,1457,1236,83,37,235,51,237,119,49,105,64,256,221,52,169,67,17,22,11,4,7,28,2,3,1,0,22,121,40,29,2,0,9,28,9,2,14,3,34,1,10,10,11,1,1,18,5,7,1,5,0,1,177,51,12,38,1,4,96,26,19,7,52,52,37,15,0,0,39
2021,"Haringey 032","E02000428",8431,6012,4849,307,398,12,8,41,7,5,0,0,0,15,370,2419,0,0,1,0,120,11,1608,1363,69,27,221,124,276,123,12,266,131,114,245,96,149,168,21,84,28,17,39,63,2,18,4,1,38,170,80,27,4,3,46,23,15,2,6,0,52,8,13,25,5,1,0,12,7,0,0,5,0,3,267,38,7,27,4,5,168,56,24,32,33,33,22,11,0,0,41
2021,"Haringey 033","E02000429",6790,5424,3749,405,571,31,22,58,28,18,8,1,1,26,506,1366,0,0,0,0,113,21,765,582,73,60,116,25,50,96,8,56,20,78,183,25,158,52,6,17,5,3,9,29,1,1,18,1,8,148,38,14,8,5,11,53,18,3,27,5,29,0,0,27,1,1,0,20,1,7,7,5,6,2,160,99,29,69,1,9,43,9,2,7,77,77,52,25,0,0,30
2021,"Haringey 034","E02000430",6921,5499,3870,387,552,33,21,71,38,20,7,3,3,19,475,1422,0,0,1,0,143,35,846,666,75,45,129,34,58,158,16,47,25,79,180,19,161,53,7,16,6,1,9,30,2,7,12,1,8,112,18,9,7,0,2,51,13,3,25,10,29,1,3,15,7,3,0,13,5,2,4,2,1,0,135,85,15,69,1,6,29,15,7,8,65,64,41,23,0,1,32
2021,"Haringey 035","E02000431",5849,4526,3040,352,534,33,12,66,40,25,7,1,0,22,394,1323,0,0,1,0,126,24,786,576,68,53,103,25,65,105,6,61,23,67,210,25,185,31,3,8,4,3,1,20,0,2,10,1,7,112,24,0,10,0,14,26,12,0,10,4,33,2,7,18,4,2,0,29,9,5,13,2,0,0,137,97,31,65,1,3,32,5,3,2,77,77,60,17,0,0,29
2021,"Haringey 036","E02000432",6114,4839,3405,352,495,43,14,44,33,20,17,0,1,34,381,1275,0,0,1,0,140,27,745,542,87,26,98,29,81,69,12,58,28,54,203,26,177,80,11,36,7,13,16,33,0,10,6,1,16,82,18,10,4,0,4,31,10,0,18,3,18,3,1,5,7,2,0,11,5,1,2,3,2,2,122,59,11,48,0,4,43,16,13,3,48,48,33,15,0,0,30
2021,"Harrow 001","E02000433",8601,7157,5634,525,578,12,1,13,10,15,5,0,0,1,363,1444,0,0,0,0,57,4,810,760,36,27,39,32,24,94,10,47,413,38,50,12,38,94,5,48,5,29,14,41,15,10,5,1,10,396,54,0,23,11,20,20,12,2,4,2,263,49,0,152,35,20,7,41,30,4,3,4,1,17,58,19,5,14,0,2,22,15,4,11,13,10,7,3,0,3,12
2021,"Harrow 002","E02000434",9845,7838,6276,462,526,9,5,14,8,10,2,0,0,5,521,2007,0,0,0,0,84,12,1211,1118,22,12,58,46,18,82,15,61,743,61,93,9,84,127,15,72,24,41,7,40,12,7,5,4,12,519,71,1,22,8,40,58,30,17,11,0,335,59,3,207,35,29,2,46,28,11,1,6,0,9,36,19,5,14,0,1,10,6,2,4,9,9,4,5,0,0,9
2021,"Harrow 003","E02000435",8186,6591,5315,524,387,13,12,8,7,10,3,0,0,7,305,1595,0,0,0,0,94,7,954,893,23,15,53,29,25,65,6,72,576,29,61,8,53,84,10,24,11,5,8,50,15,19,6,3,7,391,40,7,13,3,17,10,1,0,8,1,313,69,10,142,40,23,29,13,8,1,0,4,0,15,40,20,9,11,0,3,12,5,5,0,13,11,5,6,0,2,12
2021,"Harrow 004","E02000436",5764,5107,4018,420,386,13,10,7,4,3,2,0,0,8,236,657,0,0,1,0,98,10,325,295,14,27,19,14,20,59,15,13,105,9,30,5,25,30,0,14,5,7,2,16,7,3,0,0,6,160,8,1,4,0,3,6,4,0,2,0,119,14,0,77,9,18,1,6,3,3,0,0,0,21,19,7,0,7,0,0,6,6,4,2,8,8,5,3,0,0,6
2021,"Harrow 005","E02000437",8762,6819,5298,729,396,16,5,17,16,15,3,0,0,13,311,1943,0,0,0,0,199,22,1116,1060,31,23,59,45,26,123,20,70,597,66,56,1,55,67,10,32,8,16,8,25,9,5,2,3,6,463,31,3,8,1,19,13,5,0,7,1,367,57,9,179,34,66,22,14,9,3,0,2,0,38,49,20,5,15,0,0,13,16,15,1,7,7,4,3,0,0,20
2021,"Harrow 006","E02000438",8556,6984,5457,709,434,10,2,15,11,15,1,0,0,8,322,1572,0,0,0,0,118,24,784,726,35,15,26,26,53,37,10,79,401,44,58,9,49,136,17,19,4,8,7,100,5,88,0,0,7,438,47,1,7,8,31,19,5,1,6,7,324,28,0,193,36,48,19,16,6,2,2,6,1,31,54,16,5,11,0,0,17,21,13,8,8,8,7,1,0,0,10
2021,"Harrow 007","E02000439",9271,6330,5221,371,260,4,2,14,5,6,3,0,0,1,443,2941,0,0,0,0,121,2,2090,2005,32,14,61,59,25,90,6,131,1501,86,85,8,77,139,16,70,38,20,12,53,9,22,4,2,16,521,54,0,25,3,26,35,23,6,4,2,365,74,12,196,13,54,16,40,16,16,0,8,0,27,45,13,3,10,0,0,19,13,10,3,10,9,7,2,0,1,13
2021,"Harrow 008","E02000440",9604,7848,6385,544,390,10,5,10,8,8,0,0,1,4,483,1756,0,0,0,0,112,13,1142,1084,22,20,22,31,15,64,11,41,830,28,58,4,54,46,7,13,9,2,2,26,16,0,1,1,8,387,41,1,5,6,29,14,5,4,4,1,286,30,4,185,21,46,0,18,4,5,2,7,0,28,30,15,7,8,0,0,6,9,7,2,14,12,9,3,0,2,12
2021,"Harrow 009","E02000441",7480,6282,4728,599,531,9,6,17,9,8,2,2,0,7,364,1198,0,0,2,0,103,9,505,462,17,26,21,30,14,68,2,47,201,36,43,9,34,71,11,17,5,5,7,43,10,11,8,1,13,433,17,1,4,4,8,21,8,5,6,2,355,39,2,277,12,25,0,13,6,3,2,2,0,27,39,18,4,14,0,1,15,5,3,2,21,21,20,1,0,0,15
2021,"Harrow 010","E02000442",9586,6226,5405,212,154,5,1,2,1,9,0,0,0,0,437,3360,0,0,0,0,84,8,2479,2391,25,43,53,62,21,103,3,80,1967,34,88,10,78,56,3,33,23,3,7,20,10,5,1,1,3,678,63,5,13,14,31,17,12,0,3,2,514,65,0,323,33,86,7,30,16,9,0,5,0,54,23,6,1,5,0,0,10,7,3,4,7,7,6,1,0,0,25
2021,"Harrow 011","E02000443",10749,7608,6346,531,338,6,5,8,24,5,1,0,0,6,338,3141,0,0,0,0,226,24,1683,1625,26,33,60,127,46,148,51,126,924,84,58,4,54,110,33,37,12,13,12,40,10,9,3,1,17,985,98,1,10,21,66,43,15,24,4,0,741,123,7,387,65,114,45,40,26,6,3,5,0,63,77,7,2,5,0,1,21,48,28,20,10,10,6,4,0,0,26
2021,"Harrow 012","E02000444",8707,6394,5311,341,231,7,2,7,4,3,2,0,0,5,481,2313,0,0,0,0,88,5,1591,1548,20,19,34,50,16,71,11,54,1251,22,43,3,40,35,2,8,0,3,5,25,9,10,1,0,5,559,50,7,6,7,30,4,1,1,2,0,447,21,0,320,20,81,5,16,10,5,0,1,0,42,23,4,2,2,0,0,15,4,3,1,6,6,5,1,0,0,6
2021,"Harrow 013","E02000445",11768,8124,6759,513,382,4,1,5,1,6,1,0,1,6,445,3644,0,0,0,0,216,35,2163,2056,60,27,73,118,34,144,18,138,1326,118,107,4,103,154,31,53,14,26,13,70,5,43,3,2,17,950,48,1,11,9,27,26,14,4,5,3,821,185,5,397,46,149,39,16,11,4,0,1,1,38,77,26,22,4,0,0,15,36,23,13,12,9,5,4,0,3,37
2021,"Harrow 015","E02000447",8193,6666,5250,546,364,24,5,14,9,3,2,0,0,4,445,1527,0,0,0,0,107,19,762,728,30,44,49,21,15,50,19,81,380,39,34,1,33,44,13,8,3,1,4,23,7,1,3,0,12,542,26,2,1,0,23,28,24,2,2,0,410,25,7,269,24,76,9,24,9,8,2,5,0,54,28,7,7,0,0,0,10,11,5,6,5,4,3,1,0,1,20
2021,"Harrow 016","E02000448",7063,5900,4364,536,585,27,13,20,25,10,3,0,0,11,306,1163,0,0,0,0,118,20,514,433,47,22,11,32,29,78,4,39,114,57,81,12,69,43,6,14,5,6,3,23,1,13,8,0,1,402,68,0,2,6,60,23,12,2,7,2,282,11,1,226,12,27,5,12,5,5,1,1,2,15,44,34,14,20,0,0,8,2,2,0,12,12,4,8,0,0,10
2021,"Harrow 017","E02000449",8299,5860,5080,324,138,1,0,4,0,7,1,0,0,0,305,2439,0,0,0,0,79,9,1667,1639,20,22,21,32,13,82,12,49,1356,32,28,2,26,45,7,11,2,2,7,27,8,12,0,0,7,599,24,0,2,3,19,9,6,1,2,0,520,15,3,374,25,88,15,11,4,4,1,2,0,35,19,6,4,2,0,0,1,12,7,5,3,3,2,1,0,0,18
2021,"Harrow 019","E02000451",6711,5396,4210,469,311,17,4,10,7,6,9,0,0,15,338,1315,0,0,1,0,108,12,698,655,22,27,16,22,12,35,3,62,408,48,43,4,39,28,5,7,0,4,3,16,5,0,2,4,5,421,9,0,1,4,4,13,4,2,6,1,357,11,2,254,20,68,2,2,2,0,0,0,0,40,31,17,2,15,0,1,9,4,1,3,3,3,1,2,0,0,13
2021,"Harrow 020","E02000452",9511,6063,4707,456,375,16,5,19,10,7,1,0,0,8,459,3448,0,0,0,0,177,18,1896,1764,59,18,110,122,56,104,21,155,992,127,132,11,121,104,25,32,6,11,15,47,4,9,1,3,30,1137,47,0,15,6,26,71,40,10,15,6,909,64,5,613,79,113,35,73,46,13,1,13,0,37,83,31,8,23,0,2,31,19,7,12,10,10,4,6,0,0,23
2021,"Harrow 021","E02000453",8387,6130,4825,430,350,14,5,24,8,3,0,1,0,8,462,2257,0,0,0,0,126,23,1155,1048,40,16,32,41,24,102,11,153,527,102,107,10,97,83,23,29,17,8,4,31,9,3,4,0,15,787,20,3,5,6,6,30,12,1,14,3,641,31,6,467,32,86,19,48,40,6,1,1,0,48,57,20,5,15,0,2,16,19,9,10,12,8,6,2,0,4,14
2021,"Harrow 022","E02000454",7337,6362,4813,607,505,12,13,20,11,7,2,0,0,9,363,975,0,0,0,0,97,12,363,327,42,22,18,17,25,36,2,31,120,14,36,0,36,16,2,7,0,4,3,7,2,0,0,0,5,429,22,1,4,1,16,31,16,0,13,2,313,6,1,231,11,61,3,17,0,8,0,9,3,43,31,20,5,15,0,0,9,2,2,0,9,9,6,3,0,0,18
2021,"Harrow 023","E02000455",11671,7065,5511,493,395,23,3,22,9,19,3,0,0,7,580,4606,0,0,0,0,133,12,1841,1697,49,26,120,143,46,136,14,142,870,151,144,8,136,159,35,52,13,21,18,72,21,9,12,3,27,2253,92,12,37,3,40,116,82,15,12,7,1890,70,10,1568,94,107,41,113,75,16,0,22,3,39,154,58,22,36,0,1,79,16,8,8,27,27,21,6,0,0,27
2021,"Harrow 024","E02000456",7826,6002,4565,574,427,10,7,18,6,11,2,0,0,7,375,1824,0,0,0,0,115,17,970,895,34,19,58,36,28,102,9,95,467,47,75,5,70,66,18,12,5,7,0,36,11,11,6,3,5,572,34,0,7,3,24,36,14,5,15,2,419,58,2,233,21,72,33,45,30,13,0,2,4,34,62,25,3,22,0,3,19,15,8,7,7,7,2,5,0,0,15
2021,"Harrow 025","E02000457",7063,5483,4296,436,362,9,4,14,12,7,0,0,0,5,338,1580,0,0,0,0,89,8,695,628,41,31,43,35,19,57,12,80,271,39,67,6,61,61,14,18,4,9,5,29,8,1,3,5,12,651,24,0,6,4,14,22,9,2,11,0,525,46,6,317,32,107,17,26,9,6,5,6,0,54,46,20,8,12,0,3,7,16,6,10,15,15,8,7,0,0,15
2021,"Harrow 027","E02000459",9328,6577,5278,457,312,7,6,12,8,8,1,0,0,6,482,2751,0,0,0,0,102,5,1362,1274,49,58,83,110,23,90,25,222,541,73,88,2,86,97,18,33,16,6,11,46,11,10,2,7,16,1057,45,2,18,3,22,29,16,5,3,5,813,87,4,301,48,251,122,47,31,12,0,4,1,122,95,17,3,13,1,1,59,18,9,9,10,8,5,3,0,2,23
2021,"Harrow 028","E02000460",7312,5698,4715,352,252,7,4,11,8,2,1,0,0,2,344,1614,0,0,0,0,56,9,684,647,37,52,35,49,9,63,12,82,274,34,37,4,33,66,12,20,5,9,6,34,4,13,3,1,13,745,36,0,5,9,22,11,6,0,3,2,577,31,6,279,48,169,44,18,11,5,1,1,0,103,40,15,3,12,0,0,9,16,10,6,6,5,3,2,0,1,8
2021,"Harrow 029","E02000461",7291,5410,3996,459,453,19,7,21,16,10,1,0,0,26,402,1881,0,0,0,0,146,24,878,796,15,31,42,62,29,49,8,238,256,66,82,4,78,93,17,39,8,22,9,37,10,3,7,0,17,638,62,3,16,14,29,71,37,21,6,7,444,52,3,301,13,57,18,40,3,17,6,14,1,20,70,39,9,30,0,0,21,10,4,6,16,16,10,6,0,0,16
2021,"Harrow 030","E02000462",6984,4748,3887,299,237,4,4,6,3,5,1,0,0,6,296,2236,0,0,0,0,96,10,1000,925,22,50,40,59,18,117,11,158,384,66,75,6,69,79,15,36,16,10,10,28,10,10,1,1,6,980,31,1,5,5,20,12,3,3,3,3,805,40,9,215,19,242,280,23,15,1,2,5,5,104,53,9,3,6,0,0,26,18,5,13,6,6,6,0,0,0,12
2021,"Harrow 031","E02000463",8705,6839,5493,591,411,7,8,10,4,6,1,0,0,6,302,1866,0,0,0,0,80,13,927,853,57,58,27,32,18,108,17,164,313,59,74,6,68,67,5,18,1,9,8,44,1,30,1,4,8,708,13,0,5,3,5,12,11,0,1,0,504,32,7,143,16,239,67,13,1,10,0,2,0,166,55,18,14,4,0,1,14,22,11,11,3,2,2,0,0,1,13
2021,"Havering 001","E02000464",7759,6928,4327,1433,961,6,2,10,6,4,6,0,1,5,167,831,0,0,0,0,55,8,528,463,3,10,12,13,15,15,98,48,206,43,65,4,61,96,3,68,18,43,7,25,3,0,3,8,11,90,3,3,0,0,0,8,3,5,0,0,56,1,4,25,13,13,0,19,8,1,0,10,0,4,34,8,3,5,0,0,10,16,12,4,6,6,5,1,0,0,14
2021,"Havering 002","E02000465",9347,8162,5226,1616,1060,13,3,17,8,8,2,0,0,6,203,1185,0,0,0,0,54,5,828,736,11,10,15,25,12,25,204,78,284,72,92,7,85,101,2,75,18,39,18,24,0,0,0,13,11,141,4,0,1,0,3,15,9,5,1,0,107,2,12,63,17,9,4,9,1,2,0,6,0,6,34,4,2,2,0,0,13,17,10,7,3,3,1,2,0,0,19
2021,"Havering 003","E02000466",9073,8288,5062,1931,1143,10,4,10,4,4,3,1,0,4,112,785,0,0,0,0,42,6,495,438,11,7,17,19,10,26,84,44,164,56,57,5,52,73,4,54,9,35,10,15,2,0,2,4,7,119,7,4,3,0,0,18,8,2,1,7,70,3,8,22,26,11,0,23,8,8,2,5,0,1,31,16,1,15,0,3,4,8,6,2,5,5,3,2,0,0,14
2021,"Havering 004","E02000467",11461,9996,6357,1888,1473,10,5,12,3,8,1,0,0,8,231,1465,0,0,0,0,66,5,913,828,20,23,26,51,20,63,140,100,309,76,85,8,77,243,13,177,31,115,31,53,4,1,6,19,23,165,13,0,11,1,1,3,1,1,1,0,132,5,8,46,49,6,18,15,7,2,0,6,0,2,51,18,5,13,0,0,12,21,8,13,4,4,2,2,0,0,18
2021,"Havering 005","E02000468",8650,7737,4779,1789,991,4,1,13,6,7,1,1,0,13,132,913,0,0,0,0,58,4,619,559,7,13,19,12,12,13,105,39,258,81,60,2,58,62,1,28,7,18,3,33,1,0,7,10,15,122,2,1,1,0,0,5,0,2,2,1,91,1,9,37,29,15,0,15,8,2,0,5,0,9,33,13,5,8,0,0,7,13,9,4,3,3,3,0,0,0,12
2021,"Havering 006","E02000469",7280,6239,3918,1308,827,7,0,17,4,6,2,0,0,3,147,1041,0,0,0,0,44,2,717,672,17,5,36,23,9,22,134,83,272,71,45,5,40,102,2,72,15,41,16,28,0,0,6,6,16,140,4,0,3,0,1,5,5,0,0,0,119,2,16,35,49,8,9,10,3,2,0,5,1,1,23,10,2,8,0,0,6,7,5,2,1,1,1,0,0,0,12
2021,"Havering 007","E02000470",9786,8820,5233,2021,1307,20,6,15,16,2,3,2,1,10,184,966,0,0,0,0,75,14,600,493,12,10,22,23,23,30,101,42,169,61,107,6,101,90,7,49,7,29,13,34,4,0,8,5,17,134,4,0,2,2,0,25,16,8,0,1,79,3,8,53,14,1,0,26,9,6,0,11,0,0,24,9,1,8,0,0,7,8,2,6,5,5,3,2,0,0,24
2021,"Havering 008","E02000471",7822,7311,4263,1883,1005,12,2,15,6,6,1,0,0,8,110,511,0,0,0,0,60,5,292,248,4,3,14,21,9,9,31,8,107,42,44,3,41,26,1,18,6,8,4,7,2,0,0,4,1,91,7,0,0,3,4,1,1,0,0,0,69,4,6,27,27,5,0,12,8,1,0,3,1,1,14,3,1,2,0,0,5,6,4,2,5,5,5,0,0,0,18
2021,"Havering 009","E02000472",9472,8564,5266,1899,1166,18,2,11,6,6,2,0,0,13,175,908,0,0,0,0,56,7,598,541,17,8,25,18,8,17,67,39,260,82,57,0,57,53,11,35,16,15,4,7,0,0,5,0,2,164,10,1,0,1,8,10,10,0,0,0,120,0,1,67,45,4,3,17,6,1,1,9,0,7,18,5,4,1,0,0,8,5,2,3,2,2,1,1,0,0,10
2021,"Havering 010","E02000473",10496,9714,5889,2147,1455,15,5,17,6,7,3,0,0,1,169,782,0,0,0,0,59,11,434,363,8,6,19,22,2,27,62,40,133,44,71,3,68,58,6,38,4,21,13,14,0,0,2,3,9,178,7,0,5,0,2,19,16,0,3,0,111,0,16,48,29,18,0,30,12,0,1,17,0,11,30,5,1,4,0,3,13,9,1,8,6,6,3,3,0,0,6
2021,"Havering 011","E02000474",9186,8100,5259,1633,966,9,3,28,9,8,2,0,0,4,179,1086,0,0,0,0,55,7,687,569,15,6,25,36,9,24,112,62,223,57,118,3,115,102,6,74,18,46,10,22,3,0,1,7,11,187,11,1,3,2,5,13,8,2,3,0,129,2,21,61,37,5,3,19,12,0,0,7,5,10,24,6,2,4,0,4,2,12,5,7,6,6,6,0,0,0,18
2021,"Havering 012","E02000475",9608,8785,5444,1805,1294,20,7,26,13,3,3,0,0,10,160,823,0,0,0,0,101,7,419,350,11,8,25,19,18,19,29,30,138,53,69,8,61,95,8,68,8,51,9,19,2,3,3,3,8,155,9,0,4,5,0,13,6,5,2,0,109,1,9,84,6,7,2,23,9,7,1,6,0,1,23,14,8,6,0,1,2,6,1,5,9,8,7,1,0,1,14
2021,"Havering 013","E02000476",9359,7282,4739,1298,876,6,4,20,13,7,2,0,0,8,309,2077,0,0,0,0,86,15,1284,1062,25,8,109,65,62,69,124,83,380,137,222,27,195,206,23,128,46,68,14,55,0,2,6,21,26,380,17,8,5,2,2,37,17,9,5,6,243,4,24,133,69,10,3,61,43,5,1,12,0,22,55,14,6,8,0,0,26,15,10,5,12,12,8,4,0,0,39
2021,"Havering 014","E02000477",9529,8897,5112,2274,1292,21,8,26,6,10,2,1,0,11,134,632,0,0,0,0,84,11,370,321,11,10,9,9,12,23,36,42,114,55,49,5,44,31,4,13,2,10,1,14,0,0,8,5,1,113,3,0,0,0,3,21,13,1,3,4,77,0,4,53,14,6,0,7,2,0,1,4,4,1,10,6,2,4,0,0,4,0,0,0,4,4,1,3,0,0,9
2021,"Havering 015","E02000478",5992,5623,3804,1081,589,11,4,13,5,8,7,0,0,4,97,369,0,0,0,0,27,5,178,143,7,4,13,3,4,20,25,12,38,17,35,5,30,29,1,18,0,16,2,10,1,1,2,2,4,113,1,0,0,0,1,2,1,0,0,1,96,0,4,73,9,10,0,9,0,2,0,7,1,4,6,4,3,1,0,0,1,1,0,1,6,5,3,2,0,1,5
2021,"Havering 016","E02000479",9456,7780,5049,1489,915,9,6,19,6,8,2,1,0,11,265,1676,0,0,0,0,90,4,1093,961,21,10,86,34,44,38,144,90,349,145,132,13,119,145,20,90,19,46,25,35,4,1,14,3,13,259,21,0,2,12,7,41,29,4,3,5,133,9,26,42,43,9,4,56,38,12,0,6,1,7,47,16,4,11,1,1,15,15,8,7,7,7,3,4,0,0,31
2021,"Havering 017","E02000480",13839,11032,7562,1805,1242,7,6,25,8,13,1,1,0,11,351,2807,0,0,0,0,136,10,1554,1350,31,19,67,66,102,84,216,128,482,155,204,23,181,298,37,161,42,92,27,100,22,4,21,18,35,711,27,0,14,1,12,32,20,0,5,7,444,7,53,251,105,26,2,175,138,6,1,30,0,33,53,18,6,12,0,0,11,24,15,9,11,10,3,7,0,1,34
2021,"Havering 018","E02000481",8240,7839,4456,2045,1184,15,16,19,9,13,0,1,0,8,73,401,0,0,0,0,35,8,245,219,11,8,14,27,4,25,28,17,70,15,26,2,24,28,0,17,4,11,2,11,0,0,4,4,3,58,0,0,0,0,0,18,8,3,2,5,31,0,3,13,9,6,0,9,6,0,0,3,0,0,12,3,2,1,0,0,8,1,0,1,10,10,8,2,0,0,5
2021,"Havering 019","E02000482",6588,6325,3612,1564,1003,10,22,11,11,5,3,3,0,6,75,263,0,0,0,0,61,12,124,93,6,3,16,9,2,5,25,9,5,13,31,1,30,16,0,9,3,3,3,7,0,0,4,0,3,33,6,0,3,0,3,8,7,0,1,0,15,0,1,9,2,3,0,4,2,1,1,0,0,0,4,4,1,3,0,0,0,0,0,0,8,8,6,2,0,0,5
2021,"Havering 020","E02000483",8003,7336,4167,1911,1076,11,11,27,8,9,3,0,0,7,106,667,0,0,0,0,75,10,411,344,5,8,25,22,14,25,63,36,104,42,67,11,56,38,2,24,6,16,2,12,0,0,0,6,6,92,4,0,3,0,1,13,10,2,0,1,50,2,7,25,9,7,0,23,9,5,0,9,0,2,28,5,3,2,0,1,12,10,2,8,6,6,3,3,0,0,7
2021,"Havering 021","E02000484",8494,7840,4580,2032,1062,5,3,16,6,4,1,1,0,6,124,654,0,0,0,0,91,12,362,313,7,5,7,22,25,14,47,24,121,41,49,3,46,53,6,37,3,24,10,10,1,0,5,1,3,103,6,1,4,0,1,13,9,1,3,0,61,0,2,39,7,9,4,20,14,4,0,2,0,3,29,3,1,2,0,0,11,15,6,9,1,1,0,1,0,0,3
2021,"Havering 022","E02000485",8474,7820,4403,1960,1256,9,1,17,10,13,1,3,0,11,136,654,0,0,0,0,67,9,399,316,10,3,27,11,6,17,50,36,118,38,83,10,73,47,2,29,2,22,5,16,0,0,10,5,1,91,7,0,6,0,1,15,9,3,2,1,52,2,5,23,7,15,0,12,3,3,1,5,0,5,27,8,4,4,0,0,10,9,3,6,6,6,4,2,0,0,8
2021,"Havering 023","E02000486",7355,6750,3725,1949,913,12,2,13,11,2,3,0,0,4,116,605,0,0,0,0,57,11,324,278,4,4,20,7,22,13,60,20,77,51,46,13,33,53,0,38,10,22,6,15,7,0,1,3,4,136,2,0,1,0,1,15,10,2,2,1,94,2,17,51,13,10,1,17,10,4,0,3,2,6,15,7,1,6,0,0,4,4,2,2,4,4,2,2,0,0,5
2021,"Havering 024","E02000487",7911,7668,4277,2074,1200,20,5,24,7,7,2,0,0,7,45,243,0,0,0,0,64,8,111,79,5,9,6,3,7,9,11,4,17,8,32,2,30,6,0,5,0,3,2,1,0,0,1,0,0,15,0,0,0,0,0,2,2,0,0,0,8,0,1,7,0,0,0,3,0,1,1,1,0,2,19,9,2,7,0,1,4,5,0,5,13,12,7,5,0,1,7
2021,"Havering 025","E02000488",7571,7150,3862,2076,1070,13,2,13,8,11,2,0,0,3,90,421,0,0,0,1,51,5,236,188,4,2,13,8,5,4,44,24,57,27,48,9,39,22,0,14,1,9,4,8,2,0,3,0,3,75,3,0,0,0,3,15,12,3,0,0,37,0,1,25,8,3,0,15,0,3,0,12,5,0,22,1,0,1,0,5,15,1,1,0,3,3,2,1,0,0,6
2021,"Havering 026","E02000489",8640,7744,4662,1933,951,15,7,11,3,10,1,0,0,3,148,896,0,0,0,0,59,7,505,447,13,5,33,18,22,25,52,26,181,72,58,3,55,104,4,72,16,44,12,28,2,3,4,6,13,189,13,6,1,0,6,27,16,4,1,6,126,10,38,56,12,2,8,19,4,6,0,9,0,4,12,3,1,2,0,1,6,2,2,0,5,5,5,0,0,0,15
2021,"Havering 027","E02000490",8461,7645,4463,1970,1036,9,2,11,6,5,0,0,0,4,139,816,0,0,0,0,55,4,521,464,16,4,17,30,8,29,97,46,170,47,57,0,57,85,0,67,11,34,22,18,0,0,2,1,15,119,4,3,0,0,1,5,5,0,0,0,86,4,12,35,29,3,3,19,3,3,0,13,2,3,24,4,3,1,0,1,2,17,6,11,1,1,1,0,0,0,7
2021,"Havering 028","E02000491",10639,9267,6149,1888,952,11,2,13,8,7,3,0,0,9,225,1372,0,0,0,0,54,10,834,742,22,8,58,36,27,45,150,78,266,52,92,14,78,181,6,144,37,79,28,31,1,4,3,5,18,242,1,1,0,0,0,8,6,1,0,1,212,6,71,61,51,15,8,16,9,0,0,7,0,5,32,6,2,4,0,1,10,15,6,9,2,2,1,1,0,0,17
2021,"Havering 029","E02000492",6826,6335,3665,1786,755,5,7,13,0,5,4,0,0,6,89,491,0,0,0,0,40,4,279,239,4,7,12,14,10,11,57,17,83,24,40,6,34,72,1,55,5,40,10,16,1,1,6,1,7,77,5,0,0,0,5,1,1,0,0,0,66,0,26,26,9,5,0,3,2,0,0,1,0,2,9,2,1,1,0,0,1,6,4,2,1,1,0,1,0,0,9
2021,"Havering 030","E02000493",6738,5728,3728,1177,660,11,0,13,7,4,1,2,0,1,124,1010,0,0,0,0,27,0,682,618,8,22,25,50,20,31,176,38,192,56,64,10,54,111,4,88,24,52,12,19,1,0,3,5,10,138,6,0,0,0,6,5,5,0,0,0,110,1,21,59,27,2,0,11,9,0,0,2,0,6,35,2,1,1,0,0,20,13,4,9,2,2,1,1,0,0,15
2021,"Hillingdon 001","E02000494",7959,6971,5240,671,606,20,10,28,11,13,2,0,1,7,362,988,0,0,0,0,61,9,420,349,31,25,28,22,13,70,13,48,71,28,71,3,68,46,2,21,9,5,7,23,11,2,4,1,5,363,18,0,11,1,6,42,19,3,14,6,261,16,5,167,23,31,19,30,16,5,3,6,0,12,67,54,5,49,0,3,8,2,2,0,12,10,9,1,0,2,10
2021,"Hillingdon 002","E02000495",10423,8305,5951,1045,780,20,6,28,23,13,0,1,0,11,427,2118,0,0,0,0,110,18,1304,1179,46,37,74,197,31,117,11,117,462,87,125,11,114,70,9,16,3,2,11,45,11,2,11,4,17,474,32,2,15,3,12,41,10,11,9,11,331,20,2,198,26,61,24,46,22,5,2,17,1,23,87,46,8,38,0,1,29,11,7,4,17,15,11,4,0,2,38
2021,"Hillingdon 003","E02000496",7804,7151,4302,1670,978,21,7,15,8,14,4,0,1,14,117,653,1,0,0,0,101,12,305,272,13,9,17,21,21,31,14,42,69,35,33,1,32,37,10,6,3,2,1,21,0,3,4,2,12,152,14,1,7,0,6,6,2,1,1,2,80,10,4,50,4,2,10,41,34,3,1,3,0,11,26,3,0,3,0,1,10,12,4,8,10,10,7,3,0,0,9
2021,"Hillingdon 004","E02000497",9521,8377,5657,1337,918,26,7,27,9,16,6,1,0,17,356,1144,0,0,1,0,104,20,603,529,34,19,50,40,27,61,14,89,152,43,74,13,61,48,4,14,1,10,3,30,7,2,8,0,13,292,18,0,8,6,4,23,8,2,12,1,220,7,6,142,48,11,6,17,3,8,1,5,0,14,39,21,7,14,0,1,17,0,0,0,25,25,18,7,0,0,12
2021,"Hillingdon 005","E02000498",6375,5858,3653,1194,772,22,10,25,8,12,3,0,0,17,142,517,0,0,0,0,95,13,256,217,8,7,13,33,9,21,10,43,45,28,39,1,38,17,3,4,0,3,1,10,3,2,3,0,2,105,11,1,7,1,2,19,9,2,6,2,62,3,0,41,9,9,0,6,3,1,0,2,3,4,21,8,3,5,0,1,9,3,2,1,5,5,3,2,0,0,5
2021,"Hillingdon 006","E02000499",7725,6884,4494,1313,706,27,11,22,22,9,2,0,0,17,261,841,0,0,0,0,116,14,360,316,23,13,22,5,13,31,11,68,83,47,44,8,36,33,6,4,0,3,1,23,0,8,7,0,8,261,8,1,5,2,0,17,8,1,3,5,202,25,7,120,11,22,17,20,3,7,3,7,0,14,30,12,1,11,0,6,8,4,2,2,16,16,8,8,0,0,11
2021,"Hillingdon 007","E02000500",8275,7146,4770,1201,836,20,16,30,21,14,5,0,0,15,218,1129,0,0,1,0,176,25,551,471,17,17,38,14,39,35,25,102,136,48,80,18,62,42,10,8,0,4,4,24,2,3,8,0,11,258,6,1,2,0,3,32,15,0,13,4,172,11,11,95,14,25,16,35,6,10,2,17,2,11,51,32,18,14,0,4,15,0,0,0,12,12,9,3,0,0,13
2021,"Hillingdon 008","E02000501",8473,7442,4749,1455,874,27,7,13,7,21,1,0,0,6,282,1031,0,0,0,0,152,27,501,427,10,10,27,26,20,55,9,78,130,62,74,8,66,26,3,8,2,4,2,15,4,1,7,0,3,254,13,7,2,1,3,46,27,9,7,3,161,1,1,132,19,6,2,19,7,8,2,2,3,12,52,23,8,15,0,3,18,8,1,7,9,9,6,3,0,0,10
2021,"Hillingdon 009","E02000502",8933,7488,5016,1203,778,24,17,42,18,26,1,1,0,6,356,1445,0,0,0,0,194,26,693,607,30,12,31,55,28,62,10,152,163,64,86,12,74,80,5,30,3,16,11,45,1,1,11,3,29,354,25,2,10,7,6,45,27,2,13,3,250,13,2,151,9,32,43,28,9,12,4,3,1,5,59,27,15,12,0,2,21,9,5,4,21,16,10,6,0,5,18
2021,"Hillingdon 010","E02000503",8684,7619,4867,1538,872,19,9,21,17,12,3,0,0,15,246,1065,0,0,0,0,218,24,492,440,13,10,40,15,21,41,14,134,100,52,52,15,37,33,4,16,3,9,4,13,0,1,7,2,3,221,26,1,8,6,11,32,19,4,7,2,134,12,1,71,7,16,27,14,4,5,1,4,6,9,43,22,3,19,0,0,12,9,5,4,17,17,11,6,0,0,17
2021,"Hillingdon 011","E02000504",7641,7039,4557,1293,836,22,10,41,20,5,7,0,1,14,233,602,0,0,0,0,85,13,297,261,28,14,34,15,13,35,6,43,39,34,36,2,34,25,2,4,2,1,1,19,1,1,7,5,5,129,13,0,1,6,6,18,9,3,3,3,91,1,0,66,16,8,0,6,2,1,1,2,0,1,29,21,10,11,0,0,7,1,1,0,14,13,5,8,0,1,10
2021,"Hillingdon 013","E02000506",7957,7145,5121,1012,671,22,6,26,10,8,3,0,0,8,258,812,0,0,0,0,104,13,357,330,13,9,17,32,15,60,19,61,61,43,27,4,23,46,9,15,0,5,10,22,3,2,10,1,6,237,22,0,7,3,12,19,6,6,5,2,172,9,2,96,34,29,2,16,3,3,4,6,0,8,39,27,13,14,0,1,6,5,1,4,6,6,4,2,0,0,10
2021,"Hillingdon 014","E02000507",8243,7134,4898,1224,741,10,1,16,7,11,6,0,0,3,217,1109,0,0,0,0,96,9,570,519,8,19,36,73,22,47,22,118,134,40,51,2,49,63,7,19,10,3,6,37,2,15,3,7,10,330,19,0,0,0,19,22,19,1,1,1,254,17,7,133,39,45,13,17,9,0,3,5,0,18,27,6,1,5,0,1,16,4,0,4,5,5,2,3,0,0,9
2021,"Hillingdon 015","E02000508",11951,8992,6278,1058,980,25,14,39,18,11,4,0,0,32,533,2959,0,0,0,0,165,27,1419,1236,82,49,165,118,69,180,56,202,200,115,183,54,129,187,22,82,32,32,18,83,14,17,4,6,42,980,121,3,37,15,66,188,125,39,13,11,559,38,14,367,81,33,26,81,42,22,2,15,7,24,121,56,21,33,2,5,44,16,7,9,27,18,12,6,0,9,33
2021,"Hillingdon 016","E02000509",10559,7757,5327,995,860,16,13,29,8,28,8,2,0,15,456,2802,0,0,0,0,119,28,1321,1153,33,33,111,146,55,127,55,296,204,93,168,30,138,260,45,108,36,48,24,107,9,15,9,12,62,945,96,8,26,6,56,159,99,45,7,8,564,34,64,320,97,30,19,79,23,15,4,37,16,31,92,57,22,34,1,2,19,14,4,10,10,10,8,2,0,0,27
2021,"Hillingdon 017","E02000510",9118,7609,5414,1206,676,13,10,14,9,10,0,1,0,8,248,1509,0,0,0,0,135,15,626,545,17,31,53,59,26,65,14,106,129,45,81,18,63,125,24,34,2,24,8,67,7,16,5,6,33,551,39,1,5,5,28,22,13,3,4,2,418,58,22,231,45,48,14,51,36,10,0,5,0,21,33,18,9,9,0,1,10,4,2,2,6,6,3,3,0,0,18
2021,"Hillingdon 018","E02000511",9929,7982,5886,1192,593,7,1,14,5,8,1,0,0,7,268,1947,0,0,0,0,96,6,749,686,26,48,34,88,14,87,22,159,170,38,63,0,63,121,19,42,10,14,18,60,5,25,3,3,24,906,33,4,10,3,16,5,3,1,0,1,775,121,18,430,63,103,40,13,7,0,1,5,0,80,55,13,9,4,0,0,18,24,11,13,1,1,1,0,0,0,13
2021,"Hillingdon 019","E02000512",8823,7110,5234,952,624,6,5,19,2,7,3,1,0,3,254,1713,0,0,0,0,63,8,754,679,26,43,55,90,26,112,20,124,144,39,75,0,75,128,23,32,4,10,18,73,2,32,2,5,32,672,60,2,12,18,28,10,6,1,2,1,538,84,23,287,67,48,29,32,13,9,2,8,0,32,71,16,4,12,0,0,16,39,27,12,0,0,0,0,0,0,17
2021,"Hillingdon 020","E02000513",9758,7496,5974,725,517,3,1,15,3,1,3,0,0,0,254,2262,0,0,0,0,62,7,920,848,16,35,50,139,9,113,19,258,150,59,72,2,70,173,10,45,14,16,15,118,8,63,1,4,42,1050,39,10,8,7,14,14,14,0,0,0,916,171,23,390,127,135,70,29,13,5,2,9,0,52,30,6,4,2,0,1,6,17,6,11,8,6,5,1,0,2,12
2021,"Hillingdon 021","E02000514",10671,7455,6305,510,292,5,5,5,2,4,3,0,0,2,322,3216,0,0,0,0,76,2,1158,1099,43,116,136,215,40,133,40,133,196,47,59,1,58,166,17,39,11,10,18,110,2,64,1,9,34,1752,12,1,1,1,9,27,22,4,1,0,1525,211,57,809,99,268,81,15,6,4,2,3,0,173,38,12,7,5,0,0,10,16,6,10,5,5,4,1,0,0,19
2021,"Hillingdon 022","E02000515",13295,10115,6981,1575,1027,38,9,28,10,10,1,2,0,13,421,3180,0,0,0,0,181,13,1480,1299,50,23,106,151,36,124,65,294,338,112,181,16,165,252,31,80,15,29,36,141,6,50,18,5,62,1120,58,4,13,5,36,96,74,9,7,6,870,75,52,557,94,42,50,68,29,16,1,22,2,26,88,31,6,23,2,1,37,19,4,15,19,19,8,11,0,0,27
2021,"Hillingdon 023","E02000516",8644,6378,5236,504,371,3,3,4,2,3,1,3,0,1,247,2266,0,0,0,0,52,5,913,849,24,40,111,163,34,79,7,218,110,63,64,1,63,100,22,39,10,16,13,39,1,14,5,2,17,1145,25,7,4,7,7,22,13,1,3,5,999,103,38,599,77,132,50,20,9,3,3,5,0,79,33,5,1,4,0,0,4,24,11,13,3,3,2,1,0,0,15
2021,"Hillingdon 024","E02000517",10474,7995,6310,807,497,5,4,10,7,8,2,0,0,6,339,2479,0,0,0,0,90,7,966,878,20,59,92,84,39,165,36,143,196,44,88,2,86,194,19,41,10,11,20,134,13,74,0,10,37,1112,35,1,8,7,19,10,5,0,4,1,933,132,30,492,114,99,66,24,7,2,0,15,0,110,77,7,2,5,0,0,20,50,35,15,4,3,3,0,0,1,29
2021,"Hillingdon 025","E02000518",9632,7929,5623,1208,767,8,6,17,5,7,2,0,0,8,278,1703,0,0,0,0,137,11,821,742,33,17,42,78,16,79,43,165,197,72,79,5,74,149,16,44,6,20,18,89,5,45,3,9,27,528,42,0,9,14,19,7,6,0,1,0,442,47,17,236,52,47,43,24,14,0,0,10,0,13,41,18,6,12,0,2,10,11,4,7,6,6,5,1,0,0,10
2021,"Hillingdon 026","E02000519",9556,7314,5996,690,360,8,4,6,6,12,0,0,0,6,226,2242,0,0,0,0,54,0,814,763,25,54,60,145,9,99,25,166,147,33,51,3,48,183,16,46,8,13,25,121,12,58,1,3,47,1135,26,4,10,0,12,5,1,3,1,0,1020,155,28,608,94,87,48,17,12,2,1,2,1,66,46,7,6,1,0,1,3,35,12,23,0,0,0,0,0,0,10
2021,"Hillingdon 027","E02000520",14058,9712,7859,747,600,16,4,9,6,7,1,0,0,4,459,4346,0,0,0,0,84,20,1691,1543,24,75,144,433,40,235,57,233,221,81,148,6,142,249,27,65,18,26,21,157,8,73,10,8,58,2167,53,6,9,14,24,51,44,4,2,1,1928,206,23,1160,220,120,199,40,17,13,2,8,0,95,84,30,3,27,0,6,14,34,11,23,7,7,2,5,0,0,44
2021,"Hillingdon 028","E02000521",13186,10040,7497,1139,842,15,5,16,11,7,3,0,0,7,498,3146,0,0,1,0,90,11,1246,1138,27,47,95,176,29,158,54,230,238,84,108,11,97,165,15,50,6,20,24,100,11,52,3,9,25,1534,45,4,7,11,23,46,34,6,5,1,1333,95,9,962,154,46,67,57,29,8,0,20,5,48,72,23,6,16,1,13,16,20,9,11,9,9,5,4,0,0,18
2021,"Hillingdon 029","E02000522",9578,7609,5370,1110,726,19,5,21,11,9,2,3,0,13,320,1969,0,0,0,0,60,11,1024,933,29,17,69,167,39,79,38,185,208,102,91,3,88,138,15,47,5,20,22,76,4,25,9,4,34,674,30,2,7,1,20,39,25,4,5,5,560,48,18,412,45,19,18,28,12,2,1,13,1,16,32,14,5,9,0,1,8,9,6,3,12,11,7,4,0,1,18
2021,"Hillingdon 030","E02000523",11372,7576,6411,484,275,7,3,13,6,8,1,0,0,5,363,3796,0,0,0,0,78,11,1334,1245,25,24,123,404,62,129,57,195,162,64,89,11,78,126,18,45,6,8,31,63,11,31,2,4,15,2155,45,1,11,10,23,53,41,3,6,3,1938,193,18,1405,135,54,133,55,13,14,2,26,0,64,55,12,3,9,0,3,22,18,15,3,7,7,2,5,0,0,30
2021,"Hillingdon 031","E02000524",7530,5207,3721,773,446,6,4,15,3,11,1,0,0,3,224,2323,0,0,0,0,51,4,1401,1302,9,12,44,513,28,59,81,213,248,95,99,5,94,120,34,38,15,10,13,48,10,17,1,11,9,668,20,3,9,6,2,13,11,0,1,1,571,20,3,428,63,19,38,51,30,4,1,16,1,12,42,13,3,10,0,1,20,8,4,4,5,5,4,1,0,0,32
2021,"Hillingdon 032","E02000525",10064,6710,5418,582,325,9,3,12,6,3,1,0,0,2,349,3354,0,0,0,0,40,1,1682,1604,26,18,91,679,44,116,73,247,216,94,78,2,76,146,22,34,6,17,11,90,7,51,3,4,25,1398,13,0,3,0,10,4,1,0,0,3,1292,131,16,879,112,51,103,48,28,8,3,9,3,38,42,5,2,3,0,0,17,20,9,11,6,5,1,4,0,1,39
2021,"Hounslow 001","E02000526",8634,6412,4400,615,648,33,19,56,45,14,5,1,1,22,553,2222,0,0,1,0,180,30,1193,943,191,52,177,49,107,134,13,90,41,89,250,39,211,55,19,5,0,1,4,31,0,2,16,4,9,310,64,0,20,6,38,109,62,10,18,19,88,2,1,67,11,5,2,49,23,7,10,9,0,0,281,204,45,159,0,5,69,3,1,2,108,108,83,25,0,0,64
2021,"Hounslow 004","E02000529",9714,7045,6183,301,208,0,4,12,5,4,0,0,0,5,323,2669,0,0,0,0,61,4,932,876,20,33,48,237,29,92,27,187,159,44,56,0,56,122,36,20,9,1,10,66,4,32,1,2,27,1510,17,2,7,2,6,9,8,0,0,1,1410,430,18,763,106,47,46,48,23,11,2,12,0,26,30,7,2,5,0,2,10,11,4,7,5,4,2,2,0,1,5
2021,"Hounslow 005","E02000530",8118,6084,5151,438,224,5,3,7,3,6,1,0,0,3,243,2034,0,0,0,0,22,2,788,747,11,32,48,233,23,132,31,121,89,27,41,1,40,178,25,37,12,5,20,116,11,78,1,0,26,999,11,0,0,2,9,12,4,0,1,7,931,219,3,584,83,18,24,20,13,0,0,7,0,25,33,13,3,10,0,0,8,12,9,3,4,4,3,1,0,0,8
2021,"Hounslow 006","E02000531",11582,8837,6139,1093,852,27,20,55,28,32,7,2,0,20,562,2745,0,0,0,0,266,35,1618,1370,95,32,145,127,118,124,26,427,120,156,248,33,215,128,30,46,4,17,25,52,1,13,15,3,20,476,105,4,46,6,49,81,20,6,40,15,215,20,16,118,26,23,12,53,27,5,2,19,7,15,136,59,14,45,0,3,51,23,12,11,44,43,27,16,0,1,42
2021,"Hounslow 007","E02000532",8979,7082,4890,716,770,35,18,51,48,20,3,1,0,22,508,1897,0,0,0,0,177,27,1013,843,112,54,123,45,70,123,21,135,29,131,170,17,153,77,29,17,7,3,7,31,2,4,12,0,13,243,52,2,15,5,30,58,23,2,18,15,93,20,1,47,9,4,12,38,12,12,5,9,1,1,237,175,34,138,3,7,48,7,2,5,78,78,57,21,0,0,45
2021,"Hounslow 008","E02000533",8399,6707,4675,719,667,40,18,60,42,24,10,2,0,25,425,1692,0,0,2,0,147,33,900,725,74,39,102,55,67,121,29,130,28,80,175,33,142,107,37,21,4,11,6,49,5,10,18,5,11,212,62,6,24,1,31,45,20,0,18,7,65,2,1,40,16,5,1,35,14,13,4,4,2,3,161,92,18,74,0,6,50,13,4,9,94,94,66,28,0,0,36
2021,"Hounslow 009","E02000534",8559,6513,5146,491,444,8,5,12,10,10,8,1,0,6,372,2046,0,0,0,0,126,32,1207,1083,38,15,69,157,34,56,44,393,128,149,124,11,113,73,20,17,2,8,7,36,4,6,6,6,14,489,51,1,16,18,16,25,14,5,2,4,355,25,8,247,38,12,25,40,30,4,3,3,0,18,71,24,8,16,0,13,23,11,8,3,17,17,14,3,0,0,31
2021,"Hounslow 010","E02000535",10055,7077,6186,361,216,2,6,3,1,5,0,0,0,1,296,2978,0,0,0,0,37,2,1329,1259,13,19,53,447,16,90,64,214,263,80,70,0,70,76,14,21,0,11,10,41,12,15,2,0,12,1487,13,0,2,9,2,5,4,0,1,0,1414,250,6,919,129,50,60,20,9,2,2,7,2,33,27,9,3,6,0,0,10,8,4,4,4,4,2,2,0,0,16
2021,"Hounslow 011","E02000536",10848,7613,6566,385,285,2,4,3,4,5,0,0,2,2,355,3235,0,0,0,0,38,8,1477,1365,9,26,68,383,19,92,56,379,247,86,112,6,106,126,35,26,5,6,15,65,7,27,5,0,26,1513,94,36,15,12,31,4,1,1,2,0,1324,228,18,854,117,40,67,42,15,12,0,15,0,49,32,17,4,13,0,3,6,6,1,5,2,2,1,1,0,0,39
2021,"Hounslow 012","E02000537",9843,6229,5158,344,280,7,3,9,5,7,0,1,0,2,413,3614,0,0,0,0,63,10,1763,1621,20,24,73,328,98,93,41,464,350,130,142,4,138,103,44,27,4,10,13,32,4,3,10,1,14,1565,31,0,5,5,21,26,11,1,13,1,1426,41,38,1051,146,42,108,55,27,7,4,17,2,25,57,26,5,21,0,0,23,8,2,6,9,9,7,2,0,0,44
2021,"Hounslow 013","E02000538",10103,6256,5372,340,201,5,4,2,1,4,5,1,0,3,318,3847,0,0,0,0,25,1,1981,1895,25,14,42,982,58,66,34,333,266,75,86,1,85,91,21,37,11,19,7,33,3,6,3,4,17,1679,25,3,3,12,7,4,3,1,0,0,1568,163,7,1149,122,41,86,24,16,5,0,3,0,58,26,6,4,2,0,0,8,12,2,10,5,0,0,0,0,5,39
2021,"Hounslow 014","E02000539",12226,9559,6965,1072,779,45,26,40,20,14,11,0,0,22,565,2667,0,0,0,0,181,32,1437,1250,48,49,105,95,67,124,36,430,126,170,187,24,163,117,45,28,6,15,7,44,2,10,18,5,9,748,71,10,16,10,35,36,13,6,13,4,496,32,7,367,64,19,7,120,90,2,1,27,1,24,84,34,9,25,0,2,31,17,3,14,40,40,27,13,0,0,28
2021,"Hounslow 015","E02000540",12124,7867,6062,672,537,14,6,35,15,22,3,0,0,11,490,4257,0,0,0,0,110,16,2140,1942,47,38,136,521,65,110,47,455,338,185,198,7,191,173,41,38,6,13,19,94,4,29,11,8,42,1664,54,8,17,2,27,31,17,1,8,5,1404,78,40,996,122,25,143,141,82,15,5,39,4,30,90,27,7,20,0,5,35,23,8,15,18,18,14,4,0,0,46
2021,"Hounslow 016","E02000541",10619,6686,5564,497,283,5,1,17,3,3,1,0,2,3,307,3933,0,0,0,0,27,3,2020,1853,29,15,56,937,34,83,54,318,260,67,167,2,165,109,24,32,15,10,7,53,5,27,7,2,12,1703,17,1,5,2,9,19,10,0,4,5,1588,63,6,1169,85,48,217,32,13,2,1,16,0,47,31,7,0,7,0,0,14,10,4,6,3,3,2,1,0,0,37
2021,"Hounslow 017","E02000542",12308,7406,6136,446,312,6,6,12,0,10,1,0,0,2,475,4902,0,0,0,0,35,2,2406,2241,36,16,100,1016,38,92,57,460,300,126,165,7,158,177,45,51,14,16,21,81,7,27,3,11,33,2179,21,2,5,3,11,15,7,2,4,2,2018,87,27,1574,150,42,138,81,63,4,0,14,0,44,55,15,2,13,0,0,25,15,11,4,10,10,6,4,0,0,38
2021,"Hounslow 018","E02000543",14005,7734,6122,624,388,14,6,11,8,9,1,0,0,5,546,6271,0,0,0,0,57,22,2935,2696,32,21,138,861,100,111,103,578,535,217,239,10,229,180,66,35,6,22,7,79,3,22,13,2,39,2952,60,8,12,9,31,26,14,1,8,3,2719,105,44,2282,116,51,121,95,63,5,2,25,3,49,57,17,6,11,0,3,20,17,5,12,12,12,5,7,0,0,56
2021,"Hounslow 019","E02000544",8557,6570,4976,750,387,13,9,31,13,10,1,0,0,10,370,1987,0,0,1,0,100,6,1183,1079,34,16,33,78,27,59,40,430,272,90,104,7,97,85,17,27,6,15,6,41,4,6,8,3,20,537,26,3,6,1,16,6,4,1,0,1,447,57,3,243,71,25,48,28,19,6,1,2,0,30,43,10,4,5,1,0,25,8,3,5,6,6,3,3,0,0,26
2021,"Hounslow 020","E02000545",9238,7357,5304,834,695,29,17,36,15,19,7,2,0,25,374,1881,0,0,1,0,105,18,1065,865,37,25,91,103,37,104,28,248,83,109,200,32,168,185,33,44,19,11,14,108,3,61,23,1,20,367,49,5,15,1,28,35,16,2,9,8,201,35,8,99,35,15,9,60,39,12,1,8,4,18,74,16,3,13,0,2,43,13,6,7,36,36,18,18,0,0,30
2021,"Hounslow 021","E02000546",10429,7343,6205,386,305,3,2,9,2,11,1,0,0,0,419,3086,0,0,0,0,54,21,1444,1321,17,10,80,317,39,68,74,326,277,113,123,10,113,113,30,50,12,24,14,33,1,8,6,4,14,1306,23,3,7,0,13,11,8,0,1,2,1192,89,26,721,162,67,127,50,35,4,3,8,0,30,43,8,5,3,0,0,25,10,4,6,44,8,6,2,0,36,61
2021,"Hounslow 022","E02000547",11007,8164,5845,1220,665,10,5,18,7,12,4,0,0,12,366,2843,0,0,0,0,50,4,1354,1263,25,17,63,313,33,79,55,263,235,180,91,14,77,131,11,46,17,12,17,74,4,37,3,2,28,1247,18,2,3,4,9,16,8,1,2,5,1135,72,8,531,88,29,407,52,33,1,1,17,2,24,26,4,0,4,0,3,10,9,4,5,7,5,1,4,0,2,24
2021,"Hounslow 023","E02000548",10576,8061,5578,1321,782,5,0,17,1,8,1,0,0,7,341,2515,0,0,0,0,44,7,1432,1326,27,18,71,303,28,103,84,371,184,137,106,4,102,150,36,55,18,15,22,59,8,23,2,7,19,798,29,0,7,5,17,10,8,0,2,0,694,37,6,338,69,31,213,43,24,9,0,10,2,20,37,7,2,4,1,2,24,4,3,1,10,10,8,2,0,0,37
2021,"Hounslow 024","E02000549",12535,9357,6641,1439,774,8,3,30,9,8,2,0,0,18,425,3178,0,0,0,0,75,16,1668,1537,46,29,90,326,80,62,72,341,305,186,131,4,127,139,27,48,24,7,17,64,3,7,9,18,27,1185,65,1,26,2,36,37,28,2,5,2,989,47,19,447,88,35,353,71,46,5,0,20,0,23,55,9,2,7,0,3,35,8,4,4,9,9,5,4,0,0,31
2021,"Hounslow 025","E02000550",10711,7803,5381,1208,741,9,2,21,13,12,4,0,0,7,405,2908,0,0,0,0,73,2,1291,1229,27,14,90,230,65,102,57,316,187,141,62,3,59,146,35,52,24,14,14,59,5,10,7,9,28,1307,39,1,11,8,19,60,49,2,4,5,1140,22,8,854,44,41,171,55,36,7,0,12,0,13,48,17,3,14,0,1,23,7,4,3,8,8,6,2,0,0,33
2021,"Hounslow 026","E02000551",9751,7693,5425,1171,722,11,3,33,6,4,3,1,0,7,307,2058,0,0,0,0,36,3,1241,1125,25,34,49,202,34,86,42,381,193,79,116,16,100,153,25,61,22,21,18,67,5,12,4,7,39,543,12,1,2,3,6,10,5,2,0,3,457,53,21,180,113,34,56,42,18,2,0,22,0,22,62,9,2,7,0,3,22,28,13,15,2,2,0,2,0,0,18
2021,"Hounslow 027","E02000552",9263,7144,4827,1253,658,11,5,21,6,13,1,0,1,12,336,2119,0,0,0,0,51,9,1274,1177,73,23,57,135,43,36,62,463,157,128,97,10,87,131,20,65,22,13,30,46,2,1,3,24,16,568,24,8,8,0,8,33,24,1,4,4,439,15,1,236,44,28,115,61,33,3,0,25,0,11,54,16,4,12,0,0,27,11,6,5,12,12,8,4,0,0,20
2021,"Hounslow 028","E02000553",7116,5886,3775,1134,720,15,6,16,9,7,2,0,2,6,194,1230,0,0,0,0,37,9,743,669,8,10,45,86,21,59,36,233,93,78,74,3,71,94,27,38,14,10,14,29,1,7,2,4,15,284,28,0,10,6,12,11,3,5,1,2,204,25,12,99,27,20,21,30,20,0,1,9,3,8,37,11,6,5,0,1,15,10,5,5,7,6,3,3,0,1,19
2021,"Islington 001","E02000554",9352,7412,5641,613,557,28,13,49,28,35,9,2,0,16,421,1940,0,0,0,0,211,26,1050,814,87,49,170,73,97,142,13,56,35,92,236,73,163,188,22,79,32,17,30,87,2,29,4,5,47,211,75,27,16,4,28,25,7,2,11,5,58,7,17,25,7,1,1,47,25,8,2,12,0,6,167,81,22,58,1,2,50,34,13,21,62,62,50,12,0,0,25
2021,"Islington 002","E02000555",9572,7575,5580,713,622,19,11,56,25,34,9,1,0,27,478,1997,0,0,0,0,251,25,1101,855,112,46,206,48,100,138,26,48,23,108,246,50,196,135,20,59,10,24,25,56,1,18,8,1,28,190,56,20,12,0,24,53,11,11,15,16,42,2,7,25,5,1,2,37,19,8,3,7,0,2,162,82,22,60,0,2,53,25,10,15,74,74,54,20,0,0,59
2021,"Islington 003","E02000556",11397,8779,6429,672,832,52,22,82,36,33,14,1,0,36,570,2618,0,0,0,0,288,55,1405,1129,135,57,245,70,141,206,17,55,68,135,276,48,228,131,23,34,7,9,18,74,1,33,10,0,30,275,38,15,6,0,17,132,69,19,25,19,52,2,15,24,7,3,1,48,14,15,8,11,2,3,281,136,61,75,0,12,97,36,14,22,110,110,72,38,0,0,73
2021,"Islington 004","E02000557",8781,6580,4734,628,571,23,21,50,25,46,4,2,0,19,457,2201,0,0,0,0,229,38,1234,1021,114,47,286,90,109,168,12,65,46,84,213,43,170,154,20,35,8,14,13,99,2,63,7,5,22,222,31,9,4,1,17,73,30,3,27,13,64,4,10,45,3,2,0,45,10,12,6,17,4,5,198,91,16,72,3,4,80,23,11,12,79,79,57,22,0,0,47
2021,"Islington 005","E02000558",9430,7319,5888,490,449,25,12,52,21,9,3,3,0,11,356,2111,0,0,0,0,175,21,1134,893,90,42,168,78,171,158,15,58,32,81,241,97,144,244,31,84,12,25,47,129,5,56,1,1,66,245,74,45,10,1,18,66,43,6,11,6,65,4,31,18,11,1,0,35,16,7,4,8,2,3,214,63,19,44,0,7,107,37,21,16,31,31,20,10,1,0,47
2021,"Islington 006","E02000559",9583,7400,5310,560,676,37,15,69,39,39,13,1,1,31,609,2183,0,0,0,0,224,44,1154,876,149,45,213,37,127,170,4,28,36,67,278,66,212,148,17,49,0,34,15,82,3,50,8,4,17,183,32,13,3,0,16,77,39,7,23,8,45,2,16,23,3,1,0,24,8,7,4,5,0,5,214,131,33,98,0,10,57,16,9,7,179,179,122,57,0,0,37
2021,"Islington 007","E02000560",7349,5251,3743,428,479,34,10,64,22,17,4,0,0,20,430,2098,0,0,0,0,146,30,1272,1038,142,38,257,60,153,143,11,67,49,118,234,53,181,114,22,33,5,15,13,59,3,29,4,2,21,222,26,19,2,0,5,80,39,17,13,11,56,2,17,29,5,3,0,54,13,24,5,12,3,3,194,78,20,58,0,3,100,13,5,8,77,77,59,18,0,0,43
2021,"Islington 008","E02000561",7387,5698,3954,497,572,27,27,59,31,26,12,0,0,23,470,1689,0,0,0,0,166,42,909,668,117,41,129,26,76,137,9,35,24,74,241,28,213,119,9,14,4,6,4,96,3,68,5,1,19,172,37,2,10,4,21,85,59,1,14,11,24,4,3,13,4,0,0,26,6,10,4,6,0,0,193,111,30,76,5,4,68,10,1,9,59,59,36,23,0,0,29
2021,"Islington 009","E02000562",7865,6180,4519,542,499,24,16,63,30,25,9,2,2,23,426,1685,0,0,1,0,173,33,847,627,102,43,115,57,74,110,9,49,11,57,220,62,158,92,7,22,11,4,7,63,1,29,12,0,21,147,33,18,5,4,6,54,19,1,18,16,30,1,9,15,1,2,2,29,5,16,1,7,0,1,178,114,25,89,0,1,47,16,7,9,173,173,135,38,0,0,41
2021,"Islington 010","E02000563",8680,6610,4743,702,538,24,13,58,19,17,7,2,1,14,472,2070,0,0,0,0,144,25,1168,940,116,44,217,66,150,122,24,69,31,101,228,58,170,156,27,48,11,14,23,81,0,28,14,2,37,273,80,32,16,5,27,62,16,21,17,8,93,7,16,47,16,1,6,30,15,4,5,6,1,7,208,64,17,47,0,7,109,28,20,8,50,50,40,10,0,0,46
2021,"Islington 011","E02000564",12422,8813,6147,775,875,53,24,75,31,32,8,10,0,20,763,3609,0,0,0,0,276,42,1785,1433,219,56,343,104,182,266,20,66,44,133,352,63,289,171,27,58,12,20,26,86,1,16,10,6,53,713,54,9,16,2,27,371,261,43,28,39,153,8,38,94,9,4,0,125,48,32,21,24,2,8,329,187,54,133,0,16,104,22,6,16,222,222,169,53,0,0,71
2021,"Islington 012","E02000565",8546,6840,5178,548,493,22,7,91,31,22,2,4,0,21,421,1706,0,0,0,0,128,27,902,682,96,38,122,72,93,125,9,59,15,53,220,80,140,147,12,81,8,44,29,54,4,14,8,1,27,168,42,15,12,2,13,40,16,7,10,7,46,2,15,23,5,1,0,34,11,15,4,4,0,6,149,76,20,56,0,3,47,23,8,15,139,138,89,49,0,1,46
2021,"Islington 013","E02000566",8550,6489,4487,573,629,39,12,58,26,26,10,2,0,28,599,2061,0,1,0,0,142,42,1014,779,238,60,150,37,90,109,7,32,10,46,235,58,177,80,9,43,7,28,8,28,0,10,5,5,8,163,33,6,4,1,22,43,16,6,12,9,49,2,10,30,2,2,3,27,2,14,2,9,3,8,281,217,52,162,3,4,50,10,4,6,293,293,196,97,0,0,45
2021,"Islington 014","E02000567",10443,8041,5600,891,784,52,16,76,29,35,6,0,0,30,522,2402,0,0,1,0,247,33,1186,945,167,81,179,39,114,204,19,59,14,69,241,63,178,94,11,25,7,6,12,58,6,12,24,2,14,173,44,17,10,0,17,45,20,3,18,4,59,0,15,32,7,4,1,21,2,4,3,12,2,2,319,191,49,142,0,9,93,26,10,16,285,284,188,96,0,1,64
2021,"Islington 015","E02000568",11342,8505,6150,934,748,18,15,53,18,26,16,2,0,27,498,2837,0,1,0,0,200,39,1407,1090,150,53,222,78,154,191,25,60,57,100,317,74,243,179,40,66,21,22,23,73,1,29,11,0,32,565,39,13,10,2,14,299,238,16,19,26,119,3,33,71,11,1,0,95,22,37,13,23,5,8,251,98,26,72,0,7,116,30,18,12,133,133,76,57,0,0,62
2021,"Islington 016","E02000569",9943,7696,5283,891,749,35,18,59,35,26,7,0,0,25,568,2247,0,0,1,0,197,30,1023,753,196,48,130,42,91,123,5,36,13,69,270,76,194,125,24,34,6,13,15,67,2,18,11,1,35,219,58,23,6,3,26,50,20,9,14,7,67,3,22,35,3,3,1,35,7,14,5,9,3,6,344,249,54,193,2,8,66,21,8,13,230,230,169,61,0,0,78
2021,"Islington 017","E02000570",8287,6283,4167,644,747,34,25,61,45,27,17,1,3,37,475,2004,0,0,1,0,176,29,921,742,163,51,151,17,76,178,4,18,17,67,179,23,156,72,8,20,5,3,12,44,5,10,14,1,14,152,37,1,5,0,31,46,13,12,9,12,43,2,3,27,8,0,3,23,4,3,10,6,0,3,369,296,59,236,1,6,63,4,1,3,234,234,188,46,0,0,50
2021,"Islington 018","E02000571",8923,6763,4666,734,705,15,11,48,29,25,4,0,0,21,505,2160,0,0,0,0,176,25,1127,874,204,44,152,44,126,163,12,48,21,60,253,53,200,131,21,36,6,13,17,74,0,27,14,1,32,151,25,10,5,0,10,53,25,9,9,10,33,5,9,18,0,1,0,34,11,3,9,11,2,4,284,186,45,140,1,8,65,25,11,14,205,205,154,51,0,0,61
2021,"Islington 019","E02000572",8603,6623,5007,628,490,12,11,43,18,29,6,1,0,11,367,1980,0,0,0,0,129,15,1040,877,150,38,129,67,88,171,16,38,82,98,163,59,104,143,25,54,10,25,19,64,4,21,14,0,25,343,42,17,6,1,18,101,56,13,11,21,142,6,47,83,4,1,1,51,9,21,5,16,2,5,187,70,16,54,0,5,79,33,20,13,89,89,63,26,0,0,34
2021,"Islington 020","E02000573",10309,7425,5097,741,763,33,15,78,38,41,6,0,0,25,588,2884,0,0,1,0,172,48,1410,1104,289,69,204,47,124,215,16,41,25,74,306,45,261,97,16,30,6,8,16,51,1,4,23,1,22,289,38,8,6,0,24,126,51,15,37,23,56,0,5,44,4,3,0,61,10,18,10,23,0,8,480,381,78,300,3,9,85,5,2,3,321,321,250,71,0,0,66
2021,"Islington 021","E02000574",7831,5345,3562,604,545,38,16,47,22,28,3,0,0,18,462,2486,0,0,1,0,185,24,1169,942,212,88,150,38,133,181,11,36,33,60,227,57,170,117,30,34,7,12,15,53,1,7,13,0,32,504,35,13,8,1,13,261,180,23,22,36,125,0,21,87,13,2,2,72,7,17,16,32,6,5,259,188,38,149,1,4,52,15,4,11,169,169,137,32,0,0,58
2021,"Islington 022","E02000575",11307,7701,5266,803,743,31,21,67,35,26,6,0,0,23,680,3606,0,0,0,0,147,21,1744,1408,297,93,251,79,156,250,18,72,55,137,336,51,285,181,38,68,23,19,26,75,2,30,20,3,20,846,106,20,14,26,46,386,246,48,42,50,201,3,63,107,25,2,1,134,16,43,46,29,7,12,408,296,60,234,2,13,89,10,6,4,185,185,159,26,0,0,74
2021,"Islington 023","E02000576",10666,7732,5532,880,655,17,15,56,21,24,5,1,0,13,513,2934,0,0,0,0,139,31,1451,1154,204,66,193,86,178,186,20,59,41,121,297,64,233,180,37,56,10,16,30,87,2,37,20,1,27,626,89,18,10,4,57,261,152,30,37,42,132,11,15,90,5,6,5,119,21,41,31,26,12,13,330,203,53,149,1,11,94,22,10,12,124,123,98,24,1,1,53
2021,"Kensington and Chelsea 001","E02000577",7713,6104,5069,367,302,7,2,22,9,8,4,3,0,11,300,1609,0,0,0,0,85,24,784,647,73,22,111,119,134,91,9,27,19,42,137,34,103,211,96,38,6,16,16,77,1,29,13,3,31,309,39,6,11,11,11,113,90,7,10,6,49,3,7,23,11,3,2,100,66,11,1,22,0,8,138,52,18,33,1,5,44,37,6,31,25,25,22,3,0,0,33
2021,"Kensington and Chelsea 002","E02000578",6013,5008,3873,509,315,8,1,19,2,7,2,0,0,6,266,1005,0,0,0,0,84,13,521,440,56,17,79,64,81,59,10,34,20,20,81,5,76,135,42,31,10,8,13,62,1,16,2,1,42,157,46,6,9,4,27,17,7,0,9,1,41,7,10,14,8,2,0,48,33,1,7,7,2,3,62,21,4,16,1,5,21,15,1,14,10,10,9,1,0,0,23
2021,"Kensington and Chelsea 003","E02000579",9002,7157,5372,654,568,9,13,46,16,15,5,0,1,18,440,1845,0,0,1,0,158,31,1002,794,136,64,166,50,130,147,14,40,11,36,208,20,188,123,43,42,6,16,20,38,0,5,7,2,24,221,56,2,15,2,37,38,6,0,24,8,46,1,25,14,4,0,2,69,42,7,2,18,2,10,204,149,17,132,0,5,33,17,5,12,72,72,57,15,0,0,33
2021,"Kensington and Chelsea 004","E02000580",7895,6090,4670,504,390,30,13,44,22,8,4,2,0,10,393,1805,0,0,0,0,110,19,995,816,144,59,139,114,120,145,10,28,18,39,179,23,156,126,47,20,1,2,17,59,1,2,14,1,41,217,44,10,13,0,21,41,19,6,10,6,30,2,3,23,2,0,0,93,63,11,3,16,0,9,215,139,28,110,1,7,44,25,3,22,88,87,74,13,0,1,35
2021,"Kensington and Chelsea 005","E02000581",7395,6092,4821,535,409,14,5,17,7,10,1,1,0,7,265,1303,0,0,0,0,74,14,725,594,65,43,127,110,101,79,7,24,12,26,131,21,110,101,32,33,3,11,19,36,1,7,1,1,26,208,85,6,51,4,24,28,10,8,9,1,19,1,4,10,1,3,0,70,50,5,2,13,0,6,121,53,6,47,0,1,39,28,6,22,30,30,22,8,0,0,30
2021,"Kensington and Chelsea 006","E02000582",6535,4134,2809,379,349,17,5,31,54,9,3,0,0,16,462,2401,0,0,1,0,84,13,1324,1081,216,78,203,48,143,241,13,38,29,72,243,26,217,71,31,9,2,6,1,31,2,5,13,0,11,366,47,4,16,1,26,154,58,27,42,27,47,0,2,40,1,2,2,109,29,16,11,53,3,6,396,316,54,261,1,5,69,6,1,5,88,88,77,11,0,0,58
2021,"Kensington and Chelsea 007","E02000583",6423,4614,3203,408,438,19,11,19,21,7,1,0,0,14,473,1809,0,0,0,0,66,19,966,772,151,110,140,25,69,182,5,30,16,44,194,21,173,39,14,6,1,1,4,19,3,0,9,1,6,216,44,5,15,0,24,71,9,8,39,15,50,0,2,17,3,27,1,43,30,2,4,7,1,7,340,263,42,221,0,11,62,4,0,4,120,119,109,10,0,1,43
2021,"Kensington and Chelsea 008","E02000584",7168,4620,3193,347,345,13,12,28,24,12,0,1,0,11,634,2548,0,0,0,0,65,22,1334,1047,254,72,233,30,100,243,9,24,20,62,287,31,256,40,21,4,1,1,2,15,1,0,7,0,7,400,101,1,12,4,84,130,46,5,63,16,60,0,1,45,3,0,11,77,23,17,18,19,24,8,510,429,53,376,0,2,75,4,1,3,91,91,71,20,0,0,86
2021,"Kensington and Chelsea 009","E02000585",8085,5245,3906,374,357,9,5,20,21,9,2,0,0,9,533,2840,0,0,0,0,89,13,1528,1171,214,103,255,46,138,272,9,34,29,71,357,39,318,168,69,61,44,8,9,38,3,3,18,0,14,537,142,10,50,5,77,136,53,11,35,37,64,2,1,51,6,2,2,174,89,36,14,35,17,4,338,240,34,205,1,4,76,18,0,18,70,70,59,11,0,0,97
2021,"Kensington and Chelsea 010","E02000586",6473,3577,2462,239,305,15,4,10,21,9,5,0,0,8,499,2896,0,0,1,0,62,5,1602,1334,377,64,245,22,146,280,18,40,67,75,268,29,239,79,41,17,1,14,2,21,1,1,13,1,5,631,124,0,10,11,103,251,139,28,65,19,108,0,1,62,44,1,0,130,32,45,22,31,11,7,391,320,52,268,0,11,52,8,8,0,58,57,48,9,0,1,67
2021,"Kensington and Chelsea 011","E02000587",6499,4024,2840,277,307,10,6,25,21,4,1,0,1,9,523,2475,0,0,0,0,88,21,1310,1067,301,64,172,50,119,216,9,29,37,70,243,18,225,72,32,10,1,8,1,30,3,1,12,1,13,416,97,0,24,3,70,153,70,12,52,19,64,0,1,42,11,6,4,84,28,12,16,28,12,6,417,270,44,225,1,3,124,20,0,20,79,79,64,15,0,0,72
2021,"Kensington and Chelsea 012","E02000588",5984,3465,2300,334,298,9,15,16,12,3,3,0,0,12,463,2519,0,0,0,0,58,11,1505,1205,233,91,303,102,79,238,22,11,23,103,300,56,244,53,20,12,0,4,8,21,2,0,9,0,10,347,86,0,17,1,68,122,45,9,59,9,68,0,0,31,30,2,5,66,35,10,12,9,4,1,404,334,57,275,2,14,51,5,2,3,73,73,66,7,0,0,68
2021,"Kensington and Chelsea 013","E02000589",7246,3881,2609,314,303,6,7,29,12,6,5,0,0,15,575,3365,0,0,0,0,75,6,1719,1469,411,76,326,47,183,265,11,44,30,76,250,35,215,104,37,21,2,8,11,46,2,5,16,2,21,937,127,8,29,13,77,533,353,30,120,30,84,3,3,61,15,1,1,152,24,68,25,35,10,31,371,252,43,209,0,9,103,7,2,5,88,88,75,13,0,0,65
2021,"Kensington and Chelsea 014","E02000590",5975,4168,2981,431,304,3,3,34,10,4,2,0,0,10,386,1807,0,0,0,0,51,8,1058,909,235,40,148,40,180,166,9,13,20,58,149,31,118,63,29,13,1,8,4,21,0,2,13,0,6,338,59,3,12,4,40,142,80,15,38,9,52,2,1,32,12,4,1,80,33,10,28,9,1,4,225,155,35,119,1,9,47,14,4,10,34,32,24,8,0,2,30
2021,"Kensington and Chelsea 015","E02000591",6212,3748,2870,227,230,9,7,28,9,7,2,0,0,7,352,2464,0,0,0,0,79,11,1277,1026,173,68,310,59,123,132,15,48,27,71,251,20,231,144,60,46,5,17,24,38,2,1,14,0,21,589,141,6,39,8,88,228,149,14,36,29,78,4,6,44,17,6,1,121,55,30,11,25,8,13,256,142,32,109,1,9,95,10,3,7,71,71,52,19,0,0,37
2021,"Kensington and Chelsea 016","E02000592",5764,3180,2049,298,257,5,2,17,14,11,5,0,0,13,509,2584,0,0,0,0,61,10,1549,1335,397,91,286,42,144,252,13,37,24,49,214,30,184,41,11,8,1,5,2,22,0,0,14,0,8,387,41,1,2,0,38,196,131,17,32,16,59,0,0,41,14,1,3,85,17,22,18,28,3,3,399,329,74,251,4,10,57,3,0,3,82,82,61,21,0,0,55
2021,"Kensington and Chelsea 017","E02000593",7392,4266,2828,365,331,26,13,29,22,7,4,0,0,9,632,3126,0,0,0,0,95,16,1849,1573,465,96,405,44,153,275,10,34,26,65,276,45,231,148,28,10,2,3,5,110,7,66,23,1,13,494,96,8,17,2,69,235,111,83,22,19,54,1,0,39,7,2,5,96,57,20,9,10,3,10,366,256,36,220,0,13,85,12,1,11,90,90,80,10,0,0,68
2021,"Kensington and Chelsea 018","E02000594",6485,4502,2963,509,444,16,15,43,48,17,5,1,3,29,409,1983,0,0,0,0,75,7,1157,950,128,74,199,55,168,201,11,38,13,63,207,20,187,58,29,13,2,4,7,16,1,5,8,0,2,255,54,1,15,1,37,77,34,10,26,7,46,3,1,34,6,1,1,69,53,4,5,7,2,7,310,235,39,195,1,10,61,4,3,1,57,57,50,7,0,0,64
2021,"Kensington and Chelsea 019","E02000595",6167,4190,2902,440,332,10,11,20,18,8,6,0,0,22,421,1977,0,0,1,0,74,9,1114,908,208,66,202,71,105,169,11,16,12,48,206,46,160,68,22,17,4,6,7,29,2,0,16,0,11,247,50,1,5,0,44,75,36,11,19,9,59,1,6,44,3,4,1,55,36,10,2,7,3,5,330,260,36,222,2,5,59,6,0,6,68,68,59,9,0,0,66
2021,"Kensington and Chelsea 020","E02000596",6616,4237,2920,386,327,20,10,27,26,14,4,0,0,14,489,2379,0,0,0,0,79,10,1458,1263,339,73,346,62,101,216,10,28,22,66,195,35,160,62,22,17,1,8,8,23,0,0,20,0,3,348,54,2,7,2,43,111,67,12,17,15,45,2,6,31,4,2,0,117,76,7,18,16,1,20,293,228,33,193,2,9,50,6,1,5,61,61,49,12,0,0,68
2021,"Kensington and Chelsea 021","E02000597",6330,4962,3777,441,312,16,7,20,15,3,3,0,0,13,355,1368,0,0,0,0,69,7,790,660,116,25,119,98,117,96,10,39,6,34,130,11,119,95,27,25,3,7,15,43,0,10,14,1,18,228,51,5,15,3,28,58,35,1,10,12,41,1,7,21,4,3,5,66,42,7,1,16,5,7,133,75,10,64,1,4,49,5,1,4,30,29,23,6,0,1,16
2021,"Kingston upon Thames 001","E02000598",8094,6801,4613,815,775,34,20,36,15,18,5,1,0,19,450,1293,0,0,0,0,87,19,689,528,33,154,47,18,52,83,7,49,31,54,161,42,119,40,5,7,3,2,2,28,3,0,16,4,5,306,21,0,15,2,4,139,67,19,30,23,90,1,1,51,13,24,0,43,11,15,0,17,0,13,88,50,13,37,0,4,33,1,1,0,40,40,28,12,0,0,24
2021,"Kingston upon Thames 002","E02000599",7009,5632,4111,527,489,18,13,23,16,13,4,0,0,17,401,1377,0,0,0,0,71,14,583,458,40,96,48,25,26,93,11,45,25,49,125,30,95,85,31,11,0,9,2,43,3,0,34,3,3,475,87,3,27,31,26,201,80,8,28,85,116,11,3,40,38,18,6,39,19,6,1,13,3,29,93,40,10,30,0,7,35,11,1,10,33,33,21,12,0,0,23
2021,"Kingston upon Thames 003","E02000600",8353,6482,4620,658,679,24,17,39,18,13,3,1,0,16,394,1871,0,0,1,0,64,15,891,689,64,58,97,45,60,96,11,118,47,93,202,29,173,80,13,23,7,10,6,44,2,0,25,6,11,666,85,11,21,27,26,139,43,12,17,67,171,24,8,71,35,27,6,233,215,7,1,10,1,37,92,32,8,24,0,3,51,6,1,5,33,33,27,6,0,0,29
2021,"Kingston upon Thames 004","E02000601",11906,9335,6450,937,1060,59,41,58,27,20,16,0,0,32,635,2571,0,0,0,0,114,31,1242,904,61,94,130,74,75,150,26,111,35,148,338,96,242,104,28,20,1,8,11,56,0,0,41,5,10,810,107,5,51,5,46,377,136,109,53,79,221,17,9,139,30,17,9,70,23,15,9,23,11,24,161,82,23,59,0,7,58,14,1,13,76,74,52,22,0,2,33
2021,"Kingston upon Thames 005","E02000602",10316,7943,5620,786,940,47,27,33,19,16,8,0,0,31,416,2373,0,0,1,0,88,36,1182,989,55,65,149,90,95,144,23,139,73,156,193,29,164,165,54,38,9,7,22,73,1,15,14,7,36,679,106,5,46,15,40,172,98,22,14,38,254,69,5,96,36,39,9,110,86,6,1,17,1,36,143,51,10,40,1,7,68,17,11,6,38,38,16,22,0,0,41
2021,"Kingston upon Thames 006","E02000603",8642,6755,4839,759,653,20,11,19,10,15,6,0,0,13,410,1887,0,0,0,0,63,16,936,807,35,68,85,141,49,99,27,143,37,123,129,17,112,94,14,41,12,13,16,39,2,2,14,11,10,693,97,8,32,40,17,160,29,27,13,91,226,26,4,79,30,85,2,147,126,6,5,10,4,59,52,19,6,13,0,2,24,7,4,3,17,17,11,6,0,0,16
2021,"Kingston upon Thames 007","E02000604",9245,7281,5044,830,799,29,15,28,25,6,6,1,0,22,476,1964,0,1,0,0,76,17,840,683,58,39,88,31,52,68,14,122,90,121,157,15,142,63,19,21,6,4,11,23,1,0,15,0,7,827,35,7,8,3,17,514,63,25,40,386,135,9,5,36,40,40,5,68,35,13,4,16,2,73,80,40,16,24,0,2,33,5,2,3,31,30,22,8,0,1,29
2021,"Kingston upon Thames 008","E02000605",8495,6920,4830,782,739,16,14,34,24,11,9,2,0,14,445,1575,0,0,2,0,96,26,697,576,55,48,70,38,32,61,18,117,35,102,121,9,112,47,12,6,1,2,3,29,3,3,16,0,7,580,60,6,20,16,18,268,33,7,19,209,132,16,2,33,35,43,3,29,17,4,4,4,2,89,68,38,12,26,0,4,22,4,1,3,31,31,14,17,0,0,28
2021,"Kingston upon Thames 009","E02000606",10569,7997,5318,859,1004,59,31,64,29,17,13,2,2,37,562,2572,0,0,0,0,121,25,1332,1034,57,74,144,96,92,152,27,118,87,187,298,67,231,138,44,15,4,8,3,79,5,0,53,6,15,697,130,7,55,6,62,256,109,38,43,66,216,28,4,141,29,9,5,70,24,14,12,20,16,9,154,85,28,54,3,3,58,8,1,7,69,69,48,21,0,0,36
2021,"Kingston upon Thames 010","E02000607",6805,5782,3871,692,753,34,17,27,14,25,6,7,1,25,310,1023,0,0,0,0,77,20,579,444,34,26,52,20,35,73,17,60,18,109,135,11,124,55,11,16,3,6,7,28,1,0,12,6,9,189,26,5,11,6,4,62,33,1,12,16,67,6,1,29,9,18,4,27,5,10,2,10,0,7,56,28,6,22,0,1,19,8,1,7,34,34,22,12,0,0,13
2021,"Kingston upon Thames 011","E02000608",7196,5664,3653,677,741,28,19,41,38,13,10,3,3,38,400,1532,0,0,1,0,75,20,864,685,44,44,103,48,51,81,9,88,52,165,179,35,144,80,10,21,1,13,7,49,0,1,29,8,11,316,48,4,20,11,13,102,35,16,14,37,117,11,4,69,13,17,3,34,11,7,2,14,0,15,111,64,16,48,0,3,39,5,1,4,40,40,24,16,0,0,25
2021,"Kingston upon Thames 012","E02000609",7635,6305,4513,843,603,18,6,15,9,8,5,2,0,14,269,1330,0,0,0,0,68,17,530,480,22,40,45,57,14,61,13,74,62,92,50,1,49,64,11,24,9,0,15,29,0,3,18,2,6,573,60,7,12,33,8,270,20,11,5,234,174,12,6,58,46,38,14,16,5,6,0,5,0,53,45,19,6,13,0,0,22,4,2,2,15,15,7,8,0,0,18
2021,"Kingston upon Thames 013","E02000610",7956,6479,4306,737,856,32,12,46,34,25,8,4,2,20,397,1477,0,0,1,0,86,24,806,693,40,68,84,43,44,83,30,89,57,155,113,17,96,76,13,16,1,7,8,47,0,1,32,6,8,321,43,3,15,3,22,65,16,6,16,27,171,26,5,85,28,21,6,26,12,6,0,8,1,15,81,38,13,25,0,4,34,5,2,3,52,52,41,11,0,0,30
2021,"Kingston upon Thames 014","E02000611",7436,6595,4509,903,780,21,22,26,17,10,10,1,0,13,283,841,0,0,0,0,87,23,418,351,25,33,40,18,36,48,17,42,23,69,67,11,56,23,3,4,0,3,1,16,1,0,12,0,3,235,12,0,2,6,4,79,19,15,10,35,86,7,10,33,5,31,0,17,6,6,0,5,0,41,24,10,6,4,0,0,12,2,0,2,17,17,14,3,0,0,14
2021,"Kingston upon Thames 015","E02000612",8252,7154,4925,1125,729,8,9,21,15,10,8,1,1,12,290,1098,0,0,0,0,93,12,465,385,30,36,49,27,23,57,14,62,20,67,80,4,76,57,5,12,2,7,3,40,2,1,25,3,9,401,41,7,4,18,12,155,19,8,7,121,147,31,3,35,25,47,6,37,15,9,0,13,0,21,47,20,5,15,0,0,21,6,4,2,16,16,8,8,0,0,7
2021,"Kingston upon Thames 016","E02000613",8093,6885,4601,906,920,30,15,36,19,16,8,1,0,19,314,1208,0,0,0,0,76,15,701,569,41,30,59,48,24,56,25,94,30,162,132,17,115,68,12,12,4,4,4,44,4,0,28,3,9,243,29,2,15,5,7,60,16,11,8,25,115,6,4,67,15,22,1,17,3,5,3,6,0,22,77,42,5,37,0,1,27,7,0,7,15,15,8,7,0,0,13
2021,"Kingston upon Thames 017","E02000614",9293,7481,5312,941,736,16,3,35,7,14,5,3,0,12,397,1812,0,0,0,0,79,11,981,852,66,73,80,54,38,64,52,97,74,254,129,12,117,110,25,33,6,15,12,52,5,0,17,8,22,546,42,2,16,6,18,70,18,1,8,43,307,18,9,108,45,121,6,22,8,5,1,8,1,104,56,11,2,9,0,0,37,8,5,3,12,12,7,5,0,0,17
2021,"Kingston upon Thames 018","E02000615",7873,6847,4328,1323,929,19,4,21,13,10,9,1,0,7,183,1026,0,0,1,0,63,12,612,522,36,38,59,44,17,35,38,74,34,147,90,16,74,39,4,7,0,2,5,28,0,0,21,2,5,218,20,1,8,6,5,36,17,2,9,8,100,11,7,34,13,33,2,24,9,5,5,5,0,38,62,14,1,13,0,1,47,0,0,0,8,8,5,3,0,0,11
2021,"Kingston upon Thames 019","E02000616",6062,5448,3349,1098,825,10,3,15,9,4,3,0,0,8,124,614,0,0,0,0,52,3,343,276,5,12,33,31,13,28,27,40,16,71,67,2,65,34,2,5,1,2,2,27,0,0,12,4,11,120,8,0,8,0,0,19,0,5,5,9,69,0,4,23,9,31,2,13,9,0,1,3,0,11,36,10,5,5,0,0,25,1,0,1,10,10,5,5,0,0,16
2021,"Kingston upon Thames 020","E02000617",8864,7927,5086,1390,1126,20,7,19,6,9,4,1,0,12,247,937,0,0,0,0,60,19,558,486,18,42,44,57,13,59,45,56,45,107,72,16,56,49,4,10,0,7,3,35,0,0,22,7,6,195,15,0,4,4,7,28,10,1,2,15,109,10,1,41,22,33,2,17,7,6,2,2,0,26,32,7,0,7,0,0,22,3,0,3,6,5,1,4,0,1,18
2021,"Lambeth 002","E02000619",9102,7074,5403,557,543,27,14,53,19,19,6,0,1,14,418,2028,0,0,0,0,108,24,1107,959,91,34,132,291,142,87,16,64,27,75,148,19,129,260,17,159,45,44,70,84,2,20,11,6,45,201,22,4,6,0,12,67,40,7,8,12,45,5,6,29,4,0,1,59,18,20,3,18,5,3,271,57,21,36,0,10,142,62,46,16,36,36,16,20,0,0,21
2021,"Lambeth 003","E02000620",9839,7497,5549,576,653,42,31,48,24,25,10,1,0,31,507,2342,0,0,0,0,119,30,1287,1057,118,40,144,264,159,135,10,68,35,84,230,27,203,199,16,108,21,44,43,75,0,21,14,1,39,318,44,2,6,2,34,161,128,14,7,12,47,2,3,36,4,2,0,60,25,19,6,10,5,1,285,106,27,79,0,6,129,44,29,15,79,79,49,29,1,0,25
2021,"Lambeth 004","E02000621",12514,8395,6100,529,805,42,18,83,47,32,11,3,1,34,690,4119,0,0,0,0,199,34,2035,1672,158,68,306,350,288,192,31,91,56,132,363,45,318,295,44,137,46,43,48,114,3,21,39,4,47,895,140,2,15,13,110,526,367,40,40,79,99,4,6,81,5,3,0,106,24,37,22,23,17,7,439,167,52,111,4,17,198,57,38,19,137,136,100,36,0,1,85
2021,"Lambeth 005","E02000622",8405,6334,4714,412,634,34,14,70,24,20,7,1,0,30,374,2071,0,0,2,0,125,25,1150,992,92,58,150,236,221,85,7,38,22,83,158,13,145,171,22,100,26,29,45,49,0,2,23,0,24,179,29,2,16,0,11,63,44,3,5,11,28,3,2,10,10,1,2,56,20,27,2,7,0,3,301,68,19,48,1,11,137,85,56,29,83,83,49,34,0,0,35
2021,"Lambeth 006","E02000623",7860,5794,4493,476,376,20,4,19,18,18,5,0,0,5,360,2066,0,0,0,0,85,13,1319,1206,64,19,150,567,181,78,8,67,31,41,113,13,100,184,18,104,31,34,39,62,0,11,10,3,38,90,11,2,4,0,5,31,11,5,4,11,21,4,1,5,9,1,1,22,12,5,1,4,1,4,298,27,8,19,0,14,207,50,30,20,36,34,24,10,0,2,41
2021,"Lambeth 007","E02000624",9629,7358,5653,434,623,32,17,69,17,34,10,5,2,32,430,2271,0,0,0,0,144,21,1217,1018,105,36,135,261,201,95,9,61,17,98,199,10,189,222,18,121,33,42,46,83,2,9,12,5,55,111,14,2,1,1,10,27,11,8,1,7,32,5,3,19,4,1,0,31,10,6,4,11,3,4,426,52,16,36,0,14,129,231,65,166,98,98,70,28,0,0,32
2021,"Lambeth 008","E02000625",9309,6755,5231,478,472,25,13,34,22,14,3,0,0,19,444,2554,0,0,0,0,92,19,1516,1429,112,27,177,487,225,104,19,114,49,115,87,7,80,304,14,184,65,50,69,106,1,15,20,7,63,145,22,2,6,0,14,35,21,5,4,5,45,1,15,13,9,7,0,40,20,6,2,12,0,3,339,38,16,21,1,10,227,64,47,17,78,78,52,26,0,0,61
2021,"Lambeth 009","E02000626",8360,6513,5354,403,386,13,4,28,10,7,4,1,0,11,292,1847,0,0,0,0,84,17,920,836,62,28,81,281,223,62,9,45,26,19,84,7,77,320,19,230,45,90,95,71,2,16,7,0,46,125,2,0,1,1,0,34,8,6,18,2,44,7,9,15,3,1,9,36,25,4,1,6,8,1,331,26,6,19,1,6,168,131,93,38,23,23,14,9,0,0,27
2021,"Lambeth 010","E02000627",9555,7289,5436,429,756,37,26,49,53,17,12,4,0,37,433,2266,0,0,1,0,154,29,1232,1125,99,26,145,377,209,98,15,61,17,78,107,12,95,217,12,130,46,38,46,75,0,23,10,9,33,160,13,0,5,1,7,78,53,7,6,12,39,10,6,15,5,3,0,29,13,9,2,5,0,1,298,72,20,51,1,8,163,55,35,20,149,148,93,55,0,1,26
2021,"Lambeth 011","E02000628",10785,7864,6277,420,529,29,13,48,29,19,7,0,0,18,475,2921,0,0,0,0,100,18,1780,1661,138,56,153,700,332,100,16,77,28,61,119,11,108,344,24,198,57,74,67,122,2,38,35,0,47,124,15,6,0,0,9,27,13,3,6,5,50,8,8,20,8,2,4,29,6,7,5,11,0,3,442,59,14,42,3,22,238,123,80,43,66,66,52,14,0,0,47
2021,"Lambeth 012","E02000629",9114,7092,5074,535,817,57,20,74,43,24,7,2,2,33,404,2022,1,0,0,0,239,22,1059,946,108,34,190,197,152,115,9,53,16,72,113,8,105,138,14,60,19,23,18,64,0,7,36,4,17,106,7,0,1,1,5,32,16,5,4,7,43,3,3,25,3,8,1,20,6,4,4,6,2,2,235,88,27,60,1,5,106,36,25,11,166,166,116,50,0,0,56
2021,"Lambeth 013","E02000630",7537,5921,4225,481,632,40,20,73,36,32,9,1,0,23,349,1616,0,0,0,0,178,28,851,724,115,28,164,119,82,99,13,47,21,36,127,12,115,88,5,32,12,10,10,51,0,3,30,3,15,82,13,0,2,1,10,21,12,0,5,4,18,1,0,16,0,1,0,25,11,5,2,7,3,2,190,89,17,72,0,7,54,40,21,19,161,161,111,49,1,0,38
2021,"Lambeth 014","E02000631",9528,7543,5694,534,640,33,25,58,33,24,9,3,0,32,458,1985,0,0,0,0,143,29,998,813,156,33,107,111,228,74,7,41,18,38,185,7,178,120,6,78,21,29,28,36,1,6,10,2,17,272,7,0,1,0,6,23,11,5,6,1,101,5,4,81,7,2,2,131,113,6,1,11,3,7,302,75,25,49,1,6,162,59,29,30,62,61,36,25,0,1,59
2021,"Lambeth 015","E02000632",9589,7629,5333,534,1013,51,28,87,46,46,12,3,1,52,423,1960,0,0,3,1,204,30,983,838,141,50,144,119,163,93,5,50,25,48,145,11,134,125,6,56,32,12,12,63,1,4,30,4,24,103,8,0,2,0,6,30,12,7,5,6,22,0,1,18,2,0,1,38,16,3,11,8,0,5,233,90,33,57,0,11,78,54,30,24,247,247,169,78,0,0,31
2021,"Lambeth 016","E02000633",9154,7321,5609,440,703,20,15,41,24,23,9,0,0,28,409,1833,0,0,2,0,109,35,968,858,121,28,132,204,188,93,17,35,13,27,110,4,106,262,22,157,33,71,53,83,3,13,18,1,48,87,8,0,5,0,3,29,17,4,2,6,19,5,3,4,6,1,0,20,1,9,2,8,1,10,263,60,16,44,0,10,115,78,60,18,70,70,52,17,1,0,37
2021,"Lambeth 017","E02000634",6777,5277,3862,390,527,30,27,50,27,34,3,12,0,14,301,1500,0,0,0,0,143,21,698,613,73,19,118,162,80,80,8,30,13,30,85,5,80,153,25,74,14,29,31,54,1,13,19,3,18,111,25,3,1,2,19,27,15,2,7,3,30,7,2,12,7,0,2,27,6,3,4,14,0,2,213,74,19,54,1,13,71,55,44,11,126,126,75,51,0,0,35
2021,"Lambeth 018","E02000635",9812,8024,6073,471,799,49,26,57,39,23,4,2,0,36,445,1788,0,0,0,1,152,39,913,768,88,42,150,120,114,88,3,105,12,46,145,2,143,177,6,120,26,59,35,51,3,3,13,7,25,120,17,3,7,0,7,37,30,1,1,5,39,4,4,20,9,1,1,25,13,3,0,9,1,1,248,78,17,61,0,8,82,80,57,23,106,105,63,41,1,1,32
2021,"Lambeth 019","E02000636",7717,6207,4270,467,800,60,25,63,52,31,15,1,0,23,400,1510,0,2,0,0,185,47,724,610,146,24,98,70,77,87,8,31,33,36,114,9,105,58,3,23,9,7,7,32,1,1,21,0,9,82,13,0,6,0,7,16,7,2,3,4,38,6,1,18,8,5,0,15,9,1,3,2,0,0,195,125,28,97,0,2,45,23,15,8,182,182,132,50,0,0,35
2021,"Lambeth 020","E02000637",8403,6571,4839,428,674,42,22,68,27,21,10,1,2,32,405,1832,0,0,1,0,151,32,1016,832,108,45,129,115,242,84,11,39,14,45,184,12,172,116,4,60,17,27,16,52,2,16,9,1,24,80,12,0,4,0,8,21,6,5,7,3,32,7,1,9,10,4,1,15,8,1,1,5,0,0,322,90,28,61,1,10,168,54,33,21,89,89,61,28,0,0,25
2021,"Lambeth 021","E02000638",10254,7922,5947,601,728,46,16,85,34,31,5,0,0,21,408,2332,0,0,1,0,173,28,1192,1049,104,32,203,211,244,86,12,65,37,55,143,11,132,234,4,144,53,35,56,86,4,35,17,0,30,145,13,6,6,0,1,26,12,3,6,5,77,1,10,29,11,25,1,26,8,3,4,11,0,3,401,47,12,34,1,8,212,134,88,46,114,114,66,48,0,0,44
2021,"Lambeth 022","E02000639",8322,6027,4662,365,487,27,24,39,17,19,11,0,0,22,354,2295,1,0,1,0,98,18,1300,1186,79,25,208,299,257,93,17,97,25,86,114,6,108,335,21,262,153,59,50,52,2,10,9,3,28,106,9,0,3,1,5,36,25,3,4,4,54,4,5,28,15,2,0,5,0,0,0,5,0,2,344,32,13,19,0,33,176,103,64,39,49,49,39,10,0,0,43
2021,"Lambeth 023","E02000640",9286,7821,5576,606,928,47,24,91,50,46,22,1,0,22,408,1465,0,0,1,0,192,31,718,583,91,29,99,75,97,84,4,40,16,48,135,23,112,79,2,39,10,14,15,38,1,4,13,4,16,101,19,5,3,3,8,17,5,2,9,1,37,1,0,20,12,4,0,23,15,3,1,4,0,5,173,75,21,54,0,4,60,34,27,7,141,141,100,41,0,0,29
2021,"Lambeth 024","E02000641",8629,6823,5496,458,422,21,12,31,11,10,0,0,0,11,351,1806,0,0,0,0,71,22,994,880,65,11,128,293,172,83,8,57,19,44,114,5,109,297,7,226,68,77,81,64,3,8,3,2,48,92,11,2,0,8,1,26,13,7,2,4,30,4,4,12,10,0,0,22,11,3,1,7,0,3,263,25,6,19,0,10,126,102,71,31,28,28,16,11,1,0,39
2021,"Lambeth 025","E02000642",9805,8100,5974,732,733,40,18,69,33,19,11,2,0,32,437,1705,0,0,0,0,118,33,923,749,67,43,107,109,165,84,5,54,42,73,174,1,173,145,6,98,29,38,31,41,2,3,13,2,21,103,8,0,5,2,1,17,6,5,5,1,52,0,4,29,12,6,1,25,7,8,1,9,0,1,279,80,50,29,1,11,118,70,52,18,69,69,42,27,0,0,35
2021,"Lambeth 026","E02000643",9379,7247,5398,520,714,35,19,46,33,26,8,0,0,22,426,2132,0,0,0,0,137,40,1210,1079,85,41,184,157,220,72,14,120,49,137,131,16,115,184,26,97,50,18,29,61,0,12,26,1,22,108,12,0,3,0,9,23,7,5,4,7,41,4,2,21,10,3,1,29,19,4,0,6,0,3,352,68,22,43,3,23,189,72,54,18,74,74,47,27,0,0,27
2021,"Lambeth 027","E02000644",8526,6696,5003,508,547,55,26,41,27,30,9,1,0,27,422,1830,0,0,1,0,99,22,1089,957,129,21,148,156,175,70,29,150,23,56,132,7,125,144,15,83,17,38,28,46,1,6,12,1,26,104,19,3,2,0,14,13,5,0,4,4,49,5,5,16,13,5,5,17,4,8,2,3,1,5,281,58,19,38,1,4,148,71,50,21,62,58,35,23,0,4,28
2021,"Lambeth 028","E02000645",9527,7489,5535,612,677,37,27,60,29,25,20,4,0,30,433,2038,0,0,0,0,124,35,1217,1019,82,31,155,239,206,57,23,112,44,70,198,10,188,150,9,87,17,39,31,54,4,11,14,2,23,143,15,0,2,3,10,25,10,1,11,3,58,8,4,30,13,2,1,43,19,8,3,13,0,2,273,62,16,44,2,8,137,66,38,28,60,60,35,25,0,0,36
2021,"Lambeth 029","E02000646",9496,7215,5332,541,687,41,19,68,39,18,4,2,1,30,433,2281,0,0,0,0,149,28,1417,1251,77,37,234,126,288,90,21,234,38,106,166,7,159,139,31,56,13,20,23,52,1,10,18,6,17,149,10,1,0,1,8,24,8,4,6,6,69,10,11,20,21,5,2,38,20,6,1,11,3,5,256,38,13,23,2,8,162,48,26,22,98,98,63,35,0,0,45
2021,"Lambeth 030","E02000647",8592,7000,5265,527,628,35,26,38,25,11,9,0,0,34,402,1592,0,0,0,0,93,34,940,801,60,24,136,173,128,74,11,116,24,55,139,7,132,136,12,86,29,23,34,38,1,10,11,1,15,127,7,0,4,1,2,17,6,2,5,4,61,0,3,33,23,2,0,40,28,6,0,6,0,2,200,41,11,30,0,8,94,57,34,23,46,38,21,17,0,8,16
2021,"Lambeth 031","E02000648",7821,6477,5150,487,446,17,1,29,13,14,6,0,0,18,296,1344,0,0,0,0,85,21,708,615,49,26,73,187,116,51,6,57,20,30,93,4,89,194,14,144,61,49,34,36,0,7,5,2,22,104,18,2,1,6,9,21,12,4,3,2,41,2,5,22,3,2,7,23,6,3,4,10,0,1,187,17,4,13,0,3,83,84,67,17,25,25,17,8,0,0,20
2021,"Lambeth 032","E02000649",12480,9050,6537,686,889,62,30,84,42,46,9,1,0,37,627,3430,0,0,0,0,190,39,2155,1964,101,63,248,245,381,149,27,449,109,192,191,7,184,254,26,131,43,38,50,97,1,24,37,6,29,214,36,4,11,4,17,27,17,0,7,3,109,2,19,45,30,8,5,39,19,6,1,13,1,2,432,53,16,33,4,11,291,77,48,29,82,82,58,24,0,0,64
2021,"Lambeth 033","E02000650",7668,6280,4725,588,495,28,16,41,27,25,19,3,0,15,298,1388,0,0,0,0,125,20,770,649,75,16,103,102,145,49,11,63,37,48,121,5,116,135,14,84,24,33,27,37,4,2,8,0,23,82,4,0,1,1,2,35,18,0,9,8,21,5,1,5,4,6,0,17,9,3,0,5,2,3,182,38,10,28,0,4,63,77,49,28,25,25,15,10,0,0,49
2021,"Lambeth 034","E02000651",8742,6559,4897,474,624,20,16,47,28,21,4,0,1,24,403,2183,0,0,0,0,106,28,1313,1192,52,36,150,173,182,99,19,288,55,138,121,6,115,191,27,108,54,32,22,56,1,17,7,9,22,160,26,3,2,0,21,24,12,5,3,4,68,5,8,14,35,6,0,37,13,3,0,21,0,5,262,31,9,22,0,9,166,56,41,15,68,68,46,22,0,0,55
2021,"Lambeth 035","E02000652",7557,5545,4427,382,343,13,10,13,11,13,2,0,0,7,324,2012,0,0,0,0,54,7,1375,1286,45,12,166,144,106,80,17,452,68,196,89,0,89,163,6,96,39,25,32,61,8,18,6,1,28,193,25,2,2,0,21,21,17,1,2,1,116,7,1,29,59,19,1,28,6,10,1,11,0,3,182,15,6,9,0,2,108,57,35,22,20,20,11,9,0,0,18
2021,"Lewisham 001","E02000653",12617,8950,6811,676,692,29,10,52,21,28,5,0,0,22,604,3667,0,0,0,0,113,17,2043,1741,177,74,375,125,221,269,51,131,114,204,302,40,262,401,40,256,46,117,93,105,12,16,25,11,41,606,44,18,7,3,16,228,158,32,17,21,144,10,16,62,14,31,11,163,43,38,17,65,11,16,339,70,34,35,1,12,174,83,58,25,70,70,34,36,0,0,78
2021,"Lewisham 002","E02000654",8783,6808,5470,426,428,20,12,37,12,14,0,1,0,9,379,1975,0,0,0,0,60,12,1017,851,103,30,152,103,119,85,39,80,56,84,166,23,143,356,13,273,40,96,137,70,11,13,1,12,33,235,25,8,7,3,7,55,38,4,11,2,42,15,3,9,1,13,1,99,13,1,4,81,6,8,245,42,8,34,0,9,90,104,82,22,28,28,14,14,0,0,22
2021,"Lewisham 003","E02000655",10295,7533,5798,509,558,26,10,45,22,22,4,3,21,15,500,2762,0,0,0,0,81,19,1576,1380,100,48,162,117,390,155,70,118,77,143,196,17,179,296,19,225,36,126,63,52,2,8,15,3,24,329,34,9,5,5,15,116,82,14,12,8,78,27,2,20,12,16,1,78,15,14,5,44,9,14,373,64,19,45,0,7,186,116,46,70,29,27,18,9,0,2,59
2021,"Lewisham 005","E02000657",9904,7540,5621,612,679,30,19,55,24,30,13,1,2,33,421,2364,0,0,4,0,121,38,1259,1064,104,46,140,121,228,132,38,77,101,77,195,13,182,241,13,183,29,104,50,45,3,8,7,7,20,315,42,22,3,0,17,137,96,10,14,17,83,7,14,42,12,6,2,42,6,8,6,22,2,9,309,82,16,65,1,8,112,107,64,43,54,54,37,17,0,0,23
2021,"Lewisham 006","E02000658",8623,6747,4995,502,605,22,18,52,29,25,8,2,1,22,466,1876,0,0,2,1,117,28,1047,829,79,36,119,60,255,81,25,53,46,75,218,2,216,200,7,165,21,84,60,28,0,8,8,2,10,141,15,3,5,2,5,46,29,3,14,0,40,4,1,29,6,0,0,35,4,7,0,24,2,3,250,51,17,34,0,8,108,83,48,35,55,55,43,12,0,0,35
2021,"Lewisham 007","E02000659",8056,6472,4597,531,718,29,17,75,37,20,10,2,1,27,408,1584,0,0,0,0,97,24,806,613,82,46,91,42,74,78,29,46,17,108,193,34,159,143,16,92,12,42,38,35,5,5,3,11,11,253,13,3,3,1,6,108,78,6,16,8,62,0,1,39,4,13,5,55,9,9,3,34,4,11,196,70,26,44,0,5,77,44,34,10,42,42,32,9,1,0,23
2021,"Lewisham 008","E02000660",8210,6330,4579,482,627,35,17,61,36,19,5,3,1,27,438,1880,0,0,0,0,119,62,972,788,119,46,143,53,130,99,23,57,47,71,184,19,165,140,8,87,13,42,32,45,6,2,14,4,19,290,10,1,2,0,7,79,42,11,13,13,170,7,1,123,20,19,0,30,7,9,3,11,1,0,200,71,16,54,1,8,58,63,43,20,63,62,40,22,0,1,34
2021,"Lewisham 009","E02000661",6488,5289,3561,632,600,37,19,36,31,20,2,1,0,13,337,1199,0,0,0,0,65,22,666,519,56,31,71,27,96,61,18,47,44,68,147,16,131,115,14,76,8,43,25,25,1,0,14,2,8,139,11,0,0,1,10,41,22,4,5,10,47,0,4,16,10,8,9,35,15,6,4,10,0,5,126,39,9,30,0,7,53,27,12,15,32,32,20,12,0,0,34
2021,"Lewisham 010","E02000662",8291,6731,5166,464,586,19,8,43,14,13,6,2,0,7,403,1560,0,0,0,0,97,28,824,684,65,42,92,25,120,99,23,100,35,83,140,12,128,218,9,178,32,98,48,31,0,12,7,2,10,135,18,3,8,0,7,37,17,6,8,6,49,6,2,13,6,22,0,19,2,3,3,11,0,12,204,58,9,49,0,3,64,79,56,23,28,28,21,6,1,0,26
2021,"Lewisham 011","E02000663",6798,5368,3964,436,480,19,14,46,22,18,7,2,1,19,340,1430,0,0,0,0,103,28,737,613,55,23,95,28,171,71,16,55,61,38,124,8,116,167,9,142,12,52,78,16,2,3,4,1,6,149,9,2,1,0,6,45,22,3,13,7,71,0,5,21,9,36,0,17,5,2,4,6,1,6,171,44,13,31,0,10,46,71,37,34,39,39,28,11,0,0,36
2021,"Lewisham 013","E02000665",8158,6511,4612,631,638,26,20,36,19,14,7,3,1,20,484,1647,0,0,0,0,115,24,945,794,88,27,94,39,95,87,42,70,182,70,151,12,139,154,18,106,21,38,47,30,1,1,14,8,6,207,17,0,8,2,7,41,23,6,8,4,102,1,6,49,5,40,1,35,21,7,0,7,0,12,146,46,12,34,0,6,41,53,36,17,43,43,33,9,1,0,13
2021,"Lewisham 014","E02000666",7191,5914,4400,481,535,30,18,34,21,24,4,3,0,14,350,1277,0,0,0,0,120,35,617,470,49,28,64,42,74,44,22,37,56,54,147,12,135,163,8,129,6,73,50,26,1,0,7,5,13,133,4,2,0,0,2,34,25,1,4,4,56,3,3,19,6,25,0,26,14,4,1,7,0,13,132,40,7,33,0,1,43,48,31,17,41,41,28,13,0,0,36
2021,"Lewisham 015","E02000667",6685,5672,4225,461,489,19,10,35,21,21,5,2,2,23,359,1013,0,0,0,0,104,37,517,385,17,20,66,14,77,35,12,45,65,34,132,2,130,56,1,47,10,21,16,8,1,4,1,1,1,86,3,1,1,0,1,26,16,2,7,1,37,1,1,9,21,5,0,12,3,3,1,5,1,7,139,55,11,44,0,1,27,56,40,16,60,60,33,27,0,0,14
2021,"Lewisham 016","E02000668",6867,5619,4044,552,555,26,19,43,22,15,5,0,1,18,319,1248,0,0,0,2,95,33,652,479,53,15,63,15,59,71,14,60,58,71,173,12,161,135,12,103,13,55,35,20,0,2,8,3,7,162,4,0,4,0,0,35,18,3,11,3,74,3,10,33,0,26,2,38,6,7,8,17,1,10,136,33,13,20,0,6,55,42,30,12,19,19,9,10,0,0,14
2021,"Lewisham 017","E02000669",7973,6039,4454,532,541,20,7,34,28,9,7,1,1,11,394,1934,0,0,0,0,78,22,1076,884,56,36,113,61,118,77,32,103,110,178,192,9,183,189,16,139,27,57,55,34,1,1,14,1,17,258,18,0,7,0,11,52,22,7,11,12,106,10,1,48,10,33,4,63,49,6,1,7,0,19,249,37,17,20,0,6,117,89,53,36,31,30,17,13,0,1,31
2021,"Lewisham 018","E02000670",6707,5146,4059,361,348,6,4,14,11,9,2,1,0,11,320,1561,0,0,0,0,59,16,828,717,64,33,71,49,173,52,31,52,133,59,111,34,77,251,11,202,39,96,67,38,2,18,9,4,5,184,18,8,1,1,8,28,22,1,2,3,72,7,4,12,22,24,3,50,31,3,0,16,0,16,174,18,4,14,0,2,37,117,71,46,26,17,8,9,0,9,23
2021,"Lewisham 019","E02000671",8739,7242,5205,663,722,47,13,66,22,15,6,5,0,21,457,1497,0,0,0,0,109,41,791,591,60,26,96,43,90,53,15,64,94,50,200,15,185,132,4,116,27,60,29,12,0,0,7,1,4,142,26,4,3,2,17,36,12,4,14,6,47,5,5,13,5,12,7,33,16,5,1,11,0,0,185,52,10,42,0,2,58,73,49,24,67,66,42,24,0,1,30
2021,"Lewisham 020","E02000672",10272,7681,5737,700,613,18,5,47,17,13,3,1,0,14,513,2591,0,0,0,0,117,21,1359,1135,97,41,226,113,151,90,41,98,152,126,224,16,208,317,14,255,26,143,86,48,3,0,16,7,22,354,14,0,3,0,11,52,31,5,15,1,138,7,10,53,17,51,0,95,76,4,4,11,0,55,316,32,10,21,1,10,166,108,76,32,55,55,39,16,0,0,52
2021,"Lewisham 021","E02000673",8137,6798,4859,657,688,35,19,43,18,20,3,4,0,32,420,1339,0,0,1,0,120,27,678,517,43,34,82,37,76,67,19,77,37,45,161,3,158,156,7,122,16,89,17,27,0,1,9,8,9,124,13,8,0,2,3,50,17,4,23,6,25,0,3,6,3,11,2,27,12,3,3,9,0,9,148,50,17,33,0,0,47,51,31,20,49,48,32,16,0,1,36
2021,"Lewisham 022","E02000674",8453,6870,5222,609,554,18,16,22,9,14,5,0,1,23,377,1583,0,0,0,0,104,15,874,739,82,29,79,39,144,101,17,75,108,65,135,5,130,188,10,141,14,68,59,37,6,4,4,1,22,183,24,8,1,0,15,53,42,1,7,3,65,3,1,13,4,44,0,24,11,3,1,9,1,16,179,26,9,17,0,2,19,132,96,36,23,23,12,11,0,0,17
2021,"Lewisham 023","E02000675",8526,7094,4984,938,720,23,7,55,16,13,8,1,1,16,312,1432,0,0,0,0,85,19,797,659,63,16,93,44,62,69,54,68,117,73,138,10,128,152,18,111,22,46,43,23,2,0,9,1,11,204,1,0,0,0,1,59,39,6,11,3,107,7,11,44,2,40,3,21,4,5,4,8,0,16,115,17,3,14,0,4,38,56,36,20,32,32,21,11,0,0,28
2021,"Lewisham 024","E02000676",7813,6605,4893,547,682,23,11,45,17,18,8,0,0,19,342,1208,0,0,0,0,110,34,655,538,63,25,68,34,83,44,29,47,59,86,117,2,115,119,12,87,12,39,36,20,4,1,5,3,7,104,4,1,2,1,0,17,10,0,5,2,59,11,3,12,6,26,1,20,8,4,5,3,0,4,127,49,18,30,1,1,24,53,30,23,43,43,22,21,0,0,16
2021,"Lewisham 025","E02000677",7214,5943,4679,492,431,6,3,22,5,5,7,0,3,11,279,1271,0,0,0,0,116,22,615,516,33,28,76,30,91,47,30,48,84,49,99,12,87,164,8,127,16,68,43,29,0,12,2,10,5,163,17,6,2,0,9,5,3,0,0,2,101,11,5,26,14,45,0,23,11,5,2,5,1,16,147,24,6,18,0,0,37,86,57,29,15,15,10,5,0,0,29
2021,"Lewisham 026","E02000678",6970,5676,4193,710,534,11,13,13,1,7,2,0,0,3,189,1294,0,0,0,0,70,10,647,573,45,8,66,48,48,67,44,84,93,70,74,16,58,235,14,195,17,111,67,26,4,2,2,5,13,146,4,0,0,0,4,18,15,2,1,0,90,16,3,19,3,49,0,18,5,1,0,12,0,16,143,21,6,15,0,0,27,95,80,15,4,4,3,1,0,0,39
2021,"Lewisham 027","E02000679",8132,6772,4964,673,632,26,10,50,15,21,6,1,0,13,361,1360,0,0,0,0,93,18,736,582,61,28,92,37,87,68,14,54,92,49,154,17,137,177,12,134,26,67,41,31,2,1,5,9,14,156,19,7,8,0,4,39,26,2,7,4,65,8,6,19,4,20,8,32,13,6,0,13,0,1,119,31,13,18,0,0,23,65,42,23,37,37,24,13,0,0,24
2021,"Lewisham 028","E02000680",7035,5679,4235,507,463,11,15,39,25,13,3,2,0,20,346,1356,0,0,0,0,96,20,680,542,71,26,83,39,63,69,17,69,27,78,138,20,118,153,9,112,10,63,39,32,5,4,4,3,16,213,45,38,3,4,0,56,24,7,21,4,77,5,6,26,22,18,0,31,17,5,3,6,0,4,138,27,3,23,1,3,56,52,35,17,15,15,12,3,0,0,41
2021,"Lewisham 029","E02000681",8470,7093,5384,804,572,13,3,19,9,7,4,1,0,8,269,1377,0,0,0,0,75,12,670,571,43,15,41,66,69,53,25,74,101,84,99,10,89,222,10,173,21,94,58,39,2,1,11,1,24,195,8,3,2,0,3,29,20,1,5,3,121,7,3,29,6,71,5,30,20,2,0,8,0,7,165,23,6,17,0,1,46,95,74,21,18,18,11,7,0,0,20
2021,"Lewisham 030","E02000682",8930,7393,5908,699,459,10,4,8,4,2,0,1,0,4,294,1537,0,0,0,0,52,11,690,613,46,44,80,55,67,55,31,60,120,55,77,3,74,284,11,216,48,105,63,57,2,12,7,11,25,283,16,4,6,0,6,21,15,0,4,2,172,20,3,16,9,124,0,33,9,10,2,12,0,41,179,13,2,11,0,2,44,120,87,33,5,5,4,1,0,0,33
2021,"Lewisham 031","E02000683",6772,5577,3972,806,507,10,2,10,9,6,4,1,0,10,240,1195,0,0,0,0,43,11,673,579,68,15,68,31,52,31,51,81,86,96,94,10,84,179,13,133,14,88,31,33,0,5,3,10,15,153,6,2,0,0,4,29,17,3,6,3,87,3,3,35,3,32,11,15,3,6,1,5,0,16,106,13,4,9,0,0,41,52,33,19,17,17,9,8,0,0,13
2021,"Lewisham 033","E02000685",8134,6704,4836,757,637,30,15,34,21,11,1,1,0,13,348,1430,0,0,1,0,93,24,811,663,41,20,121,41,98,86,19,63,47,127,148,17,131,153,6,113,21,56,36,34,4,1,8,5,16,126,16,0,2,10,4,16,8,1,5,2,59,3,7,16,9,19,5,30,15,7,1,7,0,5,167,35,5,30,0,1,57,74,43,31,19,19,9,10,0,0,36
2021,"Lewisham 034","E02000686",7534,6055,4655,621,483,10,2,14,5,8,0,0,0,18,239,1479,1,0,0,0,48,9,769,675,49,24,87,50,141,50,26,105,83,60,94,7,87,282,6,235,55,120,60,41,3,19,3,1,15,133,4,2,1,0,1,11,9,0,2,0,81,10,10,25,4,29,3,22,9,8,0,5,0,15,180,18,6,10,2,2,53,107,73,34,15,15,12,3,0,0,42
2021,"Lewisham 035","E02000687",8265,6944,5005,749,654,26,14,52,25,19,6,0,0,34,360,1321,0,0,0,0,95,33,639,534,53,23,90,38,73,54,19,79,28,77,105,12,93,212,4,171,18,105,48,37,6,3,8,4,16,123,13,4,0,0,9,25,11,4,8,2,60,11,7,16,8,16,2,19,5,4,1,9,1,5,159,46,11,35,0,3,42,68,59,9,25,25,18,6,1,0,35
2021,"Merton 001","E02000689",9052,7181,4936,631,818,37,25,62,41,28,11,4,1,27,560,1871,0,0,0,0,147,41,1032,843,121,55,140,65,98,89,16,89,55,115,189,46,143,131,17,14,5,3,6,100,1,3,83,2,11,221,12,0,4,2,6,86,34,7,24,21,79,1,14,45,12,7,0,33,16,2,6,9,2,9,147,63,20,43,0,6,72,6,2,4,111,111,68,43,0,0,41
2021,"Merton 002","E02000690",5518,4543,3149,468,487,16,25,34,30,9,2,1,0,18,304,975,0,0,0,0,75,16,491,352,30,49,54,12,51,87,2,25,12,30,139,22,117,39,3,6,0,2,4,30,1,0,28,0,1,178,25,0,7,0,18,93,22,7,35,29,19,0,0,14,2,3,0,29,13,3,3,10,6,6,109,67,21,46,0,1,33,8,2,6,45,45,33,12,0,0,22
2021,"Merton 003","E02000691",7355,5749,3970,531,646,29,12,36,20,18,7,0,0,24,456,1606,0,0,2,1,117,35,807,656,77,30,104,61,102,74,12,76,31,89,151,33,118,126,9,28,15,6,7,89,0,9,70,0,10,237,13,2,1,0,10,104,44,3,33,24,95,5,0,67,13,10,0,18,10,1,4,3,1,6,139,78,20,58,0,5,47,9,6,3,112,112,83,29,0,0,30
2021,"Merton 004","E02000692",7658,5669,3766,533,704,33,26,51,42,35,16,3,1,17,442,1989,0,0,0,0,137,28,882,680,64,43,130,47,84,125,15,57,33,82,202,52,150,104,14,18,7,9,2,72,0,2,59,2,9,498,17,0,4,0,13,292,58,5,98,131,133,1,2,106,19,4,1,46,12,13,9,12,5,5,217,110,39,71,0,7,83,17,13,4,87,87,53,34,0,0,36
2021,"Merton 005","E02000693",9853,7137,5023,671,704,56,34,55,37,19,4,0,0,22,512,2716,0,0,0,0,161,27,1584,1392,66,35,198,105,137,113,34,298,153,253,192,20,172,194,48,41,25,10,6,105,5,9,50,3,38,413,42,9,16,1,16,63,18,7,14,24,216,12,25,83,40,56,0,77,46,14,5,12,3,12,210,39,9,29,1,9,131,31,14,17,77,77,44,33,0,0,50
2021,"Merton 006","E02000694",9109,7139,4825,657,856,46,31,55,38,36,13,1,0,29,552,1970,0,0,1,0,151,27,1041,854,88,26,147,61,103,116,13,92,61,147,187,32,155,109,10,18,5,7,6,81,0,1,68,3,9,295,21,3,9,0,9,102,43,11,13,35,119,2,1,47,26,43,0,39,16,5,8,10,2,12,188,73,20,53,0,3,100,12,6,6,109,109,64,45,0,0,49
2021,"Merton 007","E02000695",8639,6299,4978,443,442,21,11,23,7,7,4,2,0,16,345,2340,0,0,0,0,100,17,1378,1275,59,34,86,51,84,73,30,466,197,195,103,10,93,142,8,58,25,21,12,76,0,20,10,7,39,527,6,0,3,0,3,9,5,0,3,1,368,27,25,77,86,145,8,49,33,3,0,13,0,95,141,17,4,13,0,2,71,51,32,19,15,15,7,8,0,0,20
2021,"Merton 008","E02000696",8630,6220,4514,555,588,30,11,19,17,19,1,1,0,11,454,2410,0,0,2,0,107,17,1511,1397,26,37,138,104,119,66,37,487,145,238,114,5,109,146,17,72,34,16,22,57,5,12,13,2,25,440,16,1,4,1,10,34,19,3,8,4,273,10,9,79,77,97,1,44,29,4,0,11,2,71,133,22,11,11,0,1,88,22,15,7,21,21,10,11,0,0,33
2021,"Merton 009","E02000697",8718,6377,4249,546,770,26,21,46,42,30,11,0,0,29,607,2341,0,0,0,0,176,48,1148,915,115,38,158,78,87,89,21,93,64,172,233,60,173,105,16,17,8,8,1,72,1,0,60,2,9,474,17,0,7,0,10,190,66,19,35,70,194,5,2,112,42,26,7,51,25,7,2,17,0,22,208,90,19,71,0,8,88,22,4,18,114,114,82,32,0,0,68
2021,"Merton 010","E02000698",8243,6697,4710,571,745,39,25,38,44,24,7,0,0,20,474,1546,0,0,0,0,145,19,697,534,44,62,89,24,53,102,12,57,31,60,163,18,145,91,17,14,8,3,3,60,0,0,57,2,1,350,21,1,7,0,13,207,56,9,51,91,85,1,5,50,9,11,9,28,9,10,3,6,5,4,144,85,14,71,0,2,51,6,1,5,70,69,46,23,0,1,30
2021,"Merton 011","E02000699",8207,6344,4240,632,743,36,19,45,35,19,6,1,1,20,547,1863,0,0,1,0,151,22,949,709,79,34,97,55,81,93,31,70,47,122,240,91,149,106,8,13,4,5,4,85,0,0,80,5,0,387,8,0,3,0,5,200,70,7,42,81,132,1,3,105,15,8,0,42,16,5,6,15,1,4,144,59,21,38,0,3,68,14,3,11,62,62,37,25,0,0,41
2021,"Merton 012","E02000700",8664,6545,4921,680,529,20,8,19,3,9,5,1,0,10,340,2119,0,0,0,0,73,4,1296,1182,52,35,132,95,63,58,45,351,122,229,114,11,103,170,10,100,53,15,32,60,1,2,22,9,26,380,30,7,7,4,12,25,5,1,8,11,244,8,9,48,78,94,7,44,26,5,1,12,3,34,126,29,11,18,0,2,73,22,16,6,27,27,16,11,0,0,43
2021,"Merton 013","E02000701",9007,6453,5023,684,376,7,6,10,6,7,1,1,0,6,326,2554,0,0,0,0,89,14,1436,1336,33,47,118,100,58,58,39,464,172,247,100,26,74,210,13,120,75,18,27,77,1,4,10,3,59,661,9,4,3,0,2,34,19,4,3,8,439,1,17,112,92,217,0,66,56,4,2,4,0,113,107,12,4,8,0,1,56,38,21,17,15,15,13,2,0,0,22
2021,"Merton 014","E02000702",9327,7339,5675,685,556,9,3,14,5,10,1,1,0,5,375,1988,0,0,0,0,58,10,1168,1087,39,39,106,171,71,73,34,332,112,110,81,0,81,259,20,178,102,40,36,61,1,11,9,11,29,308,12,3,5,4,0,19,6,3,7,3,219,5,11,53,69,77,4,22,16,1,0,5,4,32,159,9,2,7,0,2,79,69,45,24,10,10,5,5,0,0,16
2021,"Merton 015","E02000703",7955,6515,4571,697,651,30,23,34,21,8,0,0,1,26,453,1440,0,0,0,0,125,35,778,646,51,19,90,49,49,87,13,80,65,143,132,31,101,84,12,34,14,13,7,38,1,0,27,1,9,234,20,2,5,0,13,55,19,6,19,11,106,2,2,46,30,22,4,31,3,12,2,14,0,22,112,39,7,32,0,0,68,5,2,3,53,53,39,14,0,0,19
2021,"Merton 016","E02000704",8599,6477,4413,774,672,24,20,37,25,16,3,0,0,22,471,2122,0,0,0,1,129,24,1121,942,71,28,128,85,72,77,21,144,101,215,179,24,155,176,17,32,15,9,8,127,0,12,81,7,27,432,25,3,11,2,9,143,41,13,16,73,201,8,4,104,40,43,2,38,14,9,2,13,2,23,129,42,9,33,0,2,68,17,12,5,57,57,33,24,0,0,53
2021,"Merton 017","E02000705",9333,7047,5525,625,422,9,5,15,7,8,3,0,0,2,426,2286,0,0,0,0,81,5,1413,1318,28,34,132,195,153,25,52,352,156,191,95,10,85,203,16,122,71,25,26,65,0,11,8,6,40,377,9,0,6,0,3,20,10,2,3,5,276,14,6,75,110,70,1,29,18,6,0,5,0,43,168,16,7,9,0,7,99,46,26,20,16,15,11,4,0,1,23
2021,"Merton 018","E02000706",10026,7465,5706,702,641,9,4,12,4,14,1,0,0,9,363,2561,0,0,1,0,60,10,1389,1276,55,38,119,133,67,87,34,416,143,184,113,6,107,312,21,205,133,28,44,86,0,24,15,3,44,609,41,20,7,1,13,27,15,0,7,5,394,13,17,77,140,139,8,48,33,5,0,10,3,96,128,17,6,11,0,3,59,49,29,20,17,17,10,7,0,0,35
2021,"Merton 019","E02000707",8311,6643,5138,691,497,4,1,7,1,1,0,1,1,5,296,1668,0,0,0,0,36,5,839,785,25,49,61,113,65,82,22,191,100,77,54,2,52,363,5,303,226,31,46,55,3,11,8,1,32,280,11,3,5,3,0,24,2,6,3,13,193,15,4,42,84,47,1,22,12,6,1,3,0,30,125,8,0,8,0,0,51,66,50,16,5,5,3,2,0,0,15
2021,"Merton 020","E02000708",8878,7181,4978,852,740,30,11,30,18,19,11,1,0,17,474,1697,0,0,0,0,135,21,801,677,62,45,62,50,53,62,5,126,88,124,124,8,116,86,14,26,8,3,15,46,1,0,35,2,8,507,23,2,7,3,11,138,29,4,16,89,194,10,7,55,25,88,9,35,20,9,2,4,6,111,90,22,8,13,1,8,47,13,6,7,36,36,26,10,0,0,21
2021,"Merton 021","E02000709",7976,6649,4434,1055,700,19,17,19,6,14,6,0,0,15,364,1327,0,0,0,0,152,21,716,576,29,42,67,61,43,61,8,115,58,92,140,31,109,95,2,20,5,3,12,73,0,0,66,2,5,219,13,0,9,2,2,37,9,6,7,15,122,1,5,48,31,32,5,30,15,11,2,2,9,8,67,20,5,14,1,1,35,11,5,6,32,32,17,15,0,0,25
2021,"Merton 022","E02000710",9189,7158,5150,981,584,4,7,26,9,15,2,0,0,9,371,2031,0,0,0,0,110,16,1195,1099,33,50,70,127,65,64,43,303,181,163,96,6,90,154,16,100,64,16,20,38,0,2,14,3,19,438,17,6,4,2,5,22,13,0,6,3,292,22,7,74,69,112,8,40,20,7,0,13,1,66,84,18,5,12,1,2,28,36,24,12,7,7,7,0,0,0,27
2021,"Merton 023","E02000711",9443,6833,4761,894,662,11,6,12,6,14,5,0,0,10,452,2610,0,0,0,0,94,8,1665,1505,47,124,112,103,65,110,55,323,259,307,160,25,135,117,15,49,26,14,9,53,1,0,26,9,17,560,20,4,12,2,2,64,28,4,10,22,391,4,11,64,188,83,41,38,12,6,2,18,2,45,99,33,9,24,0,2,44,20,11,9,18,17,10,7,0,1,49
2021,"Merton 024","E02000712",9667,7695,5262,1179,788,16,6,28,11,5,0,0,0,4,396,1972,0,0,0,0,94,17,1011,918,44,99,42,76,28,71,50,183,154,171,93,15,78,124,8,79,51,21,7,37,0,1,16,8,12,582,4,0,1,0,3,30,1,0,10,19,465,27,16,36,128,90,168,50,29,7,2,12,0,33,96,28,3,25,0,6,30,32,18,14,25,12,8,4,0,13,23
2021,"Merton 025","E02000713",7800,6756,4304,1404,735,19,7,13,13,22,1,0,0,15,223,1044,0,0,0,0,100,23,584,508,16,67,43,38,34,45,19,104,52,90,76,14,62,52,5,22,10,7,5,25,0,0,17,1,7,218,11,5,3,1,2,14,6,0,6,2,153,1,3,38,49,47,15,17,10,0,2,5,0,23,40,7,2,5,0,1,25,7,5,2,9,9,6,3,0,0,18
2021,"Newham 001","E02000714",7707,5639,4669,335,309,7,3,16,6,8,4,0,0,6,276,2068,0,0,0,0,58,5,1274,1122,28,16,185,98,75,59,92,103,319,147,152,4,148,167,8,112,39,41,32,47,2,8,5,5,27,423,15,1,4,2,8,12,10,0,2,0,363,8,173,105,61,11,5,30,9,11,1,9,1,2,96,19,5,14,0,1,33,43,23,20,26,26,17,9,0,0,19
2021,"Newham 002","E02000715",7299,5025,4330,216,191,5,3,2,1,1,0,0,0,0,276,2274,0,0,0,0,22,5,1250,1178,26,22,414,97,42,92,47,60,269,109,72,3,69,159,6,112,25,42,45,41,2,11,0,0,28,764,3,1,1,0,1,19,12,5,2,0,689,13,349,175,128,21,3,28,7,3,0,18,5,20,39,2,0,2,0,0,14,23,10,13,4,4,2,2,0,0,31
2021,"Newham 003","E02000716",7354,5135,4341,270,236,8,3,8,7,5,1,0,0,2,254,2219,0,0,0,0,20,0,1229,1123,27,11,327,135,59,52,72,48,311,81,106,5,101,132,19,53,16,21,16,60,4,22,6,1,27,741,12,3,5,0,4,12,2,5,4,1,679,4,345,221,95,13,1,13,7,1,0,5,6,19,72,13,3,10,0,2,25,32,20,12,8,8,6,2,0,0,17
2021,"Newham 004","E02000717",8358,5553,4963,167,189,5,0,7,5,7,1,0,0,1,208,2805,0,0,0,0,35,5,1480,1407,39,18,478,120,119,58,87,61,358,69,73,2,71,125,5,91,25,32,34,29,3,8,1,1,16,1064,7,1,5,0,1,1,1,0,0,0,1006,10,495,268,181,47,5,26,17,2,0,7,0,24,72,8,0,8,0,1,40,23,13,10,7,7,7,0,0,0,17
2021,"Newham 005","E02000718",7406,5467,4824,202,158,5,0,1,1,3,3,1,0,2,267,1939,0,0,0,0,27,1,1006,955,24,10,326,91,41,53,70,47,231,62,51,5,46,151,10,78,25,21,32,63,5,21,5,2,30,685,7,2,2,0,3,4,4,0,0,0,632,11,245,230,119,24,3,25,21,0,1,3,0,17,43,6,2,4,0,0,11,26,9,17,4,3,2,0,1,1,22
2021,"Newham 006","E02000719",8087,5469,4398,388,296,18,3,10,4,11,3,0,0,11,327,2618,0,0,0,0,34,10,1724,1598,42,23,188,125,128,83,86,106,544,273,126,3,123,229,11,154,31,60,63,64,5,9,2,8,40,457,10,1,5,1,3,50,28,5,7,10,349,6,190,87,45,15,6,37,23,4,1,9,5,6,106,14,4,10,0,0,59,33,19,14,9,9,6,3,0,0,49
2021,"Newham 007","E02000720",7491,5416,4710,226,227,4,6,9,5,8,1,0,0,6,214,2075,0,0,0,0,25,3,946,877,19,10,208,84,60,20,57,55,225,139,69,2,67,72,8,35,8,14,13,29,2,12,5,0,10,917,6,1,3,0,2,17,12,0,3,2,858,20,240,463,111,11,13,11,3,5,0,3,5,20,81,10,2,8,0,0,31,40,32,8,11,10,10,0,0,1,20
2021,"Newham 008","E02000721",9545,6639,5879,218,233,2,2,3,1,2,0,0,0,2,297,2906,0,0,0,0,12,0,1344,1256,30,8,349,105,84,50,63,106,333,128,88,18,70,231,28,143,44,41,58,60,3,14,7,10,26,1224,32,0,11,6,15,21,17,0,2,2,1108,37,446,433,170,9,13,38,15,5,5,13,1,24,62,17,5,12,0,0,28,17,6,11,10,10,7,3,0,0,23
2021,"Newham 009","E02000722",8145,5336,4352,335,226,13,4,14,15,14,3,0,1,7,352,2809,0,0,0,0,50,7,1906,1706,74,18,256,106,155,81,141,96,504,275,200,13,187,163,16,111,33,49,29,36,0,7,6,1,22,496,5,0,1,0,4,42,27,4,7,4,385,4,182,140,47,7,5,44,27,4,3,10,12,8,105,15,6,9,0,4,59,27,17,10,17,17,10,7,0,0,65
2021,"Newham 010","E02000723",11198,7678,6939,182,215,3,0,12,1,7,0,0,0,1,318,3520,0,0,0,0,20,1,1499,1417,37,28,292,128,33,39,79,62,614,105,82,5,77,92,7,49,8,24,17,36,3,6,1,5,21,1859,6,0,3,2,1,4,3,1,0,0,1751,4,343,1060,202,131,11,24,5,12,4,3,0,74,26,5,2,3,0,0,8,13,5,8,1,1,1,0,0,0,22
2021,"Newham 011","E02000724",10030,7029,6316,164,234,4,1,6,1,4,3,0,0,6,290,3001,0,0,0,0,28,2,1356,1284,29,5,294,122,121,51,69,60,454,79,72,5,67,143,7,67,20,16,31,69,4,43,5,0,17,1392,26,4,6,16,0,3,1,0,2,0,1326,4,329,723,216,31,23,14,9,4,0,1,7,16,53,5,2,3,0,0,35,13,8,5,2,2,2,0,0,0,25
2021,"Newham 012","E02000725",9989,6489,5086,492,421,15,5,20,23,13,5,3,2,6,398,3500,0,0,0,0,70,5,2058,1838,66,28,272,133,169,119,127,144,418,362,220,22,198,305,31,195,40,68,87,79,8,26,3,1,41,850,46,0,3,4,39,213,153,33,8,19,432,18,178,163,54,10,9,135,46,24,28,37,8,16,149,27,9,18,0,6,85,31,12,19,20,20,11,9,0,0,43
2021,"Newham 014","E02000727",8520,5543,4977,157,141,3,1,2,1,1,0,0,0,3,257,2977,0,0,0,0,16,0,1231,1159,21,9,357,113,75,25,50,64,347,98,72,2,70,118,14,75,15,14,46,29,7,8,0,0,14,1544,6,0,0,0,6,16,8,6,2,0,1471,22,426,775,201,35,12,25,21,0,0,4,0,26,39,11,3,8,0,0,9,19,4,15,1,1,1,0,0,0,28
2021,"Newham 015","E02000728",8525,5222,4582,166,179,2,0,5,2,3,0,0,0,0,283,3303,0,0,0,0,15,6,1734,1661,58,16,200,95,87,42,85,49,797,232,73,1,72,71,3,39,5,16,18,29,0,4,2,2,21,1438,1,0,1,0,0,17,10,3,0,4,1277,6,245,611,158,252,5,26,17,1,1,7,0,117,22,3,0,3,0,0,9,10,6,4,1,1,1,0,0,0,16
2021,"Newham 016","E02000729",7320,5168,4402,256,217,7,6,10,3,9,0,1,0,2,255,2152,0,0,0,0,35,2,1406,1302,43,11,192,130,71,42,119,61,470,163,104,10,94,139,13,97,11,43,43,29,2,3,2,2,20,477,7,0,0,0,7,23,17,1,5,0,394,7,175,126,81,5,0,40,24,10,2,4,5,8,58,12,3,9,0,4,21,21,11,10,8,8,6,2,0,0,27
2021,"Newham 017","E02000730",9929,6442,5788,127,205,5,2,3,4,1,0,0,0,3,304,3487,0,0,0,0,23,3,1434,1322,30,8,346,112,52,36,78,44,484,132,112,5,107,159,16,94,22,40,32,49,7,5,3,4,30,1767,4,3,0,1,0,6,4,0,1,1,1713,5,466,926,274,9,33,20,8,4,0,8,1,23,62,4,0,4,0,0,31,27,12,15,2,2,0,2,0,0,37
2021,"Newham 018","E02000731",9958,6395,5680,199,201,0,0,6,3,0,1,0,0,3,302,3563,0,0,0,0,21,2,1694,1584,62,26,351,128,120,70,56,93,568,110,110,2,108,98,10,47,4,28,15,41,3,12,0,3,23,1639,7,1,1,1,4,22,16,4,1,1,1493,6,348,699,257,177,6,52,23,14,3,12,0,65,69,7,3,4,0,1,47,14,6,8,2,2,2,0,0,0,38
2021,"Newham 019","E02000732",8901,6320,5423,265,252,26,17,6,3,3,1,0,0,0,324,2581,0,0,1,0,15,5,1291,1202,51,12,322,161,78,41,70,67,338,62,89,7,82,164,12,97,24,35,38,55,3,10,12,1,29,1008,10,4,4,0,2,26,16,5,4,1,901,10,380,309,153,37,12,44,31,3,2,8,2,25,74,22,3,15,4,0,36,16,7,9,5,5,5,0,0,0,18
2021,"Newham 020","E02000733",10102,7256,6017,449,327,11,5,25,6,6,0,0,0,9,401,2846,0,0,0,0,41,4,1841,1663,73,26,201,109,129,83,141,81,537,283,178,15,163,234,24,149,51,55,43,61,4,15,3,8,31,563,11,0,3,1,7,58,42,10,2,4,370,3,214,86,56,4,7,108,83,9,0,16,3,13,111,14,2,12,0,2,51,44,28,16,17,17,10,7,0,0,35
2021,"Newham 021","E02000734",7300,5016,4147,305,266,9,2,9,6,4,3,0,0,4,261,2284,0,0,0,0,34,6,1431,1343,46,9,188,110,90,38,123,99,436,204,88,10,78,196,16,139,48,47,44,41,2,7,1,2,29,505,9,1,0,4,4,61,32,6,6,17,304,0,174,81,44,1,4,108,51,42,3,12,6,17,81,14,3,11,0,0,40,27,13,14,7,7,4,3,0,0,24
2021,"Newham 022","E02000735",8614,5885,5018,280,193,9,0,5,2,5,3,0,0,2,368,2729,0,0,0,0,38,1,1405,1301,34,8,278,113,83,37,109,73,428,138,104,7,97,142,16,84,23,40,21,42,0,13,2,2,25,1019,5,0,2,0,3,29,24,3,2,0,819,12,389,294,105,19,0,145,82,13,44,6,0,21,61,16,1,15,0,0,31,14,7,7,5,5,4,1,0,0,58
2021,"Newham 023","E02000736",9204,6526,5491,478,281,4,4,9,8,4,2,0,0,2,243,2678,0,0,0,0,28,1,1531,1465,26,35,269,113,108,71,98,68,536,141,66,2,64,141,14,92,23,32,37,35,2,14,4,7,8,913,5,0,1,0,4,15,11,0,0,4,828,19,246,258,133,162,10,20,14,1,0,5,0,45,44,6,3,3,0,0,24,14,6,8,4,4,2,2,0,0,16
2021,"Newham 024","E02000737",10376,7251,6116,509,322,7,5,17,7,6,2,0,0,7,253,3125,0,0,0,0,29,5,1800,1689,42,25,305,101,88,93,206,62,684,83,111,4,107,181,5,129,39,49,41,47,1,12,2,0,32,1000,6,0,0,0,6,17,13,2,2,0,859,16,307,259,148,113,16,70,61,5,0,4,2,46,69,20,2,18,0,0,26,23,4,19,14,14,6,8,0,0,27
2021,"Newham 025","E02000738",9577,6500,5481,373,272,8,4,12,7,5,1,0,0,7,330,3077,0,0,0,0,38,11,1740,1656,57,23,309,130,123,59,101,101,631,122,84,2,82,161,17,97,32,33,32,47,7,3,6,3,28,971,12,3,7,0,2,27,15,5,4,3,792,10,277,223,241,33,8,122,110,9,1,2,0,18,107,17,11,6,0,2,61,27,16,11,12,12,6,6,0,0,37
2021,"Newham 026","E02000739",7718,5197,4304,326,271,2,3,9,2,4,1,0,0,2,273,2521,0,0,0,0,29,4,1695,1554,39,7,161,98,168,48,171,73,583,206,141,0,141,191,13,140,37,55,48,38,0,9,1,2,26,462,11,5,3,0,3,24,12,4,6,2,321,2,177,59,77,3,3,92,84,1,1,6,0,14,82,7,3,4,0,2,49,24,6,18,16,16,5,11,0,0,42
2021,"Newham 027","E02000740",6766,4915,3970,441,242,7,0,16,7,7,0,0,0,10,215,1851,0,0,0,0,31,3,1154,1046,28,18,138,113,77,58,100,58,265,191,108,5,103,193,12,147,47,53,47,34,2,5,6,4,17,357,11,2,0,1,8,50,39,2,5,4,220,1,130,59,20,10,0,63,46,5,1,11,4,9,83,10,2,8,0,1,45,27,14,13,5,5,3,2,0,0,25
2021,"Newham 028","E02000741",8240,5917,4789,477,312,7,4,2,6,5,1,2,0,3,309,2323,0,0,0,0,23,2,1359,1265,24,14,184,140,89,40,132,71,469,102,94,5,89,184,17,122,54,43,25,45,2,12,0,5,26,607,14,0,7,0,7,32,25,1,6,0,452,3,215,122,94,16,2,92,74,6,2,10,2,15,116,19,5,14,0,3,64,30,7,23,15,15,8,7,0,0,17
2021,"Newham 029","E02000742",8704,6224,5168,420,281,5,5,11,9,4,0,0,1,1,319,2480,0,0,0,0,20,0,1581,1481,28,17,145,141,51,55,142,63,709,130,100,6,94,193,10,124,29,62,33,59,1,20,10,4,24,578,22,2,10,6,4,15,11,1,2,1,508,18,157,215,83,30,5,24,16,1,2,5,0,9,78,12,2,10,0,5,28,33,10,23,5,5,2,3,0,0,25
2021,"Newham 030","E02000743",10277,7192,5824,549,425,7,4,10,9,6,0,0,0,12,346,3085,0,0,0,0,42,7,1845,1636,43,25,278,232,104,109,181,93,386,185,209,16,193,349,24,254,88,95,71,71,1,10,7,6,47,620,20,0,3,1,16,91,65,15,3,8,391,7,205,97,54,21,7,91,42,22,5,22,15,12,171,19,5,14,0,2,118,32,13,19,5,5,5,0,0,0,46
2021,"Newham 031","E02000744",9176,6253,4739,703,419,9,3,8,7,6,0,0,0,4,355,2923,0,0,0,0,33,14,1920,1749,35,24,164,188,121,48,180,78,634,277,171,14,157,281,14,195,54,83,58,72,0,9,4,10,49,471,9,5,2,0,2,44,28,8,3,5,335,4,170,106,30,15,10,70,61,2,1,6,9,4,162,13,5,8,0,5,114,30,10,20,7,7,3,4,0,0,35
2021,"Newham 032","E02000745",8596,5633,4472,527,349,3,1,10,3,2,3,1,0,5,257,2963,0,0,0,0,65,4,2140,1980,30,9,134,121,75,49,442,63,761,296,160,1,159,232,18,166,47,71,48,48,2,2,1,11,32,419,6,3,0,0,3,44,34,5,3,2,313,0,100,140,49,5,19,43,17,6,0,20,0,13,67,1,0,1,0,2,41,23,12,11,7,7,5,2,0,0,29
2021,"Newham 033","E02000746",9429,6799,5468,502,401,11,11,24,8,6,2,0,0,9,357,2630,0,0,0,0,50,5,1645,1484,56,23,111,95,56,77,434,120,304,208,161,14,147,230,35,145,37,66,42,50,5,5,5,5,30,527,19,0,5,5,9,59,41,10,2,6,390,7,124,176,42,10,31,49,16,18,1,14,3,7,146,64,10,52,2,3,51,28,11,17,7,7,4,3,0,0,20
2021,"Newham 034","E02000747",13097,8508,6225,787,672,25,15,43,16,19,6,2,0,15,683,4589,0,0,0,0,57,10,2368,2076,96,43,338,221,145,201,216,158,366,292,292,34,258,377,46,220,76,77,67,111,5,18,35,12,41,1433,81,3,4,1,73,287,205,44,5,33,867,6,129,635,79,11,7,179,51,46,20,62,10,9,245,63,24,39,0,7,115,60,35,25,38,38,25,13,0,0,61
2021,"Newham 035","E02000748",6273,3764,2869,422,205,5,2,14,5,6,6,0,0,3,227,2509,0,0,0,0,23,3,1957,1808,26,16,91,107,51,43,608,110,494,262,149,11,138,169,14,128,25,75,28,27,1,5,3,5,13,258,5,0,0,0,5,29,18,6,5,0,183,8,59,79,32,3,2,27,8,9,2,8,5,9,63,19,4,15,0,0,28,16,9,7,4,4,1,3,0,0,32
2021,"Newham 036","E02000749",9543,6871,5295,755,447,8,2,12,6,11,0,0,0,4,331,2672,0,0,0,0,43,5,1708,1556,37,21,133,142,53,83,309,85,448,245,152,14,138,423,31,322,148,110,64,70,3,8,9,4,46,326,2,1,0,0,1,52,32,13,7,0,219,0,97,68,43,9,2,43,21,11,0,11,3,7,121,14,4,8,2,2,62,43,20,23,13,12,12,0,0,1,33
2021,"Redbridge 001","E02000751",11156,9866,6850,1545,949,26,22,45,15,15,4,0,0,14,381,1290,0,0,0,0,120,31,770,617,29,24,55,24,54,41,48,46,142,154,153,39,114,62,7,28,8,11,9,27,4,3,10,4,6,215,10,6,2,0,2,36,19,1,14,2,132,1,23,59,37,12,0,30,7,3,5,15,0,7,61,28,11,17,0,2,24,7,1,6,17,17,10,7,0,0,14
2021,"Redbridge 002","E02000752",8782,7218,5209,1052,639,8,3,12,7,6,5,0,0,5,272,1564,0,0,1,0,26,8,1084,942,29,7,32,42,25,42,169,99,353,144,142,13,129,72,3,33,5,15,13,36,3,4,7,1,21,311,7,0,4,0,3,19,15,0,2,2,248,1,45,130,58,14,0,18,7,4,3,4,0,19,31,9,2,7,0,1,12,9,8,1,8,7,5,2,0,1,23
2021,"Redbridge 003","E02000753",6916,5521,3865,889,498,9,4,10,5,4,0,0,0,4,233,1395,0,0,0,0,26,3,1023,915,15,7,51,29,16,43,174,67,391,122,108,6,102,57,3,37,9,13,15,17,0,1,2,5,9,227,4,2,0,0,2,18,14,3,0,1,172,4,33,62,50,16,7,10,4,2,0,4,0,23,29,6,2,4,0,2,8,13,8,5,4,4,1,3,0,0,26
2021,"Redbridge 004","E02000754",6772,5685,3930,874,561,17,6,16,6,10,6,2,0,7,250,1087,0,0,1,0,90,14,723,599,31,17,37,42,31,32,72,22,186,129,124,11,113,40,2,22,3,11,8,16,1,0,4,0,11,159,15,2,3,3,7,33,23,3,5,2,84,3,17,37,17,10,0,22,9,5,5,3,0,5,29,10,5,5,0,0,12,7,2,5,19,19,9,10,0,0,12
2021,"Redbridge 005","E02000755",5482,4692,3171,825,482,12,6,12,2,7,1,0,0,6,168,790,0,0,0,0,52,4,560,493,4,9,27,42,8,17,61,31,201,93,67,10,57,31,4,14,4,3,7,13,0,0,6,1,6,114,5,1,2,0,2,11,8,2,1,0,88,0,21,36,21,9,1,7,1,4,0,2,0,3,18,5,2,3,0,0,7,6,3,3,6,6,3,3,0,0,5
2021,"Redbridge 006","E02000756",14593,11426,8512,1411,987,9,9,27,6,13,0,0,0,13,439,3167,0,0,0,0,57,2,2162,1828,53,36,137,70,18,59,222,116,904,213,334,27,307,101,14,51,16,20,15,36,3,3,12,3,15,729,16,1,5,0,10,35,23,5,5,2,570,2,62,311,103,90,2,36,16,4,4,12,1,71,49,19,7,12,0,0,15,15,7,8,9,9,9,0,0,0,58
2021,"Redbridge 007","E02000757",12391,10393,7361,1246,1145,43,14,54,22,18,9,2,0,25,454,1998,0,0,0,0,149,28,1091,914,43,45,70,67,50,66,79,77,229,188,177,23,154,111,28,54,14,21,19,29,0,6,10,0,13,477,22,4,13,2,3,61,27,14,16,4,342,8,28,214,72,16,4,29,12,10,0,7,8,15,101,38,11,27,0,4,39,20,7,13,23,23,15,8,0,0,18
2021,"Redbridge 008","E02000758",6882,5907,4784,523,352,2,1,8,7,4,1,1,0,1,223,975,0,0,0,0,21,7,515,431,31,12,43,47,34,21,29,49,125,40,84,18,66,56,3,34,11,13,10,19,4,1,0,3,11,330,14,9,2,0,3,15,11,1,3,0,257,7,25,82,94,49,0,7,1,5,0,1,1,36,34,4,0,4,0,2,10,18,7,11,9,9,7,2,0,0,3
2021,"Redbridge 009","E02000759",13089,10796,8031,1271,882,22,16,36,18,17,4,0,0,17,482,2293,0,0,1,0,142,37,1401,1145,34,26,119,62,38,82,110,89,368,217,256,34,222,156,19,80,23,32,25,57,4,2,17,9,25,417,24,12,6,0,6,51,32,4,11,4,288,12,69,105,70,31,1,39,11,9,1,18,1,14,91,25,4,21,0,7,37,22,7,15,26,26,21,5,0,0,22
2021,"Redbridge 010","E02000760",7534,6009,4706,595,437,3,0,9,6,12,0,0,0,14,227,1525,0,0,0,0,47,6,895,770,36,34,80,32,15,67,50,47,341,68,125,15,110,81,11,34,6,18,10,36,4,2,2,6,22,442,20,11,1,0,8,8,6,0,1,1,354,6,65,128,71,84,0,7,1,4,1,1,0,53,33,6,2,4,0,0,13,14,6,8,3,3,3,0,0,0,18
2021,"Redbridge 012","E02000762",6620,5500,4624,307,298,2,3,4,3,3,0,0,0,3,253,1120,0,0,0,0,10,1,626,547,30,19,78,20,21,22,33,19,248,57,79,6,73,35,16,9,5,4,0,10,0,2,0,2,6,413,4,0,1,0,3,12,8,2,1,1,348,7,57,157,71,56,0,12,5,0,3,4,0,37,18,3,1,2,0,0,6,9,4,5,6,6,4,2,0,0,11
2021,"Redbridge 013","E02000763",8016,6198,5026,492,329,4,5,4,2,8,2,1,0,3,322,1818,0,0,0,0,33,5,1034,891,31,35,61,50,13,47,114,32,453,55,143,3,140,67,3,35,6,17,12,29,1,1,2,2,23,616,6,4,0,0,2,9,6,1,2,0,508,7,61,214,115,111,0,20,9,7,1,3,0,73,25,13,6,7,0,3,3,6,4,2,2,2,2,0,0,0,36
2021,"Redbridge 014","E02000764",12307,10253,7303,1220,1079,38,24,58,32,33,13,4,1,20,428,2054,0,0,0,0,243,25,1166,966,67,57,110,58,55,84,60,112,195,168,200,35,165,76,16,26,7,7,12,34,5,1,13,3,12,337,12,2,7,0,3,37,17,6,11,3,235,2,40,94,56,41,2,33,6,8,7,12,1,19,112,53,22,31,0,2,39,18,7,11,70,70,45,25,0,0,25
2021,"Redbridge 015","E02000765",7530,5467,4636,291,244,5,2,6,3,5,1,0,0,3,271,2063,0,0,0,0,33,6,1063,922,18,12,124,23,17,60,117,31,461,59,141,13,128,72,11,44,4,17,23,17,0,0,2,0,15,849,10,4,4,2,0,20,11,2,4,3,726,22,141,371,96,93,3,14,4,6,0,4,0,79,15,8,2,6,0,0,2,5,1,4,3,2,1,1,0,1,22
2021,"Redbridge 017","E02000767",8622,6431,5269,409,362,4,3,6,3,6,0,0,0,7,362,2191,0,0,0,0,23,5,1102,974,59,40,81,28,38,66,81,45,479,57,128,3,125,59,12,27,4,13,10,20,3,1,0,2,14,941,10,0,4,1,5,16,10,3,3,0,808,9,74,484,107,129,5,21,12,5,0,4,0,86,29,14,5,9,0,0,6,9,1,8,2,2,0,2,0,0,30
2021,"Redbridge 018","E02000768",5784,5097,3552,600,594,12,8,35,21,16,3,2,2,13,239,687,0,0,0,0,123,24,302,237,10,6,39,16,28,44,25,12,35,22,65,7,58,32,4,16,3,4,9,12,1,2,5,0,4,122,1,0,0,0,1,31,22,0,7,2,70,2,12,35,18,3,0,15,8,3,2,2,4,1,39,23,7,16,0,0,14,2,1,1,38,38,29,9,0,0,7
2021,"Redbridge 020","E02000770",8122,6081,5253,296,215,1,0,4,1,4,0,0,0,3,304,2041,0,0,0,0,39,0,1113,965,41,32,166,38,33,72,49,60,416,58,148,3,145,91,10,55,12,17,26,26,0,8,1,0,17,751,1,0,0,0,1,7,4,1,1,1,659,14,125,280,115,125,0,9,2,3,1,3,0,75,24,1,1,0,0,0,3,20,9,11,2,2,1,1,0,0,21
2021,"Redbridge 022","E02000772",8385,6150,5278,310,224,5,1,4,0,9,1,0,0,4,314,2235,0,0,0,0,32,0,1056,965,24,26,169,81,34,76,71,61,357,66,91,2,89,130,14,60,13,23,24,56,17,4,3,6,26,945,9,5,1,0,3,14,12,0,2,0,847,11,158,465,180,33,0,50,41,3,0,6,1,24,33,10,4,6,0,0,9,14,4,10,4,4,3,1,0,0,35
2021,"Redbridge 023","E02000773",10731,8238,7264,275,273,3,0,6,2,6,1,0,0,1,407,2493,0,0,0,0,22,3,1143,1044,80,59,202,66,26,100,66,32,363,50,99,14,85,163,13,95,16,60,19,55,20,8,3,7,17,1090,11,1,4,1,5,22,19,2,1,0,953,7,184,422,208,130,2,15,10,2,0,3,0,89,40,17,4,13,0,1,5,17,5,12,4,4,2,2,0,0,28
2021,"Redbridge 024","E02000774",8107,5699,4938,234,198,5,3,7,3,2,1,1,0,3,304,2408,0,0,0,0,47,4,1269,1186,33,24,181,82,79,85,85,74,481,62,83,1,82,74,9,37,3,14,20,28,2,4,0,3,19,949,20,11,8,1,0,14,13,1,0,0,869,12,158,453,208,37,1,2,0,0,0,2,1,43,41,12,3,9,0,6,12,11,5,6,1,1,1,0,0,0,23
2021,"Redbridge 026","E02000776",7037,5241,4523,230,220,5,1,4,3,3,0,0,0,1,251,1796,0,0,0,0,35,1,947,838,24,18,203,40,32,48,63,43,318,49,109,14,95,95,18,57,3,37,17,20,6,1,2,1,10,675,2,0,2,0,0,17,11,2,4,0,629,5,169,285,139,27,4,9,2,6,1,0,1,17,19,7,2,5,0,0,8,4,2,2,4,4,3,1,0,0,20
2021,"Redbridge 027","E02000777",6008,5157,3694,658,514,17,11,20,17,20,5,1,1,9,190,851,0,0,0,0,114,18,461,375,16,16,50,25,18,33,26,52,80,59,86,2,84,59,8,29,7,13,9,22,0,1,2,1,18,134,10,0,4,0,6,23,10,2,10,1,84,0,24,28,28,4,0,8,1,0,0,7,5,4,34,13,6,7,0,2,15,4,1,3,17,17,14,3,0,0,14
2021,"Redbridge 029","E02000779",8422,5379,4557,243,226,3,1,3,2,5,3,0,0,4,332,3043,0,0,0,0,40,5,1458,1369,39,21,354,120,79,46,94,87,394,135,89,18,71,134,16,64,11,33,20,54,4,24,1,4,21,1321,11,0,4,2,5,10,7,0,3,0,1236,5,291,624,281,29,6,43,19,0,0,24,0,21,42,5,2,3,0,4,8,25,12,13,5,5,5,0,0,0,38
2021,"Redbridge 031","E02000781",16290,13115,11623,599,421,7,4,5,3,7,5,0,0,3,438,3175,0,0,0,0,85,6,1508,1418,59,30,218,84,86,108,128,61,576,68,90,7,83,206,16,87,18,47,22,103,5,7,1,1,89,1295,19,7,2,8,2,7,6,0,1,0,1212,30,160,485,472,65,0,9,3,3,2,1,6,42,52,11,9,2,0,2,17,22,7,15,4,3,3,0,0,1,19
2021,"Redbridge 032","E02000782",11489,7598,6641,288,242,1,3,5,1,9,2,0,0,3,403,3891,0,0,0,0,40,5,1606,1483,55,32,324,144,69,92,117,79,478,93,123,11,112,222,23,117,24,58,35,82,1,32,4,1,44,1928,41,13,15,11,2,16,13,3,0,0,1782,23,261,963,464,68,3,30,11,5,0,14,1,58,57,14,5,9,0,4,10,29,14,15,1,1,1,0,0,0,32
2021,"Redbridge 033","E02000783",7393,5130,4586,159,154,2,2,2,0,2,2,0,0,4,217,2263,0,0,0,0,21,1,1221,1162,41,30,217,35,68,74,48,46,535,68,59,1,58,119,16,63,15,21,27,40,8,15,0,0,17,832,29,12,10,2,5,13,10,0,1,2,749,20,135,212,317,65,0,5,4,0,0,1,0,36,61,6,2,4,0,0,40,15,7,8,0,0,0,0,0,0,8
2021,"Richmond upon Thames 001","E02000784",10132,8257,5725,819,897,39,23,49,54,20,8,0,0,30,593,1875,0,0,0,0,162,28,1089,835,72,58,99,34,87,326,18,67,19,55,254,43,211,58,9,7,1,4,2,42,0,1,34,2,5,214,36,2,15,1,18,110,48,14,38,10,32,2,0,28,1,1,0,33,15,7,3,8,0,3,195,147,25,121,1,3,43,2,0,2,97,97,78,19,0,0,32
2021,"Richmond upon Thames 002","E02000785",9716,7906,5377,800,950,54,33,87,36,18,14,0,0,49,488,1810,0,0,0,0,145,38,904,638,76,66,83,35,57,159,13,48,20,81,266,53,213,37,5,5,0,0,5,27,1,0,24,0,2,238,44,4,23,1,16,100,27,13,43,17,47,0,3,41,2,1,0,35,7,10,5,13,7,5,270,168,26,142,0,12,82,8,2,6,120,119,94,25,0,1,58
2021,"Richmond upon Thames 003","E02000786",11369,9475,6355,1043,1182,55,36,85,57,34,14,1,0,45,568,1894,0,0,0,2,180,43,1030,757,61,40,139,25,66,198,18,99,14,97,273,106,167,77,15,7,4,2,1,55,1,1,45,4,4,221,42,0,17,4,21,53,24,10,16,3,73,6,5,48,8,5,1,50,27,8,2,13,0,3,191,126,22,104,0,5,51,9,4,5,117,116,87,29,0,1,33
2021,"Richmond upon Thames 004","E02000787",12079,9570,6445,1023,1172,42,30,66,33,28,5,1,0,34,691,2509,0,0,2,0,187,35,1320,941,85,78,140,52,146,177,31,93,36,103,379,94,285,113,38,19,2,7,10,56,0,0,26,3,27,440,62,0,35,2,25,199,69,53,61,16,121,4,6,82,23,5,1,55,11,7,17,20,2,1,274,121,20,101,0,21,117,15,3,12,100,100,63,37,0,0,38
2021,"Richmond upon Thames 005","E02000788",9093,7566,5167,753,943,37,27,38,38,23,4,3,0,27,506,1527,0,0,1,0,117,36,791,580,49,64,67,39,67,128,10,52,24,80,211,62,149,37,5,7,2,2,3,25,0,0,20,0,5,216,40,0,9,8,23,73,24,8,29,12,59,2,0,44,8,5,0,37,14,7,2,14,0,7,181,108,22,86,0,1,70,2,2,0,103,102,69,33,0,1,45
2021,"Richmond upon Thames 006","E02000789",6298,5028,3327,599,539,29,22,40,43,19,5,4,0,19,382,1270,0,0,1,0,112,17,666,471,42,67,56,21,47,110,5,42,22,59,195,78,117,38,5,5,1,2,2,28,0,0,22,4,2,194,18,0,5,0,13,74,31,15,19,9,66,8,4,49,2,3,0,32,7,3,5,17,3,1,147,99,23,76,0,6,35,7,4,3,51,51,39,12,0,0,44
2021,"Richmond upon Thames 007","E02000790",6586,5487,3752,518,676,29,23,33,29,23,7,1,0,32,364,1099,0,0,0,0,145,20,560,380,35,47,60,12,48,63,10,44,6,55,180,59,121,43,11,5,4,1,0,27,0,0,24,1,2,113,3,0,3,0,0,59,24,18,17,0,29,0,0,24,1,4,0,19,7,4,3,5,0,3,114,84,15,69,0,7,16,7,0,7,79,78,64,14,0,1,25
2021,"Richmond upon Thames 008","E02000791",6474,4715,3017,488,558,20,22,43,29,20,8,3,0,22,485,1759,0,0,0,0,125,15,948,650,87,70,101,44,57,160,3,33,23,72,298,112,186,54,7,4,3,0,1,43,0,0,42,0,1,233,17,1,8,0,8,114,61,17,22,14,61,0,1,49,7,4,0,31,11,7,8,5,9,1,229,179,25,154,0,9,36,5,1,4,98,98,73,25,0,0,57
2021,"Richmond upon Thames 009","E02000792",7150,5699,3841,558,672,28,19,53,36,18,8,1,0,30,435,1451,0,0,0,0,128,40,837,548,50,95,80,19,49,101,17,55,22,60,289,105,184,47,13,6,3,0,3,28,0,0,26,1,1,122,17,0,8,0,9,66,16,19,26,5,17,2,0,13,2,0,0,14,5,3,0,6,5,3,135,90,10,79,1,4,37,4,1,3,95,95,72,23,0,0,47
2021,"Richmond upon Thames 010","E02000793",8109,6899,4587,1160,748,32,16,39,22,12,8,0,0,20,255,1210,0,0,0,0,182,29,660,546,27,20,46,29,38,41,24,151,68,102,114,25,89,56,8,21,4,6,11,27,1,0,11,5,10,174,25,0,3,2,20,30,16,2,11,1,94,17,8,43,14,4,8,21,7,4,1,9,0,4,62,23,6,17,0,2,24,13,2,11,28,28,10,18,0,0,19
2021,"Richmond upon Thames 011","E02000794",7017,5880,3925,705,741,41,22,49,26,20,6,1,1,19,324,1137,0,0,1,0,125,14,628,446,37,28,64,34,58,62,9,55,40,59,182,54,128,41,14,4,0,3,1,23,1,0,15,3,4,155,27,0,16,0,11,58,29,19,8,2,49,5,1,31,1,8,3,16,1,8,1,6,2,3,84,42,14,27,1,3,36,3,1,2,65,65,38,27,0,0,24
2021,"Richmond upon Thames 012","E02000795",6926,5738,3997,573,640,24,12,30,26,13,8,1,1,22,391,1188,0,1,0,0,78,17,713,535,24,193,47,23,28,119,6,24,24,47,178,28,150,22,6,1,0,1,0,15,0,0,13,2,0,116,14,0,7,0,7,63,38,3,13,9,20,1,3,13,3,0,0,11,6,4,1,0,6,2,139,98,16,81,1,3,37,1,0,1,64,64,51,13,0,0,38
2021,"Richmond upon Thames 013","E02000796",11097,9390,6482,1442,968,26,16,49,11,9,8,1,0,24,354,1707,0,0,0,0,130,32,876,739,22,21,78,73,48,68,38,202,101,88,137,22,115,98,19,38,9,17,12,41,1,4,14,8,14,473,27,1,16,3,7,26,17,1,6,2,370,65,10,187,62,28,18,31,14,0,2,15,0,19,59,26,5,21,0,0,25,8,5,3,15,15,13,2,0,0,24
2021,"Richmond upon Thames 014","E02000797",7873,6489,4332,666,864,59,34,51,47,14,10,5,0,21,386,1384,0,0,0,0,179,27,761,529,56,38,100,29,43,100,20,49,25,69,232,68,164,46,6,9,4,2,3,31,0,0,21,0,10,152,25,1,7,0,17,64,9,25,20,10,37,8,2,12,6,7,2,17,3,6,3,5,5,4,111,71,16,51,4,4,35,1,0,1,80,80,59,21,0,0,28
2021,"Richmond upon Thames 015","E02000798",11308,9769,6660,1262,1125,40,38,57,39,18,11,0,0,33,486,1539,0,0,2,0,161,39,863,652,56,37,121,29,72,82,17,90,47,101,211,35,176,82,16,18,6,9,3,48,0,0,35,3,10,201,29,2,12,0,15,49,20,13,15,1,91,3,3,67,12,6,0,28,6,6,1,15,0,4,81,43,17,26,0,2,31,5,3,2,79,77,55,22,0,2,31
2021,"Richmond upon Thames 016","E02000799",6602,5756,3774,700,816,46,28,51,25,36,12,5,0,17,246,846,0,0,0,0,144,22,404,285,18,24,48,19,22,55,9,31,9,50,119,23,96,30,5,6,0,1,5,19,0,0,16,0,3,117,15,0,12,0,3,51,15,19,12,5,33,3,0,25,4,1,0,16,2,4,1,9,0,2,78,48,12,36,0,2,26,2,0,2,38,38,31,7,0,0,13
2021,"Richmond upon Thames 017","E02000800",5411,4582,3101,607,490,7,9,24,7,3,2,0,0,18,314,829,0,0,0,0,38,5,546,385,19,94,47,24,40,58,7,39,16,41,161,39,122,35,11,4,1,1,2,20,6,0,8,2,4,119,20,2,14,0,4,45,14,15,9,7,34,8,6,6,4,10,0,15,4,3,1,7,0,5,45,21,4,17,0,2,19,3,1,2,25,25,15,10,0,0,16
2021,"Richmond upon Thames 018","E02000801",7114,6275,4344,663,779,38,22,46,31,23,9,3,3,27,287,839,0,0,0,0,119,17,420,305,26,39,43,22,29,44,7,44,9,42,115,22,93,46,13,4,2,0,2,29,2,0,20,1,6,95,25,0,8,5,12,32,15,7,8,2,25,3,3,17,0,0,2,8,4,1,0,3,4,1,84,49,10,39,0,7,26,2,1,1,37,37,24,13,0,0,21
2021,"Richmond upon Thames 019","E02000802",7022,6199,4231,734,781,44,25,59,24,12,3,1,0,25,260,823,0,0,0,0,96,25,457,344,32,26,34,16,16,72,10,55,22,61,113,14,99,34,3,12,1,8,3,19,0,0,11,1,7,83,10,0,5,0,5,26,15,4,7,0,31,4,1,15,5,2,4,12,3,2,0,7,0,4,65,40,7,33,0,2,17,6,0,6,41,41,23,18,0,0,22
2021,"Richmond upon Thames 020","E02000803",9716,8530,5704,1303,1064,32,16,32,20,22,4,1,0,14,318,1186,0,0,1,0,109,17,695,550,19,31,55,48,16,85,39,119,26,112,145,20,125,72,18,10,3,4,3,44,0,1,23,6,14,181,27,0,14,1,12,39,28,4,7,0,80,8,3,47,13,9,0,33,8,11,1,13,0,2,71,31,6,25,0,1,36,3,0,3,16,16,6,10,0,0,24
2021,"Richmond upon Thames 021","E02000804",7149,6188,4048,730,929,36,29,39,30,27,6,3,0,32,279,961,0,0,0,0,106,23,509,369,29,34,64,15,33,42,8,63,11,70,140,31,109,37,9,6,0,3,3,22,0,1,16,2,3,109,21,2,5,0,14,41,28,0,11,2,23,0,0,19,0,1,3,24,4,8,0,12,0,0,109,62,15,46,1,7,31,9,2,7,50,50,29,21,0,0,18
2021,"Richmond upon Thames 022","E02000805",10750,9296,6324,993,1192,69,49,63,48,38,6,2,0,31,481,1454,0,0,0,0,157,28,792,556,52,51,80,58,48,74,19,63,33,78,236,50,186,47,2,10,2,6,2,35,0,0,26,4,5,204,35,1,17,1,16,69,31,8,17,13,73,1,1,61,4,4,2,21,7,2,5,7,2,4,118,62,15,47,0,4,46,6,1,5,82,82,54,28,0,0,26
2021,"Richmond upon Thames 023","E02000806",10298,9259,6257,1195,1173,63,29,53,31,17,16,2,0,30,393,1039,0,0,0,0,107,30,587,435,29,19,51,20,40,95,19,58,25,79,152,16,136,59,9,6,2,3,1,44,0,1,23,18,2,124,27,2,15,0,10,29,14,2,9,4,35,10,1,18,5,0,1,22,10,4,4,4,3,8,71,49,10,39,0,1,19,2,0,2,42,41,25,16,0,1,19
2021,"Southwark 001","E02000807",8227,5831,3646,746,652,30,14,32,23,22,9,3,2,15,637,2396,0,0,0,0,115,24,1380,1131,126,48,244,71,130,169,43,83,62,155,249,24,225,95,9,37,2,19,16,49,1,5,27,3,13,455,15,4,5,2,4,188,101,27,26,34,138,8,7,110,13,0,0,104,14,32,28,30,4,6,216,111,40,69,2,6,92,7,4,3,67,67,44,23,0,0,44
2021,"Southwark 002","E02000808",10171,6658,4555,607,668,50,16,49,39,22,13,1,0,26,612,3513,0,0,1,0,161,30,1568,1286,228,112,242,84,134,229,25,60,48,124,282,17,265,182,38,83,20,36,27,61,0,9,18,2,32,939,44,2,6,3,33,524,359,54,44,67,184,9,13,137,18,4,3,174,21,61,59,33,7,6,421,293,85,208,0,10,103,15,9,6,140,140,105,34,1,0,71
2021,"Southwark 004","E02000810",11897,9015,6271,1075,848,27,13,52,25,31,22,3,3,31,614,2882,0,0,0,0,136,24,1648,1412,158,75,360,74,256,203,32,91,50,113,236,23,213,313,35,219,36,91,92,59,2,2,13,3,39,298,22,2,6,2,12,86,43,11,15,17,109,6,9,81,2,11,0,77,15,16,15,31,1,3,304,129,37,92,0,13,128,34,20,14,106,106,83,23,0,0,53
2021,"Southwark 006","E02000812",10789,8128,6183,631,563,30,11,48,24,25,2,2,0,19,590,2661,0,0,0,0,164,25,1349,1178,146,74,265,66,229,169,34,57,54,84,171,16,155,310,26,218,34,104,80,66,6,6,13,2,39,328,11,0,1,2,8,112,62,15,11,24,115,15,11,77,9,1,2,74,23,11,22,18,2,14,342,139,45,93,1,30,145,28,17,11,90,82,60,22,0,8,53
2021,"Southwark 007","E02000813",10226,7284,5168,897,601,24,9,42,12,26,5,0,0,13,487,2942,0,0,0,1,119,23,1653,1366,165,53,257,84,195,233,56,127,58,138,287,34,253,262,34,192,30,88,74,36,3,3,7,3,20,475,30,6,5,0,19,192,92,54,14,32,129,9,12,88,13,2,5,117,15,41,14,47,5,2,264,83,34,49,0,9,152,20,15,5,74,74,46,28,0,0,71
2021,"Southwark 008","E02000814",10291,7192,4739,757,761,30,18,57,37,5,7,1,1,15,764,3099,0,0,0,0,133,41,1944,1594,188,63,394,82,163,219,68,106,101,210,350,53,297,157,28,104,17,65,22,25,1,1,11,1,11,457,36,3,8,4,21,198,128,27,13,30,133,6,4,102,12,4,5,74,17,23,10,24,8,8,236,96,39,56,1,6,112,22,11,11,73,73,49,24,0,0,58
2021,"Southwark 009","E02000815",7619,4998,3659,258,519,25,11,55,26,23,5,0,0,12,405,2621,0,0,1,0,111,23,1171,1013,120,78,180,58,256,137,19,48,26,91,158,11,147,235,49,153,35,52,66,33,3,3,6,6,15,688,54,7,15,9,23,364,274,38,15,37,154,6,32,87,25,2,2,101,23,36,17,25,3,12,255,105,26,78,1,9,118,23,13,10,82,81,59,22,0,1,55
2021,"Southwark 010","E02000816",9609,7180,4935,1059,658,20,7,32,22,14,12,1,1,21,398,2429,0,0,0,0,109,23,1447,1286,98,42,328,84,266,169,31,73,82,113,161,8,153,253,23,181,28,92,61,49,2,5,7,3,32,237,23,0,9,3,11,53,29,7,8,9,100,19,19,55,1,0,6,54,17,11,3,23,4,3,258,59,15,44,0,7,158,34,24,10,48,48,28,20,0,0,54
2021,"Southwark 011","E02000817",6829,5358,3738,862,416,18,15,40,9,11,3,0,0,7,239,1471,0,0,0,0,70,8,795,708,59,9,156,35,151,82,30,78,48,60,87,13,74,192,19,139,22,55,62,34,1,3,11,4,15,157,14,6,6,1,1,51,39,2,9,1,52,2,21,25,2,2,0,29,10,6,1,12,7,4,181,25,8,17,0,6,121,29,11,18,26,26,19,7,0,0,42
2021,"Southwark 012","E02000818",9796,7166,5220,633,639,19,8,89,32,24,7,0,0,35,460,2630,0,0,1,0,147,22,1296,1109,127,49,215,69,266,143,25,77,50,88,187,32,155,325,28,238,46,116,76,59,4,9,14,6,26,406,31,5,4,2,20,177,130,13,15,19,95,14,18,45,14,3,1,82,41,18,2,21,12,9,301,72,23,49,0,14,171,44,23,21,76,76,60,16,0,0,56
2021,"Southwark 013","E02000819",8499,6518,5029,632,447,16,8,25,17,14,4,1,0,11,314,1981,0,0,0,0,68,19,1005,900,75,48,142,62,273,117,18,68,41,56,105,20,85,328,19,239,38,119,82,70,6,14,6,7,37,180,14,4,1,0,9,57,42,3,7,5,57,12,14,20,6,2,3,47,27,5,3,12,3,2,327,50,16,34,0,12,222,43,23,20,26,25,15,10,0,1,28
2021,"Southwark 014","E02000820",9245,6922,5133,600,600,22,12,49,16,17,6,0,1,20,446,2323,0,0,0,0,119,25,1178,1004,145,34,181,91,219,119,24,72,28,91,174,24,150,278,17,211,43,75,93,50,4,7,7,2,30,396,32,10,4,5,13,236,177,31,10,18,48,8,10,28,1,0,1,69,6,27,14,22,3,8,243,93,39,51,3,10,109,31,16,15,52,52,36,16,0,0,32
2021,"Southwark 015","E02000821",9344,6250,5018,416,370,10,7,18,3,9,4,1,1,7,386,3094,0,0,1,0,63,5,1599,1452,53,59,161,117,727,125,9,70,66,65,147,40,107,526,9,423,64,210,149,94,0,22,3,5,64,210,18,5,6,0,7,41,33,2,1,5,78,26,26,18,8,0,0,60,29,10,3,18,4,9,605,65,13,51,1,36,385,119,53,66,43,43,18,25,0,0,42
2021,"Southwark 016","E02000822",6720,5070,3927,478,324,17,7,31,10,18,6,1,0,10,241,1650,0,0,0,2,71,7,794,712,60,16,121,61,236,60,13,50,32,63,82,5,77,331,18,275,58,121,96,38,0,10,5,0,23,172,25,12,6,2,5,44,33,6,2,3,63,10,16,27,10,0,0,37,17,7,0,13,0,3,232,26,6,20,0,5,150,51,21,30,12,12,7,5,0,0,29
2021,"Southwark 017","E02000823",8690,6553,4981,537,500,11,5,41,32,18,4,2,0,21,401,2137,0,0,0,0,88,15,1106,959,98,34,154,90,334,93,11,37,36,72,147,18,129,329,16,254,52,116,86,59,6,19,12,2,20,125,7,1,1,3,2,26,15,7,3,1,27,1,4,12,8,2,0,59,29,9,2,19,4,2,377,42,15,27,0,1,234,100,30,70,55,55,27,27,1,0,42
2021,"Southwark 018","E02000824",9892,7619,6200,530,440,18,8,36,10,9,1,0,0,14,353,2273,0,0,0,0,92,5,939,846,73,39,110,114,267,108,22,54,24,35,93,13,80,611,18,552,96,262,194,41,3,4,2,2,30,244,15,3,3,1,8,48,34,5,4,5,103,8,32,37,20,4,2,62,26,8,2,26,6,10,336,23,4,19,0,6,220,87,56,31,22,22,18,4,0,0,24
2021,"Southwark 019","E02000825",10223,8025,6728,389,397,20,20,22,11,13,2,0,0,8,415,2198,0,0,0,0,63,10,996,879,85,17,107,154,275,83,15,62,28,53,117,30,87,545,14,488,72,271,145,43,6,6,5,2,24,204,15,6,3,0,6,95,75,11,2,7,50,2,13,28,6,0,1,44,11,6,5,22,0,0,335,34,11,23,0,5,180,116,58,58,12,11,8,3,0,1,33
2021,"Southwark 020","E02000826",9885,7532,5821,529,589,47,18,47,24,16,6,1,0,7,427,2353,0,0,0,0,109,25,1183,1019,113,46,106,78,390,109,18,41,28,90,164,22,142,372,14,298,72,121,105,60,1,10,6,2,41,243,22,6,0,1,15,84,59,4,12,9,51,3,11,29,6,1,1,71,45,6,5,15,0,15,322,45,19,26,0,4,201,72,34,38,54,54,34,20,0,0,45
2021,"Southwark 021","E02000827",11310,8446,6650,552,582,13,16,30,24,22,10,2,1,25,519,2864,0,0,0,0,122,24,1332,1181,111,38,136,109,471,133,23,49,39,72,151,11,140,552,25,450,90,175,185,77,0,7,12,4,54,285,22,5,4,4,9,72,50,6,8,8,71,27,4,28,10,2,0,108,63,11,1,33,0,12,435,53,11,41,1,15,283,84,58,26,52,52,40,12,0,0,62
2021,"Southwark 022","E02000828",8811,6690,5435,453,422,17,11,32,10,12,7,2,1,16,272,2121,0,0,1,0,84,25,932,834,89,44,108,90,303,78,13,45,25,39,98,12,86,435,9,377,64,193,120,49,4,15,3,3,24,229,10,2,2,4,2,83,65,11,6,1,72,7,9,33,19,3,1,57,29,6,1,21,5,2,335,38,13,24,1,6,201,90,58,32,26,26,16,10,0,0,54
2021,"Southwark 023","E02000829",10926,8853,6900,649,712,28,14,59,27,36,8,1,3,26,390,2073,0,0,1,1,126,46,871,733,78,32,97,56,209,90,22,44,34,71,138,11,127,424,23,330,59,163,108,71,12,6,8,4,41,209,34,9,11,7,7,28,16,7,2,3,76,6,38,16,14,2,0,61,17,6,2,36,5,5,285,64,16,48,0,7,108,106,61,45,63,63,36,27,0,0,47
2021,"Southwark 024","E02000830",8885,7025,5164,460,722,41,14,74,41,29,11,4,1,25,439,1860,0,0,0,0,124,27,904,711,67,43,105,73,210,90,12,32,33,46,193,16,177,170,14,130,26,69,35,26,1,1,11,4,9,241,17,0,7,0,10,62,41,6,13,2,49,3,14,29,3,0,0,107,92,12,0,3,0,6,296,78,28,48,2,7,158,53,33,20,51,51,37,14,0,0,47
2021,"Southwark 025","E02000831",9355,7743,5767,621,681,36,26,72,34,27,7,3,0,42,427,1612,0,0,1,0,118,34,764,602,94,34,89,44,162,81,11,51,9,27,162,12,150,199,12,159,21,84,54,28,0,3,6,2,17,111,8,2,1,0,5,32,16,1,9,6,43,1,7,20,11,4,0,20,8,5,1,6,0,8,254,66,11,55,0,7,106,75,32,43,96,96,59,36,1,0,35
2021,"Southwark 026","E02000832",9687,8220,6361,735,634,29,13,53,36,21,5,1,0,24,308,1467,0,0,0,0,112,23,627,525,63,26,65,42,120,69,15,51,43,31,102,14,88,284,6,230,41,108,81,48,7,11,6,0,24,98,17,6,5,1,5,17,9,1,6,1,33,5,13,10,5,0,0,28,8,7,3,10,0,3,258,50,12,36,2,5,95,108,73,35,40,40,24,15,1,0,25
2021,"Southwark 027","E02000833",7486,5845,4567,400,423,11,9,40,11,12,5,2,0,13,352,1641,0,0,0,0,95,22,602,486,58,31,71,50,120,57,8,43,9,39,116,10,106,328,23,276,49,110,117,29,1,1,6,7,14,332,19,0,2,3,14,35,21,4,4,6,97,13,2,67,8,5,2,165,137,7,1,20,0,16,202,39,11,28,0,10,91,62,32,30,31,30,24,6,0,1,29
2021,"Southwark 028","E02000834",9387,7966,5800,599,849,56,32,69,32,47,24,0,1,36,421,1421,0,0,1,0,171,41,694,524,56,39,90,44,86,95,10,36,24,44,170,9,161,97,11,50,12,16,22,36,0,4,18,1,13,132,9,0,1,0,8,36,16,3,14,3,28,0,3,20,3,2,0,54,45,5,2,2,0,5,163,71,19,52,0,7,46,39,25,14,86,86,69,17,0,0,36
2021,"Southwark 029","E02000835",7678,6621,4876,591,611,26,26,54,32,14,8,0,0,32,351,1057,0,0,2,0,128,26,491,357,47,21,55,16,74,56,11,31,23,23,134,10,124,132,3,110,22,51,37,19,0,1,7,4,7,48,5,0,5,0,0,7,0,1,5,1,20,0,2,7,6,5,0,15,9,0,0,6,0,1,164,48,11,37,0,1,61,54,37,17,45,45,31,14,0,0,21
2021,"Southwark 030","E02000836",8292,7137,5149,591,766,45,23,56,31,17,9,1,0,31,418,1155,0,0,0,0,159,43,495,344,42,36,45,35,63,54,4,17,18,30,151,6,145,74,6,49,11,24,14,19,0,1,11,2,5,120,7,0,7,0,0,33,23,1,7,2,29,0,17,7,3,1,1,47,32,6,1,8,0,4,162,72,22,50,0,2,54,34,16,18,81,81,65,16,0,0,21
2021,"Southwark 031","E02000837",8563,7469,5211,640,876,51,27,53,41,25,9,1,2,47,486,1094,0,0,1,0,139,41,517,347,59,36,44,16,46,64,11,20,14,37,170,8,162,54,6,20,3,9,8,28,0,4,15,1,8,90,7,0,1,0,6,55,31,5,17,2,19,0,0,10,6,3,0,8,1,4,1,2,1,0,149,101,15,85,1,4,34,10,6,4,74,74,52,22,0,0,29
2021,"Southwark 032","E02000838",9497,7850,5737,641,797,45,23,56,28,25,17,5,1,34,441,1647,0,0,0,0,165,35,815,654,54,24,95,75,137,75,17,67,31,79,161,5,156,178,11,128,27,70,31,39,6,0,8,1,24,189,22,0,7,1,14,28,10,2,6,10,81,8,5,40,24,4,0,54,40,8,2,4,1,3,175,54,9,45,0,6,84,31,21,10,70,67,48,19,0,3,20
2021,"Southwark 033","E02000839",8478,7018,5237,639,579,16,21,35,27,15,8,0,0,15,426,1460,0,0,0,0,116,32,651,510,56,33,79,36,103,57,9,36,29,72,141,7,134,186,13,135,24,66,45,38,3,3,6,0,26,222,15,5,7,2,1,120,83,18,4,15,44,3,1,22,13,3,2,31,7,9,7,8,2,10,156,43,20,23,0,2,72,39,27,12,58,58,32,26,0,0,39
2021,"Sutton 001","E02000840",9315,7976,5248,1412,982,12,0,13,7,8,4,2,0,7,281,1339,0,0,0,0,42,10,752,648,32,27,29,83,31,36,35,187,91,97,104,21,83,104,8,59,23,22,14,37,1,1,12,11,12,373,7,6,1,0,0,24,15,3,5,1,238,3,5,61,66,70,33,55,46,2,0,7,0,49,42,6,1,5,0,0,24,12,10,2,4,4,3,1,0,0,12
2021,"Sutton 002","E02000841",9189,7650,4863,1438,1001,10,3,12,6,5,2,0,0,8,302,1539,0,0,0,0,57,5,806,715,10,69,48,68,38,25,45,173,141,98,91,10,81,112,8,52,23,13,16,52,0,3,17,14,18,503,19,12,5,1,1,33,23,2,3,5,337,4,18,92,64,87,72,66,49,6,0,11,0,48,40,9,4,5,0,3,19,9,6,3,8,8,6,2,0,0,8
2021,"Sutton 003","E02000842",8281,7131,4543,1456,805,14,4,21,7,5,2,0,1,8,265,1150,0,0,0,0,89,15,476,411,20,33,23,38,22,53,14,66,54,88,65,12,53,71,10,9,4,3,2,52,0,1,16,17,18,442,22,0,4,1,17,44,19,11,4,10,281,0,2,84,65,105,25,42,23,10,0,9,2,51,46,9,5,4,0,0,28,9,3,6,6,6,4,2,0,0,5
2021,"Sutton 004","E02000843",9472,8000,5232,1299,1049,27,8,21,15,10,3,0,0,15,321,1472,0,0,1,0,78,12,818,716,40,37,82,62,47,51,37,169,74,117,102,21,81,113,7,70,24,19,27,36,2,2,10,6,16,359,17,0,6,6,5,57,35,7,10,5,229,3,13,90,72,48,3,33,16,6,1,10,3,20,58,14,7,7,0,2,22,20,12,8,16,16,7,9,0,0,17
2021,"Sutton 005","E02000844",8661,7675,4954,1439,962,23,3,15,3,5,1,2,0,8,260,986,0,0,0,0,53,17,559,482,14,37,31,42,29,31,29,159,44,66,77,22,55,73,6,39,17,13,9,28,0,0,7,11,10,222,3,3,0,0,0,14,8,1,3,2,158,2,6,53,37,42,18,15,12,0,0,3,0,32,35,12,5,7,0,0,12,11,5,6,9,9,4,5,0,0,18
2021,"Sutton 006","E02000845",9420,8187,5262,1330,1086,15,4,32,26,11,6,0,3,14,398,1233,0,0,0,0,106,13,574,480,35,34,47,58,26,24,17,89,38,112,94,20,74,78,10,15,8,6,1,53,0,0,41,8,4,344,15,2,2,6,5,147,25,11,17,94,125,4,4,64,20,27,6,25,11,4,2,8,2,30,63,19,6,13,0,2,36,6,3,3,20,20,15,5,0,0,35
2021,"Sutton 007","E02000846",7613,6485,4193,1205,692,10,3,16,8,5,3,0,0,7,343,1128,0,0,0,0,64,8,610,497,22,14,71,50,26,31,22,84,52,125,113,47,66,70,1,43,21,19,3,26,0,0,11,0,15,342,11,0,2,6,3,62,38,13,6,5,214,1,8,76,60,61,8,30,13,5,1,11,0,25,23,3,0,3,0,2,13,5,3,2,8,8,5,3,0,0,3
2021,"Sutton 008","E02000847",9424,8426,5284,1658,1036,19,16,36,9,12,4,1,0,11,340,998,0,0,0,0,121,18,440,365,23,24,43,25,23,30,23,66,38,70,75,4,71,38,4,8,1,3,4,26,3,0,13,4,6,307,11,0,6,0,5,96,35,5,6,50,141,2,8,66,15,45,5,33,19,7,2,5,0,26,48,15,4,11,0,1,28,4,4,0,15,14,6,8,0,1,11
2021,"Sutton 009","E02000848",8143,7334,4554,1639,839,15,2,12,5,3,2,0,0,7,256,809,0,0,0,0,88,5,324,278,35,13,27,21,15,37,14,41,32,43,46,3,43,29,6,12,2,2,8,11,0,0,4,1,6,331,11,5,2,1,3,73,28,4,14,27,184,1,14,79,23,63,4,38,13,11,3,11,0,25,22,9,3,6,0,3,9,1,1,0,7,7,3,4,0,0,3
2021,"Sutton 010","E02000849",8176,7324,4649,1382,1000,11,9,24,9,16,3,3,0,11,207,852,0,0,0,1,68,10,444,360,22,30,28,35,15,26,19,96,35,54,84,13,71,77,3,40,15,14,11,34,0,1,7,9,17,198,4,1,3,0,0,21,10,3,8,0,141,4,3,74,20,39,1,7,0,3,0,4,1,24,40,12,5,7,0,2,22,4,1,3,5,5,3,2,0,0,9
2021,"Sutton 011","E02000850",10840,9779,6505,1768,1087,18,7,23,4,14,4,0,0,11,338,1061,0,0,0,0,66,15,499,428,24,48,42,32,39,42,16,72,59,54,71,23,48,71,8,48,14,18,16,15,1,0,3,4,7,348,5,0,5,0,0,43,30,2,4,7,211,5,3,95,30,76,2,21,1,5,2,13,0,68,41,11,6,5,0,0,12,18,11,7,15,15,10,5,0,0,6
2021,"Sutton 012","E02000851",11577,8715,5811,1345,930,29,8,31,14,24,3,0,0,5,515,2862,0,0,1,0,87,10,1592,1360,50,47,133,90,53,148,47,236,204,352,232,68,164,228,54,89,38,29,22,85,2,5,29,14,35,739,41,8,21,8,4,174,56,84,14,20,390,14,30,211,62,61,12,93,48,17,6,22,3,38,158,39,9,30,0,2,97,20,10,10,9,9,6,3,0,0,38
2021,"Sutton 013","E02000852",8146,6872,4368,1221,853,18,12,28,15,4,0,0,0,18,335,1274,0,0,3,0,84,16,721,629,32,22,77,46,35,45,25,128,80,139,92,24,68,81,6,29,13,8,8,46,0,0,14,14,18,302,16,6,5,5,0,58,35,3,8,12,182,2,3,97,45,29,6,32,15,4,4,9,0,14,32,16,8,8,0,0,16,0,0,0,17,17,13,4,0,0,18
2021,"Sutton 014","E02000853",8176,6860,4461,1170,821,18,9,15,14,6,4,0,1,9,332,1316,0,0,0,0,77,16,712,618,38,33,48,69,28,40,17,128,78,139,94,10,84,78,9,24,11,2,11,45,0,7,14,11,13,347,10,1,4,0,5,92,63,9,9,11,187,1,14,80,42,44,6,27,10,10,1,6,2,29,53,11,2,9,0,2,33,7,4,3,25,24,18,6,0,1,8
2021,"Sutton 015","E02000854",7610,6862,4361,1199,919,32,10,32,20,11,4,1,0,17,256,748,0,0,0,0,111,32,390,312,18,5,39,18,23,35,10,64,44,56,78,11,67,36,3,12,5,3,4,21,0,0,7,5,9,130,10,0,9,1,0,37,15,5,9,8,55,3,1,19,14,16,2,20,4,2,4,10,0,8,23,11,3,8,0,1,6,5,0,5,21,21,17,4,0,0,5
2021,"Sutton 016","E02000855",8202,7477,4676,1341,1040,32,13,31,22,11,0,2,2,24,283,725,0,0,0,0,72,16,312,224,19,20,33,21,15,23,8,19,13,53,88,13,75,28,4,5,1,2,2,19,1,0,8,3,7,227,12,0,8,4,0,53,36,6,7,4,120,6,3,50,24,31,6,21,4,4,2,11,0,21,37,10,1,9,0,2,24,1,0,1,25,25,20,5,0,0,8
2021,"Sutton 017","E02000856",9327,8204,5617,1197,972,23,8,38,14,11,4,0,0,13,307,1123,0,0,0,0,80,24,520,436,31,17,49,35,27,46,21,72,52,86,84,14,70,98,3,43,17,15,11,52,0,9,18,4,21,328,12,7,4,1,0,55,36,5,9,5,194,4,8,93,21,63,5,35,6,8,0,21,0,32,52,19,9,8,2,0,24,9,7,2,12,11,7,4,0,1,9
2021,"Sutton 018","E02000857",8997,6912,4645,892,804,21,13,36,14,10,12,0,0,8,457,2085,0,0,0,0,75,11,1091,939,34,40,101,97,49,93,19,152,129,225,152,22,130,159,11,76,23,35,18,72,1,2,25,16,28,591,19,1,15,1,2,111,39,31,19,22,389,6,5,263,52,59,4,43,23,8,0,12,0,29,89,25,7,18,0,5,50,9,3,6,26,26,18,8,0,0,43
2021,"Sutton 019","E02000858",8577,7609,5200,1253,848,2,6,31,12,7,2,0,0,4,244,968,0,0,0,0,61,10,424,360,19,30,35,41,23,48,21,68,21,54,64,21,43,109,4,58,22,14,22,47,0,5,9,10,23,309,16,3,5,3,5,13,3,5,4,1,223,8,25,73,21,83,13,21,4,5,0,12,0,36,31,9,8,1,0,1,6,15,8,7,9,9,1,8,0,0,15
2021,"Sutton 020","E02000859",8482,7638,5085,1344,888,29,13,23,8,11,6,0,0,10,221,844,0,0,0,0,83,12,377,318,24,31,46,18,9,37,10,68,19,56,59,10,49,85,0,58,20,22,16,27,0,0,8,0,19,221,15,7,5,1,2,40,28,3,2,7,126,1,3,46,20,54,2,13,2,5,0,6,4,23,40,5,2,3,0,0,25,10,5,5,17,17,10,7,0,0,9
2021,"Sutton 021","E02000860",8787,6780,4478,1024,772,17,10,22,15,7,5,1,0,24,405,2007,0,0,0,0,74,13,1096,933,22,47,99,107,42,73,30,157,129,227,163,43,120,142,17,66,39,19,8,59,1,2,17,8,31,556,37,6,18,5,8,88,33,26,14,15,385,6,12,242,65,55,5,30,20,3,0,7,3,13,88,23,5,18,0,0,52,13,6,7,17,17,13,4,0,0,21
2021,"Sutton 022","E02000861",7779,7143,4764,1094,864,20,17,19,25,5,4,1,0,10,320,636,0,0,0,0,67,10,287,205,16,14,36,10,15,19,11,45,17,22,82,14,68,36,3,15,9,5,1,18,0,0,11,3,4,188,4,0,1,0,3,55,28,11,12,4,102,4,0,60,24,14,0,14,7,6,0,1,0,13,31,11,2,9,0,0,13,7,3,4,12,12,5,7,0,0,5
2021,"Sutton 024","E02000863",6739,6261,4200,1058,694,12,9,5,15,7,5,0,0,5,251,478,0,0,0,0,54,7,219,180,13,8,18,13,14,22,10,24,22,36,39,0,39,25,1,14,2,10,2,10,0,0,4,2,4,144,2,0,2,0,0,36,19,5,10,2,78,2,2,39,13,13,9,15,5,3,1,6,0,13,16,12,1,11,0,0,3,1,1,0,3,3,1,2,0,0,10
2021,"Tower Hamlets 001","E02000864",11259,9269,6900,892,827,43,32,59,22,27,9,3,0,22,433,1990,0,0,0,0,143,26,1060,895,76,39,280,56,117,115,45,55,23,89,165,13,152,111,15,50,6,22,22,46,5,13,14,3,11,372,3,0,2,1,0,46,21,8,10,7,273,1,224,40,4,2,2,44,10,10,10,14,4,2,128,61,20,40,1,3,39,25,10,15,110,110,72,38,0,0,40
2021,"Tower Hamlets 002","E02000865",7962,6361,5050,509,386,14,7,41,22,13,4,2,0,14,299,1601,0,0,0,0,82,8,746,593,81,38,167,40,83,77,16,25,22,44,153,39,114,84,17,28,10,10,8,39,2,11,7,0,19,409,59,3,19,5,32,36,14,4,10,8,278,8,230,32,8,0,0,22,5,4,0,13,9,5,128,70,29,40,1,17,31,10,5,5,108,107,75,32,0,1,36
2021,"Tower Hamlets 003","E02000866",10641,8681,6323,872,784,30,16,60,45,31,9,3,0,25,483,1960,0,0,1,0,143,33,1018,825,95,53,233,47,120,113,37,36,27,64,193,26,167,73,10,29,5,4,20,34,0,3,16,3,12,342,26,6,5,0,15,44,19,6,14,5,233,0,207,23,2,1,0,32,2,3,11,16,3,4,153,71,23,48,0,6,63,13,2,11,158,158,102,56,0,0,39
2021,"Tower Hamlets 004","E02000867",11324,8777,6499,741,703,49,18,65,33,42,11,1,0,23,592,2547,0,0,1,0,131,28,1497,1311,121,49,389,87,196,128,48,79,106,108,186,13,173,80,10,32,4,15,13,38,4,11,12,2,9,467,17,2,3,1,11,81,47,8,11,15,309,0,245,49,10,2,3,45,9,14,6,16,6,9,190,90,30,58,2,16,65,19,8,11,99,99,71,28,0,0,54
2021,"Tower Hamlets 005","E02000868",7197,5443,4241,348,385,28,10,34,17,12,4,1,1,13,349,1754,0,0,1,0,123,14,943,801,109,47,232,39,103,111,22,46,19,73,142,15,127,46,10,21,9,5,7,15,0,0,5,2,8,302,21,0,1,0,20,35,14,6,10,5,213,6,181,16,9,1,0,28,3,8,4,13,3,2,145,95,32,62,1,4,38,8,0,8,144,144,110,34,0,0,36
2021,"Tower Hamlets 006","E02000869",5930,4685,3565,390,351,3,3,44,21,10,5,0,2,10,281,1245,0,0,0,0,77,12,649,492,88,34,107,35,41,105,10,26,13,33,157,12,145,68,9,23,5,7,11,36,1,16,11,1,7,188,6,0,1,1,4,28,12,2,10,4,126,0,104,15,7,0,0,24,1,4,6,13,0,4,122,86,24,62,0,1,26,9,0,9,97,96,72,23,1,1,32
2021,"Tower Hamlets 007","E02000870",6372,4993,3826,499,346,14,4,42,22,12,2,0,1,9,216,1379,0,0,0,0,57,13,812,724,80,29,240,44,122,77,16,47,28,41,88,10,78,50,11,18,4,10,4,21,1,11,2,1,6,285,9,1,2,3,3,34,18,4,4,8,221,4,173,34,7,0,3,19,6,5,0,8,0,2,72,47,13,34,0,2,18,5,0,5,68,66,49,17,0,2,22
2021,"Tower Hamlets 008","E02000871",11518,8800,7400,357,494,27,10,29,18,22,10,0,0,6,427,2718,0,0,1,0,68,23,1371,1245,60,29,518,72,131,131,74,61,57,112,126,15,111,157,32,80,31,29,20,45,0,10,3,6,26,894,27,3,2,3,19,108,74,16,6,12,671,8,565,73,23,1,1,68,27,21,5,15,4,16,138,44,22,22,0,5,57,32,8,24,27,27,17,10,0,0,39
2021,"Tower Hamlets 009","E02000872",8146,5947,4775,296,352,26,5,62,20,25,7,0,2,8,369,2199,0,0,0,0,74,28,1156,1002,197,62,320,46,110,116,27,31,25,68,154,21,133,88,15,29,4,8,17,44,0,14,17,0,13,453,23,1,0,0,22,48,15,13,14,6,345,1,277,51,14,1,1,30,5,8,10,7,2,5,193,138,41,95,2,3,42,10,3,7,122,122,95,27,0,0,85
2021,"Tower Hamlets 010","E02000873",9856,7339,5799,435,534,17,9,37,13,11,8,6,0,25,445,2517,0,0,0,0,48,18,1275,1128,119,44,369,67,123,163,19,67,51,106,147,28,119,135,24,43,4,28,11,68,4,21,13,5,25,795,43,4,7,6,26,204,157,16,22,9,460,0,347,72,35,3,3,70,9,30,14,17,10,8,131,76,36,40,0,2,37,16,5,11,66,66,47,19,0,0,49
2021,"Tower Hamlets 011","E02000874",7492,5633,4682,280,285,7,4,30,12,10,3,0,0,5,315,1859,0,0,0,0,65,11,865,776,85,24,263,68,105,85,15,39,37,55,89,23,66,74,22,39,6,20,13,13,0,3,3,0,7,661,15,2,1,1,11,192,168,9,2,13,416,3,351,52,10,0,0,35,9,11,2,13,0,3,103,57,20,37,0,6,31,9,4,5,60,60,37,23,0,0,20
2021,"Tower Hamlets 012","E02000875",13564,10645,8880,537,556,32,12,46,13,18,12,0,0,20,519,2919,0,0,0,0,78,19,1558,1411,120,46,516,125,169,130,53,70,61,121,147,11,136,165,30,82,17,32,33,53,3,22,6,6,16,834,11,5,3,0,3,126,82,19,8,17,608,9,508,66,23,2,0,65,22,9,6,28,3,21,148,50,23,26,1,5,60,33,21,12,62,62,42,20,0,0,55
2021,"Tower Hamlets 013","E02000876",7274,5192,4271,209,327,12,9,37,9,10,3,1,0,7,297,2082,0,1,0,0,78,9,1048,940,100,36,364,82,121,103,18,35,41,40,108,14,94,59,17,19,3,10,6,23,3,10,5,0,5,655,5,1,0,0,4,121,94,6,11,10,480,5,427,36,10,0,2,38,12,15,7,4,6,5,118,46,10,36,0,8,57,7,0,7,80,80,67,13,0,0,34
2021,"Tower Hamlets 014","E02000877",13811,10630,8793,489,681,29,10,38,25,24,10,2,0,15,514,3181,0,0,0,0,101,17,1780,1589,110,64,562,89,226,173,52,88,67,158,191,34,157,160,24,47,10,12,25,89,4,25,10,5,45,827,25,6,3,3,13,103,61,18,10,14,616,0,523,63,19,6,5,59,13,18,7,21,8,16,163,61,29,32,0,10,77,15,6,9,71,71,43,28,0,0,62
2021,"Tower Hamlets 015","E02000878",10438,6812,5603,253,386,26,9,32,19,18,7,0,3,10,446,3626,0,0,0,1,83,18,1748,1479,272,96,390,61,192,217,27,48,47,129,269,47,222,131,46,37,8,7,22,48,4,10,17,3,14,1086,50,3,8,3,36,282,175,39,30,38,641,2,391,233,11,3,1,92,13,29,21,29,8,13,367,258,67,189,2,16,82,11,3,8,137,136,105,30,1,1,55
2021,"Tower Hamlets 016","E02000879",8340,6385,5150,474,386,17,6,32,9,4,4,1,0,6,296,1955,0,0,1,0,66,11,1012,936,67,40,386,59,157,76,18,30,48,55,76,6,70,84,21,27,4,7,16,36,1,23,0,0,12,594,10,1,4,0,5,52,33,7,3,9,463,4,403,45,11,0,0,58,13,22,8,15,2,9,114,35,8,26,1,16,53,10,1,9,53,53,39,14,0,0,20
2021,"Tower Hamlets 017","E02000880",6519,4662,3846,225,257,21,6,18,10,22,2,3,0,16,236,1857,0,0,0,0,49,11,938,827,75,36,319,76,108,70,12,26,34,71,111,26,85,100,19,42,7,10,25,39,0,20,3,3,13,621,18,0,3,0,15,38,18,6,10,4,490,1,445,35,5,3,1,65,36,17,4,8,4,6,81,36,11,25,0,5,34,6,2,4,24,24,18,6,0,0,33
2021,"Tower Hamlets 018","E02000881",10828,8238,6752,473,441,12,10,32,6,9,9,0,0,18,476,2590,0,0,0,0,46,4,1376,1246,80,43,377,80,143,171,61,84,80,127,130,30,100,206,32,83,17,42,24,91,9,43,15,7,17,766,15,0,3,1,11,136,92,19,6,19,505,0,331,140,23,8,3,88,48,15,6,19,12,10,115,42,8,34,0,3,52,18,4,14,42,42,29,13,0,0,35
2021,"Tower Hamlets 019","E02000882",11506,9611,8232,463,459,15,5,32,13,15,1,0,0,6,370,1895,0,0,0,0,61,12,929,814,81,32,275,84,65,79,29,52,58,59,115,7,108,105,17,39,6,19,14,49,3,17,10,3,16,599,14,4,2,3,5,68,44,6,10,8,465,1,388,46,25,3,2,40,10,8,8,14,7,5,105,38,17,21,0,8,42,17,7,10,46,46,30,16,0,0,38
2021,"Tower Hamlets 020","E02000883",9285,7151,5813,589,358,30,4,22,7,14,3,0,0,7,304,2134,0,0,0,0,33,5,1113,1027,47,23,377,100,108,74,52,66,83,97,86,17,69,139,31,48,8,18,22,60,1,19,6,5,29,710,9,0,3,0,6,49,33,8,2,6,581,3,473,84,20,1,0,64,22,21,3,18,2,5,97,20,5,15,0,4,48,25,6,19,19,19,10,9,0,0,18
2021,"Tower Hamlets 021","E02000884",12764,7964,6492,325,433,22,14,33,19,20,11,0,1,13,581,4800,0,1,0,0,85,13,2379,2087,414,138,597,116,184,257,43,84,79,175,292,24,268,154,36,42,12,20,10,76,0,39,12,4,21,1661,80,2,14,2,62,567,435,57,34,41,805,2,578,196,21,3,5,185,20,53,56,56,12,12,308,172,59,111,2,27,101,8,0,8,115,114,75,39,0,1,84
2021,"Tower Hamlets 022","E02000885",7055,5420,4584,332,191,7,7,18,5,4,4,0,0,6,262,1635,0,0,0,0,40,11,832,775,66,22,345,42,89,52,37,32,26,64,57,6,51,95,16,59,8,6,45,20,2,14,3,0,1,544,11,0,1,3,7,20,8,7,1,4,468,2,417,36,12,1,0,38,11,10,2,15,4,3,86,36,3,33,0,0,40,10,2,8,13,13,13,0,0,0,14
2021,"Tower Hamlets 023","E02000886",9586,6845,5245,392,511,19,10,38,26,16,6,2,0,16,564,2741,1,0,0,0,77,13,1589,1406,126,31,484,77,136,170,70,90,92,130,183,21,162,129,22,54,12,20,22,53,2,12,13,3,23,607,35,4,5,15,11,99,57,19,9,14,390,0,263,105,18,3,1,65,15,19,8,23,7,11,195,77,28,49,0,17,78,23,16,7,76,76,46,30,0,0,54
2021,"Tower Hamlets 024","E02000887",10803,8147,6596,526,474,13,10,31,19,22,3,1,0,5,447,2656,0,0,0,0,60,6,1498,1345,108,30,505,88,122,128,65,77,66,156,153,22,131,102,20,45,11,22,12,37,0,13,7,2,15,795,25,1,11,0,13,95,59,19,5,12,609,5,488,89,23,1,3,56,22,6,7,21,7,3,128,59,22,37,0,4,48,17,6,11,32,31,19,12,0,1,35
2021,"Tower Hamlets 025","E02000888",8622,6325,5097,329,347,21,25,36,21,16,3,1,0,6,423,2297,0,0,1,0,80,15,1222,1092,128,38,391,71,108,142,29,61,33,91,130,21,109,81,13,21,3,7,11,47,1,9,17,2,18,667,19,1,7,0,11,98,70,10,10,8,496,1,396,77,16,6,0,41,12,11,8,10,6,7,129,57,20,36,1,17,51,4,0,4,66,65,45,19,1,1,36
2021,"Tower Hamlets 026","E02000889",8966,6203,4702,416,494,27,17,33,25,12,7,0,0,16,454,2763,0,0,0,0,100,21,1502,1263,186,71,385,50,122,149,50,90,61,99,239,24,215,83,26,17,2,11,4,40,2,5,19,1,13,713,20,0,3,2,15,176,84,22,48,22,408,0,262,116,24,5,1,91,20,25,26,20,11,7,213,121,34,87,0,15,73,4,0,4,90,90,71,19,0,0,41
2021,"Tower Hamlets 027","E02000890",5817,4275,2938,416,419,26,16,38,18,19,5,1,0,15,364,1542,0,0,0,0,73,16,889,731,128,46,168,23,57,132,28,30,50,69,158,15,143,32,14,6,1,1,4,12,0,1,6,2,3,230,7,0,2,0,5,81,51,13,8,9,105,1,48,47,5,2,2,33,3,12,8,10,2,2,161,111,32,79,0,6,39,5,1,4,102,102,71,31,0,0,39
2021,"Tower Hamlets 030","E02000893",7410,5400,3902,613,405,10,9,27,12,6,0,1,0,6,409,2010,0,1,0,0,52,11,1139,931,77,27,187,63,77,93,125,79,77,126,208,41,167,82,8,34,6,23,5,40,2,1,11,6,20,556,16,2,5,2,7,130,85,23,11,11,319,2,152,149,14,2,0,75,33,18,1,23,10,6,111,40,5,35,0,3,56,12,2,10,32,32,21,11,0,0,26
2021,"Tower Hamlets 031","E02000894",11010,7526,5414,630,588,29,8,27,18,15,3,3,0,10,781,3484,0,0,1,0,98,20,1853,1522,126,50,343,92,178,175,88,97,119,254,331,65,266,137,38,39,5,21,13,60,4,16,29,1,10,1008,31,3,9,2,17,220,135,25,22,38,634,4,170,421,30,6,3,108,26,29,7,46,3,12,241,103,28,74,1,9,106,23,5,18,69,67,39,28,0,2,57
2021,"Waltham Forest 001","E02000895",8377,7503,5068,1412,787,8,7,20,11,10,2,0,0,9,169,874,0,0,0,0,92,7,542,424,16,9,25,20,16,38,8,58,120,114,118,37,81,56,4,27,7,15,5,25,0,9,8,1,7,120,36,29,5,0,2,11,7,0,4,0,52,1,7,2,19,22,1,11,3,5,0,3,0,10,41,10,7,3,0,0,10,21,11,10,9,9,5,4,0,0,7
2021,"Waltham Forest 002","E02000896",9325,8221,5380,1507,981,28,7,30,23,14,6,0,0,13,232,1104,0,0,0,0,112,25,705,515,38,15,50,18,28,56,37,69,94,110,190,47,143,73,7,35,5,24,6,31,0,1,17,3,10,91,13,8,3,0,2,15,7,0,5,3,48,0,6,15,22,4,1,11,3,0,0,8,0,4,66,21,9,12,0,2,22,21,9,12,8,8,5,3,0,0,24
2021,"Waltham Forest 003","E02000897",8565,7530,5096,1244,891,6,6,16,10,12,7,0,0,15,227,1035,0,0,0,0,80,17,677,538,27,14,44,37,16,35,27,99,141,98,139,45,94,67,4,34,11,12,11,29,2,7,5,4,11,110,20,13,1,1,5,8,4,1,3,0,65,5,9,13,25,13,0,16,6,2,0,8,0,1,56,10,4,6,0,0,18,28,18,10,10,10,5,5,0,0,18
2021,"Waltham Forest 004","E02000898",8014,7126,4758,1303,767,7,8,24,14,7,1,0,0,18,219,888,0,0,1,0,69,23,557,448,20,8,32,23,15,27,36,58,126,103,109,31,78,50,4,24,10,5,9,22,1,5,4,1,11,112,17,16,1,0,0,20,16,2,2,0,56,2,7,11,24,11,1,10,3,0,0,7,0,9,48,16,5,11,0,0,13,19,12,7,12,12,9,3,0,0,16
2021,"Waltham Forest 005","E02000899",8814,7344,5258,1171,630,4,4,11,4,7,5,0,0,4,246,1470,0,0,0,0,57,9,1066,897,17,14,34,39,25,37,48,93,348,242,169,63,106,88,11,43,15,8,20,34,3,0,2,2,27,175,26,23,3,0,0,19,18,1,0,0,105,10,12,11,53,19,0,12,2,2,0,8,4,9,59,9,3,6,0,0,17,33,19,14,5,5,4,1,0,0,11
2021,"Waltham Forest 006","E02000900",8981,7451,5662,909,518,8,6,11,1,2,1,1,0,4,328,1530,0,0,0,0,52,11,1052,838,17,8,46,32,16,28,45,78,289,279,214,74,140,153,19,83,49,16,18,51,0,9,5,3,34,188,18,8,8,1,1,24,20,1,3,0,102,3,10,19,59,11,0,30,12,3,0,15,1,13,44,4,1,3,0,0,10,30,17,13,12,12,9,3,0,0,18
2021,"Waltham Forest 007","E02000901",10497,9133,6293,1386,979,24,12,32,14,21,7,2,0,22,341,1364,0,0,0,0,110,34,885,743,37,13,37,25,161,50,35,105,162,118,142,33,109,101,9,66,20,11,35,26,1,1,15,1,8,116,10,3,4,0,3,20,10,3,4,3,59,1,6,21,25,4,2,19,4,6,1,8,0,8,69,17,5,12,0,1,31,20,6,14,26,26,18,8,0,0,23
2021,"Waltham Forest 008","E02000902",9960,8270,6357,864,639,13,8,19,3,9,4,2,0,8,344,1690,0,0,0,0,83,19,1102,927,31,10,49,31,28,66,63,109,324,216,175,46,129,117,13,60,22,13,25,44,5,6,5,6,22,231,26,16,3,0,7,20,15,3,2,0,141,8,12,16,77,28,0,24,12,3,0,9,0,20,93,23,6,17,0,1,25,44,28,16,21,21,20,1,0,0,24
2021,"Waltham Forest 009","E02000903",10276,8165,6321,740,617,10,6,28,8,13,3,5,0,11,403,2111,0,0,0,0,90,26,1355,1152,52,15,87,62,62,61,72,162,384,195,203,33,170,149,9,80,22,30,28,60,0,22,11,0,27,300,23,9,1,0,13,26,19,2,5,0,199,7,13,23,111,44,1,27,18,5,1,3,1,24,132,31,13,18,0,0,37,64,39,25,26,26,19,7,0,0,33
2021,"Waltham Forest 010","E02000904",8431,6702,5158,619,495,14,11,36,18,11,3,0,0,21,316,1729,0,0,1,0,73,12,1192,1064,30,22,52,40,52,39,66,168,403,192,128,14,114,120,23,47,25,6,16,50,3,6,3,0,38,219,20,4,10,1,5,8,5,0,3,0,150,7,14,24,62,43,0,27,11,4,1,11,0,14,82,17,4,13,0,1,39,25,12,13,19,19,12,7,0,0,11
2021,"Waltham Forest 011","E02000905",10478,8075,6184,660,646,19,14,47,27,18,6,2,0,28,424,2403,0,0,0,0,94,28,1533,1325,48,44,91,50,63,68,101,144,494,222,208,38,170,178,35,90,23,29,38,53,0,11,7,2,33,399,9,6,1,0,2,30,15,2,10,3,249,14,15,32,92,96,0,21,8,5,0,8,0,90,86,36,7,28,1,3,17,30,19,11,51,51,34,17,0,0,34
2021,"Waltham Forest 012","E02000906",9646,7485,5795,556,578,36,5,46,21,12,0,5,0,12,419,2161,0,0,0,0,104,28,1359,1125,45,28,75,43,57,61,100,189,262,265,234,23,211,145,25,58,26,20,12,62,1,24,14,2,21,318,12,4,3,0,5,34,14,1,15,4,219,14,15,18,114,58,0,29,12,11,0,6,4,20,113,40,13,27,0,5,34,34,23,11,44,44,26,18,0,0,50
2021,"Waltham Forest 013","E02000907",10577,8224,6423,662,628,28,8,26,15,16,10,0,0,14,394,2353,0,0,0,0,96,15,1428,1177,49,25,78,94,66,89,130,181,246,219,251,55,196,341,57,159,49,38,72,125,2,19,4,1,99,300,37,17,10,0,10,27,19,1,4,3,195,12,13,33,88,48,1,34,14,4,1,15,0,7,121,38,14,24,0,2,28,53,33,20,23,23,13,10,0,0,29
2021,"Waltham Forest 014","E02000908",12905,9521,7232,700,740,40,23,68,27,16,3,4,0,33,635,3384,0,0,0,0,168,33,2168,1873,109,37,166,88,107,147,120,341,368,390,295,46,249,244,38,133,54,51,28,73,4,9,12,6,42,463,27,6,9,1,11,91,59,11,12,9,236,11,22,63,89,50,1,71,39,12,4,16,7,31,179,53,14,39,0,4,59,63,44,19,82,82,52,29,1,0,47
2021,"Waltham Forest 015","E02000909",9247,7454,5561,637,680,34,18,47,25,18,4,1,0,11,418,1793,0,0,1,0,130,32,1130,914,37,23,74,41,49,59,59,133,239,200,216,22,194,137,19,83,20,33,30,35,0,6,8,2,19,183,35,24,3,1,7,30,13,3,10,4,82,4,7,15,47,9,0,28,18,4,0,6,0,8,121,56,19,37,0,4,28,33,18,15,43,42,28,14,0,1,16
2021,"Waltham Forest 016","E02000910",11436,8514,6473,660,637,31,10,73,23,26,6,5,0,35,535,2922,0,0,0,0,109,23,1995,1679,84,27,109,66,100,98,96,172,503,424,316,23,293,153,35,74,31,16,27,44,0,9,8,0,27,368,15,7,4,0,4,29,16,5,5,3,238,22,18,29,161,8,0,62,27,21,1,13,3,21,156,76,17,59,0,3,40,37,21,16,88,88,51,37,0,0,30
2021,"Waltham Forest 017","E02000911",12963,9447,7372,629,702,33,13,73,21,19,10,2,0,23,550,3516,0,0,0,1,146,23,2325,2001,55,42,185,96,144,118,119,250,606,386,324,45,279,198,49,84,42,18,24,65,1,15,6,2,41,532,18,7,1,0,10,70,47,2,17,4,341,28,15,87,184,25,2,74,30,14,1,29,6,23,171,42,14,28,0,0,72,57,33,24,61,61,40,21,0,0,59
2021,"Waltham Forest 018","E02000912",9748,7586,6119,494,479,17,9,35,15,21,2,5,0,13,377,2162,0,0,0,0,62,18,1385,1149,41,23,92,54,68,63,99,123,386,200,236,28,208,120,22,65,20,15,30,33,0,10,8,1,14,398,9,0,0,0,9,35,26,2,7,0,323,29,29,39,207,8,11,16,8,1,1,6,3,12,128,40,14,26,0,0,44,44,17,27,31,31,17,14,0,0,20
2021,"Waltham Forest 019","E02000913",9637,7655,6337,447,431,10,5,26,7,15,2,0,0,15,360,1982,0,0,0,0,91,12,1251,1044,50,11,99,68,46,52,52,138,357,171,207,24,183,128,22,70,32,25,13,36,4,1,16,0,15,361,33,25,0,0,8,46,42,1,1,2,236,8,24,54,145,5,0,41,36,2,2,1,0,5,87,18,2,15,1,2,35,32,15,17,25,25,9,16,0,0,27
2021,"Waltham Forest 020","E02000914",11798,8738,7305,467,413,10,4,30,8,10,4,1,0,11,475,3060,0,0,0,0,63,10,2017,1735,68,38,119,81,80,131,81,225,592,320,282,35,247,295,52,126,58,26,42,117,1,22,6,2,86,489,13,7,5,1,0,73,72,1,0,0,328,17,26,38,232,14,1,36,26,0,1,9,11,28,116,24,7,17,0,3,48,41,21,20,32,31,20,11,0,1,38
2021,"Waltham Forest 021","E02000915",8110,6268,4711,524,548,23,12,43,12,16,2,0,1,13,363,1842,0,0,0,0,132,19,1131,973,48,22,128,48,70,55,65,130,251,156,158,7,151,126,35,41,5,19,17,50,1,16,4,5,24,255,15,9,1,1,4,22,13,2,4,3,173,6,38,53,67,9,0,34,23,5,2,4,5,6,94,25,6,19,0,3,27,39,18,21,53,50,28,22,0,3,32
2021,"Waltham Forest 022","E02000916",10569,7655,6237,444,426,27,7,46,20,14,3,0,0,9,422,2914,0,0,0,0,104,20,1902,1666,53,36,182,99,98,76,94,237,454,337,236,65,171,215,33,130,55,34,41,52,0,5,9,2,36,448,35,14,7,4,10,50,36,4,9,1,303,7,29,53,195,19,0,40,22,2,1,15,3,17,150,28,6,22,0,7,41,74,43,31,38,38,18,20,0,0,37
2021,"Waltham Forest 023","E02000917",9580,6750,5243,503,443,15,11,50,23,15,5,1,1,17,423,2830,0,0,0,0,99,26,2024,1763,39,18,163,104,113,82,111,212,608,313,261,30,231,162,33,64,26,21,17,65,3,14,7,4,37,283,16,7,1,0,8,23,16,0,6,1,193,12,36,22,115,7,1,41,32,4,0,5,2,8,145,37,19,18,0,2,57,49,26,23,48,47,35,12,0,1,43
2021,"Waltham Forest 024","E02000918",9322,6820,5282,515,508,20,4,31,11,12,12,1,0,16,408,2502,0,0,0,0,91,22,1742,1404,57,15,122,77,107,60,98,105,413,350,338,33,305,160,26,66,23,15,28,68,5,12,7,3,41,266,8,2,5,0,1,15,5,1,6,3,194,14,32,72,59,16,1,39,19,3,1,16,3,7,121,34,8,26,0,1,44,42,19,23,53,53,35,18,0,0,47
2021,"Waltham Forest 025","E02000919",9239,6315,4988,421,377,24,7,40,9,18,4,0,0,13,414,2924,0,0,0,0,118,24,1993,1763,73,21,142,87,122,83,103,203,625,304,230,26,204,120,24,51,21,7,23,45,1,1,14,3,26,443,24,6,2,2,14,44,32,4,6,2,284,11,76,65,112,20,0,59,31,8,0,20,17,15,137,26,8,18,0,4,63,44,14,30,63,63,36,27,0,0,26
2021,"Waltham Forest 026","E02000920",10297,7524,6123,462,447,15,5,24,11,11,6,0,0,9,411,2773,0,0,0,0,57,13,1805,1572,86,11,207,86,130,69,111,126,439,307,233,44,189,267,60,118,46,26,46,89,2,26,10,5,46,418,32,9,2,15,6,50,34,1,3,12,266,15,50,61,121,14,5,54,34,4,3,13,3,13,140,28,5,23,0,1,55,56,32,24,35,35,21,14,0,0,38
2021,"Waltham Forest 027","E02000921",11203,8213,6633,571,532,12,9,18,8,10,2,0,0,12,406,2990,0,0,0,0,120,13,2082,1859,41,13,146,122,77,104,164,195,492,505,223,20,203,239,21,136,60,40,36,82,1,12,6,4,59,330,11,4,4,1,2,33,19,2,9,3,219,13,35,69,81,15,6,56,37,7,1,11,0,11,135,16,6,9,1,3,53,63,28,35,20,18,13,5,0,2,51
2021,"Waltham Forest 028","E02000922",10455,7254,5661,566,469,36,7,31,10,10,3,1,0,10,450,3201,0,0,0,0,78,14,2291,1940,44,20,140,104,107,88,193,181,710,353,351,29,322,152,18,92,37,32,23,42,3,9,6,5,19,433,16,4,2,0,10,31,15,2,11,3,324,4,115,83,87,29,6,35,12,5,0,18,8,19,132,20,4,16,0,0,45,67,41,26,44,44,30,14,0,0,57
2021,"Wandsworth 001","E02000923",7528,5409,3774,444,599,34,7,51,26,17,5,2,0,25,425,2119,0,0,1,0,111,27,1204,1025,140,44,226,76,184,159,31,33,38,94,179,29,150,91,14,33,12,14,7,44,1,8,22,0,13,344,15,3,2,2,8,63,33,10,16,4,84,1,0,42,41,0,0,171,149,8,6,8,0,11,209,115,31,84,0,7,61,26,21,5,85,85,61,24,0,0,47
2021,"Wandsworth 003","E02000925",7899,6039,4561,550,458,13,9,33,13,16,5,0,0,21,360,1860,0,1,0,0,103,15,1156,1023,118,68,244,98,179,106,21,77,23,89,133,19,114,128,16,51,25,14,12,61,1,23,16,4,17,200,20,3,6,0,11,44,20,5,12,7,77,10,7,19,34,7,0,52,33,2,4,13,0,7,177,66,17,48,1,7,49,55,44,11,44,44,30,14,0,0,36
2021,"Wandsworth 004","E02000926",11629,8483,5838,817,925,41,24,69,46,26,14,0,0,31,652,3146,0,0,1,0,181,38,1848,1606,243,74,390,91,222,245,29,113,52,147,242,40,202,176,25,41,12,19,10,110,1,23,67,3,16,361,82,4,15,15,48,107,45,18,18,26,70,0,2,43,20,4,1,85,51,14,2,18,7,10,316,148,46,100,2,16,128,24,14,10,171,171,106,64,1,0,54
2021,"Wandsworth 005","E02000927",7101,5780,3967,580,739,12,13,41,23,16,12,3,0,31,343,1321,0,0,0,0,126,23,710,587,89,28,129,63,73,97,7,33,16,52,123,9,114,93,14,21,13,6,2,58,2,3,32,2,19,111,13,0,3,0,10,24,10,1,9,4,30,5,0,6,19,0,0,40,19,6,4,11,1,3,127,59,24,35,0,5,42,21,14,7,98,98,73,25,0,0,33
2021,"Wandsworth 006","E02000928",8354,6901,4636,645,858,51,40,52,44,32,11,4,1,45,482,1453,0,0,0,0,161,36,712,564,91,39,112,14,91,98,8,39,26,46,148,36,112,96,8,17,6,2,9,71,0,4,63,0,4,120,16,1,6,0,9,42,11,4,18,9,23,0,0,10,10,3,0,36,18,5,4,9,0,3,150,94,20,73,1,4,48,4,4,0,140,140,93,47,0,0,38
2021,"Wandsworth 007","E02000929",8100,6154,4806,431,523,10,15,17,22,8,2,1,0,22,297,1946,0,0,0,0,59,9,1101,1013,72,61,236,146,131,136,15,103,26,87,88,9,79,215,22,100,31,19,50,93,8,41,17,1,26,335,28,10,5,3,10,53,27,1,8,17,143,40,8,9,72,5,9,79,57,13,5,4,2,30,148,33,15,18,0,3,69,43,31,12,59,59,31,28,0,0,20
2021,"Wandsworth 008","E02000930",10079,7514,5070,683,1002,54,27,88,47,27,26,4,0,33,453,2565,0,0,2,0,215,42,1227,1078,203,52,252,72,157,184,20,30,24,84,149,20,129,135,12,42,14,16,12,81,0,11,50,1,19,385,25,0,6,1,18,208,145,26,16,21,73,1,0,55,13,3,1,71,27,13,14,17,0,8,256,171,48,123,0,2,57,26,18,8,259,259,172,87,0,0,44
2021,"Wandsworth 009","E02000931",8808,6881,4416,568,1006,51,38,65,78,25,7,1,0,44,582,1927,0,0,0,0,156,34,1024,866,332,39,155,23,77,132,3,47,19,39,158,16,142,70,18,8,1,0,7,44,0,0,36,3,5,123,15,0,3,0,12,40,20,1,11,8,43,4,1,27,11,0,0,24,10,3,7,4,0,1,241,186,39,146,1,7,41,7,3,4,241,241,186,55,0,0,38
2021,"Wandsworth 010","E02000932",12844,9634,6334,746,1265,82,59,106,66,36,14,4,1,61,860,3210,0,0,0,0,247,55,1655,1379,230,86,275,83,174,229,15,101,34,152,276,57,219,179,12,22,5,8,9,145,1,5,115,5,19,402,46,0,24,3,19,109,58,13,17,21,169,0,5,59,55,49,1,70,31,12,6,21,1,7,358,181,64,117,0,12,144,21,5,16,254,250,156,94,0,4,60
2021,"Wandsworth 011","E02000933",8865,6871,4657,660,816,37,22,50,57,13,10,7,0,30,512,1994,0,0,0,0,161,34,1051,866,84,60,168,71,128,128,18,92,32,85,185,36,149,114,17,12,3,4,5,85,0,0,69,5,11,226,26,1,5,6,14,71,23,11,19,18,70,8,1,37,15,2,7,54,30,10,6,8,2,3,231,132,34,98,0,7,72,20,10,10,115,114,84,30,0,1,62
2021,"Wandsworth 012","E02000934",8909,6992,4687,662,899,45,25,72,48,34,22,2,0,19,477,1917,0,0,1,0,232,16,957,848,123,45,234,52,119,132,7,56,14,66,109,11,98,122,11,36,8,7,21,75,6,3,53,3,10,121,11,0,5,2,4,39,16,1,8,14,28,1,1,18,6,2,0,35,21,6,2,6,2,6,200,114,31,83,0,11,59,16,10,6,224,224,142,82,0,0,44
2021,"Wandsworth 013","E02000935",7373,5652,4020,633,642,10,4,21,5,11,5,0,0,8,293,1721,0,0,0,0,72,12,939,805,45,90,85,57,105,88,21,175,41,98,134,11,123,164,36,65,19,25,21,63,0,20,13,5,25,318,35,2,17,2,14,41,29,7,3,2,154,27,2,33,90,2,0,59,46,3,4,6,12,17,177,66,5,61,0,15,47,49,23,26,13,13,10,3,0,0,26
2021,"Wandsworth 014","E02000936",9367,6825,4549,638,809,44,32,55,53,33,13,0,2,18,579,2542,0,0,0,0,161,21,1320,1099,119,67,215,101,134,157,20,105,44,137,221,81,140,142,29,13,3,4,6,100,3,5,79,1,12,399,40,3,9,9,19,127,44,15,37,31,139,2,3,93,25,14,2,84,30,19,7,28,0,9,237,109,32,77,0,12,108,8,4,4,175,174,120,53,1,1,87
2021,"Wandsworth 015","E02000937",8159,6550,4561,490,790,36,25,57,45,22,8,0,0,20,496,1609,1,0,1,0,154,20,838,705,189,72,105,35,81,131,5,25,14,48,133,35,98,73,13,15,7,2,6,45,0,6,32,0,7,110,13,0,2,0,11,33,15,2,4,12,21,1,1,17,0,2,0,41,17,4,14,6,0,2,237,176,32,143,1,4,36,21,16,5,134,134,92,42,0,0,41
2021,"Wandsworth 016","E02000938",10763,8102,5800,861,753,29,16,27,27,6,7,0,0,26,550,2661,0,0,0,0,143,29,1510,1276,96,73,194,74,128,172,23,219,86,211,234,43,191,194,23,86,47,19,20,85,0,24,37,4,20,444,46,3,18,11,14,128,70,6,31,21,200,4,6,53,123,8,6,55,31,13,4,7,9,6,216,76,21,53,2,8,86,46,31,15,67,67,45,22,0,0,58
2021,"Wandsworth 017","E02000939",7812,6433,4432,463,845,42,19,54,33,36,11,0,0,19,479,1379,0,0,2,0,105,37,679,545,202,39,85,11,58,88,3,32,5,22,134,15,119,48,1,15,6,6,3,32,0,0,22,1,9,102,8,1,5,0,2,33,17,3,10,3,32,3,4,15,6,4,0,27,12,8,4,3,2,0,201,144,26,117,1,3,42,12,7,5,169,169,132,37,0,0,36
2021,"Wandsworth 018","E02000940",9323,7076,4958,581,805,54,25,38,56,16,21,0,0,24,498,2247,0,0,0,0,134,20,1269,1122,85,89,253,113,119,145,17,129,49,123,147,15,132,174,16,43,19,11,13,115,1,28,68,8,10,324,27,0,6,10,11,56,33,1,11,11,182,8,0,50,118,6,0,50,22,11,1,16,9,0,183,55,20,33,2,9,87,32,24,8,101,100,67,33,0,1,42
2021,"Wandsworth 019","E02000941",10174,8546,6018,805,985,45,27,74,41,29,11,1,0,30,480,1628,0,0,0,0,180,33,822,717,82,29,166,63,54,104,12,61,75,71,105,7,98,114,8,17,8,4,5,89,2,2,71,0,14,132,18,0,10,1,7,20,6,4,2,8,55,3,3,7,39,2,1,36,14,9,5,8,0,3,177,96,24,71,1,3,62,16,7,9,131,131,96,34,1,0,39
2021,"Wandsworth 020","E02000942",9689,7776,5398,624,956,41,24,46,45,25,16,0,1,25,575,1913,0,0,0,0,146,35,1017,835,115,70,185,45,98,145,14,69,31,63,182,22,160,94,4,17,1,10,6,73,6,3,57,1,6,250,14,1,6,1,6,71,33,5,23,10,106,2,4,58,41,1,0,47,19,7,2,19,0,12,177,93,21,72,0,7,71,6,3,3,141,141,95,46,0,0,53
2021,"Wandsworth 021","E02000943",8723,7125,4914,517,912,54,26,76,56,31,17,3,0,48,471,1598,0,0,0,0,178,29,848,698,135,34,142,42,95,94,15,63,16,62,150,11,139,66,8,13,3,3,7,45,0,6,32,0,7,96,4,0,3,0,1,29,15,4,3,7,35,0,2,20,13,0,0,20,12,4,1,3,0,8,158,101,27,73,1,5,34,18,11,7,194,194,126,68,0,0,29
2021,"Wandsworth 022","E02000944",7635,5640,4124,519,459,13,10,22,22,16,6,0,0,8,441,1995,0,0,1,0,56,22,1134,975,54,122,165,71,109,108,32,171,40,103,159,29,130,137,23,56,30,12,14,58,6,16,27,1,8,394,25,2,13,2,8,70,28,2,20,20,206,11,5,31,155,4,0,83,53,4,0,26,1,9,162,37,9,28,0,5,95,25,12,13,32,32,20,12,0,0,57
2021,"Wandsworth 023","E02000945",7830,5574,4121,556,494,14,11,20,11,13,4,0,0,13,317,2256,0,0,0,0,77,8,1451,1274,74,100,168,85,86,136,59,291,68,207,177,40,137,190,36,73,23,22,28,81,5,30,22,2,22,340,31,3,8,3,17,27,19,1,3,4,160,16,1,42,83,4,14,102,67,8,2,25,4,16,128,32,3,29,0,1,74,21,8,13,27,27,16,11,0,0,35
2021,"Wandsworth 024","E02000946",8430,6960,4688,754,771,43,30,68,47,39,11,2,0,51,456,1470,0,0,0,0,122,12,745,584,59,50,94,32,81,100,7,59,23,79,161,3,158,183,16,32,13,11,8,135,1,25,92,4,13,154,9,0,3,0,6,22,6,2,5,9,90,7,1,32,47,3,0,27,20,2,1,4,0,6,104,64,26,34,4,3,19,18,11,7,109,109,69,40,0,0,41
2021,"Wandsworth 025","E02000947",9338,7523,5118,626,983,44,32,58,49,28,10,0,0,27,548,1815,0,0,0,0,169,24,942,742,100,48,119,44,77,114,18,77,34,111,200,29,171,132,9,12,3,6,3,111,0,11,93,4,3,194,15,0,5,0,10,50,15,12,11,12,74,0,2,21,46,5,0,46,19,9,7,11,3,6,180,96,25,71,0,6,70,8,2,6,132,132,74,58,0,0,42
2021,"Wandsworth 026","E02000948",10034,8247,5712,631,1126,57,35,85,48,26,16,2,0,40,469,1787,0,0,0,0,250,32,818,710,90,30,119,60,107,92,12,112,20,68,108,8,100,105,14,20,3,8,9,71,1,6,47,2,15,164,11,0,2,1,8,40,22,5,6,7,77,1,5,39,22,7,3,31,8,9,13,1,0,5,213,130,32,95,3,5,49,29,12,17,164,164,101,61,2,0,41
2021,"Wandsworth 027","E02000949",10009,8481,5801,802,1088,58,34,94,57,35,19,4,0,49,440,1528,0,0,1,0,236,41,677,563,110,24,113,35,74,66,3,63,25,50,114,5,109,84,11,17,5,9,3,56,0,3,38,3,12,128,6,0,3,1,2,39,11,8,13,7,48,0,2,22,18,4,2,35,16,11,3,5,0,0,173,108,24,84,0,6,41,18,9,9,159,159,99,60,0,0,29
2021,"Wandsworth 028","E02000950",7586,5527,3920,524,493,11,8,48,21,11,0,2,0,12,477,2059,0,0,0,0,92,6,1247,1070,82,97,163,100,91,141,17,183,54,142,177,27,150,101,17,16,10,1,5,68,1,16,43,2,6,360,34,1,13,4,16,89,27,7,34,21,160,6,4,38,108,2,2,62,34,4,1,23,5,10,165,41,7,34,0,3,111,10,7,3,46,46,29,17,0,0,42
2021,"Wandsworth 029","E02000951",6432,5296,3669,443,741,40,21,50,31,21,9,0,0,22,249,1136,0,0,0,0,133,24,563,473,55,21,83,38,64,73,12,78,14,35,90,3,87,73,18,21,7,6,8,34,1,10,10,1,12,125,7,0,1,1,5,15,5,2,3,5,87,3,7,35,36,3,3,14,8,2,0,4,0,2,112,63,21,41,1,1,32,16,11,5,81,81,52,29,0,0,25
2021,"Wandsworth 030","E02000952",6143,5062,3513,437,656,25,22,45,31,34,8,3,0,31,257,1081,0,0,0,0,143,31,574,477,51,19,70,31,70,58,7,105,17,49,97,8,89,68,5,10,3,3,4,53,0,7,26,0,20,56,4,0,3,0,1,11,5,2,4,0,30,5,2,16,7,0,0,9,3,4,0,2,0,2,108,52,16,35,1,11,30,15,9,6,79,79,60,18,1,0,22
2021,"Wandsworth 031","E02000953",7509,6065,4232,492,803,34,19,47,29,24,6,3,0,28,348,1444,0,0,0,0,163,27,659,577,37,38,104,56,71,80,16,82,31,62,82,17,65,137,14,27,7,11,9,96,3,6,73,3,11,254,8,2,2,0,4,32,9,9,8,6,105,3,5,61,24,9,3,96,84,1,6,5,0,13,112,52,10,41,1,7,43,10,7,3,67,67,48,19,0,0,25
2021,"Wandsworth 032","E02000954",6092,4973,3593,378,551,40,14,29,28,16,4,1,0,30,289,1119,0,0,0,0,128,12,543,469,44,43,103,31,75,59,6,51,19,38,74,5,69,77,15,25,15,0,10,37,0,9,16,2,10,181,0,0,0,0,0,17,5,8,1,3,130,7,14,51,51,5,2,22,17,1,0,4,0,12,86,41,15,26,0,2,26,17,13,4,76,76,38,38,0,0,16
2021,"Wandsworth 033","E02000955",6892,5526,4060,477,574,20,19,30,11,28,5,0,2,19,281,1366,0,0,0,0,152,19,651,561,78,48,91,38,59,82,6,87,26,46,90,14,76,106,23,35,3,7,25,48,1,8,13,1,25,267,11,3,1,0,7,18,6,1,8,3,194,20,12,58,86,18,0,20,14,2,1,3,0,24,88,30,12,18,0,2,38,18,8,10,55,55,35,20,0,0,28
2021,"Wandsworth 034","E02000956",7418,5588,4077,485,537,42,12,49,21,17,10,3,1,21,313,1830,0,0,0,0,160,21,859,785,61,27,106,47,92,122,52,175,21,82,74,5,69,171,39,43,14,11,18,89,1,43,18,0,27,379,14,0,0,6,8,33,9,7,10,7,236,16,19,87,82,31,1,77,50,7,14,6,2,17,126,24,10,13,1,6,74,22,15,7,96,96,63,33,0,0,18
2021,"Wandsworth 035","E02000957",10862,8338,6102,581,841,42,25,59,39,27,10,1,0,32,579,2524,0,0,0,0,254,22,1189,1034,80,70,166,89,144,107,25,212,34,107,155,9,146,174,42,64,22,16,26,68,0,7,18,5,38,519,17,2,2,0,13,26,11,7,3,5,346,37,20,125,126,38,0,88,69,7,2,10,1,41,201,53,23,29,1,11,96,41,26,15,84,84,59,25,0,0,81
2021,"Wandsworth 036","E02000958",8273,6853,4966,610,649,40,18,40,24,29,10,1,0,26,440,1420,0,0,1,0,107,35,796,652,47,29,81,75,86,60,15,174,26,59,144,12,132,75,10,27,13,4,10,38,1,11,9,6,11,226,3,0,1,0,2,12,5,1,3,3,148,15,8,32,68,23,2,29,16,10,1,2,2,32,128,32,10,22,0,7,62,27,12,15,31,31,19,12,0,0,21
2021,"Wandsworth 037","E02000959",7862,5816,4330,412,561,22,9,35,15,34,3,0,0,19,376,2046,0,0,0,0,146,13,1314,1184,70,30,137,161,168,135,21,255,66,141,130,5,125,144,15,58,11,20,27,71,5,33,11,2,20,171,3,0,2,0,1,21,10,4,1,6,109,10,8,23,55,13,0,32,22,4,1,5,0,6,182,30,5,25,0,13,102,37,24,13,48,48,27,21,0,0,28
2021,"Westminster 001","E02000960",6160,3904,2871,318,245,11,6,15,7,3,3,0,0,8,417,2256,0,0,0,0,57,9,961,741,171,33,114,44,65,175,15,30,28,66,220,52,168,67,27,15,0,13,2,25,4,0,20,0,1,570,83,2,39,2,40,283,69,6,191,17,133,1,2,117,4,8,1,61,28,15,10,8,8,2,482,377,51,325,1,13,76,16,0,16,45,45,32,13,0,0,65
2021,"Westminster 002","E02000961",9816,6772,5129,478,438,15,3,19,16,17,3,0,1,26,627,3044,0,0,0,1,101,22,1482,1227,212,70,174,84,111,336,18,35,70,117,255,40,215,131,56,27,5,16,6,48,2,3,19,2,22,560,162,21,39,30,72,148,33,10,85,20,161,15,16,96,23,11,0,82,43,12,12,15,3,4,618,500,61,433,6,21,76,21,7,14,83,83,63,20,0,0,46
2021,"Westminster 003","E02000962",7696,4814,3575,335,325,11,7,21,16,14,6,0,0,10,494,2882,1,0,0,0,97,15,1248,1016,171,83,214,69,87,208,12,40,41,91,232,38,194,136,76,29,5,18,6,31,2,1,20,0,8,783,143,3,24,25,91,317,42,14,235,26,230,1,3,207,16,2,1,77,33,17,15,12,6,10,502,332,40,291,1,24,130,16,0,16,46,46,32,13,1,0,54
2021,"Westminster 004","E02000963",10526,8529,7040,542,462,10,5,31,10,12,4,3,0,10,400,1997,0,0,0,0,152,29,1019,884,84,49,140,167,134,106,7,83,72,42,135,3,132,154,58,34,3,10,21,62,1,23,6,1,31,348,105,4,18,5,78,26,12,1,8,5,102,6,32,32,10,6,16,94,68,9,4,13,4,17,178,67,16,51,0,5,58,48,9,39,57,56,34,22,0,1,60
2021,"Westminster 005","E02000964",12139,9279,7383,604,533,22,8,31,24,12,2,0,1,24,635,2860,0,0,0,0,174,28,1626,1383,164,49,289,137,190,276,27,111,34,106,243,23,220,193,62,55,5,22,28,76,3,9,20,6,38,419,133,8,23,21,81,57,19,4,16,18,104,11,33,48,9,3,0,112,68,18,4,22,0,13,285,105,31,73,1,16,97,67,14,53,77,77,63,14,0,0,58
2021,"Westminster 006","E02000965",7860,5414,3790,395,489,13,8,34,26,15,6,0,0,16,622,2446,0,0,0,0,108,21,1429,1188,198,83,312,92,122,214,17,57,26,67,241,35,206,77,24,17,0,9,8,36,5,4,15,2,10,328,105,2,58,9,36,85,25,12,27,21,85,0,8,65,7,4,1,47,24,10,6,7,1,5,294,209,59,150,0,13,58,14,5,9,119,119,99,20,0,0,70
2021,"Westminster 007","E02000966",9251,6142,4300,460,493,27,14,52,20,11,10,0,0,17,738,3109,0,0,0,0,105,11,1766,1363,267,94,280,63,114,283,16,114,25,107,403,81,322,89,29,20,3,5,12,40,7,1,17,1,14,497,138,19,44,8,67,127,30,12,67,18,144,5,29,92,15,0,3,82,29,30,11,12,1,5,465,346,52,294,0,11,101,7,3,4,107,107,84,23,0,0,69
2021,"Westminster 008","E02000967",6056,3376,2371,264,232,31,5,17,7,12,4,1,0,9,423,2680,0,0,0,0,48,15,1231,1013,258,89,161,42,93,237,11,16,28,78,218,39,179,98,33,24,2,12,10,41,3,4,17,1,16,764,107,3,17,10,77,274,120,13,130,11,267,0,5,224,19,4,15,101,25,23,32,21,6,9,403,303,57,246,0,7,86,7,2,5,71,71,58,13,0,0,50
2021,"Westminster 009","E02000968",14472,11354,9537,698,460,10,1,33,9,9,3,1,0,19,574,3118,0,0,0,0,120,5,1591,1388,188,85,270,128,171,335,11,62,53,85,203,27,176,349,146,79,7,29,43,124,1,11,5,1,106,696,232,51,25,38,118,138,50,12,38,38,201,17,91,63,21,9,0,111,67,26,3,15,8,6,235,86,17,68,1,16,108,25,5,20,36,36,23,13,0,0,86
2021,"Westminster 010","E02000969",9608,7491,6237,391,338,14,3,17,12,11,5,0,0,11,452,2117,0,0,0,0,67,14,1150,962,99,29,193,132,149,214,13,34,31,68,188,33,155,204,83,52,13,14,25,69,2,14,12,4,37,465,142,22,31,32,57,78,38,9,19,12,86,8,31,27,13,4,3,141,91,23,17,10,2,16,132,51,15,35,1,9,50,22,5,17,30,30,21,9,0,0,55
2021,"Westminster 011","E02000970",6842,4033,2824,382,292,14,8,25,23,16,1,1,0,7,440,2809,0,0,0,0,68,7,1534,1250,322,111,189,69,102,303,4,25,49,76,284,46,238,73,26,18,2,13,3,29,2,0,10,2,15,520,105,4,11,1,89,133,64,11,44,14,175,1,2,146,16,7,3,99,35,32,11,21,4,4,465,384,79,303,2,11,62,8,1,7,77,77,64,13,0,0,65
2021,"Westminster 012","E02000971",7468,4201,2849,331,346,17,12,31,12,11,5,0,1,9,577,3267,0,0,0,0,60,5,1720,1433,345,90,265,60,177,295,19,41,43,98,287,35,252,125,70,22,3,15,4,33,3,1,18,2,9,604,151,8,14,18,111,212,110,36,45,21,124,0,3,102,19,0,0,102,37,31,17,17,8,7,576,426,58,367,1,11,127,12,2,10,91,91,76,15,0,0,86
2021,"Westminster 013","E02000972",7881,4690,3390,352,385,15,12,36,13,12,4,0,0,10,461,3191,0,0,0,0,95,18,1793,1446,288,121,226,70,202,344,33,48,30,84,347,51,296,94,26,23,3,5,15,45,5,1,12,0,27,632,96,9,18,2,67,240,132,34,56,18,128,4,10,97,7,2,8,153,56,43,32,22,6,9,394,275,64,209,2,14,89,16,3,13,97,97,86,11,0,0,68
2021,"Westminster 014","E02000973",9957,6487,4660,471,537,28,20,34,34,17,6,3,0,14,663,3470,0,0,0,0,111,18,1817,1506,286,115,303,60,214,314,13,40,37,124,311,38,273,155,40,37,1,2,34,78,3,11,18,5,41,526,79,5,17,5,52,129,63,19,33,14,111,3,12,79,7,7,3,202,57,111,14,20,2,3,480,359,86,273,0,11,91,19,6,13,233,233,194,38,1,0,130
2021,"Westminster 015","E02000974",8705,5155,3872,304,344,21,6,20,15,11,2,1,0,20,539,3550,0,0,0,0,59,7,1551,1316,223,80,263,39,133,314,26,34,59,145,235,23,212,200,112,45,1,34,10,43,10,0,19,2,12,1257,269,20,36,37,176,280,126,37,87,30,342,1,9,131,71,123,7,350,36,63,14,237,6,10,344,221,47,173,1,13,92,18,0,18,55,55,41,14,0,0,77
2021,"Westminster 016","E02000975",7421,4256,2992,365,310,14,9,12,14,17,3,0,0,19,501,3165,0,0,0,0,88,18,1779,1489,281,94,295,78,196,264,21,64,75,121,290,43,247,101,41,19,2,11,6,41,2,0,26,3,10,679,106,12,30,8,56,325,205,26,62,32,123,1,11,86,17,8,0,110,22,39,32,17,10,5,298,196,36,160,0,5,86,11,1,10,113,107,91,16,0,6,89
2021,"Westminster 017","E02000976",8438,4733,3341,316,326,14,12,19,8,11,1,0,0,12,673,3705,0,0,0,0,72,28,2006,1706,345,101,328,91,192,318,43,74,70,144,300,31,269,148,55,54,1,39,14,39,4,4,17,1,13,863,135,2,20,11,102,369,207,45,75,42,145,4,10,97,21,7,6,197,34,98,23,42,9,8,396,269,55,212,2,26,89,12,0,12,100,98,72,26,0,2,92
2021,"Westminster 018","E02000977",6393,3926,2733,356,360,14,10,45,14,14,6,2,0,9,363,2467,0,0,1,0,80,13,1099,838,152,72,153,53,68,198,17,28,24,73,261,21,240,79,27,19,5,5,9,33,2,0,3,3,25,762,86,0,14,12,60,344,252,27,39,26,156,2,7,129,9,6,3,160,31,70,25,34,9,7,274,197,58,136,3,13,57,7,0,7,91,70,58,12,0,21,68
2021,"Westminster 019","E02000978",7130,4118,2860,324,395,17,19,20,18,14,8,1,0,19,423,3012,1,0,0,0,71,13,1544,1299,219,73,219,90,161,254,9,38,159,77,245,22,223,92,49,11,3,6,2,32,3,6,9,1,13,771,153,0,12,1,140,302,200,32,49,21,168,4,2,150,6,3,3,125,44,34,18,29,16,7,376,293,58,235,0,5,73,5,0,5,71,67,57,10,0,4,73
2021,"Westminster 020","E02000979",8080,5396,3682,581,480,24,13,49,33,22,12,2,1,30,467,2684,0,0,0,0,99,25,1343,1098,203,65,269,76,174,155,5,39,37,75,245,24,221,156,67,26,4,9,13,63,2,2,41,5,13,672,93,0,13,8,72,342,153,12,138,39,115,1,14,49,32,1,18,90,27,23,19,21,22,10,243,158,49,109,0,15,60,10,2,8,84,77,60,17,0,7,62
2021,"Westminster 021","E02000980",8729,6254,4663,540,470,14,14,42,25,9,4,4,1,12,456,2475,0,0,1,1,83,21,1397,1101,122,61,193,194,174,143,16,37,45,116,296,35,261,107,38,28,2,11,15,41,1,3,8,1,28,563,50,2,7,14,27,235,110,13,79,33,133,4,54,55,10,8,2,105,35,33,13,24,33,7,192,121,35,86,0,15,50,6,1,5,66,66,51,15,0,0,44
2021,"Westminster 022","E02000981",8262,5937,4091,639,623,16,22,39,34,29,9,2,0,29,404,2325,0,0,0,0,100,26,1285,1073,192,70,232,67,151,177,27,45,20,92,212,28,184,124,14,53,1,6,46,57,10,1,10,1,35,376,46,1,4,1,40,152,82,12,33,25,66,1,8,51,4,2,0,100,49,6,11,34,4,8,252,179,45,134,0,12,53,8,1,7,117,117,91,26,0,0,45
2021,"Westminster 023","E02000982",7638,5695,4234,519,425,16,11,30,15,9,3,1,0,11,421,1943,0,0,0,0,83,18,1081,897,125,58,158,171,127,112,7,35,29,75,184,47,137,94,33,22,1,5,16,39,11,3,7,0,18,389,96,11,16,11,58,122,50,12,43,17,76,11,22,31,6,4,2,79,30,10,27,12,5,11,202,132,40,92,0,9,45,16,0,16,42,42,35,7,0,0,34
2021,"Westminster 024","E02000983",7696,5712,4094,574,498,23,18,35,40,12,4,1,0,8,405,1984,0,0,0,0,88,14,1008,862,76,59,170,111,154,125,9,66,27,65,146,22,124,87,32,24,3,7,14,31,1,3,8,3,16,507,85,13,12,15,45,244,180,3,34,27,84,4,27,38,7,4,4,75,44,7,7,17,10,9,167,81,20,60,1,7,70,9,3,6,66,65,43,22,0,1,47
2021,"Bromley 040","E02006782",8134,7186,4848,1191,777,10,7,41,26,13,1,3,0,11,258,948,0,0,0,0,74,7,487,409,21,15,46,14,29,50,24,60,79,71,78,13,65,92,9,69,6,51,12,14,0,0,4,7,3,179,17,4,5,1,7,26,18,2,6,0,80,3,4,41,6,24,2,32,9,7,5,11,7,17,72,16,8,8,0,2,35,19,13,6,21,21,6,15,0,0,16
2021,"Lewisham 037","E02006783",7768,6286,4436,903,636,7,3,16,4,10,4,0,0,5,262,1482,0,0,0,0,52,30,774,681,53,12,66,54,55,63,58,77,143,100,93,12,81,208,14,162,26,99,37,32,1,2,4,5,20,225,8,3,0,0,5,40,36,1,2,1,132,7,3,18,3,101,0,35,13,14,0,8,0,10,145,6,1,5,0,8,45,86,66,20,12,12,10,2,0,0,36
2021,"Lewisham 038","E02006784",7966,6581,4801,903,552,13,3,14,2,10,4,0,0,5,274,1385,0,0,0,0,59,12,708,616,37,26,90,34,67,56,34,99,109,64,92,15,77,178,16,142,25,81,36,20,3,0,1,7,9,259,11,5,0,4,2,28,24,2,2,0,174,5,2,47,6,114,0,17,10,3,0,4,4,25,146,7,2,5,0,0,54,85,59,26,4,4,3,1,0,0,19
2021,"Bexley 029","E02006785",6631,5794,3471,1333,703,10,2,18,1,10,4,0,0,8,234,837,0,0,0,0,32,1,422,362,15,9,17,16,17,37,51,40,95,65,60,7,53,101,9,73,12,34,27,19,0,0,1,5,13,233,2,0,0,2,0,40,30,0,5,5,181,8,13,49,7,16,88,8,1,2,0,5,0,2,26,13,2,11,0,0,6,7,7,0,8,4,3,1,0,4,14
2021,"Greenwich 033","E02006786",7557,6042,4356,809,606,10,7,25,2,7,2,0,0,14,204,1515,0,0,0,0,44,11,722,657,31,23,43,52,31,61,63,43,195,115,65,6,59,274,4,214,24,129,61,56,3,16,5,8,24,366,3,0,2,0,1,9,4,3,1,1,334,3,11,46,8,27,239,12,4,0,0,8,1,7,69,25,2,23,0,2,20,22,18,4,8,8,5,2,1,0,21
2021,"Bromley 041","E02006787",7895,7077,4751,1082,919,19,10,39,20,7,2,0,0,16,212,818,0,0,0,0,115,25,432,325,27,26,40,31,35,43,10,36,46,31,107,9,98,56,5,35,4,20,11,16,0,1,10,2,3,106,9,0,3,0,6,25,9,6,8,2,50,1,3,30,8,3,5,16,5,5,0,6,0,6,56,18,9,9,0,4,16,18,11,7,18,18,10,8,0,0,10
2021,"Croydon 045","E02006788",7608,6604,5086,636,590,17,7,12,13,5,1,0,0,10,227,1004,0,0,0,0,72,12,544,479,47,19,54,51,14,58,14,137,56,29,65,11,54,138,4,98,60,24,14,36,2,1,6,6,21,124,12,6,1,4,1,12,5,1,3,3,80,9,8,29,13,19,2,13,8,0,0,5,0,7,81,8,2,6,0,2,16,55,44,11,15,15,9,6,0,0,18
2021,"Bromley 042","E02006789",6784,6550,3684,1678,1043,18,7,39,12,4,2,1,0,13,49,234,0,0,0,0,31,12,116,94,6,11,16,0,7,11,6,12,8,17,22,3,19,5,1,2,1,0,1,2,0,0,1,1,0,29,1,0,1,0,0,5,1,0,1,3,17,0,2,13,0,1,1,6,1,3,1,1,0,0,22,11,2,9,0,1,7,3,0,3,11,11,9,2,0,0,8
2021,"Ealing 040","E02006791",7567,5758,4026,530,567,22,13,60,32,10,2,2,0,23,471,1809,1,0,0,0,120,20,991,796,127,45,150,60,77,118,22,77,34,86,195,41,154,72,19,12,0,4,8,41,0,8,21,0,12,257,47,4,18,1,24,81,36,4,33,8,79,5,4,54,2,13,1,42,18,9,4,11,0,8,209,112,25,87,0,9,67,21,6,15,87,87,59,28,0,0,52
2021,"Hounslow 029","E02006792",9001,6242,4372,599,591,28,16,50,28,16,9,0,0,11,522,2759,0,0,0,0,205,27,1400,1162,134,41,252,78,141,180,20,137,44,135,238,59,179,260,181,26,10,7,9,53,5,4,20,2,22,445,81,0,26,6,49,148,66,11,49,22,128,8,3,90,11,5,11,75,28,14,5,28,6,7,249,121,19,102,0,15,105,8,3,5,113,113,78,35,0,0,60
2021,"Enfield 037","E02006793",9641,7165,6162,427,238,3,0,9,2,6,0,0,0,3,315,2476,0,0,0,0,58,4,1494,1162,23,14,67,99,48,136,16,131,257,371,332,218,114,403,33,224,93,54,77,146,0,73,0,10,63,370,143,100,39,3,1,17,14,0,3,0,95,3,23,22,16,26,5,88,78,2,2,6,1,26,112,9,3,6,0,0,34,69,38,31,6,6,3,3,0,0,29
2021,"Haringey 037","E02006794",8284,5848,4979,352,199,5,2,14,6,12,7,0,0,3,269,2436,0,0,0,0,46,7,1641,1393,38,13,44,82,142,114,24,250,265,421,248,151,97,309,13,183,73,31,79,113,1,58,0,6,48,171,67,54,2,4,7,13,9,0,2,2,63,5,16,9,10,7,16,28,15,3,0,10,0,0,232,9,1,8,0,9,103,111,64,47,3,3,2,1,0,0,27
2021,"Harrow 032","E02006795",8278,6081,4871,483,275,9,5,4,7,1,1,1,0,7,417,2197,0,0,0,0,53,9,1038,958,84,69,57,43,12,90,5,89,477,32,80,3,77,58,10,18,1,11,6,30,9,10,1,0,10,987,26,1,8,3,14,17,5,1,9,2,792,50,1,403,32,266,40,9,2,5,0,2,3,140,28,12,3,9,0,2,6,8,5,3,6,6,5,1,0,0,18
2021,"Hillingdon 033","E02006796",9695,8053,5484,1296,828,22,15,45,8,20,3,0,0,12,320,1642,0,0,0,0,169,22,867,789,24,29,53,56,34,58,45,234,179,77,78,21,57,56,18,14,6,4,4,24,1,10,0,0,13,430,29,2,9,4,14,33,24,4,2,3,302,25,5,179,18,47,28,17,3,3,1,10,1,48,66,14,4,10,0,1,38,13,9,4,15,14,10,4,0,1,17
2021,"Lewisham 039","E02006798",8887,6615,5093,431,513,27,14,55,16,17,10,2,1,14,422,2272,0,0,1,0,73,14,1150,1004,77,35,165,106,231,119,40,90,47,94,146,10,136,335,12,263,38,124,101,60,6,6,18,2,28,357,12,5,4,1,2,157,126,6,11,14,90,6,7,43,9,19,6,89,5,14,0,70,0,9,279,45,13,32,0,7,139,88,47,41,30,30,15,15,0,0,33
2021,"Barking and Dagenham 023","E02006799",12042,9293,6933,1214,764,8,3,16,1,9,0,1,0,3,341,2749,0,0,0,0,56,8,1603,1488,47,19,230,107,69,92,269,85,437,133,115,7,108,291,18,231,42,96,93,42,7,4,2,2,27,716,7,0,1,1,5,9,4,3,2,0,671,8,132,293,205,21,12,17,9,2,1,5,0,12,36,6,2,4,0,0,7,23,7,16,7,7,4,3,0,0,32
2021,"Redbridge 034","E02006800",14681,10800,9237,572,408,11,2,8,4,18,1,0,0,5,534,3881,0,0,0,0,60,8,1938,1736,38,10,345,93,92,84,151,113,680,130,202,6,196,247,19,142,22,69,51,86,12,26,12,11,25,1536,13,2,5,2,4,19,11,5,1,2,1415,24,255,726,367,35,8,49,27,6,1,15,0,40,48,8,4,4,0,0,14,26,10,16,14,14,13,1,0,0,30
2021,"Lambeth 036","E02006801",8572,5488,3800,601,505,34,16,46,16,21,4,1,0,13,431,3084,0,0,0,0,113,30,1455,1193,155,96,249,124,140,142,13,71,59,144,262,25,237,153,18,88,21,36,31,47,2,9,16,1,19,979,45,1,15,3,26,544,436,51,23,34,194,1,11,155,26,1,0,174,31,59,52,32,17,5,245,103,32,71,0,9,93,40,17,23,64,64,47,17,0,0,45
2021,"Southwark 034","E02006802",9274,6695,4850,539,619,37,20,48,22,16,11,0,0,20,513,2579,0,0,0,0,119,29,1219,990,137,73,162,55,159,167,16,53,34,134,229,19,210,254,23,163,49,58,56,68,3,12,17,0,36,577,59,2,21,6,30,303,247,20,8,28,117,2,24,78,8,0,5,91,8,35,16,32,3,4,266,143,53,87,3,5,96,22,15,7,70,65,35,30,0,5,45
2021,"Sutton 025","E02006836",8722,7778,5385,1068,858,16,7,35,19,13,9,1,0,5,362,944,0,0,0,0,92,28,391,311,13,25,36,19,13,35,6,54,25,85,80,18,62,45,1,15,3,6,6,29,0,0,13,6,10,336,16,4,9,2,1,69,37,2,15,15,192,0,9,110,52,18,3,26,10,4,5,7,11,22,26,10,3,7,0,0,14,2,0,2,16,16,13,3,0,0,10
2021,"Tower Hamlets 032","E02006853",11026,6911,5285,439,404,7,9,33,19,16,7,0,0,13,679,4115,0,0,1,0,77,10,1819,1540,140,48,350,112,187,230,69,73,97,234,279,34,245,167,39,48,12,18,18,80,4,9,36,10,21,1678,52,0,18,2,32,699,550,83,16,50,729,4,194,483,47,1,0,178,22,82,30,44,11,9,239,117,27,89,1,4,105,13,3,10,54,54,39,15,0,0,70
2021,"Tower Hamlets 033","E02006854",7070,4100,2989,239,303,18,3,20,15,7,0,3,0,5,498,2970,0,0,0,0,60,13,1401,1108,140,49,234,91,87,187,33,79,75,133,293,56,237,101,30,27,2,15,10,44,0,6,24,2,12,1133,48,2,4,0,42,512,383,55,40,34,432,0,97,310,17,6,2,111,8,43,30,30,18,12,166,96,21,74,1,8,59,3,0,3,53,52,39,13,0,1,43
2021,"Harrow 033","E02006882",14397,11137,9360,537,418,10,3,9,3,15,2,0,0,3,777,3260,0,0,0,0,172,16,2127,2053,24,20,31,73,21,104,8,122,1574,76,74,6,68,84,13,30,19,7,4,41,25,4,0,2,10,782,48,0,5,18,25,11,6,1,4,0,622,36,8,463,24,80,11,33,27,4,0,2,0,68,52,13,7,6,0,0,16,23,16,7,9,7,6,1,0,2,18
2021,"Hackney 028","E02006918",8389,6697,5424,347,390,16,7,49,19,19,8,1,0,26,391,1692,0,1,0,0,92,21,952,779,76,34,96,77,89,109,21,160,42,75,173,75,98,198,15,147,35,65,47,36,0,17,4,1,14,186,52,24,2,5,21,20,6,1,3,10,94,10,27,40,17,0,0,18,6,2,0,10,1,1,173,48,17,31,0,3,56,66,25,41,29,29,18,11,0,0,40
2021,"Hackney 029","E02006921",7928,6630,5472,390,488,11,2,13,11,5,3,0,0,7,228,1298,0,0,0,0,50,15,703,544,30,13,54,60,64,95,8,97,42,81,159,72,87,133,11,90,18,24,48,32,3,6,3,3,17,162,83,34,5,2,42,11,7,1,1,2,48,2,10,31,5,0,0,19,2,0,0,17,0,1,200,108,7,101,0,1,50,41,27,14,22,22,17,5,0,0,13
2021,"Redbridge 035","E02006924",13604,10882,9575,407,448,5,2,10,2,8,1,0,0,5,419,2722,0,0,0,0,54,4,1423,1253,56,14,169,34,38,85,96,64,573,124,170,18,152,115,17,53,12,21,20,45,6,2,2,2,33,1071,14,3,7,2,2,17,10,1,6,0,980,20,169,486,265,32,8,28,8,7,1,12,0,32,29,13,3,10,0,0,8,8,4,4,6,6,3,3,0,0,20
2021,"Redbridge 036","E02006925",14418,12180,10610,527,481,2,1,7,2,4,0,0,0,3,543,2238,0,0,0,0,40,2,1112,946,44,28,84,35,22,70,46,40,472,105,166,9,157,81,12,47,0,22,25,22,3,1,2,2,14,950,39,14,9,0,16,29,22,4,3,0,698,12,86,317,155,124,4,41,9,10,18,4,0,143,32,12,9,3,0,0,16,4,2,2,6,6,5,1,0,0,15
2021,"Greenwich 034","E02006927",12366,9885,6845,1198,1031,30,24,43,24,28,9,1,0,18,634,2481,0,0,0,0,155,28,1255,997,99,45,88,61,105,111,103,113,94,178,258,48,210,207,17,129,22,79,28,61,1,6,14,5,35,559,28,15,5,0,8,274,206,21,26,21,159,8,7,103,15,11,15,81,28,15,9,29,6,11,194,89,32,57,0,4,71,30,20,10,48,47,37,10,0,1,35
2021,"Greenwich 035","E02006928",12091,8578,5957,685,999,43,37,76,33,33,11,1,0,27,676,3513,0,0,3,0,159,23,1807,1434,156,66,195,112,159,230,85,150,111,170,373,48,325,263,29,140,25,83,32,94,9,17,19,7,42,751,42,12,4,2,24,262,163,43,24,32,329,8,9,254,14,9,35,100,14,25,22,39,9,9,360,177,54,123,0,12,130,41,19,22,84,84,64,20,0,0,63
2021,"Greenwich 037","E02006930",9854,7412,5066,755,778,43,21,74,27,26,12,3,0,28,579,2442,0,0,0,0,169,24,1335,1069,127,37,149,81,121,179,83,71,91,130,266,38,228,181,11,101,3,58,40,69,7,5,32,13,12,434,13,1,4,0,8,123,82,19,9,13,178,4,6,134,7,7,20,54,20,18,8,8,8,58,154,77,17,60,0,10,46,21,17,4,79,79,45,34,0,0,66
2021,"Greenwich 038","E02006931",9464,7418,5148,701,797,57,17,80,36,25,9,4,0,26,518,2046,0,0,0,0,163,40,1052,837,87,36,143,39,117,136,59,54,70,96,215,33,182,215,10,147,26,78,43,58,4,2,23,4,25,256,21,5,5,2,9,83,50,14,11,8,98,3,5,54,16,7,13,47,5,12,5,25,1,6,203,121,24,97,0,7,50,25,8,17,85,85,50,35,0,0,32
2021,"Southwark 035","E02006941",5312,3372,2076,262,430,24,24,42,40,38,11,0,0,21,404,1940,0,0,0,0,116,21,861,715,125,77,144,36,60,131,13,30,19,80,146,11,135,55,17,17,1,8,8,21,0,0,15,3,3,404,18,0,3,0,15,156,76,20,38,22,163,1,0,151,6,2,3,58,11,15,16,16,8,1,280,209,41,166,2,12,45,14,6,8,152,142,109,33,0,10,51
2021,"Southwark 036","E02006942",6759,4765,3369,428,452,19,18,47,24,15,8,3,0,17,365,1994,0,0,0,0,117,20,966,835,146,50,179,50,105,147,22,48,27,61,131,12,119,152,17,91,18,24,49,44,3,2,19,4,16,295,30,6,10,0,14,101,59,14,10,18,91,10,9,59,8,3,2,62,15,15,17,15,8,3,265,151,47,101,3,21,79,14,7,7,128,127,104,23,0,1,51
2021,"Barnet 042","E02006953",9165,5643,4448,274,344,5,4,12,14,6,2,0,0,5,529,3522,0,0,0,0,59,7,1660,1423,50,57,135,153,81,163,21,171,381,211,237,29,208,279,78,135,30,73,32,66,7,6,18,4,31,1273,270,15,163,24,68,420,244,104,27,45,408,71,8,235,52,33,9,126,48,45,7,26,30,19,177,36,14,22,0,26,110,5,2,3,15,14,9,5,0,1,52
2021,"Barnet 043","E02006954",10115,6815,5679,309,298,11,7,13,3,11,1,0,0,3,480,3300,0,0,0,0,105,13,1934,1756,49,48,111,145,66,188,36,166,786,161,178,35,143,185,39,77,24,36,17,69,7,36,3,0,23,919,160,7,98,14,41,195,114,40,15,26,338,95,11,134,31,60,7,138,65,41,6,26,15,73,102,36,20,16,0,1,51,14,5,9,15,15,6,9,0,0,27
2021,"Brent 035","E02006955",7512,4295,3303,207,362,19,6,7,7,12,4,0,0,10,358,3217,0,0,0,0,63,4,1436,1268,103,29,132,288,89,146,19,103,231,128,168,21,147,169,50,68,18,35,15,51,2,8,15,2,24,1272,96,5,25,8,58,236,179,33,3,21,881,17,9,789,28,19,19,34,7,3,7,17,7,18,189,50,10,40,0,4,115,20,17,3,32,31,21,10,0,1,52
2021,"Brent 036","E02006956",8827,5694,4637,274,296,18,8,4,2,9,1,0,0,6,439,3133,0,0,0,0,99,10,1680,1581,36,25,77,469,35,121,24,172,506,116,99,14,85,145,19,64,26,27,11,62,5,20,4,9,24,1025,50,1,9,13,27,154,127,16,4,7,743,9,5,654,40,16,19,39,20,8,2,9,12,27,130,24,5,19,0,2,54,50,29,21,8,8,7,1,0,0,36
2021,"Ealing 041","E02006968",8346,5630,4072,396,506,21,25,29,9,24,4,0,0,17,527,2716,0,0,0,0,116,40,1158,1001,120,20,215,69,79,178,20,182,38,80,157,16,141,140,39,72,5,27,40,29,1,8,15,1,4,1043,187,8,53,9,117,615,39,14,542,20,181,5,16,123,27,4,6,52,14,13,8,17,3,5,118,56,21,35,0,3,54,5,2,3,60,60,47,13,0,0,41
2021,"Ealing 042","E02006969",6421,3871,2692,244,384,16,17,39,16,13,8,0,0,14,428,2550,0,0,0,0,117,15,1197,1016,82,40,171,45,161,154,28,173,57,105,181,18,163,92,41,16,1,5,10,35,1,8,9,0,17,906,99,5,44,10,40,608,61,19,490,38,150,2,5,114,17,6,6,42,5,17,9,11,3,4,126,66,20,45,1,10,41,9,2,7,60,59,29,30,0,1,37
2021,"Ealing 043","E02006970",7344,3798,3364,82,96,1,0,2,0,6,1,1,0,1,244,3546,0,0,0,0,18,0,1330,1300,2,13,164,916,45,64,6,30,37,23,30,0,30,76,8,19,5,6,8,49,4,37,0,0,8,2074,43,1,30,2,10,4,2,0,1,1,1951,243,76,1445,115,57,15,21,7,2,0,12,0,55,20,2,1,1,0,0,8,10,6,4,3,3,3,0,0,0,25
2021,"Ealing 044","E02006971",8296,5073,4627,111,105,1,0,1,1,0,2,0,0,3,222,3223,0,0,0,0,12,2,1016,986,19,13,138,600,32,82,2,57,32,11,30,0,30,70,6,18,1,4,13,46,3,29,4,0,10,2083,9,1,0,4,4,1,1,0,0,0,2003,323,21,1531,100,23,5,9,3,4,0,2,0,61,15,6,4,2,0,0,5,4,3,1,6,6,5,1,0,0,19
2021,"Hounslow 030","E02006972",5412,4023,3017,363,312,13,10,30,8,8,5,1,0,6,250,1389,0,0,0,0,75,16,708,596,47,19,75,65,53,78,22,131,47,59,112,26,86,112,35,27,9,5,13,50,1,12,11,4,22,352,75,13,43,3,16,96,33,9,43,11,133,15,0,81,31,4,2,45,12,19,6,8,2,1,71,32,10,22,0,1,27,11,5,6,33,33,17,16,0,0,22
2021,"Hounslow 031","E02006973",8493,6625,4844,715,538,23,6,43,22,15,4,2,0,10,403,1868,0,0,0,0,127,15,1021,853,33,20,114,70,62,121,22,238,56,117,168,23,145,148,66,39,11,10,18,43,1,21,6,3,12,379,79,6,40,4,29,64,31,2,27,4,176,15,9,112,25,8,7,37,21,7,1,8,8,15,114,50,27,23,0,3,43,18,8,10,34,34,24,10,0,0,30
2021,"Croydon 046","E02006987",7369,4919,3521,430,459,13,8,33,16,11,2,0,1,10,415,2450,0,1,1,0,71,13,1208,1080,60,44,161,131,89,131,33,168,116,147,128,22,106,223,14,141,34,61,46,68,2,2,21,4,39,672,34,4,15,4,11,63,26,14,11,12,523,11,13,412,63,20,4,38,9,10,7,12,4,10,183,45,13,31,1,9,76,53,23,30,29,29,25,4,0,0,49
2021,"Croydon 047","E02006988",7158,5442,3916,582,526,12,12,34,15,12,3,0,2,7,321,1716,0,0,0,0,64,8,932,830,39,17,102,108,40,64,8,176,140,136,102,11,91,226,21,140,54,44,42,65,4,3,5,10,43,348,31,5,10,5,11,24,12,4,5,3,254,15,13,168,26,23,9,26,7,11,1,7,3,10,92,16,1,14,1,4,30,42,27,15,18,18,10,8,0,0,28
2021,"Greenwich 039","E02006991",6322,4260,2922,327,440,22,10,51,20,16,7,1,0,7,437,2062,0,0,1,0,79,14,1083,916,68,36,129,76,98,123,67,90,79,150,167,22,145,169,13,104,12,67,25,52,6,1,21,13,11,439,10,5,0,1,4,136,90,27,8,11,225,0,3,138,18,4,62,49,11,11,12,15,10,9,176,69,20,47,2,9,84,14,7,7,60,60,51,8,1,0,41
2021,"Greenwich 040","E02006992",8226,5998,4162,623,551,30,18,46,17,16,9,2,1,19,504,2228,0,0,0,0,97,19,1151,881,90,43,141,45,73,174,50,70,71,124,270,26,244,183,9,112,17,67,28,62,5,8,29,3,17,487,20,0,2,0,18,185,134,26,13,12,201,1,7,145,9,13,26,63,8,15,6,34,17,1,197,90,20,69,1,12,84,11,2,9,52,52,33,19,0,0,42
2021,"Greenwich 041","E02006993",8398,5829,4260,381,536,23,15,33,24,18,8,2,0,14,515,2569,0,0,0,0,76,9,1271,1052,97,51,169,70,85,165,55,86,107,167,219,24,195,227,17,136,9,86,41,74,4,19,20,7,24,707,27,3,9,0,15,219,154,39,6,20,349,5,9,238,18,17,62,91,22,24,12,33,15,6,179,72,22,50,0,6,81,20,9,11,58,57,42,15,0,1,42
2021,"Greenwich 042","E02006994",7636,5313,3952,557,382,14,2,18,6,9,4,0,0,12,357,2323,0,0,0,0,44,11,1200,1053,62,39,128,83,77,119,87,88,204,166,147,19,128,437,10,349,42,227,80,78,9,21,1,14,33,506,25,2,3,1,19,75,56,8,6,5,331,7,18,134,12,9,151,64,18,7,3,36,3,8,82,22,3,19,0,1,47,12,6,6,13,12,9,3,0,1,30
2021,"Newham 038","E02006995",8636,5825,4272,275,595,38,25,58,35,23,10,0,1,18,475,2811,0,0,1,0,114,23,1273,1076,87,66,170,146,77,215,49,67,59,140,197,24,173,194,19,104,34,44,26,71,7,2,25,9,28,917,38,1,4,0,33,461,340,48,6,67,267,5,28,186,43,3,2,137,18,66,30,23,9,5,167,83,46,37,0,11,53,20,6,14,74,73,50,22,1,1,48
2021,"Newham 039","E02006996",8426,5426,4082,344,432,23,21,24,12,12,7,0,0,10,459,3000,0,0,0,0,78,21,1517,1364,71,35,219,130,120,131,84,97,234,243,153,29,124,199,15,124,28,54,42,60,3,5,16,3,33,955,25,2,8,0,15,373,278,51,10,34,415,1,134,205,59,11,5,130,8,62,15,45,4,8,156,65,21,43,1,6,62,23,11,12,40,39,27,12,0,1,34
2021,"Newham 040","E02006997",6893,4519,3369,311,337,21,13,26,14,13,8,0,0,9,398,2374,0,0,0,1,82,26,1317,1218,64,30,244,123,125,143,52,87,188,162,99,11,88,175,40,88,24,38,26,47,0,5,21,6,15,572,22,4,12,0,6,128,73,32,11,12,320,2,77,193,23,6,19,95,31,30,22,12,2,5,129,40,14,24,2,0,56,33,10,23,27,26,17,9,0,1,45
2021,"Newham 041","E02006998",7085,4853,3865,435,260,5,4,8,1,1,1,0,0,7,266,2232,0,0,0,0,23,4,1366,1261,64,13,127,127,56,89,188,80,316,201,105,8,97,316,12,246,64,132,50,58,8,10,3,3,34,371,8,0,1,0,7,28,17,4,0,7,293,1,96,154,35,6,1,33,13,7,0,13,0,9,104,14,3,11,0,0,69,21,8,13,14,14,10,4,0,0,34
2021,"Newham 042","E02006999",11240,7218,5355,466,572,20,11,50,22,16,4,4,0,10,688,4022,0,0,0,0,100,12,2091,1848,114,61,222,175,116,225,164,145,327,299,243,27,216,356,29,202,50,112,40,125,11,9,38,17,50,1121,32,0,10,0,22,294,200,44,14,36,641,5,62,464,94,14,2,117,29,47,9,32,20,17,216,72,14,58,0,10,111,23,8,15,66,66,44,22,0,0,60
2021,"Lewisham 040","E02007008",5768,3695,2700,215,314,11,8,21,18,10,7,2,5,11,373,2073,0,0,2,0,73,8,1030,877,58,30,161,87,111,120,38,78,94,100,153,11,142,174,23,105,20,58,27,46,5,4,8,6,23,568,24,2,6,1,15,212,155,29,9,19,201,0,11,165,11,10,4,112,55,15,10,32,3,16,158,45,14,30,1,10,64,39,26,13,27,25,15,10,0,2,33
2021,"Lewisham 041","E02007009",9139,6729,5081,563,558,17,13,49,18,12,8,0,1,17,392,2410,0,0,0,0,87,12,1290,1134,125,34,173,83,220,87,26,102,151,133,156,23,133,246,24,170,18,94,58,52,1,11,4,8,28,463,23,10,8,1,4,198,168,8,9,13,134,8,6,67,9,42,2,81,65,9,1,6,4,23,214,35,9,26,0,4,65,110,74,36,40,40,28,11,1,0,58
2021,"Redbridge 037","E02007017",8814,7419,6047,656,414,2,3,6,11,6,0,0,0,1,273,1395,0,0,0,0,38,4,654,574,14,16,66,47,20,31,39,36,258,47,80,10,70,122,16,76,13,42,21,30,7,5,0,0,18,531,9,0,0,2,7,17,13,3,0,1,462,3,89,185,141,39,5,13,8,2,1,2,0,30,31,4,2,2,0,0,10,17,6,11,4,4,3,1,0,0,11
2021,"Redbridge 038","E02007018",7265,5627,4637,394,307,5,1,3,3,6,1,0,0,2,268,1638,0,0,0,0,35,5,879,782,27,11,107,55,65,52,49,55,309,52,97,6,91,181,22,114,15,66,33,45,4,3,4,8,26,489,12,5,4,1,2,16,12,2,1,1,418,3,94,175,115,29,2,22,9,4,0,9,0,21,34,1,0,1,0,0,11,22,15,7,1,1,1,0,0,0,14
2021,"Redbridge 039","E02007019",7157,3728,3148,148,129,1,0,7,2,1,1,0,0,3,288,3429,0,0,0,0,18,3,1313,1238,15,20,417,90,73,102,92,63,298,68,75,13,62,123,15,73,18,24,31,35,3,6,2,5,19,1895,17,0,9,5,3,10,8,1,0,1,1829,15,268,1285,229,25,7,23,11,1,0,11,0,16,41,17,3,14,0,0,9,15,11,4,5,5,5,0,0,0,31
2021,"Redbridge 040","E02007020",9842,6993,6291,227,153,5,0,5,1,9,1,0,0,0,301,2849,0,0,0,0,33,4,1283,1200,53,43,288,120,59,54,79,32,417,55,83,8,75,139,19,57,12,20,25,63,4,14,2,0,43,1331,12,7,3,0,2,12,7,0,2,3,1234,23,151,545,462,53,0,11,5,4,0,2,0,62,38,3,0,3,0,0,6,29,18,11,3,3,2,1,0,0,18
2021,"Wandsworth 038","E02007083",7712,4734,3265,302,531,37,12,31,25,12,5,1,0,15,498,2978,0,0,0,0,96,10,1555,1138,115,66,246,46,173,237,18,79,29,129,417,149,268,112,44,25,10,7,8,43,4,4,24,0,11,696,225,0,37,7,181,265,149,40,23,53,80,7,2,52,17,0,2,80,17,24,12,27,38,8,358,238,47,190,1,15,79,26,21,5,93,93,69,24,0,0,58
2021,"Wandsworth 039","E02007084",9896,7286,5571,551,565,29,19,43,26,10,6,1,0,16,449,2610,0,1,1,0,125,20,1509,1356,110,45,336,129,237,181,23,114,51,130,153,28,125,247,27,105,46,32,27,115,3,52,15,1,44,324,37,4,14,2,17,65,33,14,7,11,117,17,14,22,58,6,0,94,67,9,4,14,3,8,245,63,20,40,3,13,118,51,37,14,83,83,56,27,0,0,55
2021,"Hackney 030","E02007108",5940,4100,2926,283,346,30,16,66,17,33,6,2,0,13,362,1840,0,0,0,0,121,31,1014,822,146,54,187,47,98,142,16,42,15,75,192,57,135,66,2,31,8,11,12,33,0,1,14,2,16,146,34,17,5,1,11,60,20,6,19,15,38,0,7,23,7,1,0,14,1,3,7,3,0,0,184,112,47,65,0,6,48,18,5,13,228,228,150,77,1,0,50
2021,"Hackney 031","E02007109",7623,5827,4367,406,481,31,18,47,32,21,6,1,1,20,396,1796,0,0,0,0,131,24,956,699,107,44,143,69,59,142,17,33,18,67,257,88,169,105,6,74,13,31,30,25,0,2,12,0,11,138,41,14,5,1,21,35,12,4,14,5,41,5,3,23,8,2,0,17,3,5,3,6,2,2,188,113,37,76,0,5,45,25,13,12,212,210,130,80,0,2,42
2021,"Hackney 032","E02007110",7334,4677,3330,372,434,15,9,42,18,11,1,1,1,9,434,2657,1,0,0,0,91,17,1413,1143,211,70,193,94,114,202,19,116,30,94,270,85,185,193,31,126,41,38,47,36,3,1,7,3,22,453,58,19,6,0,33,234,165,24,16,29,79,3,6,60,6,3,1,67,11,22,11,23,8,7,316,173,49,124,0,10,106,27,11,16,118,118,97,21,0,0,55
2021,"Hackney 033","E02007111",5943,3396,2388,216,324,25,8,28,8,23,3,1,0,6,366,2547,0,0,0,0,92,21,1322,1104,260,71,172,96,126,192,10,47,43,87,218,57,161,108,15,62,14,21,27,31,2,7,12,2,8,424,59,18,17,0,24,221,158,17,19,27,95,0,5,75,10,4,1,46,2,10,10,24,0,3,373,278,74,202,2,11,70,14,3,11,155,155,102,53,0,0,52
2021,"Tower Hamlets 034","E02007112",5900,3494,2512,185,264,13,11,26,15,13,1,0,0,6,448,2406,0,0,0,0,66,5,1120,914,103,64,163,49,68,148,49,54,88,128,206,17,189,121,19,45,5,31,9,57,8,7,27,3,12,897,22,1,5,0,16,319,218,47,20,34,376,0,80,258,25,8,5,151,14,67,35,35,24,5,114,59,23,36,0,5,47,3,0,3,45,45,33,12,0,0,38
2021,"Tower Hamlets 035","E02007113",7461,4856,3842,233,310,20,7,19,10,12,1,2,0,5,395,2605,0,0,0,0,63,6,1154,992,153,40,225,52,78,158,40,64,65,117,162,11,151,129,28,50,9,28,13,51,5,6,17,7,16,1014,40,0,6,1,33,282,207,37,16,22,546,2,131,383,27,2,1,118,22,34,26,36,16,12,147,69,24,45,0,9,61,8,1,7,58,57,39,18,0,1,34
2021,"Tower Hamlets 036","E02007114",7566,4981,3777,349,349,14,9,18,6,3,2,1,0,18,435,2585,2,0,0,0,46,12,1290,1042,100,62,252,53,101,148,39,54,107,126,248,50,198,125,27,51,7,32,12,47,0,18,11,7,11,876,24,0,4,0,20,293,205,43,4,41,445,3,173,253,14,2,0,74,6,23,21,24,35,5,155,82,33,49,0,4,59,10,0,10,56,56,43,13,0,0,23
2021,"Camden 029","E02007115",11582,7752,5777,602,581,38,19,47,30,27,6,3,1,23,598,3830,0,0,0,0,139,30,1661,1346,237,84,211,61,154,234,20,73,69,203,315,33,282,189,58,49,8,19,22,82,6,32,14,3,27,1331,99,8,14,3,74,585,389,84,45,67,332,5,125,149,25,19,9,285,48,111,59,67,14,16,331,190,60,128,2,19,110,12,3,9,75,73,54,19,0,2,74
