"date","geography","geography code","Ethnic group (detailed): Total: All usual residents","Ethnic group (detailed): Asian, Asian British or Asian Welsh","Ethnic group (detailed): Asian, Asian British or Asian Welsh: Afghan","Ethnic group (detailed): Asian, Asian British or Asian Welsh: African unspecified","Ethnic group (detailed): Asian, Asian British or Asian Welsh: African Asian","Ethnic group (detailed): Asian, Asian British or Asian Welsh: Anglo Indian","Ethnic group (detailed): Asian, Asian British or Asian Welsh: Arab","Ethnic group (detailed): Asian, Asian British or Asian Welsh: Asian British","Ethnic group (detailed): Asian, Asian British or Asian Welsh: Bangladeshi, British Bangladeshi","Ethnic group (detailed): Asian, Asian British or Asian Welsh: Black and Asian","Ethnic group (detailed): Asian, Asian British or Asian Welsh: Chinese","Ethnic group (detailed): Asian, Asian British or Asian Welsh: English/Welsh/Scottish/Northern Irish/British","Ethnic group (detailed): Asian, Asian British or Asian Welsh: Filipino","Ethnic group (detailed): Asian, Asian British or Asian Welsh: Indian or British Indian","Ethnic group (detailed): Asian, Asian British or Asian Welsh: Indonesian","Ethnic group (detailed): Asian, Asian British or Asian Welsh: Iranian","Ethnic group (detailed): Asian, Asian British or Asian Welsh: Japanese","Ethnic group (detailed): Asian, Asian British or Asian Welsh: Kashmiri","Ethnic group (detailed): Asian, Asian British or Asian Welsh: Korean","Ethnic group (detailed): Asian, Asian British or Asian Welsh: Kurdish","Ethnic group (detailed): Asian, Asian British or Asian Welsh: Malaysian","Ethnic group (detailed): Asian, Asian British or Asian Welsh: Mauritian/Seychellois/Maldivian/Sao Tomean/St Helenian","Ethnic group (detailed): Asian, Asian British or Asian Welsh: Mixed South Asian","Ethnic group (detailed): Asian, Asian British or Asian Welsh: Myanmar or Burmese","Ethnic group (detailed): Asian, Asian British or Asian Welsh: Nepali (includes Gurkha) ","Ethnic group (detailed): Asian, Asian British or Asian Welsh: Other Asian, Asian unspecified","Ethnic group (detailed): Asian, Asian British or Asian Welsh: Other East Asian/ East Asian unspecified","Ethnic group (detailed): Asian, Asian British or Asian Welsh: Other Middle East","Ethnic group (detailed): Asian, Asian British or Asian Welsh: Other Mixed","Ethnic group (detailed): Asian, Asian British or Asian Welsh: Pakistani or British Pakistani","Ethnic group (detailed): Asian, Asian British or Asian Welsh: Punjabi","Ethnic group (detailed): Asian, Asian British or Asian Welsh: Sikh","Ethnic group (detailed): Asian, Asian British or Asian Welsh: Sinhalese","Ethnic group (detailed): Asian, Asian British or Asian Welsh: Sri Lankan","Ethnic group (detailed): Asian, Asian British or Asian Welsh: Taiwanese","Ethnic group (detailed): Asian, Asian British or Asian Welsh: Tajikistani/Kazakhstani/Kyrgystani/Turkmenistani/Uzbekistani","Ethnic group (detailed): Asian, Asian British or Asian Welsh: Tamil","Ethnic group (detailed): Asian, Asian British or Asian Welsh: Thai","Ethnic group (detailed): Asian, Asian British or Asian Welsh: Turkish","Ethnic group (detailed): Asian, Asian British or Asian Welsh: Vietnamese","Ethnic group (detailed): Asian, Asian British or Asian Welsh: Any other ethnic group","Ethnic group (detailed): Black, Black British, Black Welsh of African background","Ethnic group (detailed): Black, Black British, Black Welsh of African background: African unspecified","Ethnic group (detailed): Black, Black British, Black Welsh of African background: Angolan ","Ethnic group (detailed): Black, Black British, Black Welsh of African background: Arab","Ethnic group (detailed): Black, Black British, Black Welsh of African background: Black British","Ethnic group (detailed): Black, Black British, Black Welsh of African background: Cameroonian","Ethnic group (detailed): Black, Black British, Black Welsh of African background: Cote D'Ivoire","Ethnic group (detailed): Black, Black British, Black Welsh of African background: Democratic Republic of the Congo","Ethnic group (detailed): Black, Black British, Black Welsh of African background: English/Welsh/Scottish/Northern Irish/British","Ethnic group (detailed): Black, Black British, Black Welsh of African background: Eritrean","Ethnic group (detailed): Black, Black British, Black Welsh of African background: Ethiopian","Ethnic group (detailed): Black, Black British, Black Welsh of African background: Gambian","Ethnic group (detailed): Black, Black British, Black Welsh of African background: Ghanaian","Ethnic group (detailed): Black, Black British, Black Welsh of African background: Kenyan","Ethnic group (detailed): Black, Black British, Black Welsh of African background: Malawian","Ethnic group (detailed): Black, Black British, Black Welsh of African background: Mauritian/Seychellois/Maldivian/Sao Tomean/St Helenian","Ethnic group (detailed): Black, Black British, Black Welsh of African background: Mixed Black","Ethnic group (detailed): Black, Black British, Black Welsh of African background: Moroccan","Ethnic group (detailed): Black, Black British, Black Welsh of African background: Nigerian","Ethnic group (detailed): Black, Black British, Black Welsh of African background: Other Black, Black unspecified","Ethnic group (detailed): Black, Black British, Black Welsh of African background: Other Mixed","Ethnic group (detailed): Black, Black British, Black Welsh of African background: Other North African","Ethnic group (detailed): Black, Black British, Black Welsh of African background: Portuguese","Ethnic group (detailed): Black, Black British, Black Welsh of African background: Sierra Leone","Ethnic group (detailed): Black, Black British, Black Welsh of African background: Somali","Ethnic group (detailed): Black, Black British, Black Welsh of African background: Somalilander","Ethnic group (detailed): Black, Black British, Black Welsh of African background: South African","Ethnic group (detailed): Black, Black British, Black Welsh of African background: Sudanese","Ethnic group (detailed): Black, Black British, Black Welsh of African background: Tanzanian","Ethnic group (detailed): Black, Black British, Black Welsh of African background: Ugandan","Ethnic group (detailed): Black, Black British, Black Welsh of African background: Zambian","Ethnic group (detailed): Black, Black British, Black Welsh of African background: Zimbabwean","Ethnic group (detailed): Black, Black British, Black Welsh of African background: Any other ethnic group ","Ethnic group (detailed): Black, Black British, Black Welsh or Caribbean background","Ethnic group (detailed): Black, Black British, Black Welsh or Caribbean background: African unspecified","Ethnic group (detailed): Black, Black British, Black Welsh or Caribbean background: Black and European","Ethnic group (detailed): Black, Black British, Black Welsh or Caribbean background: Black British","Ethnic group (detailed): Black, Black British, Black Welsh or Caribbean background: Black/African American","Ethnic group (detailed): Black, Black British, Black Welsh or Caribbean background: Caribbean","Ethnic group (detailed): Black, Black British, Black Welsh or Caribbean background: English/Welsh/Scottish/Northern Irish/British","Ethnic group (detailed): Black, Black British, Black Welsh or Caribbean background: Ghanaian","Ethnic group (detailed): Black, Black British, Black Welsh or Caribbean background: Mauritian/Seychellois/Maldivian/Sao Tomean/St Helenian","Ethnic group (detailed): Black, Black British, Black Welsh or Caribbean background: Mixed Black","Ethnic group (detailed): Black, Black British, Black Welsh or Caribbean background: Nigerian","Ethnic group (detailed): Black, Black British, Black Welsh or Caribbean background: Other Black, Black unspecified","Ethnic group (detailed): Black, Black British, Black Welsh or Caribbean background: Other Mixed","Ethnic group (detailed): Black, Black British, Black Welsh or Caribbean background: Polynesian/Micronesian/Melanesian","Ethnic group (detailed): Black, Black British, Black Welsh or Caribbean background: Somali","Ethnic group (detailed): Black, Black British, Black Welsh or Caribbean background: Any other ethnic group","Ethnic group (detailed): Mixed or Multiple ethnic groups","Ethnic group (detailed): Mixed or Multiple ethnic groups: African unspecified","Ethnic group (detailed): Mixed or Multiple ethnic groups: African Asian","Ethnic group (detailed): Mixed or Multiple ethnic groups: African/Arab","Ethnic group (detailed): Mixed or Multiple ethnic groups: Anglo Indian","Ethnic group (detailed): Mixed or Multiple ethnic groups: Arab","Ethnic group (detailed): Mixed or Multiple ethnic groups: Asian (unspecified) and European","Ethnic group (detailed): Mixed or Multiple ethnic groups: Black and Asian","Ethnic group (detailed): Mixed or Multiple ethnic groups: Black and European","Ethnic group (detailed): Mixed or Multiple ethnic groups: Black and White (unspecified)","Ethnic group (detailed): Mixed or Multiple ethnic groups: Black British","Ethnic group (detailed): Mixed or Multiple ethnic groups: Brazilian","Ethnic group (detailed): Mixed or Multiple ethnic groups: Caribbean","Ethnic group (detailed): Mixed or Multiple ethnic groups: Caribbean Asian","Ethnic group (detailed): Mixed or Multiple ethnic groups: Chinese","Ethnic group (detailed): Mixed or Multiple ethnic groups: Chinese and other Asian","Ethnic group (detailed): Mixed or Multiple ethnic groups: Chinese and White","Ethnic group (detailed): Mixed or Multiple ethnic groups: English","Ethnic group (detailed): Mixed or Multiple ethnic groups: English/Welsh/Scottish/Northern Irish/British","Ethnic group (detailed): Mixed or Multiple ethnic groups: European and Black African","Ethnic group (detailed): Mixed or Multiple ethnic groups: European and Black Caribbean","Ethnic group (detailed): Mixed or Multiple ethnic groups: European and North African or Middle Eastern","Ethnic group (detailed): Mixed or Multiple ethnic groups: European Mixed, European unspecified, other European","Ethnic group (detailed): Mixed or Multiple ethnic groups: Greek Cypriot","Ethnic group (detailed): Mixed or Multiple ethnic groups: Hispanic or Latin American","Ethnic group (detailed): Mixed or Multiple ethnic groups: Indian or British Indian","Ethnic group (detailed): Mixed or Multiple ethnic groups: Iranian","Ethnic group (detailed): Mixed or Multiple ethnic groups: Italian","Ethnic group (detailed): Mixed or Multiple ethnic groups: Jewish","Ethnic group (detailed): Mixed or Multiple ethnic groups: Mauritian/Seychellois/Maldivian/Sao Tomean/St Helenian","Ethnic group (detailed): Mixed or Multiple ethnic groups: Mexican","Ethnic group (detailed): Mixed or Multiple ethnic groups: Mixed Black","Ethnic group (detailed): Mixed or Multiple ethnic groups: Mixed Irish","Ethnic group (detailed): Mixed or Multiple ethnic groups: Mixed South Asian","Ethnic group (detailed): Mixed or Multiple ethnic groups: Mixed White","Ethnic group (detailed): Mixed or Multiple ethnic groups: Moroccan","Ethnic group (detailed): Mixed or Multiple ethnic groups: Other Asian, Asian unspecified","Ethnic group (detailed): Mixed or Multiple ethnic groups: Other Middle East","Ethnic group (detailed): Mixed or Multiple ethnic groups: Other Mixed","Ethnic group (detailed): Mixed or Multiple ethnic groups: Other White, White unspecified","Ethnic group (detailed): Mixed or Multiple ethnic groups: Pakistani or British Pakistani","Ethnic group (detailed): Mixed or Multiple ethnic groups: Polynesian/Micronesian/Melanesian","Ethnic group (detailed): Mixed or Multiple ethnic groups: Portuguese","Ethnic group (detailed): Mixed or Multiple ethnic groups: South African","Ethnic group (detailed): Mixed or Multiple ethnic groups: South American","Ethnic group (detailed): Mixed or Multiple ethnic groups: South Asian and European","Ethnic group (detailed): Mixed or Multiple ethnic groups: Spanish","Ethnic group (detailed): Mixed or Multiple ethnic groups: Turkish","Ethnic group (detailed): Mixed or Multiple ethnic groups: Turkish Cypriot","Ethnic group (detailed): Mixed or Multiple ethnic groups: White African","Ethnic group (detailed): Mixed or Multiple ethnic groups: White and Arab","Ethnic group (detailed): Mixed or Multiple ethnic groups: White and Asian (unspecified)","Ethnic group (detailed): Mixed or Multiple ethnic groups: White and Black African","Ethnic group (detailed): Mixed or Multiple ethnic groups: White and Black Caribbean","Ethnic group (detailed): Mixed or Multiple ethnic groups: White and East Asian","Ethnic group (detailed): Mixed or Multiple ethnic groups: White and North African or Middle Eastern","Ethnic group (detailed): Mixed or Multiple ethnic groups: White and South Asian","Ethnic group (detailed): Mixed or Multiple ethnic groups: White Caribbean","Ethnic group (detailed): Mixed or Multiple ethnic groups: Any other ethnic group","Ethnic group (detailed): White","Ethnic group (detailed): White: African unspecified","Ethnic group (detailed): White: Albanian","Ethnic group (detailed): White: Algerian","Ethnic group (detailed): White: Arab","Ethnic group (detailed): White: Argentinian","Ethnic group (detailed): White: Armenian","Ethnic group (detailed): White: Australian/New Zealander","Ethnic group (detailed): White: Austrian","Ethnic group (detailed): White: Belarusian","Ethnic group (detailed): White: Belgian","Ethnic group (detailed): White: Bosnian","Ethnic group (detailed): White: Brazilian","Ethnic group (detailed): White: Bulgarian","Ethnic group (detailed): White: Colombian","Ethnic group (detailed): White: Cornish","Ethnic group (detailed): White: Croatian","Ethnic group (detailed): White: Cypriot (part not stated)","Ethnic group (detailed): White: Czech","Ethnic group (detailed): White: Danish","Ethnic group (detailed): White: Dutch","Ethnic group (detailed): White: English, Welsh, Scottish, Northern Irish or British","Ethnic group (detailed): White: Estonian","Ethnic group (detailed): White: European Mixed","Ethnic group (detailed): White: Finnish","Ethnic group (detailed): White: French","Ethnic group (detailed): White: Georgian","Ethnic group (detailed): White: German","Ethnic group (detailed): White: Greek","Ethnic group (detailed): White: Greek Cypriot","Ethnic group (detailed): White: Gypsy or Irish Traveller","Ethnic group (detailed): White: Hispanic or Latin American","Ethnic group (detailed): White: Hungarian","Ethnic group (detailed): White: Iranian","Ethnic group (detailed): White: Irish","Ethnic group (detailed): White: Israeli","Ethnic group (detailed): White: Italian","Ethnic group (detailed): White: Jewish","Ethnic group (detailed): White: Kosovan","Ethnic group (detailed): White: Kurdish","Ethnic group (detailed): White: Latvian","Ethnic group (detailed): White: Lithuanian","Ethnic group (detailed): White: Maltese","Ethnic group (detailed): White: Mixed Irish","Ethnic group (detailed): White: Mixed White","Ethnic group (detailed): White: Moldovan","Ethnic group (detailed): White: North American","Ethnic group (detailed): White: North Macedonian","Ethnic group (detailed): White: Norwegian","Ethnic group (detailed): White: Other Eastern European","Ethnic group (detailed): White: Other Middle East","Ethnic group (detailed): White: Other Mixed","Ethnic group (detailed): White: Other North African","Ethnic group (detailed): White: Other Traveller","Ethnic group (detailed): White: Other White, White unspecified","Ethnic group (detailed): White: Polish","Ethnic group (detailed): White: Portuguese","Ethnic group (detailed): White: Roma","Ethnic group (detailed): White: Romanian","Ethnic group (detailed): White: Russian","Ethnic group (detailed): White: Serbian","Ethnic group (detailed): White: Slovakian","Ethnic group (detailed): White: Slovenian","Ethnic group (detailed): White: South African","Ethnic group (detailed): White: South American","Ethnic group (detailed): White: Spanish","Ethnic group (detailed): White: Swedish","Ethnic group (detailed): White: Swiss","Ethnic group (detailed): White: Turkish","Ethnic group (detailed): White: Turkish Cypriot","Ethnic group (detailed): White: Ukrainian","Ethnic group (detailed): White: White African","Ethnic group (detailed): White: White and North African or Middle Eastern","Ethnic group (detailed): White: White Caribbean","Ethnic group (detailed): White: Zimbabwean","Ethnic group (detailed): White: Any other ethnic group","Ethnic group (detailed): Other ethnic group","Ethnic group (detailed): Other ethnic group: Afghan","Ethnic group (detailed): Other ethnic group: African unspecified","Ethnic group (detailed): Other ethnic group: African Asian","Ethnic group (detailed): Other ethnic group: Albanian","Ethnic group (detailed): Other ethnic group: Algerian","Ethnic group (detailed): Other ethnic group: Arab","Ethnic group (detailed): Other ethnic group: Armenian","Ethnic group (detailed): Other ethnic group: Asian British","Ethnic group (detailed): Other ethnic group: Bangladeshi, British Bangladeshi","Ethnic group (detailed): Other ethnic group: Black and Asian","Ethnic group (detailed): Other ethnic group: Brazilian","Ethnic group (detailed): Other ethnic group: Bulgarian","Ethnic group (detailed): Other ethnic group: Caribbean","Ethnic group (detailed): Other ethnic group: Caribbean Asian","Ethnic group (detailed): Other ethnic group: Chinese","Ethnic group (detailed): Other ethnic group: Colombian","Ethnic group (detailed): Other ethnic group: Cornish","Ethnic group (detailed): Other ethnic group: Cypriot (part not stated)","Ethnic group (detailed): Other ethnic group: Czech","Ethnic group (detailed): Other ethnic group: East Asian/ East Asian unspecified","Ethnic group (detailed): Other ethnic group: English","Ethnic group (detailed): Other ethnic group: English/Welsh/Scottish/Northern Irish/British","Ethnic group (detailed): Other ethnic group: European Mixed, European unspecified, other European","Ethnic group (detailed): Other ethnic group: Filipino","Ethnic group (detailed): Other ethnic group: Greek","Ethnic group (detailed): Other ethnic group: Greek Cypriot","Ethnic group (detailed): Other ethnic group: Gypsy/Romany","Ethnic group (detailed): Other ethnic group: Hispanic or Latin American","Ethnic group (detailed): Other ethnic group: Indian or British Indian","Ethnic group (detailed): Other ethnic group: Iranian","Ethnic group (detailed): Other ethnic group: Italian","Ethnic group (detailed): Other ethnic group: Japanese","Ethnic group (detailed): Other ethnic group: Jewish","Ethnic group (detailed): Other ethnic group: Kashmiri","Ethnic group (detailed): Other ethnic group: Kurdish","Ethnic group (detailed): Other ethnic group: Lithuanian","Ethnic group (detailed): Other ethnic group: Mauritian/Seychellois/Maldivian/Sao Tomean/St Helenian","Ethnic group (detailed): Other ethnic group: Mexican","Ethnic group (detailed): Other ethnic group: Moroccan","Ethnic group (detailed): Other ethnic group: Muslim","Ethnic group (detailed): Other ethnic group: Nepali (includes Gurkha)","Ethnic group (detailed): Other ethnic group: North African","Ethnic group (detailed): Other ethnic group: Other Asian, Asian unspecified","Ethnic group (detailed): Other ethnic group: Other Eastern European","Ethnic group (detailed): Other ethnic group: Other Middle East","Ethnic group (detailed): Other ethnic group: Other Mixed","Ethnic group (detailed): Other ethnic group: Other White, White unspecified","Ethnic group (detailed): Other ethnic group: Pakistani or British Pakistani","Ethnic group (detailed): Other ethnic group: Polish","Ethnic group (detailed): Other ethnic group: Polynesia/Micronesia/Melanesia","Ethnic group (detailed): Other ethnic group: Portuguese","Ethnic group (detailed): Other ethnic group: Punjabi","Ethnic group (detailed): Other ethnic group: Roma","Ethnic group (detailed): Other ethnic group: Romanian","Ethnic group (detailed): Other ethnic group: Sikh","Ethnic group (detailed): Other ethnic group: Slovakian","Ethnic group (detailed): Other ethnic group: Somali","Ethnic group (detailed): Other ethnic group: Somalilander","Ethnic group (detailed): Other ethnic group: South American","Ethnic group (detailed): Other ethnic group: Spanish","Ethnic group (detailed): Other ethnic group: Sri Lankan","Ethnic group (detailed): Other ethnic group: Tamil","Ethnic group (detailed): Other ethnic group: Thai","Ethnic group (detailed): Other ethnic group: Turkish","Ethnic group (detailed): Other ethnic group: Turkish Cypriot","Ethnic group (detailed): Other ethnic group: Vietnamese","Ethnic group (detailed): Other ethnic group: White African","Ethnic group (detailed): Other ethnic group: Any other ethnic group"
2021,"City of London 001","E02000001",8581,1445,6,3,1,0,1,1,287,0,545,0,55,321,1,4,58,1,35,0,6,3,1,1,1,10,9,3,1,33,1,0,0,11,4,6,2,10,2,18,4,153,66,0,0,0,0,3,0,0,6,1,0,22,6,0,0,0,0,23,0,0,0,0,0,16,0,1,0,0,1,0,2,6,78,0,0,16,2,54,0,0,0,0,0,1,2,0,0,3,470,2,0,0,1,3,1,4,3,5,2,4,1,0,0,3,4,1,0,0,0,2,13,0,27,2,3,0,1,0,1,1,0,0,0,1,3,0,33,6,0,1,0,2,7,1,0,1,0,0,16,179,49,53,2,8,0,0,24,5954,1,27,1,1,2,3,83,20,4,10,0,14,20,4,2,3,2,11,13,28,3647,2,419,12,124,4,97,94,28,0,25,13,10,185,0,156,37,8,0,11,13,6,14,2,0,99,0,8,48,6,27,1,0,103,78,29,59,27,73,12,14,7,17,2,80,23,16,29,0,23,5,1,2,0,9,481,0,2,0,0,0,114,3,1,0,0,2,0,1,0,6,9,0,0,0,3,0,0,14,3,2,9,3,118,0,21,0,3,44,0,2,0,0,3,1,0,0,15,3,2,13,7,0,0,4,2,0,0,0,5,0,0,0,0,11,9,0,1,0,12,2,0,2,29
2021,"Barking and Dagenham 001","E02000002",8279,1843,13,0,0,0,0,5,623,3,29,0,61,446,0,5,1,0,0,1,5,10,5,0,5,3,4,0,1,541,0,1,0,47,0,0,21,1,0,9,3,1173,515,10,0,73,3,0,30,5,1,8,1,76,12,0,0,0,0,311,1,3,0,0,9,51,3,1,0,3,24,2,18,13,565,24,0,170,0,322,6,3,1,14,3,16,0,0,0,6,405,0,4,1,1,4,0,4,0,2,0,0,1,0,0,1,0,0,0,0,0,0,7,0,2,1,0,0,0,2,0,1,0,4,1,0,0,0,41,1,1,0,0,0,0,1,0,5,3,0,0,46,113,144,0,2,0,0,12,4042,0,40,0,0,0,0,2,0,0,0,0,0,16,0,0,2,3,4,0,1,3013,2,120,1,1,0,0,6,6,5,2,6,0,83,0,6,0,23,0,4,80,0,0,0,5,1,0,0,181,0,0,5,0,55,86,0,36,200,7,0,8,0,0,0,3,0,0,17,0,9,2,0,0,0,1,251,9,3,0,4,0,53,0,1,0,0,1,0,0,0,1,0,0,1,0,2,0,1,4,21,1,3,0,8,7,6,0,0,0,0,11,2,8,0,0,0,0,5,5,7,0,2,11,0,5,0,0,1,0,9,21,0,0,0,4,0,0,4,0,7,9,0,3,11
2021,"Barking and Dagenham 002","E02000003",11538,4029,32,1,1,2,1,14,1193,2,49,0,36,1147,0,1,0,3,0,0,2,31,8,11,6,3,4,0,5,1306,8,35,0,89,2,1,25,3,1,2,5,1065,410,0,5,40,0,4,26,1,5,2,1,95,6,0,0,0,0,313,2,0,8,4,1,56,3,4,9,0,10,2,9,49,736,32,2,197,1,456,9,1,1,7,6,13,2,0,0,9,485,3,2,4,3,0,0,10,1,10,1,0,3,11,0,1,0,4,0,0,1,0,6,0,4,3,0,1,0,2,0,2,0,3,0,0,1,0,30,2,2,0,2,0,0,0,0,3,3,0,3,90,109,142,0,3,0,1,19,4694,0,27,0,0,0,0,2,1,0,0,0,1,37,0,0,2,2,0,0,3,2956,6,167,0,3,0,7,8,3,7,9,8,0,111,0,15,2,4,1,16,141,2,2,4,3,5,0,1,172,1,0,0,0,123,89,9,67,622,6,0,8,0,2,1,6,3,0,10,11,6,0,0,0,0,2,529,4,6,5,8,0,40,0,0,5,2,5,1,1,2,0,3,0,5,0,6,0,0,23,10,0,11,0,23,15,2,2,0,0,6,1,3,24,0,0,0,0,0,11,5,4,17,3,8,3,0,0,7,1,23,133,0,2,0,6,1,3,19,0,7,42,0,0,21
2021,"Barking and Dagenham 003","E02000004",6649,1052,23,0,0,0,0,3,312,1,29,0,75,222,0,7,0,0,0,0,0,15,1,0,19,2,0,0,2,267,5,3,0,39,0,0,11,6,1,4,5,587,263,0,0,21,0,0,18,0,0,1,0,64,5,0,0,0,0,189,1,0,0,0,0,6,0,1,1,0,0,2,9,6,363,11,0,97,0,220,5,0,0,2,3,18,0,0,0,7,247,1,1,1,0,0,0,2,1,3,0,0,1,0,0,0,0,0,2,1,0,0,5,1,1,0,0,0,0,2,0,0,0,1,0,0,0,0,12,1,0,0,1,0,3,0,0,1,1,1,2,47,51,96,0,0,0,0,8,4176,0,36,0,0,0,2,0,0,0,0,1,0,20,0,0,5,2,0,0,1,3398,0,88,0,1,0,4,3,14,24,0,16,0,66,0,13,1,3,0,7,84,3,1,0,5,3,2,0,81,0,0,6,0,45,31,4,14,158,2,0,1,0,0,2,3,0,0,17,4,4,1,0,0,0,0,224,6,3,9,3,0,31,0,0,2,4,0,0,0,1,3,0,0,3,0,1,0,0,24,5,0,3,0,3,0,2,0,0,0,4,10,0,4,0,1,0,3,0,4,0,0,1,0,3,0,1,3,4,0,5,26,0,1,0,0,0,0,10,0,9,17,0,1,14
2021,"Barking and Dagenham 004","E02000005",11086,3337,18,0,0,0,0,1,873,0,68,1,43,1166,0,4,3,1,2,0,0,30,5,2,18,15,0,0,3,985,0,18,0,35,0,0,22,5,1,3,15,1388,656,4,6,60,2,1,23,2,0,1,3,107,11,0,7,2,0,352,1,0,0,1,5,62,0,4,1,0,20,0,29,28,574,50,0,160,0,295,2,9,0,6,6,28,2,0,1,15,474,0,0,0,1,0,1,8,1,3,0,1,2,1,0,0,2,0,2,1,3,0,9,0,0,0,0,0,0,0,0,4,3,3,1,1,0,0,22,1,0,0,2,2,0,0,0,1,0,0,1,78,90,215,0,0,0,0,15,4918,0,47,0,0,0,3,2,0,0,0,0,2,57,0,0,0,2,2,0,0,3582,3,157,2,2,0,3,3,1,7,6,12,0,69,0,16,0,13,1,10,145,4,0,0,4,1,5,0,131,0,0,1,0,89,77,19,35,341,8,1,3,1,5,0,0,0,0,7,15,16,2,0,1,0,5,395,9,15,4,3,1,53,0,2,4,0,1,4,1,3,0,1,0,0,0,0,0,3,7,13,0,0,0,11,3,5,0,0,0,2,2,3,22,0,2,0,6,1,10,5,6,2,2,4,0,0,0,13,5,22,60,0,2,0,0,0,4,24,0,20,4,0,1,30
2021,"Barking and Dagenham 006","E02000007",10166,1493,23,0,0,1,0,5,569,0,63,0,53,250,0,4,0,5,2,0,0,0,0,0,22,9,3,0,0,386,1,1,2,52,0,0,23,10,0,3,6,2024,822,10,9,164,4,0,65,24,9,9,5,216,13,0,2,4,0,578,2,1,1,1,7,24,4,2,0,3,7,2,15,21,628,47,4,218,2,279,18,0,1,11,8,27,0,0,4,9,427,0,2,1,0,2,1,2,0,6,4,0,1,0,3,0,0,2,1,2,0,1,6,0,1,0,0,0,0,0,0,4,0,5,0,2,0,0,29,4,3,0,0,1,0,2,0,0,0,1,0,76,117,133,0,0,0,0,15,5185,0,47,2,0,0,4,0,0,1,0,0,1,38,0,0,0,2,3,0,0,4059,0,175,0,5,0,3,2,4,3,2,8,2,49,0,12,0,22,0,3,144,0,0,0,2,3,1,0,104,0,1,0,0,80,86,13,38,220,3,1,3,3,1,0,6,0,0,11,9,3,0,0,0,0,6,409,7,27,0,5,0,95,0,0,5,0,1,1,0,4,6,0,0,4,0,0,0,4,12,10,0,0,0,20,2,6,3,0,0,0,2,2,8,0,4,1,5,59,1,4,11,4,3,1,6,0,0,0,0,16,5,0,1,0,1,0,0,3,0,22,8,2,0,28
2021,"Barking and Dagenham 007","E02000008",13268,2481,29,0,0,0,0,5,957,5,52,0,65,419,1,1,3,0,0,4,2,5,4,9,15,2,0,0,2,833,1,1,2,46,0,0,3,6,1,2,6,1862,818,7,2,86,5,1,44,3,14,2,5,130,22,0,12,0,0,532,0,5,0,7,7,21,28,2,2,1,29,2,47,28,705,22,5,226,3,361,3,2,8,11,11,40,3,0,0,10,545,4,0,1,0,0,1,2,0,13,5,0,1,1,0,0,0,0,6,0,2,0,7,0,1,1,5,0,4,0,0,8,1,0,0,0,0,0,49,4,0,1,0,2,0,0,1,2,1,0,1,57,140,215,0,2,0,0,7,7243,1,71,2,1,0,0,0,1,2,0,0,5,84,1,0,4,0,1,0,1,5378,6,222,2,6,12,0,6,6,5,5,9,0,50,0,20,2,43,0,12,254,1,3,0,6,2,3,1,177,2,0,0,0,164,125,13,45,402,11,8,2,0,5,0,9,2,0,22,13,9,2,0,0,0,4,432,10,14,1,9,0,49,0,0,5,0,3,12,4,2,1,2,0,4,1,0,0,1,30,7,2,1,0,24,1,0,0,0,0,0,5,0,14,0,1,0,1,6,6,15,8,5,9,5,0,0,1,2,0,45,25,3,0,0,8,0,4,0,0,17,24,2,5,38
2021,"Barking and Dagenham 008","E02000009",12874,3107,54,0,1,0,1,13,994,0,75,0,62,660,3,18,3,12,1,0,1,31,4,7,17,7,2,0,4,989,12,8,2,65,0,0,18,1,11,16,15,2000,885,24,0,90,4,0,22,9,1,9,0,167,26,0,5,2,5,474,0,2,10,2,6,137,20,4,1,3,23,0,27,42,941,256,0,258,0,330,14,6,1,12,10,25,0,0,2,27,621,1,5,7,0,1,0,7,2,2,4,2,3,6,1,1,1,0,1,3,0,0,4,0,6,3,2,0,0,2,0,5,1,5,1,1,0,0,66,8,1,0,1,0,4,5,2,2,0,0,7,97,152,180,1,0,0,1,17,5676,0,109,7,1,0,5,4,0,0,1,1,12,191,1,0,0,0,1,0,2,3606,0,215,2,6,1,9,7,0,7,4,17,0,50,0,10,1,35,0,24,276,1,0,0,3,1,0,0,191,0,0,8,0,183,99,30,36,406,15,1,4,0,2,3,9,0,0,26,13,17,3,1,0,0,19,529,10,17,1,0,8,74,0,2,2,1,1,11,3,2,3,0,0,1,0,1,2,1,12,6,0,2,0,38,4,4,0,3,0,2,7,6,33,0,5,0,0,13,6,3,1,23,2,1,1,2,1,2,0,17,32,0,68,0,2,0,0,6,0,22,13,0,5,47
2021,"Barking and Dagenham 009","E02000010",9484,1492,25,0,0,0,0,6,636,0,21,0,122,240,0,5,0,0,0,0,0,8,2,2,53,3,7,0,7,307,1,1,0,28,0,0,1,1,9,7,0,1463,680,3,0,73,1,0,16,3,8,2,5,143,21,0,0,0,0,454,3,1,0,2,5,4,1,0,0,0,11,3,8,16,424,23,0,186,0,168,3,5,1,3,3,21,0,0,0,11,380,1,4,0,0,2,0,11,2,0,0,0,2,3,1,0,0,5,0,0,3,3,3,1,7,1,1,1,0,0,0,1,1,2,0,2,0,2,25,0,0,4,0,2,1,0,0,2,0,0,1,62,77,133,1,1,1,2,9,5431,0,54,3,1,0,0,1,0,0,0,0,0,64,0,0,0,0,0,0,0,3924,2,178,0,0,0,2,1,0,14,7,6,0,57,0,13,0,18,1,18,215,0,1,3,2,0,0,0,175,0,1,1,0,107,102,16,23,374,3,0,4,0,0,0,7,0,0,5,2,22,1,0,3,0,0,294,3,5,0,4,0,58,0,4,4,0,0,3,0,0,1,3,0,1,0,1,1,3,18,7,0,2,0,28,0,0,0,0,0,4,1,2,9,0,0,2,7,3,5,10,5,8,15,0,2,0,0,0,0,20,0,0,1,0,1,4,0,0,0,12,15,0,0,22
2021,"Barking and Dagenham 010","E02000011",7029,1532,12,0,2,0,1,2,811,0,66,0,91,223,1,2,2,8,0,5,12,10,3,1,4,8,8,0,0,215,0,9,0,23,0,0,2,3,2,2,4,1039,452,4,0,60,5,0,11,2,1,5,0,86,5,0,4,1,0,347,5,2,5,0,5,19,0,0,0,1,4,0,4,11,362,15,2,133,0,151,6,6,1,3,16,21,2,0,1,5,234,0,2,0,0,0,0,4,0,0,0,0,2,0,0,0,0,0,1,0,0,1,5,0,2,0,0,0,0,1,0,2,0,0,0,1,0,1,14,2,2,0,2,0,0,5,0,2,1,1,0,51,49,73,0,0,0,1,9,3627,0,31,0,1,0,0,0,0,0,0,0,1,69,0,0,2,1,2,0,0,2554,0,123,0,2,0,1,10,2,8,1,8,0,54,1,2,0,5,0,5,122,0,1,0,0,0,0,0,89,0,0,0,0,77,60,10,57,302,3,0,3,0,0,2,1,0,0,10,1,2,0,0,0,0,4,235,3,13,0,1,0,46,0,0,1,0,1,5,1,1,4,0,0,5,0,0,0,0,10,20,1,0,0,10,0,0,0,0,0,1,4,5,1,0,0,0,7,1,6,5,0,0,2,0,1,0,1,1,13,21,6,0,0,0,2,0,1,2,0,17,6,0,1,9
2021,"Barking and Dagenham 011","E02000012",11518,6761,61,0,0,1,1,5,4096,0,88,0,36,867,0,4,3,13,0,0,0,7,4,6,2,9,2,0,5,1438,5,12,0,53,0,1,19,5,1,15,2,615,256,0,0,38,0,0,20,1,1,2,0,77,2,0,1,0,0,175,2,0,4,3,3,9,0,4,0,0,7,1,3,6,417,16,0,103,0,276,0,0,3,3,2,7,0,0,3,4,364,0,2,0,0,7,2,6,0,1,0,0,1,6,0,0,3,0,1,1,0,0,2,0,7,0,0,0,0,3,0,0,0,9,1,2,4,0,32,1,2,0,0,0,0,2,0,3,0,0,0,132,48,76,0,1,0,0,9,2973,1,19,1,0,0,0,0,1,0,0,0,0,58,2,0,1,0,6,1,0,2043,0,96,1,5,0,7,3,3,4,2,19,1,33,0,16,1,30,0,3,108,0,2,0,11,5,0,0,62,0,2,6,0,72,44,7,18,238,6,1,3,0,0,0,2,0,0,8,7,5,2,2,1,2,2,388,14,6,1,2,0,65,0,0,3,2,4,5,1,0,3,1,0,0,0,1,0,2,11,2,0,2,0,16,4,2,1,0,1,0,2,5,15,0,1,0,0,6,1,14,2,6,5,4,1,0,0,7,0,27,75,0,0,0,3,3,0,0,1,16,26,0,0,19
2021,"Barking and Dagenham 012","E02000013",9399,1579,10,0,0,1,2,2,668,0,46,0,87,282,1,4,2,0,0,6,0,11,3,6,5,3,3,0,5,374,1,4,0,37,0,1,3,0,0,10,2,1415,654,10,2,50,1,0,29,4,0,4,1,118,15,0,1,1,0,377,5,0,1,2,2,61,0,5,0,0,8,0,52,12,522,39,0,276,0,153,4,0,0,3,10,20,5,0,0,12,411,6,3,0,0,0,3,9,0,6,0,2,2,0,0,0,0,2,0,0,1,0,1,0,1,0,0,0,0,1,0,4,0,2,0,0,0,0,20,0,1,0,0,0,0,0,0,4,0,1,5,68,105,152,0,2,0,1,9,5289,0,67,0,0,0,0,1,1,0,0,0,2,68,0,0,3,0,3,0,0,3729,0,206,0,1,0,6,2,1,9,2,9,0,50,0,11,1,39,3,6,196,1,0,0,5,1,0,0,166,0,1,1,0,139,84,30,30,353,6,2,0,0,3,1,4,1,0,24,4,8,1,0,0,0,8,183,0,5,0,5,0,21,0,0,0,0,0,3,2,1,3,0,0,0,0,0,0,3,9,8,1,1,0,11,2,4,0,0,0,0,6,3,3,0,3,0,4,11,0,3,0,3,2,0,0,0,0,0,0,15,7,0,1,0,2,0,0,0,0,11,7,3,0,20
2021,"Barking and Dagenham 013","E02000014",9880,1518,16,0,0,0,0,0,712,0,83,0,93,216,0,4,0,0,3,4,0,10,2,3,26,3,4,1,0,274,0,1,0,17,0,1,14,5,3,22,1,1487,692,14,0,37,4,1,22,4,4,10,0,141,23,0,5,0,0,448,0,6,0,11,7,9,0,6,0,1,12,0,9,21,383,16,8,145,1,157,9,5,0,1,10,17,0,0,0,14,314,1,0,1,0,2,0,6,1,2,0,1,0,5,0,0,0,0,2,2,0,0,4,0,0,0,3,1,0,3,0,1,1,0,3,0,0,1,18,4,0,1,0,0,0,1,0,4,0,0,0,52,77,104,0,2,0,1,10,5959,0,44,0,3,1,0,3,0,3,2,0,6,105,0,0,2,2,6,0,0,4298,2,239,1,3,0,3,3,2,7,0,18,0,72,0,14,2,15,1,6,202,1,1,3,5,3,0,0,163,0,1,0,0,115,93,10,39,410,10,0,2,1,1,0,6,0,0,13,12,2,3,0,0,0,0,219,10,11,0,1,0,28,0,3,0,0,1,4,0,0,4,4,0,0,0,2,0,2,26,11,0,0,0,0,1,1,0,0,1,5,5,3,0,0,0,1,8,2,3,5,2,4,9,2,5,1,1,0,0,12,0,0,0,0,0,0,3,0,2,12,10,0,0,14
2021,"Barking and Dagenham 014","E02000015",8233,1132,17,0,0,1,2,2,535,0,60,0,35,168,0,8,2,0,0,0,0,8,0,0,17,3,3,0,2,235,0,1,0,13,0,0,8,2,1,4,5,1958,864,6,3,80,7,3,70,3,1,5,0,128,7,0,1,2,1,632,5,1,0,3,10,49,1,5,0,2,32,0,11,26,575,38,3,221,2,220,8,3,0,9,21,39,0,0,0,11,401,0,0,1,0,2,0,6,0,1,0,0,1,0,0,0,2,0,2,0,0,0,1,1,8,0,1,0,0,0,0,5,0,0,0,0,0,5,28,0,0,0,0,0,0,0,0,2,4,0,1,55,110,155,0,0,0,2,8,3958,0,31,0,1,0,0,0,0,1,0,0,5,72,2,0,1,0,5,1,2,2990,0,109,0,3,1,2,5,0,9,6,2,0,43,0,5,0,26,0,10,113,2,0,0,6,1,0,0,84,0,3,3,0,93,68,13,16,192,13,0,2,1,0,0,0,1,0,4,2,2,0,0,0,0,7,209,0,0,0,5,0,51,0,2,2,0,1,3,1,0,0,0,0,0,0,0,1,0,5,16,2,1,0,12,0,4,0,0,0,0,9,3,4,0,0,0,7,1,5,3,4,1,2,0,0,0,0,0,0,8,6,0,10,0,0,0,0,0,0,7,3,0,2,28
2021,"Barking and Dagenham 015","E02000016",10558,3867,70,0,1,0,0,9,1134,3,131,0,49,1284,2,10,2,0,5,0,2,12,1,8,4,8,1,0,2,1030,7,0,0,53,0,0,22,6,2,7,2,2199,921,15,15,210,5,0,70,12,5,11,1,126,36,0,9,0,1,441,3,2,0,5,30,148,24,7,1,8,29,1,15,48,611,69,4,186,0,282,0,1,0,5,2,38,0,0,8,16,533,2,3,7,0,2,0,6,0,2,1,1,3,3,0,0,0,1,6,4,0,6,1,0,4,2,1,0,0,0,0,1,0,0,2,1,4,0,26,4,4,0,2,0,2,0,1,0,0,0,3,77,140,166,0,0,0,0,45,2898,0,82,6,2,1,3,2,2,3,0,0,3,132,0,0,9,1,3,0,1,1261,1,189,0,21,0,5,42,1,3,3,14,6,34,0,37,1,27,2,10,129,1,0,0,2,0,0,0,115,0,1,12,0,127,107,9,97,287,18,1,0,1,3,0,22,1,0,29,5,7,2,0,0,0,15,450,8,17,4,4,1,94,0,2,11,1,0,1,0,0,1,0,0,0,0,0,0,1,10,6,2,1,4,26,4,7,4,0,0,0,12,2,8,0,1,2,1,5,7,10,1,8,0,0,4,0,2,2,0,17,23,0,25,3,6,1,2,14,0,38,9,0,1,37
2021,"Barking and Dagenham 016","E02000017",9132,4419,60,0,5,0,0,17,1320,0,71,2,42,790,1,0,0,16,2,0,6,7,7,2,10,12,0,0,1,1877,4,13,0,106,1,0,24,1,5,10,7,718,358,12,0,16,3,0,12,1,2,0,0,44,1,0,3,0,0,193,0,4,2,0,3,27,7,0,5,0,10,0,1,14,365,19,2,72,1,221,0,1,8,15,3,9,0,0,1,13,331,2,0,2,0,5,0,12,4,0,0,6,1,2,0,0,0,0,2,2,0,0,3,0,0,0,0,0,0,2,0,1,0,5,0,0,1,0,52,4,0,0,2,0,0,0,0,0,1,0,0,78,70,67,0,0,0,0,7,2902,0,44,0,0,0,0,3,1,4,1,0,1,199,0,0,1,0,1,1,2,1297,1,204,0,4,0,3,7,14,13,1,4,0,35,0,17,0,3,0,16,114,1,1,0,27,1,0,0,117,1,3,0,0,96,70,3,35,486,11,5,5,1,4,1,9,0,0,14,3,7,1,0,0,1,8,397,13,16,1,2,1,47,0,0,6,1,0,4,0,1,5,0,0,1,0,0,1,1,30,5,0,0,0,10,12,2,0,0,1,0,11,0,3,0,1,7,0,1,10,2,0,6,12,3,0,0,2,15,0,34,72,0,1,0,0,0,4,1,0,9,12,0,0,31
2021,"Barking and Dagenham 017","E02000018",9569,1929,23,1,0,0,0,9,938,0,56,1,52,273,0,8,0,1,0,0,0,3,3,5,18,1,4,0,5,487,0,2,0,9,0,0,0,5,6,14,5,1481,709,9,0,84,1,0,43,4,0,5,1,115,16,1,12,3,0,380,0,1,0,7,3,22,1,4,0,0,20,2,24,14,490,29,3,165,0,210,10,2,0,12,8,48,0,0,1,2,392,2,5,1,1,4,1,2,0,2,1,0,1,2,0,4,2,0,2,0,1,0,4,0,2,0,0,0,0,1,0,0,0,0,0,0,2,0,9,3,3,4,2,0,3,0,0,2,5,0,2,58,111,127,0,1,0,0,22,4984,4,79,0,1,0,0,0,0,0,0,0,8,66,0,0,8,0,4,1,3,3472,3,223,0,3,0,3,9,2,3,6,6,2,32,0,8,0,12,0,15,168,0,0,0,6,1,4,0,142,1,2,2,0,106,52,21,29,417,8,3,3,0,10,0,1,0,0,23,1,4,1,0,0,0,6,293,2,9,0,12,0,61,0,1,1,0,0,5,0,0,1,0,0,0,0,2,4,2,13,7,3,2,0,11,3,8,0,0,1,4,3,7,8,0,4,3,0,5,0,8,6,2,3,0,1,0,0,1,0,5,12,0,2,0,5,0,1,5,0,22,5,1,1,31
2021,"Barking and Dagenham 018","E02000019",9666,1720,15,1,0,0,0,2,846,0,70,0,70,276,1,9,2,0,2,0,0,6,1,4,5,9,2,0,4,356,1,0,0,14,0,0,13,8,0,2,1,1648,690,9,0,86,0,2,55,3,2,4,0,167,61,1,0,1,0,480,0,0,1,1,8,23,1,2,4,7,14,0,22,4,555,25,1,204,0,269,10,8,0,6,7,19,0,0,0,6,442,1,0,0,1,1,0,5,0,6,0,1,0,2,0,0,0,2,2,0,2,0,6,0,14,2,3,0,0,0,2,3,0,0,1,0,1,1,32,4,0,0,1,0,6,0,0,0,0,0,2,41,127,164,0,1,0,1,7,5038,0,41,0,0,0,2,0,0,0,0,0,1,71,0,0,0,0,11,0,0,3727,0,165,0,3,0,6,9,0,7,3,9,0,35,0,13,0,30,0,18,171,2,1,1,1,1,0,0,130,1,0,0,0,148,80,19,27,253,8,1,1,0,2,0,8,0,0,6,8,13,1,0,0,0,4,263,0,16,0,8,0,57,0,2,2,1,1,2,0,0,8,0,0,2,0,2,0,0,13,7,1,0,0,18,0,6,0,0,0,5,1,0,7,0,0,4,3,1,5,12,1,4,5,0,0,0,1,1,0,23,5,0,0,0,5,0,1,0,0,13,4,0,0,16
2021,"Barking and Dagenham 019","E02000020",14074,4366,31,0,3,0,1,19,1784,2,152,0,87,777,5,11,0,2,0,0,4,18,4,8,7,4,12,2,3,1164,6,4,2,149,1,0,38,16,1,32,17,2485,1177,29,5,98,3,5,52,10,2,1,3,207,30,0,8,0,0,546,3,3,1,5,13,127,4,4,8,20,47,1,43,30,966,52,12,346,0,420,6,5,2,26,15,43,2,0,6,31,632,3,4,8,0,3,2,10,0,3,3,2,1,4,0,0,0,1,0,0,2,0,10,0,5,0,0,0,0,3,0,2,2,9,0,0,1,1,45,0,0,0,0,0,0,1,0,3,1,0,3,115,197,164,0,2,0,3,19,5018,30,72,2,0,0,1,1,1,0,1,0,8,182,1,0,4,2,5,0,3,2865,3,287,1,5,0,7,7,0,21,8,15,0,65,0,30,1,35,1,20,225,2,0,0,6,6,1,1,187,2,0,2,0,168,147,30,73,387,9,0,5,0,1,3,9,0,0,43,9,15,0,1,0,0,2,607,9,28,1,3,1,80,0,2,6,4,3,5,1,8,1,0,0,0,0,1,0,0,17,1,0,1,0,39,7,3,0,0,0,6,17,3,18,1,2,3,0,11,13,3,5,18,5,8,3,1,0,1,0,22,52,0,13,3,3,1,36,13,0,57,16,7,0,45
2021,"Barking and Dagenham 020","E02000021",8761,1613,14,0,3,3,0,6,698,3,43,0,70,306,0,5,1,0,0,0,3,3,0,0,9,5,3,0,0,394,2,7,0,30,0,0,0,0,0,5,0,1845,768,9,0,83,0,3,17,3,7,0,0,106,22,0,4,0,0,670,3,1,0,2,8,46,5,6,1,1,34,2,19,25,639,57,0,222,0,290,7,5,0,5,10,18,1,0,3,21,383,0,2,0,0,3,0,3,0,3,3,2,1,3,1,0,0,0,1,0,0,0,1,1,2,0,1,1,0,1,0,1,2,0,5,0,0,0,29,4,0,0,2,0,1,3,4,3,2,1,1,51,124,108,0,1,1,0,11,3980,0,48,0,0,0,1,0,0,0,0,0,1,68,2,0,0,0,0,0,0,2604,0,143,0,6,0,7,3,0,15,4,3,4,76,0,8,0,4,0,9,209,2,0,0,1,1,0,0,180,0,0,0,0,107,98,22,31,288,8,0,1,0,0,0,2,0,0,6,6,6,5,0,1,0,0,301,2,18,0,7,0,36,1,0,6,1,0,2,3,3,0,1,0,0,0,0,1,6,20,8,1,2,1,10,3,4,0,0,0,4,2,7,8,0,0,2,0,14,2,2,0,1,2,4,0,0,0,2,0,11,29,0,1,0,11,0,2,0,0,5,30,0,0,26
2021,"Barking and Dagenham 021","E02000022",7737,2009,34,1,3,0,0,2,681,1,44,2,29,331,0,0,0,0,3,0,0,4,2,1,4,13,1,0,1,759,4,0,0,60,0,1,3,5,4,6,10,2030,1031,24,2,117,2,1,50,3,9,5,1,132,29,0,4,0,4,341,5,1,0,2,6,169,5,4,5,24,25,0,5,24,584,59,5,230,0,185,4,7,0,19,9,51,0,0,2,13,409,6,0,1,0,9,0,6,0,5,0,2,2,3,1,0,0,1,0,2,0,0,5,0,5,0,2,0,0,5,0,3,1,1,0,0,1,0,26,1,0,0,0,0,0,0,0,2,0,0,1,65,144,104,0,2,0,0,3,2341,5,115,0,3,0,0,3,0,1,1,0,5,82,0,0,2,0,1,2,1,1126,0,118,0,4,0,0,13,0,9,2,8,0,30,0,14,0,66,0,8,133,0,3,1,2,1,3,0,83,0,0,4,0,162,77,19,21,128,7,9,4,5,0,2,13,0,0,29,11,3,0,0,0,0,2,364,4,23,0,7,0,96,0,0,1,0,3,4,1,0,1,1,0,0,0,2,0,1,10,0,2,1,0,6,1,10,3,0,1,0,9,1,8,0,1,12,0,2,2,2,0,2,8,0,14,2,0,4,0,2,10,0,8,3,1,0,0,13,0,49,10,0,0,23
2021,"Barking and Dagenham 022","E02000023",8008,1717,33,0,1,0,2,21,879,0,37,0,17,213,0,3,0,7,1,0,0,12,1,1,0,4,0,1,2,433,0,0,0,27,0,0,6,1,0,12,3,2271,1042,18,8,129,9,3,40,8,6,9,2,178,19,1,11,0,0,545,3,0,0,1,11,135,5,1,5,3,32,0,16,31,710,63,1,284,1,228,7,5,0,16,19,64,1,0,5,16,456,4,3,4,0,1,1,7,0,5,1,1,1,1,0,0,0,3,5,0,0,0,6,0,5,0,0,0,0,4,0,0,0,6,0,0,0,3,34,2,1,0,4,0,2,0,0,1,2,0,0,53,124,137,0,2,21,0,12,2596,0,49,3,2,0,1,1,0,0,0,0,0,30,0,0,0,0,1,0,1,1754,1,74,0,2,1,2,5,2,0,5,8,0,21,0,15,1,41,0,16,111,0,2,0,2,1,0,0,46,1,0,0,0,81,44,16,23,161,6,6,3,1,1,0,8,0,0,25,5,9,0,0,0,0,8,258,2,11,2,0,0,93,0,0,2,3,0,1,5,0,0,0,0,0,0,0,0,1,10,5,0,0,0,15,1,3,2,1,0,0,5,0,7,0,0,0,0,0,7,4,0,0,2,0,3,1,0,0,0,7,8,0,0,0,0,0,1,0,0,20,11,0,0,25
2021,"Barnet 001","E02000024",10841,1252,23,5,0,1,0,7,47,4,215,1,81,554,2,69,34,0,6,0,2,2,2,0,11,10,9,6,2,80,0,0,0,40,4,0,13,10,2,3,7,413,185,5,0,11,0,0,12,3,4,2,0,29,15,0,0,0,0,60,0,6,0,0,8,44,0,1,9,1,1,4,6,7,119,1,0,27,2,70,5,0,0,2,0,4,0,0,0,8,585,2,0,0,0,0,2,3,0,4,0,1,7,9,5,1,2,1,2,2,0,2,15,5,10,1,3,0,4,0,2,2,6,0,0,0,2,0,36,1,0,0,0,2,2,5,0,3,0,2,5,233,93,75,3,8,0,0,24,7977,1,30,0,0,2,7,16,5,1,1,0,8,33,1,2,2,7,4,2,7,6260,0,272,3,44,0,33,59,55,0,15,19,13,351,0,91,46,19,1,1,5,3,14,0,0,22,3,1,41,3,18,5,0,72,84,59,19,71,19,8,10,2,19,8,29,2,3,24,6,3,7,1,1,0,4,495,9,0,0,1,0,56,1,0,0,3,1,1,0,2,9,1,0,0,0,0,0,0,21,18,3,19,0,21,0,91,2,14,52,0,17,0,8,0,0,0,0,0,3,0,7,0,4,0,1,0,1,0,0,4,10,0,0,0,1,3,0,9,1,46,6,0,0,49
2021,"Barnet 002","E02000025",8578,957,53,2,12,0,0,5,32,0,113,2,43,390,1,105,23,0,4,3,0,5,3,3,2,10,2,2,2,68,0,0,0,44,0,3,13,5,0,2,5,490,119,5,0,8,0,0,7,2,3,8,0,240,16,0,1,1,0,43,0,3,0,0,0,18,6,1,0,0,3,0,3,3,144,2,0,30,0,99,1,1,0,3,1,5,0,0,0,2,510,0,3,2,1,3,3,5,0,5,0,0,4,1,0,0,4,4,1,1,0,1,9,2,4,0,0,2,0,5,0,2,7,0,5,0,0,6,36,1,0,1,0,0,1,0,0,1,1,3,3,151,61,134,0,11,1,0,25,6024,0,32,0,0,0,3,20,1,1,1,1,2,47,0,2,0,4,7,1,4,4511,1,206,2,13,1,9,65,84,6,9,28,13,248,2,50,36,8,2,8,18,0,57,0,0,8,5,3,72,1,5,0,0,46,128,17,21,73,23,0,10,0,19,0,19,4,1,29,8,13,5,2,0,0,9,453,7,2,2,7,2,67,0,0,0,4,0,2,4,0,5,0,0,3,0,0,2,8,9,0,3,46,0,21,0,103,1,5,36,0,17,0,4,0,0,2,0,0,5,0,4,3,4,0,1,0,0,0,0,10,3,0,0,0,3,0,0,1,0,9,11,0,0,37
2021,"Barnet 003","E02000026",6457,807,19,1,2,1,0,1,42,4,85,2,24,355,3,56,17,2,1,0,0,8,1,0,4,6,4,1,5,61,0,4,0,51,0,1,28,2,4,5,7,174,66,0,0,12,0,0,9,0,0,6,0,4,0,0,0,0,0,55,0,0,0,0,0,11,0,1,0,0,0,2,7,1,91,5,0,27,0,52,1,0,1,2,0,3,0,0,0,0,330,1,0,0,1,0,0,4,0,3,0,0,0,0,1,0,3,1,0,1,0,0,23,11,5,2,1,0,4,1,0,1,2,0,0,0,1,0,22,1,0,0,1,0,1,2,1,1,2,3,5,90,41,69,4,3,0,0,18,4511,0,39,0,0,0,6,10,3,0,2,1,3,32,0,1,2,14,4,2,1,3297,0,151,2,10,0,4,49,277,8,8,13,4,110,4,35,52,10,7,4,2,0,1,0,0,19,0,0,32,3,2,0,0,48,58,9,12,37,6,2,1,0,17,1,12,3,3,45,26,0,2,0,0,0,5,544,7,1,0,1,1,39,2,1,0,0,0,3,0,0,2,0,0,10,0,0,1,2,29,0,7,138,0,13,8,61,0,0,49,0,15,0,13,0,1,0,0,0,3,0,7,2,3,2,0,0,0,0,0,9,0,0,0,0,1,0,0,4,0,47,38,0,1,23
2021,"Barnet 004","E02000027",9649,1515,99,1,3,0,0,8,100,7,202,0,108,581,0,65,42,0,3,0,6,12,1,2,16,3,5,0,3,106,1,0,0,91,3,0,19,15,4,3,6,700,272,1,0,29,1,2,42,1,38,2,2,51,9,0,0,0,9,145,0,0,0,1,0,59,7,1,1,0,13,0,11,3,296,19,8,82,0,128,6,0,0,11,4,8,0,0,18,12,645,3,7,0,0,0,0,5,1,7,2,0,0,4,4,0,3,0,0,1,0,1,14,6,5,6,6,0,1,1,0,1,5,0,3,0,1,1,44,1,0,2,0,0,2,2,0,0,1,1,3,161,117,183,5,3,0,4,28,5900,0,35,1,1,1,4,6,0,0,0,2,3,20,0,0,3,6,5,1,3,4474,2,217,1,19,1,17,42,60,1,11,9,16,274,0,48,19,27,22,6,15,0,7,3,0,5,1,1,61,5,2,0,0,52,103,37,37,59,21,2,9,1,10,0,45,0,3,22,6,2,10,3,0,0,21,593,13,10,6,7,0,95,1,0,0,2,0,0,1,1,5,1,0,4,1,1,0,1,13,21,2,28,0,21,2,109,1,1,21,0,36,1,17,0,1,10,0,6,10,6,14,8,3,0,6,0,2,0,0,1,0,0,0,5,3,0,4,1,0,33,9,0,1,48
2021,"Barnet 005","E02000028",6535,1109,45,0,6,0,0,4,48,4,98,0,39,522,1,65,15,0,5,1,0,15,2,0,2,4,0,4,2,99,4,1,4,59,6,5,27,6,1,2,13,311,117,1,0,16,3,0,11,0,3,1,0,27,6,0,0,1,0,77,0,0,1,0,0,8,4,1,3,2,10,1,11,7,137,3,1,33,1,82,0,0,2,8,0,3,1,0,0,3,355,0,0,0,3,1,0,3,0,3,0,4,4,1,1,1,3,0,4,0,1,0,13,10,8,5,1,0,4,1,0,1,3,0,0,0,0,1,19,0,0,0,0,1,3,1,2,5,0,1,2,100,68,60,1,6,0,0,10,4166,0,32,4,0,0,2,7,0,2,1,0,6,36,3,0,5,7,3,5,2,2942,1,176,0,13,0,10,38,74,0,6,16,13,221,6,39,60,7,1,1,18,0,12,0,0,9,0,2,51,6,2,0,0,60,71,27,11,62,15,2,8,0,1,1,18,0,2,28,6,7,6,1,0,1,0,457,0,6,0,7,0,60,2,3,1,0,0,2,0,0,7,0,0,0,0,1,0,1,8,0,6,28,0,25,6,124,1,1,62,0,6,0,3,0,0,0,0,1,1,0,14,6,7,0,1,0,1,0,0,0,0,0,0,0,5,2,4,11,0,10,8,0,0,26
2021,"Barnet 006","E02000029",9664,1133,54,2,7,1,0,8,46,0,155,0,55,424,0,99,16,0,5,0,6,10,5,2,1,10,6,0,4,86,2,3,0,73,2,5,10,12,0,8,16,378,163,7,0,5,1,1,11,0,3,1,0,26,7,3,1,1,0,63,0,6,0,1,14,34,3,4,0,1,9,2,6,5,243,4,0,56,1,147,3,0,0,1,4,6,0,0,13,8,727,0,0,0,0,4,0,1,2,8,0,3,4,5,4,9,3,5,4,0,5,3,18,3,15,5,5,0,0,2,0,1,1,1,1,1,0,1,40,1,1,0,1,1,1,4,1,5,2,0,10,164,110,186,3,12,2,0,69,6350,0,82,0,0,0,11,14,4,1,0,0,6,56,1,0,2,14,5,2,2,4620,0,251,2,10,1,8,109,151,21,6,19,18,224,4,48,40,18,2,4,15,0,11,3,0,8,1,0,74,2,7,5,0,80,107,23,32,80,14,3,9,0,13,2,16,0,1,51,11,7,7,0,1,0,11,833,17,5,0,129,0,81,0,0,0,0,5,5,0,0,3,0,0,3,0,0,0,2,12,2,8,71,0,44,1,142,1,4,41,0,40,0,9,0,0,0,0,13,1,0,21,4,1,0,0,1,3,0,0,1,5,2,0,40,1,0,1,0,0,54,22,0,2,36
2021,"Barnet 007","E02000030",9476,1799,91,6,4,0,0,4,54,0,208,0,62,911,1,89,58,2,7,0,1,7,1,0,2,7,3,7,4,169,0,4,0,73,0,3,10,5,1,1,4,383,122,0,0,11,0,2,1,2,2,1,0,38,5,0,0,0,1,111,0,1,0,0,1,60,2,1,1,0,10,3,4,4,112,3,0,28,0,71,0,0,0,2,0,5,0,0,0,3,442,3,3,1,0,1,0,2,0,4,0,0,4,5,0,5,8,0,3,2,0,2,9,4,9,0,3,0,3,0,0,1,3,5,1,1,0,1,31,1,0,1,1,0,2,11,0,0,0,0,1,153,66,68,1,7,0,0,16,6160,0,20,6,3,0,2,9,5,0,4,2,2,17,0,0,1,16,2,3,3,4748,0,168,5,18,0,13,41,99,0,1,15,19,281,25,47,122,11,3,5,7,1,2,0,0,14,0,2,63,3,8,0,0,80,58,17,11,59,13,5,12,0,15,1,15,5,3,21,14,4,1,1,0,0,9,580,9,0,0,1,1,74,3,0,0,0,0,3,2,3,1,1,0,4,0,3,0,2,11,11,7,41,0,8,6,142,3,4,85,0,6,0,10,0,0,0,0,6,2,0,20,7,1,0,1,0,0,0,0,1,16,0,2,2,1,0,8,3,4,23,12,0,6,24
2021,"Barnet 008","E02000031",8335,1640,78,1,4,0,0,4,65,0,278,0,31,798,0,92,43,0,8,0,3,8,2,0,3,17,6,2,7,71,0,0,3,65,5,0,16,5,2,7,16,242,87,0,0,4,1,2,2,0,3,7,0,24,3,1,2,1,1,49,0,0,0,0,0,29,7,0,0,0,5,12,1,1,92,1,0,24,0,55,0,0,0,3,1,5,0,0,0,3,496,1,4,7,0,1,1,4,0,2,0,3,3,2,0,4,0,6,2,3,0,1,16,3,8,2,6,1,6,2,0,1,0,0,0,0,2,1,23,3,0,0,0,2,0,1,0,1,0,0,5,181,76,80,2,4,2,3,21,5167,3,25,2,0,0,4,13,0,1,2,1,18,43,3,0,3,11,2,6,3,3525,3,229,2,13,0,12,58,153,0,8,22,23,263,18,65,92,7,0,3,7,0,11,0,0,16,0,2,86,6,3,4,0,67,94,9,26,63,26,8,8,1,11,5,13,4,1,39,6,5,5,0,1,0,4,698,8,1,1,9,0,67,0,0,0,0,4,0,1,0,6,0,0,11,0,2,1,4,27,5,5,60,0,28,7,183,2,9,108,0,14,4,4,3,0,0,0,0,3,4,18,7,7,0,0,0,2,0,0,3,4,0,2,0,0,2,7,7,0,17,11,0,0,30
2021,"Barnet 009","E02000032",7932,1658,11,2,1,1,4,0,156,3,208,1,14,841,5,39,20,4,1,5,5,40,2,2,1,11,0,0,2,153,0,2,1,75,0,0,31,4,0,4,9,145,54,0,0,0,0,0,11,1,0,0,0,17,0,0,1,0,0,41,0,0,1,0,3,10,1,0,0,0,2,0,0,3,140,1,0,10,0,109,0,0,4,8,5,3,0,0,0,0,435,2,0,0,0,1,0,10,1,4,0,0,5,3,0,5,1,2,1,3,9,0,15,10,8,2,2,0,4,0,0,0,2,0,0,0,0,5,31,3,0,0,0,0,0,2,0,3,0,0,8,171,31,53,0,6,2,0,30,4676,0,35,0,0,0,2,8,1,3,0,0,4,42,0,0,0,40,10,1,4,2859,1,217,0,15,2,7,82,360,2,12,10,6,182,2,55,34,25,3,5,13,1,5,0,2,17,1,3,68,2,10,0,0,72,53,5,18,55,22,3,5,0,12,1,23,6,0,135,81,12,0,4,0,1,17,878,4,1,1,2,1,52,10,1,0,0,4,1,5,6,5,1,1,17,0,2,3,2,97,0,10,214,0,24,2,44,3,5,57,0,31,0,20,0,0,3,0,1,0,0,3,9,11,0,3,0,1,0,0,0,0,0,0,0,0,1,1,8,2,46,124,0,0,39
2021,"Barnet 010","E02000033",8898,1374,70,1,2,0,0,8,54,5,114,1,34,618,1,117,4,1,5,0,3,24,1,2,4,15,0,6,0,103,0,0,6,116,3,3,19,0,2,17,15,316,103,0,3,11,0,0,24,0,4,1,0,19,3,0,0,4,0,87,0,0,0,0,5,31,3,1,0,4,5,0,6,2,267,15,0,54,0,160,0,1,3,5,1,24,0,0,0,4,616,3,0,0,0,0,3,12,6,2,0,0,6,8,1,3,4,1,0,4,9,7,24,5,11,1,1,0,1,0,0,0,3,0,0,3,2,2,85,2,0,0,1,2,0,3,5,3,5,1,7,137,61,148,3,6,1,0,24,5532,3,70,2,0,0,0,6,1,1,0,4,11,75,2,0,3,23,3,0,2,3718,3,202,0,11,2,4,71,156,2,3,18,19,260,2,57,30,21,13,3,19,4,13,0,0,8,2,3,129,5,6,8,0,86,132,23,18,110,17,6,7,0,6,1,28,4,0,53,18,14,3,1,0,1,6,793,13,0,3,6,1,84,0,2,0,1,1,9,1,4,3,3,0,8,0,1,1,4,18,6,5,97,0,32,5,171,13,1,29,0,31,1,8,0,1,0,0,7,0,15,9,8,6,0,3,1,1,0,0,16,5,0,1,0,8,2,8,8,0,51,31,4,0,46
2021,"Barnet 011","E02000034",9078,1542,59,1,2,0,0,2,86,0,197,0,50,685,0,123,39,8,4,2,2,4,3,2,6,16,2,6,5,129,0,0,1,66,0,1,17,8,6,8,2,337,111,1,0,11,0,0,17,0,4,0,0,34,10,0,3,0,5,63,0,0,0,0,2,57,3,2,3,0,4,1,1,5,172,2,0,34,0,117,0,0,0,4,0,9,1,0,1,4,516,0,3,0,0,1,1,4,0,6,3,8,1,3,2,1,5,3,6,0,1,1,10,4,9,1,1,1,4,1,0,1,2,0,0,1,0,5,42,2,0,0,0,0,0,2,0,0,3,2,4,177,70,71,2,14,0,5,33,5841,0,96,1,3,0,9,14,1,0,4,5,8,81,6,0,4,15,7,1,23,3692,0,292,0,13,2,18,109,168,3,16,35,26,294,1,95,64,18,1,1,17,2,12,4,0,13,3,2,59,7,6,5,0,114,157,10,11,115,17,9,17,2,7,4,20,1,0,67,8,7,7,0,0,0,12,670,13,0,0,7,4,100,0,1,0,0,0,1,0,1,4,3,0,8,0,1,0,3,14,4,8,91,0,27,6,157,2,1,69,0,19,1,1,1,0,1,2,1,1,1,21,2,3,0,0,0,0,0,0,2,0,0,8,0,4,2,3,3,0,16,19,0,0,34
2021,"Barnet 012","E02000035",8518,1894,69,2,5,0,0,11,39,1,254,1,68,820,10,179,151,1,5,0,4,7,0,4,4,10,4,3,3,145,0,0,0,49,8,1,7,8,2,9,10,267,93,0,0,4,0,0,5,1,2,5,1,31,8,0,0,0,0,86,0,0,0,0,1,16,0,2,2,0,1,2,2,5,113,6,1,24,3,64,0,0,0,2,0,10,1,0,1,1,394,0,0,1,0,4,0,6,4,4,1,0,0,1,6,1,4,0,1,0,0,0,7,1,10,4,6,0,5,1,0,2,1,0,1,2,0,2,32,1,1,1,0,1,1,0,0,1,0,0,5,134,70,39,2,6,0,1,24,5070,1,74,1,0,0,5,14,1,0,0,3,4,47,1,0,3,4,9,1,4,3037,4,296,2,19,1,24,95,93,2,19,42,28,189,23,105,131,5,1,3,9,0,11,2,0,26,1,0,78,11,9,4,0,80,94,28,35,192,35,2,8,1,19,0,39,7,0,54,3,13,5,0,5,1,7,780,7,3,2,2,1,86,0,0,0,4,4,9,3,1,11,0,0,5,0,5,1,5,5,10,8,19,0,33,9,200,2,12,106,0,23,0,4,2,0,0,0,5,9,0,57,5,5,4,1,0,3,0,0,34,0,0,0,0,6,0,0,2,0,23,2,0,5,37
2021,"Barnet 013","E02000036",11244,2424,182,3,5,0,1,4,128,1,249,3,67,1105,5,102,9,2,6,0,4,13,8,7,23,19,5,7,2,297,0,0,4,120,4,3,13,3,0,6,14,870,331,7,0,28,0,0,3,1,6,5,5,89,11,0,0,0,6,227,0,1,2,0,7,101,10,5,4,1,7,1,10,2,297,11,0,75,3,177,2,3,0,7,1,11,0,0,0,7,516,1,2,2,0,5,2,21,0,3,1,0,2,2,0,0,0,0,4,0,4,2,6,0,12,1,5,0,2,0,0,6,1,1,4,1,1,1,37,3,0,3,1,0,0,0,1,0,0,0,11,132,107,101,0,9,0,1,18,6176,0,59,0,0,0,2,7,0,1,3,0,9,50,0,0,1,3,5,1,6,4077,1,202,1,13,8,12,22,22,0,5,16,30,139,23,34,237,27,0,10,11,1,2,0,0,8,0,0,140,12,5,0,0,119,122,22,43,514,20,2,24,2,25,10,15,1,1,27,2,5,2,2,0,0,13,961,14,1,2,1,1,180,0,0,0,6,0,0,1,4,9,0,0,2,0,2,0,1,12,4,5,6,0,24,9,163,0,2,285,5,21,0,1,0,2,0,0,8,8,1,37,9,12,2,1,0,0,0,0,23,1,0,0,0,3,1,0,20,0,18,3,0,0,51
2021,"Barnet 014","E02000037",10834,2495,152,10,15,0,5,17,49,0,159,2,50,1569,2,91,12,6,4,1,8,2,5,6,10,12,7,2,4,170,1,0,3,90,0,4,13,0,0,5,9,555,202,2,0,10,1,0,8,4,0,1,4,75,4,1,0,0,0,150,0,0,6,1,2,45,10,3,7,0,5,0,3,11,225,5,0,51,2,136,1,2,2,7,0,9,0,0,0,10,383,0,3,0,0,2,0,2,0,2,1,0,1,0,0,2,3,0,3,3,0,0,3,2,4,0,0,0,11,1,0,1,1,0,0,0,0,0,37,7,0,0,0,0,0,1,0,26,0,0,1,117,57,60,2,5,0,2,23,6031,1,23,0,1,0,0,7,4,2,0,0,7,14,0,0,0,1,1,3,5,4419,2,178,2,21,1,6,18,12,0,0,21,8,74,24,18,334,8,2,7,9,0,1,0,7,17,0,2,71,14,8,8,0,72,57,13,17,360,7,4,8,0,58,2,9,3,4,27,5,1,5,5,0,0,13,1145,44,3,2,3,1,212,0,3,0,0,0,1,0,3,6,0,0,0,0,0,0,5,8,10,0,4,0,6,8,75,2,1,540,0,25,0,3,0,5,0,0,3,4,4,26,5,3,1,1,1,1,0,0,13,0,1,8,0,2,0,5,15,1,19,2,0,0,60
2021,"Barnet 015","E02000038",10719,1982,114,4,3,1,0,8,100,3,206,3,48,1005,2,110,34,0,12,1,6,26,4,1,7,13,6,2,4,131,3,0,0,66,1,2,14,8,5,14,15,497,175,3,1,19,0,0,12,0,2,3,0,44,9,2,4,1,0,102,2,1,8,0,6,69,9,4,0,0,2,1,8,10,283,4,0,40,0,198,0,0,0,11,1,13,0,0,12,4,682,1,3,5,0,3,1,12,0,4,0,5,5,7,0,3,0,1,4,3,3,5,19,3,14,6,4,0,6,1,1,1,2,0,11,0,3,4,49,2,3,0,0,0,3,1,2,9,3,0,4,190,103,126,0,8,1,0,38,6430,0,97,1,3,1,5,19,4,4,4,2,7,78,4,0,4,19,16,3,6,3991,0,323,8,8,0,14,150,156,17,14,43,23,283,12,102,91,49,9,7,18,1,10,5,1,27,1,1,93,4,4,0,0,136,167,9,34,127,28,5,13,2,17,2,40,7,3,71,4,1,2,1,0,0,19,845,18,8,2,5,1,97,3,0,0,7,5,9,1,2,4,0,0,10,0,2,4,6,14,4,10,77,0,53,13,148,6,12,62,0,39,0,18,0,0,0,0,6,8,5,31,5,4,0,2,0,0,0,0,11,4,0,11,0,9,0,12,0,0,27,12,1,0,57
2021,"Barnet 016","E02000039",7172,1138,92,7,5,0,1,7,31,0,148,0,53,470,1,75,18,0,1,0,5,0,3,0,11,14,4,5,5,133,0,4,0,27,0,0,5,5,1,2,5,322,110,6,0,18,2,0,8,1,4,0,0,17,0,0,1,0,5,98,0,3,0,0,1,28,0,1,1,2,6,0,3,7,224,3,0,23,1,160,0,0,0,24,3,8,0,0,0,2,338,0,3,0,0,2,3,4,1,6,0,3,0,1,0,2,5,0,6,3,0,2,0,0,2,2,1,0,2,0,0,4,3,0,0,0,2,7,20,4,1,0,0,0,0,0,1,1,2,0,2,99,87,36,3,5,0,0,13,4562,1,34,0,0,0,0,8,2,1,3,0,4,16,2,0,6,0,3,0,3,3291,2,163,2,9,0,17,28,22,8,6,29,20,151,13,40,184,21,1,0,17,1,3,0,0,8,2,3,65,7,6,0,0,66,37,6,20,95,18,2,11,5,25,0,10,4,2,34,1,1,9,2,0,0,12,588,24,0,0,7,0,74,1,5,0,0,2,0,0,0,4,0,0,0,0,1,0,2,11,3,2,9,0,14,3,93,1,5,210,0,12,0,16,0,2,0,0,5,5,9,14,0,1,2,2,1,0,0,0,9,0,3,0,0,3,0,3,0,0,8,2,0,0,20
2021,"Barnet 017","E02000040",9135,1802,152,1,1,0,0,27,67,2,429,1,44,617,4,129,23,2,10,0,9,1,0,1,3,6,0,6,8,154,0,0,0,50,4,15,6,2,10,9,9,657,265,7,0,18,5,0,16,1,6,5,1,42,9,0,0,1,0,163,0,0,0,0,7,66,8,2,4,0,10,1,6,14,204,8,1,50,0,125,0,0,0,7,1,6,0,0,1,5,555,0,0,0,0,0,0,4,1,3,0,0,4,11,1,0,1,2,5,1,2,3,14,0,6,1,7,0,5,0,0,2,1,2,0,5,1,2,38,4,1,0,1,0,1,1,1,1,0,1,7,184,111,94,0,5,0,0,21,5012,0,34,0,4,3,0,12,0,5,1,0,6,24,0,0,6,2,9,3,5,3548,0,190,4,23,7,18,33,26,0,5,13,35,126,17,72,130,28,5,3,11,0,4,0,0,15,0,0,77,5,6,0,0,107,65,18,9,90,46,4,19,0,23,2,32,5,3,44,5,9,2,0,1,0,13,905,15,2,1,0,3,178,2,1,0,3,4,0,1,0,2,0,0,2,0,0,0,4,11,3,5,13,0,24,1,225,1,5,137,0,21,0,3,0,6,1,0,7,4,1,29,13,0,19,1,0,1,0,0,4,2,0,12,4,5,1,3,5,0,55,3,0,0,62
2021,"Barnet 018","E02000041",9456,2275,164,4,6,0,10,13,85,0,244,1,114,996,4,30,23,0,1,1,3,4,5,12,83,17,8,8,5,232,0,0,0,156,1,0,25,1,1,13,5,596,213,16,0,14,0,1,11,1,8,3,3,85,1,0,0,0,2,107,0,0,0,2,0,80,8,7,6,1,3,1,9,14,211,6,0,47,1,130,0,0,0,10,6,5,0,0,3,3,349,2,5,0,0,0,0,7,0,1,0,1,4,0,1,0,0,0,1,0,4,0,5,0,2,2,13,0,4,0,0,1,0,0,2,4,3,6,25,4,0,0,3,0,0,2,1,1,0,2,6,96,62,54,0,7,0,1,17,5048,0,46,1,3,2,0,6,1,2,2,0,3,32,0,0,1,0,7,2,3,3036,0,250,1,11,1,8,15,17,5,9,19,17,124,11,31,210,29,0,16,7,0,2,0,0,13,0,2,118,7,5,0,0,125,162,11,46,498,7,1,20,0,33,9,15,4,1,12,3,0,12,3,2,0,9,977,40,3,6,2,1,246,0,2,0,4,1,0,0,1,11,3,0,0,0,2,1,3,27,10,0,10,1,26,12,83,0,1,233,0,28,0,3,0,4,0,13,2,11,4,20,6,6,1,0,0,1,0,0,36,3,1,4,2,3,0,11,12,2,19,4,0,1,51
2021,"Barnet 019","E02000042",11559,3017,157,4,3,2,5,6,63,0,299,2,203,1366,14,215,155,15,9,2,9,21,3,5,6,24,6,4,3,208,0,0,0,64,6,83,0,10,4,19,22,357,149,0,2,24,0,3,5,2,9,4,0,18,8,0,2,2,1,53,0,1,2,0,3,42,5,1,4,0,6,1,9,1,235,9,0,33,0,157,3,0,1,4,2,11,2,0,8,5,663,0,2,3,0,2,0,6,2,8,0,0,0,4,5,2,5,1,5,4,0,3,8,4,15,3,3,0,5,1,0,1,4,0,0,0,0,0,40,4,5,0,0,1,6,3,0,1,0,3,1,306,84,69,2,7,1,3,31,6040,0,121,1,1,1,5,27,1,4,6,4,21,89,2,0,6,4,12,2,5,3380,0,353,1,37,1,59,77,67,10,56,53,59,285,21,154,132,16,2,15,14,1,11,0,2,23,1,1,134,13,10,1,0,136,191,23,31,160,18,1,17,2,16,11,35,6,2,45,6,16,4,3,1,0,15,1247,40,1,3,14,2,249,0,0,0,0,1,1,4,0,13,0,0,5,0,1,0,7,32,3,7,33,0,41,12,258,1,8,102,1,45,0,8,0,4,2,4,4,16,5,41,5,16,0,1,0,4,0,0,5,19,0,6,0,12,1,1,1,0,30,7,3,1,167
2021,"Barnet 020","E02000043",7565,2107,34,6,3,0,0,1,17,0,233,0,39,1045,4,76,417,0,14,2,8,4,1,1,3,10,2,7,7,110,5,0,5,28,8,0,5,5,0,6,1,191,73,3,0,5,0,0,4,0,1,1,0,21,1,0,0,0,0,60,0,0,0,0,0,13,0,0,2,0,0,2,2,3,63,1,0,10,1,44,0,0,0,0,2,2,0,0,0,3,431,1,0,1,2,2,2,3,0,5,0,4,1,1,5,5,5,1,4,2,3,2,9,1,7,0,4,0,6,1,0,2,1,0,0,1,1,2,22,4,0,0,0,0,2,4,1,0,1,0,5,188,50,32,1,3,8,3,23,4092,1,10,0,0,0,3,14,0,0,1,0,4,18,0,0,2,6,7,0,5,2617,0,246,2,26,4,11,57,48,4,10,22,23,108,48,98,175,2,1,2,3,0,4,0,0,21,0,0,51,8,6,0,0,103,88,6,17,40,28,1,14,0,33,0,22,4,2,34,4,8,10,4,3,0,3,681,2,1,0,0,0,43,7,0,0,2,1,1,0,3,17,1,0,3,0,5,0,3,8,3,2,33,0,14,2,125,1,18,206,0,12,0,11,1,0,0,0,0,4,1,11,13,0,0,3,0,4,0,0,1,63,1,3,0,0,2,0,2,1,4,1,0,0,42
2021,"Barnet 021","E02000044",8846,1972,329,4,2,1,2,17,79,0,243,9,216,504,2,81,10,0,2,5,0,10,1,8,101,15,16,2,0,175,0,0,0,99,1,3,22,2,1,1,9,1008,286,27,2,110,3,0,26,1,10,14,0,144,4,0,0,0,4,144,0,0,0,0,0,150,18,3,3,2,18,0,5,34,291,10,3,78,0,161,0,5,0,9,0,10,0,0,8,7,491,0,6,0,2,1,5,11,3,4,0,2,3,5,0,0,2,1,4,0,1,2,13,0,10,0,1,1,1,0,0,7,0,0,0,4,2,1,33,5,0,0,0,0,7,2,0,0,0,0,1,94,145,88,0,5,0,0,19,4291,0,44,5,3,0,1,2,0,0,0,0,4,43,2,0,1,6,1,0,1,2632,2,207,1,10,0,23,19,18,10,14,9,10,166,5,26,102,39,4,11,23,1,4,1,0,5,0,0,118,6,2,2,0,93,124,33,44,321,5,0,21,4,9,3,17,3,0,11,1,4,4,1,2,0,8,793,24,49,1,0,9,179,0,2,0,0,3,1,1,1,6,0,0,2,0,0,1,1,14,10,5,6,0,32,9,89,0,1,90,0,35,0,1,1,1,0,13,5,12,7,11,8,2,0,3,1,0,0,0,51,0,0,24,1,6,1,3,3,0,20,9,0,0,39
2021,"Barnet 022","E02000045",10521,1550,141,0,10,2,0,4,105,1,220,1,55,569,0,111,30,1,12,0,4,18,1,4,4,15,8,4,6,132,0,0,1,47,2,5,10,7,1,9,10,689,241,1,0,20,0,0,20,0,0,5,0,76,12,0,3,0,8,96,0,1,5,0,13,127,27,4,6,2,7,2,2,11,372,14,1,79,4,207,5,1,0,33,1,18,4,0,0,5,799,6,0,3,0,1,1,6,3,9,0,8,5,6,2,3,1,3,2,2,1,7,12,3,21,1,1,4,5,2,4,8,4,0,5,0,3,1,59,5,0,0,1,2,4,6,1,6,1,0,3,211,125,187,0,9,0,0,36,6281,0,116,1,0,0,4,18,3,2,2,3,19,90,5,1,2,8,13,2,11,3891,0,387,8,38,1,26,83,72,0,16,51,25,262,6,86,44,21,21,12,25,7,14,5,0,27,3,0,108,25,8,0,0,123,162,29,51,134,31,10,17,1,11,1,38,5,2,49,3,10,11,1,3,0,17,830,32,4,2,4,4,142,0,6,0,0,5,1,0,4,4,2,0,8,0,0,0,1,32,10,2,21,0,45,11,148,2,3,39,1,29,0,7,4,4,2,0,11,12,4,31,8,7,1,3,0,3,0,0,5,5,0,22,0,13,4,2,2,1,55,7,1,1,53
2021,"Barnet 023","E02000046",6962,1497,24,0,1,1,0,4,67,1,172,0,55,729,1,103,124,5,16,0,5,5,1,2,16,9,9,5,8,80,0,2,0,28,5,2,3,5,0,4,5,181,68,0,0,10,0,0,9,0,0,5,0,12,5,0,0,0,1,49,0,1,0,0,0,4,0,0,0,0,7,2,5,3,63,0,0,16,1,39,0,0,0,1,0,2,0,0,0,4,374,2,2,0,0,0,1,3,3,2,1,0,1,2,0,0,5,0,7,2,0,1,4,1,9,2,4,0,1,0,0,0,0,0,0,0,0,0,37,2,0,1,0,1,3,1,0,0,1,0,2,164,37,37,1,3,2,0,29,4257,0,55,0,0,1,2,13,0,1,2,2,10,40,1,1,2,42,19,0,4,2296,1,280,2,38,12,11,79,26,5,12,51,13,140,9,71,166,7,0,2,17,1,9,0,0,19,2,1,138,4,16,0,0,121,145,25,33,120,22,9,36,0,22,2,41,8,7,24,3,6,1,1,0,0,8,590,7,1,0,10,0,60,0,1,0,0,0,3,0,1,11,0,0,2,0,1,1,3,13,0,4,21,0,17,1,125,1,12,132,1,15,0,5,0,0,0,2,3,9,3,29,7,4,0,1,0,0,0,0,12,8,0,0,0,0,0,0,0,1,9,4,0,0,50
2021,"Barnet 024","E02000047",12387,3303,359,1,0,0,3,23,101,0,538,6,319,915,18,63,15,0,5,4,14,42,1,21,321,22,24,37,2,249,0,0,3,113,1,0,60,8,0,6,9,1582,625,9,0,30,0,1,31,1,6,11,1,172,10,0,2,2,0,213,2,1,15,6,10,372,21,3,1,5,5,3,8,16,426,27,0,107,3,228,1,3,0,11,5,17,0,0,11,13,745,0,1,0,1,1,1,8,1,7,0,3,3,1,2,0,1,2,2,1,0,4,6,0,4,0,2,1,7,3,0,7,1,1,1,0,3,1,44,2,0,0,2,0,1,3,1,0,2,0,3,154,270,151,1,4,0,0,31,5273,2,60,1,3,0,3,6,0,0,1,1,14,29,0,0,4,4,1,0,1,2614,1,288,0,15,0,6,23,6,6,10,21,6,266,0,33,19,56,0,0,28,3,1,0,1,3,5,0,186,3,7,16,0,117,183,49,99,899,10,9,39,0,0,3,29,2,1,36,6,6,0,5,5,0,22,1058,66,20,2,8,0,355,0,8,0,3,0,0,0,6,6,3,0,1,0,3,0,5,9,21,0,3,0,52,1,80,2,0,21,0,38,0,9,0,3,0,43,16,25,12,20,5,10,1,5,2,2,0,0,39,0,0,34,0,10,0,7,7,0,27,4,0,21,43
2021,"Barnet 025","E02000048",10297,1922,150,0,10,0,3,4,57,2,158,0,64,856,2,172,27,5,9,0,0,7,6,4,8,7,6,8,14,230,2,0,2,68,3,4,0,2,8,11,13,536,171,0,0,10,2,0,7,2,4,0,3,59,6,0,0,0,0,189,0,0,0,0,3,56,0,5,5,0,6,0,2,6,193,3,0,33,0,140,0,0,0,3,0,9,0,0,1,4,472,0,1,0,0,5,2,5,1,4,0,3,0,0,2,2,0,1,4,0,3,3,12,1,6,2,9,0,13,3,0,3,1,0,0,1,1,7,44,3,0,0,0,0,3,1,0,5,0,0,9,158,58,59,0,9,1,0,27,5856,2,40,1,0,0,5,17,2,2,2,2,23,16,1,0,7,3,11,3,8,3790,0,261,3,41,2,12,40,49,1,16,27,30,133,30,67,337,10,7,2,16,2,3,0,0,25,3,1,119,3,4,5,0,144,132,24,45,134,21,9,18,3,17,4,27,6,3,37,1,3,16,5,0,2,21,1318,37,4,6,3,0,144,0,0,0,3,4,0,1,2,7,2,0,2,0,0,2,2,14,7,2,19,0,26,4,297,2,4,468,0,26,0,4,0,5,0,0,4,9,8,56,19,11,1,0,0,0,0,0,3,9,1,10,2,1,2,6,1,0,21,7,0,2,48
2021,"Barnet 026","E02000049",10547,2365,353,1,3,0,7,11,93,1,322,3,233,588,0,121,28,0,7,2,8,18,1,23,36,32,9,7,6,269,0,2,0,64,7,47,18,3,7,28,7,2050,672,26,0,57,8,0,39,12,23,12,2,152,22,0,0,0,2,298,1,2,7,0,10,568,80,5,0,1,23,3,10,15,439,21,1,135,0,220,7,0,0,7,7,20,0,0,10,11,707,0,6,1,1,5,0,6,3,6,0,3,2,2,3,0,0,1,3,2,1,1,12,3,7,0,4,0,6,4,0,7,3,0,1,2,3,0,76,2,0,1,1,2,3,0,0,0,0,0,0,103,262,115,3,6,0,0,35,3831,0,52,5,9,0,0,14,0,3,1,8,7,38,1,1,7,1,15,1,1,2102,5,222,0,14,2,4,12,11,34,10,24,18,115,2,49,13,113,3,5,11,2,4,1,0,5,1,0,96,7,6,9,0,119,163,50,28,297,25,8,6,0,3,1,9,2,0,24,4,4,1,0,0,0,23,1155,37,16,1,12,3,417,0,3,1,0,2,3,1,3,4,2,0,0,0,2,1,3,13,12,0,6,0,74,4,167,5,1,14,0,18,1,7,3,11,0,1,27,9,0,46,11,4,2,0,0,9,6,0,23,1,0,28,1,5,1,1,6,0,24,10,5,5,83
2021,"Barnet 027","E02000050",10379,1937,113,1,1,0,0,6,124,0,135,0,54,1049,4,102,14,3,16,0,3,6,0,0,7,6,3,4,4,161,0,0,1,59,3,13,8,8,10,12,7,623,251,2,0,12,0,8,22,0,13,5,1,68,5,0,0,0,5,107,0,0,3,2,8,74,6,2,1,0,15,6,2,5,249,7,1,55,0,151,7,0,2,5,1,13,1,0,3,3,652,4,0,0,0,2,2,10,8,4,1,1,8,2,2,0,2,2,7,1,0,1,18,2,12,2,2,0,10,0,0,6,3,0,3,0,2,0,41,12,1,1,0,0,4,2,1,4,3,2,4,179,87,164,3,5,1,0,21,6033,0,83,2,0,0,4,17,1,0,4,5,9,34,1,2,18,8,16,2,9,3767,1,325,7,17,8,13,87,34,2,8,51,12,299,8,81,148,30,2,4,19,0,10,3,1,35,3,0,123,6,16,0,0,112,192,32,19,70,30,73,25,0,14,0,22,14,3,56,3,16,6,1,3,0,7,885,8,1,0,71,0,139,1,3,0,2,5,0,3,3,10,1,0,5,0,6,30,2,15,13,7,23,0,33,7,120,2,4,165,0,19,0,4,1,1,4,0,18,5,4,26,11,8,0,0,0,0,0,0,4,0,0,1,3,2,1,3,4,0,34,4,0,0,49
2021,"Barnet 028","E02000051",9150,1585,51,2,2,1,0,6,44,1,131,0,109,654,9,176,111,8,3,0,6,6,1,0,8,16,8,5,1,102,0,2,0,67,0,17,7,16,0,1,14,397,174,3,0,12,0,0,12,0,4,4,1,25,6,0,0,0,0,98,0,0,0,1,3,21,0,0,2,0,2,2,6,21,110,4,0,29,0,66,2,0,0,0,0,4,0,0,1,4,411,3,2,0,0,2,1,4,1,6,0,0,0,3,0,1,4,0,4,0,1,0,7,0,7,1,10,0,4,0,0,1,0,2,0,0,2,6,34,2,0,0,0,2,2,0,0,1,0,2,8,132,80,47,0,11,0,1,17,5569,0,39,0,0,0,3,8,5,0,0,0,21,19,2,0,3,4,14,4,9,3468,3,267,2,25,0,12,70,39,4,7,50,41,127,41,63,393,6,3,3,13,1,1,0,0,18,0,0,103,17,9,3,0,147,163,14,32,108,33,6,23,3,35,4,18,7,3,17,0,12,8,5,1,0,10,1078,6,1,1,1,0,102,1,0,0,1,2,1,3,2,5,0,0,2,2,1,1,3,8,5,1,11,0,29,5,256,0,4,446,0,23,1,0,0,0,1,0,3,10,0,44,6,2,0,6,0,0,0,1,5,4,0,4,0,4,0,1,2,0,24,2,0,0,35
2021,"Barnet 029","E02000052",9838,1273,50,3,7,1,2,8,90,0,164,1,40,547,6,53,35,1,7,4,3,7,4,2,11,14,8,6,3,103,0,0,0,31,3,10,11,26,3,2,7,414,154,2,0,9,0,1,16,3,15,18,0,27,7,0,0,0,0,53,0,0,0,0,3,88,0,1,0,1,6,1,4,5,171,5,0,26,2,113,4,0,0,7,0,4,0,0,6,4,638,2,0,2,1,3,0,15,2,8,0,2,2,3,1,1,3,1,12,0,0,1,9,0,11,1,5,1,7,37,0,0,2,0,2,1,1,1,55,2,0,2,2,0,6,1,0,4,0,2,7,208,85,92,2,9,2,0,22,6688,4,30,4,1,1,0,44,1,2,3,0,16,53,1,2,2,6,13,3,15,4262,4,444,1,57,2,40,179,42,1,25,32,12,268,16,137,150,22,1,7,10,0,13,0,2,46,6,3,97,3,17,1,0,106,112,45,34,76,25,5,7,1,22,7,38,12,10,49,5,16,8,3,1,0,5,654,7,6,2,3,0,94,0,0,0,0,17,3,0,2,1,2,0,10,0,1,1,7,26,14,5,26,0,24,0,74,5,3,141,0,16,0,3,0,1,0,1,16,7,11,9,5,4,0,1,2,1,0,0,2,2,0,5,0,2,1,1,3,0,38,1,1,0,47
2021,"Barnet 031","E02000054",7624,1618,141,4,3,0,0,7,53,0,227,0,74,619,6,68,20,1,12,1,4,2,3,2,38,17,11,5,3,216,0,0,0,55,3,4,6,2,0,6,5,459,173,11,0,8,0,0,10,0,2,6,0,31,10,0,3,1,0,109,0,2,0,2,7,63,1,2,0,0,3,0,6,9,157,3,0,39,0,89,1,0,3,5,0,11,0,0,3,3,323,0,1,0,3,0,2,1,2,3,0,2,2,4,0,0,0,0,1,2,0,0,7,0,6,0,3,0,4,3,0,0,0,0,0,0,4,7,24,0,0,0,0,2,0,2,1,0,0,1,8,83,72,52,1,14,0,0,6,4015,0,58,0,4,1,9,5,4,1,2,0,8,32,0,0,1,0,12,2,3,1976,1,324,1,18,0,9,32,23,0,12,38,20,79,22,69,153,14,1,13,20,0,1,1,2,12,3,1,141,13,8,8,0,128,228,66,48,241,13,8,12,0,11,3,29,2,4,27,0,14,5,2,4,0,13,1052,31,6,4,6,0,159,1,6,0,0,4,0,3,2,0,0,0,0,0,6,1,1,15,13,0,7,0,28,0,147,4,0,366,0,19,0,3,0,4,2,0,4,31,2,37,5,5,0,4,0,0,0,0,7,5,0,11,0,6,5,1,4,0,10,0,4,1,72
2021,"Barnet 032","E02000055",11723,1852,111,0,1,0,6,10,46,2,243,2,199,778,9,93,39,0,7,3,24,0,4,9,9,15,12,11,2,130,0,0,0,36,2,7,5,19,1,8,9,655,263,4,0,14,0,0,21,1,7,6,4,42,27,3,1,0,5,145,0,1,5,2,4,63,2,2,0,0,5,0,9,19,236,7,2,43,3,144,2,0,4,10,0,11,0,0,5,5,498,1,3,5,0,4,1,10,2,3,0,7,6,0,1,0,0,0,0,0,3,2,14,2,16,4,1,0,12,0,0,1,0,0,0,2,0,6,51,1,0,1,0,1,0,0,0,0,0,1,7,117,103,71,2,11,0,0,26,7102,0,91,3,2,0,5,13,0,1,7,0,19,61,0,0,6,4,27,1,5,3455,11,420,2,50,4,22,55,24,0,27,80,17,134,35,87,401,65,3,12,60,1,1,0,2,40,0,3,210,10,9,1,0,288,345,98,89,554,29,4,34,3,27,2,36,11,16,50,2,2,8,2,0,1,15,1380,26,8,2,21,2,201,3,1,0,0,13,0,0,2,1,3,0,0,0,4,2,2,24,12,3,14,0,68,9,135,2,4,467,0,14,0,5,0,0,0,0,15,46,20,54,15,5,0,4,3,11,0,0,20,1,0,11,0,8,2,2,15,0,12,3,0,0,85
2021,"Barnet 033","E02000056",9124,1020,18,4,3,0,5,1,32,1,130,1,49,405,4,52,28,0,21,0,2,2,5,0,19,18,2,4,2,151,0,0,0,35,1,20,0,2,0,1,2,165,59,0,0,3,0,0,6,0,13,1,0,12,3,0,0,0,0,40,0,0,0,0,0,9,0,2,0,0,8,5,1,3,67,1,0,11,2,47,0,0,0,0,0,5,1,0,0,0,429,0,1,0,1,1,3,0,0,1,0,4,0,0,3,0,0,2,7,0,0,2,4,2,17,2,3,3,27,0,6,0,1,0,1,0,1,5,38,8,0,3,0,0,2,0,0,1,1,0,0,152,49,47,0,5,0,0,26,6382,0,16,0,5,0,4,36,5,0,3,2,5,31,1,0,2,0,12,6,3,4291,1,254,2,34,0,39,64,21,1,17,45,30,106,60,56,504,5,1,6,9,1,1,1,0,46,2,3,59,12,10,0,0,146,71,11,18,39,61,3,11,2,59,6,18,8,7,57,0,15,25,3,0,2,8,1061,14,1,0,0,0,83,1,3,0,0,5,0,1,0,8,1,0,0,0,5,1,6,17,9,0,6,0,22,2,135,0,7,570,6,6,0,1,0,2,0,1,7,5,0,25,6,6,2,0,2,0,0,0,1,6,0,2,0,7,1,4,5,0,17,1,3,5,43
2021,"Barnet 034","E02000057",8021,1021,59,2,0,0,0,2,20,4,101,2,59,441,2,106,14,0,10,1,3,1,1,5,5,4,8,0,2,99,0,0,0,39,2,0,10,2,1,14,2,277,122,4,0,15,1,0,3,1,5,5,0,9,2,0,4,0,0,42,0,0,0,0,1,26,6,0,1,7,4,4,7,8,71,2,0,18,0,48,0,0,0,0,0,2,0,0,0,1,239,0,0,0,0,1,0,7,0,1,0,1,0,0,0,0,1,1,1,0,0,1,4,2,3,1,1,0,8,0,0,1,0,0,0,0,3,9,21,2,0,0,0,0,2,0,0,1,0,1,3,61,45,40,0,3,0,0,14,5439,0,24,0,1,1,0,8,6,0,13,0,14,21,2,0,3,0,6,4,9,3461,0,185,1,18,0,12,13,11,0,5,49,15,77,19,36,434,3,1,4,16,0,1,0,0,36,0,4,108,9,1,0,0,170,161,28,51,256,13,0,21,0,18,1,28,3,13,13,4,11,0,6,1,0,10,974,3,3,0,4,0,135,0,4,0,0,1,2,0,2,2,0,0,0,0,7,0,1,11,6,1,8,0,36,1,94,0,0,470,0,27,0,6,0,0,0,0,4,7,0,19,11,2,1,4,0,0,0,0,8,0,0,0,0,4,1,1,4,1,6,0,0,0,77
2021,"Barnet 035","E02000058",10220,1300,46,0,1,0,0,10,56,0,109,1,136,429,1,233,34,0,21,2,0,5,0,5,2,10,1,6,4,130,0,0,0,28,0,1,12,7,1,5,4,279,91,2,0,1,0,2,2,0,5,0,0,7,10,1,0,1,0,89,0,0,1,2,0,39,2,1,2,0,3,0,5,13,102,3,1,26,1,56,0,0,0,3,0,5,0,0,2,5,410,1,0,0,0,0,0,1,0,5,0,1,0,0,1,0,3,0,0,0,0,2,7,0,7,0,13,0,8,0,3,0,0,0,1,0,0,7,36,9,0,0,2,0,6,1,0,2,0,0,4,124,56,56,1,13,0,0,40,7033,0,30,0,0,0,5,21,5,1,23,0,8,11,2,0,4,1,25,3,8,4463,1,298,3,35,0,42,60,21,0,18,58,24,129,42,102,542,5,3,8,8,2,4,2,0,53,5,1,77,9,23,1,0,203,171,17,109,93,26,9,21,0,61,5,48,7,13,28,1,3,9,3,2,0,18,1096,1,7,0,1,0,141,2,2,0,0,2,1,0,1,1,1,0,3,0,5,0,4,14,13,6,4,0,21,1,164,1,7,510,0,6,0,1,1,2,0,0,1,8,2,26,11,3,0,0,0,0,0,1,2,0,1,0,0,6,1,1,1,0,9,2,0,8,90
2021,"Barnet 036","E02000059",11625,3438,342,7,14,0,9,12,87,2,315,0,167,1624,16,91,24,0,12,0,15,15,8,16,10,15,12,10,33,367,0,0,3,145,3,0,39,9,0,9,7,764,283,5,1,23,1,0,20,2,8,3,1,76,3,2,13,3,0,184,0,3,2,0,5,67,11,6,8,0,7,3,5,19,370,12,2,101,3,217,1,1,0,7,5,14,1,0,0,6,587,2,4,1,0,2,0,45,0,4,0,7,0,2,1,2,1,0,7,3,3,2,12,0,15,5,0,0,2,0,0,3,0,0,2,0,1,0,34,6,0,0,0,0,5,0,0,1,0,0,10,138,130,109,0,1,0,1,26,5396,0,34,1,6,0,6,10,3,2,8,3,36,102,6,0,6,2,14,5,7,2184,2,370,1,28,0,15,65,44,1,15,57,20,271,3,73,48,52,0,9,34,1,4,2,0,8,4,2,225,7,2,13,0,142,295,48,59,877,20,3,12,0,6,4,26,5,11,30,2,14,1,1,12,0,17,1070,67,8,6,3,0,408,2,0,0,0,9,3,0,3,11,0,0,3,0,4,0,9,16,15,4,11,0,31,11,162,1,2,35,0,7,1,6,0,7,6,0,7,17,13,17,9,9,0,4,0,3,0,0,34,1,0,4,0,4,0,6,32,1,7,3,0,0,48
2021,"Barnet 037","E02000060",11553,1266,30,1,3,1,0,3,40,1,140,0,157,512,4,142,41,1,10,1,7,5,0,5,0,4,5,15,0,103,0,1,0,24,1,0,1,6,0,1,1,270,105,1,2,5,0,0,0,4,0,2,0,13,2,0,4,0,0,73,0,0,0,0,1,32,3,0,0,1,4,0,17,1,70,0,0,22,0,42,1,0,0,1,0,1,0,0,0,3,290,3,1,3,1,6,0,2,1,0,0,0,0,1,1,0,0,1,2,0,0,3,4,0,13,0,1,0,18,0,0,1,1,0,2,3,0,1,24,6,2,0,1,0,2,2,0,0,1,1,1,75,39,29,0,19,0,0,19,8043,1,26,0,0,1,2,12,6,1,29,2,9,30,0,0,0,1,7,1,7,5273,2,488,0,75,0,25,41,9,2,13,64,27,66,62,85,806,6,1,5,10,0,1,0,0,36,5,0,94,6,3,2,0,169,175,17,33,101,26,9,16,2,23,5,20,5,26,35,1,6,7,2,6,1,16,1614,7,3,0,11,1,165,0,0,0,0,0,2,0,0,0,0,0,0,1,1,1,6,4,4,3,2,0,14,2,180,2,6,1006,0,4,0,5,0,0,0,1,3,11,6,38,2,5,0,6,0,1,0,0,7,0,0,1,3,1,0,1,1,0,13,4,0,0,80
2021,"Barnet 038","E02000061",8349,1565,56,0,2,0,1,9,22,0,222,0,136,509,6,174,85,1,59,0,4,1,4,7,13,7,7,16,4,119,0,0,0,23,7,16,3,34,7,2,9,235,97,3,0,9,0,0,2,0,4,2,0,27,7,0,1,0,0,45,0,0,0,0,0,18,3,3,3,0,1,7,1,2,57,0,1,13,1,32,1,2,0,1,2,2,0,0,0,2,389,1,1,1,2,2,2,4,0,1,0,2,0,3,2,3,0,3,2,0,1,2,7,0,18,1,1,0,7,0,0,5,1,0,3,2,1,0,30,2,0,0,0,0,2,1,0,3,0,0,4,156,49,34,1,5,2,1,21,5159,1,26,5,0,3,3,21,2,1,20,0,11,38,2,0,2,2,2,5,11,2862,0,353,4,38,2,75,80,15,1,31,40,31,63,34,110,326,9,0,5,16,0,8,1,0,54,0,4,72,11,14,0,0,178,132,33,49,105,40,2,10,2,31,6,46,9,3,45,1,18,16,5,0,1,13,944,6,0,0,0,1,158,1,3,0,0,3,0,0,0,5,1,0,0,0,0,0,2,10,8,0,8,0,33,1,194,2,4,306,0,4,0,0,2,2,2,7,4,15,0,22,2,5,5,0,0,0,0,0,2,0,0,0,0,5,1,0,8,0,22,4,3,2,81
2021,"Barnet 039","E02000062",6969,1452,181,0,1,1,12,7,79,0,147,3,194,418,6,61,18,2,0,3,17,7,2,28,9,7,6,30,2,136,0,0,0,33,2,3,3,12,4,7,11,694,266,1,0,32,1,0,20,0,12,7,0,42,1,0,0,4,1,78,3,4,0,1,9,166,14,2,1,0,9,5,5,10,268,11,0,64,1,147,2,4,1,2,5,15,0,0,3,13,505,1,5,0,0,3,2,6,1,6,0,6,1,3,0,0,0,2,1,1,0,3,10,0,13,0,0,4,1,0,0,2,0,2,2,3,1,3,84,4,1,0,1,0,2,2,2,1,0,2,4,94,113,88,0,3,0,0,22,2960,0,71,2,9,0,0,8,2,1,4,3,15,46,0,0,3,3,5,1,5,1415,4,175,0,18,0,7,33,15,10,5,19,14,182,0,69,8,45,5,1,8,2,1,0,0,10,0,0,80,2,4,0,0,81,156,35,74,138,13,53,16,0,2,3,22,1,3,15,2,7,9,0,3,0,17,1090,15,4,3,2,0,558,0,0,0,3,3,1,1,1,5,2,0,0,0,8,0,4,9,19,3,5,0,45,2,87,1,3,26,1,30,0,4,0,8,0,8,22,15,1,26,15,5,0,8,0,0,0,0,10,0,0,13,0,3,1,4,19,1,24,3,0,3,56
2021,"Barnet 040","E02000063",7579,1560,126,1,0,1,34,11,94,0,171,0,195,373,10,111,17,0,6,5,10,7,2,27,7,21,4,31,3,229,0,4,1,36,0,10,0,6,0,5,2,540,180,0,1,5,6,1,2,0,4,7,0,20,1,0,0,0,0,160,1,0,10,1,3,84,1,3,0,0,30,10,5,5,160,4,0,39,1,96,1,0,0,5,0,6,0,0,0,8,481,1,3,3,0,0,1,2,0,4,1,3,0,1,0,0,2,2,1,0,0,3,14,1,13,1,4,0,1,0,1,1,0,0,0,0,3,2,49,5,0,1,6,1,2,0,0,1,0,0,3,135,117,59,1,6,0,0,27,3456,0,28,0,11,6,1,8,1,0,2,0,15,65,0,0,3,3,6,2,3,1649,0,260,0,18,0,21,26,15,0,22,41,29,211,4,104,33,48,0,6,15,0,2,0,1,15,1,3,90,16,10,2,0,119,174,36,53,136,16,2,8,1,8,9,36,8,1,17,1,10,3,5,0,2,15,1382,8,6,0,1,0,700,0,9,0,2,4,2,0,1,6,0,0,0,0,5,5,0,12,15,3,14,0,56,1,214,2,1,38,0,36,0,1,1,0,0,0,30,18,4,22,2,1,1,0,3,0,0,0,1,0,0,16,0,4,1,2,28,0,21,1,0,4,80
2021,"Barnet 041","E02000064",6686,1085,47,2,1,0,4,14,78,0,88,0,108,387,3,89,22,0,13,11,2,4,0,12,6,6,11,18,2,98,0,0,3,31,3,2,7,9,0,1,3,669,185,7,0,13,0,1,7,0,32,58,0,33,9,0,0,0,3,70,0,0,6,0,0,88,108,19,1,0,13,0,3,13,191,6,1,27,0,130,5,0,0,4,0,6,0,0,9,3,410,1,0,1,0,3,0,22,0,5,0,0,0,2,1,0,0,1,2,1,0,6,4,1,10,0,3,2,3,0,0,0,0,0,0,0,3,3,44,2,0,3,1,0,0,0,2,0,1,0,6,97,78,73,1,5,1,0,22,3606,1,35,1,11,2,0,8,8,1,7,3,15,37,1,0,6,0,8,9,13,2029,1,231,3,27,0,14,33,5,1,45,24,17,148,3,87,115,48,2,2,20,1,3,0,1,21,0,1,47,15,10,1,0,102,87,36,23,56,36,6,12,5,14,3,28,9,6,25,5,6,11,1,0,0,14,725,3,2,0,1,0,241,4,2,0,0,12,0,0,0,0,1,0,0,0,2,0,2,12,32,6,1,0,27,0,109,0,1,87,0,29,0,0,1,3,1,0,14,10,6,23,6,4,0,1,8,5,0,0,0,0,0,1,0,3,0,1,0,0,8,2,0,1,53
2021,"Bexley 001","E02000065",8061,627,4,0,0,0,0,0,90,0,144,0,20,134,4,3,1,0,1,0,9,2,0,3,56,1,3,1,3,68,16,2,0,8,0,0,8,5,5,31,5,3273,1412,0,0,168,3,4,12,3,2,9,0,178,4,0,0,8,0,1372,5,0,0,0,18,5,0,5,0,0,11,0,24,30,745,66,13,327,3,227,15,4,2,14,25,37,4,0,0,8,398,1,3,0,0,0,0,4,5,5,2,0,0,4,0,0,0,0,1,0,0,1,5,0,5,0,0,0,0,2,0,2,1,0,6,0,1,0,32,0,0,0,2,0,2,4,0,2,4,0,0,33,172,86,0,1,0,0,12,2738,1,5,2,0,1,0,2,0,1,0,0,3,73,1,0,0,6,1,0,0,2069,1,86,0,6,0,0,5,3,13,2,11,0,26,0,20,2,1,3,14,61,0,0,0,0,1,1,1,63,0,0,1,0,62,52,11,12,76,6,1,2,1,6,1,5,1,0,8,1,2,2,0,0,0,3,280,0,33,0,2,0,40,0,0,0,2,0,14,0,0,6,0,0,0,0,1,0,2,14,9,0,1,0,10,0,1,2,0,1,0,15,1,4,1,0,0,8,0,7,2,6,4,0,0,1,0,3,2,0,0,8,0,2,0,0,1,0,4,0,12,20,7,5,29
2021,"Bexley 002","E02000066",9442,986,52,0,0,5,2,3,36,1,301,0,30,243,0,2,2,0,0,0,1,5,3,0,59,5,1,0,0,52,7,7,0,25,1,0,13,5,1,120,4,2786,1198,0,0,143,8,0,12,5,5,1,3,198,7,0,0,2,0,1078,2,2,0,0,21,14,1,0,0,4,15,2,42,23,773,54,3,360,0,261,6,0,0,9,19,42,0,0,2,17,399,4,1,1,0,2,0,2,1,1,0,1,1,3,0,0,0,0,0,4,1,0,4,0,7,1,0,0,0,2,0,1,2,0,2,0,0,2,22,1,0,0,0,0,6,0,0,1,0,0,2,54,121,135,0,5,0,0,9,4253,0,17,0,0,1,0,3,1,1,0,0,0,42,0,0,2,6,0,0,0,3390,7,139,2,6,0,9,11,1,24,18,9,0,56,0,16,1,8,0,7,49,0,0,0,0,4,0,0,53,0,5,0,0,63,108,5,22,99,19,0,2,0,0,0,18,0,0,10,8,6,1,0,0,0,4,245,1,4,0,1,0,31,0,0,0,0,0,4,0,4,1,0,0,2,0,1,0,0,10,2,0,1,2,26,0,2,0,2,2,0,5,0,9,0,0,1,4,0,5,5,4,3,3,0,1,1,0,0,0,6,7,1,1,0,4,2,1,8,0,33,10,2,0,33
2021,"Bexley 003","E02000067",10227,1109,13,0,5,2,0,1,69,1,129,0,21,553,1,0,8,0,0,13,0,9,0,3,43,3,0,0,0,46,18,15,3,52,0,0,37,7,2,53,2,1727,723,1,0,76,7,8,18,5,6,6,1,106,5,0,3,2,0,639,0,0,0,0,9,35,0,4,0,1,14,3,43,12,571,38,0,254,0,221,4,3,0,10,7,28,0,0,3,3,511,2,1,0,3,0,0,5,3,7,4,0,0,0,0,0,2,0,2,0,1,0,8,0,0,1,0,8,2,1,0,6,1,0,1,0,0,0,49,3,0,0,3,0,0,0,0,3,1,0,0,92,127,148,0,6,0,0,21,5989,0,14,0,2,0,0,8,1,1,0,3,18,71,1,0,3,0,2,1,4,4596,0,190,5,15,1,9,5,5,86,5,25,0,72,0,29,1,3,0,21,80,1,2,0,3,3,0,0,127,2,3,0,0,55,196,26,22,170,6,1,14,1,9,4,15,1,2,26,5,9,6,1,0,0,2,320,0,19,0,3,0,30,0,0,1,2,0,9,1,3,0,0,0,1,0,0,0,3,4,1,0,0,0,16,3,5,5,0,3,0,14,0,5,0,0,0,3,1,3,5,5,0,1,0,1,0,4,3,0,11,80,0,0,0,0,4,2,15,0,12,4,0,0,38
2021,"Bexley 004","E02000068",8179,958,30,0,0,2,0,5,69,0,77,0,17,523,10,1,1,0,1,0,0,6,1,0,22,8,0,12,3,81,1,8,0,44,0,0,7,8,0,16,5,1684,707,2,2,71,2,2,6,5,3,1,0,103,0,0,2,0,0,655,4,1,0,0,34,5,0,8,0,1,14,2,33,21,539,33,11,225,1,193,4,2,1,16,20,25,3,0,0,5,409,3,3,0,0,2,0,4,1,6,0,1,8,5,0,1,0,3,4,0,0,0,3,0,6,1,0,0,0,0,0,4,0,0,2,1,0,0,33,2,1,0,0,0,1,0,0,1,0,0,1,58,100,137,0,1,4,1,11,4338,0,13,0,0,0,0,7,0,1,1,0,8,19,0,1,3,2,5,0,2,3559,0,91,2,6,0,4,25,2,62,6,12,0,58,0,17,1,17,0,22,35,3,0,1,0,2,0,1,47,5,5,0,0,27,86,11,14,90,13,0,7,0,5,0,3,2,0,22,5,4,3,0,1,0,0,251,13,5,0,2,0,24,0,0,0,0,0,3,4,2,2,0,0,1,0,0,0,4,2,1,0,0,0,7,2,1,0,0,0,0,14,1,1,0,0,0,3,0,2,0,2,4,0,0,0,0,0,0,0,12,75,0,0,0,2,2,7,7,0,5,12,0,2,27
2021,"Bexley 005","E02000069",7204,903,0,0,0,1,0,1,33,0,91,0,9,529,0,4,1,0,0,0,1,3,0,0,61,3,0,0,5,72,3,12,3,26,1,6,15,4,0,18,1,1076,446,11,0,37,0,0,8,11,2,10,0,71,9,0,0,1,0,399,0,0,3,0,13,1,4,5,1,0,5,12,18,9,306,12,2,122,1,128,1,0,0,6,6,21,0,0,0,7,320,1,0,0,0,1,0,2,2,0,0,0,3,1,0,0,1,1,2,0,0,0,6,0,2,0,0,2,0,1,0,0,1,0,1,0,0,2,19,1,0,0,0,0,0,0,0,2,2,0,0,72,63,111,0,0,0,0,21,4418,0,7,0,0,0,0,4,0,0,1,0,2,43,0,0,1,0,0,2,1,3807,1,84,0,4,0,3,8,4,40,8,8,0,50,0,19,0,6,0,2,31,0,0,0,4,2,0,1,48,0,3,0,0,30,58,13,14,63,6,0,7,0,2,2,9,0,0,6,4,4,0,0,0,0,6,181,0,2,2,0,0,11,1,2,0,0,0,0,1,4,0,0,0,0,0,0,1,2,5,1,0,1,0,11,2,0,3,0,1,0,5,0,2,0,0,0,2,3,4,2,3,2,3,0,0,0,0,7,0,3,56,0,0,0,1,0,1,1,1,7,6,1,0,21
2021,"Bexley 006","E02000070",8103,909,20,0,0,0,0,2,39,0,58,0,16,499,3,0,3,0,1,1,1,6,0,3,52,1,8,0,3,49,5,6,0,55,1,0,35,6,8,22,6,599,247,0,0,28,0,5,2,1,0,0,0,54,10,0,0,0,0,222,0,2,0,0,3,2,0,0,0,0,7,0,8,8,175,8,3,65,0,79,3,0,0,1,2,11,1,0,0,2,308,0,4,0,0,0,0,2,0,3,1,0,4,2,0,0,0,0,1,1,0,1,10,0,1,2,1,2,0,0,0,0,0,1,0,0,2,0,25,3,0,0,0,1,1,0,0,0,1,0,4,83,67,68,0,1,1,1,14,5864,0,3,4,0,0,0,4,0,0,0,0,9,32,0,0,2,1,1,2,2,5225,2,103,1,2,0,6,2,2,27,0,3,0,100,0,12,0,3,0,12,24,3,4,0,0,7,0,2,48,0,9,0,0,18,51,10,5,79,9,0,4,0,4,0,3,7,0,5,8,2,1,0,0,0,1,248,0,4,0,0,1,13,1,2,1,1,0,1,0,3,1,0,0,3,0,0,0,0,10,0,0,0,0,2,0,1,1,0,0,0,17,0,4,0,0,0,6,0,1,0,1,0,0,0,0,0,0,4,0,2,117,0,0,0,1,0,0,2,0,16,18,1,0,13
2021,"Bexley 007","E02000071",7678,694,6,0,2,0,0,0,65,2,60,0,4,378,0,1,5,0,4,0,0,7,0,0,12,6,3,0,4,26,13,14,0,28,0,1,24,2,0,16,11,578,229,0,0,27,0,1,2,1,0,0,0,37,1,0,0,0,0,240,0,0,0,0,12,0,0,2,0,0,5,0,11,10,217,16,5,72,0,88,5,4,1,6,5,11,0,0,0,4,262,1,1,3,0,0,1,0,0,4,0,0,2,1,0,0,0,0,0,1,0,0,9,0,0,0,0,0,0,0,0,3,0,0,0,0,0,0,18,2,0,0,0,0,0,0,0,0,0,1,4,56,57,90,0,0,0,1,7,5699,0,8,0,0,1,2,6,0,0,0,0,3,11,0,0,0,0,0,0,2,5258,0,59,1,1,0,5,3,1,38,0,6,0,65,0,13,0,3,0,0,22,0,2,0,0,2,0,0,49,0,0,0,0,12,23,8,9,42,7,0,1,0,1,0,9,0,0,7,9,6,1,0,0,0,3,228,0,5,0,0,0,22,0,0,0,0,0,0,1,0,5,1,0,2,0,0,0,1,13,0,0,0,0,3,0,0,0,0,0,0,1,0,6,0,0,1,11,0,0,0,0,2,1,0,0,0,0,19,0,7,86,0,0,0,0,0,8,4,0,7,10,2,0,10
2021,"Bexley 008","E02000072",12929,986,42,0,2,0,0,12,127,1,134,0,35,320,2,2,0,0,1,0,1,11,0,0,86,10,0,0,0,81,5,4,0,54,1,0,9,8,7,29,2,3242,1259,1,4,151,8,1,7,14,4,2,2,168,34,6,0,0,0,1446,0,3,2,0,27,4,4,6,0,1,18,1,51,18,828,64,4,369,0,282,8,6,0,26,30,28,0,0,0,11,535,2,2,0,1,8,0,4,0,17,0,1,2,3,0,1,0,3,4,1,0,0,11,0,1,0,0,0,1,3,1,1,0,0,0,0,1,0,40,3,0,1,0,1,0,0,0,3,3,4,1,86,159,154,3,1,0,0,8,7014,1,31,0,1,0,0,10,0,0,3,0,6,47,0,0,0,3,4,0,4,5909,1,125,3,7,1,7,15,1,102,4,16,1,60,0,20,2,10,4,16,54,0,3,0,0,3,2,0,104,7,0,1,0,63,116,19,19,119,10,0,9,3,5,0,3,1,1,30,18,3,1,0,0,0,6,324,13,9,0,0,0,38,1,0,0,3,0,1,4,3,3,0,0,0,0,3,1,0,6,0,0,2,0,16,5,8,0,0,0,0,13,0,9,1,0,0,19,0,1,2,8,0,1,0,1,0,0,4,0,4,31,0,0,3,0,0,8,22,0,12,17,0,3,49
2021,"Bexley 009","E02000073",10717,1679,10,4,0,1,0,0,28,0,173,0,10,1021,0,0,1,0,0,0,2,5,1,1,92,3,12,0,1,133,4,21,1,66,0,0,26,8,5,43,7,490,194,0,0,18,0,1,1,4,0,1,0,38,0,0,0,0,0,209,0,0,0,0,5,5,0,2,0,0,0,7,3,2,200,7,0,51,0,128,1,1,0,2,3,7,0,0,0,0,278,0,0,0,2,0,1,3,0,0,0,0,0,0,0,0,0,1,0,0,0,0,5,0,3,3,0,0,0,3,0,0,0,0,0,1,0,0,11,0,0,0,0,0,4,0,0,0,4,0,5,117,48,61,1,2,0,0,3,7771,1,16,0,1,0,0,4,0,0,0,0,0,14,0,1,0,4,4,0,3,7224,0,70,0,6,0,8,4,7,10,0,4,1,119,0,18,3,0,0,2,20,0,5,0,0,6,0,0,23,0,6,0,0,22,41,7,4,49,4,0,6,0,12,0,5,3,1,14,8,6,1,0,0,0,4,299,4,1,0,1,0,14,0,0,0,0,0,2,0,3,1,0,0,0,0,0,1,6,4,3,0,4,0,8,11,0,0,0,0,0,0,0,5,0,0,3,20,1,7,1,0,1,2,0,3,0,0,20,1,0,55,7,0,0,9,3,2,24,0,13,46,0,0,13
2021,"Bexley 010","E02000074",8863,586,11,0,2,0,3,0,51,0,69,0,13,234,3,2,4,0,0,0,0,1,0,4,58,0,1,1,1,62,6,13,0,22,0,0,13,5,0,7,0,1232,482,0,0,76,2,3,8,17,0,0,0,83,7,0,0,1,0,491,0,0,0,1,6,0,2,3,0,0,11,0,18,21,355,11,0,175,1,131,4,1,1,3,11,12,0,0,0,5,317,1,3,0,0,0,0,3,1,2,0,1,2,1,0,0,0,2,1,4,0,1,3,0,5,0,1,2,0,0,0,0,0,0,3,0,1,0,23,0,0,0,0,1,1,1,0,2,1,1,0,48,90,101,0,0,1,1,9,6178,0,8,0,0,0,0,6,0,0,0,0,2,23,0,1,1,4,0,0,1,5596,0,81,0,3,0,3,15,1,36,3,10,0,67,0,15,0,6,0,7,46,2,2,0,0,6,0,0,30,0,1,0,0,25,70,8,17,41,7,1,5,0,2,0,4,0,0,8,4,8,0,0,0,1,1,195,0,1,0,0,1,17,0,0,0,1,2,1,0,1,0,0,0,0,0,0,0,0,4,2,1,1,0,14,1,3,0,0,0,0,1,1,7,0,0,0,6,3,4,0,3,3,1,0,0,1,0,8,0,0,34,0,0,0,2,1,0,2,0,32,28,0,0,8
2021,"Bexley 011","E02000075",7978,870,0,0,0,0,0,1,46,0,127,1,9,487,0,1,11,0,2,0,2,5,0,0,22,1,0,0,4,22,1,13,0,55,0,0,33,8,4,9,6,244,101,0,0,12,0,0,0,0,0,1,0,16,1,0,0,0,0,105,0,0,0,0,0,0,0,2,0,0,5,0,1,0,123,10,1,36,0,68,0,0,0,3,1,1,0,0,0,3,216,1,2,0,0,0,0,4,0,1,0,0,3,2,0,0,0,2,0,0,0,1,3,3,1,0,0,0,0,1,0,0,0,0,1,0,0,0,6,4,0,0,0,1,0,1,0,3,1,1,1,66,33,56,0,0,0,3,15,6330,0,3,0,0,1,0,5,0,0,0,0,4,9,0,1,0,0,5,1,0,5930,0,56,1,7,0,2,7,4,5,2,2,0,101,0,11,0,1,0,5,9,0,1,0,0,1,0,1,21,0,0,0,0,23,21,2,6,35,3,0,1,0,6,0,7,2,0,12,5,8,0,0,0,0,3,195,1,0,0,0,0,9,0,0,0,0,0,0,1,6,1,0,0,1,0,1,0,0,3,1,0,0,0,18,4,0,0,0,0,0,0,0,3,0,2,0,5,1,3,3,2,0,0,0,0,0,0,16,0,4,45,0,0,0,1,0,4,14,0,9,24,4,0,9
2021,"Bexley 013","E02000077",8140,1356,24,0,0,0,0,2,43,0,210,0,14,574,0,0,2,0,1,0,0,13,1,0,208,13,6,0,3,54,3,15,6,89,0,6,29,4,0,26,10,407,176,0,0,13,1,0,0,2,0,3,0,15,1,0,1,0,0,183,0,1,0,0,4,0,0,4,0,0,0,0,1,2,127,10,0,20,0,87,0,1,0,4,0,3,0,0,0,2,238,1,0,0,2,0,0,4,0,2,0,0,0,1,0,0,3,1,7,4,0,0,7,1,4,1,0,1,2,0,0,1,0,2,0,0,0,1,15,1,0,1,1,0,1,1,0,1,4,0,0,81,21,60,0,0,0,0,6,5678,0,18,0,0,0,0,3,1,0,0,0,0,57,0,1,0,2,6,2,5,5067,0,77,0,4,0,2,4,8,11,3,3,0,79,1,17,3,2,0,10,23,0,5,0,1,3,0,1,37,0,2,0,0,24,44,8,7,61,12,4,2,0,6,1,9,1,2,14,6,3,1,0,0,0,15,334,0,3,0,1,0,21,0,0,1,2,4,0,0,0,1,0,0,4,0,0,3,8,3,0,1,5,0,5,0,0,2,0,2,0,7,0,14,0,1,0,52,0,9,0,3,1,1,1,1,0,2,4,0,0,58,0,0,0,0,0,8,10,0,28,43,0,0,25
2021,"Bexley 014","E02000078",7922,533,7,0,0,1,0,7,41,0,90,0,14,255,2,1,0,0,1,0,7,5,0,1,9,0,8,2,1,23,0,1,0,28,0,0,13,8,1,6,1,440,189,4,0,10,4,0,1,1,0,1,0,48,1,0,1,1,0,165,1,4,0,0,1,0,0,0,0,1,1,0,5,1,161,9,0,44,2,88,0,0,5,2,3,5,0,0,0,3,254,1,1,0,0,0,0,0,0,0,0,3,1,1,4,0,3,2,3,0,0,0,3,0,3,0,0,1,0,0,1,1,0,0,0,0,1,0,23,2,0,0,0,3,1,0,0,0,5,0,1,86,31,61,3,0,1,1,7,6402,0,6,0,0,0,0,5,3,0,1,0,3,19,0,0,0,1,2,1,0,5924,0,69,0,7,0,0,0,2,20,0,2,0,73,0,13,0,3,0,0,22,2,1,0,0,7,0,0,21,0,2,0,0,36,34,8,0,50,13,0,4,0,2,2,3,0,0,10,14,10,4,0,0,0,3,132,5,0,12,0,0,3,0,1,0,1,0,0,0,0,0,0,0,0,0,0,0,0,7,0,0,3,0,7,6,4,0,0,1,0,0,0,4,0,0,0,1,0,0,0,5,0,2,0,1,0,0,4,0,0,14,0,0,0,2,0,2,6,0,11,21,0,0,9
2021,"Bexley 015","E02000079",8763,1121,5,1,0,0,0,2,74,0,253,0,38,483,1,5,7,0,4,4,1,14,0,0,36,2,0,4,1,55,6,7,0,55,0,5,14,15,1,25,3,312,129,1,0,20,0,5,0,0,5,0,0,25,2,0,3,0,3,105,1,1,0,1,2,0,0,2,0,0,1,2,1,3,150,8,1,50,0,73,4,0,0,6,3,4,1,0,0,0,287,0,2,1,0,3,1,2,0,0,0,2,0,1,0,0,0,2,3,0,0,0,6,0,3,1,0,2,0,0,0,1,0,0,0,0,0,0,22,1,0,3,0,0,0,1,0,2,2,0,0,107,41,65,0,4,0,0,9,6688,0,40,0,2,0,2,8,0,0,0,3,4,45,0,0,0,2,1,2,1,5817,0,114,1,6,0,3,34,2,3,10,11,0,123,0,21,0,12,1,4,43,3,7,1,0,7,0,1,52,0,1,1,0,17,86,17,19,46,4,2,6,3,20,3,10,4,0,22,13,11,6,0,1,0,10,205,0,1,4,0,0,29,0,0,0,0,0,1,2,3,4,2,0,1,0,0,0,0,7,0,0,4,0,6,2,1,1,1,1,0,6,0,1,0,4,0,9,0,2,1,0,0,2,0,0,1,0,4,0,1,33,0,0,0,5,0,2,0,0,16,35,0,0,13
2021,"Bexley 016","E02000080",10064,1656,16,0,0,0,2,1,116,1,343,0,19,675,0,0,4,3,5,0,0,0,2,2,184,9,5,1,5,69,9,13,3,72,1,6,37,17,0,34,2,553,191,0,0,25,0,0,5,4,2,3,0,49,4,1,0,0,0,249,0,1,0,0,2,0,0,0,0,0,2,1,8,6,192,11,0,50,0,121,0,1,0,1,2,4,0,0,0,2,374,3,1,0,1,0,0,4,0,3,2,3,1,3,0,1,1,0,0,0,0,0,10,0,8,4,1,1,0,3,1,2,2,0,1,1,1,0,29,0,0,0,0,1,2,1,0,3,2,4,6,109,62,86,0,0,0,0,11,6957,1,22,0,1,0,0,9,0,0,0,0,1,53,0,0,0,6,1,2,1,6099,0,127,3,10,0,9,1,2,14,3,7,0,123,1,22,5,3,1,20,20,5,0,1,1,9,2,0,70,2,2,2,0,47,52,8,11,87,10,0,1,0,8,1,10,0,1,31,10,10,1,0,0,0,8,332,3,5,0,0,0,26,0,0,2,0,2,5,2,1,7,2,0,1,0,2,0,3,8,0,3,7,0,14,6,11,1,0,0,0,9,1,12,1,2,4,21,6,6,0,0,4,1,0,0,0,1,2,1,7,27,0,0,0,0,0,0,18,0,28,45,11,0,14
2021,"Bexley 017","E02000081",8311,805,0,0,0,2,0,2,68,0,165,0,9,370,0,3,0,0,0,0,0,8,0,1,19,5,1,1,1,34,0,6,0,57,1,4,24,7,0,11,6,420,185,0,0,19,1,0,0,0,0,0,0,30,1,0,0,0,0,160,0,1,0,0,5,4,0,0,0,0,3,3,3,5,130,3,1,47,0,69,2,0,0,1,3,4,0,0,0,0,262,0,0,0,0,0,0,3,0,3,0,0,3,6,0,0,1,1,0,5,1,0,6,0,0,0,0,0,0,0,0,0,0,0,0,1,0,0,18,0,0,1,0,0,0,0,0,0,4,0,0,71,57,72,0,1,1,0,7,6522,0,21,0,0,0,0,5,0,0,0,0,4,16,1,0,2,1,1,0,4,5896,1,79,0,7,3,9,19,5,21,1,3,0,82,0,33,1,1,0,2,21,1,3,0,0,10,0,1,41,1,1,0,0,29,56,3,12,40,22,2,3,2,10,2,5,1,0,16,7,6,5,0,0,0,4,172,0,0,0,0,0,20,0,0,0,0,0,0,0,0,1,0,0,0,0,0,0,1,4,2,0,4,0,3,0,1,0,1,1,0,7,0,6,0,0,0,14,2,0,2,1,4,1,0,0,0,0,9,0,5,35,0,0,0,0,0,4,3,0,12,18,1,0,10
2021,"Bexley 018","E02000082",9335,991,12,1,0,0,0,0,113,0,178,0,16,364,0,3,1,0,0,0,0,5,0,4,54,3,1,0,0,52,0,7,0,100,3,6,24,0,0,38,6,391,106,0,0,19,0,0,11,7,0,2,0,51,3,0,3,2,0,154,0,1,0,1,6,9,0,3,0,0,5,0,8,0,183,8,0,52,0,109,0,1,0,2,0,10,1,0,0,0,294,0,2,0,0,0,4,3,0,2,0,0,1,3,1,0,1,0,2,2,0,1,9,1,0,1,0,0,0,6,0,6,0,0,0,0,0,0,23,1,0,2,0,0,5,0,0,2,1,0,1,71,40,89,0,1,3,0,10,7186,0,22,1,0,0,0,10,0,0,1,0,9,15,0,0,1,0,3,0,1,6536,0,96,0,10,1,9,13,5,6,9,2,0,118,0,9,0,0,0,1,12,0,5,1,0,5,0,0,43,1,1,0,0,25,43,17,8,65,4,2,9,0,9,0,9,0,0,19,13,4,3,0,1,0,9,290,1,1,0,1,0,37,0,0,0,4,0,0,0,1,1,2,0,3,0,0,0,6,4,2,0,3,0,17,2,1,0,0,2,0,0,0,2,0,3,0,26,2,13,1,0,0,0,0,0,1,0,0,0,3,19,0,0,0,0,0,7,6,4,27,71,0,0,17
2021,"Bexley 019","E02000083",11264,802,21,0,0,1,0,1,135,0,111,3,18,233,1,7,1,0,1,2,1,3,0,0,26,4,0,0,3,46,6,0,2,83,2,4,38,7,12,21,9,878,325,0,5,33,11,3,7,1,5,0,0,41,3,0,1,0,0,396,1,0,0,0,6,5,4,2,0,0,9,1,11,8,264,16,1,102,2,122,4,0,0,5,2,8,0,0,0,2,379,0,0,0,1,1,0,3,0,2,0,3,6,1,2,0,0,5,1,4,0,0,7,1,3,0,0,0,1,1,0,2,10,0,1,0,0,1,21,0,0,0,0,0,0,1,0,2,2,0,2,73,70,145,0,0,1,0,6,8665,0,13,0,0,4,0,7,0,0,1,0,9,48,1,5,0,2,2,2,1,7768,0,112,0,6,3,11,14,3,38,14,15,0,114,0,21,0,3,0,15,51,0,4,0,1,9,1,1,35,0,1,0,0,58,84,18,11,73,19,0,10,1,7,1,15,0,0,13,6,9,3,1,0,0,1,276,2,2,0,1,0,36,0,1,0,3,4,0,2,0,1,0,0,0,0,4,0,0,5,5,0,0,0,23,2,7,0,0,0,0,10,0,3,0,0,2,7,3,4,1,3,1,0,0,0,1,1,6,0,0,7,0,0,0,0,1,8,33,1,50,16,0,0,20
2021,"Bexley 020","E02000084",11115,1346,3,1,4,0,0,7,82,0,219,2,12,713,1,3,10,0,0,0,5,2,0,6,51,0,0,0,2,63,14,5,4,66,0,15,27,5,0,16,8,347,147,0,0,18,0,1,1,0,0,6,0,11,0,0,0,1,0,145,0,0,0,0,1,0,0,1,0,0,5,0,4,6,167,10,1,47,0,92,7,0,2,2,0,3,1,0,0,2,379,0,5,0,1,0,3,2,2,3,3,0,1,3,1,1,0,1,3,0,4,0,8,0,1,0,1,0,0,0,0,0,0,0,2,0,0,0,34,1,0,0,0,0,4,0,0,10,3,0,2,110,43,109,1,1,2,0,14,8602,1,9,0,0,0,0,9,1,0,0,0,2,6,0,1,0,0,4,2,2,7963,2,84,1,13,0,4,13,4,10,2,11,0,136,0,25,0,4,0,8,4,0,3,1,0,5,0,0,37,0,1,0,0,56,39,4,12,27,16,0,2,0,6,0,11,3,0,18,25,9,2,0,0,0,4,274,0,0,0,2,0,13,0,0,0,2,0,0,0,0,6,3,0,0,0,1,0,0,7,0,0,6,0,8,5,8,4,0,0,0,1,0,5,0,1,4,22,1,3,0,2,2,0,0,0,0,0,9,0,1,55,0,0,0,1,0,5,21,1,12,45,6,0,12
2021,"Bexley 021","E02000085",7956,609,8,0,0,0,0,3,63,0,104,0,10,204,1,6,1,0,2,0,0,5,0,0,36,10,0,0,1,37,0,0,0,65,0,2,24,1,2,23,1,231,85,0,0,16,1,0,3,3,0,3,0,6,1,0,0,0,0,99,0,0,1,0,1,0,0,2,1,0,1,0,5,3,113,1,0,17,0,84,1,0,0,1,0,3,2,0,0,4,199,0,0,0,0,0,0,0,0,1,0,0,1,0,0,0,3,0,2,0,2,0,3,5,3,0,0,0,0,0,1,0,1,0,0,0,0,0,11,1,0,0,0,0,3,0,0,3,1,0,0,52,48,48,0,1,0,1,8,6667,0,6,0,0,0,0,7,0,0,0,0,2,12,0,0,0,3,0,1,1,6196,1,68,2,5,0,1,3,8,4,5,4,0,92,0,10,0,1,0,2,19,2,3,0,0,5,0,2,14,0,0,5,0,32,32,20,3,36,10,0,0,0,2,2,7,1,0,10,21,1,0,0,0,0,6,137,4,2,0,0,0,5,0,1,0,0,1,0,0,0,0,0,0,0,0,1,1,0,5,0,0,0,0,6,0,1,0,0,0,0,16,0,1,0,0,1,9,6,3,0,0,2,2,0,0,0,1,0,0,2,3,0,0,0,1,0,0,3,0,11,39,1,0,9
2021,"Bexley 022","E02000086",7177,402,22,0,0,1,0,2,48,0,77,0,2,175,0,0,6,0,0,0,1,3,1,3,0,0,5,0,2,11,0,0,0,17,0,4,6,3,0,9,4,111,43,0,0,2,0,1,0,0,0,0,4,4,0,0,1,0,0,52,0,0,0,0,2,0,0,0,0,0,0,0,0,2,66,0,0,13,0,48,0,0,2,0,0,1,0,0,0,2,209,0,1,0,3,0,0,0,0,0,0,0,1,4,2,2,0,0,1,0,0,0,8,0,0,0,0,3,0,2,0,0,2,1,0,0,0,0,6,1,0,1,0,0,0,0,0,2,2,2,0,78,27,54,0,0,0,0,6,6260,0,3,0,0,0,0,6,0,0,0,0,0,6,0,0,0,0,1,1,0,5867,0,58,3,5,0,2,1,8,4,1,2,4,105,4,6,1,3,0,1,8,1,4,1,0,3,0,1,22,1,1,0,0,16,29,7,0,25,7,0,3,0,0,6,6,2,1,3,9,4,2,1,0,1,4,129,0,0,0,0,0,11,0,0,0,0,0,0,0,0,3,2,0,0,0,0,0,1,7,0,0,1,0,3,6,6,0,0,2,0,6,0,3,0,0,0,0,0,3,0,0,3,0,0,1,0,0,0,0,0,3,0,0,0,0,0,2,10,0,8,32,3,0,13
2021,"Bexley 023","E02000087",8215,715,2,0,1,0,0,4,50,0,155,0,10,367,0,4,0,0,1,0,4,4,4,0,14,2,1,0,7,25,0,4,0,22,0,1,20,1,0,7,5,198,73,0,0,6,0,0,2,0,0,0,0,19,1,0,0,0,0,80,0,0,0,0,1,1,0,0,0,0,2,0,9,4,93,3,0,23,1,59,0,0,0,0,0,4,0,0,0,3,261,1,0,0,3,0,1,2,1,1,1,1,0,0,0,0,0,1,4,0,0,0,1,0,5,1,0,0,0,0,4,2,5,0,1,0,0,0,15,2,0,0,1,0,0,0,2,6,0,0,0,101,27,65,0,1,2,2,2,6847,0,0,0,0,0,1,11,0,0,3,0,9,14,0,0,0,0,0,3,1,6335,1,81,2,9,0,7,2,6,3,4,3,0,130,0,11,0,2,1,0,14,1,7,0,0,9,0,0,19,0,3,1,0,16,31,5,11,17,6,2,10,1,8,0,9,0,1,7,9,7,8,0,1,0,5,101,0,1,0,0,0,8,0,0,1,2,0,0,0,0,0,0,0,0,0,0,0,0,1,0,0,3,0,6,1,2,0,0,0,0,0,0,0,0,1,0,6,1,5,0,0,1,0,0,0,0,0,0,0,1,12,0,0,0,4,0,2,0,0,5,18,5,0,15
2021,"Bexley 024","E02000088",7757,546,3,0,0,1,0,0,33,0,97,0,5,275,0,0,2,0,0,0,1,6,0,0,11,7,0,2,1,60,0,7,0,14,0,0,7,2,0,10,2,169,75,0,0,11,0,1,1,0,0,0,0,12,0,0,0,0,0,57,0,0,0,0,0,3,0,0,0,0,0,0,2,7,52,4,1,11,0,31,3,0,0,0,1,0,0,0,1,0,190,0,0,0,0,0,0,2,0,0,0,3,0,0,0,0,0,0,2,4,0,0,3,0,1,2,0,0,0,1,0,3,2,0,3,0,0,0,16,0,0,0,0,0,1,0,0,0,2,0,0,79,20,37,0,4,0,2,3,6709,1,1,0,0,0,0,11,0,0,0,0,2,14,0,0,0,2,0,1,3,6349,0,50,0,2,2,6,4,6,0,0,6,0,83,0,7,1,2,0,2,9,1,6,4,0,4,0,0,22,0,2,0,0,6,28,6,3,9,7,0,5,0,10,0,3,0,1,7,12,3,3,0,0,0,3,91,2,0,0,0,0,9,1,0,0,0,3,0,0,0,0,0,0,0,0,0,0,0,1,0,0,0,0,2,4,2,0,0,0,0,0,0,0,0,1,0,0,5,0,0,0,3,0,3,0,0,2,6,0,0,7,0,0,0,1,0,0,0,0,8,21,0,0,10
2021,"Bexley 025","E02000089",7877,460,9,0,2,0,0,0,31,1,132,0,9,171,1,3,4,0,0,1,1,3,1,0,6,0,7,0,0,20,0,3,0,34,0,0,12,0,0,6,3,129,30,0,6,10,2,0,0,0,0,0,0,1,1,0,0,0,0,71,0,0,0,0,0,0,0,0,0,0,0,0,6,2,64,1,0,19,0,42,0,0,0,0,0,1,0,0,0,1,245,0,0,0,0,1,0,0,0,2,0,0,3,1,0,1,0,0,6,1,0,0,14,0,0,1,0,1,0,3,2,2,1,0,0,0,0,0,11,0,0,0,1,0,0,0,0,2,4,0,4,83,17,68,0,1,0,0,15,6842,1,4,0,0,0,0,7,1,2,0,0,2,7,0,0,3,0,1,0,1,6402,1,61,1,10,0,6,3,5,0,10,3,3,93,0,24,0,0,7,1,13,2,4,0,0,13,0,0,20,1,3,0,0,18,29,4,1,24,5,0,1,0,9,1,2,0,0,8,9,0,4,0,1,0,11,137,0,6,0,4,0,5,0,1,0,0,0,0,0,2,0,0,0,2,0,0,1,1,3,0,0,4,0,10,0,0,0,2,0,0,8,0,4,0,2,0,0,3,0,0,0,4,0,0,1,0,0,2,0,1,2,0,0,0,0,0,1,2,0,2,49,0,0,15
2021,"Bexley 026","E02000090",9641,607,1,0,0,1,0,4,67,0,116,0,21,249,3,0,2,0,6,0,2,2,5,4,4,5,6,1,2,33,0,0,0,29,0,5,11,6,0,12,10,203,91,0,0,9,0,0,0,0,4,0,1,12,1,0,3,1,0,66,0,2,1,0,0,0,0,0,0,0,2,0,9,1,113,2,0,28,0,76,0,1,0,0,0,4,0,0,0,2,374,1,1,1,0,3,0,7,0,7,0,0,3,4,0,0,2,1,3,1,0,0,2,0,8,1,3,0,0,3,3,1,0,0,3,0,2,0,19,0,3,1,0,3,1,2,2,1,3,0,3,112,46,100,0,2,0,1,15,8207,0,9,1,0,2,0,6,0,1,1,0,8,28,0,0,0,4,4,1,2,7474,1,95,0,10,0,5,8,1,0,11,14,4,139,0,33,2,0,7,2,11,0,4,0,0,11,0,1,22,0,3,0,0,32,77,18,16,49,13,1,16,0,4,4,15,5,0,14,6,7,0,0,0,0,5,137,0,0,0,5,0,20,0,0,3,0,1,0,0,0,0,0,0,0,0,0,0,2,7,0,1,3,0,5,0,9,4,4,4,0,7,0,1,1,0,0,1,0,3,2,3,1,0,0,0,0,0,5,0,3,0,0,0,0,2,0,0,0,0,14,17,0,0,9
2021,"Bexley 027","E02000091",10155,744,22,0,2,0,0,1,65,0,153,0,10,350,0,0,5,0,1,0,3,6,3,0,5,5,0,2,3,33,0,1,0,46,0,0,1,11,2,11,3,319,162,0,0,10,1,0,2,0,1,3,0,19,4,0,0,0,0,88,0,0,1,0,2,0,0,7,0,0,3,0,13,3,158,1,0,44,1,97,2,0,0,6,3,4,0,0,0,0,396,0,1,0,0,1,0,2,0,0,1,2,5,3,0,2,3,0,2,0,1,2,3,0,4,1,0,0,0,0,0,0,2,0,3,0,1,0,22,3,0,0,0,0,1,0,0,4,0,1,0,109,71,119,1,3,0,3,20,8390,0,9,0,0,0,0,2,0,0,3,0,1,22,1,0,1,0,3,1,3,7727,1,101,0,18,0,6,6,2,8,0,11,1,135,1,19,2,6,3,3,11,1,7,1,0,9,0,0,33,0,0,0,0,35,52,4,13,38,10,1,0,0,6,1,16,2,3,20,15,6,5,0,0,0,5,148,0,0,0,2,0,10,0,1,1,0,4,5,0,3,4,0,0,0,0,0,0,0,3,7,0,0,0,18,3,6,4,2,2,0,0,0,1,0,0,0,3,1,3,2,0,0,2,0,0,0,0,0,0,0,9,0,0,0,0,0,6,5,0,16,16,0,0,9
2021,"Bexley 028","E02000092",6747,337,15,1,0,0,0,1,44,0,56,1,32,93,1,1,1,0,3,0,0,7,0,1,0,1,0,1,0,26,0,0,2,29,0,4,2,3,3,9,0,437,204,0,0,34,1,1,1,0,0,0,0,24,7,0,3,0,0,134,0,0,0,0,0,0,0,5,0,0,4,1,13,5,209,8,1,58,1,124,2,1,1,8,3,2,0,0,0,0,255,0,0,0,0,0,1,2,0,2,2,0,0,11,0,0,0,0,0,1,0,0,10,3,4,0,2,0,0,1,0,1,3,0,0,0,0,0,21,0,0,0,0,0,0,0,0,1,0,0,0,42,41,98,1,3,0,1,4,5339,0,7,0,0,0,0,11,1,0,0,0,0,9,1,0,1,14,2,1,1,4867,0,69,1,4,0,1,2,2,36,4,11,1,58,0,12,0,2,1,2,32,0,2,0,3,2,0,0,17,0,0,1,0,10,44,11,14,27,13,0,4,0,6,0,3,0,0,18,7,2,2,0,0,0,0,170,3,4,0,0,0,18,0,0,0,0,2,3,0,2,0,0,0,3,0,0,0,0,5,1,0,1,0,12,1,6,0,0,0,0,4,2,6,0,0,0,0,1,4,0,6,3,1,2,1,0,0,0,0,5,4,0,0,0,1,0,0,6,0,10,34,1,0,18
2021,"Brent 001","E02000093",11866,5475,165,8,8,0,9,16,56,0,144,3,79,3858,16,22,5,9,2,0,1,10,2,4,46,4,5,8,3,479,0,4,6,315,1,0,166,7,1,5,8,512,182,0,4,10,0,0,10,0,7,7,1,60,0,0,0,4,0,64,0,1,0,0,3,119,27,0,4,1,3,0,0,5,477,3,0,62,0,368,3,1,0,10,0,14,2,0,5,9,390,4,0,0,0,10,1,5,2,1,0,4,1,1,0,0,1,0,8,0,0,1,2,1,4,0,3,0,0,0,0,1,0,0,1,0,4,3,48,0,2,0,0,0,3,5,2,2,0,2,5,128,44,68,0,0,1,1,21,4136,0,24,3,1,0,1,8,0,3,0,0,11,24,0,0,1,2,0,0,4,1402,0,223,0,30,0,7,16,17,6,4,19,2,235,0,39,3,15,1,2,3,0,10,0,1,2,0,0,142,4,5,1,0,161,133,20,145,1357,6,2,11,2,3,3,9,3,0,5,0,1,0,0,1,0,3,876,46,7,3,0,0,383,0,0,0,2,4,0,1,1,1,0,0,0,0,1,0,1,29,9,1,2,0,17,16,26,0,0,0,5,3,0,6,0,6,0,6,1,7,21,12,10,6,1,1,0,0,0,0,100,9,0,7,3,1,0,11,59,0,5,2,0,3,41
2021,"Brent 002","E02000094",10446,3904,290,6,5,0,6,21,123,0,284,11,54,1763,11,67,10,11,6,4,1,8,10,9,29,19,11,19,3,683,4,2,3,303,6,1,99,8,0,1,13,747,212,1,1,11,0,0,12,3,12,10,1,66,6,0,0,0,0,116,1,0,1,0,1,223,35,2,0,0,7,2,7,17,576,2,0,131,0,376,5,0,0,8,6,23,0,1,12,12,397,1,1,5,1,6,0,5,1,6,0,4,5,8,0,0,0,2,0,0,0,4,2,2,7,0,0,3,1,0,0,2,0,0,2,2,0,2,31,3,2,0,0,0,4,3,1,0,2,1,7,96,79,78,0,4,1,0,13,3922,1,24,0,5,0,7,4,1,0,1,4,9,29,0,1,0,0,13,2,2,1528,0,206,4,10,0,12,24,18,4,10,21,2,469,0,64,9,28,0,6,28,3,4,0,2,5,2,2,155,1,5,8,0,141,153,38,73,681,6,2,15,0,4,1,21,5,1,24,3,7,7,0,1,0,6,900,68,5,0,1,0,471,0,2,0,1,3,2,0,6,10,2,0,0,0,4,0,0,7,9,0,9,2,8,1,56,6,2,7,5,17,0,0,0,3,0,0,9,8,9,9,14,6,0,2,0,0,1,0,25,0,0,2,1,7,1,6,35,0,11,1,0,11,35
2021,"Brent 003","E02000095",10452,4981,182,4,6,2,3,11,65,0,68,7,36,3707,1,10,10,4,0,0,3,2,3,0,15,29,4,16,4,462,0,1,6,209,1,0,85,4,0,0,21,438,127,0,0,12,0,0,7,0,6,4,0,37,3,0,0,0,0,49,4,0,0,0,0,132,42,0,3,0,6,1,0,5,360,2,0,59,0,275,1,2,0,4,0,9,0,0,3,5,258,0,0,0,4,5,1,4,0,2,0,3,2,6,0,0,0,0,0,0,0,4,3,0,1,0,1,1,1,0,0,0,1,0,0,0,2,2,21,2,0,4,0,0,2,1,3,0,0,0,7,72,26,50,1,12,0,0,14,3509,0,28,0,5,0,2,3,0,0,0,0,15,12,1,0,6,0,1,1,2,1166,0,151,1,13,0,7,9,34,5,6,24,4,201,0,38,13,21,0,5,3,2,2,0,4,4,0,0,162,1,2,0,0,205,111,35,73,1060,5,0,2,0,2,0,11,1,0,21,2,8,2,1,11,0,5,906,44,1,4,2,1,425,3,3,0,0,3,3,0,2,5,0,0,0,0,2,0,0,4,2,5,8,0,29,37,26,2,1,16,3,17,0,4,0,1,1,5,16,14,5,7,4,10,0,5,0,0,5,0,65,5,0,6,0,6,1,9,37,0,17,4,0,0,31
2021,"Brent 004","E02000096",7633,4260,94,6,11,2,1,2,20,0,71,4,26,3515,0,7,7,0,2,0,6,6,0,3,12,10,2,7,4,225,4,5,3,146,0,0,46,2,0,0,11,88,35,0,0,0,0,0,0,0,1,0,0,16,1,0,1,0,0,13,0,0,0,0,0,13,3,0,0,0,0,3,2,0,165,0,0,23,0,132,0,0,0,2,0,6,0,0,0,2,192,2,5,0,1,2,0,3,0,1,0,1,1,2,0,0,0,3,0,2,0,3,1,0,7,0,0,1,5,0,0,0,1,0,2,0,1,2,20,0,0,1,0,0,0,1,0,0,0,0,3,69,17,24,0,0,0,0,11,2390,2,5,0,1,0,5,8,0,0,0,0,5,19,0,0,2,0,0,1,4,1013,0,190,0,2,0,10,13,14,0,9,16,4,190,0,23,27,0,0,4,10,0,1,0,0,2,1,0,100,3,0,0,0,72,49,11,41,508,3,5,1,0,0,0,7,0,0,3,2,0,0,0,0,0,4,538,16,1,14,0,0,219,0,2,0,0,3,1,4,4,4,0,0,1,0,0,0,3,11,0,2,21,0,6,34,7,2,1,17,0,1,0,4,0,0,0,2,3,4,4,3,2,4,0,2,4,0,1,0,29,23,0,0,0,0,0,11,41,0,2,0,0,0,25
2021,"Brent 005","E02000097",9534,3348,262,5,2,0,11,16,105,0,71,3,48,1764,9,37,5,29,1,1,1,11,6,9,18,17,5,8,0,530,0,0,4,285,0,0,70,2,0,1,12,462,163,0,0,22,1,0,1,0,11,1,1,35,5,0,0,0,0,71,0,1,4,2,4,103,21,2,6,0,2,0,4,2,562,6,0,70,0,438,1,0,0,7,4,20,4,0,7,5,335,0,0,2,2,6,2,5,1,4,1,2,1,1,0,1,0,0,1,2,0,2,7,0,2,0,3,0,0,0,0,4,1,3,0,7,0,4,46,0,0,3,0,0,1,4,0,0,1,0,8,85,44,61,0,4,2,0,12,3879,0,20,2,0,0,2,1,0,0,0,0,19,14,0,0,0,2,3,0,1,1496,2,187,0,17,0,4,19,8,7,5,23,5,504,0,63,10,5,0,5,12,0,3,0,0,4,5,1,122,11,0,10,0,115,117,25,64,891,5,0,12,0,2,6,23,2,0,6,0,8,3,0,0,0,8,948,28,0,2,1,1,547,0,1,0,1,3,0,1,2,5,0,0,0,0,4,6,7,14,1,4,11,0,7,7,63,3,0,4,0,13,2,4,0,2,0,3,14,12,27,13,7,0,1,2,1,1,0,0,29,0,0,4,0,0,0,14,24,0,3,2,0,2,45
2021,"Brent 006","E02000098",8739,3087,215,4,5,0,15,22,51,0,103,3,18,1839,1,15,22,9,6,4,4,4,1,1,32,12,2,29,2,464,0,0,0,147,0,4,40,3,0,2,8,475,105,1,0,14,0,0,5,0,6,6,2,48,10,0,0,0,0,73,0,0,8,0,0,161,14,7,2,0,5,0,0,8,700,7,0,108,3,534,10,0,0,3,1,25,0,0,3,6,353,1,12,0,0,1,2,11,0,5,0,2,3,4,0,3,0,0,0,4,0,2,5,0,2,0,1,0,0,2,0,3,0,0,0,0,0,1,34,5,0,0,0,0,0,0,0,0,0,0,15,78,61,80,0,0,2,1,13,2860,1,20,0,10,0,0,8,1,0,1,0,15,19,0,0,0,2,0,0,1,1221,0,214,1,64,0,9,12,4,8,10,14,15,158,1,34,9,5,0,4,14,0,0,0,4,9,0,0,99,3,2,6,0,120,118,15,47,510,2,0,2,0,1,5,7,5,0,5,0,8,8,0,0,0,9,1264,18,10,3,1,3,868,0,4,0,0,0,0,1,6,1,0,0,0,0,0,0,1,6,1,0,2,0,8,20,58,0,1,10,5,16,0,3,0,15,0,5,15,21,1,3,4,12,1,1,0,1,4,0,27,6,0,12,0,2,0,11,22,0,18,3,0,0,34
2021,"Brent 007","E02000099",9582,3601,212,2,6,0,10,3,75,0,109,3,42,2100,5,8,7,33,0,0,16,4,1,0,39,5,4,13,1,530,0,0,1,225,0,2,126,3,1,4,11,572,153,0,0,16,0,0,7,0,7,10,0,53,5,1,0,0,0,36,0,0,1,1,2,225,29,4,6,2,5,0,3,6,485,5,0,77,0,365,0,2,0,5,1,12,1,0,8,9,330,3,0,0,0,0,0,12,0,6,0,7,1,5,0,1,1,0,4,0,0,4,6,0,5,0,0,1,0,0,0,0,0,3,0,0,0,5,41,4,2,1,2,0,1,0,2,4,0,0,3,93,25,58,0,2,0,0,28,3519,1,15,6,4,0,1,5,1,2,1,0,15,26,0,0,0,3,3,2,3,1095,0,199,1,17,4,8,14,18,14,7,69,2,162,1,31,15,23,0,2,20,0,3,0,12,1,1,0,192,8,2,3,0,209,131,21,68,1027,0,0,3,0,4,2,17,0,0,0,3,6,6,5,0,0,5,1075,51,9,0,2,0,544,2,1,0,0,6,19,1,30,3,0,0,0,0,1,1,1,14,1,1,2,5,10,16,30,3,3,15,6,20,0,2,0,5,1,12,0,12,3,9,22,18,6,4,2,2,0,0,35,5,0,5,4,5,0,6,47,0,4,3,2,0,64
2021,"Brent 008","E02000100",8324,4468,78,11,11,0,5,15,40,0,190,6,197,2777,0,10,13,2,2,0,1,9,3,0,23,26,5,7,1,637,1,9,4,262,1,0,98,3,0,3,18,260,64,3,0,6,0,0,0,0,11,4,4,19,9,0,1,0,0,28,0,1,8,0,6,61,15,4,3,0,0,0,8,5,362,1,0,35,0,302,0,1,0,2,4,2,0,0,6,9,281,0,1,0,1,2,0,22,1,0,0,2,0,3,2,3,1,0,0,2,0,2,6,0,2,2,0,0,1,0,0,1,2,1,0,0,2,3,23,4,2,3,0,0,3,0,0,0,0,0,4,84,28,50,1,5,0,0,12,2168,0,6,0,0,0,1,2,0,0,1,0,3,14,0,0,1,3,7,0,1,1006,4,108,1,19,9,13,28,40,3,9,32,0,234,0,24,7,6,3,3,3,0,1,0,1,5,0,4,53,2,3,0,0,65,106,8,31,253,5,2,2,5,4,3,11,3,2,3,0,1,0,0,0,0,4,785,24,0,1,2,0,396,1,5,0,2,6,0,1,7,1,1,0,1,0,9,0,0,0,19,1,16,1,21,10,31,0,5,0,0,12,0,1,1,0,1,7,10,7,5,9,12,11,1,0,2,1,4,0,9,43,0,0,4,6,0,7,54,0,0,0,0,0,17
2021,"Brent 009","E02000101",9944,2985,218,2,4,0,25,10,52,0,49,0,65,1629,1,21,13,1,0,0,0,1,6,1,58,22,5,21,9,542,1,0,6,168,0,0,33,1,2,4,15,1193,324,12,8,31,0,2,22,1,24,2,1,106,3,0,0,4,7,123,1,2,0,1,2,383,95,0,8,0,19,0,0,12,976,12,2,235,0,631,10,1,0,12,2,35,1,0,20,15,448,0,3,1,0,3,0,11,1,8,1,6,1,9,1,1,2,0,3,0,0,5,9,0,6,3,4,1,0,0,0,3,0,0,2,0,1,2,47,5,1,0,0,0,2,0,0,0,0,2,5,83,74,120,0,8,1,0,13,3005,0,50,9,2,0,2,0,0,0,0,0,22,26,2,0,4,0,0,0,0,1130,0,228,0,29,0,4,38,16,6,14,25,4,277,2,60,9,17,0,10,14,0,2,2,0,2,16,0,121,9,0,8,0,98,153,16,75,422,6,1,4,0,2,1,35,3,0,11,1,10,1,0,2,0,4,1337,26,18,5,4,4,784,1,3,0,0,6,2,2,3,6,2,0,0,0,0,0,4,7,10,3,16,0,38,6,96,2,0,21,6,24,0,3,0,7,0,3,35,9,6,14,9,8,0,0,0,10,0,0,16,0,0,12,11,6,0,6,7,0,12,0,0,1,63
2021,"Brent 010","E02000102",8338,2455,391,1,2,1,49,9,54,0,24,0,89,957,8,21,0,15,0,0,8,0,0,0,13,10,8,43,0,631,0,1,3,80,0,1,13,2,0,3,18,1055,381,1,4,33,0,0,6,3,9,8,1,58,1,0,3,0,4,38,0,0,4,0,0,442,40,2,10,0,1,0,4,2,820,12,0,177,0,582,3,3,0,11,3,16,0,0,5,8,355,2,2,0,0,0,0,10,0,7,0,8,8,3,0,0,1,0,2,1,0,1,4,0,5,0,0,1,0,0,0,7,0,3,0,1,0,1,50,3,0,0,0,0,0,4,0,0,0,0,2,50,79,90,0,2,0,0,8,2498,1,12,5,19,0,3,0,1,0,1,0,18,29,0,0,0,0,7,0,0,830,1,145,0,5,0,9,9,8,12,6,22,3,297,0,48,1,8,0,2,26,0,4,2,1,1,1,0,109,6,12,1,0,120,228,43,54,337,4,2,3,0,0,6,17,0,0,0,2,2,5,0,3,0,7,1155,31,1,1,2,0,784,1,15,0,2,5,0,2,4,0,0,0,0,0,4,0,0,16,3,1,0,0,19,0,37,3,1,1,5,7,0,0,0,0,0,0,7,13,2,8,6,2,4,5,0,2,0,0,56,0,0,20,1,14,0,9,11,0,5,4,0,0,41
2021,"Brent 011","E02000103",9977,1938,243,0,2,0,22,12,64,0,56,0,149,439,15,48,11,43,0,1,12,3,0,14,11,6,8,33,0,645,0,0,6,52,0,2,23,6,3,2,7,1171,380,5,12,78,1,0,12,0,18,7,6,81,3,2,3,0,4,142,0,0,5,5,6,288,45,1,7,0,23,2,21,14,959,18,0,140,0,745,7,1,0,7,0,15,0,0,6,20,629,2,1,0,1,4,0,7,1,6,0,11,1,1,0,1,3,2,4,1,5,10,15,0,12,3,3,0,0,0,0,5,1,0,5,2,2,3,71,2,1,0,0,0,2,4,1,0,0,1,6,93,173,119,0,4,1,0,39,3625,0,44,8,50,0,7,8,3,0,0,5,43,28,0,0,3,7,10,2,2,1435,6,244,0,23,0,11,21,9,4,18,22,12,561,3,90,9,42,0,11,29,0,1,1,0,2,0,0,82,14,3,4,0,94,242,61,89,141,11,2,9,2,4,7,48,2,0,20,1,3,0,0,3,0,9,1655,23,35,0,6,1,1053,6,7,0,0,14,3,0,1,1,3,0,0,0,1,1,3,6,18,1,1,0,43,6,118,3,1,5,11,25,0,1,0,6,0,0,25,4,0,8,4,8,1,1,0,7,0,0,10,2,0,7,0,12,5,8,5,0,7,4,0,6,128
2021,"Brent 012","E02000104",7500,3199,121,1,2,2,6,9,83,0,82,7,30,1969,0,16,8,5,0,1,1,4,5,1,75,2,10,31,5,431,0,7,0,206,0,0,65,3,0,1,10,422,118,0,0,11,1,0,11,5,15,9,0,40,2,0,0,2,4,72,0,0,0,0,0,115,5,2,1,0,6,0,0,3,489,2,0,83,0,369,5,1,0,1,1,15,0,0,8,4,278,0,0,2,0,6,0,4,0,0,0,4,6,3,0,0,0,0,5,0,0,2,4,0,9,2,1,0,0,0,0,1,0,0,0,1,0,1,28,0,1,0,0,0,2,1,1,0,0,0,9,70,44,51,0,2,0,0,18,2304,0,30,0,1,0,0,5,1,1,0,0,8,11,1,1,0,5,8,0,1,845,1,197,2,7,0,4,12,14,4,6,56,2,202,0,23,11,8,0,3,9,0,0,1,0,3,0,1,92,8,2,4,0,65,88,28,60,422,10,2,1,0,0,1,18,1,2,4,0,9,1,0,0,0,2,808,38,0,2,0,0,488,0,0,0,0,4,5,5,5,0,2,0,0,0,1,0,1,8,2,0,8,1,16,22,21,1,2,11,0,10,1,2,0,1,0,9,1,3,4,3,9,3,0,3,0,6,4,1,12,1,0,3,0,11,1,20,18,1,3,0,0,1,34
2021,"Brent 013","E02000105",9848,4909,188,2,8,1,11,39,39,3,73,0,49,3003,4,9,7,0,1,0,2,3,10,6,192,26,2,4,3,624,0,2,5,400,0,2,158,9,0,1,23,610,171,0,2,21,2,0,9,0,8,8,7,48,1,0,0,1,0,79,0,0,0,0,3,184,31,8,0,0,12,4,6,5,697,7,0,108,0,527,0,6,0,16,2,21,0,0,2,8,368,1,3,4,2,4,0,12,2,2,0,6,4,7,0,0,0,2,5,0,0,3,0,0,1,14,4,0,0,1,0,3,0,0,0,2,2,1,29,10,2,0,1,0,3,2,0,0,0,1,4,94,41,78,0,0,1,0,17,2507,0,27,1,1,0,10,1,0,0,2,0,22,31,0,0,0,18,1,2,2,785,0,198,1,6,1,7,16,10,6,18,64,1,164,0,33,3,2,0,4,22,1,1,1,0,5,0,0,93,1,6,18,0,65,250,31,59,477,2,0,2,1,3,6,7,0,4,1,0,6,2,0,0,0,6,757,63,8,0,1,0,285,0,2,0,0,13,1,5,1,6,0,0,1,0,3,0,1,4,1,1,6,0,28,12,31,6,0,0,0,21,0,5,1,6,0,40,15,4,3,10,8,1,0,5,6,1,1,0,24,7,0,2,1,2,0,35,41,1,7,0,0,0,31
2021,"Brent 014","E02000106",10340,2505,220,0,0,0,22,18,69,1,38,0,187,892,1,17,10,8,0,9,12,2,1,2,21,8,7,24,2,750,0,0,0,136,0,0,18,13,0,4,13,1094,337,0,6,9,7,1,11,2,50,11,0,78,4,0,0,0,5,81,1,1,6,0,2,410,26,2,12,1,14,0,1,16,870,18,0,116,0,637,3,4,1,40,1,23,0,0,8,19,578,0,4,0,0,3,0,9,5,4,0,18,3,2,0,0,2,1,3,2,2,1,8,0,13,1,2,2,0,1,1,3,7,0,0,0,2,6,50,14,0,1,4,0,7,0,5,1,0,0,12,100,98,149,0,2,0,0,30,3833,0,15,0,7,0,0,3,0,0,0,0,54,36,0,0,2,32,7,3,1,1317,7,290,0,19,1,4,29,22,6,24,33,2,294,0,98,5,30,0,10,16,0,1,1,1,2,1,0,123,2,5,26,0,141,332,86,166,456,3,4,10,0,2,4,49,3,1,8,0,12,5,1,1,0,20,1460,19,7,1,1,2,980,2,4,0,5,22,1,2,2,3,2,0,1,1,4,3,1,22,16,1,4,0,33,5,40,7,0,8,0,7,0,4,0,6,0,9,16,14,12,10,16,11,0,9,7,4,0,0,38,1,0,9,0,7,0,3,7,1,3,3,0,3,61
2021,"Brent 015","E02000107",10924,2375,90,0,1,1,14,8,87,0,100,1,508,608,10,41,14,1,7,2,12,2,0,24,5,45,16,13,4,672,0,2,1,45,3,9,7,7,1,8,6,744,246,20,1,17,1,3,13,0,42,10,2,32,1,0,9,3,1,59,0,0,10,0,1,215,25,1,14,0,3,0,1,14,639,5,1,131,0,415,2,0,0,5,0,56,1,0,3,20,669,2,1,4,0,5,0,6,1,5,2,7,2,9,0,0,4,1,1,2,1,1,10,1,24,0,3,1,5,0,0,1,2,0,1,0,2,2,65,2,3,2,1,0,7,0,0,1,0,1,8,209,121,104,0,7,1,0,31,5208,0,44,2,4,0,0,38,4,0,6,7,33,103,1,3,1,4,12,3,7,2341,1,361,3,74,0,31,28,10,6,39,65,3,471,1,201,63,27,1,6,14,0,6,0,1,26,0,5,143,2,8,0,0,132,264,75,155,169,49,13,15,7,7,13,58,10,4,6,1,6,5,0,3,1,6,1289,7,5,0,2,2,765,0,3,0,0,13,3,1,4,0,5,0,1,0,4,0,3,13,57,1,2,0,62,6,63,4,1,54,0,19,0,0,1,3,0,0,30,29,2,17,7,3,0,0,0,8,0,0,16,0,0,7,0,13,2,1,1,1,2,1,0,0,45
2021,"Brent 016","E02000108",7261,3404,95,0,7,2,3,7,64,0,29,2,47,2054,0,9,3,1,2,3,3,6,1,0,138,29,3,11,3,385,2,3,1,311,0,0,168,1,0,6,5,523,127,1,0,7,0,0,6,0,8,3,0,23,7,0,0,0,0,29,0,0,0,0,0,276,16,0,11,0,5,0,0,4,525,11,0,98,0,380,4,0,0,3,2,18,1,0,4,4,273,4,7,0,3,5,0,11,0,3,2,4,1,7,0,0,0,0,0,0,2,1,3,0,4,1,1,1,0,0,1,0,1,0,0,0,2,1,43,2,0,0,1,0,0,0,0,0,0,0,5,60,20,59,0,0,2,1,15,1912,0,13,0,1,2,5,1,1,0,2,0,7,8,2,0,0,2,1,0,0,729,0,132,0,9,3,5,6,2,5,3,39,1,194,1,21,0,3,0,4,17,0,0,1,0,3,2,0,90,2,0,0,0,56,241,4,29,225,6,0,2,0,2,0,12,1,0,1,0,14,0,0,1,0,1,624,7,1,3,0,2,209,1,7,0,1,2,5,0,2,0,0,0,1,0,11,0,1,4,14,2,0,0,11,19,17,0,1,0,0,18,1,2,1,5,1,13,15,16,1,6,3,0,0,1,1,1,0,0,23,1,0,10,0,0,0,19,72,2,1,0,0,0,90
2021,"Brent 018","E02000110",8166,1681,54,0,2,0,5,5,42,0,98,0,84,682,0,12,11,8,18,0,4,0,1,7,6,17,6,12,3,521,0,0,0,54,0,3,7,7,0,2,10,428,147,1,2,7,1,4,9,0,12,6,0,24,1,0,0,1,2,49,0,0,0,0,0,133,15,1,5,2,2,0,0,4,616,3,0,150,0,422,5,2,0,6,4,12,1,0,2,9,629,8,0,0,0,12,0,3,0,8,2,7,3,2,0,3,1,3,5,13,2,8,7,0,32,0,7,1,1,2,0,2,0,0,2,1,0,1,65,6,1,4,2,2,2,2,0,0,0,1,9,177,92,108,0,5,1,0,16,3999,0,10,2,4,1,5,30,3,0,2,0,47,26,0,0,4,2,5,8,4,1953,1,283,3,71,2,27,48,7,0,30,23,2,391,3,141,34,9,3,4,11,3,5,0,0,29,3,5,69,5,15,5,0,75,141,55,107,107,19,16,7,0,15,5,66,2,5,13,0,8,2,6,3,0,9,813,17,32,0,0,2,438,0,3,0,0,15,2,1,1,4,2,0,0,0,3,1,4,7,6,2,4,0,32,12,39,4,2,38,5,13,0,2,0,7,2,0,9,6,4,15,5,3,1,3,0,4,0,0,6,0,1,5,1,10,2,2,0,0,2,0,0,1,33
2021,"Brent 019","E02000111",11279,7357,124,2,12,1,11,19,68,0,40,5,44,5622,2,10,8,8,2,0,2,14,0,5,186,29,5,4,3,584,0,1,1,371,0,2,141,2,1,1,27,531,165,2,1,17,0,4,3,0,4,1,0,49,1,0,0,0,1,48,2,0,0,0,0,192,7,0,3,0,11,0,1,19,617,6,0,101,0,460,5,0,1,6,1,23,0,0,8,6,289,0,0,0,5,3,4,9,0,2,0,0,1,7,0,0,1,0,1,2,0,0,4,0,7,1,0,1,0,0,0,1,0,2,0,1,2,0,23,5,0,0,1,0,2,2,0,0,0,1,2,72,44,60,0,1,0,0,22,1734,0,24,1,1,0,0,5,0,0,0,0,7,22,0,0,1,0,2,0,3,656,0,152,0,2,0,2,7,7,0,4,59,3,99,0,23,1,4,0,3,6,2,11,0,1,0,2,0,51,10,2,0,0,60,168,48,27,218,6,3,2,0,0,0,13,0,0,0,0,6,0,0,1,0,9,751,8,6,0,1,0,266,0,0,0,2,5,3,3,0,1,0,0,0,0,4,0,2,1,5,3,8,2,11,36,19,2,1,4,0,11,1,2,0,7,0,43,19,14,7,10,4,3,9,5,0,10,0,0,12,23,0,3,0,5,0,19,62,0,2,0,0,2,85
2021,"Brent 020","E02000112",11755,6683,95,0,4,1,3,7,107,3,80,2,124,5148,6,7,6,0,1,0,4,3,1,1,109,13,5,14,4,610,0,0,1,197,1,0,95,11,2,3,15,688,247,1,1,15,0,0,11,0,4,8,0,30,4,0,0,2,2,59,0,3,0,6,0,239,13,1,5,0,6,0,4,27,942,8,0,122,0,742,2,2,5,17,0,21,6,0,3,14,403,1,1,0,1,3,2,4,0,5,0,4,0,6,0,0,0,2,1,0,0,1,11,0,14,4,0,2,3,0,0,0,0,0,0,0,6,2,40,1,0,0,8,0,1,5,1,0,1,1,1,91,66,88,2,7,0,0,17,2348,0,27,1,6,0,0,4,0,1,0,0,27,26,0,0,7,0,5,2,3,686,0,179,3,17,0,3,25,8,4,12,56,1,136,0,52,2,12,4,6,17,0,1,0,0,3,1,0,110,4,2,0,0,84,239,36,47,414,9,5,6,1,4,4,25,2,2,2,0,6,3,0,0,0,6,691,23,2,0,2,0,267,3,4,0,0,16,1,1,2,4,1,0,0,0,4,0,3,15,5,1,2,0,19,34,22,1,0,1,0,7,0,1,2,10,0,29,4,22,1,3,6,8,1,0,0,11,0,0,27,3,0,8,0,7,2,12,47,0,3,0,0,0,44
2021,"Brent 021","E02000113",9635,1765,217,0,0,1,10,12,79,0,30,0,95,713,0,22,3,0,0,0,9,0,0,4,5,10,7,28,2,373,0,1,0,106,0,0,24,2,0,6,6,2602,641,2,1,80,3,1,44,3,36,13,5,218,15,0,1,3,2,139,0,0,3,3,3,1215,82,0,33,3,22,0,6,25,1715,42,0,321,2,1184,18,0,7,21,3,49,1,0,55,12,537,19,1,1,0,1,0,17,0,6,1,2,3,1,1,0,0,2,3,3,0,4,6,0,0,0,2,3,0,0,0,3,6,0,2,2,2,2,46,1,0,0,1,0,6,2,3,0,0,0,6,36,142,166,4,4,0,0,27,1964,2,30,6,8,0,0,1,0,0,0,0,12,9,5,1,1,0,0,0,0,1009,1,74,1,6,1,2,3,3,14,12,23,1,178,0,24,2,14,0,4,13,1,1,5,0,2,2,0,44,7,0,25,0,57,144,88,10,71,7,2,0,0,0,3,10,0,0,10,0,0,5,1,1,0,8,1052,22,10,2,6,9,493,1,1,0,0,11,0,3,0,0,2,0,0,0,0,1,2,5,9,1,4,2,44,0,24,1,1,2,1,121,1,3,0,7,4,0,33,9,3,9,7,8,0,2,0,10,0,0,10,0,0,59,7,4,0,5,19,0,0,0,0,3,71
2021,"Brent 022","E02000114",8984,1741,43,1,5,3,8,7,66,0,86,1,203,785,10,26,11,1,9,1,3,4,0,2,5,11,6,26,7,349,0,2,1,32,2,1,9,9,0,4,2,653,266,2,0,25,0,2,9,0,23,6,2,37,0,0,0,6,4,66,0,0,0,0,1,156,13,1,7,0,5,0,3,19,666,14,0,103,0,501,2,0,0,9,1,13,0,0,14,9,708,3,1,0,1,4,1,9,2,17,5,14,5,3,0,0,0,1,0,1,2,0,5,0,12,0,0,3,1,5,0,3,3,0,10,1,3,1,78,4,0,1,6,0,10,4,1,0,0,0,9,121,193,134,0,2,0,1,28,4327,1,23,2,13,6,4,26,2,3,7,2,100,35,0,0,2,11,6,2,6,1829,0,444,8,56,1,60,55,4,4,53,28,5,319,0,216,26,0,0,1,19,1,11,0,4,29,2,4,55,3,8,0,0,142,146,95,165,100,16,1,14,0,6,13,84,11,0,13,0,6,9,1,0,0,9,889,1,8,0,2,4,509,3,0,0,2,7,0,3,0,5,1,0,1,0,5,0,3,14,20,2,2,0,57,5,25,5,0,21,0,17,0,3,0,4,0,3,22,12,2,5,11,3,1,1,0,2,0,0,2,0,0,11,3,18,2,2,0,0,6,0,1,2,51
2021,"Brent 023","E02000115",8611,997,59,2,0,1,1,4,34,0,105,0,95,386,6,53,22,0,4,4,10,3,0,5,4,8,3,11,6,94,0,1,0,50,2,0,6,8,1,2,7,707,329,7,0,19,1,2,14,0,26,12,0,21,4,1,0,0,0,99,0,1,3,0,1,122,17,0,12,0,2,0,2,12,530,10,0,65,0,429,1,1,0,7,0,7,0,0,6,4,644,0,1,1,2,4,0,8,2,4,0,13,5,9,1,0,3,0,2,4,4,8,7,0,14,0,1,0,1,1,0,4,1,0,0,6,3,2,47,2,0,1,0,0,6,1,1,0,0,0,9,168,94,108,1,9,2,2,82,4651,2,27,0,2,2,0,58,8,3,12,11,20,17,0,3,3,2,8,0,12,2452,0,326,3,84,0,31,106,7,4,22,32,18,298,6,209,59,13,2,8,15,0,5,1,0,35,0,42,50,8,15,5,0,124,79,50,85,81,16,4,5,2,14,3,84,8,6,14,0,6,7,1,2,1,13,1082,5,5,3,4,9,623,0,0,0,1,2,3,0,1,0,2,0,0,0,0,0,1,11,9,1,0,0,51,2,90,3,1,104,0,18,0,0,0,3,0,0,10,4,2,8,13,2,0,2,1,0,0,0,6,0,1,1,0,4,2,0,3,0,5,2,3,6,55
2021,"Brent 024","E02000116",8539,1758,89,0,1,0,16,17,79,0,58,2,325,674,20,15,4,1,0,0,1,0,0,4,15,18,7,45,1,273,0,0,0,62,0,0,16,2,0,6,7,835,269,7,0,24,1,0,22,2,15,15,0,59,9,0,0,0,8,51,0,6,8,0,6,265,35,0,5,0,17,0,2,9,977,14,0,123,1,696,9,3,1,13,4,89,1,0,14,9,665,2,0,0,0,10,2,3,0,13,2,13,3,4,0,0,1,0,3,1,0,0,3,0,24,1,4,0,0,0,0,3,0,3,4,1,3,5,91,0,0,3,1,0,3,3,0,0,0,0,28,80,193,115,0,3,4,0,33,3022,6,21,3,21,0,0,19,1,0,1,2,99,15,1,0,4,0,4,0,5,1173,0,243,2,19,0,18,30,5,3,33,28,2,305,0,155,1,20,5,1,11,1,6,3,6,6,0,0,50,1,7,6,0,72,165,79,102,100,2,5,6,0,0,12,84,5,0,9,0,6,13,1,4,0,15,1282,23,18,0,3,8,806,0,2,0,0,27,4,2,3,0,0,0,0,0,2,0,4,17,31,4,2,0,60,2,18,8,1,3,1,13,0,3,0,13,1,7,20,20,0,7,19,5,0,4,1,13,0,0,1,0,0,24,2,7,0,3,4,1,11,0,0,5,49
2021,"Brent 025","E02000117",12732,1939,130,0,1,2,11,14,70,0,71,1,340,470,6,12,10,8,2,0,7,7,0,3,14,15,9,7,3,546,0,4,0,87,5,5,21,51,0,1,6,2879,753,4,11,44,8,8,33,5,56,31,3,174,17,0,1,8,7,198,1,0,11,2,12,1303,85,2,17,1,44,0,4,36,2301,46,5,365,0,1680,16,0,0,25,9,88,4,0,27,36,809,4,2,1,0,1,0,11,1,16,0,26,2,7,3,0,0,1,1,6,1,0,4,1,14,3,1,3,5,1,0,14,1,0,2,6,1,2,117,4,0,0,1,0,4,0,1,0,0,0,4,97,184,217,0,2,0,0,37,3518,0,38,0,12,0,0,3,2,0,2,4,79,8,1,0,2,0,4,2,0,1582,6,199,0,26,0,8,22,4,12,20,21,2,338,0,97,5,19,0,9,10,1,4,1,1,11,0,0,46,8,6,10,0,76,223,133,84,249,10,4,4,1,2,13,41,4,0,17,1,6,9,1,2,0,13,1286,14,24,5,1,6,738,0,6,0,4,24,1,2,3,1,1,0,0,0,3,2,1,18,25,2,6,3,55,2,19,10,0,1,0,53,4,2,0,21,0,5,30,11,1,9,8,6,0,9,1,18,0,0,10,0,0,53,2,11,6,2,1,0,2,1,0,6,37
2021,"Brent 026","E02000118",11286,7221,57,2,1,1,0,11,55,0,42,3,72,5690,1,10,4,13,2,0,0,7,2,1,237,13,3,4,3,331,0,3,7,424,0,0,191,13,1,2,15,521,152,0,2,8,0,0,0,3,6,5,0,37,0,0,0,1,0,47,0,0,0,0,0,174,65,4,0,1,5,0,5,6,787,7,0,118,0,608,2,0,0,12,2,25,2,0,8,3,257,1,4,0,0,3,0,7,0,3,0,0,1,2,0,0,0,0,0,0,1,2,0,0,1,2,1,0,1,1,0,2,1,1,1,1,0,0,46,0,1,0,1,0,5,0,0,0,0,0,4,53,48,57,0,0,0,0,6,1803,0,15,0,2,0,4,1,1,0,1,0,3,17,0,0,0,0,5,0,0,575,1,130,0,9,0,3,4,1,3,6,56,0,114,0,14,6,20,0,6,11,1,0,0,1,2,3,0,175,0,0,0,0,129,194,43,43,170,1,2,3,1,2,2,8,1,0,3,0,7,2,0,0,0,2,697,17,12,0,0,0,198,0,3,0,0,7,1,3,0,2,1,0,0,0,0,3,4,10,5,0,1,2,13,47,17,2,0,1,7,22,1,8,0,1,1,55,22,20,2,2,2,2,2,14,0,13,1,0,10,6,0,3,0,7,0,7,96,0,1,1,0,1,41
2021,"Brent 027","E02000119",10631,1741,283,1,1,0,8,20,48,0,95,2,151,413,5,32,11,2,5,8,1,4,2,0,22,9,2,18,0,387,0,0,6,138,0,3,37,13,1,5,8,2641,871,5,12,61,9,0,17,4,66,14,4,235,8,1,3,5,14,187,2,1,3,3,10,827,166,1,11,7,32,1,20,41,1853,34,4,302,0,1328,12,6,0,58,6,50,0,0,42,11,635,5,10,6,1,4,0,16,0,7,0,3,2,7,0,0,0,0,0,4,3,7,3,0,20,0,1,0,0,1,1,1,0,0,2,2,1,1,80,1,0,1,2,2,8,0,0,1,0,3,5,78,128,191,0,2,0,0,25,2313,0,15,6,10,0,0,11,0,5,0,4,24,11,2,0,7,2,1,3,0,1017,1,158,2,23,4,7,38,2,17,22,16,10,171,0,37,8,19,2,13,19,0,3,1,0,1,1,1,65,4,5,11,0,59,172,88,45,61,12,3,7,0,0,3,39,3,2,24,0,5,2,0,0,0,9,1448,32,14,1,0,7,756,1,1,0,3,8,0,0,4,4,2,0,0,0,1,0,15,36,13,1,1,0,50,0,72,0,3,0,0,45,0,2,0,35,0,0,27,2,7,22,14,0,0,4,5,10,0,0,8,3,0,41,15,9,5,6,26,0,33,0,1,6,97
2021,"Brent 028","E02000120",9020,1094,62,0,3,0,10,3,33,0,145,0,199,285,5,39,18,0,7,2,2,3,0,6,3,13,26,0,4,179,0,0,0,29,1,3,1,6,0,4,3,702,192,2,0,16,0,0,4,0,58,10,0,53,1,3,0,0,14,72,0,0,3,0,3,194,44,1,5,1,9,1,5,11,586,13,0,79,2,445,0,0,1,11,1,13,0,0,0,21,667,0,4,0,3,3,1,7,0,6,0,11,1,1,0,0,1,0,0,1,0,1,12,1,19,0,0,1,31,5,2,0,0,0,4,0,2,4,55,5,0,2,0,0,7,1,0,0,0,3,12,181,81,136,0,9,1,3,50,5112,1,42,1,9,1,0,89,5,1,9,4,17,35,1,0,1,1,10,6,12,2727,0,394,5,184,0,34,82,9,16,30,32,9,362,0,164,28,15,0,2,11,1,13,3,1,102,1,2,38,19,24,4,0,90,78,47,71,62,21,2,14,1,19,3,81,15,8,7,0,4,8,3,0,1,20,859,17,6,0,1,2,504,0,0,0,1,12,0,0,0,4,0,0,0,0,3,0,2,10,19,1,2,0,44,1,29,1,0,61,0,10,0,2,3,4,0,0,13,13,0,5,11,3,0,0,0,2,0,0,3,2,2,7,0,4,0,0,5,1,8,3,0,6,32
2021,"Brent 029","E02000121",12247,7862,135,2,5,0,5,14,52,0,137,3,87,6152,0,5,14,2,5,1,6,4,2,5,162,12,7,17,6,454,1,0,1,341,4,3,186,18,0,0,14,658,139,0,0,6,0,0,3,0,5,0,0,33,0,0,0,0,1,51,0,0,1,0,10,369,22,2,3,0,1,0,1,11,653,8,1,75,0,493,6,1,0,7,0,14,0,0,35,13,319,4,1,0,0,1,1,8,0,3,0,3,5,2,1,1,0,0,3,1,0,4,5,0,2,1,0,0,0,2,0,3,0,0,1,20,0,1,25,2,0,0,0,0,6,0,0,1,2,3,6,61,39,78,0,0,0,1,22,1792,0,20,1,3,0,11,6,1,0,3,0,11,19,0,0,0,0,6,0,0,582,0,143,0,13,3,7,16,13,8,15,54,1,85,0,29,1,19,0,0,9,2,2,0,0,2,1,0,49,22,3,1,0,48,272,26,33,181,6,3,7,2,3,0,26,1,0,6,0,5,4,0,0,0,8,963,19,1,2,0,0,454,0,0,0,2,4,0,0,3,6,0,0,0,0,3,0,5,10,15,1,4,0,27,43,19,0,0,1,0,26,0,3,0,0,1,47,7,11,12,26,5,8,0,6,1,8,4,0,2,11,0,15,1,2,0,28,79,0,10,6,0,1,24
2021,"Brent 030","E02000122",8169,1256,31,2,0,2,5,16,45,0,87,4,71,512,7,15,10,3,6,0,2,6,6,0,1,11,2,10,7,289,0,0,0,66,2,1,9,1,0,6,21,323,120,5,2,8,0,0,13,0,11,0,0,22,3,0,0,3,0,85,1,1,0,0,2,30,7,0,1,0,3,3,1,2,479,7,0,50,2,370,3,0,0,29,1,8,0,0,4,5,628,1,3,0,0,8,0,8,0,3,0,5,2,2,1,1,2,1,4,0,0,4,27,0,17,1,5,0,3,0,0,0,2,0,1,1,0,5,63,7,4,1,0,0,4,0,0,0,0,0,8,185,110,106,0,7,1,0,25,4672,0,12,1,5,0,2,38,3,1,2,0,21,12,0,1,9,2,11,4,2,2853,3,280,7,68,0,34,61,28,6,15,31,0,271,8,156,84,4,1,1,8,3,5,0,0,39,3,7,55,5,19,0,0,83,101,31,56,31,14,2,3,0,8,9,91,7,23,10,0,0,3,2,1,0,16,811,6,2,23,1,1,400,1,1,0,5,7,0,2,1,2,0,0,0,0,0,0,1,18,9,4,4,0,34,0,102,5,0,65,0,8,0,0,1,10,0,1,4,0,3,11,10,1,2,2,0,6,0,0,6,0,0,6,0,2,4,0,1,0,5,0,1,0,33
2021,"Brent 031","E02000123",13583,1875,102,1,3,1,13,15,60,0,61,4,525,495,12,13,9,2,0,3,1,5,4,4,22,19,18,19,3,316,0,2,2,84,3,1,13,8,0,24,8,2057,509,13,10,40,1,1,16,5,78,34,0,131,3,0,2,3,5,210,9,2,1,2,6,751,150,4,28,1,15,0,4,23,2099,32,3,313,1,1535,9,1,0,41,3,92,5,0,31,33,1060,4,3,3,5,5,3,10,3,24,0,25,13,8,1,1,0,1,8,2,3,2,10,1,24,0,1,2,5,2,1,6,5,0,3,7,2,2,86,10,1,0,12,0,16,2,0,1,1,0,9,156,225,282,0,7,0,5,52,5187,1,18,5,5,0,2,23,5,0,0,0,132,18,3,4,6,0,4,0,4,2387,6,468,0,24,3,21,36,8,20,38,29,0,436,1,174,6,10,3,8,12,0,11,4,0,13,1,3,72,1,15,11,0,146,261,231,150,189,8,8,14,0,4,19,57,12,4,4,0,4,4,0,6,0,15,1305,12,33,0,5,0,589,0,3,0,1,48,0,3,1,0,2,0,0,0,3,2,1,23,30,1,1,5,86,3,31,9,1,4,3,25,0,3,0,17,0,3,39,29,6,17,24,11,1,7,3,18,0,0,2,0,0,53,3,30,4,0,6,1,4,0,3,10,86
2021,"Brent 032","E02000124",9954,975,47,0,1,0,8,4,32,0,93,1,189,316,5,12,16,2,4,0,11,1,1,9,6,22,9,9,10,120,2,0,0,26,1,0,1,5,1,5,6,519,188,1,0,12,1,2,18,0,17,7,1,71,4,0,0,0,3,79,0,0,5,0,2,68,6,3,11,0,4,1,1,14,632,7,0,67,2,511,6,0,0,10,0,21,0,0,0,8,803,3,0,2,2,1,5,8,2,6,0,13,9,3,2,1,3,1,3,2,1,3,16,0,24,1,5,0,5,3,1,4,4,0,1,0,0,3,52,3,0,9,0,1,10,4,0,3,0,2,11,198,134,194,1,9,3,2,30,6371,5,16,0,4,4,1,99,4,4,10,1,48,20,3,2,3,6,10,6,21,3856,2,445,1,128,0,63,71,31,5,55,12,4,336,4,181,44,16,0,7,11,5,24,2,0,71,3,3,26,5,29,0,1,133,81,61,52,55,14,5,3,3,23,15,127,24,11,18,1,10,9,2,1,0,15,654,4,1,0,3,0,244,1,1,0,2,20,0,2,3,2,0,0,2,0,4,2,0,13,24,1,2,0,69,2,31,6,2,51,0,11,0,4,1,11,0,0,12,3,2,10,5,3,2,2,0,2,0,0,2,0,0,2,0,9,3,0,0,1,14,0,2,7,54
2021,"Brent 033","E02000125",9961,1245,7,0,1,0,0,4,59,0,52,0,174,651,2,15,9,0,2,1,10,0,2,0,13,4,18,5,1,157,0,0,0,34,0,0,9,2,0,4,9,518,174,2,0,21,1,0,4,1,22,5,1,66,2,0,0,1,7,51,0,0,1,0,3,112,11,1,13,0,3,1,1,14,1148,17,1,200,4,857,5,2,0,12,1,34,5,0,0,10,753,3,4,6,0,4,3,10,0,17,1,7,6,1,0,0,6,0,2,1,1,1,14,0,18,1,9,0,3,2,2,6,5,0,3,1,2,4,66,8,1,7,0,0,2,0,3,0,0,0,6,164,136,174,1,15,0,3,24,5608,0,7,0,8,1,3,70,1,0,3,2,60,20,1,2,2,4,6,4,15,3443,1,329,4,103,0,31,28,20,3,31,17,4,321,5,154,42,5,3,1,10,0,8,0,0,57,0,2,56,3,37,0,0,118,106,121,92,48,9,6,2,0,15,11,98,7,1,17,1,7,7,1,3,0,11,689,2,13,1,0,0,280,4,2,0,0,44,0,3,4,3,2,0,0,0,1,1,1,23,14,0,2,0,52,1,36,3,0,32,0,33,0,2,1,6,0,0,9,3,1,8,7,13,0,1,0,3,1,0,3,0,0,10,0,6,6,0,0,0,3,0,0,2,47
2021,"Brent 034","E02000126",8192,1127,121,0,0,1,9,9,34,0,121,0,204,287,2,20,9,3,6,0,11,1,2,3,0,10,15,14,0,163,0,0,0,45,6,1,16,9,0,4,1,1796,530,6,14,52,7,9,19,10,121,50,8,115,5,0,0,0,3,163,0,0,3,0,2,555,84,0,17,0,10,1,1,11,1144,8,0,258,2,777,5,2,2,18,1,35,2,0,20,14,571,0,10,1,0,11,0,2,1,5,3,0,0,2,0,0,0,1,4,3,0,3,10,0,8,0,3,0,1,1,0,6,0,2,0,3,1,1,83,1,0,0,3,0,1,0,0,0,0,3,1,63,152,155,2,3,0,0,22,2602,0,19,13,4,0,0,13,1,4,8,1,16,12,0,0,0,1,4,4,6,1286,1,219,0,30,3,17,67,8,4,14,13,2,218,0,74,2,18,0,7,5,0,10,1,0,36,0,3,42,11,5,4,0,68,52,84,33,34,20,0,5,0,5,2,37,6,4,19,0,4,8,0,0,0,15,952,8,11,1,2,5,523,1,0,0,0,1,0,1,4,2,0,0,0,0,6,0,3,11,15,4,0,0,28,0,68,4,1,13,3,44,0,0,0,8,0,1,51,3,4,12,14,6,0,7,1,0,0,0,0,0,0,25,0,5,1,2,0,0,15,0,1,7,30
2021,"Bromley 001","E02000127",9328,691,12,0,0,0,0,4,32,0,157,0,21,254,0,4,2,0,2,0,2,10,0,20,13,1,1,0,8,28,0,7,0,66,0,0,18,4,1,23,1,681,289,2,0,40,0,5,8,0,1,10,0,64,3,3,0,4,0,180,1,0,0,0,16,0,0,4,3,0,20,1,12,15,498,11,0,130,1,319,4,0,0,11,1,12,0,0,1,8,527,4,1,0,0,2,1,5,0,5,2,6,5,6,0,1,0,0,0,3,1,3,14,1,3,0,4,0,0,1,0,15,1,0,0,1,1,3,39,1,0,1,2,7,3,0,0,4,3,0,2,97,61,198,0,3,1,0,16,6657,0,28,1,0,0,1,12,0,1,2,0,10,54,0,0,2,1,5,3,1,5512,5,258,2,8,3,8,11,3,12,13,21,1,79,0,37,2,11,1,8,72,3,3,0,0,16,6,0,49,0,12,2,0,58,81,21,17,66,15,0,5,0,17,7,12,3,0,18,13,34,3,0,0,0,8,274,7,2,0,1,0,18,0,0,0,0,3,1,0,0,1,1,0,6,0,1,0,1,22,1,4,4,0,23,0,8,1,0,1,1,6,3,4,0,0,0,1,2,0,3,4,11,0,0,0,0,0,0,0,7,3,0,0,0,3,2,0,12,0,40,41,2,0,23
2021,"Bromley 002","E02000128",7790,557,9,0,0,1,0,0,175,0,95,0,9,150,0,12,8,0,2,0,2,3,0,0,4,0,0,0,1,33,0,0,0,25,0,0,16,4,2,4,2,223,98,0,0,13,6,0,5,0,0,7,0,11,2,0,1,0,0,71,0,0,0,0,0,1,0,0,0,0,0,0,8,0,164,4,0,43,0,98,2,0,0,5,0,8,2,0,0,2,387,0,5,0,0,0,0,0,1,3,4,3,1,0,0,0,5,1,5,1,0,0,8,0,6,0,0,0,0,0,0,2,0,0,0,4,2,0,23,0,0,0,0,0,1,3,0,2,0,0,0,106,69,115,0,2,0,0,15,6316,0,9,0,0,0,0,13,0,4,3,0,0,9,0,1,2,3,5,1,4,5602,1,133,2,15,3,10,11,1,11,9,2,0,97,1,33,3,2,0,0,17,2,9,0,0,9,0,1,32,2,9,3,0,48,47,11,0,30,13,0,0,0,17,4,16,10,2,18,14,3,6,0,1,1,1,143,3,0,0,1,0,12,0,0,0,0,0,0,0,0,4,1,0,3,0,0,0,0,8,0,0,0,0,7,0,13,0,1,1,0,0,0,4,0,0,0,0,1,4,1,1,1,0,0,5,0,1,3,0,3,6,0,0,0,4,0,0,12,0,17,15,0,0,11
2021,"Bromley 004","E02000130",8416,533,15,2,2,6,0,0,71,0,82,1,18,179,1,13,16,0,2,0,0,8,0,2,3,1,3,0,0,50,1,0,0,30,0,0,6,10,3,6,2,493,215,8,0,17,1,3,4,1,4,2,0,31,5,0,0,2,1,127,0,3,0,2,2,16,19,3,0,0,12,0,7,8,685,4,4,157,0,462,5,0,0,13,4,10,1,0,0,25,704,0,0,2,4,1,4,9,0,12,0,0,5,4,1,1,0,0,1,2,2,3,11,1,16,3,3,0,3,0,0,2,5,0,0,5,0,0,66,5,0,1,0,0,3,1,0,0,2,0,9,164,101,219,0,3,2,0,28,5730,2,24,1,3,0,0,39,1,0,2,0,6,16,2,0,3,6,1,1,7,4610,2,223,0,22,0,17,18,6,4,16,11,3,223,0,41,7,5,0,3,14,0,13,0,0,19,0,1,33,0,13,1,0,40,78,21,9,47,14,3,5,2,13,7,27,6,1,14,3,7,11,0,0,0,3,271,0,0,0,2,0,52,0,1,1,0,3,2,0,7,1,1,0,0,0,2,0,0,11,1,2,7,0,62,2,7,0,1,4,0,1,0,5,1,0,0,0,3,2,0,0,3,0,0,0,0,1,0,0,3,10,0,2,0,4,1,0,3,0,25,15,0,0,23
2021,"Bromley 005","E02000131",10483,562,5,1,0,4,0,2,56,3,81,0,24,168,1,3,16,0,3,9,4,8,1,0,4,4,3,0,1,59,0,0,5,22,0,1,14,44,0,15,1,923,432,1,0,38,3,4,9,5,8,7,2,107,4,0,4,2,1,178,0,1,0,1,4,14,52,5,5,1,17,2,7,9,1027,12,2,186,3,702,4,3,1,33,22,45,1,0,0,13,998,1,4,2,3,2,1,7,0,10,3,3,9,16,2,2,7,1,8,2,2,3,14,0,23,2,0,0,0,3,0,5,2,1,5,3,0,2,63,2,0,2,0,2,4,2,1,1,4,0,8,156,157,413,0,10,1,0,24,6631,2,29,0,3,4,4,48,3,4,8,1,18,32,1,2,1,1,5,5,8,4785,3,291,6,25,0,31,46,6,45,29,60,1,184,2,76,8,8,0,5,26,1,17,5,0,41,0,2,47,5,2,10,0,102,108,164,35,85,14,6,18,0,27,7,42,15,4,18,9,7,15,0,0,1,8,342,3,9,0,0,1,46,0,0,1,3,5,3,6,4,6,3,0,0,0,0,0,0,9,0,0,1,1,58,0,10,1,4,4,4,5,0,4,1,0,0,1,14,0,4,9,12,3,0,5,2,1,0,0,0,0,0,0,0,14,0,1,11,0,9,18,7,5,34
2021,"Bromley 006","E02000132",9843,863,7,1,1,3,2,3,35,0,209,0,29,338,1,13,20,6,7,0,2,4,0,4,3,2,9,2,2,73,0,1,1,50,1,2,1,12,1,15,3,457,189,0,0,14,3,5,2,1,4,6,1,29,2,0,1,1,0,129,1,1,3,0,3,8,7,6,0,0,17,0,13,11,482,6,0,122,3,307,3,0,1,6,1,18,1,0,0,14,769,3,0,0,4,0,0,17,0,6,1,4,0,5,2,0,6,0,6,4,4,5,12,3,18,2,2,0,0,4,3,3,3,0,4,0,0,0,52,8,0,1,0,3,1,0,0,4,1,3,8,173,134,236,1,4,0,4,15,6970,1,26,0,2,2,2,39,0,1,2,1,31,31,4,2,0,1,3,7,9,5406,2,243,4,30,1,24,32,3,7,16,11,12,205,4,68,11,7,6,6,19,3,10,1,0,26,1,2,60,3,6,2,0,65,126,55,38,104,31,1,12,2,25,10,28,3,5,39,3,9,9,0,2,0,8,302,0,0,0,3,1,63,0,2,0,0,8,1,1,0,12,0,0,0,0,0,1,1,6,2,3,6,0,46,2,21,4,1,8,4,2,2,7,0,1,0,1,7,5,0,5,4,0,0,1,0,1,0,1,6,0,0,0,0,6,0,0,0,0,19,14,1,0,23
2021,"Bromley 007","E02000133",10752,1038,0,1,0,1,0,0,25,2,211,0,5,533,1,17,9,1,4,0,2,9,0,3,4,9,0,0,1,97,3,5,0,46,2,1,20,8,5,10,3,210,80,0,0,6,0,0,4,0,0,0,0,24,1,0,0,0,0,80,0,2,0,0,3,0,0,0,0,0,3,0,5,2,194,1,0,50,1,122,3,0,0,4,0,9,0,0,0,4,537,0,2,0,2,0,0,1,0,4,0,0,2,4,3,3,10,0,6,2,3,0,8,0,6,1,4,0,4,0,0,1,2,0,2,0,2,0,22,5,0,0,0,0,1,1,0,4,2,1,0,245,69,100,2,5,0,0,8,8547,0,6,0,0,0,0,33,0,3,2,1,3,13,0,0,1,0,2,14,10,7616,3,158,3,17,0,21,21,6,0,11,12,5,202,1,37,5,0,0,3,14,3,12,0,0,16,0,5,24,2,8,1,5,39,37,6,8,13,27,4,8,2,25,0,13,8,2,19,15,8,2,1,4,0,7,226,9,0,0,0,0,53,0,0,0,0,0,0,0,0,4,2,0,2,0,0,0,1,5,0,0,0,0,9,3,28,0,0,6,0,7,0,7,0,0,0,0,13,0,0,4,0,2,0,0,0,0,0,0,0,2,0,0,0,4,0,0,5,1,14,29,0,0,16
2021,"Bromley 008","E02000134",11742,956,14,0,1,0,0,0,80,0,161,0,57,403,7,8,12,2,1,1,5,9,6,0,2,5,6,0,2,53,2,0,0,56,0,2,15,14,10,20,2,523,252,1,0,31,2,7,5,0,3,3,0,28,5,0,0,0,0,129,0,3,1,0,0,1,0,5,0,0,10,4,24,9,465,4,5,120,1,292,1,1,1,10,1,20,0,0,0,9,816,1,1,0,3,3,1,15,1,9,0,6,3,3,2,1,9,4,8,2,3,2,17,3,34,0,2,0,2,5,1,6,5,0,3,1,1,0,50,3,0,2,1,2,10,1,0,6,3,0,8,196,94,247,0,6,3,0,27,8649,1,30,0,6,2,2,26,1,8,4,0,43,37,1,3,7,3,8,4,9,6831,0,440,4,25,2,22,39,3,1,16,20,1,178,0,105,3,6,0,8,38,0,11,4,1,20,0,0,58,0,12,1,0,92,163,23,48,113,10,3,9,0,22,14,37,3,1,31,7,13,4,0,0,0,12,333,2,1,0,1,0,53,0,0,1,1,4,2,0,0,9,1,0,0,0,1,0,1,13,4,1,3,0,28,2,24,3,7,3,0,6,1,14,0,0,2,0,4,3,2,6,9,0,0,0,2,1,0,0,3,2,0,0,0,8,2,0,11,0,29,26,0,0,37
2021,"Bromley 009","E02000135",9858,650,9,0,0,2,0,3,129,1,84,1,34,174,0,3,10,0,2,0,1,5,0,6,4,2,9,7,6,60,0,0,0,31,0,0,19,33,0,9,6,1337,580,2,0,46,3,8,18,5,6,6,0,94,5,0,3,0,0,304,0,2,0,5,7,94,76,12,3,0,24,1,17,16,1328,13,2,236,0,950,2,0,5,16,4,66,2,0,0,32,878,5,0,0,5,0,2,8,1,6,4,9,7,3,6,0,1,1,1,1,2,1,12,0,10,2,2,0,2,0,1,9,1,0,4,1,1,2,70,7,0,4,0,0,6,2,0,0,4,0,2,116,133,395,0,2,1,2,24,5306,0,33,3,1,0,0,16,0,0,0,0,7,40,4,1,2,1,8,0,1,4026,0,207,2,29,0,13,21,4,12,19,43,4,140,1,66,6,18,0,6,23,2,11,0,2,16,3,1,40,0,7,1,0,50,129,75,26,65,9,2,14,0,13,1,34,7,0,22,1,4,2,0,3,0,9,359,2,10,2,1,0,59,0,0,0,2,5,1,4,1,1,1,0,0,0,4,0,4,5,1,1,7,0,74,0,11,2,1,3,0,11,0,1,0,1,0,0,11,4,3,5,5,5,0,2,2,4,0,0,6,0,0,6,0,9,2,5,3,0,18,13,0,5,36
2021,"Bromley 010","E02000136",5755,506,3,0,1,1,0,0,30,2,112,0,11,218,0,0,4,4,1,0,2,1,5,0,8,0,2,0,0,57,0,0,0,17,0,0,15,2,0,6,4,231,100,1,0,8,1,4,0,0,0,4,0,9,1,1,0,0,0,91,0,2,0,0,1,0,0,0,0,1,1,1,4,1,125,4,0,28,0,82,1,1,0,7,0,2,0,0,0,0,220,0,1,0,0,0,0,0,1,4,0,0,3,0,0,2,0,0,1,3,0,0,6,0,1,0,0,1,0,0,0,0,0,0,2,0,1,0,8,0,3,0,0,0,0,0,0,4,3,0,0,63,45,56,5,0,1,0,6,4538,0,5,0,3,0,1,8,0,0,0,0,5,10,0,0,3,2,1,2,0,4091,0,71,0,5,0,9,7,6,14,9,2,0,53,0,11,0,0,0,1,24,0,0,0,0,9,7,0,12,0,5,2,0,11,69,3,9,15,12,0,4,0,10,0,5,2,1,6,7,4,1,1,0,0,0,135,0,1,0,0,0,28,0,0,0,0,0,1,0,0,1,0,0,2,0,0,0,0,11,0,0,0,0,10,0,6,1,0,2,0,6,0,3,0,0,0,0,5,0,0,1,1,0,0,0,0,0,0,0,0,6,0,0,0,0,0,0,10,0,6,21,3,0,10
2021,"Bromley 011","E02000137",8396,711,10,1,1,1,0,1,18,1,143,0,32,305,2,4,8,0,1,0,4,10,2,8,0,0,0,2,0,49,0,0,0,69,0,1,8,3,2,17,8,291,119,1,0,10,1,1,7,0,0,0,0,29,0,2,1,2,0,74,0,0,0,2,3,0,12,2,5,0,1,0,15,4,239,10,0,45,2,164,4,0,0,4,5,2,0,0,0,3,569,1,2,0,0,1,0,13,5,5,0,0,2,3,2,3,2,3,3,0,0,2,14,2,14,1,3,1,0,3,2,1,3,0,0,0,0,0,36,1,0,3,0,0,0,0,0,5,0,0,7,158,83,154,0,4,0,2,25,6432,1,8,0,0,0,3,20,1,3,2,0,9,29,0,0,0,5,6,4,3,5311,1,189,1,20,2,21,28,14,3,9,15,2,174,0,50,5,0,1,10,12,1,3,0,0,16,2,0,42,3,17,1,0,45,65,17,5,87,40,1,7,0,18,2,18,6,1,20,21,8,11,0,0,0,13,154,0,0,0,1,0,27,0,0,0,0,0,1,3,1,0,0,0,1,0,2,1,1,4,2,0,4,0,22,0,21,0,0,1,0,0,0,1,1,1,0,0,0,3,0,2,2,0,0,0,0,0,0,0,4,0,0,0,0,3,0,2,6,0,5,16,0,0,16
2021,"Bromley 012","E02000138",8487,579,8,1,2,0,0,1,15,0,112,0,18,289,1,7,11,0,1,0,0,4,1,1,3,3,0,0,0,39,0,0,0,32,0,1,2,6,3,14,4,223,98,0,0,0,1,0,0,0,0,4,0,33,3,0,1,0,0,61,0,0,0,0,2,0,6,0,1,0,4,0,4,5,189,1,0,35,3,135,1,0,0,2,1,8,0,0,0,3,443,0,2,0,1,0,0,6,1,6,2,1,0,1,0,0,5,1,2,0,0,1,5,0,11,1,1,0,0,3,0,1,2,0,2,0,2,0,30,2,0,0,0,0,0,0,1,0,0,1,6,155,63,100,7,4,4,5,8,6820,0,15,1,1,3,0,35,1,0,4,1,14,20,0,0,3,2,4,4,5,5552,0,278,2,26,0,18,31,12,0,20,32,6,222,0,50,1,2,0,7,15,3,13,0,0,29,2,4,25,4,9,3,0,62,86,15,21,27,19,3,3,2,25,0,21,7,3,27,7,4,3,0,0,0,6,233,0,0,0,2,1,23,2,0,0,0,0,0,1,1,1,1,0,0,0,0,0,1,12,0,0,2,0,37,0,22,1,4,6,0,6,0,0,1,0,0,4,1,0,0,9,8,0,0,0,0,0,2,0,0,0,0,0,0,7,1,1,8,1,12,22,0,2,31
2021,"Bromley 013","E02000139",7713,444,12,0,0,6,0,0,53,0,82,0,14,153,4,1,8,1,5,0,0,4,5,2,9,1,2,0,4,42,0,0,1,15,1,0,1,8,0,4,6,240,93,0,0,13,0,0,9,1,1,3,0,39,1,0,1,0,0,61,0,0,0,0,1,5,1,1,1,0,2,0,2,5,380,4,0,68,0,262,3,2,0,11,7,12,0,0,0,11,571,1,0,1,4,0,0,7,0,8,1,5,0,6,4,2,2,1,10,0,0,1,9,0,8,1,1,1,1,1,1,3,0,2,6,2,0,0,34,2,0,3,3,5,5,0,0,0,1,0,7,148,78,163,2,6,1,2,22,5891,1,24,0,0,1,1,47,4,0,2,0,9,20,0,0,1,1,9,2,5,4952,0,156,4,24,0,24,14,2,9,8,9,3,177,0,44,3,3,0,4,8,0,10,1,1,17,0,2,15,0,9,0,0,37,57,12,27,32,20,2,3,1,20,10,14,3,0,13,3,6,3,0,0,0,2,187,5,2,0,2,0,44,0,0,0,0,2,0,0,2,2,3,1,0,0,0,0,0,5,0,0,2,0,30,0,13,0,2,1,0,0,0,0,0,0,0,0,2,0,0,3,3,3,1,2,0,1,0,0,0,0,0,0,0,0,0,0,10,0,18,13,0,0,15
2021,"Bromley 014","E02000140",8676,602,19,0,0,1,0,1,66,0,58,0,72,227,0,3,1,0,1,0,5,1,0,0,19,7,3,0,2,59,0,0,0,28,4,4,7,4,0,7,3,629,268,0,0,22,0,0,2,2,1,4,1,55,3,0,0,0,0,227,1,0,0,0,4,1,8,0,0,0,11,1,10,8,385,25,2,115,1,206,3,0,1,8,8,11,0,0,1,4,406,3,1,1,0,0,0,6,2,3,1,1,5,2,0,2,1,2,0,3,1,0,6,0,4,0,0,0,0,0,0,2,0,0,0,0,0,3,50,3,0,1,0,0,1,1,0,3,7,0,2,55,67,148,2,0,2,0,15,6458,0,19,2,0,1,0,7,1,3,7,1,3,19,0,0,4,2,1,0,2,5718,2,95,0,9,0,1,14,7,82,9,9,4,34,0,43,1,3,0,4,45,2,2,0,1,1,3,0,42,0,2,0,0,49,61,7,20,45,21,1,4,0,6,1,9,0,0,4,15,4,3,0,1,0,2,196,3,3,0,0,0,18,0,0,0,0,0,0,0,0,0,3,0,0,0,1,5,1,6,9,0,3,1,11,0,9,0,1,0,0,11,2,2,1,0,2,5,1,0,2,2,3,1,0,0,0,0,0,0,2,0,0,0,0,2,0,5,8,0,19,29,0,0,25
2021,"Bromley 015","E02000141",7235,421,7,2,2,1,0,3,57,0,48,0,30,132,0,2,11,0,2,0,1,5,0,2,2,5,0,0,2,68,0,0,0,21,1,0,1,4,0,7,5,493,195,3,0,19,0,2,8,1,8,0,0,78,0,0,0,2,0,103,2,0,0,1,7,16,11,7,2,0,13,4,5,6,703,3,0,121,1,528,4,0,3,11,1,24,0,0,2,5,604,1,0,0,1,0,0,9,1,3,3,1,4,8,1,0,0,2,8,0,1,2,9,0,13,2,2,1,0,3,0,4,0,0,0,0,1,0,33,2,0,0,0,3,7,4,0,0,0,0,1,151,65,227,1,3,0,1,26,4823,0,12,1,0,1,0,19,2,1,3,0,10,13,0,1,1,4,5,2,6,3911,8,165,1,22,0,21,8,7,0,8,5,1,174,0,26,3,1,0,3,4,2,9,4,2,10,0,0,15,1,7,2,0,48,94,41,15,17,22,1,7,0,12,12,18,9,1,5,5,7,3,0,0,0,5,191,0,4,0,0,1,24,0,1,1,3,5,0,0,6,7,0,0,0,0,0,0,4,12,0,0,6,0,36,1,6,0,0,1,0,7,0,3,0,0,0,0,0,0,0,4,1,1,0,0,0,0,0,0,0,5,0,0,0,8,2,0,0,0,9,13,0,0,20
2021,"Bromley 016","E02000142",8819,874,2,0,0,2,0,0,24,1,165,0,44,462,0,3,8,0,1,0,1,0,1,4,10,1,1,0,4,45,0,0,0,61,0,4,18,3,0,7,2,243,85,0,0,13,1,0,6,0,3,0,0,22,3,0,0,0,0,71,0,0,0,0,1,5,0,2,2,0,1,0,23,5,235,7,1,83,0,132,1,0,0,2,0,8,0,0,0,1,485,0,4,0,0,0,0,1,1,6,0,2,1,1,3,0,3,1,0,0,3,0,9,3,9,0,0,0,0,0,1,0,0,2,5,2,0,0,29,2,0,0,1,1,2,2,0,1,2,0,4,155,62,124,0,2,1,0,40,6789,0,12,0,0,0,0,18,0,0,7,0,13,35,0,1,1,2,3,4,8,5816,1,169,3,30,3,20,23,12,10,12,11,1,147,0,44,3,4,0,2,12,2,5,0,0,16,0,0,28,0,7,0,0,48,46,20,8,42,23,1,2,1,19,0,18,4,0,29,26,5,5,0,1,1,5,193,0,2,0,1,1,39,0,0,0,0,1,0,0,0,1,0,0,4,0,2,1,3,6,2,0,1,0,11,4,12,0,0,2,0,2,0,2,0,2,0,0,5,2,1,6,4,1,0,0,1,0,0,0,1,3,0,0,0,3,0,3,5,0,7,32,0,0,20
2021,"Bromley 018","E02000144",10070,1428,4,8,1,1,0,5,33,0,276,0,103,715,2,9,17,5,4,0,8,9,2,0,1,8,6,2,0,93,5,0,4,56,3,1,23,13,0,8,3,335,135,3,0,11,0,0,1,5,2,0,0,24,0,0,0,1,0,115,1,0,0,1,2,3,2,3,0,2,3,2,12,7,272,5,1,48,1,195,5,0,0,6,1,8,0,0,0,2,636,0,0,1,3,4,1,3,0,7,0,1,4,2,2,4,7,2,0,1,2,0,16,0,17,0,1,0,0,5,0,5,1,3,6,0,2,2,53,7,0,0,1,1,3,0,1,4,0,2,6,159,101,174,0,5,0,0,17,7029,3,26,0,0,0,2,35,3,2,1,1,43,52,0,1,3,1,7,1,3,5409,0,277,1,43,0,18,58,7,3,26,20,3,174,0,67,1,1,0,3,23,5,5,6,2,30,0,4,91,1,8,6,0,88,84,23,35,83,51,0,8,1,28,5,39,8,2,46,18,10,8,4,3,0,9,370,4,5,0,1,0,99,0,1,0,0,4,1,2,1,8,0,0,0,0,2,0,1,16,8,2,18,0,37,0,26,4,0,1,0,11,0,1,0,0,0,0,7,2,3,4,4,2,0,2,1,3,0,1,3,0,0,0,0,11,2,7,4,1,22,15,2,0,21
2021,"Bromley 019","E02000145",8833,562,4,0,1,0,0,2,50,1,91,0,70,193,1,5,2,2,0,0,3,3,0,2,9,8,0,0,0,41,0,0,4,41,0,0,12,9,0,3,5,948,385,0,0,53,3,1,7,5,2,3,0,95,3,0,0,0,0,345,1,0,0,0,7,0,3,2,0,0,8,0,9,16,487,13,0,139,0,285,3,2,0,11,4,28,0,0,0,2,425,2,2,0,1,0,0,6,5,1,1,3,1,3,0,0,0,0,0,1,1,0,15,0,7,0,1,0,0,1,0,2,0,0,0,2,0,0,36,2,0,2,4,0,4,2,0,3,2,0,0,70,92,127,1,2,1,0,22,6228,0,10,0,0,1,0,10,1,0,2,3,6,41,0,0,0,4,3,4,4,5224,0,143,0,6,0,2,2,4,125,3,13,0,56,0,21,3,7,0,2,65,2,2,0,0,8,0,0,73,0,0,0,2,37,121,24,26,55,17,4,15,0,13,4,14,0,1,18,12,7,1,1,0,0,6,183,0,0,0,1,0,30,0,2,0,0,0,2,1,0,0,1,0,8,0,1,0,0,10,2,0,1,0,17,2,11,0,1,0,0,14,0,0,0,5,0,0,0,1,0,0,8,0,0,1,0,0,0,0,0,8,3,0,0,1,0,3,15,1,10,10,0,0,13
2021,"Bromley 020","E02000146",9700,890,6,0,2,0,0,3,37,2,158,2,67,345,2,7,11,0,9,0,1,2,0,4,8,4,1,0,1,73,0,1,0,127,1,0,3,8,3,2,0,289,106,0,0,8,1,0,14,2,0,0,0,37,0,0,1,0,0,74,0,1,0,1,13,6,0,0,0,0,6,1,11,7,272,4,0,49,0,196,0,3,0,9,2,5,0,0,0,4,591,1,0,0,0,1,0,3,0,7,2,1,3,3,0,1,1,2,1,3,0,0,18,0,8,3,4,1,0,4,2,2,5,1,2,0,0,0,45,1,0,3,0,0,0,1,0,1,0,0,5,164,93,175,1,5,3,0,15,7453,0,23,1,0,0,1,29,0,4,1,0,15,21,0,0,2,0,3,1,3,6466,0,157,6,32,0,15,27,10,0,5,6,3,127,0,54,1,1,0,8,11,1,16,3,0,19,0,2,34,0,17,1,0,40,77,21,21,40,15,2,4,1,24,7,24,5,1,20,9,3,4,0,2,0,7,205,0,0,0,0,1,69,0,1,0,0,0,0,0,0,1,0,0,3,0,0,0,0,6,2,2,4,0,6,4,14,0,0,1,1,1,4,1,1,5,0,0,0,1,0,3,5,2,0,0,0,0,0,0,2,5,0,0,0,5,0,1,0,0,8,23,0,1,22
2021,"Bromley 021","E02000147",8204,850,1,0,0,0,4,2,55,0,170,0,17,374,2,3,20,0,2,0,2,3,1,4,0,8,0,0,2,70,1,1,1,73,1,0,16,5,0,9,3,154,57,0,1,9,3,0,0,0,0,1,0,24,1,0,0,0,1,44,1,0,0,0,2,0,0,1,0,0,4,0,1,4,164,2,0,21,0,134,1,1,0,2,0,3,0,0,0,0,390,2,0,0,1,0,0,0,0,0,0,1,2,2,1,1,1,0,3,0,2,1,7,1,8,0,1,1,0,4,0,0,0,0,0,0,0,0,32,2,0,0,0,0,0,0,1,1,0,1,1,161,43,92,0,4,1,1,11,6427,0,6,0,0,4,1,14,0,2,2,0,9,18,0,2,2,1,0,4,1,5737,0,114,0,20,0,14,14,23,3,6,3,9,128,0,28,2,0,0,5,19,1,4,0,0,12,0,2,19,2,2,0,0,14,35,6,11,33,28,0,1,0,11,1,6,7,3,9,12,5,6,0,0,1,5,219,0,6,0,0,0,27,0,1,0,0,0,0,0,0,8,0,0,5,0,0,0,2,6,0,0,8,0,15,1,13,1,1,1,0,4,2,1,0,1,0,1,0,3,0,3,6,2,1,0,0,1,0,0,0,3,0,0,0,4,1,5,9,0,16,49,1,1,10
2021,"Bromley 022","E02000148",6721,611,0,1,0,0,0,2,0,0,124,1,28,278,1,12,10,0,1,0,0,0,3,2,3,7,6,3,3,50,0,0,2,42,0,0,8,3,3,14,4,153,52,0,0,6,0,0,0,0,0,0,0,14,0,0,0,0,0,71,0,0,0,0,1,0,3,0,0,0,1,0,4,1,107,1,0,24,3,72,0,2,0,0,0,3,2,0,0,0,247,0,0,0,0,0,1,6,0,0,0,1,1,1,4,3,4,0,6,1,0,0,6,0,2,1,0,0,0,0,0,8,4,0,0,0,0,0,14,1,1,0,0,0,0,0,0,0,0,0,0,98,22,50,3,3,0,0,6,5485,0,10,1,0,0,0,17,0,1,0,0,2,15,0,0,0,1,0,2,7,4977,1,92,1,6,0,7,16,11,4,2,8,2,82,1,23,2,1,0,0,11,0,2,0,0,6,3,0,9,0,2,0,0,16,17,5,9,14,17,1,2,0,17,0,16,6,1,15,8,7,3,3,0,0,3,118,0,0,1,1,0,13,0,0,0,0,1,0,0,1,3,0,0,1,0,0,0,6,15,3,0,3,0,5,3,16,5,1,2,3,0,0,0,0,0,0,0,0,0,0,4,4,1,2,0,0,0,0,0,0,4,0,0,0,0,0,0,1,0,1,4,4,2,8
2021,"Bromley 023","E02000149",8169,585,5,0,1,1,0,7,37,0,97,0,90,230,2,4,2,0,3,0,1,4,0,2,18,1,3,0,2,23,0,0,2,27,0,0,8,4,6,4,1,315,129,0,0,20,0,1,1,1,0,4,0,14,1,0,0,0,0,129,0,1,0,0,0,0,5,0,1,0,2,0,6,0,229,6,0,59,3,138,3,0,0,4,2,6,4,0,0,4,375,1,0,0,1,1,0,9,0,6,1,3,4,1,0,0,2,2,5,1,0,0,7,0,5,1,3,0,0,2,0,2,0,0,2,0,0,0,16,5,0,1,0,0,0,0,0,1,0,0,6,82,51,139,2,0,0,0,13,6506,0,13,0,0,0,0,13,1,4,1,0,6,31,0,0,4,4,2,2,7,5794,0,105,1,10,0,8,10,9,22,8,15,0,65,0,23,1,6,3,2,22,0,2,1,0,5,0,1,23,4,0,0,0,33,78,12,11,45,18,2,4,0,18,3,10,3,0,18,7,5,9,0,0,0,2,159,1,0,0,0,0,23,0,0,0,0,1,0,2,1,4,0,0,1,0,0,0,0,5,3,0,0,0,5,8,5,0,1,0,0,8,0,0,1,0,0,3,0,8,0,4,1,0,0,2,0,1,0,0,1,3,0,0,0,0,0,1,9,0,14,32,0,0,11
2021,"Bromley 024","E02000150",8520,539,0,0,1,4,0,2,45,0,100,0,4,218,6,3,10,1,5,0,2,13,0,5,0,2,0,0,1,70,0,0,0,24,0,0,6,6,3,4,4,224,96,0,0,13,0,0,1,0,3,3,0,45,3,0,0,0,0,45,0,1,0,0,0,3,0,0,0,0,5,0,0,6,402,7,0,84,1,286,2,1,0,5,5,0,0,0,0,11,502,0,2,1,0,3,1,6,0,14,1,4,6,5,3,2,0,0,5,3,1,0,2,1,5,3,1,0,0,3,0,0,1,0,4,0,0,0,41,2,0,1,1,1,1,0,0,7,4,2,2,131,53,169,0,3,0,0,7,6632,0,20,2,0,0,1,22,0,1,1,0,9,6,1,0,0,1,6,5,1,5808,2,147,1,25,0,8,11,8,4,4,5,1,220,0,25,0,6,0,2,3,2,11,2,0,12,0,1,13,7,15,0,0,22,50,5,3,35,13,0,0,0,20,3,11,7,2,13,15,3,9,0,0,0,2,221,0,0,0,0,0,25,0,0,0,0,5,0,0,4,1,0,1,4,0,0,0,2,11,4,0,3,0,24,0,6,0,1,1,0,13,0,5,0,0,1,0,0,1,2,1,3,1,0,1,0,0,0,2,0,0,0,0,0,1,0,1,11,1,27,30,4,0,24
2021,"Bromley 025","E02000151",7545,856,6,0,0,0,0,2,45,0,217,0,16,447,1,0,6,2,4,0,1,8,3,3,6,3,8,0,3,20,0,0,2,22,2,0,12,4,0,6,7,100,49,0,0,5,1,0,0,0,0,0,0,10,0,0,0,0,0,29,0,0,0,0,4,1,0,0,0,0,0,0,1,0,47,0,0,3,0,41,0,0,0,0,0,1,0,0,0,2,267,0,0,0,0,2,0,0,1,0,0,0,0,3,4,1,2,1,2,0,0,0,6,0,4,0,0,0,0,2,1,0,4,5,2,0,0,2,8,3,0,0,0,0,0,0,0,0,0,0,4,137,25,34,0,1,4,2,7,6195,0,8,0,0,0,0,10,1,1,1,0,1,8,0,0,0,3,1,1,5,5633,0,100,3,14,0,11,9,6,0,7,11,1,156,0,13,1,0,0,0,12,1,3,1,0,11,1,2,13,0,6,0,0,18,30,7,4,3,22,0,3,3,19,2,8,7,1,5,2,1,4,0,0,0,1,80,0,0,0,0,0,9,0,0,0,2,1,0,0,0,0,0,0,0,0,0,0,0,0,0,0,0,0,8,4,2,1,3,2,0,0,0,0,0,0,0,2,1,1,0,1,0,1,0,0,0,0,0,0,0,5,0,0,0,1,0,2,14,0,0,16,0,0,4
2021,"Bromley 026","E02000152",7969,661,9,0,1,2,0,2,56,0,147,1,37,252,0,8,5,0,1,0,2,1,3,1,0,6,0,0,1,43,0,0,6,42,3,5,9,7,0,8,3,355,128,0,0,27,0,1,4,0,0,0,0,32,5,1,0,2,0,116,0,0,0,0,7,3,5,1,1,3,5,0,12,2,360,6,0,58,0,261,4,0,0,6,6,14,2,0,0,3,533,0,0,0,0,1,1,7,4,12,2,3,7,2,0,0,2,1,5,0,2,2,13,0,12,0,5,0,0,2,0,1,2,0,3,3,1,2,40,1,0,0,0,0,2,1,0,4,0,1,6,114,72,175,0,1,1,3,17,5824,0,18,0,0,1,3,7,0,0,0,1,7,3,2,0,0,0,7,2,3,5069,1,105,0,9,0,5,8,14,45,7,9,0,122,0,23,1,7,0,6,26,0,3,0,0,10,16,0,28,1,5,8,0,38,47,14,21,32,17,0,5,0,14,1,13,1,0,15,11,3,1,1,0,1,7,236,9,1,0,0,0,46,1,3,0,0,0,0,0,0,3,1,0,3,0,1,0,3,17,0,1,3,0,26,6,4,1,3,9,0,2,0,4,0,3,0,0,4,5,2,0,7,1,0,1,0,0,0,1,0,0,0,0,0,5,0,4,10,0,9,18,0,0,19
2021,"Bromley 027","E02000153",8115,539,0,0,0,0,0,6,37,1,113,1,8,249,0,0,13,0,0,0,4,2,4,1,0,3,0,1,2,29,0,0,0,26,1,4,13,7,0,10,4,130,51,0,0,7,0,0,0,1,0,0,0,18,1,1,2,1,0,44,0,0,1,0,0,0,0,0,0,0,2,0,0,1,117,1,0,30,0,85,0,0,0,1,0,0,0,0,0,0,324,1,0,0,0,0,2,1,0,7,2,0,0,0,0,0,1,0,1,0,0,0,10,4,8,0,0,0,0,0,0,0,3,0,0,0,0,1,15,2,0,1,0,0,3,0,0,0,3,0,3,128,36,73,4,5,0,0,10,6860,3,8,0,0,2,2,9,0,0,0,3,3,6,0,0,0,2,4,2,6,6345,3,96,0,10,1,3,4,7,0,9,2,1,98,0,17,1,4,4,2,12,4,1,0,0,10,0,0,16,0,2,3,0,13,15,11,1,16,8,1,2,0,9,4,15,4,2,11,15,8,7,6,5,0,2,145,0,0,0,0,0,19,0,1,0,1,0,0,0,1,7,1,0,4,0,2,0,0,4,0,0,4,0,9,0,8,1,2,0,0,0,2,3,0,0,0,0,0,1,0,1,1,0,2,0,0,0,0,0,0,0,3,0,0,0,1,0,6,0,11,42,2,0,6
2021,"Bromley 028","E02000154",8530,1341,11,2,0,2,0,3,34,2,367,3,167,529,4,6,11,6,2,0,0,1,0,1,24,8,2,1,5,42,2,1,5,56,1,0,23,7,2,10,1,213,96,0,0,4,0,0,0,0,5,0,0,13,0,0,0,0,0,87,0,0,0,1,4,0,0,1,0,0,1,0,0,1,138,2,2,49,0,76,2,0,0,0,0,7,0,0,0,0,372,1,0,0,0,0,1,0,0,1,0,1,5,2,1,1,1,1,1,0,0,1,7,0,3,0,0,0,0,2,0,0,3,0,2,0,0,2,24,1,0,1,0,0,0,1,0,3,0,0,1,148,43,85,1,13,0,0,15,6294,0,10,0,0,1,1,25,1,1,2,0,9,29,0,0,0,1,3,4,5,5564,0,121,1,23,0,12,11,7,9,2,8,3,79,0,15,5,0,2,2,19,1,9,3,0,6,0,3,35,1,0,0,0,40,57,14,11,20,22,1,6,0,8,4,9,2,1,21,11,14,7,0,0,0,13,172,0,0,0,0,0,25,0,0,0,0,2,2,0,0,7,0,0,4,0,0,0,1,7,9,0,3,0,13,1,3,0,0,1,0,4,0,4,0,1,0,4,2,1,3,1,6,1,0,1,0,2,0,0,6,2,0,0,0,0,1,1,7,0,3,24,1,2,17
2021,"Bromley 029","E02000155",7156,661,0,0,3,0,0,0,50,4,138,1,56,295,0,1,6,0,0,1,0,2,0,0,12,5,0,0,1,18,0,0,0,36,0,0,13,12,0,6,1,305,135,0,0,19,0,0,1,0,1,2,0,14,1,0,0,0,0,111,1,0,0,0,2,0,0,1,0,0,5,0,5,7,153,5,1,48,0,85,2,0,0,3,4,3,1,0,0,1,231,0,0,0,0,1,0,6,2,4,1,1,3,3,1,0,5,0,0,1,0,0,7,0,5,0,1,0,0,0,0,1,5,2,0,0,1,1,26,0,0,0,0,0,0,4,0,1,0,0,3,56,30,52,3,1,0,0,4,5669,2,7,0,0,1,0,9,1,2,0,0,11,12,4,1,0,0,1,3,6,5168,0,91,3,9,0,7,6,9,39,1,1,0,77,0,22,1,0,0,0,7,1,3,0,0,4,0,0,18,1,2,0,2,24,30,7,7,5,11,0,3,0,8,0,15,1,1,10,13,1,0,0,0,0,1,137,0,0,2,0,0,13,0,0,0,0,0,0,0,0,0,0,0,1,0,0,0,3,11,0,1,1,0,13,0,5,0,0,1,0,9,0,2,0,0,0,0,0,0,5,0,2,0,0,0,0,0,0,0,0,5,0,0,0,5,0,1,14,0,10,26,2,0,5
2021,"Bromley 030","E02000156",12298,750,5,1,0,1,0,1,61,1,115,0,16,402,1,3,8,0,3,0,3,13,2,4,1,3,2,0,1,41,0,0,0,31,1,0,7,2,0,15,6,195,87,0,0,6,0,0,2,0,1,0,0,21,1,0,0,3,0,41,0,0,0,0,12,0,8,3,1,0,4,0,3,2,300,4,0,53,1,220,0,2,0,9,0,5,0,0,0,6,572,0,0,1,1,0,0,11,0,4,0,0,0,0,0,3,2,3,2,0,1,1,5,0,9,2,0,0,0,1,0,0,3,0,0,0,2,1,49,0,0,0,0,1,6,2,0,4,5,0,3,184,75,167,0,1,3,5,15,10234,0,22,0,0,0,0,11,4,4,1,1,14,21,0,0,0,9,3,2,7,9210,0,139,4,35,0,14,26,24,0,12,3,2,259,1,37,6,0,4,2,15,1,7,0,0,14,0,0,28,2,1,0,0,40,60,18,13,20,23,2,3,0,10,2,12,4,2,42,11,14,6,1,0,0,6,247,24,2,0,0,0,17,0,0,0,0,0,0,1,1,2,0,1,3,0,0,0,2,8,0,0,10,0,12,0,4,0,1,1,0,8,0,10,3,0,1,0,1,1,1,13,1,1,0,0,0,0,0,0,0,0,0,0,0,1,0,2,8,0,19,63,0,0,25
2021,"Bromley 031","E02000157",8370,896,0,0,0,0,0,0,20,0,183,0,19,548,0,0,6,3,0,0,3,7,0,4,4,6,0,0,1,47,0,0,1,19,2,1,11,4,0,5,2,140,57,0,0,2,0,0,0,0,0,1,0,9,1,0,0,0,0,65,0,0,0,0,1,0,0,0,0,0,0,0,4,0,74,0,4,13,0,49,0,0,1,6,0,1,0,0,0,0,278,0,0,1,1,0,0,1,0,0,0,4,2,1,2,0,1,0,0,0,0,0,4,0,4,0,0,0,2,2,0,0,0,0,3,0,0,1,14,1,0,0,0,0,0,0,0,1,7,0,1,138,30,43,0,2,0,0,12,6839,3,4,0,5,3,1,9,2,5,1,1,4,7,0,0,0,5,3,2,6,6333,0,84,0,13,0,10,13,4,1,11,1,0,59,0,31,1,1,0,0,8,0,1,2,0,18,1,4,19,0,9,0,0,15,26,6,3,12,25,3,0,1,20,2,17,0,0,6,0,5,5,2,0,1,5,143,0,0,0,1,0,25,1,0,0,0,2,0,0,0,13,0,0,1,1,0,0,1,8,3,1,6,0,7,3,8,1,0,1,0,0,0,2,0,0,0,0,1,5,0,0,0,0,0,0,0,0,0,0,0,2,0,0,0,1,1,1,17,0,8,13,0,1,8
2021,"Bromley 032","E02000158",7777,750,0,0,1,1,0,1,70,0,96,0,29,412,0,1,0,0,2,0,2,8,0,1,4,2,2,5,1,30,0,0,3,38,4,0,19,8,1,8,1,446,188,0,0,38,2,0,3,0,0,0,0,25,11,0,0,0,0,144,0,0,0,0,0,1,8,1,0,0,4,0,20,1,302,16,0,61,0,160,9,2,0,19,7,21,0,0,0,7,331,1,5,0,1,1,0,0,2,3,0,0,1,8,3,0,3,2,0,3,0,1,2,0,5,2,0,0,0,7,0,2,0,0,3,0,1,0,16,2,0,0,0,1,0,1,1,3,1,0,2,61,70,106,0,1,3,0,7,5810,4,9,0,0,0,0,3,4,1,0,0,1,9,0,0,0,1,3,4,6,5290,0,80,1,7,0,8,13,3,24,3,8,1,68,0,8,2,4,0,5,16,0,4,0,0,7,0,0,23,0,1,0,0,22,44,0,11,20,9,1,2,0,21,0,16,1,1,19,10,1,3,0,0,0,8,138,0,4,0,0,0,11,0,1,0,0,1,1,0,1,1,0,0,4,0,0,1,0,4,0,1,0,0,15,3,7,0,1,0,0,6,0,4,0,0,0,3,1,0,0,5,1,0,0,0,0,1,0,0,0,0,1,7,1,1,0,0,8,0,7,13,0,0,23
2021,"Bromley 033","E02000159",7109,527,2,1,0,0,0,0,12,0,56,1,55,287,0,2,0,0,0,0,5,1,0,3,3,0,1,1,0,46,0,0,0,40,0,0,5,4,0,1,1,102,41,0,0,1,0,0,0,0,0,0,0,10,0,0,0,0,0,41,0,0,0,0,0,0,7,0,0,0,1,0,0,1,101,5,3,22,0,64,0,0,0,4,0,0,0,0,0,3,225,0,0,0,0,0,0,3,0,6,0,0,1,1,0,1,1,0,0,0,0,0,10,0,0,0,5,0,1,1,0,1,0,0,0,0,1,0,12,0,0,0,0,0,4,0,0,4,1,0,0,57,30,70,1,3,0,2,9,6001,3,3,0,1,0,0,5,0,0,2,0,4,9,0,1,0,0,1,0,3,5632,2,54,2,3,0,10,2,3,0,4,4,0,82,0,31,0,0,0,0,11,0,4,0,0,5,0,1,6,4,3,0,0,14,19,8,7,9,3,0,2,0,2,0,7,1,1,8,15,2,3,0,0,1,4,153,0,1,0,0,0,18,0,2,0,0,0,0,0,1,4,0,0,0,0,0,1,2,7,0,0,4,0,7,5,4,1,2,0,0,8,0,2,0,0,0,0,0,2,0,1,0,0,0,0,0,0,0,0,0,0,0,0,0,2,0,3,20,0,8,43,0,0,5
2021,"Bromley 034","E02000160",8110,340,0,0,0,0,0,4,13,0,85,0,16,145,0,0,5,0,3,0,1,2,0,2,5,1,0,0,1,15,0,0,0,21,0,0,5,7,0,6,3,86,32,0,0,0,0,0,0,3,0,2,0,15,2,0,1,0,0,29,0,0,0,0,0,0,0,1,0,0,0,0,0,1,136,0,1,20,2,104,0,1,0,3,0,1,0,0,0,4,333,1,0,0,1,0,1,5,0,6,0,5,1,0,0,4,0,1,0,0,0,0,3,1,5,0,0,0,0,0,0,0,1,0,4,0,0,0,11,2,0,0,0,0,5,0,1,5,3,1,0,98,37,113,3,3,1,0,11,7070,1,14,0,0,0,0,8,0,0,1,0,3,5,1,0,1,0,5,7,3,6499,0,87,1,20,0,12,10,13,3,2,3,1,152,0,23,2,1,0,0,13,0,1,0,1,6,0,2,22,0,4,0,1,11,35,6,8,13,3,0,1,0,6,2,10,4,0,14,15,2,5,0,0,0,7,145,8,0,4,2,0,18,0,2,0,2,0,0,0,1,0,0,0,0,0,1,0,0,13,1,0,5,0,5,0,8,0,1,1,0,8,0,0,0,0,0,0,0,2,0,0,0,1,0,1,0,1,0,0,0,1,0,0,0,1,0,0,6,1,4,33,1,1,12
2021,"Bromley 035","E02000161",8701,1491,6,0,0,4,0,2,10,0,297,0,21,968,2,4,9,0,5,0,9,0,0,0,11,2,1,0,3,69,0,1,0,46,1,0,18,1,0,1,0,166,60,0,0,15,0,0,0,0,3,0,0,6,3,0,0,0,0,70,0,0,0,0,0,0,0,0,0,0,0,0,9,0,84,2,0,26,0,50,3,0,0,0,0,2,0,0,0,1,282,0,2,0,0,0,1,2,1,1,0,0,0,1,0,1,5,0,0,3,0,0,6,2,1,0,4,0,0,0,0,0,1,0,5,0,0,0,13,0,0,0,1,0,7,0,0,0,0,0,2,115,33,63,2,1,0,0,9,6537,0,0,0,0,0,0,11,0,6,1,0,0,4,0,0,1,1,0,0,1,6037,0,83,1,10,0,7,5,1,6,1,8,0,90,0,25,2,1,0,1,3,1,2,0,0,8,1,1,29,0,3,0,0,22,29,10,5,28,21,0,1,1,25,0,7,1,2,6,7,12,3,0,3,0,3,141,0,1,0,0,0,45,0,0,0,0,2,0,0,0,8,1,0,0,0,0,0,0,6,7,0,1,0,19,3,3,1,0,0,3,0,0,4,0,0,0,0,0,3,0,1,0,0,0,0,0,1,4,0,1,4,0,0,0,2,0,0,5,0,7,4,1,0,4
2021,"Bromley 036","E02000162",7140,639,0,0,0,2,0,0,31,0,73,1,96,313,0,2,6,0,1,0,2,2,0,2,4,4,4,0,2,27,0,1,0,16,0,0,31,2,6,10,1,183,75,1,0,1,0,0,6,0,0,0,0,8,0,1,0,0,0,71,0,0,0,4,1,1,0,0,0,0,2,4,2,6,111,1,0,22,0,79,1,3,0,3,0,1,0,0,0,1,235,0,1,0,0,0,0,5,1,5,0,0,2,0,0,0,0,0,0,2,0,0,11,1,0,0,0,0,2,0,0,2,4,0,1,0,0,0,8,1,0,0,2,0,0,0,0,3,2,0,0,71,24,78,0,0,3,0,6,5895,1,3,0,0,5,0,5,0,0,6,0,1,10,0,0,1,0,2,0,0,5510,1,70,0,6,0,4,3,4,3,1,0,2,80,0,8,0,9,0,0,2,1,3,1,0,15,0,0,10,1,3,0,0,11,16,0,10,12,16,3,0,0,16,0,3,3,1,14,7,5,3,0,1,0,3,77,0,0,0,0,0,13,0,0,0,1,0,0,0,0,0,0,0,0,0,0,0,3,2,6,0,2,0,8,0,1,0,0,1,0,5,1,0,0,0,0,0,0,1,0,0,0,0,0,0,0,2,0,0,0,4,0,0,0,0,0,0,5,0,5,15,0,0,2
2021,"Bromley 037","E02000163",7723,854,0,0,0,0,0,0,19,0,137,0,11,561,0,0,14,0,0,0,7,4,0,3,0,0,0,0,0,37,0,0,2,33,0,0,12,2,4,8,0,92,38,0,0,0,0,0,1,0,0,0,0,2,5,0,0,0,0,46,0,0,0,0,0,0,0,0,0,0,0,0,0,0,73,1,1,18,0,44,0,0,0,7,0,0,0,0,0,2,219,0,0,0,1,2,0,2,0,2,0,1,0,1,1,0,2,0,2,0,0,1,7,1,4,2,0,0,2,2,0,2,2,0,0,0,0,0,15,0,0,1,0,0,1,0,0,1,0,3,1,96,13,38,1,0,2,0,10,6379,0,1,0,0,0,0,17,0,4,0,0,6,1,1,0,0,0,0,0,11,5985,1,67,0,6,0,12,9,6,6,8,1,0,66,0,12,1,0,0,3,3,0,1,0,1,12,0,0,15,0,5,0,0,18,17,10,0,20,6,0,0,0,12,0,13,1,1,3,3,7,2,0,0,0,5,106,0,0,0,0,0,31,0,0,0,0,0,0,0,0,3,0,0,1,0,0,0,4,2,0,0,0,0,3,1,3,0,0,2,0,0,2,3,0,0,0,0,0,0,0,4,0,3,0,0,0,2,0,0,0,2,0,0,0,4,1,0,7,0,7,13,0,1,7
2021,"Bromley 039","E02000165",7171,131,6,0,0,0,0,2,17,0,19,0,14,26,0,1,1,0,0,0,0,1,0,1,1,0,1,0,0,11,0,9,0,6,1,0,0,1,0,13,0,102,50,0,0,3,0,3,0,0,0,0,0,3,1,0,0,0,0,21,0,2,0,0,0,6,0,0,0,0,5,1,7,0,90,1,0,10,0,69,0,0,0,4,0,2,0,0,0,4,211,0,0,0,0,2,0,0,0,3,0,0,1,0,0,0,3,1,1,0,0,0,4,1,2,1,0,0,0,0,0,0,0,0,2,0,0,0,6,1,0,0,0,0,0,0,0,0,0,1,0,43,43,84,0,2,0,0,10,6608,2,11,0,0,0,0,3,0,0,0,0,1,8,0,0,0,0,1,2,2,6337,0,47,0,5,0,0,1,1,6,3,6,0,59,0,6,1,3,2,0,7,0,2,0,3,7,0,0,17,0,1,0,0,14,12,16,0,7,1,1,1,0,0,0,1,1,0,1,4,1,3,0,0,0,1,29,0,0,0,0,0,6,0,0,0,0,0,0,0,0,4,0,0,0,0,0,0,0,0,2,0,0,0,5,0,0,0,0,1,0,0,0,0,0,0,0,0,0,0,0,0,1,2,0,1,0,0,0,0,0,0,0,0,0,0,0,0,0,1,0,6,0,0,0
2021,"Camden 001","E02000166",7749,524,26,0,0,1,0,1,253,0,63,0,26,74,0,6,21,0,12,1,2,1,0,1,1,3,1,1,2,10,0,0,0,7,2,1,0,4,0,1,3,367,93,0,0,7,1,0,22,5,16,2,0,17,0,0,0,0,1,49,0,3,0,0,3,130,2,1,6,1,4,0,1,3,188,4,0,37,1,123,1,0,0,1,0,7,0,0,8,6,563,0,1,5,0,1,2,1,3,7,0,1,4,0,2,0,3,1,4,3,0,2,17,3,21,1,5,0,8,1,1,2,2,0,0,3,0,3,48,6,0,0,0,0,2,0,0,1,1,0,3,138,62,178,1,4,0,1,11,5665,0,10,4,0,1,0,46,1,0,1,1,3,5,0,0,2,1,6,8,11,4233,2,328,5,67,6,34,25,26,0,8,13,1,247,6,81,81,30,3,3,4,0,11,5,0,60,0,0,27,4,19,0,0,41,36,15,8,8,37,5,2,1,10,2,22,10,3,11,0,10,2,1,0,0,12,442,8,1,0,1,0,77,0,4,0,0,3,0,1,0,1,4,0,4,0,1,0,2,9,4,6,17,0,53,1,33,3,1,74,4,11,0,6,1,3,10,0,11,0,0,6,20,1,0,2,0,1,0,0,0,0,0,9,0,3,1,0,1,0,10,5,0,0,29
2021,"Camden 002","E02000167",7194,639,12,1,1,0,4,0,57,0,121,0,31,239,1,11,63,0,21,0,3,0,0,0,1,6,15,1,1,14,0,0,0,16,2,0,1,6,2,5,4,110,46,0,0,0,0,0,5,0,0,0,0,5,4,0,0,1,2,21,0,1,0,0,1,21,0,2,0,0,0,0,0,1,48,3,0,10,0,27,0,0,0,0,0,2,0,0,0,6,438,0,0,0,0,4,0,0,1,2,2,1,2,0,1,5,6,1,5,2,0,1,13,0,17,0,7,0,3,0,1,1,8,0,3,2,1,0,32,2,0,0,1,0,5,2,0,0,0,0,6,194,34,49,3,5,0,0,16,5594,3,5,0,3,9,2,69,16,3,13,0,13,5,1,0,5,0,8,16,27,3364,2,397,8,108,1,80,69,19,0,19,21,7,175,24,123,175,7,0,2,2,1,18,4,0,204,0,6,27,0,20,0,0,138,50,26,35,15,58,3,5,3,33,1,45,21,8,34,0,7,8,1,1,1,20,365,5,1,0,0,0,60,2,1,0,0,2,1,0,1,2,0,0,0,0,0,0,1,14,3,3,2,0,27,0,41,2,2,111,0,16,0,0,0,0,0,0,1,2,0,9,11,2,0,0,0,0,0,0,1,0,0,0,0,0,1,0,0,5,9,0,0,0,27
2021,"Camden 003","E02000168",7825,657,1,0,0,1,0,1,284,0,98,0,41,122,5,8,21,0,4,2,9,0,4,1,1,4,2,0,3,16,0,0,0,16,1,3,0,4,1,4,0,326,116,0,0,6,3,0,27,0,18,14,1,7,2,0,0,0,2,25,0,0,0,0,2,91,2,1,0,0,2,1,1,5,195,3,0,38,0,121,0,0,1,2,0,10,2,0,9,9,524,0,0,0,1,0,0,2,0,7,0,3,3,0,3,0,8,0,4,1,0,1,13,3,16,0,1,1,6,0,3,1,1,0,1,1,0,3,44,7,1,1,1,0,1,2,0,0,0,0,12,147,66,122,1,3,0,3,30,5759,2,7,0,2,2,2,43,9,3,4,2,6,11,0,2,4,5,3,3,11,4144,0,315,4,148,0,41,30,26,7,18,12,1,255,2,93,60,23,0,3,11,1,10,0,0,69,0,6,17,1,18,0,0,70,53,14,25,23,19,2,3,2,13,1,35,20,3,18,0,1,11,0,0,0,10,364,3,3,0,3,0,62,0,0,0,0,0,0,0,0,6,0,1,4,0,0,0,1,12,1,2,13,0,34,0,19,1,2,71,0,15,0,0,1,2,0,0,7,3,1,12,2,3,0,0,0,2,0,0,1,0,0,11,7,6,0,0,0,0,21,0,0,0,32
2021,"Camden 004","E02000169",7171,1033,9,0,1,0,0,0,71,0,204,0,43,412,5,26,93,0,18,0,5,0,5,0,0,7,1,5,10,75,0,0,0,23,6,2,0,8,0,2,2,167,45,0,0,3,0,1,8,3,8,7,0,4,1,1,0,0,0,41,0,0,1,0,3,31,2,0,0,0,1,0,2,5,66,0,2,18,0,36,0,0,0,4,0,3,0,0,1,2,451,1,0,1,0,0,0,4,0,1,0,0,1,4,1,0,1,2,3,0,3,1,8,0,14,0,12,0,3,2,0,0,5,0,2,0,0,2,26,3,0,0,0,0,1,0,0,0,0,1,10,208,54,49,0,5,1,6,16,4930,1,13,0,2,2,10,37,12,1,3,4,3,17,1,0,6,4,2,8,14,2671,0,378,10,111,0,64,76,23,0,31,16,18,105,26,121,169,18,0,4,13,3,11,1,0,223,0,11,45,16,16,0,0,149,62,20,35,27,104,4,21,1,34,0,41,24,4,36,1,12,16,1,2,0,16,524,5,0,0,0,1,85,0,0,0,0,4,2,0,0,4,0,0,0,0,0,0,0,5,11,6,4,0,25,0,131,1,2,133,3,3,0,1,1,0,0,0,4,0,0,11,5,1,0,0,0,1,0,0,0,0,0,2,0,1,3,0,0,0,12,0,0,0,57
2021,"Camden 005","E02000170",7922,1088,21,0,0,0,4,3,164,0,151,0,109,377,2,33,31,1,6,0,6,4,4,4,6,9,3,15,2,59,0,0,3,37,6,0,6,7,0,12,3,265,101,4,0,5,1,0,1,0,10,5,0,16,1,0,0,0,0,54,0,0,2,1,0,52,1,1,5,0,2,0,1,2,143,0,2,35,5,80,1,2,0,2,0,4,0,0,5,7,536,2,1,3,1,4,0,13,1,6,0,1,2,0,1,5,7,0,5,1,2,7,18,0,26,1,8,0,3,3,1,0,3,0,0,0,2,3,44,3,0,0,0,0,2,0,0,0,0,1,7,167,61,81,6,6,1,0,27,5304,0,22,2,3,1,7,63,12,1,6,0,10,12,1,0,5,0,7,11,6,3041,1,409,9,111,2,60,98,13,6,17,22,17,221,3,159,123,16,0,6,8,2,16,0,2,82,4,7,46,15,25,3,0,121,88,16,49,51,37,10,5,7,28,10,64,9,3,41,1,14,9,7,1,0,20,586,4,2,0,1,0,184,1,1,1,0,1,0,0,0,0,1,1,0,0,3,0,2,18,12,4,0,0,36,2,75,4,1,87,0,5,0,1,1,4,0,0,16,3,0,37,8,1,0,0,0,0,0,0,0,0,0,1,0,8,0,1,3,0,11,0,0,0,45
2021,"Camden 006","E02000171",7392,887,26,1,1,1,0,1,352,0,110,0,35,196,2,4,37,0,12,2,4,1,0,1,1,4,7,2,6,34,0,0,2,21,3,0,0,8,2,8,3,308,102,0,0,10,0,0,19,0,10,13,0,23,0,0,0,0,0,39,0,0,0,0,0,82,2,0,2,0,3,0,0,3,140,1,0,30,1,92,1,0,0,2,0,7,0,0,0,6,487,0,0,0,0,1,0,3,3,2,0,1,4,2,0,0,2,1,6,2,1,2,12,0,13,4,5,1,6,0,4,0,0,0,0,0,2,1,39,3,0,0,2,1,5,1,1,0,2,0,5,187,41,97,2,5,0,1,17,5203,0,16,0,1,0,3,51,6,0,9,6,7,11,0,0,3,10,7,11,14,3353,2,376,5,122,1,54,59,22,6,15,7,6,202,7,85,85,38,0,1,4,1,11,1,0,93,2,5,39,0,26,0,0,103,38,30,31,12,36,5,5,5,14,4,46,16,9,31,2,9,6,4,0,0,14,367,9,0,0,1,0,64,0,2,0,0,1,0,0,0,3,0,0,0,0,0,0,1,17,4,0,8,0,46,0,32,2,8,75,0,1,0,1,4,4,0,0,11,1,0,1,3,4,0,0,0,3,1,0,0,5,0,6,0,3,1,0,0,0,8,2,0,2,33
2021,"Camden 007","E02000172",9992,1693,51,0,2,0,0,3,1073,0,161,1,54,138,0,32,24,2,1,6,3,2,0,2,13,3,13,3,1,44,0,0,1,23,5,1,0,8,3,17,3,1031,319,2,3,25,3,0,55,1,55,51,0,30,6,0,0,0,0,56,2,0,5,4,4,329,26,1,38,0,3,0,2,11,332,13,0,65,0,157,10,1,1,10,0,26,1,0,31,17,682,1,5,1,0,3,2,2,0,10,1,4,3,3,2,1,4,9,4,3,4,1,15,2,15,1,1,0,5,2,2,5,4,0,0,3,1,4,63,6,0,3,2,0,11,7,3,0,0,0,6,144,131,155,1,0,0,1,26,5621,0,44,2,5,4,0,32,6,1,3,1,8,4,1,1,0,2,7,6,9,3809,3,288,1,141,0,55,38,19,25,16,24,4,299,16,100,41,76,6,0,9,0,6,1,0,59,7,0,43,2,18,11,0,78,58,35,29,10,18,1,7,1,10,3,53,18,5,16,3,6,6,2,1,0,8,633,12,16,0,8,4,148,4,0,6,0,2,0,0,1,14,7,0,1,0,2,0,0,6,7,2,6,0,100,1,32,1,2,30,0,43,0,2,1,3,0,0,27,5,9,5,5,6,0,1,0,4,0,0,1,0,1,23,1,7,2,0,0,0,29,0,2,0,44
2021,"Camden 008","E02000173",7490,1395,14,1,0,2,0,0,163,0,240,0,124,455,1,19,134,0,36,0,19,3,0,1,5,10,13,2,5,83,0,0,1,19,7,2,1,27,0,4,4,167,71,1,2,5,0,0,9,0,5,12,0,5,2,0,1,0,0,27,0,0,1,0,0,10,7,4,1,0,0,1,3,0,67,1,0,19,2,33,1,0,0,5,0,4,0,0,0,2,442,0,0,3,0,0,2,1,1,5,1,3,0,0,1,0,4,0,3,0,0,7,6,0,22,3,6,2,6,0,3,1,0,0,0,3,0,0,31,4,0,0,0,0,1,0,0,0,0,0,4,174,54,49,1,8,0,0,33,4966,2,8,0,0,5,2,56,16,0,8,3,21,12,0,0,2,6,7,25,21,2494,4,402,19,139,2,99,89,24,10,31,14,5,165,38,158,147,12,5,2,5,1,9,3,0,134,0,8,44,4,22,3,0,155,69,50,43,37,69,4,11,3,30,8,71,19,8,65,0,9,8,3,1,0,17,453,0,0,0,0,1,108,1,0,0,0,2,0,0,0,2,0,0,0,0,2,1,0,15,6,1,3,0,35,1,57,2,4,84,7,1,0,1,1,1,0,0,8,5,0,15,16,2,1,0,0,1,1,0,0,2,0,8,0,1,1,1,6,0,9,1,0,0,39
2021,"Camden 009","E02000174",8090,1018,26,0,0,0,2,1,530,1,107,0,47,142,5,13,27,0,15,0,2,0,5,0,8,4,1,1,2,41,0,0,3,10,0,2,0,4,2,14,3,691,209,0,0,13,5,1,31,13,40,15,0,24,1,0,0,1,3,57,0,1,5,0,7,220,12,0,21,0,1,0,6,5,225,3,1,48,3,131,0,0,0,5,1,8,0,0,19,6,564,1,1,3,0,0,1,8,3,5,0,2,1,1,2,1,1,1,7,8,3,4,15,1,13,1,2,0,11,0,0,1,4,0,0,2,0,2,40,3,0,0,0,0,4,1,0,3,0,0,5,135,93,142,0,7,0,0,26,5179,0,12,1,0,2,1,35,3,1,10,5,8,6,3,1,4,1,1,7,9,3428,0,324,8,119,0,55,32,33,7,34,10,0,299,8,117,56,25,0,4,14,4,14,5,0,54,1,5,36,0,12,0,0,76,24,54,23,13,27,8,2,2,11,1,55,17,8,16,1,3,14,1,0,0,9,413,1,4,0,2,5,116,5,0,0,0,1,0,1,0,2,0,0,1,0,0,0,1,8,10,2,17,0,35,3,19,1,1,29,0,13,0,0,2,13,0,0,3,1,3,11,10,2,0,0,0,0,0,0,0,1,0,23,0,12,2,0,2,1,14,0,6,0,30
2021,"Camden 010","E02000175",9083,1374,27,4,3,0,2,3,224,1,233,0,54,425,3,32,107,2,32,0,8,4,3,2,1,8,3,6,5,105,0,0,2,26,12,0,3,24,0,8,2,472,175,2,0,5,0,0,11,0,44,13,1,18,2,0,0,1,2,57,0,0,4,0,4,101,7,0,2,0,4,5,6,8,208,7,0,36,1,120,1,0,2,3,0,22,0,0,13,3,591,0,1,0,2,4,3,7,0,1,1,0,6,3,2,5,5,0,8,0,4,5,15,0,7,2,8,3,1,3,0,0,2,0,0,1,1,8,37,6,0,1,0,0,0,0,0,0,0,2,13,203,77,101,3,14,1,0,25,5737,1,39,1,1,8,5,76,5,0,16,0,20,22,2,1,10,5,5,12,14,3229,2,392,10,173,3,59,96,14,8,27,16,12,269,18,177,103,63,0,2,16,4,7,2,2,109,2,5,67,6,10,1,0,98,53,53,49,52,51,0,11,5,40,1,84,30,11,17,3,3,5,1,2,1,20,701,5,2,0,5,1,212,4,2,0,0,5,0,1,3,9,0,0,0,0,0,1,4,12,3,4,6,0,42,1,91,1,4,99,0,22,0,1,1,0,0,0,22,5,1,21,26,4,0,0,1,2,0,0,0,3,0,14,0,0,3,0,0,0,5,2,1,0,50
2021,"Camden 011","E02000176",5914,692,1,0,4,1,0,1,34,0,151,0,27,258,7,21,63,0,11,0,6,0,0,0,1,3,2,2,5,48,0,1,0,11,5,2,1,12,0,7,7,96,42,0,0,2,0,0,3,0,3,2,0,3,2,0,0,0,0,15,0,0,1,0,0,13,5,0,2,0,1,0,1,1,44,1,1,6,1,28,1,0,0,0,0,5,0,0,0,1,394,0,0,0,0,3,0,2,0,5,0,0,2,1,3,0,6,0,1,0,0,0,7,0,22,1,3,0,2,0,0,0,2,2,0,0,2,3,51,4,0,0,0,0,0,0,1,0,0,1,3,149,35,49,1,11,1,0,21,4311,2,8,0,0,7,4,59,3,7,6,0,11,10,4,0,1,4,11,6,16,2150,3,383,5,220,1,88,62,17,0,22,12,5,151,14,132,107,22,0,4,12,0,11,1,0,149,0,7,51,7,13,5,0,144,62,18,27,8,70,5,7,1,20,5,42,22,14,30,1,4,8,1,0,1,8,377,2,0,1,0,2,61,0,0,0,1,1,0,0,0,5,0,0,1,0,1,1,0,12,0,3,2,4,37,5,40,0,9,100,0,4,0,1,0,0,0,0,9,3,0,8,10,1,0,0,3,1,0,0,0,1,0,0,0,5,0,0,0,0,2,2,0,0,39
2021,"Camden 012","E02000177",8480,1491,35,0,1,2,0,1,841,0,138,6,87,171,0,11,23,0,12,2,3,7,10,4,12,13,1,2,1,65,0,0,0,9,1,1,0,14,4,9,5,792,204,4,0,12,0,1,41,0,29,22,4,24,2,0,3,0,5,65,0,0,6,0,0,315,12,1,17,0,13,2,2,8,273,14,0,55,1,167,0,2,0,5,0,8,1,0,14,6,563,5,4,4,0,3,0,8,0,0,2,5,3,1,3,1,1,2,1,3,0,7,9,0,18,4,7,0,1,0,5,0,4,0,2,1,0,0,47,0,0,0,1,13,0,1,1,1,2,0,7,165,70,125,1,7,0,0,18,4834,1,24,0,9,0,3,43,6,0,3,4,15,10,1,2,2,5,10,5,6,3108,1,249,5,96,1,38,72,6,4,19,20,7,258,8,87,42,101,0,3,7,0,8,1,1,48,2,12,30,1,16,1,0,72,46,42,39,20,40,5,2,3,16,3,65,15,7,22,1,4,7,0,0,0,24,527,12,7,2,9,5,135,3,0,1,2,1,0,1,3,0,0,0,0,0,0,0,2,10,15,1,11,0,57,0,33,1,4,62,0,23,0,0,2,0,0,7,13,4,2,8,7,3,0,0,1,2,0,0,0,0,0,16,0,3,2,0,0,0,10,3,0,2,42
2021,"Camden 013","E02000178",8902,1374,16,1,4,0,15,6,449,0,158,0,138,313,0,41,34,0,9,2,9,2,0,3,2,15,11,14,0,73,0,0,0,22,4,2,6,14,1,9,1,728,206,4,6,16,3,0,25,1,27,28,1,44,6,0,0,5,0,58,0,1,6,0,3,218,20,1,21,0,5,1,8,14,322,17,1,74,3,178,3,0,1,11,0,18,0,0,1,15,660,0,5,1,0,8,3,7,0,9,0,2,2,10,1,0,4,3,4,2,0,2,18,0,16,4,3,3,10,1,0,5,0,0,2,3,3,1,50,5,0,1,0,0,4,0,0,0,0,0,9,143,131,136,1,14,0,1,33,4952,1,46,2,6,3,5,49,7,2,14,7,14,23,0,1,7,0,6,2,11,2712,2,285,6,100,0,47,95,8,0,36,9,20,383,3,164,37,75,0,4,14,2,7,2,1,69,2,4,75,2,20,3,0,105,71,51,73,44,21,18,9,1,24,3,78,9,5,9,2,3,16,2,2,0,13,866,4,6,0,2,0,405,1,0,2,0,3,1,0,0,6,0,0,0,1,1,0,2,10,6,2,3,0,47,1,64,0,2,51,3,32,0,1,0,1,0,1,22,8,0,39,12,4,0,0,1,4,0,0,0,0,0,53,0,3,5,0,0,0,11,2,0,0,44
2021,"Camden 014","E02000179",5743,850,34,0,0,0,5,2,197,1,153,1,69,173,3,12,59,1,19,0,5,3,2,0,0,3,4,4,1,58,0,0,4,15,5,5,1,2,0,7,2,499,107,0,0,9,3,1,15,0,22,18,0,25,0,0,0,1,5,27,0,0,0,0,5,240,7,1,0,0,3,0,6,4,93,1,0,27,1,46,0,1,0,2,0,4,0,0,8,3,319,0,0,0,0,1,0,6,0,4,0,1,2,2,1,0,0,0,8,0,0,3,9,0,16,0,0,0,1,0,0,2,1,0,0,1,0,1,26,2,0,0,0,0,2,1,0,1,0,2,4,118,32,41,1,15,3,0,12,3513,0,23,1,0,8,6,26,8,3,5,3,8,6,6,0,5,1,3,5,7,1958,0,302,3,99,1,53,51,15,0,19,13,12,95,8,74,90,71,0,3,5,1,3,1,1,100,0,5,48,7,10,3,0,83,30,24,16,14,53,9,1,2,12,14,25,5,8,12,0,3,4,2,3,1,17,469,12,2,0,0,0,138,0,0,0,0,0,0,0,0,4,0,0,0,0,0,0,0,9,9,0,0,0,37,2,42,1,5,83,0,9,0,0,0,1,0,0,7,1,2,12,9,5,0,1,0,0,0,0,0,0,0,32,0,5,1,0,0,0,1,0,1,1,37
2021,"Camden 015","E02000180",7883,1272,49,0,0,0,1,1,651,0,190,0,65,151,4,13,19,5,8,4,0,1,1,0,7,3,8,10,3,38,0,1,0,4,5,5,0,11,1,12,1,694,160,1,0,16,1,1,36,1,57,38,1,34,2,0,0,1,5,50,0,2,3,0,1,247,14,2,3,0,2,0,0,16,214,3,0,41,2,133,2,0,0,4,1,4,0,0,16,8,571,2,4,6,0,3,0,2,2,6,0,2,6,6,2,0,2,1,1,0,2,2,18,0,17,0,0,0,2,0,2,1,4,1,3,3,3,2,30,8,0,2,0,0,3,1,2,0,0,0,8,148,99,133,1,6,1,0,24,4724,1,32,0,1,0,1,48,12,0,12,0,10,13,2,0,8,3,5,6,13,3027,2,309,5,101,0,56,66,34,3,21,10,1,200,1,109,42,8,0,0,7,0,16,0,1,50,0,2,42,3,15,0,0,68,48,58,40,22,40,3,7,1,9,4,62,14,4,29,2,2,6,1,1,0,5,408,4,7,0,3,0,126,0,0,0,0,0,2,2,2,6,2,0,0,0,3,0,0,12,4,3,13,0,54,4,13,2,5,20,0,15,0,1,3,0,0,0,9,3,1,4,10,1,0,0,0,3,0,0,0,0,0,18,0,8,1,0,0,1,11,2,1,0,29
2021,"Camden 016","E02000181",8066,1114,9,0,1,1,3,0,150,0,221,2,22,430,2,16,78,0,19,0,8,2,1,3,2,6,6,4,6,50,0,0,1,33,8,0,2,12,0,14,2,258,65,1,0,3,0,0,1,0,16,6,6,23,0,0,0,0,0,43,0,0,0,0,4,88,0,0,0,0,0,0,1,1,124,2,0,17,4,88,0,0,0,1,0,3,0,0,5,4,523,6,0,0,0,2,3,3,4,6,0,4,0,1,2,0,4,0,4,0,1,1,12,0,22,1,4,0,6,1,4,0,1,0,0,3,0,0,38,4,0,1,0,0,3,1,1,0,0,0,3,213,64,68,1,9,0,0,22,5511,1,30,0,1,8,9,66,3,4,14,1,14,21,0,5,11,3,9,9,30,2824,0,493,3,226,0,70,147,21,1,35,20,8,239,27,171,139,47,0,2,6,0,11,9,1,112,0,2,56,4,13,0,0,126,55,38,23,33,74,11,12,0,26,7,67,22,8,53,1,8,4,4,0,0,13,536,3,0,0,0,0,146,1,0,0,0,0,0,0,0,6,1,1,4,0,1,1,0,7,1,5,5,0,50,0,65,0,6,111,0,17,0,1,0,0,0,0,5,1,3,17,17,1,0,0,0,2,0,0,1,0,0,9,0,4,0,0,0,0,8,0,2,1,33
2021,"Camden 017","E02000182",7132,1782,31,2,0,1,0,1,280,0,224,2,41,508,2,25,427,1,38,0,7,1,1,3,5,14,9,0,5,81,0,0,0,17,5,2,6,22,4,11,6,420,106,1,3,4,0,0,4,1,13,31,4,19,2,1,0,0,1,47,0,1,3,0,0,141,13,0,9,0,9,0,0,7,125,2,0,23,5,70,2,0,3,0,4,4,0,0,6,6,415,0,0,3,0,5,1,9,0,8,0,0,9,1,2,1,7,0,0,0,0,0,7,0,13,0,3,0,7,0,1,1,0,0,2,1,0,5,34,4,4,1,0,2,0,1,0,3,0,1,5,153,63,37,3,1,1,0,16,3740,0,26,0,6,2,1,32,2,6,7,1,12,10,0,0,4,10,4,7,10,1894,2,300,4,127,0,42,58,7,2,39,9,26,94,2,110,102,72,0,2,6,2,3,0,0,101,4,3,40,8,17,5,0,105,35,16,52,26,76,10,4,1,18,15,49,8,11,56,4,10,11,4,1,0,7,650,8,3,0,10,0,243,4,0,0,0,5,0,0,5,2,4,0,0,0,0,0,0,12,6,4,6,0,25,0,113,1,7,57,2,11,0,0,1,0,0,0,8,2,0,18,6,2,0,0,1,1,0,0,0,0,0,10,0,9,0,0,1,0,10,2,0,4,47
2021,"Camden 018","E02000183",7598,911,13,0,1,1,1,0,350,0,144,0,59,168,2,13,36,0,14,0,9,0,0,0,1,3,4,0,4,54,0,0,0,18,5,1,1,3,0,4,2,351,93,2,0,13,0,0,24,2,18,10,0,17,2,0,0,1,0,41,0,0,2,0,0,85,15,0,5,1,8,0,4,8,174,1,0,24,4,128,0,1,0,4,0,5,0,0,4,3,501,1,3,0,3,2,0,2,0,5,0,8,5,3,1,2,1,2,3,0,0,2,5,2,12,0,3,1,4,0,4,0,2,0,0,3,0,2,48,5,3,3,1,0,2,0,0,0,0,0,10,169,46,95,6,2,3,0,27,5237,0,29,1,0,1,2,75,3,0,6,3,9,7,3,0,8,2,3,6,26,3252,0,361,10,120,0,67,48,9,3,23,7,2,245,9,93,106,33,0,6,7,1,16,2,2,133,1,6,33,8,21,1,0,91,41,21,33,8,55,13,2,0,21,17,44,25,8,19,2,6,6,0,0,0,16,424,0,3,0,1,1,99,0,0,0,0,4,0,1,0,1,8,0,0,0,3,0,0,9,5,1,9,0,31,1,21,2,7,72,0,20,1,2,4,6,0,0,13,0,4,15,5,3,0,1,0,0,0,0,0,0,0,25,0,9,1,0,0,0,7,1,1,0,27
2021,"Camden 019","E02000184",8913,1970,44,2,1,0,4,7,888,0,415,0,78,246,4,24,29,0,20,0,17,4,0,1,12,1,9,0,3,84,0,1,0,22,10,2,0,15,0,22,5,829,223,6,2,37,0,0,31,0,40,17,1,36,1,0,0,0,0,76,0,3,1,0,3,301,8,0,20,0,7,0,0,16,254,5,0,77,4,119,4,0,0,7,0,8,1,0,20,9,625,1,0,1,0,4,0,11,6,6,0,3,5,3,0,0,0,2,7,0,1,1,9,0,31,0,0,4,5,4,0,3,4,0,1,1,1,2,43,4,0,3,1,3,2,0,2,3,1,1,6,189,79,139,1,4,0,0,28,4682,0,32,0,1,0,3,45,7,1,10,0,15,11,0,2,3,4,8,9,15,2691,0,358,12,131,0,49,60,28,17,38,18,0,201,4,119,34,77,3,3,16,3,16,1,0,73,1,11,38,6,15,4,0,83,72,51,59,35,35,7,2,1,11,5,56,11,11,24,3,11,3,0,1,0,8,553,12,13,0,2,1,178,0,1,7,2,0,0,1,1,6,0,0,2,0,6,0,2,12,6,3,13,0,70,0,36,0,0,7,1,11,0,6,0,0,0,0,10,3,0,8,12,3,0,0,1,2,3,0,0,0,2,24,2,14,1,0,0,0,30,5,0,1,33
2021,"Camden 020","E02000185",8887,1508,81,2,0,0,11,5,512,0,148,0,183,236,7,54,29,0,10,0,5,0,3,1,8,16,5,17,2,90,1,0,0,28,5,1,1,16,4,12,15,1102,336,6,2,18,4,0,19,1,78,52,0,47,8,0,0,0,0,76,1,1,5,0,1,387,11,2,31,0,6,0,2,8,323,4,0,63,0,188,3,0,0,9,4,14,0,0,27,11,565,2,4,4,1,3,0,6,0,1,0,5,5,2,0,1,0,1,2,0,2,1,10,0,11,0,1,0,1,1,1,4,5,0,0,4,0,5,27,3,1,5,2,1,3,0,3,0,1,2,8,124,149,97,1,12,0,0,43,4247,0,82,0,4,3,1,19,2,1,1,7,18,25,0,0,7,4,1,1,6,2264,1,295,2,66,2,31,56,14,5,22,14,15,250,4,117,17,156,0,10,14,5,14,2,0,54,1,4,62,21,10,10,0,114,63,46,54,34,43,6,12,2,5,4,52,10,3,33,0,4,17,1,1,0,23,1142,21,6,0,3,9,603,0,2,2,0,6,0,1,1,2,0,0,0,0,5,0,3,10,11,0,3,0,55,1,95,4,1,34,0,42,0,2,0,7,0,0,38,6,8,26,16,4,0,0,0,7,0,0,0,0,0,43,0,7,2,1,0,0,8,2,0,0,45
2021,"Camden 021","E02000186",6229,1015,26,0,1,0,0,11,334,0,209,0,41,207,4,9,21,3,20,2,5,0,0,1,4,7,7,0,7,40,0,0,0,11,3,2,4,22,0,11,3,458,143,2,1,9,0,2,9,0,16,20,0,22,2,2,0,0,1,52,0,0,0,0,1,153,3,4,5,0,4,0,2,5,148,6,0,35,1,75,4,1,0,3,0,10,0,0,5,8,454,2,1,0,0,2,3,3,1,4,0,1,5,0,4,0,0,0,9,1,0,3,4,6,18,0,0,0,0,3,0,3,2,0,5,0,3,1,21,5,0,0,0,0,3,0,3,0,0,0,11,134,69,90,0,7,1,0,26,3780,0,15,0,1,1,2,31,5,3,5,4,5,13,0,0,3,8,15,16,12,2284,7,277,11,80,0,40,45,23,1,14,6,3,115,1,81,46,41,8,8,9,3,3,0,0,62,3,5,28,1,11,0,0,73,37,42,28,21,51,3,4,5,14,3,67,13,7,32,0,6,6,0,1,1,11,374,0,2,0,1,0,141,1,1,0,0,0,0,0,0,6,2,0,1,0,0,0,1,8,7,1,5,0,39,0,34,1,4,14,0,26,0,1,1,4,0,1,4,8,0,1,6,5,0,0,0,2,0,0,1,0,0,2,0,0,3,0,0,0,14,0,1,0,25
2021,"Camden 022","E02000187",9791,3179,52,0,1,0,0,5,1837,0,543,2,133,245,13,19,47,5,28,0,19,4,4,0,6,15,16,1,7,103,0,0,0,21,18,7,1,12,0,13,2,1289,370,1,0,34,1,6,72,0,73,54,4,33,2,0,0,2,0,58,1,3,6,2,11,448,26,1,35,0,13,1,11,21,269,11,0,95,0,130,1,0,0,2,1,9,0,0,12,8,628,5,5,4,2,6,0,6,0,2,0,0,2,1,0,0,1,2,4,4,3,3,12,1,21,2,1,2,3,0,3,2,7,0,0,0,8,1,50,0,0,3,4,1,3,0,1,0,0,0,6,133,123,140,0,10,0,1,40,3746,2,29,5,2,0,4,20,3,3,10,4,12,8,1,0,4,3,0,2,4,2397,0,193,5,70,1,28,47,24,7,14,13,1,171,3,84,10,51,1,6,14,2,7,3,0,32,2,2,31,5,16,1,0,53,52,55,42,31,29,3,8,2,2,6,46,14,4,24,2,3,4,0,1,0,8,680,14,11,0,9,2,224,1,6,2,3,1,0,0,0,6,3,0,0,0,3,0,1,15,20,1,6,0,84,0,19,2,3,15,0,48,0,0,1,4,0,3,15,5,1,9,10,0,2,0,0,4,0,0,0,0,0,32,6,12,1,0,0,0,18,4,1,0,53
2021,"Camden 023","E02000188",7171,2305,69,0,0,0,0,4,1357,0,317,1,149,152,9,6,19,6,23,1,15,3,2,0,15,4,16,2,8,80,1,0,1,8,5,0,3,18,0,4,7,807,281,3,0,15,0,0,25,1,28,40,5,31,2,0,1,0,0,57,0,0,1,0,2,276,14,0,11,1,3,0,3,7,229,7,0,66,0,99,2,0,0,7,1,11,0,0,20,16,415,3,1,0,0,1,0,3,0,5,0,0,3,1,0,0,1,0,4,1,1,1,5,1,11,0,0,0,1,0,1,1,1,1,1,3,0,4,32,3,0,0,4,1,7,4,0,0,0,0,3,85,83,102,0,1,3,3,29,2867,0,37,0,1,1,3,9,7,3,2,2,6,7,1,1,4,0,3,7,5,1699,2,169,3,68,4,26,20,15,7,26,10,1,124,2,81,9,94,0,3,24,0,6,1,0,21,0,3,40,0,9,0,0,67,31,28,30,23,16,8,5,1,6,6,47,5,2,10,2,1,6,0,0,0,7,548,8,4,0,4,0,202,0,3,8,0,3,1,2,0,0,8,0,1,0,7,1,3,10,15,5,2,0,75,5,19,0,6,15,0,14,1,0,0,0,0,6,16,3,1,5,9,1,0,0,0,0,0,0,2,0,0,12,0,10,4,0,4,0,20,2,2,0,29
2021,"Camden 026","E02000191",5340,1512,7,0,0,0,0,2,291,1,552,0,129,295,4,7,25,0,27,0,16,2,1,2,12,4,10,0,5,54,0,0,0,15,8,3,4,20,0,11,5,199,44,0,0,2,0,1,3,3,4,2,0,17,0,0,0,1,0,29,0,0,1,0,2,80,0,1,3,0,1,0,1,4,66,3,1,12,1,41,1,0,0,1,0,6,0,0,0,0,405,1,0,0,0,3,2,1,1,2,1,2,4,3,1,1,0,0,4,0,0,0,18,0,17,0,2,2,1,0,2,1,0,2,0,0,1,2,34,6,0,0,0,0,3,1,0,2,0,1,9,164,58,40,0,0,0,0,13,2873,1,7,0,0,1,2,31,2,1,5,1,8,9,1,1,4,7,8,7,14,1478,1,270,7,127,1,59,76,15,1,8,16,3,104,0,73,20,5,0,5,5,0,4,2,0,38,1,1,21,2,15,1,0,76,50,28,29,18,37,12,4,2,8,2,70,8,12,33,2,5,3,1,0,0,4,285,1,0,1,0,0,89,3,0,0,1,0,0,0,0,8,0,0,2,0,3,0,0,5,11,2,1,0,30,0,20,0,2,13,0,10,0,0,0,2,0,0,5,7,0,7,5,0,3,0,0,1,0,0,0,1,0,4,0,0,1,0,0,1,21,0,1,2,22
2021,"Camden 027","E02000192",6665,1802,12,1,2,0,0,1,1102,1,285,6,86,133,13,10,19,0,18,1,11,2,0,1,2,1,3,0,2,55,0,0,0,6,5,0,0,9,2,7,6,548,192,7,0,27,0,0,14,1,30,37,0,30,8,0,1,2,1,47,0,0,1,0,3,117,12,0,6,0,6,0,3,3,180,14,0,47,2,79,0,0,0,2,1,16,3,0,12,4,395,1,1,1,0,2,0,2,1,1,1,2,1,3,0,1,2,4,3,2,0,1,5,0,23,0,3,5,3,2,1,1,2,0,0,0,1,5,26,5,0,0,0,0,2,2,0,0,3,0,5,105,71,79,0,4,0,0,13,3318,0,22,1,0,0,0,35,6,3,5,4,6,4,6,0,11,4,6,12,11,1971,3,281,5,74,0,51,50,14,3,20,6,2,141,2,88,14,43,2,1,7,1,10,0,0,60,3,2,29,5,10,3,0,59,35,18,29,15,30,5,1,1,4,0,30,9,6,18,0,3,5,0,0,1,12,422,4,7,0,2,1,130,0,0,1,2,1,0,2,0,2,2,0,0,0,2,0,2,4,9,1,2,0,84,1,22,3,1,11,1,14,0,0,1,8,0,0,4,2,2,6,15,4,0,0,0,0,0,0,0,0,0,1,0,10,2,0,0,0,14,3,0,0,39
2021,"Camden 028","E02000193",5960,1399,1,0,1,0,0,3,379,1,521,1,51,214,5,8,21,0,38,1,8,3,1,3,4,9,4,2,12,44,0,1,3,15,10,3,0,18,0,12,2,262,70,0,1,2,2,0,13,0,16,14,0,11,1,0,0,0,0,39,0,5,1,0,3,60,6,0,5,0,2,1,1,9,85,2,0,22,2,48,2,0,0,1,0,5,1,0,0,2,390,0,1,0,0,0,0,5,2,6,1,2,0,8,0,0,3,0,2,3,0,1,6,0,20,3,3,0,2,0,1,4,1,1,0,0,0,1,41,3,0,0,0,0,4,0,1,1,0,0,21,129,42,37,1,0,2,1,31,3442,0,19,0,2,0,0,31,5,1,5,3,5,10,7,4,5,8,2,8,9,1978,2,262,0,120,2,54,51,23,3,18,9,10,104,0,134,25,9,0,2,11,0,13,1,0,87,1,8,29,2,10,1,0,51,36,24,38,20,32,4,4,3,4,5,57,18,2,18,0,3,12,2,5,0,11,382,1,6,0,1,0,152,2,0,1,0,0,1,0,1,2,2,0,0,0,0,0,1,7,6,3,1,0,39,0,20,1,4,24,0,11,0,2,3,5,0,0,9,2,0,5,10,1,0,0,0,0,0,0,1,0,0,7,0,6,0,0,0,0,9,0,0,0,36
2021,"Croydon 001","E02000194",9221,619,7,3,4,2,0,11,47,3,79,0,45,190,1,5,16,1,3,0,0,3,3,5,0,1,3,0,2,106,0,0,0,23,2,0,2,16,4,27,5,803,398,4,0,35,2,8,14,3,15,6,0,111,1,0,0,2,0,116,1,0,1,0,4,25,6,2,7,1,21,1,4,15,1054,15,0,173,2,750,11,3,0,28,3,49,0,0,0,20,862,1,0,2,2,1,2,7,3,14,4,4,15,11,1,2,2,1,6,4,0,3,10,0,21,11,4,0,0,1,1,9,3,0,0,0,3,32,70,4,0,0,1,0,3,5,1,3,0,2,3,178,107,286,0,1,2,2,14,5555,0,26,0,0,0,1,42,0,5,0,2,27,16,3,0,1,1,4,3,5,4251,0,258,1,38,0,32,23,7,7,14,21,5,195,0,81,3,5,0,4,20,3,10,3,0,25,0,1,32,1,11,0,0,33,122,40,29,31,22,1,2,0,11,9,24,13,3,10,3,4,6,1,0,1,3,328,1,7,1,2,0,40,1,0,1,0,5,0,3,2,0,2,0,0,0,2,2,3,9,3,1,1,0,83,0,9,0,2,4,0,51,0,0,0,0,1,0,1,9,2,4,1,0,0,1,1,3,0,0,1,0,0,0,0,15,1,0,12,0,6,2,0,0,33
2021,"Croydon 002","E02000195",9659,2326,60,0,12,2,4,24,143,4,103,0,19,978,0,10,2,11,3,3,2,21,2,27,0,17,4,3,0,757,0,0,0,64,0,1,9,9,0,10,22,739,303,4,0,29,0,4,12,0,16,9,0,103,5,0,5,2,1,139,0,0,0,1,5,52,7,5,5,0,25,0,2,5,1206,12,1,146,1,972,6,3,1,16,5,29,1,0,2,11,677,1,8,1,8,3,2,15,0,5,2,2,4,4,1,1,0,0,9,1,0,0,5,1,17,1,2,0,0,1,0,2,5,0,2,2,3,0,65,4,0,0,1,4,4,2,3,0,0,1,11,137,119,195,0,3,0,2,18,4254,0,17,0,0,0,1,21,4,0,1,1,21,17,0,0,1,4,0,1,4,2885,1,238,3,21,1,13,25,72,2,33,7,7,189,0,95,3,0,1,5,13,5,8,0,0,16,0,2,41,0,6,0,0,50,163,80,39,54,7,1,2,0,4,8,16,5,1,12,9,6,4,1,0,0,7,457,9,4,7,4,0,60,0,0,3,2,3,0,10,7,7,0,0,6,0,0,1,3,24,11,4,26,0,107,1,7,2,0,3,0,13,0,11,0,0,0,2,3,4,0,1,8,4,0,0,0,3,6,0,4,6,0,4,0,11,1,4,6,0,7,3,2,4,39
2021,"Croydon 003","E02000196",7923,2116,76,7,9,1,2,5,212,3,79,0,21,703,1,5,7,0,3,1,7,19,4,2,6,21,2,1,2,833,0,8,0,41,0,0,15,1,2,7,10,680,291,1,0,19,2,3,12,0,8,9,1,103,3,0,1,0,1,101,0,0,1,1,4,68,7,0,7,1,15,1,7,13,1265,17,0,147,1,1001,30,1,2,14,0,27,2,0,0,23,575,3,3,3,1,0,0,14,0,5,0,5,6,4,1,1,0,0,3,2,3,0,7,0,15,6,2,1,2,8,0,4,0,0,1,0,2,0,44,1,0,0,1,1,9,5,0,0,2,0,2,92,112,171,0,2,2,2,27,2873,0,13,1,0,3,0,5,2,0,0,0,20,32,1,0,0,5,5,0,3,1663,0,196,1,16,0,4,14,17,0,7,14,4,87,0,52,0,1,1,5,24,2,5,1,0,2,0,1,59,1,1,0,0,52,328,68,31,75,4,2,5,1,3,4,17,1,0,1,4,4,2,0,0,0,3,414,17,11,2,5,0,59,0,1,0,4,7,2,2,7,2,2,0,2,0,0,0,0,22,4,2,18,0,56,7,15,3,0,0,3,10,0,12,0,2,0,3,1,2,2,0,5,6,1,3,0,3,0,0,14,12,0,1,0,8,0,0,13,0,14,17,2,0,30
2021,"Croydon 004","E02000197",9020,2382,67,4,13,0,2,16,232,3,81,0,37,912,0,10,6,2,2,2,2,22,12,3,9,14,4,5,1,732,18,5,5,85,0,1,29,7,1,14,24,833,281,10,0,46,1,1,14,1,6,6,0,195,3,0,2,1,0,151,0,1,0,21,10,46,5,0,0,0,17,1,8,6,1424,22,0,230,1,1060,11,1,2,37,2,41,1,0,2,14,691,1,5,0,2,0,4,9,2,15,4,1,4,8,3,1,1,0,1,4,1,0,5,0,9,5,1,3,2,0,1,4,0,1,2,0,2,1,97,7,1,1,2,0,7,1,1,0,1,0,1,106,127,217,0,1,2,0,17,3190,0,19,2,0,0,1,5,2,0,0,0,20,98,0,0,4,0,5,1,1,1744,0,228,0,15,0,6,8,10,1,20,6,0,115,0,54,2,7,0,8,11,1,10,0,2,3,2,0,46,1,1,1,0,80,385,81,43,65,11,0,2,0,6,3,10,3,0,10,10,6,4,1,5,0,5,500,8,10,0,1,2,62,1,2,0,2,3,0,7,4,5,0,0,0,0,2,2,3,9,1,0,0,0,102,13,10,1,4,1,1,8,0,12,0,1,2,0,6,7,6,7,14,7,6,9,0,13,0,0,8,24,0,0,0,18,3,6,3,0,21,16,1,0,46
2021,"Croydon 005","E02000198",8880,1021,95,0,0,2,0,3,70,6,58,4,31,269,3,5,6,0,0,0,0,16,2,6,5,5,1,0,0,337,1,0,0,58,0,0,21,4,5,5,3,1442,700,2,0,47,2,6,29,3,3,6,1,244,10,0,5,1,4,223,0,1,0,2,17,73,23,3,0,1,15,0,8,13,1909,32,1,263,2,1470,14,11,0,28,9,48,6,0,2,23,768,1,2,1,3,0,3,15,0,12,7,4,12,9,1,0,1,5,0,4,9,3,3,5,15,0,0,0,0,2,1,20,0,0,0,0,0,2,82,1,2,3,0,0,6,1,3,2,0,0,1,74,128,304,0,2,1,1,17,3295,0,14,1,0,0,0,8,1,0,5,7,23,26,0,0,0,2,2,2,1,2048,2,184,8,12,0,10,13,4,7,14,6,0,117,0,36,1,4,1,2,14,0,5,2,0,6,0,0,47,0,1,1,0,63,289,128,26,93,5,1,6,0,9,4,14,1,1,4,4,2,3,0,1,0,4,445,10,8,0,1,0,53,1,2,0,0,15,4,13,6,5,5,0,4,0,0,0,1,16,0,0,5,1,67,1,8,4,1,0,0,12,0,8,0,0,0,3,8,2,0,2,4,6,1,0,0,9,4,0,9,7,0,3,3,50,4,3,6,0,36,0,1,0,33
2021,"Croydon 006","E02000199",8419,903,57,6,4,8,0,18,55,0,59,3,29,243,0,2,1,0,1,3,3,9,9,2,4,6,5,0,3,268,0,0,4,75,0,0,14,0,0,6,6,1348,573,0,1,49,3,2,11,1,6,6,0,217,10,0,4,9,0,303,4,2,0,0,14,37,13,5,0,3,34,1,17,23,1981,19,1,260,0,1577,14,7,3,22,3,51,3,0,0,21,749,4,3,0,10,6,2,16,2,14,5,5,8,9,1,0,3,0,2,2,0,0,7,1,6,4,0,0,0,5,0,7,2,0,9,0,5,1,74,7,0,0,1,1,4,5,0,0,0,1,3,118,132,240,0,1,0,2,21,3050,0,11,0,0,0,0,7,1,0,1,0,10,37,0,0,3,2,6,6,1,2018,0,165,2,19,0,8,3,2,0,13,9,0,112,0,57,5,10,0,2,8,0,4,2,0,7,0,1,40,1,3,1,0,68,157,91,43,59,10,3,5,0,4,5,15,2,1,5,0,1,0,0,1,1,2,388,15,5,1,0,0,49,0,1,3,4,8,2,6,6,3,1,0,1,0,3,1,4,11,2,3,6,0,56,1,2,5,0,1,0,15,0,14,3,1,0,0,3,3,1,5,7,11,0,8,0,7,0,0,8,0,0,0,0,15,9,6,16,0,13,6,0,0,37
2021,"Croydon 007","E02000200",9048,781,32,0,0,10,4,0,36,0,63,0,28,230,3,4,8,1,2,2,5,5,0,5,3,6,2,2,2,206,2,1,2,62,0,0,16,9,3,17,10,1119,521,8,0,33,3,2,12,4,16,8,0,155,5,0,0,6,0,220,3,5,0,4,12,39,9,8,0,1,17,0,17,11,1660,24,1,260,5,1234,54,1,2,26,2,36,1,0,3,11,764,2,3,1,1,3,5,17,1,5,1,13,12,11,0,0,3,2,4,1,2,0,6,2,16,1,2,0,1,5,0,11,0,0,3,2,6,1,52,3,0,4,1,0,0,1,0,0,2,0,4,121,136,273,0,3,2,2,17,4351,2,22,0,0,1,0,20,1,0,1,0,16,12,4,0,1,3,2,2,6,3030,0,207,0,29,1,19,16,14,3,25,13,0,126,0,61,0,0,0,6,18,7,9,0,1,14,0,1,32,0,9,0,0,68,124,93,32,60,5,3,5,1,13,2,23,3,6,166,0,0,6,0,2,1,4,373,5,14,0,2,0,52,0,0,0,0,3,0,5,6,1,4,0,7,4,0,1,5,11,5,3,10,0,96,0,4,2,1,2,0,13,0,5,0,1,0,0,3,1,5,2,9,3,0,0,4,1,0,0,3,0,2,0,0,15,2,7,0,0,7,8,6,0,33
2021,"Croydon 008","E02000201",8690,759,32,0,1,9,0,7,67,4,90,0,23,208,1,6,7,1,1,1,2,6,0,1,3,8,0,4,0,183,0,0,2,55,0,0,9,8,0,14,6,1457,679,22,0,61,2,4,17,4,7,35,0,162,1,0,6,3,0,180,1,3,1,2,2,192,2,10,2,1,36,2,7,13,1833,26,1,303,2,1366,11,2,0,33,2,58,0,0,2,27,894,3,1,0,4,0,0,18,1,13,1,7,8,7,1,1,0,0,6,2,3,0,10,0,9,2,0,0,0,2,0,14,26,1,1,0,0,4,69,0,2,0,3,1,5,1,3,0,0,1,3,114,146,378,3,3,1,1,15,3420,1,7,0,0,1,0,10,1,0,1,2,16,28,2,1,0,1,3,3,3,2391,1,152,0,12,0,13,8,1,4,23,7,1,96,0,67,1,2,6,3,24,2,4,0,4,9,0,0,46,0,1,0,0,69,123,69,27,51,59,0,6,0,5,5,20,2,9,8,0,4,0,3,0,1,1,327,15,17,3,0,2,30,0,0,0,8,2,3,10,3,1,6,0,2,0,0,0,1,2,2,0,0,0,47,4,5,4,0,0,0,31,0,6,0,0,0,0,5,4,1,15,6,0,1,3,2,5,0,0,6,0,0,6,0,10,6,2,9,0,13,7,0,0,22
2021,"Croydon 009","E02000202",8930,2770,104,1,12,1,0,8,72,1,70,4,50,1070,0,3,3,3,0,2,0,18,1,1,3,17,2,1,7,991,1,0,1,194,0,0,83,6,0,22,18,1045,409,10,0,54,2,0,9,6,20,3,0,235,8,0,6,4,0,179,0,0,0,0,9,46,2,0,8,4,3,0,13,15,1888,22,2,252,3,1517,3,2,1,32,0,38,1,0,1,14,637,1,8,1,5,3,6,27,0,7,2,1,3,6,0,3,0,0,1,1,1,2,9,2,21,5,0,0,0,6,1,9,0,0,1,0,2,0,88,2,2,1,0,0,1,6,3,1,0,1,0,86,91,203,0,2,0,2,14,2183,0,14,1,0,0,0,7,0,0,0,1,17,42,1,0,1,2,1,0,0,1157,0,155,0,9,0,8,16,6,7,9,8,1,67,0,30,0,2,1,3,17,6,3,0,0,3,0,0,54,0,3,0,0,70,198,75,30,94,3,1,3,0,6,0,26,2,2,5,7,1,2,0,0,0,6,407,21,10,1,1,0,45,0,0,0,2,4,5,4,6,3,0,0,0,0,2,1,0,13,7,4,2,0,56,3,6,1,0,1,3,15,0,18,1,0,1,3,0,2,0,1,37,6,4,5,0,5,2,0,4,11,0,0,0,9,0,10,28,0,8,7,1,0,28
2021,"Croydon 010","E02000203",7971,1474,36,0,6,9,3,5,77,1,42,0,33,521,1,1,2,2,1,4,1,23,0,10,11,11,22,3,1,471,0,0,0,114,0,1,25,7,0,12,18,1286,646,9,0,41,0,7,17,3,3,13,2,212,8,0,5,2,2,143,1,3,4,7,13,41,10,3,1,1,30,3,5,51,1880,17,0,369,2,1374,3,2,2,29,5,37,0,0,1,39,597,3,1,0,3,0,0,14,2,5,3,5,13,4,1,0,1,1,4,1,1,0,2,0,9,1,0,0,1,3,1,10,1,0,9,3,1,0,44,1,0,1,1,0,1,0,1,0,0,0,4,82,133,208,0,2,0,2,14,2324,0,8,0,2,0,0,5,0,0,1,7,20,41,1,0,0,0,1,1,0,1288,2,192,2,9,1,6,8,1,6,11,19,0,48,0,43,3,8,0,1,21,0,2,0,0,2,0,0,74,1,1,0,0,44,177,86,36,94,7,0,4,1,0,5,8,1,1,9,0,5,0,1,3,0,6,410,8,13,0,0,0,55,0,0,1,0,6,3,8,3,5,4,0,0,0,1,1,1,11,3,0,0,0,61,2,7,1,0,0,0,47,1,33,0,3,0,1,2,9,0,1,6,3,2,3,0,3,0,0,1,7,0,0,0,10,3,1,7,1,15,1,1,0,55
2021,"Croydon 011","E02000204",9659,3746,194,6,5,1,0,10,177,0,53,4,52,1593,0,6,1,20,0,1,0,51,2,2,2,23,7,0,4,1220,0,2,4,175,2,2,86,3,4,6,28,1105,488,9,0,42,0,1,13,0,7,4,1,257,1,3,1,0,8,164,0,0,3,3,8,47,1,1,1,1,28,4,2,7,1805,30,2,245,0,1411,10,8,0,19,0,49,0,0,5,26,617,3,5,0,7,3,1,14,1,9,2,2,7,12,0,2,0,0,11,1,1,0,1,0,8,1,0,0,0,2,1,6,0,2,1,0,0,0,95,0,3,0,2,0,1,1,0,0,0,0,0,83,123,187,0,1,0,0,18,1894,1,19,0,0,0,0,8,0,0,0,0,6,19,1,0,0,3,1,0,1,964,0,129,0,11,0,5,16,9,6,13,9,0,61,0,47,2,1,3,2,16,0,1,0,0,0,0,0,45,0,0,0,0,75,200,42,12,103,2,0,7,0,1,5,14,1,2,10,4,4,3,1,0,0,9,492,30,20,3,0,1,63,0,2,0,5,2,6,3,13,0,0,0,0,0,0,1,2,14,5,0,4,0,52,19,9,0,0,0,9,14,0,11,0,0,0,0,6,19,5,1,6,1,6,3,0,1,0,0,3,20,0,1,0,11,0,12,42,0,11,2,0,0,54
2021,"Croydon 013","E02000206",10817,1412,46,1,4,2,0,4,86,0,80,5,49,522,1,2,8,1,2,3,6,32,1,13,4,11,6,1,1,295,0,0,0,141,0,1,40,1,2,16,25,1721,766,34,1,82,1,12,38,10,59,5,0,279,5,0,4,7,0,238,0,6,1,1,19,53,14,7,2,0,31,5,13,28,2295,22,3,391,1,1694,20,13,6,34,6,78,0,0,1,26,1046,3,13,0,10,7,1,25,1,12,4,9,7,11,0,0,3,0,5,4,2,0,11,3,17,2,1,0,2,1,0,8,9,0,3,0,1,1,109,7,3,1,1,4,8,1,0,0,0,0,2,89,139,462,0,8,2,4,30,3860,0,24,7,0,0,1,12,1,1,1,1,14,52,3,1,2,0,1,0,0,2552,0,160,3,14,4,12,8,3,1,11,33,0,102,0,56,4,6,0,6,21,1,7,2,0,4,0,2,48,3,4,0,0,66,216,112,63,119,6,1,7,0,12,13,20,2,1,15,0,1,8,0,0,0,10,483,8,17,1,2,2,115,0,1,0,0,2,0,0,3,0,0,0,0,0,2,0,1,6,13,1,0,0,69,3,11,3,1,1,0,26,0,21,0,0,4,0,5,4,1,0,6,7,0,0,0,0,0,0,9,5,0,2,0,14,3,4,23,0,20,3,1,3,60
2021,"Croydon 014","E02000207",8899,939,34,2,3,4,0,6,146,1,65,0,21,274,1,6,7,0,3,1,1,10,1,0,0,5,4,3,0,241,0,0,0,52,0,0,16,3,3,11,15,1346,692,6,0,47,5,2,21,5,6,0,1,202,5,0,3,1,2,225,2,3,0,4,15,18,4,2,0,0,32,1,17,25,1626,28,2,265,1,1226,9,0,1,20,0,47,2,0,1,24,883,3,3,0,10,0,1,37,3,14,0,2,5,6,1,0,2,1,4,4,3,3,7,0,9,1,5,1,0,0,1,17,0,1,1,0,2,0,82,3,0,1,1,0,2,0,3,5,3,0,3,120,127,348,2,1,0,6,29,3784,0,6,0,0,0,0,9,1,0,0,0,6,22,0,0,3,0,0,3,5,2928,5,114,1,13,1,5,13,7,6,12,12,0,127,0,28,4,6,1,4,17,2,4,1,0,9,2,1,42,2,1,0,0,60,150,37,15,46,3,1,2,0,5,4,8,2,0,3,0,2,4,0,17,0,2,321,7,1,0,0,0,41,0,0,0,0,1,2,3,4,0,5,0,3,0,1,0,0,13,2,0,0,0,35,1,8,0,4,4,3,29,0,7,1,1,0,0,0,6,0,1,4,6,2,1,0,6,0,0,0,5,0,0,0,2,3,5,9,2,33,10,0,0,50
2021,"Croydon 015","E02000208",10863,3049,71,0,12,12,1,18,186,5,71,3,123,1189,2,11,4,0,4,7,1,47,9,2,12,15,2,4,1,883,0,1,0,260,0,1,60,1,1,14,16,1645,762,6,0,43,3,7,19,7,14,7,1,249,6,0,2,7,0,266,1,2,4,5,12,105,14,5,0,1,33,4,24,36,2165,22,2,358,0,1646,9,5,5,26,3,64,1,0,4,20,824,4,1,1,3,5,2,18,4,10,4,7,13,0,0,1,0,0,1,1,4,1,13,0,12,4,0,0,0,2,0,12,0,0,2,0,5,0,73,1,3,0,0,0,0,9,2,2,0,1,3,93,163,327,0,1,0,1,15,2607,0,12,0,4,1,0,4,0,0,1,0,8,43,1,0,1,1,18,1,2,1572,0,120,4,10,0,3,17,1,8,7,16,1,54,0,31,1,8,0,3,19,1,7,0,0,3,0,0,67,1,0,1,0,62,187,51,61,98,7,0,13,0,0,5,25,5,0,24,0,1,7,2,1,0,6,573,28,16,0,6,0,69,0,2,0,0,7,0,2,3,5,2,0,0,1,0,2,4,11,10,1,9,2,73,7,9,1,1,1,0,48,3,21,2,0,1,0,13,14,6,6,13,3,6,6,0,5,0,1,22,2,1,2,0,19,4,21,19,0,26,1,0,0,36
2021,"Croydon 016","E02000209",9073,3609,98,0,5,10,0,6,81,2,84,0,56,1519,3,1,0,2,1,1,15,50,1,0,18,16,0,1,0,632,0,5,2,645,0,0,339,2,0,4,10,1000,435,1,0,24,4,3,26,1,3,1,0,187,2,0,5,2,0,157,0,0,3,0,11,87,7,2,0,2,13,0,9,15,1308,22,1,237,0,959,3,7,4,16,3,41,2,0,0,13,547,2,3,1,5,0,2,16,0,12,2,0,2,7,0,0,0,0,0,0,0,0,2,0,11,0,0,2,0,1,0,4,2,1,2,3,2,0,61,1,0,0,3,2,4,0,0,2,3,0,1,82,109,174,0,1,0,2,20,1974,2,17,0,1,0,0,2,0,0,0,5,6,36,0,0,0,0,6,1,0,1157,0,83,0,2,0,1,1,4,14,5,9,0,35,0,25,1,0,4,4,19,0,3,0,0,5,0,2,70,3,0,0,0,51,148,55,84,79,5,0,2,0,0,0,12,0,0,3,0,11,0,0,0,0,1,635,19,18,2,3,0,143,0,2,0,4,3,5,3,2,0,0,0,0,0,2,0,0,10,1,0,9,0,31,12,5,2,0,0,0,35,0,24,0,8,0,0,0,12,1,0,8,3,1,3,0,1,0,1,9,9,0,4,0,5,0,41,153,0,7,2,3,0,29
2021,"Croydon 017","E02000210",8714,1053,35,3,1,13,0,10,62,3,75,1,20,372,1,2,3,1,3,3,1,17,4,5,3,9,8,0,1,223,0,0,1,95,0,0,25,5,12,19,17,883,382,16,0,42,1,0,11,3,3,11,1,168,3,0,4,3,0,134,0,2,2,0,5,11,9,2,2,0,46,3,12,7,1293,16,0,220,0,967,11,1,0,18,2,40,1,0,0,17,876,1,6,1,9,2,1,5,0,6,1,1,25,6,6,2,3,1,2,2,4,1,10,0,6,4,0,0,0,9,0,7,1,0,1,1,0,0,84,1,0,3,0,0,2,1,3,2,0,0,4,174,107,342,0,6,2,1,20,4287,0,14,0,0,3,0,18,0,0,0,1,5,38,0,1,1,0,0,1,13,3154,0,165,10,13,0,12,7,2,10,9,19,0,121,0,29,2,3,0,5,3,2,1,0,0,16,3,2,66,1,4,0,0,63,192,46,20,139,7,1,0,1,8,1,17,3,0,12,5,2,9,0,0,0,7,322,17,7,0,0,0,34,0,1,0,1,5,0,7,1,4,0,0,0,1,2,0,4,8,2,0,8,0,30,3,3,1,1,0,2,18,1,3,1,1,0,6,2,3,0,3,3,2,2,5,2,1,0,0,14,3,0,3,0,6,2,7,14,0,32,13,0,0,33
2021,"Croydon 018","E02000211",8288,1175,4,3,2,6,0,7,64,1,131,1,26,571,1,3,2,3,1,0,2,11,3,4,1,4,1,0,4,159,0,0,1,89,2,0,46,1,7,7,7,459,195,1,0,11,0,2,5,2,2,5,0,68,0,0,0,0,1,126,0,3,0,0,4,1,0,0,0,0,9,7,7,10,648,13,0,104,1,468,1,1,3,28,7,16,0,0,0,6,536,6,1,0,10,0,1,7,1,7,0,5,12,10,0,0,4,0,2,2,1,0,8,3,5,2,1,0,0,0,2,4,1,0,6,0,0,0,40,1,0,4,2,0,4,1,0,0,3,1,1,133,54,175,0,1,2,3,10,5213,0,9,5,0,0,0,11,0,0,0,0,4,1,0,0,0,2,2,3,1,4569,2,106,2,5,0,5,9,22,1,12,2,1,125,0,17,1,3,3,2,16,2,0,1,0,2,0,0,27,0,4,0,0,34,58,20,10,40,6,1,4,0,11,3,8,3,1,17,10,3,2,0,4,0,1,257,0,0,0,0,0,31,1,1,0,0,5,0,3,0,1,1,0,0,0,0,1,4,8,0,0,4,0,24,14,3,0,0,0,1,19,1,9,0,4,0,0,1,1,0,2,5,2,0,0,0,4,0,0,1,13,0,0,0,7,0,2,9,0,27,17,0,0,31
2021,"Croydon 019","E02000212",9466,3218,57,0,0,1,0,23,102,4,84,0,120,1446,0,9,2,6,2,0,1,51,2,7,14,20,4,1,2,609,0,0,0,436,0,0,178,5,5,13,14,1212,494,14,0,66,1,3,34,2,16,6,0,229,12,0,3,14,0,164,9,2,0,1,6,53,12,3,4,1,31,0,10,22,1389,24,4,311,0,967,4,6,0,31,2,26,2,0,0,12,637,4,2,0,8,1,0,22,1,7,1,5,6,9,0,0,0,1,1,5,7,0,3,2,17,0,2,1,0,3,0,2,3,0,3,2,3,1,54,1,0,0,0,0,0,1,3,0,1,0,5,86,88,260,1,0,0,1,14,2524,0,15,0,4,0,0,3,0,0,1,0,8,20,2,0,0,0,4,1,4,1514,3,119,3,7,0,2,17,3,20,2,13,0,137,0,28,0,9,1,4,15,0,0,0,0,1,0,0,37,1,0,1,0,66,213,49,34,103,4,0,5,0,4,1,9,1,0,10,0,10,7,0,2,0,7,486,14,9,0,0,0,69,0,4,0,4,1,2,2,0,6,0,0,0,0,0,0,1,23,32,2,2,0,31,6,5,0,0,0,0,15,0,29,0,2,0,3,14,12,1,6,11,4,8,2,0,0,0,0,10,0,0,9,0,6,0,23,46,1,15,6,0,4,46
2021,"Croydon 020","E02000213",12804,2688,99,2,3,19,1,2,186,1,136,3,76,1169,0,14,7,6,6,2,7,33,2,4,11,14,8,2,4,619,1,2,0,164,0,2,38,6,9,22,8,2126,1004,10,1,84,6,8,40,4,23,25,5,352,4,2,6,3,0,323,1,3,1,8,10,74,6,16,2,2,46,2,20,35,2067,29,6,376,0,1474,12,7,0,32,5,87,7,1,3,28,1096,6,3,0,8,1,0,21,1,11,1,9,16,18,1,0,0,1,4,2,2,4,9,1,24,1,0,0,2,1,0,11,1,0,1,0,3,3,116,4,3,1,3,0,21,0,2,4,0,1,0,148,208,396,1,1,0,0,21,4116,3,54,1,0,0,0,22,4,2,1,0,88,28,1,0,2,2,5,2,3,2289,1,268,25,22,0,5,33,6,6,31,25,1,104,0,96,4,12,0,10,20,2,2,0,0,12,0,2,61,1,2,0,0,114,281,67,98,150,12,0,5,3,4,0,62,4,1,21,0,3,4,0,21,0,8,711,9,16,4,12,0,96,1,1,0,4,5,5,8,2,13,2,0,0,2,3,0,7,19,1,0,1,0,77,5,23,5,1,0,1,42,0,23,0,0,0,4,11,6,5,22,16,4,0,4,2,2,0,0,49,6,0,1,0,1,1,10,10,0,33,6,0,0,130
2021,"Croydon 021","E02000214",6238,977,24,0,1,8,0,3,41,0,49,1,19,391,0,2,3,0,1,0,5,8,0,4,1,7,1,2,0,257,3,0,0,106,0,1,16,2,2,11,8,323,130,0,0,13,5,3,1,0,5,0,1,39,0,1,0,2,0,86,0,0,0,0,0,6,0,6,0,0,10,1,6,8,646,6,0,82,0,523,1,1,0,14,1,9,1,0,1,7,551,0,1,0,10,0,3,11,3,11,0,3,4,4,0,4,3,0,5,0,4,0,15,0,3,3,0,0,0,3,1,3,1,0,1,1,1,0,28,1,0,3,1,0,0,0,3,0,1,1,3,136,57,190,0,7,1,3,18,3558,0,8,0,0,0,0,12,1,0,0,0,8,20,0,0,0,0,1,3,5,2902,0,105,1,10,0,6,7,10,2,5,8,1,169,0,17,0,0,0,0,5,5,5,0,1,6,0,0,16,0,5,0,0,57,49,8,6,37,2,1,5,0,9,1,16,4,0,10,3,3,3,0,0,0,0,183,3,1,0,0,0,27,0,1,0,3,0,1,0,0,6,0,0,4,0,0,0,1,9,1,4,5,0,9,5,5,0,0,3,0,10,0,11,1,3,0,0,1,0,1,2,0,1,0,0,1,0,0,0,0,0,0,6,0,1,0,0,11,0,22,6,0,0,18
2021,"Croydon 022","E02000215",11818,2066,22,7,2,24,0,12,109,4,188,0,39,1009,2,16,11,3,9,5,3,25,4,3,9,10,1,4,3,352,1,1,4,125,0,1,29,6,1,10,12,1182,564,11,0,45,1,4,16,2,15,11,2,149,7,0,7,3,0,212,1,0,0,5,2,57,11,5,2,0,29,2,5,14,1261,36,1,241,1,907,0,4,3,7,1,44,0,0,0,16,1028,1,4,0,3,0,1,24,4,11,2,3,8,10,0,0,0,1,6,0,4,1,10,0,26,2,5,3,0,6,0,4,7,0,3,2,4,0,95,12,0,1,0,2,1,2,1,1,0,1,10,204,133,373,3,2,1,0,31,5777,2,41,0,0,2,0,26,3,1,0,0,13,85,0,1,2,0,9,1,7,3757,0,318,3,28,4,17,39,5,2,14,45,3,147,0,108,4,5,4,6,21,3,9,4,5,30,2,5,109,3,5,3,0,104,279,50,50,221,22,0,13,3,12,1,44,7,3,17,0,11,10,1,21,0,7,504,13,11,0,4,1,108,1,0,1,2,2,2,9,8,2,3,1,0,0,1,0,2,13,11,2,1,0,64,5,7,3,1,1,0,35,0,12,0,0,0,1,8,7,0,10,11,0,1,2,0,2,0,0,4,0,0,0,0,8,2,7,20,0,50,6,0,0,39
2021,"Croydon 023","E02000216",7161,2711,30,5,2,3,0,6,54,0,110,0,29,1881,1,23,9,0,3,3,6,6,9,10,0,4,5,3,2,301,0,0,0,134,0,5,41,6,4,8,8,481,220,1,0,17,2,3,6,3,2,0,1,77,1,0,0,0,1,81,0,0,2,0,2,26,1,1,0,0,10,6,8,10,404,4,1,46,0,300,5,9,1,11,0,14,6,0,0,7,357,2,1,1,2,0,0,4,0,4,2,6,0,2,2,2,1,0,0,1,0,0,2,1,7,1,1,0,0,4,3,1,1,1,0,0,0,1,21,6,0,0,1,0,0,0,0,0,0,0,4,127,47,82,0,3,0,0,13,2811,0,14,3,0,0,0,8,1,2,0,0,11,11,0,0,3,0,3,1,3,1990,0,137,0,13,0,11,11,8,0,13,18,3,61,0,15,9,0,1,4,22,0,1,1,0,10,0,1,51,2,5,3,0,50,98,19,33,68,3,3,5,1,7,1,25,2,0,23,3,7,2,0,1,0,10,397,4,9,2,0,0,87,1,4,0,0,3,0,9,1,1,0,0,0,0,1,0,0,6,0,2,4,0,25,20,32,0,6,3,0,30,0,9,0,0,2,0,0,13,2,5,5,1,0,0,0,1,0,0,3,8,0,0,0,6,1,12,18,0,17,1,1,0,42
2021,"Croydon 024","E02000217",11937,1941,43,1,7,2,1,19,106,13,198,2,83,653,1,7,7,4,8,7,10,34,3,8,4,7,4,17,8,367,0,0,0,193,1,2,55,13,6,30,17,1405,658,8,0,57,4,1,43,4,17,11,3,208,3,0,15,2,0,165,1,2,1,7,11,83,9,5,0,0,32,0,29,26,1552,27,2,240,4,1146,16,7,1,37,0,46,0,1,0,25,1152,8,1,2,5,0,2,29,2,55,5,8,9,16,2,0,2,1,3,4,4,2,8,1,21,1,4,0,1,11,0,14,2,1,2,1,1,2,93,2,0,1,3,1,8,0,0,0,0,0,4,197,185,397,0,4,1,1,25,5341,0,26,0,1,0,4,7,5,1,1,0,20,97,1,0,7,3,10,4,0,3294,4,286,3,21,0,9,24,7,4,18,58,0,146,0,65,1,3,2,16,47,1,5,2,2,18,2,1,79,7,4,0,0,98,435,69,39,232,20,4,26,9,12,5,32,7,0,19,1,10,3,0,0,1,3,546,5,12,9,2,5,80,0,0,0,0,1,3,1,9,5,3,0,0,0,1,1,2,15,14,0,7,0,68,5,7,1,0,2,0,55,0,26,0,0,0,2,3,12,6,8,5,5,1,4,1,6,0,0,16,4,0,0,0,11,6,12,14,1,32,7,3,2,46
2021,"Croydon 025","E02000218",6668,814,16,2,1,3,0,11,69,0,40,2,17,287,1,4,0,0,0,2,0,9,1,0,2,13,1,0,3,159,0,0,3,95,0,4,38,4,15,1,11,967,361,7,1,49,1,9,36,0,7,2,0,192,6,0,3,0,5,123,0,0,1,0,13,57,0,3,0,0,54,0,15,22,811,11,0,209,1,524,4,3,0,18,5,31,0,0,0,5,497,1,1,0,1,0,1,5,0,3,5,0,4,1,0,2,1,0,1,0,0,0,9,0,5,0,0,1,1,5,0,3,1,1,0,0,0,0,58,0,0,0,1,0,3,4,0,0,3,0,0,75,98,186,0,1,1,4,11,3333,0,12,0,0,0,0,1,0,0,0,0,4,10,4,1,3,1,1,0,0,2885,0,37,1,7,0,0,13,12,0,0,0,3,78,0,15,1,3,4,1,8,2,0,0,0,1,0,0,16,2,5,0,0,33,38,9,5,37,6,0,4,0,3,0,9,1,0,30,16,1,5,0,0,0,5,246,0,10,0,0,0,24,0,0,2,0,0,0,2,1,0,0,0,1,0,0,0,0,6,0,0,4,0,16,6,4,0,0,4,0,53,3,0,0,0,0,0,8,4,0,2,9,0,0,0,0,0,0,0,0,0,0,0,0,2,0,2,7,0,26,32,0,0,18
2021,"Croydon 026","E02000219",7618,1298,9,1,1,5,0,19,76,0,86,0,17,684,0,3,1,1,1,0,0,15,4,7,0,4,1,3,1,212,0,0,0,96,0,0,17,7,0,10,17,280,110,0,0,15,0,0,0,0,0,0,0,42,0,1,0,1,0,88,0,1,0,0,3,4,0,0,0,0,6,3,2,4,535,9,1,74,1,410,5,1,0,9,2,15,0,0,0,8,371,2,0,0,1,0,3,8,1,7,0,1,4,4,0,0,2,2,1,0,6,0,2,1,0,0,3,0,0,1,0,3,2,1,2,0,1,0,34,0,0,2,0,0,0,2,1,0,0,0,3,112,33,110,0,1,2,1,12,4907,0,12,0,0,0,1,5,1,0,0,0,2,0,0,0,0,2,1,4,0,4333,0,88,0,11,0,9,7,32,1,6,7,0,122,0,17,0,8,0,4,8,0,0,0,0,1,0,0,29,1,0,0,0,30,51,13,1,46,3,0,0,0,8,0,13,1,0,12,6,5,1,0,1,0,4,227,2,0,1,0,0,25,0,2,0,1,2,0,3,4,11,0,0,0,0,1,0,0,6,2,0,12,0,3,9,3,0,0,0,0,21,0,1,0,0,1,0,0,2,0,3,4,2,0,0,0,4,2,0,0,11,0,0,0,0,1,7,4,1,12,25,0,0,39
2021,"Croydon 028","E02000221",10866,2133,51,6,1,23,0,5,165,4,192,0,41,845,12,11,7,0,3,2,6,43,0,1,9,12,8,2,2,383,0,0,1,169,2,3,75,4,10,27,8,1334,689,5,0,61,4,6,18,12,5,6,2,168,3,0,39,0,0,195,2,4,0,3,9,47,10,2,6,0,17,2,4,15,1380,11,6,270,1,949,7,2,4,75,2,36,0,0,0,17,893,0,1,0,6,2,3,31,2,10,1,0,15,11,1,1,1,1,3,11,1,0,7,1,6,5,3,0,0,9,2,7,3,0,5,4,0,0,101,1,0,0,0,0,1,0,1,0,0,2,7,123,105,366,0,7,2,1,23,4649,0,26,0,3,0,5,16,2,0,0,6,6,21,0,0,1,5,6,2,1,3594,0,150,0,19,0,5,23,4,9,15,16,2,87,0,33,0,5,1,6,22,0,7,0,2,12,1,2,66,2,2,3,0,64,161,50,20,70,4,1,1,4,5,2,23,2,1,26,1,10,8,0,0,0,8,477,9,8,0,4,1,90,0,0,0,0,0,0,9,1,1,6,0,0,0,7,3,2,10,4,2,2,0,31,6,23,2,0,0,0,26,3,31,0,1,0,0,6,6,1,12,13,1,2,1,0,2,0,0,5,0,3,1,0,7,0,11,58,0,21,10,0,1,34
2021,"Croydon 029","E02000222",8361,1255,7,9,5,1,0,5,28,6,106,0,32,580,1,5,6,0,5,3,2,22,2,3,3,16,4,1,12,217,1,4,0,117,1,0,30,5,0,8,8,523,228,0,0,9,2,0,15,1,3,1,1,76,8,0,2,2,0,123,0,0,1,0,3,23,0,2,0,0,14,0,4,5,680,5,1,123,0,507,2,2,3,9,5,10,6,0,2,5,631,0,1,1,0,2,3,8,1,5,0,0,11,9,0,0,4,0,4,9,0,4,4,1,5,3,1,0,3,1,0,2,6,0,1,0,1,0,63,1,0,1,2,1,5,0,1,0,0,0,8,146,90,194,5,6,3,1,14,5044,0,7,0,0,0,0,11,0,2,5,0,5,36,0,0,0,0,6,1,5,3937,1,185,1,20,0,12,9,9,0,3,12,3,113,1,51,5,3,0,7,9,1,4,0,0,15,0,1,59,1,3,0,0,55,225,43,22,62,10,1,3,1,9,5,27,3,0,11,1,8,6,0,0,1,8,228,2,4,4,1,0,27,2,0,0,3,0,0,2,6,7,0,0,0,0,1,0,1,3,7,0,7,0,26,9,12,0,2,0,0,22,0,13,0,0,0,0,1,5,0,1,9,5,0,0,0,1,0,0,2,6,0,0,0,1,2,0,6,0,0,3,0,1,24
2021,"Croydon 030","E02000223",8529,557,50,0,0,2,0,12,42,0,17,2,10,128,0,6,4,0,0,11,2,6,0,6,0,9,2,6,0,126,0,0,0,73,0,1,21,0,9,11,1,1798,804,5,0,81,3,14,42,0,4,11,0,317,12,0,1,1,0,323,3,3,1,0,12,53,3,0,0,0,58,3,11,33,1249,46,0,259,0,734,13,4,0,15,63,98,0,0,3,14,603,1,1,0,3,0,0,17,5,6,3,0,6,1,0,0,0,0,3,0,6,0,8,0,4,0,0,0,0,3,0,5,2,0,3,1,2,1,39,2,0,0,1,1,0,1,0,1,0,0,0,57,99,310,0,2,0,0,9,4057,2,16,0,0,0,0,3,0,0,0,1,1,4,1,0,3,3,2,0,0,3645,2,49,0,3,2,2,1,1,18,3,1,1,45,0,11,0,3,11,1,7,0,0,0,0,0,2,0,22,0,0,0,0,40,83,19,5,13,5,0,4,0,0,0,1,0,0,14,0,0,0,1,0,0,6,265,9,9,3,0,0,41,0,0,0,1,3,0,1,3,0,0,0,1,0,0,0,0,7,3,0,0,0,6,0,6,0,3,0,0,81,0,8,0,0,0,0,0,0,0,4,3,0,0,1,0,0,0,0,0,0,0,0,0,2,0,1,11,0,39,0,0,0,19
2021,"Croydon 031","E02000224",8059,1180,12,2,0,4,0,8,76,3,85,0,50,493,0,11,8,0,0,0,3,20,3,4,1,11,6,3,0,193,0,0,0,114,1,1,41,4,0,12,11,592,240,4,0,39,1,1,5,1,6,4,2,83,8,2,1,0,0,132,0,1,1,0,2,15,2,0,2,0,19,3,13,5,729,9,3,164,3,496,3,2,3,16,0,21,1,0,1,7,700,0,1,1,0,3,1,14,2,11,3,1,8,7,1,8,4,2,3,1,1,1,6,0,3,2,4,0,0,7,0,6,0,2,5,0,0,0,41,1,2,0,0,2,0,0,0,0,0,0,2,199,98,218,3,6,0,0,20,4602,1,12,0,0,0,1,13,0,0,3,3,4,55,0,2,0,1,3,1,1,3525,2,157,1,20,0,7,5,27,3,7,22,0,171,0,39,0,6,0,1,15,0,25,1,0,16,0,2,53,1,5,0,0,53,155,35,11,51,13,1,11,2,9,0,17,7,1,6,0,4,3,3,1,0,8,256,2,6,2,2,5,43,0,1,2,0,2,2,1,3,2,0,0,0,0,1,2,2,5,2,1,5,0,11,3,16,0,0,1,0,12,0,13,0,1,0,0,2,12,3,2,3,0,1,1,0,1,0,0,1,0,0,0,0,12,1,6,18,0,11,3,0,0,31
2021,"Croydon 032","E02000225",7509,467,22,0,0,0,1,5,18,0,28,0,12,160,0,0,0,0,0,0,0,4,3,0,9,2,0,0,0,108,3,2,0,70,1,0,7,1,0,7,4,996,468,14,0,41,1,1,20,0,1,2,0,143,10,4,0,1,2,209,1,0,1,5,3,11,1,3,0,0,26,0,8,20,669,20,0,171,0,423,0,3,0,12,6,21,0,0,0,13,465,1,0,0,6,0,0,8,0,6,1,0,1,3,0,0,2,3,3,1,2,0,12,0,0,0,0,1,0,0,0,5,3,0,0,0,0,1,36,1,0,1,0,2,2,1,0,0,1,0,3,56,80,204,0,1,1,0,17,4761,0,6,1,0,0,0,5,0,0,0,1,0,29,0,0,0,4,3,0,1,4298,0,66,2,6,0,3,0,0,5,5,2,0,61,0,10,0,2,5,1,5,3,3,0,0,2,0,1,50,0,1,3,0,31,66,15,2,24,3,0,2,0,2,2,5,0,0,13,0,3,5,0,0,0,4,151,0,9,0,1,0,31,0,0,2,2,4,0,0,6,0,0,0,0,0,0,0,0,7,0,2,0,0,3,1,0,2,0,1,1,6,0,1,0,0,0,0,4,2,8,0,2,0,1,0,0,3,0,0,2,2,0,0,0,7,0,0,0,0,8,2,0,4,27
2021,"Croydon 033","E02000226",7610,1372,16,3,9,1,0,7,32,1,103,0,13,720,0,6,3,0,14,0,7,29,3,5,2,5,2,0,0,257,0,0,2,80,0,1,15,3,0,15,18,264,108,0,0,2,5,0,0,1,2,0,0,38,0,0,1,0,0,85,0,0,0,0,7,1,0,0,0,5,3,0,1,5,419,9,3,54,0,318,5,0,1,10,2,5,6,0,0,6,420,4,1,0,4,0,0,14,0,6,1,4,7,3,0,0,0,1,0,5,1,0,0,0,0,1,2,0,1,1,2,1,6,3,1,0,1,4,28,1,0,0,0,1,4,4,1,2,3,2,0,133,51,107,4,0,0,0,5,4962,0,8,1,0,0,2,5,1,0,0,0,3,10,0,0,0,0,1,1,5,4446,3,76,1,9,5,5,10,14,0,6,6,1,101,1,6,5,2,0,0,15,3,1,2,2,9,1,0,15,0,4,0,0,26,49,23,1,30,6,1,1,0,3,1,11,0,0,6,5,5,1,0,0,0,7,173,1,7,0,0,0,19,0,1,0,4,0,0,3,5,1,0,0,0,0,1,1,0,5,0,0,3,0,16,2,7,0,3,2,0,6,0,10,0,0,0,5,0,1,0,0,4,1,0,0,0,0,3,0,0,0,0,0,0,0,0,3,11,0,7,17,0,0,24
2021,"Croydon 034","E02000227",11680,1112,25,2,3,9,0,14,74,0,78,0,16,445,0,12,8,0,0,4,1,24,0,3,2,4,11,1,5,223,4,0,0,90,3,4,14,9,2,6,16,901,414,1,0,35,1,0,8,0,5,2,2,140,7,0,0,2,1,184,0,1,0,0,5,25,0,1,0,1,31,3,9,23,715,16,0,163,2,486,0,3,0,7,1,25,2,0,1,9,738,3,1,0,2,5,4,16,0,3,3,0,8,3,1,1,4,0,2,4,0,0,5,1,0,2,1,0,1,4,0,9,3,0,0,0,0,1,39,5,0,0,0,1,1,5,1,0,0,0,2,181,110,263,0,4,3,3,33,7952,1,11,3,0,0,0,11,1,0,0,0,1,24,0,0,0,0,9,2,3,7171,1,133,4,8,0,10,11,5,3,3,10,3,124,0,34,1,7,0,7,6,0,3,1,1,8,0,2,20,6,4,1,0,42,114,22,8,45,11,0,3,1,19,0,11,2,1,8,0,2,4,0,5,0,1,262,3,12,0,0,0,36,0,1,0,0,0,1,4,0,6,0,0,0,0,2,0,5,3,2,2,2,0,10,2,14,2,2,0,0,19,0,2,0,0,0,0,1,7,3,9,4,0,0,0,0,1,0,0,1,6,0,13,0,0,0,4,16,0,16,15,0,0,36
2021,"Croydon 035","E02000228",7956,1276,10,0,2,2,0,8,44,0,109,0,17,743,3,3,11,2,22,0,3,7,8,0,0,5,0,0,2,167,0,0,1,55,1,0,37,3,0,2,9,197,72,1,0,7,1,1,0,0,0,0,0,19,5,0,1,1,0,63,0,0,0,0,0,8,0,2,0,0,3,1,8,4,236,2,3,58,0,148,3,0,0,4,2,8,0,0,0,8,484,0,0,0,3,0,3,6,0,4,3,0,3,3,1,2,4,1,0,4,1,0,2,2,2,2,3,1,0,0,0,7,3,3,0,0,0,0,28,0,0,0,0,0,2,2,1,2,4,0,12,221,40,101,0,1,0,0,7,5623,0,5,1,0,0,0,15,0,0,3,0,0,3,0,0,0,3,2,4,2,5116,0,71,0,19,0,12,9,14,2,7,11,2,139,0,21,3,0,1,4,1,2,6,0,0,13,0,0,13,0,0,0,0,16,35,3,0,4,4,1,5,0,15,7,13,3,0,4,2,0,2,0,1,0,4,140,2,1,0,0,0,21,0,0,0,0,0,0,0,4,0,0,0,0,0,0,0,0,3,3,1,9,0,5,1,10,1,0,2,0,1,0,2,1,0,0,0,0,0,0,1,2,0,0,0,0,0,1,0,0,14,0,0,0,0,3,0,22,5,4,8,0,0,13
2021,"Croydon 036","E02000229",6240,344,16,0,0,3,0,0,19,0,13,0,11,125,1,0,0,0,3,1,0,2,0,0,0,0,1,0,0,74,0,0,0,37,0,0,19,3,4,10,2,909,376,5,0,55,3,0,9,3,14,8,0,213,0,0,0,1,3,173,1,0,0,0,6,7,4,0,3,0,5,0,6,14,556,12,0,138,0,363,1,0,0,2,0,27,0,0,0,13,368,1,1,0,6,0,0,3,3,2,1,1,6,5,0,0,0,0,3,2,2,1,1,0,0,0,0,0,0,0,0,3,1,0,0,0,1,0,33,2,0,0,0,0,0,3,1,3,6,0,1,51,56,156,0,0,0,0,13,3951,0,16,0,0,0,0,3,1,0,0,0,0,9,0,0,0,0,3,0,0,3607,2,40,0,2,0,5,2,9,6,0,2,1,34,0,5,0,0,2,1,11,0,0,0,0,0,1,0,13,4,2,0,0,46,56,12,0,21,1,0,6,0,1,1,2,0,0,16,3,1,1,0,0,0,3,112,0,6,0,0,0,7,0,0,0,1,2,2,1,7,0,0,0,0,0,0,0,1,0,0,0,0,0,7,0,3,0,0,1,0,7,0,3,0,0,0,0,1,0,0,2,6,2,0,1,0,3,0,0,1,5,0,0,0,10,0,1,4,0,10,3,0,0,15
2021,"Croydon 037","E02000230",10497,2041,22,9,1,8,0,4,80,4,149,3,35,971,0,17,22,0,8,1,1,30,4,6,3,12,3,0,4,396,2,0,3,142,0,0,39,18,0,16,28,541,257,0,0,12,0,0,3,0,5,3,1,71,2,0,1,3,0,124,0,0,0,1,9,9,0,5,3,0,5,5,11,11,745,12,2,124,1,531,6,0,2,19,2,34,3,0,0,9,758,1,4,0,4,5,0,15,2,13,0,1,4,2,0,2,4,1,6,7,1,0,7,1,7,3,3,1,0,3,0,7,2,0,0,1,0,2,37,3,0,1,2,5,1,9,1,4,0,2,6,243,101,204,1,3,5,1,20,6124,0,14,1,0,0,1,15,1,1,0,0,6,31,0,1,1,1,5,4,9,5074,7,135,2,24,0,21,23,13,3,4,20,10,179,0,41,3,5,5,5,6,3,12,0,0,17,0,1,35,2,5,0,0,64,101,23,25,64,9,7,1,1,14,2,29,2,2,14,6,2,3,0,1,1,7,288,3,2,0,0,0,52,0,0,0,1,2,0,3,4,1,0,0,1,0,1,0,1,11,4,1,8,0,27,1,21,1,1,0,0,16,0,20,0,0,0,0,1,3,1,7,4,4,1,0,0,3,3,0,0,4,0,0,0,1,0,0,22,0,19,6,0,0,27
2021,"Croydon 038","E02000231",7936,2135,21,8,1,0,0,6,48,1,110,4,29,1171,0,16,10,0,2,0,2,43,7,6,2,17,0,0,1,390,0,0,0,177,0,0,31,3,0,18,11,296,122,0,0,9,9,1,5,1,0,2,0,40,1,0,1,1,1,47,0,3,0,0,1,20,0,1,0,1,7,0,18,5,382,3,0,55,0,289,3,1,1,12,0,10,1,0,0,7,447,1,1,0,0,0,0,10,0,2,2,1,4,3,1,0,1,2,0,1,2,2,5,2,10,1,0,1,0,4,0,8,2,0,4,0,0,0,32,2,1,1,1,1,7,0,0,0,1,2,3,140,57,108,1,5,1,0,14,4342,0,8,0,0,2,0,5,1,2,0,1,4,11,1,0,0,2,5,0,6,3715,0,93,1,8,0,6,5,27,2,7,26,6,114,0,29,4,2,1,1,2,0,11,0,0,11,0,1,17,3,3,0,0,30,42,19,10,33,10,0,1,2,12,5,15,2,3,5,3,2,1,1,1,0,2,334,0,2,2,2,0,56,0,5,0,3,0,1,0,8,2,0,0,2,0,0,0,2,18,7,1,12,1,13,13,28,3,5,0,0,14,0,22,0,0,0,2,1,7,0,0,1,6,3,0,0,0,0,0,0,26,0,0,0,0,2,1,22,0,9,12,4,0,16
2021,"Croydon 039","E02000232",6197,758,14,0,3,4,0,5,23,1,72,0,2,362,0,7,2,0,0,0,5,21,3,0,1,5,1,0,0,129,0,0,0,67,0,0,23,2,0,0,6,185,76,0,0,16,0,0,1,3,3,0,0,29,0,0,0,0,0,37,0,0,0,0,0,0,7,0,0,0,8,0,4,1,234,1,0,44,3,166,0,0,0,5,0,11,0,0,0,4,375,0,0,0,3,0,0,5,0,4,0,0,4,8,2,0,0,1,0,0,0,0,4,0,0,1,2,2,0,2,0,6,0,0,2,0,0,0,37,4,0,0,0,0,1,0,0,0,0,3,1,106,50,114,0,5,0,1,7,4518,0,12,0,0,0,0,5,3,0,0,0,0,4,0,0,1,0,0,1,2,4208,1,53,0,4,0,2,5,5,1,1,1,0,74,1,13,2,2,1,0,3,0,2,0,0,5,0,2,6,0,1,0,0,16,23,3,7,10,3,0,5,0,2,1,5,4,0,8,0,0,3,0,0,0,7,127,5,1,0,0,0,19,0,0,0,1,0,0,0,7,5,0,0,0,0,1,1,0,3,0,0,7,0,1,5,4,0,0,1,0,6,0,15,0,1,0,0,1,0,0,6,4,1,0,0,0,0,0,0,3,9,0,0,0,2,0,0,1,0,0,6,0,0,11
2021,"Croydon 040","E02000233",6360,833,11,0,1,3,0,1,18,0,68,0,4,439,2,2,4,0,2,8,1,9,3,3,3,5,0,3,0,167,0,1,2,49,0,0,7,2,0,9,6,300,93,0,0,10,0,0,2,3,3,0,2,58,7,0,0,0,0,69,0,0,0,0,8,16,6,3,1,0,2,1,13,3,411,4,0,69,2,298,3,0,0,5,2,21,2,0,2,3,462,0,1,0,3,0,0,8,0,6,1,3,4,6,4,0,2,0,2,2,2,0,17,0,4,1,3,0,0,6,0,0,2,0,0,0,0,0,49,2,0,0,1,0,0,0,2,3,0,0,0,115,47,143,0,7,3,0,13,4172,0,9,0,0,1,0,13,1,0,0,0,2,9,1,0,0,2,3,8,2,3601,0,88,2,12,0,4,7,7,8,2,7,2,108,0,13,3,2,3,0,7,2,2,0,0,8,0,0,25,0,2,0,0,33,59,10,8,25,2,0,3,1,7,1,16,1,1,16,14,3,4,0,0,0,2,182,2,7,4,2,0,20,0,8,0,0,2,0,0,2,1,0,0,0,0,0,0,0,4,3,0,1,1,11,6,24,0,1,1,0,10,0,6,0,0,0,0,0,4,0,4,0,1,0,1,0,1,0,0,0,5,0,0,0,8,0,2,1,0,15,5,0,0,19
2021,"Croydon 041","E02000234",9454,1454,18,3,2,4,0,8,88,1,177,0,12,645,0,1,2,0,25,1,0,35,4,2,1,5,3,0,7,285,0,0,2,74,1,0,26,6,0,8,8,552,227,1,0,16,0,4,8,3,10,4,0,99,7,0,0,1,1,109,1,2,1,0,6,7,6,1,1,0,6,0,17,14,664,9,0,125,0,482,6,1,4,10,3,17,1,0,0,6,801,1,0,0,6,0,0,13,0,2,2,5,6,21,0,1,0,3,4,2,2,1,9,0,7,1,0,2,0,9,3,4,3,2,2,0,1,0,86,9,0,0,0,3,2,5,1,0,0,2,2,200,96,260,3,2,2,0,16,5734,0,19,0,0,0,0,10,4,0,0,1,5,14,0,2,5,4,0,5,9,5004,1,131,5,5,0,9,17,4,0,16,14,5,130,0,32,3,0,2,2,14,2,5,0,0,11,1,6,26,6,3,0,0,33,58,16,14,8,10,0,6,0,18,1,13,0,0,11,3,5,2,0,0,0,4,249,2,1,8,1,0,32,0,3,0,3,1,0,3,1,3,0,0,1,0,0,5,1,8,1,0,5,0,20,0,14,0,4,0,0,14,0,7,1,0,0,0,0,11,0,10,0,0,0,2,0,0,0,0,0,3,0,0,0,1,5,6,32,4,8,4,0,1,23
2021,"Croydon 042","E02000235",6896,772,13,3,0,6,2,4,30,1,47,0,17,419,1,3,7,0,3,1,0,6,1,4,0,2,3,0,3,91,0,0,1,44,0,8,43,2,0,3,4,279,101,0,0,28,0,0,4,4,0,2,0,38,4,1,2,2,0,65,0,0,0,0,7,0,0,0,0,0,21,0,0,0,281,2,0,46,0,200,4,0,0,9,2,15,1,0,0,2,419,0,0,0,3,1,0,5,0,5,0,0,5,4,0,0,0,0,1,0,0,0,7,2,4,0,1,0,0,0,1,0,0,0,1,0,2,0,22,0,0,1,0,0,0,1,4,0,0,3,0,137,54,126,3,3,3,5,15,4998,0,5,0,0,0,0,18,7,1,0,0,4,5,0,1,1,3,4,2,1,4491,1,77,0,22,0,11,5,4,2,7,5,3,105,0,20,3,4,0,3,6,0,7,0,0,4,0,0,18,1,8,0,0,14,38,3,1,12,12,0,1,4,22,0,11,0,1,5,0,2,8,0,1,0,4,147,1,0,0,0,0,25,0,0,0,0,0,4,2,1,1,0,0,1,0,0,0,3,7,0,0,5,0,8,0,21,0,0,0,0,6,0,3,1,0,0,0,0,1,0,7,5,4,0,0,0,0,0,0,1,0,0,0,0,2,2,0,10,0,6,10,2,0,8
2021,"Croydon 043","E02000236",9125,1098,4,1,0,1,0,9,37,2,83,0,15,628,2,1,1,4,3,2,0,22,6,0,0,5,2,2,4,125,0,0,1,72,1,15,27,4,0,7,12,339,169,0,0,11,0,0,0,0,0,2,0,63,0,0,0,0,0,63,0,0,0,0,1,2,0,2,3,0,11,1,11,0,488,2,0,76,0,381,5,2,0,8,1,10,0,0,0,3,573,3,0,0,1,1,2,4,0,3,2,1,4,5,2,0,0,1,5,2,4,0,8,0,6,1,1,0,0,2,2,11,0,0,4,1,3,2,52,0,1,0,2,0,1,0,2,0,0,0,0,175,77,166,0,3,2,0,11,6469,0,4,1,0,0,0,15,1,0,1,0,10,18,0,2,0,2,2,2,4,5812,4,98,3,10,3,10,17,14,3,4,11,1,155,0,14,6,0,0,2,6,1,6,0,0,21,0,1,13,1,3,0,0,23,48,12,6,20,16,0,5,0,15,1,11,1,1,12,1,0,4,1,0,0,11,158,0,0,2,0,2,32,0,0,0,0,0,0,0,5,7,0,0,0,0,4,0,2,6,1,0,6,0,13,1,13,0,0,0,3,6,0,13,1,0,0,0,0,1,0,3,1,0,0,0,0,1,0,0,3,2,0,0,0,0,0,0,2,1,9,1,0,0,17
2021,"Croydon 044","E02000237",7604,494,12,3,4,2,0,1,18,0,52,0,6,240,0,4,3,0,2,0,0,16,0,7,0,11,1,0,0,50,0,0,0,47,0,0,3,7,0,1,4,191,102,1,0,7,0,1,0,0,0,1,0,33,0,0,0,0,2,21,0,0,0,0,3,6,1,0,0,0,8,0,4,1,312,6,0,55,0,224,3,0,1,7,1,11,0,0,0,4,471,0,4,0,0,0,3,8,2,16,2,2,2,3,2,0,2,0,4,1,0,0,5,2,5,1,0,0,0,1,0,1,0,1,0,0,0,0,22,4,0,0,0,1,3,1,0,4,5,0,2,151,49,145,0,3,0,3,11,6045,0,6,0,0,0,0,9,2,0,0,0,1,7,0,0,0,0,1,2,3,5553,0,73,1,2,0,6,12,4,4,3,5,0,153,3,11,2,0,0,3,2,1,3,0,0,8,0,0,12,0,3,0,0,14,46,11,5,15,8,2,2,1,10,1,10,6,2,1,1,1,9,1,0,0,4,91,1,0,2,0,0,9,0,0,0,1,0,0,5,1,0,0,0,0,0,0,0,5,8,0,0,5,0,5,5,7,1,1,0,0,1,1,4,2,2,0,0,1,4,0,5,0,0,0,0,0,0,0,0,0,0,0,0,0,0,1,0,2,0,2,6,0,0,4
2021,"Ealing 001","E02000238",10697,3452,164,4,4,0,13,16,46,1,100,2,73,1378,3,10,12,10,4,2,3,13,3,5,233,16,4,12,1,572,5,8,10,465,0,1,232,9,0,4,14,584,206,0,1,3,2,0,2,0,8,8,0,58,7,0,0,0,0,64,0,0,6,0,5,149,31,9,10,0,8,0,7,0,807,4,0,109,0,636,2,2,0,13,3,21,1,0,10,6,494,1,9,0,2,6,0,13,0,1,1,0,3,11,1,3,2,0,3,2,0,1,2,0,4,1,0,0,0,0,0,0,0,0,0,0,1,3,53,0,0,1,0,0,2,1,0,0,1,1,4,128,48,170,2,2,0,0,11,4397,0,24,1,13,0,8,8,1,0,0,0,9,11,1,1,2,1,7,0,1,2038,1,315,1,13,0,10,4,7,0,14,30,8,244,1,38,2,5,0,12,30,0,3,0,9,0,7,1,201,7,7,2,0,192,789,28,14,189,10,8,6,0,1,6,21,0,0,3,1,11,8,0,0,0,12,963,22,10,6,0,1,432,5,3,0,0,1,2,0,2,0,0,0,0,0,1,0,0,10,13,3,3,0,17,8,27,0,0,0,0,24,1,2,0,0,0,34,13,10,14,40,11,4,0,21,0,5,0,0,26,14,0,30,6,7,2,11,95,0,7,0,0,0,20
2021,"Ealing 002","E02000239",9038,3628,127,1,8,4,7,12,103,5,139,0,33,1858,0,17,4,3,2,0,3,0,3,1,108,11,0,5,5,665,0,16,2,297,1,2,173,4,0,0,9,276,91,0,0,11,1,0,1,0,12,1,0,26,4,0,0,0,5,31,0,0,7,0,0,48,19,0,5,0,5,0,2,7,452,3,0,48,1,381,2,3,0,6,0,6,0,0,0,2,342,0,6,0,1,0,0,3,0,4,3,0,3,12,0,1,0,0,2,1,0,2,3,0,3,0,1,0,0,1,0,2,2,1,1,1,2,2,28,1,1,0,0,0,0,1,0,0,0,1,18,112,36,69,2,3,0,0,13,3415,1,7,0,6,0,4,3,1,0,0,0,9,20,3,0,0,0,5,1,4,1362,1,255,0,13,2,0,1,10,0,5,51,6,198,1,48,1,13,1,4,12,0,4,1,0,2,0,0,207,2,0,0,0,103,681,22,33,225,6,5,7,0,3,4,18,5,0,6,3,16,0,6,1,0,7,925,18,0,6,0,3,432,7,0,0,0,1,0,0,0,0,0,0,0,0,0,0,0,28,10,0,9,0,8,16,53,0,1,2,12,40,0,2,0,0,0,19,4,8,17,19,13,6,0,5,0,0,2,0,13,22,0,0,0,1,0,27,76,0,3,2,0,0,40
2021,"Ealing 003","E02000240",11213,3133,279,7,3,1,4,18,72,0,114,1,65,937,0,26,13,2,5,38,18,3,2,0,557,27,5,18,6,421,3,11,3,305,4,0,136,17,0,7,5,931,259,1,5,48,2,0,21,1,20,13,1,66,6,0,0,2,0,111,0,0,2,3,3,256,63,0,10,0,5,2,18,13,900,14,7,117,1,698,13,0,3,6,0,14,0,0,17,10,603,0,0,0,0,6,0,11,0,9,2,1,5,9,1,0,0,1,2,6,1,1,6,2,5,2,2,0,0,1,0,0,1,4,4,3,2,1,39,0,0,2,4,0,1,0,1,0,0,0,3,115,90,234,0,4,0,0,22,4538,0,32,0,20,0,15,7,1,0,0,1,4,73,0,0,9,1,1,0,1,2576,2,174,1,12,1,12,18,7,20,6,13,3,179,0,15,2,26,0,4,21,0,3,0,2,5,5,0,232,6,2,2,0,125,513,34,39,197,15,10,8,5,3,4,24,0,0,4,0,25,2,5,0,0,11,1108,67,18,10,2,1,411,11,13,0,3,1,0,3,3,4,0,0,3,0,5,0,0,18,3,0,2,0,16,3,51,0,5,4,2,28,1,9,0,6,0,96,1,13,6,44,10,5,3,7,0,1,0,0,5,56,0,8,0,2,6,29,71,0,1,1,0,0,40
2021,"Ealing 004","E02000241",7390,2194,143,1,4,1,14,13,37,0,78,3,27,798,0,5,10,1,0,1,1,0,3,2,266,15,9,10,9,272,2,4,5,310,0,0,128,2,0,3,17,456,186,0,0,11,0,0,0,0,8,9,1,36,6,0,0,0,0,20,0,0,0,0,3,144,15,0,2,4,0,0,0,11,512,2,0,77,0,414,3,0,0,2,0,6,0,0,4,4,322,0,0,0,0,3,2,4,0,3,0,0,0,5,0,3,0,0,2,2,0,0,3,0,3,0,2,1,0,3,0,0,1,1,3,0,0,3,27,1,0,0,3,0,8,1,0,0,0,0,4,81,37,95,1,4,0,0,16,3052,0,24,0,7,0,3,3,0,1,1,0,9,20,1,0,4,0,3,3,0,1624,0,239,0,8,0,7,14,2,0,3,28,6,146,0,15,2,7,0,12,29,0,2,0,0,10,10,1,125,7,2,2,0,59,397,9,16,131,10,9,3,0,3,1,7,1,1,7,0,9,4,2,0,0,3,854,33,2,0,2,0,387,14,0,0,0,3,0,0,1,9,1,0,0,0,11,0,0,8,2,0,10,0,7,2,30,0,2,1,0,33,0,1,1,1,0,43,2,9,27,22,3,3,1,5,0,2,0,0,5,21,2,0,0,13,0,14,76,0,12,0,0,0,33
2021,"Ealing 005","E02000242",6896,2840,85,4,6,1,14,20,76,0,67,9,50,1392,2,25,13,0,0,5,3,4,7,1,23,10,3,19,6,381,0,13,0,369,0,0,209,6,1,10,6,157,33,0,0,1,0,0,1,0,4,5,0,15,0,0,0,0,0,27,0,0,4,0,0,49,5,0,3,0,1,0,0,9,332,1,0,64,0,242,0,1,0,6,0,11,0,0,2,5,230,0,1,5,0,1,2,7,1,2,1,1,3,1,0,0,0,2,1,2,0,1,3,0,4,0,0,0,0,0,0,0,1,0,2,0,0,2,22,2,0,0,0,1,1,2,1,0,1,0,8,50,24,48,0,6,0,9,12,2313,0,11,2,5,0,11,1,2,0,0,0,5,24,3,0,8,0,0,2,1,895,2,168,0,13,1,6,10,0,0,7,30,0,129,0,25,0,3,0,4,4,0,0,0,0,2,1,1,92,5,1,0,1,71,554,38,14,116,6,1,4,1,2,4,9,0,1,1,0,8,2,0,2,0,4,1024,14,1,5,1,0,593,8,0,0,0,4,0,2,3,0,0,0,0,0,1,0,0,9,8,5,1,0,19,10,45,1,0,0,0,20,0,2,0,0,0,10,12,7,7,38,3,0,0,1,0,5,2,0,13,35,0,1,0,2,0,18,68,0,3,6,0,0,41
2021,"Ealing 006","E02000243",8713,2351,159,1,9,1,22,10,117,0,92,2,37,1078,0,23,9,0,4,14,2,2,2,5,39,13,8,27,1,413,0,16,4,135,2,1,67,16,0,3,17,473,139,1,3,9,6,0,8,1,7,0,2,27,6,0,0,0,0,37,0,0,6,0,3,178,17,1,0,0,5,0,5,12,570,7,0,94,0,429,0,2,0,6,0,15,0,0,2,15,414,1,2,0,1,4,0,8,1,4,1,1,3,8,1,0,0,2,1,0,0,2,4,1,2,1,1,1,0,1,0,8,0,0,4,0,1,3,36,1,1,0,2,0,8,0,0,1,0,0,7,110,39,119,1,2,0,0,20,3893,2,22,1,0,0,15,5,0,1,0,0,8,58,0,0,1,1,0,1,0,1721,0,259,0,10,1,6,23,3,0,7,26,7,212,0,43,4,3,5,9,44,0,3,0,1,2,2,1,179,12,4,0,0,110,795,17,26,145,11,3,8,5,5,1,22,3,0,5,2,16,2,0,1,0,14,1012,18,5,0,0,6,584,8,0,1,3,0,2,5,0,1,0,0,1,0,0,3,6,17,4,1,2,0,28,3,26,1,0,2,0,23,0,6,0,5,0,9,12,3,9,23,1,0,0,11,0,1,5,0,1,66,0,7,8,6,1,9,27,0,2,4,1,0,45
2021,"Ealing 007","E02000244",7885,1678,111,1,2,1,28,17,50,1,93,0,62,700,0,35,14,0,2,1,2,5,3,3,31,15,6,21,4,303,5,2,0,92,3,0,46,1,0,6,12,325,106,1,1,12,1,0,0,0,2,4,0,18,2,1,2,3,2,33,1,0,6,0,1,100,11,0,4,0,1,1,0,12,313,2,0,40,0,249,1,0,1,4,0,7,0,0,1,8,389,0,6,1,0,7,0,4,0,5,0,0,0,5,1,0,4,0,0,3,1,3,6,2,5,0,3,0,0,0,0,1,5,0,1,3,5,3,33,2,0,0,0,0,1,1,0,0,0,0,6,112,40,95,1,2,1,0,21,3616,0,20,7,6,0,16,1,0,0,1,5,8,21,1,0,5,2,2,3,17,1466,0,303,0,9,0,9,21,5,2,5,32,7,162,0,45,1,4,1,4,18,0,1,1,1,2,0,0,171,15,3,1,0,166,705,47,43,84,12,9,5,0,4,0,58,0,0,11,0,44,10,7,1,0,6,1564,15,6,2,0,5,925,18,1,1,2,43,3,4,1,2,0,0,1,0,0,0,3,25,20,5,2,1,26,0,49,1,1,2,0,55,0,4,1,1,2,9,18,6,9,128,10,5,0,18,0,1,0,0,5,27,0,2,2,1,3,4,30,0,5,0,1,0,53
2021,"Ealing 008","E02000245",9312,2531,401,1,12,3,7,20,89,3,51,4,80,857,1,10,11,5,4,6,1,2,1,2,203,23,1,7,7,483,2,25,0,148,0,0,54,1,0,0,6,1121,345,5,8,15,13,0,3,0,24,11,2,58,8,0,0,0,0,144,0,0,0,0,2,375,68,1,16,0,7,0,7,9,805,5,4,92,0,599,5,1,0,22,2,30,0,0,27,18,590,0,3,0,0,0,0,11,0,4,0,0,3,5,0,0,1,1,1,1,0,2,5,1,2,2,1,1,0,0,0,5,0,0,3,2,0,1,42,2,0,0,0,0,0,1,0,2,0,1,4,73,74,301,0,9,1,0,25,3265,2,33,3,6,0,9,2,0,0,0,0,1,22,0,0,6,0,5,1,0,1993,0,140,0,2,0,6,7,0,9,0,17,0,98,0,22,0,23,4,4,19,0,5,0,0,4,0,0,115,11,1,3,0,73,417,30,14,93,9,7,2,0,1,0,7,3,0,6,1,7,1,0,6,0,15,1000,82,11,0,8,0,391,9,1,1,0,3,0,3,4,2,0,0,0,0,3,0,0,9,13,6,0,0,6,5,21,0,0,2,0,62,0,0,0,8,1,43,8,6,8,52,13,4,0,3,0,0,4,0,7,87,1,21,1,8,1,7,43,0,9,0,1,2,20
2021,"Ealing 009","E02000246",9462,2631,442,0,0,1,6,47,55,0,49,4,40,845,1,15,9,1,0,2,5,3,1,3,226,26,2,12,0,458,6,62,0,193,0,1,106,2,3,2,3,1061,293,2,8,7,0,2,10,0,23,16,0,58,8,0,0,2,0,106,0,1,0,3,0,391,97,4,4,0,6,0,10,10,705,9,0,105,0,507,2,4,0,6,0,21,1,0,20,30,529,1,3,0,5,9,0,9,2,1,0,3,5,8,0,0,0,0,1,0,1,0,3,0,3,0,1,0,0,4,0,4,2,2,0,0,2,3,23,1,4,0,0,2,2,0,0,0,0,0,13,115,66,161,0,3,0,0,67,3411,0,25,1,11,0,8,3,1,0,0,0,7,15,1,0,2,0,1,0,1,2206,0,124,0,3,0,3,5,2,11,4,16,2,171,0,9,6,28,4,5,20,0,6,1,6,4,0,0,125,9,0,1,0,70,299,13,37,77,6,6,5,0,1,3,14,1,0,11,0,6,3,1,2,0,9,1125,70,8,0,2,0,457,17,2,0,1,2,2,2,3,0,0,0,0,0,4,0,5,24,11,0,1,0,10,7,23,0,0,0,0,60,0,2,0,1,0,36,1,6,7,79,8,0,3,3,0,1,1,0,1,127,4,20,0,1,2,21,41,0,0,0,0,0,49
2021,"Ealing 010","E02000247",11158,3438,438,8,10,0,8,9,97,2,69,4,86,1264,3,22,9,0,5,3,5,7,5,4,247,21,3,17,7,651,15,46,3,215,0,2,117,4,0,15,17,924,203,0,0,17,1,0,6,2,27,12,2,68,10,0,1,1,2,86,0,0,8,0,6,366,69,2,5,4,7,0,5,14,892,8,1,145,0,671,6,1,1,13,0,15,1,0,12,18,669,2,1,0,1,8,0,10,0,5,4,3,3,4,3,1,1,0,3,1,1,2,4,0,1,2,1,0,0,6,0,7,0,0,2,5,0,1,67,2,0,0,3,1,0,0,0,0,0,0,11,132,114,223,1,8,0,0,25,3956,1,28,1,8,0,15,2,0,3,2,2,10,32,8,0,1,1,0,0,0,2149,3,179,0,8,0,4,9,2,21,5,12,2,203,0,14,2,4,0,6,31,3,1,0,0,2,4,1,147,20,0,2,0,97,638,32,24,129,16,8,2,1,3,4,9,0,1,12,0,10,3,6,0,0,13,1279,61,5,4,0,0,544,14,0,0,2,2,0,9,4,3,1,0,0,0,2,1,3,8,8,2,2,0,20,7,57,1,0,2,1,59,3,9,0,10,1,48,17,18,10,50,3,1,1,6,0,0,2,0,6,119,0,14,4,3,0,32,27,1,14,1,0,0,57
2021,"Ealing 011","E02000248",7717,1632,106,0,8,0,1,7,47,1,155,0,33,624,0,76,122,4,3,2,7,6,3,6,15,12,5,34,0,280,0,5,0,40,2,4,9,3,1,0,11,280,102,3,1,7,0,0,6,2,8,0,0,14,2,0,0,0,1,26,0,0,2,0,4,61,15,4,6,0,2,0,1,13,172,2,0,19,0,134,0,0,1,2,0,5,1,0,3,5,356,1,2,4,0,3,0,7,0,1,0,4,2,6,0,0,0,0,0,0,0,1,1,0,8,0,2,2,0,1,3,1,1,0,2,4,3,3,29,3,1,0,0,0,0,0,0,0,0,0,8,113,46,72,0,2,0,0,20,3586,0,17,1,6,0,54,7,2,0,2,0,26,49,3,0,5,1,11,0,5,1429,2,275,0,21,1,16,75,18,4,20,44,18,118,0,257,4,16,3,10,21,0,3,0,1,1,2,1,139,14,1,3,0,85,441,45,54,130,18,11,10,2,8,2,24,4,0,13,0,11,5,8,1,0,8,1691,23,2,1,5,0,1051,24,2,1,1,5,0,0,2,5,0,0,0,0,2,3,5,25,2,4,1,0,27,1,207,0,5,9,1,68,0,1,0,0,0,0,10,4,2,60,5,1,2,5,0,1,4,0,3,30,0,7,0,0,0,4,0,0,8,0,0,0,62
2021,"Ealing 012","E02000249",8381,2558,219,0,2,1,5,9,57,0,73,2,54,1153,1,16,4,1,0,0,5,3,4,4,154,20,0,23,2,514,6,19,0,140,0,0,38,5,0,6,18,601,136,2,0,8,0,0,12,0,12,8,0,26,0,0,0,2,0,48,0,0,0,72,0,215,43,6,0,1,2,0,0,8,466,7,0,51,0,387,0,0,1,4,1,6,0,0,5,4,392,1,1,0,5,4,0,6,0,1,0,2,0,8,1,0,3,0,0,1,2,3,5,1,2,3,2,1,0,3,0,1,3,1,1,0,2,3,36,4,0,0,0,0,1,0,0,1,0,0,2,96,45,123,1,0,0,1,16,3279,0,14,0,3,0,13,8,0,2,0,0,7,24,0,0,0,2,1,0,1,1653,1,164,1,12,1,11,9,3,8,7,22,4,259,0,22,0,13,1,10,4,0,5,0,0,2,3,1,111,16,0,3,0,49,605,11,20,79,6,13,6,0,4,1,23,1,1,7,0,26,0,0,0,0,6,1085,24,9,1,2,2,443,4,2,0,1,1,5,0,3,0,0,0,0,0,2,0,5,12,14,4,3,0,31,4,48,0,1,0,0,61,0,3,0,0,0,23,3,11,8,60,7,6,0,9,0,18,14,0,2,129,0,18,0,1,0,13,13,0,4,0,0,0,61
2021,"Ealing 013","E02000250",6490,906,21,5,0,0,1,6,20,1,115,0,17,395,0,50,92,0,6,0,3,2,0,5,2,9,0,4,8,93,1,0,2,25,0,2,2,4,0,1,14,148,29,0,0,2,0,0,0,0,4,6,0,14,13,1,0,0,0,25,0,0,0,0,0,46,3,2,0,0,0,0,0,3,112,4,0,17,7,76,0,0,0,2,0,5,0,0,0,1,423,0,0,0,3,3,2,3,0,6,0,1,0,3,0,2,10,1,4,1,1,4,8,0,10,7,6,0,2,0,0,0,1,0,1,0,2,4,25,1,2,4,0,0,1,3,0,0,0,1,11,166,42,57,1,10,0,0,14,4321,0,11,0,1,2,30,31,3,1,2,3,9,15,2,0,3,5,2,6,7,2919,1,232,3,51,0,22,47,5,1,8,9,10,235,0,75,4,0,0,1,9,5,7,3,0,30,0,1,64,4,12,1,0,40,170,17,15,15,34,18,14,2,16,3,33,2,3,21,1,8,3,0,1,0,13,580,2,2,4,0,1,228,7,1,0,0,1,0,4,3,0,0,0,0,0,1,0,5,17,9,2,0,0,16,5,113,0,5,4,0,24,2,2,2,0,0,0,0,1,3,51,6,1,0,0,0,0,3,0,0,10,0,0,0,0,0,0,8,0,3,1,0,1,32
2021,"Ealing 014","E02000251",8310,4323,213,5,11,1,1,24,66,0,20,3,34,2207,0,7,3,2,4,4,8,7,3,6,232,12,5,9,0,828,30,74,0,300,0,0,183,7,0,1,13,223,53,0,0,2,0,0,3,1,4,1,0,16,1,0,0,0,1,38,2,1,0,2,1,48,27,1,7,0,3,0,5,6,527,1,1,72,0,434,8,0,0,0,0,7,0,0,4,0,306,2,1,6,0,2,0,9,0,4,0,0,4,3,0,0,0,0,3,0,0,0,0,0,2,0,0,0,0,0,0,1,0,0,0,0,0,1,33,8,4,0,0,0,0,0,2,0,0,0,4,97,31,67,0,2,0,0,20,2032,0,9,0,5,0,13,3,0,1,0,1,3,23,0,0,3,0,2,0,0,811,0,171,0,2,0,2,1,1,1,0,17,4,211,0,20,0,1,0,4,25,1,2,0,1,1,0,0,113,6,0,0,0,43,352,9,12,68,6,3,1,0,1,0,1,0,0,54,0,20,0,0,0,0,4,899,43,2,0,3,0,244,0,5,0,4,1,0,2,1,2,0,0,0,0,1,1,0,10,4,0,0,0,11,20,10,0,1,0,2,31,0,0,0,1,0,19,0,23,5,68,3,3,2,5,1,2,19,0,1,216,0,4,0,6,0,15,64,0,20,0,0,0,24
2021,"Ealing 015","E02000252",12232,2282,142,0,8,0,6,8,74,0,547,4,184,574,0,27,74,3,36,7,21,6,6,3,22,11,24,13,4,315,2,6,2,49,10,1,21,31,4,27,10,1038,378,1,7,25,4,0,15,0,27,12,2,84,6,0,1,2,4,117,0,0,6,0,5,238,48,3,12,1,12,2,13,13,889,14,1,140,2,661,11,0,0,14,2,15,0,0,12,17,829,2,4,2,0,11,2,9,11,2,2,6,6,5,0,0,1,2,5,1,1,6,18,0,32,3,2,1,0,1,1,3,1,1,4,1,1,4,72,6,0,0,1,1,4,0,3,0,0,0,13,169,137,214,0,11,0,1,46,5604,0,37,9,15,0,7,46,2,1,6,3,47,58,0,2,7,7,17,15,5,2697,5,430,6,55,1,32,121,14,67,53,42,5,239,0,185,5,37,3,12,25,3,16,0,0,13,3,2,112,36,9,1,0,107,398,104,92,145,32,25,9,6,12,15,87,7,8,16,4,10,3,1,1,0,9,1590,26,4,0,5,7,950,8,3,0,3,20,0,5,4,8,2,0,7,0,5,0,8,18,16,1,9,0,62,8,46,3,7,6,5,49,0,1,0,3,0,0,36,12,4,30,25,8,0,11,0,8,0,0,4,7,0,11,0,22,2,7,1,0,20,3,0,0,80
2021,"Ealing 016","E02000253",10353,2084,367,0,13,1,7,18,42,0,111,6,49,663,0,36,14,4,3,5,0,7,0,2,133,25,8,12,13,331,2,17,0,141,0,0,33,11,4,2,4,1063,265,1,5,28,0,0,10,4,31,21,0,24,12,0,2,0,5,53,0,1,4,0,2,500,73,0,3,0,4,0,4,11,744,17,0,76,0,590,2,0,0,17,0,22,0,0,6,14,805,0,7,9,0,7,2,10,1,9,2,5,16,6,1,1,2,1,3,1,2,9,13,5,7,2,1,0,0,0,0,3,3,0,5,1,1,3,48,5,1,5,1,1,9,5,0,1,0,0,15,200,80,250,0,4,2,1,39,4603,1,19,5,6,2,20,12,1,1,1,5,11,35,2,0,2,1,4,1,1,2624,2,246,1,28,2,14,16,8,16,11,23,1,310,0,52,3,16,1,7,8,1,9,1,0,13,2,1,154,26,3,6,0,65,596,17,24,52,19,16,5,0,3,4,18,4,3,21,3,6,0,5,0,0,7,1054,45,24,3,2,8,402,12,0,0,0,2,0,2,6,4,1,2,0,0,0,0,3,10,2,1,4,0,18,1,56,0,3,6,8,92,0,7,4,4,2,19,16,6,4,97,5,0,3,17,0,1,0,2,7,36,0,12,2,0,0,11,10,1,11,6,0,1,53
2021,"Ealing 017","E02000254",9197,6437,259,7,9,0,1,21,163,2,10,1,18,4062,0,9,5,7,0,0,1,3,4,2,72,16,1,6,0,1004,44,155,4,365,0,0,181,0,0,1,4,228,49,0,4,0,0,0,1,0,3,1,0,20,1,0,0,0,1,31,0,0,1,0,1,77,29,0,3,0,0,0,4,2,265,1,0,26,0,205,3,1,0,2,0,13,1,0,9,4,143,0,1,0,0,0,0,0,0,1,0,0,0,7,0,0,0,0,0,0,0,1,1,0,0,0,0,0,0,0,0,0,0,0,1,0,3,2,19,0,0,0,0,0,0,0,0,0,0,2,0,51,10,41,0,1,0,0,2,948,0,3,0,0,0,2,2,0,0,1,0,0,21,0,0,0,0,1,0,1,492,0,75,0,3,0,0,3,0,0,1,4,0,33,0,3,0,1,0,6,1,0,0,3,0,0,0,0,31,1,4,0,0,22,139,41,5,35,4,0,1,0,0,3,3,0,0,1,0,0,0,0,0,0,2,1176,70,5,0,0,2,120,1,2,0,0,0,1,0,2,0,1,0,0,0,1,0,0,5,3,0,2,0,4,19,10,0,0,0,4,4,0,2,0,0,1,20,8,15,4,15,0,1,36,6,0,4,88,0,1,580,0,4,0,0,0,27,91,0,0,0,0,0,17
2021,"Ealing 018","E02000255",9856,1564,78,2,20,4,19,7,62,1,116,0,31,628,4,62,45,0,10,6,5,1,11,4,1,35,3,14,21,233,2,11,0,84,2,3,26,4,0,1,8,897,220,0,8,16,0,4,0,2,16,6,0,12,8,0,1,0,0,35,0,2,7,0,1,447,93,4,2,0,6,0,0,7,439,7,0,71,0,297,0,0,2,5,0,30,2,0,18,7,614,0,2,2,0,5,0,10,0,5,1,4,2,3,2,0,1,3,6,0,0,2,14,1,8,1,4,0,0,5,0,3,6,1,0,3,0,4,77,4,0,0,0,0,4,0,0,1,0,1,16,193,64,121,0,7,0,0,28,5371,2,13,0,2,0,32,33,4,2,2,0,15,25,0,1,9,1,5,3,7,3341,4,321,5,38,0,29,41,15,10,12,38,10,333,0,83,4,5,0,4,5,0,13,0,0,33,7,5,126,31,8,1,0,63,330,17,18,124,17,15,14,0,11,3,30,9,4,5,0,12,12,0,5,1,3,971,16,5,0,0,1,433,2,0,0,0,2,0,0,3,0,0,0,0,0,1,3,4,13,2,0,0,0,27,1,118,3,0,6,4,43,0,0,0,0,1,0,15,6,7,88,12,7,1,7,0,0,1,0,3,38,0,13,6,6,0,3,10,0,1,3,0,3,53
2021,"Ealing 019","E02000256",9190,1683,50,4,0,1,16,17,44,0,176,2,34,745,1,109,146,0,14,4,14,4,5,6,10,13,4,8,10,153,6,5,6,40,4,3,14,4,1,5,5,249,98,1,0,6,1,0,1,0,8,9,0,16,5,2,0,0,0,39,0,0,0,0,0,32,12,2,0,0,2,0,9,6,256,9,0,35,0,190,0,0,1,1,0,14,0,0,3,3,618,2,2,1,0,5,5,6,2,2,0,7,11,5,2,1,1,0,2,0,4,6,9,0,33,4,3,0,0,1,0,0,1,0,2,1,4,1,49,5,1,1,0,1,2,0,1,0,2,0,10,182,95,97,3,14,3,0,29,5668,0,23,0,5,2,25,38,7,1,2,0,23,38,0,0,6,2,6,7,6,3295,4,346,3,83,5,15,100,12,0,13,34,42,304,0,135,18,3,1,7,15,2,3,0,2,31,11,5,111,14,15,2,0,113,368,32,39,71,30,24,12,2,25,5,64,7,1,17,1,15,3,0,3,0,14,716,4,8,1,0,0,275,8,0,0,1,5,3,2,0,12,0,0,0,0,1,0,2,13,5,0,5,0,31,1,106,1,11,3,0,27,0,5,0,3,0,0,3,5,2,70,9,3,0,4,2,0,3,0,2,18,1,3,1,3,0,2,1,2,4,1,0,3,41
2021,"Ealing 021","E02000258",6901,1270,37,0,0,3,17,2,20,0,96,0,28,216,3,17,560,0,3,5,7,1,3,4,1,11,4,13,1,156,0,0,2,24,1,0,6,14,0,12,3,329,90,0,0,4,0,0,2,1,12,8,0,12,0,1,1,2,0,29,0,0,2,0,0,120,31,0,3,2,4,1,1,3,263,1,0,30,0,201,1,1,0,4,0,13,4,0,3,5,379,0,0,3,1,7,1,2,0,3,0,0,0,0,0,1,0,0,5,1,0,1,5,0,3,0,0,0,0,0,0,1,0,0,1,2,2,0,31,3,0,3,0,0,2,1,0,0,0,0,14,105,51,98,2,5,2,2,21,3684,0,7,1,5,2,20,33,1,0,2,0,15,35,1,1,5,4,6,6,13,1983,4,278,2,23,9,16,39,9,8,18,21,5,214,0,89,6,1,1,7,14,2,6,0,2,22,15,3,91,19,2,0,0,98,283,20,45,49,8,17,4,1,6,3,41,7,2,10,0,11,5,0,0,0,8,976,6,0,3,1,0,631,11,1,0,0,0,0,0,5,5,0,0,0,0,3,0,4,12,5,6,0,0,15,0,68,7,34,1,0,32,0,0,1,0,0,0,7,1,1,22,4,3,0,5,0,1,0,0,0,16,0,5,0,7,1,5,3,4,5,0,0,0,35
2021,"Ealing 022","E02000259",6578,906,90,1,4,1,0,0,1,0,58,0,122,322,0,9,19,0,0,0,4,1,1,6,35,4,0,0,3,159,1,14,2,31,0,3,4,2,0,4,5,275,108,0,0,5,1,0,1,0,1,0,0,12,1,0,0,0,0,32,0,0,1,0,0,79,23,3,6,0,0,0,1,1,293,4,0,50,0,224,4,0,0,1,2,5,0,0,1,2,478,1,2,2,1,6,1,2,0,2,1,0,3,0,2,0,2,0,2,0,0,5,7,0,19,2,3,1,0,0,0,0,6,0,1,0,1,0,28,0,0,4,1,0,3,0,2,0,0,0,12,146,79,107,4,4,4,2,10,4171,1,9,0,5,0,2,16,0,1,1,0,8,37,0,0,2,0,4,2,3,2518,0,240,3,19,0,19,6,2,0,9,7,3,309,0,54,3,5,0,2,13,2,11,0,0,13,0,0,109,4,11,0,0,75,482,19,8,33,14,16,6,3,20,1,13,5,3,4,1,9,2,0,0,0,4,455,12,1,7,0,0,199,4,0,0,0,2,2,1,0,1,0,0,2,0,3,0,8,14,15,0,5,0,13,0,29,3,7,1,1,9,0,0,0,3,0,6,6,6,1,14,12,3,1,3,0,1,0,0,2,7,0,0,1,1,1,0,4,0,4,1,0,2,37
2021,"Ealing 023","E02000260",9834,7429,293,0,10,3,4,25,524,2,14,7,23,4762,3,12,5,0,0,4,0,12,2,5,58,25,0,4,3,960,53,176,0,295,0,0,126,2,0,0,17,407,98,0,0,6,0,0,0,0,0,7,0,3,1,0,0,0,1,22,0,1,5,0,0,203,51,0,0,0,2,0,0,7,240,0,0,39,0,173,1,0,0,4,0,7,0,0,11,5,147,1,4,0,2,3,0,4,0,0,0,0,1,3,0,0,0,0,0,0,0,0,0,0,1,0,0,1,0,0,0,0,0,2,0,0,0,0,11,1,0,1,0,0,0,0,0,0,0,0,2,61,11,37,0,0,0,0,1,708,0,6,0,0,0,0,3,0,0,0,0,2,3,0,0,0,0,0,0,1,403,0,41,0,1,0,2,2,0,7,2,5,2,15,0,2,0,0,1,2,7,1,0,2,0,2,0,0,29,2,1,1,0,10,91,6,6,29,2,1,1,0,2,0,5,1,0,0,0,9,0,0,0,0,0,903,56,4,0,3,1,83,0,1,1,1,0,0,1,4,1,0,0,0,0,1,0,0,5,5,0,0,0,0,35,13,5,0,0,3,22,0,9,0,1,10,3,0,8,0,9,2,1,9,0,0,2,49,0,0,447,0,10,8,0,0,22,53,0,1,0,0,0,14
2021,"Ealing 024","E02000261",12639,1736,147,1,1,0,18,2,57,6,159,2,232,417,4,33,29,11,15,2,23,6,3,3,3,21,27,21,5,349,0,2,0,48,4,1,7,38,0,21,18,1085,352,0,9,13,0,3,10,4,22,22,0,80,5,1,1,1,0,69,0,1,8,0,1,384,52,1,14,2,8,0,1,21,637,8,0,113,0,454,1,4,0,10,2,14,1,0,19,11,882,1,0,2,0,11,0,7,2,4,1,10,7,5,0,1,1,0,4,3,2,1,16,0,31,2,0,1,1,0,8,5,1,1,1,3,0,19,66,1,0,8,0,2,3,0,3,0,3,0,41,194,125,180,2,9,1,2,91,6146,0,40,12,18,1,14,53,3,2,1,2,11,60,0,2,43,3,11,5,3,3012,5,570,5,72,2,26,90,43,11,29,56,11,222,0,207,2,7,2,8,28,1,4,1,0,25,14,2,167,16,8,1,0,169,347,120,177,127,29,40,14,3,9,2,99,22,1,14,2,10,7,0,9,0,14,2153,29,15,1,2,0,1498,11,2,0,1,1,1,3,4,7,3,0,2,0,2,1,1,24,9,1,5,0,100,1,94,4,5,3,6,45,0,3,0,6,1,0,34,7,3,58,12,7,0,7,3,1,1,0,4,5,0,30,0,1,4,5,1,3,8,2,0,0,66
2021,"Ealing 025","E02000262",9355,1101,90,0,1,0,20,11,65,0,102,1,104,272,0,24,40,0,10,11,6,0,2,1,5,10,3,16,4,223,0,1,0,24,4,0,7,19,3,12,10,669,193,1,8,11,0,0,13,2,35,11,1,24,1,0,0,0,0,26,0,0,1,0,1,230,60,7,8,0,10,0,0,26,397,9,0,45,1,305,0,0,1,2,2,11,1,0,9,11,707,0,2,6,1,5,2,5,2,3,1,6,0,5,1,0,9,4,3,1,3,3,9,1,26,4,3,0,3,1,0,2,4,2,0,3,0,0,91,4,1,5,3,1,6,0,0,0,2,1,14,186,113,105,2,11,0,2,40,5491,3,36,3,5,5,12,52,3,4,15,5,12,36,1,0,9,1,8,4,15,3198,3,337,27,63,2,34,87,1,4,13,18,5,270,0,140,3,10,0,16,33,0,11,0,1,30,3,3,82,14,5,10,0,101,319,66,80,65,28,24,15,3,11,5,63,6,3,14,0,18,7,0,0,0,11,990,10,15,6,1,4,559,4,1,0,1,1,1,0,0,1,0,0,0,0,5,0,3,10,10,2,0,4,35,0,46,4,1,8,0,83,1,0,0,7,0,0,21,5,4,35,10,0,1,13,2,1,0,0,4,1,0,11,0,11,2,3,0,0,5,0,1,1,36
2021,"Ealing 026","E02000263",13693,10785,310,1,8,2,0,26,684,3,20,1,22,6576,8,7,2,18,0,0,1,16,3,18,99,29,4,1,2,1784,33,166,3,598,0,0,298,0,0,0,42,699,196,1,0,3,0,0,9,10,2,5,0,6,13,0,0,0,0,20,0,0,1,0,0,338,74,0,15,5,1,0,0,0,283,7,0,53,0,199,0,0,0,4,0,2,1,0,13,4,210,3,9,1,1,1,5,7,1,6,0,0,0,2,0,1,0,0,0,0,3,0,0,0,1,0,0,0,0,0,0,3,0,0,0,0,2,0,18,1,1,0,0,0,0,1,0,0,0,0,3,55,28,45,0,2,1,0,9,548,0,1,0,6,0,3,3,0,0,0,0,0,3,0,0,0,0,0,0,1,290,0,30,0,4,0,0,2,1,7,1,3,0,28,0,6,0,0,0,3,12,0,0,0,0,3,0,0,13,0,0,0,0,13,46,8,11,16,2,0,1,0,1,0,2,1,0,3,0,4,1,0,0,0,19,1168,42,1,0,2,0,75,0,1,2,1,0,0,0,4,0,1,0,0,0,5,0,6,9,1,0,0,0,20,38,5,1,0,0,7,9,0,2,0,3,0,18,4,45,0,7,1,0,9,4,0,2,60,0,0,567,0,18,5,0,1,41,117,0,1,0,0,0,33
2021,"Ealing 027","E02000264",8492,1527,71,4,5,0,2,7,44,1,180,0,69,448,1,13,270,0,14,5,8,5,1,13,9,14,8,20,3,234,8,4,0,40,2,0,0,13,0,3,8,331,112,0,2,1,0,0,1,0,35,11,0,13,3,0,0,0,0,31,0,1,5,0,0,74,23,1,4,2,3,2,4,3,237,4,0,15,4,173,3,0,0,9,0,12,0,0,8,9,519,2,0,1,0,6,0,19,0,4,1,6,3,3,0,0,5,1,3,4,2,2,12,1,20,0,10,0,3,1,4,3,0,0,7,3,1,2,29,1,0,3,0,0,2,2,0,0,0,0,9,164,92,63,4,5,0,0,16,5194,0,26,2,3,3,14,59,2,0,4,2,9,31,1,0,15,1,6,5,14,2886,2,394,5,101,1,31,84,9,2,15,22,13,257,0,164,6,5,1,2,11,1,9,0,3,40,5,3,71,8,7,2,0,124,333,44,71,38,21,33,13,1,22,2,81,4,5,4,0,20,4,4,0,0,13,684,17,4,0,1,1,341,15,0,0,0,0,1,1,0,3,0,0,0,0,0,1,0,15,1,2,7,0,24,3,71,2,13,7,0,24,0,1,2,1,0,0,12,3,1,21,10,1,0,5,0,1,0,0,0,17,0,9,0,2,3,0,5,0,4,1,0,0,31
2021,"Ealing 028","E02000265",11226,1730,133,5,5,1,2,8,65,3,124,2,71,637,0,54,27,2,8,9,6,5,2,19,18,10,5,17,3,352,4,12,0,57,2,0,11,19,5,6,21,731,234,0,10,10,1,0,5,0,23,8,0,20,0,0,1,2,0,62,1,6,5,0,1,274,36,0,10,0,6,1,8,7,538,11,0,84,1,403,0,0,2,5,2,16,0,0,7,7,809,2,6,1,1,11,0,6,4,1,3,5,3,5,0,4,3,0,6,0,4,2,8,0,6,1,7,1,3,1,1,4,0,1,4,1,2,4,82,4,0,2,1,0,5,0,1,3,0,0,8,230,106,214,2,7,0,3,30,6428,0,23,0,15,0,15,52,3,0,3,3,23,44,1,0,18,3,7,1,12,3803,4,393,2,80,0,30,53,11,1,82,20,6,423,0,123,5,4,6,3,25,4,17,3,0,33,8,4,98,25,12,8,0,117,471,15,52,54,38,19,6,2,13,4,61,4,3,20,5,11,8,0,1,1,14,990,21,7,2,1,4,414,4,0,1,0,2,0,5,1,1,3,2,0,0,10,0,3,23,1,1,1,0,23,0,92,0,4,4,0,62,0,7,0,3,0,0,21,9,3,36,11,11,1,11,4,3,0,0,3,43,0,22,5,5,5,7,0,0,17,2,0,0,69
2021,"Ealing 029","E02000266",13108,5557,505,2,6,3,9,42,188,4,52,0,71,2986,6,26,5,5,5,3,4,14,9,7,91,20,5,7,2,1013,44,135,1,196,0,0,69,8,0,4,10,1964,469,3,0,11,0,0,16,2,33,13,0,30,7,0,0,0,0,78,0,2,3,0,6,1036,229,0,6,0,3,0,6,11,897,18,0,172,1,570,8,1,2,11,0,31,0,0,25,58,624,1,6,9,8,4,0,14,2,10,0,1,6,3,1,0,0,0,1,0,0,4,7,2,2,1,4,0,0,1,1,3,1,2,3,0,3,2,64,2,0,0,0,0,1,1,0,0,0,1,10,129,86,190,2,2,0,2,32,2622,1,65,1,3,0,6,13,0,0,0,5,5,22,0,0,1,0,1,3,2,1512,1,168,0,5,0,8,13,3,15,9,24,1,142,0,38,0,5,0,0,14,0,1,0,0,9,0,1,69,4,6,0,0,37,244,13,15,74,5,0,4,0,3,4,14,3,0,9,1,10,5,1,0,0,4,1444,80,12,0,0,0,407,1,5,1,1,1,0,3,2,0,0,0,0,0,1,0,1,5,22,0,0,0,14,11,38,3,1,3,2,43,0,8,0,0,0,16,20,24,1,65,13,0,2,0,0,2,35,0,4,390,0,61,15,3,1,22,49,0,8,1,1,1,45
2021,"Ealing 030","E02000267",8147,1054,75,1,10,2,1,3,20,0,92,0,68,393,0,11,11,0,4,0,5,3,1,24,31,2,2,2,9,168,0,1,1,50,1,0,15,18,2,4,24,461,130,2,0,9,0,1,1,1,8,3,0,9,0,0,1,0,0,41,0,0,0,8,0,190,28,6,10,1,2,0,1,9,361,5,0,41,3,287,0,0,0,6,0,5,0,0,5,9,505,0,0,0,2,6,3,7,0,3,0,1,4,0,4,0,2,2,0,1,0,0,6,0,6,2,1,0,0,0,1,3,4,0,9,0,1,1,37,4,0,4,3,0,0,0,0,0,0,1,8,137,77,145,3,1,0,1,15,5324,0,14,3,3,1,11,45,0,0,1,0,12,18,2,1,2,1,6,1,7,3262,0,287,3,34,0,21,23,10,2,13,30,1,445,0,42,2,0,0,4,20,2,9,1,0,21,3,1,107,10,5,0,0,67,502,26,42,71,15,12,7,0,19,4,21,3,1,15,0,4,7,0,12,1,9,442,16,2,0,3,1,149,1,1,0,0,6,0,2,1,2,0,0,0,0,1,0,2,11,7,0,5,0,24,0,26,1,4,4,0,29,0,2,1,0,0,0,8,8,4,15,2,1,0,8,1,28,1,0,0,8,0,10,0,5,2,0,0,0,14,0,0,0,26
2021,"Ealing 031","E02000268",9246,1206,55,2,3,1,7,3,19,0,139,0,24,482,1,67,102,0,5,0,5,3,1,5,10,9,6,9,1,145,0,5,2,56,2,4,1,17,0,7,8,338,96,0,0,5,0,1,0,0,6,9,1,15,4,0,0,4,2,27,1,0,6,0,0,124,20,2,6,0,2,0,2,5,280,1,0,31,2,228,1,0,0,1,0,4,1,0,5,6,590,0,1,3,1,5,1,6,1,4,0,0,1,6,0,1,4,1,11,1,0,2,8,0,10,8,5,0,0,4,2,4,3,0,2,0,1,5,25,1,0,0,0,0,2,0,2,0,0,2,12,199,55,141,7,8,2,1,32,6195,0,16,1,2,1,11,55,6,6,1,2,13,24,2,0,10,2,6,4,7,4132,7,320,4,74,3,29,66,16,1,17,30,4,293,3,107,10,0,0,4,11,1,25,6,3,49,8,2,110,8,18,2,0,80,261,29,36,64,23,27,8,3,10,1,57,1,9,29,0,9,9,0,0,0,7,637,10,1,0,2,1,288,8,0,0,1,4,0,0,2,5,2,0,0,0,1,0,1,12,3,3,6,0,24,5,50,0,4,10,2,30,2,6,2,0,0,0,13,0,0,21,8,3,0,4,5,1,0,0,0,8,0,11,8,5,3,0,6,1,5,0,0,1,49
2021,"Ealing 032","E02000269",8160,964,24,1,2,3,3,3,25,2,149,1,19,432,3,13,41,2,10,4,3,4,3,4,12,10,1,5,1,90,3,2,2,49,5,0,8,15,0,3,7,172,71,0,1,5,0,1,1,0,18,4,0,17,2,0,1,1,0,14,0,0,3,0,4,22,4,1,1,0,1,0,0,0,177,2,0,15,0,136,0,0,0,4,0,2,1,0,10,7,482,0,2,0,1,2,0,5,0,5,0,4,0,2,2,2,5,0,2,0,1,4,10,0,14,0,4,1,1,0,0,1,5,0,0,0,2,6,24,6,0,2,0,0,2,3,3,0,0,0,6,213,49,61,3,4,1,2,22,5949,1,20,1,4,1,12,51,5,0,3,4,16,24,0,1,1,4,5,3,11,3910,4,386,2,98,0,29,34,7,1,15,15,3,368,1,120,10,0,0,1,8,1,5,0,0,43,4,2,78,3,13,0,0,70,294,16,44,35,24,8,12,2,19,8,51,7,1,11,0,10,0,0,0,1,8,416,0,3,1,0,0,138,3,2,0,0,2,1,1,1,2,0,0,0,0,0,0,1,13,0,1,11,0,15,10,21,2,2,15,1,23,0,8,1,0,0,1,7,3,0,15,40,1,0,3,2,1,0,0,0,15,1,1,0,3,2,6,1,0,6,1,0,0,29
2021,"Ealing 033","E02000270",9628,1287,181,2,0,1,10,7,37,0,228,0,87,323,5,49,31,2,6,2,5,2,2,3,5,16,11,10,2,147,0,5,0,48,6,2,12,16,0,15,9,1270,300,1,3,23,0,0,15,2,21,10,0,64,12,0,1,0,4,108,0,0,0,0,0,557,115,5,4,0,10,2,0,13,588,10,0,162,1,371,0,0,0,3,1,15,0,1,14,10,552,1,2,0,0,13,1,6,1,3,0,8,4,4,2,0,0,1,3,4,3,0,4,1,20,2,1,0,0,0,0,0,4,0,5,1,3,1,45,2,0,0,3,0,3,0,0,1,0,0,10,121,92,136,0,8,0,3,30,4927,2,20,1,0,1,15,35,0,4,1,5,22,33,4,1,14,0,6,4,6,2746,1,350,6,64,0,33,63,7,3,15,29,8,210,0,147,7,8,0,8,22,0,3,0,1,26,6,4,92,11,5,10,0,112,311,63,63,67,27,15,11,2,21,3,66,24,3,19,0,23,9,0,2,0,27,1004,25,9,0,7,1,492,6,1,0,0,5,0,3,12,4,1,0,0,0,2,0,2,10,3,1,0,0,52,0,75,3,7,5,2,55,0,4,0,5,1,0,30,12,0,18,9,3,3,8,2,0,2,1,0,12,0,38,3,5,4,0,8,1,12,1,0,5,34
2021,"Ealing 034","E02000271",6960,551,23,0,1,1,1,3,5,0,107,0,34,190,11,9,27,0,6,0,2,0,0,2,2,5,8,3,4,59,0,0,1,19,7,1,3,3,0,5,9,150,70,0,0,3,0,0,0,0,2,9,0,11,0,0,0,0,0,16,0,0,0,0,0,32,0,0,3,0,2,0,0,2,173,0,0,12,0,153,1,0,0,1,0,1,0,0,5,0,439,0,0,2,0,3,2,3,0,2,0,4,9,2,0,2,4,0,2,4,3,0,7,0,12,0,4,0,0,1,3,0,4,2,1,0,0,2,21,7,0,1,0,1,2,1,1,0,0,0,4,177,54,60,2,8,1,0,21,5289,0,14,0,2,1,4,80,2,1,4,2,40,16,0,0,7,0,7,7,11,3445,0,302,5,93,1,48,55,7,0,20,17,16,232,0,96,22,2,0,8,22,2,6,4,0,89,2,3,47,4,11,0,0,80,168,16,40,20,26,10,12,5,26,11,54,21,4,16,0,11,1,0,1,0,10,358,3,0,0,0,0,143,3,1,0,0,0,2,2,3,2,0,0,0,0,1,0,0,7,0,2,5,0,25,0,37,1,2,7,1,9,0,0,2,2,0,0,2,1,0,13,0,3,3,0,0,0,0,0,2,1,0,8,0,3,1,0,0,0,9,0,0,3,49
2021,"Ealing 035","E02000272",6715,964,28,5,10,0,0,5,24,0,144,0,26,432,0,13,28,0,2,0,5,4,5,0,22,5,3,3,2,136,2,8,0,28,1,0,7,13,0,1,2,180,54,1,0,1,0,0,0,0,4,0,0,3,2,0,0,0,0,22,0,0,0,0,0,64,15,0,2,0,0,0,3,9,186,0,1,21,0,152,0,0,0,2,0,6,0,0,1,3,437,1,4,0,2,4,1,4,2,5,0,0,1,1,2,3,3,3,4,2,0,0,7,0,7,1,3,0,0,0,0,3,1,0,2,3,0,3,18,3,0,1,0,0,4,0,0,0,0,0,3,177,42,94,5,2,1,0,15,4659,0,4,0,0,0,6,25,3,0,1,4,4,16,3,1,2,0,4,1,8,3280,0,240,3,57,2,18,16,19,2,9,19,4,333,0,47,12,0,0,1,8,0,11,1,1,23,0,1,63,2,12,2,0,45,195,14,10,19,20,17,3,0,5,9,28,2,3,3,0,8,1,1,0,0,8,289,11,2,0,0,1,94,3,0,0,0,0,0,0,3,11,0,0,0,0,0,0,2,3,1,1,3,0,13,0,12,1,1,10,0,11,0,0,0,2,0,2,4,4,3,35,3,0,0,1,0,4,0,0,1,11,0,0,0,1,1,1,2,1,4,0,0,0,26
2021,"Ealing 038","E02000275",8172,5483,338,0,6,3,0,20,101,0,17,5,10,3924,2,7,2,1,0,0,1,7,1,0,20,7,1,7,2,596,50,187,0,77,0,4,49,1,0,7,30,400,124,0,0,3,0,6,2,0,3,3,1,1,3,0,0,0,0,18,0,0,1,0,0,180,45,0,6,0,1,0,3,0,220,2,2,28,0,170,0,0,0,4,0,7,0,0,4,3,171,0,1,1,1,1,0,7,0,0,0,2,1,0,0,0,0,0,6,0,0,5,2,0,1,3,0,0,0,0,0,0,0,0,0,0,0,0,19,0,0,0,1,0,0,0,0,0,0,0,2,68,16,30,0,0,0,0,4,789,0,4,1,1,1,0,2,0,0,0,0,0,10,0,0,1,0,1,0,0,521,0,33,0,0,0,2,1,0,0,0,8,0,61,0,10,0,4,0,0,3,0,0,0,0,0,0,0,3,0,1,0,0,12,57,7,3,21,5,5,1,0,1,0,3,0,0,1,0,2,0,0,0,0,3,1109,77,3,0,0,0,111,0,0,4,0,0,0,0,2,0,0,0,0,0,3,3,0,1,5,0,0,0,8,28,8,0,0,0,0,11,1,4,0,1,1,2,0,17,0,5,1,0,3,2,2,13,48,0,1,653,0,20,4,1,0,12,25,0,5,0,0,0,24
2021,"Ealing 039","E02000276",6761,777,31,2,1,0,5,5,32,1,107,0,42,303,3,1,33,0,7,5,1,6,0,0,13,5,9,0,7,76,0,0,1,47,4,0,7,13,1,3,6,313,83,1,4,4,3,2,2,0,10,2,0,12,2,0,0,2,1,87,0,0,1,0,0,63,13,5,1,0,0,5,4,6,161,8,0,16,0,125,0,0,0,4,1,3,0,0,0,4,450,0,0,0,0,0,1,3,3,0,0,4,4,4,3,0,11,1,3,2,0,4,5,1,6,0,1,0,1,3,0,0,0,0,2,0,0,0,35,9,0,2,0,1,0,1,0,1,0,0,5,183,58,72,2,4,0,0,15,4761,0,22,1,2,1,6,39,2,0,1,0,12,36,0,2,8,2,5,3,5,2935,1,295,2,52,0,29,33,5,0,13,20,3,301,1,163,6,0,0,4,11,1,6,0,3,18,2,4,103,7,15,4,0,63,203,33,49,61,22,8,6,1,21,4,44,7,4,14,0,20,4,2,7,2,2,299,4,0,2,0,1,117,3,0,5,1,0,5,1,1,4,1,0,0,0,1,0,1,3,2,0,3,0,20,1,22,2,5,1,0,14,1,3,0,1,1,0,9,0,0,30,3,2,1,2,0,0,1,0,0,0,0,1,0,0,4,0,3,2,3,0,1,0,11
2021,"Enfield 001","E02000277",7526,497,10,1,0,0,1,1,138,2,36,0,20,106,0,7,1,0,0,11,3,18,7,1,2,5,1,0,0,37,0,1,2,21,0,2,8,2,31,17,5,1074,380,6,0,50,6,0,79,0,36,2,0,148,0,0,13,0,5,193,0,0,1,1,6,74,0,3,2,0,52,1,10,6,785,8,3,154,0,546,6,0,5,16,7,15,0,0,16,9,520,4,1,0,2,2,0,12,4,5,2,0,1,2,0,0,1,0,6,1,11,2,49,0,3,0,0,0,0,3,0,2,4,0,2,1,0,0,38,2,0,0,1,0,3,0,0,18,5,1,1,51,100,139,0,6,0,1,34,3634,0,46,0,0,0,0,2,0,0,0,0,0,43,0,0,0,13,0,0,0,2420,0,107,1,1,0,2,16,62,8,7,18,0,90,1,89,5,17,20,1,15,0,7,0,0,1,0,0,51,0,1,0,0,43,95,5,38,86,4,1,4,0,3,2,5,0,0,205,65,11,0,0,1,0,22,1016,6,17,0,7,1,27,0,0,0,0,0,13,4,7,0,0,0,16,0,1,0,2,37,2,5,44,0,7,3,15,13,0,2,0,186,1,33,0,0,19,1,10,9,0,10,11,3,0,6,0,3,8,0,0,3,0,13,0,8,3,0,3,0,251,170,3,1,32
2021,"Enfield 002","E02000278",9432,714,12,3,0,0,0,7,164,5,64,3,21,139,0,19,5,0,3,17,1,31,0,0,4,4,0,3,0,67,0,0,0,22,0,0,13,1,66,17,23,1440,491,8,0,72,0,0,86,3,32,10,7,206,2,0,9,2,1,209,2,1,0,0,9,218,7,1,1,0,44,1,7,11,836,21,0,199,0,537,4,3,6,12,3,19,1,4,10,17,637,0,1,0,0,0,0,20,3,7,0,0,7,11,0,0,0,0,2,3,2,1,20,2,9,0,2,5,0,4,0,8,3,0,0,0,4,0,44,2,1,0,1,0,5,1,2,16,6,0,5,72,79,163,0,0,2,4,120,4449,0,32,0,2,0,0,5,0,0,0,1,4,89,0,0,4,28,1,0,1,2970,1,106,0,0,0,1,16,78,25,0,14,1,64,0,81,3,19,43,3,19,0,2,0,3,1,1,0,41,3,2,0,0,85,92,11,16,100,3,0,4,0,3,5,5,0,0,365,81,4,1,0,0,0,10,1356,13,8,0,9,5,46,0,0,0,3,1,32,7,0,1,0,0,25,0,0,1,14,23,0,7,43,0,11,0,15,0,0,0,0,283,1,27,0,0,37,0,4,0,4,6,6,3,0,8,0,10,0,1,8,0,0,25,2,10,0,0,22,0,451,137,4,0,43
2021,"Enfield 003","E02000279",12310,919,61,0,0,0,0,7,150,6,57,5,20,201,0,47,1,0,0,16,3,38,0,6,1,9,4,5,2,105,0,6,1,49,1,1,14,11,47,27,18,2387,858,4,3,87,0,4,167,13,46,27,3,334,17,1,58,5,0,393,2,0,8,3,7,206,22,6,0,2,55,1,23,32,1396,38,0,313,2,925,21,8,3,29,4,29,0,0,4,20,878,4,3,3,0,3,0,12,8,5,3,4,5,9,1,0,0,2,4,4,6,4,12,6,13,0,0,0,0,7,0,13,3,0,1,8,1,0,60,3,3,0,1,2,4,5,1,13,8,0,1,89,171,332,0,1,0,0,40,5056,0,56,0,0,0,1,4,1,0,1,0,10,61,1,0,0,19,23,1,2,2993,0,455,0,6,0,10,32,50,17,8,34,4,79,0,53,3,33,62,5,23,2,5,0,1,7,1,0,65,8,2,1,0,84,145,23,40,112,2,0,6,4,2,1,18,1,0,350,100,4,7,3,0,0,15,1674,12,8,3,12,4,141,0,0,0,2,0,34,5,10,4,0,0,17,0,0,0,2,74,3,7,31,0,22,3,19,7,0,0,0,341,0,51,0,9,28,0,3,2,2,32,12,5,0,5,0,2,0,0,29,5,5,14,1,4,4,2,3,1,433,197,4,0,60
2021,"Enfield 004","E02000280",8631,400,5,3,2,1,0,4,58,0,29,0,25,147,0,27,3,0,0,6,3,8,0,0,0,1,2,0,2,13,0,5,0,27,0,0,7,1,17,1,3,446,189,4,0,22,0,0,34,5,6,1,0,47,3,0,2,1,0,40,0,1,0,0,0,64,7,0,1,0,4,1,10,4,348,10,3,81,0,210,1,2,0,14,0,13,0,0,8,6,521,0,1,0,0,0,2,0,0,6,0,0,4,1,0,1,0,2,8,6,0,4,29,14,2,0,0,0,2,2,0,1,8,0,3,0,0,1,25,5,0,1,1,0,2,0,0,6,5,0,1,110,74,159,0,2,0,5,28,6336,0,34,0,1,3,0,6,0,0,0,0,1,41,1,3,5,5,3,1,9,5221,0,135,1,9,2,6,37,76,1,1,5,1,212,0,34,5,9,25,1,10,4,13,0,0,5,0,0,47,4,4,0,0,66,42,15,7,37,10,2,3,0,3,2,10,2,2,113,29,4,0,1,1,0,6,580,0,4,1,4,0,34,0,0,0,1,1,0,1,1,0,2,0,2,0,0,0,3,27,0,5,75,0,11,0,13,1,1,8,0,108,0,13,0,0,9,0,0,0,2,5,6,1,0,1,0,1,0,0,0,0,0,4,0,1,1,0,6,0,150,50,1,0,26
2021,"Enfield 005","E02000281",9643,894,35,2,0,0,5,9,101,0,53,2,33,361,0,9,0,3,1,1,4,25,0,2,1,11,9,0,0,63,0,0,1,85,0,3,24,5,26,12,8,973,320,5,0,43,3,0,70,1,3,5,6,167,9,0,3,3,0,144,0,2,1,2,8,115,12,0,0,0,19,0,22,10,686,13,1,169,0,430,11,3,5,11,3,13,2,0,3,22,706,0,1,0,1,0,3,18,1,4,0,1,8,6,1,1,1,1,0,3,4,1,32,6,3,0,3,0,0,7,0,7,11,0,8,0,0,0,49,3,0,0,1,0,3,1,4,15,5,0,2,103,99,252,1,2,2,2,30,5194,0,94,0,4,0,5,9,0,1,0,0,1,41,2,0,2,18,4,4,6,3704,0,151,0,2,0,4,38,136,3,0,8,3,148,3,21,3,20,22,0,14,2,7,2,0,1,0,0,76,2,2,0,0,67,124,9,28,65,5,0,7,3,3,0,17,3,0,203,79,2,5,0,0,1,10,1190,3,4,4,15,0,62,0,2,0,2,1,14,1,5,0,1,0,4,0,2,1,8,31,3,12,76,1,11,1,32,1,1,0,0,142,0,58,0,0,18,0,6,6,0,14,4,3,0,3,0,2,0,0,3,6,3,6,0,6,1,6,7,0,205,350,0,1,42
2021,"Enfield 006","E02000282",9962,903,39,1,0,0,1,2,307,3,49,4,34,143,0,37,0,3,2,5,0,35,0,1,0,5,0,4,4,48,0,0,0,49,0,1,16,4,52,31,23,1878,589,4,0,80,0,1,194,0,35,8,0,316,2,0,5,0,1,216,1,0,1,7,5,238,2,0,0,0,15,2,14,142,947,23,3,202,3,583,3,12,1,13,5,28,0,0,12,59,565,1,3,5,0,1,0,7,0,4,1,0,10,2,0,0,2,0,2,4,3,12,13,5,3,0,0,3,0,4,0,4,3,0,1,1,0,1,40,2,0,3,1,0,2,1,0,7,11,0,1,49,104,208,0,0,2,4,35,4209,1,106,0,2,0,0,1,0,2,0,0,1,64,0,0,0,19,3,1,0,2592,0,103,1,3,0,3,47,100,19,1,13,1,93,0,47,1,39,50,6,17,0,6,0,0,0,0,0,63,11,1,0,0,69,116,8,44,79,3,9,8,0,0,0,5,0,2,352,72,3,2,2,0,0,18,1460,12,8,0,12,0,81,0,0,1,4,0,32,6,4,0,1,0,13,0,0,2,1,37,1,9,41,0,33,1,24,11,0,1,0,326,0,23,0,2,35,0,5,11,5,9,3,4,1,3,0,0,0,0,14,0,6,9,1,12,2,0,5,0,467,141,1,0,40
2021,"Enfield 007","E02000283",8533,801,48,0,0,0,0,0,208,2,23,0,32,142,0,17,1,3,0,22,0,48,0,0,0,8,0,0,1,83,0,0,0,53,0,0,19,2,55,20,14,1116,417,6,0,47,1,0,72,2,57,4,1,181,10,0,6,2,1,176,1,0,0,0,5,73,2,1,5,5,26,0,12,3,871,22,0,172,0,625,9,4,0,13,2,13,0,0,1,10,501,0,2,2,0,0,3,8,0,9,0,2,4,5,0,1,3,0,2,2,2,2,21,6,6,3,0,1,0,1,0,6,3,0,0,0,0,0,32,2,0,0,0,0,0,1,5,14,3,0,3,72,71,178,0,0,3,0,23,3963,0,56,0,0,0,0,1,0,1,1,0,2,37,0,0,0,22,16,1,0,2476,0,116,0,2,0,0,35,119,10,5,7,0,89,0,87,1,16,31,3,20,0,1,1,0,0,0,0,50,5,1,0,0,55,132,15,17,93,1,0,6,0,0,1,7,1,0,286,115,2,0,0,2,0,18,1281,2,3,1,6,0,70,0,0,0,0,6,26,1,6,2,0,0,13,0,0,0,3,40,6,8,78,0,12,3,15,10,0,0,0,224,1,36,0,0,39,0,3,3,4,13,10,5,0,2,0,6,0,0,9,2,0,15,0,10,0,7,5,0,364,183,0,0,29
2021,"Enfield 008","E02000284",8746,588,6,0,1,3,0,3,102,0,83,0,36,197,1,16,6,0,0,0,2,23,3,4,0,0,2,2,6,27,0,0,0,38,0,0,5,9,4,3,6,394,172,0,0,16,0,0,13,0,0,0,0,36,3,1,3,0,3,64,0,1,0,0,0,55,4,5,0,1,8,0,6,3,414,15,0,86,0,294,0,0,0,7,0,12,0,0,0,0,601,3,1,1,1,4,6,4,0,5,3,4,2,6,5,0,0,1,5,1,3,0,20,1,6,1,1,0,6,4,0,4,4,1,2,0,2,0,46,2,0,1,1,0,2,0,2,14,5,0,1,153,77,161,0,2,1,1,25,6265,0,58,0,1,0,0,17,1,0,2,0,6,53,0,1,1,4,7,1,3,4748,2,254,2,22,0,12,76,63,0,3,10,1,267,0,52,7,21,14,2,20,0,13,0,0,6,1,0,64,9,9,0,0,38,137,26,16,67,13,3,1,1,5,2,11,0,0,77,21,3,5,0,0,0,6,484,0,1,2,13,2,43,0,0,0,0,1,3,3,1,2,1,0,3,0,1,0,2,22,7,8,56,0,14,3,17,1,1,7,0,44,1,22,0,0,7,0,2,8,4,11,3,3,0,3,0,4,0,0,4,0,0,1,0,4,0,1,3,0,77,48,1,0,19
2021,"Enfield 009","E02000285",6629,557,0,0,5,2,0,1,67,2,56,2,11,236,1,9,1,0,1,10,1,18,0,3,1,4,3,0,2,49,0,0,0,43,0,1,7,0,1,7,13,187,65,0,0,2,0,0,7,0,2,0,2,30,2,0,6,1,0,46,0,0,0,0,1,15,0,0,0,0,0,4,2,2,277,2,0,53,0,195,2,0,1,7,4,10,0,0,0,3,352,0,1,0,0,0,3,11,1,0,0,0,4,8,0,3,7,1,3,0,3,0,17,9,3,0,1,0,1,0,0,1,7,1,2,0,1,0,12,0,1,1,0,0,1,1,0,0,3,0,0,78,37,110,0,2,0,1,17,4847,0,39,0,0,0,0,9,0,0,0,0,3,33,0,0,0,15,2,0,7,3662,0,127,2,7,0,6,41,134,8,3,13,6,310,0,45,3,2,10,2,4,0,9,0,0,3,0,0,15,3,5,1,0,38,60,5,6,45,1,1,3,0,3,0,12,2,0,68,62,0,2,0,1,0,9,409,0,1,0,4,0,32,0,0,0,1,0,0,0,3,5,0,0,13,0,1,0,8,12,1,5,79,0,5,3,0,2,2,1,0,51,0,14,0,0,4,0,0,0,0,2,1,2,0,0,4,3,0,0,0,2,0,0,0,1,2,1,7,0,40,82,0,0,15
2021,"Enfield 010","E02000286",8678,718,11,9,1,0,0,5,43,0,91,1,27,291,0,23,7,0,2,3,1,25,3,1,0,8,1,0,0,55,1,0,7,64,0,0,2,5,7,12,12,330,139,0,0,3,1,1,13,0,0,0,0,45,2,0,2,0,0,75,1,3,1,0,3,20,0,1,0,0,7,0,10,3,274,6,0,59,0,174,5,2,0,5,4,12,0,0,3,4,540,1,0,0,0,1,3,4,0,3,2,2,5,4,1,0,1,0,2,0,0,1,10,4,3,0,6,0,0,2,0,4,1,0,2,1,5,0,30,2,1,2,3,0,4,4,0,4,10,0,3,127,56,96,0,1,1,0,128,6233,1,53,1,0,0,1,6,2,1,2,0,1,40,0,1,0,18,8,2,1,4751,0,196,4,11,1,13,84,152,1,4,13,5,209,0,46,15,10,7,3,10,2,14,0,0,7,3,2,33,4,2,2,0,67,100,17,26,45,10,0,8,2,3,3,13,5,1,114,63,1,5,0,0,0,8,583,0,8,0,2,0,27,0,1,0,4,3,2,1,5,0,2,0,1,3,0,0,5,29,9,4,77,0,22,3,51,1,0,13,3,68,0,23,0,0,5,0,0,8,1,3,1,2,0,1,1,0,0,0,0,0,0,2,0,1,1,0,3,0,68,96,0,0,23
2021,"Enfield 011","E02000287",7359,1109,16,5,0,2,0,2,44,2,109,1,16,603,0,31,14,0,0,1,3,12,9,0,5,7,0,0,4,86,1,0,2,70,0,1,19,1,13,18,12,212,77,0,0,7,0,1,4,0,1,1,0,15,1,0,0,4,0,73,0,0,0,0,1,1,0,1,3,0,9,1,7,5,125,2,0,22,0,86,0,5,0,5,0,3,0,0,0,2,417,0,1,0,2,1,2,6,2,2,4,1,2,2,3,0,2,1,0,5,4,2,24,5,2,0,0,0,0,1,0,1,0,1,1,1,0,3,29,0,0,0,0,0,0,0,1,1,5,0,3,128,63,80,3,1,2,0,20,4697,0,38,0,0,0,6,10,1,0,7,0,6,68,0,0,3,28,1,7,4,3147,2,180,3,13,0,10,109,309,0,2,3,10,174,1,54,84,7,3,0,1,0,7,1,0,9,1,1,30,7,9,0,0,53,34,3,4,40,16,4,3,2,4,1,8,4,0,76,65,6,5,2,2,0,9,799,4,1,1,9,0,40,1,0,0,1,4,13,0,8,12,0,0,11,0,0,0,1,23,1,10,232,0,11,2,64,3,0,30,0,31,0,8,0,0,4,0,3,2,0,8,5,4,0,0,0,0,0,0,1,8,0,0,0,0,0,2,6,0,71,115,6,0,43
2021,"Enfield 012","E02000288",12784,2401,44,0,4,0,0,7,1360,7,49,1,51,208,0,16,3,4,0,11,0,68,1,2,1,14,7,5,1,325,0,4,2,81,0,0,15,16,53,29,12,2738,634,7,0,41,4,2,230,1,21,18,0,207,8,0,9,6,0,266,4,0,1,0,5,1206,10,2,1,0,15,0,21,19,1052,18,1,220,0,726,6,11,4,13,4,27,2,0,5,15,564,1,0,2,2,0,8,16,1,9,2,6,10,7,0,0,0,1,3,0,2,3,17,2,4,1,1,0,0,9,0,3,0,0,2,0,1,0,56,0,0,0,3,0,0,1,0,13,3,0,2,88,106,139,0,2,4,0,34,4358,0,108,0,0,0,0,1,0,0,0,0,0,115,2,0,0,11,15,0,0,2496,2,143,0,1,3,2,41,113,10,4,18,5,120,0,85,1,38,60,0,4,2,1,1,0,1,4,1,57,7,2,0,0,82,149,4,55,97,9,0,12,0,0,0,6,0,1,353,85,6,4,0,0,0,21,1671,5,7,0,16,0,79,0,2,8,3,0,48,8,3,0,0,0,6,0,0,0,6,44,8,8,84,2,84,1,25,3,1,7,0,295,2,65,0,1,36,3,7,5,8,4,3,2,4,16,0,3,0,4,8,2,0,10,1,7,2,5,10,0,465,184,5,3,53
2021,"Enfield 013","E02000289",6775,944,10,0,2,0,0,3,115,4,65,0,9,482,1,21,5,0,0,4,0,24,3,2,5,5,2,0,0,75,0,3,4,56,0,0,23,3,13,0,5,195,71,5,0,6,0,0,5,0,1,0,0,33,0,0,0,1,0,50,0,0,0,0,1,17,0,0,3,0,0,0,2,0,179,1,0,17,0,142,0,1,0,1,4,10,0,0,0,3,394,0,2,3,2,0,0,8,0,6,0,0,2,1,0,0,1,2,2,0,0,3,16,6,1,0,2,1,4,1,0,2,8,2,0,2,0,0,20,1,0,0,0,0,1,1,0,6,9,0,6,125,32,84,2,0,4,0,26,4286,0,25,0,1,1,0,7,0,1,1,0,4,36,1,0,1,26,1,1,7,3016,1,86,2,2,0,9,59,374,4,4,2,5,168,1,58,18,2,8,2,4,1,7,4,0,3,1,0,21,1,4,0,0,36,42,10,0,29,7,4,4,0,1,1,13,3,1,84,60,1,6,3,0,0,1,777,6,0,0,1,0,40,1,0,0,0,0,2,2,11,1,0,0,23,0,0,3,2,31,0,3,228,0,11,9,25,3,0,21,0,35,0,22,0,0,4,0,7,0,2,7,2,0,0,2,0,1,0,0,5,0,0,0,3,4,2,2,4,1,66,149,0,0,36
2021,"Enfield 014","E02000290",6680,948,37,0,0,0,0,0,443,0,34,0,38,126,0,13,0,1,0,2,1,15,2,0,0,12,0,5,0,136,4,0,0,16,0,0,12,1,40,3,7,1252,432,6,0,39,6,0,92,0,24,11,3,158,7,0,9,1,1,168,2,2,1,5,5,225,12,2,0,0,20,0,9,12,732,15,0,191,0,450,5,9,3,13,2,18,0,0,5,21,414,3,6,1,0,2,0,16,2,7,5,0,4,2,0,0,0,0,0,3,0,1,12,5,0,1,0,1,0,7,0,10,0,0,1,0,0,0,43,0,1,0,1,0,0,0,0,11,3,0,4,31,72,126,0,1,0,1,31,2312,1,42,0,2,0,0,1,1,0,0,0,0,56,0,0,1,7,9,0,1,1302,0,100,2,4,0,0,23,26,15,2,21,3,49,0,24,0,11,24,2,8,0,1,0,1,2,0,0,25,0,1,2,0,35,69,13,20,81,3,5,3,0,4,0,15,0,1,234,46,0,0,1,0,0,13,1022,4,5,0,7,0,94,0,0,2,0,0,23,3,3,1,0,0,7,5,0,0,0,30,19,2,28,0,56,2,11,4,0,0,0,142,0,43,0,1,17,0,4,0,6,10,10,1,1,4,0,2,0,0,7,0,0,15,5,5,0,5,7,0,293,105,0,2,31
2021,"Enfield 015","E02000291",10159,827,20,0,0,2,0,6,146,5,116,5,37,213,1,16,8,0,3,10,5,13,3,0,0,17,4,4,1,60,0,0,0,53,0,0,11,10,25,14,19,858,349,9,0,38,0,0,45,0,9,13,1,81,12,0,4,1,0,125,0,4,0,2,5,105,8,1,7,0,21,1,8,9,599,17,3,129,1,385,10,6,1,13,2,12,4,2,3,11,738,2,0,1,0,1,3,7,0,6,0,4,8,12,1,0,0,2,6,1,9,3,31,5,3,1,2,3,0,4,0,8,5,0,4,0,3,0,52,8,0,0,3,0,1,2,0,27,3,1,1,159,107,207,0,3,0,3,26,6179,0,174,0,3,0,1,9,1,8,0,0,10,117,4,1,7,8,9,4,3,3923,1,295,3,16,1,11,147,134,11,8,23,6,216,1,74,12,22,28,4,8,1,6,0,1,9,1,1,84,0,3,2,0,95,192,9,54,74,14,1,7,0,8,0,24,4,1,220,40,0,1,1,1,0,22,958,4,1,0,22,0,99,0,0,0,2,4,12,1,1,1,3,2,10,2,3,2,9,32,2,11,61,0,37,0,36,9,0,7,0,141,0,21,0,0,7,0,10,6,4,15,5,3,0,3,0,1,0,0,0,1,0,3,0,1,1,1,9,0,190,110,5,0,48
2021,"Enfield 016","E02000292",9839,1037,22,0,2,0,0,4,217,1,92,1,38,298,4,16,7,6,1,5,3,59,0,0,1,10,0,3,1,90,0,0,1,55,1,7,26,7,23,17,19,801,279,6,0,26,0,1,40,0,9,7,0,78,2,0,2,5,0,207,0,0,1,0,3,107,3,0,0,0,14,0,1,10,737,11,0,122,0,547,4,5,1,12,2,24,0,0,1,8,709,4,0,2,0,0,1,15,2,8,1,0,2,3,0,0,2,5,3,2,3,4,26,7,10,1,1,3,0,12,1,4,3,0,5,1,2,0,54,0,1,0,0,0,1,0,0,15,6,0,6,145,92,208,3,6,0,1,38,5350,0,140,0,0,1,0,5,3,1,1,0,8,112,0,0,1,23,3,0,1,3375,0,224,0,8,0,3,85,160,11,4,25,1,229,0,59,2,19,18,11,14,0,6,0,0,5,0,0,53,10,5,0,0,83,145,17,24,94,14,1,4,0,10,0,24,3,0,159,120,5,2,1,3,0,15,1205,9,7,2,14,0,49,0,2,0,1,7,87,0,10,0,0,0,21,0,1,1,3,21,0,11,123,0,45,4,30,11,1,4,0,101,0,31,0,0,10,0,11,1,5,13,12,2,0,5,0,1,0,0,9,5,0,4,0,0,4,0,22,0,234,227,0,0,44
2021,"Enfield 017","E02000293",6394,654,2,0,8,0,0,0,23,4,71,1,4,337,0,10,4,0,2,0,0,9,3,3,0,1,1,0,0,87,0,0,6,53,1,0,8,0,9,2,5,141,60,0,0,1,0,1,7,0,3,3,1,18,0,0,1,1,0,36,0,0,0,0,0,1,0,0,0,0,1,1,4,2,186,0,0,26,0,140,0,1,0,1,1,16,0,0,0,1,310,0,0,2,2,2,0,6,0,1,1,0,1,5,1,1,6,0,0,4,5,0,29,4,2,0,0,3,0,1,0,3,0,0,0,0,0,2,10,0,0,0,0,0,2,0,0,9,7,0,1,90,30,66,0,0,0,0,14,4607,0,36,0,0,0,0,9,1,0,0,0,3,21,0,0,2,20,0,2,2,3391,0,126,1,6,0,7,51,224,6,2,4,1,230,1,52,11,3,21,0,1,0,9,0,0,10,0,1,37,4,7,0,0,47,58,8,10,8,7,0,3,1,6,4,8,0,0,72,58,5,2,0,0,0,8,496,4,0,2,2,0,34,0,0,0,4,2,0,0,5,4,0,0,7,0,2,0,2,24,4,8,117,0,18,0,25,6,1,6,0,25,1,14,0,0,4,0,0,0,0,4,3,2,1,1,0,0,0,0,0,5,0,0,0,4,1,3,4,0,39,94,0,0,14
2021,"Enfield 018","E02000294",9373,1314,53,0,1,0,0,12,521,4,27,0,29,272,0,15,2,1,0,7,1,61,2,3,0,8,5,3,0,118,0,0,0,66,0,4,24,2,49,16,8,1575,537,8,0,71,0,0,67,9,71,12,1,246,0,0,4,15,0,236,0,0,11,4,10,197,30,2,5,0,24,0,8,7,1092,17,0,245,1,748,7,4,5,8,1,42,1,0,5,8,407,3,8,0,0,3,2,22,1,2,0,2,5,5,0,1,0,1,1,4,2,0,21,2,3,1,2,2,0,5,0,9,3,0,2,5,0,0,25,1,0,0,0,0,1,3,0,9,3,0,3,59,58,116,0,0,0,0,12,3433,0,58,0,0,0,0,4,0,0,0,0,0,133,0,0,0,35,5,3,0,1866,0,125,0,0,0,2,18,102,19,0,11,3,78,0,74,7,16,37,0,15,2,1,0,1,2,0,0,58,0,2,0,0,72,95,20,38,94,3,0,3,0,0,0,6,0,0,281,131,3,0,1,0,0,9,1552,9,8,0,23,3,75,0,2,0,0,1,74,2,3,2,2,0,6,5,0,3,3,45,4,3,64,0,62,7,11,7,0,0,3,225,0,71,0,0,35,0,1,6,0,9,5,1,0,9,0,0,0,1,9,1,0,38,2,6,1,14,19,0,436,191,0,1,44
2021,"Enfield 019","E02000295",8679,1215,8,3,4,3,0,5,56,3,173,0,17,552,0,49,8,3,0,3,2,20,4,0,1,12,1,1,8,109,0,2,0,97,1,0,24,6,4,15,21,311,111,0,0,19,3,0,18,0,0,0,0,38,1,0,0,1,1,58,0,0,1,0,0,28,16,0,1,1,6,2,2,4,263,4,0,41,0,201,0,0,0,4,0,8,1,0,0,4,595,0,0,0,1,1,0,1,1,3,0,0,1,5,2,1,2,0,1,3,4,7,17,15,11,2,1,0,0,1,0,2,3,2,1,8,0,0,49,4,0,2,4,4,1,0,6,6,5,0,10,153,98,131,2,3,0,0,21,5360,0,77,0,0,0,3,11,3,5,1,0,6,101,1,0,1,29,4,0,2,3127,0,279,3,13,0,6,174,359,15,13,14,3,240,0,69,21,6,23,7,6,0,6,1,0,9,0,1,69,7,4,0,0,109,80,10,23,58,18,0,0,0,11,6,20,8,1,197,83,7,2,2,0,0,6,935,4,5,0,3,0,42,4,1,0,0,2,7,2,6,6,1,0,18,0,0,1,2,177,3,23,138,0,20,2,39,2,3,14,0,62,0,14,0,0,8,0,0,5,2,18,8,0,0,0,0,2,0,0,4,0,0,0,0,0,0,3,4,0,107,109,0,0,64
2021,"Enfield 020","E02000296",10337,1583,54,5,1,0,0,6,134,0,277,4,19,575,0,70,14,4,7,3,2,28,7,4,5,13,4,1,5,150,0,0,0,97,0,8,44,0,18,12,12,401,158,0,1,11,0,1,11,0,8,4,0,46,1,1,2,0,0,61,0,0,2,0,2,50,0,0,0,0,12,0,12,18,244,3,0,41,0,179,0,0,1,7,1,9,1,0,0,2,576,3,8,2,0,3,2,8,1,2,0,1,8,5,0,0,0,0,1,2,0,10,21,7,7,1,5,2,0,4,0,3,2,0,5,0,0,3,27,1,0,0,2,0,2,3,0,8,14,1,3,150,93,134,0,6,0,0,16,6439,0,175,0,0,0,1,11,0,1,1,1,8,223,3,0,3,12,12,1,6,3395,2,383,2,15,1,7,342,239,3,18,20,15,146,2,87,23,21,17,7,19,1,0,0,1,13,5,1,140,2,20,0,0,180,161,29,33,214,22,4,10,0,5,7,20,0,0,273,42,4,4,2,1,0,23,1094,7,6,3,15,1,74,5,5,0,1,4,17,2,4,1,1,0,16,0,0,0,1,48,5,14,165,0,34,3,68,4,0,36,0,87,0,30,0,2,11,0,5,1,13,18,12,17,0,1,0,1,0,0,4,0,0,2,0,4,0,4,9,0,184,85,0,4,60
2021,"Enfield 021","E02000297",9397,1171,12,3,1,0,0,6,105,0,35,0,15,447,0,10,7,7,4,4,4,47,5,1,0,13,1,3,4,177,0,0,0,210,0,0,27,4,6,2,11,314,113,0,0,7,0,0,0,2,6,0,0,31,0,1,2,3,0,103,0,0,0,1,1,24,1,2,0,2,2,4,1,8,440,11,0,57,1,357,0,2,0,2,0,4,0,0,0,6,519,0,4,0,0,0,1,22,1,7,2,0,9,10,0,2,0,3,8,1,3,2,33,12,7,2,1,4,0,1,2,6,7,0,4,1,1,1,34,0,1,0,0,0,3,3,0,2,1,0,0,130,54,108,0,2,0,3,21,5849,0,89,1,1,0,3,14,1,0,0,0,4,52,0,1,3,21,1,3,0,3924,0,211,1,13,0,7,91,340,4,7,17,7,281,0,76,14,23,19,1,6,0,11,0,0,6,0,1,105,7,0,0,0,39,72,13,23,67,3,4,4,0,7,2,11,2,2,130,88,2,1,4,3,0,6,1104,3,5,0,3,0,35,3,0,0,0,1,6,6,15,2,0,0,28,0,1,2,1,45,0,15,243,0,34,5,26,6,2,15,0,62,0,19,1,1,12,0,1,1,3,15,9,0,0,2,0,4,0,0,92,4,0,5,0,7,3,2,4,0,113,196,0,0,46
2021,"Enfield 022","E02000298",8251,670,9,1,3,2,0,3,41,0,73,0,20,340,0,15,0,0,1,0,1,14,1,2,0,8,0,1,0,66,0,7,1,37,2,0,1,3,5,2,11,146,71,0,0,6,0,0,2,0,3,0,1,18,0,0,1,0,0,34,0,0,0,0,1,3,0,1,0,0,2,0,0,3,157,0,0,26,0,120,0,1,0,6,0,4,0,0,0,0,585,0,0,1,3,0,2,4,0,0,0,2,5,2,0,1,1,3,3,1,2,1,24,8,5,3,2,0,1,8,1,3,0,0,3,0,1,0,21,6,0,0,0,0,2,8,0,4,6,2,4,163,46,64,0,3,3,3,160,6052,0,47,0,1,0,3,19,1,2,0,0,1,24,0,0,4,22,1,0,2,4241,1,276,1,3,0,13,91,358,10,1,7,5,391,1,67,8,9,1,1,3,1,6,1,0,12,0,1,36,4,13,0,0,39,72,7,9,44,12,1,2,0,5,1,18,4,3,55,67,8,6,1,2,0,7,641,0,0,1,8,0,29,0,2,0,16,4,3,2,2,6,0,0,20,0,0,0,2,19,0,13,189,0,6,3,18,2,0,21,0,9,0,18,0,1,4,0,5,0,0,8,1,1,0,2,2,1,0,0,0,4,0,16,0,1,0,0,5,0,60,118,0,0,19
2021,"Enfield 023","E02000299",9506,1197,22,0,2,1,1,10,389,2,49,6,40,256,0,5,0,0,0,9,0,64,0,4,0,24,0,19,5,80,0,0,0,89,0,7,20,3,41,26,23,1706,611,8,0,52,0,3,82,1,17,35,0,266,2,0,9,3,0,158,1,0,0,8,6,374,18,4,0,0,21,4,5,18,1348,75,1,244,0,925,7,9,1,21,6,30,3,0,10,16,454,1,1,0,3,0,0,8,3,5,0,3,6,8,0,0,0,0,1,5,5,2,7,0,11,1,1,2,0,7,0,7,9,0,2,0,4,0,43,4,0,0,0,0,1,1,0,13,6,0,1,49,69,136,0,0,2,0,27,3269,0,50,0,0,1,0,6,0,0,0,0,6,222,0,0,5,9,8,1,0,1473,0,138,0,3,0,7,44,63,6,9,16,6,98,0,34,1,7,60,2,4,0,0,1,0,0,0,0,78,0,0,0,0,62,168,5,44,146,3,2,3,0,1,4,16,0,0,319,117,7,2,0,2,0,10,1532,9,19,4,11,0,83,0,0,2,7,5,103,4,3,6,5,0,16,8,3,0,3,36,10,5,35,2,86,11,9,6,0,0,0,177,2,71,0,7,28,0,0,6,5,6,2,3,0,16,0,3,0,0,9,7,0,30,0,0,4,4,11,0,457,149,3,1,40
2021,"Enfield 024","E02000300",8865,1177,14,0,5,0,0,2,307,13,31,1,30,252,0,16,2,0,1,15,5,103,1,0,0,7,0,2,4,80,0,0,3,107,0,0,76,5,42,20,33,1275,464,5,0,37,2,2,85,9,22,14,1,204,5,0,8,3,0,106,1,2,5,0,0,245,14,4,0,2,14,1,6,14,1176,20,1,244,0,845,2,3,3,7,4,24,7,0,6,10,450,2,0,3,0,0,1,18,1,1,0,0,3,13,0,0,0,1,1,0,1,0,8,2,9,1,0,0,0,24,0,6,4,2,2,3,4,0,26,1,0,0,0,0,1,2,1,2,7,0,2,64,87,123,0,0,1,3,20,3602,0,35,0,1,0,0,3,1,0,0,0,7,185,3,0,4,31,18,1,0,1555,0,148,1,0,1,1,41,118,16,5,19,0,94,0,23,2,19,28,7,21,0,4,0,0,2,0,0,95,1,2,5,0,58,166,18,142,374,9,0,8,0,0,3,7,2,0,213,79,3,6,2,0,0,15,1185,10,9,3,5,0,78,0,1,0,2,2,67,10,8,1,2,0,15,2,0,0,1,37,4,0,80,0,31,2,15,3,0,1,1,210,0,58,0,5,24,0,5,4,8,5,3,4,0,6,0,2,0,0,14,4,2,9,0,10,1,1,15,0,228,125,4,2,46
2021,"Enfield 025","E02000301",10228,1085,36,0,2,5,0,4,260,4,71,1,42,255,0,17,1,7,2,8,1,67,0,2,2,8,0,3,0,82,0,3,0,86,2,3,29,6,44,6,26,2036,667,9,0,42,2,2,130,8,57,17,3,277,27,0,8,1,0,238,1,0,2,0,4,451,30,4,2,0,15,3,7,29,1400,48,2,306,0,922,4,18,0,22,3,31,3,0,22,19,618,2,0,2,0,3,3,16,0,2,0,0,2,21,0,2,0,0,6,3,6,4,11,3,6,1,0,0,0,13,0,3,0,0,0,2,1,1,53,4,0,0,2,2,0,2,0,13,7,0,2,96,110,176,0,3,0,3,32,3571,0,61,4,0,0,0,6,0,0,3,1,3,147,6,0,0,22,11,0,2,1817,0,122,0,10,0,2,29,79,29,6,8,3,87,0,16,1,7,54,2,13,0,2,0,1,1,0,0,42,4,1,3,0,66,131,18,39,214,7,0,7,0,1,0,5,1,0,374,80,7,0,1,0,0,15,1518,6,16,0,3,0,93,3,0,3,5,0,67,9,14,0,3,0,19,3,1,2,4,21,6,8,62,1,61,8,17,1,0,0,0,223,0,49,0,1,47,0,1,10,17,7,10,6,1,19,1,0,0,0,27,3,6,23,5,6,1,7,10,0,399,126,0,1,76
2021,"Enfield 026","E02000302",8663,1094,13,0,8,2,0,13,116,2,39,3,26,498,0,14,7,8,0,3,4,40,2,1,0,19,0,2,0,145,2,3,0,45,1,0,17,6,24,19,12,505,103,0,0,19,0,0,18,2,10,10,0,177,2,0,0,0,0,75,0,0,2,0,2,49,14,1,0,0,12,0,4,5,520,5,0,95,0,369,0,2,6,9,3,15,0,0,9,7,524,1,6,2,0,3,2,5,1,6,0,1,2,9,0,2,0,0,2,3,0,2,23,12,8,0,0,1,2,7,0,4,7,0,2,0,4,5,35,0,0,0,1,1,0,9,0,7,3,2,1,158,68,98,0,1,3,1,14,4961,0,234,1,0,2,1,4,0,5,0,0,5,74,0,0,1,35,2,2,2,2593,1,252,1,12,0,7,131,353,6,4,17,4,252,0,52,4,12,11,5,11,4,5,0,0,5,0,0,84,1,2,4,0,59,250,16,14,66,8,9,6,0,2,0,10,2,0,161,129,16,4,1,1,0,6,1059,2,3,3,12,0,69,3,9,0,0,1,10,6,6,0,0,0,18,0,1,1,6,36,3,15,200,0,22,8,27,3,0,17,1,76,0,26,0,1,12,0,6,1,10,11,8,4,1,4,0,0,0,0,0,6,0,11,0,4,0,0,9,0,155,195,0,3,34
2021,"Enfield 027","E02000303",8369,1178,18,3,6,0,0,7,482,1,70,0,35,271,0,7,2,1,0,6,2,34,0,2,0,10,2,1,2,59,0,0,0,41,0,2,29,3,39,36,7,1364,437,9,0,54,3,0,52,5,25,4,2,132,6,0,7,2,5,171,5,1,0,3,1,343,19,1,11,0,40,1,16,9,856,8,0,189,0,579,7,6,6,12,4,16,0,0,15,14,414,0,4,2,0,1,2,9,0,9,1,0,12,7,0,0,2,0,0,6,1,0,10,1,6,1,2,0,0,1,0,5,1,0,1,0,2,0,32,0,0,1,0,0,2,0,0,2,5,0,0,58,72,143,0,0,0,1,12,3366,1,56,1,0,0,1,1,0,0,0,0,5,168,1,0,4,21,5,0,1,1696,0,121,1,4,0,3,31,87,17,0,13,0,43,1,34,0,56,26,1,10,0,2,0,0,2,0,0,78,2,1,0,0,99,110,28,38,142,13,7,2,0,0,0,9,0,0,316,85,1,3,0,0,0,19,1191,2,16,3,4,0,104,0,0,3,2,4,45,2,4,2,0,0,9,0,0,0,6,20,1,1,52,0,40,3,7,0,0,0,0,244,0,30,0,9,23,0,5,7,1,9,0,1,0,11,0,1,0,0,7,5,0,36,8,2,0,8,1,0,315,100,1,0,37
2021,"Enfield 028","E02000304",8057,1111,2,0,1,1,0,5,93,3,156,1,13,570,0,22,8,1,0,5,5,28,2,0,0,4,0,1,1,96,2,3,1,51,3,1,5,2,9,7,9,118,46,2,0,1,0,0,6,0,0,0,2,15,0,1,0,0,1,35,0,0,0,0,1,0,0,0,0,0,7,0,0,1,188,1,0,32,0,136,4,2,0,6,0,1,0,0,1,5,655,0,0,0,2,1,0,10,1,5,0,2,2,1,2,2,5,0,0,3,0,4,13,10,21,0,6,0,4,3,0,5,2,0,0,0,0,0,20,2,0,0,6,1,4,6,0,3,7,0,1,181,227,65,1,5,0,0,22,5258,0,58,0,3,0,3,10,3,0,4,6,8,56,1,0,3,34,6,0,3,3258,0,244,3,14,0,11,127,358,0,3,23,4,292,5,70,36,4,5,1,10,0,11,1,0,7,1,0,62,2,24,3,0,63,110,13,9,52,23,2,2,1,6,2,21,2,1,105,44,9,6,0,0,0,10,727,3,2,4,11,0,57,1,2,0,1,1,4,4,0,0,0,0,13,0,0,0,5,16,0,13,173,0,13,3,16,5,2,106,0,11,0,17,0,0,6,0,0,5,1,12,1,5,0,2,0,0,7,0,0,4,0,0,0,1,0,5,2,0,79,86,0,0,28
2021,"Enfield 029","E02000305",8873,710,16,0,0,0,1,3,83,6,51,0,16,287,0,14,3,0,1,0,4,16,4,1,1,5,0,5,1,128,0,3,1,33,1,1,5,3,3,4,10,266,63,1,0,5,0,0,10,0,16,0,0,44,13,0,0,2,0,59,0,0,0,0,4,22,5,1,0,0,12,0,7,2,293,6,0,44,0,220,0,0,1,2,4,9,2,0,1,4,516,2,0,0,0,0,2,6,2,6,0,1,2,2,1,0,1,1,5,0,5,2,16,8,15,1,7,0,1,7,0,1,6,0,1,1,0,0,40,2,0,2,0,3,5,1,2,1,9,1,4,151,68,105,0,5,0,0,15,6289,0,162,3,0,0,6,14,0,1,3,0,6,229,0,1,7,22,7,0,5,3429,2,377,2,16,0,14,216,212,4,37,29,2,299,3,81,22,11,13,3,13,1,14,4,24,16,0,3,147,3,8,0,0,119,183,24,16,221,12,3,6,0,11,4,18,4,3,123,57,4,4,0,2,0,4,799,4,0,1,8,0,58,5,1,0,1,2,21,1,4,3,2,0,21,0,1,0,0,42,3,12,138,0,38,0,23,5,1,24,0,43,0,17,2,0,0,0,3,4,8,16,7,2,0,0,0,3,0,0,15,7,0,3,0,8,3,0,2,1,113,82,0,2,39
2021,"Enfield 030","E02000306",9134,1059,42,2,6,1,0,4,376,3,29,1,38,221,0,11,3,0,0,22,1,66,3,1,13,13,0,3,0,75,0,0,0,39,0,0,8,4,50,16,8,2165,728,12,0,48,3,0,53,7,43,22,0,274,15,3,13,2,6,233,0,4,4,1,13,590,18,2,0,0,29,0,13,29,1183,38,0,217,1,717,12,21,0,12,14,52,5,0,78,16,442,3,1,0,0,4,1,5,0,2,0,2,9,11,0,0,2,1,0,2,3,4,5,1,1,0,0,2,0,2,0,8,1,0,0,0,1,0,28,2,0,2,1,0,1,0,0,14,6,0,0,75,73,140,0,6,0,0,23,2814,0,55,2,2,0,0,1,0,0,0,0,4,132,0,0,2,20,1,0,0,1403,0,93,0,4,1,1,26,44,11,5,2,4,48,0,50,2,15,53,0,15,2,2,0,3,2,0,0,45,5,0,3,0,62,143,10,37,87,2,0,3,0,1,0,6,0,0,331,46,2,0,0,1,0,25,1471,19,26,4,0,3,78,0,0,0,2,0,49,9,2,0,1,0,8,0,0,1,3,31,1,10,19,0,79,2,25,5,0,0,0,286,0,25,0,6,35,0,3,37,2,14,10,1,2,0,0,1,6,0,5,7,0,32,2,2,0,1,6,0,457,99,0,0,55
2021,"Enfield 031","E02000307",10103,1477,52,0,2,1,2,11,266,11,30,3,43,575,0,12,3,0,0,10,9,91,9,0,0,15,2,3,0,143,0,4,4,51,0,2,19,3,45,31,25,1122,475,8,0,23,2,0,39,2,11,1,0,117,3,0,5,1,0,125,0,0,6,5,5,255,8,2,4,0,7,0,2,16,896,14,3,124,1,706,4,4,3,4,0,24,0,0,2,7,484,0,3,0,0,9,1,13,2,9,0,1,4,2,0,1,0,0,2,2,2,2,20,6,5,1,0,0,0,3,0,2,5,2,1,0,1,0,50,3,0,0,0,3,0,16,1,8,8,2,2,88,71,111,0,3,0,0,19,4468,0,62,1,0,0,1,10,0,0,0,3,3,276,0,0,1,40,6,3,3,1768,1,276,0,4,0,2,65,318,20,15,27,0,101,0,50,0,20,28,0,31,0,5,0,0,3,1,0,253,3,1,5,0,97,179,25,34,199,7,0,3,0,0,1,8,1,1,267,185,4,5,0,0,0,46,1656,11,6,6,21,0,96,1,9,2,0,4,46,7,19,6,2,0,13,0,1,0,5,56,4,6,201,4,53,5,10,7,0,15,0,173,3,89,0,0,13,6,8,4,3,20,0,6,0,19,0,0,0,0,22,6,2,15,0,14,1,3,28,0,305,234,1,0,65
2021,"Enfield 032","E02000308",8756,1527,44,5,5,0,1,2,220,1,158,0,33,676,8,58,5,3,4,4,3,24,2,4,0,6,1,3,2,146,0,1,1,59,0,0,7,3,12,13,13,624,210,0,7,22,0,0,20,3,6,7,0,66,5,2,1,0,1,77,0,3,0,2,1,120,47,0,0,4,7,0,4,9,355,7,1,56,2,253,3,1,0,9,1,16,1,0,2,3,525,0,2,2,0,3,0,4,3,4,0,2,1,3,1,0,3,1,4,3,0,2,15,4,12,0,0,2,2,4,2,2,1,1,2,1,0,2,47,1,0,0,0,1,8,0,1,2,0,0,0,139,80,128,0,0,0,2,28,4927,0,79,0,0,0,5,17,0,0,3,0,11,142,0,0,2,6,5,0,2,2555,0,378,5,13,6,16,127,117,6,10,18,3,210,1,121,10,15,10,0,14,0,8,1,0,9,3,0,105,1,7,7,0,112,177,19,35,299,21,6,13,3,6,0,20,3,1,118,24,10,0,0,0,0,12,798,2,4,1,16,0,108,0,0,0,1,0,12,2,3,1,3,1,10,0,0,1,7,25,0,9,49,3,39,5,48,3,0,36,3,104,0,24,1,1,4,0,8,5,5,7,9,7,0,5,0,0,0,1,10,4,0,2,0,3,4,0,4,0,115,50,0,0,33
2021,"Enfield 033","E02000309",11803,1542,30,4,1,2,0,1,301,9,108,0,91,279,0,8,0,0,1,18,2,230,3,1,8,74,4,2,4,106,1,0,1,96,0,0,23,1,51,55,27,2485,719,22,0,68,0,7,104,2,39,21,5,295,20,0,21,4,1,184,0,0,6,3,10,868,9,1,0,2,37,0,7,30,1507,31,2,263,1,1096,12,6,2,12,5,41,0,0,26,10,655,4,5,0,2,2,0,11,0,4,1,3,15,4,0,0,0,2,4,1,2,6,15,1,2,0,0,0,0,6,0,0,1,0,0,3,4,2,53,2,0,1,4,1,0,1,1,4,31,0,2,100,120,207,0,0,0,2,26,3941,0,87,2,0,0,0,3,0,0,0,0,1,239,2,0,4,22,12,1,0,1689,0,164,2,6,3,6,32,46,20,10,16,2,89,1,39,2,26,48,2,3,0,1,0,0,4,0,0,85,2,10,2,0,118,211,29,51,299,8,1,17,1,3,5,3,0,1,350,111,13,1,1,0,0,35,1673,3,13,4,13,3,172,0,0,0,4,1,81,6,15,1,1,1,13,12,0,0,6,53,14,6,31,3,81,4,18,6,0,0,0,180,3,112,0,1,29,0,8,14,16,12,8,7,0,10,0,2,0,0,26,2,2,35,0,11,3,1,2,0,408,141,0,2,73
2021,"Enfield 035","E02000311",10544,1519,15,0,1,0,0,3,253,5,87,0,32,566,1,30,5,0,0,8,3,75,1,1,4,5,5,9,4,241,0,2,1,73,0,0,21,5,18,28,17,733,227,3,0,23,2,1,40,1,3,6,1,85,8,1,15,2,1,108,1,0,6,0,6,135,14,0,0,0,20,0,7,17,649,11,2,90,0,486,5,1,2,9,0,26,1,1,9,6,564,4,2,0,0,0,0,6,1,1,0,4,3,8,0,2,0,0,7,5,3,2,23,7,6,2,2,1,0,1,0,9,9,0,1,0,4,0,67,2,0,1,0,0,2,24,1,2,5,2,2,98,68,143,2,0,1,2,29,5444,1,154,5,6,0,1,10,0,1,0,2,7,361,0,0,1,60,4,0,0,2079,3,328,2,6,1,4,288,417,7,13,39,10,123,0,91,14,13,33,3,50,2,1,0,1,4,2,0,122,1,7,1,1,131,260,94,35,201,5,7,10,0,1,10,23,3,0,232,115,13,2,4,2,0,17,1635,3,9,0,24,0,112,1,4,0,0,6,25,5,10,3,1,0,22,0,0,1,4,63,1,23,208,1,63,10,32,2,1,41,4,228,0,47,0,1,16,4,12,6,2,32,5,3,0,6,0,1,0,0,32,11,0,1,0,8,2,0,7,0,276,190,3,6,57
2021,"Enfield 036","E02000312",11301,1311,31,5,5,0,1,0,154,5,102,2,59,570,3,5,15,0,3,15,7,40,1,6,2,4,5,1,4,157,0,0,0,47,0,3,10,5,22,5,17,527,205,4,3,19,0,0,23,0,26,11,1,38,18,0,1,2,0,71,0,0,6,0,4,62,4,3,4,0,6,0,6,10,442,1,0,60,0,344,0,2,1,7,1,16,2,0,3,5,695,3,2,0,0,4,0,13,2,2,0,3,2,2,1,0,1,0,3,7,5,3,27,2,21,2,1,4,3,3,0,3,4,0,2,1,2,1,78,0,0,4,5,0,4,3,2,8,3,0,4,162,81,169,2,4,0,1,36,7314,4,203,7,3,0,3,19,2,2,0,4,15,322,2,1,2,39,9,0,2,3587,3,493,5,25,8,21,300,242,14,33,66,8,269,0,155,28,10,11,5,29,2,16,1,3,11,4,1,172,2,5,0,0,205,382,34,37,158,13,4,8,1,15,7,58,6,3,158,37,5,2,1,1,0,11,1012,4,6,5,27,1,76,1,1,0,1,4,30,1,2,3,3,0,13,0,8,2,3,51,4,39,113,0,68,0,38,7,2,48,0,78,1,25,1,0,1,0,15,0,4,9,9,15,0,7,0,1,0,0,4,2,0,2,0,6,9,2,1,0,104,104,0,0,51
2021,"Greenwich 001","E02000313",6491,352,1,0,3,1,0,0,42,0,81,0,13,68,0,4,0,0,0,2,1,0,0,3,41,5,0,4,3,42,0,3,0,7,0,0,0,1,0,25,2,2232,958,0,0,118,7,2,16,2,16,14,5,128,9,0,1,1,0,837,4,5,3,0,10,32,6,1,1,3,25,3,10,15,593,38,1,293,0,209,8,2,1,9,5,18,1,0,0,8,302,3,0,0,0,0,0,2,0,0,0,0,1,0,3,2,2,2,3,0,1,0,3,0,5,0,0,1,0,4,0,6,0,0,0,0,0,0,24,0,0,3,6,0,3,1,0,0,0,0,0,35,92,75,0,2,0,1,22,2842,0,10,0,0,0,0,4,0,1,0,0,1,20,2,0,0,0,1,0,1,2296,2,157,0,2,0,12,4,0,18,0,7,1,29,0,8,2,5,0,6,25,1,1,0,1,0,0,2,43,0,0,4,0,26,38,0,15,55,9,3,3,0,1,0,1,2,0,5,6,3,0,0,0,0,9,170,0,16,3,0,1,19,0,0,0,2,1,0,0,0,3,0,1,1,0,0,0,1,3,4,2,0,0,14,2,1,0,0,0,0,4,0,7,0,0,0,8,0,1,1,2,5,0,0,0,0,0,0,0,1,11,2,1,1,4,0,0,0,0,8,5,6,6,23
2021,"Greenwich 002","E02000314",14100,1474,41,0,0,0,0,7,212,0,325,1,55,283,1,5,1,0,0,0,7,9,0,0,162,12,10,8,5,162,1,4,0,42,4,1,4,5,5,92,10,4752,1827,6,3,241,11,9,24,5,15,6,1,339,18,0,5,10,0,1940,8,12,2,0,28,90,22,14,0,1,23,6,41,45,1442,73,5,639,3,526,19,7,2,18,19,89,2,0,0,40,997,3,0,1,1,1,2,11,1,14,5,3,7,10,1,0,0,1,0,2,5,0,16,0,12,0,0,1,0,8,2,7,3,2,2,0,2,0,65,0,2,1,5,0,1,0,0,0,10,0,3,81,285,352,1,2,0,0,66,4841,0,9,0,2,0,0,8,12,1,1,2,10,83,8,0,1,0,3,4,4,3172,2,254,0,7,0,5,14,1,50,13,26,1,102,0,59,0,2,0,23,131,0,4,0,3,5,0,1,177,5,2,2,0,100,153,31,43,185,20,5,3,3,7,2,26,1,1,26,1,12,4,0,1,0,8,594,7,23,0,4,0,72,1,0,0,1,8,15,1,5,6,3,0,2,0,4,1,0,19,3,2,4,0,45,22,10,1,5,2,0,23,2,9,0,2,0,8,10,1,14,7,28,6,0,0,0,3,2,0,10,10,2,9,11,8,6,3,6,0,20,18,8,3,99
2021,"Greenwich 003","E02000315",9884,895,33,0,0,0,0,2,97,0,117,1,27,238,0,1,1,0,4,4,1,6,0,4,151,5,1,8,4,73,4,0,1,33,0,0,43,3,2,26,5,2857,1123,0,5,150,11,2,16,7,4,3,1,111,6,0,2,5,1,1201,5,1,4,0,17,62,3,0,1,0,67,3,9,37,845,64,3,332,0,323,8,4,1,9,27,40,2,0,0,32,447,3,3,0,0,0,0,4,1,11,0,1,3,1,0,0,0,3,5,0,2,1,4,0,7,0,0,0,0,2,0,0,1,0,0,0,0,0,37,1,0,0,1,0,0,0,3,4,0,0,0,76,134,125,0,0,0,0,14,4485,0,20,0,0,0,0,9,0,0,2,0,11,29,2,1,0,2,2,0,1,3323,1,212,0,6,0,4,6,3,107,8,29,0,70,0,15,1,15,3,18,44,0,0,1,19,6,0,0,144,5,5,0,0,59,64,13,30,142,9,0,1,0,3,0,16,2,0,10,5,2,2,2,0,0,1,355,6,34,0,3,1,48,5,0,0,4,1,0,1,0,0,1,0,2,0,0,1,2,24,2,2,0,0,27,3,2,1,0,2,0,9,0,2,0,1,3,29,3,8,0,3,1,0,0,0,0,2,1,0,5,5,0,8,2,3,0,5,14,0,23,14,4,0,38
2021,"Greenwich 005","E02000317",7569,1080,11,0,0,1,0,4,114,0,263,3,32,126,0,0,2,0,1,3,1,15,0,5,149,0,9,1,0,63,0,0,0,48,0,3,23,10,14,176,3,1867,833,1,0,80,5,5,29,5,3,4,6,94,6,2,0,2,0,482,2,1,1,0,7,209,26,3,0,1,29,0,8,23,553,35,7,175,0,234,11,0,1,9,16,39,0,0,17,9,429,4,0,1,0,0,0,8,2,10,1,0,3,3,0,0,3,1,3,3,0,0,3,0,19,1,0,1,0,2,0,0,4,0,0,2,1,0,24,0,0,3,1,0,3,1,3,1,0,0,3,52,120,126,0,2,0,1,14,3326,2,32,0,0,0,0,17,2,2,0,1,1,34,2,0,4,1,0,2,3,2446,1,138,3,5,0,11,12,2,4,10,14,0,72,0,16,2,12,0,3,24,2,1,1,4,5,0,0,80,1,1,0,0,52,64,36,17,96,4,0,13,0,0,5,14,1,0,20,2,15,1,0,0,0,13,314,4,10,1,3,0,76,0,0,0,0,4,0,0,0,3,0,0,2,0,0,0,0,12,3,0,0,0,24,0,4,2,0,4,0,27,3,1,0,0,0,21,5,12,4,0,5,1,1,0,0,0,0,0,2,0,0,7,6,7,4,0,1,0,23,8,1,0,23
2021,"Greenwich 006","E02000318",11052,3758,27,1,0,0,0,13,215,0,107,1,25,706,2,0,5,0,0,0,2,2,0,6,1611,23,4,2,2,716,3,35,0,150,0,0,59,3,3,33,2,1846,682,0,1,73,11,1,13,0,6,2,3,129,2,0,0,0,2,480,1,8,0,1,13,291,60,9,1,2,15,1,6,33,741,23,12,258,3,373,10,1,0,13,9,16,1,0,8,14,450,1,2,1,0,0,8,10,1,5,0,1,2,2,0,1,1,1,0,8,0,0,12,0,11,0,1,0,0,5,0,2,3,0,1,0,0,1,22,5,3,0,0,0,2,0,0,2,3,2,0,67,73,172,0,6,0,3,10,3253,1,16,4,1,0,1,2,16,0,0,0,3,51,0,0,0,4,5,1,1,2021,0,117,1,6,1,11,9,1,31,13,19,0,108,0,13,1,1,0,2,45,2,1,0,3,40,0,0,151,2,2,1,0,56,66,13,46,295,9,0,3,0,2,2,8,1,2,17,6,4,6,0,0,0,9,1004,3,4,1,3,0,30,0,2,0,0,2,15,0,2,0,2,0,0,0,6,0,3,30,0,0,0,0,29,6,4,2,0,1,0,14,1,8,0,0,4,504,4,55,6,2,5,1,0,4,0,54,5,0,13,66,1,5,0,9,1,6,14,0,10,18,1,0,48
2021,"Greenwich 007","E02000319",10615,2199,17,1,2,1,0,6,167,0,188,0,28,556,2,1,7,0,4,0,3,6,0,1,667,23,18,6,4,352,0,14,0,55,0,0,14,6,0,47,3,2082,756,3,5,78,3,9,25,5,9,11,3,94,16,1,1,1,0,711,2,13,2,3,7,157,100,3,2,0,30,0,7,25,749,37,1,248,1,383,13,1,2,3,11,35,1,0,6,7,713,15,1,4,0,0,1,9,1,3,2,7,7,2,4,2,1,0,2,1,0,0,11,3,9,0,0,2,0,0,0,2,0,0,2,1,3,2,51,4,1,2,0,0,1,0,0,0,2,5,3,98,158,271,2,3,1,1,13,4289,1,28,0,0,3,0,12,5,0,1,0,14,45,0,2,2,0,9,4,3,2934,2,171,3,17,0,8,45,0,22,13,24,0,105,1,117,4,3,0,20,80,0,4,1,2,4,3,2,75,0,3,0,0,64,77,25,31,210,16,1,9,1,3,2,23,3,0,13,2,9,4,1,1,0,2,583,0,14,0,0,0,46,0,1,0,1,2,5,1,0,2,0,0,8,0,11,0,0,8,0,1,3,0,33,2,7,0,0,4,0,14,3,3,1,0,0,193,4,21,2,8,5,10,1,1,0,0,1,0,10,29,0,17,0,5,0,5,46,0,13,6,6,1,29
2021,"Greenwich 008","E02000320",7039,948,44,0,0,1,0,15,82,0,58,0,26,196,3,5,2,0,0,0,1,1,0,2,233,4,0,1,0,95,4,31,1,73,0,0,45,5,0,14,6,1446,645,0,0,80,0,1,19,3,1,0,2,62,15,3,1,2,1,508,3,2,0,0,19,22,11,3,0,0,6,1,17,19,540,25,0,186,1,284,4,0,0,10,6,18,1,0,2,3,393,2,0,0,0,0,0,8,5,6,0,3,0,3,0,0,1,4,1,1,1,1,10,3,7,0,0,0,3,0,1,7,1,0,0,0,0,0,18,3,0,1,0,0,0,0,0,3,0,2,1,72,81,118,0,3,0,1,22,3391,0,17,0,0,0,0,7,0,0,0,0,14,41,1,0,1,0,1,1,0,2480,4,175,0,6,0,7,11,2,5,6,11,0,64,1,19,1,4,0,9,49,0,3,0,1,8,0,0,55,0,0,0,0,64,79,17,29,142,9,0,3,1,0,2,8,2,0,16,5,7,1,0,0,0,2,321,12,8,0,1,0,17,0,0,0,2,4,2,1,2,0,0,0,1,0,1,4,4,7,2,1,1,0,23,1,3,0,0,2,0,12,1,14,0,1,0,47,1,3,7,1,7,1,0,3,0,0,3,1,16,44,0,1,7,5,2,0,9,0,2,19,0,0,15
2021,"Greenwich 009","E02000321",7704,1143,9,1,1,2,0,0,109,3,122,1,25,183,1,0,2,0,1,1,0,3,0,1,328,7,10,2,1,142,4,8,0,38,1,0,19,3,4,108,3,1712,730,1,1,58,2,0,18,1,7,0,3,95,8,0,11,2,0,580,0,0,0,0,8,136,15,5,0,0,13,0,6,12,661,34,6,221,0,320,5,0,1,18,14,29,1,0,6,6,432,3,0,4,0,0,0,6,0,4,2,7,1,1,0,0,0,1,0,3,2,0,7,0,5,2,1,0,0,1,0,3,0,0,2,2,0,0,33,1,0,0,6,0,0,1,0,1,2,0,0,47,131,136,0,0,2,0,15,3293,0,19,0,0,0,0,4,0,3,0,0,5,31,2,0,0,3,0,0,2,2504,0,136,3,3,0,3,16,1,8,37,13,0,62,0,10,4,0,0,17,50,0,6,0,0,8,0,0,71,2,0,0,0,31,52,11,29,102,5,1,1,0,4,1,10,2,0,11,2,2,3,1,0,0,2,463,9,14,0,4,0,24,0,1,0,0,4,1,1,0,0,0,0,0,0,0,2,0,9,1,0,0,0,158,2,2,2,0,1,0,18,1,4,0,1,0,78,1,5,0,3,3,2,2,0,0,2,0,0,11,22,0,4,5,6,0,0,8,0,10,16,4,0,22
2021,"Greenwich 011","E02000323",12859,2556,29,4,0,1,0,9,137,0,277,0,71,736,3,0,5,0,5,7,3,8,0,0,593,16,41,6,9,195,0,13,1,114,0,4,121,6,1,134,7,3104,1100,15,0,135,5,7,44,1,15,3,7,125,1,0,5,0,0,847,0,2,0,0,18,595,64,16,1,2,48,1,16,31,873,53,4,305,3,407,13,1,0,7,9,38,1,0,10,22,846,110,4,7,2,2,1,6,3,13,1,3,7,1,3,0,1,0,2,1,2,3,8,0,14,12,0,0,1,2,1,3,2,0,3,1,3,1,68,2,0,0,0,0,1,1,8,6,2,3,1,111,162,228,0,3,5,0,22,4717,0,92,1,2,0,1,12,9,5,5,0,16,43,0,0,7,0,8,2,4,3111,4,262,1,17,0,14,30,0,10,7,25,1,93,1,73,0,2,5,18,65,0,1,1,1,15,2,2,75,1,6,5,0,82,101,35,63,253,22,1,6,1,7,4,22,5,1,26,2,20,5,0,1,0,5,763,9,12,0,3,2,66,0,2,7,0,0,2,1,3,4,1,0,2,0,4,0,0,12,9,0,0,0,47,7,3,5,0,6,0,34,0,4,0,0,0,252,15,19,0,2,3,0,0,0,0,2,3,0,14,24,1,26,2,9,1,16,25,2,21,23,23,0,35
2021,"Greenwich 012","E02000324",7868,1033,6,0,0,0,0,1,88,0,183,1,19,195,2,4,7,0,2,6,0,1,0,0,274,6,5,0,2,92,0,0,7,21,0,8,5,3,0,89,6,1252,435,7,0,77,2,1,21,15,4,4,6,70,11,0,2,0,0,373,0,0,0,0,8,152,24,8,5,0,9,0,3,15,532,17,0,179,41,225,4,1,0,8,11,16,0,0,6,24,641,1,6,0,2,1,2,5,2,12,0,1,13,3,0,0,1,3,1,0,1,0,7,0,4,1,0,4,1,2,0,5,2,2,3,0,19,1,24,0,0,0,0,0,3,0,0,2,0,0,0,84,115,265,0,0,0,0,43,4072,1,18,0,0,0,0,21,3,0,4,0,5,44,0,1,2,0,0,3,0,3079,1,159,2,19,0,22,16,1,0,9,4,0,110,0,42,2,7,0,9,59,0,5,2,2,11,3,0,76,0,3,3,0,45,74,14,15,59,19,1,4,0,9,0,26,3,0,18,6,15,4,0,3,1,8,338,0,9,4,8,0,38,1,0,0,6,2,0,0,1,2,1,0,2,0,4,0,3,5,3,0,0,0,25,2,6,0,5,1,0,18,2,6,0,0,0,60,2,4,1,1,2,0,0,2,1,0,0,0,1,8,0,24,0,3,0,0,0,0,37,12,5,0,21
2021,"Greenwich 014","E02000326",7784,968,5,7,3,1,0,1,35,0,177,0,31,374,1,7,8,0,6,0,4,3,6,4,63,9,2,0,1,83,0,4,0,31,1,1,1,2,0,95,2,829,308,5,0,21,0,0,13,3,10,3,1,70,0,0,0,0,0,256,0,0,0,2,1,58,19,10,0,0,36,2,0,11,349,6,5,113,1,189,3,0,0,3,1,19,0,0,5,4,465,5,3,0,1,0,4,1,2,7,1,2,6,0,0,0,3,0,1,3,1,0,8,0,3,1,0,0,0,0,0,0,2,0,0,0,1,2,25,0,1,0,0,0,2,0,1,4,1,0,0,152,57,146,0,1,1,0,17,4939,0,18,0,0,1,0,27,0,1,1,0,9,52,1,4,3,2,3,2,6,3651,0,250,8,74,0,22,16,5,6,10,16,0,172,0,58,2,9,0,8,31,0,9,0,5,38,0,0,93,0,8,1,0,50,55,17,9,90,19,0,3,2,13,0,16,10,2,13,3,2,3,0,1,0,9,234,8,6,0,1,0,27,0,0,0,0,0,0,0,0,2,0,0,0,0,1,0,1,7,1,3,1,0,39,0,6,3,1,4,0,1,1,1,0,0,0,4,0,6,0,1,4,1,0,3,0,0,1,0,0,22,0,7,0,1,1,2,0,0,24,18,7,4,14
2021,"Greenwich 015","E02000327",6634,831,9,0,1,0,0,1,61,0,191,1,58,125,0,1,1,0,3,1,0,0,2,0,148,8,0,1,10,46,0,1,0,16,0,2,17,0,0,123,4,1675,633,4,0,76,3,0,19,1,10,2,3,94,10,4,2,0,0,509,3,3,0,1,16,147,54,5,1,0,42,3,12,18,603,27,0,149,0,343,7,3,1,6,6,32,0,1,15,13,366,0,3,0,0,5,0,2,0,1,3,1,5,7,0,0,1,0,1,0,0,0,1,0,5,2,0,0,0,0,3,0,0,0,2,0,0,0,14,0,0,4,3,2,3,0,0,0,0,0,1,56,84,147,0,1,1,0,8,2906,0,8,0,0,0,3,35,2,3,1,0,2,20,1,0,1,1,0,3,4,2214,1,120,0,6,0,13,13,4,0,8,13,0,83,0,18,5,2,3,7,31,1,1,0,0,5,1,0,41,0,24,2,0,36,38,16,11,61,5,3,5,1,4,0,7,1,0,4,3,3,5,0,0,1,2,253,0,16,0,3,0,32,0,0,0,0,0,0,1,0,1,0,1,0,0,2,0,1,2,0,0,0,0,36,1,0,2,0,0,0,9,0,2,0,0,0,31,0,9,5,6,4,0,0,0,3,1,0,0,1,5,6,5,5,7,1,9,7,0,12,7,3,0,17
2021,"Greenwich 016","E02000328",6507,478,1,0,0,0,0,6,4,2,82,3,8,224,5,0,16,0,6,2,1,3,1,0,15,1,1,1,4,19,4,0,0,18,2,2,0,0,1,44,2,340,145,0,0,6,0,3,5,0,1,3,0,23,3,0,0,0,0,85,0,0,0,0,8,20,5,1,5,0,14,1,2,10,186,2,0,41,0,133,0,0,0,5,0,2,1,0,0,2,425,0,0,0,0,3,0,4,2,2,0,4,0,3,3,2,2,3,1,1,1,0,5,0,11,0,7,0,0,2,0,0,1,0,3,0,4,0,28,0,0,1,0,4,1,0,0,0,0,3,0,155,50,106,2,1,2,0,8,4915,1,4,1,0,3,1,57,3,1,2,0,7,21,1,1,1,0,0,5,3,3769,1,210,3,32,0,36,17,2,4,10,5,0,184,0,48,9,0,0,2,59,0,7,3,0,42,4,2,38,5,34,4,0,31,45,15,18,34,28,4,5,0,20,0,25,7,8,10,6,5,6,0,0,0,6,163,0,3,0,0,0,20,0,0,0,0,3,0,2,0,6,1,0,1,0,1,1,1,5,0,1,0,0,24,0,5,0,0,3,0,3,0,0,0,0,0,3,8,0,0,2,0,0,0,1,1,0,3,0,0,10,0,0,0,9,0,1,5,0,11,12,0,0,17
2021,"Greenwich 017","E02000329",6332,932,1,0,0,0,0,5,46,1,60,0,35,357,3,1,2,0,0,4,0,7,0,0,108,15,3,0,4,175,3,20,0,53,0,0,14,1,0,7,7,693,262,1,0,32,2,0,7,3,5,3,4,59,9,0,6,2,0,241,0,1,1,2,4,25,0,1,0,0,9,0,8,6,457,6,1,153,0,267,4,0,0,6,5,8,1,0,1,5,425,3,3,1,0,1,2,9,0,0,1,0,8,5,0,0,3,0,2,1,1,0,2,0,6,0,0,0,0,0,0,4,1,0,1,0,4,0,27,1,0,0,1,0,0,1,3,3,4,1,3,92,70,149,2,0,0,1,9,3568,0,14,0,0,0,0,8,1,0,0,0,3,10,0,1,1,0,7,1,3,2883,2,81,2,7,0,8,4,3,3,3,14,0,94,0,23,3,2,1,5,48,0,3,0,0,9,0,2,67,0,4,0,0,43,65,12,4,83,6,0,1,0,3,0,4,3,0,4,4,10,3,0,0,0,3,257,0,9,0,2,0,16,0,1,0,0,0,0,0,0,0,0,0,0,0,3,1,1,7,0,1,0,0,49,1,2,0,1,0,0,1,5,6,0,0,0,34,0,3,0,1,3,7,0,3,0,0,1,0,3,41,0,3,0,4,0,0,9,0,7,12,1,0,19
2021,"Greenwich 019","E02000331",8232,1209,15,0,0,1,3,3,62,0,161,2,56,293,1,2,3,1,2,3,3,3,0,3,262,13,2,5,7,103,1,1,0,54,1,3,8,4,7,120,1,1048,414,1,0,61,4,3,18,2,9,2,0,64,3,0,0,1,0,325,0,1,0,0,12,70,14,3,0,2,18,2,7,12,484,15,0,149,0,254,9,1,1,7,9,22,3,0,4,10,500,2,0,3,3,1,0,8,0,1,4,3,1,3,2,0,1,1,2,1,3,2,7,1,22,5,0,2,2,2,1,1,0,0,5,1,0,0,29,3,0,0,1,0,5,3,0,2,2,0,3,114,87,141,0,4,0,0,16,4552,4,22,0,0,0,1,13,0,1,0,0,4,59,0,2,0,1,3,3,6,3457,1,207,0,20,1,11,20,1,0,14,19,0,116,1,63,1,6,0,9,32,0,4,2,0,31,5,0,50,4,0,1,0,54,60,15,31,80,17,0,5,0,5,1,17,3,0,35,12,11,8,0,1,0,2,439,12,5,0,0,0,57,1,0,1,0,2,4,0,1,3,1,0,0,0,0,0,0,7,7,1,0,1,54,0,12,0,1,1,0,31,0,6,1,0,0,88,0,7,6,1,8,2,0,2,0,0,4,0,1,12,0,0,0,9,2,0,3,0,27,28,2,9,19
2021,"Greenwich 020","E02000332",7449,599,9,0,6,0,0,1,38,1,54,0,21,241,2,2,6,0,7,1,2,5,0,1,42,3,10,0,2,83,1,3,0,29,0,0,0,10,0,19,0,1015,472,2,0,40,1,0,2,3,5,3,3,45,3,1,0,1,1,331,0,1,0,0,7,27,17,19,0,0,14,2,5,10,489,12,0,109,0,332,0,0,0,9,3,15,2,0,0,7,529,1,9,3,0,1,2,7,1,2,0,2,3,5,3,2,1,1,6,1,3,0,8,0,12,0,2,1,1,1,1,2,4,0,2,2,0,0,34,3,0,0,1,0,3,1,0,6,1,0,5,102,92,163,3,3,2,0,21,4615,0,15,0,0,0,2,15,1,1,0,0,21,7,0,0,0,3,2,2,4,3632,2,192,2,20,0,15,8,8,3,6,19,0,148,3,39,0,2,0,9,33,1,5,1,2,19,0,0,68,0,12,0,0,30,66,9,25,90,9,1,1,0,6,1,14,4,1,10,2,11,6,0,0,0,7,202,3,10,2,1,0,19,0,0,0,0,0,0,2,0,2,1,0,3,0,8,1,1,9,1,0,2,1,22,0,5,2,0,3,0,5,0,0,0,0,4,0,0,0,2,4,5,1,0,2,0,1,0,0,1,10,0,7,0,2,1,0,1,0,11,21,1,0,25
2021,"Greenwich 021","E02000333",6237,522,25,0,0,0,0,0,29,0,112,0,27,191,2,2,6,1,5,0,0,1,2,1,13,5,6,0,2,41,0,0,0,16,2,0,3,1,0,26,3,251,133,0,0,10,0,1,1,0,2,1,0,15,2,0,0,0,0,71,0,0,0,0,4,0,1,0,0,0,1,0,5,4,102,1,0,31,1,52,3,0,0,5,0,3,3,0,1,2,349,3,0,1,2,0,3,2,4,5,0,1,4,4,3,0,0,1,0,0,0,7,9,0,9,0,2,0,1,2,3,1,1,0,0,0,0,1,23,4,0,0,0,1,0,0,0,2,0,1,8,117,42,58,4,2,1,1,16,4825,0,14,0,0,2,0,39,0,1,2,0,15,12,0,2,3,1,11,9,7,3791,1,214,6,32,0,30,14,2,0,15,11,4,172,1,37,6,4,0,1,21,3,6,0,0,35,0,4,32,1,5,0,0,30,36,25,12,23,23,2,2,2,18,0,40,4,4,15,5,5,2,0,0,0,11,188,0,0,0,1,0,24,0,0,0,1,2,0,1,0,1,0,0,0,0,0,0,0,8,0,1,6,0,25,0,11,0,1,1,0,13,1,0,0,0,1,7,0,0,2,0,3,2,0,1,0,1,1,0,2,1,0,2,3,3,2,1,5,0,24,9,8,0,13
2021,"Greenwich 022","E02000334",6631,903,13,0,0,0,0,2,56,1,229,0,27,264,0,2,3,0,7,3,7,1,0,0,49,3,2,1,2,98,0,2,0,29,1,0,8,8,7,78,0,812,289,3,0,69,1,1,2,0,4,5,2,80,2,0,0,2,0,301,0,2,1,0,3,12,8,0,0,0,9,1,14,1,340,12,0,71,0,207,0,3,0,14,6,18,0,0,0,9,373,2,0,0,0,4,2,7,1,1,0,1,0,4,1,2,0,0,4,3,3,0,12,0,9,2,3,4,0,3,2,0,1,1,0,0,1,1,32,1,0,0,1,2,0,0,3,2,0,0,4,88,60,86,0,1,0,0,19,3865,2,10,1,0,3,0,12,0,0,0,0,6,34,0,3,4,2,1,0,6,2928,1,162,1,15,1,4,18,7,7,6,8,0,163,0,23,3,2,0,3,27,0,3,1,1,8,2,0,57,0,1,0,0,53,44,42,15,48,9,1,2,0,9,1,18,5,2,27,20,13,8,1,1,0,10,338,2,7,1,0,1,29,0,0,0,0,4,0,0,0,6,0,0,0,0,0,0,4,15,2,0,0,0,20,3,3,0,3,9,2,48,0,3,1,0,4,20,7,0,12,1,4,6,0,0,1,1,10,0,4,0,0,0,0,4,0,0,1,0,34,38,5,0,23
2021,"Greenwich 023","E02000335",6677,485,72,0,0,0,0,1,14,0,142,0,16,120,1,2,7,0,5,1,2,9,0,2,25,2,1,0,1,10,0,0,2,22,0,0,2,7,1,16,2,223,105,0,0,12,0,0,0,0,0,0,0,9,1,0,0,1,4,75,0,0,0,0,0,3,4,0,0,0,2,0,3,4,106,3,0,20,0,73,2,0,0,0,4,4,0,0,0,0,279,1,0,0,0,0,1,4,0,4,2,4,1,0,0,0,0,0,1,0,0,0,5,1,4,0,0,0,0,0,0,0,0,0,2,0,0,0,24,0,0,0,1,0,0,0,0,5,2,0,1,81,49,66,0,3,0,0,17,5437,0,2,0,0,1,0,20,2,1,0,0,3,15,0,2,0,2,5,7,2,4678,0,118,2,14,1,8,1,0,1,5,5,3,127,0,27,2,2,0,2,26,2,7,0,0,17,0,5,30,0,3,0,0,35,82,10,8,44,10,2,5,0,20,0,22,4,0,15,6,10,6,0,0,0,10,147,26,2,0,0,1,11,0,0,0,0,0,0,0,1,2,1,0,3,0,0,0,1,9,1,0,0,0,19,0,7,0,0,6,0,0,0,1,0,0,4,6,4,0,0,0,1,1,0,1,0,0,0,0,0,7,0,0,0,0,0,2,0,0,12,13,1,0,4
2021,"Greenwich 025","E02000337",8460,778,27,0,0,0,0,6,14,1,235,0,12,160,1,0,7,1,1,11,5,0,1,2,104,6,1,8,1,49,0,0,0,34,0,2,2,5,9,72,1,676,262,0,0,31,6,0,7,0,1,0,1,37,4,0,0,0,0,215,0,0,0,0,6,23,44,3,0,0,19,0,7,10,336,11,0,123,0,162,1,0,0,3,1,21,0,0,7,7,396,2,2,0,0,0,0,2,0,5,0,2,5,0,0,0,1,2,0,0,0,2,11,0,9,1,1,1,0,3,1,4,1,0,6,0,3,0,25,2,0,0,0,0,3,1,0,2,3,0,7,71,53,130,0,10,0,2,23,5935,1,13,0,0,1,0,11,0,1,0,0,7,38,1,1,2,1,2,1,0,4801,3,263,3,11,0,5,24,2,9,14,17,0,78,1,43,2,3,0,8,77,0,3,0,0,9,0,1,63,6,7,2,0,58,113,21,16,77,23,5,1,0,8,4,16,1,1,23,14,12,2,0,2,0,3,339,0,0,0,0,0,33,0,0,0,0,9,0,0,0,4,0,0,5,0,2,1,5,12,0,1,1,0,40,3,6,2,0,0,0,22,3,0,0,0,0,8,4,12,2,0,3,2,0,5,0,0,7,0,7,4,0,6,0,8,1,0,11,0,53,42,5,0,10
2021,"Greenwich 027","E02000339",6291,401,0,0,0,2,0,1,20,0,144,0,14,108,0,5,8,0,4,1,0,2,0,4,2,4,1,0,1,24,0,0,0,19,0,0,10,7,5,13,2,178,80,0,0,6,3,0,3,0,0,3,0,4,0,0,1,0,0,51,0,1,0,6,0,3,2,2,0,0,0,0,10,3,126,12,1,26,0,69,0,0,1,5,2,7,0,0,0,3,301,0,0,0,2,2,0,1,2,4,0,5,0,2,0,0,3,0,4,0,0,0,10,0,8,2,0,0,0,3,0,0,2,0,0,0,1,0,22,0,0,0,0,0,0,1,0,0,4,0,4,99,26,81,1,3,0,3,6,5158,0,3,0,0,0,1,18,2,0,0,0,5,20,1,0,0,0,3,1,4,4345,2,148,2,26,0,11,5,2,3,10,6,0,181,0,27,6,2,1,4,19,1,5,0,4,29,0,1,20,0,5,0,0,28,49,15,24,53,9,4,0,0,8,0,12,2,0,7,7,12,1,0,0,0,4,127,0,2,0,0,1,19,0,0,0,0,1,1,0,0,0,0,0,0,0,2,0,1,9,0,0,1,0,18,0,2,1,0,2,0,2,0,0,0,1,4,6,0,0,6,2,2,1,0,0,0,0,0,0,0,0,0,0,0,2,0,5,5,0,2,18,0,0,11
2021,"Greenwich 028","E02000340",6880,565,9,0,0,0,0,3,37,2,98,0,19,220,4,0,8,0,7,0,1,1,0,1,16,6,1,0,2,55,0,3,0,34,3,0,0,1,1,30,3,390,163,1,0,23,0,1,7,2,3,1,0,9,8,0,1,0,0,119,0,6,0,0,3,2,10,1,1,0,13,3,7,6,120,4,2,46,1,49,0,0,0,4,0,7,2,0,0,5,263,1,0,0,0,1,3,2,0,4,0,3,0,0,0,5,0,0,1,2,0,3,7,0,6,1,2,0,0,1,0,1,1,0,1,0,2,0,24,1,0,0,0,0,4,0,0,2,0,0,1,60,38,74,1,0,3,0,8,5365,1,20,0,0,0,0,15,1,3,1,0,11,60,0,0,0,3,2,3,8,4348,4,170,1,12,0,14,30,7,8,11,15,0,143,0,37,2,0,3,8,20,2,2,0,3,5,0,3,48,6,4,0,0,60,77,15,13,34,8,2,1,1,9,6,15,1,0,50,14,7,6,0,0,2,10,177,0,1,4,0,0,20,0,0,0,0,0,0,0,2,0,0,0,2,0,0,0,0,8,0,3,1,0,11,0,11,0,0,0,0,10,2,1,0,1,4,1,0,0,1,0,4,2,0,4,0,0,0,0,0,6,0,0,0,3,0,0,4,0,15,42,4,3,7
2021,"Greenwich 029","E02000341",7992,593,18,0,0,1,0,5,35,0,128,0,28,113,0,5,0,0,1,4,4,9,0,0,7,1,0,5,0,48,0,7,0,69,0,1,25,1,3,68,7,855,377,0,0,38,0,0,8,2,0,2,1,64,4,0,0,1,0,308,0,1,0,0,4,14,7,1,0,0,12,1,6,4,478,22,0,154,0,269,0,0,0,9,1,10,0,0,5,8,475,1,0,0,1,1,0,4,0,4,0,4,2,5,0,1,0,0,3,1,0,3,16,0,8,0,1,3,0,2,0,0,0,0,7,0,0,0,33,1,0,0,0,1,0,3,1,0,6,0,1,66,110,174,0,1,1,1,9,5297,1,21,0,0,1,0,8,0,0,3,0,8,34,0,0,0,1,1,0,3,4358,0,188,0,25,0,4,9,8,14,6,7,0,110,0,19,5,0,0,6,63,0,4,1,4,4,0,1,59,0,9,0,0,62,56,33,8,74,11,0,1,0,9,3,10,3,2,7,11,12,4,2,0,0,4,294,7,6,0,5,0,35,0,0,0,0,4,0,0,0,0,0,0,3,0,0,0,1,11,0,0,3,0,17,1,4,0,1,1,0,33,1,0,0,0,3,2,7,1,0,1,0,2,0,0,0,1,0,0,5,7,6,9,0,3,0,6,16,0,37,44,2,0,9
2021,"Greenwich 030","E02000342",6356,566,29,0,0,0,0,4,53,0,122,1,32,177,0,0,4,4,0,0,1,2,1,0,18,4,6,0,1,52,0,0,0,25,0,1,1,2,0,24,2,472,183,3,0,19,0,4,7,0,4,6,3,36,8,1,0,1,0,166,0,1,5,0,1,5,1,3,0,0,7,1,1,6,187,1,0,71,0,100,6,0,0,0,1,5,1,0,0,2,298,1,0,0,0,0,0,0,0,2,0,0,3,1,0,2,1,0,3,0,0,0,13,1,9,0,1,0,0,3,3,0,1,0,2,0,0,0,9,1,0,0,3,0,0,0,0,5,1,0,3,78,45,99,0,2,0,2,4,4620,0,13,0,0,0,0,3,0,0,3,0,10,17,0,1,3,5,4,2,2,3853,0,129,0,18,0,16,11,3,0,1,33,0,84,0,35,1,1,0,3,22,0,0,2,0,8,0,0,53,1,0,0,0,38,68,21,13,48,19,4,3,0,5,3,19,0,1,15,15,7,2,0,0,0,2,213,1,5,0,0,0,36,0,0,0,0,7,0,0,0,2,2,0,0,0,0,0,0,5,0,0,0,0,17,3,6,0,0,0,0,17,0,2,1,0,0,4,3,0,0,1,5,0,0,0,0,0,0,0,0,0,0,15,0,6,0,0,1,0,35,26,3,0,10
2021,"Greenwich 031","E02000343",7059,660,12,0,0,0,0,4,50,1,156,0,4,226,11,2,2,0,2,0,1,11,0,0,42,1,3,1,0,34,1,6,0,32,0,0,18,2,3,29,6,499,165,0,0,23,0,1,5,3,5,0,1,10,1,0,0,2,0,219,0,0,0,0,3,18,20,2,0,2,5,0,10,4,322,5,0,103,3,185,2,0,0,4,8,9,0,0,0,3,341,0,0,0,0,0,1,8,0,3,0,0,2,4,0,1,3,0,1,2,0,0,12,0,7,1,2,0,0,1,0,1,3,0,0,0,0,2,32,0,0,0,0,0,0,4,0,2,5,1,0,72,41,114,2,0,0,1,13,4932,4,12,0,0,0,0,18,2,0,1,0,10,31,0,0,0,0,5,4,3,4076,0,132,0,14,0,6,24,5,12,2,15,2,74,2,30,0,9,0,8,41,0,0,0,2,3,3,0,64,4,5,0,0,44,60,12,23,61,21,0,0,0,16,0,12,0,1,21,21,9,2,0,2,0,4,305,1,6,0,0,1,14,0,7,0,0,3,0,0,0,3,0,0,3,0,1,0,1,13,7,4,10,0,23,0,1,4,0,0,0,5,1,5,1,0,0,3,2,2,3,1,5,3,0,3,0,0,4,0,1,11,0,3,0,6,2,0,12,0,23,77,8,0,22
2021,"Greenwich 032","E02000344",6427,541,13,0,0,1,0,3,34,0,102,0,4,216,5,0,3,0,1,0,2,4,2,3,12,0,1,0,0,37,1,0,4,35,0,1,2,4,0,47,4,308,123,0,0,6,1,1,1,2,0,1,0,29,1,0,0,0,0,102,1,1,0,0,3,1,0,1,0,2,13,5,13,1,201,6,0,58,0,114,1,0,3,5,5,6,0,0,0,3,238,0,0,0,0,0,0,0,0,4,2,0,0,6,2,0,3,0,5,0,1,0,3,12,4,0,1,0,0,2,0,0,0,0,2,0,0,0,18,1,0,1,0,1,1,0,0,3,0,1,0,72,36,40,0,5,0,1,11,4924,1,4,4,0,0,0,4,2,2,0,0,3,30,2,0,2,4,1,2,1,4280,0,101,0,10,4,12,5,10,6,9,4,0,91,0,25,3,1,0,0,19,4,4,0,0,11,0,0,38,2,1,0,0,28,45,5,13,54,4,1,0,0,14,1,13,0,2,7,27,1,4,0,0,3,0,215,1,1,0,2,0,19,0,0,0,0,0,0,1,1,1,0,0,1,0,0,0,0,9,2,0,0,0,14,4,3,0,0,1,0,17,0,4,0,0,0,3,2,2,0,1,0,2,0,3,0,1,0,0,0,11,0,0,0,0,0,4,8,0,19,63,8,0,7
2021,"Hackney 001","E02000345",8198,392,12,0,1,0,0,0,64,0,34,1,8,194,0,0,2,0,0,2,0,2,0,0,1,2,2,0,1,38,0,0,0,3,0,0,0,3,8,8,6,307,139,1,0,14,0,0,10,0,8,2,0,18,4,0,2,1,0,53,1,1,1,2,0,20,11,2,6,0,8,0,0,3,276,6,0,40,1,200,5,1,0,3,1,11,0,0,0,8,291,1,2,1,0,0,0,5,3,0,0,10,0,2,0,0,0,0,2,0,1,2,8,3,13,1,1,0,2,0,0,0,0,0,0,0,4,0,23,3,0,0,0,5,5,1,1,1,3,0,1,62,31,78,0,2,0,0,14,5623,0,8,0,1,0,0,8,16,1,25,0,14,5,4,1,0,0,5,2,1,3961,2,146,3,21,1,8,12,0,6,16,18,1,54,30,25,565,0,11,1,3,1,4,0,0,40,0,1,23,1,4,0,0,250,100,7,25,43,2,8,2,0,1,6,31,4,12,61,10,1,1,8,0,0,2,1309,0,5,0,0,0,36,0,0,0,1,5,0,0,0,0,5,0,0,0,0,1,7,7,3,0,22,1,103,0,1,5,1,801,0,33,0,7,0,0,7,0,0,0,2,8,5,7,1,32,1,0,0,0,5,2,0,0,0,6,2,0,0,0,62,13,0,0,112
2021,"Hackney 002","E02000346",9393,1355,16,0,2,0,5,2,245,2,334,2,42,275,6,1,7,0,23,5,13,1,1,0,8,3,6,6,4,229,1,0,1,14,1,0,1,5,12,78,4,1475,618,1,0,56,0,6,78,8,33,27,14,160,11,0,5,0,6,269,5,0,0,1,8,121,4,0,2,1,13,0,3,25,938,28,0,215,1,605,6,4,0,12,8,36,0,0,2,21,681,3,1,0,0,3,2,6,0,10,6,2,6,5,0,0,2,1,4,8,7,3,10,3,23,0,1,0,3,1,1,2,3,0,0,3,0,1,70,4,0,1,2,0,2,3,0,5,3,1,5,104,159,162,0,3,3,0,34,3974,0,13,2,3,5,2,36,6,0,3,3,13,14,2,0,2,5,6,2,10,2035,0,244,5,43,0,43,68,14,10,55,16,0,146,3,119,50,11,36,8,6,8,3,1,0,44,1,4,61,1,6,0,0,86,200,40,31,84,27,1,8,0,4,4,63,13,3,177,26,21,2,2,2,0,12,970,0,23,0,20,0,132,0,0,1,1,2,2,0,1,9,6,0,1,0,3,1,1,13,16,3,8,0,155,1,17,2,1,25,0,60,1,3,0,7,18,0,11,1,0,8,13,0,1,1,0,2,0,0,0,0,2,1,2,16,4,0,0,0,277,33,4,3,58
2021,"Hackney 003","E02000347",8145,345,1,0,0,0,1,3,39,0,29,0,9,166,0,2,5,0,2,0,0,0,1,10,0,1,1,1,2,29,0,0,0,3,2,0,1,0,10,23,4,486,201,5,0,24,0,0,15,1,21,8,2,39,5,0,3,0,0,98,0,0,0,0,3,46,3,0,2,0,1,0,3,6,445,18,0,57,0,330,2,1,2,1,2,13,1,0,1,17,277,0,3,2,0,0,0,6,1,1,1,2,0,1,0,0,0,2,0,0,4,3,7,1,5,0,1,0,3,0,0,0,1,1,0,0,0,3,18,4,0,1,0,0,1,0,0,5,2,0,3,67,37,78,0,6,1,0,6,5493,0,3,0,0,0,0,28,3,0,19,0,14,7,0,0,2,5,0,7,12,3872,0,146,1,42,0,16,13,17,1,14,6,0,91,25,31,600,4,15,1,0,0,6,0,0,43,0,0,40,1,6,0,0,120,98,19,16,24,7,1,0,2,4,5,18,3,14,53,6,5,0,0,0,0,7,1099,0,5,0,0,0,58,0,1,0,2,3,1,0,0,0,1,0,1,0,0,0,2,8,0,1,1,0,78,0,5,0,0,568,0,101,0,1,0,2,6,0,18,1,2,1,3,0,0,1,0,3,0,1,2,0,0,1,0,12,3,0,0,0,134,15,3,0,54
2021,"Hackney 004","E02000348",8106,611,2,0,0,0,0,0,130,4,24,0,1,351,0,1,2,0,1,4,0,4,4,7,0,0,1,0,1,34,2,2,0,1,0,0,1,0,12,20,2,680,318,3,0,17,6,0,31,6,18,10,0,64,0,0,0,1,1,125,0,0,0,0,9,46,0,2,0,0,2,0,8,13,632,20,1,114,0,451,2,0,0,6,2,28,0,0,0,8,328,0,3,0,2,2,0,6,0,4,1,0,2,3,0,0,0,0,2,2,0,1,6,0,11,0,0,1,5,0,0,1,3,0,0,0,0,0,32,2,0,2,1,0,0,1,0,4,4,1,0,53,69,83,0,4,1,0,16,4781,0,7,6,4,0,0,8,9,0,14,1,9,3,3,0,1,4,4,1,1,3495,3,121,0,13,0,12,4,2,5,13,8,2,101,33,35,330,7,19,2,2,1,2,0,0,39,0,0,34,5,2,0,0,120,95,19,19,15,1,0,5,0,3,6,21,3,6,85,7,2,0,3,3,0,3,1074,1,7,0,2,0,49,0,1,0,0,2,6,9,5,4,5,0,0,0,0,0,1,4,0,5,2,0,63,3,3,0,0,470,0,112,0,6,0,1,5,0,5,0,2,1,4,2,1,4,0,0,3,1,2,13,0,4,0,6,2,0,0,0,155,32,2,0,69
2021,"Hackney 006","E02000350",10226,1537,14,0,0,1,0,3,211,1,74,2,5,1052,1,3,13,5,6,0,1,2,0,2,2,2,2,0,0,82,1,7,3,8,1,1,1,4,7,19,1,589,218,1,2,13,1,0,13,2,3,11,1,46,1,0,1,1,0,215,0,0,0,3,2,24,1,0,1,1,6,0,4,18,654,9,0,106,0,476,9,0,0,7,2,37,0,0,1,7,576,3,2,0,1,1,0,12,2,8,1,4,4,3,0,0,6,2,1,0,4,2,11,1,19,1,1,0,4,1,0,0,0,0,2,0,0,1,28,0,0,1,0,1,3,0,1,1,0,1,10,126,100,168,0,8,1,1,29,6075,0,6,1,0,1,0,118,4,0,7,2,65,5,4,2,3,2,4,11,4,4039,2,318,3,72,1,36,29,4,5,9,11,1,283,15,86,266,0,30,4,12,0,9,1,0,53,2,1,32,1,10,1,0,109,96,29,24,28,11,4,3,1,8,13,55,11,9,71,1,0,6,4,1,0,16,795,2,6,0,0,0,67,0,0,0,2,2,4,0,0,7,6,0,4,0,0,0,0,14,0,1,5,0,82,1,1,2,2,267,0,57,0,2,0,4,6,0,5,3,0,3,6,2,0,1,0,8,0,0,1,6,0,0,0,14,3,0,0,0,102,9,6,1,81
2021,"Hackney 007","E02000351",9302,800,13,0,1,0,0,0,168,0,150,0,21,238,0,5,33,1,9,0,2,5,2,0,3,13,3,0,1,59,0,0,1,7,5,1,1,5,14,34,5,670,281,6,0,29,2,0,22,0,19,17,2,50,2,0,2,1,1,134,1,2,0,0,7,59,10,4,5,0,5,0,1,8,518,13,3,89,1,359,2,0,1,8,0,16,0,0,3,23,736,0,2,0,0,2,1,12,6,8,0,1,5,4,0,1,4,0,5,1,0,2,12,1,14,1,7,2,7,5,0,2,1,0,2,1,2,1,46,9,0,1,1,1,4,2,0,0,2,0,11,237,103,157,0,18,4,3,25,5695,2,11,0,4,2,1,68,5,0,7,2,15,9,0,0,4,4,5,7,16,3552,3,398,9,88,0,51,57,5,6,78,24,1,245,2,130,55,4,11,0,8,2,10,9,0,60,4,5,47,3,21,3,0,81,123,34,25,47,13,5,5,2,22,4,78,14,4,148,14,1,4,2,2,0,14,883,1,6,2,0,1,113,2,0,8,0,3,0,2,4,1,0,0,2,0,1,0,3,18,5,2,4,0,122,0,18,4,1,68,0,95,0,31,1,1,15,0,8,3,1,7,7,1,0,2,1,0,0,0,7,8,0,3,0,9,2,0,1,0,199,32,0,5,53
2021,"Hackney 008","E02000352",6749,358,7,0,0,0,0,6,86,0,32,0,3,110,1,1,12,0,3,9,1,1,0,7,1,2,1,0,3,26,0,0,0,2,4,2,0,4,15,19,0,420,183,1,0,17,0,3,20,0,19,2,1,33,1,0,0,2,0,76,0,0,1,0,0,29,4,2,0,0,5,0,4,17,595,3,0,79,0,476,2,1,0,2,1,23,1,0,0,7,486,1,2,0,0,2,1,5,0,8,1,4,3,0,0,0,1,2,6,0,0,5,7,0,13,0,1,1,3,1,0,1,4,0,0,0,2,1,27,2,0,1,0,0,4,3,0,1,1,0,5,129,72,132,3,9,1,0,21,4431,2,1,1,0,0,0,38,2,0,5,2,5,4,1,1,3,0,2,10,12,3128,0,187,3,48,0,28,26,5,0,16,5,0,153,5,70,127,1,10,3,8,0,10,0,0,27,1,0,27,3,17,2,0,62,139,10,7,36,6,4,3,3,8,1,26,5,10,94,6,0,2,2,0,0,8,459,0,1,0,0,1,12,1,2,0,0,1,4,0,0,0,0,0,2,0,0,0,1,6,1,2,7,0,50,1,5,1,2,98,0,41,0,0,0,3,4,0,4,2,0,1,3,2,0,2,0,0,0,0,0,3,0,0,0,10,0,0,0,2,130,24,3,0,27
2021,"Hackney 009","E02000353",7779,781,1,1,0,0,0,2,154,1,56,0,7,324,0,4,12,14,16,0,3,3,2,16,1,13,1,0,5,104,0,0,0,14,1,0,4,4,6,11,1,387,120,0,0,9,3,0,8,2,5,6,0,27,3,0,2,1,1,77,0,0,5,0,0,33,76,2,0,0,1,0,1,5,567,5,1,109,2,398,22,0,0,4,1,17,2,0,0,6,534,0,3,0,0,4,1,6,0,6,0,6,3,3,2,2,5,1,2,5,1,2,16,0,18,1,1,0,7,2,1,2,3,1,6,1,0,3,33,5,1,9,1,0,1,9,0,7,1,0,5,156,53,115,1,9,1,0,13,5043,0,5,0,0,5,1,72,3,3,5,0,11,9,1,3,2,2,5,5,12,3516,0,247,3,71,1,48,22,10,3,44,4,1,268,2,107,63,1,4,4,3,1,15,3,0,47,0,1,25,1,14,0,0,59,51,12,30,19,34,2,4,0,3,3,50,35,1,44,1,4,6,0,0,0,12,467,0,2,0,0,0,32,0,0,0,0,1,3,2,4,1,1,0,0,0,0,1,0,26,2,0,4,0,37,1,8,6,1,50,2,48,0,8,0,3,8,0,2,1,1,3,10,3,0,0,2,0,0,0,0,0,0,0,0,5,3,0,4,4,136,17,0,0,25
2021,"Hackney 010","E02000354",9609,1322,2,1,4,0,1,4,466,0,60,0,10,501,0,4,8,0,6,4,1,6,5,7,3,4,3,1,4,121,2,1,0,2,1,0,0,2,14,68,6,1302,421,0,0,20,3,0,151,2,14,14,8,159,7,0,0,1,0,235,0,0,0,0,11,182,9,7,20,3,8,0,4,23,1239,28,0,180,0,897,9,0,1,24,6,69,1,0,15,9,699,2,6,1,0,1,4,10,4,4,3,2,10,2,2,0,7,4,1,1,0,0,7,4,17,0,5,0,1,6,3,2,2,1,0,0,7,2,54,2,0,2,1,0,4,1,1,7,0,0,8,160,155,156,2,4,0,0,21,4313,0,5,0,0,0,0,55,1,0,6,0,10,20,4,0,3,2,6,5,11,2769,3,243,8,38,0,40,20,7,8,15,9,2,188,4,102,22,1,21,4,5,1,9,0,0,53,0,0,30,2,10,0,0,66,85,29,25,16,13,1,1,1,6,1,37,15,6,239,20,0,3,0,0,0,7,734,0,6,0,0,0,51,0,0,0,0,6,10,3,3,2,4,1,2,0,0,1,1,31,3,0,8,0,88,2,5,5,3,33,0,98,0,4,1,0,0,0,6,1,0,8,7,5,0,3,0,5,3,0,0,12,0,2,0,8,18,0,7,0,211,32,1,0,34
2021,"Hackney 011","E02000355",8189,1380,12,1,2,1,0,2,189,0,49,1,7,821,1,3,11,0,3,3,4,2,4,5,0,5,10,1,2,178,0,6,0,10,0,3,0,2,8,32,2,563,247,6,0,24,4,1,9,3,7,5,3,65,4,0,0,1,0,111,1,0,0,1,1,40,8,1,1,3,4,2,3,8,886,10,0,115,2,704,3,2,3,10,3,27,4,0,0,3,572,0,1,0,0,0,0,12,3,7,0,8,2,10,2,0,5,2,5,0,1,1,9,0,5,0,4,0,5,2,2,3,1,3,6,0,5,1,52,1,0,4,3,0,2,0,0,2,0,1,10,134,74,162,1,4,0,1,16,4408,0,3,0,1,3,0,72,4,0,5,1,9,8,2,2,2,5,2,4,13,2940,2,292,5,64,0,59,23,2,14,25,9,2,237,2,81,28,0,7,2,15,1,15,2,0,45,1,3,24,0,21,0,0,64,63,17,26,15,6,0,7,1,7,5,36,19,10,59,3,2,4,0,0,0,7,380,2,16,1,0,2,46,0,1,0,0,4,3,1,0,2,1,0,3,0,0,0,0,16,0,1,1,0,47,1,9,1,1,27,0,14,0,8,0,0,0,0,2,2,0,8,4,2,0,3,0,3,0,0,0,7,0,5,0,7,2,0,0,0,75,18,8,0,26
2021,"Hackney 012","E02000356",7027,415,0,0,0,0,1,0,72,0,52,1,7,151,1,3,21,0,8,4,2,0,5,0,1,10,1,0,1,37,0,1,0,5,0,1,0,2,11,11,6,298,101,0,0,7,1,0,11,0,10,7,0,42,1,0,4,0,0,72,0,1,1,0,0,25,0,0,4,0,7,0,1,3,454,8,0,70,1,342,3,1,0,9,1,10,0,0,2,7,544,1,1,0,0,3,0,6,1,7,0,2,5,1,0,0,2,1,2,1,0,4,6,0,23,2,4,1,3,0,1,4,2,1,1,0,1,0,32,4,0,2,0,0,3,0,0,9,0,0,9,152,58,154,1,10,0,0,24,4852,0,5,4,0,3,0,86,2,0,8,0,4,15,1,2,2,0,7,4,10,3410,0,271,5,58,0,35,13,17,0,26,6,0,220,7,72,24,6,7,2,3,0,16,1,0,53,0,5,20,0,26,1,0,60,47,18,17,11,16,4,2,2,19,8,44,13,8,94,11,2,3,2,1,1,12,464,0,2,1,0,0,35,0,0,0,0,1,5,1,0,1,0,0,3,0,0,0,0,12,1,0,12,0,51,0,8,3,0,36,0,64,0,0,2,1,1,0,3,0,1,4,6,6,0,0,1,0,0,0,0,6,0,2,0,4,3,0,0,1,111,41,7,0,28
2021,"Hackney 013","E02000357",6847,626,23,3,0,0,0,1,210,1,34,0,29,149,1,3,1,0,3,5,2,2,0,3,0,1,3,4,3,71,1,0,0,0,2,1,0,3,20,44,3,1743,616,12,0,93,5,6,66,6,27,18,15,190,5,0,1,0,1,406,3,1,0,2,19,174,11,6,5,0,17,0,12,26,1362,19,0,297,0,911,13,6,0,29,11,45,3,0,8,20,460,1,1,0,0,4,2,11,1,3,0,1,7,6,0,1,1,0,2,3,7,3,8,0,8,0,1,0,0,2,0,6,1,0,1,0,0,0,30,2,0,0,4,1,2,0,0,3,0,0,1,48,98,177,0,2,0,0,11,2097,1,2,0,0,0,0,10,0,0,2,2,0,13,2,0,0,4,0,1,1,1225,2,129,1,21,0,10,13,3,32,7,11,0,119,0,45,7,7,4,4,9,1,7,5,0,2,0,0,36,1,1,1,0,21,47,18,7,20,4,37,2,1,2,0,18,6,4,151,9,3,3,0,0,0,3,559,10,13,0,1,0,57,0,0,0,1,2,1,4,1,0,0,0,3,0,3,1,3,6,2,0,5,0,37,0,1,1,0,0,0,61,0,6,0,7,5,0,6,0,1,3,4,1,1,2,1,0,3,0,0,1,1,10,1,7,0,0,0,0,187,37,4,0,58
2021,"Hackney 014","E02000358",11094,1059,13,0,0,1,0,3,195,0,108,0,10,361,0,4,34,0,9,8,1,8,0,2,0,10,4,0,1,132,5,12,0,19,4,0,8,9,32,54,12,979,377,2,0,37,1,0,58,8,8,10,2,167,2,0,2,6,0,185,2,0,0,2,15,54,19,1,1,0,4,3,2,11,1180,15,0,267,2,809,10,2,2,10,5,46,2,0,0,10,875,1,0,0,0,3,1,8,0,11,0,5,10,12,3,1,5,4,9,3,2,3,19,2,20,0,1,1,4,3,0,9,53,0,0,0,0,5,64,4,0,4,3,1,8,0,0,7,4,1,7,190,103,234,0,9,0,0,38,5977,2,17,2,2,5,0,106,6,0,20,11,22,22,0,2,3,5,4,6,10,3470,6,405,4,110,4,111,40,20,9,25,12,0,336,3,178,53,3,25,3,15,0,20,2,1,59,0,1,54,5,13,0,0,90,95,55,45,19,13,3,9,0,17,7,124,26,8,197,15,2,1,0,3,0,16,1024,4,9,0,0,10,71,1,3,0,0,1,16,5,4,3,11,0,3,0,2,1,1,23,1,6,9,0,132,0,5,0,1,44,4,137,0,6,1,0,11,1,13,0,7,10,12,3,0,3,3,1,0,0,0,19,0,4,0,8,9,2,2,0,278,66,2,3,53
2021,"Hackney 015","E02000359",6706,676,16,0,0,0,0,2,180,0,60,0,10,196,2,0,3,2,6,4,1,0,1,10,1,0,1,0,1,136,0,4,0,3,0,0,0,2,8,23,4,721,225,4,0,28,6,0,52,3,5,56,3,98,6,0,0,0,0,162,1,0,0,0,5,38,8,1,0,0,7,0,3,10,813,9,1,131,1,614,7,0,0,12,5,17,1,0,0,15,468,0,0,0,0,2,0,7,2,2,6,2,5,0,1,4,4,2,5,0,0,0,10,0,13,3,5,0,1,0,0,2,5,0,0,2,2,0,43,1,0,3,0,0,1,1,1,6,3,2,6,118,56,118,0,5,0,0,19,3573,0,5,0,0,0,0,41,1,0,2,0,3,7,0,0,2,0,4,3,9,2438,1,219,3,33,2,27,13,1,3,8,10,0,128,0,58,14,6,4,4,8,1,13,3,0,32,1,2,34,0,14,0,0,53,44,11,20,19,8,1,1,1,4,2,23,12,5,197,6,2,2,0,0,0,5,455,0,14,0,0,0,55,3,0,0,0,0,0,1,2,1,5,0,1,0,0,1,5,9,1,1,7,0,55,1,3,0,0,7,0,47,0,4,2,8,1,0,9,0,0,1,3,2,0,0,0,3,6,0,0,17,0,6,0,2,3,0,1,0,106,28,1,0,33
2021,"Hackney 016","E02000360",11521,1596,20,0,1,0,0,6,485,2,115,0,70,350,1,3,26,0,5,9,4,4,2,4,1,7,5,1,1,296,0,0,0,15,0,2,2,9,28,116,6,2047,851,3,1,79,4,7,75,9,27,28,18,244,9,0,4,3,0,442,3,0,0,2,23,127,12,11,8,3,23,5,12,14,1614,45,3,334,0,1075,25,7,1,24,16,56,0,0,4,24,792,2,1,1,0,1,0,5,1,9,3,4,14,5,1,1,2,0,1,3,3,4,15,1,12,2,3,0,4,2,2,11,1,4,3,0,1,4,71,6,1,1,1,0,5,3,0,6,6,0,4,127,125,249,2,5,3,3,48,4371,1,12,4,5,0,1,52,5,2,5,1,2,15,0,0,4,6,43,12,12,2760,2,281,8,42,1,33,36,4,3,25,2,2,211,4,83,28,5,2,0,8,1,11,0,0,31,0,5,53,5,5,12,0,62,77,23,52,9,6,0,4,2,10,3,41,20,5,183,13,1,5,1,0,0,9,1101,17,16,0,0,15,165,1,0,1,1,3,5,6,2,0,9,0,8,0,0,0,4,19,13,1,8,0,111,4,10,0,1,15,0,135,0,2,0,4,12,0,17,7,0,12,8,2,0,5,0,0,4,0,0,8,0,4,0,8,3,0,0,0,321,62,8,4,40
2021,"Hackney 017","E02000361",8062,800,11,0,0,0,0,9,162,0,151,0,14,189,3,3,16,0,10,0,1,0,0,7,1,2,9,0,0,65,2,0,0,11,3,5,1,8,15,98,4,949,354,6,0,26,1,3,27,0,10,10,7,111,2,0,3,4,0,268,2,0,0,2,17,55,11,3,1,1,5,0,3,17,795,21,1,116,0,577,8,16,1,20,2,17,1,0,4,11,627,0,1,1,0,2,1,10,4,13,1,4,3,5,0,2,1,0,5,4,3,4,13,0,17,0,3,0,1,4,5,0,1,0,0,0,0,1,78,2,0,16,1,1,1,5,1,1,2,1,12,117,101,149,0,10,3,1,16,4278,2,4,0,3,0,0,94,2,0,9,0,13,12,0,1,4,4,4,8,19,2591,3,264,3,71,1,60,60,10,12,21,12,1,169,0,107,47,1,1,5,9,4,8,0,0,63,1,6,32,2,11,3,1,59,104,38,56,10,12,5,1,1,7,4,54,17,4,65,64,7,1,1,1,0,9,613,6,6,0,0,0,96,2,0,0,0,1,5,1,0,0,0,0,1,0,2,0,3,9,1,1,1,1,83,2,9,1,4,28,0,58,0,2,3,3,4,0,2,1,2,4,6,1,0,3,0,0,5,0,2,17,0,12,0,14,2,0,0,0,121,35,7,1,45
2021,"Hackney 018","E02000362",6957,608,10,0,0,0,0,4,184,0,78,4,30,120,0,2,6,0,3,4,1,1,1,2,3,5,5,1,0,44,2,0,0,14,0,3,0,5,11,61,4,1015,425,7,0,42,1,2,52,2,7,24,4,109,2,0,1,0,6,228,0,2,1,1,11,64,3,1,1,2,11,0,0,6,907,10,1,174,1,651,5,8,0,8,0,28,4,0,0,17,546,1,0,0,3,2,0,7,2,0,0,1,4,4,0,0,0,3,2,1,7,0,18,1,10,0,2,0,3,1,2,4,1,2,0,5,1,2,32,3,0,2,1,1,5,1,0,0,3,1,3,71,105,199,3,3,0,0,24,3405,0,4,5,0,0,0,35,2,0,8,0,1,17,0,0,3,2,3,5,6,2404,3,191,5,17,0,21,14,6,16,10,4,1,151,0,56,14,1,4,1,10,0,6,3,1,26,0,2,40,0,11,0,0,40,46,24,19,14,9,6,2,2,8,2,24,7,1,64,13,3,5,2,0,0,5,476,7,15,0,0,3,64,0,0,0,0,8,0,9,0,3,5,0,1,0,5,3,7,6,1,3,7,0,30,0,10,1,0,18,0,41,1,5,1,9,4,0,3,2,2,1,10,3,0,0,1,1,0,0,0,0,0,4,0,7,3,1,0,1,112,32,0,0,26
2021,"Hackney 019","E02000363",11876,1396,16,0,1,1,0,5,586,1,135,0,45,253,1,3,6,0,2,8,0,3,5,2,2,1,3,0,2,83,2,2,0,9,4,2,7,4,29,160,13,2666,969,20,2,118,12,11,148,3,23,9,11,330,5,0,8,2,0,645,3,0,0,2,21,176,15,8,6,0,65,4,6,44,1771,56,3,370,2,1142,65,4,0,14,13,62,5,0,0,35,884,16,0,2,0,2,0,18,2,11,18,1,5,7,0,0,3,1,7,3,3,4,12,0,25,2,2,0,6,0,4,7,0,0,4,1,1,2,70,6,0,4,3,0,4,1,3,13,3,0,5,122,159,289,0,4,0,1,28,4176,1,13,0,0,3,0,32,2,0,2,0,10,16,3,1,0,13,0,4,3,2746,0,243,5,43,1,13,16,12,10,37,5,0,166,0,68,23,3,23,7,10,2,4,0,1,22,2,6,59,1,8,9,0,48,79,24,31,8,4,1,2,1,6,10,43,13,29,187,10,7,0,2,0,0,23,983,1,14,0,1,4,115,0,2,0,1,0,3,3,0,2,10,0,7,0,0,1,6,17,3,1,21,0,109,0,5,0,1,10,0,113,0,2,0,7,21,0,12,3,4,7,7,4,0,0,0,0,0,0,0,3,0,3,0,12,6,0,1,0,304,48,33,1,55
2021,"Hackney 020","E02000364",9216,773,13,0,0,0,3,1,248,2,74,0,22,190,1,3,19,0,14,4,0,3,1,0,0,5,4,0,4,56,0,0,0,8,5,1,3,10,10,61,8,906,369,5,0,43,1,2,51,0,12,7,4,72,3,0,1,0,0,177,0,2,0,1,6,59,3,1,1,0,61,0,8,17,1150,85,1,167,3,787,5,3,0,13,5,60,0,0,13,8,548,0,0,0,0,2,0,4,0,5,0,5,0,6,0,0,3,0,4,1,0,7,9,0,13,1,1,0,4,1,0,3,0,0,2,1,0,1,50,11,2,1,0,0,1,0,1,7,3,1,3,143,78,138,0,6,1,1,28,5276,0,2,0,1,1,2,116,7,0,4,0,10,17,0,2,4,0,5,11,12,3612,1,298,3,60,0,66,26,12,9,9,10,0,223,2,127,35,0,1,6,10,0,14,3,1,62,1,4,36,2,19,0,0,73,62,17,28,13,12,8,4,0,12,1,66,21,9,93,5,1,2,0,0,0,3,563,6,13,2,0,2,91,1,0,3,1,2,5,4,5,1,0,0,5,0,1,3,0,30,2,6,9,0,44,2,13,2,7,37,0,45,0,5,0,1,4,0,3,2,2,3,6,6,1,0,0,1,0,0,0,5,0,0,0,2,3,0,0,0,111,27,11,0,28
2021,"Hackney 022","E02000366",8324,694,11,0,0,0,0,2,283,0,63,0,12,143,2,2,12,0,6,0,1,0,2,1,0,6,0,2,1,57,0,6,0,9,0,0,2,2,6,61,2,915,339,0,0,49,0,3,16,4,11,13,1,116,1,0,0,0,0,234,2,0,1,0,4,66,13,0,1,2,15,2,1,21,1028,8,8,173,2,741,4,3,0,8,4,39,17,0,0,21,659,0,0,1,2,1,0,2,1,8,2,9,3,1,1,0,3,1,7,1,0,2,13,2,14,1,1,4,3,1,3,2,3,0,6,0,0,0,33,2,2,1,0,0,7,0,1,4,14,1,9,112,84,227,4,3,0,1,56,4580,2,17,1,0,1,1,49,2,1,7,0,3,9,1,1,2,2,4,11,10,3357,1,198,7,39,0,25,19,5,8,21,8,0,193,2,65,32,4,6,10,10,1,12,1,0,32,0,2,52,0,11,0,0,50,49,22,15,11,6,2,1,0,10,1,45,11,3,85,8,3,1,3,0,0,9,448,0,5,0,0,3,30,0,0,0,0,3,5,0,4,10,7,0,1,0,0,0,4,15,3,0,8,0,23,6,4,1,1,15,0,24,0,3,0,3,12,0,1,0,0,3,4,0,0,2,0,0,0,0,0,6,0,9,0,4,3,0,0,1,140,44,7,2,32
2021,"Hackney 023","E02000367",10426,905,5,0,0,0,0,3,285,0,152,0,51,190,2,6,12,2,13,2,2,5,1,0,0,6,7,0,2,50,0,0,0,7,3,4,0,8,7,71,9,949,332,4,0,39,1,4,49,5,15,10,3,152,0,0,8,0,5,197,0,6,1,3,8,57,4,3,5,1,12,4,2,19,922,15,0,166,0,678,9,4,0,4,8,20,1,0,0,17,825,5,6,2,0,4,4,11,1,9,0,4,2,2,1,1,9,0,9,0,2,8,11,2,23,0,1,0,4,3,5,6,2,0,2,0,1,7,57,5,0,2,1,0,5,1,0,3,6,1,12,184,116,221,2,12,3,0,47,6234,0,7,0,1,5,2,150,8,0,14,3,16,15,0,2,7,4,9,12,13,3885,5,398,10,102,1,79,40,7,3,27,20,1,315,5,187,47,5,11,4,16,1,15,3,1,80,0,3,67,9,24,8,4,117,77,32,35,28,23,0,4,4,21,7,99,16,13,82,5,5,2,0,0,0,13,591,0,6,0,2,0,100,0,0,0,0,4,3,0,0,2,2,0,3,0,1,1,0,16,2,0,1,0,80,0,6,2,4,35,0,34,0,4,5,5,4,2,9,1,0,2,6,0,0,4,0,1,0,2,1,3,0,1,3,9,9,0,0,0,138,24,11,0,43
2021,"Hackney 024","E02000368",9930,1086,4,0,1,0,0,6,478,0,126,0,25,183,1,4,6,0,0,2,8,1,3,0,1,8,5,3,4,78,0,0,1,4,2,2,0,13,44,70,3,1613,548,7,3,86,8,8,99,1,20,32,12,211,8,0,0,1,0,353,3,0,2,1,4,109,5,6,8,0,9,2,6,61,1213,17,0,287,1,800,31,10,0,17,10,31,0,0,1,8,656,0,4,1,0,5,2,20,4,8,0,4,9,5,1,0,0,0,3,2,0,3,9,0,20,1,1,0,0,1,2,4,4,0,2,0,0,1,76,4,2,1,0,0,2,2,2,3,0,2,5,100,116,190,0,4,2,1,28,4390,1,12,0,2,1,1,78,6,0,5,0,10,6,1,0,3,1,3,9,12,2705,3,275,2,67,3,36,29,6,10,15,11,1,238,3,123,32,5,15,6,3,4,8,1,0,47,2,3,40,0,7,6,1,103,69,28,28,12,16,0,13,0,5,5,52,12,2,157,21,1,6,0,0,0,2,972,1,8,2,0,1,116,1,0,1,0,2,1,2,4,1,5,0,5,0,2,0,1,25,1,0,4,0,107,2,14,2,0,21,1,113,0,6,0,4,15,0,16,1,1,4,3,6,0,1,0,0,0,0,0,0,0,1,2,19,2,0,0,0,345,48,11,1,43
2021,"Hackney 025","E02000369",13461,1410,11,0,2,0,1,1,355,1,256,1,26,324,1,11,28,0,20,7,0,5,0,1,3,11,32,3,4,101,1,0,0,11,6,4,5,8,40,116,14,1710,691,8,0,58,16,10,73,6,37,34,9,166,9,0,5,1,0,407,2,0,0,4,23,92,3,1,2,0,7,0,2,44,1271,25,7,283,1,840,8,4,0,20,4,57,2,0,0,20,961,1,6,0,1,1,0,7,7,7,0,2,5,8,1,0,7,0,5,7,5,2,18,0,34,1,4,1,3,2,5,4,1,0,4,7,0,4,75,6,0,3,3,1,1,1,0,14,3,3,10,246,154,217,0,17,0,2,45,6802,0,21,2,2,2,2,142,10,2,16,1,11,26,2,2,4,4,7,12,22,3820,5,517,11,179,0,73,84,5,14,36,8,2,307,18,180,34,12,33,6,24,1,11,0,1,83,1,8,73,5,12,10,2,125,127,76,53,25,24,5,6,5,13,5,80,18,11,283,13,18,11,3,1,0,35,1307,0,19,0,14,5,200,0,1,0,0,4,4,4,2,5,4,0,1,0,5,3,2,19,2,3,0,0,110,1,21,4,2,33,0,150,0,5,2,4,33,0,24,6,4,9,7,6,0,1,3,0,0,2,1,4,0,12,0,12,6,2,2,0,417,53,11,1,62
2021,"Hackney 026","E02000370",8865,983,19,0,0,0,5,0,200,0,217,0,56,218,1,3,19,10,32,4,7,1,5,0,2,10,8,4,1,35,9,4,0,5,7,3,0,3,8,82,5,1200,467,0,6,32,3,9,71,5,29,13,3,169,0,0,1,1,0,235,0,0,3,1,10,85,5,4,2,0,14,0,0,32,741,30,3,193,3,437,7,3,1,13,7,27,0,0,7,10,651,4,14,4,0,3,3,10,2,14,0,0,11,12,0,0,1,3,0,1,5,0,11,0,31,4,6,0,1,1,1,2,0,0,1,0,1,1,45,3,0,2,2,0,1,0,2,11,0,0,8,144,107,139,1,7,0,2,30,4412,0,24,4,0,1,0,84,14,0,11,0,10,16,1,1,1,0,7,11,11,2332,2,327,3,144,0,68,49,14,0,17,6,4,174,2,133,33,15,26,5,19,4,12,2,0,60,5,6,51,2,15,1,0,92,73,48,43,88,23,7,7,1,6,6,93,13,11,130,18,8,1,0,2,0,15,878,48,11,2,1,1,100,0,3,0,1,2,0,4,2,2,3,0,4,0,3,2,6,14,8,2,1,0,114,0,10,1,0,18,0,116,0,4,0,5,14,0,14,6,3,9,11,4,6,0,2,0,5,0,1,0,0,4,0,12,2,0,0,0,219,31,6,3,38
2021,"Hammersmith and Fulham 001","E02000372",9988,1839,70,0,0,0,2,16,103,3,490,1,420,290,15,29,42,4,12,0,47,5,0,0,2,9,24,15,0,189,1,0,0,14,5,2,5,15,0,8,1,924,304,0,7,12,3,0,4,4,41,39,0,51,8,0,3,1,1,71,0,2,9,0,3,272,22,18,11,0,6,0,15,17,936,17,0,156,1,674,3,0,3,7,1,48,1,0,2,23,763,0,0,5,0,3,0,2,2,8,0,6,5,4,0,0,3,4,7,3,0,9,7,3,15,0,2,0,3,2,2,6,1,0,3,5,3,5,55,7,2,2,0,0,8,0,1,1,0,0,3,106,123,291,0,5,0,5,36,4491,5,25,4,6,0,0,36,7,0,11,0,22,23,0,1,1,6,8,4,6,2595,2,259,3,48,9,29,79,14,17,35,29,3,235,5,131,11,6,0,3,9,0,6,1,0,18,2,1,52,18,7,3,2,116,144,61,95,39,22,13,4,5,9,7,108,12,6,17,2,8,7,1,1,0,17,1035,6,7,0,0,2,443,0,0,0,0,10,0,4,2,3,5,0,0,0,7,0,6,15,28,4,0,0,93,1,53,0,1,5,0,43,0,1,1,21,0,0,40,17,3,28,14,4,1,4,1,7,0,0,5,3,0,45,0,17,2,0,0,0,25,0,2,4,52
2021,"Hammersmith and Fulham 002","E02000373",7046,931,110,0,0,0,0,8,174,0,102,3,198,89,0,25,7,0,2,5,3,0,0,0,2,11,23,9,7,111,0,0,0,9,2,0,0,14,2,5,10,1814,586,5,3,31,0,0,13,5,106,86,0,104,5,0,0,1,1,128,0,4,5,1,11,645,41,1,18,0,3,0,3,8,710,10,0,136,1,491,4,0,0,11,0,38,2,0,8,9,547,0,0,10,0,2,0,11,0,2,3,3,9,1,0,0,1,0,1,1,3,3,7,0,19,1,0,0,0,0,0,2,0,0,3,1,0,3,48,4,1,0,0,0,7,0,4,0,0,0,7,88,91,181,0,2,0,1,27,2263,1,30,10,4,0,4,9,2,0,1,1,7,10,2,0,3,4,1,0,4,1263,0,128,1,8,5,12,32,1,0,17,16,6,100,2,72,5,45,0,1,15,0,2,1,2,10,1,2,40,17,4,7,2,43,93,54,33,20,6,1,5,3,0,4,44,0,2,25,0,0,9,1,0,0,10,781,6,13,0,4,2,364,0,1,0,4,6,0,4,3,1,0,0,0,0,4,0,3,13,20,3,0,0,68,0,24,1,0,0,0,14,0,0,0,16,0,0,39,12,3,11,8,5,0,1,1,1,0,1,7,0,0,48,10,13,5,0,0,0,11,0,4,2,25
2021,"Hammersmith and Fulham 003","E02000374",6911,762,53,8,1,0,1,8,66,3,115,0,127,175,3,4,11,0,5,1,21,0,0,0,6,4,8,3,2,103,2,0,0,6,4,0,0,10,0,4,8,731,226,3,2,32,0,0,2,6,44,32,1,30,4,0,0,0,4,44,0,0,1,1,2,227,15,7,27,0,8,0,2,11,482,15,0,90,2,330,1,0,0,8,2,19,3,0,11,1,506,3,2,9,2,3,1,4,3,3,1,1,5,3,0,0,1,0,5,0,0,4,6,0,12,1,0,0,1,0,0,1,0,2,0,0,0,0,34,0,0,1,1,3,1,1,0,1,0,1,10,104,75,162,0,6,0,0,33,3820,0,15,0,0,1,5,44,1,3,2,0,6,10,2,1,7,3,10,0,5,2371,10,249,7,71,3,16,45,1,7,14,5,3,229,0,93,6,5,1,11,17,0,3,1,0,18,1,4,40,3,7,6,0,94,90,50,49,31,14,15,6,2,11,1,68,4,0,4,0,5,7,0,0,1,6,610,12,4,0,8,1,322,0,0,0,0,6,0,4,2,0,2,0,0,0,5,0,1,14,3,3,1,0,41,1,23,2,0,6,0,25,0,1,0,16,0,0,13,7,0,9,0,1,0,0,0,3,0,0,2,2,0,8,8,3,1,0,1,1,16,1,0,4,27
2021,"Hammersmith and Fulham 004","E02000375",7486,887,42,4,1,0,1,4,68,0,157,0,124,135,2,42,48,0,8,0,11,2,0,1,10,8,12,5,0,132,0,3,1,12,3,6,4,9,8,9,15,852,337,0,1,19,1,0,8,7,47,67,0,31,5,0,0,2,0,49,1,1,3,0,4,234,15,0,3,0,7,1,0,9,558,12,0,82,2,407,11,1,3,15,0,11,0,0,4,10,617,0,0,1,0,3,3,9,2,7,2,2,7,4,0,0,0,0,3,0,2,4,12,0,17,0,1,0,1,6,4,0,5,0,7,2,3,2,49,8,1,0,1,0,6,0,0,0,0,0,7,124,104,169,6,4,1,0,28,3930,0,25,1,1,0,1,41,10,0,4,3,10,6,8,1,9,0,5,1,7,2261,4,294,4,73,2,25,69,9,6,24,16,3,187,0,135,3,18,0,5,15,2,2,0,0,32,4,1,75,8,13,6,0,79,59,36,67,41,24,18,6,1,10,5,93,14,1,18,0,8,5,1,3,0,12,642,8,7,0,0,3,271,3,0,0,0,1,0,0,0,0,5,0,0,0,5,0,1,11,11,2,3,5,61,0,47,2,2,10,6,22,0,3,2,6,1,0,12,6,5,14,12,5,0,0,0,3,0,0,1,0,1,15,1,11,4,0,0,1,10,0,0,1,42
2021,"Hammersmith and Fulham 005","E02000376",6695,699,35,0,0,0,0,2,61,0,121,0,98,159,0,12,12,0,10,0,15,0,2,2,2,5,6,0,1,119,1,2,0,8,2,0,3,11,0,7,3,502,151,0,14,18,3,0,4,0,23,31,0,36,1,0,1,0,2,44,0,0,0,0,4,131,11,3,10,0,5,0,0,10,539,7,0,96,7,397,2,0,0,6,0,12,3,0,2,7,497,2,2,0,1,4,0,9,0,5,0,5,4,7,0,0,5,3,1,0,0,0,6,0,21,0,0,0,0,1,0,3,3,0,2,2,0,0,28,2,1,1,0,0,5,1,1,0,0,2,7,119,64,140,0,1,1,1,37,3842,1,26,3,0,1,5,78,5,0,3,1,11,14,9,0,3,0,5,5,5,2126,0,273,4,75,0,36,54,9,12,34,25,2,164,0,150,14,18,1,10,17,3,4,0,0,20,4,2,68,10,6,3,0,87,75,38,64,50,11,10,3,3,14,3,92,14,8,23,0,8,4,1,3,1,11,616,5,3,2,0,0,216,0,0,0,0,1,0,0,1,1,5,0,0,0,4,0,2,16,21,0,0,4,67,0,30,6,1,4,0,23,0,3,1,15,0,0,30,8,1,5,7,3,0,3,1,0,0,0,0,4,0,36,3,5,2,0,0,0,10,0,0,1,66
2021,"Hammersmith and Fulham 006","E02000377",7799,729,26,2,2,1,0,6,81,3,121,0,165,116,0,16,11,8,7,0,5,1,1,0,1,11,4,3,3,77,0,1,0,16,6,0,5,13,0,14,3,652,252,0,0,15,0,0,3,0,41,27,0,22,1,0,0,1,3,50,1,0,0,0,4,171,34,2,5,0,6,0,2,12,597,10,5,91,0,437,3,0,0,13,0,15,1,0,9,13,597,2,2,0,2,5,1,6,0,4,0,2,13,0,0,1,3,1,2,0,3,7,6,0,17,0,5,1,0,1,1,4,6,0,1,2,0,1,44,3,0,3,0,0,1,0,0,1,0,2,6,138,96,174,0,7,0,0,23,4705,3,13,7,1,13,1,46,3,0,6,0,9,30,3,1,6,1,7,3,11,2901,7,319,6,64,0,30,37,2,2,26,18,0,269,0,159,8,5,0,3,13,4,10,1,0,43,9,8,53,9,10,2,0,78,92,47,51,35,25,10,3,2,17,3,107,9,3,19,0,6,1,0,1,0,14,519,5,26,0,1,0,197,1,0,0,3,0,2,0,0,2,1,0,2,2,14,0,0,8,7,1,10,0,41,0,41,3,2,5,0,20,0,0,1,13,0,0,14,6,0,10,5,0,0,2,0,3,0,0,2,0,0,5,0,11,1,0,0,4,10,2,1,2,33
2021,"Hammersmith and Fulham 007","E02000378",6429,691,47,0,0,0,2,4,22,0,179,0,94,146,2,21,17,0,14,2,3,0,0,1,0,8,9,0,0,70,0,0,0,17,6,2,1,18,0,5,1,399,143,0,0,7,0,0,1,1,34,42,1,9,2,0,0,0,4,36,0,0,0,0,3,69,24,0,13,0,2,0,1,7,322,7,0,54,1,221,1,1,0,3,0,24,3,0,5,2,424,0,0,2,0,3,1,2,0,2,0,3,0,2,0,0,1,1,0,0,0,3,7,0,16,1,0,0,1,0,6,0,4,0,2,0,0,3,33,3,0,0,0,0,3,0,2,1,0,0,16,98,71,107,0,3,3,0,24,4047,0,14,7,2,7,4,40,1,4,7,4,25,19,0,0,7,1,8,11,9,2097,6,386,3,161,4,44,82,5,5,24,8,12,185,0,173,8,10,2,8,13,5,7,3,0,53,2,1,41,2,12,3,0,81,76,39,50,32,38,13,4,8,8,4,90,13,5,17,1,13,8,0,1,0,11,546,10,3,0,1,0,217,1,0,0,0,4,0,0,0,2,0,0,1,0,4,0,3,10,4,2,0,3,83,1,49,0,3,9,2,17,0,1,0,6,0,0,19,7,0,9,7,1,3,1,1,2,0,0,0,1,0,14,0,2,6,0,0,0,4,0,0,0,33
2021,"Hammersmith and Fulham 008","E02000379",7384,572,58,0,1,0,5,0,24,0,72,0,49,163,2,34,19,0,11,0,3,1,3,3,3,9,10,0,3,51,0,2,0,8,6,0,0,14,0,13,5,548,167,0,0,9,1,0,0,0,26,30,0,27,6,0,0,0,0,37,0,0,0,0,0,183,38,4,6,0,8,0,0,6,338,2,1,65,0,221,4,0,0,1,3,14,0,0,22,5,482,0,0,1,0,0,0,3,0,4,0,0,3,3,1,0,0,1,1,1,0,1,9,1,12,0,1,1,0,2,0,0,3,0,2,0,1,3,37,0,0,5,0,0,2,1,0,0,0,1,5,153,81,113,1,4,0,3,22,4935,1,24,1,3,4,4,48,4,0,6,4,11,28,0,0,4,2,9,7,11,3222,1,281,3,95,3,35,30,7,2,21,22,6,256,3,97,5,11,0,4,16,2,13,0,0,49,13,0,59,5,11,6,0,68,101,39,38,22,23,17,7,2,12,3,72,11,6,26,1,18,5,0,4,0,11,509,10,4,0,0,1,187,4,0,0,0,5,0,0,6,0,0,0,0,0,1,0,4,7,3,2,1,0,42,2,26,4,6,15,0,20,0,1,0,3,5,0,20,1,9,11,13,1,0,3,18,0,0,0,1,2,0,13,0,7,2,2,1,0,25,2,1,0,18
2021,"Hammersmith and Fulham 009","E02000380",5508,469,8,0,0,0,0,2,24,0,111,0,49,129,4,11,15,3,10,0,5,1,1,0,0,5,3,0,0,44,0,0,1,8,2,0,5,19,0,5,4,254,89,0,1,7,0,0,2,0,15,11,0,18,4,0,1,0,4,34,0,0,5,0,0,51,4,0,0,0,3,1,0,4,230,2,0,18,3,184,4,2,0,1,1,3,1,0,5,6,321,3,0,1,0,2,1,5,0,8,2,3,2,2,1,0,4,0,0,1,0,1,3,0,8,0,5,0,1,0,1,2,0,0,1,0,0,6,23,5,0,2,0,0,0,0,0,0,0,0,9,95,31,75,0,1,0,0,17,3956,0,2,1,0,0,1,45,1,1,0,0,2,8,0,0,8,2,1,3,9,2635,0,237,4,115,6,38,37,2,2,27,13,5,195,0,87,27,11,0,4,4,1,4,0,0,46,3,2,39,0,12,1,0,55,31,28,28,18,23,9,2,1,14,7,44,8,8,17,1,2,9,4,0,0,6,278,3,1,0,0,4,103,5,0,0,0,0,0,0,3,4,2,0,3,0,2,0,0,17,5,0,1,0,23,0,18,1,0,7,0,4,0,2,0,4,0,0,5,0,0,12,2,2,0,2,0,0,0,0,3,2,0,0,3,1,2,0,0,0,9,0,0,0,23
2021,"Hammersmith and Fulham 010","E02000381",7646,583,15,0,0,0,0,3,26,0,135,0,99,134,0,21,22,0,8,0,2,1,1,9,0,5,13,3,1,55,1,0,2,5,0,9,1,7,0,3,2,408,132,0,0,6,0,0,4,0,27,29,0,19,0,0,0,0,4,37,0,0,0,0,1,113,4,1,6,0,10,0,0,15,280,5,0,32,2,223,0,0,1,7,0,1,0,0,3,6,519,1,2,1,0,5,1,6,4,6,0,1,1,1,2,0,3,1,2,1,0,1,6,1,9,1,2,0,0,0,0,2,3,0,7,0,2,6,48,1,0,1,0,1,5,0,1,1,0,3,7,142,79,110,1,2,5,0,34,5311,1,11,5,4,7,8,50,6,2,8,0,14,28,1,0,5,0,6,7,30,3039,4,483,5,242,0,49,57,7,1,31,11,12,223,3,174,16,6,6,1,10,1,12,6,1,77,2,4,46,10,17,2,0,125,55,30,57,23,50,8,6,2,16,1,97,25,8,27,0,7,0,1,7,0,15,545,11,1,1,1,7,211,5,0,0,1,5,0,4,0,3,0,0,0,0,4,2,4,7,6,0,0,0,49,0,66,4,0,19,0,27,3,0,0,11,0,0,5,11,1,7,9,1,0,0,3,1,0,0,0,0,0,5,1,5,2,0,0,0,8,0,0,2,32
2021,"Hammersmith and Fulham 011","E02000382",6192,718,12,0,1,0,0,5,28,0,224,0,68,149,4,8,32,0,24,4,4,0,0,1,6,7,20,6,2,69,0,0,0,8,7,0,1,15,0,4,9,316,98,3,3,32,0,0,3,0,24,13,0,22,0,0,0,3,0,35,0,0,3,0,5,49,6,0,12,0,2,0,1,2,233,3,0,42,2,177,1,0,0,3,0,2,0,0,0,3,439,1,4,2,1,0,2,4,0,8,0,4,2,3,2,0,2,0,4,0,3,1,8,0,16,0,2,0,2,0,2,1,0,0,1,5,0,2,37,2,2,3,1,0,1,0,0,0,0,0,17,121,51,102,1,8,0,0,11,4059,0,7,0,0,4,15,33,8,2,3,6,9,15,2,1,2,3,3,4,14,2587,6,253,3,71,4,33,27,8,3,9,11,11,161,0,109,6,5,0,5,20,1,6,0,0,54,1,6,56,3,6,2,0,63,81,26,55,22,35,8,3,4,14,3,85,7,7,24,0,5,4,2,0,0,13,427,5,5,0,0,0,146,5,0,0,0,2,0,0,2,3,1,0,2,0,4,0,1,7,18,1,1,0,47,7,46,2,2,5,0,9,0,2,2,1,0,0,26,6,0,9,4,1,2,3,1,0,0,0,2,0,0,2,3,2,2,3,1,1,1,0,2,1,29
2021,"Hammersmith and Fulham 012","E02000383",8457,1205,14,6,2,0,3,6,26,0,286,0,177,322,11,41,20,0,16,0,13,3,0,0,1,10,23,11,5,106,0,0,3,25,9,9,10,34,1,4,8,453,176,0,1,18,0,0,0,1,16,20,2,23,1,0,0,0,2,41,0,0,0,0,2,101,10,0,6,3,11,0,7,12,292,5,0,63,0,204,0,0,0,7,0,6,0,0,3,4,577,2,1,3,0,6,2,5,0,8,1,1,3,0,0,1,2,0,4,3,3,2,7,0,22,2,7,2,1,0,0,4,1,0,3,1,1,1,55,7,1,0,0,1,7,0,2,1,0,1,12,158,82,104,5,7,2,1,32,4896,0,18,4,3,4,9,49,8,3,7,6,15,29,2,0,12,0,15,11,11,2561,4,439,5,182,3,47,95,10,1,41,21,31,196,1,186,8,16,0,6,21,0,5,1,0,44,1,5,67,34,9,8,1,104,102,59,77,40,50,6,6,9,18,0,90,10,1,19,2,16,6,2,3,0,21,1034,14,5,0,0,0,498,5,2,0,0,2,0,0,0,1,8,0,0,0,8,0,1,12,15,5,1,0,62,2,139,5,6,12,8,26,0,0,1,0,0,0,18,9,0,33,12,5,0,1,2,3,0,0,2,2,0,7,1,16,3,2,8,2,9,1,0,2,58
2021,"Hammersmith and Fulham 013","E02000384",8268,1191,49,0,2,0,1,12,85,0,366,0,110,188,3,28,53,3,22,2,8,2,1,4,3,15,11,1,4,119,1,0,0,27,16,3,7,29,0,2,14,658,244,0,0,23,2,0,2,0,50,49,0,37,2,1,0,0,2,41,0,0,2,0,2,137,25,1,12,2,10,0,5,9,488,13,0,89,1,337,3,1,0,9,0,22,1,0,5,7,637,1,2,1,3,1,3,16,1,11,0,0,7,0,2,2,5,4,3,2,2,0,7,0,18,0,4,0,3,3,0,6,0,0,0,0,0,6,52,2,0,1,1,0,9,0,0,2,0,0,6,150,98,172,1,10,2,1,17,4644,0,25,3,3,2,2,54,10,0,7,1,13,17,7,1,12,7,7,13,10,2618,4,350,8,103,5,43,74,3,3,33,10,7,230,1,151,3,8,0,7,8,2,13,1,0,45,10,0,55,2,13,3,0,109,76,72,77,42,28,14,6,2,10,1,122,31,5,17,0,5,3,2,1,0,14,650,2,0,0,7,4,248,3,2,0,0,1,0,0,2,7,7,0,0,0,2,0,1,14,11,0,1,0,64,1,44,7,5,1,5,34,1,0,0,9,0,0,15,4,0,11,8,6,4,0,0,0,1,0,0,2,0,24,1,6,2,0,0,1,15,0,0,2,65
2021,"Hammersmith and Fulham 014","E02000385",5621,680,36,0,0,0,0,1,22,0,177,0,61,191,3,5,19,3,11,0,6,1,0,2,5,4,11,9,6,50,2,0,2,13,4,4,3,16,0,12,1,187,57,0,0,6,0,0,0,0,13,11,0,9,3,0,0,1,8,35,0,0,9,0,0,25,2,0,0,0,2,0,4,2,186,2,0,29,0,138,0,0,0,0,0,3,0,0,4,10,302,1,1,0,0,1,0,5,0,1,0,5,1,4,0,0,3,1,2,1,1,0,10,0,8,0,3,0,0,4,0,0,2,0,0,1,0,1,18,1,0,0,0,0,3,0,0,0,0,0,2,116,44,46,1,0,0,1,14,3921,0,15,3,3,1,2,86,5,0,14,4,13,14,0,0,4,4,2,3,17,2287,0,306,6,102,0,36,41,11,6,27,9,5,134,0,132,8,0,1,4,8,0,8,0,2,62,2,14,35,2,14,2,0,87,53,27,78,19,29,8,4,1,13,4,74,9,12,28,0,4,9,0,1,0,7,345,8,4,0,0,2,135,0,0,0,0,4,0,1,1,3,0,0,0,0,6,0,6,8,4,1,0,0,41,1,24,6,0,1,1,1,0,1,1,7,0,0,9,3,0,3,3,4,0,0,2,0,0,0,0,2,0,6,0,7,3,1,0,0,3,0,1,3,28
2021,"Hammersmith and Fulham 015","E02000386",7588,855,65,0,0,0,2,1,126,0,130,0,125,134,2,29,8,0,16,0,4,1,0,4,6,19,31,3,2,101,0,0,0,14,3,0,4,14,0,4,7,870,270,2,4,15,1,3,5,1,38,97,0,51,0,3,2,0,11,61,1,1,1,0,9,243,29,3,5,0,4,1,1,8,551,9,1,101,0,392,7,0,0,2,0,23,3,0,6,7,558,1,3,1,0,9,2,6,0,11,2,1,2,3,0,0,0,1,0,0,3,10,3,0,17,0,0,0,2,4,1,4,1,0,6,0,1,7,44,4,0,6,1,3,6,0,0,2,0,0,5,88,100,171,0,2,0,0,25,4015,0,49,5,7,0,10,36,3,0,11,3,12,17,1,0,2,4,4,8,13,2362,6,267,5,89,0,35,27,7,4,27,16,6,181,0,140,2,24,2,7,14,1,4,0,0,20,1,4,47,2,3,6,0,87,77,41,87,29,12,11,3,1,9,6,70,13,6,21,1,4,24,2,6,1,10,739,15,3,0,0,7,296,0,0,0,2,5,1,1,0,1,2,0,1,0,8,0,2,9,9,2,1,0,65,0,50,2,2,1,0,26,2,0,1,22,0,0,33,10,0,16,14,2,0,2,0,1,0,0,1,4,0,42,2,9,2,0,0,1,14,1,0,1,48
2021,"Hammersmith and Fulham 016","E02000387",6030,877,30,0,0,0,2,6,46,2,113,0,303,171,5,9,6,0,7,2,3,0,1,7,5,5,13,2,2,76,0,0,0,22,0,1,7,16,0,12,3,434,141,2,0,12,1,0,1,5,11,17,0,45,4,0,0,0,2,29,0,0,6,0,2,108,25,6,1,0,5,0,5,6,419,5,0,78,0,302,4,3,0,6,0,11,0,0,3,7,423,2,3,0,0,4,0,4,0,3,0,0,1,0,1,0,3,1,1,2,1,1,3,0,10,0,0,0,1,0,2,2,1,0,0,1,0,0,41,1,0,1,0,0,2,0,0,0,1,0,7,101,57,146,0,5,0,0,14,3519,1,9,0,2,0,1,49,1,1,10,1,24,15,5,0,3,0,4,4,6,2119,1,222,2,102,1,20,28,3,1,25,10,1,135,0,128,7,4,2,4,17,2,2,1,1,34,6,2,32,1,4,0,0,76,61,54,73,20,26,5,5,1,16,2,75,7,2,16,0,4,10,3,1,0,9,358,3,2,0,0,0,97,0,0,0,2,0,0,1,2,2,0,0,0,0,7,0,0,15,31,2,1,0,34,0,21,3,0,0,0,18,0,2,2,2,0,2,22,12,0,3,5,3,0,0,1,1,0,0,0,0,0,5,0,9,2,0,0,0,4,2,2,4,34
2021,"Hammersmith and Fulham 017","E02000388",8667,952,19,0,1,0,9,6,43,0,218,0,125,227,9,13,19,0,8,0,6,4,0,5,12,18,17,2,5,105,1,0,0,13,13,1,2,25,0,21,5,430,148,0,2,16,2,2,2,1,24,20,0,16,5,0,0,1,2,56,0,5,3,0,0,100,9,1,2,2,7,0,0,4,313,6,0,66,3,215,0,0,0,5,0,11,1,0,4,2,486,0,0,2,0,5,5,5,0,8,0,1,2,2,0,2,0,0,3,0,1,1,10,0,16,1,1,0,0,3,0,2,2,0,0,3,1,0,37,6,0,8,2,0,2,1,0,2,1,0,3,145,65,105,2,4,0,0,27,6009,2,21,1,6,4,7,100,14,1,15,4,22,10,1,0,4,2,6,6,17,3558,7,473,5,235,3,60,53,12,7,50,22,8,219,1,195,11,0,0,11,14,1,3,0,0,84,0,9,48,20,10,2,0,101,67,44,95,34,42,10,6,0,30,8,109,27,5,38,1,4,6,0,1,0,17,477,2,4,0,3,0,201,3,2,0,0,7,1,0,0,1,0,0,1,0,1,0,0,11,11,0,0,1,46,0,35,2,0,2,0,19,0,1,1,4,0,0,22,3,0,11,5,2,0,1,0,4,0,0,1,0,0,5,0,3,2,0,0,0,8,4,0,5,42
2021,"Hammersmith and Fulham 018","E02000389",8635,877,21,0,0,0,1,2,15,0,252,0,75,253,0,13,68,2,17,0,4,5,3,2,3,7,6,0,4,60,0,0,0,27,4,0,2,19,0,10,2,222,83,0,1,5,0,0,0,0,9,11,0,19,3,0,0,0,0,25,2,0,0,0,3,48,2,0,1,0,3,0,2,5,208,5,0,33,0,157,0,2,0,1,0,7,0,0,0,3,500,0,2,0,0,4,0,7,1,2,1,4,0,0,0,0,5,3,0,2,0,3,11,0,23,0,2,0,3,4,0,2,3,4,0,0,1,2,32,9,0,3,1,0,4,0,0,1,0,0,16,175,55,87,0,5,1,0,22,6392,0,13,0,4,8,2,138,0,3,7,0,20,14,0,0,6,1,7,11,33,3990,0,445,6,177,3,66,58,6,3,40,22,2,241,1,219,5,1,0,1,12,0,8,3,0,68,2,6,64,6,24,0,0,94,73,63,65,30,52,20,2,1,15,9,107,31,8,28,0,10,9,1,4,2,22,436,1,10,0,4,0,176,1,1,0,0,2,0,0,3,2,5,0,1,0,6,0,1,16,11,3,3,0,54,0,27,3,0,10,0,4,0,0,0,4,0,0,7,0,0,12,8,0,3,2,2,0,0,0,0,1,0,1,4,7,5,2,1,0,11,1,0,2,19
2021,"Hammersmith and Fulham 019","E02000390",6197,439,18,2,3,0,0,0,62,0,95,0,66,81,2,10,11,0,7,4,8,1,1,0,0,2,5,0,0,31,0,2,0,14,1,0,1,9,0,0,3,308,97,3,0,16,0,3,3,5,10,7,3,20,2,0,0,0,0,22,0,0,0,0,1,97,10,0,5,0,3,0,0,1,229,4,0,51,0,152,4,0,0,9,0,3,0,0,0,6,355,1,1,0,0,5,2,0,0,10,4,1,0,2,1,0,7,0,1,0,1,5,3,0,8,0,2,0,0,1,3,2,0,0,0,2,0,0,33,2,0,3,0,1,1,0,3,0,0,0,2,102,53,76,1,2,3,0,11,4520,0,7,0,3,3,2,85,6,0,6,0,13,25,2,0,8,0,2,5,10,2937,6,279,3,126,1,40,29,4,0,20,8,9,162,0,129,8,0,0,6,4,1,6,2,8,57,2,6,40,3,16,1,0,56,50,81,38,25,21,7,5,3,21,3,61,19,4,15,0,6,5,1,1,0,8,346,0,0,0,5,0,133,0,0,0,1,1,0,0,0,0,0,0,0,0,1,3,3,5,2,0,0,0,53,0,20,0,0,5,0,15,0,2,2,5,0,0,8,1,3,3,7,1,1,2,0,2,0,0,0,0,0,10,0,11,2,0,0,0,6,1,1,2,29
2021,"Hammersmith and Fulham 020","E02000391",7591,530,9,0,0,0,1,6,35,0,129,2,40,169,2,10,14,0,8,0,1,1,0,1,5,6,4,1,2,50,0,0,0,16,5,0,0,7,0,3,3,272,118,0,0,2,0,0,1,0,5,2,0,33,0,0,0,0,0,20,0,0,7,0,1,59,15,0,1,0,0,0,0,8,217,2,0,49,0,138,3,1,0,3,0,13,0,0,3,5,426,4,0,2,0,3,2,2,0,5,1,4,1,0,0,0,4,0,1,1,0,1,12,0,19,1,1,0,0,2,0,0,0,0,0,3,0,2,35,5,0,1,1,1,5,0,1,0,0,0,12,173,37,56,3,7,4,2,12,5716,0,16,0,7,4,7,65,3,3,20,1,27,8,3,0,2,0,9,13,24,3602,4,390,6,240,3,56,31,6,2,49,8,12,188,2,167,14,8,0,0,5,2,11,0,0,130,6,6,32,18,27,0,0,94,29,29,54,22,29,2,4,0,29,2,95,14,17,32,0,7,11,0,3,1,5,430,2,0,0,3,0,218,1,0,0,0,1,1,0,0,5,2,0,0,0,1,0,2,8,1,4,0,0,41,0,19,0,1,5,0,18,0,1,4,5,0,0,13,2,0,16,5,2,0,0,0,0,0,0,0,0,0,0,0,2,8,0,0,1,7,2,0,0,29
2021,"Hammersmith and Fulham 021","E02000392",9233,707,21,0,0,0,0,6,50,0,157,0,111,147,5,9,10,0,16,0,5,6,0,1,4,5,14,3,2,80,0,0,0,17,1,0,0,17,1,14,5,597,172,0,0,17,0,0,5,3,25,41,0,25,2,0,0,3,2,56,1,0,0,0,4,210,7,0,8,0,4,0,1,11,286,9,0,55,0,186,3,0,0,6,0,17,5,0,0,5,568,0,3,0,0,7,0,5,0,10,1,2,5,1,1,0,3,1,5,1,0,2,5,0,27,1,7,4,0,2,0,0,3,0,6,0,1,5,40,5,0,0,0,0,12,0,0,1,0,1,7,164,60,154,0,7,0,0,9,6553,0,13,6,3,0,2,107,9,0,11,0,15,25,4,2,9,2,9,2,23,4081,3,453,4,255,0,73,43,3,0,46,15,7,253,0,194,14,10,0,4,9,0,11,1,0,146,0,6,36,12,18,6,0,135,41,44,59,28,45,7,8,0,49,3,70,31,5,40,0,8,17,2,0,1,15,522,3,1,0,0,0,210,0,5,0,0,7,0,1,0,5,3,0,0,0,3,3,4,14,10,7,4,0,53,2,35,4,0,5,0,26,2,0,0,3,0,0,20,5,0,12,6,2,0,0,0,0,0,1,0,0,0,15,0,6,1,0,0,0,11,0,0,1,32
2021,"Hammersmith and Fulham 022","E02000393",5969,313,2,0,3,0,0,1,6,0,52,0,46,115,4,4,8,0,5,0,0,0,0,0,0,1,2,2,0,27,0,0,0,14,1,1,2,8,0,8,1,136,37,0,0,2,0,0,0,3,6,1,0,10,2,0,0,0,2,39,0,0,0,0,0,13,18,1,0,0,0,0,0,2,150,1,0,46,0,95,0,0,0,1,0,6,1,0,0,0,314,0,0,0,1,6,2,2,0,0,0,6,1,1,7,0,0,0,2,0,1,0,5,0,6,0,1,0,1,0,3,0,2,0,5,0,1,2,30,5,0,1,0,0,2,1,0,0,0,0,11,108,41,40,0,2,0,1,17,4830,0,5,0,1,2,5,89,7,3,13,0,10,9,1,0,5,0,3,7,22,3067,1,355,6,145,4,42,47,1,1,23,3,2,187,8,141,12,0,0,3,5,0,3,0,0,84,1,9,25,9,8,10,0,77,38,38,59,12,26,10,2,0,39,10,65,29,1,10,0,6,9,0,7,0,8,226,0,0,0,0,0,91,0,0,0,0,2,0,0,0,0,1,0,1,0,2,0,0,6,2,2,3,0,34,0,14,1,1,4,0,5,0,2,0,3,0,0,9,5,0,5,2,1,0,1,0,0,0,0,1,0,0,0,0,1,1,0,0,1,6,1,0,0,18
2021,"Hammersmith and Fulham 023","E02000394",9282,1004,40,0,2,0,4,8,32,0,268,1,149,226,5,43,20,2,15,2,2,3,0,0,3,14,8,6,2,99,0,0,1,9,2,6,0,14,2,13,3,595,191,2,8,8,2,1,0,1,28,34,0,26,5,1,2,2,1,120,0,2,2,0,0,121,9,0,1,2,11,1,4,10,454,6,0,100,0,311,2,2,0,9,0,16,3,0,0,5,767,3,0,4,0,11,0,4,1,5,3,2,7,2,2,3,0,6,3,0,0,4,18,4,29,0,6,0,1,1,1,0,1,0,8,6,0,1,60,7,0,2,1,0,4,0,0,0,0,0,15,159,120,204,2,12,2,1,42,5727,0,31,2,12,0,5,59,3,6,7,1,9,14,1,0,21,3,9,7,20,3601,4,363,3,159,8,48,36,6,0,48,11,22,199,0,158,3,23,0,4,12,1,3,3,0,58,0,5,55,13,11,3,1,131,58,48,68,23,79,20,10,5,23,8,54,28,8,51,0,19,4,0,3,1,15,735,16,1,1,3,2,280,6,0,0,0,1,0,5,1,0,0,0,3,0,5,1,6,10,18,2,0,0,75,0,82,2,1,3,0,13,0,0,0,15,0,0,23,4,0,31,16,6,1,2,1,0,0,0,0,0,0,15,0,12,0,1,0,1,14,4,0,0,52
2021,"Hammersmith and Fulham 024","E02000395",5691,322,2,0,0,0,0,1,4,1,80,0,30,87,0,1,7,0,3,0,0,5,3,0,0,8,5,0,1,35,0,0,1,9,1,5,2,17,3,8,3,106,42,0,0,1,0,0,0,0,4,7,0,16,0,0,0,0,0,15,0,0,0,0,0,14,1,0,0,0,0,0,0,6,102,0,0,17,1,73,0,0,0,2,0,3,1,0,1,4,275,0,0,0,0,3,0,0,1,2,0,1,0,2,0,0,1,0,1,0,0,0,2,0,20,0,0,0,0,0,1,0,4,0,2,0,0,2,22,2,0,1,0,1,0,0,0,0,1,0,4,111,33,47,0,2,0,0,9,4686,0,8,0,0,1,2,76,9,0,12,0,13,11,5,1,5,1,3,7,12,3109,1,283,1,127,0,36,42,8,0,23,12,3,176,0,91,4,0,0,7,4,4,3,0,0,100,0,8,31,9,16,0,0,81,47,30,28,11,30,8,6,4,38,3,67,24,9,23,0,0,2,0,0,0,11,200,0,0,0,1,0,77,2,0,0,0,3,0,0,0,0,0,1,0,0,1,1,0,5,3,2,0,0,36,0,15,1,0,8,0,0,0,1,0,0,0,0,6,0,2,2,6,5,0,0,0,1,0,0,0,2,0,4,0,4,3,0,0,0,2,0,1,0,5
2021,"Hammersmith and Fulham 025","E02000396",6894,496,40,0,1,0,0,1,55,0,113,0,65,104,0,9,10,0,18,0,3,3,0,0,1,1,5,1,1,50,0,0,0,2,1,0,5,5,0,2,0,434,141,0,0,12,0,3,5,1,18,20,3,13,6,0,0,0,0,35,0,0,8,0,1,124,18,0,7,0,2,0,4,13,235,5,0,42,1,155,5,0,0,3,0,16,0,0,5,3,438,0,2,0,0,1,0,3,5,5,1,4,1,0,0,1,0,7,2,0,1,2,11,0,10,0,0,0,0,1,0,1,1,0,2,0,8,0,27,1,0,1,0,0,4,0,0,1,0,0,8,108,69,123,0,8,0,0,19,4879,0,19,0,3,1,2,80,5,0,19,3,28,11,3,0,5,3,5,11,17,3106,2,327,4,203,2,34,38,8,0,24,19,3,112,0,117,6,19,1,5,2,1,4,5,0,105,3,6,24,19,10,3,0,117,36,36,38,11,32,9,0,2,18,7,68,16,7,28,0,8,9,6,0,1,3,412,2,1,0,0,7,198,2,0,0,0,6,0,0,4,4,1,0,0,0,0,0,1,6,3,2,1,0,47,1,14,0,0,0,0,6,0,2,0,7,0,4,13,3,1,13,7,0,0,2,1,1,0,0,1,0,0,9,0,4,5,0,0,0,4,0,1,1,27
2021,"Haringey 001","E02000397",7904,713,16,0,0,1,0,5,127,0,87,0,47,231,4,14,9,0,2,4,4,13,1,2,7,7,3,2,1,59,0,0,0,15,0,0,1,6,8,30,7,536,200,0,0,18,0,0,21,1,26,8,0,70,2,0,5,0,1,35,0,1,0,1,1,94,0,1,8,0,22,0,4,17,525,8,0,91,0,392,0,3,5,6,1,7,0,0,2,10,504,3,3,0,0,1,2,9,0,6,0,1,1,5,1,0,0,0,0,1,2,1,12,0,13,5,1,2,2,5,1,2,4,0,3,0,2,2,51,1,0,2,1,0,8,2,1,2,0,0,5,85,95,140,0,4,0,1,16,4875,0,121,1,1,1,1,12,3,1,5,2,9,198,0,1,0,14,9,2,11,2287,0,340,1,17,8,34,187,55,8,27,42,3,182,0,91,23,9,25,7,18,3,9,0,1,10,2,3,100,4,5,5,0,152,367,25,66,99,10,1,5,5,9,2,70,2,1,118,18,0,5,0,1,1,20,751,1,3,1,12,0,77,0,0,0,1,1,41,3,54,5,3,0,9,0,1,0,2,25,3,12,24,0,61,2,20,6,1,14,0,82,0,16,3,0,0,0,8,0,10,7,6,5,0,4,0,1,0,0,3,6,0,7,0,11,7,0,0,0,126,38,0,0,29
2021,"Haringey 002","E02000398",7510,585,26,0,1,2,0,1,157,1,35,0,36,93,0,6,4,0,0,13,0,13,0,0,5,3,2,0,2,100,0,0,0,14,0,1,1,2,27,28,12,1571,638,12,0,34,2,4,66,4,27,38,5,198,2,0,6,3,3,162,0,0,3,2,6,263,20,3,0,1,17,0,1,51,1276,24,5,278,0,851,5,5,0,13,2,57,0,0,7,29,499,2,0,0,0,5,0,10,3,3,1,0,11,6,0,0,1,0,2,1,0,4,6,1,12,1,0,0,0,0,0,3,1,0,2,0,1,0,29,5,5,0,3,0,0,0,0,8,0,0,0,38,121,195,0,2,3,0,14,2516,1,27,7,0,0,0,1,0,0,1,2,13,88,4,0,0,6,10,0,1,957,0,136,1,9,0,1,24,24,15,15,16,1,50,0,22,28,22,31,3,26,0,0,0,0,6,0,0,40,0,2,0,0,84,151,32,38,303,2,1,1,0,0,0,28,0,1,233,25,0,4,0,3,0,20,1063,1,73,5,6,1,49,0,1,0,2,7,31,10,1,2,4,0,9,0,0,0,4,26,4,3,8,0,241,2,0,2,0,3,0,164,0,10,0,2,15,1,5,3,4,1,2,5,0,5,1,6,0,0,8,7,0,28,1,12,3,0,0,0,207,32,2,0,44
2021,"Haringey 004","E02000400",7989,738,11,0,4,1,0,1,149,0,104,0,46,201,0,23,13,0,1,10,2,8,0,1,0,6,1,0,0,63,0,0,0,40,1,2,7,3,11,26,3,837,239,0,0,37,0,0,22,3,116,24,0,90,3,0,0,1,0,93,1,1,0,0,10,134,13,0,1,0,35,0,5,9,563,12,0,115,1,389,8,2,0,4,2,20,0,0,8,2,567,0,2,1,0,4,2,9,0,5,0,2,7,5,3,0,1,1,4,5,6,2,15,7,8,3,0,2,5,2,1,1,1,0,2,1,1,5,39,3,0,1,3,1,1,0,0,6,0,0,9,130,84,150,1,3,1,2,20,4654,0,102,0,1,1,0,23,0,0,1,2,8,74,0,1,3,5,10,4,4,2615,1,317,4,22,7,21,164,107,0,20,43,9,218,0,69,26,25,17,4,9,2,4,0,0,31,1,2,55,2,7,1,0,87,138,21,38,57,18,1,9,0,7,0,42,4,3,142,25,5,3,1,3,0,8,630,0,1,0,14,9,80,1,0,1,2,0,15,0,0,0,0,0,2,0,0,2,2,18,7,4,43,0,44,2,32,2,3,39,0,85,1,7,0,6,1,0,4,1,2,5,1,4,0,4,0,0,0,0,3,0,0,0,0,3,5,0,0,0,119,14,0,0,42
2021,"Haringey 005","E02000401",6869,838,2,2,1,0,0,9,300,0,90,1,69,122,3,2,3,1,2,4,1,10,1,1,14,3,3,3,0,88,0,0,0,12,1,0,0,5,29,42,14,842,285,3,2,24,1,2,60,1,21,24,2,135,0,0,4,3,0,133,0,2,0,0,9,93,1,3,0,2,12,0,3,17,810,16,7,127,3,586,6,1,1,4,3,31,0,0,9,16,502,3,2,2,6,1,3,8,6,11,0,5,2,4,0,0,0,2,2,2,7,4,8,4,8,2,0,2,0,7,0,5,3,0,2,0,0,0,45,0,0,0,1,0,3,2,2,5,0,1,3,50,114,124,0,5,1,7,28,2961,0,42,0,4,0,0,0,0,0,0,0,7,102,0,0,1,4,1,1,1,1533,0,161,0,12,3,4,29,32,7,13,16,7,126,1,33,11,22,41,3,8,1,5,0,0,1,0,1,101,5,2,1,0,60,133,15,23,84,6,0,3,1,2,0,20,2,0,216,32,3,4,2,0,0,13,916,1,0,1,1,1,100,0,0,0,4,5,17,2,2,1,1,0,6,3,2,0,5,24,5,3,24,0,68,5,7,1,0,4,0,181,0,12,0,2,25,0,17,2,3,4,10,6,0,1,0,2,0,0,12,1,0,6,0,8,0,0,0,0,244,46,0,0,41
2021,"Haringey 006","E02000402",6472,612,1,0,0,2,0,4,221,0,58,1,40,77,0,10,1,0,0,12,0,23,3,0,0,2,3,0,0,54,0,1,0,19,0,3,0,1,32,36,8,1015,341,10,0,24,1,0,39,5,10,23,2,202,1,0,3,4,1,125,0,0,0,4,9,143,22,3,1,0,28,1,1,12,900,14,2,124,0,691,5,6,0,18,0,23,1,0,4,12,439,1,0,0,0,0,0,8,0,3,1,0,5,2,1,0,0,1,0,1,1,3,1,1,9,0,2,0,0,2,1,2,3,0,2,1,0,0,45,2,0,0,0,0,3,1,1,6,4,0,7,49,78,164,0,0,0,2,26,2568,0,11,1,0,0,0,7,1,0,2,0,10,140,2,0,2,6,5,1,0,1264,0,106,2,7,0,7,28,33,6,14,20,1,85,2,39,3,20,47,4,2,0,2,2,0,5,1,0,53,0,3,0,0,69,99,23,21,104,4,0,4,0,2,7,10,2,0,211,31,6,0,0,1,0,30,938,0,6,0,7,3,84,0,0,0,1,9,29,2,1,0,3,0,3,0,0,0,9,19,2,3,29,0,80,0,19,0,0,7,0,157,1,13,0,1,18,0,10,2,2,5,12,6,0,1,0,7,0,0,12,6,0,8,0,7,4,0,0,0,274,39,0,4,33
2021,"Haringey 007","E02000403",7519,740,8,0,0,1,0,8,120,1,165,0,42,226,1,9,4,0,4,0,0,18,0,1,2,3,1,0,1,31,0,1,0,23,3,0,0,5,14,44,4,448,216,0,0,9,0,0,6,0,14,11,0,26,3,2,5,2,0,48,0,0,0,0,1,74,14,1,3,0,5,1,3,4,403,8,0,61,0,303,6,1,8,2,1,6,0,0,1,6,448,0,1,0,2,1,0,8,3,8,4,4,6,2,0,0,2,0,3,0,1,4,12,1,21,2,4,1,1,3,1,3,4,0,1,0,1,0,32,6,0,0,0,0,16,1,2,2,5,0,3,92,63,93,1,2,0,1,25,4736,2,109,0,0,1,1,19,2,0,1,0,29,222,0,0,2,14,8,1,4,1986,1,342,1,18,5,23,145,68,6,38,69,1,146,0,137,13,13,12,8,21,0,26,0,0,17,5,0,157,3,10,0,0,183,302,27,109,194,10,2,6,1,6,4,62,2,5,89,26,8,4,0,1,0,9,744,0,7,0,2,1,89,1,2,0,1,11,26,0,34,1,1,0,10,0,2,0,1,25,1,11,48,3,94,0,8,7,1,9,0,48,0,5,2,6,0,0,1,3,4,6,17,2,1,6,0,1,0,0,13,13,0,2,0,16,4,1,0,0,67,44,1,0,85
2021,"Haringey 008","E02000404",7122,854,16,0,1,1,0,2,186,3,185,1,41,204,0,3,5,2,6,9,2,22,1,4,0,3,0,0,6,75,0,0,0,23,0,2,4,3,20,18,6,647,222,4,0,14,8,6,17,6,4,8,0,87,3,0,2,0,0,74,0,0,0,0,2,142,6,7,0,0,17,0,3,15,567,12,0,74,0,434,7,7,0,4,1,11,1,0,2,14,465,2,1,0,1,1,0,4,1,1,0,2,3,1,3,2,2,1,4,1,5,1,8,2,20,0,2,0,1,2,0,3,2,2,0,4,2,2,39,7,0,0,0,0,7,0,1,7,3,0,0,59,73,166,0,2,0,1,14,3681,0,88,1,0,0,0,12,3,0,1,0,12,214,0,0,0,11,7,3,3,1447,1,266,0,19,0,8,95,43,6,25,56,4,124,0,114,10,28,32,2,17,1,9,4,4,9,1,5,94,3,14,5,0,135,239,21,66,136,12,1,4,0,0,1,58,1,4,148,28,2,3,2,1,0,18,908,7,12,0,5,3,91,1,0,1,1,8,93,2,7,3,6,0,5,2,0,1,3,30,2,6,24,0,91,2,13,5,0,5,0,91,3,22,0,1,13,0,16,0,2,5,4,1,0,8,0,6,0,0,7,0,0,1,0,16,4,2,0,2,203,32,1,0,39
2021,"Haringey 009","E02000405",6469,374,13,0,2,0,0,1,36,0,44,0,7,146,0,4,20,0,8,2,1,10,0,0,1,1,0,2,3,46,0,0,0,18,0,0,0,3,1,3,2,232,137,1,0,7,0,0,9,0,6,0,0,7,0,0,0,0,0,17,0,0,0,0,3,27,0,7,0,0,3,4,0,4,139,1,1,20,1,104,2,0,0,5,1,3,0,0,1,0,453,2,0,0,1,1,0,10,0,5,4,3,0,0,1,1,0,1,0,1,1,2,14,4,12,0,0,2,4,0,0,1,3,0,2,0,2,0,31,3,0,0,0,0,2,0,0,2,0,2,4,177,37,77,12,5,3,0,21,4968,1,31,1,0,0,0,39,5,0,1,1,13,32,0,0,1,4,7,3,5,3672,0,237,3,21,4,21,49,53,0,4,13,3,210,2,68,59,0,0,2,7,1,16,3,0,39,0,1,26,0,16,5,0,57,52,5,7,22,28,4,5,1,13,2,32,4,6,25,13,1,5,1,0,1,5,303,0,0,0,0,0,19,2,0,0,0,1,1,0,2,4,6,0,0,0,0,0,5,20,0,1,34,0,25,1,7,0,5,62,0,21,1,5,2,2,1,0,2,0,0,1,3,0,0,1,1,3,0,0,0,0,0,0,0,1,3,0,0,0,23,15,0,0,23
2021,"Haringey 010","E02000406",6728,808,27,1,1,0,0,0,199,1,190,2,33,182,0,2,10,1,2,4,1,20,0,2,1,1,3,1,1,63,0,0,0,20,0,3,1,3,10,20,3,475,152,0,0,22,4,0,39,0,8,27,0,57,2,0,3,0,0,53,0,0,2,1,4,55,8,0,1,1,24,0,1,11,629,8,0,101,0,480,2,1,0,6,0,22,0,0,2,7,454,1,2,0,0,0,0,6,1,3,0,1,2,2,0,0,0,0,2,3,2,10,6,2,17,0,0,0,0,0,0,7,3,0,2,0,3,0,34,3,1,1,1,0,5,0,0,5,1,0,3,71,78,148,0,4,5,0,19,3625,1,58,1,0,0,0,7,0,0,1,0,6,163,0,2,3,7,2,0,6,1630,1,244,0,24,6,4,74,37,12,47,50,4,134,0,87,9,18,22,4,16,0,8,0,0,12,1,2,72,7,4,2,0,158,184,17,125,107,1,5,10,2,4,3,37,5,0,134,17,15,7,1,1,0,4,737,0,3,2,5,0,113,0,1,0,0,6,33,3,8,0,10,0,2,0,2,2,6,21,2,6,46,0,63,7,8,4,0,5,0,77,1,10,1,0,14,0,8,4,3,6,7,5,0,4,0,3,0,0,4,0,0,1,0,8,11,1,0,1,120,43,4,1,42
2021,"Haringey 011","E02000407",7599,754,24,0,0,2,0,5,148,1,164,0,53,172,0,1,5,0,0,1,10,19,1,0,2,7,4,4,1,65,0,0,0,10,0,0,3,1,6,42,3,1129,463,3,0,46,0,2,34,1,31,17,0,137,3,0,2,3,0,129,0,9,1,0,8,146,22,5,4,0,28,4,2,29,1323,11,1,132,1,1068,63,3,0,4,1,19,2,0,2,16,641,4,2,0,0,2,0,12,2,6,0,6,6,6,1,1,0,1,2,5,1,0,9,1,10,0,3,0,0,2,1,2,4,0,2,0,3,1,53,3,0,0,0,7,5,0,2,3,3,0,3,132,88,216,0,2,0,0,29,2980,0,46,0,0,0,1,6,0,0,2,1,33,129,2,2,0,3,4,5,1,1272,2,218,2,12,3,2,23,13,11,28,21,0,104,2,48,10,24,16,2,16,0,3,0,0,4,0,2,64,3,11,0,0,57,254,42,66,219,4,4,4,0,2,4,36,5,0,107,17,1,2,0,0,0,5,772,2,6,1,4,11,58,0,2,0,0,3,27,25,3,1,36,0,1,0,0,0,3,36,7,1,13,0,117,0,7,0,0,13,6,76,3,31,0,0,9,2,3,1,2,2,13,1,1,3,0,3,0,0,17,0,3,12,0,20,1,0,4,0,128,18,10,1,25
2021,"Haringey 012","E02000408",8252,661,10,2,0,0,0,2,161,0,112,1,44,156,0,4,3,0,0,5,1,23,0,0,0,4,4,1,1,44,0,0,0,20,0,0,0,7,17,34,5,1597,572,4,2,37,0,0,79,1,32,12,1,227,5,0,5,1,0,136,4,1,0,0,4,380,23,3,5,0,46,0,3,14,1204,12,0,220,1,864,4,7,8,23,5,34,0,0,4,22,548,3,3,0,0,3,0,7,1,1,0,5,0,4,1,0,0,4,4,5,0,2,7,2,34,0,1,0,0,1,0,6,1,0,1,0,3,0,74,0,0,0,0,0,5,0,5,2,3,0,3,52,81,190,0,1,0,0,33,3197,0,34,4,0,1,0,6,1,0,5,0,24,80,4,2,2,2,12,0,3,1405,0,167,0,8,0,5,24,26,15,34,14,0,110,0,33,14,11,28,2,28,1,2,4,0,2,2,1,81,0,2,0,0,95,225,36,73,319,5,0,0,2,2,9,17,2,1,183,13,5,0,1,3,0,7,1045,1,14,0,0,10,140,0,0,1,0,3,31,52,7,0,6,0,2,0,0,2,0,24,4,6,17,0,158,4,10,1,0,0,0,115,2,22,0,0,12,0,8,0,4,9,3,2,0,5,0,0,0,1,33,0,0,6,0,14,7,1,0,0,210,52,7,1,38
2021,"Haringey 013","E02000409",6067,627,9,0,1,0,0,4,193,0,91,0,20,115,2,4,2,0,4,11,0,4,0,0,3,2,2,6,3,71,1,6,0,17,0,2,0,4,17,28,5,1050,330,8,5,45,1,5,33,0,29,19,0,287,4,0,0,0,0,80,0,8,0,1,7,134,37,0,1,0,7,0,0,9,624,26,0,128,1,407,2,3,1,4,0,23,1,0,13,15,390,5,2,2,0,5,0,10,0,5,0,3,4,4,0,0,0,2,2,0,1,1,9,5,8,2,2,0,1,0,0,1,4,0,2,0,1,0,21,3,0,1,1,0,9,1,0,6,4,0,3,64,73,94,1,3,0,0,25,2583,0,38,2,0,0,3,22,1,2,2,0,12,58,3,1,0,5,1,2,2,1251,0,150,3,10,0,14,37,25,5,14,20,2,98,0,55,5,18,17,4,13,0,5,0,0,10,0,0,36,10,3,0,0,67,132,20,23,100,6,2,0,0,3,3,36,5,1,176,30,5,0,0,6,0,9,793,0,14,0,2,6,96,1,0,1,1,2,2,2,1,2,6,0,0,0,0,0,3,15,2,4,15,0,65,2,8,2,0,4,0,130,0,9,0,4,10,0,7,7,2,5,5,4,1,6,0,2,6,0,1,1,5,9,8,13,4,0,0,0,186,63,6,3,40
2021,"Haringey 014","E02000410",6406,377,11,0,0,0,0,0,8,0,77,1,10,110,0,7,27,0,2,4,1,2,2,4,0,1,3,1,3,50,0,3,1,13,1,4,0,3,0,23,5,105,53,1,0,0,0,0,0,0,0,4,0,4,4,0,0,0,0,12,0,1,0,0,0,19,1,2,1,0,1,1,1,0,123,2,0,18,1,95,1,0,0,0,0,4,0,0,0,2,429,0,0,0,2,0,0,7,0,5,0,4,2,0,1,2,3,1,7,0,1,1,11,2,15,2,2,0,2,1,3,3,1,1,2,0,0,0,39,2,0,1,4,1,0,0,2,3,2,0,1,152,40,72,1,6,2,0,20,5062,1,22,1,0,2,1,32,5,2,5,0,15,29,0,1,2,1,0,1,19,3417,1,321,8,40,3,39,68,46,0,5,25,2,173,1,104,68,1,0,9,4,0,10,1,0,49,1,4,40,1,12,1,0,119,63,7,17,23,24,1,10,3,9,3,39,18,2,100,2,8,18,1,0,0,2,310,0,0,0,1,0,44,2,0,0,0,3,0,0,2,0,0,0,0,0,1,0,0,9,3,1,24,0,21,0,30,0,5,68,0,3,0,0,0,0,1,0,9,2,0,2,5,0,0,2,0,2,0,1,0,0,0,0,0,7,2,1,0,0,28,5,0,0,26
2021,"Haringey 015","E02000411",11438,1533,22,0,0,0,0,3,183,3,502,1,80,228,4,10,6,2,15,6,1,17,0,5,32,12,15,0,9,240,0,0,0,29,5,4,9,8,29,40,13,1732,639,14,1,53,8,7,94,2,24,19,6,230,8,0,5,2,0,192,4,0,0,0,9,290,37,4,3,2,38,0,17,24,1321,41,1,216,4,952,7,6,0,18,3,35,1,0,10,27,781,2,6,1,0,2,0,16,1,10,1,4,5,6,1,0,3,0,4,1,2,3,5,1,17,0,1,0,0,4,0,3,4,2,2,0,0,3,75,4,0,2,0,0,4,30,0,7,1,7,7,103,130,259,1,0,0,2,39,4941,0,23,3,1,0,2,31,1,0,1,0,27,139,6,1,5,11,11,3,4,2131,0,417,2,28,4,21,68,15,4,35,44,3,161,2,99,10,16,24,8,22,0,6,2,3,17,0,1,100,2,12,0,0,261,410,49,81,281,9,4,15,3,8,8,51,6,4,172,10,18,9,3,0,0,13,1130,12,8,0,2,6,94,0,0,0,0,6,32,8,0,6,8,0,0,0,2,0,4,19,5,0,21,0,151,3,11,5,0,16,4,117,0,12,0,3,29,0,10,9,21,2,9,3,0,5,0,0,0,0,16,0,0,120,1,27,16,1,2,0,186,50,1,1,66
2021,"Haringey 016","E02000412",7309,940,15,0,1,0,0,0,216,3,179,1,52,208,0,8,6,0,4,13,3,18,1,0,1,1,3,2,3,118,0,1,2,21,4,1,5,3,15,27,5,904,320,0,0,20,1,0,12,1,32,21,6,87,2,0,7,2,0,109,1,1,1,0,2,194,25,0,6,1,19,1,3,30,655,11,1,110,2,447,2,0,0,6,1,24,0,0,39,12,447,0,0,3,1,5,0,7,0,0,0,0,1,4,1,4,2,1,1,5,0,4,11,6,18,1,1,1,1,5,1,4,1,0,3,0,1,2,36,2,0,0,1,0,4,0,0,1,3,0,1,87,59,132,0,3,0,0,23,3556,0,79,0,0,3,0,8,3,0,2,0,15,157,2,0,0,10,7,0,5,1544,0,230,0,18,6,13,97,61,8,41,65,2,93,0,136,7,11,24,9,10,0,17,0,0,17,0,1,78,2,5,2,0,139,135,28,79,115,5,0,7,1,0,1,41,5,2,164,16,7,2,0,3,0,18,807,3,7,0,6,0,86,3,0,0,2,4,5,3,11,1,0,0,2,0,0,1,3,18,10,5,22,1,63,2,36,3,0,4,0,132,0,21,0,6,8,0,20,3,6,8,5,2,0,4,0,6,0,0,9,0,1,2,0,34,1,1,1,0,146,41,1,4,44
2021,"Haringey 017","E02000413",7762,596,15,0,1,0,0,1,43,1,120,0,25,191,5,14,25,1,8,1,0,3,3,0,1,15,2,2,0,76,0,0,0,9,1,1,4,6,1,13,8,248,78,0,0,7,0,0,25,0,2,1,0,43,3,0,3,0,0,46,2,0,1,0,3,21,3,0,0,0,5,1,1,3,243,1,0,32,1,175,1,6,1,7,0,10,0,0,0,9,629,0,1,0,0,3,0,8,1,9,0,3,4,9,0,0,7,0,2,1,1,0,7,8,19,1,3,0,6,1,29,1,1,0,6,0,1,3,27,5,3,1,0,3,0,2,0,4,2,1,4,210,76,129,2,7,1,0,17,5521,0,19,0,0,1,2,28,2,3,6,0,12,26,0,1,2,10,3,10,16,3751,1,347,4,44,7,36,54,57,1,16,11,5,221,13,97,144,5,16,5,6,0,22,0,0,34,0,2,60,1,11,4,0,75,47,16,10,27,34,6,5,0,20,2,35,10,5,90,7,2,7,2,0,0,5,525,0,1,0,3,1,60,1,0,0,0,0,1,0,0,2,2,0,4,0,1,0,6,22,1,1,17,0,34,1,23,0,0,151,0,38,0,5,1,4,2,0,6,1,6,11,4,1,0,0,2,0,0,0,3,2,0,0,0,7,0,0,0,1,57,11,0,1,30
2021,"Haringey 018","E02000414",7095,678,7,0,3,1,0,4,192,0,75,0,40,161,0,0,7,1,5,0,0,15,0,0,0,9,9,5,2,64,1,0,0,26,0,1,1,9,8,20,12,832,317,1,0,29,2,1,33,1,26,24,3,80,1,0,1,1,0,110,1,1,0,1,6,109,8,13,2,1,43,0,5,12,804,17,0,119,1,599,0,1,1,20,0,19,1,1,1,24,536,1,0,0,0,5,0,6,2,2,2,1,5,7,0,2,0,0,6,4,4,0,13,0,13,0,2,1,0,4,0,4,3,0,3,0,3,0,72,3,0,0,0,0,5,2,1,5,1,1,2,80,77,171,5,3,1,0,14,3573,0,13,0,0,1,0,15,1,0,0,0,19,104,2,1,1,7,2,2,3,1686,0,216,1,20,4,13,21,17,22,29,33,4,117,2,51,12,10,15,17,13,0,3,1,0,17,0,1,108,0,8,6,0,83,271,32,49,339,8,0,4,3,6,13,28,5,4,74,14,8,3,0,6,0,5,672,0,5,0,6,1,59,0,0,0,1,6,5,9,8,0,13,0,1,1,4,0,2,35,3,2,10,1,153,2,4,0,0,8,0,40,1,27,0,4,23,0,3,5,6,1,18,5,2,7,0,0,0,0,10,12,0,15,3,8,8,0,0,0,73,33,0,0,29
2021,"Haringey 019","E02000415",7255,844,9,0,2,1,0,0,247,0,180,1,17,204,1,6,9,0,3,2,5,28,1,0,0,4,1,0,4,73,0,0,0,11,1,0,1,8,8,12,5,531,154,10,0,20,0,0,28,1,20,15,0,83,4,0,1,0,1,31,0,0,0,2,0,121,10,3,3,0,12,2,0,10,456,4,0,54,0,343,4,0,2,8,0,13,0,0,7,21,501,2,0,1,2,1,1,6,0,5,0,1,0,3,1,0,2,3,3,5,1,1,10,4,17,0,3,1,1,1,1,2,3,0,3,1,0,0,48,4,0,1,0,1,4,0,0,1,2,0,3,91,63,164,0,3,0,1,30,4088,0,71,2,1,2,0,16,3,0,5,0,14,167,5,1,3,15,4,1,8,1774,0,272,4,37,1,18,92,69,8,36,49,0,146,0,164,15,4,9,5,21,1,10,1,3,16,0,0,62,0,13,0,0,117,364,34,92,89,3,3,11,0,4,2,57,3,5,91,28,6,6,1,6,0,18,835,0,7,2,6,7,170,0,0,3,0,6,24,2,8,1,3,0,2,0,0,1,4,19,3,5,37,2,150,2,9,2,0,13,0,57,0,20,0,5,4,0,12,0,9,1,14,6,0,2,0,4,0,0,8,2,0,25,0,21,11,1,0,0,68,58,0,0,19
2021,"Haringey 020","E02000416",8455,632,9,3,0,1,1,2,116,1,76,0,21,197,2,8,18,0,7,5,0,10,0,5,3,2,4,3,7,29,0,0,0,27,6,2,12,24,9,18,4,655,227,3,0,24,5,0,40,2,14,18,0,83,4,0,3,0,0,56,0,0,1,1,2,123,14,0,7,0,11,0,3,14,626,20,0,106,1,448,3,0,0,10,0,15,1,0,9,13,651,3,0,0,0,0,1,7,9,10,0,3,6,3,0,0,2,0,6,1,1,7,15,4,10,1,0,2,5,7,1,1,0,1,2,3,0,3,56,2,0,18,1,1,2,1,1,6,0,0,7,149,89,167,1,2,1,2,31,5253,0,68,0,1,1,3,35,4,1,0,2,11,17,1,1,4,2,5,2,7,3347,1,278,9,56,0,23,111,55,1,21,32,6,263,3,121,33,25,35,1,12,1,12,7,0,28,2,1,45,0,14,0,0,82,94,26,27,36,23,7,8,1,14,3,70,18,5,99,16,5,3,1,0,0,7,638,2,2,0,7,1,73,0,0,0,1,1,0,1,2,9,5,0,4,4,4,0,0,13,1,6,20,0,52,2,17,1,1,33,0,109,1,8,0,9,2,0,8,4,0,15,14,4,0,0,0,0,0,0,0,3,1,3,3,6,3,3,2,3,137,8,3,0,27
2021,"Haringey 021","E02000417",6555,414,13,1,0,0,0,1,13,0,100,1,9,162,0,5,13,0,7,1,3,6,0,0,9,1,1,0,4,39,0,0,0,10,0,0,0,1,6,3,5,127,30,0,0,0,0,0,2,2,2,4,0,25,0,0,0,0,0,31,0,1,0,0,1,14,3,0,0,0,10,0,2,0,151,2,1,15,1,122,0,0,0,5,0,3,0,0,0,2,493,1,0,0,0,0,0,0,1,4,0,3,3,0,0,1,7,3,5,2,3,0,10,9,10,0,3,3,5,0,6,0,0,0,0,0,1,2,40,0,2,2,1,0,1,1,0,1,5,1,5,204,58,71,0,6,3,0,10,5089,0,11,0,0,2,7,58,1,1,1,0,3,29,1,0,7,6,9,7,16,3429,0,282,4,55,4,47,68,27,1,10,27,4,179,10,73,80,9,6,3,6,2,13,4,0,50,0,4,43,1,21,0,0,56,80,20,35,29,62,4,10,1,15,1,25,14,10,67,3,10,7,0,7,1,11,281,0,2,0,0,0,17,2,0,0,0,0,4,0,1,2,0,0,1,0,2,0,1,8,0,3,10,0,28,0,19,5,1,63,0,18,0,1,0,0,0,0,1,1,0,15,2,0,0,0,1,1,0,0,2,2,0,3,0,4,3,0,0,0,21,4,3,0,30
2021,"Haringey 022","E02000418",5438,298,4,1,5,0,0,0,25,0,31,0,9,147,0,0,12,0,3,1,0,9,0,0,0,1,0,1,0,27,0,0,0,5,1,0,2,4,1,4,5,116,43,0,0,4,0,0,0,1,3,0,0,19,1,0,0,0,1,13,0,1,0,5,1,17,4,0,0,0,1,0,0,2,149,3,0,22,0,119,0,0,0,1,0,4,0,0,0,0,350,0,0,0,0,2,0,4,0,2,1,1,0,0,3,0,1,0,11,0,0,1,2,2,12,4,0,0,9,0,0,0,2,0,3,0,0,1,19,0,0,7,0,0,4,1,0,0,0,0,4,119,35,80,0,3,1,0,16,4283,0,6,0,0,3,1,35,3,2,4,0,4,9,0,1,0,5,3,7,9,3314,0,166,0,24,0,18,20,23,2,12,6,5,186,1,34,55,5,2,0,12,0,11,1,0,30,0,1,24,2,16,0,0,36,20,13,7,13,13,0,2,2,13,3,18,11,4,47,7,1,5,1,0,0,5,242,0,0,1,0,0,24,0,0,0,0,0,12,0,0,2,0,0,2,0,0,0,0,2,0,1,13,0,18,3,10,0,1,72,0,12,0,0,0,0,2,0,8,0,0,1,9,1,0,0,0,1,0,0,0,0,0,0,0,3,4,0,0,2,17,4,0,0,17
2021,"Haringey 023","E02000419",8737,819,11,0,2,0,0,5,149,0,120,0,35,244,0,11,6,4,3,2,3,31,0,3,5,7,2,9,1,75,0,0,1,10,1,1,1,4,5,59,9,426,131,2,3,7,0,0,12,1,16,5,1,59,11,0,1,0,0,55,1,1,0,1,1,73,5,1,5,0,17,0,7,10,464,4,0,60,1,358,0,1,0,16,0,12,1,0,2,9,696,1,2,1,0,2,1,6,0,12,3,5,3,0,4,0,4,2,4,2,2,4,8,3,22,0,1,2,3,2,0,0,0,0,3,0,0,1,40,5,0,0,0,1,5,0,1,4,1,0,4,164,101,226,0,5,1,1,34,5555,4,108,1,2,0,0,38,1,0,4,1,22,181,4,0,12,18,4,6,2,2681,0,370,3,37,10,37,150,64,17,37,52,0,214,2,172,23,20,12,8,7,2,11,0,1,42,0,2,220,1,13,0,0,133,247,44,96,97,18,1,6,1,10,7,65,5,0,134,32,5,7,4,9,1,17,777,11,8,0,9,2,60,3,2,0,1,8,47,20,1,2,1,0,6,0,1,0,5,28,6,11,55,0,120,2,21,5,2,18,0,37,1,20,0,0,3,1,3,4,7,5,5,3,0,7,1,2,0,0,5,4,0,8,0,22,10,0,0,1,102,39,0,0,32
2021,"Haringey 024","E02000420",7995,758,17,1,1,1,0,5,216,1,107,1,74,110,0,7,8,2,6,11,2,24,1,4,1,7,1,1,1,56,0,0,0,19,1,2,1,4,16,46,3,959,400,9,1,38,0,0,33,1,18,37,0,129,2,0,2,0,5,86,1,0,0,2,4,125,9,3,2,2,28,1,5,16,827,21,0,123,1,606,2,6,0,13,1,30,1,0,8,15,583,0,1,2,1,1,2,8,1,7,0,10,4,4,0,0,1,2,0,1,2,2,16,2,35,3,5,2,3,3,0,6,1,0,3,0,0,1,56,6,0,0,0,0,6,0,4,0,2,0,3,101,74,170,0,6,0,1,25,3982,2,27,0,0,1,0,15,3,1,2,0,32,110,13,0,1,3,1,1,0,1873,1,285,2,26,7,10,34,63,12,29,31,2,164,0,108,16,0,38,6,14,1,4,2,2,11,2,0,88,5,11,0,0,132,242,42,70,144,22,1,5,2,4,15,44,6,0,134,18,5,9,1,7,0,20,886,22,16,1,5,0,62,2,0,0,0,10,19,2,0,15,15,0,5,0,6,0,2,12,22,2,9,3,196,1,5,2,0,12,0,86,0,10,0,1,16,0,10,3,2,6,20,3,0,8,0,1,0,0,1,0,0,6,0,37,3,1,0,0,142,36,8,0,40
2021,"Haringey 025","E02000421",8487,707,17,0,4,0,0,12,156,1,151,1,28,91,1,14,4,0,4,6,6,27,1,0,6,1,8,1,5,53,0,0,0,7,3,1,3,4,17,69,5,1358,551,4,2,50,1,0,72,1,22,26,2,199,0,0,6,1,3,134,0,3,0,0,8,201,19,4,0,1,25,3,7,13,1373,13,0,150,0,1078,2,1,4,36,0,31,2,0,13,43,814,2,1,0,1,0,1,9,0,1,0,4,3,1,1,1,4,0,3,0,1,1,7,1,33,1,4,0,1,2,0,6,0,0,0,0,1,2,107,3,0,0,0,0,6,1,2,0,1,0,2,77,90,402,1,3,0,1,26,3117,2,23,0,0,1,0,10,0,0,1,0,25,87,1,1,1,2,1,2,3,1424,2,210,3,33,0,11,34,15,4,50,23,2,93,0,66,21,15,26,4,14,1,4,0,6,17,0,0,63,0,10,0,0,75,183,29,170,118,9,2,11,2,4,5,45,3,2,118,14,1,1,0,2,0,12,1118,7,4,1,3,0,121,0,0,0,0,31,14,20,2,7,25,0,3,0,2,2,4,15,3,2,13,0,169,1,6,6,1,12,0,240,1,23,0,2,13,0,8,3,5,0,7,4,0,6,0,2,0,4,19,1,0,14,0,21,10,0,0,0,175,25,7,2,52
2021,"Haringey 026","E02000422",7455,762,18,0,0,0,2,3,244,0,74,0,44,146,1,4,5,9,3,12,1,8,0,6,1,5,2,1,3,64,0,1,1,11,6,1,0,4,52,22,8,938,398,1,0,24,5,7,44,0,35,34,0,124,3,0,3,1,0,92,0,1,1,3,8,90,15,2,2,1,25,2,5,12,783,17,0,121,0,582,0,4,6,10,4,25,0,0,7,7,476,1,2,0,0,2,2,9,1,5,0,4,1,2,2,0,3,0,1,2,1,3,29,0,17,3,1,0,2,0,0,2,2,0,0,0,0,0,43,4,2,0,0,0,4,4,1,3,1,1,4,63,66,157,0,5,0,0,21,3552,2,41,1,0,0,1,23,2,0,0,0,21,83,2,0,2,3,8,2,4,1720,1,203,6,22,2,14,45,24,10,25,40,2,148,0,84,13,4,25,5,8,0,6,1,0,7,0,1,55,1,17,4,0,128,189,39,90,158,3,2,3,1,3,4,50,3,1,153,13,9,4,0,3,0,8,944,1,9,0,9,1,86,2,2,0,1,9,54,0,0,1,2,0,13,0,0,0,2,21,4,3,19,0,214,7,3,1,1,9,0,80,0,19,0,0,8,0,1,5,17,2,16,43,0,1,0,1,0,0,12,0,0,22,0,24,6,2,0,0,139,31,3,0,38
2021,"Haringey 027","E02000423",6917,775,11,0,2,0,0,0,283,3,103,1,40,182,1,0,4,0,2,3,6,39,6,0,4,3,0,6,3,43,0,0,0,13,0,0,1,7,1,6,2,391,141,0,5,7,0,0,16,0,7,4,0,42,6,0,0,0,3,51,0,1,1,0,9,68,8,3,3,0,6,0,1,9,334,3,0,46,0,245,4,1,1,3,0,26,0,0,1,4,473,1,2,0,3,5,3,6,0,5,0,3,0,2,0,0,1,0,3,0,0,0,9,0,23,0,3,1,1,0,0,3,5,0,6,0,0,0,53,0,0,0,0,1,9,3,0,1,0,0,3,122,50,109,7,4,0,1,25,4162,0,52,3,0,1,1,30,0,1,6,1,20,119,3,1,4,10,4,2,4,1970,4,344,6,35,0,17,76,64,21,32,63,0,153,1,183,21,9,23,0,24,1,8,1,0,23,0,3,58,3,13,0,0,92,160,27,126,135,9,1,5,0,8,3,47,3,1,78,30,7,3,1,0,0,8,782,0,4,1,0,5,66,0,0,0,1,9,118,2,1,0,0,0,10,0,0,1,2,24,2,5,42,2,152,4,7,1,0,14,0,37,0,26,0,0,3,0,7,3,1,2,5,3,0,1,1,4,0,1,3,0,0,8,0,18,12,0,0,0,74,44,0,0,56
2021,"Haringey 028","E02000424",6755,308,4,2,0,2,0,1,41,1,36,0,27,103,1,4,14,0,4,1,0,2,2,0,0,2,3,0,1,23,0,0,0,13,1,0,1,0,8,9,2,343,112,0,0,15,0,0,30,8,3,7,0,50,3,0,1,1,1,33,0,0,1,0,2,51,10,1,0,0,5,1,2,6,417,4,0,57,1,318,2,2,3,2,2,9,0,0,13,4,568,0,2,0,3,0,0,5,0,3,1,5,1,1,1,0,5,0,5,1,1,5,8,3,9,0,1,0,7,2,0,0,0,0,1,2,2,2,30,1,0,1,0,1,0,1,4,1,2,0,3,160,75,190,2,3,1,0,17,4763,0,19,1,0,1,1,47,0,0,3,1,7,11,0,3,2,3,5,4,6,3377,0,232,11,47,0,23,35,28,0,12,26,1,254,1,93,63,4,4,2,8,2,10,3,1,35,0,9,27,0,7,2,0,53,40,25,21,24,10,1,5,1,5,3,37,9,6,65,9,4,6,1,0,0,7,356,0,5,0,6,0,36,1,0,1,0,1,0,1,0,1,2,0,0,0,0,0,6,3,0,5,16,0,29,0,16,2,0,32,1,45,0,3,1,4,10,0,4,1,0,7,4,4,0,1,2,0,0,0,0,2,0,12,0,5,4,0,1,0,49,12,0,0,21
2021,"Haringey 029","E02000425",8173,414,29,0,0,0,0,2,83,1,47,0,9,145,0,2,3,0,0,0,0,12,0,4,0,4,0,1,1,33,0,2,1,2,0,0,0,0,7,21,5,443,161,5,0,8,0,0,30,0,19,14,1,65,5,0,6,0,0,47,1,0,0,1,3,48,10,2,0,0,6,0,3,8,494,9,0,62,0,379,3,1,0,7,0,22,0,0,3,8,308,1,1,0,0,0,0,8,0,0,0,4,4,2,0,0,1,1,0,0,0,0,4,0,18,0,0,0,3,0,0,0,0,0,4,0,0,0,46,3,0,0,0,0,7,0,0,0,2,0,0,27,38,116,2,0,0,2,14,5175,0,7,2,0,0,1,3,5,4,17,0,26,13,2,0,0,5,0,2,0,3388,1,114,0,11,0,6,13,9,6,22,24,0,64,21,34,571,6,4,1,6,1,1,0,1,21,0,1,45,2,3,0,0,199,153,16,45,152,7,1,1,1,0,10,29,4,15,51,3,8,3,3,4,0,7,1339,7,1,0,0,0,26,0,0,0,0,9,6,0,2,2,2,0,0,0,0,1,5,6,4,2,6,0,154,1,0,1,0,806,0,32,1,20,0,2,10,0,10,0,1,6,5,0,1,4,0,0,0,0,16,6,0,9,3,22,8,0,0,0,68,8,7,0,59
2021,"Haringey 030","E02000426",6482,636,0,0,3,2,0,0,40,1,83,0,27,313,2,23,16,0,13,4,1,0,0,4,0,12,2,3,8,39,0,0,0,19,1,4,1,4,2,6,3,172,57,2,0,3,0,0,6,0,11,2,0,17,0,0,0,2,1,29,0,0,0,0,0,30,0,1,0,0,2,0,5,4,193,7,0,24,0,144,3,0,0,4,3,2,3,0,2,1,497,0,0,2,0,5,1,2,0,1,0,6,0,3,1,0,3,1,2,1,0,5,10,68,8,4,0,0,3,4,1,0,4,0,0,2,0,1,39,2,0,2,0,0,3,1,0,4,0,0,6,155,36,83,0,11,0,0,17,4581,0,10,0,0,8,7,47,11,1,0,4,9,19,2,1,0,8,3,1,4,3159,1,195,5,35,2,40,32,28,1,4,10,15,177,12,73,117,20,5,1,14,1,9,2,0,50,0,4,29,3,8,2,0,78,62,11,12,23,67,11,9,0,21,3,18,10,3,34,5,3,6,1,0,0,15,403,2,4,0,1,2,62,0,0,0,0,0,0,2,0,0,2,0,0,0,2,1,0,14,5,2,44,0,19,1,48,1,1,67,0,9,0,2,0,0,4,0,7,5,3,13,3,0,0,0,1,0,0,0,0,4,0,0,0,0,1,0,0,0,31,8,2,1,29
2021,"Haringey 031","E02000427",6623,494,4,0,3,0,0,1,103,0,65,1,5,141,1,5,9,10,3,0,1,16,0,3,1,3,1,7,5,56,0,0,0,14,5,2,3,5,8,8,5,296,99,0,0,7,2,0,12,0,11,9,0,59,2,0,0,0,1,39,0,0,0,0,6,39,0,0,0,0,1,1,0,8,349,5,2,32,0,284,1,2,0,8,0,8,0,0,3,4,491,1,1,0,3,1,1,8,4,4,2,8,4,0,0,0,2,1,3,6,3,0,9,0,32,0,1,0,2,3,1,1,0,2,1,0,1,1,33,6,0,0,0,0,3,0,4,2,1,0,12,103,48,140,3,2,5,2,21,4421,0,40,1,0,0,0,39,2,3,2,0,14,62,2,1,2,10,12,2,14,2457,0,332,4,48,2,25,59,53,0,41,101,0,207,1,162,27,5,16,6,16,1,7,1,0,39,2,4,52,0,8,2,0,81,114,20,75,45,9,4,8,5,5,4,73,6,7,58,5,8,3,2,0,0,5,572,0,3,1,5,0,78,0,0,1,1,14,20,0,0,2,2,0,3,0,3,1,0,17,4,10,38,0,125,0,7,6,4,10,0,52,0,8,0,1,5,0,3,1,1,2,4,2,0,1,0,1,1,0,4,0,0,0,0,15,3,1,0,1,61,24,0,0,26
2021,"Haringey 032","E02000428",8429,630,13,0,1,1,0,0,154,0,71,1,27,191,0,6,8,2,1,9,2,10,0,0,0,4,0,1,2,49,0,1,0,9,0,0,0,2,15,40,10,1158,378,6,0,40,1,6,59,4,43,29,5,116,7,1,1,2,0,81,0,0,0,2,12,270,26,2,0,2,20,1,32,12,813,22,0,143,1,585,6,1,0,9,0,16,2,0,13,15,531,1,1,3,1,0,0,10,1,7,3,6,5,4,0,0,0,0,4,2,2,2,18,0,27,1,0,0,2,1,1,3,2,0,2,0,2,3,55,3,2,0,0,0,7,2,1,4,0,0,5,98,74,143,0,2,2,0,19,4243,0,22,2,5,1,0,24,1,0,7,0,33,44,3,0,2,1,4,1,8,2129,4,315,6,27,8,20,30,30,2,45,27,0,188,24,90,93,11,24,4,8,0,5,2,0,14,0,3,32,2,13,3,0,99,245,49,97,88,4,1,8,2,6,5,99,52,2,129,14,7,1,1,4,0,13,1054,7,8,4,6,3,79,0,0,1,0,8,2,2,0,0,6,0,2,0,0,2,2,21,3,48,18,1,177,0,15,2,0,97,6,120,0,24,0,1,11,0,20,0,0,13,19,2,0,7,1,4,0,0,4,5,0,8,0,37,3,0,0,0,176,25,6,0,48
2021,"Haringey 033","E02000429",6782,404,0,1,1,1,0,1,20,0,76,0,12,168,1,14,23,0,9,0,3,1,0,5,0,3,5,0,0,19,0,1,0,20,1,1,0,1,5,8,4,139,42,0,0,4,0,1,12,0,7,1,0,14,1,0,0,0,0,16,0,1,3,0,0,16,1,3,0,1,10,1,0,5,221,2,0,37,0,170,2,0,0,0,1,6,0,0,0,3,465,1,0,0,1,3,2,3,0,6,0,1,2,3,0,0,5,2,2,0,0,3,16,0,17,0,1,0,6,1,1,1,3,0,2,0,0,1,24,3,0,1,1,1,4,2,0,5,1,2,3,181,41,79,3,7,0,1,23,5210,2,17,1,0,1,0,53,9,1,3,1,10,9,2,0,4,2,8,2,11,3572,1,281,7,67,1,72,53,23,0,16,21,6,187,1,111,73,12,7,5,6,2,18,3,0,56,3,0,40,1,17,5,0,84,70,22,10,20,50,9,2,0,15,3,41,7,0,39,2,10,9,2,1,0,11,343,0,0,1,0,0,44,1,0,0,2,5,0,0,0,2,0,0,5,0,1,0,2,5,0,4,12,0,45,1,37,2,6,55,0,13,1,3,1,0,0,0,5,1,7,11,7,1,0,0,0,0,0,0,0,0,0,0,0,3,0,0,0,0,19,7,0,1,33
2021,"Haringey 034","E02000430",6919,379,0,3,0,1,0,0,41,1,77,0,14,123,0,2,21,0,11,0,3,4,0,0,1,3,4,0,2,35,0,0,0,18,3,1,1,6,1,2,1,174,68,0,0,6,1,1,0,3,7,1,1,33,0,0,0,2,1,13,0,0,4,0,1,18,7,0,0,1,0,4,0,2,266,2,0,30,2,206,1,0,0,4,1,8,1,0,5,6,529,1,3,0,1,5,2,4,0,6,0,3,4,0,0,1,3,0,8,0,0,1,16,7,13,4,0,0,7,2,4,1,4,0,1,0,1,2,41,3,1,0,1,1,9,0,0,2,0,0,5,177,52,103,1,9,0,0,20,5256,0,4,0,3,2,5,45,4,0,6,0,3,17,1,2,3,2,10,3,14,3640,0,304,5,45,2,55,87,35,2,10,35,5,237,1,107,49,1,5,3,9,1,23,2,0,55,0,9,26,0,24,0,0,60,64,21,63,30,10,4,4,1,11,0,36,12,3,16,5,4,3,2,1,0,5,315,3,0,0,2,0,33,0,0,0,0,3,0,0,0,1,4,0,0,0,1,0,4,7,1,0,11,0,38,0,18,0,5,42,0,21,0,5,0,0,1,0,3,0,0,5,1,0,0,18,0,1,0,1,0,0,0,0,2,2,2,0,0,1,29,24,0,1,25
2021,"Haringey 035","E02000431",5856,416,1,0,1,0,0,0,32,0,69,0,20,141,1,11,43,0,11,0,5,1,0,1,0,8,3,0,11,24,0,0,0,16,3,1,4,4,0,5,0,114,43,0,0,6,0,0,3,0,1,3,1,11,0,0,2,0,0,9,1,0,0,0,1,13,0,1,1,1,5,0,8,4,96,0,0,19,0,68,0,0,0,3,0,1,0,0,0,5,393,1,2,0,1,8,2,4,1,2,0,3,5,2,2,0,1,2,3,6,0,1,19,0,17,2,2,0,5,1,1,4,0,0,3,2,0,2,20,2,0,1,0,0,1,0,0,1,1,0,8,137,38,55,1,5,3,2,14,4635,0,11,0,1,2,1,46,3,4,5,0,6,22,1,0,4,5,8,6,9,3045,4,295,14,43,5,54,49,24,1,19,22,3,188,6,87,96,0,0,2,8,2,9,2,0,56,0,4,33,5,11,0,0,73,42,19,23,16,58,9,3,3,15,2,39,19,5,50,5,6,9,0,0,1,17,202,1,0,0,5,0,22,1,0,0,0,0,0,0,0,5,2,0,1,0,2,3,1,9,0,1,8,0,26,1,21,2,5,30,0,1,0,2,0,2,0,0,2,1,1,4,2,0,0,0,0,0,0,0,0,0,0,0,0,3,3,0,0,0,15,4,0,0,16
2021,"Haringey 036","E02000432",6125,353,3,0,0,0,0,0,33,0,52,0,9,102,0,4,12,1,1,0,1,3,1,0,2,7,4,2,1,61,0,0,0,20,3,0,2,1,9,10,9,296,86,8,0,10,1,0,8,2,9,15,0,25,1,0,3,1,0,45,0,1,1,1,0,53,2,1,0,0,6,2,3,12,392,9,1,68,0,274,2,1,2,12,2,9,0,0,0,12,441,0,0,0,0,1,1,7,3,1,0,1,4,0,3,0,2,3,3,1,0,0,8,3,8,0,2,1,0,1,4,1,3,0,0,0,0,0,28,3,0,0,0,0,0,0,1,0,0,0,3,109,83,117,4,7,0,1,24,4282,3,12,0,0,0,0,47,1,0,6,0,3,8,3,0,2,7,3,5,10,2908,0,224,1,124,1,38,24,9,0,13,35,1,221,2,77,27,14,5,4,8,0,5,3,0,38,0,0,35,3,17,0,0,40,63,9,27,25,14,3,2,1,10,1,41,9,4,56,11,2,8,1,1,0,7,361,2,3,1,2,1,37,1,0,0,0,5,4,0,1,1,3,0,1,0,0,0,2,21,0,2,10,0,34,0,11,2,5,15,0,33,0,5,1,4,3,0,8,4,1,8,17,1,0,0,0,0,0,0,0,0,0,11,0,1,2,1,0,1,59,18,0,0,19
2021,"Harrow 001","E02000433",8602,3232,205,23,19,1,4,18,55,3,123,3,61,2179,1,16,11,0,1,0,3,3,3,0,14,22,0,1,4,265,0,0,0,124,5,0,33,4,6,6,16,338,110,0,0,12,0,0,0,0,2,3,0,18,1,0,0,0,0,102,0,0,6,0,0,56,21,0,0,0,0,3,1,3,141,0,0,46,2,81,1,0,2,4,2,2,0,0,0,1,249,1,1,0,3,1,1,4,0,3,0,2,0,1,1,0,3,0,1,0,2,4,4,0,0,0,3,0,1,4,0,1,1,1,0,0,0,1,15,1,0,0,0,0,0,1,0,0,0,0,5,94,25,42,0,6,2,0,14,4004,1,16,0,0,0,2,6,1,0,0,0,18,15,0,0,0,0,1,2,4,2842,0,117,2,21,0,19,13,4,0,3,15,6,98,4,15,127,8,2,7,8,0,1,0,0,5,0,1,55,3,1,0,0,56,54,8,27,356,7,0,3,0,13,0,5,3,1,10,1,6,3,4,1,0,3,638,61,2,3,0,0,162,1,2,0,2,1,0,0,1,3,0,0,0,0,4,0,0,4,10,0,1,0,10,8,92,2,2,148,0,12,0,0,1,0,0,0,1,10,3,8,3,5,0,0,4,0,4,0,9,0,0,5,0,1,0,1,14,0,6,1,1,4,26
2021,"Harrow 002","E02000434",9850,4078,226,19,6,0,10,10,73,0,182,6,56,2824,1,44,13,1,5,3,7,13,1,1,8,20,2,9,3,288,4,0,12,128,1,0,73,5,0,7,17,562,165,0,0,1,0,0,10,4,2,3,0,52,1,0,0,0,0,121,0,0,2,0,2,131,50,0,0,1,5,0,3,9,153,8,0,25,0,102,0,2,0,5,3,6,0,0,0,2,306,2,12,3,0,0,5,8,2,3,1,1,5,2,3,1,2,3,1,2,0,2,6,0,1,0,0,0,1,0,0,1,2,1,1,0,1,3,17,2,0,0,1,0,0,1,0,0,0,0,3,87,53,47,0,4,0,2,14,3952,0,17,0,1,0,2,5,1,0,0,1,8,19,0,0,3,1,3,0,4,2363,1,138,0,7,0,9,9,17,12,6,12,12,141,6,36,150,7,0,0,7,0,4,0,1,8,6,2,81,8,1,0,0,104,67,13,47,540,4,0,11,1,9,1,14,0,2,11,0,4,5,0,1,0,9,799,78,5,7,4,0,219,0,7,0,0,2,0,0,1,12,0,0,0,0,1,3,5,16,18,2,4,0,9,20,62,0,3,130,2,12,0,4,1,1,0,0,6,13,9,7,1,0,0,3,0,1,0,0,21,3,0,1,0,5,0,7,33,0,11,2,0,0,48
2021,"Harrow 003","E02000435",8197,3441,269,16,9,2,0,10,62,0,72,3,18,2025,6,28,8,0,0,2,2,2,9,1,55,22,1,6,4,624,0,0,2,133,0,0,42,1,0,1,6,402,124,0,0,8,0,0,14,0,6,0,0,32,1,0,0,0,7,50,0,1,0,0,0,113,32,0,0,0,5,0,2,7,257,9,0,49,0,165,6,0,0,4,4,3,0,0,7,10,275,0,1,0,1,6,0,8,3,1,0,1,2,0,0,0,0,0,2,1,0,0,2,0,4,1,6,0,1,0,0,0,1,3,0,0,0,0,20,0,0,1,0,0,0,1,1,0,0,0,7,78,29,82,0,3,0,0,9,3230,0,18,0,1,0,2,4,1,2,2,0,2,4,0,0,1,5,3,2,0,2102,0,88,2,6,0,3,9,11,15,6,8,5,163,3,23,21,11,0,4,1,0,1,0,1,4,1,0,50,0,0,2,0,88,44,6,32,411,3,3,1,0,9,1,9,0,1,14,0,5,12,1,0,0,3,592,76,0,1,2,0,178,0,1,0,0,3,0,0,0,10,0,0,0,0,1,0,2,1,3,0,1,0,5,22,26,0,5,46,0,21,0,0,0,0,0,27,8,5,1,10,4,7,0,1,1,0,1,0,35,5,0,26,0,4,2,2,29,0,4,0,0,0,16
2021,"Harrow 004","E02000436",5764,2759,61,15,10,0,5,6,13,0,34,1,9,2212,0,4,2,0,1,5,0,2,2,0,10,15,1,2,5,148,0,1,0,119,0,0,58,0,0,0,18,109,28,3,0,0,1,1,0,0,0,0,0,8,2,0,0,0,0,24,0,0,0,0,0,35,0,0,0,0,1,0,3,3,98,0,0,18,0,67,0,0,0,0,0,3,0,0,0,10,175,0,1,0,3,0,0,1,0,0,0,0,2,1,0,0,1,0,0,0,0,1,3,0,4,0,3,0,0,0,0,2,0,0,0,0,0,0,15,3,0,0,1,0,1,0,0,0,0,0,2,71,13,41,2,1,0,0,3,2361,0,2,0,0,0,3,2,2,0,0,1,6,1,0,0,0,0,2,2,4,1794,0,56,2,9,0,14,2,11,0,2,0,0,177,0,12,37,0,0,0,15,0,3,0,0,3,0,0,27,0,6,0,0,10,20,7,12,84,4,0,2,0,0,0,10,5,1,5,1,0,1,2,0,0,2,262,23,1,7,0,0,74,0,0,0,0,0,0,0,2,3,0,0,0,0,0,0,3,1,1,0,1,0,0,14,32,2,1,18,0,12,0,2,0,0,1,0,2,2,0,2,5,1,0,0,0,0,0,0,0,10,0,1,0,0,2,6,16,0,0,0,0,0,17
2021,"Harrow 005","E02000437",8761,3276,259,17,12,2,13,20,101,3,50,0,65,1907,1,19,12,4,1,0,1,12,11,1,39,7,0,6,0,343,2,4,2,273,1,4,67,3,0,1,13,335,124,7,0,14,0,0,0,0,0,0,0,33,6,0,1,0,0,51,0,0,0,0,5,68,10,0,0,0,2,1,10,3,405,4,0,85,0,295,5,0,0,3,0,6,1,0,1,5,286,0,2,0,2,1,1,7,2,6,1,1,1,5,1,0,1,0,0,1,0,0,1,0,2,6,1,0,0,2,0,0,1,1,0,0,0,3,36,3,1,2,0,0,0,0,0,0,0,0,3,90,26,63,0,4,1,0,8,3750,2,6,0,1,0,0,6,1,0,1,0,5,14,0,0,4,0,4,0,1,2329,1,114,0,5,0,8,4,8,3,13,13,2,351,0,21,2,10,0,7,17,0,3,0,1,4,0,0,55,5,2,0,0,93,76,4,24,488,4,1,2,1,2,0,19,1,1,1,0,1,2,1,1,1,4,709,75,10,5,5,0,260,0,10,0,1,0,1,1,2,1,0,0,0,0,0,0,2,5,5,1,2,0,13,11,43,2,0,17,0,35,0,4,0,0,0,6,5,15,3,10,7,3,0,1,0,0,0,0,18,4,0,8,0,0,1,7,59,0,2,0,0,0,49
2021,"Harrow 006","E02000438",8551,3088,215,7,4,1,11,15,47,1,73,1,45,1943,1,20,5,0,11,4,1,1,7,2,42,19,2,12,0,286,0,2,2,204,0,0,78,3,6,3,14,683,67,0,0,6,1,0,8,0,4,1,0,23,3,0,0,3,0,42,0,3,6,0,0,151,357,0,1,0,5,0,0,2,275,1,0,51,4,184,2,0,0,3,1,9,0,0,6,14,365,0,0,0,0,1,0,4,3,2,4,3,7,4,0,0,2,0,3,0,0,0,5,2,0,0,1,0,2,0,0,1,1,4,3,1,1,0,24,5,0,1,0,0,1,4,0,1,0,0,3,85,56,113,0,0,0,0,18,3641,0,17,1,0,0,1,4,1,0,0,3,3,14,0,0,0,0,3,0,2,2592,0,96,0,8,0,0,13,1,9,9,1,3,208,2,17,37,8,0,3,9,2,4,0,4,2,0,7,50,1,1,4,0,69,77,10,14,296,1,1,1,0,9,2,6,2,0,5,0,0,0,0,1,1,6,499,39,2,2,0,0,167,0,3,0,0,0,2,0,0,4,0,0,0,0,1,0,4,6,1,0,2,0,30,13,27,0,0,20,0,6,0,0,0,0,1,48,6,3,1,6,6,2,1,0,1,0,0,0,17,5,0,2,0,0,2,12,9,0,19,1,0,0,28
2021,"Harrow 007","E02000439",9263,3699,303,8,8,0,9,11,115,1,138,3,61,2364,1,19,4,0,2,1,6,22,1,0,30,9,10,8,5,259,2,3,2,195,0,2,79,4,0,5,9,604,176,1,0,23,14,1,5,1,0,0,2,56,9,0,2,0,2,100,2,1,7,0,0,126,45,3,10,0,10,1,2,5,265,10,0,49,0,181,2,1,0,1,3,7,1,0,3,7,293,1,2,0,3,4,1,3,0,5,3,1,0,0,0,0,3,1,0,0,0,2,1,0,0,1,0,4,1,0,0,0,1,0,1,0,1,0,19,4,0,0,0,0,7,0,0,0,1,0,6,98,48,55,0,3,4,2,7,3643,0,26,0,0,0,0,1,0,0,0,0,5,33,2,0,0,0,2,0,1,1236,1,199,0,10,0,3,13,23,11,4,25,1,185,0,35,5,33,0,2,7,0,2,0,1,0,0,0,133,0,1,0,0,125,132,39,94,1179,8,3,14,1,2,0,16,0,0,14,0,1,9,0,0,0,6,759,54,10,3,0,0,266,3,5,1,3,0,1,1,1,3,2,0,0,0,6,1,1,7,6,0,13,1,10,24,50,1,0,15,0,12,0,12,0,0,1,12,12,16,2,10,3,3,0,1,0,1,4,0,62,9,0,1,1,2,0,20,51,0,6,3,0,0,27
2021,"Harrow 008","E02000440",9590,5014,185,10,19,2,17,13,44,2,112,2,10,3813,1,14,5,1,5,0,2,10,1,5,8,24,1,7,7,290,0,0,0,268,0,0,114,4,0,1,17,216,82,0,0,5,0,0,5,3,8,0,0,27,1,0,0,0,0,44,0,0,0,0,0,12,21,0,4,0,0,0,1,3,195,2,0,25,0,157,0,0,0,1,1,6,0,0,1,2,266,0,1,1,1,0,3,2,0,0,0,2,6,2,0,2,0,0,1,0,0,0,8,0,4,1,4,1,2,0,0,0,0,4,0,0,0,3,30,0,0,0,0,0,0,0,0,0,0,0,1,106,25,38,0,6,0,0,12,3330,0,6,0,0,0,0,4,0,2,0,0,6,3,0,0,0,3,4,2,1,1921,0,91,0,6,0,5,4,23,0,2,7,3,197,5,7,25,2,0,0,10,0,0,0,0,6,0,1,70,11,1,7,0,126,36,4,42,623,4,4,0,1,8,4,21,0,2,4,1,0,7,2,2,0,4,569,10,1,2,0,0,262,0,0,0,0,0,0,0,1,0,1,0,0,0,0,0,1,4,1,0,9,3,2,25,45,1,2,39,6,8,0,3,0,0,0,0,2,6,5,8,0,5,1,0,0,0,0,0,46,12,0,0,0,0,0,16,22,0,1,0,0,0,19
2021,"Harrow 009","E02000441",7472,3135,205,5,12,0,2,18,74,0,59,3,23,2109,2,23,4,0,1,1,0,6,7,0,6,9,7,0,3,318,1,1,2,144,0,1,69,2,0,5,13,361,128,8,0,18,0,0,10,1,0,1,0,23,1,2,1,1,0,51,1,0,0,0,0,77,17,0,0,1,12,0,1,7,203,10,0,40,1,134,2,0,0,4,0,4,0,0,8,0,320,0,0,1,3,0,2,10,0,0,1,0,0,2,2,0,5,1,3,3,0,0,3,1,9,1,0,1,2,0,0,2,0,0,1,4,1,0,25,2,0,0,0,0,0,0,0,0,0,0,0,124,24,71,0,2,0,1,13,3005,0,15,9,1,0,9,5,0,0,2,0,0,14,0,2,0,0,0,1,2,2189,0,104,2,10,0,12,1,4,0,6,10,0,179,0,5,30,7,3,1,1,0,0,0,1,9,0,0,44,0,4,0,0,44,54,17,16,137,13,4,0,0,7,2,8,2,1,9,0,2,1,0,0,0,6,448,30,1,2,0,4,148,1,1,0,7,1,0,4,1,6,2,0,0,0,0,0,1,7,1,2,0,0,7,12,12,0,3,24,0,7,0,1,0,8,0,13,1,6,1,8,4,0,1,1,0,0,11,0,1,8,0,0,4,0,0,7,47,0,5,0,0,0,37
2021,"Harrow 010","E02000442",9587,5014,558,5,7,0,13,10,30,0,67,3,25,3305,0,8,3,2,2,0,2,3,3,3,35,23,2,8,0,320,0,2,16,362,0,0,184,2,0,3,8,264,74,0,0,12,0,0,4,2,0,0,0,31,2,0,0,1,0,29,0,0,0,0,0,75,19,0,0,0,1,0,3,11,156,3,0,11,0,123,1,0,0,2,0,4,0,0,11,1,194,5,2,0,1,0,0,2,0,0,0,0,0,3,0,2,1,0,0,43,1,1,1,0,5,1,2,1,1,0,0,0,0,0,0,0,0,0,21,1,0,0,0,0,0,1,0,0,0,0,0,36,22,32,0,0,0,0,9,3221,0,13,0,0,0,0,0,0,0,0,0,1,12,0,0,1,0,2,0,0,915,0,203,0,1,0,3,5,6,12,7,14,1,139,0,16,1,17,0,3,4,1,0,5,2,0,0,0,199,3,0,0,0,114,81,5,104,1282,8,1,1,0,1,8,2,0,0,17,0,4,1,0,3,0,3,738,45,1,6,0,0,221,0,3,0,1,5,0,0,0,3,1,0,0,0,2,0,7,25,8,1,4,6,6,11,10,1,0,3,0,8,0,1,0,4,0,1,6,10,13,12,6,7,0,1,0,2,0,0,106,8,1,13,0,2,1,29,87,0,5,5,0,0,40
2021,"Harrow 011","E02000443",10747,4478,394,8,7,1,28,26,117,1,95,4,70,2239,0,11,3,6,0,1,4,6,3,0,83,36,1,27,9,737,0,0,2,422,0,2,116,5,0,2,12,610,200,7,0,17,0,0,4,0,6,2,0,41,14,0,8,0,0,55,0,0,6,0,5,154,20,0,3,0,7,0,13,48,643,14,0,87,0,512,4,0,0,4,0,11,0,0,3,8,405,2,1,0,3,3,1,13,0,2,0,2,1,3,0,0,0,0,1,1,1,0,2,3,5,3,0,0,0,5,0,0,2,0,6,0,1,1,41,12,0,0,0,1,1,0,1,0,0,0,1,83,60,122,0,4,0,0,17,3477,0,15,1,1,0,4,7,0,0,0,0,5,36,0,0,0,3,3,1,1,1656,0,129,5,10,0,2,9,6,12,5,13,3,339,0,33,0,6,3,3,22,0,3,0,1,2,0,0,118,2,3,0,0,125,143,14,49,622,8,0,3,1,2,4,10,0,1,5,0,10,0,1,4,0,13,1134,57,6,14,5,1,640,0,4,6,2,0,0,0,0,6,0,0,0,0,1,2,0,16,4,0,1,0,8,11,24,0,1,8,0,24,0,7,0,5,0,18,20,20,6,8,7,4,0,2,2,0,0,4,38,0,0,19,5,1,0,29,50,0,7,1,0,3,37
2021,"Harrow 012","E02000444",8710,4845,179,12,17,1,17,28,49,0,58,0,23,3742,1,8,2,4,3,3,1,11,1,0,16,6,3,2,2,241,0,1,0,296,0,0,104,0,0,1,13,174,47,0,0,2,0,4,1,0,0,0,5,20,3,0,0,2,0,20,0,0,0,0,1,61,3,0,0,0,0,0,0,5,200,0,0,30,0,146,2,1,0,1,0,8,1,0,9,2,178,0,4,0,1,2,0,5,0,0,0,0,0,0,0,2,0,1,1,0,0,0,2,0,0,1,6,0,2,1,0,1,0,0,0,0,0,1,21,2,0,0,0,0,0,0,0,0,0,0,0,64,19,30,1,0,3,0,8,2787,0,11,0,0,0,0,6,1,0,0,1,4,9,0,0,0,0,2,1,0,1083,0,123,0,0,0,1,3,12,5,2,5,0,138,0,6,16,14,0,1,9,0,3,0,1,1,0,0,100,0,1,0,0,85,48,12,79,976,7,4,1,0,0,2,6,1,0,1,0,3,0,0,0,0,3,526,22,0,5,0,0,148,0,2,0,0,1,0,0,0,0,0,0,0,0,0,0,1,15,1,0,0,2,8,31,22,1,0,9,1,6,0,5,0,0,0,1,0,13,1,0,9,12,0,0,2,0,0,0,88,8,0,0,1,2,1,11,57,0,8,0,0,0,32
2021,"Harrow 013","E02000445",11778,4965,639,9,12,1,33,13,110,2,80,8,30,2708,0,11,9,0,7,0,4,20,3,4,59,28,3,9,5,545,0,6,8,425,3,2,139,5,0,3,22,607,174,6,0,10,0,1,6,1,1,6,1,53,6,1,0,2,2,101,0,3,0,0,4,181,32,2,5,0,5,0,2,2,645,8,0,93,2,470,8,1,0,6,0,20,1,0,1,35,517,6,5,3,6,9,0,15,1,5,0,1,4,10,0,4,4,0,0,0,4,2,6,0,4,1,1,0,0,4,0,31,3,0,2,1,2,0,47,2,2,1,0,0,0,0,0,3,0,0,3,143,60,97,0,1,2,0,22,4253,1,39,0,7,0,0,3,1,0,1,1,11,48,0,0,7,1,5,0,0,1821,0,212,1,11,0,6,13,3,13,10,31,0,323,2,32,3,8,0,3,18,1,6,0,0,5,0,1,94,0,1,3,0,125,147,14,350,813,13,0,4,2,0,4,12,1,0,2,0,10,1,0,3,0,6,791,72,0,3,5,5,361,6,0,0,1,5,0,2,4,2,0,0,0,0,4,0,4,15,1,1,1,1,7,19,22,1,1,5,0,9,0,5,0,0,0,8,10,14,1,4,14,2,0,7,1,1,0,1,36,3,0,5,0,4,1,16,62,0,5,0,0,0,34
2021,"Harrow 015","E02000447",8187,4115,128,17,11,4,7,13,64,1,93,1,28,2746,1,15,2,0,0,0,3,8,5,6,12,18,7,5,3,341,0,0,10,306,0,0,244,1,0,3,12,235,87,0,0,8,0,0,2,0,7,5,0,27,3,0,0,0,0,33,0,0,0,0,1,31,5,1,12,0,5,0,6,2,292,9,0,27,0,238,2,0,0,1,1,7,2,0,0,5,400,0,6,0,1,10,6,13,0,2,2,0,2,4,0,1,3,0,0,1,0,1,7,0,5,3,0,0,1,4,0,0,0,2,0,0,5,3,31,1,0,3,1,0,0,3,0,0,0,1,5,135,33,80,0,3,1,0,21,2605,0,7,0,0,0,3,5,0,0,0,0,1,4,3,0,0,0,3,1,0,1718,0,79,0,8,0,14,4,3,3,5,22,2,156,0,16,2,1,0,2,10,1,2,0,0,1,4,0,33,0,1,0,0,74,91,7,23,260,4,0,4,0,4,0,18,1,0,1,0,1,3,0,0,0,0,540,30,0,1,0,0,200,0,0,1,0,0,0,2,0,3,0,0,0,0,0,0,1,11,1,0,3,0,14,15,17,2,0,1,0,7,0,5,0,0,3,24,1,8,1,7,3,3,2,2,0,1,3,2,15,17,0,0,0,1,0,15,99,3,0,0,0,2,14
2021,"Harrow 016","E02000448",7071,2460,39,6,15,2,5,8,47,3,96,0,19,1656,3,8,10,1,3,0,0,1,9,0,11,64,1,2,2,192,0,1,6,121,1,0,75,5,4,37,7,172,53,0,0,5,0,0,1,0,0,4,0,19,5,0,0,0,0,21,0,0,1,0,2,45,3,1,5,0,1,0,3,3,119,1,0,8,0,104,0,0,0,2,0,2,0,0,2,0,294,0,1,1,1,3,3,10,0,1,0,0,3,0,0,0,2,0,0,0,0,0,4,0,6,0,2,0,3,1,0,1,0,2,0,0,0,0,14,0,1,0,0,0,0,0,0,0,0,0,1,165,22,32,0,5,0,0,10,3640,0,11,0,0,0,4,10,3,1,2,3,5,12,0,0,0,0,1,3,2,2804,0,112,1,20,0,12,8,7,0,7,10,1,214,0,15,39,1,0,0,3,1,2,0,0,23,0,2,17,0,2,3,0,20,55,15,15,86,31,1,1,1,5,1,16,3,2,11,0,5,6,1,0,0,4,386,3,0,1,1,0,64,0,0,0,1,1,0,0,0,6,0,0,0,0,2,2,0,4,1,1,0,0,10,17,13,0,0,43,0,5,0,1,0,1,1,0,0,2,4,4,3,1,0,0,0,0,3,0,11,12,0,3,0,0,4,3,22,0,12,0,0,1,123
2021,"Harrow 017","E02000449",8304,4364,110,1,6,0,6,18,30,0,36,4,18,3389,0,3,2,1,0,0,4,6,2,1,31,14,0,8,2,238,0,2,5,287,0,0,124,2,3,1,10,188,56,0,0,6,1,0,1,0,0,2,0,10,2,0,0,0,0,17,0,0,0,0,0,70,16,2,0,0,3,0,0,2,297,3,0,36,0,234,3,0,1,4,0,8,0,0,1,7,231,0,0,0,3,0,0,7,0,2,0,0,3,1,0,0,0,0,0,0,3,0,0,0,1,0,0,0,0,2,0,0,0,1,0,3,0,0,39,0,0,0,0,0,2,2,0,0,0,0,1,58,29,61,0,0,0,0,13,2715,0,6,0,0,0,8,4,0,0,0,0,1,8,2,0,0,1,0,0,0,1001,0,115,1,3,0,2,8,9,5,9,13,0,125,0,3,3,21,0,1,9,0,0,0,0,1,0,0,108,0,2,0,0,102,60,12,57,989,2,0,4,1,0,0,6,0,0,4,0,4,1,0,3,0,1,509,24,3,7,0,0,192,0,0,0,0,4,0,3,6,1,0,0,0,0,0,2,6,17,0,0,9,0,7,25,6,0,0,2,4,5,0,6,0,0,0,2,5,1,0,9,0,8,0,1,0,0,0,0,53,1,0,14,2,0,0,9,47,0,2,0,0,0,26
2021,"Harrow 019","E02000451",6713,3353,73,7,8,0,1,5,33,0,79,3,3,2415,1,5,6,0,3,0,0,1,0,0,4,11,1,3,4,252,0,4,2,245,0,0,170,0,4,2,8,83,40,0,0,8,0,0,1,0,0,0,0,8,1,0,0,1,0,14,0,0,0,0,0,8,2,0,0,0,0,0,0,0,139,1,0,18,0,106,1,0,0,4,2,5,0,0,0,2,267,0,1,1,2,0,1,1,0,3,3,2,3,7,0,3,0,0,4,1,0,0,5,2,3,4,1,0,0,0,0,1,2,0,3,0,3,0,15,1,0,0,0,0,2,0,0,0,0,0,9,102,28,43,0,1,0,0,10,2561,0,3,0,0,0,0,4,2,0,0,0,1,12,4,0,1,0,3,0,3,1640,0,94,0,11,1,9,5,16,5,9,15,4,168,2,16,1,1,0,1,2,0,3,0,1,9,1,0,35,1,0,0,0,40,61,9,6,323,0,3,4,2,5,0,5,1,0,2,0,7,0,0,0,1,9,310,2,1,0,0,0,75,0,0,0,0,0,3,2,3,0,0,0,0,0,0,0,0,4,0,0,11,0,8,8,23,0,0,5,0,0,0,0,0,0,2,4,0,2,0,0,3,0,0,4,1,0,0,0,8,36,2,0,0,2,1,16,59,0,4,0,2,0,19
2021,"Harrow 020","E02000452",9503,3819,263,7,19,0,10,10,50,2,161,1,102,1946,1,18,14,10,3,0,4,2,7,9,33,17,0,15,3,622,0,2,9,344,0,1,110,6,2,7,9,329,106,0,1,10,0,0,6,0,5,4,2,16,4,0,0,0,0,46,1,0,2,0,0,100,17,0,0,1,3,0,1,4,319,0,0,43,0,255,2,0,1,8,0,7,0,0,0,3,521,0,0,0,4,1,0,10,2,0,0,4,3,8,0,3,1,1,2,4,1,5,8,0,3,2,0,0,0,1,1,3,3,0,1,0,0,0,46,3,0,0,1,0,1,5,1,1,1,0,8,118,70,166,6,3,0,4,16,3847,0,37,0,3,2,1,6,1,0,1,1,12,40,0,0,3,1,7,1,1,1595,3,270,2,31,0,10,22,6,8,18,19,1,240,0,52,8,19,0,3,10,0,7,3,5,21,0,1,125,0,5,1,0,142,180,40,69,717,7,0,10,1,3,3,35,1,1,20,0,4,1,0,1,0,10,668,60,5,5,1,3,227,3,2,0,0,2,3,0,4,5,0,0,0,0,5,0,1,24,7,0,1,0,8,9,36,1,2,1,9,10,1,6,1,0,0,8,16,21,6,5,3,2,2,4,0,1,0,0,38,8,0,6,1,4,0,18,34,0,14,1,0,4,30
2021,"Harrow 021","E02000453",8381,3500,161,12,19,0,1,18,57,1,91,0,46,2073,6,6,15,1,9,0,8,6,7,2,14,14,5,3,1,424,1,2,5,267,0,3,192,5,0,6,19,284,92,3,0,8,0,0,5,1,0,0,0,27,0,0,0,0,0,27,0,0,9,0,0,74,23,1,0,0,9,0,3,2,275,6,0,36,0,215,0,0,1,5,0,7,0,0,1,4,499,0,3,1,5,2,2,6,0,9,1,0,5,4,2,0,1,5,3,3,0,3,11,0,3,1,3,0,0,2,0,2,7,0,2,1,6,4,38,1,2,8,0,1,3,1,0,1,2,0,0,186,45,85,0,5,2,0,22,3201,0,26,0,3,0,1,6,4,0,0,0,2,21,0,0,1,1,5,0,4,1725,8,158,1,16,0,4,24,7,9,11,18,10,202,0,16,13,12,1,4,4,1,5,5,3,10,4,4,90,4,3,3,0,127,150,10,38,373,9,5,12,1,4,0,7,1,0,9,2,1,0,0,0,0,3,622,20,3,0,1,1,175,1,2,0,2,2,0,0,6,3,0,0,0,0,4,0,1,13,1,4,1,0,30,19,17,1,1,3,0,14,0,11,1,0,0,63,3,22,4,6,6,4,0,2,0,4,4,0,17,11,0,1,0,3,0,12,81,0,13,1,0,1,27
2021,"Harrow 022","E02000454",7334,3491,64,6,6,2,2,19,35,0,99,0,9,2417,0,8,14,0,7,0,4,1,12,5,16,10,4,0,7,248,7,19,5,288,0,4,149,5,2,7,10,86,33,0,0,4,0,0,0,0,0,0,0,3,1,0,0,0,0,31,0,0,0,1,0,12,0,0,0,0,0,0,0,1,97,0,0,11,0,70,0,0,0,0,0,11,0,0,0,5,276,3,0,0,0,0,1,6,0,3,0,0,1,1,3,7,0,0,0,1,0,0,1,0,0,0,0,0,0,1,0,2,1,0,3,0,1,2,24,0,0,1,0,0,1,1,0,0,0,0,3,143,12,35,0,0,0,3,16,3023,0,5,0,3,1,7,7,4,2,0,0,2,0,0,0,0,0,3,2,4,2359,4,68,2,16,0,11,6,15,0,5,2,2,153,0,22,35,0,0,4,5,3,3,0,0,9,0,0,15,2,2,1,0,14,41,3,6,133,7,0,2,0,8,0,14,1,2,1,0,4,1,0,0,0,2,361,11,0,0,0,0,71,3,2,0,2,0,0,1,2,5,0,0,1,0,4,0,0,1,0,1,3,0,8,10,9,0,0,15,0,1,0,2,0,0,0,2,5,12,0,1,2,0,0,0,0,0,4,0,5,19,0,0,0,1,0,17,122,0,0,0,0,0,19
2021,"Harrow 023","E02000455",11667,5541,215,9,12,0,5,12,72,1,238,0,183,3635,5,28,16,4,8,3,4,4,0,2,79,34,15,6,12,453,1,8,5,346,2,2,71,8,0,14,29,445,157,2,1,7,1,0,6,0,13,1,0,19,4,0,0,3,0,65,0,2,1,0,0,101,23,6,2,0,7,2,8,14,360,6,1,46,0,282,5,2,0,1,0,8,0,0,0,9,525,0,5,0,2,8,2,7,0,5,2,4,3,1,0,0,5,0,4,3,0,2,7,1,10,4,1,0,1,0,0,3,0,0,3,0,2,1,55,0,0,2,1,1,51,1,0,0,0,0,4,153,58,89,0,3,3,1,17,4020,0,44,2,4,0,0,16,1,2,4,1,9,38,0,0,0,2,6,1,9,1854,1,286,2,31,4,5,43,4,11,10,41,15,225,0,60,18,27,0,16,6,1,3,0,2,27,4,3,88,1,2,3,0,101,160,27,55,650,17,3,7,1,10,0,24,6,0,13,0,5,2,0,3,0,4,776,57,12,2,1,0,288,8,0,0,2,1,0,1,1,4,0,0,0,0,1,0,3,18,9,1,14,0,17,6,50,7,2,13,0,16,0,0,0,2,1,11,12,16,2,6,2,9,0,4,1,1,0,0,17,25,0,11,0,2,2,16,39,0,14,2,4,0,43
2021,"Harrow 024","E02000456",7817,2835,128,6,8,4,4,6,35,0,83,0,46,1679,1,16,18,4,2,0,2,2,5,1,40,9,2,3,7,289,2,9,0,269,0,2,148,0,0,0,5,559,328,2,0,8,0,0,5,1,1,0,0,28,33,0,0,0,0,25,0,0,0,0,2,91,14,0,2,3,8,1,6,1,255,3,1,38,1,181,0,0,0,3,4,16,0,1,4,3,462,0,2,0,2,2,0,3,0,0,0,0,4,6,5,0,1,1,2,1,0,0,3,0,4,3,2,0,0,2,0,0,4,2,1,0,0,2,24,4,0,2,0,0,0,3,0,0,0,0,2,144,58,146,1,2,3,0,21,3207,0,13,0,0,0,2,7,0,1,0,0,9,13,0,1,3,1,0,0,1,1966,0,137,1,15,0,4,8,0,0,5,23,3,236,0,22,3,4,0,0,9,1,2,0,3,10,0,1,32,0,8,8,0,107,97,10,36,344,11,2,5,0,4,0,10,3,2,9,0,4,3,0,0,0,8,499,24,0,0,0,3,208,1,1,1,0,4,0,0,0,8,0,0,0,0,0,0,2,13,2,2,5,0,4,6,8,1,5,1,0,7,0,2,0,0,1,27,2,6,1,1,4,1,0,1,1,0,0,1,19,5,0,3,1,3,0,8,67,1,15,0,0,0,23
2021,"Harrow 025","E02000457",7071,3453,117,8,0,5,12,15,90,0,79,1,22,2148,4,1,1,4,5,0,2,4,1,5,24,21,0,1,2,253,1,6,4,365,0,3,231,9,2,1,6,233,60,0,3,4,1,0,5,0,4,3,0,14,2,0,0,0,0,32,0,1,1,1,0,63,21,2,6,0,3,1,3,3,243,3,0,29,0,198,0,0,0,2,0,8,0,0,0,3,272,0,1,0,0,6,5,8,1,2,1,0,1,4,2,3,0,0,2,0,1,1,1,0,3,0,1,0,0,4,0,1,0,0,0,0,0,3,24,2,0,0,0,0,2,2,0,1,0,0,1,84,31,64,0,0,6,0,4,2307,0,8,0,1,0,3,7,1,0,0,0,5,12,0,0,0,2,2,2,4,1514,3,96,1,8,0,7,14,5,4,0,9,1,130,0,16,2,2,0,2,4,2,1,0,0,10,0,1,49,5,1,0,0,40,88,5,33,179,2,0,3,0,5,0,9,1,0,3,0,1,0,0,0,0,4,563,23,0,3,1,0,176,0,3,0,3,0,0,2,2,0,0,0,2,0,2,4,2,15,5,0,4,0,7,18,29,0,4,7,0,16,0,0,0,0,0,11,1,11,3,4,4,1,0,0,4,0,0,0,11,24,0,4,0,1,1,24,93,0,2,0,3,0,33
2021,"Harrow 027","E02000459",9318,4042,287,4,2,2,4,16,80,4,90,1,68,1713,0,19,4,1,4,0,2,5,9,1,168,29,0,14,2,441,1,1,7,646,0,7,390,3,1,7,9,570,202,2,0,17,0,3,5,0,1,4,0,48,7,3,1,2,0,37,0,0,0,1,2,178,40,3,0,0,5,0,6,3,418,12,0,62,1,299,0,0,0,10,0,22,0,1,8,3,396,4,7,0,3,9,0,13,0,6,0,0,4,3,0,0,0,0,4,1,0,1,1,0,5,3,0,0,0,0,1,0,0,0,3,7,0,1,35,2,1,2,1,0,3,3,0,0,0,1,7,107,58,73,0,5,1,0,21,3029,0,19,0,0,2,7,6,0,0,0,0,11,11,0,0,3,0,8,3,2,1507,0,132,2,7,3,8,17,2,0,9,13,2,148,0,17,9,4,0,5,24,0,2,0,0,9,0,0,80,8,4,1,0,89,183,25,28,567,10,2,4,0,3,2,9,0,0,9,0,3,3,0,0,0,7,863,54,4,6,2,0,235,4,3,0,1,47,1,0,0,4,0,0,0,0,2,1,1,11,6,0,0,0,12,21,24,5,1,3,0,15,0,4,0,2,0,33,19,13,7,2,4,0,0,7,0,1,3,0,13,1,0,6,6,6,0,35,190,0,4,0,0,5,39
2021,"Harrow 028","E02000460",7304,3589,264,8,5,0,8,18,46,1,36,10,27,1816,0,9,4,8,2,0,7,2,4,3,96,12,0,6,1,351,2,3,6,512,0,0,305,2,0,4,11,558,132,0,0,5,0,1,23,3,8,4,1,36,5,0,0,0,0,74,0,0,4,0,0,172,68,0,2,1,15,1,1,2,373,8,0,56,0,260,5,0,1,4,1,21,0,0,7,10,304,2,0,0,1,4,0,9,4,1,0,0,2,4,0,0,0,0,1,0,0,1,3,0,4,2,0,0,1,0,0,1,1,3,0,0,0,1,19,5,0,0,0,0,0,2,0,0,0,0,1,82,37,92,0,0,0,2,19,1834,0,3,0,0,0,5,1,0,0,0,2,1,5,1,0,1,0,0,0,0,1148,1,54,0,3,1,8,7,5,3,4,16,2,76,0,12,6,14,0,0,9,0,2,0,0,3,0,0,44,1,2,0,0,29,83,12,16,214,8,0,3,0,2,2,6,0,0,8,0,5,0,0,0,0,6,646,53,7,2,0,0,226,0,7,0,2,0,0,0,0,1,0,0,0,0,4,6,0,3,1,1,1,0,7,15,31,0,0,0,6,7,0,6,0,6,0,5,5,16,0,2,8,1,1,1,0,5,0,1,19,7,0,9,0,3,0,33,105,0,3,0,0,8,22
2021,"Harrow 029","E02000461",7292,2535,131,8,4,1,10,3,26,4,186,2,27,1505,2,10,7,0,11,0,9,8,2,3,35,10,1,9,0,263,1,5,0,194,2,1,40,5,0,5,5,249,61,0,0,2,0,0,13,0,7,2,0,17,14,0,0,0,1,67,2,0,4,0,0,40,6,0,1,0,4,1,4,3,234,2,0,41,1,152,0,0,1,3,1,7,1,0,3,22,368,0,2,1,0,3,0,5,0,3,0,3,6,1,0,0,0,0,4,0,0,2,8,0,8,5,5,0,2,1,1,0,2,1,1,0,0,1,17,2,0,3,1,0,2,3,0,0,0,0,7,143,45,64,1,2,0,0,13,3420,0,4,0,6,1,1,7,2,0,2,0,5,12,0,0,1,0,5,2,2,2160,1,142,3,8,0,14,7,9,6,3,16,1,221,2,24,11,19,1,9,9,0,3,2,0,17,0,5,70,0,5,0,0,58,228,15,24,193,31,1,7,1,7,0,14,4,0,3,0,5,3,0,0,0,8,486,20,3,3,0,0,169,5,2,0,0,2,4,0,2,0,0,0,2,0,0,1,1,6,2,2,1,1,11,2,49,0,1,10,1,18,0,1,0,2,0,17,6,6,6,9,6,4,0,0,2,2,1,0,5,13,0,4,0,1,2,20,18,2,2,3,0,0,36
2021,"Harrow 030","E02000462",6980,3414,178,7,5,8,3,22,118,1,72,2,22,1378,0,6,3,1,3,0,0,6,2,0,405,17,7,1,5,260,3,0,8,556,1,5,301,3,0,0,5,312,100,0,0,6,0,0,2,2,4,0,0,38,11,0,1,0,0,40,0,0,0,0,1,83,17,0,0,0,2,0,5,0,308,7,0,29,1,252,0,1,1,5,0,5,0,0,2,5,247,1,1,0,2,0,0,1,0,3,0,0,3,0,2,2,3,0,1,0,0,0,2,1,4,2,1,0,0,2,0,0,0,0,0,0,2,0,23,3,0,1,0,0,0,2,1,0,0,2,3,75,29,52,0,3,3,0,17,1982,0,3,0,0,1,5,4,0,0,0,1,5,27,0,0,2,1,2,1,1,959,0,100,2,4,0,1,6,6,0,2,21,0,137,0,16,3,21,0,0,7,0,1,0,0,6,1,0,46,2,2,0,0,56,153,18,33,302,4,0,7,0,1,0,4,0,0,2,1,4,0,0,0,0,1,717,32,0,3,0,0,172,7,1,0,2,0,1,3,3,4,0,0,0,0,2,2,2,7,2,0,5,0,8,11,19,0,0,5,0,21,0,0,0,0,0,70,3,10,5,9,2,0,3,4,2,0,0,0,15,23,0,5,3,2,0,49,179,0,5,1,2,0,13
2021,"Harrow 031","E02000463",8693,3836,232,0,5,2,0,20,47,0,73,3,10,1641,0,8,1,7,0,0,8,1,0,3,148,15,2,1,4,281,0,0,6,841,0,0,456,4,0,4,13,426,126,0,1,19,0,0,8,0,3,2,0,20,1,0,2,0,1,53,0,0,0,0,1,146,22,0,1,0,6,0,7,7,537,5,0,68,0,406,1,0,0,14,2,16,4,0,7,14,309,0,0,0,2,1,2,6,0,0,0,1,1,2,0,3,0,0,0,0,0,0,4,0,2,1,0,0,0,0,0,8,0,2,3,0,2,2,28,1,0,0,0,0,0,2,0,0,0,0,4,67,32,115,0,5,0,0,13,2744,0,13,2,0,0,6,2,6,0,0,0,4,9,0,0,3,0,2,0,2,1689,0,136,0,0,0,1,1,9,13,6,6,2,155,0,11,3,69,0,3,15,0,0,0,0,1,0,1,67,5,0,0,0,73,144,19,19,202,1,0,3,0,0,3,8,0,0,9,0,3,0,0,1,0,17,841,37,2,4,0,2,214,5,1,1,1,0,0,0,1,0,0,0,0,0,1,0,4,3,2,1,1,0,2,20,16,0,1,0,0,15,0,2,1,4,0,32,2,12,15,3,3,11,0,2,0,1,0,2,13,7,0,13,0,1,0,55,278,0,13,2,0,0,35
2021,"Havering 001","E02000464",7761,555,2,0,0,0,0,2,91,1,33,0,20,196,0,0,0,0,1,0,4,6,1,5,0,1,1,0,0,143,0,0,4,29,0,0,4,6,1,4,0,580,230,0,0,33,2,1,10,0,0,0,0,44,10,0,0,2,0,201,0,3,0,0,5,0,0,0,0,0,6,3,23,7,245,12,3,79,0,130,2,1,0,4,4,8,0,0,0,2,305,0,1,0,0,1,0,5,0,3,1,2,5,3,1,1,5,0,4,0,0,0,4,0,0,0,0,0,0,5,0,0,0,0,4,0,1,0,19,0,0,0,0,0,0,0,0,0,2,0,1,48,60,117,0,0,3,0,9,5971,1,9,1,0,0,0,4,0,0,0,0,6,16,0,0,0,6,4,0,0,5205,1,138,0,0,0,3,8,3,0,7,5,0,51,0,7,4,5,6,3,63,1,0,0,13,4,1,0,93,0,2,0,0,34,61,5,8,154,8,0,2,0,1,0,6,0,1,10,1,5,0,0,0,0,5,105,0,1,0,0,2,12,0,0,0,0,0,0,0,1,2,0,0,0,0,3,0,3,7,0,2,4,0,4,3,0,1,0,0,0,3,2,5,0,0,0,0,0,0,6,0,3,5,0,2,0,0,3,0,1,6,0,0,0,2,0,0,4,0,8,3,0,0,7
2021,"Havering 002","E02000465",9345,928,10,0,0,1,0,3,108,4,41,0,47,403,3,1,2,0,0,0,2,11,0,4,7,5,3,0,3,188,0,5,0,30,0,0,21,11,6,7,2,704,281,2,0,37,0,0,14,2,0,6,0,56,14,0,0,0,0,234,1,1,0,0,2,11,0,3,6,1,12,0,12,9,318,5,0,105,0,179,3,0,0,8,1,6,0,0,0,11,332,2,2,1,0,0,0,5,2,5,0,2,9,2,3,0,1,1,4,0,0,2,3,0,4,1,0,0,0,0,0,0,1,0,0,1,0,2,29,1,0,0,1,0,1,0,0,0,2,0,1,69,52,117,0,0,1,0,5,6907,0,28,0,0,0,0,6,0,0,0,0,9,31,0,1,1,1,1,0,0,5791,0,196,0,7,0,7,11,1,4,2,2,0,61,0,9,1,5,4,7,118,0,2,0,0,5,0,0,192,0,2,1,0,73,77,8,20,179,3,5,0,0,1,0,3,0,0,19,0,11,0,0,0,0,2,156,1,7,0,1,1,16,0,0,1,0,1,0,1,0,0,0,0,1,0,0,0,0,3,6,0,2,0,2,1,3,0,0,0,0,0,5,20,0,0,0,0,0,0,3,1,5,1,0,0,0,1,3,0,10,10,1,0,0,0,0,3,8,0,7,5,2,0,24
2021,"Havering 003","E02000466",9062,733,7,0,1,0,0,2,120,0,58,0,17,204,2,1,0,0,5,0,3,9,0,2,0,6,0,0,0,228,0,9,0,31,0,0,10,8,5,2,3,453,203,0,0,18,3,2,4,1,1,0,2,56,3,0,3,0,3,121,0,0,0,0,4,0,0,5,0,1,7,0,13,3,334,8,0,84,0,219,0,2,0,2,0,12,0,0,0,7,390,0,0,0,0,0,0,10,0,8,0,0,7,4,1,0,4,0,1,2,0,0,5,3,0,0,0,0,0,4,0,4,1,0,0,2,0,0,30,2,0,0,0,0,0,0,0,0,3,1,4,60,60,159,0,3,0,0,12,7007,0,19,2,5,0,0,2,0,0,0,0,0,38,0,0,7,1,0,0,0,6274,0,128,0,2,0,5,3,8,17,0,1,1,69,0,11,0,5,0,2,62,0,0,0,3,8,0,0,81,0,0,3,0,39,60,12,7,87,5,0,2,0,4,0,7,3,1,12,0,6,3,1,0,0,1,145,0,3,4,1,1,8,0,4,1,3,0,0,0,0,0,0,0,0,0,2,0,1,5,1,0,8,0,1,2,8,0,1,3,0,12,0,11,0,2,0,0,0,0,3,0,2,2,0,0,0,0,0,0,0,4,0,1,0,1,0,0,2,0,14,16,0,0,18
2021,"Havering 004","E02000467",11461,821,5,1,0,1,0,12,158,0,40,0,47,244,0,3,0,0,0,0,4,4,0,1,17,8,2,8,1,212,0,3,0,27,0,0,6,10,0,7,0,1373,550,0,0,87,0,0,23,5,1,2,0,116,12,0,2,0,0,486,4,1,0,1,4,0,0,8,0,3,9,3,43,13,503,25,4,170,0,251,5,4,0,3,9,20,1,0,0,11,564,2,2,0,1,3,0,3,0,17,0,2,3,3,0,0,0,0,5,3,0,0,7,0,5,1,0,1,0,3,0,3,8,2,2,0,0,0,36,3,0,0,0,3,0,0,0,3,4,0,6,62,143,214,0,3,0,2,9,7981,0,33,0,3,0,2,5,0,0,2,1,5,33,0,0,5,0,0,3,3,6850,4,154,0,1,1,6,7,7,14,4,1,0,38,0,14,0,7,0,16,102,2,4,0,3,11,0,1,147,0,1,1,0,79,112,7,16,198,15,0,4,0,4,0,11,0,0,21,4,11,6,1,0,0,1,219,0,2,2,12,0,34,0,0,1,0,2,0,4,0,0,0,0,0,0,3,1,1,8,5,0,2,0,7,1,1,0,1,0,1,9,2,8,1,0,0,5,6,8,2,4,3,5,0,0,0,0,0,8,12,11,0,2,0,0,0,0,0,0,8,14,0,0,23
2021,"Havering 005","E02000468",8656,901,1,0,5,1,0,6,147,3,40,0,16,320,0,4,0,3,1,1,0,6,2,0,0,2,1,4,4,252,1,7,0,39,0,1,17,5,0,8,4,404,144,2,0,17,0,0,2,0,1,3,0,49,2,0,0,6,0,125,0,0,0,0,4,2,0,2,0,4,12,0,26,3,362,4,7,87,0,237,1,0,0,5,0,15,0,0,0,6,349,1,0,3,0,0,3,9,0,12,0,0,0,1,1,0,0,0,1,7,4,0,3,0,1,0,0,0,0,10,0,4,3,0,3,0,0,1,27,0,0,0,0,1,0,0,0,1,4,0,1,92,44,101,0,1,0,0,10,6445,1,16,0,0,0,0,2,0,1,0,0,0,72,0,0,3,0,0,0,5,5598,0,118,0,0,0,3,3,4,3,5,1,0,72,0,7,4,7,0,0,71,2,0,2,5,7,0,0,109,0,1,2,0,39,42,3,27,157,1,1,8,0,1,1,0,2,0,20,8,7,2,0,0,0,2,195,0,0,0,1,1,11,0,3,0,0,0,1,0,0,0,0,0,1,0,2,0,2,10,4,0,7,0,11,0,4,0,3,5,0,0,5,5,0,0,1,0,1,2,3,1,3,4,0,9,0,0,7,0,18,16,0,0,0,1,0,3,8,0,6,24,0,1,11
2021,"Havering 006","E02000469",7286,674,5,0,0,1,0,1,123,2,35,0,44,187,0,0,0,0,0,1,0,7,1,0,13,9,0,0,0,197,0,6,0,22,0,0,4,4,0,11,1,634,290,0,0,26,5,0,3,3,2,0,0,58,6,0,0,1,1,176,0,1,0,0,8,4,0,3,0,1,11,1,27,7,328,7,0,82,0,218,6,0,0,3,0,9,0,0,0,3,310,1,0,0,0,4,0,6,2,6,4,1,0,1,0,0,0,1,0,1,0,1,11,0,3,1,2,0,0,0,0,3,0,0,0,0,0,1,15,3,0,0,0,0,0,0,0,0,0,0,1,56,67,112,0,0,0,0,7,5181,0,21,0,0,0,0,1,0,0,0,0,0,24,1,0,0,0,5,0,2,4280,2,137,0,3,0,2,7,3,3,3,5,0,59,0,10,0,8,0,3,76,0,1,0,2,3,0,0,115,0,3,0,0,53,74,7,21,217,3,1,1,0,1,0,3,0,0,7,3,7,1,0,0,0,3,159,0,4,0,0,0,13,1,0,0,2,6,3,0,0,0,2,0,0,0,0,0,1,5,4,0,0,0,4,1,12,0,0,3,0,5,5,3,0,2,0,0,1,3,9,0,4,3,0,3,0,0,3,0,9,10,0,0,0,0,0,0,0,0,3,17,2,0,16
2021,"Havering 007","E02000470",9774,989,18,0,0,0,0,4,93,0,140,0,17,495,2,0,0,0,0,0,2,11,0,0,0,9,6,2,2,136,3,1,0,23,0,0,9,7,0,5,4,356,153,0,0,26,0,0,8,2,0,0,0,24,1,2,1,0,0,119,0,0,0,0,0,5,0,0,0,0,0,1,8,6,241,8,0,64,0,144,9,0,0,1,2,8,0,0,0,5,376,1,0,0,0,0,0,5,0,3,0,3,3,5,3,0,1,6,1,0,0,0,7,0,5,0,0,0,2,3,0,7,0,0,1,0,2,1,30,1,0,1,0,0,0,1,0,0,1,3,6,90,56,123,0,1,0,0,4,7720,0,19,0,0,0,0,6,0,0,0,0,2,21,0,2,1,0,10,0,0,6812,0,133,1,5,3,11,6,9,11,1,6,0,107,0,20,0,0,0,4,56,2,3,1,8,2,0,0,86,0,3,0,0,69,57,11,15,135,13,3,5,0,7,1,6,0,0,15,12,9,8,0,0,0,3,92,0,5,3,1,0,16,0,0,0,5,0,0,0,1,3,0,0,0,0,1,0,0,4,0,0,2,0,7,0,2,0,0,0,0,3,0,9,0,0,0,0,3,2,5,1,1,1,0,1,0,0,0,0,2,3,0,0,0,0,0,0,1,0,3,3,1,0,3
2021,"Havering 008","E02000471",7815,853,13,0,0,0,0,2,83,1,56,0,27,375,0,1,0,3,0,0,0,5,1,1,0,3,5,1,1,219,6,7,0,31,0,0,7,3,0,0,2,172,61,0,0,12,0,0,3,0,0,0,0,19,1,0,5,0,0,59,0,0,0,0,2,0,0,0,0,0,0,0,8,2,206,0,3,39,0,149,0,0,0,7,0,5,0,0,0,3,210,1,0,1,0,0,0,6,0,2,0,0,4,1,0,0,1,0,3,0,1,0,4,1,0,0,0,0,0,2,0,0,0,0,0,0,2,1,15,0,0,0,0,0,0,0,0,0,5,0,0,61,26,64,0,0,0,0,9,6209,1,11,0,0,0,0,2,0,0,0,0,5,20,0,0,0,1,0,0,0,5717,0,42,0,0,0,2,0,16,1,0,4,0,101,0,5,3,5,0,1,25,2,2,0,8,5,0,0,36,0,0,0,0,29,16,9,4,107,6,0,0,0,2,1,11,0,0,4,2,0,0,0,0,0,3,165,1,1,0,4,0,14,0,1,0,0,0,0,0,3,0,4,0,0,0,1,0,4,9,2,1,8,0,2,3,2,1,0,0,0,3,1,3,0,0,0,0,0,1,0,0,0,1,1,0,1,0,3,0,4,31,0,0,0,0,0,0,13,0,11,15,0,0,16
2021,"Havering 009","E02000472",9470,1249,19,2,2,0,1,2,191,0,59,0,27,462,0,3,0,1,0,0,3,3,0,2,4,0,0,0,2,375,0,11,6,32,0,0,20,15,1,1,5,301,115,0,0,10,0,0,7,3,2,0,0,41,1,0,1,0,0,91,0,0,0,0,3,4,0,2,3,1,6,0,6,5,277,2,0,54,0,200,1,0,1,10,0,7,0,0,0,2,384,0,0,0,2,3,0,8,0,5,1,3,0,1,4,0,7,0,1,4,1,0,7,0,0,4,0,0,0,5,0,6,0,2,1,0,0,0,23,3,1,0,0,0,0,0,0,1,0,0,0,61,50,160,1,3,0,1,15,7002,1,15,0,1,0,1,3,0,0,1,0,1,41,0,0,2,0,1,1,2,6137,0,104,0,2,0,2,12,7,0,4,13,0,97,0,9,8,12,1,1,45,3,3,3,1,2,0,0,106,0,3,0,0,58,58,6,21,160,5,2,6,0,9,1,4,1,0,9,10,1,4,0,1,0,1,257,0,0,6,0,0,46,0,1,0,0,2,0,1,5,1,0,0,5,0,0,0,0,15,0,0,5,0,3,11,1,0,0,3,0,11,0,8,0,0,2,0,2,1,9,0,1,3,0,0,1,0,6,4,9,32,0,0,0,0,0,7,11,0,12,26,0,0,7
2021,"Havering 010","E02000473",10494,1271,0,2,0,0,0,7,127,0,82,0,21,676,2,5,5,0,0,0,0,12,0,6,0,5,5,0,0,211,0,13,2,65,2,0,9,5,0,7,2,374,128,0,1,16,0,0,6,1,0,0,0,29,0,0,0,0,0,165,0,0,0,0,1,0,0,0,0,0,16,0,7,4,264,16,0,68,0,165,2,0,0,6,1,3,0,0,0,3,384,1,0,0,1,4,0,5,0,0,0,4,4,5,0,0,1,0,0,0,0,2,12,1,2,0,0,0,0,0,1,6,1,4,0,3,0,1,12,2,0,0,1,2,1,0,1,3,1,0,4,136,31,115,0,5,1,3,8,7981,0,11,0,0,0,0,8,0,0,0,0,5,20,0,0,3,0,0,0,0,7294,3,101,0,3,0,1,6,7,14,2,4,1,107,0,14,1,2,0,0,45,0,2,0,1,3,0,0,85,2,5,0,0,35,34,8,22,87,8,0,0,0,4,2,2,0,0,7,11,3,4,0,1,0,3,220,0,1,0,0,0,41,0,0,0,0,4,0,0,3,7,0,0,3,0,0,0,4,11,4,0,4,3,12,1,3,0,3,1,0,2,0,11,0,0,1,0,0,1,0,1,1,1,0,0,1,3,12,0,3,34,0,0,0,0,0,0,3,0,6,23,0,0,12
2021,"Havering 011","E02000474",9191,1251,23,0,0,3,0,1,272,2,64,0,41,382,0,6,3,2,2,0,0,4,5,0,1,2,1,0,2,361,0,3,1,37,1,1,23,3,0,3,2,492,176,1,0,30,1,0,1,1,1,0,0,66,1,0,0,2,0,155,2,3,2,2,10,11,0,1,0,3,11,0,8,4,367,5,0,79,0,253,5,0,3,5,6,10,0,0,0,1,421,0,3,0,1,0,0,8,1,7,0,0,1,4,0,0,2,0,0,0,0,0,0,0,1,0,0,0,0,3,0,1,0,1,1,2,3,0,27,1,0,0,0,0,1,2,0,0,4,0,8,116,45,168,0,5,0,1,4,6455,1,31,0,0,0,0,6,0,0,1,3,0,19,1,0,2,1,1,0,0,5489,2,162,0,2,4,6,5,4,5,10,27,0,92,0,16,2,4,0,8,67,1,0,0,2,6,1,0,95,1,1,0,0,53,84,15,22,142,4,0,0,0,1,0,4,0,0,16,1,25,3,0,0,0,7,205,2,0,7,0,0,19,0,0,0,1,0,0,0,1,2,0,0,0,0,1,0,1,20,2,0,5,0,3,1,4,0,0,1,4,5,0,10,0,0,0,8,5,2,4,1,1,2,1,1,0,0,5,0,9,30,0,0,0,0,1,0,4,2,0,16,3,0,21
2021,"Havering 012","E02000475",9617,1196,2,0,0,0,0,0,104,1,68,0,31,744,3,3,5,0,0,0,3,4,4,0,3,2,0,0,1,141,1,23,0,36,0,0,6,4,1,6,0,400,181,0,0,20,1,1,1,5,0,0,0,27,5,0,0,0,0,134,0,0,0,0,2,4,3,3,0,0,1,0,10,2,179,9,0,32,1,115,3,0,0,2,2,3,1,1,0,10,315,0,0,0,0,0,3,5,0,4,0,0,0,1,0,0,1,1,1,3,2,0,5,0,8,0,0,0,0,2,0,1,0,3,4,0,0,1,17,1,0,1,0,1,0,1,0,8,2,0,3,103,43,79,0,0,0,0,11,7274,1,12,2,0,0,0,9,0,0,4,0,1,15,0,0,0,0,3,0,1,6570,1,102,2,4,0,7,4,19,10,4,3,2,162,0,14,1,1,0,6,25,4,3,0,0,6,0,1,42,1,1,0,0,32,44,3,15,89,11,0,1,2,6,0,5,3,1,7,7,2,0,0,0,0,3,253,0,3,0,2,0,41,0,0,0,3,0,1,0,1,6,0,0,1,3,8,1,3,18,0,2,3,0,3,0,9,0,0,1,0,12,0,7,0,0,0,0,0,3,0,1,2,1,0,1,0,0,0,0,6,70,0,0,0,0,0,0,0,1,9,16,2,1,12
2021,"Havering 013","E02000476",9368,1417,12,0,0,1,1,5,188,3,120,1,147,507,1,3,5,0,0,0,3,17,11,4,9,7,6,0,2,297,0,5,0,25,4,2,3,8,4,10,6,620,250,0,0,17,0,0,3,4,2,3,3,58,3,0,7,3,0,189,0,0,3,0,0,9,1,4,1,0,5,0,38,17,338,7,2,83,0,223,0,0,1,4,0,13,1,0,1,3,475,0,1,0,0,5,0,6,0,6,0,1,3,4,0,0,4,1,3,0,0,1,7,2,7,2,0,1,0,3,0,6,2,0,0,0,0,0,31,7,0,0,1,1,0,0,0,5,0,2,2,107,77,154,1,1,2,1,18,6189,0,88,1,0,0,2,14,2,1,0,0,16,54,0,0,1,2,8,1,2,4588,0,192,1,5,0,4,19,3,10,9,29,2,121,0,45,0,4,0,21,82,1,5,0,14,8,13,1,145,1,5,0,0,105,107,18,39,303,5,0,2,0,8,5,13,2,0,28,5,14,5,0,5,1,4,329,3,6,0,15,0,68,0,2,0,0,1,2,0,0,4,3,0,0,0,0,0,0,13,15,4,3,0,26,2,5,1,0,0,0,12,1,8,0,0,0,1,6,3,8,4,5,6,0,4,0,0,4,0,25,9,0,0,0,4,0,0,4,0,17,13,1,0,21
2021,"Havering 014","E02000477",9534,924,0,0,1,0,0,4,67,1,77,0,16,525,0,2,3,0,1,0,0,9,1,0,1,1,2,1,1,162,2,9,1,18,1,1,6,4,0,6,1,180,48,0,0,19,0,0,1,3,0,0,0,16,0,1,0,0,1,76,0,0,0,0,0,8,0,1,0,0,1,0,3,2,123,0,0,19,0,95,0,0,0,1,2,4,0,0,0,2,352,0,0,0,1,0,0,5,0,4,0,0,0,5,0,2,5,2,2,3,0,1,6,0,1,4,0,0,0,3,0,1,5,2,0,1,0,0,30,1,0,2,0,0,2,0,0,3,0,0,3,109,48,87,0,3,1,0,10,7826,0,14,0,0,0,2,7,0,0,0,0,1,29,1,1,0,1,2,0,3,7180,2,91,2,9,0,7,4,9,5,11,0,1,143,0,10,3,1,0,4,38,3,1,0,0,4,0,0,31,0,1,0,0,35,40,8,5,67,4,0,2,0,18,2,5,0,0,10,2,2,2,0,0,0,3,129,0,0,0,3,1,28,0,0,0,0,0,0,1,0,2,0,0,6,0,2,1,0,7,1,0,1,2,3,5,1,0,0,1,0,0,0,1,0,1,0,0,5,0,0,1,1,0,0,0,0,0,0,0,2,23,0,0,0,1,0,2,1,0,4,5,0,0,17
2021,"Havering 015","E02000478",5985,1609,1,2,0,0,0,0,49,0,73,0,2,1095,0,6,0,1,1,0,2,1,0,0,0,1,0,0,2,269,8,30,1,14,1,1,31,4,0,13,1,209,100,0,0,11,0,0,0,0,0,0,0,7,3,0,0,0,0,87,0,1,0,0,0,0,0,0,0,0,0,0,0,0,58,2,0,17,0,35,0,0,0,2,1,1,0,0,0,0,126,0,0,0,0,1,0,1,0,0,0,0,2,0,0,0,0,0,0,0,0,0,3,0,0,0,0,0,0,1,0,0,0,0,4,2,3,0,9,2,0,0,0,0,5,0,0,3,0,0,0,55,15,16,0,0,0,0,4,3681,0,12,0,0,0,0,3,0,0,0,0,0,9,0,0,0,1,1,0,0,3421,0,13,2,2,0,6,6,1,1,1,0,0,69,0,3,0,0,0,1,17,4,0,2,0,2,0,0,17,5,1,0,0,7,16,2,3,34,5,0,1,0,2,0,5,0,0,3,2,1,0,0,0,0,0,302,0,0,0,1,0,22,0,0,0,0,0,2,1,0,0,0,0,0,0,0,0,0,5,0,1,3,0,2,10,17,0,0,1,0,6,0,3,0,0,0,0,0,0,0,3,4,2,0,2,0,0,2,0,1,129,0,0,13,0,0,2,18,0,7,34,7,0,4
2021,"Havering 016","E02000479",9456,1213,26,0,2,1,0,2,241,0,130,1,87,314,1,5,3,0,7,0,5,6,0,4,4,18,3,0,5,269,0,8,0,44,0,0,7,6,5,3,6,553,219,0,0,27,0,4,7,0,4,1,0,57,5,1,0,4,0,164,0,0,0,0,6,11,0,4,1,1,13,0,11,13,330,8,0,66,1,237,4,0,1,4,0,5,0,0,0,4,443,5,0,0,0,2,1,3,0,5,3,1,1,2,3,0,0,1,3,3,1,0,9,0,4,2,0,0,1,4,0,2,5,0,3,0,0,0,26,2,1,0,0,0,0,1,0,0,0,0,0,103,87,143,2,0,0,0,14,6623,0,27,0,0,0,0,5,0,0,0,0,9,79,2,0,0,0,5,0,4,5253,2,190,2,14,2,4,5,10,12,10,13,0,129,0,24,4,27,0,9,92,1,3,1,10,8,0,2,118,0,7,1,9,82,81,16,44,213,8,1,8,0,19,7,12,0,0,18,1,6,5,0,0,0,9,294,5,1,4,2,0,107,5,2,0,0,1,0,0,0,3,0,0,1,0,0,0,0,16,10,0,8,0,8,6,3,1,0,1,0,3,0,6,0,1,0,2,2,4,1,1,0,1,0,4,0,2,0,0,14,3,0,0,0,1,7,0,1,0,16,11,0,0,30
2021,"Havering 017","E02000480",13849,2814,52,1,4,1,0,23,629,1,115,2,339,819,0,13,4,3,3,0,5,17,7,9,6,16,4,1,0,620,0,4,1,62,2,0,10,15,0,16,10,1146,424,1,0,67,3,0,34,2,3,5,0,107,8,0,5,1,1,367,0,3,1,0,9,12,6,21,0,3,10,1,38,14,734,23,4,171,0,492,7,0,0,6,3,24,3,0,0,1,709,0,1,0,0,2,0,17,2,6,1,2,4,2,1,0,0,2,3,1,4,2,6,0,10,1,1,0,0,1,0,3,1,0,3,0,4,0,54,0,0,1,3,0,2,1,0,0,2,0,17,140,133,242,1,1,2,2,28,7938,0,62,0,0,0,0,8,1,5,4,1,6,59,1,1,2,1,1,0,2,6109,3,217,5,7,0,2,12,9,22,6,20,0,151,0,30,1,11,0,13,128,4,3,0,4,6,0,2,209,2,2,0,0,124,144,17,46,347,17,1,7,3,2,5,15,0,1,31,27,8,3,1,1,1,5,508,7,11,5,1,0,86,0,0,1,3,2,2,3,4,2,1,0,0,0,5,0,5,8,29,1,8,0,9,1,14,5,1,3,0,9,8,19,0,0,0,0,1,5,10,6,9,4,1,1,0,0,5,0,26,28,0,1,0,5,5,8,15,2,32,41,3,2,45
2021,"Havering 018","E02000481",8233,343,0,0,3,1,0,3,17,0,60,0,14,149,0,0,3,0,5,0,1,0,1,1,0,1,2,0,1,61,0,4,0,8,1,0,0,3,0,0,4,177,56,5,0,13,0,0,0,0,0,1,0,12,0,0,0,0,0,75,0,0,0,1,0,3,0,0,0,0,3,0,4,4,95,7,0,26,0,52,0,0,2,1,0,5,0,0,0,2,198,1,0,0,0,0,1,3,3,5,0,2,2,1,0,0,0,0,2,0,0,0,1,0,2,3,0,0,0,3,0,1,1,0,0,0,0,0,1,0,0,0,0,0,0,2,0,0,1,0,1,52,32,61,0,3,0,2,12,7353,0,9,0,0,0,0,6,0,0,1,1,0,8,1,1,0,0,1,0,1,6962,0,51,0,6,0,3,8,3,11,0,10,0,69,0,4,2,5,0,0,21,2,4,0,0,3,0,0,16,0,3,0,14,15,21,2,0,56,3,0,2,0,12,1,5,0,0,3,1,2,0,0,0,0,4,67,0,0,0,0,0,2,0,0,0,0,0,0,1,1,0,0,0,4,0,0,0,2,4,2,0,2,0,1,0,0,0,0,3,0,0,0,6,0,0,0,0,0,1,11,0,2,0,0,1,0,0,0,0,0,5,0,0,0,3,0,6,0,1,5,1,0,0,3
2021,"Havering 019","E02000482",6593,354,0,0,0,0,0,0,21,1,60,0,7,180,0,0,1,0,0,0,0,2,0,0,0,3,0,0,0,46,6,0,0,19,0,0,0,5,0,0,3,59,23,0,0,8,0,0,0,0,1,0,0,5,0,0,0,0,0,21,0,0,0,0,0,0,0,0,0,0,0,0,1,0,40,0,0,5,0,35,0,0,0,0,0,0,0,0,0,0,191,0,1,0,0,0,1,0,0,2,1,0,2,1,3,0,0,0,3,0,1,0,0,0,0,0,1,0,0,0,0,0,2,0,1,0,0,0,15,1,0,3,0,0,3,0,0,0,0,0,4,94,17,31,0,0,0,1,3,5903,0,4,0,0,0,0,6,0,0,0,1,1,11,0,3,0,0,5,0,1,5591,0,31,1,3,3,4,3,5,0,0,3,0,109,0,6,2,0,0,0,23,1,1,0,0,3,0,0,19,0,0,0,0,8,12,4,4,6,2,0,1,0,11,0,2,1,1,5,0,4,0,0,0,0,2,46,0,0,0,0,0,0,2,1,0,0,0,0,1,0,1,0,0,0,0,0,3,0,0,0,0,1,0,0,0,4,0,0,1,0,0,0,0,1,0,0,0,0,0,1,4,1,0,0,0,0,0,0,0,0,4,0,0,0,0,0,1,5,0,4,1,0,0,10
2021,"Havering 020","E02000483",8007,474,3,0,0,2,0,1,64,0,57,0,16,201,0,3,1,0,1,0,2,8,1,0,2,1,1,0,0,59,1,0,1,20,0,0,9,10,0,9,1,192,54,1,0,3,0,0,10,0,2,3,0,15,2,0,0,0,0,89,1,0,0,0,0,0,0,0,0,0,3,0,9,0,153,3,0,20,0,114,0,0,1,4,4,2,0,0,0,5,254,0,0,0,0,1,0,2,0,6,0,3,3,0,0,0,0,0,3,1,1,0,3,0,3,0,3,0,1,2,0,1,0,0,0,0,0,0,11,1,0,2,0,1,0,0,0,1,2,0,4,58,57,70,2,2,0,1,9,6816,0,27,0,0,1,0,8,0,0,3,0,1,2,1,0,0,3,4,0,0,6177,1,81,1,2,0,5,4,2,4,1,8,0,132,0,16,1,4,2,8,47,1,1,1,3,8,0,0,36,0,3,0,0,39,38,7,3,85,4,1,3,0,3,0,6,1,0,21,3,0,0,0,0,1,2,118,0,3,0,2,0,16,0,0,0,0,0,0,0,0,6,0,0,0,0,0,0,1,6,2,0,1,0,5,2,2,1,0,3,0,0,0,4,1,0,0,0,3,0,7,3,1,3,9,0,0,0,0,1,1,1,0,0,0,0,0,0,3,3,13,4,0,1,10
2021,"Havering 021","E02000484",8486,812,7,0,0,0,0,2,112,1,70,0,48,364,0,3,3,0,0,0,7,2,0,2,4,0,4,0,2,119,1,14,0,33,0,0,9,1,0,1,3,328,117,0,0,6,1,0,7,1,0,1,0,26,3,0,1,0,0,134,0,0,0,0,4,0,0,4,0,0,0,0,10,13,214,3,0,66,0,125,5,0,0,6,5,1,0,0,0,3,253,0,0,0,0,0,0,8,0,3,0,1,2,2,0,0,3,0,0,1,0,0,3,0,5,1,0,0,1,4,1,0,0,0,0,1,0,1,20,6,0,0,0,0,1,7,0,2,0,3,1,64,27,76,0,2,0,2,5,6716,2,8,0,3,0,0,1,0,1,0,0,7,20,0,0,1,3,2,0,1,6130,0,58,0,3,1,4,5,8,2,0,3,0,153,0,13,1,5,0,3,20,2,1,0,1,1,0,0,46,0,1,0,0,39,9,6,5,103,6,0,1,1,8,0,16,0,0,6,2,1,1,0,1,0,1,163,0,0,0,1,0,23,0,0,0,0,0,0,0,0,0,0,0,1,0,0,1,0,6,4,1,0,1,4,2,3,0,0,3,0,2,0,4,0,0,0,0,0,0,0,0,3,2,0,0,0,0,5,0,11,29,0,0,0,0,0,0,11,0,17,16,1,0,12
2021,"Havering 022","E02000485",8475,509,11,1,2,2,1,0,58,0,72,0,11,216,0,5,2,0,0,0,0,2,3,0,0,1,3,0,2,64,0,0,0,30,0,0,4,9,0,7,3,248,69,2,0,3,0,0,5,0,0,0,0,18,1,0,0,0,0,123,1,0,0,0,4,0,0,3,0,0,3,0,16,0,117,3,1,18,0,78,4,0,1,3,4,4,0,0,0,1,242,0,0,0,1,1,0,2,0,3,0,1,3,1,0,0,0,2,4,0,2,0,4,0,0,1,0,0,0,0,0,0,0,0,2,2,0,0,14,0,2,2,0,0,1,1,0,0,1,5,4,86,32,57,3,1,1,1,2,7239,0,40,0,0,0,2,2,0,5,0,0,5,5,0,3,0,3,1,2,0,6558,0,98,3,6,0,5,4,10,8,0,4,0,116,0,16,1,2,0,5,37,2,4,0,3,3,0,0,51,0,1,0,0,47,42,4,10,82,4,0,1,0,11,0,2,2,0,21,1,0,3,0,1,0,3,120,1,0,0,4,0,23,0,0,0,0,0,0,2,0,8,0,0,0,0,5,0,1,0,0,0,0,0,5,0,6,0,1,0,0,0,1,2,0,1,0,0,0,4,1,2,3,2,0,1,0,0,0,0,6,2,0,0,0,2,2,5,1,0,12,6,0,0,11
2021,"Havering 023","E02000486",7357,657,13,1,0,0,0,0,136,0,65,0,58,259,0,1,1,0,0,0,5,1,0,5,1,2,5,0,0,57,3,0,0,21,1,0,17,0,0,2,3,257,100,0,0,4,2,0,1,2,1,1,0,23,6,0,1,0,0,103,0,0,0,0,0,0,0,0,1,0,0,0,6,6,115,2,0,36,0,71,0,0,0,4,0,1,0,0,0,1,237,0,0,0,1,0,2,1,3,0,0,0,4,1,0,0,2,1,0,1,3,0,4,1,3,1,0,0,0,0,0,0,0,0,6,0,0,2,21,2,2,0,0,0,0,3,3,0,0,1,0,72,21,66,1,0,0,0,9,5978,2,16,0,0,0,0,3,1,0,0,0,4,26,0,0,0,0,0,1,0,5496,0,51,1,2,0,2,4,2,0,1,10,0,92,0,8,2,6,0,0,41,4,6,0,0,4,0,0,31,0,1,0,0,37,25,7,3,56,3,1,0,0,1,0,5,0,1,18,0,0,2,0,0,0,2,113,2,1,0,1,0,14,0,0,0,0,0,0,0,0,2,0,0,0,0,0,0,0,4,3,0,3,0,3,0,5,0,1,2,0,0,1,4,0,0,0,4,4,12,4,0,0,2,0,0,1,0,0,0,3,7,0,0,0,1,0,1,0,0,10,9,0,0,9
2021,"Havering 024","E02000487",7909,247,6,0,0,2,0,0,26,1,39,0,7,130,0,0,0,0,4,0,4,3,2,1,0,0,0,0,0,11,0,2,0,1,1,0,0,5,0,2,0,34,14,0,0,0,0,0,0,0,0,0,0,2,0,0,0,0,0,9,0,0,0,0,1,0,0,0,5,0,1,0,0,2,54,0,0,3,0,46,3,0,0,0,0,0,0,0,0,2,178,0,0,0,0,0,0,0,0,2,0,0,0,2,0,2,0,0,0,1,0,0,1,0,1,2,0,0,0,0,0,0,0,0,3,0,0,0,28,0,0,0,0,0,1,0,0,0,0,0,4,66,23,41,0,0,0,0,1,7341,0,0,0,0,0,1,8,1,0,0,0,1,1,0,0,0,0,0,1,0,7010,1,28,0,3,0,4,6,6,14,0,3,0,149,0,9,1,1,0,1,10,0,6,0,0,5,0,0,12,0,0,0,0,13,5,1,10,6,6,1,0,0,4,0,3,2,2,1,2,1,1,0,0,0,1,55,0,0,0,0,0,7,0,0,0,0,0,0,1,0,0,0,0,0,0,0,1,0,7,0,0,0,0,4,0,0,0,0,0,0,0,0,1,0,0,0,0,0,0,3,0,0,0,0,0,0,0,0,0,2,14,0,0,0,1,0,0,0,0,10,1,0,0,3
2021,"Havering 025","E02000488",7581,527,0,0,0,0,0,0,69,0,78,0,10,274,3,0,1,0,0,0,2,7,0,0,0,6,1,0,1,54,0,1,0,11,0,0,0,6,0,1,2,191,81,0,4,14,1,0,1,1,0,1,0,18,1,0,0,1,0,61,1,0,0,0,0,1,0,2,0,0,2,1,0,0,95,0,0,24,0,67,0,0,0,2,0,2,0,0,0,0,161,0,0,0,0,0,0,2,0,1,0,1,1,5,0,0,0,2,0,2,0,1,2,0,0,0,0,0,0,0,0,0,0,0,0,0,0,0,10,1,0,0,0,0,0,0,0,0,0,0,1,55,32,40,0,1,0,0,4,6498,0,1,0,0,0,0,4,0,0,0,0,2,13,0,0,0,0,0,2,3,6076,0,59,0,1,0,1,0,2,2,2,3,0,97,0,10,0,2,0,0,26,3,0,0,3,1,0,0,49,0,0,0,0,27,18,7,0,43,2,0,3,0,4,1,2,1,0,13,2,11,1,0,0,0,1,109,0,0,0,1,2,11,0,0,0,0,2,6,0,0,3,0,0,0,0,1,1,2,2,0,0,1,0,5,0,2,0,0,0,0,0,0,1,0,0,1,0,1,6,0,0,0,0,0,0,0,1,0,0,6,15,0,0,0,2,2,0,6,0,7,10,0,0,12
2021,"Havering 026","E02000489",8644,1048,10,0,0,0,0,8,254,0,142,0,24,385,1,2,0,5,0,0,2,5,0,6,11,6,0,0,0,134,0,8,0,25,0,0,6,6,0,3,5,548,185,0,0,28,0,0,4,3,1,12,0,48,0,0,0,1,0,225,0,0,0,0,2,8,0,5,0,0,8,0,10,8,198,4,0,64,0,95,8,0,0,3,2,21,0,0,0,1,362,3,0,0,0,2,0,9,2,5,4,4,4,3,0,0,0,0,2,0,0,0,1,0,4,0,1,0,0,1,0,0,0,0,1,0,1,0,18,2,0,0,1,0,4,2,0,2,3,0,0,76,73,119,1,5,0,2,7,6332,0,18,0,0,0,0,5,1,1,0,0,2,37,0,0,0,0,3,0,1,5599,0,103,0,5,0,6,6,4,7,1,3,1,111,0,10,0,11,0,13,23,2,1,1,1,2,0,2,70,0,2,0,0,42,34,17,7,129,3,0,2,0,9,0,7,0,0,12,0,6,7,0,0,0,5,156,15,2,0,0,0,47,0,0,0,0,1,0,0,0,2,1,0,0,1,0,0,1,6,0,0,0,0,2,1,1,0,1,0,0,14,0,4,0,0,0,0,0,1,1,0,0,1,0,1,0,0,0,0,9,18,0,0,0,2,2,0,0,0,4,3,3,0,12
2021,"Havering 027","E02000490",8468,851,10,0,3,0,0,2,291,0,50,0,28,237,1,4,0,0,0,2,0,4,0,5,3,2,3,0,1,153,0,4,0,11,0,0,10,6,0,16,5,661,293,0,0,25,4,0,11,8,1,0,0,59,9,0,0,0,0,242,0,0,0,0,1,1,0,1,0,0,1,0,2,3,330,10,2,81,0,205,0,4,0,5,4,14,0,0,0,5,251,0,0,0,1,0,1,1,1,2,1,0,0,0,0,0,0,0,1,0,0,0,4,0,2,0,1,0,0,0,0,0,2,1,0,0,2,0,24,1,0,0,0,0,0,0,0,0,3,1,1,55,37,104,0,3,0,0,2,6283,0,24,0,0,0,0,1,0,0,0,0,0,8,0,0,2,0,0,0,0,5597,0,92,1,4,0,5,1,2,17,1,9,0,62,0,12,1,5,2,13,63,0,5,2,3,3,0,0,112,0,2,0,0,36,52,18,8,84,4,0,2,0,3,0,0,1,1,8,7,9,1,0,0,0,0,92,9,1,4,1,0,18,0,0,0,0,0,0,3,0,0,0,0,0,0,1,1,2,1,0,0,0,0,1,1,1,0,0,0,0,1,6,5,1,0,0,0,0,2,0,1,4,7,0,0,0,0,0,0,0,3,0,0,0,0,0,1,5,0,2,5,0,0,5
2021,"Havering 028","E02000491",10634,1424,18,0,0,2,0,0,575,2,55,1,45,309,0,1,0,0,0,0,0,11,0,4,3,1,14,0,12,296,1,0,0,37,0,0,7,12,5,13,0,1175,471,1,0,69,0,0,10,4,1,5,1,88,8,1,7,1,0,427,0,0,0,3,1,16,0,1,0,0,19,3,25,13,515,14,4,143,0,311,4,1,0,1,3,16,0,0,1,17,458,2,4,0,1,1,0,0,1,1,0,7,5,0,1,0,2,1,0,0,0,0,5,2,4,1,0,1,0,0,1,0,0,0,3,0,0,0,46,0,0,0,0,0,0,3,1,4,0,0,0,82,74,194,0,1,0,1,9,6841,0,17,0,0,0,0,2,0,0,2,0,3,24,0,0,2,1,2,0,0,5930,1,103,0,5,0,2,5,3,20,2,5,0,73,0,9,2,17,0,7,69,7,1,0,3,2,4,0,94,0,0,0,0,94,89,10,15,149,11,4,0,1,4,4,12,1,0,19,3,0,4,0,1,0,3,221,11,7,0,0,0,25,0,0,5,0,1,0,0,3,1,0,0,2,0,2,0,1,15,7,0,2,0,5,1,2,0,0,2,0,6,1,10,0,0,0,7,0,2,12,1,0,5,1,1,0,0,0,0,7,9,0,7,0,1,0,5,8,0,23,12,0,0,11
2021,"Havering 029","E02000492",6831,552,5,0,2,0,3,0,127,1,13,0,5,206,0,1,0,0,0,0,0,5,0,1,0,0,1,1,0,154,5,1,0,12,0,0,0,3,5,0,1,430,177,2,0,16,0,0,0,3,0,0,0,35,10,0,0,0,0,162,0,0,1,0,1,9,0,0,0,4,5,0,5,0,166,4,0,50,0,99,1,0,0,1,2,6,0,0,0,3,180,0,1,0,1,4,0,0,2,5,0,0,0,0,0,0,0,0,0,0,0,0,5,0,0,0,1,0,0,0,0,0,0,0,1,0,0,0,11,3,0,0,0,0,0,0,0,1,0,0,4,47,24,67,0,0,0,1,2,5389,2,4,0,0,0,0,1,0,0,0,0,0,0,0,0,3,0,0,1,2,5012,1,28,0,0,0,3,6,4,2,0,2,0,56,0,7,0,2,0,5,65,4,3,0,3,0,1,0,30,0,1,0,0,25,16,1,7,51,1,0,0,0,9,0,7,0,0,11,1,8,3,0,0,0,1,114,2,5,0,0,0,20,0,6,0,0,0,0,0,0,1,1,0,0,0,0,0,1,1,1,0,1,0,1,2,2,0,0,0,0,11,0,0,0,0,0,0,0,0,1,0,2,0,6,0,0,3,2,0,1,32,0,0,1,0,2,0,0,0,2,0,0,0,7
2021,"Havering 030","E02000493",6732,973,3,0,0,0,0,0,235,0,23,0,30,432,0,0,0,1,0,0,0,7,0,1,0,2,0,6,5,197,1,4,0,12,0,0,0,9,2,3,0,690,307,3,0,46,2,0,9,5,3,0,0,37,1,0,0,0,0,242,0,0,0,0,4,14,0,3,3,0,6,2,2,1,307,5,2,98,0,181,5,0,0,3,4,6,0,0,0,3,329,1,0,0,0,0,0,5,0,4,3,0,1,1,3,0,0,1,3,2,0,0,2,0,1,0,0,0,0,0,0,1,0,0,0,0,0,0,26,0,0,0,0,0,1,0,0,0,0,2,1,70,51,136,0,2,0,2,10,4240,0,19,0,0,0,0,3,0,0,0,0,2,15,0,1,0,1,3,0,0,3515,1,104,0,2,2,3,16,1,15,4,5,0,47,0,3,0,1,0,7,100,2,1,0,1,0,0,0,86,0,1,2,0,43,39,20,28,110,6,0,5,0,7,0,1,1,2,8,5,0,1,0,0,0,1,193,0,0,0,0,0,21,0,0,1,0,3,0,1,2,0,0,0,0,0,0,1,1,15,1,0,0,0,14,1,5,0,0,0,2,23,1,8,0,0,0,0,7,0,3,0,4,3,2,1,0,1,0,0,7,21,0,0,0,0,4,0,2,0,19,3,0,0,16
2021,"Hillingdon 001","E02000494",7958,3568,29,26,20,2,0,13,19,0,133,0,39,2704,0,24,18,0,14,0,2,8,2,6,35,7,2,1,2,293,1,2,3,97,0,1,38,7,0,5,15,183,86,0,0,7,0,0,4,0,1,2,0,14,1,0,1,0,0,36,1,0,0,1,0,16,1,0,0,0,6,0,3,3,112,5,0,33,0,70,0,0,0,0,1,3,0,0,0,0,322,0,2,0,1,1,0,8,2,2,0,4,3,0,0,2,0,0,1,0,0,0,3,1,6,0,3,0,0,0,2,0,1,0,0,0,2,2,15,1,0,5,2,0,1,2,1,3,1,0,1,162,30,43,0,1,0,0,8,3495,0,3,0,1,0,2,11,1,0,3,0,42,11,1,1,0,1,5,4,5,2756,2,108,3,18,4,29,9,6,0,5,1,8,103,1,20,12,1,1,3,12,0,1,1,0,31,0,7,28,3,0,0,0,38,47,10,4,69,9,5,3,0,8,0,19,4,0,7,0,7,1,0,0,0,0,278,6,6,6,0,0,52,0,3,0,0,0,0,0,0,0,0,1,0,0,0,0,2,3,8,0,4,0,5,11,29,2,0,15,0,7,1,1,0,0,0,2,2,6,0,5,3,7,2,0,3,0,2,0,1,21,0,5,0,0,0,2,20,1,5,2,0,0,27
2021,"Hillingdon 002","E02000495",10408,3085,109,8,6,4,3,16,55,2,121,6,57,1996,2,14,11,0,10,0,4,14,3,4,25,6,12,6,4,286,7,0,4,200,7,7,46,10,0,12,8,310,131,1,0,13,0,0,7,1,7,1,2,16,9,0,2,0,0,45,0,0,0,0,2,45,1,3,7,0,1,1,5,10,208,5,1,45,2,137,1,0,3,2,0,5,1,0,0,6,430,2,1,1,0,1,1,2,1,5,0,0,1,7,0,0,2,3,1,1,0,2,2,0,4,1,0,0,0,0,3,3,2,0,1,1,5,1,52,2,0,0,0,0,0,0,0,0,0,3,5,148,49,100,0,3,0,4,10,5883,0,34,0,1,0,0,11,3,3,2,1,12,21,1,0,1,0,4,2,9,4112,3,253,3,21,0,29,22,7,12,10,19,6,186,3,59,28,6,0,8,9,1,11,0,0,19,1,22,113,6,9,1,0,73,118,119,35,337,10,1,8,0,19,6,18,6,2,19,2,5,8,0,4,2,7,492,27,1,5,0,0,110,0,1,0,0,2,1,0,4,5,1,0,1,1,1,0,0,27,5,2,3,1,8,13,30,1,0,15,0,18,0,2,0,2,2,5,4,4,3,7,7,4,0,0,2,3,1,0,38,14,0,7,0,0,0,8,65,4,6,0,0,0,21
2021,"Hillingdon 003","E02000496",7799,734,23,0,1,0,0,5,12,0,33,2,70,459,0,9,0,0,0,2,4,5,0,3,15,2,1,2,2,38,0,1,0,18,0,1,18,0,5,1,2,127,53,0,0,1,0,0,4,0,0,1,0,7,0,0,0,0,0,14,0,0,0,0,1,35,3,0,0,0,4,0,4,0,88,4,0,16,0,61,0,0,0,1,0,6,0,0,0,0,310,0,0,0,2,6,1,3,0,3,0,1,1,0,0,0,5,0,1,0,1,0,12,0,1,0,0,1,0,2,0,0,2,0,0,0,2,2,22,0,0,0,0,0,0,0,0,0,0,0,0,108,48,73,1,2,0,0,10,6375,1,0,0,0,0,0,7,0,0,1,0,14,7,0,0,0,1,0,2,0,5731,1,65,0,6,0,1,17,5,29,0,11,3,186,0,13,8,0,3,1,13,0,6,0,0,6,0,4,20,5,5,0,0,22,51,14,5,52,9,2,3,0,14,6,13,2,0,3,0,1,2,0,0,1,3,165,3,0,0,0,0,37,4,4,0,0,0,0,3,1,0,0,0,1,0,0,0,2,4,13,1,0,0,4,1,12,0,1,2,0,4,1,3,1,0,0,2,4,9,0,1,3,0,0,1,0,0,7,0,2,8,0,0,0,0,0,3,0,0,5,1,0,0,17
2021,"Hillingdon 004","E02000497",9519,2489,56,5,9,0,0,9,54,1,118,0,20,1727,0,12,11,1,1,0,2,8,5,1,9,8,4,1,1,240,4,5,5,116,0,0,42,6,2,0,6,250,92,0,0,3,0,0,4,0,1,1,0,14,1,0,0,0,0,56,1,0,1,0,0,50,22,0,0,0,1,2,0,1,188,5,0,26,1,138,0,0,0,3,0,5,0,0,4,6,412,0,1,0,0,0,0,4,0,2,0,0,0,7,0,3,0,2,1,0,1,1,8,0,4,0,3,0,5,0,1,3,0,0,0,3,0,1,33,1,1,0,0,0,0,0,2,0,0,1,4,130,61,111,1,3,1,2,11,5804,0,13,0,1,0,7,13,2,0,2,0,10,15,0,0,2,0,2,2,4,4788,0,146,3,9,0,6,14,11,1,17,7,0,193,0,32,13,4,3,0,6,1,4,0,2,12,2,4,61,1,6,0,0,52,83,17,28,118,13,4,3,0,15,1,21,1,0,11,0,3,9,0,0,0,6,376,16,2,3,0,5,123,3,0,0,0,0,0,0,4,1,0,0,1,0,1,0,2,12,0,1,8,1,6,1,21,3,3,11,2,8,0,3,0,0,0,2,0,6,2,11,9,0,1,0,2,0,0,0,0,18,0,6,12,2,0,0,17,0,8,1,0,0,38
2021,"Hillingdon 005","E02000498",6371,862,16,0,3,1,3,5,29,0,51,0,4,559,1,11,7,0,4,1,0,0,0,3,3,6,1,1,4,80,0,2,0,41,0,1,12,4,0,0,9,67,26,0,0,0,0,0,0,0,0,7,0,6,1,0,0,0,0,9,0,0,0,0,0,17,1,0,0,0,0,0,0,0,96,0,0,11,0,77,0,0,0,1,0,5,0,0,0,2,295,0,0,0,0,0,2,3,0,0,0,1,1,1,0,1,0,1,0,0,1,0,4,0,7,0,2,0,0,1,0,0,0,0,0,1,0,0,9,3,0,0,0,0,1,0,0,0,0,0,4,119,40,81,0,2,3,2,5,4886,0,1,0,0,0,1,3,0,0,1,0,13,10,0,0,1,0,1,2,6,4276,0,82,1,5,0,2,16,2,0,6,7,2,201,0,19,1,2,2,1,3,1,5,0,0,4,0,1,29,0,0,0,0,33,43,25,0,29,13,1,0,0,10,6,16,0,0,1,0,0,0,0,1,0,1,165,2,2,0,0,0,46,2,1,0,0,1,1,0,4,0,3,0,3,0,0,0,1,6,0,0,2,0,8,5,19,0,1,1,0,7,0,2,0,0,0,0,2,1,0,2,5,1,0,0,0,1,1,0,3,16,0,1,4,0,0,2,5,0,0,1,0,1,2
2021,"Hillingdon 006","E02000499",7724,2158,57,6,6,2,0,4,35,0,97,2,11,1542,0,3,3,0,4,0,5,0,3,7,29,4,2,1,4,170,2,5,0,91,0,0,44,11,0,2,6,100,28,0,0,1,0,0,0,0,5,1,0,5,4,0,0,0,0,21,0,0,0,0,0,20,9,1,0,0,1,1,1,2,80,0,0,8,0,67,0,0,3,0,0,2,0,0,0,0,323,0,0,1,0,1,0,5,0,0,0,2,1,1,0,2,2,0,0,0,1,2,14,1,7,1,2,0,0,3,0,2,2,3,3,0,0,0,35,2,0,4,2,0,0,0,0,0,0,0,3,132,15,60,0,3,0,1,10,4810,0,7,0,0,0,3,14,0,0,0,0,6,10,0,0,1,1,2,1,1,4022,3,98,1,11,0,9,9,6,3,0,11,5,232,0,28,7,9,0,2,7,2,0,0,3,10,0,1,54,0,6,0,0,31,65,3,0,70,0,1,2,0,14,0,15,3,0,7,0,1,4,1,0,1,7,253,14,0,2,1,0,68,2,1,0,0,4,0,0,0,8,0,0,0,0,7,0,0,6,0,1,8,0,13,1,18,0,1,10,4,10,0,0,1,1,0,0,1,3,0,4,3,2,0,0,0,0,0,0,0,9,0,1,0,1,0,7,26,0,1,2,2,0,10
2021,"Hillingdon 007","E02000500",8273,1593,26,3,2,3,0,4,44,0,106,0,22,1031,1,15,11,0,2,0,4,0,2,8,33,5,3,4,5,124,5,1,0,81,1,4,18,4,1,10,10,91,26,0,0,3,0,0,1,1,2,0,0,7,2,0,0,0,0,20,0,0,0,0,0,20,0,6,0,0,2,0,1,0,81,5,0,11,0,59,0,0,0,0,0,2,0,0,2,2,353,0,0,0,1,1,0,7,0,0,0,2,1,0,0,1,1,2,0,0,1,2,7,2,6,0,0,0,0,1,0,0,2,0,4,6,0,1,23,3,0,0,1,0,1,1,0,2,0,0,2,167,30,55,0,6,1,0,13,5883,0,8,0,0,0,9,8,2,0,0,0,13,13,0,0,0,0,2,1,1,4714,2,248,3,11,0,17,15,11,1,8,9,5,329,0,35,5,3,0,7,6,1,5,0,4,16,0,4,67,0,1,0,0,29,93,6,10,74,11,1,2,2,3,0,27,1,2,33,0,3,1,0,0,0,1,272,20,0,3,0,2,60,2,1,0,0,0,0,2,3,6,0,0,0,0,1,0,0,3,1,0,3,0,12,1,15,2,2,1,0,17,0,3,2,1,0,0,9,0,0,4,4,0,0,1,0,0,0,0,4,23,0,0,0,1,2,4,9,2,14,3,0,0,29
2021,"Hillingdon 008","E02000501",8472,1812,23,5,7,0,1,7,25,2,180,0,22,1216,0,3,6,0,2,0,3,4,0,4,13,3,1,0,2,142,0,5,4,70,3,0,25,6,0,15,13,130,34,0,0,7,0,0,0,0,6,3,0,11,2,0,1,0,0,29,0,0,3,0,0,17,10,0,0,0,2,1,1,3,160,0,0,24,0,128,1,0,0,2,0,5,0,0,0,0,407,1,1,0,1,3,0,7,0,7,2,0,0,4,1,0,0,1,0,2,0,0,6,1,5,3,2,0,0,0,3,0,2,0,0,0,0,2,38,4,3,1,1,0,0,1,0,0,0,1,3,157,39,72,5,4,0,2,22,5711,3,6,0,1,0,16,8,0,0,2,0,11,17,0,1,0,1,2,4,6,4688,3,111,0,8,0,9,20,12,3,0,14,0,283,2,33,7,5,0,6,9,0,7,0,0,18,2,3,73,0,0,1,0,49,89,7,13,82,13,7,1,1,7,1,19,0,0,7,0,12,2,0,2,0,4,252,7,1,5,0,1,75,1,0,0,2,0,0,2,2,8,1,0,0,0,0,2,0,7,3,1,7,0,4,9,15,0,1,5,0,16,0,3,0,1,0,4,1,0,0,6,1,0,1,1,0,0,1,0,10,11,0,0,0,6,4,2,2,1,5,2,0,0,15
2021,"Hillingdon 009","E02000502",8918,1897,114,0,9,0,0,11,36,0,161,0,18,1051,0,7,19,0,0,0,6,5,3,3,89,0,2,0,5,195,0,3,0,120,7,0,11,11,0,5,6,204,62,0,0,4,1,0,1,0,4,1,2,11,5,0,0,0,0,46,0,0,0,0,0,55,4,6,0,0,1,0,1,0,200,3,0,23,0,148,2,0,0,3,0,5,0,0,13,3,401,0,0,0,5,1,3,13,0,4,3,1,4,3,3,1,0,0,1,0,0,2,3,0,5,5,1,0,0,5,0,0,1,0,0,0,2,0,37,0,0,0,0,0,2,1,0,2,2,0,7,134,41,96,0,1,0,0,12,5902,1,20,0,5,0,2,17,1,0,1,4,8,27,0,1,0,3,2,0,5,4570,3,169,3,16,0,7,32,4,7,3,11,7,325,0,28,5,2,1,2,5,1,10,1,1,14,0,4,83,4,4,0,0,64,156,21,13,145,14,4,7,0,9,0,20,0,0,12,1,5,2,6,0,0,4,314,9,1,0,0,0,98,1,0,0,3,2,1,1,1,0,1,0,0,0,0,0,1,1,9,1,4,0,4,2,8,0,2,0,0,4,0,5,0,0,0,15,2,11,0,8,4,2,0,1,4,0,2,0,2,30,0,10,10,0,0,2,16,0,9,0,0,0,27
2021,"Hillingdon 010","E02000503",8692,1567,65,5,8,4,1,8,51,0,112,1,21,914,0,14,8,0,4,1,1,2,6,5,66,7,1,5,1,128,4,0,1,76,2,1,27,2,0,7,8,121,41,0,0,2,0,0,0,0,1,13,0,11,0,0,0,1,0,24,0,3,0,0,0,15,4,0,0,0,0,0,5,1,176,1,0,21,0,145,0,0,1,0,0,5,1,0,0,2,408,0,4,0,0,6,1,4,2,2,3,3,0,1,3,0,2,2,0,2,0,1,4,1,8,5,4,1,0,3,0,4,1,0,0,0,2,1,29,1,0,0,0,1,3,2,0,0,0,0,4,146,35,100,2,5,1,3,6,6139,0,3,0,3,0,0,14,1,0,1,0,3,28,1,0,1,0,2,0,5,5008,1,134,1,5,0,5,10,19,2,10,15,2,382,0,25,0,0,0,3,13,2,5,0,0,21,0,0,49,7,1,0,0,41,154,8,15,67,4,6,3,2,7,4,21,3,0,10,0,5,4,0,0,0,3,281,14,0,0,0,0,93,5,0,0,0,3,0,2,1,10,1,0,0,0,0,0,0,9,3,1,0,0,5,0,31,1,2,0,0,9,0,0,0,0,0,11,1,3,2,6,4,5,2,2,0,1,0,0,3,7,0,1,0,4,1,4,2,0,5,0,0,0,27
2021,"Hillingdon 011","E02000504",7646,1629,13,3,10,1,5,2,22,3,110,2,9,1110,1,3,2,1,6,0,0,0,4,3,18,1,4,1,13,164,5,4,0,72,1,1,15,4,0,0,16,74,31,0,0,0,0,0,5,0,0,3,0,7,0,0,0,0,0,14,0,0,0,0,0,3,0,3,0,0,3,0,5,0,46,1,0,5,0,37,1,0,0,0,0,0,0,0,0,2,283,0,0,0,0,0,4,0,0,1,0,2,0,3,0,2,0,3,0,0,0,0,3,0,5,1,0,0,0,0,1,2,0,0,0,0,3,2,18,0,0,0,1,0,2,0,0,2,0,0,4,129,14,54,2,5,1,3,16,5369,0,1,0,1,0,3,7,0,1,0,1,1,3,1,0,3,4,3,1,2,4733,0,94,0,19,0,16,17,3,1,2,6,1,168,0,23,3,1,0,1,4,1,8,0,0,10,0,0,28,7,0,0,0,22,46,17,5,42,8,4,4,0,11,1,9,2,1,8,0,5,3,0,0,0,3,245,5,2,4,0,0,101,8,0,0,0,0,0,0,0,0,0,0,0,0,0,0,0,2,0,0,4,0,2,3,12,0,4,0,0,7,0,0,0,0,0,0,0,0,0,7,3,0,1,0,0,3,5,0,1,45,0,0,0,1,0,0,6,0,4,0,0,0,15
2021,"Hillingdon 013","E02000506",7979,2682,51,8,4,0,0,3,43,2,107,3,12,1808,2,10,9,4,1,0,1,7,3,4,9,11,0,4,1,422,2,46,0,67,6,0,14,3,0,5,10,142,50,0,0,0,2,0,0,0,2,1,0,4,2,0,0,0,0,46,0,1,0,0,0,23,1,0,0,0,4,0,3,3,95,0,0,25,1,61,0,0,0,3,0,0,0,0,1,4,318,2,4,0,0,6,5,7,0,3,0,1,1,4,0,2,5,0,0,0,0,2,2,2,5,0,0,0,0,2,0,0,0,0,3,0,3,5,27,0,0,0,0,1,0,3,0,1,0,0,1,128,33,42,5,3,3,1,6,4186,1,3,0,7,0,0,9,3,0,1,2,2,18,0,0,0,3,1,2,2,3525,0,71,0,6,0,9,6,7,7,5,2,1,191,0,21,0,1,0,2,21,1,8,0,0,8,0,0,27,2,2,1,0,21,66,12,6,46,1,0,8,2,7,2,16,2,0,7,0,0,6,0,0,0,6,556,24,0,4,0,0,190,1,1,0,0,0,1,1,0,7,1,0,0,0,3,0,1,6,1,0,6,0,4,5,26,0,0,2,6,15,0,2,0,4,0,2,1,3,4,9,1,2,0,0,0,1,6,0,1,184,0,0,0,0,0,2,3,4,8,0,0,0,14
2021,"Hillingdon 014","E02000507",8245,2324,89,1,1,2,3,15,85,0,111,0,76,1300,0,10,1,2,1,1,0,10,5,0,35,5,1,2,3,316,14,31,0,118,1,1,58,6,6,8,6,256,77,0,0,3,0,0,2,0,3,14,0,7,4,0,3,0,0,41,0,0,1,1,4,75,6,0,6,0,0,0,4,5,208,4,0,36,0,153,3,0,0,3,0,2,0,0,3,4,405,1,1,2,0,5,3,1,3,5,0,0,2,4,1,0,1,0,4,0,0,0,9,0,4,2,2,0,0,0,2,1,3,6,3,0,3,2,22,5,0,0,0,0,11,0,0,1,0,0,1,136,43,99,0,0,0,0,17,4587,0,15,0,0,0,0,4,0,0,1,0,4,13,0,0,0,0,0,0,1,3721,1,105,0,3,1,6,5,1,3,7,12,4,145,1,12,0,11,0,4,13,2,1,0,5,6,0,0,27,0,0,0,0,45,118,117,15,102,0,6,2,0,3,2,11,3,0,9,5,4,2,2,0,0,7,465,6,8,2,4,0,151,2,0,0,0,1,0,2,1,0,0,0,1,0,7,0,1,5,1,1,0,0,6,4,18,0,1,2,0,20,0,4,1,7,0,7,0,8,2,5,0,0,0,0,0,0,13,0,3,102,0,9,0,1,0,4,34,0,2,1,3,0,15
2021,"Hillingdon 015","E02000508",11959,3220,193,4,13,2,1,4,243,0,286,2,87,1510,4,23,14,0,6,0,14,4,1,5,102,25,12,2,6,475,3,3,6,96,4,4,23,14,2,13,14,605,193,1,1,8,0,2,16,0,22,10,3,49,12,1,3,0,0,124,1,0,1,0,1,80,14,4,7,0,24,3,18,7,322,7,0,51,2,223,0,3,3,6,2,4,1,5,4,11,765,5,1,1,1,5,3,22,0,11,2,21,3,4,0,1,3,1,1,3,0,1,69,1,13,0,4,2,0,0,2,1,2,4,0,1,1,0,72,3,3,2,5,3,1,5,0,2,3,3,13,197,88,141,0,3,4,0,28,6302,0,54,1,4,2,4,12,4,2,1,0,15,36,0,0,1,0,8,3,11,4434,0,228,1,30,0,23,64,8,10,18,22,8,237,0,114,4,16,0,6,31,1,2,1,1,21,0,2,107,1,8,3,0,61,225,58,61,171,25,1,17,2,7,9,33,0,1,54,0,7,4,0,0,0,7,745,29,7,0,6,0,300,0,0,0,5,4,0,1,4,9,1,0,0,0,6,0,2,13,9,0,2,0,24,6,44,1,1,0,0,41,1,4,0,0,0,2,8,10,4,18,5,3,6,3,3,3,8,0,8,30,1,18,1,5,1,2,5,1,35,1,0,0,44
2021,"Hillingdon 016","E02000509",10556,2731,112,9,1,0,2,8,452,3,263,0,69,882,2,14,9,0,3,0,8,7,7,10,45,13,12,8,4,542,0,10,3,123,3,14,35,25,6,13,14,743,258,8,0,13,5,5,13,2,28,16,0,64,20,0,0,1,1,142,0,1,1,0,1,101,12,7,0,2,19,1,8,14,285,9,0,50,0,193,5,2,0,7,6,3,0,0,4,6,717,3,6,0,1,3,1,24,0,0,2,5,13,5,0,0,0,1,4,0,1,2,7,0,10,2,0,0,2,1,0,5,2,0,2,1,1,3,36,4,1,0,0,1,2,1,0,0,0,0,7,194,155,160,0,1,0,0,48,5512,0,48,4,4,0,1,7,0,1,3,0,4,41,0,0,4,3,2,4,2,3723,2,286,2,8,0,15,61,13,18,10,20,9,200,0,60,6,13,1,0,47,0,14,1,2,27,0,2,76,4,1,1,0,69,335,47,38,152,11,1,2,0,7,4,31,3,3,23,3,10,10,4,1,0,8,568,25,9,0,3,0,207,1,1,0,2,0,0,0,0,0,1,0,0,0,3,2,0,20,2,3,4,0,27,5,38,1,1,1,0,30,0,11,1,4,3,7,2,8,2,7,17,0,1,3,1,3,1,0,5,23,0,1,0,7,0,2,9,1,32,3,0,0,28
2021,"Hillingdon 017","E02000510",9110,2848,139,6,0,4,5,17,151,11,98,2,134,1419,1,15,3,0,1,1,0,17,4,1,48,10,2,13,3,467,9,41,3,157,1,0,47,1,1,8,8,352,150,0,0,1,0,1,1,0,0,6,0,15,8,0,0,0,0,55,1,0,0,1,0,85,15,4,2,0,1,0,5,1,200,7,0,28,0,142,0,0,8,1,0,8,3,0,2,1,439,0,2,0,2,0,4,7,3,2,1,2,7,7,0,1,3,0,1,0,0,0,3,1,3,2,3,0,0,4,0,1,0,0,4,0,0,2,41,2,0,0,0,0,0,4,1,0,0,1,0,136,66,88,0,0,2,0,33,4671,0,14,0,6,0,5,5,1,1,0,0,9,11,0,0,1,1,1,0,1,3811,0,109,1,9,0,9,5,1,5,2,15,3,195,0,15,0,4,0,4,8,4,4,0,2,8,2,4,56,4,4,0,0,50,111,20,16,78,3,3,1,0,0,4,7,0,1,24,0,5,2,1,0,0,5,600,15,1,0,4,0,185,3,1,0,0,0,0,2,0,4,0,0,0,0,3,0,0,6,29,0,3,0,6,6,30,3,1,0,0,12,0,12,0,5,0,2,1,2,0,14,3,0,3,4,0,9,11,0,11,141,0,0,0,1,6,12,14,1,13,0,0,1,20
2021,"Hillingdon 018","E02000511",9946,3769,357,3,5,2,4,13,98,7,28,3,22,1871,0,7,0,0,0,2,5,19,5,12,90,3,1,0,6,548,15,112,4,309,0,0,195,8,0,2,13,396,167,2,0,7,0,0,8,0,17,5,0,22,1,0,5,0,0,43,1,0,0,0,1,70,13,1,5,0,8,0,13,7,442,21,0,66,0,299,4,1,2,6,3,21,0,0,14,5,351,3,5,0,2,2,2,10,3,0,1,0,0,6,0,0,2,0,2,2,0,0,3,0,0,5,0,1,0,1,0,0,2,1,0,0,2,0,26,5,1,0,0,0,2,1,0,0,0,1,2,109,43,88,0,2,0,0,16,4066,1,15,0,0,0,0,5,0,0,1,2,20,13,0,1,3,0,3,0,1,3191,1,89,0,1,0,4,14,1,10,4,7,2,177,0,4,1,12,0,1,16,2,4,0,8,2,8,0,33,2,0,0,0,38,168,26,13,123,3,1,4,0,2,0,13,0,0,6,0,3,0,0,1,0,6,922,99,6,5,3,3,160,2,2,3,0,1,2,2,2,1,0,0,0,0,0,1,3,6,1,1,4,0,4,9,15,0,0,2,2,17,0,17,0,0,0,7,2,9,8,9,1,1,0,0,1,6,13,0,3,323,0,2,5,0,0,32,103,0,0,0,0,0,24
2021,"Hillingdon 019","E02000512",8829,2813,272,5,4,4,8,13,159,7,35,1,62,1339,3,12,1,6,0,0,8,21,5,5,97,19,1,1,3,474,8,39,1,127,0,0,48,3,0,15,7,628,158,2,4,19,5,1,1,0,19,7,1,23,7,0,0,0,0,39,1,0,0,0,2,277,42,0,7,1,4,0,7,1,389,14,3,59,0,270,4,0,5,4,0,5,2,0,9,14,444,2,6,1,4,2,6,7,0,2,1,2,2,2,1,0,1,0,0,2,0,3,7,0,3,0,2,0,0,1,0,0,2,0,2,2,4,0,37,1,3,2,1,0,0,1,0,1,0,0,2,114,57,123,0,3,0,1,31,3923,0,15,0,2,0,10,1,0,0,0,1,9,15,0,0,0,0,0,1,0,3097,1,76,0,3,0,7,7,2,8,3,3,3,109,0,8,0,7,0,4,14,0,3,0,4,11,7,2,64,3,1,0,0,46,156,36,37,94,10,4,2,0,5,2,9,4,0,4,0,2,2,0,0,0,9,632,45,6,8,0,0,161,2,0,0,1,0,0,0,1,2,0,0,1,2,0,1,2,12,5,3,0,1,13,2,17,0,2,1,0,25,0,19,0,0,0,7,5,21,2,8,2,2,0,6,1,3,22,0,4,126,0,13,0,3,3,16,31,0,8,0,0,0,17
2021,"Hillingdon 020","E02000513",9763,3866,514,1,10,1,0,13,149,1,51,7,34,1569,0,15,0,0,0,5,2,8,7,10,113,18,5,17,6,603,28,124,1,424,0,0,106,5,0,8,11,1166,376,8,2,20,1,0,15,12,25,51,3,27,13,0,0,4,1,49,2,1,2,0,0,458,49,3,5,1,11,3,18,6,473,13,0,119,0,283,5,0,5,5,0,18,0,1,17,7,384,3,4,0,0,1,0,5,1,7,0,0,1,13,1,3,0,0,0,0,0,0,5,0,0,0,0,1,0,2,0,6,2,1,0,1,0,1,20,0,0,0,5,0,0,0,0,3,0,0,2,104,63,110,0,3,0,0,16,3052,0,25,1,1,0,0,3,1,0,0,0,8,12,3,0,0,0,6,0,0,2177,1,91,0,2,0,0,2,0,8,0,15,0,88,0,13,1,5,0,1,11,0,2,4,0,0,4,0,60,2,1,7,0,28,268,30,29,119,4,1,5,0,2,0,3,0,0,5,0,0,0,1,0,0,2,822,68,11,4,1,1,173,4,1,0,6,0,2,0,0,2,0,0,0,0,3,0,0,8,4,0,0,0,10,4,19,0,0,0,5,40,1,4,1,3,0,32,11,8,5,25,8,1,2,3,0,2,11,0,6,176,4,34,10,1,0,23,38,0,8,0,0,0,39
2021,"Hillingdon 021","E02000514",10674,6279,359,11,10,4,1,27,280,1,17,0,30,3435,1,1,1,6,0,4,2,21,0,5,170,29,0,0,5,655,29,128,3,637,0,0,387,2,0,3,15,657,142,0,0,11,0,0,1,1,12,27,0,17,0,0,0,2,0,23,0,1,6,2,0,344,46,0,0,0,4,0,7,11,344,6,0,51,0,228,7,0,0,6,1,17,0,0,20,8,255,1,1,0,3,0,1,3,0,3,0,5,1,0,0,0,0,2,1,0,1,0,2,0,2,0,0,1,0,0,0,0,2,0,4,1,1,0,18,0,0,0,0,0,0,0,0,0,0,0,3,83,33,65,0,0,0,0,18,1997,0,10,2,5,0,2,3,0,1,0,0,22,14,0,0,0,0,1,0,1,1342,0,56,2,8,0,2,7,0,1,3,14,0,106,0,9,0,6,0,9,32,1,1,0,4,4,0,0,49,0,0,0,0,21,111,16,20,94,0,4,2,1,0,0,1,0,0,4,1,3,0,0,1,0,1,1142,40,6,2,3,0,106,0,1,0,3,0,0,0,1,0,0,0,0,0,0,2,2,3,1,1,0,0,11,11,3,2,0,1,0,9,0,20,0,5,0,14,2,113,8,6,5,1,0,5,5,1,37,0,9,449,0,17,0,0,0,64,133,0,4,1,0,1,34
2021,"Hillingdon 022","E02000515",13294,3188,222,5,6,1,1,1,333,2,153,0,124,1422,3,10,8,2,2,3,8,9,5,8,109,20,1,3,2,507,7,37,0,110,2,2,20,20,3,11,6,854,272,3,0,23,4,0,11,0,19,39,0,24,8,0,1,4,0,96,0,1,0,0,4,249,59,0,1,0,9,1,16,10,627,7,1,63,0,505,4,0,0,5,0,11,1,0,20,10,625,7,5,0,0,3,0,12,0,2,1,2,3,8,0,2,0,0,3,2,0,0,6,0,3,0,0,0,0,3,0,3,1,0,2,1,1,1,49,2,0,3,0,2,1,2,0,0,1,0,2,134,120,192,0,0,0,2,44,7220,0,37,0,4,0,5,16,3,1,2,6,14,33,2,0,1,0,4,0,7,5261,0,235,2,19,2,8,25,2,86,10,20,7,172,0,59,3,13,4,18,46,1,7,0,8,10,4,1,142,9,5,1,1,84,335,47,60,264,18,9,11,2,9,0,22,4,1,8,3,12,9,2,0,2,2,780,53,16,0,7,1,260,2,0,0,4,2,3,0,2,7,0,0,1,0,2,1,2,17,22,1,1,0,28,10,41,4,1,2,1,29,2,20,0,2,0,9,14,18,0,11,6,2,1,2,1,5,11,0,13,35,0,9,0,1,1,6,24,0,14,1,3,2,47
2021,"Hillingdon 023","E02000516",8658,4107,199,2,3,0,0,20,144,1,74,0,24,2330,1,10,3,1,2,0,0,13,4,3,111,21,5,0,6,524,37,75,3,348,0,0,127,4,0,3,9,567,150,0,1,18,0,4,13,1,5,24,3,35,1,0,0,0,0,65,0,2,3,0,4,195,20,2,2,1,6,0,3,9,346,14,0,82,0,222,3,0,1,5,0,2,1,0,10,6,423,1,0,1,0,4,0,10,0,6,0,1,4,8,0,0,0,4,0,5,0,6,4,0,0,2,0,0,0,0,0,4,2,0,1,0,0,2,27,0,0,0,0,0,0,1,0,0,0,1,0,111,74,127,0,3,0,0,14,2238,1,7,0,0,0,1,3,0,0,0,2,1,17,0,3,2,0,1,0,2,1466,0,82,0,7,4,4,3,0,3,15,11,0,92,0,12,0,3,0,7,7,1,3,0,0,2,10,0,45,7,0,3,0,42,231,32,7,64,3,1,0,0,7,0,12,1,0,1,0,5,2,0,0,0,3,977,56,4,6,0,0,141,0,6,0,1,0,0,2,3,8,0,0,0,0,2,0,0,2,2,0,4,0,7,12,12,3,0,0,0,25,0,18,0,3,1,6,19,16,1,28,4,2,4,5,0,2,41,0,8,373,0,18,0,0,0,21,66,0,2,0,0,0,43
2021,"Hillingdon 024","E02000517",10466,4225,427,4,14,4,0,36,191,0,29,3,53,1920,0,21,4,7,1,0,4,25,3,4,127,26,4,0,1,716,25,99,2,316,0,0,123,7,0,17,12,945,278,0,0,14,3,1,9,1,18,17,0,35,14,0,3,1,0,57,2,0,0,0,1,385,65,5,3,0,5,2,15,11,550,4,0,106,0,406,3,4,1,5,0,9,1,0,6,5,445,2,2,1,2,7,0,9,2,5,1,3,2,4,0,0,0,2,0,0,0,4,3,0,5,0,0,0,0,0,0,0,0,3,0,0,1,2,43,0,1,2,1,0,1,1,0,0,0,1,2,125,56,112,2,6,0,0,32,3388,0,25,0,0,0,0,2,0,0,1,0,13,17,0,0,1,0,1,0,0,2480,0,136,0,5,0,7,17,0,22,11,2,0,123,0,20,0,10,0,3,26,0,1,0,1,4,2,0,80,5,1,0,0,33,135,22,21,114,13,3,4,0,3,0,6,0,0,6,1,4,4,1,0,0,2,913,83,11,3,1,0,180,0,1,0,1,5,2,0,6,1,1,0,0,0,0,0,2,9,7,0,2,0,11,20,28,1,1,2,0,21,2,14,1,0,0,8,6,22,3,9,3,1,2,6,4,0,25,0,20,204,0,20,0,2,1,27,93,1,13,0,1,0,26
2021,"Hillingdon 025","E02000518",9637,2374,201,0,9,4,1,6,266,1,52,0,89,1046,0,6,1,0,2,0,3,10,4,1,66,13,5,0,0,378,5,25,3,130,0,4,20,10,0,4,9,737,350,5,0,11,0,0,4,1,17,20,0,20,4,0,0,2,0,72,0,1,1,0,7,169,27,0,4,1,8,0,9,4,250,9,0,62,0,156,0,3,2,6,0,8,0,0,3,1,425,0,2,0,1,4,0,6,0,1,0,0,1,6,0,3,0,0,0,2,0,4,11,2,0,2,3,0,0,1,0,0,0,0,3,2,3,5,17,2,0,0,2,3,0,0,0,2,1,0,6,105,74,117,3,6,1,1,23,5376,0,18,0,0,0,6,2,0,0,0,0,3,11,0,0,3,0,3,0,2,4345,0,114,1,9,0,8,9,3,29,6,16,6,123,0,30,3,7,3,4,22,0,1,0,6,1,5,0,77,1,4,0,5,54,196,24,23,145,5,1,3,1,6,0,11,2,1,3,0,7,2,3,0,0,3,475,25,2,0,0,1,87,0,2,0,2,0,0,0,0,2,2,0,0,0,1,0,0,2,22,0,0,0,15,4,17,6,0,0,0,15,0,7,0,2,1,16,4,5,1,8,0,2,5,6,0,2,19,0,16,89,0,4,4,2,2,2,27,0,3,1,6,0,36
2021,"Hillingdon 026","E02000519",9542,4585,359,7,13,1,0,15,181,2,21,0,39,2422,0,11,1,1,0,8,4,11,4,4,99,10,1,0,1,870,28,132,0,220,0,0,96,3,0,6,15,974,279,3,0,12,0,2,7,3,9,54,0,25,4,0,7,1,0,75,0,1,0,0,0,407,57,3,8,0,4,2,8,3,340,4,0,65,0,224,2,1,0,0,0,23,0,0,13,8,317,2,2,0,0,1,2,11,0,4,1,0,2,1,0,1,0,2,0,2,0,5,4,0,3,2,2,0,0,0,0,0,0,0,0,0,0,0,24,1,0,1,1,0,0,1,0,0,0,0,1,64,66,98,0,3,2,0,8,2334,0,12,1,0,0,0,1,0,0,0,0,0,7,0,0,0,0,0,2,0,1735,1,65,0,3,0,1,7,4,15,1,4,0,80,0,9,1,11,0,5,23,0,2,0,4,0,0,0,48,5,1,0,0,22,149,19,4,69,1,3,4,0,3,0,6,0,0,4,1,0,0,0,0,0,1,992,69,47,9,3,1,113,2,1,0,2,2,4,1,1,0,0,0,0,0,0,1,3,11,4,0,2,0,2,12,11,0,0,0,0,15,0,11,0,0,0,5,0,6,4,3,11,1,1,0,0,0,22,0,17,319,1,169,0,1,0,10,56,0,1,4,0,0,34
2021,"Hillingdon 027","E02000520",14073,6826,453,1,14,1,5,31,206,0,98,5,48,3750,1,15,1,10,3,0,6,29,6,12,336,24,3,7,5,1089,22,153,2,290,0,0,156,10,7,6,21,1335,336,1,1,19,4,0,9,1,50,52,0,31,18,0,2,0,1,76,0,0,12,0,8,593,82,2,11,0,14,1,9,2,426,15,1,64,2,298,0,0,0,8,0,16,1,0,11,10,578,1,3,3,0,7,9,11,0,5,0,1,5,8,1,1,2,1,1,1,1,0,7,4,8,3,0,0,0,5,0,2,4,1,0,1,1,1,36,2,0,0,0,0,1,8,0,1,0,1,4,163,108,112,0,1,5,0,38,3647,1,28,2,1,0,0,3,1,3,1,0,9,16,0,0,0,0,3,2,2,2450,0,162,0,12,1,5,35,2,11,1,22,1,169,0,17,1,2,0,9,39,1,1,0,6,10,2,1,92,3,4,8,0,68,234,25,33,97,7,1,2,0,8,4,8,2,1,3,0,6,0,0,1,0,8,1261,86,10,5,8,0,252,3,5,2,9,0,0,1,0,1,0,0,0,0,0,0,0,6,12,1,7,0,6,13,28,0,5,0,0,12,0,13,0,0,0,40,33,38,0,10,7,2,1,3,3,5,29,0,9,383,0,51,15,1,0,42,43,0,11,1,2,0,47
2021,"Hillingdon 028","E02000521",13203,5235,340,5,5,3,0,15,189,1,123,5,99,2965,3,19,4,9,1,1,3,9,2,11,128,10,4,2,3,940,17,61,0,163,0,3,50,13,0,12,17,1054,292,6,0,21,1,3,34,3,21,19,0,40,10,0,0,0,2,83,0,1,4,1,0,392,74,4,4,1,11,3,12,12,370,10,0,94,0,215,5,0,2,10,5,14,0,1,10,4,597,1,6,2,0,6,0,6,0,3,0,3,3,3,0,1,2,1,2,2,1,0,9,0,9,0,3,1,0,3,0,5,0,1,0,0,3,0,58,0,5,3,0,3,3,3,0,0,0,0,5,164,94,159,1,3,2,2,16,5085,1,34,0,1,0,3,6,0,0,0,0,2,22,0,0,1,1,6,0,3,3719,2,187,1,8,0,13,20,1,37,12,13,4,121,0,17,2,6,5,8,37,0,4,0,0,8,0,0,109,0,0,0,0,80,266,40,39,165,17,0,10,1,4,3,16,3,0,6,0,14,2,1,0,0,4,862,63,7,13,2,1,223,4,4,0,1,0,1,1,0,2,0,0,0,0,6,1,4,13,8,0,0,0,20,17,18,0,2,4,0,13,0,2,1,5,0,13,2,13,1,7,11,6,1,1,2,4,33,0,21,197,0,21,1,2,0,10,17,0,12,0,3,0,48
2021,"Hillingdon 029","E02000522",9575,2628,186,2,7,0,0,11,167,1,76,0,61,1413,1,10,4,4,5,2,1,8,4,2,52,9,2,4,2,438,7,16,1,74,0,1,18,9,0,17,13,586,226,0,1,22,3,2,2,0,12,21,0,14,9,0,0,0,1,83,0,0,1,1,5,134,8,0,2,0,15,0,14,10,267,11,0,60,0,181,0,0,0,3,0,8,0,0,2,2,488,1,5,1,1,0,1,12,2,3,1,0,0,2,0,0,0,0,5,0,0,0,5,0,9,3,0,0,1,2,0,3,0,1,2,4,1,3,28,4,0,1,1,0,0,0,0,0,0,0,0,133,113,126,2,1,0,1,10,5115,1,24,0,7,1,0,9,2,0,0,2,6,21,0,3,1,1,2,0,2,3849,1,148,1,10,0,6,5,3,59,8,21,2,107,0,42,1,11,0,13,31,2,7,0,0,4,0,0,88,4,2,0,0,71,241,25,26,165,11,4,5,0,13,0,21,1,1,7,0,10,2,1,0,0,4,491,33,10,4,0,0,139,1,4,0,3,1,1,0,0,2,1,0,0,0,0,0,3,11,16,0,0,0,12,3,9,1,0,0,1,7,0,11,0,0,1,7,1,7,4,8,9,0,0,3,0,4,7,0,5,72,0,11,0,1,1,10,7,3,6,0,4,3,44
2021,"Hillingdon 030","E02000523",11373,6684,323,7,7,2,1,20,120,4,103,3,44,4382,0,14,7,13,0,1,7,8,3,11,255,28,2,8,0,944,54,116,2,132,3,0,27,5,0,23,5,696,162,1,2,13,0,1,6,0,8,5,1,16,4,0,0,0,0,27,0,0,9,0,1,354,60,0,2,0,1,0,14,9,273,7,0,52,0,172,2,0,1,9,0,9,7,0,8,6,317,0,6,0,3,2,0,6,0,2,0,0,2,2,0,0,0,1,1,0,0,0,5,3,6,0,0,0,0,2,0,6,2,1,0,1,1,1,14,1,0,1,3,0,1,1,0,0,0,1,4,130,53,45,0,1,0,0,9,2264,0,22,0,1,2,4,6,1,1,1,0,7,15,0,0,3,1,3,0,2,1280,3,140,2,12,0,5,11,0,11,4,16,1,118,0,12,0,0,2,6,33,4,3,0,0,3,0,0,49,0,6,3,0,41,170,62,15,89,48,0,3,1,1,2,9,0,0,11,0,6,8,0,0,0,5,1139,49,3,9,1,3,204,1,3,0,0,0,0,0,3,6,0,0,1,0,1,0,0,20,2,0,0,1,21,41,21,2,0,1,1,8,0,0,1,1,0,31,13,20,8,7,4,3,2,4,1,0,50,0,15,469,0,22,3,9,0,15,15,2,7,0,1,4,30
2021,"Hillingdon 031","E02000524",7527,2613,85,6,4,0,3,12,47,0,55,0,73,1607,0,3,3,0,1,4,4,7,1,4,59,13,2,3,0,470,13,31,0,64,0,0,11,10,0,15,3,281,111,0,1,10,0,0,10,0,6,1,0,7,5,0,0,0,0,22,1,1,1,0,0,67,19,2,7,0,0,0,8,2,154,11,0,22,4,92,0,0,0,0,1,21,0,0,2,1,285,1,5,0,1,5,0,5,1,1,1,2,2,1,1,0,0,1,0,0,0,1,9,0,3,2,0,0,0,0,0,0,0,0,0,2,2,0,18,6,0,0,4,0,0,0,0,2,0,4,2,77,56,60,0,0,0,0,10,3794,4,39,2,0,0,0,5,0,0,1,0,1,39,0,0,1,1,0,0,1,2511,0,204,0,4,1,3,9,1,44,2,14,0,93,0,23,1,2,0,22,47,2,12,0,11,6,3,1,64,6,0,1,0,59,204,103,27,163,5,0,10,0,2,0,7,1,0,12,0,17,0,0,0,0,3,400,21,1,1,0,0,105,0,0,0,0,1,1,0,0,0,1,0,0,0,1,1,2,12,12,1,0,0,18,6,9,1,0,0,0,6,0,2,0,2,0,12,6,13,4,5,4,6,3,1,5,12,8,0,2,70,0,0,3,1,0,4,7,3,0,1,0,0,26
2021,"Hillingdon 032","E02000525",10075,4976,217,19,0,5,1,16,110,3,45,5,99,3097,3,5,1,5,1,0,2,11,8,3,190,27,2,2,0,785,13,98,4,149,0,4,23,12,0,4,7,733,202,3,0,15,0,0,1,2,9,3,0,22,9,0,2,0,0,54,0,0,0,0,0,339,48,1,1,0,8,0,2,12,270,18,0,42,0,159,3,2,0,11,0,10,0,1,13,11,382,4,3,0,1,0,1,8,0,5,1,0,3,2,0,2,0,3,2,0,0,0,4,0,1,1,0,0,0,1,0,1,4,3,0,0,0,0,36,4,3,1,1,0,3,4,0,0,2,1,0,112,53,95,0,2,2,0,13,2818,1,13,0,1,1,1,2,1,1,0,0,6,17,0,0,11,0,6,2,0,1644,3,165,3,13,0,3,14,0,27,10,14,0,67,0,23,0,6,0,15,33,0,4,0,0,3,0,0,63,1,1,6,0,49,234,109,25,177,5,2,4,0,4,0,12,0,2,4,0,4,0,0,1,0,5,896,49,13,0,8,0,119,0,6,1,2,0,10,0,0,1,0,0,0,0,0,1,3,35,7,0,0,0,7,22,10,0,0,0,0,1,1,12,0,4,1,43,4,28,5,4,1,1,3,3,0,14,21,0,5,282,0,52,4,8,0,25,24,0,2,1,0,0,53
2021,"Hounslow 001","E02000526",8634,792,19,0,5,0,0,4,17,0,199,0,43,266,4,14,22,0,8,1,4,2,0,2,3,7,15,1,1,80,0,5,1,18,1,0,2,17,0,17,14,192,66,0,1,13,0,0,14,2,0,4,0,12,2,0,1,0,4,12,0,1,2,0,0,33,7,0,0,0,9,0,4,5,280,0,0,13,1,247,2,0,0,3,1,8,0,0,0,5,523,1,3,0,0,6,1,0,0,8,0,0,3,1,2,1,4,2,4,1,0,2,10,0,21,0,2,0,0,0,2,0,1,0,6,0,1,4,40,3,0,7,0,0,3,0,0,0,0,0,9,201,50,92,0,9,0,1,22,6435,0,5,0,0,4,6,85,4,1,6,1,34,19,3,3,7,4,7,8,18,4222,4,409,15,131,4,69,52,13,3,26,10,3,254,1,158,24,4,0,15,8,3,16,3,0,102,0,6,45,8,8,0,0,117,109,24,59,32,30,8,11,1,24,1,94,11,4,49,1,7,6,1,1,0,14,412,19,0,0,0,0,121,6,0,0,0,1,0,0,2,6,1,0,0,0,3,0,1,6,5,8,2,0,30,1,52,2,2,16,0,23,0,0,0,2,0,0,12,0,0,17,0,2,0,0,2,4,0,0,0,11,0,7,0,4,3,0,0,0,9,0,2,1,29
2021,"Hounslow 004","E02000529",9720,5713,578,8,17,1,1,29,97,0,40,6,59,3411,1,2,1,6,2,5,3,1,6,15,25,28,2,2,4,942,64,242,3,81,0,0,9,4,0,2,16,582,203,0,1,12,0,0,1,2,11,4,0,13,4,0,2,0,0,11,0,0,0,0,0,266,27,0,11,1,3,0,0,10,131,4,0,30,0,67,0,0,3,0,0,11,0,0,13,3,287,0,0,1,0,0,1,4,0,6,0,3,1,4,0,0,0,0,4,1,0,0,7,0,2,2,0,0,0,3,0,1,0,0,0,0,2,2,42,0,2,0,1,0,0,1,0,0,0,1,3,89,44,34,0,2,3,1,20,1624,1,15,0,1,0,0,2,1,0,0,8,0,14,0,0,1,0,0,0,1,850,0,129,0,4,0,5,3,0,4,8,4,0,78,0,5,1,2,0,9,21,1,0,0,0,2,0,0,40,1,0,2,0,29,198,18,38,88,4,7,0,0,6,2,8,1,1,0,0,4,1,0,0,0,6,1383,114,6,5,0,0,134,3,2,0,10,1,4,0,1,0,0,0,0,0,0,0,2,2,4,0,0,0,16,10,6,0,4,0,0,3,2,10,0,5,0,7,5,11,6,9,2,8,2,1,0,0,44,0,0,702,0,29,1,5,0,0,158,6,0,0,0,0,43
2021,"Hounslow 005","E02000530",8113,4062,458,9,5,1,2,11,88,0,32,2,38,2249,0,1,3,18,1,0,5,3,0,4,36,9,3,1,5,801,54,123,0,49,0,3,23,8,0,0,17,1063,259,2,0,7,0,0,6,0,8,5,4,42,4,0,0,0,0,18,1,0,6,0,0,576,94,0,6,4,12,0,4,5,216,6,0,57,0,99,2,0,2,0,2,15,1,0,19,13,325,0,2,0,1,1,0,9,0,1,0,0,0,4,0,6,0,0,5,0,0,0,1,0,3,5,0,0,0,1,0,1,0,6,0,2,5,0,24,4,2,1,0,0,1,0,0,0,0,1,1,77,88,63,0,1,0,1,8,1596,0,8,6,0,0,0,3,0,0,0,2,2,3,0,0,7,1,3,0,1,1061,2,70,0,3,0,1,3,0,61,1,7,0,31,0,5,0,10,3,0,15,0,0,0,0,2,1,0,19,2,0,3,0,23,122,22,9,50,4,0,2,0,1,0,9,1,0,3,0,6,4,0,0,0,4,851,88,11,5,1,0,98,0,4,0,0,0,2,0,1,0,0,0,0,0,1,0,0,0,5,0,1,1,4,15,7,0,0,0,0,4,1,5,0,1,1,0,9,19,0,6,1,0,4,2,2,3,44,0,5,400,0,66,0,0,0,1,6,0,1,0,0,2,24
2021,"Hounslow 006","E02000531",11589,1568,139,0,5,1,8,5,65,0,123,0,56,570,2,45,44,0,13,4,7,3,3,6,23,11,15,17,0,283,3,6,4,50,2,9,11,24,0,8,3,685,209,2,2,10,2,0,1,32,6,16,0,39,2,0,2,0,1,58,0,1,0,0,50,163,31,4,7,0,18,0,3,26,301,4,0,39,0,220,3,1,1,2,2,23,0,0,4,2,710,3,4,7,0,2,9,8,2,5,1,10,2,3,0,0,0,2,2,0,0,5,8,0,12,3,5,0,2,0,1,5,1,0,6,1,1,1,80,2,0,4,3,1,1,1,0,2,0,2,9,234,103,134,0,3,0,0,20,7637,1,17,5,1,9,44,42,6,2,3,8,16,52,1,1,8,0,10,5,9,4988,1,414,6,55,1,22,31,7,10,23,47,10,391,4,117,8,5,2,17,21,1,9,1,0,31,2,4,125,2,11,0,0,152,422,68,45,89,31,11,16,4,16,12,80,10,2,28,1,19,6,1,7,0,11,688,28,7,0,4,2,270,1,0,0,0,11,0,0,0,4,0,0,0,0,1,2,7,12,2,2,0,0,43,4,63,3,1,4,0,14,0,4,1,0,0,0,12,4,1,17,14,6,0,10,1,6,2,0,0,27,0,16,2,10,1,7,3,1,10,8,0,0,40
2021,"Hounslow 007","E02000532",8977,827,51,0,0,0,4,4,33,1,116,4,35,317,5,24,18,0,13,3,1,3,0,6,18,5,5,3,0,93,0,0,0,25,1,2,8,15,0,11,3,308,109,0,6,11,0,0,3,0,1,13,0,17,4,0,0,2,1,18,1,1,1,0,0,94,9,0,1,0,9,1,2,4,144,3,1,33,1,92,0,0,0,6,0,2,0,0,3,3,606,0,4,0,4,2,1,4,0,1,0,0,1,3,0,0,5,0,3,2,0,4,10,0,30,2,1,1,3,1,1,0,2,0,1,3,3,3,56,6,2,2,0,0,0,2,5,3,0,1,9,192,62,144,3,4,0,3,17,6630,1,23,2,8,1,15,71,3,4,5,11,18,129,0,1,3,0,1,10,19,4556,1,338,5,96,5,65,43,4,0,10,11,8,301,0,121,9,7,0,5,12,1,14,1,4,96,0,3,52,6,16,0,0,95,131,26,31,22,37,12,7,7,21,5,42,12,3,35,0,2,3,4,1,0,19,462,7,1,0,0,2,206,7,3,0,0,3,0,0,2,0,0,0,0,0,2,0,0,15,0,0,4,0,32,0,41,0,2,15,0,6,0,0,0,3,0,0,8,4,1,21,6,8,0,4,0,5,2,0,3,5,0,0,0,3,0,2,2,1,4,1,0,0,31
2021,"Hounslow 008","E02000533",8401,716,44,0,7,1,1,1,19,0,70,0,31,281,1,19,19,3,3,0,6,0,0,6,12,12,8,0,3,110,0,0,0,29,0,0,1,15,6,5,3,241,102,0,0,6,1,0,4,0,0,9,0,16,10,0,1,0,0,23,0,0,0,0,1,43,6,4,3,0,7,0,1,4,185,6,0,31,9,126,2,0,0,1,0,3,0,0,0,7,608,2,6,0,0,7,5,4,2,8,2,2,5,3,6,2,0,0,4,5,2,3,20,1,12,3,0,3,2,0,1,2,2,0,7,3,2,2,40,3,0,4,0,0,1,5,2,0,0,0,10,191,64,124,0,12,2,2,20,6229,0,13,1,0,1,10,77,2,3,3,3,12,21,0,0,7,0,5,12,24,4475,3,334,8,62,0,36,47,0,0,23,13,10,231,2,88,8,4,0,9,15,6,7,2,1,59,3,2,62,3,10,0,0,77,155,26,21,27,33,12,3,3,25,8,38,8,0,36,1,4,8,2,10,0,15,422,8,2,0,2,0,156,3,0,0,0,5,0,2,2,4,1,0,0,0,6,0,1,11,0,2,2,0,26,0,48,2,1,11,0,20,1,0,0,6,0,0,4,1,0,12,11,3,0,2,2,0,0,0,2,3,0,6,0,1,2,1,0,0,4,0,0,0,46
2021,"Hounslow 009","E02000534",8552,3131,96,6,5,0,2,8,38,0,79,3,49,1986,1,19,3,6,5,0,3,8,4,18,33,12,1,11,3,603,19,16,6,65,2,0,4,2,3,7,5,299,86,0,3,3,0,1,7,0,5,5,0,22,6,0,0,0,0,40,0,0,0,0,0,66,27,1,9,0,9,0,2,7,169,7,0,17,2,126,1,0,1,2,0,5,0,0,0,8,437,2,4,1,1,2,0,4,0,2,0,1,2,6,0,0,2,0,1,0,0,3,7,3,15,4,2,0,1,1,0,0,3,0,0,0,1,5,26,4,0,4,0,0,1,8,0,1,0,0,0,177,53,67,0,5,0,0,18,3867,0,27,0,1,0,11,17,1,2,1,0,7,59,3,1,4,0,8,0,2,2197,1,275,13,27,0,10,21,22,0,9,23,1,187,0,47,0,6,0,9,22,1,7,0,2,6,3,0,101,3,5,3,0,80,398,25,25,87,5,4,8,1,14,4,20,3,2,6,0,15,12,0,2,1,10,649,18,3,3,2,1,174,9,0,0,4,1,0,0,1,3,0,0,0,0,4,0,2,13,3,0,7,0,16,3,42,0,0,3,0,11,0,5,0,1,0,3,12,4,1,18,7,4,0,4,1,1,5,1,3,156,0,6,1,2,3,4,7,0,13,3,1,1,59
2021,"Hounslow 010","E02000535",10054,6608,335,30,15,5,0,46,136,0,43,3,43,4235,0,2,4,0,0,0,4,5,5,4,50,13,0,0,3,1202,48,195,1,126,0,1,19,6,0,4,25,280,63,0,0,7,0,0,0,0,0,7,0,5,1,0,4,0,0,63,0,0,5,0,0,77,41,0,1,0,1,0,1,4,109,2,0,23,0,76,0,0,1,0,0,2,0,0,2,3,259,1,6,0,3,3,0,3,0,0,0,0,4,3,0,0,4,2,0,3,0,1,1,0,1,0,0,0,0,0,0,1,0,0,0,1,5,0,31,0,0,0,1,0,0,2,0,0,0,0,3,103,34,29,0,1,0,0,13,1769,0,3,0,0,0,1,1,0,0,0,0,0,22,0,0,0,0,5,1,0,873,0,121,1,2,0,4,9,1,0,2,11,3,61,0,7,0,1,0,18,43,0,0,0,6,2,0,0,43,0,0,0,0,66,198,27,13,188,3,0,3,0,2,0,1,1,0,4,0,13,2,0,0,0,7,1029,65,3,2,1,2,84,0,5,0,0,1,1,1,1,2,0,0,0,0,2,1,1,4,10,1,0,0,7,16,14,3,0,0,0,0,0,9,0,0,0,27,9,5,2,16,4,4,3,4,0,1,44,0,2,604,0,2,0,1,1,13,10,1,0,0,0,0,40
2021,"Hounslow 011","E02000536",10843,6491,510,8,20,5,0,25,100,0,61,8,57,4036,3,10,2,2,0,6,0,2,7,20,105,26,2,11,0,1170,20,103,0,103,0,0,24,2,1,5,37,406,110,0,0,8,0,0,1,2,18,7,1,17,8,0,1,0,0,18,1,0,0,1,0,136,47,0,9,3,3,0,1,14,166,4,0,48,0,77,4,1,3,0,2,11,0,0,8,8,339,0,0,3,0,7,2,8,0,5,0,0,3,4,0,2,1,0,0,0,0,0,3,0,1,1,0,0,1,2,1,1,1,0,0,1,6,0,27,0,6,0,8,0,0,4,0,0,0,0,7,99,56,57,0,2,2,0,18,2358,0,13,0,4,0,1,3,1,4,1,0,0,24,0,2,0,1,8,0,1,1048,0,176,0,3,0,4,8,1,2,3,9,4,82,0,24,4,3,2,14,36,2,3,0,9,10,1,0,83,3,2,6,0,71,386,25,38,156,10,1,6,4,1,2,9,0,1,5,0,22,2,4,1,0,9,1083,67,1,2,0,9,178,0,1,0,0,0,4,0,0,0,0,0,0,0,0,0,4,2,4,1,0,0,11,28,25,0,0,0,2,64,0,5,0,1,0,7,9,15,1,19,3,8,1,7,0,7,40,0,9,442,0,24,2,2,2,7,12,0,5,2,0,0,50
2021,"Hounslow 012","E02000537",9839,5722,99,7,20,2,0,2,175,1,145,0,123,3852,4,5,13,6,3,0,0,19,1,25,133,14,3,1,4,832,13,38,11,116,1,3,20,16,0,2,13,200,65,1,1,3,0,0,0,0,1,3,0,10,2,0,1,0,3,17,0,0,0,0,0,50,2,5,4,0,4,0,2,26,95,1,1,11,2,69,0,1,0,1,0,7,0,0,0,2,367,3,5,0,0,5,0,4,2,0,0,1,1,4,0,0,0,3,1,1,0,3,2,0,4,2,1,0,0,1,0,1,0,1,1,0,0,1,19,0,1,1,0,0,1,3,0,1,0,0,5,198,44,36,0,0,1,0,10,2627,0,24,3,2,0,8,6,1,0,0,0,6,49,0,1,0,0,0,2,0,1032,2,219,2,16,3,8,26,5,7,10,15,1,64,0,25,1,1,0,13,21,1,2,2,8,0,4,1,87,3,6,0,0,93,429,20,64,219,6,2,7,4,8,0,29,4,0,7,0,30,4,1,0,0,13,828,29,1,1,1,0,210,3,0,4,0,2,0,0,1,6,0,0,0,0,2,0,2,8,12,0,1,0,24,15,27,0,0,0,1,15,2,1,0,6,0,25,2,6,6,3,9,2,4,3,3,2,36,0,21,216,0,3,0,2,2,5,11,1,3,0,0,0,89
2021,"Hounslow 013","E02000538",10120,6413,269,4,3,1,0,4,80,1,17,2,78,4294,0,2,0,10,0,1,2,9,4,6,166,24,4,5,0,1084,51,135,1,91,0,0,28,5,0,9,23,421,121,0,0,8,2,0,9,0,2,3,0,18,2,2,0,0,0,34,0,0,0,0,0,151,35,1,0,0,16,0,3,14,112,3,0,32,0,57,1,1,0,1,0,7,0,0,7,3,273,0,2,0,0,0,0,5,0,3,0,2,4,2,0,0,0,0,1,3,0,2,3,0,6,6,0,0,0,8,0,3,2,0,0,0,2,0,20,1,2,0,2,0,1,0,0,0,0,0,1,96,38,49,1,6,1,0,1,2022,0,15,0,4,0,0,1,0,0,0,0,0,11,0,1,0,0,0,0,0,974,1,142,0,0,3,2,3,2,5,3,9,2,30,0,13,0,2,0,7,24,0,1,0,6,0,0,0,85,2,0,1,0,57,304,54,41,165,13,0,2,0,4,0,12,3,0,5,0,8,2,0,1,0,2,879,60,6,3,0,4,133,0,2,0,1,0,1,1,2,0,0,1,0,0,0,3,2,4,2,0,0,0,9,24,6,0,0,0,5,12,1,2,0,0,0,25,14,17,9,6,6,3,0,7,1,8,71,0,12,361,0,9,0,3,1,2,4,0,1,0,0,0,35
2021,"Hounslow 014","E02000539",12215,2662,153,4,0,2,6,8,103,4,123,1,153,1275,4,25,11,1,5,0,7,21,8,15,19,25,9,11,1,515,0,2,0,65,1,1,30,19,0,20,15,620,173,0,8,11,0,0,12,3,3,4,0,50,6,0,2,1,1,52,0,0,3,0,1,178,73,1,5,7,13,0,9,4,291,10,0,60,0,163,1,1,1,3,0,14,4,0,7,27,895,1,1,0,1,8,0,7,4,3,0,0,6,12,3,2,2,1,8,4,1,4,15,21,13,4,1,1,0,23,2,3,3,1,4,0,3,4,55,3,2,0,0,2,0,2,0,1,0,1,6,247,118,221,1,17,1,2,50,7024,0,24,8,5,4,8,34,2,4,3,8,18,54,2,0,9,1,8,1,10,4826,7,298,9,22,2,31,36,11,6,18,45,3,256,1,75,2,12,1,12,23,0,14,2,3,24,0,4,117,10,6,1,0,87,447,37,26,87,19,10,20,0,30,5,46,7,1,29,6,32,30,5,3,1,16,723,28,2,0,0,3,321,0,1,0,1,3,1,0,3,2,0,0,1,0,0,2,7,16,12,8,23,0,16,4,50,0,2,6,1,21,0,4,0,2,0,3,6,5,5,10,14,5,2,1,2,0,0,0,6,39,0,4,0,4,2,5,11,2,11,3,1,1,41
2021,"Hounslow 015","E02000540",12117,4855,176,0,9,4,4,33,152,0,111,2,198,2997,1,19,8,1,6,1,5,9,5,50,156,20,19,4,5,634,7,22,1,113,3,1,10,29,3,17,20,624,214,2,0,13,0,0,4,0,15,18,5,34,8,0,0,2,1,42,3,3,4,0,2,171,46,6,2,1,14,1,1,12,329,13,0,57,0,217,4,0,6,0,0,8,1,0,12,11,627,1,1,3,5,2,0,1,1,4,0,3,1,1,0,2,0,0,0,2,3,0,24,1,10,4,1,4,3,1,0,1,3,5,0,2,3,16,38,3,3,2,1,0,3,0,0,0,0,0,10,200,118,99,0,9,0,1,32,4819,1,42,3,0,4,4,16,0,2,3,3,14,58,2,0,3,0,7,2,2,2765,5,287,0,18,1,22,34,14,22,2,19,2,174,0,43,7,6,0,25,24,3,2,0,11,8,6,3,120,9,4,10,0,80,496,48,50,206,17,6,8,0,5,2,28,2,2,11,0,28,6,1,1,0,10,863,44,3,5,3,2,276,1,0,1,3,4,3,0,2,1,0,0,0,0,2,0,0,15,34,0,1,7,37,24,24,2,0,3,0,17,0,14,0,0,0,56,3,15,2,9,20,0,5,8,0,2,3,0,26,74,0,19,5,1,2,3,6,0,14,1,0,2,59
2021,"Hounslow 016","E02000541",10615,6076,188,5,9,2,0,30,88,1,31,1,91,4197,1,2,4,0,0,0,2,5,1,3,251,18,5,0,2,786,13,130,7,150,0,0,27,6,1,6,13,566,156,1,4,12,0,1,2,3,1,2,0,44,8,0,2,0,0,46,0,0,4,0,0,203,46,2,3,3,11,0,6,6,157,4,0,46,0,75,0,0,1,2,0,12,0,0,15,2,301,0,1,3,0,2,3,8,0,1,0,2,3,1,0,2,0,0,0,4,0,3,4,1,3,1,0,0,0,0,0,0,1,0,1,0,0,0,14,2,2,0,3,0,1,1,0,0,0,5,2,100,55,57,1,1,0,0,13,2625,0,78,2,3,0,1,5,0,2,0,1,0,17,0,0,3,0,2,1,3,1413,4,145,1,4,2,2,12,1,9,2,17,0,41,1,18,0,7,0,4,24,0,3,0,3,0,0,0,91,1,0,5,0,57,389,17,26,172,3,0,4,0,1,1,13,0,0,0,0,4,3,0,0,0,7,890,32,4,3,1,8,177,1,1,0,0,0,0,1,3,0,0,0,0,0,5,1,0,4,18,0,0,0,7,29,11,2,1,0,3,15,0,5,0,4,1,62,5,30,2,9,4,5,0,5,0,21,31,0,3,243,0,39,23,2,4,3,16,0,5,0,0,2,39
2021,"Hounslow 017","E02000542",12292,7343,267,4,8,4,6,20,205,2,48,8,178,5057,0,15,3,0,0,0,5,11,3,26,184,20,6,9,0,933,9,68,11,148,2,0,40,10,0,13,20,596,180,2,1,19,0,0,12,1,11,4,1,40,6,1,0,0,0,34,0,2,0,1,1,182,49,8,5,1,8,0,10,17,215,5,0,51,2,138,0,0,0,0,2,4,0,0,5,8,490,5,7,3,0,4,3,12,4,7,3,9,1,4,1,4,0,0,1,1,0,2,0,0,0,0,1,2,1,1,0,3,0,2,2,0,0,3,63,5,0,1,0,0,1,8,0,2,0,3,4,129,74,92,1,1,0,1,19,2763,5,100,5,12,0,6,6,0,1,1,2,6,40,1,0,1,1,1,0,5,1252,3,269,1,4,3,7,23,2,10,6,18,2,66,0,17,1,2,0,32,31,0,1,0,3,3,0,0,51,0,0,2,5,51,319,34,30,225,7,3,9,4,6,3,11,1,0,14,2,26,1,0,2,0,8,885,50,3,6,7,5,175,0,1,1,1,0,0,1,5,0,1,0,0,2,4,1,11,10,25,2,0,0,7,29,8,1,1,1,0,34,2,9,0,5,0,25,11,11,7,15,8,1,6,4,3,16,37,0,18,221,0,16,0,1,5,6,8,1,6,0,0,0,51
2021,"Hounslow 018","E02000543",14013,7471,274,0,5,0,1,19,200,6,82,1,192,5233,4,11,8,9,4,0,3,16,0,26,274,18,6,1,2,763,12,52,1,172,0,4,26,8,3,16,19,549,169,1,3,9,0,0,3,0,0,5,1,27,10,0,5,0,6,30,0,1,4,1,0,165,55,6,5,6,20,0,7,10,181,5,0,36,0,122,1,1,0,2,2,2,0,0,6,4,527,1,1,0,3,3,2,6,1,5,0,0,5,5,1,3,0,0,3,2,0,0,6,0,6,1,1,0,0,1,0,2,2,3,0,0,6,3,54,2,2,0,0,0,2,0,0,1,0,0,1,167,88,96,0,3,2,1,36,4405,0,31,27,11,1,8,5,2,0,0,1,6,66,1,1,5,0,0,0,1,2117,1,346,1,15,4,17,26,7,17,7,18,3,87,0,57,2,3,1,16,51,0,5,1,8,5,3,1,132,1,3,0,0,132,598,33,33,340,18,5,7,6,1,3,23,0,0,8,1,53,7,1,0,1,14,880,29,3,6,2,0,236,5,3,4,1,1,7,1,1,4,0,0,0,0,7,1,0,29,15,3,0,0,20,45,18,1,2,1,0,31,3,20,1,0,3,23,9,18,3,9,11,3,8,12,2,6,15,0,12,143,0,14,1,3,1,6,13,0,7,1,0,0,57
2021,"Hounslow 019","E02000544",8560,3267,90,1,12,5,0,11,66,2,107,7,45,2005,0,7,1,2,2,0,3,3,2,10,54,6,7,1,4,588,15,35,0,116,0,0,36,2,1,3,18,203,70,0,0,1,0,4,1,0,1,3,0,17,1,0,1,0,0,38,0,0,0,0,0,37,7,0,7,0,10,0,2,3,115,4,0,17,0,79,0,1,3,2,0,4,0,0,5,0,346,1,1,0,4,0,4,4,0,4,0,2,3,2,1,1,0,2,3,1,0,1,3,0,1,2,2,0,0,2,0,0,1,1,1,0,0,1,35,0,0,3,0,0,1,0,0,1,0,0,4,125,45,53,0,6,2,2,21,4054,0,26,7,1,0,3,12,1,0,0,1,13,30,0,0,1,0,4,1,3,2478,0,221,1,9,5,7,9,10,0,5,5,3,148,0,16,0,9,0,15,36,1,0,0,2,7,0,0,29,5,1,4,0,75,417,30,25,289,8,4,11,0,2,13,11,3,0,10,0,16,8,0,0,0,3,575,20,5,3,3,1,140,0,0,0,0,6,6,0,0,4,0,0,0,0,2,0,0,9,2,6,1,0,4,7,39,0,1,3,3,11,1,2,0,0,0,9,7,7,3,24,5,5,3,3,1,0,8,0,15,104,1,6,3,9,1,6,31,1,12,2,0,0,30
2021,"Hounslow 020","E02000545",9233,1678,235,3,0,0,0,18,60,1,118,4,84,590,2,12,9,3,4,1,5,2,2,26,9,16,4,6,2,333,1,18,0,51,2,6,16,7,5,16,7,963,299,0,0,40,0,0,9,1,8,5,0,57,5,0,4,0,0,65,2,0,1,0,2,351,47,4,10,0,26,0,6,21,292,16,0,77,2,143,0,4,2,9,1,12,0,0,16,10,435,0,2,0,0,6,0,6,1,3,0,1,5,2,0,0,5,1,4,1,3,0,10,0,6,0,2,0,2,0,0,3,0,5,7,0,0,0,34,0,0,1,2,0,0,0,2,0,0,0,2,113,91,96,2,2,0,0,15,5302,1,33,5,6,2,9,23,1,7,1,9,17,40,3,4,8,1,3,7,6,3810,0,222,3,16,1,9,37,1,7,14,16,10,168,0,54,2,5,0,9,13,3,1,1,0,9,3,0,63,5,1,3,0,80,251,29,29,71,31,4,7,1,16,1,22,7,0,42,0,20,8,1,0,1,9,563,30,4,0,7,9,226,3,8,0,2,4,1,0,0,1,0,0,0,0,4,0,2,7,5,0,0,0,14,0,34,0,0,0,8,26,3,3,0,1,0,0,2,8,2,5,11,3,4,0,2,1,8,0,3,22,0,7,4,3,2,4,3,1,11,1,2,0,52
2021,"Hounslow 021","E02000546",10438,6164,290,5,13,2,0,15,174,4,63,7,117,3253,0,6,1,2,1,0,3,2,8,27,158,16,4,1,0,1658,11,53,3,195,0,1,41,4,8,1,17,409,158,0,1,9,0,0,2,0,3,6,0,26,1,0,6,0,1,41,0,0,0,0,0,98,34,2,4,0,2,1,5,9,201,5,0,33,0,115,10,0,4,1,0,3,0,18,4,8,340,0,2,2,0,0,0,4,0,2,0,0,1,5,0,0,0,0,0,1,0,0,1,0,4,1,0,0,0,4,0,0,0,8,1,0,0,0,38,2,4,1,0,0,1,2,0,0,1,2,1,134,46,52,0,0,3,0,17,2561,0,11,2,7,0,0,3,0,0,1,0,5,22,0,0,0,0,0,0,1,1197,1,182,5,4,2,3,12,3,25,11,12,1,107,0,17,0,5,0,18,64,0,1,0,5,0,2,0,115,0,0,0,0,93,297,15,39,186,2,3,5,5,1,5,19,0,0,14,0,16,5,0,0,0,12,763,39,2,2,6,1,159,2,1,0,1,4,2,1,5,5,1,0,0,0,5,0,1,11,4,3,2,0,15,22,12,2,1,0,0,6,1,4,0,2,0,23,3,33,5,1,7,7,7,11,22,2,32,1,11,199,2,0,0,0,0,7,26,0,1,0,0,1,40
2021,"Hounslow 022","E02000547",10994,4021,320,6,1,1,2,12,95,3,53,0,100,1968,0,8,2,6,6,0,1,14,0,14,548,17,6,0,3,599,18,71,3,102,0,0,9,11,0,15,7,585,222,5,0,11,0,1,4,5,9,5,2,55,2,0,6,1,1,73,0,0,4,1,4,131,16,0,1,0,10,0,8,8,330,6,0,146,0,113,5,3,3,3,1,11,0,5,24,10,434,3,2,0,3,1,1,7,0,4,0,0,2,0,0,0,0,1,1,0,1,1,3,0,1,0,0,0,0,1,0,3,0,1,0,1,5,3,55,6,0,1,3,0,0,1,0,0,0,2,6,112,99,96,0,2,1,0,5,4985,0,14,0,2,0,1,2,0,0,1,2,8,67,0,0,3,1,5,0,3,3677,1,167,0,5,1,6,12,0,6,3,12,1,65,0,13,1,1,5,21,40,0,1,1,0,10,1,0,72,6,7,2,0,118,283,92,24,172,3,2,11,1,3,0,13,0,0,5,0,8,1,0,1,0,2,639,35,6,0,1,0,131,0,3,0,3,0,2,0,4,2,0,0,0,0,0,1,2,13,32,2,0,0,9,8,5,0,0,0,1,17,0,5,0,0,0,95,6,15,2,13,3,5,1,2,3,15,5,0,6,121,0,0,6,0,2,4,9,2,14,0,2,0,26
2021,"Hounslow 023","E02000548",10566,2961,214,0,2,5,3,15,88,0,48,2,103,1331,1,5,3,0,1,0,4,21,5,13,339,13,0,39,0,529,5,34,2,82,0,6,12,5,0,22,9,767,251,8,0,30,0,0,6,6,3,11,1,35,7,0,0,0,0,66,0,1,2,0,6,234,63,0,8,0,15,0,5,9,231,5,0,81,0,119,0,0,0,2,1,14,0,0,5,4,423,0,2,1,0,0,0,5,1,2,0,2,2,3,0,0,0,0,3,0,0,4,5,0,3,0,4,1,0,1,0,0,3,2,2,0,2,0,31,6,0,2,4,0,1,4,0,0,0,0,1,124,62,106,1,6,2,0,25,5653,0,21,1,0,0,1,6,1,0,4,0,6,36,3,0,3,0,4,0,2,4150,3,160,0,2,6,5,8,0,18,3,23,4,59,0,21,1,14,0,24,40,0,0,1,4,3,0,0,136,5,1,1,3,72,481,56,43,149,7,3,9,2,3,4,9,4,2,5,0,6,3,4,0,0,8,531,33,5,4,4,0,140,1,4,0,2,0,0,0,1,0,2,0,0,0,7,0,3,14,15,0,0,0,14,4,13,1,0,1,2,3,0,3,1,0,2,50,7,14,3,11,3,7,0,5,0,1,0,0,4,65,0,17,1,2,0,4,17,1,6,0,0,0,34
2021,"Hounslow 024","E02000549",12540,4375,221,0,5,0,0,10,144,1,83,0,253,1945,1,27,8,1,3,11,1,4,9,11,586,14,5,2,0,803,8,21,4,139,0,0,20,7,7,13,8,465,182,1,1,9,0,3,8,0,4,12,0,49,1,0,2,1,1,41,0,0,0,1,0,77,12,4,1,0,19,1,25,10,213,12,0,44,0,132,0,1,0,4,0,10,0,0,6,4,543,0,1,0,3,0,3,7,0,2,0,5,3,2,1,0,0,1,0,2,0,2,4,0,6,0,0,2,0,0,3,0,0,2,2,0,1,0,57,2,2,0,0,3,2,0,0,0,0,1,4,157,93,139,0,4,0,2,25,6085,0,44,1,7,0,0,8,1,0,0,2,10,69,4,1,5,5,3,1,3,4334,0,255,0,5,2,9,7,3,9,6,18,0,124,0,38,0,19,0,18,46,0,2,0,1,4,1,0,100,4,3,8,10,86,353,79,35,224,23,2,20,1,7,2,23,1,1,2,0,19,5,0,2,0,10,859,35,11,0,3,2,267,6,0,0,6,3,9,1,1,1,0,0,0,0,6,1,4,14,27,0,2,0,15,18,37,4,0,1,0,12,0,4,1,0,0,91,5,20,3,22,8,2,3,4,0,2,7,0,11,97,0,0,0,8,3,12,9,0,8,0,3,2,48
2021,"Hounslow 025","E02000550",10713,3341,170,3,1,1,4,17,55,0,174,0,146,1822,1,8,5,0,4,0,1,1,1,19,275,13,3,3,2,403,6,31,0,105,2,0,8,10,3,38,6,744,293,3,0,35,4,0,12,0,3,4,0,32,10,0,6,0,2,74,0,0,3,0,0,176,30,1,10,0,22,0,15,9,270,7,0,68,0,150,2,6,5,1,0,11,0,0,11,9,430,1,5,1,1,3,0,9,2,3,0,3,4,3,0,0,0,0,2,1,2,3,4,0,8,1,0,0,0,2,0,0,0,0,1,0,2,0,48,1,1,0,1,0,0,1,0,0,0,0,4,94,91,110,0,5,0,0,13,5336,0,10,0,1,5,1,3,2,0,0,0,9,50,0,0,1,0,1,1,2,3911,1,182,0,9,3,5,21,2,14,17,20,1,107,0,30,0,13,0,14,35,0,1,1,4,4,2,0,106,11,0,2,0,75,304,71,40,142,16,0,18,2,7,2,19,1,0,10,0,14,4,1,1,0,7,592,21,4,1,1,1,187,0,1,0,2,3,4,0,0,0,0,0,0,0,5,0,5,16,26,0,2,0,16,11,12,0,0,0,0,17,0,15,0,0,1,41,23,10,3,16,6,1,0,9,0,6,0,0,6,42,0,10,0,1,0,7,27,1,3,0,1,2,26
2021,"Hounslow 026","E02000551",9744,2480,307,2,4,0,8,17,192,0,56,7,80,773,0,11,1,4,3,0,1,4,0,19,92,11,33,3,0,625,0,36,2,96,2,0,25,1,6,52,7,681,272,5,2,24,0,2,8,1,14,2,1,38,4,0,13,1,0,100,3,0,0,0,0,123,21,4,6,0,15,0,14,8,313,7,0,63,0,184,2,1,8,5,2,19,0,0,18,4,448,0,3,6,0,6,1,3,0,0,0,6,1,5,1,3,1,2,6,1,0,1,4,0,4,0,0,2,0,4,0,0,1,4,0,2,0,0,60,4,2,0,5,0,0,0,0,0,0,0,0,107,82,96,1,6,0,0,18,5272,0,24,0,3,0,2,1,0,0,0,0,7,34,0,0,14,1,4,1,0,3942,2,190,2,4,9,1,10,0,7,12,5,0,49,0,33,1,20,0,6,29,0,0,0,0,5,3,0,48,6,6,1,3,82,343,59,23,215,11,0,3,1,0,5,16,1,0,7,0,11,2,2,0,0,6,550,26,7,4,8,2,155,3,0,0,3,6,0,0,0,6,2,0,3,0,4,2,5,6,14,2,0,0,19,1,25,4,0,0,2,7,2,4,1,1,0,12,13,8,0,16,8,1,7,4,0,3,6,0,1,59,0,9,0,5,0,10,2,0,19,0,1,0,42
2021,"Hounslow 027","E02000552",9267,2152,107,3,3,3,0,7,61,0,105,1,117,956,1,12,4,2,6,1,0,9,0,28,171,19,10,6,5,366,9,12,0,60,0,0,13,16,3,21,15,487,268,1,0,13,0,0,4,0,7,12,0,27,3,0,0,0,1,62,0,1,5,0,0,28,4,4,2,0,8,0,27,10,238,2,1,42,1,159,0,1,1,2,0,22,0,0,4,3,605,1,2,0,1,1,0,5,0,2,0,2,0,3,0,2,2,2,1,2,0,0,5,0,0,0,3,0,3,1,0,0,0,5,5,0,4,1,71,4,3,0,0,3,1,4,0,0,0,1,4,170,136,131,2,3,0,1,18,5388,2,35,3,1,0,0,10,0,0,0,0,6,79,1,0,3,0,0,0,3,3855,1,176,0,8,0,17,9,3,20,17,10,5,74,0,27,1,4,0,17,38,2,0,4,0,7,1,0,99,5,5,3,0,88,486,41,29,109,12,3,4,2,2,0,14,3,0,22,1,10,1,0,1,0,9,397,21,4,0,2,3,77,0,4,0,2,5,5,0,0,4,0,0,1,0,1,0,0,8,20,0,2,0,16,11,29,0,1,2,0,5,0,6,1,5,0,40,3,7,3,3,3,0,1,1,0,5,1,0,7,8,0,0,0,2,1,5,4,0,11,3,1,5,48
2021,"Hounslow 028","E02000553",7113,1387,118,0,3,0,0,9,60,0,51,0,58,656,0,6,2,0,2,0,2,0,0,2,28,5,4,10,0,247,3,24,0,64,0,0,12,5,3,10,3,430,142,6,8,10,0,1,9,6,2,2,0,6,7,0,1,0,1,45,1,0,0,0,1,109,48,0,3,0,8,0,10,4,129,5,0,36,1,69,1,0,2,0,0,6,0,0,5,4,347,0,2,6,0,0,0,3,0,1,0,3,2,2,0,1,1,4,1,2,0,0,2,0,3,3,1,0,0,0,0,2,1,0,2,2,1,4,18,3,0,0,0,0,1,1,0,1,0,0,3,93,63,94,0,1,2,0,18,4344,0,16,1,0,0,0,6,0,0,0,1,4,32,0,0,0,1,5,3,0,3412,2,147,0,6,3,3,11,2,6,3,14,2,57,0,14,0,6,0,5,22,1,2,0,1,4,1,0,73,2,2,0,0,66,245,34,17,49,7,1,8,0,4,0,13,2,0,6,0,11,4,0,0,0,7,476,18,2,0,5,0,140,3,4,0,1,1,6,1,2,4,3,0,0,0,1,2,6,4,1,1,2,0,12,2,10,2,0,0,0,6,1,2,2,7,0,9,8,7,5,16,4,3,0,1,1,2,4,0,11,63,0,0,0,3,1,8,11,0,22,0,13,1,32
2021,"Islington 001","E02000554",9367,701,19,1,2,0,0,4,220,0,71,2,56,150,2,19,11,0,3,1,3,9,0,3,2,12,15,0,2,32,0,0,0,15,2,0,1,11,9,16,8,1018,372,3,0,44,0,4,39,2,51,28,2,74,3,1,0,0,2,113,1,1,0,0,6,239,10,0,0,6,5,5,2,5,785,14,5,126,0,565,7,2,6,11,3,24,0,0,15,7,761,3,5,1,0,3,0,9,3,10,0,3,14,4,1,0,1,2,5,4,4,5,19,10,21,0,4,0,4,6,0,3,5,2,4,1,2,0,60,3,0,0,2,0,2,1,0,1,3,0,5,131,108,243,2,11,1,2,28,5291,2,48,3,3,0,0,46,1,2,4,0,5,13,0,1,3,3,5,3,5,3339,0,301,7,55,2,33,58,40,4,19,14,0,349,0,123,26,35,14,7,11,1,14,4,0,46,3,4,19,0,17,6,0,81,75,107,52,27,17,1,8,4,4,3,50,7,2,108,16,3,7,0,0,2,19,811,0,15,0,9,5,163,0,0,0,0,4,3,1,1,0,0,0,1,0,3,2,0,13,5,3,18,0,79,0,32,3,0,14,0,93,0,20,1,2,11,0,11,2,3,10,5,4,0,9,0,8,0,0,1,1,0,11,6,12,2,0,0,0,161,20,5,1,38
2021,"Islington 002","E02000555",9571,736,17,0,0,0,0,1,228,2,111,0,47,168,2,11,17,0,22,0,5,7,0,0,1,3,6,13,1,32,0,0,0,16,1,0,1,8,6,7,3,768,187,4,0,32,0,1,51,5,64,18,2,68,3,0,1,0,2,111,0,1,1,0,4,164,25,0,0,0,17,2,0,5,565,5,1,101,2,375,8,8,2,6,1,27,3,0,11,15,664,2,0,0,0,7,1,5,2,3,1,4,5,2,1,1,3,2,3,3,3,2,11,1,36,1,3,3,4,0,0,3,0,0,0,1,0,2,49,4,0,0,3,4,1,1,0,5,0,0,8,137,102,190,2,3,0,0,40,6100,0,17,5,2,0,3,58,0,2,6,0,12,28,3,1,5,9,8,7,13,4024,1,320,6,70,0,40,72,50,3,25,15,3,393,6,153,75,14,8,9,14,0,12,1,1,43,0,3,38,6,9,9,0,67,49,43,47,21,25,2,9,3,10,7,66,7,1,108,14,2,3,0,2,0,12,738,10,15,4,6,2,155,2,0,0,0,16,1,1,4,6,8,0,1,0,4,0,6,15,2,2,26,0,81,2,24,4,1,41,0,75,0,13,1,2,8,1,13,3,2,1,2,0,0,0,0,1,0,0,0,1,0,2,5,2,3,0,1,1,94,32,2,0,34
2021,"Islington 003","E02000556",11388,1306,9,0,1,0,0,5,454,0,209,0,34,159,2,5,23,2,19,1,5,218,1,2,5,3,8,0,4,62,0,4,0,13,5,2,9,11,5,22,4,737,199,0,0,14,0,0,12,6,59,47,2,70,9,0,0,2,0,94,1,0,2,1,3,175,11,4,2,0,6,0,2,16,698,6,0,85,2,536,5,0,1,15,6,19,2,0,1,20,822,4,4,9,0,4,3,7,0,13,0,1,10,1,3,1,4,2,3,1,1,4,16,2,31,0,15,1,3,6,2,7,9,0,3,4,1,1,61,7,0,0,1,0,6,0,1,3,1,2,9,183,114,213,4,4,1,3,33,7027,0,40,2,9,0,1,62,5,1,7,0,11,30,0,0,4,8,4,9,12,4444,3,443,8,88,0,56,116,40,14,31,32,0,467,0,185,62,4,5,9,18,5,25,1,2,90,2,3,64,1,16,1,0,90,83,48,46,47,28,8,7,0,9,5,90,18,8,69,9,6,7,0,3,0,6,798,0,5,4,5,0,150,0,0,0,0,6,2,0,4,3,3,0,6,0,2,1,2,23,0,4,27,0,96,0,13,2,2,39,0,59,0,107,2,1,7,0,29,3,2,0,6,5,0,0,0,2,1,0,2,1,0,29,0,16,1,0,0,0,71,21,1,6,27
2021,"Islington 004","E02000557",8776,723,6,0,0,0,2,5,146,0,145,0,48,187,0,10,22,0,12,1,4,10,1,0,4,7,2,2,2,37,1,0,0,25,4,0,11,12,4,11,2,659,164,2,0,19,0,0,13,2,54,25,0,43,7,0,1,0,0,79,1,1,0,0,1,194,18,0,2,1,10,0,4,18,493,9,0,92,0,328,21,0,0,7,1,19,0,0,5,11,835,2,1,0,0,3,0,3,1,6,0,5,8,8,2,0,3,0,7,8,0,0,15,0,64,1,1,0,1,2,0,4,1,0,0,3,0,4,65,7,0,1,0,1,3,0,0,4,1,0,10,158,213,181,0,3,0,0,35,5548,0,27,2,2,3,2,37,6,4,5,0,10,7,1,0,3,2,4,5,8,3487,3,320,16,69,0,41,64,34,7,20,41,9,394,7,181,33,10,6,4,11,0,22,4,0,39,0,4,65,3,16,3,0,104,65,35,34,43,31,13,9,0,9,3,64,11,4,50,4,8,10,1,2,0,7,518,6,10,0,6,3,108,0,0,0,0,4,1,0,2,0,3,0,6,1,1,1,0,13,7,7,17,0,56,2,19,3,2,17,0,42,0,8,0,8,8,0,13,3,2,2,3,0,0,0,0,1,0,0,1,0,0,11,0,5,2,0,5,0,55,16,1,0,37
2021,"Islington 005","E02000558",9440,1095,19,1,0,0,0,2,483,1,187,0,55,93,3,12,16,0,5,9,2,57,2,2,5,8,4,6,5,55,0,0,0,12,1,0,3,5,9,28,5,1806,444,6,0,53,2,4,108,3,114,68,1,86,6,0,2,1,6,150,0,0,1,0,3,634,63,0,18,0,14,0,0,19,794,21,0,151,1,501,3,0,1,19,4,31,9,0,26,27,686,5,0,2,0,3,0,9,5,7,0,6,11,4,1,0,3,0,2,3,2,0,21,4,29,3,3,1,2,1,1,4,4,0,2,0,2,0,38,4,0,5,1,1,12,1,4,8,2,0,6,97,122,202,3,4,0,2,34,3981,0,51,4,2,2,2,13,1,0,2,0,7,22,3,1,4,4,7,0,9,2319,2,210,8,42,2,28,35,20,11,33,14,4,235,0,119,18,37,17,8,16,3,9,0,0,34,0,2,33,4,14,9,0,81,46,35,66,25,15,7,5,0,5,8,71,5,5,142,16,8,7,1,2,0,11,1078,1,18,0,4,1,203,0,0,0,5,2,0,6,3,7,9,0,11,0,0,1,1,15,5,4,24,0,129,0,14,2,0,15,0,147,1,29,2,4,3,1,16,6,0,2,16,0,0,6,0,6,0,0,0,0,0,66,1,23,4,0,0,1,176,35,0,2,51
2021,"Islington 006","E02000559",9588,774,3,0,1,1,0,1,227,0,135,0,27,149,1,8,26,0,14,2,4,59,0,0,1,6,4,0,0,53,0,0,0,16,0,0,0,4,15,12,5,959,180,1,0,15,1,1,17,1,35,16,3,31,7,0,2,0,3,63,2,0,0,0,2,520,33,0,0,0,9,0,8,9,398,14,0,79,0,278,0,0,0,6,1,7,1,0,1,11,669,1,2,0,4,4,0,14,0,6,1,1,3,3,4,4,4,0,4,5,4,1,14,1,17,2,8,2,2,3,0,5,0,0,0,0,1,1,45,2,0,2,0,0,6,0,0,3,1,1,6,221,79,153,5,3,4,3,14,6226,1,16,3,1,0,2,110,0,1,1,1,11,4,3,1,2,5,6,8,16,4191,4,343,12,120,0,50,45,23,6,25,16,1,362,1,174,45,5,8,5,3,1,22,2,0,69,0,6,31,7,12,1,0,125,37,32,31,21,26,3,3,0,10,6,61,12,6,54,4,4,3,0,0,0,6,562,0,19,0,0,0,71,0,0,0,3,2,0,1,2,8,6,0,5,0,1,1,0,28,1,1,9,0,182,1,10,2,0,33,0,14,0,6,4,1,2,0,11,2,0,6,10,0,0,0,1,0,0,0,0,0,0,13,3,0,1,0,4,0,53,18,0,0,27
2021,"Islington 007","E02000560",7357,727,15,0,0,0,0,4,132,0,224,0,32,151,5,2,11,0,12,3,7,9,0,1,3,3,2,2,3,54,0,0,0,12,4,2,4,9,1,14,6,527,151,4,0,10,0,2,12,0,33,37,1,27,3,0,8,1,0,55,0,0,1,0,4,131,12,2,6,1,2,1,6,17,344,9,0,76,2,218,0,1,0,6,0,13,3,0,8,8,550,0,1,3,0,2,0,5,1,5,0,2,4,2,0,1,2,2,2,0,5,3,11,2,27,0,2,1,0,2,2,1,2,1,3,0,0,1,51,2,2,0,0,0,5,0,0,7,1,1,6,129,78,145,1,6,2,0,19,4604,0,12,1,1,2,0,53,3,0,6,0,12,27,0,0,2,0,6,6,9,2752,2,292,8,89,1,40,67,28,0,27,33,0,253,2,186,21,10,3,5,8,4,8,1,0,44,0,9,42,2,11,0,0,92,75,37,62,43,27,6,6,1,5,0,84,17,3,40,2,1,5,2,0,0,8,605,2,2,0,3,0,116,0,0,1,0,3,6,0,0,2,5,0,2,0,2,3,0,31,1,5,25,0,106,1,8,4,3,17,0,36,0,12,1,0,2,0,9,0,3,8,6,2,0,8,3,0,0,0,4,0,0,11,0,18,0,0,0,0,89,6,0,0,39
2021,"Islington 008","E02000561",7384,435,8,0,0,0,0,3,20,0,159,0,18,120,4,11,12,0,7,1,6,2,1,3,0,0,1,1,2,21,0,0,1,8,1,0,2,4,1,16,2,368,76,1,0,1,0,0,9,0,17,13,1,18,0,0,0,1,2,32,0,0,0,0,1,172,15,1,0,0,0,1,6,1,254,4,0,28,1,196,1,0,0,11,1,6,2,0,0,4,580,2,4,0,0,2,2,3,1,3,24,0,3,21,0,3,5,0,2,1,4,1,16,0,21,0,1,1,8,1,3,4,5,0,3,2,0,0,44,1,0,4,0,0,2,0,0,2,0,1,7,164,46,126,2,10,1,2,22,5404,0,4,1,2,2,1,42,5,0,13,2,3,13,1,1,1,5,9,11,9,3720,1,332,23,88,1,51,41,26,4,20,24,1,270,2,110,57,4,2,4,9,0,11,1,0,62,0,3,27,4,19,0,0,83,48,22,21,21,38,3,9,2,3,2,52,10,4,17,3,5,4,5,0,0,10,343,2,1,0,0,4,55,0,0,0,0,2,0,0,4,2,3,0,4,0,3,0,2,19,1,4,15,0,67,0,13,1,2,53,0,11,0,3,1,0,0,0,4,0,0,9,5,0,0,0,0,0,0,0,0,0,0,0,0,3,0,0,0,0,26,0,1,0,23
2021,"Islington 009","E02000562",7860,670,14,0,0,1,1,4,236,0,101,4,18,126,0,6,17,0,18,0,5,1,1,0,6,3,6,2,3,25,0,0,0,18,2,1,1,4,30,13,3,572,166,2,0,11,0,0,24,1,33,21,1,29,4,0,2,0,1,99,0,0,0,0,5,131,8,4,7,0,9,0,1,13,373,5,0,83,1,257,0,0,0,5,1,7,0,0,1,13,558,1,2,1,0,2,0,4,3,1,1,0,2,4,0,1,0,1,5,3,7,12,6,1,18,1,1,0,13,0,0,8,2,0,0,2,0,3,35,2,0,2,1,0,3,0,1,2,2,0,3,159,79,123,0,6,2,0,33,5124,0,18,1,1,0,5,87,5,0,6,3,8,12,1,1,15,1,4,9,10,3470,0,300,11,74,1,32,34,7,11,26,10,1,302,2,88,25,1,9,3,4,0,14,0,0,63,0,3,22,2,16,0,0,97,43,25,17,11,19,3,1,0,14,9,51,12,13,60,5,6,5,0,0,0,15,563,0,3,0,1,7,103,1,0,1,2,0,2,0,2,3,0,0,5,0,1,1,5,11,2,1,8,0,49,2,22,2,2,29,0,84,0,2,1,8,0,0,9,1,0,6,5,1,0,0,1,0,0,0,4,16,0,7,1,11,1,0,0,0,102,22,0,0,16
2021,"Islington 010","E02000563",8689,764,6,0,0,0,0,2,266,0,127,0,44,150,4,12,23,0,6,0,3,3,1,0,7,6,5,7,0,37,1,0,0,13,4,4,4,3,9,9,8,829,249,12,0,28,2,1,26,2,64,31,0,42,5,1,6,0,0,100,0,0,4,0,9,181,25,2,1,0,17,1,2,18,551,21,0,105,0,360,1,0,1,30,3,13,1,0,4,12,750,5,2,2,3,2,1,4,1,11,2,6,14,7,1,0,1,0,1,0,3,2,11,4,29,1,4,0,12,2,0,1,6,0,7,1,3,4,59,1,0,0,2,0,1,1,0,4,2,0,10,142,95,240,0,9,0,1,30,4969,0,27,1,4,1,1,25,2,0,2,0,16,16,0,2,1,6,6,2,7,3147,1,321,6,73,6,40,50,19,8,32,28,3,238,0,139,22,10,17,6,16,1,20,1,0,38,1,1,41,3,12,4,0,71,71,39,67,40,17,6,7,3,10,2,85,10,6,79,3,8,4,2,3,0,13,826,1,15,0,4,5,154,3,0,0,0,5,3,1,1,1,4,0,1,0,3,0,7,16,3,2,15,0,125,4,32,3,0,21,0,76,1,3,1,7,5,0,35,1,1,7,3,4,4,0,0,7,0,0,2,2,0,23,0,12,6,0,1,1,129,20,0,3,43
2021,"Islington 011","E02000564",12418,1711,28,0,2,1,0,1,364,0,510,0,172,309,3,11,24,0,34,8,15,10,1,1,5,9,2,4,8,67,1,1,1,33,16,2,3,16,6,35,8,885,243,1,5,20,3,1,27,1,59,34,3,47,4,0,3,1,1,130,1,2,4,4,0,225,19,4,8,1,7,1,13,13,537,10,1,84,0,368,2,1,0,12,0,28,3,0,11,17,963,3,2,0,1,5,1,9,4,8,1,4,3,9,0,0,3,4,12,3,1,3,20,0,39,5,1,3,4,0,0,6,8,0,1,0,2,3,77,4,0,4,1,0,8,2,3,3,3,2,11,273,115,215,4,14,3,1,52,7530,1,39,9,1,4,1,99,8,2,8,3,15,22,1,0,5,12,1,9,14,4542,1,515,9,148,1,60,134,37,5,86,29,10,412,3,229,47,14,8,6,13,2,19,1,1,86,1,8,64,4,13,1,0,139,83,72,65,39,51,7,12,5,10,7,113,25,7,89,12,12,1,3,0,1,14,792,1,13,1,4,1,164,4,0,4,1,4,1,0,0,6,2,0,1,0,5,0,1,25,23,6,25,0,113,1,45,8,1,29,0,40,0,12,3,1,2,0,15,2,3,11,14,4,0,1,0,2,0,0,0,5,0,3,0,15,3,1,1,0,95,18,2,0,50
2021,"Islington 012","E02000565",8548,632,21,0,0,0,0,5,269,0,76,1,33,100,0,11,12,0,9,5,3,0,0,0,2,1,3,2,3,26,0,0,0,11,2,2,4,3,19,4,5,1125,274,10,1,39,0,0,203,3,135,34,5,47,5,0,1,0,1,162,0,0,0,6,0,157,19,1,2,0,4,0,1,15,530,16,1,147,0,331,5,0,0,7,0,13,1,0,2,7,648,0,1,1,0,2,2,7,0,7,0,0,9,8,0,0,3,2,2,3,2,2,21,1,58,0,4,0,4,3,2,8,5,0,4,1,0,1,46,1,0,2,1,0,5,2,1,1,4,0,5,120,97,167,0,2,1,3,27,4932,3,52,5,0,1,0,85,5,2,3,0,7,10,3,0,7,5,1,14,6,3247,2,309,2,63,3,32,73,15,9,12,11,5,233,0,116,17,6,6,2,14,2,6,0,0,45,5,3,29,1,12,0,0,76,57,37,25,11,18,5,1,2,6,0,51,11,7,109,18,1,3,0,0,0,5,681,4,6,0,3,0,122,1,0,0,2,1,0,3,1,1,5,0,3,0,0,0,1,13,1,2,12,0,87,0,10,0,1,16,0,75,0,4,0,0,5,0,16,2,0,11,4,3,0,7,2,0,0,0,1,0,0,21,0,42,4,0,1,1,122,22,0,0,43
2021,"Islington 013","E02000566",8560,638,8,1,0,0,0,1,156,0,145,0,22,178,0,3,17,0,23,0,6,1,0,0,3,4,2,0,4,26,0,0,2,9,0,3,0,4,0,15,5,405,125,1,2,7,0,0,10,0,24,8,0,28,1,0,3,0,0,51,0,0,1,0,5,111,13,1,1,0,0,2,4,7,271,1,0,42,3,197,2,0,1,5,5,14,0,0,0,1,638,1,0,0,0,12,0,6,0,9,0,3,4,0,0,0,4,0,3,1,5,0,15,1,19,1,4,2,4,0,0,0,2,0,2,1,0,4,54,6,0,1,2,3,1,3,0,6,0,2,9,215,61,135,0,4,0,0,33,6192,0,12,2,0,2,0,157,7,1,6,0,9,3,1,2,4,3,5,1,13,4068,2,378,1,307,0,58,54,22,0,19,7,1,272,0,134,40,4,5,2,8,0,20,3,0,114,0,2,24,1,28,1,0,87,36,25,31,16,20,3,7,0,14,4,63,11,1,48,4,5,4,0,0,0,10,416,0,0,0,0,1,69,0,0,1,0,0,0,0,1,3,3,0,7,1,0,1,3,13,3,0,10,0,48,1,15,2,0,48,0,30,0,3,2,0,0,0,4,0,1,3,5,2,0,0,0,0,0,0,0,0,0,14,0,7,3,0,2,0,57,18,2,0,33
2021,"Islington 014","E02000567",10434,679,11,0,1,0,0,2,196,0,123,0,8,164,0,9,25,0,11,5,2,3,0,0,3,3,8,0,4,33,0,1,0,25,3,2,2,10,6,17,2,532,138,0,0,26,1,2,17,0,45,11,3,43,5,0,0,1,0,74,0,2,1,0,3,119,14,0,4,1,6,0,2,14,560,15,1,90,7,396,3,1,2,18,4,10,2,0,2,9,826,3,1,0,1,2,1,16,1,11,1,6,5,3,1,0,3,0,3,3,0,1,16,3,23,2,2,2,2,1,3,8,10,0,3,0,1,6,67,0,0,3,0,2,3,1,4,12,2,0,16,177,91,242,0,12,0,1,49,7234,0,24,0,0,1,2,184,6,3,13,2,10,18,0,2,4,1,19,21,29,4822,0,362,4,146,3,82,77,20,4,33,9,1,386,6,156,26,9,5,4,14,3,20,0,0,103,0,3,33,2,20,0,0,104,58,29,31,16,10,3,1,2,18,4,85,59,6,75,11,4,5,0,6,0,15,603,0,4,1,5,1,95,1,0,0,1,0,0,1,0,2,6,0,3,0,0,0,3,27,4,3,10,0,96,0,28,7,2,18,0,33,0,5,2,7,3,0,7,0,1,2,4,2,0,0,4,1,0,0,0,0,0,13,0,15,4,2,0,0,102,20,0,4,54
2021,"Islington 015","E02000568",11339,1508,29,0,0,0,0,4,401,3,413,0,93,238,7,43,24,0,23,2,15,9,0,2,5,5,6,1,10,71,1,1,0,14,8,5,7,16,7,37,8,1118,337,13,8,31,1,7,36,3,81,27,0,54,6,0,1,0,1,126,1,0,2,0,20,308,14,1,8,0,8,0,5,19,672,11,2,130,2,436,6,0,2,17,2,38,1,0,10,15,942,1,3,0,0,8,7,9,1,8,1,1,6,1,0,0,4,0,4,2,2,2,12,0,113,0,2,0,0,3,1,6,7,1,2,1,1,1,73,4,1,20,0,2,4,0,3,5,2,1,6,146,142,268,0,4,4,3,44,6210,3,50,1,6,5,1,65,7,5,9,1,11,17,3,0,7,6,4,6,13,3884,2,353,4,94,6,47,73,34,7,35,18,3,321,0,169,17,30,7,5,26,3,13,4,0,48,0,3,47,3,8,9,0,91,90,55,79,31,28,4,7,1,13,7,94,8,2,114,56,6,4,0,0,1,26,889,2,3,0,2,8,268,3,0,2,2,1,1,1,0,1,4,0,3,0,0,0,4,13,6,6,9,0,118,0,22,3,1,1,0,77,0,9,0,7,6,0,16,11,4,12,6,1,0,2,0,2,0,0,0,0,0,19,0,12,0,2,4,0,144,15,6,1,49
2021,"Islington 016","E02000569",9938,818,7,0,2,0,0,6,258,0,169,2,33,166,3,10,17,0,8,1,10,1,0,5,2,5,4,0,5,39,1,1,0,15,4,9,1,11,9,8,6,639,196,1,1,19,0,0,32,3,60,28,3,68,6,0,0,0,0,75,0,1,1,0,6,99,6,0,12,1,11,0,1,9,488,10,0,102,4,318,6,0,0,8,2,16,1,0,13,8,756,2,1,1,1,2,0,7,2,6,2,3,11,6,1,0,1,0,7,1,2,2,11,3,29,4,3,0,4,2,3,6,5,0,3,1,0,2,41,4,0,3,0,1,3,0,5,5,4,0,8,160,90,241,0,8,1,0,48,6536,0,26,3,1,4,1,149,3,2,8,3,12,20,3,0,5,1,5,2,24,4387,2,387,1,143,1,59,53,15,5,17,15,1,316,4,132,33,10,13,0,5,2,18,0,0,107,1,1,27,1,20,5,0,85,40,34,26,16,29,6,4,0,16,6,52,10,7,104,17,7,4,0,1,0,19,701,0,7,0,3,4,126,1,2,2,1,1,4,0,0,4,4,0,1,0,0,0,0,11,4,2,13,0,67,1,22,1,1,24,0,139,0,3,0,6,6,0,10,5,0,11,8,1,0,1,0,3,1,0,0,1,0,14,0,22,1,0,1,0,101,29,1,0,31
2021,"Islington 017","E02000570",8289,488,5,1,0,0,0,1,60,0,138,0,9,151,2,2,13,0,9,1,6,3,1,4,5,4,2,1,0,30,0,0,0,10,3,0,4,11,1,6,5,253,89,0,0,5,0,0,4,0,15,10,0,37,6,0,0,0,0,26,0,0,0,0,4,31,6,2,2,5,1,0,3,7,252,0,0,45,1,171,5,1,2,11,0,7,2,0,2,5,630,1,0,0,0,5,0,7,0,7,0,4,3,3,1,1,5,0,5,0,1,4,11,2,38,1,4,0,0,0,0,4,2,0,1,0,0,2,29,6,0,34,1,0,1,3,1,0,0,0,9,168,49,170,2,13,1,0,31,6341,2,14,0,0,2,5,153,4,0,13,1,7,14,2,0,2,3,5,11,20,4402,1,319,6,129,0,65,82,11,5,21,15,2,300,3,127,48,6,3,5,4,2,18,4,0,136,0,6,31,3,14,0,0,68,24,9,26,13,21,3,4,0,19,1,62,16,6,25,0,3,4,1,1,0,9,325,5,6,0,0,0,80,7,0,0,0,0,0,0,2,0,0,0,0,0,0,1,1,11,5,3,8,0,48,1,14,4,3,19,0,14,0,0,1,2,1,0,1,0,1,8,3,1,2,1,0,0,0,0,2,0,0,1,0,4,1,0,5,0,28,6,1,0,24
2021,"Islington 018","E02000571",8923,722,10,0,0,0,0,0,237,1,158,0,31,145,2,11,14,0,7,6,3,2,0,1,0,5,3,0,6,17,1,0,0,14,4,0,6,4,1,31,2,669,240,4,0,17,1,1,14,2,43,22,12,32,0,0,1,1,1,65,1,0,2,3,0,168,18,1,5,0,5,0,0,10,374,17,0,78,0,254,2,0,0,5,1,9,5,0,0,3,686,5,3,5,0,4,1,3,2,7,1,1,5,5,1,1,10,3,3,1,2,7,16,0,15,1,1,0,1,0,1,8,0,0,8,4,0,3,46,13,0,2,0,0,1,0,0,5,1,0,10,169,120,162,2,4,0,0,23,5969,0,166,0,6,3,0,110,11,1,7,1,12,19,3,0,1,1,2,8,13,3666,1,361,4,186,3,43,51,17,3,134,6,3,272,2,111,24,8,2,7,2,2,12,2,0,81,3,6,36,1,24,1,0,104,48,34,33,25,20,3,4,1,15,4,67,48,20,81,8,4,1,0,0,1,10,503,4,10,1,6,7,91,3,0,0,0,4,2,0,2,0,2,0,0,0,2,0,4,13,0,3,5,0,80,1,6,0,0,13,0,35,1,2,0,1,5,0,6,1,0,7,5,5,0,0,1,3,0,0,1,0,0,9,0,19,5,0,0,0,90,11,4,0,33
2021,"Islington 019","E02000572",8602,1340,10,0,0,0,2,2,705,0,287,0,36,105,4,5,13,0,19,0,4,5,1,2,3,5,1,0,5,38,0,0,0,9,8,1,3,7,11,41,8,994,263,2,0,26,6,4,34,4,65,65,1,61,14,2,2,1,1,121,0,1,1,0,11,246,25,3,5,0,11,0,6,13,564,17,2,114,4,366,5,1,0,5,2,22,1,0,7,18,665,1,0,2,0,2,1,5,1,7,2,2,6,1,1,3,3,4,1,2,0,2,10,1,74,1,1,2,1,3,2,0,3,1,0,3,0,2,69,1,0,13,5,0,4,1,0,6,5,0,8,109,122,147,2,4,0,0,19,4272,1,39,3,0,1,4,47,2,2,19,2,3,12,1,1,5,3,5,4,8,2600,1,202,23,90,1,35,60,19,0,12,22,9,209,0,98,4,30,7,1,9,2,6,0,0,39,0,5,37,4,5,0,0,89,36,39,33,140,16,3,2,2,38,5,51,4,4,88,12,3,7,0,0,0,8,767,11,10,0,8,1,149,0,0,2,0,0,4,0,0,5,11,0,5,1,1,1,4,6,0,4,10,0,130,0,13,1,1,7,6,72,0,0,0,5,4,0,18,5,2,5,9,5,0,1,1,3,0,0,4,0,0,36,1,5,4,0,0,0,123,16,2,4,51
2021,"Islington 020","E02000573",10318,1105,3,3,0,0,0,1,319,0,280,0,32,227,8,7,43,5,24,0,1,3,0,2,0,1,11,1,2,41,2,0,1,17,11,0,5,9,5,31,10,556,153,1,1,5,0,3,10,1,34,10,1,25,2,0,1,0,0,64,1,0,0,0,2,204,26,1,0,0,2,0,1,8,292,3,0,52,2,204,1,1,0,10,1,12,1,0,0,5,679,0,0,1,0,3,16,3,0,3,0,6,6,1,1,2,5,0,9,2,0,2,12,2,23,0,1,0,2,3,1,4,5,0,1,1,1,2,62,7,0,2,0,0,3,0,0,0,0,0,8,203,63,160,3,9,3,3,35,7228,0,45,2,1,4,1,159,12,4,14,2,18,18,2,0,2,5,9,11,33,4672,7,395,7,223,2,66,87,20,0,40,20,5,306,3,196,45,1,4,5,13,4,18,6,0,155,1,6,35,3,21,0,0,118,46,23,31,22,38,4,1,3,25,3,84,28,8,54,2,9,2,0,3,0,16,458,2,2,0,8,0,70,0,2,0,1,0,1,2,0,0,5,0,2,0,0,0,1,16,1,1,5,0,83,3,17,1,4,13,0,26,0,5,0,1,3,0,12,1,0,8,9,1,0,0,0,0,0,0,0,8,1,1,0,9,1,0,0,0,54,18,0,0,60
2021,"Islington 021","E02000574",7828,1066,9,1,1,0,0,2,176,0,392,0,35,205,14,5,25,1,35,0,8,2,1,6,3,2,8,2,6,55,0,0,0,19,6,2,3,5,5,21,11,490,152,0,0,8,1,0,33,1,31,28,0,14,6,0,0,0,1,77,0,0,0,0,0,98,10,3,4,1,7,2,5,8,253,5,0,60,3,155,5,2,1,6,0,6,2,0,4,4,541,3,0,0,0,3,1,4,1,7,0,1,1,0,3,2,3,0,3,6,0,4,8,1,10,0,3,1,2,1,1,3,1,0,1,1,0,2,42,2,0,0,42,0,0,0,0,2,1,0,9,143,73,116,0,8,0,0,26,5036,1,6,1,6,2,3,75,6,1,11,4,11,15,2,0,6,6,3,9,18,3088,0,286,6,170,0,74,79,18,0,21,9,4,284,0,139,22,1,3,3,6,1,13,2,0,92,0,6,30,2,11,6,0,75,47,29,31,33,41,4,10,1,11,5,82,14,13,53,7,8,4,0,2,0,4,442,3,4,1,0,5,94,0,0,1,0,1,0,0,0,6,2,0,2,1,5,0,1,10,3,5,4,0,59,2,22,5,2,15,0,36,0,0,2,2,0,0,25,0,0,14,6,3,0,0,2,0,0,0,0,0,0,10,0,1,2,0,0,0,54,8,0,0,24
2021,"Islington 022","E02000575",11327,1512,29,0,0,0,0,0,196,2,541,0,47,330,7,37,42,3,39,0,17,1,2,3,3,8,12,0,6,91,0,2,0,27,13,3,8,12,8,18,5,812,254,6,0,28,0,0,21,0,43,53,3,43,6,0,4,1,7,101,0,1,1,0,1,189,18,5,1,0,1,1,8,16,353,11,0,79,5,224,1,1,0,11,0,9,0,0,4,8,702,0,0,2,0,3,0,14,2,7,0,3,4,3,0,2,8,1,5,1,2,3,9,3,27,0,3,0,5,2,5,1,3,0,2,1,0,1,58,3,0,4,3,0,4,2,3,10,3,0,8,172,103,162,0,12,1,2,30,6991,0,13,3,0,4,4,82,7,5,10,2,14,28,2,2,12,7,7,16,25,4083,2,473,17,220,2,85,96,25,1,32,19,7,256,4,218,49,24,15,9,18,4,16,3,1,144,0,9,58,8,23,4,0,127,79,60,54,104,51,4,10,0,24,6,121,25,34,83,6,11,5,1,3,1,14,957,2,6,0,2,0,175,0,0,0,0,4,0,1,0,10,3,0,2,0,3,0,1,12,7,6,6,0,114,4,25,7,3,22,1,277,1,3,5,9,8,0,21,3,0,11,8,5,1,2,0,3,0,4,0,6,0,13,0,11,5,0,3,0,64,17,0,1,60
2021,"Islington 023","E02000576",10676,1383,19,0,2,0,3,5,223,0,424,0,51,282,8,79,38,1,32,10,7,7,2,0,8,16,17,3,8,49,1,0,0,20,10,7,0,8,4,34,5,1137,308,4,0,21,0,0,70,1,102,66,4,70,3,0,1,0,1,117,2,1,0,0,8,278,50,0,1,1,10,0,4,14,484,16,0,72,5,321,2,1,1,12,1,22,3,0,7,21,683,5,0,1,1,4,0,5,3,5,0,1,6,1,3,0,0,0,2,3,3,7,16,1,27,2,2,1,2,4,3,3,2,0,3,1,0,0,58,2,0,5,0,2,3,5,0,4,4,2,8,175,95,168,2,3,0,5,25,6013,0,31,0,6,0,4,55,0,2,14,2,10,39,0,0,11,9,8,6,22,3724,0,383,6,143,1,54,93,12,1,41,15,3,229,6,152,35,18,14,4,14,3,7,2,0,85,1,10,38,7,16,10,0,103,65,38,51,37,44,14,16,0,20,9,89,17,6,101,3,9,14,0,4,0,27,976,6,10,1,4,0,213,0,0,0,4,2,1,2,0,3,3,0,2,1,0,2,2,16,4,4,10,0,191,1,28,3,1,9,0,71,0,4,1,1,7,0,27,28,1,6,6,8,0,1,0,0,0,0,0,3,1,22,0,26,3,0,0,0,140,18,5,1,73
2021,"Kensington and Chelsea 001","E02000577",7725,831,22,0,1,1,4,3,163,0,155,1,205,106,3,19,7,0,8,0,3,0,0,1,2,13,7,9,11,56,0,0,1,6,0,0,16,6,0,1,1,910,321,1,0,40,0,2,10,3,81,49,0,44,5,0,0,2,19,61,1,0,8,0,5,160,29,0,29,0,11,6,3,20,670,13,0,101,1,479,3,0,0,6,0,43,4,0,8,12,770,0,2,0,0,1,0,8,5,10,1,6,2,1,0,1,0,2,0,3,5,6,10,0,8,1,3,2,1,4,0,4,1,0,4,8,1,1,79,2,0,0,1,1,5,2,2,1,0,2,3,269,111,154,1,11,1,3,21,3175,1,149,0,6,1,0,12,4,0,2,9,4,12,2,1,3,0,2,7,4,1683,2,214,3,30,1,21,46,2,3,21,8,4,146,0,75,6,94,1,2,4,0,3,1,0,28,2,0,30,11,8,6,0,94,33,89,35,16,30,10,4,1,17,5,66,13,2,49,4,4,5,3,1,0,20,1369,5,11,0,1,1,645,0,0,0,0,3,0,3,0,0,4,0,0,0,2,0,12,8,32,3,2,0,79,0,35,4,2,7,0,40,0,2,0,165,2,0,129,11,1,31,17,3,0,0,0,7,0,0,0,4,0,7,8,10,6,4,0,4,2,1,0,4,52
2021,"Kensington and Chelsea 002","E02000578",6008,448,16,0,0,0,1,7,73,1,34,2,130,58,0,6,10,1,0,1,1,0,0,1,1,29,10,8,7,26,0,0,0,3,1,1,0,13,0,4,3,682,239,0,8,16,0,0,18,3,78,39,2,47,5,0,0,0,8,30,0,0,12,0,0,128,23,1,7,0,7,1,0,10,402,14,0,65,0,297,2,0,2,5,0,5,0,0,2,10,444,1,0,4,0,2,1,8,1,12,2,2,0,4,0,0,0,2,1,1,0,2,7,0,3,0,2,0,0,1,0,7,0,3,3,1,0,1,37,2,0,0,2,6,0,0,1,0,0,0,6,59,63,171,0,8,0,1,17,3177,1,82,0,1,1,0,5,1,0,2,1,3,13,0,0,4,1,5,0,5,1964,0,139,3,24,0,14,23,5,6,7,5,3,147,0,43,2,120,1,1,11,0,6,2,0,15,0,0,194,3,7,2,0,44,36,59,21,15,17,3,0,1,2,1,64,3,1,22,0,4,2,2,0,0,8,855,12,8,0,1,3,419,0,3,1,0,1,0,1,1,1,0,0,1,0,5,0,3,10,37,0,0,0,36,0,40,2,0,3,0,11,0,4,0,89,1,0,59,2,0,8,1,3,0,4,0,2,0,0,0,0,0,15,0,9,5,0,0,2,2,0,0,2,48
2021,"Kensington and Chelsea 003","E02000579",8986,845,30,0,0,0,1,5,58,0,58,1,125,80,2,14,16,0,9,1,6,2,2,0,2,8,11,301,1,56,0,0,0,7,1,2,1,20,5,14,6,572,209,5,3,16,0,0,12,0,50,31,1,24,3,0,1,1,6,36,1,0,14,0,2,93,40,0,6,0,4,1,1,12,769,11,1,79,1,626,12,0,0,7,0,17,0,0,9,6,653,0,0,2,0,1,1,4,1,4,1,3,1,4,0,0,2,2,6,1,0,1,20,0,17,1,1,1,1,1,0,0,2,0,1,5,0,2,56,5,0,7,0,0,5,3,1,2,0,0,8,127,119,193,5,6,2,1,27,5293,1,24,0,2,6,4,53,5,0,16,3,11,4,0,0,1,1,4,7,18,3412,2,346,8,102,3,56,57,11,55,45,5,11,207,1,138,22,64,8,2,6,1,18,0,0,68,0,3,21,6,17,4,0,93,43,48,33,10,21,4,4,2,9,2,80,23,16,19,0,4,5,5,3,0,10,854,1,6,0,2,2,335,1,0,0,2,0,0,1,0,3,4,0,1,0,0,0,1,11,31,4,2,0,79,0,54,3,1,13,0,19,0,1,1,56,0,1,36,6,1,23,3,8,0,1,0,1,0,0,0,0,0,15,3,10,7,0,0,2,24,0,7,6,66
2021,"Kensington and Chelsea 004","E02000580",7901,856,8,0,75,0,1,3,71,0,81,0,345,93,4,21,13,2,9,1,12,0,0,1,0,0,9,3,0,61,0,0,0,7,3,0,0,20,4,7,2,615,200,3,2,27,0,0,30,0,47,35,2,50,1,2,0,0,3,44,0,1,8,8,0,101,13,5,13,0,4,1,1,14,535,7,4,82,1,408,1,0,0,5,0,15,0,0,0,12,723,5,0,1,0,4,1,3,3,4,4,3,18,6,0,1,3,3,3,2,0,5,5,0,10,1,0,0,2,1,2,5,1,0,2,9,1,3,43,7,0,1,1,0,1,0,1,3,0,3,8,151,117,232,0,9,1,3,31,4284,2,13,3,3,3,1,73,8,1,5,3,11,5,3,1,9,0,2,9,11,2462,2,348,4,120,6,48,36,2,1,29,6,6,174,0,124,19,8,0,2,12,4,9,3,1,67,0,6,43,6,20,5,0,117,34,82,35,35,34,20,1,3,11,6,77,25,5,38,0,11,5,0,0,0,6,888,12,2,2,5,4,352,1,0,1,2,3,0,2,0,1,1,0,0,0,1,0,2,11,11,0,0,0,58,0,45,2,1,9,0,32,0,0,0,145,0,0,37,5,1,18,6,10,0,2,0,1,0,0,0,1,0,6,0,11,10,0,0,4,13,0,0,0,58
2021,"Kensington and Chelsea 005","E02000581",7407,965,38,0,6,0,12,7,377,0,41,0,237,73,1,20,8,0,1,0,6,1,0,1,0,6,13,7,3,75,0,2,0,4,3,0,1,15,1,4,2,879,229,1,1,12,0,4,14,1,77,48,0,47,0,1,3,1,14,35,1,0,18,0,5,78,97,1,36,0,7,0,1,147,520,13,0,60,1,379,1,3,0,8,4,16,0,0,3,32,663,2,0,0,0,6,39,11,2,7,1,2,7,7,3,0,1,5,6,1,0,5,11,0,8,0,5,3,0,2,0,0,3,0,5,8,2,2,50,2,0,1,6,0,1,1,0,0,0,0,10,160,75,146,2,5,0,2,48,3406,0,115,1,10,1,4,16,4,0,0,5,11,6,6,1,7,1,1,4,11,2020,0,207,2,48,6,27,23,5,7,48,7,8,103,2,81,11,35,2,2,9,1,6,0,0,22,0,3,28,11,9,9,0,66,31,153,26,23,32,8,2,1,3,8,42,7,1,35,0,3,2,1,2,0,14,974,0,11,0,60,1,383,2,0,0,2,0,1,2,2,0,3,0,2,0,0,0,2,21,14,2,0,0,53,0,45,2,1,3,0,31,0,6,0,90,0,0,30,6,1,20,13,0,0,0,0,55,0,2,0,0,0,23,4,11,3,0,0,2,14,1,0,5,45
2021,"Kensington and Chelsea 006","E02000582",6548,725,7,1,0,0,0,2,19,0,206,0,60,174,35,14,42,0,8,0,19,0,0,3,3,5,3,6,5,37,0,0,1,11,14,3,0,25,1,16,5,139,64,0,0,1,1,0,0,2,9,6,2,6,0,0,0,0,0,30,0,0,2,0,0,3,0,0,0,0,0,0,3,10,133,5,2,21,4,86,0,0,0,4,0,10,0,0,0,1,433,0,0,0,1,0,1,0,0,6,0,3,2,1,3,0,0,2,1,1,0,4,15,0,25,1,3,1,0,0,4,0,0,0,2,4,1,2,49,6,0,1,0,0,0,0,1,1,0,0,0,137,57,61,2,10,2,0,23,4622,0,28,1,4,1,2,58,17,4,20,4,9,14,3,0,8,0,2,10,17,2400,3,445,7,157,3,85,84,9,0,27,15,8,108,1,146,67,4,0,6,7,1,13,0,0,133,0,6,31,6,26,11,0,135,45,34,38,31,66,5,13,5,21,5,87,45,21,32,0,6,1,4,0,0,17,496,0,4,0,1,0,173,0,0,0,0,3,0,0,0,2,3,0,0,0,1,3,0,12,45,3,3,1,58,0,40,0,5,24,0,8,0,2,0,11,0,2,6,4,3,18,6,3,0,0,0,1,0,0,0,1,0,0,0,2,2,0,0,2,10,2,1,0,31
2021,"Kensington and Chelsea 007","E02000583",6440,509,3,0,0,0,0,0,16,1,68,0,82,105,3,8,79,0,17,1,2,0,0,0,1,6,8,3,2,31,2,0,0,51,3,5,0,2,0,9,1,203,69,0,2,2,0,0,1,1,4,5,0,58,4,0,0,0,0,8,1,0,1,0,0,23,10,1,6,1,2,0,2,2,219,4,0,16,0,190,3,0,0,3,0,0,0,0,0,3,425,1,0,0,0,4,0,5,0,5,0,2,2,0,4,1,2,0,6,0,0,5,5,0,33,1,7,3,1,0,2,0,0,0,0,1,0,1,26,1,2,1,0,1,0,0,0,0,0,0,11,151,46,73,0,8,0,0,14,4730,0,7,1,0,1,4,69,7,0,12,0,7,8,0,0,2,2,9,20,26,2826,2,395,12,98,4,93,54,15,3,27,9,14,153,0,104,36,0,6,0,5,1,8,6,0,144,0,20,39,6,22,48,0,93,30,17,27,20,38,6,1,3,16,1,57,19,24,23,0,17,2,0,0,0,11,354,0,2,0,0,1,128,1,0,0,0,2,0,0,0,2,2,0,0,0,0,0,1,8,21,1,2,0,19,2,35,3,0,14,0,14,0,0,3,3,0,0,9,5,1,11,2,4,0,1,1,0,0,0,0,1,0,0,0,6,1,0,0,0,11,3,0,0,34
2021,"Kensington and Chelsea 008","E02000584",7178,732,17,0,3,0,0,2,17,1,203,0,49,196,10,10,63,0,15,0,6,2,2,0,12,7,7,3,4,37,0,1,1,15,4,10,0,8,1,21,5,198,36,0,2,44,0,0,1,1,21,2,0,14,5,0,1,0,0,57,4,0,3,0,0,1,1,0,1,1,0,0,1,2,86,1,0,8,1,33,0,0,0,1,0,38,1,0,0,3,525,0,0,1,0,2,0,1,0,0,0,0,0,3,0,3,0,1,4,1,0,2,10,0,29,2,8,1,2,0,0,0,0,0,3,1,1,5,36,4,0,1,0,1,2,0,0,0,0,0,17,214,41,91,2,11,0,0,25,5095,0,5,0,5,2,6,80,13,2,12,0,18,14,3,2,3,1,4,18,32,2556,3,422,8,218,8,79,75,14,0,28,16,26,94,1,216,35,0,0,1,8,5,7,4,1,230,0,10,49,14,33,0,0,185,27,40,31,12,134,11,2,3,9,2,83,57,26,63,2,6,3,4,1,0,13,542,0,0,0,8,0,270,0,0,0,0,2,0,0,0,3,0,0,0,0,3,0,1,11,8,2,0,0,30,4,57,0,1,20,0,7,0,1,0,15,0,7,13,5,0,6,7,2,1,0,4,1,0,0,0,0,0,1,0,0,2,0,0,0,10,2,0,0,38
2021,"Kensington and Chelsea 009","E02000585",8097,1343,9,0,1,1,0,0,70,0,178,0,451,211,4,48,43,0,38,0,14,2,0,2,3,4,10,7,7,149,0,0,0,20,4,4,1,34,1,20,7,429,96,0,6,8,0,0,3,2,27,22,0,160,1,0,0,0,2,34,0,2,0,1,3,27,2,1,15,0,12,1,0,4,107,7,0,22,3,63,2,0,0,6,0,1,1,0,1,1,496,2,0,0,0,5,0,5,4,4,0,5,0,4,1,0,3,0,0,2,0,0,11,0,14,1,4,1,2,0,0,1,1,0,1,6,0,1,45,6,0,1,1,2,3,4,1,3,1,0,15,192,52,57,1,5,0,2,27,4733,4,11,3,10,1,14,49,1,3,2,6,12,12,2,0,1,3,1,12,22,2195,6,577,12,127,16,77,71,5,0,110,6,42,137,14,175,28,18,2,5,6,1,8,2,0,113,3,9,57,35,20,8,0,146,31,38,84,34,88,14,5,0,17,5,85,21,12,45,0,13,9,3,1,0,28,989,0,3,2,22,0,441,4,0,0,1,2,1,1,1,3,0,0,0,1,0,0,0,64,9,2,1,0,32,1,159,0,2,12,3,28,0,0,1,11,0,0,21,17,0,43,11,1,0,0,1,0,0,0,0,0,0,0,0,2,4,0,0,4,12,1,1,5,59
2021,"Kensington and Chelsea 010","E02000586",6480,990,0,0,0,0,0,1,19,0,319,0,84,247,2,7,71,0,17,0,20,0,0,3,3,9,9,4,8,105,0,0,1,10,5,7,0,18,2,15,4,60,29,0,0,5,0,0,4,0,0,1,0,0,0,0,0,0,0,12,0,0,1,0,0,2,0,0,4,0,0,0,1,1,39,1,0,5,0,24,1,0,0,3,0,3,0,0,0,2,283,2,0,0,0,3,0,2,0,7,0,1,0,0,1,0,0,1,1,0,0,1,7,0,16,0,2,0,1,0,0,0,0,0,0,0,1,2,31,3,0,0,0,0,3,0,0,0,0,1,11,109,18,39,0,7,0,0,13,4472,1,11,0,12,3,8,21,5,0,18,3,14,15,0,0,5,4,6,10,42,1827,0,412,19,269,5,70,90,8,1,30,6,26,96,2,512,20,2,0,2,5,1,1,1,0,127,0,8,29,36,19,0,0,165,31,20,49,19,87,8,4,1,9,1,81,42,103,24,0,6,6,0,0,0,14,636,0,1,1,0,0,314,11,0,0,0,1,0,0,0,2,0,0,3,0,1,0,2,5,1,1,0,0,121,0,44,2,1,10,0,10,0,3,3,4,0,0,6,6,0,10,2,9,0,0,0,0,0,0,0,0,0,0,0,3,3,0,0,0,15,0,0,0,41
2021,"Kensington and Chelsea 011","E02000587",6493,778,20,0,1,0,3,3,18,1,201,1,80,174,1,14,55,0,15,0,4,1,2,0,3,7,7,8,2,86,0,0,0,17,8,13,0,20,0,6,7,101,45,0,0,1,4,1,3,0,3,2,0,3,2,0,0,0,0,23,1,0,1,0,0,2,0,4,1,0,2,0,1,2,62,3,0,6,2,45,3,0,0,0,1,1,0,0,0,1,377,0,0,0,0,6,0,1,1,0,0,2,0,0,1,0,8,1,0,0,1,1,8,0,24,1,6,0,1,2,0,2,0,0,1,0,1,1,21,2,3,1,0,0,3,0,1,2,0,1,12,141,82,27,2,3,0,1,6,4475,1,0,0,5,1,7,44,12,4,8,1,36,13,1,1,6,2,4,12,29,2128,5,468,10,194,5,61,53,7,0,31,10,27,179,6,148,27,1,0,6,5,2,2,3,0,136,0,7,34,18,17,4,0,171,47,41,55,30,129,9,6,0,15,2,88,29,16,33,0,5,3,0,0,1,14,700,1,5,0,4,0,316,8,0,0,0,4,0,1,0,2,0,0,0,0,4,0,2,16,9,0,0,0,90,1,88,0,6,18,0,3,0,5,1,5,1,0,16,1,2,18,7,2,0,0,0,0,0,0,3,1,0,1,0,4,1,2,0,2,7,0,0,0,43
2021,"Kensington and Chelsea 012","E02000588",5974,663,0,0,0,0,1,2,16,0,131,0,105,137,1,8,90,0,21,0,7,0,3,1,18,4,2,4,3,74,0,0,0,14,1,5,0,6,2,4,3,51,15,0,0,2,1,0,3,1,6,3,0,4,0,0,0,0,0,10,0,0,0,0,1,1,1,0,0,0,0,0,0,3,45,10,0,3,1,27,0,0,0,2,0,2,0,0,0,0,350,0,1,1,0,1,0,3,1,5,0,1,0,0,0,0,1,1,0,0,0,0,8,0,36,0,2,0,0,1,1,0,0,0,1,3,0,0,19,1,0,1,0,0,0,2,0,0,1,0,6,196,29,11,1,5,0,0,11,4411,0,7,0,15,0,3,38,10,0,13,1,19,15,6,0,7,3,6,8,23,1993,2,432,5,179,1,97,98,6,0,19,9,16,97,0,238,35,4,0,19,4,1,4,3,1,132,1,9,38,35,15,3,0,121,26,76,73,18,108,6,2,54,6,3,49,41,25,81,3,4,8,17,1,0,19,454,0,0,0,0,0,273,3,0,0,0,1,0,0,2,1,1,0,0,0,0,1,1,5,4,5,2,0,21,0,37,2,2,6,0,3,0,0,1,0,0,4,4,7,0,17,7,5,0,0,1,0,0,0,0,0,0,0,0,0,0,0,0,0,11,0,1,0,26
2021,"Kensington and Chelsea 013","E02000589",7241,1350,9,0,4,0,1,1,15,0,673,0,110,221,9,7,65,0,39,2,12,2,3,4,3,8,7,0,5,71,0,1,0,24,7,15,3,18,0,9,2,272,58,0,1,3,2,4,1,1,10,1,0,3,1,0,0,0,2,17,0,0,28,0,1,129,0,0,2,0,0,0,0,8,76,8,0,3,1,48,2,0,2,0,0,7,0,0,0,5,475,1,0,0,0,31,2,5,1,3,0,2,2,0,1,0,0,0,1,1,0,2,5,0,21,2,8,0,2,0,1,0,0,0,1,0,1,4,34,3,0,0,1,0,0,0,0,1,0,0,15,173,59,73,2,7,0,0,10,4382,1,4,0,9,5,6,37,14,0,15,1,17,19,1,0,6,4,4,4,21,1692,0,466,12,302,9,75,105,8,0,36,10,11,98,2,274,37,8,2,8,6,0,7,3,0,99,1,14,40,26,13,6,0,186,49,38,74,22,82,9,8,2,14,5,231,37,22,34,1,12,8,2,0,1,7,686,1,4,2,7,1,290,0,0,1,0,3,0,1,0,8,0,0,0,0,1,0,3,8,11,0,2,0,142,0,53,0,2,7,0,26,0,0,0,11,0,0,6,8,0,4,5,4,0,0,0,1,0,0,0,2,0,0,0,3,3,0,0,0,9,0,0,2,55
2021,"Kensington and Chelsea 014","E02000590",5978,919,13,0,1,0,1,1,266,0,182,0,70,165,3,12,43,1,17,3,5,0,0,1,1,7,2,9,1,59,0,0,0,17,1,5,0,17,0,9,7,252,87,0,0,7,0,0,4,1,26,18,0,17,0,0,0,0,0,36,0,0,5,0,1,29,1,2,7,3,5,0,0,3,139,21,0,15,0,96,0,0,0,2,0,1,0,0,0,4,363,1,1,0,0,5,0,4,1,9,0,0,0,0,2,2,0,1,2,0,0,3,11,0,12,1,5,1,0,3,0,0,1,0,1,5,0,0,35,2,0,0,1,0,2,2,1,4,0,0,4,95,58,66,0,1,0,0,21,3684,0,5,0,5,1,0,16,5,0,11,0,12,6,2,0,4,1,2,4,14,1985,1,413,4,128,5,49,82,9,3,22,4,6,92,4,126,5,13,0,2,6,1,5,0,0,68,5,9,57,18,15,3,0,96,31,23,47,19,39,17,1,5,6,4,84,22,5,34,0,4,6,1,1,0,11,621,0,0,0,0,2,287,0,0,0,0,1,0,0,0,1,1,0,1,0,11,1,0,11,10,5,5,0,47,1,54,0,0,16,0,21,0,2,1,4,0,0,17,2,1,14,34,2,0,0,0,0,0,0,0,0,0,0,0,1,0,1,1,3,15,0,0,4,44
2021,"Kensington and Chelsea 015","E02000591",6208,1075,17,1,0,0,4,2,53,0,261,1,183,204,2,35,35,0,29,1,9,1,2,2,2,17,8,8,5,96,0,2,1,34,5,4,2,34,0,10,5,327,134,0,4,2,4,6,4,0,41,20,0,14,4,0,0,2,2,42,0,1,3,0,1,14,0,1,11,0,4,1,1,11,153,3,0,19,0,115,0,1,0,5,0,6,1,0,0,3,396,5,2,7,0,2,0,4,0,2,0,1,5,2,0,0,0,0,0,0,0,1,5,0,17,0,4,0,1,0,3,3,1,0,0,2,0,2,25,6,0,1,0,0,6,2,2,0,0,0,8,121,66,61,1,3,2,1,22,3280,0,8,2,8,1,5,42,5,5,13,8,12,17,2,0,8,1,4,9,38,1342,3,351,4,100,4,36,40,14,1,22,8,19,117,0,264,11,12,2,9,7,0,0,1,0,43,3,6,37,32,1,4,0,128,51,35,57,30,64,4,3,1,10,15,80,20,13,38,0,19,7,0,1,1,22,977,10,1,7,3,0,495,2,0,0,0,1,0,1,0,4,3,0,0,0,1,0,3,14,13,1,0,0,69,3,93,3,1,4,0,14,0,0,1,16,0,2,27,12,1,11,30,7,0,0,1,0,0,0,0,3,0,3,0,8,6,2,0,0,21,0,0,0,80
2021,"Kensington and Chelsea 016","E02000592",5761,738,2,2,0,0,3,4,9,0,275,0,57,205,8,6,36,1,18,0,8,0,1,2,5,4,11,0,4,46,0,0,0,6,3,2,1,10,0,5,4,74,32,0,0,1,1,0,0,0,4,3,0,1,0,0,0,0,0,16,0,0,2,2,0,1,0,0,5,3,1,0,1,1,30,2,0,4,2,18,0,0,0,1,0,1,0,0,1,1,311,1,0,2,0,2,0,1,0,3,0,1,0,0,1,1,0,0,3,0,0,3,2,0,15,0,3,2,2,0,4,0,0,0,0,0,1,4,26,1,0,1,0,0,0,1,1,4,0,1,8,138,34,20,1,6,0,0,18,4245,1,0,0,2,3,7,43,23,2,19,0,7,16,0,0,5,1,2,16,27,1835,4,509,8,288,2,93,69,1,0,24,4,7,94,2,220,25,2,1,2,5,0,3,0,0,131,2,13,33,9,21,1,0,188,35,29,57,14,86,7,1,0,20,4,92,41,25,36,0,10,6,0,0,0,12,363,0,2,0,2,0,167,1,0,0,0,2,0,0,0,3,1,0,0,0,1,0,3,18,1,1,0,0,32,0,33,2,0,11,0,3,0,0,1,0,0,0,2,4,0,10,2,1,0,0,0,1,0,0,0,5,0,0,0,3,2,0,0,0,14,0,0,0,35
2021,"Kensington and Chelsea 017","E02000593",7388,881,5,1,0,0,0,2,18,0,266,0,119,233,3,14,27,0,20,0,6,4,1,2,2,8,6,6,0,68,1,2,0,15,3,6,1,21,0,19,2,142,55,0,0,13,0,0,1,1,9,3,2,6,2,0,0,0,1,16,1,0,1,0,0,11,1,1,1,0,5,0,4,8,99,2,1,14,1,69,3,0,0,1,0,5,1,0,1,1,437,0,2,1,0,1,0,0,2,2,0,2,2,5,1,0,0,0,1,5,0,3,7,0,24,1,1,0,0,0,0,0,1,0,2,0,0,0,28,6,0,1,1,0,5,2,2,2,0,0,12,152,95,41,2,2,3,2,18,5334,0,21,4,3,0,3,57,8,2,63,1,13,19,62,1,8,1,1,10,30,2092,3,535,6,368,0,87,119,6,1,42,9,5,147,4,643,14,1,1,3,9,0,7,1,0,132,4,14,48,18,16,0,0,164,49,33,64,28,83,9,3,0,16,5,102,39,15,51,1,12,4,1,1,0,12,495,1,1,0,0,0,196,2,0,0,1,1,0,0,1,2,3,0,0,0,1,2,1,4,12,0,0,0,63,1,61,3,0,8,0,15,0,1,0,11,0,0,13,0,2,12,6,5,0,0,0,1,1,0,2,0,0,7,0,3,3,0,0,0,15,0,0,0,34
2021,"Kensington and Chelsea 018","E02000594",6474,466,0,0,1,0,0,4,22,0,138,0,67,112,0,4,27,0,3,0,2,0,2,0,2,5,3,0,0,24,0,0,1,8,3,6,0,8,1,21,2,172,46,0,0,0,0,0,1,0,4,0,0,5,0,0,0,0,0,55,0,0,1,0,14,23,7,0,11,1,0,0,0,4,86,2,0,9,2,66,0,0,0,4,0,1,1,0,0,1,272,0,0,2,0,4,1,0,0,7,0,2,0,0,2,1,1,0,1,0,0,2,4,0,21,0,0,0,2,0,1,0,0,0,1,0,1,0,24,2,0,0,0,0,4,0,0,0,0,0,2,91,32,49,2,5,0,0,8,5126,0,5,1,6,4,1,30,14,2,18,0,10,14,3,5,7,0,1,11,13,3136,7,379,7,109,0,64,58,6,1,32,0,8,181,3,138,22,1,1,3,17,5,13,0,0,127,0,10,26,12,17,2,0,110,31,30,76,20,45,4,4,4,15,8,148,34,15,24,0,9,12,1,0,0,6,352,0,0,0,0,0,169,3,0,0,1,0,0,0,0,0,2,0,1,0,0,0,1,2,3,0,0,0,28,0,31,2,1,8,0,3,1,0,2,4,0,0,12,5,2,12,3,3,1,0,0,0,0,0,0,0,0,2,0,3,0,0,0,2,5,2,0,2,36
2021,"Kensington and Chelsea 019","E02000595",6160,479,3,11,0,0,1,1,14,1,110,1,70,146,0,6,24,0,16,0,6,1,0,1,1,6,5,1,1,26,0,0,0,11,2,2,0,8,0,3,1,136,57,0,1,4,0,0,0,0,9,9,1,4,1,0,0,0,0,28,0,1,1,0,1,9,1,0,0,1,2,0,0,6,57,2,0,17,1,25,4,0,0,0,1,1,0,0,3,3,275,0,1,0,0,3,0,1,2,4,1,1,2,1,0,0,0,0,1,0,1,0,2,0,14,0,3,0,0,0,0,1,0,0,2,1,1,0,22,3,0,0,0,0,2,0,0,0,0,0,0,120,35,36,0,1,0,0,14,4852,1,3,0,1,2,13,34,2,0,22,2,19,16,2,0,6,0,4,14,18,2820,3,344,5,168,3,77,50,1,0,27,4,8,154,2,142,18,4,0,3,8,2,5,3,1,116,0,11,32,21,21,6,0,208,14,46,54,16,55,5,4,2,18,3,58,30,13,63,1,5,4,3,2,0,30,361,1,3,0,0,0,172,4,1,0,0,0,0,0,0,0,0,0,0,0,2,0,1,11,7,0,1,0,33,1,28,0,2,4,0,17,0,1,1,4,0,0,11,2,0,3,4,0,0,0,0,0,0,0,0,0,0,0,0,5,1,0,0,0,3,0,0,2,36
2021,"Kensington and Chelsea 020","E02000596",6617,593,3,0,0,0,0,1,17,0,167,0,122,131,4,7,21,1,22,0,3,1,0,2,1,8,5,1,3,40,0,2,0,6,2,1,1,11,0,8,2,102,49,0,0,5,2,0,2,0,2,5,0,3,0,0,1,0,1,19,0,0,0,0,0,6,0,0,2,0,2,0,1,2,40,1,0,12,0,23,0,0,0,0,0,0,0,0,0,4,389,1,0,0,0,1,1,1,0,78,0,4,0,0,3,0,1,0,0,0,0,4,1,0,14,0,4,3,2,0,0,0,0,0,1,1,0,1,21,4,0,0,0,0,1,1,0,0,0,1,4,137,37,38,0,7,0,0,17,5101,0,6,0,3,1,5,37,2,2,23,1,6,10,1,0,1,4,2,18,24,2456,1,728,7,220,5,72,64,6,0,42,6,12,188,2,208,25,18,0,4,13,0,5,1,0,144,4,7,15,24,15,6,0,173,39,41,82,14,46,7,3,2,16,7,76,54,12,48,2,11,5,2,1,0,16,392,0,0,1,0,0,195,4,0,0,0,1,0,0,0,0,0,0,0,0,1,0,1,11,8,0,3,0,32,1,30,0,1,1,0,7,0,6,1,4,1,0,0,5,0,15,4,4,0,0,1,0,0,0,0,0,0,0,0,3,0,0,0,0,6,1,0,0,44
2021,"Kensington and Chelsea 021","E02000597",6325,847,15,0,0,0,12,5,163,0,96,0,198,140,2,20,14,0,7,0,10,0,5,0,7,18,12,12,2,54,1,0,0,18,2,2,1,14,0,13,4,495,183,3,4,5,0,5,8,0,41,42,0,32,0,0,0,0,7,37,0,0,8,0,2,58,11,1,28,0,5,0,5,10,198,6,0,34,0,115,2,0,3,9,0,11,1,0,8,9,460,7,2,7,0,0,0,3,0,4,1,4,7,2,0,0,1,2,1,0,2,3,9,1,5,0,0,0,1,3,1,2,0,0,14,6,2,3,49,5,1,2,1,0,3,0,0,0,0,1,8,113,61,86,3,11,0,1,22,3523,0,11,0,23,0,3,30,7,0,3,1,7,22,2,0,8,0,2,8,17,2051,0,252,2,72,0,20,26,4,1,64,4,13,113,2,95,11,40,1,3,6,0,6,0,0,32,2,2,36,54,5,0,0,90,37,66,29,10,28,12,4,1,13,4,92,5,9,31,0,7,1,4,2,0,17,802,0,6,0,0,6,369,0,0,0,1,1,0,0,1,0,9,0,0,0,1,0,0,12,21,0,0,0,55,1,48,1,1,4,0,41,0,0,2,37,0,0,22,1,2,23,11,2,0,0,0,4,0,0,0,1,0,6,1,17,2,0,1,3,12,0,0,1,76
2021,"Kingston upon Thames 001","E02000598",8099,1236,2,0,1,0,0,1,46,0,352,0,36,442,1,33,21,0,35,0,6,7,6,0,2,9,0,0,12,91,0,2,1,70,5,2,16,11,3,18,5,83,33,0,0,0,4,0,0,0,0,0,0,6,5,0,0,0,0,7,0,0,0,0,0,19,0,1,0,0,4,0,3,1,50,0,0,10,0,36,0,0,0,1,0,1,0,0,1,1,479,0,0,0,1,3,0,4,2,1,0,2,1,0,0,2,7,0,5,0,0,6,16,0,9,1,0,0,0,0,3,1,2,0,0,0,0,5,28,2,0,0,0,0,3,0,0,2,0,0,18,240,39,60,2,3,0,1,10,5938,3,2,0,5,1,0,28,8,1,1,2,12,20,0,1,1,2,2,4,7,4544,0,295,0,30,0,144,17,7,1,29,14,10,146,0,51,3,0,2,5,4,3,5,1,0,25,0,2,55,8,11,1,0,52,64,19,21,27,37,10,6,2,34,4,33,9,6,59,0,12,12,3,2,1,12,313,0,1,0,0,0,77,3,1,1,0,2,0,0,2,7,0,0,0,0,2,0,0,2,1,8,0,0,19,2,75,0,3,6,1,1,0,3,2,3,0,0,3,1,2,5,3,9,0,1,0,0,0,0,0,5,0,0,0,3,0,7,12,0,18,0,0,0,22
2021,"Kingston upon Thames 002","E02000599",6998,1670,33,3,5,1,5,8,28,0,236,2,39,590,4,49,27,0,119,0,4,0,3,1,5,5,0,14,2,292,0,0,5,104,1,2,52,17,0,10,4,151,51,2,0,1,1,2,0,0,2,1,0,4,2,0,0,0,1,53,0,0,1,0,0,1,1,6,5,0,1,0,9,7,58,1,0,4,0,50,0,0,0,2,0,1,0,0,0,0,352,1,0,0,0,1,0,0,4,2,0,0,1,1,1,0,2,0,0,1,1,0,3,0,3,2,8,0,0,1,1,0,8,2,0,1,1,8,20,6,5,1,2,0,1,2,0,1,0,2,4,145,42,48,0,5,3,0,12,3853,0,3,5,3,0,3,28,10,0,3,0,7,12,0,0,1,5,5,2,13,2790,1,201,7,29,0,65,14,4,0,16,9,23,115,1,43,12,2,1,1,3,1,4,0,0,9,1,16,15,27,9,6,0,51,53,16,16,26,25,0,3,0,40,2,14,12,4,27,2,7,9,2,0,0,19,914,3,2,2,1,0,535,2,3,0,0,2,2,0,0,0,0,0,0,0,1,0,1,8,1,3,4,0,28,1,97,3,4,8,0,28,0,0,0,0,0,0,15,2,4,33,19,1,0,0,1,1,0,0,0,12,0,0,0,2,1,3,23,1,9,1,1,0,46
2021,"Kingston upon Thames 003","E02000600",8343,1565,112,5,2,1,3,7,43,0,187,0,299,348,3,30,16,0,87,3,5,5,1,1,21,4,15,13,2,182,2,10,11,90,8,1,15,14,0,16,3,190,80,3,0,13,1,0,1,0,5,4,0,9,2,1,0,0,1,21,0,3,0,0,0,7,2,0,5,2,15,0,12,3,95,1,1,20,0,62,1,0,0,4,0,0,0,0,4,2,509,1,3,1,4,7,2,3,3,6,1,2,2,2,1,4,6,4,5,4,1,0,9,0,13,0,0,2,0,3,0,6,0,0,1,0,0,0,34,1,2,0,2,0,0,0,1,2,0,1,8,198,52,87,3,2,1,0,19,5420,1,14,0,5,0,6,23,10,0,0,2,27,28,1,0,5,1,1,3,11,4059,5,282,1,36,0,62,27,6,0,9,7,0,99,0,71,7,0,0,5,10,1,2,0,1,17,0,6,55,14,10,0,0,91,99,20,28,34,29,9,7,2,42,4,34,9,2,42,1,8,11,2,0,0,16,564,5,0,0,0,0,262,0,2,0,3,2,0,0,5,6,0,0,0,0,8,0,0,10,24,1,0,0,21,4,51,0,1,5,1,41,0,0,1,0,0,0,2,10,3,5,9,4,0,1,0,2,1,0,0,7,0,0,0,0,4,4,12,0,13,0,2,0,32
2021,"Kingston upon Thames 004","E02000601",11907,1925,35,1,3,0,0,5,42,0,564,0,54,498,5,41,57,0,160,5,5,6,5,2,31,15,5,7,18,180,2,5,0,85,0,14,23,17,0,28,7,174,65,0,5,10,0,1,16,2,2,0,0,10,1,0,0,0,0,27,0,0,0,0,0,12,2,0,0,0,9,1,7,4,103,0,0,35,0,55,5,1,0,1,0,3,0,0,0,3,734,3,2,0,0,7,3,8,2,4,0,4,2,4,0,0,19,2,1,3,0,2,14,0,21,2,7,1,0,3,0,2,0,0,3,0,1,3,54,9,0,1,1,3,1,4,0,0,0,1,8,313,83,97,3,5,5,0,23,8374,1,20,0,8,2,2,55,11,4,2,1,28,44,2,0,10,3,12,7,18,6330,0,380,8,47,2,73,93,4,0,21,21,9,182,0,103,7,3,0,7,15,0,19,0,2,54,0,7,64,1,15,8,0,89,132,38,21,27,52,8,11,2,56,6,58,14,3,99,1,10,12,3,6,2,19,597,16,0,0,1,0,209,2,0,0,2,3,1,0,0,13,0,0,0,0,1,2,0,9,1,2,0,0,27,2,64,4,2,5,0,20,0,8,3,6,0,4,14,15,0,22,7,3,0,3,5,2,0,0,1,7,0,0,0,4,0,3,15,0,40,1,6,0,42
2021,"Kingston upon Thames 005","E02000602",10330,1725,135,1,1,0,4,8,73,0,263,1,165,377,2,37,21,0,71,0,3,5,0,7,25,15,9,9,2,252,1,12,0,105,3,0,73,20,6,17,2,388,149,1,0,11,1,1,27,0,9,7,0,30,2,1,0,0,0,30,5,0,0,0,0,60,4,4,1,0,28,0,13,4,215,9,0,49,2,130,4,0,0,5,0,14,0,0,0,2,635,3,0,1,0,4,2,13,0,5,0,3,5,0,2,2,1,0,6,6,0,2,8,0,16,6,2,0,1,3,2,2,6,2,0,5,0,0,30,5,0,2,0,0,3,0,2,1,0,0,5,192,101,139,7,16,2,1,21,6667,0,24,4,0,1,1,37,9,0,1,1,11,67,0,1,9,3,9,2,7,4935,2,331,4,44,1,52,69,7,7,15,36,9,141,0,115,5,10,9,6,13,3,5,0,1,43,0,8,58,6,12,3,0,78,125,34,44,58,18,5,8,0,19,3,46,12,7,43,0,5,5,3,0,0,17,700,27,6,1,0,4,225,1,0,0,2,1,2,1,1,0,0,0,1,0,4,0,3,15,8,0,0,0,62,4,39,3,1,3,0,51,0,4,2,6,0,2,26,7,0,18,9,5,0,2,1,10,0,0,1,26,0,2,0,4,5,6,29,0,12,1,4,0,53
2021,"Kingston upon Thames 006","E02000603",8634,2199,97,3,3,0,9,12,124,7,235,0,221,492,0,27,23,0,157,0,1,13,0,3,8,8,10,6,1,257,0,0,4,250,0,3,182,19,0,19,5,255,88,13,0,7,0,0,7,4,4,4,0,29,8,0,2,0,0,35,0,1,2,0,0,5,3,3,1,0,7,4,19,9,123,3,0,34,0,73,0,0,0,1,1,2,0,0,0,9,463,2,1,0,2,5,0,7,0,0,0,2,3,5,0,0,2,1,3,0,0,1,2,0,7,1,5,1,0,2,0,2,1,0,1,0,1,0,31,0,0,0,2,0,3,0,0,2,0,0,5,142,90,105,0,3,0,2,21,4849,1,30,0,0,0,1,11,1,1,1,2,3,47,0,2,0,1,8,3,1,3558,0,216,3,7,1,30,28,9,7,10,27,11,100,0,52,4,6,0,6,13,0,12,0,0,13,3,1,53,2,5,13,0,91,158,100,20,26,22,2,15,0,13,6,30,4,2,20,1,17,11,0,4,0,4,745,3,0,0,1,1,301,0,0,0,0,2,4,0,1,6,0,0,0,0,6,0,1,23,14,0,0,0,20,0,58,0,2,0,0,44,0,7,0,10,0,0,22,8,0,19,4,2,0,4,1,4,0,0,3,9,0,0,0,4,1,27,68,2,11,3,4,0,45
2021,"Kingston upon Thames 007","E02000604",9249,2473,36,0,1,2,1,5,31,1,338,0,106,347,0,6,36,0,821,7,0,9,5,6,10,20,10,1,4,273,0,1,3,155,1,7,195,9,0,18,8,138,60,0,1,1,3,0,3,0,1,0,1,22,1,0,0,0,4,25,0,0,0,0,3,8,0,0,0,0,0,0,3,2,71,3,0,12,0,51,0,0,1,0,0,3,0,0,0,1,539,2,0,0,0,8,0,5,0,6,0,4,0,3,4,0,4,0,2,0,0,0,21,0,15,2,3,1,0,3,0,2,1,0,5,0,0,0,35,1,0,0,0,0,2,4,0,0,0,3,11,245,54,67,4,3,3,0,16,5515,0,26,2,4,4,0,26,2,1,2,0,10,45,0,3,7,2,5,0,8,4189,0,199,2,35,1,22,25,4,6,16,19,4,146,1,43,3,0,3,15,5,1,3,0,0,25,4,3,55,10,8,0,0,70,136,25,31,87,24,6,10,0,31,6,43,1,4,26,0,4,6,0,1,0,10,513,5,1,5,2,1,170,0,0,0,0,8,0,0,1,3,0,0,0,0,3,0,0,9,9,4,1,0,26,6,19,0,11,1,0,18,0,8,0,1,1,0,2,7,3,8,8,1,0,1,0,1,0,0,3,10,0,0,0,8,3,9,60,0,4,4,3,0,65
2021,"Kingston upon Thames 008","E02000605",8472,1863,27,3,3,0,0,17,36,0,218,0,41,366,2,9,17,0,378,0,0,9,6,4,13,14,5,11,5,286,0,0,1,221,1,2,156,3,0,4,5,81,44,0,0,6,0,0,3,0,1,0,2,3,4,0,0,0,0,11,0,0,0,0,0,3,0,0,0,0,2,0,2,0,70,2,0,14,0,45,0,0,0,1,0,7,1,0,0,0,460,2,1,0,0,1,3,6,0,2,0,3,3,3,0,3,3,2,5,0,2,0,6,0,10,0,0,0,0,0,0,0,0,0,3,0,0,1,34,2,5,0,0,0,0,0,1,1,0,1,14,213,38,59,2,5,6,0,20,5478,1,32,0,2,1,5,21,1,0,1,2,1,33,1,0,4,0,4,5,4,4287,0,224,1,23,0,20,30,4,3,11,23,5,149,0,47,5,4,7,0,12,0,14,4,0,25,6,1,30,12,16,0,0,60,118,27,13,33,19,5,4,1,38,4,18,1,4,16,4,8,16,0,3,0,5,520,9,1,0,0,0,167,0,3,0,0,2,4,4,0,0,2,0,0,0,0,0,2,7,10,2,4,0,23,1,23,0,1,4,0,32,1,1,0,0,0,0,0,0,1,12,9,0,6,1,0,0,0,0,3,1,0,0,0,3,0,2,94,0,4,10,3,0,68
2021,"Kingston upon Thames 009","E02000606",10547,1424,41,0,2,0,0,0,43,0,336,0,60,433,7,31,37,2,98,1,3,12,2,0,8,18,8,0,3,137,0,10,0,57,7,12,9,21,1,16,9,147,51,1,0,5,0,1,2,0,3,1,2,7,4,0,0,0,0,31,0,5,0,0,3,4,2,3,1,0,2,2,15,2,95,1,0,18,1,65,0,0,1,4,1,2,0,0,0,2,599,0,0,0,0,4,3,5,1,4,0,3,4,2,1,2,7,1,1,0,0,2,7,1,10,0,6,0,0,3,3,0,0,0,2,0,1,4,62,3,0,1,1,4,1,1,0,4,0,3,8,230,67,101,2,5,6,4,19,7630,2,18,0,6,1,1,48,4,7,5,0,17,94,0,2,10,4,8,7,17,5479,2,353,7,50,5,49,81,11,1,30,38,14,181,3,112,9,1,1,2,20,3,17,6,2,53,10,12,54,5,12,5,0,86,142,70,44,66,73,1,13,0,50,10,65,14,9,66,0,10,19,1,2,0,10,652,11,4,0,4,0,251,2,0,0,0,1,2,1,3,6,2,1,0,0,0,2,1,8,0,3,9,0,51,1,71,2,6,2,1,29,1,7,1,2,2,3,4,15,3,18,7,1,0,1,0,1,1,0,0,17,0,0,0,9,4,1,11,3,28,5,0,2,31
2021,"Kingston upon Thames 010","E02000607",6795,628,11,1,1,0,1,0,24,0,94,0,15,212,3,11,12,0,30,1,2,4,0,0,11,11,4,4,1,86,0,5,0,40,0,0,33,8,0,3,0,163,48,0,0,0,1,0,9,0,8,0,0,20,1,0,0,0,0,44,1,0,0,0,0,9,3,0,1,0,9,0,7,2,69,0,0,17,2,46,0,0,0,1,0,2,0,0,0,1,384,0,2,0,0,1,3,5,0,2,0,1,0,0,4,3,6,1,3,0,0,1,4,0,5,0,0,0,0,1,1,0,2,0,1,0,1,3,29,3,0,1,0,0,0,0,2,0,0,1,2,160,39,70,0,5,0,0,22,5349,0,8,1,1,0,0,23,8,0,0,1,8,49,3,1,1,1,4,4,3,4370,1,209,3,21,0,23,23,3,3,9,16,2,147,0,39,11,0,0,0,9,0,6,0,0,18,0,13,49,3,4,0,0,18,56,7,29,13,12,3,9,1,44,1,20,7,3,11,2,1,2,0,3,0,9,202,0,0,0,1,0,76,0,0,0,0,2,0,0,0,2,0,0,1,0,2,0,0,4,0,2,3,0,14,0,21,3,0,5,2,5,0,1,0,0,0,1,4,4,0,6,2,3,0,1,0,1,0,0,1,2,0,0,0,1,0,2,9,2,1,4,0,0,14
2021,"Kingston upon Thames 011","E02000608",7189,898,24,0,0,0,4,0,24,0,198,2,35,285,1,25,23,1,57,0,1,5,2,2,13,8,4,1,0,83,0,0,10,40,2,0,26,18,1,1,2,98,31,1,0,4,2,1,3,0,0,3,0,3,0,0,0,0,0,19,0,0,0,0,1,4,3,1,1,0,6,1,10,4,80,2,0,14,0,59,0,0,0,0,0,1,0,0,0,4,408,3,1,1,1,4,0,3,1,0,0,0,0,0,2,0,5,1,6,2,1,0,8,0,6,0,1,0,0,1,1,1,2,0,0,0,0,1,31,2,1,1,2,0,0,1,0,5,0,0,5,167,50,72,0,4,3,1,11,5448,2,28,0,0,0,2,32,4,1,1,0,13,73,0,3,5,1,12,4,15,3986,0,259,2,27,0,33,50,1,2,12,31,2,120,0,89,3,0,0,4,10,0,3,0,3,46,1,1,45,5,4,1,0,74,97,35,31,33,32,2,12,0,55,3,29,13,2,50,2,10,13,0,5,3,11,257,1,3,0,2,0,76,2,0,0,0,1,1,0,0,1,0,0,0,0,0,0,0,3,4,1,1,0,21,0,28,0,1,4,0,22,0,0,0,0,0,0,5,1,2,6,7,6,1,0,1,0,0,0,6,0,0,0,0,4,0,0,7,0,10,0,0,0,29
2021,"Kingston upon Thames 012","E02000609",7628,2379,40,0,3,0,1,8,64,1,157,0,38,478,0,9,4,24,511,7,2,4,4,1,29,17,4,31,1,503,0,0,0,226,0,0,182,7,0,12,11,142,65,0,0,6,0,0,5,0,0,0,0,20,3,2,0,0,0,6,0,0,1,0,0,8,0,3,1,0,9,0,2,11,68,2,0,14,0,41,0,0,0,3,0,2,0,0,0,6,338,1,0,0,3,1,0,8,2,2,0,0,0,1,2,0,3,3,2,0,0,0,4,0,7,0,1,0,0,0,5,0,0,0,1,0,1,2,25,4,0,4,0,0,0,0,0,0,0,0,3,136,53,51,1,0,0,1,11,4032,1,10,2,0,0,3,9,0,1,0,0,8,40,0,1,1,1,6,4,0,3202,0,158,4,13,0,9,11,10,1,7,25,0,117,0,41,2,9,0,0,10,4,9,2,0,16,0,0,26,1,5,0,0,48,62,29,8,33,5,5,5,0,25,1,9,3,3,5,2,1,6,0,1,0,12,669,0,2,0,1,5,303,0,0,0,0,0,0,1,6,1,0,0,0,0,1,0,0,12,6,0,14,0,20,6,23,0,0,0,0,20,0,9,0,0,1,0,4,9,3,8,5,4,0,0,0,0,0,0,0,5,0,0,0,1,0,8,93,0,13,8,0,1,76
2021,"Kingston upon Thames 013","E02000610",7954,996,46,0,0,0,7,1,27,0,120,0,39,306,0,14,14,0,70,2,5,4,2,0,12,8,6,1,6,153,0,0,1,102,0,0,24,9,1,10,6,163,69,0,4,7,0,4,1,1,5,2,0,10,4,0,5,0,0,25,0,0,0,0,1,5,0,1,0,0,6,0,12,1,74,2,0,19,0,39,0,0,1,2,0,8,0,0,0,3,410,1,0,0,0,1,0,8,3,3,0,6,1,0,1,0,0,0,3,3,1,2,8,1,5,3,1,0,0,2,1,0,0,0,3,0,0,0,26,3,0,0,0,0,0,2,0,2,0,0,0,174,55,61,8,7,0,2,13,5999,0,20,0,5,6,0,50,0,2,3,0,9,60,2,1,5,2,8,5,9,4642,0,198,4,25,4,35,28,4,0,8,31,1,144,1,60,6,5,0,17,23,0,5,2,0,23,0,6,56,3,13,0,0,75,111,30,32,43,21,6,2,1,38,5,30,4,8,33,3,4,8,1,3,0,10,312,16,0,1,0,0,102,1,1,0,5,2,1,0,3,4,0,0,0,0,1,0,0,5,3,1,0,0,21,0,33,1,7,2,0,6,0,4,0,0,0,1,6,3,3,14,7,2,0,3,0,2,0,0,1,8,0,0,0,4,0,5,5,0,5,0,0,0,23
2021,"Kingston upon Thames 014","E02000611",7448,1268,32,2,4,3,1,5,29,2,128,0,19,438,0,9,12,8,58,0,1,7,7,1,0,10,4,0,2,236,3,7,3,126,0,0,97,5,0,5,4,63,11,0,0,5,0,0,0,0,7,4,0,6,3,0,0,0,0,13,0,0,0,0,0,5,0,1,0,0,1,0,5,2,51,2,0,5,0,42,0,0,0,0,0,2,0,0,0,0,371,0,0,0,1,1,2,0,0,1,0,2,1,1,0,0,8,0,2,0,0,1,4,0,4,2,4,0,0,0,0,0,1,2,2,0,0,0,24,0,0,0,0,1,2,0,0,0,0,1,2,185,29,67,5,10,0,0,6,5356,0,4,1,6,0,0,14,0,0,1,1,5,27,0,1,0,1,7,1,9,4556,0,131,0,9,0,20,18,8,4,6,10,2,157,0,44,7,1,3,5,10,2,7,0,0,9,1,1,8,5,4,0,0,28,64,8,11,21,22,0,4,5,21,4,20,12,0,12,2,7,3,1,0,0,5,339,0,1,3,0,0,93,4,1,0,1,4,0,1,0,5,0,0,0,0,0,0,1,3,0,0,2,0,11,10,33,4,1,1,0,5,0,0,1,0,0,0,4,1,2,7,5,0,0,1,0,0,0,0,0,14,0,0,0,3,1,3,74,1,8,2,0,0,28
2021,"Kingston upon Thames 015","E02000612",8254,1907,53,0,5,4,5,10,48,1,162,0,31,475,3,11,11,0,281,0,3,9,3,0,5,11,5,10,4,413,0,13,3,199,2,0,102,11,0,2,12,98,41,0,0,5,0,0,1,0,6,0,0,5,2,0,0,1,0,24,0,0,0,0,0,3,1,1,0,0,3,1,3,1,65,4,0,14,0,43,1,0,0,0,1,2,0,0,0,0,415,1,0,0,1,2,0,9,1,3,0,1,0,5,2,2,3,3,9,5,0,1,4,0,11,0,1,0,0,6,0,0,1,1,2,0,3,2,25,2,0,2,0,0,2,0,0,2,0,0,7,165,46,63,1,11,5,0,5,5258,3,8,1,5,0,0,16,1,1,1,1,6,33,1,1,0,0,1,1,1,4418,4,150,3,15,4,10,20,15,4,0,3,1,158,1,35,0,0,0,4,15,3,7,0,0,12,0,1,18,3,4,1,1,29,75,20,0,18,8,0,4,1,53,0,19,3,2,10,0,6,14,0,0,0,5,511,1,0,2,0,0,225,0,0,0,0,0,1,3,1,3,0,0,0,0,3,0,0,0,2,0,7,1,11,5,29,2,1,1,1,21,0,10,0,0,0,4,2,12,0,29,3,2,1,1,0,0,0,0,0,10,0,0,0,2,0,19,36,0,2,5,5,2,46
2021,"Kingston upon Thames 016","E02000613",8102,868,4,0,2,0,2,2,30,0,116,0,21,287,0,9,7,0,44,0,6,10,6,0,3,2,3,5,3,146,0,0,0,85,2,0,54,11,0,4,4,137,59,0,0,9,0,0,0,0,0,3,0,8,3,0,0,0,0,24,0,0,6,0,0,2,0,1,0,0,14,0,4,4,88,1,0,20,1,49,0,0,1,4,0,8,0,0,0,4,457,0,1,0,2,4,1,3,0,6,0,5,2,0,2,4,7,4,1,0,3,1,11,0,12,0,2,0,0,3,1,2,0,0,2,4,0,2,40,3,0,1,0,0,2,1,0,0,1,0,4,172,49,78,4,1,5,0,11,6285,0,16,1,0,1,0,25,1,5,2,2,10,86,0,1,1,1,11,1,9,5142,1,171,3,16,2,30,23,17,3,8,16,4,134,0,41,3,8,1,7,14,1,3,2,1,27,5,2,33,1,4,1,1,48,112,38,12,37,23,8,6,0,31,3,12,4,2,24,0,1,13,0,3,0,10,267,0,3,0,0,0,95,4,1,0,1,3,0,0,2,8,0,0,0,0,0,0,1,0,1,0,4,0,17,2,26,0,1,4,0,18,0,0,0,0,0,0,0,1,7,7,2,1,0,0,1,0,3,0,0,4,0,0,0,2,0,7,15,0,7,0,0,0,19
2021,"Kingston upon Thames 017","E02000614",9308,2529,64,3,8,0,12,10,107,1,172,4,61,734,3,19,8,1,95,2,5,18,2,0,12,6,4,7,0,447,0,0,6,402,0,4,292,3,2,4,11,257,111,0,6,20,0,0,0,1,0,1,0,35,12,2,0,2,0,38,0,0,4,0,0,0,0,2,3,0,3,0,15,2,125,7,0,24,2,76,0,0,0,2,0,10,1,0,0,3,437,1,2,0,2,5,1,6,1,8,0,3,5,1,3,3,6,1,2,1,2,0,5,0,3,0,8,2,2,3,0,1,0,0,2,0,0,2,42,2,2,0,3,0,0,0,1,0,0,0,3,125,63,88,1,3,1,1,21,5285,4,33,1,5,0,1,6,0,1,2,0,11,178,0,1,0,0,5,3,1,4055,3,186,1,13,0,13,17,8,6,8,12,6,104,0,40,3,2,0,0,33,2,6,1,3,4,0,2,56,18,6,5,0,71,119,29,28,67,13,0,1,2,14,2,25,5,2,8,2,12,10,1,1,0,8,675,24,0,2,4,0,189,0,6,0,0,7,4,0,0,7,4,0,0,1,7,3,2,15,6,0,1,0,14,2,33,2,2,1,5,15,0,6,1,0,0,0,4,12,2,9,1,3,0,3,0,0,0,2,1,27,0,0,0,6,0,36,159,0,16,1,2,5,23
2021,"Kingston upon Thames 018","E02000615",7879,975,21,0,0,0,0,1,54,0,129,0,24,236,0,8,5,0,20,0,7,1,0,0,8,8,6,4,3,150,2,0,5,173,0,0,78,12,0,18,2,110,49,0,0,4,0,2,9,0,0,0,0,4,2,0,2,0,0,24,0,0,0,0,0,3,0,2,0,0,0,0,2,7,52,2,0,6,0,34,1,0,1,0,0,4,2,0,0,2,351,0,4,0,4,2,0,1,0,0,0,3,1,4,0,2,2,1,2,0,0,1,5,0,3,5,3,0,0,1,0,4,0,0,1,0,0,1,29,1,4,1,1,0,2,5,1,0,0,0,0,118,44,86,0,1,0,0,8,6110,0,17,0,0,0,0,8,0,0,0,0,21,78,0,0,1,0,2,1,3,5251,1,133,1,10,0,10,4,0,3,21,23,0,105,0,28,0,0,0,3,19,2,5,1,0,7,0,1,54,1,5,0,1,56,94,14,16,21,4,1,3,2,28,4,14,3,0,8,0,11,5,0,1,0,5,281,2,3,0,0,0,78,2,1,0,0,8,0,1,0,2,0,0,0,0,1,0,0,4,3,4,3,0,11,0,12,0,5,1,0,22,1,4,0,0,0,1,0,0,1,6,3,1,0,3,1,1,0,0,0,7,1,0,0,0,0,20,36,0,16,2,1,0,13
2021,"Kingston upon Thames 019","E02000616",6063,510,3,0,1,0,2,5,18,0,47,0,41,143,2,11,5,0,38,0,1,5,0,2,2,4,6,2,0,51,0,3,0,64,0,0,44,5,0,4,1,83,43,2,0,2,0,0,0,0,1,3,0,7,2,0,0,2,0,11,0,0,0,0,0,6,0,1,0,0,3,0,0,0,41,0,0,10,0,30,0,0,0,1,0,0,0,0,0,0,268,0,0,0,0,2,0,1,0,4,0,2,0,0,3,0,0,3,4,0,0,0,6,0,0,0,0,0,0,0,0,1,1,0,3,0,0,3,14,1,0,0,0,4,0,2,0,1,0,1,1,89,39,72,0,4,1,0,6,5026,0,10,0,0,0,1,8,1,0,1,0,12,32,0,0,0,0,1,0,1,4400,1,103,0,6,2,7,7,8,1,12,8,5,90,0,24,2,0,0,1,16,2,3,1,0,8,4,0,40,2,1,0,0,41,53,16,20,8,3,3,6,1,22,2,11,2,2,6,0,2,5,0,2,0,0,135,6,0,0,0,0,27,0,0,0,0,0,0,0,0,1,0,0,0,0,2,0,0,11,8,1,1,0,4,0,7,2,0,0,0,3,0,2,0,0,0,0,3,4,2,3,1,1,0,0,0,0,2,0,0,0,0,0,0,0,0,3,30,0,4,1,3,0,3
2021,"Kingston upon Thames 020","E02000617",8869,901,34,0,3,0,6,4,41,0,75,0,28,244,0,5,0,0,60,0,4,11,2,0,8,0,1,2,4,166,0,0,5,145,0,0,39,8,0,5,1,139,58,6,0,8,0,0,11,1,0,0,0,5,0,0,1,0,4,14,0,0,1,0,0,5,0,4,3,0,5,0,8,5,88,3,2,22,0,54,0,0,0,0,0,3,0,0,0,4,385,2,0,0,1,6,1,8,1,2,0,2,0,0,2,0,2,0,0,1,0,0,7,0,8,0,0,0,0,3,0,1,1,0,2,2,3,0,24,0,0,3,2,0,2,0,1,1,0,0,3,131,55,93,1,0,3,1,10,6954,0,13,0,0,0,7,2,3,2,1,0,12,38,0,2,0,0,4,3,3,6075,2,147,4,15,0,12,11,3,9,5,27,0,100,2,23,2,8,0,8,26,2,3,0,0,7,0,0,36,2,5,0,0,29,91,36,21,41,10,0,2,0,33,1,14,3,0,23,0,5,11,3,0,0,7,402,4,3,0,0,0,119,0,1,0,0,3,0,0,0,2,0,0,3,0,3,0,2,1,7,1,1,0,24,2,19,4,2,1,0,17,0,7,0,0,0,0,1,4,0,5,6,3,0,0,1,0,0,0,1,32,0,0,0,3,1,13,52,0,18,7,0,4,25
2021,"Lambeth 002","E02000619",9113,682,18,0,1,0,1,1,116,2,175,0,44,142,5,8,12,0,18,0,21,4,0,2,2,2,5,6,1,47,0,0,0,11,1,3,1,5,0,26,2,1598,626,8,0,59,4,20,17,7,112,71,0,133,5,0,0,1,2,258,1,3,3,5,13,192,5,8,4,5,8,0,3,25,1157,32,1,272,1,715,16,3,2,32,11,41,3,0,2,26,763,5,5,1,0,2,0,12,2,8,0,5,5,4,0,0,1,0,6,3,1,0,7,0,60,0,0,0,3,0,0,12,2,0,1,0,0,1,58,5,0,0,15,0,7,0,1,2,2,0,3,102,130,267,0,4,2,1,18,4332,3,7,0,0,0,1,25,2,0,4,0,15,21,1,1,3,4,2,3,8,2804,5,250,6,45,4,27,39,3,1,35,14,4,155,0,80,9,14,0,6,11,3,12,2,0,39,2,1,25,0,2,3,0,73,76,234,47,40,18,5,7,0,13,8,63,8,2,23,1,3,2,0,1,0,7,581,0,10,1,2,0,99,1,1,0,3,5,0,2,2,2,3,0,0,0,0,0,5,15,8,1,2,0,223,1,15,2,1,4,0,14,1,2,3,3,2,1,20,4,3,5,4,4,0,0,0,6,0,0,0,0,0,4,0,33,3,0,0,0,9,7,0,1,44
2021,"Lambeth 003","E02000620",9845,758,2,0,1,1,0,2,64,0,303,0,66,148,1,6,10,0,14,0,4,3,0,1,2,3,2,1,2,59,0,0,0,17,3,3,4,4,2,27,3,1317,565,4,2,37,2,9,26,1,73,41,1,107,0,1,2,0,3,196,0,0,0,0,14,182,15,2,0,0,18,1,1,14,1007,25,2,209,0,654,20,0,0,28,0,36,5,0,7,21,781,3,3,2,1,4,2,11,4,7,2,8,8,5,0,3,1,1,3,1,6,2,7,1,31,0,0,2,3,0,1,5,0,0,0,0,3,3,65,8,3,0,2,1,9,0,1,3,2,0,12,134,116,255,0,1,0,1,35,5270,0,12,4,2,2,6,52,3,3,5,0,14,11,3,1,6,1,9,10,8,3462,2,387,3,72,1,36,29,6,19,37,12,0,182,3,94,12,4,0,6,5,3,14,0,0,59,0,5,33,2,16,1,0,77,71,185,60,34,35,9,5,1,15,5,60,15,8,22,1,4,2,0,2,0,2,712,0,5,2,0,1,143,1,2,0,0,1,0,6,3,4,3,0,0,0,2,2,0,35,2,1,2,0,215,0,13,0,3,26,1,16,1,25,2,4,0,0,49,4,1,5,14,4,0,1,2,12,0,0,0,0,0,1,0,24,7,0,2,0,25,3,0,0,37
2021,"Lambeth 004","E02000621",12521,1568,14,2,3,2,2,0,85,1,677,0,42,369,7,13,43,1,79,1,15,6,2,5,2,9,13,1,1,66,0,0,2,14,23,4,10,12,6,22,14,1227,485,3,1,42,6,14,58,4,61,40,3,136,7,0,0,1,0,197,1,1,1,1,13,95,6,0,5,0,30,0,3,13,951,11,2,187,3,666,7,5,0,10,4,31,2,0,1,22,869,1,2,6,0,3,2,11,0,7,3,2,3,1,0,0,6,0,4,1,2,1,21,0,45,1,0,0,1,2,0,6,1,1,0,2,1,1,108,5,0,4,5,0,6,1,0,3,0,0,9,182,129,229,0,8,2,2,39,7016,4,13,4,2,3,0,95,6,0,13,2,35,31,16,2,11,10,2,14,19,4070,3,461,11,92,2,56,70,12,2,68,17,5,263,0,249,11,4,0,11,21,5,38,2,2,80,2,6,68,9,9,3,0,144,109,252,76,55,92,5,8,5,35,16,152,17,15,45,4,19,13,2,4,1,13,890,1,15,0,0,0,242,1,0,0,0,6,0,7,1,5,10,0,5,1,1,1,2,20,6,2,2,0,230,2,30,3,1,14,0,36,0,0,0,0,0,0,11,10,1,17,64,7,1,1,3,17,0,0,0,0,0,2,0,15,11,0,1,2,13,5,2,0,63
2021,"Lambeth 005","E02000622",8393,549,10,0,0,3,0,1,77,0,176,0,20,84,2,52,7,1,13,0,1,3,1,2,2,3,0,0,1,40,0,7,0,14,1,0,1,5,0,21,1,951,341,3,4,64,5,0,23,2,65,21,2,98,8,0,0,5,1,146,1,3,2,0,19,87,1,2,1,2,17,3,5,20,980,18,3,188,2,688,3,2,0,16,1,32,1,0,11,15,764,1,2,0,0,4,0,6,6,6,1,0,2,2,0,0,2,0,1,0,0,0,11,0,47,0,4,0,1,1,1,4,0,0,2,0,2,0,76,1,0,1,12,0,24,0,0,1,0,0,6,126,113,229,2,8,2,0,57,4675,1,8,0,0,1,0,59,0,0,4,0,15,21,5,0,3,3,4,5,8,3161,33,244,0,52,0,49,15,6,0,30,5,0,170,4,145,11,2,1,0,5,9,8,3,0,38,1,4,26,1,18,9,0,51,44,214,19,22,9,0,3,7,17,1,55,9,3,9,1,0,14,0,3,0,7,474,0,2,0,0,5,56,0,0,0,0,3,0,1,0,2,2,0,0,0,0,1,3,13,14,0,1,0,217,1,6,2,1,7,3,11,0,4,0,0,0,0,4,2,0,0,17,1,0,0,0,7,0,0,0,1,0,2,0,14,7,0,0,0,16,5,3,1,39
2021,"Lambeth 006","E02000623",7861,399,14,0,0,2,0,1,28,0,130,0,37,62,0,8,6,0,11,0,2,3,0,1,3,1,12,0,0,50,0,0,0,9,3,0,0,5,0,9,2,1330,522,12,0,68,3,17,23,5,81,42,0,150,5,0,2,3,3,200,1,1,2,0,11,138,1,3,1,2,19,0,3,12,1119,22,2,198,0,804,10,5,0,16,1,41,0,0,7,13,536,1,1,0,0,1,1,10,7,4,2,6,6,3,0,0,0,2,2,1,1,1,15,1,27,0,0,1,2,3,0,6,1,0,0,0,3,1,40,7,0,1,5,0,3,0,0,1,1,2,4,60,109,178,0,1,0,1,14,3830,2,9,2,0,0,0,28,2,1,2,5,17,10,5,1,2,2,0,3,6,2210,0,236,3,39,0,19,19,3,6,40,7,1,141,1,109,10,6,0,3,3,2,0,3,0,15,1,0,24,1,11,4,0,80,81,425,59,15,15,2,7,1,6,13,56,9,1,24,1,0,5,2,3,1,10,647,0,8,0,0,2,84,0,0,0,2,8,0,1,2,3,10,0,0,0,1,0,1,17,1,1,3,1,289,0,6,0,0,6,0,15,0,5,0,12,0,0,18,5,0,7,11,7,0,0,2,32,0,0,2,0,0,0,0,31,5,0,0,0,2,4,2,1,40
2021,"Lambeth 007","E02000624",9647,519,15,1,0,0,0,0,85,2,126,0,21,115,0,1,5,0,9,0,4,0,34,1,2,1,8,0,2,45,0,0,0,9,2,0,0,5,1,23,2,1427,612,16,0,51,3,18,26,7,54,39,0,155,4,0,2,0,0,180,1,1,3,2,29,145,5,7,5,0,33,1,4,24,1506,26,0,248,3,1140,5,5,2,10,3,33,1,0,15,15,777,3,0,0,1,2,0,3,0,12,0,4,5,4,2,2,6,1,3,4,1,2,6,1,53,0,8,2,0,2,1,7,4,0,1,0,0,1,48,9,0,1,4,0,2,0,2,3,0,2,5,125,144,244,0,2,5,0,40,4864,0,8,2,1,1,0,61,5,0,4,1,10,20,3,5,4,1,1,5,11,3304,11,261,2,51,0,36,20,3,1,36,17,3,199,0,109,7,5,1,2,7,6,12,1,0,22,0,3,41,0,16,0,0,83,67,177,25,14,14,15,8,2,19,3,65,6,1,16,3,1,10,3,1,0,12,554,1,9,0,0,0,100,3,0,0,0,1,0,6,0,1,7,0,1,0,0,0,11,12,3,1,2,0,208,2,5,2,0,10,0,27,1,6,0,0,0,0,24,2,1,8,8,4,0,3,0,7,0,0,2,1,0,5,0,19,3,2,0,0,4,3,3,0,36
2021,"Lambeth 008","E02000625",9297,699,21,0,0,0,1,5,157,0,160,0,56,96,0,2,4,0,4,0,1,4,1,6,0,8,3,4,0,89,0,0,1,10,2,9,0,6,0,42,7,1766,767,12,4,65,1,22,24,8,118,22,2,215,2,0,0,3,5,226,0,0,1,0,14,184,22,7,0,0,10,0,10,22,1248,31,1,194,1,899,15,11,0,23,4,38,0,0,10,21,735,8,1,1,0,2,0,3,1,8,0,2,5,6,0,0,2,0,6,0,0,1,8,0,45,0,0,0,0,2,1,0,1,0,5,0,2,0,55,6,0,1,1,4,3,2,2,0,0,2,6,93,157,253,1,4,0,0,35,4086,0,7,1,1,1,1,69,4,0,3,2,22,18,13,1,4,0,3,3,6,2334,3,254,3,30,2,14,29,6,5,69,15,2,126,0,104,7,9,0,3,9,2,10,2,0,22,0,1,38,1,6,1,0,88,115,352,64,39,8,0,15,1,13,16,69,5,1,12,0,1,4,0,3,1,13,763,0,7,0,0,6,87,1,0,0,0,18,0,3,0,1,3,0,0,0,0,0,4,15,14,6,1,0,331,1,8,2,0,0,0,3,0,6,0,12,0,0,9,5,1,3,9,12,1,7,0,22,0,0,1,0,0,6,3,62,12,0,0,1,17,9,3,0,51
2021,"Lambeth 009","E02000626",8358,439,19,0,0,0,0,3,99,0,82,0,31,74,1,0,21,6,3,0,0,1,0,0,10,3,1,6,1,45,0,0,0,3,0,0,2,2,0,23,3,1918,830,14,0,77,9,11,48,8,46,56,2,159,6,0,0,0,0,394,0,3,3,4,21,138,7,4,0,0,21,2,2,53,1839,37,2,274,5,1382,15,2,1,23,7,57,0,0,5,29,766,7,1,0,0,4,0,9,4,9,3,2,4,9,0,0,2,0,1,2,3,0,4,0,32,4,2,0,0,3,0,6,1,0,5,2,0,0,67,4,0,0,4,2,4,2,2,1,1,2,5,84,103,333,0,5,0,0,28,2762,0,9,1,7,0,0,19,1,0,3,1,16,6,3,0,3,1,0,0,8,1825,0,168,1,18,0,16,4,0,3,29,0,0,105,0,45,4,2,0,1,3,1,6,2,0,14,1,1,25,0,12,6,0,49,46,181,22,8,2,0,1,0,6,11,34,2,1,15,0,0,5,1,1,0,7,634,0,8,0,0,4,91,0,1,0,0,0,0,6,1,6,14,0,0,0,0,0,0,13,2,0,1,2,319,1,12,0,0,1,0,9,0,2,0,2,1,2,4,5,0,1,5,2,0,0,0,14,0,0,0,0,0,3,0,42,5,0,0,1,3,16,2,1,32
2021,"Lambeth 010","E02000627",9543,538,20,0,0,0,0,9,66,1,156,0,16,122,0,8,7,0,8,1,1,6,0,0,0,3,2,0,3,68,0,0,0,8,3,1,0,12,0,11,6,1564,697,1,1,68,5,3,33,5,88,24,0,146,9,0,0,1,1,204,0,3,0,2,16,194,5,2,3,0,12,10,8,23,1164,11,3,208,6,831,9,3,1,22,4,43,0,0,0,23,714,1,5,4,1,5,1,14,1,5,0,8,10,1,0,1,1,2,5,1,0,4,9,1,57,3,4,0,0,2,0,3,3,0,2,1,1,2,54,3,0,3,5,1,1,1,1,0,0,1,3,132,129,202,1,1,0,0,18,5045,1,21,2,0,0,0,124,8,0,3,0,26,15,2,0,3,1,3,5,8,3420,0,234,1,45,0,35,20,0,2,47,6,0,218,2,84,6,0,0,7,11,7,13,0,0,42,0,0,19,0,8,3,0,83,55,261,50,13,6,0,4,1,12,5,70,10,1,8,1,3,2,0,4,0,4,518,0,6,1,6,0,54,0,1,0,0,3,0,2,9,4,17,0,0,0,1,0,2,9,9,2,9,1,204,0,5,2,0,3,0,12,1,0,0,3,0,0,10,2,0,8,15,8,1,1,0,17,0,0,0,0,0,0,0,10,7,0,0,0,16,1,0,0,56
2021,"Lambeth 011","E02000628",10782,541,20,0,0,1,0,0,105,3,158,0,24,83,2,1,7,3,5,0,3,1,2,1,4,8,3,1,1,44,1,0,0,16,1,0,1,3,0,37,2,2170,765,13,0,218,5,6,26,7,108,31,2,245,9,0,2,9,3,350,1,0,0,26,38,253,8,5,2,0,17,0,3,18,1826,49,1,307,2,1296,16,4,0,21,5,81,2,0,5,37,962,2,1,0,0,5,0,12,3,7,3,13,5,1,0,0,0,0,7,1,4,2,4,0,69,1,7,3,1,4,0,2,0,0,3,1,0,1,54,2,0,3,2,0,12,1,3,0,0,0,11,91,160,420,3,4,1,0,33,4419,1,11,2,7,0,0,48,5,0,2,7,22,9,1,0,1,0,2,3,4,2462,3,291,1,55,0,25,20,4,4,47,16,0,154,0,116,8,4,2,4,13,5,8,0,0,29,2,3,26,0,12,0,1,77,78,589,48,13,11,2,2,1,11,13,93,8,3,17,1,4,2,1,0,0,5,864,3,13,4,0,4,87,1,0,0,1,4,0,2,1,7,13,0,2,0,2,5,1,28,3,0,2,0,395,0,8,2,0,8,0,8,0,3,1,3,0,0,11,2,0,15,21,9,0,3,0,30,0,0,0,2,0,11,0,67,19,0,0,0,7,4,4,0,48
2021,"Lambeth 012","E02000629",9119,516,5,0,0,0,0,1,112,0,100,0,17,144,2,3,4,0,13,0,6,2,0,1,0,5,3,4,7,46,0,0,0,20,2,0,0,3,0,14,2,799,290,5,0,38,1,0,10,0,29,19,0,132,3,1,3,1,0,154,1,0,1,0,10,63,0,10,1,1,10,0,4,12,747,19,0,142,1,517,2,0,2,14,6,31,1,0,4,8,619,0,4,0,0,2,0,5,1,5,0,4,3,2,2,0,1,2,3,0,1,0,9,0,25,0,2,0,0,0,3,3,0,0,3,0,2,1,51,3,0,3,0,3,3,2,1,0,0,0,5,134,107,182,3,9,2,1,27,6097,10,3,0,0,3,2,112,3,1,4,0,14,7,2,0,2,2,5,8,10,4327,7,239,4,86,0,42,32,7,5,29,24,0,306,0,134,4,3,0,4,6,2,7,0,1,62,0,5,17,2,16,1,0,91,60,152,37,12,13,4,7,1,40,6,67,18,1,7,2,1,4,0,1,6,7,341,3,3,0,0,0,52,1,0,0,1,0,0,1,0,0,10,1,0,0,1,0,2,12,0,3,3,0,119,0,3,10,0,6,0,5,0,0,0,0,0,0,3,1,0,5,7,0,0,1,1,8,0,0,3,0,0,17,1,15,2,1,0,0,4,4,2,1,29
2021,"Lambeth 013","E02000630",7549,348,1,0,0,0,0,2,25,0,84,0,27,122,1,9,6,2,6,0,3,3,0,0,0,2,3,0,2,21,0,0,0,8,0,0,0,2,1,17,1,449,218,3,0,13,1,3,5,0,22,14,2,51,0,0,0,0,0,55,6,0,0,0,1,20,0,3,8,0,13,2,1,8,587,11,2,95,0,428,1,5,1,7,4,18,4,0,3,8,519,2,1,0,0,3,0,4,1,4,1,1,2,4,4,1,4,0,5,5,0,1,4,1,21,0,2,0,3,4,1,4,1,0,2,0,1,1,45,1,3,4,2,0,4,1,0,0,0,1,7,105,69,164,0,1,1,3,20,5425,0,13,0,0,0,0,112,14,1,7,0,15,5,0,1,0,2,0,6,8,3901,1,252,6,69,1,33,32,7,1,10,2,1,245,2,130,11,3,0,5,10,3,17,0,0,58,0,6,27,1,7,1,0,56,42,93,29,15,14,0,7,2,20,2,46,19,7,28,2,6,4,0,1,1,5,221,0,4,0,3,1,49,0,0,0,0,4,0,1,3,2,2,0,0,0,2,0,2,10,0,0,0,0,63,0,8,1,0,8,0,7,0,3,0,0,0,0,0,0,0,6,1,1,0,1,2,0,0,0,0,0,0,1,0,6,2,0,0,0,11,2,1,0,14
2021,"Lambeth 014","E02000631",9520,683,7,0,0,0,0,4,44,0,104,0,167,230,0,5,7,0,3,0,2,4,0,2,2,8,3,0,0,54,1,0,1,11,0,0,4,3,4,11,2,705,305,2,2,23,0,0,10,10,30,13,0,78,4,0,0,0,0,135,0,0,1,0,7,56,1,0,2,0,11,1,5,9,1403,9,0,122,3,1211,11,0,0,14,1,25,0,0,1,6,774,0,2,0,0,1,0,4,3,7,0,6,1,2,3,0,2,2,9,5,1,0,8,0,45,2,3,0,2,2,0,6,2,0,1,2,1,0,53,3,0,0,0,1,7,0,5,0,3,1,4,162,99,285,0,4,0,0,25,5471,0,1,0,0,0,0,58,4,0,1,0,7,7,1,1,2,0,2,5,9,4123,0,241,1,51,0,47,22,15,0,29,9,0,201,1,86,20,2,1,1,6,3,13,2,0,64,0,3,13,2,24,0,0,55,64,76,27,17,17,8,6,0,20,3,58,7,4,9,1,6,7,0,1,2,5,484,5,3,1,1,0,33,0,1,1,1,5,1,5,2,2,2,0,0,0,0,2,1,13,15,3,2,0,232,7,6,0,3,7,0,0,0,0,3,2,0,0,10,1,0,2,12,5,0,2,0,3,0,0,0,1,0,7,0,16,4,1,0,0,5,8,5,0,43
2021,"Lambeth 015","E02000632",9585,446,0,0,0,0,1,0,33,4,78,0,29,161,1,5,4,0,3,0,2,4,0,3,3,6,2,0,1,53,1,0,0,7,9,0,0,4,0,26,6,611,205,4,0,20,1,1,16,0,39,11,0,121,0,0,8,0,0,100,0,0,0,0,2,59,1,2,1,0,3,3,5,9,892,4,0,128,1,686,3,2,0,4,1,45,0,0,0,18,648,5,2,0,0,3,1,10,0,10,0,3,7,1,2,0,3,3,3,1,3,2,10,0,37,1,3,0,0,4,0,4,0,0,2,1,0,4,51,4,0,3,0,1,4,1,0,1,1,3,13,141,69,171,0,7,1,1,51,6670,0,8,0,2,1,0,158,4,0,3,1,15,8,2,1,3,1,4,3,6,5044,4,219,4,117,0,43,25,7,3,19,9,0,279,0,139,20,2,0,1,4,4,11,1,0,50,1,4,18,1,9,0,0,60,55,80,36,14,13,2,2,4,29,2,69,12,6,7,0,4,8,1,1,0,7,318,0,6,0,0,1,32,0,0,0,2,2,0,2,6,2,7,0,1,0,5,0,1,10,0,1,4,0,120,1,6,2,0,6,0,4,0,5,1,6,0,0,6,1,0,1,8,0,0,0,2,2,0,0,0,0,0,1,0,13,7,0,1,0,2,5,4,1,31
2021,"Lambeth 016","E02000633",9172,504,26,0,0,0,0,2,111,1,120,0,22,87,1,6,5,0,5,1,0,5,0,3,1,0,0,0,3,50,0,0,0,11,3,1,1,6,0,29,4,1648,750,20,0,55,0,6,17,3,52,21,1,100,19,0,2,1,4,343,3,2,0,0,10,164,4,1,13,1,23,1,3,29,1575,19,3,228,3,1178,8,0,0,28,3,81,2,0,2,20,789,2,0,1,0,1,1,12,2,18,4,4,9,5,1,1,7,0,4,0,3,2,12,0,72,6,7,0,0,1,1,6,0,0,1,0,0,1,45,4,0,1,1,0,3,1,1,1,0,2,0,113,143,252,0,5,0,1,32,4164,1,7,0,0,1,0,45,2,0,3,1,10,4,0,2,0,3,1,6,5,2969,1,224,2,58,0,24,14,1,1,34,9,1,169,1,94,9,6,2,0,13,0,13,0,1,27,0,5,12,2,10,0,0,41,32,126,32,13,8,1,4,5,21,3,48,5,6,5,1,3,6,0,8,0,3,492,0,11,0,0,0,73,0,0,0,0,2,1,9,1,0,4,0,0,0,0,0,1,5,2,0,3,0,188,0,8,1,0,8,0,3,0,10,3,1,0,1,10,2,3,0,15,1,0,0,2,10,1,0,0,2,0,14,0,20,7,0,0,0,2,2,0,0,66
2021,"Lambeth 017","E02000634",6780,386,7,0,1,0,0,1,71,0,74,0,13,82,2,6,15,0,4,4,1,3,0,1,0,5,0,0,2,48,1,0,0,5,2,0,1,6,0,25,6,807,343,4,0,43,2,8,9,0,32,17,1,73,3,0,4,5,0,133,3,1,1,0,9,81,5,6,1,0,10,2,3,8,808,8,1,168,0,571,6,5,0,11,0,27,1,0,0,10,496,0,7,0,1,2,1,0,2,12,1,3,4,0,2,1,3,0,1,1,0,1,11,0,21,0,1,1,1,1,0,0,0,0,1,1,1,0,31,2,0,2,1,1,2,0,2,1,0,0,9,90,89,152,1,2,3,2,25,3880,1,11,0,0,1,0,87,6,0,8,3,9,4,1,0,4,0,4,3,6,2671,0,179,6,40,0,17,20,0,0,24,1,0,187,1,93,7,0,1,4,7,5,10,3,0,47,0,6,12,36,5,2,0,54,30,120,34,15,7,0,5,1,7,0,40,5,1,9,0,7,5,1,2,2,3,403,8,6,1,0,0,108,0,0,0,1,1,0,2,1,3,0,0,0,0,0,1,1,12,4,2,0,0,112,0,4,3,0,7,0,14,0,1,0,3,0,0,2,2,0,6,4,2,0,3,0,10,1,0,0,0,0,2,0,10,2,0,0,0,35,5,1,0,23
2021,"Lambeth 018","E02000635",9799,574,5,0,0,1,0,0,89,0,99,1,35,122,2,5,1,0,4,0,1,4,12,2,2,1,3,0,4,87,0,0,0,11,0,1,3,3,0,73,3,1002,366,5,2,34,0,0,12,1,35,15,1,123,0,0,5,2,0,257,0,41,0,2,6,47,22,6,1,0,4,0,5,10,1477,16,0,223,4,1127,10,5,3,20,9,42,4,0,0,14,792,0,4,0,0,5,1,9,5,11,2,1,10,3,1,0,9,0,5,3,2,1,10,1,29,2,2,0,3,0,0,2,3,0,5,1,2,0,64,4,1,5,0,0,2,0,0,0,0,0,7,158,120,260,2,6,1,3,27,5506,0,0,0,3,1,0,70,4,1,9,0,4,4,0,1,4,4,5,1,16,4054,0,253,2,60,0,36,23,6,0,17,8,1,263,1,118,21,5,0,1,5,4,20,3,0,33,0,1,28,2,15,0,0,37,80,111,35,5,5,1,2,4,12,1,69,6,4,4,0,3,8,0,2,0,10,448,8,4,1,0,0,70,3,0,3,0,4,0,2,4,1,2,1,1,0,1,0,1,0,0,0,8,0,147,3,7,0,1,18,0,15,0,2,0,6,0,0,12,0,1,2,18,16,0,1,1,5,0,0,0,0,7,0,0,11,3,0,0,0,5,11,0,0,42
2021,"Lambeth 019","E02000636",7712,416,1,0,3,3,0,2,24,1,85,0,17,191,1,3,4,0,4,0,0,1,0,0,0,2,0,0,1,45,0,0,0,9,2,0,1,4,0,7,5,235,96,0,0,12,0,2,0,4,12,14,0,28,0,0,0,0,0,28,0,0,0,0,2,26,2,0,0,0,6,0,0,3,444,7,0,108,3,286,0,0,1,26,2,4,0,0,0,7,437,0,0,1,0,1,3,11,1,1,0,2,1,2,0,3,0,0,4,1,0,2,9,0,21,1,1,8,2,1,2,4,1,0,0,0,2,2,31,2,0,2,0,1,1,0,0,0,0,0,6,168,41,77,0,9,1,0,11,5964,0,10,5,0,3,1,131,11,0,6,0,9,6,5,1,3,0,1,3,18,4467,0,260,2,120,0,27,15,5,4,11,2,0,260,0,86,13,3,0,8,6,3,8,0,0,75,1,6,14,2,16,0,0,59,50,47,29,16,16,4,2,1,24,3,43,5,7,14,0,1,11,0,1,2,2,216,0,0,1,0,0,48,0,0,0,0,3,0,0,1,0,0,0,0,0,0,0,0,5,0,0,3,0,49,3,9,16,0,6,0,0,0,0,3,0,0,0,1,3,1,6,4,0,0,0,0,2,0,0,0,6,0,9,0,5,2,0,1,2,1,4,0,0,22
2021,"Lambeth 020","E02000637",8403,352,12,0,1,0,0,4,27,0,98,0,12,96,3,2,7,0,5,0,0,3,1,0,3,2,3,0,3,42,0,0,1,8,1,0,1,2,2,9,4,563,174,1,0,5,4,5,25,2,23,11,1,77,1,0,2,0,0,103,1,1,1,2,1,100,1,1,5,0,4,0,4,8,861,4,3,101,2,686,1,3,1,9,4,32,0,0,1,14,616,1,3,0,0,1,0,4,4,8,0,4,2,1,1,0,6,1,3,4,0,0,12,1,52,0,3,0,2,0,0,2,2,0,3,0,0,2,40,4,0,4,0,2,1,1,1,0,0,0,7,133,94,184,0,6,1,0,16,5473,0,1,0,0,0,0,64,4,0,6,3,5,9,3,0,5,2,7,1,10,4089,1,301,9,70,1,42,18,6,1,22,8,5,222,0,92,20,0,0,1,7,0,9,1,0,44,0,8,30,1,17,1,0,29,60,49,28,9,9,1,4,1,13,2,74,12,11,7,0,0,4,3,3,0,8,538,10,2,1,1,1,26,0,0,0,0,8,0,2,7,2,2,0,0,0,2,0,0,31,2,0,5,0,300,3,9,4,1,11,0,5,1,7,1,3,0,0,6,1,0,2,7,1,0,2,0,5,1,0,0,1,0,0,0,13,4,1,2,0,1,4,0,5,35
2021,"Lambeth 021","E02000638",10254,635,10,0,1,0,0,4,119,3,89,0,23,158,5,5,5,0,8,3,1,6,0,3,6,4,7,0,7,58,0,0,1,92,2,0,1,6,0,4,4,1250,579,3,0,50,6,4,16,4,57,31,0,114,6,0,0,4,0,167,0,1,0,0,17,137,9,1,2,0,14,1,7,20,1536,23,2,227,2,1148,7,6,0,26,4,67,1,0,9,14,895,4,3,0,0,0,0,16,0,4,7,7,7,7,1,1,1,3,5,6,1,0,5,1,48,1,1,1,3,2,2,2,1,0,6,5,3,3,78,8,0,1,2,0,9,0,0,0,0,1,4,124,167,303,0,6,1,2,32,5382,0,8,4,3,0,2,79,3,0,2,0,30,10,7,0,6,0,7,4,5,3762,1,245,2,60,0,25,22,2,28,25,15,0,222,0,110,6,2,1,5,9,3,10,1,0,33,2,5,21,0,22,5,0,80,69,132,79,26,7,1,3,1,15,14,95,5,1,13,4,6,3,3,5,0,6,556,1,9,0,1,0,55,0,0,0,0,8,0,9,1,2,2,0,1,0,0,2,1,7,6,1,2,0,273,0,10,3,0,6,0,9,0,1,2,0,0,0,3,3,0,1,12,11,0,3,0,4,0,0,1,0,0,0,0,31,10,0,0,0,22,2,0,0,41
2021,"Lambeth 022","E02000639",8326,485,4,0,0,0,0,0,96,0,92,0,27,99,1,9,4,0,0,1,0,3,0,1,3,2,2,1,1,91,0,2,3,11,2,0,1,6,1,19,3,1449,605,7,1,52,5,11,14,5,25,12,0,282,2,0,0,4,0,189,1,3,3,7,7,161,4,3,7,0,6,1,6,26,1196,23,2,211,0,886,7,1,0,12,3,35,1,0,5,10,783,0,2,1,0,3,0,14,5,18,8,5,6,4,0,0,0,0,6,1,1,3,16,0,67,2,0,1,0,1,1,11,0,0,4,0,0,1,60,8,0,0,4,1,7,0,1,0,3,0,10,76,152,258,0,3,2,1,16,3702,0,12,1,1,2,0,39,2,0,4,4,20,18,1,0,2,0,8,3,4,2233,0,217,0,33,0,16,18,12,3,44,20,2,131,0,105,5,18,1,0,13,1,0,0,0,13,1,3,29,1,6,2,0,82,111,220,78,17,9,4,7,2,13,6,61,5,9,8,0,6,3,0,6,0,7,711,2,12,0,1,6,50,1,0,0,2,12,0,12,1,0,7,0,2,0,0,0,5,14,2,0,6,0,387,0,6,2,0,4,0,10,0,9,0,0,0,0,7,0,0,4,16,0,1,0,1,8,0,0,1,1,0,3,0,41,4,0,0,0,3,1,3,6,58
2021,"Lambeth 023","E02000640",9295,667,0,0,2,1,0,1,90,0,86,0,24,223,3,4,13,0,4,0,5,9,1,0,0,2,1,1,0,161,1,2,0,16,1,1,3,4,0,4,4,581,197,2,0,46,1,4,12,0,30,12,0,77,3,0,2,0,0,100,0,0,0,0,0,67,0,0,7,3,6,4,4,4,669,13,0,129,1,496,2,1,0,4,0,17,0,0,1,5,611,0,5,0,0,3,3,11,3,5,4,6,7,2,2,0,9,2,3,0,0,0,7,1,21,0,5,1,0,3,0,3,4,0,3,0,0,2,36,6,0,2,0,0,5,3,1,3,0,0,4,188,94,136,1,1,0,0,16,6435,2,6,0,0,2,0,108,1,0,3,1,11,13,2,0,0,1,6,1,16,5007,0,212,3,81,1,24,25,11,7,22,8,0,274,0,105,7,0,0,2,9,3,13,2,0,43,2,2,25,0,15,0,0,58,45,82,16,11,9,4,2,1,19,1,59,9,2,20,2,5,7,2,0,0,5,332,1,7,0,6,0,52,0,0,0,0,0,2,1,1,2,0,0,0,0,0,1,0,9,2,1,1,0,98,2,14,1,3,9,5,20,0,3,4,0,0,0,2,0,7,5,8,2,0,0,0,0,0,0,1,3,0,0,0,12,3,4,2,0,10,4,2,0,22
2021,"Lambeth 024","E02000641",8637,433,34,0,1,0,0,0,52,0,114,0,39,74,0,0,3,1,4,0,6,2,0,4,0,2,3,0,1,44,0,0,0,9,1,0,0,3,1,30,5,1934,976,4,0,100,2,15,62,3,53,38,4,165,5,0,5,0,0,260,0,5,0,0,9,176,4,5,0,0,22,0,1,20,1757,44,0,365,0,1211,18,5,0,28,9,46,4,0,17,10,704,1,1,1,0,3,1,8,2,4,2,8,7,1,0,0,3,0,4,0,6,2,14,2,90,0,1,4,0,1,0,3,1,0,4,3,0,0,55,3,0,2,1,0,10,0,4,3,0,0,2,72,116,235,0,0,1,2,21,3113,3,15,7,0,0,0,21,1,0,4,4,6,4,3,0,1,1,6,1,2,2024,2,198,2,32,0,16,10,1,7,26,14,0,112,0,67,3,7,0,4,7,1,2,4,0,14,0,1,20,0,8,0,0,58,72,165,45,8,3,0,3,0,6,5,41,2,7,17,2,1,6,2,1,0,8,696,1,9,0,5,0,94,0,0,0,4,1,0,5,0,1,18,0,1,0,3,0,3,7,7,0,1,0,346,2,4,1,0,2,0,15,0,5,2,0,0,0,11,2,2,2,7,9,0,2,0,16,0,0,2,1,0,7,0,36,9,0,0,1,6,6,2,0,38
2021,"Lambeth 025","E02000642",9818,530,6,0,4,0,0,11,54,0,73,0,24,189,1,1,8,0,4,1,7,7,0,2,2,4,1,1,3,64,0,0,0,22,1,0,0,6,0,28,6,846,319,3,0,44,3,4,18,4,26,16,0,125,2,0,3,0,0,132,0,1,0,2,13,78,5,4,0,0,25,2,3,14,1296,17,0,267,2,934,5,1,0,15,0,33,0,0,0,22,880,1,0,0,0,0,2,3,4,10,2,3,12,3,0,2,4,2,4,4,2,1,10,2,19,1,2,1,0,4,0,6,0,0,11,1,0,1,68,1,2,1,1,0,0,1,2,3,0,1,8,162,119,360,3,4,1,4,22,5911,0,7,0,0,2,4,48,3,22,2,0,21,7,2,2,1,1,3,0,9,4404,0,323,4,53,0,36,24,16,1,26,10,0,199,0,77,11,2,1,39,6,0,16,6,0,68,1,4,14,1,7,1,0,67,57,68,12,35,26,1,3,4,19,12,47,18,7,10,3,18,7,0,3,1,9,355,0,14,0,1,0,37,1,2,0,3,9,0,3,3,1,3,0,0,0,0,0,1,8,2,6,3,0,125,0,8,0,0,11,0,19,0,5,0,0,0,0,5,2,0,5,7,0,0,2,1,2,0,0,2,2,0,1,0,23,7,2,0,0,1,3,2,0,23
2021,"Lambeth 026","E02000643",9380,622,13,0,3,0,0,1,76,0,73,0,35,187,1,1,4,0,7,0,3,3,3,1,2,2,1,0,3,151,0,0,6,22,1,0,2,0,6,14,1,864,363,4,0,28,1,1,12,1,21,16,1,51,3,0,1,9,0,107,3,5,1,1,11,187,0,0,2,0,12,2,7,14,1140,9,1,153,2,899,6,0,0,8,22,21,1,0,3,15,702,0,1,3,1,4,1,7,1,2,2,5,3,2,1,0,1,0,4,0,1,2,12,0,36,1,0,0,0,0,0,10,1,2,1,0,0,0,74,5,0,5,4,1,4,0,2,1,2,1,6,126,109,209,0,7,0,1,41,5487,1,17,0,0,3,6,62,4,1,2,11,19,18,0,0,0,2,11,3,4,3815,6,222,7,70,1,45,23,2,7,46,7,1,224,0,136,15,1,0,7,10,9,6,3,0,42,1,3,30,5,5,2,0,64,103,130,37,52,9,4,6,1,44,16,44,8,0,6,1,3,34,1,4,1,4,565,0,7,0,1,2,63,0,0,1,5,4,0,4,6,4,6,0,2,0,5,0,3,9,3,1,0,0,285,1,8,6,3,4,0,8,0,9,1,1,0,0,5,0,3,2,12,6,1,1,0,5,0,0,0,0,2,2,0,25,8,0,0,0,7,6,1,1,26
2021,"Lambeth 027","E02000644",8528,584,3,0,2,0,0,0,46,0,75,0,17,154,0,3,5,0,6,3,2,12,0,2,17,4,0,1,10,150,7,0,0,32,0,0,1,4,8,12,8,695,270,0,0,25,0,5,13,0,25,9,1,77,4,0,0,0,0,121,4,0,1,0,4,79,0,5,2,2,13,1,0,34,912,7,0,133,0,700,2,3,0,15,3,27,3,0,0,19,796,1,1,2,0,1,2,6,4,11,0,5,9,4,2,0,4,1,8,0,5,17,11,0,24,1,0,2,0,3,0,2,2,0,4,0,0,1,66,9,0,6,0,0,6,1,1,0,0,1,4,142,126,262,1,8,2,2,26,5120,0,5,4,1,0,0,39,2,0,3,0,31,14,4,0,1,3,5,5,10,3550,3,275,1,85,1,26,14,12,4,24,15,0,157,0,118,6,6,0,1,18,3,15,0,0,41,3,2,41,0,10,2,0,96,175,101,36,20,16,0,8,2,18,10,46,7,2,12,2,3,1,1,0,0,4,421,2,12,2,1,1,61,1,0,0,1,8,0,3,2,2,6,0,0,0,0,2,0,22,1,0,0,1,156,0,3,0,0,4,0,6,0,6,0,1,0,0,3,0,0,3,11,3,1,0,1,5,0,0,0,2,0,0,1,5,5,0,3,1,14,7,5,0,47
2021,"Lambeth 028","E02000645",9540,557,5,0,0,0,0,0,36,0,74,0,33,225,2,4,11,0,9,0,5,8,4,1,0,2,7,0,2,79,0,3,0,20,0,0,2,8,0,10,7,699,336,1,0,20,1,10,0,2,17,21,1,56,8,0,2,1,0,103,0,0,4,0,4,83,0,2,1,1,8,0,6,11,1203,23,0,168,4,842,3,0,5,19,4,116,1,0,3,15,839,0,0,3,1,4,2,11,2,10,3,3,5,7,2,0,6,0,4,1,3,6,18,0,46,0,5,1,1,0,0,2,0,0,4,1,0,0,56,5,0,1,1,1,6,0,2,0,0,0,7,194,117,268,2,3,0,2,23,5745,0,7,0,0,3,0,45,1,0,5,0,29,19,2,3,3,1,9,3,5,4180,1,287,5,52,3,25,16,2,2,22,8,0,183,0,103,12,11,0,1,13,6,17,6,0,48,0,2,32,0,11,0,0,69,122,164,45,29,17,0,1,0,17,0,45,1,2,9,9,10,6,1,2,0,13,497,3,7,0,0,0,56,0,1,0,0,4,0,6,1,3,3,0,1,0,0,1,0,10,5,0,4,0,209,2,10,5,3,11,0,8,1,0,1,0,0,0,8,4,1,1,7,9,0,4,2,6,0,0,3,10,0,7,0,11,7,3,0,4,9,13,1,2,30
2021,"Lambeth 029","E02000646",9493,1326,12,2,3,3,1,5,68,2,137,0,35,383,2,3,9,0,4,1,1,7,3,0,4,11,6,4,1,542,0,1,3,27,2,1,3,7,0,18,15,434,177,0,0,12,0,1,0,0,29,4,0,58,0,0,0,0,2,69,0,2,0,0,4,48,1,4,2,1,7,1,5,7,644,4,0,67,1,534,0,2,0,6,4,21,0,0,0,5,814,0,1,0,0,0,0,6,0,8,3,17,9,5,3,0,3,3,0,0,1,4,9,0,102,5,0,5,1,0,1,8,0,0,1,0,1,0,70,1,0,2,2,0,3,2,4,0,1,0,1,138,135,217,3,4,1,4,30,5759,1,11,2,0,1,0,73,3,1,2,0,21,24,3,1,5,1,11,2,11,3855,0,340,4,57,0,22,24,7,0,47,13,0,250,0,160,7,0,1,4,15,2,9,0,2,17,0,4,65,2,11,1,0,69,237,97,56,28,3,1,8,0,35,12,65,4,3,6,5,2,23,0,2,1,10,516,5,5,2,0,2,80,0,0,0,1,18,0,1,9,3,6,0,2,0,2,11,0,16,2,1,4,0,164,2,3,5,1,8,0,2,0,3,2,1,0,0,15,1,0,2,21,7,0,1,2,24,0,0,0,0,0,2,0,28,11,0,0,0,11,12,0,0,18
2021,"Lambeth 030","E02000647",8602,698,0,0,9,0,0,6,42,2,55,2,37,215,2,1,6,0,3,0,1,8,1,3,2,9,4,0,6,229,0,1,1,20,3,0,1,3,0,13,13,670,301,6,5,31,4,1,10,4,24,4,1,64,1,0,3,2,1,100,0,0,1,0,12,70,1,3,0,0,1,0,8,12,954,9,1,174,0,679,4,5,1,19,1,49,1,0,3,8,811,1,0,0,0,1,1,9,7,8,1,11,15,8,1,2,3,4,3,0,0,2,9,0,22,3,3,2,1,0,0,10,6,1,1,0,3,1,79,1,0,1,0,0,7,0,1,1,0,0,3,152,127,266,0,9,0,0,25,5075,0,8,0,0,4,0,35,2,0,3,4,20,12,4,0,2,4,3,0,6,3607,1,236,3,29,2,26,32,8,0,22,7,3,147,0,93,18,1,0,3,6,2,6,1,0,42,2,0,37,5,14,0,0,66,143,197,36,16,9,2,6,3,30,7,44,8,2,6,3,6,10,3,4,3,11,394,0,9,1,3,0,47,0,0,0,2,2,0,7,4,1,0,0,2,0,0,0,0,10,8,1,15,0,111,1,11,2,1,5,0,7,0,4,0,13,0,0,6,7,0,3,10,2,0,0,3,15,0,3,0,0,0,0,0,17,4,0,0,0,6,4,0,2,45
2021,"Lambeth 031","E02000648",7832,432,24,1,0,3,0,1,47,0,76,0,31,134,0,0,5,5,1,3,1,4,0,2,3,2,0,1,0,54,1,0,0,12,0,3,0,0,0,12,6,1264,523,6,0,47,1,23,22,2,32,14,0,153,8,0,0,5,1,133,2,5,0,0,19,68,1,0,2,0,23,2,5,167,1515,27,4,215,1,1150,16,1,3,21,5,54,3,1,1,13,802,0,1,0,0,4,0,6,2,6,0,7,3,10,3,0,3,0,2,2,3,0,2,1,25,1,0,0,0,3,0,6,0,0,1,1,0,1,92,1,0,2,0,2,3,0,2,0,2,2,7,115,93,338,5,11,0,0,34,3451,0,4,1,1,0,0,21,0,0,2,2,7,5,3,1,2,0,8,4,3,2536,0,176,3,18,0,18,9,3,5,26,6,0,131,0,46,7,0,0,0,5,0,4,1,0,13,0,0,19,0,3,0,0,39,65,148,25,21,8,0,3,3,3,0,20,5,0,8,0,1,2,0,3,0,4,368,4,4,0,0,0,74,0,0,0,0,9,0,7,0,0,1,0,2,0,1,0,1,8,3,0,4,0,125,1,3,1,0,4,0,11,0,3,0,0,0,5,8,1,0,1,13,3,0,0,1,3,0,0,0,1,0,0,0,15,3,0,0,0,6,7,3,0,32
2021,"Lambeth 032","E02000649",12482,986,11,0,0,7,2,1,74,4,81,2,45,282,0,14,6,0,0,0,3,5,0,0,11,5,2,0,5,334,3,3,1,36,1,1,5,8,0,25,9,1014,380,5,4,52,0,10,7,4,14,22,0,93,2,0,0,2,0,135,2,3,1,1,19,186,3,6,11,0,13,2,3,34,1139,17,7,148,4,863,4,6,0,34,0,37,0,0,1,18,1102,6,9,1,0,11,0,20,0,11,5,25,6,10,1,1,0,2,4,4,2,3,13,0,72,1,6,1,0,6,0,11,3,0,4,0,1,0,96,6,0,3,5,0,6,1,2,2,0,0,8,191,191,310,1,5,0,1,35,7399,3,23,4,5,1,0,55,6,0,2,1,44,47,6,0,3,4,10,7,8,4770,3,346,3,61,0,38,34,4,5,54,60,0,291,1,135,8,2,0,6,17,2,9,3,2,30,5,0,84,4,17,7,0,140,462,146,121,80,16,4,7,1,31,6,75,13,3,10,1,13,11,3,4,3,19,842,0,15,0,3,5,118,1,0,0,2,11,0,2,8,1,12,0,0,0,2,29,4,14,13,1,2,0,352,2,8,5,1,4,0,11,0,5,3,0,4,1,4,0,7,1,28,9,0,10,1,17,0,0,3,4,0,6,0,24,22,3,2,0,1,1,3,1,56
2021,"Lambeth 033","E02000650",7661,357,24,1,0,1,0,7,36,0,64,0,19,72,1,3,9,0,5,3,0,2,5,5,0,9,6,0,1,46,0,0,0,15,3,1,2,1,1,11,4,821,367,2,0,59,4,3,18,2,11,5,0,109,3,0,4,0,0,130,1,0,1,1,13,50,6,0,3,0,15,2,5,7,1173,8,0,189,0,881,6,3,0,22,9,36,0,0,0,19,701,1,3,3,0,2,0,7,0,17,2,4,4,6,0,0,0,1,5,0,4,1,5,0,18,2,3,0,1,4,0,16,0,0,0,1,5,1,53,1,0,0,1,2,5,3,0,3,0,1,8,120,79,278,0,4,0,2,25,4311,0,9,3,1,0,1,27,4,0,1,0,7,17,4,3,3,1,2,2,7,3210,0,198,2,47,0,19,12,1,2,19,10,1,219,0,78,10,2,0,1,8,0,5,0,0,18,0,3,19,1,12,2,0,48,58,77,15,24,19,0,3,1,14,5,40,2,0,3,2,1,3,0,0,0,5,298,2,2,1,0,0,46,1,0,0,0,3,0,9,1,2,3,0,0,0,0,0,4,1,4,0,4,0,99,0,4,1,2,7,0,8,0,3,0,1,2,0,5,1,1,0,6,0,0,0,1,8,0,0,0,0,0,0,0,23,3,0,0,0,5,5,0,1,29
2021,"Lambeth 034","E02000651",8737,809,9,0,2,0,0,9,60,0,52,0,26,274,3,1,3,2,2,0,0,3,0,3,2,5,2,0,5,257,0,0,0,31,0,0,3,3,0,42,10,675,261,4,0,16,0,0,10,2,31,16,0,75,5,0,1,3,0,124,0,9,0,0,2,91,5,1,0,0,5,0,6,8,1074,12,4,153,4,808,4,0,1,39,2,32,1,0,0,14,736,2,0,0,1,5,2,20,0,19,2,4,12,4,1,6,1,0,2,1,0,2,6,0,23,2,3,0,0,2,1,5,3,0,3,0,0,0,51,4,2,2,5,0,8,1,0,0,0,1,4,166,106,219,2,4,0,3,26,4999,1,29,3,1,3,0,53,3,1,3,1,44,59,2,1,0,2,3,0,6,3296,0,306,0,35,0,22,46,6,1,43,19,1,173,0,74,3,0,0,4,13,2,9,5,0,15,0,1,51,0,11,3,0,92,262,92,35,39,10,3,17,1,16,11,24,5,0,2,9,2,13,0,4,1,7,444,7,3,0,0,1,61,1,3,0,1,7,0,4,1,1,4,0,0,0,2,0,5,16,0,0,6,0,202,3,6,0,0,1,0,9,0,2,0,0,2,0,7,3,0,4,14,3,1,2,1,4,0,0,5,0,1,2,0,6,3,0,0,0,3,9,1,2,25
2021,"Lambeth 035","E02000652",7557,1373,41,2,7,0,0,3,81,0,60,0,26,485,1,2,1,2,1,0,7,7,6,2,1,15,0,3,0,529,2,0,0,44,1,0,11,3,0,14,16,796,312,4,1,19,4,3,3,2,11,14,1,123,2,0,0,0,0,125,0,0,2,1,2,129,2,1,1,0,19,2,4,9,1057,14,4,193,4,791,4,0,1,11,1,19,0,0,0,15,567,0,0,0,1,20,0,10,0,2,1,3,7,2,0,1,0,3,1,3,0,1,7,0,15,1,1,0,1,3,0,5,3,0,0,2,2,0,32,0,2,0,0,1,2,0,0,2,0,19,3,92,90,203,0,1,2,0,23,3272,1,5,0,0,0,0,11,0,0,1,1,41,105,0,0,1,3,5,2,2,1668,0,226,1,35,0,20,10,5,14,25,10,0,84,1,62,3,0,0,2,11,0,4,1,0,6,2,0,88,2,5,0,0,73,403,103,96,59,4,1,4,1,13,2,24,3,0,0,0,11,4,0,1,1,6,492,1,0,0,1,0,86,0,0,0,0,3,5,4,4,5,1,0,0,0,0,0,0,25,0,3,2,5,87,9,3,1,2,1,0,16,3,10,2,4,0,0,10,6,3,2,15,0,1,25,0,6,0,0,1,0,1,15,0,15,1,2,0,0,2,9,0,34,61
2021,"Lewisham 001","E02000653",12603,1736,79,0,2,0,0,2,77,1,726,4,76,228,5,13,20,6,19,6,15,7,1,25,1,11,5,1,8,64,0,0,0,41,6,10,14,13,3,238,9,2256,786,7,0,97,6,26,37,4,10,3,3,165,4,0,0,0,0,491,2,4,1,0,39,451,21,5,0,0,40,3,20,31,1261,32,6,298,2,784,3,2,4,18,8,34,0,0,6,64,821,5,2,1,1,3,0,10,0,16,5,6,6,2,2,0,2,0,2,4,1,0,13,0,47,0,1,2,2,0,0,8,4,2,2,0,2,0,63,25,0,2,1,0,8,0,2,4,3,1,6,146,146,216,0,3,1,0,43,5733,1,31,2,16,7,0,32,7,5,3,0,42,44,0,0,6,1,15,7,13,3066,7,483,6,79,3,40,123,7,0,53,37,3,171,0,247,10,21,3,11,31,0,5,3,1,50,0,6,95,5,7,2,0,137,156,78,103,104,91,5,16,1,15,9,89,10,4,49,8,20,9,0,2,0,20,796,14,11,3,3,1,157,2,1,0,0,4,0,1,0,9,10,0,9,0,1,0,1,12,5,1,0,0,184,0,19,1,2,8,2,159,1,3,1,3,0,1,6,3,9,6,10,3,0,0,0,6,1,1,3,1,0,6,0,14,3,2,5,0,26,16,7,0,39
2021,"Lewisham 002","E02000654",8789,1056,45,0,0,1,0,2,57,0,359,0,22,78,5,6,9,4,6,3,1,3,2,5,7,7,5,1,11,19,0,0,0,72,2,2,12,14,15,279,2,2147,927,5,0,98,6,15,42,6,25,21,0,126,14,0,1,5,0,556,2,3,0,0,29,155,20,1,2,0,41,2,12,33,1398,24,1,312,3,950,22,2,1,11,22,28,1,0,4,17,666,2,0,3,0,0,1,2,0,8,1,0,4,1,0,4,2,0,4,1,1,0,11,1,25,0,1,0,1,7,0,1,4,0,2,0,0,2,40,2,0,0,2,2,4,1,6,2,7,1,1,77,118,290,1,3,2,2,16,3071,0,25,0,0,2,0,21,0,1,2,2,16,18,3,0,2,2,1,2,5,1944,2,198,1,23,1,19,18,4,0,27,19,0,128,0,100,6,9,1,5,28,0,5,0,0,19,0,1,40,3,7,0,0,50,83,25,29,53,22,4,2,1,3,6,32,8,5,21,7,1,0,1,3,0,5,451,1,25,0,0,1,52,0,1,0,2,2,0,7,2,1,1,0,0,0,1,3,5,9,3,0,1,0,101,0,9,1,0,9,0,29,0,5,1,0,0,0,3,12,5,8,5,1,0,1,0,2,0,0,0,1,0,7,0,11,2,2,7,0,19,43,11,0,39
2021,"Lewisham 003","E02000655",10281,893,63,0,0,0,1,7,52,0,286,2,52,112,3,12,14,0,7,0,5,5,0,8,6,9,5,4,4,54,0,3,0,43,3,0,8,13,0,107,5,1926,696,5,1,82,8,15,26,3,6,4,1,80,10,1,1,3,0,659,1,1,1,4,19,226,11,0,4,0,21,3,13,21,1601,40,1,322,0,1142,12,2,1,15,4,35,2,2,2,21,948,1,1,1,2,2,1,4,0,14,3,7,7,5,2,0,4,0,6,2,3,1,5,0,32,0,2,2,3,0,2,6,2,0,3,2,1,4,61,3,0,3,1,0,14,0,3,0,3,0,11,241,117,326,0,3,0,0,32,4222,0,18,7,2,0,0,16,3,2,2,1,33,9,2,2,5,1,4,8,8,2622,5,292,7,32,0,15,39,0,0,46,22,1,103,0,95,11,11,3,12,28,0,3,0,0,33,0,6,54,0,10,5,0,167,127,62,45,57,16,1,15,0,11,10,70,11,3,19,5,9,5,1,4,0,6,691,3,10,0,3,1,75,0,0,1,0,2,0,6,1,10,2,1,0,0,1,0,3,10,10,0,0,0,281,0,14,2,1,11,0,17,0,7,2,3,0,0,5,5,7,10,10,5,0,1,1,2,0,0,8,1,1,0,0,32,6,3,12,0,18,26,4,0,57
2021,"Lewisham 005","E02000657",9903,738,8,0,1,0,0,0,68,0,232,0,29,125,3,5,15,1,14,7,4,3,0,0,4,7,21,0,4,42,0,1,0,28,21,2,4,5,9,75,0,1424,752,1,0,63,7,7,1,5,4,9,0,73,13,0,2,0,2,356,2,5,0,1,15,48,9,3,0,0,14,2,9,21,1316,28,2,171,0,919,10,0,0,13,12,146,0,0,3,12,805,1,1,1,2,6,0,10,2,6,0,14,2,4,1,0,5,0,1,2,4,1,12,1,25,0,0,0,2,0,2,2,0,0,0,0,1,1,73,7,0,1,0,0,5,3,0,2,0,1,3,170,149,257,1,5,1,0,18,5109,0,17,1,0,0,0,41,3,0,0,0,22,22,0,2,4,3,8,3,10,3639,1,268,11,40,2,30,23,12,3,21,17,0,202,1,111,14,1,0,3,30,1,21,2,0,34,0,1,70,0,8,0,0,62,82,18,31,48,23,1,0,4,12,5,53,17,1,7,8,18,3,0,0,0,14,511,5,5,0,0,0,64,0,0,0,3,1,1,1,0,9,4,0,1,1,0,2,1,11,0,0,1,0,161,1,11,3,2,13,0,3,0,4,2,0,0,0,4,5,5,1,20,0,0,0,0,0,0,0,1,3,0,8,0,18,6,5,0,0,10,30,5,0,80
2021,"Lewisham 006","E02000658",8625,522,5,2,0,0,0,0,38,0,164,0,18,90,16,5,14,0,2,0,4,4,0,0,0,1,5,2,1,24,4,0,1,15,2,1,11,11,1,79,2,1113,497,15,0,40,3,11,22,4,13,2,0,56,10,0,0,0,0,248,0,3,1,0,18,111,14,2,3,0,12,5,2,21,1120,16,2,284,4,743,6,1,0,4,4,38,0,0,7,11,722,4,2,0,0,4,0,3,0,12,3,2,3,8,3,0,2,0,4,2,0,0,4,0,46,1,0,0,3,2,0,6,5,0,0,1,1,2,57,7,0,1,2,0,4,0,5,1,5,0,7,134,99,247,0,7,0,0,23,4630,1,12,0,0,1,0,43,0,1,1,1,9,22,3,2,3,4,4,1,23,3401,1,241,3,32,0,28,20,8,3,17,13,0,170,0,83,13,1,3,5,19,3,12,2,0,31,1,0,63,0,11,0,0,51,74,19,20,20,15,3,6,4,8,3,28,28,6,4,7,3,4,0,0,0,12,518,12,10,0,0,0,42,0,0,0,0,2,0,1,2,5,1,0,1,0,1,0,0,30,4,3,5,1,192,0,9,0,2,5,0,6,0,2,1,0,0,0,10,1,0,8,12,4,0,0,0,0,0,0,0,1,1,0,0,21,10,0,1,1,12,43,10,0,46
2021,"Lewisham 007","E02000659",8066,760,19,0,0,0,0,4,38,0,218,0,18,184,1,4,20,0,2,4,9,7,0,3,4,10,4,1,6,47,0,0,0,45,3,0,15,4,4,83,3,764,305,0,0,24,4,5,7,4,7,5,1,55,5,0,0,3,0,202,0,1,0,0,11,62,11,2,0,3,18,2,14,13,812,10,0,175,0,571,6,1,1,12,2,24,1,0,0,9,594,0,3,0,3,6,1,5,1,4,0,8,4,5,3,1,9,2,1,2,1,0,8,1,14,0,2,1,2,0,0,1,2,0,1,0,1,0,33,10,0,1,0,0,1,0,0,2,1,0,6,137,103,186,0,2,1,0,19,4849,0,9,0,1,4,0,35,5,3,4,0,9,14,1,1,5,0,1,5,10,3591,3,241,3,36,2,41,21,1,2,20,12,1,153,3,60,7,17,1,3,21,2,12,0,0,43,0,4,60,0,15,0,0,38,73,41,22,24,33,0,3,3,9,1,37,7,5,31,0,17,4,0,1,1,17,287,6,8,0,5,0,57,0,0,0,0,1,0,1,2,6,0,0,0,0,0,0,3,4,0,0,2,0,64,4,6,1,0,5,0,6,2,1,1,0,1,0,0,3,0,2,4,2,0,1,0,1,0,0,0,0,0,0,0,11,2,4,2,1,32,14,1,0,21
2021,"Lewisham 008","E02000660",8217,708,8,0,0,2,0,1,31,1,163,0,10,255,1,1,19,0,13,1,2,2,0,8,1,7,3,0,5,65,0,0,0,20,4,2,13,5,0,63,2,672,333,0,0,29,3,9,14,6,5,7,1,62,11,0,1,2,2,140,0,1,0,0,2,20,1,3,1,0,13,1,0,5,975,14,1,163,1,712,7,0,2,19,3,38,1,0,3,11,668,1,1,0,0,4,0,6,3,6,2,4,6,4,2,2,5,0,3,4,1,5,15,3,24,0,2,1,1,6,0,5,4,0,1,0,2,0,43,1,0,1,2,1,4,3,0,1,5,0,11,135,102,196,6,11,0,3,20,4852,1,12,0,3,1,0,49,3,0,7,0,6,27,0,2,2,2,12,3,10,3371,3,255,5,56,3,43,15,43,0,14,22,2,205,0,149,8,1,1,4,20,3,16,4,0,44,0,1,40,0,17,4,0,30,60,45,35,37,21,2,5,0,8,10,39,6,2,36,7,3,11,1,0,0,5,342,2,3,1,0,0,46,0,1,0,0,3,0,4,2,3,0,1,1,0,0,0,1,19,1,1,2,0,87,0,7,4,1,13,0,16,0,5,1,2,0,0,11,0,1,2,14,1,0,1,2,0,0,0,0,0,0,1,2,9,8,2,2,0,15,17,0,0,27
2021,"Lewisham 009","E02000661",6494,420,5,1,0,0,1,1,25,1,121,0,19,109,0,3,4,0,7,0,1,5,1,1,13,3,4,0,2,38,0,0,0,24,1,0,2,9,0,14,5,392,193,0,0,24,13,1,2,0,0,1,0,18,1,0,0,2,1,105,1,0,0,0,3,2,0,3,0,0,4,2,6,10,417,8,0,67,0,314,1,0,0,3,2,10,0,0,0,12,504,0,0,0,1,0,1,0,0,5,0,4,2,0,0,1,3,1,1,1,0,0,6,0,8,0,2,2,1,0,29,3,1,0,2,0,0,1,36,1,2,1,0,0,1,0,2,0,2,0,11,129,70,145,3,2,0,4,20,4523,1,17,4,0,1,2,26,2,0,3,1,8,8,3,0,3,1,4,1,7,3482,0,225,0,33,1,23,31,7,4,24,16,0,112,2,46,20,0,0,2,14,3,7,2,1,28,1,3,19,1,12,5,0,46,49,13,15,38,15,3,4,3,15,7,36,12,2,24,5,15,0,0,1,0,4,238,0,5,0,0,0,43,0,0,0,3,0,2,1,2,0,2,1,0,0,2,1,0,9,0,0,2,0,73,0,6,0,0,3,0,2,0,0,1,0,0,0,0,6,2,1,4,0,1,1,0,2,0,0,3,0,0,0,0,10,0,0,12,0,10,11,0,0,17
2021,"Lewisham 010","E02000662",8284,527,26,0,1,0,1,0,43,0,122,0,15,90,1,12,8,0,4,0,1,1,0,3,3,2,0,0,7,64,0,0,0,36,2,0,25,6,1,45,8,1359,641,0,0,63,8,20,26,10,3,17,0,91,12,2,1,0,0,295,1,3,0,0,14,79,14,1,7,0,27,0,9,15,1425,40,0,263,0,1035,3,2,1,22,6,37,1,0,1,14,694,3,1,1,2,3,2,0,3,10,2,0,7,2,0,0,3,2,8,2,2,0,5,0,16,2,2,0,1,4,0,5,1,0,2,0,1,1,39,4,0,1,0,1,3,0,0,1,3,0,5,127,101,287,1,5,0,0,23,3942,1,20,4,0,0,0,28,0,0,2,1,4,11,0,0,0,0,10,3,3,2825,3,201,7,40,1,52,17,4,1,20,28,0,133,1,93,5,1,1,7,15,0,10,4,0,30,0,5,30,1,14,1,0,70,81,26,15,20,9,1,1,0,5,0,19,6,2,24,5,9,4,1,2,0,5,337,2,9,2,0,2,44,0,0,0,0,3,1,4,4,3,15,0,3,0,0,0,1,5,0,1,0,1,76,2,6,1,0,8,0,11,0,3,1,0,0,0,3,1,4,3,11,2,0,3,0,3,0,0,8,0,0,1,0,12,1,1,14,1,24,12,7,0,18
2021,"Lewisham 011","E02000663",6798,473,11,0,1,0,0,0,11,1,93,0,10,107,1,3,12,0,4,0,0,8,1,3,0,3,1,0,1,48,0,0,1,83,5,0,39,6,0,11,9,676,334,2,0,24,0,3,16,8,0,1,2,48,2,0,0,3,0,176,2,1,0,0,13,9,0,1,0,0,12,5,3,11,911,18,0,124,2,703,5,2,1,16,3,27,0,0,0,10,560,0,3,0,0,2,2,8,1,6,0,9,5,5,2,0,11,0,3,1,4,1,10,0,28,1,3,0,0,0,1,1,2,0,4,1,2,3,50,3,1,0,0,0,1,0,1,2,2,1,5,116,77,161,0,5,1,1,14,3918,2,6,0,0,1,0,32,2,0,4,1,9,12,3,1,3,3,1,3,7,2923,1,187,8,31,0,20,24,1,1,9,9,0,145,1,69,13,2,1,4,10,2,15,3,0,27,0,0,17,2,12,1,0,30,66,16,46,36,8,0,5,1,7,0,27,7,4,17,8,6,1,0,1,0,4,260,1,5,3,0,0,23,0,0,0,0,2,0,3,1,2,0,1,2,0,1,0,0,7,0,1,0,0,60,0,1,2,1,7,0,3,0,1,0,0,0,0,0,3,4,7,13,2,0,0,0,0,0,0,1,0,0,0,1,12,10,9,18,0,8,23,2,0,20
2021,"Lewisham 013","E02000665",8158,567,21,0,0,3,0,2,68,0,142,2,18,105,0,5,10,2,0,2,2,3,0,0,2,2,5,0,3,29,0,0,3,70,1,0,30,2,1,28,6,604,280,0,0,25,2,7,9,1,1,2,1,54,3,0,0,2,0,148,1,2,1,2,11,16,1,5,1,0,9,2,12,6,876,6,4,150,1,646,6,0,2,7,5,37,4,0,1,7,589,0,0,0,1,1,1,6,4,14,5,1,1,7,0,2,6,2,7,0,4,3,6,0,15,1,1,0,0,9,8,4,1,0,0,0,0,0,49,2,0,1,1,0,0,0,2,3,0,1,3,139,83,172,1,6,1,0,15,5217,0,8,1,0,2,1,39,3,0,5,0,14,13,0,2,3,7,3,2,8,3793,6,229,3,43,0,22,47,13,0,14,18,1,177,0,53,8,4,0,5,32,2,7,1,0,30,4,3,41,9,11,3,0,42,63,25,27,198,24,4,4,1,18,1,37,13,4,28,17,7,5,1,1,0,7,305,0,2,0,3,10,40,0,0,0,2,4,6,3,2,2,0,0,2,1,2,0,2,8,3,0,1,0,71,0,12,1,1,5,0,2,0,1,0,0,0,0,8,0,0,0,3,3,0,0,1,0,0,0,0,0,0,1,0,6,4,0,19,0,20,26,4,0,24
2021,"Lewisham 014","E02000666",7186,587,23,2,2,0,0,6,38,1,81,0,20,89,0,1,5,1,5,1,2,4,0,2,0,1,0,0,7,152,0,0,1,80,1,1,33,10,1,16,1,647,276,0,0,29,1,4,14,2,4,4,0,37,4,0,1,0,0,214,1,1,0,0,4,22,0,5,0,0,8,0,3,13,925,6,0,157,3,714,1,0,0,7,8,28,0,0,1,0,616,2,2,0,0,3,0,2,0,2,4,7,11,0,2,0,6,1,7,0,0,0,11,0,14,0,2,3,2,4,0,5,0,0,6,1,2,0,35,7,0,3,0,2,2,3,0,1,0,0,9,137,81,224,0,1,1,1,10,4129,2,10,0,0,0,1,40,2,1,3,1,6,17,0,0,1,1,2,0,0,3162,1,171,3,31,0,14,14,0,0,8,6,2,184,1,53,7,7,2,0,14,1,8,1,1,23,0,1,37,0,20,4,0,56,43,21,9,41,7,0,2,1,8,8,19,7,0,17,15,3,4,1,1,1,2,282,6,5,0,1,0,28,0,2,1,0,2,0,1,0,1,0,1,3,0,2,0,1,18,5,1,1,0,57,1,1,0,0,3,0,15,1,5,0,0,2,0,9,0,0,2,10,1,0,0,2,0,0,0,0,3,1,0,0,10,1,7,8,0,12,25,4,0,23
2021,"Lewisham 015","E02000667",6673,434,5,0,0,1,0,13,22,0,66,0,5,92,1,2,10,7,1,0,4,8,0,0,1,0,1,0,2,138,0,0,0,18,2,1,21,1,0,12,0,379,162,2,0,14,6,6,6,1,0,0,0,41,0,0,1,0,0,98,0,0,0,0,2,21,0,1,2,0,8,2,4,2,860,2,2,99,2,700,3,0,1,30,0,13,0,0,0,8,535,1,1,0,0,0,3,6,1,15,2,2,5,14,0,0,2,2,5,0,2,1,5,0,10,0,3,0,2,0,0,1,2,0,2,3,0,1,37,5,0,0,0,1,1,0,1,4,1,0,2,139,61,172,3,3,0,2,12,4236,0,3,0,1,3,1,47,2,0,0,0,3,11,1,0,0,4,1,1,3,3273,3,166,2,20,0,13,13,4,0,18,6,0,188,0,72,8,0,0,2,10,2,12,2,1,33,3,3,32,0,8,0,0,51,59,6,9,58,2,5,3,2,5,1,13,8,3,0,29,1,0,1,0,0,5,229,1,3,0,6,0,6,1,0,0,0,0,0,2,5,2,0,0,1,0,0,0,1,14,1,0,3,0,56,3,3,0,0,8,6,7,1,4,0,0,0,0,0,0,0,1,1,3,0,0,0,0,0,0,0,0,0,0,0,3,0,0,6,0,1,55,0,1,24
2021,"Lewisham 016","E02000668",6852,663,30,0,0,1,0,2,59,0,158,0,14,143,1,2,11,0,6,0,4,0,0,0,5,5,5,0,0,38,0,4,0,86,1,1,36,17,0,33,1,468,194,2,0,15,0,7,2,0,2,0,0,28,1,0,0,1,2,136,1,1,0,0,30,29,0,3,0,0,9,0,1,4,589,12,0,96,2,443,2,1,0,7,1,18,0,0,1,6,573,0,3,0,0,0,0,3,0,7,2,0,4,4,2,0,1,2,7,5,1,3,10,0,13,3,1,0,2,0,4,3,1,0,4,0,1,1,41,4,0,7,1,0,1,0,0,1,2,0,10,169,78,145,2,5,0,0,20,4276,0,7,4,0,0,2,16,2,0,0,1,10,15,0,0,3,1,1,2,2,3320,1,172,4,36,0,9,15,2,1,14,12,1,164,2,42,2,6,0,4,14,2,7,1,0,22,0,1,43,1,4,1,0,38,69,16,20,47,28,2,4,0,15,1,16,9,1,15,6,5,4,0,3,0,8,283,12,1,0,1,1,35,0,0,0,0,8,0,1,6,4,4,0,0,0,0,0,1,10,0,3,4,0,67,0,11,0,1,6,0,5,0,9,0,0,0,0,5,1,1,0,8,4,0,1,0,0,1,0,1,0,0,0,0,0,1,6,6,0,11,25,5,0,17
2021,"Lewisham 017","E02000669",7963,858,30,0,1,2,5,0,44,3,228,0,75,162,0,6,13,0,6,0,1,3,1,1,5,1,8,0,5,85,0,0,0,96,7,0,44,4,1,19,2,682,260,10,0,24,1,13,13,0,6,3,3,46,7,0,2,0,0,188,1,0,0,0,8,63,0,5,0,0,6,0,11,12,1147,7,0,159,0,886,10,0,0,24,1,38,0,0,5,17,792,6,1,0,3,2,5,12,3,6,3,3,6,6,2,6,5,1,2,2,1,0,8,0,18,2,3,2,0,2,1,8,1,0,0,0,1,0,86,2,0,1,2,2,4,0,0,1,2,0,5,134,159,233,0,7,1,1,31,4165,0,19,0,1,6,3,21,1,0,5,0,17,97,0,0,2,2,3,1,4,2857,1,226,4,28,0,21,21,16,7,9,21,2,113,0,68,6,3,0,2,16,0,7,0,0,26,0,0,71,0,8,5,0,55,114,30,42,61,33,0,7,0,12,4,52,3,1,0,2,7,5,0,8,0,9,319,6,1,0,0,0,57,0,1,0,1,2,4,2,5,3,1,0,0,0,1,0,4,6,0,0,0,0,79,2,5,0,0,1,0,4,0,7,0,3,0,0,11,0,0,2,2,7,0,0,0,9,0,0,4,0,0,0,0,7,7,1,6,0,11,32,1,0,24
2021,"Lewisham 018","E02000670",6701,495,15,0,0,0,0,2,39,0,66,0,55,60,0,6,4,1,4,2,1,3,0,7,8,0,3,0,1,73,0,1,0,75,0,0,35,6,0,21,7,1152,620,1,0,35,4,9,27,3,7,1,12,55,8,0,0,3,0,221,1,2,1,0,5,32,0,7,0,1,20,2,4,71,1377,13,0,207,0,1084,12,0,0,9,2,34,1,0,3,12,592,1,0,3,0,10,5,9,0,5,7,1,12,7,2,0,4,0,4,0,6,0,8,0,19,0,1,1,0,2,0,7,0,0,4,0,0,1,44,3,0,2,0,0,7,0,0,0,6,0,12,121,80,175,0,5,1,0,17,2678,0,18,3,1,2,1,11,0,1,0,0,15,17,3,1,1,2,1,0,1,1726,1,159,2,24,0,9,16,4,0,45,15,0,59,0,24,6,6,0,3,22,2,5,0,0,15,2,0,58,2,16,0,0,51,71,31,40,83,8,1,10,1,4,7,28,4,2,12,11,3,2,0,2,0,8,407,2,20,1,0,0,39,0,0,0,0,1,4,1,2,2,1,0,2,0,0,0,0,20,0,0,5,0,115,0,2,3,0,2,0,10,0,4,0,0,1,0,8,2,8,0,5,4,0,3,1,0,0,0,2,2,0,0,0,13,2,7,10,0,57,9,6,2,29
2021,"Lewisham 019","E02000671",8744,484,10,0,1,0,0,0,27,1,94,0,31,133,0,6,11,0,7,1,1,1,0,9,6,1,1,2,2,52,0,0,0,20,7,0,21,12,6,16,5,579,247,0,1,21,1,4,7,1,5,7,2,62,2,0,0,2,0,169,2,1,0,0,2,23,0,6,0,0,5,0,3,6,1090,12,0,167,2,823,10,2,0,23,4,31,0,1,4,11,733,1,0,0,0,1,1,11,0,6,0,4,4,9,2,0,3,1,4,2,5,0,12,0,15,1,1,0,0,0,1,4,3,0,2,1,1,1,60,8,0,1,3,1,0,1,0,4,5,0,10,197,96,217,1,10,0,2,21,5527,2,0,2,0,0,1,56,3,0,0,0,6,18,0,5,2,0,2,6,11,4247,3,229,4,43,0,26,10,7,4,22,9,0,194,6,70,5,0,0,7,8,0,15,2,0,25,0,5,26,8,21,6,0,49,70,26,15,91,8,0,3,1,13,5,37,9,2,26,32,3,3,2,3,0,13,331,6,3,0,0,1,44,0,0,3,1,2,0,5,1,6,2,0,2,0,0,0,1,7,3,0,1,0,66,2,6,2,3,7,0,10,0,0,0,1,0,0,2,4,1,1,2,3,3,3,2,2,0,0,1,0,0,3,0,9,3,9,9,0,27,31,2,0,29
2021,"Lewisham 020","E02000672",10265,1099,45,1,2,2,0,4,149,0,149,0,69,153,0,0,18,0,5,2,5,6,0,3,0,5,5,1,0,216,3,3,0,151,3,0,51,23,0,20,5,1284,656,0,0,64,3,8,14,6,3,2,11,104,11,0,0,2,0,302,1,1,1,0,14,17,3,2,0,2,19,3,11,24,1620,19,0,280,3,1180,10,4,0,33,11,62,4,0,0,14,880,5,1,0,0,1,0,15,1,10,0,12,4,3,4,3,7,0,14,3,0,1,9,0,19,0,0,2,0,3,0,1,2,0,2,0,1,0,59,8,0,3,1,0,1,0,2,1,3,3,3,121,215,301,1,7,0,2,26,4884,0,13,4,0,2,0,50,0,0,2,0,36,42,3,0,1,7,5,4,7,3178,7,241,1,41,0,28,26,2,4,20,6,0,149,0,91,4,2,1,2,26,2,10,4,1,20,1,2,58,1,11,6,0,309,95,49,52,97,15,1,7,4,10,12,39,3,3,18,22,9,9,1,2,1,5,498,4,14,2,1,0,74,1,0,0,0,10,3,4,0,0,3,0,2,0,4,0,3,26,11,0,0,0,111,2,6,2,1,1,0,0,0,2,0,3,0,0,3,1,3,4,19,1,0,3,0,4,0,0,4,0,0,3,0,10,0,3,26,0,24,46,8,2,44
2021,"Lewisham 021","E02000673",8139,491,5,0,0,2,0,2,15,0,117,0,20,149,0,3,28,4,5,0,3,2,4,2,3,0,3,0,0,39,0,0,2,39,2,2,13,7,0,18,2,609,316,0,0,23,0,8,0,1,1,2,1,67,1,1,0,3,0,117,1,0,2,0,8,15,0,5,0,0,16,3,5,13,683,8,0,110,1,510,1,0,0,19,3,18,3,0,0,10,669,1,0,1,3,2,1,6,3,9,2,1,4,3,2,0,2,1,7,1,0,0,15,2,11,3,1,0,1,3,3,1,0,0,2,1,1,0,53,1,0,1,0,3,3,1,0,2,1,0,5,182,79,215,3,5,1,1,20,5429,4,4,0,0,1,0,42,4,0,2,0,11,10,4,1,4,6,6,6,9,4229,1,245,5,38,0,39,16,8,1,26,22,0,184,0,76,16,4,1,0,10,2,16,1,0,44,0,3,29,0,17,3,0,34,83,12,7,34,7,1,4,0,14,7,16,11,3,14,8,4,8,0,3,0,9,258,0,3,0,0,0,20,0,0,0,4,4,0,2,0,2,3,0,0,0,3,0,2,5,0,0,2,0,62,3,4,1,2,5,0,23,0,2,1,3,0,0,3,1,0,6,9,3,0,1,2,0,0,0,1,0,5,0,0,3,0,0,6,2,11,29,0,1,19
2021,"Lewisham 022","E02000674",8455,754,64,0,1,2,0,3,71,0,69,0,37,130,1,0,6,0,1,1,0,25,0,4,0,7,1,13,4,58,0,0,0,157,0,0,66,3,0,22,8,751,284,5,0,27,3,11,9,3,2,5,5,55,7,0,3,4,0,256,0,0,0,0,6,25,7,5,0,0,8,1,4,16,1896,18,3,261,0,1535,4,0,0,12,5,37,1,1,1,18,634,5,2,0,2,1,0,10,0,5,0,1,5,5,2,1,1,0,4,0,3,0,8,1,40,0,0,2,2,0,0,9,0,0,2,0,4,0,46,4,0,0,1,0,3,1,2,3,2,1,4,85,105,234,3,2,3,0,20,4038,1,15,1,0,0,0,18,0,2,2,0,35,8,1,0,0,4,0,2,0,2884,1,184,0,26,0,31,6,5,0,119,20,2,169,0,35,3,0,0,3,17,0,6,1,0,21,0,1,39,0,5,2,0,36,77,95,14,49,15,0,1,4,6,0,38,8,1,7,6,2,2,1,0,0,7,382,1,2,0,2,0,60,0,1,0,0,1,0,10,5,1,0,0,0,0,1,1,1,6,0,0,5,0,77,0,6,0,1,6,0,5,0,6,0,0,0,0,1,1,6,1,9,0,0,8,0,0,0,0,6,0,0,0,0,8,5,22,28,0,5,58,2,0,24
2021,"Lewisham 023","E02000675",8534,876,36,0,1,0,0,4,60,1,200,1,16,234,0,3,13,0,3,0,2,9,1,3,4,1,1,0,2,57,5,0,3,136,1,0,50,2,0,23,4,763,295,1,4,13,7,13,5,9,3,3,4,83,5,0,0,2,0,242,0,3,0,1,13,9,4,2,2,1,16,0,2,21,960,11,2,176,1,718,3,0,5,6,5,22,2,0,0,9,695,1,1,0,0,1,0,6,0,9,2,3,4,5,0,0,0,1,1,0,1,0,15,0,25,0,6,0,0,3,3,3,3,2,2,2,0,0,112,2,0,0,0,2,3,3,0,5,1,0,4,83,97,262,0,1,3,2,16,4874,0,38,1,2,0,6,29,3,0,1,0,12,17,0,2,3,3,5,2,5,3762,2,202,1,15,1,15,30,8,8,13,25,2,137,0,48,3,2,0,4,22,0,9,0,0,9,1,6,38,1,7,5,0,43,66,15,39,86,9,4,2,1,8,1,15,7,0,25,39,1,4,0,0,1,3,366,3,9,0,1,0,40,4,0,0,0,5,0,4,1,2,1,0,3,0,3,0,1,19,0,0,8,0,33,0,7,3,0,0,0,6,0,9,2,0,0,0,5,1,2,3,8,2,0,1,1,1,0,0,0,1,0,0,0,2,2,9,15,0,34,74,2,1,38
2021,"Lewisham 024","E02000676",7823,463,26,0,0,0,0,0,48,0,82,0,18,109,0,1,10,0,5,7,4,5,3,0,5,0,0,6,3,49,0,0,0,53,2,0,14,3,0,3,7,572,250,0,0,40,2,3,1,1,4,3,0,57,2,0,0,3,0,122,1,0,0,0,6,54,0,1,1,0,4,0,4,13,1058,24,0,159,3,776,11,1,2,10,3,52,3,0,0,14,705,2,0,1,8,0,4,15,3,4,0,1,4,6,0,0,5,1,8,0,0,2,8,2,5,0,2,1,3,2,0,10,1,0,4,2,3,0,54,2,0,5,0,0,8,0,1,3,5,0,8,148,99,241,3,3,0,4,14,4782,1,9,2,0,2,0,35,1,0,1,0,9,60,3,0,1,0,6,2,7,3757,6,155,0,50,0,25,20,2,7,17,13,1,159,0,57,5,1,0,2,20,0,9,3,0,20,0,4,19,0,14,0,0,29,66,21,12,40,10,2,8,1,10,0,37,6,2,10,10,2,3,1,0,1,6,243,7,7,0,4,0,34,0,0,0,0,1,0,0,3,0,1,0,1,0,0,0,0,6,1,1,0,0,27,0,8,0,1,10,0,8,0,1,3,0,0,0,0,0,0,2,12,3,0,0,0,0,0,0,10,5,0,0,0,4,4,3,8,0,14,31,0,1,22
2021,"Lewisham 025","E02000677",7213,796,51,0,0,0,0,3,41,2,63,2,32,157,1,0,2,1,2,2,1,13,1,0,1,0,0,6,3,201,1,2,0,130,1,1,55,4,0,9,8,783,350,0,0,22,0,2,6,0,6,2,2,49,0,1,1,1,0,227,0,0,0,0,13,32,2,1,2,0,10,0,8,46,1521,10,0,201,0,1223,12,0,2,26,0,37,3,0,1,6,563,0,0,1,0,2,0,7,0,23,2,1,1,11,1,0,0,0,2,5,0,1,11,4,20,1,3,1,0,0,0,6,2,0,0,0,0,3,26,3,0,2,2,0,0,4,2,2,1,0,3,71,98,215,1,5,3,0,17,3098,0,3,0,0,3,0,13,2,2,1,0,5,21,0,0,0,5,1,1,3,2238,0,146,1,13,7,11,3,11,0,22,4,0,147,0,36,0,4,0,7,19,0,10,0,0,15,0,1,22,0,7,2,0,57,55,17,12,53,28,0,1,1,2,0,8,2,0,23,31,3,5,4,0,0,10,452,17,13,1,0,1,31,0,0,3,0,1,2,1,3,0,0,0,5,0,0,0,2,17,0,4,7,0,68,0,8,5,0,2,0,6,2,1,0,1,0,0,10,5,1,4,3,1,0,0,0,1,0,0,8,0,0,0,0,5,7,10,19,1,24,125,0,0,27
2021,"Lewisham 026","E02000678",6959,559,37,0,0,0,0,3,44,0,82,0,14,97,0,2,2,0,0,0,1,3,0,1,0,4,0,0,0,48,0,2,0,104,0,0,90,3,1,20,1,1234,513,1,0,90,0,3,6,1,3,9,4,64,4,0,1,3,0,420,0,1,1,0,11,42,3,2,0,1,16,0,10,25,1304,20,0,241,0,953,11,4,0,13,7,35,2,0,0,18,511,1,4,0,2,1,0,7,1,9,3,1,9,12,2,0,0,0,0,0,0,2,0,0,7,2,0,0,0,0,1,3,0,0,2,0,0,0,39,1,0,0,0,0,2,0,1,1,3,0,5,55,89,227,0,1,0,0,18,3087,1,4,0,0,0,0,3,0,1,1,0,13,10,0,0,1,4,2,2,0,2384,3,105,2,8,0,8,17,0,17,11,11,0,77,0,28,3,3,0,6,17,1,3,0,0,6,0,1,44,1,3,0,0,56,76,22,12,52,7,0,8,0,7,1,13,3,0,22,6,0,0,0,1,0,0,264,2,9,0,1,0,45,0,0,0,0,2,5,3,5,0,0,0,2,0,0,0,0,4,1,0,0,0,33,0,3,1,0,1,0,9,5,8,0,2,0,0,6,0,2,8,4,3,0,0,0,0,0,0,5,2,0,0,0,3,1,14,18,1,11,25,0,0,20
2021,"Lewisham 027","E02000679",8139,571,50,0,0,0,0,5,49,0,110,0,25,128,1,4,4,4,2,2,3,11,0,0,1,4,2,0,2,51,0,0,0,44,4,0,9,5,3,39,9,839,336,5,1,48,3,9,21,2,2,1,4,75,5,2,1,0,0,240,0,3,0,0,8,28,0,6,1,0,8,2,12,16,1192,20,0,216,0,878,7,2,0,21,2,35,0,0,0,11,680,0,1,2,3,2,0,12,2,2,3,3,3,3,0,0,3,0,4,2,4,0,7,0,10,5,8,0,5,1,1,2,5,0,0,2,3,0,52,2,0,2,0,0,6,0,1,3,0,0,4,179,91,204,3,9,1,0,25,4529,0,19,2,0,0,0,30,1,0,2,1,6,5,1,0,1,2,3,4,3,3496,1,203,3,25,2,21,12,4,0,7,8,5,139,0,45,11,6,0,6,13,1,9,1,0,17,0,0,36,2,7,2,0,36,72,43,24,89,4,1,2,0,13,1,31,5,3,18,5,2,1,0,0,1,16,328,5,7,0,5,2,43,0,0,0,2,0,0,0,4,1,3,0,1,0,0,1,1,9,0,0,5,0,44,1,10,1,4,9,1,21,0,0,0,0,0,0,8,9,1,8,1,3,2,0,0,0,0,0,0,2,0,7,0,9,0,10,0,0,15,38,3,1,31
2021,"Lewisham 028","E02000680",7051,505,29,0,0,0,0,0,53,2,113,3,31,100,0,2,22,0,2,0,3,0,0,0,0,5,1,0,1,61,0,0,0,46,0,0,4,1,3,23,0,850,374,0,0,45,1,5,17,7,6,7,0,64,4,1,0,5,0,225,1,0,0,0,14,38,0,1,0,0,11,4,9,11,902,20,6,179,1,649,4,0,0,9,3,13,1,0,7,10,610,0,1,0,0,1,0,9,1,8,2,0,1,2,1,0,3,3,4,0,2,0,10,0,14,0,4,2,2,2,0,6,2,0,5,0,0,0,40,2,0,1,0,0,6,1,0,0,0,1,3,119,88,247,1,6,0,1,9,3856,1,22,0,0,1,0,21,1,3,2,1,8,16,0,2,1,0,4,4,2,2867,0,204,5,38,0,14,18,7,4,16,16,0,130,0,40,13,14,1,6,12,2,10,5,0,18,0,0,25,3,13,6,0,53,80,14,10,37,6,2,1,2,5,5,12,2,3,28,2,4,5,0,2,0,7,328,0,7,0,3,0,31,0,0,0,0,0,0,0,1,5,1,1,0,1,0,1,0,8,0,2,1,0,69,0,7,0,0,6,0,65,0,2,0,1,0,0,4,0,2,1,1,0,0,0,1,0,0,0,0,8,0,6,0,8,3,0,10,0,33,11,1,2,25
2021,"Lewisham 029","E02000681",8467,746,40,0,0,0,0,3,55,0,95,0,30,127,1,3,5,0,0,0,2,9,0,6,12,4,0,0,0,41,0,0,2,197,0,0,40,3,25,42,4,1167,508,8,0,58,5,11,13,1,8,7,1,78,3,0,1,2,0,373,1,1,0,0,7,22,7,3,0,0,16,7,3,23,1668,24,0,282,0,1242,16,1,0,27,3,47,3,0,12,11,657,1,2,0,0,1,3,11,2,18,5,4,4,9,0,0,2,0,3,0,0,0,9,0,8,0,1,0,4,2,0,2,0,0,0,0,0,2,53,3,0,2,0,2,2,1,1,2,4,0,1,71,85,313,2,0,0,3,19,3846,1,12,0,0,0,3,14,1,1,0,0,4,31,0,0,0,2,0,1,2,3000,1,130,2,15,0,9,5,2,4,6,2,0,98,0,41,6,17,0,4,17,0,3,3,0,6,5,0,65,1,2,8,0,34,76,21,26,66,5,4,4,0,10,1,22,1,0,31,11,6,2,0,1,0,1,383,13,14,0,0,0,32,0,0,0,1,1,13,1,7,3,0,0,0,0,0,0,0,10,3,0,6,0,39,0,6,0,0,0,0,5,0,3,0,0,0,3,3,1,0,5,12,5,0,0,0,0,0,0,12,0,0,0,0,7,3,19,19,0,39,56,4,0,38
2021,"Lewisham 030","E02000682",8932,1084,72,0,0,0,3,8,64,0,96,0,34,147,6,8,3,0,2,0,3,6,1,0,6,9,1,0,1,76,0,0,0,335,0,0,147,4,0,44,8,1491,576,0,0,71,4,12,22,2,6,3,3,138,2,1,3,2,1,394,0,0,3,2,20,144,0,3,8,0,33,0,13,25,1778,30,2,324,0,1313,15,0,2,26,4,47,1,1,0,13,699,1,0,0,1,0,1,12,6,11,1,4,6,3,1,0,0,0,7,2,3,0,11,2,4,3,2,0,1,3,0,4,4,0,3,1,2,1,52,5,7,0,0,1,1,2,0,7,10,2,1,78,108,301,0,0,1,4,19,3342,0,20,0,0,1,5,3,0,1,0,0,7,11,0,1,0,7,4,0,2,2463,1,118,2,10,4,14,6,10,4,39,7,1,67,0,34,2,7,0,0,24,1,7,0,0,6,6,0,57,0,2,0,0,43,88,22,28,54,33,0,3,0,5,7,24,0,0,30,36,3,4,0,3,0,5,538,13,12,0,1,0,38,0,0,0,0,2,0,1,3,2,4,0,0,0,0,1,2,16,0,0,9,0,53,1,4,1,1,1,0,20,0,6,0,0,0,1,5,1,10,10,5,4,0,4,0,0,0,0,8,0,0,9,7,7,0,19,66,0,25,120,5,0,41
2021,"Lewisham 031","E02000683",6755,463,22,0,0,0,0,0,30,0,94,0,9,81,0,3,4,9,2,0,1,1,0,2,17,2,0,0,1,51,0,0,0,92,4,0,20,4,0,13,1,945,444,1,0,55,1,7,9,2,1,3,0,58,2,0,1,0,0,293,0,1,2,0,14,7,0,0,1,4,16,0,16,7,1008,10,0,169,0,771,4,2,0,7,5,32,1,0,0,7,517,0,5,0,1,0,1,4,0,0,0,1,0,4,0,0,2,4,4,0,5,2,7,0,6,0,3,0,3,0,2,1,0,0,0,5,0,1,51,0,0,0,0,0,2,0,0,2,1,0,0,66,86,220,1,1,7,0,19,3501,0,21,0,0,1,1,15,0,0,0,0,6,45,6,0,3,2,6,2,2,2646,0,113,0,16,0,10,4,4,7,5,11,0,77,0,35,4,4,4,3,26,1,1,0,5,6,2,1,59,0,4,4,0,52,89,12,21,66,8,2,3,1,2,4,19,2,0,13,25,16,3,0,0,0,1,321,1,5,0,1,0,20,1,0,0,2,2,4,1,1,1,0,0,2,0,1,0,0,11,2,0,5,0,68,1,10,5,1,2,0,9,0,5,0,0,0,5,0,2,13,5,11,1,0,0,0,0,0,0,3,0,0,2,0,10,3,13,24,0,15,38,4,1,10
2021,"Lewisham 033","E02000685",8129,514,18,0,0,5,0,1,29,0,92,3,31,125,0,4,8,0,3,0,2,4,0,0,6,0,6,3,3,50,0,0,3,49,0,0,22,5,1,38,3,925,425,3,0,27,5,1,18,0,4,3,3,102,5,0,2,1,0,191,1,3,0,0,17,55,8,0,0,0,20,2,5,24,1172,13,3,198,0,872,14,2,2,20,0,35,1,0,1,11,711,2,0,0,0,5,0,4,1,4,2,0,3,3,1,1,2,0,9,3,1,0,14,0,8,0,2,0,2,2,0,6,3,0,1,0,0,0,72,4,2,1,0,0,1,0,0,3,2,0,0,113,102,301,0,3,4,2,22,4438,2,10,0,1,0,0,15,4,0,0,1,4,29,0,1,4,2,3,5,6,3366,1,194,7,15,5,17,28,11,3,16,9,1,137,0,89,6,15,2,2,16,1,12,2,0,17,4,1,32,2,13,5,0,62,73,19,24,19,14,5,3,0,14,10,18,2,1,34,13,0,2,2,0,0,7,369,0,4,0,9,0,20,0,0,0,5,0,0,6,12,3,1,0,2,0,0,0,0,10,6,0,2,0,77,1,7,1,0,7,6,5,0,5,0,3,1,2,2,1,2,5,6,0,2,0,0,1,0,0,5,0,0,3,4,24,2,1,21,0,45,16,3,0,31
2021,"Lewisham 034","E02000686",7543,692,50,0,0,0,0,0,41,0,81,2,23,139,0,4,2,0,3,0,3,10,2,2,5,6,2,3,1,42,0,0,0,88,0,0,62,4,89,25,3,1346,627,0,0,111,3,12,16,1,4,3,0,95,9,0,2,1,1,345,0,0,0,1,18,45,1,8,0,1,10,4,13,15,1542,16,1,317,1,1099,15,3,0,21,17,34,2,0,0,16,616,1,2,0,0,0,0,4,5,11,2,3,6,6,0,0,0,0,1,1,1,0,6,0,15,0,0,2,1,0,0,6,0,0,4,0,6,1,39,2,0,0,0,0,2,1,0,3,5,1,1,36,107,316,0,0,0,0,19,2946,2,21,2,0,0,0,10,0,0,2,0,8,25,6,0,0,0,1,0,2,2124,1,130,0,9,2,3,11,6,1,11,12,0,72,0,25,3,18,4,2,12,1,4,4,0,6,0,0,37,0,15,1,0,52,116,18,31,61,4,1,3,1,6,3,13,0,0,27,6,5,0,0,0,0,6,401,9,11,0,1,0,40,0,0,0,2,3,1,9,2,0,32,0,1,0,1,0,0,13,1,0,0,0,88,0,3,4,1,1,0,20,0,0,1,2,0,3,5,1,1,2,3,3,0,4,0,1,0,0,3,0,0,1,0,30,7,2,14,2,25,19,0,2,27
2021,"Lewisham 035","E02000687",8265,502,21,2,0,6,0,1,38,3,77,0,18,134,1,2,8,3,5,0,2,0,5,4,7,4,0,0,0,52,0,3,1,54,0,2,13,5,0,28,3,991,410,6,0,38,3,12,8,1,3,1,2,150,1,0,0,4,0,163,1,0,0,0,7,121,0,6,0,0,12,2,2,38,1152,16,0,185,1,882,3,0,0,20,0,37,1,1,1,5,648,1,1,0,2,3,0,12,0,4,0,1,5,0,0,2,5,1,0,4,3,0,10,5,12,1,0,0,0,1,1,2,3,0,0,1,0,1,58,4,0,2,2,1,0,0,0,1,4,2,4,128,99,240,1,2,3,0,16,4711,1,35,1,0,1,0,16,2,1,4,1,11,37,2,0,5,1,8,5,4,3635,0,164,4,27,0,27,15,4,3,10,6,0,190,0,46,7,14,0,13,13,1,15,21,2,22,0,1,39,1,7,0,0,39,101,19,23,23,5,1,2,3,6,3,25,7,0,20,3,1,2,0,0,0,6,261,6,15,0,0,0,29,0,0,2,3,3,2,1,2,1,1,0,0,0,1,0,2,5,1,0,2,0,49,1,10,1,0,5,0,8,0,3,2,0,0,1,3,0,1,2,12,1,0,0,1,3,0,0,3,0,0,0,1,5,4,0,7,0,27,18,0,0,17
2021,"Merton 001","E02000689",9049,1006,5,0,3,1,0,1,109,0,156,0,39,290,5,3,23,1,24,0,1,6,0,4,1,4,1,3,3,238,0,0,1,46,2,1,11,11,1,6,6,195,89,1,0,4,1,0,5,0,4,0,0,27,5,0,0,0,0,23,0,0,0,0,1,18,5,1,0,0,5,0,3,3,131,1,0,22,0,93,0,0,0,3,0,8,1,0,0,3,542,0,1,0,2,3,4,4,1,1,0,5,1,1,1,4,0,0,5,0,0,0,5,2,11,0,5,0,0,2,0,0,4,0,4,0,3,2,48,4,1,5,0,0,1,0,1,1,0,0,8,205,82,81,6,8,4,2,14,6840,0,4,0,0,1,0,107,4,1,6,1,28,30,1,1,12,0,8,3,11,4865,3,356,2,105,0,68,34,6,22,28,29,0,212,0,102,9,1,0,5,11,5,11,1,0,38,2,4,30,2,21,1,0,79,90,51,32,50,21,2,8,1,121,6,95,18,4,40,0,5,11,1,1,5,8,335,0,0,4,1,0,104,1,1,0,0,4,6,0,0,2,0,0,0,0,0,0,0,9,0,1,2,0,46,0,23,3,7,9,0,1,0,0,1,0,0,0,12,5,6,3,4,0,5,2,2,1,0,0,0,1,0,0,0,2,0,1,12,6,17,3,2,1,25
2021,"Merton 002","E02000690",5527,600,1,4,2,1,0,5,7,2,122,0,21,205,1,7,36,0,27,0,0,2,0,1,0,3,3,6,4,74,0,0,0,25,1,1,14,21,0,1,3,37,18,0,0,1,0,0,0,0,0,0,0,0,1,0,0,0,0,7,0,0,0,1,4,1,0,0,0,0,2,0,1,1,53,1,0,12,0,32,2,0,0,2,0,2,0,0,0,2,287,0,0,0,0,1,2,2,0,1,0,0,0,0,0,0,0,0,0,0,0,0,2,0,7,1,4,0,0,0,0,0,2,0,1,0,0,0,18,6,0,6,0,0,3,0,0,0,0,0,9,158,19,29,0,0,0,1,15,4357,0,5,0,1,6,2,36,3,1,5,0,9,7,2,0,1,2,1,17,17,3347,1,172,7,33,0,50,11,4,4,14,10,5,113,1,49,11,1,0,1,0,0,9,1,0,47,0,19,18,3,15,0,0,48,16,10,21,16,20,2,1,0,40,2,26,22,10,36,1,1,11,1,0,0,12,193,0,2,0,0,0,84,2,0,0,1,0,0,0,0,1,0,0,0,0,0,0,0,8,3,0,0,0,10,0,27,0,3,15,0,0,0,1,0,1,0,0,0,2,3,6,3,0,0,0,0,0,0,0,2,0,0,0,0,1,0,0,2,0,1,0,0,0,15
2021,"Merton 003","E02000691",7363,942,15,0,3,1,0,6,15,1,159,0,34,326,2,2,36,5,41,0,1,1,2,0,0,8,13,0,0,148,0,1,0,76,2,1,21,4,3,11,4,209,69,0,0,6,2,0,15,0,5,4,0,42,2,0,0,0,0,28,0,2,0,0,1,13,0,1,0,0,12,1,2,4,138,1,0,28,1,94,0,0,0,8,0,2,0,0,0,4,396,3,0,0,3,3,1,2,1,3,0,0,0,7,1,4,3,0,0,0,0,1,1,0,15,1,0,0,0,0,0,0,1,0,2,1,2,3,32,3,0,0,1,1,6,1,0,0,0,0,5,167,51,52,0,2,3,0,14,5406,5,12,0,1,1,7,80,6,0,4,3,9,43,0,1,1,0,12,4,14,3790,0,269,1,59,0,32,30,9,5,24,15,4,203,0,94,7,5,0,5,5,2,13,0,1,51,0,5,53,2,7,0,0,86,98,41,30,26,24,6,7,1,71,5,47,6,1,26,0,12,11,0,4,1,9,272,2,0,0,2,0,63,4,0,0,0,3,1,1,1,0,1,0,0,0,0,0,0,6,0,0,1,0,30,3,16,1,3,15,2,7,0,2,0,0,0,0,1,2,0,7,4,3,0,0,1,2,0,0,3,13,0,0,0,2,4,1,12,1,17,3,0,0,32
2021,"Merton 004","E02000692",7658,1132,9,6,0,0,0,1,25,1,185,0,35,354,3,7,102,0,181,0,1,1,2,1,3,6,10,0,5,96,0,0,0,57,0,3,14,10,0,10,4,97,43,0,0,3,1,0,0,1,0,0,0,10,0,0,0,0,0,18,0,1,2,0,0,6,0,1,0,0,6,1,2,2,73,0,0,5,1,59,4,0,0,0,0,3,0,0,0,1,425,2,1,0,1,1,0,5,1,2,0,2,0,1,1,0,8,2,2,0,0,0,6,1,25,1,1,0,1,0,1,0,0,0,0,0,0,1,50,5,0,1,0,0,5,2,2,0,0,0,3,188,37,31,2,7,2,2,22,5685,1,6,0,4,7,3,60,3,2,2,0,15,27,1,1,2,1,5,4,16,3916,3,278,11,59,1,54,45,5,0,22,22,3,212,1,113,12,1,0,6,14,1,6,1,0,73,3,12,51,4,23,2,0,75,86,31,23,18,46,6,4,3,73,6,59,16,5,66,0,26,5,1,2,3,17,246,0,1,0,0,0,65,1,0,0,0,8,0,0,0,4,0,0,0,0,2,1,4,5,0,2,1,0,26,2,20,5,6,12,0,0,0,1,1,0,0,0,1,3,0,4,4,2,0,0,0,0,0,0,1,2,0,0,0,9,3,2,4,3,13,0,1,0,27
2021,"Merton 005","E02000693",9847,1484,12,0,4,2,0,6,137,2,151,3,82,430,4,8,17,0,23,1,4,19,4,2,2,8,3,5,9,254,1,0,0,200,5,0,52,15,0,6,13,393,169,0,0,11,3,0,4,3,5,3,0,75,4,1,2,0,0,55,0,0,0,0,0,26,0,0,1,0,14,5,4,8,388,11,0,72,0,261,2,6,1,8,0,16,1,1,0,9,724,3,1,0,2,1,2,5,2,13,0,9,4,0,0,4,3,4,9,2,0,8,10,0,25,2,1,0,0,1,0,2,2,0,6,0,2,0,70,4,2,4,1,1,5,2,1,0,0,1,9,207,100,163,0,4,2,0,25,6413,2,19,2,2,6,4,57,3,0,4,1,30,115,2,4,2,0,10,3,5,4089,2,341,5,38,0,30,42,4,4,34,41,1,244,2,153,3,0,0,15,28,12,7,0,3,28,3,2,97,3,13,3,0,130,291,60,59,102,28,4,22,1,57,13,63,15,1,19,2,1,9,1,1,3,13,445,3,3,1,2,2,88,1,1,0,0,10,1,4,2,9,4,0,0,0,3,0,0,17,18,7,10,0,62,0,24,2,0,2,0,7,0,11,1,3,0,0,13,5,4,2,6,6,0,5,2,1,0,0,2,2,0,2,0,4,15,14,19,2,13,2,0,3,25
2021,"Merton 006","E02000694",9103,1095,11,2,2,0,0,1,90,2,229,1,54,314,1,7,18,0,30,0,2,3,4,2,0,2,7,3,7,121,0,1,1,129,6,0,26,5,0,8,6,191,73,2,2,2,0,1,1,0,3,2,0,35,0,0,0,0,0,37,0,0,4,0,1,10,0,0,0,0,9,0,6,3,214,7,0,32,2,153,1,1,0,8,0,4,0,0,0,6,550,0,0,6,3,0,0,6,2,8,0,3,0,4,4,2,7,0,0,1,2,2,10,0,26,0,2,3,3,3,1,0,0,0,0,4,0,1,58,1,0,0,0,0,4,1,0,0,0,0,3,227,37,85,1,7,0,0,23,6734,1,13,3,0,4,2,76,2,1,12,0,42,64,2,1,4,1,5,9,17,4801,4,318,6,75,1,37,35,7,6,26,16,2,230,5,123,6,1,2,1,6,4,3,2,0,44,3,0,33,1,15,0,1,110,119,56,34,40,19,3,8,1,86,1,80,13,0,50,0,8,21,0,3,3,6,319,1,1,2,3,0,61,1,0,0,1,3,2,0,2,14,0,0,0,0,1,0,5,11,3,7,1,0,52,1,6,2,0,3,0,17,0,0,2,4,0,0,8,6,0,1,12,0,0,1,0,2,0,0,6,1,0,0,0,7,2,9,6,2,10,3,0,0,37
2021,"Merton 007","E02000695",8653,2393,46,4,0,0,0,16,190,6,56,6,81,547,0,7,5,0,2,0,3,34,9,0,9,20,6,0,1,653,1,3,1,438,0,2,210,0,5,15,17,569,207,1,1,21,1,4,12,3,6,2,3,102,0,0,4,2,0,84,0,3,0,0,0,88,2,0,3,0,11,0,5,4,836,2,1,102,0,674,6,2,0,11,4,19,3,0,2,10,478,2,3,0,2,1,0,12,1,3,1,11,4,1,0,1,0,0,1,1,1,0,1,4,8,4,4,0,0,6,0,9,1,1,2,4,6,0,58,2,0,0,1,0,5,1,0,2,0,0,7,115,48,124,1,0,2,0,17,3851,3,9,2,0,0,0,16,3,0,2,0,15,80,1,2,3,0,3,1,5,2253,1,186,3,19,0,14,14,1,0,9,35,2,156,0,42,3,1,0,6,19,6,3,0,2,10,2,1,45,4,4,4,0,86,461,43,26,133,5,1,12,1,11,0,30,2,3,21,0,13,5,0,2,0,6,526,5,2,4,4,1,55,0,1,1,5,3,3,5,22,2,0,0,0,0,7,0,0,20,1,2,0,0,54,5,12,2,3,0,0,4,1,32,0,4,1,1,2,11,2,3,4,0,0,17,0,4,0,0,8,1,2,1,0,3,3,35,124,0,9,7,0,2,26
2021,"Merton 008","E02000696",8637,1802,36,3,5,2,1,15,142,5,159,1,80,413,0,13,7,0,2,0,4,28,5,1,2,14,2,0,0,430,1,1,1,251,0,0,136,8,0,20,14,536,173,0,0,13,0,2,3,3,5,2,2,115,6,3,4,0,0,93,0,1,0,0,4,63,5,0,0,0,18,0,9,12,616,10,0,116,1,414,10,12,1,18,1,20,0,0,2,11,499,4,7,3,0,4,0,4,1,3,0,3,5,4,2,1,7,3,0,3,0,0,9,1,16,4,2,1,0,4,0,0,2,0,0,0,1,0,47,2,0,2,1,0,0,0,0,1,0,1,8,76,54,169,4,4,0,3,33,4665,0,21,3,6,1,2,13,2,1,1,1,23,154,2,2,3,4,5,0,5,2707,1,248,0,9,2,13,18,8,7,17,17,0,143,0,88,1,9,2,9,32,4,9,0,0,10,2,3,121,0,9,0,0,112,475,45,50,118,6,2,6,4,19,2,57,7,1,1,0,9,3,0,5,0,5,519,8,2,4,1,0,104,0,0,0,2,10,5,3,1,0,2,0,0,1,1,1,6,10,19,0,2,0,65,1,10,3,5,1,0,15,0,17,1,0,1,0,9,4,9,4,10,7,0,9,0,4,7,0,4,0,0,0,0,13,2,23,57,4,14,0,7,0,31
2021,"Merton 009","E02000697",8734,1328,15,1,6,0,0,3,47,0,276,0,51,429,4,11,36,0,89,0,6,11,1,5,12,11,6,2,6,164,0,1,1,74,2,0,27,13,0,13,5,106,36,2,0,3,0,0,0,3,0,6,0,25,1,0,1,0,1,16,0,0,0,0,1,3,0,1,0,0,3,1,1,2,131,2,0,12,4,102,0,1,0,1,0,6,0,0,0,3,611,1,0,0,2,3,0,2,0,4,0,13,3,2,0,0,7,3,5,0,3,1,11,0,32,1,1,0,2,0,3,0,0,0,1,0,1,0,60,3,0,4,0,1,7,5,0,0,0,0,7,236,56,99,4,9,0,1,18,6226,3,12,2,2,1,4,81,6,2,2,0,24,55,0,0,5,0,4,1,8,4117,1,349,4,107,2,46,41,10,3,23,35,6,260,0,141,7,4,0,4,12,2,10,0,0,52,3,4,57,8,12,0,0,108,90,56,42,44,52,15,7,0,75,10,67,14,5,63,1,4,27,1,1,2,10,332,6,0,3,0,1,83,0,0,0,0,6,2,0,1,3,0,0,0,0,1,0,5,6,5,1,6,0,45,1,15,1,2,2,0,6,0,2,0,0,0,0,3,11,6,3,14,7,0,0,0,2,0,0,1,2,0,0,2,5,2,4,19,1,6,4,0,0,37
2021,"Merton 010","E02000698",8237,1232,1,0,3,0,0,5,26,0,228,0,17,409,3,6,55,0,136,0,7,10,0,0,9,5,6,0,0,178,0,0,1,65,0,6,24,16,0,11,5,100,42,4,0,2,0,0,0,0,1,1,0,11,0,0,0,0,0,24,0,0,0,0,0,10,0,1,0,0,0,0,0,4,100,4,0,21,0,61,0,0,0,3,3,4,0,0,0,4,471,0,0,0,1,3,1,2,2,3,0,0,1,1,1,5,0,0,0,1,1,0,6,1,11,0,0,0,0,1,1,0,2,0,0,0,2,0,41,2,1,3,0,0,5,1,0,0,0,0,8,253,25,54,0,5,0,3,24,6093,1,9,0,5,4,10,63,2,2,3,1,11,28,1,0,3,0,3,10,17,4476,3,279,7,30,0,66,27,4,0,26,13,15,237,0,77,5,0,1,7,5,1,7,2,0,41,1,25,32,3,11,0,0,74,76,22,20,26,46,6,13,1,88,5,48,15,7,35,1,14,15,0,1,1,5,241,4,0,0,1,0,68,0,0,0,0,5,4,0,1,1,0,0,0,0,1,0,1,3,1,6,1,0,35,0,30,0,5,1,0,3,0,0,1,0,0,0,1,1,0,8,5,0,0,0,0,0,0,0,0,0,0,0,0,0,0,3,10,1,7,2,0,0,31
2021,"Merton 011","E02000699",8208,1323,4,2,4,3,1,7,45,0,288,2,41,456,1,4,46,0,90,0,8,6,1,3,1,7,10,0,5,148,3,1,1,77,2,1,16,13,0,22,4,87,40,3,0,4,0,1,0,0,0,0,0,17,2,0,0,0,0,16,0,0,0,0,0,0,0,1,1,0,0,0,0,2,71,1,0,12,0,53,0,0,0,1,0,2,0,0,0,2,580,3,3,0,7,2,1,3,0,6,1,1,4,2,0,1,2,0,3,0,0,2,6,0,26,0,1,0,0,0,1,1,2,0,4,0,2,0,64,8,3,1,0,2,0,2,0,0,0,0,5,268,54,68,2,0,1,3,15,5895,1,12,0,1,2,5,34,5,3,4,0,10,53,2,0,2,0,5,6,11,4133,5,304,3,43,0,35,44,6,2,19,27,0,220,0,101,5,2,0,8,22,1,6,1,0,30,3,1,56,0,15,0,0,85,73,33,28,30,37,3,11,2,116,4,52,16,6,112,0,10,18,4,0,1,6,252,1,0,0,0,0,65,0,0,0,1,2,0,0,0,2,0,0,0,0,0,0,2,10,1,0,3,0,45,1,14,2,2,5,0,1,0,3,1,0,0,0,0,3,0,4,0,2,0,0,2,1,0,0,0,0,0,0,0,9,1,4,8,0,27,0,0,1,29
2021,"Merton 012","E02000700",8682,1611,26,0,5,1,2,13,163,2,93,3,70,252,2,15,9,3,21,3,1,17,3,1,16,6,3,0,5,413,4,0,6,286,0,3,134,16,1,7,6,862,381,3,0,45,0,2,29,4,7,0,0,165,1,0,0,0,0,70,0,0,0,0,4,72,0,2,0,0,44,1,10,22,612,3,0,148,4,396,5,0,0,10,0,28,0,0,5,13,516,15,0,5,0,1,1,13,0,6,2,2,8,3,1,0,4,4,1,1,0,4,6,0,15,0,0,0,0,3,0,1,2,5,5,0,1,0,41,0,1,2,0,1,3,0,2,3,2,0,0,106,71,163,0,0,3,3,6,4610,2,38,1,0,0,1,22,0,1,0,0,32,113,2,0,7,0,8,2,0,2876,1,221,0,25,0,14,10,6,20,14,31,3,104,0,77,0,16,0,5,35,2,0,0,0,15,4,0,85,0,7,2,0,150,343,55,39,87,11,6,16,0,33,2,14,3,1,21,1,7,7,0,6,1,5,471,2,11,5,4,0,72,2,1,0,0,7,0,3,4,1,2,1,0,0,0,0,2,11,7,1,0,0,60,1,34,0,1,2,0,26,0,10,1,2,0,0,13,13,5,7,9,2,0,10,0,2,0,0,6,0,5,0,0,8,1,20,46,7,9,0,3,3,29
2021,"Merton 013","E02000701",9011,2598,23,0,3,11,1,14,129,9,114,4,153,576,2,6,4,0,9,7,3,51,3,3,1,21,9,1,0,479,0,0,2,590,0,0,336,15,1,13,5,734,365,1,0,32,5,0,1,1,4,1,0,171,0,0,1,0,0,69,1,0,0,3,5,23,1,2,0,0,22,3,9,14,783,25,0,143,0,566,5,6,1,13,0,16,1,0,5,2,507,1,7,0,4,1,4,8,0,7,4,6,5,6,0,0,1,2,2,0,0,0,2,0,13,1,2,0,0,12,1,4,2,0,3,1,3,0,46,1,2,0,0,2,4,1,0,0,0,0,4,112,65,145,0,3,0,1,19,3776,0,17,0,4,0,0,10,2,1,1,0,14,142,0,1,1,1,5,1,0,2108,1,180,0,11,0,5,7,0,9,8,15,0,142,0,41,0,6,0,3,21,3,7,0,2,5,2,0,106,0,1,0,0,110,418,58,49,125,12,1,11,0,4,3,25,4,1,32,3,17,8,0,3,0,9,613,1,4,3,0,0,90,1,2,0,0,5,3,5,14,9,0,0,0,0,2,1,1,13,4,0,1,0,49,9,11,1,0,1,0,18,0,33,0,1,0,0,4,15,4,0,3,4,1,10,0,5,4,0,2,5,1,5,0,5,1,53,147,0,12,1,4,6,39
2021,"Merton 014","E02000702",9307,1638,19,6,0,5,0,4,122,3,53,3,80,319,1,6,6,0,3,2,0,10,0,3,13,12,4,1,5,561,0,0,0,251,1,0,116,6,0,13,10,1282,519,0,0,73,3,2,25,7,20,4,0,288,0,0,2,0,5,189,0,1,1,0,9,71,2,2,1,0,24,0,17,17,1184,15,2,209,0,857,10,6,4,11,4,49,3,0,1,13,686,4,1,0,1,5,0,27,2,6,1,5,8,2,1,0,0,2,3,1,3,0,15,0,7,1,1,0,1,3,0,2,1,0,1,3,0,4,59,2,0,1,0,2,4,0,0,2,0,2,8,95,91,283,3,0,1,1,21,4047,0,29,0,1,2,1,9,1,2,4,0,12,58,3,0,0,1,1,0,1,2588,1,227,1,14,3,4,9,3,8,14,14,1,103,2,52,1,8,1,1,29,3,4,1,0,2,0,1,49,0,1,3,0,80,371,125,32,74,7,2,7,1,9,3,21,0,0,6,1,23,1,1,2,1,7,470,8,15,2,2,1,93,1,0,1,0,7,0,4,3,0,0,0,0,0,1,0,3,11,12,0,17,3,67,2,12,2,1,4,0,8,0,13,0,1,0,2,7,12,0,3,3,1,1,3,0,6,0,0,1,0,0,0,1,4,6,9,82,0,8,3,0,1,23
2021,"Merton 015","E02000703",7979,1478,6,0,6,1,4,9,134,2,166,0,32,434,4,4,21,0,28,0,8,8,3,3,23,17,2,0,4,321,0,0,0,124,2,1,61,12,4,8,26,185,73,1,0,3,0,0,5,0,2,1,0,38,1,0,0,0,0,47,0,0,0,0,0,4,0,1,0,0,4,0,3,2,142,3,0,31,0,98,0,0,0,2,0,1,0,0,0,7,452,3,3,0,3,0,0,6,2,6,0,4,1,3,0,0,11,1,4,0,1,0,9,0,11,2,4,4,0,0,0,0,0,2,1,0,2,5,37,2,2,1,0,0,4,0,0,0,0,1,2,177,60,52,3,1,1,0,21,5447,3,8,0,0,5,3,56,3,1,3,0,17,83,1,0,0,0,4,2,18,3995,1,210,16,48,0,22,29,3,0,15,15,1,206,0,58,7,3,1,1,9,0,13,0,0,25,1,3,57,0,11,0,0,72,109,32,25,35,35,0,5,0,56,15,36,19,2,18,0,4,10,0,5,2,10,275,0,1,1,1,1,41,0,0,0,0,7,10,2,0,3,0,3,4,0,0,0,0,14,2,1,0,0,30,5,16,7,6,0,0,8,0,1,1,0,0,3,0,0,0,10,2,1,2,1,2,1,0,0,2,0,0,0,0,3,2,3,16,2,15,3,2,3,37
2021,"Merton 016","E02000704",8606,1263,24,1,5,0,0,11,49,5,157,0,42,393,1,6,18,0,118,0,1,3,2,0,4,3,4,0,2,162,3,5,4,143,1,5,53,20,6,10,2,269,133,0,0,23,1,5,2,3,6,0,2,31,2,0,3,0,0,23,0,0,1,0,3,10,1,2,0,0,9,0,9,0,219,9,2,52,0,133,0,0,1,2,0,14,2,0,0,4,560,1,0,0,0,2,2,7,3,3,2,11,2,5,0,2,1,0,7,3,0,1,9,0,14,2,4,0,0,4,0,4,0,0,6,0,4,0,52,6,0,4,1,0,5,0,2,0,0,0,6,157,83,118,1,9,0,2,15,5933,3,24,0,2,1,2,52,1,3,3,2,25,104,1,2,8,0,19,4,4,3970,2,235,0,49,0,18,38,8,3,33,35,2,203,0,108,4,4,1,14,20,4,5,3,0,38,2,1,58,4,9,5,0,89,165,59,45,88,31,2,6,1,141,7,45,6,2,52,2,17,27,1,0,3,8,362,1,1,0,1,1,90,0,0,0,2,5,2,0,3,4,1,0,0,0,2,0,3,17,6,0,1,0,47,1,29,2,2,3,0,7,0,2,5,0,0,0,10,4,0,16,3,4,1,2,0,3,0,0,0,0,2,0,0,0,5,6,15,1,11,0,1,1,39
2021,"Merton 017","E02000705",9323,2264,37,1,7,1,0,9,139,5,106,0,45,682,0,3,5,5,4,2,0,24,9,1,1,8,2,0,0,804,0,0,2,208,0,0,125,5,5,7,12,940,374,3,0,30,3,0,1,1,14,4,3,241,4,0,3,1,1,153,2,2,1,0,5,45,0,1,1,0,14,1,7,25,1147,12,3,180,0,870,7,2,3,9,5,35,0,0,3,18,602,1,3,0,1,0,1,15,0,5,1,6,8,11,4,2,0,1,4,2,2,0,9,0,12,1,1,1,0,5,0,2,2,1,3,0,1,1,62,0,0,1,1,1,2,0,0,0,0,1,6,123,82,199,0,2,3,1,12,3752,0,7,1,2,0,0,13,2,0,1,0,35,80,1,0,0,2,2,0,5,2082,0,239,0,18,0,16,10,22,0,17,18,0,94,0,65,1,0,0,6,24,6,4,1,14,15,0,1,80,0,1,0,0,103,383,126,29,123,8,0,6,1,6,12,31,1,2,4,0,15,6,0,2,0,9,618,3,1,4,0,6,98,0,3,0,3,11,1,2,24,0,6,0,4,0,0,3,4,12,13,2,7,0,110,13,16,1,0,0,2,19,0,21,0,0,0,4,15,4,5,0,21,1,1,7,0,7,5,0,10,12,0,7,0,12,2,15,50,0,13,6,0,0,32
2021,"Merton 018","E02000706",10037,2322,65,1,1,0,1,26,156,0,111,0,156,364,4,8,9,2,12,1,2,29,1,6,10,11,29,0,5,590,0,2,2,435,0,1,256,4,0,3,19,1355,540,2,1,70,0,1,29,2,3,3,0,348,13,0,1,3,0,129,0,0,1,0,4,137,0,3,0,0,48,0,4,13,865,35,1,201,1,544,12,7,2,9,5,29,4,0,4,11,626,2,1,0,8,0,4,9,0,3,2,3,3,4,1,1,1,3,5,1,3,0,2,1,13,2,0,0,0,1,0,5,0,0,1,1,1,0,51,3,2,0,1,0,0,2,0,0,1,0,0,109,141,207,0,1,0,3,24,4261,0,23,0,0,1,2,10,0,1,2,0,20,53,0,0,4,0,9,1,1,2623,0,212,2,17,0,6,11,1,38,5,24,0,93,0,48,1,4,2,6,23,0,2,0,3,12,13,0,92,0,5,3,0,104,426,80,45,117,5,1,13,3,16,1,21,1,1,14,0,24,1,0,2,1,12,608,16,9,3,0,0,111,1,1,0,0,13,0,5,2,8,1,0,0,0,3,0,4,17,11,0,1,0,63,0,9,2,0,5,0,52,0,9,2,5,0,9,9,14,0,0,5,3,9,6,0,6,0,0,8,3,0,5,0,7,5,16,93,0,14,4,0,0,39
2021,"Merton 019","E02000707",8304,1431,64,5,3,0,0,7,65,4,56,0,49,272,0,2,2,0,19,1,1,9,3,2,1,8,0,0,4,569,0,3,0,155,0,0,96,1,10,12,8,1669,627,0,0,83,2,3,23,10,11,4,2,466,3,0,0,2,0,213,2,0,0,0,14,112,0,2,1,0,67,1,4,17,1256,25,5,257,0,853,7,10,1,17,0,48,6,0,8,19,530,7,6,0,2,0,1,15,3,5,5,0,5,0,3,0,3,3,2,2,0,0,3,1,9,0,0,0,0,7,1,6,0,2,1,0,0,0,44,3,0,0,0,0,0,0,1,0,0,0,3,46,139,162,0,3,5,10,22,3041,2,8,1,0,0,0,4,1,0,2,0,11,51,4,0,0,0,3,0,0,2052,0,169,0,5,0,5,5,7,12,9,1,0,46,0,42,0,3,0,6,17,1,11,0,2,3,0,1,43,0,4,2,0,61,205,82,30,60,7,6,2,0,5,5,14,3,0,6,2,10,5,0,0,0,5,377,10,5,2,0,1,53,0,0,0,2,10,4,2,16,4,3,1,0,0,2,0,0,10,2,0,2,0,41,5,10,2,1,2,0,9,0,19,0,0,4,0,7,2,2,0,6,4,2,6,0,0,0,0,9,11,0,0,0,15,0,20,35,0,4,7,5,0,20
2021,"Merton 020","E02000708",8893,1855,17,1,1,2,2,3,31,1,200,0,62,387,0,25,21,0,258,0,4,2,8,1,8,18,2,0,1,279,0,1,0,259,4,3,220,12,2,14,6,195,61,2,0,18,0,2,6,0,0,2,0,28,3,0,0,2,0,21,0,1,0,0,11,25,0,1,0,0,1,0,8,3,166,3,0,31,0,118,0,0,1,1,0,7,0,0,0,5,497,0,0,0,1,1,0,4,1,6,0,1,5,4,0,1,0,0,9,2,2,0,2,1,15,0,1,0,2,11,0,3,0,0,8,0,2,1,30,3,1,0,0,0,1,1,0,0,2,1,1,185,82,87,0,3,1,0,16,5720,0,4,0,3,0,2,34,7,0,3,0,5,57,1,2,1,0,4,4,8,4280,2,234,5,31,4,22,16,13,0,14,19,2,232,0,54,4,2,0,2,9,4,12,2,0,17,4,0,43,2,5,0,0,69,146,35,20,68,21,3,6,3,72,8,31,2,3,14,4,8,17,0,3,5,13,460,1,1,0,0,0,92,0,0,4,0,7,1,1,4,4,3,0,0,0,5,0,1,6,1,0,0,0,37,1,17,1,3,1,0,15,0,10,1,1,0,1,5,8,1,4,6,0,0,5,0,2,3,0,0,0,0,0,0,3,0,34,125,1,10,0,0,0,34
2021,"Merton 021","E02000709",7971,1377,1,7,2,3,0,4,124,0,125,2,24,408,0,8,9,6,44,0,3,19,1,4,12,14,0,1,4,315,0,0,5,135,0,0,65,10,0,8,14,123,20,0,0,6,0,4,0,3,0,0,0,31,3,0,1,0,0,41,0,0,2,0,1,3,0,0,2,0,0,0,4,2,183,0,0,28,0,146,0,0,0,3,0,2,1,0,0,3,379,0,2,0,2,2,1,5,2,2,0,1,0,4,0,2,0,1,3,1,2,0,11,0,11,0,2,0,0,1,0,0,1,0,1,0,0,1,26,3,0,2,0,0,4,2,0,0,1,0,4,135,33,84,1,8,0,0,18,5668,3,8,0,0,1,1,21,5,0,5,0,10,47,0,0,3,0,3,3,4,4217,3,246,0,19,0,15,26,24,2,16,9,4,256,0,53,1,1,0,3,5,1,13,1,0,18,2,0,40,0,5,0,0,66,149,45,18,22,21,4,5,3,106,6,24,9,0,34,10,16,19,0,0,0,17,241,0,0,0,0,0,55,0,0,0,2,0,0,1,8,2,0,0,1,0,4,0,2,7,0,1,2,0,16,0,30,0,0,0,0,4,0,0,0,0,0,7,2,0,0,1,4,2,0,0,1,0,0,0,0,3,0,0,0,5,0,1,40,0,16,0,0,3,21
2021,"Merton 022","E02000710",9187,2014,52,4,2,3,0,11,111,0,101,0,93,425,0,10,5,6,8,1,0,14,3,5,10,18,10,3,6,606,2,0,0,319,0,1,155,6,0,16,8,740,305,4,1,40,0,0,5,0,7,0,0,173,4,1,2,0,3,93,1,1,0,1,4,46,0,5,4,0,25,0,9,6,615,12,0,118,0,432,2,3,1,11,2,19,0,0,1,14,504,5,5,0,1,4,0,4,2,10,2,0,4,4,0,0,0,0,2,0,1,1,4,0,6,0,0,0,0,1,0,2,2,0,5,0,0,0,46,4,0,0,7,0,2,0,1,0,0,0,3,108,78,174,0,2,2,0,12,4848,0,23,0,1,0,0,6,0,0,0,1,15,94,0,0,7,0,1,1,6,3236,6,218,0,20,1,15,9,0,20,17,18,2,169,0,61,0,8,3,10,35,1,10,1,1,14,0,2,64,3,5,3,0,98,303,78,39,126,3,4,11,1,17,3,23,1,0,5,1,13,3,4,2,0,6,466,3,6,2,1,3,79,9,0,2,3,0,0,1,3,2,0,0,0,0,2,0,2,8,16,0,2,1,36,5,19,1,2,1,2,9,0,13,0,0,0,11,7,7,7,6,0,0,0,6,0,5,0,0,3,1,1,0,0,7,6,39,83,0,15,6,1,1,21
2021,"Merton 023","E02000711",9441,2459,16,0,1,0,0,10,227,3,142,2,95,427,3,2,5,4,50,4,1,18,5,8,92,15,6,0,1,910,1,0,0,243,3,0,121,7,7,22,8,405,138,1,0,21,0,0,2,1,7,0,0,104,3,0,1,0,2,47,3,1,2,0,5,42,0,5,0,0,14,0,4,2,295,7,0,56,0,205,0,1,0,4,1,8,0,2,4,7,529,0,1,0,0,2,1,9,0,6,0,5,7,2,1,2,4,2,5,1,0,0,16,0,15,0,1,2,0,1,1,1,0,0,7,0,7,0,52,3,0,6,3,0,6,2,0,1,0,0,6,106,79,148,0,1,0,1,16,5228,0,23,1,0,1,0,7,2,1,1,0,20,160,4,1,9,0,7,2,8,3284,1,303,3,18,0,9,32,5,5,5,13,3,135,0,80,4,6,1,6,41,1,4,4,1,14,1,0,101,1,3,5,0,96,344,37,52,190,22,0,8,3,42,2,21,1,0,26,7,13,14,0,6,0,8,525,10,2,0,1,0,103,0,1,0,0,4,22,2,2,4,0,0,0,0,6,0,0,14,7,0,3,0,55,2,17,0,0,1,0,19,2,8,0,0,0,5,7,10,6,4,5,5,3,7,2,4,0,0,2,2,1,0,0,1,7,29,66,0,27,7,1,0,39
2021,"Merton 024","E02000712",9664,2260,36,0,2,0,0,16,130,5,106,0,62,284,4,11,10,0,55,0,1,28,4,6,214,8,1,2,3,802,0,0,1,276,1,0,166,14,0,7,5,604,277,0,0,53,0,1,5,3,4,1,0,140,2,0,0,3,1,71,0,1,0,0,2,8,0,1,0,1,9,0,15,6,436,7,0,89,0,272,2,6,1,11,0,22,1,9,8,8,470,3,1,0,0,1,2,1,0,7,3,1,1,6,0,0,0,1,4,1,3,2,3,0,2,0,2,0,0,2,0,0,0,3,1,1,5,5,37,2,0,0,1,1,0,1,0,0,0,0,6,108,105,127,0,8,1,0,12,5416,3,10,1,1,0,3,10,1,1,0,1,3,90,0,0,1,1,1,1,5,4076,2,182,2,13,0,12,26,8,14,14,13,3,171,0,27,3,0,1,7,31,3,7,0,2,19,0,0,86,6,10,0,0,58,202,40,23,98,13,1,18,0,27,5,14,2,0,13,0,12,11,1,0,1,6,478,17,4,0,2,0,52,0,0,0,3,4,4,1,3,1,2,0,0,0,9,0,2,13,12,4,3,0,20,1,14,1,1,0,0,3,5,15,0,2,0,46,3,10,10,7,2,0,6,6,24,1,0,0,3,0,3,0,0,3,2,18,76,1,24,2,0,0,33
2021,"Merton 025","E02000713",7802,1126,3,0,0,1,2,7,58,1,76,0,61,212,1,6,9,0,8,8,8,8,1,0,30,6,1,3,5,353,0,0,0,158,0,0,76,7,8,2,7,151,70,0,0,2,0,0,0,0,1,1,0,33,0,0,1,0,0,33,0,1,0,1,1,0,0,1,0,0,3,0,2,1,195,1,0,36,0,143,2,0,0,5,3,4,0,0,0,1,349,0,0,0,1,2,0,4,1,1,0,4,1,5,0,1,2,0,2,4,1,0,9,1,3,0,0,1,0,1,0,1,2,0,2,0,0,0,30,0,0,0,0,0,3,0,0,0,0,0,4,89,50,106,1,3,0,3,11,5714,2,4,0,0,3,0,13,0,0,3,3,7,50,0,0,0,2,2,0,0,4774,1,97,4,15,4,8,11,6,8,10,16,5,150,0,31,2,0,0,6,17,2,8,0,0,5,1,0,25,0,5,0,0,52,135,32,5,66,5,0,6,0,48,0,18,1,5,23,3,4,5,0,0,2,4,267,2,3,0,0,0,55,0,0,0,1,2,0,1,5,1,0,0,0,0,0,0,1,11,2,0,0,0,11,0,16,2,0,3,0,17,0,13,0,3,0,3,1,5,0,2,2,0,0,5,1,0,0,0,3,0,0,0,0,2,1,5,56,0,12,1,3,0,16
2021,"Newham 001","E02000714",7713,2384,51,0,0,0,0,0,1168,7,30,0,63,415,2,0,1,0,0,2,0,6,8,4,9,1,17,1,0,538,8,0,0,23,0,0,9,4,1,10,6,914,386,1,5,36,2,0,6,2,7,2,3,120,6,0,5,0,3,137,1,0,0,6,5,93,31,4,0,0,18,3,14,18,731,15,0,118,0,531,8,5,2,8,1,21,2,0,7,13,433,4,2,1,0,3,0,13,0,3,1,1,2,8,0,0,4,0,1,2,4,1,4,1,9,0,1,0,0,1,0,3,5,0,0,0,0,0,38,1,0,3,2,0,10,0,0,0,0,3,2,71,82,121,0,1,1,0,24,2941,1,12,0,4,2,0,23,0,0,3,0,12,45,0,1,1,0,7,2,1,1600,1,209,2,13,7,6,13,1,9,7,31,0,88,1,30,3,11,0,14,42,1,1,5,1,8,0,0,155,0,7,4,0,98,90,12,37,257,2,3,4,5,1,2,23,3,0,7,1,8,1,0,0,0,3,310,7,7,1,0,4,57,0,0,4,0,1,3,0,2,1,1,0,0,0,1,1,1,10,12,0,1,0,20,0,1,6,1,4,0,3,1,11,0,1,0,4,1,2,6,4,4,3,0,3,0,0,0,0,17,24,0,3,6,14,0,0,0,1,10,4,1,1,40
2021,"Newham 002","E02000715",7298,4100,81,0,0,0,0,5,2135,0,39,0,32,711,0,4,1,15,0,0,1,9,6,3,6,15,0,0,2,851,16,6,0,100,0,0,48,1,0,13,0,951,309,0,0,27,0,0,12,2,20,8,3,61,13,0,13,0,1,129,0,3,2,0,2,279,26,0,5,8,7,0,6,15,427,11,1,86,1,281,1,2,2,2,2,17,1,0,9,11,257,1,4,0,0,1,4,12,0,2,1,0,1,2,0,0,0,0,0,0,0,1,2,0,2,0,0,0,0,0,0,0,0,2,1,0,2,0,11,2,0,0,0,0,0,2,0,0,0,0,1,73,40,68,0,0,0,0,22,1276,0,3,0,5,0,0,1,0,1,0,0,0,15,0,0,0,0,1,0,0,541,0,112,0,0,0,5,0,0,10,3,8,0,33,0,9,1,6,0,26,36,0,2,0,8,1,0,2,105,0,0,1,0,26,43,15,48,144,9,0,23,2,1,0,5,2,0,10,1,5,5,0,0,0,2,287,1,18,1,0,0,48,0,0,9,0,2,0,3,0,0,0,0,0,1,0,0,6,8,3,0,1,0,8,6,4,0,3,1,0,12,1,16,0,0,3,0,0,25,8,0,4,2,1,3,0,2,0,0,5,28,0,2,1,0,0,9,13,2,5,5,0,0,17
2021,"Newham 003","E02000716",7345,3826,22,0,0,1,3,13,2035,1,21,0,41,846,1,0,7,6,1,0,0,3,1,16,4,5,0,0,2,707,7,6,0,53,0,0,13,3,1,3,4,539,210,2,0,15,0,0,6,0,21,10,0,34,9,0,3,0,0,82,0,0,1,4,1,89,21,2,0,1,19,0,1,8,502,8,3,65,0,383,0,3,2,14,0,17,1,0,0,6,300,2,3,0,0,0,1,13,1,7,0,0,0,7,0,0,2,2,3,3,0,0,1,0,7,0,0,0,0,0,0,1,0,0,0,0,5,0,23,0,0,0,2,0,0,0,3,0,0,0,5,72,57,69,0,2,1,1,7,1887,0,10,1,0,0,4,7,0,0,0,0,0,41,1,1,0,1,2,3,0,1017,0,134,1,7,5,8,4,6,8,6,9,0,34,0,12,0,1,0,4,37,1,3,0,1,6,0,0,85,0,1,2,0,46,44,23,60,215,7,0,7,0,0,0,5,2,0,5,4,0,0,0,0,0,6,291,6,3,0,0,0,72,0,0,12,3,1,3,0,2,1,0,0,0,0,2,0,0,11,5,0,4,0,26,1,4,0,0,2,0,3,0,3,0,1,0,2,2,8,3,1,10,0,0,0,0,2,4,0,13,22,0,2,1,1,2,5,3,1,15,3,0,0,26
2021,"Newham 004","E02000717",8363,5189,32,1,0,0,9,2,2820,1,24,0,30,973,0,0,0,37,0,0,3,19,6,8,5,7,2,0,2,1061,4,7,0,96,0,0,24,4,0,5,7,682,265,6,1,23,0,1,10,0,4,4,47,61,8,0,2,0,0,102,0,0,0,1,1,107,3,1,5,1,16,0,3,10,364,3,0,98,0,235,2,0,2,0,4,12,0,0,1,7,270,4,4,0,2,4,0,3,0,4,0,1,1,0,0,0,0,1,0,0,0,0,5,0,4,1,0,0,0,1,0,3,0,0,0,0,8,0,33,3,0,0,1,1,5,1,0,5,0,0,0,53,56,45,0,1,5,0,15,1401,0,10,0,0,0,0,6,0,0,0,0,1,25,0,0,0,0,4,0,0,584,0,84,0,3,0,0,3,2,9,17,21,0,52,0,17,0,0,0,7,54,0,0,1,1,2,0,0,117,0,1,0,0,61,44,14,23,196,12,0,3,0,2,0,7,1,1,6,3,4,1,0,0,0,2,457,6,11,0,0,0,86,0,0,29,0,1,1,2,0,0,0,0,0,0,3,2,2,5,14,1,2,0,47,5,7,10,0,0,33,1,0,7,0,0,0,0,4,11,5,0,9,3,1,0,0,3,5,0,5,39,0,22,1,15,0,5,20,0,2,0,0,0,32
2021,"Newham 005","E02000718",7413,4056,66,0,0,3,0,10,2046,0,14,1,35,906,0,6,0,2,0,0,0,10,4,3,0,10,1,1,1,789,4,7,0,97,0,1,29,4,0,5,1,982,429,3,5,43,1,0,30,1,7,8,5,101,29,0,5,0,0,96,2,0,5,0,0,157,10,5,0,0,19,0,3,18,592,29,8,113,0,345,4,7,0,12,5,30,2,0,16,21,286,4,1,0,0,2,0,24,0,1,1,0,5,6,0,0,0,0,0,1,0,6,2,1,1,2,0,0,0,0,0,7,0,2,1,1,5,0,21,0,3,0,0,0,3,0,0,0,0,0,4,26,60,81,0,3,0,0,12,1182,0,14,1,0,0,1,2,0,0,0,0,1,10,1,1,0,0,0,0,0,580,0,58,0,5,0,5,2,0,0,2,12,0,33,0,8,0,5,2,4,43,0,0,0,0,4,0,1,70,0,2,4,0,41,41,15,20,172,4,0,1,0,0,2,1,0,0,2,0,5,2,0,0,0,5,315,11,3,0,1,0,56,0,0,3,1,2,4,2,1,0,0,0,0,0,1,1,0,14,10,0,0,0,21,3,0,3,0,0,3,8,3,5,1,0,3,0,9,4,2,0,7,2,6,0,0,0,0,0,5,32,4,10,6,2,0,4,15,0,16,10,4,0,17
2021,"Newham 006","E02000719",8076,2434,25,0,0,0,4,5,1225,2,84,1,77,366,0,6,7,8,2,0,0,8,6,5,8,16,7,0,2,499,0,8,1,33,4,1,4,4,1,8,7,983,343,8,0,37,1,0,17,0,19,10,2,93,4,0,0,1,0,200,0,1,2,0,3,75,85,12,1,0,20,5,16,28,691,22,0,133,1,486,13,1,1,7,3,13,0,0,1,10,493,3,3,0,0,2,0,8,0,2,1,1,8,0,0,0,17,1,0,1,0,0,7,0,15,0,0,1,0,2,1,0,1,0,9,1,0,0,44,3,0,0,0,0,0,2,0,0,0,0,2,91,125,119,1,1,2,0,19,3109,0,20,0,0,0,3,8,3,1,2,0,17,118,0,0,1,1,4,2,0,1398,1,204,0,19,1,12,18,2,4,8,41,2,63,0,58,2,11,0,19,62,3,3,2,15,12,0,0,180,4,1,2,0,107,111,38,62,367,6,1,6,0,4,2,34,5,0,14,2,17,3,0,3,0,0,366,9,7,0,6,5,65,0,0,5,1,2,4,2,0,2,0,0,0,0,0,2,1,11,20,2,3,1,70,0,2,0,0,5,0,2,0,20,1,0,1,0,9,6,10,4,6,6,1,4,0,1,0,0,19,12,0,0,1,5,0,1,0,0,4,0,6,4,18
2021,"Newham 007","E02000720",7493,4117,42,0,1,0,0,8,1436,1,31,1,16,1466,2,3,3,18,2,0,0,7,3,1,2,14,4,0,3,987,0,14,3,31,0,3,4,4,1,3,3,371,170,8,0,9,0,0,8,1,10,12,1,32,3,0,4,0,0,46,0,0,0,1,0,32,11,0,6,0,5,0,3,9,561,5,0,63,1,341,1,0,0,4,0,138,0,0,5,3,302,1,0,0,0,3,3,14,0,0,0,0,0,1,0,1,0,0,2,2,2,0,1,0,3,5,0,0,1,1,0,1,0,0,0,2,2,0,32,0,0,1,0,0,0,0,1,0,0,0,0,78,51,83,0,1,1,0,9,1869,0,12,0,0,0,0,9,0,0,0,0,1,44,0,0,1,0,0,1,2,1118,0,135,0,8,0,6,4,1,7,4,14,0,51,1,23,5,6,0,6,29,3,2,0,5,6,0,0,49,0,5,0,0,42,50,5,37,126,5,1,3,0,3,0,7,1,0,14,0,7,1,0,1,0,8,273,3,6,1,6,0,40,0,0,4,1,4,11,0,0,1,3,0,0,0,0,0,2,8,2,0,1,0,51,13,5,5,0,1,7,0,0,8,0,0,0,0,3,1,1,0,7,2,1,0,1,0,2,0,10,19,0,9,4,0,0,0,0,0,8,6,0,0,16
2021,"Newham 008","E02000721",9554,6157,75,0,2,2,0,16,2525,3,42,2,65,1921,0,0,3,17,2,0,0,8,7,4,13,6,3,0,1,1348,5,3,0,37,0,4,15,2,0,8,18,722,297,4,1,32,0,0,24,2,15,2,12,72,0,0,0,0,0,119,2,0,1,4,6,73,19,6,2,0,4,0,6,19,432,14,0,93,0,286,5,0,0,3,3,12,2,0,8,6,291,1,1,0,0,0,0,8,0,4,0,1,3,3,0,2,0,0,1,0,1,4,2,0,10,1,0,0,0,0,0,0,1,2,0,0,1,0,30,0,0,0,0,0,1,0,0,0,0,0,3,88,60,53,0,2,0,0,8,1551,0,4,0,0,0,0,6,1,0,3,1,6,47,2,0,0,0,1,0,2,670,1,117,0,1,2,1,6,0,5,6,17,0,27,0,17,1,4,2,9,43,1,3,0,2,3,0,0,87,0,3,0,0,49,84,8,27,224,11,0,8,0,5,3,7,0,0,14,2,5,0,0,2,0,1,401,8,13,0,1,10,84,0,0,4,3,0,11,0,1,0,0,0,0,0,0,0,2,4,8,0,0,3,60,2,4,1,0,0,9,7,4,18,0,0,0,0,3,10,4,6,1,0,0,2,0,2,1,0,25,24,0,8,0,3,0,4,0,0,10,1,0,0,40
2021,"Newham 009","E02000722",8151,2379,8,0,0,3,1,1,1214,3,91,4,76,462,0,9,5,5,8,0,5,4,2,3,10,13,3,0,1,380,0,1,0,31,1,6,5,3,1,16,4,890,330,8,0,32,1,0,16,5,16,11,1,107,3,0,7,5,0,164,2,1,0,1,7,107,30,2,4,0,7,0,5,18,623,17,2,107,0,462,3,1,0,8,3,9,1,0,1,9,502,4,8,0,2,6,1,3,3,3,0,5,2,3,0,2,6,1,1,0,2,1,9,1,9,3,1,1,1,3,1,2,0,4,2,0,3,1,19,4,0,0,0,0,8,0,2,0,0,0,2,86,99,163,0,4,0,1,20,3345,0,7,1,0,1,1,8,0,0,3,0,15,139,3,0,0,1,5,0,5,1524,4,232,2,30,1,6,35,4,0,17,38,0,76,0,102,5,2,0,12,87,1,4,0,9,11,0,0,164,0,6,7,0,106,95,20,92,324,7,3,4,0,4,4,50,3,3,22,0,25,1,0,10,0,4,412,8,7,0,2,1,71,0,5,2,0,6,7,3,3,31,1,0,0,0,7,0,1,12,8,6,1,1,61,3,3,6,0,1,0,2,1,5,0,0,0,2,8,7,9,2,6,3,0,1,0,2,0,0,20,14,0,6,0,7,5,0,2,3,13,0,5,0,32
2021,"Newham 010","E02000723",11186,8337,31,0,1,3,0,17,1623,1,39,6,29,3974,1,0,0,11,0,0,6,10,8,7,13,20,7,0,0,2009,4,18,1,371,0,0,114,1,0,4,8,454,184,15,0,10,1,0,14,0,9,0,10,14,10,0,4,0,1,41,0,2,2,4,2,86,18,0,0,0,11,0,3,13,296,5,0,33,0,219,0,0,0,9,0,9,8,0,2,11,197,1,1,7,0,0,0,8,0,1,0,0,3,3,0,0,0,0,3,1,0,0,0,0,1,0,0,1,0,1,0,1,0,0,0,0,0,0,19,2,0,0,0,0,0,2,2,0,0,0,4,73,18,38,0,0,0,0,7,1445,0,6,0,0,0,4,0,0,0,1,0,6,71,0,0,0,0,2,1,0,456,0,92,0,1,0,1,3,0,21,0,22,1,33,0,11,1,0,0,4,37,0,0,0,6,3,0,0,67,0,2,0,0,54,49,9,51,407,3,0,0,0,0,0,5,2,0,0,0,6,7,0,0,0,0,457,0,13,3,0,0,45,2,1,11,0,0,1,1,4,1,0,0,0,0,2,0,0,23,13,1,0,1,11,16,1,2,0,0,3,2,0,12,0,1,0,5,4,10,4,0,3,2,0,5,0,1,9,0,40,71,5,0,0,4,0,27,76,0,5,5,0,0,11
2021,"Newham 011","E02000724",10031,6719,35,0,3,0,0,2,1853,0,22,0,38,2760,0,4,1,29,0,0,3,4,2,3,12,9,1,0,5,1764,4,18,0,95,0,3,34,1,3,1,10,904,303,0,0,19,1,0,12,0,7,3,6,34,2,0,1,3,0,57,0,2,0,1,4,431,6,0,0,1,3,1,1,6,335,8,2,54,2,229,1,0,2,3,4,9,0,0,5,16,215,1,2,2,0,0,0,3,0,4,0,0,1,0,0,1,1,0,0,0,0,0,3,0,4,0,1,0,0,0,0,0,0,6,0,0,1,0,17,3,0,0,0,0,2,0,0,0,0,0,0,65,34,48,0,0,0,0,16,1403,0,7,0,0,0,0,1,0,0,0,0,14,16,0,0,0,0,0,0,3,510,0,90,1,2,0,0,7,3,14,4,20,0,32,0,24,1,0,0,2,49,0,0,0,8,2,0,0,142,0,3,0,0,20,54,13,47,271,4,0,4,2,4,1,5,1,1,8,1,8,3,0,1,0,0,455,38,7,0,0,0,65,0,0,18,0,8,0,8,7,0,1,0,0,0,0,0,2,4,11,0,0,0,37,10,5,0,2,0,24,7,0,11,0,0,0,8,8,11,6,1,8,7,5,3,0,1,0,0,34,37,0,7,0,7,0,3,19,0,14,2,0,0,9
2021,"Newham 012","E02000725",9985,2887,14,1,1,2,0,3,1289,3,419,0,107,491,10,1,11,1,13,0,10,16,2,5,11,9,8,1,8,363,0,0,0,25,1,7,6,19,1,26,3,1292,479,3,0,39,0,4,36,10,16,15,6,101,17,0,1,2,3,234,4,0,0,1,1,169,63,1,1,0,34,0,2,50,766,25,3,126,0,551,1,3,0,6,6,23,0,0,9,13,588,1,1,5,0,5,1,9,3,8,1,1,1,2,1,1,3,0,3,3,1,0,4,0,33,0,0,0,3,1,0,9,2,1,1,0,4,0,45,2,1,0,1,0,2,1,0,1,0,0,3,102,150,152,0,4,0,1,15,3896,2,31,1,0,1,0,14,3,2,4,1,16,176,2,1,3,2,3,3,4,1727,5,268,2,49,9,14,65,13,22,21,36,0,86,3,78,2,11,0,29,95,0,0,2,6,13,0,2,201,0,4,1,1,132,159,25,131,223,28,3,11,0,2,6,88,2,1,25,0,19,6,0,0,1,0,556,6,10,0,5,0,162,0,1,7,5,11,9,2,0,4,0,0,3,0,0,1,1,11,16,4,0,1,74,7,7,5,0,3,0,14,1,6,0,1,0,0,20,8,12,2,9,5,0,3,0,0,0,0,26,1,1,16,3,7,0,0,5,0,16,6,2,0,37
2021,"Newham 014","E02000727",8524,5993,41,0,2,1,0,8,1834,0,24,0,63,2386,3,0,0,9,0,0,2,6,1,0,13,9,1,1,4,1430,3,11,0,100,0,0,19,0,1,12,9,435,164,2,1,9,0,0,16,0,0,3,0,28,3,0,0,0,4,50,0,0,0,1,2,135,8,0,0,1,4,0,0,4,383,120,0,33,0,157,2,3,0,1,4,4,0,0,18,41,211,2,3,0,5,0,0,4,0,2,0,0,0,0,0,2,0,0,0,0,0,0,1,0,3,1,0,0,1,3,0,0,4,0,0,0,0,0,12,0,0,0,3,0,0,0,0,0,3,0,0,72,32,39,1,1,0,1,16,1176,0,7,1,0,0,0,0,0,0,0,0,2,32,0,0,1,1,1,1,0,389,0,78,0,2,0,2,6,0,7,9,16,0,28,0,11,0,7,0,12,47,0,0,0,2,0,0,0,78,0,0,0,0,45,54,4,44,261,3,0,2,0,0,0,10,1,0,3,1,6,0,0,1,0,1,326,15,4,0,4,0,43,0,0,4,0,0,4,0,0,0,2,0,0,0,1,0,1,1,9,3,0,0,37,33,2,9,1,0,4,0,0,9,0,0,1,2,6,9,5,2,1,3,2,3,2,0,1,0,24,25,0,3,0,6,0,5,2,0,6,6,1,0,25
2021,"Newham 015","E02000728",8518,5462,36,3,3,0,0,17,1144,1,52,5,89,1816,1,0,0,11,0,0,2,19,3,0,3,9,4,0,0,1074,10,11,0,832,1,0,301,4,0,3,8,290,128,6,0,3,0,0,6,0,0,0,1,27,3,0,9,1,0,42,0,0,0,0,2,39,12,0,0,0,3,0,0,8,163,2,0,24,0,120,1,0,2,0,0,7,1,0,1,5,187,0,0,2,0,2,0,0,0,0,0,1,0,2,0,1,0,0,5,1,0,0,7,0,0,0,5,0,0,7,0,1,0,2,0,0,2,0,15,2,0,0,0,0,0,2,1,0,3,0,4,57,31,24,0,0,0,0,10,1904,0,11,0,0,0,0,2,0,0,0,0,5,156,0,0,0,0,1,0,0,643,0,87,1,0,0,1,5,0,22,6,34,0,19,0,12,0,0,0,11,54,1,0,0,5,0,0,0,152,0,1,1,0,56,30,7,56,508,2,0,1,0,1,0,6,0,0,1,0,5,0,0,0,0,1,512,3,4,8,0,0,37,0,0,0,0,0,0,2,0,0,0,0,0,1,9,0,1,8,5,0,0,0,35,13,3,5,0,1,1,0,3,6,0,1,0,5,0,20,8,2,2,5,1,1,0,1,2,0,54,48,0,8,1,0,1,53,116,0,0,9,1,0,28
2021,"Newham 016","E02000729",7326,3152,31,0,1,0,1,7,1260,0,95,1,49,839,0,2,3,17,0,0,1,5,9,0,1,4,0,2,3,775,1,0,0,25,0,2,5,2,1,5,5,738,381,7,0,8,1,1,5,0,23,11,2,62,15,0,0,0,0,102,0,3,0,4,17,40,15,1,0,0,9,0,1,30,619,6,0,68,0,437,3,0,0,67,0,14,1,0,9,14,291,1,5,0,1,1,0,10,1,6,3,1,0,6,0,0,2,0,2,0,2,0,3,0,11,0,0,0,0,1,0,4,0,0,0,0,0,0,16,0,2,0,3,1,1,0,0,0,0,1,0,66,48,81,0,0,0,0,12,2212,0,14,0,0,1,0,5,0,2,1,0,6,79,1,0,0,0,0,1,1,1001,0,142,0,14,5,7,11,0,2,3,13,0,34,0,29,2,4,0,13,86,0,0,0,3,5,0,0,210,0,0,0,0,82,82,7,59,217,1,0,6,0,0,7,14,2,0,11,5,19,4,0,0,0,1,314,2,9,0,24,0,65,0,3,7,0,5,1,1,1,2,4,0,0,0,0,1,1,8,4,0,1,0,38,0,1,4,0,2,0,0,2,3,0,0,0,0,3,2,5,0,2,4,0,3,0,0,0,0,37,16,0,2,1,8,1,1,5,1,10,1,0,0,23
2021,"Newham 017","E02000730",9926,7288,35,3,1,1,0,10,2335,0,17,0,42,2691,0,0,1,3,1,0,0,13,3,4,0,6,4,1,3,2044,0,12,2,28,0,0,1,2,0,20,5,438,183,1,0,11,2,0,13,0,10,1,3,50,8,0,3,0,0,86,0,0,0,2,1,52,0,0,0,0,6,0,2,4,299,5,2,61,0,206,5,1,0,4,1,4,0,0,2,8,250,3,0,0,0,0,2,1,0,1,0,1,3,2,0,0,0,0,2,0,0,0,0,0,5,0,0,0,0,0,1,2,0,0,1,2,1,0,20,1,1,0,0,0,0,11,0,0,0,0,0,74,52,47,0,4,0,2,11,1287,0,1,0,2,1,0,3,0,0,1,0,6,53,0,0,0,0,0,0,1,436,1,81,0,8,1,5,3,0,9,7,7,0,28,0,15,0,0,0,8,44,3,0,0,2,2,0,0,94,0,1,0,0,40,36,5,26,311,4,0,2,0,1,2,2,0,0,8,0,18,2,0,4,0,3,364,12,6,0,11,1,48,0,0,7,0,5,0,0,2,0,0,0,0,0,0,0,3,3,0,0,2,1,36,18,11,9,0,1,2,3,0,19,0,2,0,0,3,8,8,0,1,8,2,0,0,0,10,0,11,68,0,4,0,1,6,0,0,0,12,1,2,0,17
2021,"Newham 018","E02000731",9962,6751,53,4,4,0,0,20,1741,3,36,7,98,2005,1,1,1,26,1,0,5,21,3,6,8,10,2,0,8,2053,0,1,6,434,1,0,176,1,0,10,5,446,179,0,30,8,0,0,5,0,6,2,2,27,4,0,7,1,1,65,0,0,0,0,0,86,6,0,0,1,3,0,0,13,278,5,2,41,1,183,6,1,0,4,1,18,0,0,14,2,280,2,5,0,0,0,0,3,0,1,0,6,5,0,1,0,0,0,0,0,0,3,0,0,1,3,0,0,0,0,0,1,0,4,4,0,4,0,21,4,0,0,2,0,2,6,0,0,0,0,3,76,58,45,0,0,0,0,20,1682,1,7,0,0,0,6,2,1,1,1,0,25,34,0,0,0,0,1,0,0,617,0,115,0,8,4,1,7,0,27,10,15,0,24,0,30,0,2,0,4,37,1,1,0,10,1,0,0,102,0,3,0,0,64,58,3,79,346,0,0,2,0,1,1,8,0,0,7,4,6,0,0,2,0,3,525,22,9,0,0,0,69,0,1,14,1,1,9,0,0,0,5,0,0,0,2,0,0,13,8,2,5,5,39,16,0,3,0,0,7,1,0,21,2,0,6,0,0,8,2,0,3,2,3,0,0,3,0,0,42,40,0,8,0,0,15,32,65,2,3,9,2,0,25
2021,"Newham 019","E02000732",8914,4840,35,0,1,0,0,6,1967,0,63,1,128,1202,5,4,3,29,0,2,0,11,11,6,7,18,5,0,2,1140,0,2,0,135,0,3,32,1,0,14,7,1034,511,4,1,32,0,1,7,3,5,11,2,85,7,0,2,0,0,73,1,0,0,10,7,165,62,2,4,8,24,2,2,3,456,9,0,117,2,270,4,0,0,8,0,9,0,0,6,31,319,4,5,7,0,1,3,8,4,1,0,0,4,7,0,0,0,0,0,0,0,2,3,0,5,0,0,0,0,0,0,1,1,7,0,0,4,0,24,5,0,0,0,2,1,2,0,2,0,1,2,60,60,79,0,0,0,0,14,1688,0,7,0,0,0,0,5,1,1,0,0,10,9,0,0,0,1,0,0,0,845,2,104,1,3,0,5,11,0,9,7,8,0,31,0,23,2,0,0,10,46,0,1,0,4,4,0,0,75,0,0,0,0,56,48,6,81,200,12,2,7,1,5,3,8,0,0,7,4,12,5,0,3,0,3,577,10,3,2,8,5,81,0,0,10,2,3,0,0,0,4,1,0,0,0,3,0,1,5,18,0,1,0,45,12,6,1,0,1,8,9,1,10,0,0,0,3,1,23,3,5,94,5,4,0,0,5,0,0,28,8,0,13,4,61,4,15,22,0,7,4,0,2,16
2021,"Newham 020","E02000733",10104,2785,32,1,0,0,3,14,1319,2,167,0,305,363,0,6,3,1,6,0,1,7,2,1,15,5,1,2,1,440,0,7,0,35,2,0,3,12,1,23,5,1531,503,32,2,54,0,3,96,1,26,15,1,183,7,0,9,1,6,227,1,22,0,2,3,211,67,1,0,1,21,0,11,25,1028,46,1,163,1,647,8,4,3,8,5,59,45,0,6,32,760,7,1,4,0,3,0,12,0,3,0,6,1,6,0,2,1,0,4,0,0,1,11,1,72,1,0,3,1,1,0,2,2,2,5,1,3,0,55,3,1,0,0,0,3,0,0,1,0,0,2,110,113,277,0,2,2,1,34,3464,0,41,0,3,0,0,14,1,0,3,0,11,157,2,0,4,2,4,2,3,1674,2,280,3,20,1,7,30,0,13,19,33,3,43,0,76,4,17,0,4,83,2,3,3,4,13,0,0,202,0,5,0,0,102,90,23,85,263,10,3,5,1,8,5,32,3,0,11,2,21,2,0,1,0,6,536,6,19,2,5,1,172,0,0,1,0,9,5,0,5,1,2,0,2,0,9,0,2,15,57,1,0,1,36,0,3,0,0,4,0,4,0,3,2,0,0,0,5,7,2,0,7,0,0,1,0,0,0,0,17,5,0,26,1,16,1,0,0,2,30,5,6,2,36
2021,"Newham 021","E02000734",7301,2404,13,2,2,0,0,8,1204,0,147,2,194,402,0,0,6,0,2,0,5,8,0,8,4,9,5,4,8,300,0,0,0,23,4,2,9,10,6,14,3,1192,463,0,0,42,0,2,35,1,9,19,2,97,4,0,2,2,0,202,2,0,6,0,3,182,58,2,0,0,27,1,8,23,583,12,0,131,0,390,4,1,1,12,0,20,1,0,3,8,367,1,3,0,0,1,1,10,1,3,1,3,0,3,0,0,1,0,5,0,0,2,10,0,1,4,0,0,0,1,0,7,1,1,4,1,1,0,31,3,0,0,1,0,7,3,0,0,0,0,0,45,90,100,1,1,2,0,17,2370,0,19,0,0,0,0,6,0,1,0,0,18,86,1,0,2,0,2,0,2,1110,2,157,2,8,2,6,10,3,1,12,20,0,54,0,44,0,1,0,14,59,1,2,1,9,6,1,0,121,0,3,2,0,69,97,14,42,292,4,0,6,0,1,4,14,0,2,14,4,13,0,0,4,0,2,385,0,6,0,0,0,72,0,0,2,2,5,7,1,2,0,0,0,1,0,1,0,2,11,27,1,0,0,50,0,3,0,1,2,0,8,0,8,0,4,0,0,6,5,8,0,1,8,0,2,0,1,0,0,88,6,0,6,3,3,5,0,0,2,8,2,0,0,15
2021,"Newham 022","E02000735",8610,4571,19,1,0,0,0,8,2085,2,138,1,286,901,9,1,1,9,3,0,5,28,7,5,9,8,5,1,6,904,6,5,0,76,0,0,14,4,0,20,4,939,354,2,0,39,3,1,9,0,8,2,0,56,3,0,7,3,0,125,0,0,8,1,5,123,26,0,4,0,128,0,0,32,458,11,2,120,2,266,5,2,0,4,5,17,0,0,15,9,284,2,1,0,1,0,0,14,0,8,3,2,0,3,0,0,0,0,0,0,1,1,6,1,7,0,0,0,0,0,0,3,2,0,0,1,1,0,34,5,2,0,1,0,1,0,1,6,0,0,2,59,43,58,0,0,0,0,15,1980,0,6,0,0,0,0,4,0,0,0,0,3,55,0,0,0,0,3,0,0,900,0,125,2,8,0,4,3,0,4,6,13,0,45,0,28,2,2,1,13,71,0,0,0,5,5,1,0,131,0,1,3,0,72,68,24,31,283,3,0,12,0,2,1,10,3,0,5,1,13,0,0,0,0,8,378,10,16,0,0,0,54,0,0,8,0,5,5,0,5,1,1,0,0,0,6,1,1,10,58,1,1,0,51,2,7,0,1,1,7,2,5,7,0,0,1,0,2,9,8,0,12,2,1,0,0,1,0,0,18,20,0,1,1,0,3,9,2,0,2,1,1,0,18
2021,"Newham 023","E02000736",9199,4576,146,0,4,0,1,9,1720,2,38,4,118,864,0,4,0,5,1,0,4,10,5,5,11,23,3,0,0,1013,1,0,0,440,1,0,120,0,0,20,4,882,362,5,0,27,3,2,20,0,2,3,10,80,7,0,3,0,2,123,0,4,0,1,6,143,13,3,4,4,30,1,13,11,554,7,0,107,0,389,3,1,2,3,4,18,3,0,5,12,378,3,1,0,0,4,0,5,0,0,0,0,2,9,0,0,0,0,2,0,0,0,2,0,21,4,0,0,0,1,0,1,0,6,6,0,0,0,38,6,1,0,2,0,2,5,0,1,1,2,1,76,70,87,0,2,2,1,14,2296,1,6,0,0,0,0,4,0,0,0,0,5,90,0,0,0,0,5,0,1,1203,1,139,0,2,2,6,7,4,20,10,1,1,27,0,13,1,12,1,6,67,0,3,0,3,1,0,0,114,1,1,1,0,77,49,9,45,321,1,0,14,0,0,0,3,0,2,4,0,3,6,0,0,0,3,513,19,4,4,2,3,90,0,0,12,0,1,5,3,7,1,0,0,0,0,1,0,4,3,26,0,0,0,48,8,9,8,0,0,0,5,0,6,0,0,0,0,6,3,11,0,17,3,4,3,0,0,0,6,22,9,0,1,4,7,2,12,85,1,3,11,5,1,28
2021,"Newham 024","E02000737",10380,4837,70,0,3,0,0,13,1864,2,53,1,175,1018,3,2,1,8,0,0,3,36,4,5,9,5,23,0,7,1195,3,3,1,259,0,0,54,2,5,5,5,1004,259,0,0,32,2,1,32,2,2,7,2,131,19,0,11,3,0,157,0,1,0,9,9,250,29,0,0,0,11,1,5,29,539,9,1,101,0,358,9,1,1,10,0,18,2,0,7,22,400,1,6,0,0,5,0,1,0,3,1,0,8,3,0,2,0,0,2,1,0,0,2,0,0,8,2,0,0,2,0,2,1,13,0,0,4,0,30,0,0,1,0,0,0,0,0,2,0,0,3,105,56,109,0,1,0,0,26,3032,3,14,3,0,0,0,7,0,6,0,0,17,31,0,0,2,1,3,1,1,1465,0,440,0,1,0,6,7,3,12,5,8,0,53,0,20,1,6,0,2,124,4,1,0,1,3,2,0,106,0,1,0,0,77,57,18,35,411,5,0,17,3,3,1,18,0,0,0,12,10,1,0,0,0,4,568,5,5,2,3,2,108,0,0,8,5,1,0,0,2,4,1,0,0,0,3,3,7,15,32,0,0,0,36,2,4,0,1,1,4,4,3,20,0,2,0,3,10,13,0,0,2,4,2,4,3,1,0,4,32,38,0,7,4,8,2,20,50,0,13,9,0,0,56
2021,"Newham 025","E02000738",9586,4980,54,0,7,0,0,8,1743,1,69,0,415,954,0,4,3,11,1,4,1,10,19,9,25,16,16,2,6,1401,4,5,0,138,1,6,26,3,0,13,5,642,271,5,0,17,0,1,34,2,4,4,1,82,6,0,3,1,1,92,4,0,1,0,3,74,12,5,0,0,6,4,1,8,438,12,1,80,0,302,1,0,5,8,2,5,0,0,2,20,427,0,2,1,0,0,0,7,0,2,1,5,0,5,0,0,1,1,3,0,1,0,1,0,12,2,0,0,1,4,0,3,3,1,2,0,2,3,42,4,5,0,0,1,4,0,0,0,0,0,8,115,83,80,0,3,0,1,18,2603,1,12,1,0,0,0,14,0,0,1,0,47,42,0,0,0,1,4,0,2,1194,2,187,0,13,0,5,19,0,10,5,14,0,51,0,27,5,1,0,16,60,5,2,0,12,8,0,0,198,0,1,12,0,55,73,28,77,357,4,0,0,0,1,5,16,0,1,3,2,5,0,0,0,0,4,496,9,12,3,0,1,73,1,3,9,0,2,1,1,1,1,4,0,0,0,2,2,0,17,44,0,3,0,62,5,6,3,1,3,2,3,2,19,0,0,0,0,2,10,11,1,4,5,7,1,1,4,2,0,35,33,0,6,0,6,2,14,13,0,15,13,0,0,16
2021,"Newham 026","E02000739",7738,2591,11,0,4,0,0,2,1120,0,84,0,290,326,3,4,6,15,3,1,0,4,6,0,9,9,17,5,6,597,1,0,0,28,0,0,4,10,0,21,5,1152,495,13,0,24,0,0,22,2,15,9,6,90,8,0,3,0,1,128,0,0,0,2,5,243,37,2,0,3,31,1,4,8,575,19,0,110,0,391,5,0,4,13,1,14,7,0,1,10,370,2,0,1,4,5,0,11,0,7,0,1,0,6,0,0,1,1,0,0,0,0,3,0,5,2,0,0,0,2,0,3,0,4,0,0,0,0,25,1,0,0,2,0,5,0,0,0,0,1,1,59,95,111,2,0,0,0,10,2546,0,19,0,0,0,0,16,0,0,1,0,11,110,0,0,0,0,0,2,1,1053,0,209,1,11,6,3,9,2,8,10,20,0,36,0,39,3,4,0,7,129,1,1,0,8,3,1,2,163,0,3,0,0,124,51,19,51,330,12,0,4,0,1,14,18,3,1,3,1,19,1,0,1,0,1,504,3,13,1,7,4,90,0,0,5,0,3,7,2,0,2,1,0,0,0,7,3,2,9,61,0,0,2,49,0,2,1,0,0,1,9,101,2,0,0,0,2,5,6,4,0,2,1,4,1,0,6,4,0,16,16,0,3,0,16,0,0,1,0,0,1,3,0,26
2021,"Newham 027","E02000740",6778,1754,22,0,0,0,0,0,893,1,109,0,158,231,1,0,4,0,3,1,1,3,2,8,1,7,0,2,0,212,0,0,0,39,2,3,7,7,1,34,2,1134,440,21,0,47,0,0,38,1,7,8,0,135,11,3,6,2,1,212,2,0,1,3,2,89,27,12,0,0,42,0,8,16,600,29,0,109,0,384,3,4,5,4,6,23,5,0,8,20,432,3,2,1,0,6,0,4,0,5,1,0,2,10,1,0,0,1,1,0,0,0,3,0,4,0,1,0,0,2,0,0,1,3,2,0,12,0,28,0,1,1,0,0,0,16,0,0,1,0,2,46,116,143,0,1,0,0,12,2499,1,19,7,0,0,0,3,0,0,0,0,18,79,1,0,0,1,2,0,0,1324,2,203,0,4,1,7,14,0,1,12,21,1,42,0,47,1,11,1,6,48,1,0,1,7,6,0,0,140,0,0,0,0,66,59,12,43,208,16,0,5,1,0,5,19,0,2,15,0,8,1,1,2,0,4,359,3,3,1,2,2,86,0,0,3,1,5,3,1,1,4,2,0,2,0,0,2,3,13,24,0,1,0,72,2,0,2,1,0,0,6,4,3,0,1,0,0,1,2,9,2,6,5,0,0,0,1,0,0,38,2,0,3,0,7,1,1,0,0,1,7,0,0,20
2021,"Newham 028","E02000741",8234,3247,30,0,1,3,0,5,1466,1,92,0,336,424,6,0,5,1,0,0,3,11,8,1,3,7,15,0,6,694,0,5,3,38,0,7,24,17,3,25,7,945,383,19,0,51,1,0,19,1,1,9,5,104,4,0,0,0,0,147,2,1,0,4,2,131,27,3,0,0,14,2,5,10,548,17,1,109,0,387,7,3,1,1,4,10,0,0,2,6,375,2,1,0,0,1,3,0,3,6,1,0,2,4,0,0,1,0,1,0,0,1,6,0,4,0,0,0,0,0,0,2,0,0,0,0,1,0,35,0,2,1,0,0,7,1,2,0,0,0,0,73,60,122,0,3,0,0,30,2636,0,6,1,0,2,0,13,0,0,0,0,27,37,1,1,1,0,1,0,2,1401,3,159,0,10,0,2,11,2,2,21,8,4,46,0,20,1,16,0,7,77,0,1,2,14,9,0,0,125,3,0,1,0,87,73,23,55,308,0,0,6,0,0,8,17,0,1,3,1,14,0,0,1,0,2,483,1,5,0,6,0,66,0,1,11,1,26,1,1,2,2,0,0,0,0,8,0,3,3,41,1,1,7,84,4,2,1,1,0,11,1,3,10,0,0,1,3,8,8,5,6,10,2,0,0,0,8,1,0,17,14,0,12,4,24,3,5,6,1,6,12,1,0,22
2021,"Newham 029","E02000742",8702,3494,57,0,2,0,0,5,1576,2,55,1,85,661,0,0,2,13,0,0,0,14,11,0,1,6,1,1,2,822,2,7,0,127,0,0,17,0,0,18,6,1066,437,12,0,51,0,2,30,3,9,0,7,91,14,0,0,0,0,202,0,0,0,6,2,115,24,8,3,3,25,0,6,16,545,26,2,116,0,355,4,1,0,7,2,17,0,0,7,8,396,0,2,2,3,2,1,13,0,7,0,1,3,1,1,0,0,1,10,0,0,1,7,0,6,1,0,0,1,2,0,10,1,1,1,0,0,0,21,8,0,0,0,4,5,3,0,2,3,0,0,67,80,111,0,0,0,1,13,2820,0,25,1,0,0,2,9,0,0,1,2,10,54,0,1,0,0,1,2,0,1386,0,124,0,5,0,4,8,6,18,8,20,7,29,0,10,0,17,2,17,76,1,1,1,2,2,2,0,113,0,1,0,0,120,72,16,50,545,14,0,3,0,2,2,5,1,0,4,5,11,0,0,0,0,2,381,9,7,0,3,9,94,0,0,3,1,0,1,1,0,0,0,0,0,0,0,0,3,3,8,1,2,1,45,3,5,0,0,1,5,1,0,21,0,0,0,6,2,10,5,1,3,2,0,0,5,0,0,1,31,7,0,8,0,3,3,13,6,0,11,6,2,0,29
2021,"Newham 030","E02000743",10280,2745,31,0,2,0,1,21,1294,1,274,0,183,327,2,3,6,2,7,0,4,4,2,8,8,15,5,0,2,402,1,2,0,59,1,7,10,10,3,39,9,2145,736,58,0,79,7,1,49,15,25,20,2,194,22,1,6,2,1,294,2,0,0,9,13,437,37,2,3,5,71,2,15,37,753,26,2,195,1,437,9,4,1,14,8,18,0,0,12,26,561,2,3,0,0,6,0,16,0,4,0,7,4,5,1,0,1,3,0,4,1,1,4,0,14,0,0,0,0,2,0,2,3,0,8,0,1,0,59,2,0,0,4,0,7,26,0,0,3,1,2,78,144,130,0,2,0,0,11,3530,0,127,2,2,0,0,1,0,1,4,2,27,71,4,0,3,3,5,0,2,1811,0,215,1,12,1,2,39,6,0,12,28,0,42,0,83,1,19,0,15,109,0,1,0,1,9,2,3,178,0,1,1,0,88,110,53,60,253,13,13,3,0,6,7,29,2,0,13,9,17,1,0,2,0,5,546,13,17,0,7,2,139,0,0,1,1,5,4,3,1,2,4,0,0,0,3,0,0,7,28,2,2,0,105,3,1,16,0,4,0,8,9,4,0,0,0,0,5,4,5,1,13,5,1,0,0,0,1,0,20,4,0,6,5,15,4,0,0,1,22,9,3,0,31
2021,"Newham 031","E02000744",9167,2270,16,0,3,0,0,5,1166,0,131,1,198,309,3,5,6,0,3,0,1,10,4,0,12,10,6,3,2,299,0,1,0,42,2,15,5,0,0,11,1,1315,559,10,0,57,1,1,20,2,11,13,5,145,6,0,2,4,1,236,1,1,3,2,8,86,67,2,6,1,35,2,12,16,523,15,0,140,0,318,4,0,0,8,6,16,1,0,2,13,521,5,2,0,0,1,0,6,0,9,0,5,1,5,0,0,1,0,4,0,0,1,6,0,16,1,1,1,0,1,2,5,0,0,0,1,2,0,44,5,3,0,0,0,2,6,0,0,1,0,7,82,98,176,0,1,0,0,20,4022,1,22,0,1,1,1,2,1,0,0,0,101,99,1,2,0,0,2,2,2,2170,2,234,1,9,1,6,13,8,16,23,15,2,51,0,48,2,23,1,18,120,1,0,0,10,5,2,1,158,1,2,3,0,119,77,35,75,439,15,1,3,2,6,7,16,1,1,10,7,16,2,4,1,0,1,516,2,9,0,14,1,87,0,0,1,1,6,5,1,0,0,7,0,0,0,3,1,0,17,30,2,4,0,117,1,3,7,0,1,0,15,2,10,2,1,0,4,2,4,22,0,2,4,1,0,0,0,0,0,27,7,0,15,0,8,0,3,3,0,24,4,0,0,36
2021,"Newham 032","E02000745",8592,2176,27,2,1,1,0,2,765,0,291,0,107,367,4,5,3,1,5,0,0,10,5,1,9,8,5,2,2,425,1,7,0,29,0,0,9,21,2,54,5,1237,533,16,0,55,2,0,35,6,1,12,5,152,8,0,2,0,0,244,0,0,3,8,11,68,10,4,0,0,33,1,15,13,609,70,3,156,1,330,5,6,0,8,6,15,0,0,1,8,411,2,4,0,0,1,0,13,0,10,1,1,2,4,0,0,0,0,1,0,6,0,8,0,6,0,0,0,0,1,0,2,0,0,1,0,1,3,28,3,0,0,0,0,1,0,0,3,2,0,0,75,99,117,0,2,1,0,13,3786,1,11,3,0,1,1,2,0,2,0,1,15,107,0,0,2,0,5,1,0,1656,5,339,0,6,1,5,10,0,7,8,36,0,39,0,23,0,8,0,17,264,2,2,0,5,1,2,0,285,1,0,3,0,137,65,9,41,565,25,1,5,1,0,3,1,1,1,4,0,21,2,3,0,0,24,373,5,15,0,1,2,62,0,1,3,0,3,0,0,3,4,0,0,0,0,13,0,0,16,8,2,1,0,41,16,7,1,0,0,6,10,1,7,0,15,0,6,0,1,52,2,0,4,1,0,0,0,0,0,11,7,1,8,0,2,0,1,5,0,3,2,2,1,21
2021,"Newham 033","E02000746",9427,2556,34,0,0,0,0,7,1041,1,215,0,49,563,0,11,4,2,3,0,10,2,6,0,10,12,8,1,9,472,0,1,1,27,5,2,12,2,5,35,6,1332,471,7,0,56,7,3,37,12,7,7,9,140,15,4,2,3,0,282,0,1,1,1,3,115,54,6,1,1,40,4,8,35,619,15,1,120,2,406,11,2,0,16,1,17,0,0,15,13,552,2,0,11,0,6,0,9,0,4,0,7,0,8,0,5,0,0,0,0,1,1,6,1,7,12,0,1,0,0,0,0,0,0,5,0,0,0,31,6,4,1,0,0,1,2,0,3,2,1,5,97,99,190,0,3,0,0,21,3885,0,31,1,0,0,1,5,1,1,1,1,23,155,0,0,3,0,2,1,6,1977,2,237,3,9,0,8,41,4,0,14,28,1,56,0,52,2,7,0,20,256,0,4,1,8,18,1,1,264,1,1,0,0,108,119,17,60,214,29,6,11,1,2,4,20,2,1,14,2,11,6,2,5,0,3,483,0,10,2,1,7,155,0,2,13,1,4,0,7,0,7,0,0,0,0,4,0,1,6,16,1,1,0,79,3,8,2,0,0,0,5,0,7,0,6,0,0,8,1,5,4,5,0,1,0,0,0,0,2,11,5,0,9,6,7,3,1,1,0,5,10,2,1,48
2021,"Newham 034","E02000747",13089,3367,30,0,2,0,0,0,819,0,577,0,111,1202,5,3,8,2,32,0,11,7,5,2,9,9,17,1,7,348,0,2,0,49,5,10,2,8,0,79,5,2009,755,27,1,89,1,8,65,3,4,21,6,352,21,0,3,2,1,299,3,1,1,8,16,176,20,5,1,5,52,2,22,39,698,35,0,174,3,390,7,6,0,20,5,26,2,0,4,26,798,7,1,4,0,4,0,14,0,8,2,9,4,3,1,0,0,1,2,1,4,0,10,1,19,0,3,4,2,4,0,7,1,5,0,0,3,0,60,7,0,1,0,0,1,15,2,1,0,0,12,173,190,190,2,1,0,0,19,5504,1,27,0,3,0,37,25,0,3,5,0,57,114,2,0,8,4,7,6,8,2803,9,547,2,40,11,34,105,9,6,19,42,3,68,1,152,3,13,2,23,147,5,3,0,11,11,2,0,197,8,6,4,0,142,129,58,109,261,47,3,7,3,12,4,54,1,7,41,1,14,7,3,2,0,6,713,10,9,0,2,0,244,3,3,0,0,5,1,1,1,10,0,0,0,0,7,2,4,22,18,3,0,0,89,1,12,3,0,4,1,12,1,1,2,0,0,0,10,3,11,5,23,1,2,0,0,3,0,0,8,6,0,28,5,31,6,1,8,1,25,7,5,1,52
2021,"Newham 035","E02000748",6268,1192,32,0,1,0,0,0,469,3,172,0,34,204,0,0,5,0,1,0,5,5,0,3,3,13,3,0,8,182,1,6,0,15,0,1,0,0,3,19,4,730,309,5,0,20,2,1,18,4,1,8,2,100,13,0,3,2,0,166,0,0,0,8,11,18,5,3,1,0,9,0,7,14,333,7,0,66,1,230,0,6,0,7,0,12,1,0,0,3,329,1,2,0,0,3,1,5,1,4,0,0,4,1,0,3,0,0,0,2,1,0,3,0,3,0,1,3,0,0,0,2,1,3,1,0,4,0,21,3,0,0,1,0,2,0,3,0,0,0,1,60,91,81,0,6,2,0,9,3408,0,19,0,0,0,0,3,0,2,2,4,5,155,1,1,0,0,0,0,1,1351,0,320,4,9,0,7,15,2,4,13,26,0,32,0,28,0,6,0,21,381,0,2,1,2,6,0,0,310,1,1,1,0,113,92,28,64,297,15,2,9,0,5,1,16,0,1,10,1,14,1,0,0,0,3,276,5,7,1,4,1,46,0,0,4,0,4,5,0,2,9,0,0,0,0,3,0,0,13,4,1,1,0,20,1,12,1,0,2,0,5,5,2,1,2,0,0,2,2,36,0,0,1,0,6,0,2,1,0,5,5,0,6,0,2,0,2,3,0,12,5,0,2,23
2021,"Newham 036","E02000749",9543,1633,4,0,1,0,0,0,808,4,150,3,96,215,5,0,3,2,0,3,2,1,4,0,8,16,6,2,3,201,0,0,0,32,0,0,6,8,3,40,7,2070,871,44,0,99,0,2,44,6,6,8,8,289,13,0,5,1,2,341,3,1,0,3,4,178,35,2,4,9,46,5,6,35,866,56,3,259,0,462,6,3,1,17,15,8,1,0,10,25,598,0,11,14,0,6,0,7,0,11,0,1,4,0,0,1,0,1,2,1,1,0,8,0,14,1,3,0,0,1,1,10,1,0,0,0,0,2,34,1,0,0,2,0,3,2,3,0,0,0,5,74,148,195,0,4,1,0,25,3973,0,18,3,2,0,0,3,0,0,2,0,20,96,0,0,0,0,5,1,1,2269,3,217,1,12,4,7,14,1,25,9,25,0,56,0,53,1,6,0,26,165,1,1,0,10,7,2,0,166,1,2,3,0,105,85,30,133,296,20,0,10,1,2,1,14,0,0,7,0,24,0,0,0,0,7,403,6,16,1,2,1,90,0,0,0,0,2,3,4,0,2,5,0,1,1,1,1,0,7,18,1,2,0,63,3,2,1,1,1,3,4,5,1,0,0,5,0,14,4,11,2,4,4,0,0,1,1,0,0,19,0,4,12,5,7,0,1,3,0,7,8,4,0,39
2021,"Redbridge 001","E02000751",11174,2165,0,2,0,3,3,1,269,1,181,0,27,1031,0,2,8,1,2,4,2,9,7,3,2,1,5,3,10,406,0,7,3,97,0,0,36,4,8,16,11,295,122,0,1,15,0,0,13,2,0,2,0,33,6,0,0,0,0,78,0,0,0,0,1,13,0,0,0,0,2,2,5,0,274,1,0,42,0,210,1,0,7,6,0,4,0,0,0,3,576,4,2,0,5,1,1,4,1,6,0,0,2,4,1,0,0,2,0,1,0,4,11,1,3,4,4,0,7,3,0,2,2,0,0,0,1,3,41,2,0,0,0,0,3,0,1,1,0,3,3,252,53,118,0,3,1,2,14,7485,2,24,0,0,4,4,12,1,3,8,1,4,51,0,0,10,2,12,1,5,6069,1,244,3,24,0,17,24,21,4,13,14,1,252,0,39,40,0,0,6,34,1,10,0,4,25,1,1,85,1,1,1,0,64,62,8,26,105,10,0,4,0,17,4,26,1,3,39,16,4,8,0,0,0,8,379,1,2,1,8,0,38,0,0,2,1,1,0,0,2,2,2,0,2,0,0,0,1,15,2,7,11,0,12,6,22,2,1,25,5,7,0,3,0,0,0,0,3,8,0,8,4,1,2,0,0,0,10,0,7,41,0,4,0,5,0,12,21,0,29,12,1,0,30
2021,"Redbridge 002","E02000752",8787,2052,11,0,0,0,2,11,376,2,102,2,33,672,0,15,2,5,4,0,0,9,5,3,0,8,5,0,0,664,1,3,0,63,0,0,23,4,5,8,14,631,191,4,0,11,0,0,36,0,0,9,0,79,3,1,4,1,0,94,1,0,0,0,2,155,3,1,1,0,9,4,11,11,396,14,0,73,0,286,3,0,0,7,0,7,3,0,1,2,448,3,1,0,0,0,0,5,2,8,0,0,8,4,0,0,3,0,5,2,0,0,3,0,1,2,0,1,0,0,0,2,3,3,0,0,2,0,18,2,0,0,0,0,0,3,0,0,0,0,0,104,78,161,0,7,1,1,15,4925,2,35,0,0,0,0,6,0,1,0,0,2,86,0,2,0,1,3,0,0,3498,0,197,0,3,0,4,11,6,15,4,2,0,48,2,9,12,11,0,4,111,1,3,0,15,2,0,0,182,0,1,0,0,125,119,12,44,231,13,0,7,0,7,0,22,2,0,38,4,14,0,0,3,0,5,335,0,1,2,5,1,33,0,0,1,2,0,0,2,1,3,0,0,0,0,0,0,4,20,11,0,3,0,9,8,6,2,0,2,0,15,1,20,1,2,0,0,0,1,8,3,7,5,0,0,0,2,4,0,11,26,0,0,0,0,0,6,16,0,34,24,0,0,33
2021,"Redbridge 003","E02000753",6918,1489,19,0,0,0,0,8,336,3,103,0,15,437,0,0,0,5,3,0,0,16,3,2,13,10,4,0,1,389,1,3,0,68,0,0,27,7,7,6,3,370,152,3,0,16,0,0,5,0,2,0,0,39,1,0,0,0,0,84,0,1,0,2,2,28,3,0,0,0,10,2,11,9,307,4,4,68,0,216,1,0,0,4,0,10,0,0,0,0,356,2,0,0,0,1,2,7,1,5,0,3,10,2,1,1,1,0,0,2,0,1,9,3,6,1,1,0,1,2,0,8,10,1,0,1,2,0,16,2,0,0,0,0,0,1,0,0,0,1,3,68,45,118,0,2,0,0,16,4113,0,31,0,0,0,0,2,0,0,0,0,2,58,0,0,1,3,3,0,0,2864,0,222,3,4,0,4,5,9,15,1,2,0,48,1,15,12,9,2,3,125,2,3,0,11,3,4,2,168,0,2,0,0,76,67,3,33,226,10,0,0,0,8,0,4,0,0,21,4,14,4,0,1,1,2,283,0,6,0,3,1,24,1,0,2,3,1,2,0,0,0,0,0,1,0,2,0,1,14,3,0,11,0,12,0,7,0,0,4,0,12,7,6,0,3,3,0,0,3,3,4,2,4,13,0,0,0,13,0,18,23,0,4,0,3,0,0,18,0,20,8,0,1,17
2021,"Redbridge 004","E02000754",6779,1263,6,0,1,0,1,5,257,1,135,0,37,421,1,0,5,10,1,1,7,7,1,0,1,9,0,4,2,267,0,0,6,32,1,0,18,10,0,9,7,259,97,3,0,3,0,2,28,1,0,1,0,23,4,0,1,0,0,66,0,2,1,0,0,13,1,3,0,0,8,0,0,2,271,2,2,46,0,200,0,0,0,9,0,5,0,0,0,7,457,0,1,7,0,1,4,13,3,3,0,0,6,5,0,0,1,0,5,2,0,3,7,6,4,0,1,0,0,7,1,4,2,0,12,3,3,0,30,3,0,0,0,0,2,0,1,0,5,3,1,119,50,109,2,3,0,1,24,4268,0,16,0,0,0,4,13,0,1,13,0,3,78,0,1,3,2,6,0,1,3189,0,164,1,9,0,5,13,8,7,1,10,0,146,0,32,6,6,0,3,40,27,4,1,3,9,1,3,97,1,6,0,0,46,38,8,9,128,7,4,11,0,8,5,25,2,0,27,4,8,2,0,1,0,2,261,10,1,0,1,0,40,0,1,4,0,2,3,0,3,5,0,0,0,0,1,1,2,10,10,1,6,0,18,1,5,1,1,7,1,8,0,16,0,1,0,0,9,0,1,4,10,0,0,0,0,0,0,0,6,6,0,1,0,0,0,1,12,1,15,18,0,0,17
2021,"Redbridge 005","E02000755",5484,984,0,0,0,0,0,0,183,0,86,0,25,362,1,5,1,4,0,0,2,3,0,1,1,1,0,4,2,217,0,0,0,57,0,0,11,3,4,5,6,193,77,3,0,9,1,0,12,0,0,0,0,24,1,0,0,0,0,44,1,0,1,0,0,5,0,0,0,1,8,3,1,2,272,1,0,51,0,193,3,0,2,4,3,10,0,0,0,5,337,0,1,0,1,4,0,9,0,4,0,0,0,3,0,1,1,0,8,1,0,0,7,4,3,0,0,0,0,1,0,0,0,0,2,0,0,0,25,3,0,0,0,0,0,3,0,2,3,0,5,58,47,123,0,0,0,0,18,3504,0,23,0,0,0,0,6,0,0,0,0,6,38,1,0,0,0,7,1,0,2670,0,130,0,3,0,2,0,7,0,0,12,2,89,1,15,8,0,0,1,40,0,4,0,1,2,0,0,115,0,0,0,0,44,43,23,21,127,5,0,2,0,10,0,3,0,0,16,6,9,1,1,4,0,5,194,6,0,0,0,0,28,1,0,0,0,0,0,0,3,6,0,0,1,0,0,0,2,12,1,1,11,0,3,2,4,0,0,4,0,4,4,7,0,0,0,0,2,0,1,1,4,7,0,0,0,0,0,0,5,26,0,0,0,2,0,0,7,0,11,22,0,0,6
2021,"Redbridge 006","E02000756",14587,4716,11,6,5,1,0,10,902,0,198,0,36,1872,0,12,2,7,0,5,5,39,5,6,2,9,4,0,4,1022,1,38,5,291,3,3,162,1,5,30,14,601,200,2,0,23,0,1,29,1,7,12,0,96,2,0,1,0,0,143,0,1,4,0,0,30,4,0,4,7,13,4,3,14,511,10,0,107,1,374,2,1,3,4,1,4,0,0,0,4,650,0,9,0,0,0,1,14,0,5,0,1,1,3,1,3,3,2,2,1,2,0,11,3,3,0,2,0,0,3,0,5,0,5,4,2,3,0,43,2,3,1,1,0,1,4,0,1,1,0,2,142,71,267,1,4,1,0,16,7447,0,64,0,0,1,4,9,0,1,0,1,2,102,0,1,1,3,1,0,2,5099,0,377,0,4,0,8,11,19,6,4,21,0,70,1,28,41,7,2,4,149,1,2,1,25,9,0,0,249,0,2,1,0,216,116,12,100,541,15,1,10,0,8,3,11,4,0,44,5,27,1,0,0,0,0,662,1,6,2,2,0,76,1,2,2,0,0,5,1,4,6,1,0,2,0,0,2,4,18,3,0,24,0,11,15,2,3,0,42,4,6,3,26,0,0,0,0,5,19,9,2,5,3,0,0,0,9,2,0,23,53,0,0,0,3,0,19,91,3,58,36,2,0,46
2021,"Redbridge 007","E02000757",12374,2547,16,0,1,0,0,3,289,7,248,0,48,1071,8,9,19,5,4,0,6,36,14,0,3,13,1,0,7,607,1,8,0,48,1,10,27,11,0,9,17,355,122,1,0,10,0,0,27,0,0,0,0,46,2,1,3,4,0,103,0,0,2,2,2,12,0,0,0,0,8,0,5,5,379,5,2,56,0,283,4,4,0,13,0,5,0,0,0,7,765,2,0,2,5,6,3,11,1,5,2,6,5,15,5,1,12,0,1,2,1,0,6,0,3,2,2,1,2,6,3,3,1,4,2,0,5,1,79,8,1,1,0,0,9,7,0,0,0,2,5,247,103,144,0,7,0,1,25,7837,1,29,1,3,0,1,15,3,0,1,0,6,89,1,1,2,2,6,3,2,6079,2,298,1,38,4,77,28,19,0,16,21,5,238,0,55,31,8,0,2,47,0,12,4,0,12,0,0,109,1,12,1,0,100,76,26,35,152,21,2,2,0,25,2,36,5,0,31,5,10,5,1,0,0,17,491,5,4,0,7,0,114,0,0,1,4,1,1,3,8,6,0,0,0,0,0,1,2,21,0,1,6,0,20,1,21,1,2,22,7,19,0,14,2,1,1,2,8,3,5,8,8,3,3,2,2,1,0,0,2,34,0,6,0,12,1,1,15,2,34,8,0,2,33
2021,"Redbridge 008","E02000758",6882,3180,29,0,0,1,0,11,453,2,61,0,7,1208,1,0,1,3,0,0,0,37,0,9,1,8,0,2,3,962,11,9,1,228,0,0,118,0,0,1,13,313,110,0,2,6,4,0,3,3,3,0,3,47,4,0,2,3,0,88,1,0,1,4,0,12,0,0,0,0,7,0,6,4,346,4,0,53,0,254,0,2,2,9,2,16,0,0,0,4,229,0,4,0,0,2,1,6,1,2,0,0,0,4,0,0,0,1,1,0,0,0,10,0,8,0,0,0,0,0,0,0,0,0,1,1,0,0,23,1,0,0,0,0,1,2,0,6,1,1,2,58,17,62,4,0,0,1,8,2264,0,16,0,3,0,0,6,0,0,0,0,0,27,0,1,0,0,3,0,0,1698,0,71,0,0,0,2,1,29,7,0,1,2,40,1,13,14,5,1,0,18,0,0,0,4,2,0,0,56,3,0,0,0,25,48,9,32,76,3,0,1,1,1,0,8,0,0,22,7,3,0,0,0,0,4,550,0,3,0,2,0,127,0,4,5,0,0,0,0,6,0,1,0,6,0,0,0,3,20,0,0,11,0,10,0,12,2,1,9,5,14,0,23,0,2,2,0,5,1,0,6,4,1,1,0,0,5,17,0,7,71,0,6,0,0,2,10,62,0,32,39,0,0,13
2021,"Redbridge 009","E02000759",13084,3193,30,2,0,1,0,12,650,0,231,0,35,1031,0,6,10,11,2,1,3,16,10,9,3,13,3,0,4,900,0,8,3,103,2,3,53,14,0,16,8,747,299,4,0,24,0,2,40,0,7,0,0,69,9,2,2,2,0,152,0,0,0,3,4,78,0,2,4,2,19,4,15,4,639,8,1,134,1,436,7,0,0,17,2,24,0,0,1,8,802,2,2,0,3,2,1,23,2,3,0,1,5,9,2,0,9,1,5,1,0,1,4,1,6,3,1,0,1,8,0,5,4,4,3,1,3,0,107,0,3,2,0,0,5,3,1,7,3,6,9,198,129,173,3,6,1,1,29,7070,2,58,3,4,0,11,21,1,0,7,0,10,120,3,0,1,9,9,3,4,5024,2,285,1,18,0,14,25,25,1,4,14,1,214,0,51,14,39,10,17,62,1,6,0,8,14,0,3,150,3,8,0,0,136,109,26,44,280,40,5,6,0,12,2,30,5,0,60,9,3,14,0,0,0,9,633,3,16,0,0,4,121,0,6,4,0,4,1,0,7,4,4,0,0,0,1,3,5,20,12,4,13,0,23,4,15,2,3,16,3,35,1,29,0,5,1,0,9,6,3,5,7,8,0,0,0,0,0,0,5,32,0,8,0,1,1,10,17,2,60,56,6,0,28
2021,"Redbridge 010","E02000760",7533,3026,15,2,0,0,0,8,575,5,75,1,14,1033,1,0,1,9,0,0,2,16,4,7,0,10,0,0,2,845,8,15,4,221,0,0,121,1,7,10,14,367,117,4,0,19,0,0,18,4,2,7,3,46,4,1,1,0,1,68,0,0,0,0,0,37,6,2,0,0,8,0,16,3,339,11,0,48,1,256,3,1,1,1,2,9,0,0,0,6,317,4,1,0,0,1,0,15,0,1,2,2,4,1,3,0,0,0,0,0,0,0,1,2,4,0,1,1,0,0,0,4,0,2,0,1,2,0,39,0,0,0,0,0,3,0,0,0,2,0,1,85,36,81,0,1,0,2,15,3059,1,22,0,1,0,1,0,0,0,0,0,1,41,0,0,1,7,0,0,1,2089,2,118,0,4,0,4,3,11,6,0,3,3,57,0,15,13,5,0,19,29,0,0,0,1,1,0,0,102,0,1,0,0,57,53,15,17,260,31,0,2,1,2,4,3,0,0,18,13,16,3,1,0,0,1,425,1,2,4,0,0,52,1,0,1,1,1,0,0,1,0,0,0,1,0,0,0,2,4,0,1,10,0,0,11,15,0,0,19,1,16,0,22,1,0,0,0,2,1,9,1,14,0,2,1,0,0,1,0,9,41,0,0,0,0,0,13,86,0,42,14,0,2,20
2021,"Redbridge 012","E02000762",6618,3945,25,4,7,0,1,3,1057,0,57,2,14,1522,5,0,1,1,1,0,0,21,5,0,0,8,4,0,4,890,2,8,1,168,0,0,120,2,0,4,8,159,54,0,0,9,0,0,7,0,0,0,0,19,4,0,0,0,0,41,0,0,0,0,2,10,0,0,2,0,6,0,4,1,180,6,0,22,0,138,4,0,0,0,0,6,2,0,0,2,190,4,0,0,0,0,1,8,0,4,1,0,0,0,5,0,0,0,0,0,0,1,7,0,0,0,1,0,0,0,0,2,0,0,0,1,0,0,3,0,0,0,0,0,4,1,0,2,0,0,2,69,38,18,0,4,0,0,14,1697,0,9,0,0,0,0,3,0,0,0,1,0,18,0,0,0,2,1,0,0,1119,3,82,0,2,0,5,4,20,0,0,2,0,17,2,14,17,0,0,9,24,0,4,0,0,3,0,0,67,0,0,0,0,47,23,5,18,145,2,0,0,1,0,2,1,3,0,13,5,2,2,0,0,0,0,447,4,0,2,0,0,38,0,3,3,0,2,0,0,9,0,1,0,5,0,0,0,4,12,0,1,10,0,1,8,6,1,0,21,0,4,0,29,0,0,0,0,8,1,1,2,5,3,8,0,0,1,9,0,20,82,0,0,0,0,0,3,83,0,18,29,0,0,10
2021,"Redbridge 013","E02000763",8013,4145,42,0,7,0,0,13,827,2,77,1,20,1411,0,2,2,5,2,0,6,227,11,3,6,15,1,0,3,826,9,14,1,419,0,0,186,0,0,5,2,315,142,0,0,10,0,0,2,0,3,6,1,15,2,0,3,0,0,66,0,2,0,0,2,28,15,1,0,0,5,0,6,6,315,4,0,60,0,223,0,4,0,11,4,4,1,0,0,4,246,1,0,0,3,0,0,8,1,2,0,1,0,4,1,2,0,0,0,2,0,0,4,0,0,0,0,0,0,1,0,1,0,7,1,0,3,1,17,0,3,0,0,0,0,3,0,2,0,0,2,53,38,72,6,0,0,0,7,2452,0,32,0,0,0,1,2,0,0,1,0,2,22,0,0,0,2,1,0,1,1456,0,139,0,1,0,2,3,11,0,1,2,1,55,1,3,10,3,0,2,51,0,2,0,13,1,0,0,215,0,0,0,0,69,37,11,25,240,0,0,1,0,2,0,7,1,0,10,4,6,0,0,0,0,3,540,0,5,2,4,1,89,0,0,2,0,1,0,2,0,4,0,0,0,0,0,0,0,6,1,1,1,0,11,10,2,0,1,8,2,12,2,26,0,0,0,0,0,4,3,0,6,8,2,1,0,0,16,0,9,56,0,6,0,0,0,29,125,0,10,23,1,0,48
2021,"Redbridge 014","E02000764",12303,2677,15,12,4,2,0,3,298,0,170,0,17,1147,0,6,13,4,6,0,4,8,13,3,3,10,0,0,1,702,2,3,0,153,1,2,30,5,2,26,12,257,113,4,0,6,0,0,8,3,1,0,0,19,4,0,0,0,0,61,0,0,0,0,1,13,0,0,0,0,14,1,1,8,324,4,2,72,1,225,3,0,1,1,1,5,0,0,1,8,759,1,0,0,2,3,1,11,1,3,2,3,0,6,0,4,6,1,5,23,0,0,7,0,13,0,2,0,3,2,0,3,2,4,5,0,2,0,56,4,0,1,0,1,3,0,0,0,0,1,9,273,71,172,2,6,2,1,42,7883,0,24,3,0,1,0,51,3,1,4,2,5,86,2,1,9,0,6,7,8,5898,0,313,4,33,0,24,37,27,3,9,25,1,414,1,63,41,3,0,8,47,5,11,1,1,39,1,0,89,0,18,1,0,72,113,20,46,118,17,2,9,0,23,3,34,10,1,51,7,8,11,0,0,0,8,403,1,2,1,2,1,51,0,0,0,0,2,6,0,1,5,4,0,2,0,0,1,2,18,7,0,12,0,16,8,18,0,0,31,0,8,0,15,0,0,1,0,4,9,1,5,9,1,1,6,0,0,4,0,2,36,0,0,0,9,0,5,36,0,22,10,0,0,28
2021,"Redbridge 015","E02000765",7524,4437,155,2,6,0,0,18,1155,0,115,0,15,1542,3,3,1,0,0,0,2,38,6,2,6,11,1,6,6,823,8,9,9,310,1,0,174,1,0,6,3,140,54,0,0,5,0,0,0,2,2,0,0,23,0,0,3,0,0,28,0,1,1,0,0,6,11,1,0,0,0,0,2,1,132,0,0,16,0,111,1,0,0,0,0,4,0,0,0,0,322,3,4,2,0,0,0,11,0,0,0,0,0,3,2,0,0,1,0,0,0,0,3,0,1,1,0,0,0,4,0,0,2,0,0,0,2,0,29,2,2,1,0,0,0,1,0,0,3,0,0,62,21,144,0,2,0,0,16,2002,0,9,0,0,0,1,2,0,0,0,0,2,17,1,0,2,0,3,2,2,1040,0,173,0,2,0,1,13,18,0,0,13,0,44,2,8,10,4,1,12,47,0,0,1,6,2,0,0,83,1,1,0,0,126,27,5,22,252,5,0,0,0,2,0,3,0,0,17,11,5,3,0,1,0,0,491,30,2,0,7,0,40,0,1,6,0,0,0,3,0,3,0,0,6,0,0,0,0,11,0,0,10,0,4,9,7,0,0,12,0,9,1,23,0,1,0,0,7,2,1,0,0,2,1,0,0,0,5,0,19,84,0,3,0,0,0,36,84,0,20,5,0,0,37
2021,"Redbridge 017","E02000767",8624,4838,50,2,0,0,0,14,867,2,74,1,27,2010,0,5,4,0,0,0,6,36,4,0,7,11,2,1,3,935,5,23,4,445,0,0,276,4,4,5,11,263,83,1,0,9,2,0,15,0,7,4,0,31,4,0,0,0,2,53,0,0,0,3,0,37,0,0,0,0,6,0,1,5,237,6,0,35,0,162,1,1,3,3,1,4,1,0,1,19,249,1,3,2,0,1,0,3,0,3,0,1,0,4,1,5,0,0,6,0,1,5,1,0,0,1,0,0,0,7,0,0,0,0,0,0,1,0,33,2,1,0,3,0,1,3,0,0,1,0,2,72,35,42,0,4,0,2,2,2457,0,24,0,0,0,0,2,0,1,0,0,0,30,0,0,0,1,3,1,2,1440,0,132,0,3,7,12,4,18,0,5,3,0,46,4,10,19,1,0,6,40,0,4,0,17,2,0,1,58,0,1,0,0,82,66,8,37,313,5,4,3,1,0,0,13,0,1,7,0,16,0,0,0,0,4,580,13,0,1,8,3,58,0,3,5,2,1,0,0,1,4,0,0,0,0,0,0,0,22,1,2,9,0,15,8,1,12,0,13,6,5,1,29,0,0,0,4,1,7,2,3,2,5,0,0,0,0,10,0,19,54,0,4,0,8,2,30,160,0,12,19,0,0,15
2021,"Redbridge 018","E02000768",5793,1191,12,2,1,1,0,1,129,0,99,2,19,477,0,0,4,10,1,0,0,9,2,1,0,3,2,0,0,369,4,6,0,11,1,3,10,6,0,2,4,160,65,0,0,8,3,0,4,0,3,1,0,28,1,0,0,0,0,35,0,0,0,0,0,10,0,0,0,0,1,0,1,0,159,0,0,28,0,124,0,0,0,6,1,0,0,0,0,0,383,0,1,0,2,5,0,5,0,1,0,0,1,4,1,2,6,0,4,0,1,0,5,1,11,5,1,0,0,0,0,0,5,1,2,0,2,0,33,4,3,1,0,0,3,2,1,0,0,0,8,140,52,53,1,4,0,0,12,3724,3,11,1,2,1,3,32,2,0,1,0,3,4,0,2,1,0,2,1,2,3026,2,103,2,4,0,9,11,4,0,3,7,0,202,0,23,13,5,0,0,11,0,8,1,0,20,0,0,30,1,3,1,0,17,22,9,8,34,11,0,1,0,11,1,20,2,2,5,9,5,3,0,1,0,3,176,0,4,0,0,0,21,1,0,0,0,0,0,0,1,3,0,0,0,0,0,1,1,11,0,0,2,0,12,0,7,2,2,12,0,1,2,7,0,0,1,0,2,1,0,0,3,0,1,0,0,0,4,1,0,27,0,2,0,4,1,0,1,0,12,8,3,0,15
2021,"Redbridge 020","E02000770",8125,4920,51,5,5,1,0,2,1098,11,40,6,15,1685,4,0,1,13,1,0,1,50,13,3,5,1,0,0,0,1270,13,36,8,401,0,0,170,1,0,7,3,289,102,0,0,10,0,3,18,0,1,5,5,31,1,0,0,0,0,63,0,1,0,0,0,24,3,1,0,3,0,4,9,5,339,5,0,44,0,274,0,1,4,0,0,9,0,0,0,2,251,0,0,1,1,0,2,3,0,0,0,1,3,1,1,3,0,0,0,0,0,0,1,0,3,1,0,0,1,0,0,1,0,0,0,0,5,0,10,1,0,0,1,1,0,0,0,0,1,0,1,91,43,63,0,1,0,0,10,1714,0,22,1,2,1,0,4,0,1,0,0,0,18,0,0,0,0,1,0,0,829,0,175,0,0,1,0,8,3,7,5,5,0,65,0,17,5,0,3,11,26,0,1,0,6,0,0,2,99,1,0,1,0,63,39,13,39,205,4,0,1,0,1,0,2,0,1,8,0,14,2,0,0,0,2,612,14,6,1,6,0,39,0,1,9,0,0,0,1,0,0,0,0,0,0,0,0,3,8,3,1,2,0,13,11,1,0,1,6,1,3,0,16,0,1,0,0,8,8,6,3,5,2,5,4,0,1,12,0,35,162,0,9,0,0,0,20,146,0,9,5,0,0,25
2021,"Redbridge 022","E02000772",8383,4994,54,0,5,1,0,5,1512,0,41,1,67,1778,1,0,2,1,0,0,1,29,5,3,6,22,3,0,4,1237,17,50,10,97,0,1,31,2,0,0,8,495,230,1,0,12,0,2,5,0,1,8,0,31,17,0,0,1,1,84,0,0,0,2,5,76,7,3,2,0,2,1,3,1,372,11,6,73,1,266,0,0,0,1,2,6,0,0,2,4,326,1,0,0,1,0,4,10,0,8,0,0,1,5,0,0,0,3,1,1,0,0,0,0,2,2,1,0,0,3,0,2,0,3,0,0,5,0,30,5,0,0,0,0,0,0,0,0,2,2,3,83,62,75,0,0,1,0,10,1729,0,8,0,0,0,0,4,0,0,0,0,0,29,0,0,3,0,1,0,2,913,0,89,0,2,0,1,20,3,9,5,4,0,51,0,10,1,14,3,0,55,0,0,0,7,2,0,0,72,0,0,0,0,64,59,11,29,224,3,0,5,0,2,1,5,0,0,7,3,5,0,0,0,0,3,467,13,2,4,1,3,89,0,0,8,3,0,0,2,0,0,0,0,0,0,0,0,1,2,3,0,2,0,6,10,3,0,0,3,8,11,5,9,0,0,0,0,3,18,2,2,6,2,6,2,0,0,11,5,9,173,0,0,0,3,0,0,9,0,6,4,1,0,17
2021,"Redbridge 023","E02000773",10727,6859,32,1,2,0,0,12,1602,2,90,0,23,2197,0,2,2,19,0,0,0,66,15,3,9,15,4,1,10,1850,12,29,3,569,0,0,271,3,2,5,8,821,218,5,1,15,0,0,29,2,6,6,0,34,1,0,8,2,2,168,0,205,0,0,1,78,8,1,2,0,10,3,7,9,372,7,4,71,0,250,3,0,1,7,0,14,3,0,5,7,316,0,3,1,0,1,0,12,3,1,1,0,1,6,0,2,2,0,0,1,0,0,3,0,1,1,0,0,2,5,0,0,1,2,0,0,0,0,28,2,0,0,0,0,0,1,0,2,0,0,1,77,50,88,0,0,0,0,18,1680,0,21,0,0,0,0,4,1,1,0,0,1,20,2,0,0,0,2,0,0,934,0,109,1,6,0,4,13,6,0,1,9,3,33,0,12,7,4,0,3,39,1,0,0,5,4,0,0,45,0,2,2,0,57,36,9,32,213,3,0,2,0,0,1,4,1,0,13,5,3,1,0,0,0,5,679,6,11,1,6,1,70,0,3,2,2,0,1,0,3,4,3,0,2,0,1,0,0,14,7,0,7,1,6,11,3,3,0,6,2,9,1,18,0,2,0,1,1,6,2,8,8,2,8,0,0,0,4,0,12,146,0,7,0,5,2,24,176,0,18,16,0,2,25
2021,"Redbridge 024","E02000774",8115,4939,23,1,2,1,0,7,1095,1,55,0,14,1972,4,8,0,12,0,0,2,30,5,0,0,5,0,0,2,1415,13,54,1,128,0,1,64,3,0,6,15,280,127,3,0,6,0,0,7,0,4,0,0,12,5,2,3,0,0,55,0,0,0,3,4,23,0,2,2,0,4,0,15,3,288,4,4,60,0,179,6,0,1,0,0,15,3,0,6,10,212,0,3,1,1,0,0,6,0,4,1,3,3,1,0,0,0,0,0,2,0,0,2,0,1,1,0,0,0,2,0,3,0,2,0,0,0,0,15,0,0,0,1,0,0,0,0,0,0,0,2,73,33,36,0,1,3,0,12,1827,0,21,0,3,0,0,1,0,0,0,0,1,37,0,2,2,0,0,0,2,710,0,140,0,3,0,3,10,2,2,0,5,1,63,0,16,1,1,0,6,52,0,2,0,8,1,0,0,60,0,0,4,0,43,58,14,47,444,6,0,45,0,0,0,3,0,0,1,0,4,0,0,0,0,3,569,12,2,0,1,0,80,0,0,4,0,0,3,2,1,0,3,0,1,0,0,0,2,13,0,0,4,0,9,26,1,0,0,0,1,18,0,28,0,3,0,0,5,3,4,1,4,3,3,3,1,0,17,0,10,200,0,12,0,6,0,8,43,0,0,2,0,2,28
2021,"Redbridge 026","E02000776",7033,4526,31,0,2,0,0,8,1058,0,33,3,12,1895,0,5,3,17,0,0,3,7,10,0,1,12,1,0,3,1250,1,12,0,118,0,0,34,1,0,2,4,397,106,1,0,7,0,0,1,0,1,0,1,7,3,0,0,1,0,51,0,0,0,0,1,202,3,0,0,0,3,0,0,9,234,4,2,39,0,171,0,0,1,1,1,8,0,0,4,3,216,1,0,0,0,1,1,4,1,0,0,1,2,1,0,0,0,1,0,0,1,1,4,0,2,2,0,0,0,8,1,0,0,2,0,0,0,0,32,3,3,0,0,0,0,0,0,0,0,0,8,84,21,23,0,0,0,0,8,1366,0,19,0,0,0,0,1,0,0,0,0,2,40,0,0,0,0,1,0,1,689,0,85,0,3,1,3,8,6,0,3,6,0,48,0,6,4,4,0,3,28,0,0,0,5,1,0,0,75,0,0,1,0,36,45,4,12,197,3,3,2,0,3,0,4,1,0,7,1,3,2,0,0,0,0,294,3,2,2,0,0,41,0,1,8,0,2,1,2,0,2,0,0,1,0,0,0,3,0,0,0,4,5,13,1,4,2,1,3,0,19,0,18,0,0,0,0,4,2,4,0,1,3,1,2,0,0,21,0,13,44,0,3,1,0,0,8,18,0,14,2,0,0,15
2021,"Redbridge 027","E02000777",6001,1085,0,0,0,1,0,1,215,0,43,0,4,366,0,4,11,10,0,0,0,14,2,2,0,16,1,0,0,363,0,2,0,13,1,5,0,5,0,3,3,225,93,3,1,9,1,0,6,0,10,3,0,21,2,3,0,0,0,47,0,0,0,0,0,19,0,0,0,0,2,0,3,2,218,4,0,41,0,157,0,2,0,5,1,4,0,0,2,2,457,1,0,0,0,1,3,6,2,9,0,0,4,5,1,0,3,0,7,3,0,2,6,0,6,0,0,0,2,1,0,0,6,3,3,2,3,1,24,4,0,0,0,0,1,1,0,0,1,1,11,139,78,96,5,2,0,1,13,3812,0,10,0,0,0,2,11,1,5,0,0,12,26,1,1,0,0,1,2,4,3019,3,123,1,10,0,16,0,10,10,2,7,3,176,0,26,7,3,0,4,15,1,5,0,0,16,0,1,34,0,2,0,0,39,68,11,15,52,10,3,4,0,7,0,8,1,0,9,6,2,2,0,0,0,5,204,0,6,0,0,0,73,2,1,0,1,1,3,2,0,2,0,0,0,0,0,1,1,4,1,0,5,0,10,2,5,1,1,6,0,2,1,4,0,0,0,0,1,0,2,1,0,3,2,0,0,1,0,0,0,4,0,24,2,1,0,0,4,0,6,6,0,0,12
2021,"Redbridge 029","E02000779",8409,5227,12,2,5,0,0,5,1295,0,34,0,26,1929,9,1,2,4,0,0,3,20,4,1,6,6,6,5,1,1669,5,14,3,106,0,0,26,8,7,6,7,464,202,2,1,18,0,0,4,2,6,3,2,21,8,1,4,0,0,87,0,0,0,6,1,68,6,3,1,2,2,1,4,9,306,10,3,72,0,199,1,0,1,2,0,7,0,0,1,10,213,2,0,3,0,2,1,8,0,0,2,0,2,1,0,0,0,1,0,1,0,0,2,0,0,3,2,1,0,0,0,1,0,0,1,0,0,0,8,1,0,0,0,0,0,0,0,0,0,0,1,48,53,56,0,0,0,0,13,1726,0,31,0,0,0,0,3,2,2,0,0,2,48,1,0,1,1,6,0,1,712,0,111,3,3,2,3,6,2,3,8,20,0,54,0,23,4,1,0,9,71,0,1,3,1,2,0,0,60,0,2,1,0,82,90,9,21,271,6,0,5,0,1,0,9,1,1,12,2,1,3,0,2,0,7,473,5,6,4,1,0,104,0,0,1,0,0,7,2,1,3,0,0,0,0,2,0,0,13,4,0,4,7,34,7,9,0,0,6,6,3,1,23,0,0,0,0,0,3,3,0,8,3,5,3,0,0,9,0,19,80,0,0,4,0,0,13,26,0,21,1,2,0,20
2021,"Redbridge 031","E02000781",16282,10922,200,7,6,2,1,28,2076,3,60,1,11,3201,0,2,1,18,0,1,1,53,20,0,1,18,6,2,6,4700,38,110,0,199,0,7,107,1,8,5,22,643,226,0,0,23,0,1,13,3,57,0,5,40,7,1,4,0,0,131,1,3,0,0,2,73,1,2,0,2,17,2,3,26,520,12,0,89,1,372,5,0,4,14,0,9,1,0,10,3,460,4,2,1,0,0,1,18,1,4,0,3,1,10,0,3,0,0,0,0,0,0,7,0,9,0,2,0,0,3,0,3,0,5,0,0,0,0,33,1,1,0,0,0,2,10,1,1,2,0,3,184,55,72,0,2,0,1,15,2821,1,8,0,0,0,0,2,0,0,0,0,1,40,0,0,0,0,0,0,2,1620,1,131,0,0,0,1,2,12,16,15,6,0,110,0,16,1,4,0,11,93,2,3,0,2,1,0,0,117,0,0,0,0,74,42,7,64,366,3,0,2,0,1,1,9,1,0,8,15,4,6,0,0,0,0,916,18,3,3,7,0,98,0,10,2,0,0,0,2,1,0,0,0,1,0,3,2,2,16,0,0,8,3,25,9,2,1,0,3,20,14,4,49,0,1,1,0,0,7,6,5,15,1,7,2,0,1,37,1,36,298,0,22,7,1,0,18,66,0,8,24,1,2,43
2021,"Redbridge 032","E02000782",11489,7048,93,2,1,2,1,7,1577,2,50,1,8,2042,3,0,4,22,0,0,1,30,12,9,3,28,2,5,5,2696,4,30,0,293,0,0,87,1,0,12,15,1021,427,6,0,18,0,4,16,4,5,2,1,33,11,0,2,0,1,159,0,1,6,4,7,248,28,5,1,4,14,2,6,6,551,13,2,115,0,375,6,5,0,5,1,20,0,0,2,7,368,3,4,3,0,0,2,4,0,4,1,1,2,3,0,0,1,0,1,1,0,0,4,0,4,0,1,0,2,1,1,3,0,1,0,1,1,4,27,0,3,1,1,0,0,0,0,0,0,1,3,44,63,154,0,0,0,0,18,1853,1,24,3,9,0,0,3,0,0,0,2,5,24,3,0,0,3,1,2,1,750,0,151,1,3,0,2,8,4,14,3,10,1,55,0,16,1,16,7,9,68,0,1,0,5,2,0,0,62,1,0,9,0,48,63,9,34,339,14,0,6,0,0,2,15,1,0,13,5,1,0,3,12,0,8,648,2,5,1,3,0,124,0,0,2,0,0,1,3,4,0,0,0,0,0,0,0,1,6,6,1,2,0,7,7,25,0,0,0,2,27,3,28,2,0,1,0,13,8,5,3,10,1,7,3,0,1,11,0,102,86,0,9,0,4,0,23,51,0,19,8,0,0,21
2021,"Redbridge 033","E02000783",7382,4181,71,5,2,0,0,9,955,0,36,2,9,780,0,2,1,5,1,4,0,18,9,5,0,10,0,0,0,1939,7,17,0,207,0,0,82,1,0,3,1,595,223,1,0,15,0,0,19,1,0,0,0,36,12,0,6,1,2,57,0,1,0,0,2,178,0,0,0,0,17,3,0,21,433,14,0,64,0,296,3,0,1,9,0,24,0,0,7,15,262,0,0,0,0,3,2,8,1,0,0,0,3,1,0,1,0,0,1,1,1,0,1,2,5,0,0,0,0,1,0,3,0,3,3,3,4,0,26,1,0,0,1,0,0,0,0,2,0,0,0,67,37,71,0,0,0,0,10,1484,0,21,0,0,1,0,3,0,1,0,0,0,21,0,0,0,0,0,0,1,474,0,120,1,1,0,0,6,0,13,6,1,0,34,0,7,0,9,1,3,20,1,1,0,0,0,0,0,42,0,0,0,0,30,42,6,23,575,5,0,4,0,0,0,3,0,0,4,1,0,1,0,0,0,2,427,19,4,1,6,0,74,0,1,0,4,0,0,0,6,0,0,0,2,0,0,0,1,7,0,0,1,0,14,5,11,0,0,2,0,36,0,16,0,0,3,0,7,1,1,0,8,2,2,0,0,0,2,0,15,58,0,27,0,0,2,12,34,0,13,14,0,5,11
2021,"Richmond upon Thames 001","E02000784",10129,794,67,0,4,0,0,12,30,0,161,0,40,282,0,22,40,0,11,0,0,1,5,0,0,7,9,2,0,53,0,1,0,18,1,1,1,13,0,10,3,104,42,0,0,14,0,0,0,0,2,10,0,10,0,0,0,0,0,13,0,1,0,0,1,7,0,0,0,0,0,0,3,1,80,0,0,16,4,47,0,0,1,1,1,5,0,0,0,5,595,0,1,0,0,13,0,3,0,1,0,0,0,1,0,1,7,3,2,0,0,0,13,0,25,2,7,0,1,2,2,3,2,0,3,0,3,3,28,4,0,0,1,0,1,1,0,1,0,0,14,268,63,83,0,15,2,0,16,8160,1,11,3,3,1,3,88,15,2,12,0,9,10,5,0,1,1,7,14,27,5993,0,420,12,66,2,79,28,3,2,22,16,5,264,9,104,24,8,0,1,11,1,12,2,0,111,0,4,38,22,17,0,0,100,78,21,19,4,41,10,7,3,40,3,82,173,10,45,2,6,11,1,3,0,12,396,12,0,5,0,0,113,1,0,0,0,2,0,0,1,2,1,0,0,0,4,1,4,3,1,0,2,0,30,0,74,1,8,15,0,8,1,8,2,3,0,0,6,3,0,30,8,1,0,1,0,0,1,0,0,7,0,0,0,2,1,0,0,0,14,0,0,0,20
2021,"Richmond upon Thames 002","E02000785",9705,722,7,1,7,0,0,3,26,0,150,0,18,336,2,17,48,1,13,0,7,0,0,1,0,6,0,0,1,33,0,1,0,20,3,1,1,16,0,0,3,63,28,0,0,2,0,0,0,0,1,1,0,12,1,0,0,0,2,6,0,0,0,0,0,1,0,1,0,0,2,0,4,2,44,0,0,8,2,29,0,0,0,2,0,2,0,0,0,1,595,0,0,1,1,1,1,0,1,4,0,9,1,1,4,0,12,3,2,2,0,5,10,0,25,3,5,3,3,1,0,0,1,1,4,0,4,1,48,3,0,5,0,2,3,0,0,1,0,1,14,257,51,65,1,14,0,0,21,7970,0,9,0,0,12,9,91,5,0,6,1,25,9,2,1,10,3,9,8,20,6069,1,358,12,83,2,61,52,7,2,29,20,5,228,9,65,16,4,0,10,10,1,15,0,0,115,1,8,37,2,19,2,0,94,65,17,18,19,39,6,10,13,30,8,51,39,12,38,2,7,13,1,4,0,21,311,1,0,2,0,0,65,3,0,1,0,3,0,0,1,0,0,0,0,0,1,0,0,9,3,0,1,0,35,1,58,2,1,5,0,15,0,0,5,1,0,0,3,0,2,12,2,1,0,1,1,5,0,0,0,3,0,0,0,0,1,0,0,3,27,3,0,0,34
2021,"Richmond upon Thames 003","E02000786",11381,670,34,0,0,0,0,2,41,0,127,0,50,207,0,32,15,0,4,0,5,0,3,0,2,6,5,2,4,55,0,1,3,14,1,3,5,34,2,10,3,154,70,0,0,6,0,0,9,0,6,9,0,6,1,0,0,2,2,15,0,0,0,0,2,14,1,1,3,0,2,0,2,3,79,2,0,22,0,47,1,0,0,1,0,4,0,1,0,1,570,1,0,0,1,11,2,2,0,12,0,9,7,3,2,1,3,0,2,0,0,0,6,1,11,5,6,0,2,0,3,0,1,0,4,0,3,8,50,6,0,3,0,4,3,0,1,4,0,0,12,183,63,96,0,12,1,0,26,9561,2,12,0,1,2,3,80,4,1,1,0,22,17,1,1,4,1,10,10,12,7385,3,398,14,60,2,37,60,6,0,19,33,6,292,3,114,31,10,0,5,17,0,22,0,0,106,0,5,45,6,18,0,0,95,111,21,34,12,35,17,8,0,74,7,54,62,3,113,3,10,12,2,0,0,7,347,0,0,0,3,0,101,2,0,0,0,5,0,0,0,1,1,0,1,0,0,0,2,9,2,4,4,0,26,0,50,1,1,12,0,13,0,0,3,0,0,0,3,1,1,19,5,1,0,0,2,0,4,0,0,5,0,0,0,2,1,0,0,0,24,1,2,1,34
2021,"Richmond upon Thames 004","E02000787",12079,1363,54,2,2,0,1,5,86,0,310,0,25,499,7,46,70,0,16,1,4,3,1,0,1,7,8,1,2,95,4,1,1,19,2,4,2,36,10,29,9,195,90,1,1,8,0,0,2,0,11,6,3,8,2,0,0,3,0,29,1,2,1,0,0,2,0,4,0,0,4,0,11,6,121,8,0,35,0,69,0,0,2,2,0,4,0,0,0,1,855,0,0,0,0,6,9,7,0,5,0,3,3,1,0,1,4,2,4,0,1,2,18,1,43,1,5,1,5,1,6,2,1,0,6,2,2,10,69,5,0,1,1,1,2,5,0,6,0,4,24,263,124,140,1,15,1,0,41,8912,1,28,2,1,15,8,75,9,1,1,0,41,18,2,0,9,2,7,2,26,6358,1,482,13,62,2,93,82,12,2,44,38,9,291,2,122,9,9,0,6,13,2,14,2,1,95,3,6,65,9,21,1,0,113,121,41,26,34,100,12,7,3,34,3,74,29,12,136,1,19,1,0,0,1,28,633,20,2,0,1,1,205,4,0,0,0,5,1,0,2,13,4,0,0,0,1,1,4,9,0,3,3,0,55,0,89,3,1,6,0,15,0,3,6,1,1,2,9,1,2,21,17,2,0,1,2,1,0,0,0,9,1,0,1,8,4,0,2,1,24,6,0,1,59
2021,"Richmond upon Thames 005","E02000788",9094,535,5,0,0,0,1,1,12,0,99,0,21,230,2,11,27,0,5,0,6,2,1,2,1,10,6,0,3,47,0,0,0,18,4,0,1,18,0,1,1,57,27,0,0,0,0,0,2,2,1,0,0,2,0,0,0,0,0,11,0,0,0,0,0,7,0,2,2,0,0,0,1,0,40,1,0,8,1,25,1,0,0,1,0,3,0,0,0,0,569,0,0,0,0,3,2,1,0,3,0,2,1,1,0,0,7,3,0,0,1,0,11,0,29,2,3,0,5,0,0,0,0,2,2,0,0,3,56,7,0,2,0,0,1,0,0,1,1,2,15,240,57,72,1,14,0,2,17,7537,2,0,1,1,2,1,87,8,0,3,0,12,21,0,3,6,2,5,9,12,5934,2,269,9,46,2,74,35,2,0,24,19,8,196,1,58,23,0,0,7,10,0,3,2,0,80,3,5,42,7,25,0,0,56,74,28,19,26,25,7,7,0,41,9,36,31,6,72,0,4,15,2,0,0,18,356,7,1,0,1,0,105,1,0,0,0,2,3,0,0,6,0,0,0,0,3,1,2,5,3,1,1,0,46,1,42,1,3,9,0,7,0,0,1,1,0,0,1,1,0,14,9,1,0,0,1,0,0,0,0,0,0,0,0,11,0,0,0,3,30,1,0,2,29
2021,"Richmond upon Thames 006","E02000789",6302,626,31,3,0,1,0,3,25,0,120,1,21,259,3,14,24,1,24,0,2,1,8,4,4,6,1,0,2,29,1,2,0,15,3,2,0,6,0,4,6,44,22,0,0,1,1,0,0,0,1,0,0,2,1,0,0,0,0,9,0,0,0,0,2,0,0,0,1,0,0,0,1,3,43,0,0,6,2,31,0,0,1,0,0,3,0,0,0,0,335,0,0,0,0,0,3,1,0,1,0,6,2,0,1,0,5,2,4,0,0,4,1,0,9,0,0,0,5,1,1,0,3,0,2,1,1,2,21,2,0,0,0,0,0,0,0,0,0,0,4,149,42,44,0,3,0,0,15,5000,0,19,0,5,2,2,46,6,0,16,0,10,15,1,2,11,1,4,10,25,3587,1,224,4,32,0,58,31,7,7,19,15,7,170,1,65,15,0,0,1,5,1,8,3,5,69,0,5,28,8,6,0,0,64,57,13,23,29,39,3,5,1,33,3,35,22,3,83,0,7,5,0,3,2,13,254,3,0,0,0,0,74,1,1,0,0,2,0,0,0,4,0,1,0,0,2,0,0,7,0,0,0,0,24,1,43,0,0,6,0,1,0,3,0,0,0,0,2,4,1,8,1,4,0,0,3,0,0,0,0,2,0,0,0,6,0,0,0,0,13,5,1,0,31
2021,"Richmond upon Thames 007","E02000790",6596,383,7,0,1,0,0,1,4,0,101,0,12,151,2,13,21,1,6,0,1,4,0,0,0,0,7,1,1,21,0,3,0,9,0,0,0,6,0,8,2,34,14,0,1,0,0,0,0,0,0,1,0,4,2,0,0,0,0,4,0,0,0,0,0,1,0,2,2,0,0,0,0,3,31,0,0,4,2,19,0,0,2,0,0,3,0,0,0,1,338,0,0,0,0,0,0,1,0,5,0,2,0,2,1,0,8,0,3,1,0,0,6,2,12,0,5,0,6,2,1,0,2,0,0,0,0,1,37,1,0,5,0,0,1,1,0,1,0,0,2,147,21,38,0,6,2,0,16,5660,3,12,0,0,0,1,65,4,2,3,0,4,14,0,0,9,1,1,5,13,4389,2,232,6,29,0,55,13,3,1,10,11,4,222,1,60,4,11,0,7,5,0,5,0,0,60,9,2,23,3,16,0,0,32,62,16,9,8,22,1,5,4,27,2,28,34,3,58,1,3,17,0,0,0,8,150,0,0,1,0,0,48,1,0,0,0,0,0,0,0,0,0,0,5,0,3,0,0,6,0,1,0,0,16,0,17,0,0,9,0,0,0,0,2,1,0,0,4,1,0,3,1,0,0,1,2,2,0,0,0,1,0,0,0,0,1,0,0,0,8,3,0,6,7
2021,"Richmond upon Thames 008","E02000791",6473,571,1,1,0,0,1,2,12,0,172,0,17,211,0,4,25,0,15,3,3,2,0,2,1,2,6,1,4,43,0,1,1,12,6,11,0,8,0,4,0,40,10,0,0,0,0,0,0,0,1,2,0,14,1,0,0,0,0,6,0,0,1,0,0,1,0,0,0,0,0,0,1,3,50,2,0,3,8,35,0,0,0,0,0,0,0,0,0,2,405,1,1,4,0,5,3,1,0,5,1,0,1,0,1,0,0,0,0,0,1,0,6,5,7,0,5,0,1,0,3,0,0,0,0,0,1,1,22,0,0,2,0,0,1,1,3,2,0,0,4,198,39,55,0,6,0,0,19,5207,2,4,0,0,3,3,70,8,1,4,0,7,16,3,0,8,4,3,13,30,3389,2,363,8,53,1,64,42,3,0,16,24,7,194,1,82,15,7,0,11,5,3,4,5,1,87,1,8,27,3,16,4,0,76,50,39,25,34,68,3,4,1,35,4,52,37,11,114,3,14,4,0,0,1,7,200,0,0,0,0,0,45,6,2,0,0,3,0,0,0,3,0,0,0,0,0,0,0,4,1,1,0,0,27,0,22,0,3,12,0,3,0,2,0,1,0,0,1,3,0,8,2,0,0,0,2,0,0,0,0,7,0,0,0,0,0,0,0,0,13,2,1,1,25
2021,"Richmond upon Thames 009","E02000792",7141,404,11,0,0,0,0,0,38,0,79,1,6,162,0,9,23,0,8,0,0,4,5,2,1,1,2,0,0,27,0,0,1,7,2,3,0,7,0,2,3,52,15,0,0,5,0,0,0,0,0,2,0,9,0,0,0,0,0,9,0,0,0,0,0,4,0,4,0,0,3,0,1,0,41,0,0,4,1,30,0,0,0,0,0,4,0,0,0,2,379,0,0,0,0,0,3,3,0,2,0,3,0,3,0,1,3,0,6,0,0,1,12,0,15,1,1,0,3,2,5,0,0,0,1,0,2,2,20,2,0,6,0,0,6,1,0,1,0,0,5,172,37,39,0,8,0,1,12,6070,2,7,0,0,3,3,77,10,1,5,0,5,16,0,0,3,0,7,8,22,4411,0,253,7,57,0,95,32,6,0,17,14,2,200,7,88,8,5,8,7,17,3,6,1,0,71,3,8,30,2,26,0,0,65,60,24,25,16,63,10,6,0,26,5,37,15,10,126,1,10,7,1,0,1,9,195,0,0,0,0,0,55,3,1,0,0,1,1,0,1,0,0,0,0,0,1,0,3,10,0,1,2,0,7,0,18,1,2,4,0,8,0,1,0,0,0,0,0,3,0,3,3,0,0,1,0,0,0,0,0,0,0,0,0,2,1,0,0,0,34,0,2,1,25
2021,"Richmond upon Thames 010","E02000793",8105,1200,86,7,7,2,0,7,55,4,106,0,13,623,1,2,11,0,1,0,0,1,0,9,30,4,1,6,2,121,19,9,1,44,1,0,7,4,0,15,1,102,52,0,0,8,0,0,1,0,9,4,0,4,5,0,0,0,0,11,0,1,0,0,0,0,1,0,0,0,4,0,1,1,101,1,0,15,2,78,0,0,0,1,0,2,2,0,0,0,412,0,0,0,1,2,1,5,0,2,0,3,0,0,0,1,1,2,13,2,0,0,5,0,5,2,1,0,1,2,0,0,1,0,1,0,0,2,38,5,0,1,2,0,3,1,0,0,1,0,8,147,55,80,2,2,1,1,12,5950,0,21,0,0,0,7,19,2,1,2,0,5,26,2,0,1,6,1,2,6,4769,3,136,5,19,0,19,9,6,10,9,6,0,272,0,33,5,6,0,2,20,0,7,1,0,14,3,2,39,5,1,1,0,60,166,17,30,26,15,3,7,2,14,1,32,6,0,34,0,6,8,0,0,0,20,340,18,0,3,0,0,111,3,0,0,0,1,2,0,0,5,0,0,0,0,0,0,1,13,7,1,2,0,14,1,12,2,2,2,0,9,2,7,3,1,0,7,2,1,0,6,7,2,1,0,0,0,8,0,6,24,0,0,0,0,2,0,0,0,4,0,1,0,47
2021,"Richmond upon Thames 011","E02000794",7016,814,31,0,0,0,2,12,19,0,125,0,8,383,0,20,6,0,2,0,3,4,0,0,13,2,5,0,2,112,2,0,2,22,2,2,2,15,5,2,11,74,36,0,0,5,0,0,0,0,2,0,0,4,8,0,3,1,0,10,0,0,0,0,1,0,0,0,0,0,2,0,2,0,33,0,0,5,0,27,1,0,0,0,0,0,0,0,0,0,378,0,0,0,0,3,0,1,0,2,0,0,1,0,2,0,4,1,8,0,0,1,3,0,14,0,0,0,0,0,0,0,1,0,0,0,0,2,37,0,0,5,0,0,2,1,0,0,0,2,5,173,49,43,6,3,1,0,8,5473,0,13,4,0,3,5,61,6,0,3,2,7,24,0,1,2,0,4,4,7,4201,4,185,6,28,1,37,13,7,0,19,16,5,184,1,45,3,0,0,3,6,0,1,0,0,36,0,4,54,8,4,1,0,61,71,20,9,32,33,9,4,3,47,3,35,13,5,63,4,24,4,2,0,0,13,244,3,0,0,0,0,52,0,0,0,0,1,0,0,2,0,1,0,0,0,0,0,0,6,0,2,2,0,32,3,41,0,4,6,0,1,0,0,0,0,0,0,3,1,1,13,1,2,2,2,5,0,0,0,0,12,0,0,0,3,0,8,0,0,17,0,4,0,14
2021,"Richmond upon Thames 012","E02000795",6923,418,12,0,1,0,1,0,27,1,100,0,19,140,0,6,9,0,8,0,1,6,0,2,3,2,3,0,0,48,0,0,0,11,2,0,2,6,0,4,4,51,18,0,0,3,0,0,3,0,0,11,0,2,1,0,0,0,0,4,0,1,0,0,0,7,0,0,0,0,1,0,0,0,24,0,1,1,0,17,0,0,0,1,0,0,1,0,0,3,389,0,0,0,0,0,0,0,0,1,0,4,0,1,0,1,3,1,0,1,0,2,17,0,8,0,5,0,6,0,4,0,2,1,0,0,0,1,25,3,0,0,0,1,11,1,1,0,0,0,6,191,37,35,1,2,6,0,11,5832,0,3,0,0,0,3,70,20,1,2,0,5,13,0,0,8,3,4,10,6,4402,0,307,8,18,5,192,29,3,0,16,3,6,121,0,42,29,1,0,0,5,2,10,1,0,73,1,7,34,1,25,5,0,63,39,17,13,23,20,2,0,1,30,2,31,20,17,39,0,3,10,0,1,0,7,209,8,0,0,1,0,47,2,0,0,0,1,0,0,0,2,0,1,0,0,0,0,0,10,0,1,1,2,18,0,38,0,2,14,0,1,0,0,1,0,0,0,0,1,0,4,4,0,0,0,0,2,0,0,0,4,0,0,0,4,0,0,0,0,10,2,0,0,28
2021,"Richmond upon Thames 013","E02000796",11085,2874,302,6,3,1,0,14,216,2,94,3,48,1363,1,16,8,0,3,1,4,8,5,3,22,5,3,3,3,506,0,67,0,111,0,2,23,5,5,13,5,312,134,0,0,7,0,0,8,1,5,5,0,23,3,1,1,0,0,46,0,2,0,1,0,32,15,3,0,4,4,0,16,1,178,2,0,47,1,113,0,0,0,0,2,12,0,0,0,1,574,1,1,0,1,0,1,6,0,8,0,1,2,6,3,0,1,0,11,0,2,2,8,0,8,0,3,4,3,1,1,0,2,0,0,0,0,5,64,3,0,0,0,3,2,0,0,0,0,0,2,196,65,130,4,0,1,0,23,6610,1,27,1,5,2,1,13,0,0,2,0,8,26,0,1,7,1,0,3,5,5246,1,228,0,11,0,23,11,4,7,3,14,0,224,1,46,8,30,1,2,27,3,6,1,2,22,0,1,56,1,0,13,0,62,230,18,12,94,15,2,3,0,15,0,16,3,1,25,0,14,0,1,0,0,4,537,25,3,0,25,0,81,0,0,0,0,2,0,0,1,2,0,1,0,0,6,0,1,11,6,3,0,0,14,12,51,1,2,4,1,15,0,21,0,0,0,5,8,5,5,7,7,1,0,3,0,3,9,0,7,114,1,0,0,3,0,1,4,0,18,1,1,0,46
2021,"Richmond upon Thames 014","E02000797",7858,467,11,0,0,0,6,1,19,0,94,6,9,187,0,9,19,0,11,0,7,1,0,0,5,4,7,1,0,29,0,0,0,24,1,4,3,6,0,2,1,85,35,0,0,5,0,0,0,0,2,3,0,3,2,0,0,0,0,27,0,0,0,0,0,0,3,0,0,0,2,0,2,1,61,4,0,28,0,27,0,0,0,0,0,0,0,0,0,2,425,1,1,2,0,4,3,1,2,3,0,0,0,1,0,0,2,5,2,2,0,0,10,0,12,0,1,0,0,0,0,0,1,0,1,0,1,1,38,0,1,1,1,2,5,0,0,0,0,0,6,178,40,70,2,13,2,1,9,6657,1,25,0,2,0,3,62,10,0,8,0,22,5,1,3,6,4,4,7,5,5164,2,247,3,39,2,44,51,10,0,6,9,3,252,4,69,8,2,0,2,17,0,10,0,0,58,1,6,38,0,18,0,0,53,66,21,25,20,42,2,9,2,37,3,21,13,4,79,0,9,11,0,4,0,3,163,9,0,3,0,0,31,0,0,1,0,2,0,0,1,0,0,0,0,0,0,0,1,7,1,0,2,0,23,0,17,2,1,1,0,2,0,1,3,0,3,0,6,1,2,3,4,0,0,0,1,1,0,0,0,2,0,0,0,7,0,0,0,0,9,2,0,0,14
2021,"Richmond upon Thames 015","E02000798",11301,1046,42,0,2,2,1,10,60,0,134,0,33,475,2,15,17,0,2,1,1,6,0,1,2,2,1,0,8,115,0,23,1,30,0,0,0,21,9,27,3,143,52,1,0,4,0,0,5,0,4,1,0,11,2,0,0,1,2,36,0,0,3,0,0,0,1,2,7,0,4,0,3,4,88,0,0,17,0,66,0,0,0,0,0,2,0,0,0,3,638,5,0,7,1,3,5,5,0,7,2,0,0,3,0,0,12,0,10,2,3,1,16,2,19,2,4,1,1,0,1,0,1,2,1,0,1,2,48,2,1,3,1,0,4,0,2,1,2,0,7,266,64,95,0,6,0,1,16,9007,2,14,1,2,0,2,75,1,1,4,1,12,40,0,1,10,2,3,4,2,7313,2,304,9,33,1,38,30,17,1,15,19,4,286,1,103,11,2,0,4,13,0,13,3,0,41,0,3,55,0,13,0,0,56,124,14,23,57,31,7,3,1,42,3,62,17,0,40,0,2,4,0,0,1,9,379,8,0,0,0,0,138,4,0,0,1,4,0,0,0,0,0,0,0,0,0,3,2,9,4,5,8,0,33,6,39,3,0,5,0,17,1,0,5,6,0,0,1,1,2,5,4,7,0,0,0,0,5,0,0,16,0,3,0,4,0,0,0,1,6,0,1,0,22
2021,"Richmond upon Thames 016","E02000799",6614,438,20,0,0,0,1,7,20,0,106,0,7,162,2,13,11,0,6,0,3,0,0,0,3,7,0,3,3,34,1,1,0,9,0,0,1,6,0,10,2,55,16,2,0,8,0,1,2,0,0,1,0,4,1,0,0,1,0,11,0,0,0,0,0,2,0,2,0,0,2,0,2,0,54,0,0,7,0,33,1,0,0,4,1,5,0,0,0,3,281,1,0,0,0,0,0,4,0,2,0,0,0,0,0,0,2,0,2,0,0,0,4,1,8,0,4,0,0,0,1,0,1,0,1,0,0,0,9,2,0,1,0,2,1,0,0,2,0,0,2,125,28,64,1,1,1,0,11,5683,2,9,0,0,0,0,35,5,2,3,0,14,15,0,4,3,1,5,4,6,4724,0,155,4,14,1,28,18,0,2,11,12,1,233,0,36,3,5,0,2,10,1,7,0,0,36,2,6,26,0,11,0,0,40,31,17,14,10,15,2,1,0,20,2,14,9,2,31,1,1,5,0,3,0,9,103,0,1,1,0,0,25,0,2,0,0,1,0,1,1,0,0,0,0,0,0,2,0,4,0,1,1,0,13,0,18,2,2,1,0,2,0,0,2,1,0,0,0,0,0,2,4,0,0,1,0,2,0,0,0,0,0,0,0,1,0,0,0,0,6,0,1,0,5
2021,"Richmond upon Thames 017","E02000800",5411,468,42,0,2,0,0,1,33,0,81,0,26,108,0,26,12,0,9,0,1,4,0,0,0,7,3,1,0,55,0,1,0,28,2,0,0,11,1,13,1,89,43,0,0,3,0,0,0,0,7,1,0,12,1,0,0,0,0,6,0,1,0,0,0,3,0,1,5,0,2,0,4,0,34,0,0,8,0,21,0,0,0,1,2,0,0,0,0,2,334,0,0,1,0,4,1,2,1,6,0,3,1,0,1,1,2,1,9,1,1,1,1,1,7,0,3,0,0,0,0,3,4,0,3,2,2,2,32,0,0,0,2,0,6,0,0,0,0,0,5,97,49,64,0,6,0,0,9,4206,0,13,0,1,0,2,21,7,0,3,1,8,22,0,0,2,0,7,15,10,3132,1,227,3,16,0,98,21,4,4,3,11,13,85,1,36,10,7,2,0,7,0,0,0,0,20,1,2,21,5,4,0,0,72,54,11,11,25,25,4,3,0,45,0,20,8,1,49,0,3,16,0,0,4,9,280,1,0,2,5,0,111,0,0,0,0,0,0,0,0,2,0,0,1,0,0,0,1,6,6,0,0,0,11,2,43,0,1,2,0,8,0,3,0,0,0,0,8,5,1,10,7,0,0,0,0,0,0,0,2,0,0,0,0,11,0,0,0,0,11,0,0,0,20
2021,"Richmond upon Thames 018","E02000801",7104,368,29,0,1,0,0,0,22,1,74,1,16,147,0,14,6,0,4,0,0,2,0,3,4,2,3,0,0,17,0,4,1,6,1,3,1,2,0,4,0,66,25,5,0,3,0,0,5,0,0,7,0,8,0,0,0,0,0,7,0,0,0,0,0,5,0,0,0,0,0,0,0,1,28,2,0,6,1,14,2,0,0,0,0,0,0,0,3,0,323,0,1,0,0,1,0,2,2,0,0,4,4,1,0,2,3,0,3,1,0,0,4,0,4,2,3,1,0,0,0,0,1,0,0,9,0,4,29,0,1,6,0,0,3,1,0,0,0,0,1,132,36,40,1,2,3,0,16,6146,0,7,0,0,0,0,38,4,0,2,0,13,9,0,3,2,1,4,10,6,5180,0,182,3,25,0,37,18,3,6,10,7,0,191,3,37,4,0,0,4,4,1,3,1,1,34,0,3,37,4,10,0,0,26,51,11,10,7,22,3,5,1,27,0,20,5,5,25,0,1,13,1,1,0,5,173,5,2,0,1,0,56,0,0,0,0,2,0,0,0,1,0,0,0,0,1,0,0,9,0,0,2,0,16,5,12,2,2,4,0,0,0,0,0,3,0,0,1,1,0,2,5,2,0,0,0,1,0,0,4,5,0,0,0,0,0,0,0,0,12,0,3,0,14
2021,"Richmond upon Thames 019","E02000802",7018,396,25,1,0,2,0,6,16,0,57,0,11,156,0,6,10,0,0,0,1,2,0,3,4,6,0,0,1,57,0,3,0,10,0,0,3,7,0,8,1,45,19,0,0,1,0,0,0,0,0,2,0,0,0,0,0,0,0,12,0,0,0,0,0,0,0,0,3,0,7,0,0,1,53,0,0,13,0,28,0,0,0,5,0,4,0,0,0,3,346,0,0,0,0,3,0,0,2,3,0,1,1,4,0,0,2,0,2,0,1,0,8,0,14,0,0,0,1,2,1,0,0,0,0,0,0,2,24,2,0,2,0,1,3,1,1,3,0,2,0,138,32,72,0,5,0,0,13,6043,0,12,0,0,4,2,30,1,0,3,0,5,24,0,0,0,0,2,2,3,5143,0,113,3,30,4,23,31,0,5,12,24,6,184,0,38,5,4,0,3,7,4,7,2,0,39,0,5,19,3,7,1,0,24,62,12,7,16,14,0,3,2,30,1,10,14,2,20,0,7,4,0,2,1,2,135,6,0,0,0,0,33,0,1,0,0,0,1,0,1,4,0,0,0,0,0,0,0,9,0,0,0,0,13,0,15,0,2,6,0,0,0,5,0,0,0,0,2,1,0,4,1,0,0,0,0,0,0,0,1,9,0,0,0,2,0,0,4,0,0,0,0,0,15
2021,"Richmond upon Thames 020","E02000803",9717,1059,79,0,2,4,0,7,66,1,125,0,30,407,2,32,10,0,3,5,0,0,2,3,0,8,1,5,2,107,13,12,5,65,2,0,11,13,0,24,13,196,84,0,0,5,4,0,5,1,2,2,0,21,0,2,0,0,1,19,0,0,0,0,1,18,1,1,2,0,5,0,16,6,103,5,0,32,0,50,2,0,7,1,0,6,0,0,0,0,584,0,3,1,2,5,4,6,0,7,1,0,1,0,0,0,4,0,1,1,1,1,12,0,10,0,3,1,1,3,3,3,1,0,6,0,2,7,47,0,0,3,3,3,2,0,0,5,0,2,3,193,90,119,0,5,0,1,18,7435,1,27,5,1,0,0,20,4,0,2,5,13,24,0,0,2,2,6,1,4,6135,3,223,6,21,0,30,14,4,31,7,30,3,187,0,68,2,10,6,4,19,2,4,0,0,25,0,1,52,4,14,1,0,81,115,31,10,26,9,5,7,2,40,1,9,20,4,20,1,13,10,1,0,0,7,340,16,4,0,6,0,92,5,0,0,0,13,0,0,0,7,0,0,0,0,0,0,0,4,8,1,0,0,20,1,52,2,1,0,0,6,0,2,1,0,0,0,1,5,0,13,10,0,0,1,0,3,0,0,2,21,1,0,0,0,0,0,5,1,7,2,2,0,25
2021,"Richmond upon Thames 021","E02000804",7154,360,10,0,0,0,0,1,18,0,109,1,7,120,2,9,12,0,1,0,2,0,3,0,3,7,3,1,1,21,0,0,2,11,0,0,0,9,0,6,1,49,24,0,0,2,0,0,4,0,0,0,0,1,0,0,0,0,0,13,0,0,1,0,0,0,0,0,0,0,2,0,0,2,42,0,0,3,0,32,0,0,0,3,0,3,0,0,0,1,330,0,0,0,0,1,0,5,0,3,0,0,0,0,1,0,3,4,9,1,0,3,1,0,10,0,0,0,0,1,3,0,3,0,0,3,0,0,23,0,0,1,2,0,1,0,0,0,0,0,3,136,49,46,0,4,1,1,12,6245,0,12,1,0,1,4,40,2,0,5,0,13,7,1,3,8,0,7,7,8,5209,4,170,3,19,0,32,9,3,1,13,22,2,174,1,47,4,6,0,4,7,1,4,0,0,46,0,4,20,5,10,0,0,32,91,14,11,8,13,3,7,0,27,2,25,11,4,38,0,3,3,2,4,0,8,128,1,0,3,0,0,26,1,0,0,0,4,0,0,0,2,0,2,0,0,0,0,1,8,0,1,2,0,12,1,17,2,0,4,0,3,0,0,0,0,0,0,1,1,0,2,3,1,0,2,2,0,0,0,0,1,0,0,0,3,0,0,0,0,5,0,0,7,10
2021,"Richmond upon Thames 022","E02000805",10755,701,25,2,1,0,0,11,42,1,138,0,21,270,4,18,16,0,16,0,2,1,2,6,3,2,7,2,3,54,0,0,2,19,0,1,0,14,1,14,3,118,49,0,0,2,0,0,0,1,2,4,0,2,1,0,2,0,1,25,0,1,2,0,1,2,3,0,0,0,2,0,8,10,75,2,0,9,0,58,0,0,0,1,0,1,1,0,0,3,553,0,1,0,0,3,0,6,0,3,1,5,3,1,3,1,2,0,4,0,1,1,8,0,18,2,2,1,2,4,3,2,4,0,2,0,0,3,51,0,0,1,4,1,2,3,1,2,0,0,4,210,59,95,1,12,4,1,16,9035,2,32,0,0,6,4,65,6,0,2,1,12,12,3,3,1,0,11,5,19,7454,2,288,1,51,1,50,28,3,1,14,18,5,228,1,63,15,6,0,7,7,1,10,1,0,43,1,5,57,1,8,0,0,74,83,29,19,27,35,6,7,4,44,1,44,16,3,58,0,9,4,0,1,3,14,273,4,0,0,0,0,61,1,0,0,1,1,0,2,0,1,1,0,0,0,0,1,0,6,0,2,3,0,13,2,59,3,4,8,0,7,0,4,2,0,0,1,0,1,0,12,4,8,0,2,1,1,0,0,0,2,0,0,0,3,0,2,0,0,21,0,0,2,27
2021,"Richmond upon Thames 023","E02000806",10300,777,47,0,1,1,0,0,28,1,117,0,26,361,0,26,11,0,5,0,3,1,4,2,1,6,1,3,2,68,4,0,2,35,0,0,1,13,2,4,1,92,26,0,0,1,0,0,3,0,0,0,0,9,3,1,2,0,0,6,0,0,0,0,2,10,0,3,1,0,3,0,20,2,63,3,0,13,0,43,0,0,0,0,0,1,0,1,0,2,461,0,0,0,4,3,1,3,0,6,0,1,2,1,0,0,5,0,7,1,2,0,15,0,10,3,7,0,0,0,0,3,3,0,5,1,2,0,27,5,0,3,0,3,1,0,0,0,0,1,9,183,54,70,4,5,1,1,9,8707,3,17,0,1,0,0,32,2,1,1,1,10,16,4,1,1,2,10,6,17,7479,0,237,5,28,6,21,19,1,3,14,16,9,187,0,53,2,19,0,5,10,1,20,2,0,41,4,6,35,0,5,1,0,31,76,19,5,17,15,3,5,1,58,2,36,18,3,30,0,5,14,2,0,2,11,200,10,3,0,0,1,48,0,0,0,0,1,0,1,2,0,0,0,1,0,0,0,0,6,2,1,0,0,13,0,41,2,0,2,0,1,0,1,2,2,0,0,1,1,1,3,3,0,0,0,1,0,2,0,3,8,0,0,0,2,0,0,12,0,6,0,0,1,16
2021,"Southwark 001","E02000807",8227,1168,12,1,3,0,0,1,53,1,461,0,20,354,3,4,30,0,28,0,6,3,1,2,0,1,9,1,3,52,1,0,1,8,12,7,0,11,2,66,11,429,161,1,0,28,4,8,6,1,18,9,0,19,3,0,0,0,0,106,2,1,0,0,6,7,15,0,2,0,5,2,8,17,202,10,1,50,3,102,3,0,0,4,5,19,0,0,0,5,584,0,0,0,0,3,0,7,0,3,1,5,3,5,1,1,4,1,2,0,2,0,12,0,25,0,1,1,0,1,0,1,1,0,2,0,0,2,60,4,0,1,2,2,4,0,2,7,1,2,10,202,71,107,0,3,0,4,18,5488,0,4,2,3,6,1,50,7,4,4,2,21,61,0,1,10,1,10,7,12,3289,3,395,11,90,0,51,96,12,0,41,36,2,174,1,192,5,2,0,14,31,3,6,1,1,78,0,5,81,0,6,1,0,100,96,47,51,58,84,8,11,1,36,9,69,14,4,28,2,16,10,0,1,0,10,356,3,3,0,0,3,53,0,0,0,0,8,0,0,2,8,3,0,0,0,4,1,2,14,2,3,2,0,99,2,15,1,1,6,0,15,0,1,0,0,0,0,7,4,0,7,7,0,2,0,4,1,0,0,1,2,0,0,0,6,3,0,0,1,15,14,7,1,23
2021,"Southwark 002","E02000808",10178,1931,16,0,0,0,0,4,175,0,742,5,56,524,10,15,46,0,46,0,18,2,0,6,7,9,11,0,14,124,4,0,1,26,16,4,1,12,1,32,4,860,372,0,1,31,1,11,13,4,18,22,5,70,3,1,2,5,1,166,1,1,3,0,35,57,4,4,4,0,11,1,4,9,460,5,3,108,5,275,2,2,0,11,5,17,4,0,4,19,631,2,1,0,0,8,1,2,4,6,2,0,0,1,1,2,0,0,3,2,1,2,19,0,21,2,2,1,4,0,2,1,1,0,6,1,0,0,40,5,0,3,0,0,5,1,1,3,1,4,15,196,74,148,1,7,0,1,28,5780,2,14,1,3,1,2,74,13,2,14,3,26,12,0,1,6,4,9,18,22,3406,4,444,10,151,2,92,76,18,2,29,16,4,232,2,182,23,4,0,10,13,3,6,1,0,132,0,6,58,1,9,2,0,103,59,50,70,31,63,5,11,3,20,3,90,20,17,23,8,13,9,0,0,0,17,516,8,5,0,2,4,135,4,0,0,0,2,3,0,0,8,3,0,0,0,1,2,0,25,1,0,2,1,112,3,10,4,4,22,0,11,0,2,0,2,0,0,11,3,3,5,3,0,0,1,0,3,2,0,2,0,0,9,0,13,2,0,0,0,22,18,3,0,40
2021,"Southwark 004","E02000810",11899,1121,36,1,0,0,5,0,185,3,277,1,39,287,5,10,21,0,22,1,8,3,0,4,3,4,4,3,4,47,0,0,0,34,3,7,0,16,5,77,6,1845,749,7,0,87,8,11,13,10,84,47,7,132,9,0,1,0,18,423,0,6,0,0,51,75,21,4,8,3,25,0,3,43,776,24,0,225,3,425,6,3,1,17,7,45,3,0,0,17,831,3,3,1,0,1,2,3,0,10,2,1,3,6,1,0,6,0,4,1,2,3,12,0,101,0,3,0,3,0,0,4,3,1,4,1,0,0,60,3,0,0,0,1,8,2,4,2,2,0,6,145,140,223,1,4,0,1,45,6671,2,47,3,2,2,3,58,5,2,14,1,15,34,1,2,5,6,8,10,15,4319,9,353,2,92,2,73,85,8,0,37,17,3,217,0,204,19,9,0,7,31,0,8,0,0,67,1,5,77,1,21,11,0,97,95,41,235,33,42,5,10,5,8,2,99,15,6,26,7,8,9,2,1,0,12,655,2,8,0,3,2,160,1,0,0,0,0,0,1,1,3,15,0,1,0,1,0,4,15,10,7,0,0,185,2,11,2,2,12,0,23,0,1,1,3,0,0,14,1,1,4,11,5,0,2,0,2,2,1,2,0,0,9,1,22,8,4,4,0,14,21,9,3,39
2021,"Southwark 006","E02000812",10782,1633,197,0,1,0,0,4,448,2,243,0,74,297,3,8,11,4,26,0,4,2,0,3,7,4,54,12,0,124,1,0,1,26,6,2,2,10,2,50,5,1758,700,5,3,60,2,3,11,9,35,45,0,166,5,0,1,6,0,449,1,1,3,0,77,105,19,2,8,2,7,2,9,22,856,44,3,257,1,443,10,6,0,5,4,52,1,0,3,27,766,7,1,3,0,15,0,14,2,12,0,0,5,1,1,3,7,0,1,1,0,1,10,0,49,1,5,1,2,0,2,5,5,0,4,2,0,0,59,2,0,2,0,0,1,0,0,0,0,6,11,152,154,177,0,2,0,1,39,5057,0,27,5,3,2,1,52,3,5,6,0,15,22,6,0,1,2,4,3,8,3034,0,378,9,86,0,59,33,20,0,46,16,1,248,2,173,14,5,1,2,22,4,2,1,0,63,0,4,47,2,30,5,0,139,63,41,75,32,35,6,7,0,14,2,87,7,9,22,1,7,5,4,3,3,23,712,23,3,0,2,4,161,2,5,1,0,2,0,1,0,5,12,0,4,0,0,0,2,17,3,0,1,0,243,0,12,1,0,10,5,22,3,1,1,5,0,0,8,2,3,3,5,1,0,0,7,3,0,0,0,0,0,11,8,29,7,1,2,1,25,20,0,1,24
2021,"Southwark 007","E02000813",10227,1168,26,0,2,2,2,2,93,0,526,0,38,200,8,4,12,0,21,12,6,0,0,0,5,5,2,0,1,66,0,0,0,14,16,6,0,10,1,84,4,1510,647,5,2,124,2,8,3,9,20,21,0,116,3,0,2,0,3,401,4,1,1,0,40,35,3,3,3,0,17,2,7,28,663,31,1,216,0,337,16,0,0,14,17,17,1,0,0,13,690,2,3,3,0,1,1,2,0,8,5,2,3,4,0,2,0,1,5,1,0,2,11,0,53,1,1,2,2,1,0,7,0,0,6,3,3,1,49,6,0,0,1,0,5,0,1,4,0,2,7,92,170,168,3,12,0,1,33,5591,3,20,9,2,2,1,45,10,2,10,0,26,26,7,0,2,8,5,2,13,3402,2,318,11,83,3,44,108,14,7,48,24,2,151,0,179,8,9,1,9,40,1,12,0,1,37,1,9,78,0,15,4,0,99,126,52,84,54,59,6,10,6,14,21,95,13,11,55,11,28,16,0,7,0,10,605,0,5,3,1,2,143,0,0,0,0,2,0,0,0,3,12,0,2,0,2,0,3,13,2,3,4,0,176,1,20,5,4,5,0,24,0,0,0,4,0,1,18,3,0,3,12,1,0,0,0,0,0,0,3,1,0,5,0,17,2,0,1,0,28,26,2,1,42
2021,"Southwark 008","E02000814",10298,1326,22,0,0,1,0,0,99,0,510,2,61,324,2,6,17,0,29,5,8,3,1,3,5,5,5,4,12,90,0,0,0,22,10,5,1,10,1,58,5,802,298,5,0,39,1,5,12,2,26,6,0,69,5,0,1,2,0,257,0,4,0,0,29,18,6,0,0,0,9,2,1,5,457,13,3,132,2,238,10,2,1,5,1,14,25,0,0,11,647,1,1,0,0,4,0,5,1,7,0,3,1,0,2,0,6,2,1,0,0,1,7,0,36,4,0,1,0,3,0,1,4,0,10,3,1,1,45,12,0,2,1,1,7,0,2,5,1,0,9,180,116,119,2,8,5,0,26,6559,0,23,2,7,5,4,39,9,11,11,0,36,63,3,0,4,0,16,11,23,3702,15,463,12,131,3,55,112,8,10,45,63,0,194,3,289,7,1,0,14,58,3,17,1,2,51,6,8,114,0,9,0,0,102,124,52,160,80,93,4,10,5,21,8,87,16,3,88,3,19,13,0,0,0,8,507,0,7,0,1,0,119,2,1,0,1,5,1,0,1,12,3,0,1,0,1,0,2,19,9,4,6,0,116,1,15,2,1,5,0,25,0,0,0,5,0,1,15,2,8,0,8,2,3,0,0,3,0,0,0,0,0,0,0,13,7,0,0,0,22,22,5,0,31
2021,"Southwark 009","E02000815",7616,1595,15,0,0,0,0,2,423,0,497,0,57,315,6,17,8,1,27,1,24,2,0,2,7,4,19,7,8,76,0,0,0,19,5,7,6,14,0,23,3,1020,353,1,2,34,3,11,6,0,18,20,0,92,7,0,1,0,0,250,0,2,7,1,120,55,3,2,0,0,8,2,8,14,414,16,2,125,1,237,1,1,0,6,7,9,0,0,0,9,480,2,1,1,0,1,1,5,0,11,1,3,3,3,0,1,2,0,3,1,0,0,3,0,44,0,3,0,0,0,0,0,1,0,2,7,0,1,24,3,0,0,0,0,2,0,0,3,0,0,8,119,75,120,1,1,0,0,24,3533,0,12,0,0,2,2,49,4,1,7,0,9,16,0,0,3,4,5,2,19,2054,1,304,7,69,6,45,53,7,1,27,18,2,153,0,144,7,1,1,3,10,2,7,3,1,49,2,3,46,0,8,1,0,58,41,32,40,23,21,8,2,4,4,6,75,11,4,8,5,8,6,0,0,0,7,574,0,5,1,0,0,124,0,0,1,0,0,1,0,0,1,9,0,0,0,0,0,3,6,9,2,2,0,229,2,14,0,2,10,0,19,0,2,3,0,0,0,14,0,0,13,4,5,0,1,1,0,0,0,0,1,0,2,0,17,13,0,2,0,11,1,0,10,34
2021,"Southwark 010","E02000816",9620,848,64,0,0,1,0,0,154,0,194,2,62,177,0,13,8,0,4,0,5,3,0,0,1,12,9,1,1,39,0,0,0,6,3,12,8,8,0,58,3,1376,575,8,0,77,4,3,10,5,17,22,7,80,5,0,4,5,0,380,4,2,1,0,24,68,7,7,9,0,17,0,12,23,669,34,4,206,1,358,4,1,0,15,10,16,0,0,12,8,640,0,2,0,0,2,0,5,0,4,0,7,2,1,0,0,1,0,6,1,0,2,25,0,40,1,1,0,1,2,3,3,0,0,1,4,1,4,45,11,2,1,0,4,5,0,0,0,3,2,1,82,104,234,0,9,0,0,18,5451,0,28,3,1,2,0,39,4,0,4,0,22,28,3,1,5,3,3,6,26,3542,5,370,4,74,4,32,46,13,7,35,26,4,168,0,177,4,5,5,2,22,1,8,1,1,44,5,3,56,0,8,3,0,90,70,48,109,58,21,6,13,2,10,21,89,10,2,22,10,9,3,0,1,0,4,636,5,12,0,1,0,120,0,0,2,2,3,0,2,3,6,10,0,1,0,0,3,5,17,21,0,2,0,210,6,15,6,2,7,0,24,0,0,0,7,0,0,13,2,0,4,10,4,0,0,1,0,0,0,0,0,0,7,0,23,7,1,0,1,12,24,0,2,33
2021,"Southwark 011","E02000817",6820,683,5,0,0,0,0,0,218,0,180,0,35,128,2,1,11,0,4,5,1,1,0,1,0,13,1,0,3,17,0,0,1,3,1,0,3,6,0,41,2,1160,491,0,0,41,7,0,8,6,19,15,4,109,3,0,0,0,0,322,1,1,0,1,61,24,12,4,3,0,10,0,4,14,574,16,2,179,0,315,7,0,0,10,2,31,2,0,0,10,407,5,0,2,0,1,0,2,0,5,0,10,2,4,1,0,0,1,0,1,1,1,2,0,17,0,1,0,1,0,3,7,1,0,0,0,0,0,23,0,1,1,0,0,0,0,1,1,0,0,3,67,66,150,0,6,0,1,19,3603,1,18,3,1,2,0,13,2,0,3,2,6,6,3,0,1,6,2,0,9,2542,1,182,1,31,1,9,32,3,28,20,11,1,105,0,94,4,1,3,7,18,2,2,0,0,8,0,1,46,0,8,1,0,56,75,12,60,45,12,1,9,0,6,3,42,3,0,12,11,5,7,0,0,0,4,393,0,8,0,0,0,80,0,1,0,0,10,0,4,0,1,2,0,0,0,0,1,1,5,5,0,0,0,122,0,10,2,0,0,0,25,0,1,1,0,2,0,8,3,1,7,3,5,0,1,0,0,0,0,0,1,0,1,0,17,3,0,4,0,18,16,8,0,16
2021,"Southwark 012","E02000818",9794,1125,41,2,0,1,2,2,262,3,344,0,85,154,8,7,15,0,10,0,6,3,3,4,2,8,4,0,2,57,0,0,2,10,6,5,7,6,8,51,5,1569,659,1,0,95,0,14,19,2,20,10,1,163,5,0,0,2,3,307,0,2,0,3,68,116,15,0,4,2,20,2,9,27,906,31,1,259,4,498,14,5,1,12,4,25,22,0,11,19,647,3,2,0,0,0,1,5,3,11,0,11,5,2,0,0,1,0,1,0,1,2,5,0,32,2,0,0,2,0,0,7,1,0,1,2,1,0,71,4,0,3,0,0,6,1,2,3,0,1,6,117,99,196,0,5,0,1,31,4836,0,9,0,3,2,0,42,5,2,17,4,20,14,1,0,6,3,7,10,10,3111,0,282,7,64,3,44,38,9,7,54,12,1,217,2,141,12,4,0,3,29,5,5,0,0,44,0,9,41,0,15,5,0,61,93,37,60,45,24,7,5,0,14,4,81,8,8,34,8,8,12,0,1,0,7,711,7,21,0,0,0,123,0,0,1,0,9,0,3,2,4,12,0,3,0,2,0,6,8,13,1,2,0,263,0,9,4,2,9,0,13,1,5,0,2,0,0,12,7,1,0,11,6,0,0,1,1,2,0,0,0,0,6,2,27,10,0,1,0,28,27,1,0,43
2021,"Southwark 013","E02000819",8498,765,31,0,0,0,0,3,160,0,180,0,116,92,1,4,8,0,8,1,3,4,3,0,12,6,2,2,2,36,0,0,0,17,1,0,3,13,0,54,3,1806,764,0,0,71,3,11,22,4,28,30,4,119,8,0,0,0,1,422,0,2,7,1,95,113,28,1,5,0,39,0,20,8,883,47,1,376,2,366,10,2,0,8,7,37,15,0,5,7,609,1,0,0,0,3,6,6,0,7,0,7,2,3,1,0,0,0,0,3,0,1,5,0,36,0,0,2,2,4,1,2,1,0,0,4,1,1,76,2,0,0,1,0,8,3,0,3,0,0,5,71,121,197,0,4,0,0,19,3545,0,22,7,5,0,1,12,1,0,0,3,15,8,2,1,2,2,3,1,8,2390,0,226,2,39,1,20,33,6,3,46,12,1,105,0,72,4,2,1,6,14,3,3,1,0,20,0,0,55,1,9,4,0,60,74,39,45,32,10,0,3,1,5,4,52,6,1,12,8,2,7,1,3,0,8,890,6,15,0,0,1,143,0,0,0,0,16,0,1,0,4,16,0,0,0,0,1,3,14,13,0,2,0,377,0,4,3,0,4,6,24,0,2,2,1,1,2,24,3,2,3,22,6,0,4,0,5,0,0,0,0,0,4,0,58,6,0,0,0,8,25,8,2,49
2021,"Southwark 014","E02000820",9251,1053,16,0,1,0,1,5,215,0,440,0,45,132,2,6,11,1,15,3,11,0,0,1,1,1,4,2,3,47,2,0,0,7,5,0,2,21,1,44,8,1608,634,5,0,71,5,78,15,9,30,27,6,144,5,0,0,1,4,354,1,5,7,0,61,91,9,1,2,0,24,0,5,14,837,35,1,232,2,489,15,7,0,12,6,13,7,0,1,17,630,4,3,3,0,3,0,7,0,8,2,2,4,2,1,0,2,2,4,2,1,3,10,0,40,0,2,1,0,0,1,8,0,0,2,1,5,1,60,2,1,0,0,0,3,2,1,6,0,1,9,109,115,177,2,6,1,0,11,4512,1,6,2,1,0,2,35,9,1,5,0,9,19,4,0,7,3,3,6,5,2881,3,263,7,58,4,32,48,1,3,35,12,1,198,2,137,10,2,1,18,16,2,10,5,0,55,0,8,52,5,11,1,2,50,73,54,40,29,28,4,4,4,16,49,75,5,2,30,14,13,2,2,1,2,14,611,4,10,0,0,1,124,0,1,0,1,2,0,4,0,3,6,0,4,0,9,0,2,19,8,2,1,0,193,0,10,1,0,8,0,32,0,3,4,1,1,0,17,2,3,5,11,0,0,0,1,2,0,0,0,1,0,4,0,21,10,0,0,0,25,14,1,0,40
2021,"Southwark 015","E02000821",9358,728,30,1,0,0,0,1,250,0,157,0,58,66,2,4,3,0,9,15,5,0,2,2,1,0,4,0,0,38,6,0,0,8,2,7,0,2,5,50,0,2237,925,3,0,111,9,6,14,7,37,12,0,176,3,0,0,4,0,645,5,3,0,2,84,109,29,2,2,0,10,3,13,23,1383,53,5,415,1,784,7,4,0,6,35,32,11,0,5,25,739,0,1,2,0,3,0,3,2,10,4,4,10,0,0,0,0,0,4,0,2,1,7,0,52,0,1,0,0,0,0,4,0,0,2,0,0,2,68,32,0,0,0,0,8,0,3,1,0,0,3,135,99,243,0,0,0,1,32,2812,2,14,0,5,1,0,17,0,1,3,0,11,5,5,2,2,0,7,2,5,1685,3,172,2,18,0,42,24,8,5,45,8,0,97,0,100,5,0,1,9,7,0,3,12,1,7,0,3,60,1,25,1,0,48,72,45,50,41,5,0,7,0,4,10,45,6,1,28,6,1,5,1,0,0,11,1459,4,23,0,0,0,214,0,0,0,1,1,0,4,0,2,10,0,1,0,2,0,0,14,2,0,0,0,576,0,3,5,4,2,0,10,0,3,0,4,1,0,12,2,3,1,31,8,0,1,0,4,0,0,2,0,0,3,6,112,27,0,0,0,48,18,4,1,290
2021,"Southwark 016","E02000822",6719,626,20,0,1,0,1,1,183,0,160,0,57,65,0,1,2,0,5,6,2,4,0,2,1,4,4,0,0,52,0,0,0,12,1,0,1,9,3,28,1,1658,684,10,0,118,2,9,14,4,39,14,1,149,7,0,0,0,0,390,1,2,3,0,88,50,24,3,16,0,11,3,2,14,803,24,0,265,2,413,16,4,0,8,15,28,2,0,2,24,463,1,4,0,0,0,0,2,3,4,1,1,2,2,0,0,0,0,0,3,2,1,4,0,41,0,2,0,1,0,1,3,1,0,1,2,1,0,29,2,0,0,0,0,6,1,1,1,1,0,2,82,108,128,0,2,0,0,17,2621,2,10,1,2,0,0,10,0,0,2,0,8,7,10,0,2,1,6,3,3,1750,3,115,1,20,0,17,14,1,0,28,12,0,105,0,72,6,5,0,5,9,1,3,1,0,11,0,4,21,1,2,1,0,52,47,38,44,32,7,3,7,1,5,4,47,5,2,19,11,5,4,0,1,1,11,548,3,11,0,0,1,77,0,0,1,1,2,0,1,0,6,9,0,0,0,2,0,1,17,10,0,1,0,229,0,6,4,0,3,0,36,1,0,0,2,0,0,10,1,3,0,13,2,2,1,4,1,0,0,0,0,0,2,1,20,16,0,1,0,11,15,0,0,21
2021,"Southwark 017","E02000823",8688,769,17,0,2,1,1,2,210,0,136,2,72,98,1,5,5,0,5,0,5,0,1,1,2,5,8,0,4,100,0,0,1,6,0,4,1,1,0,70,3,1776,693,1,0,86,4,2,66,6,65,16,4,161,13,0,0,0,0,431,2,4,7,0,77,68,13,0,9,0,24,1,2,21,998,37,2,234,4,628,7,7,2,18,7,31,3,0,2,16,664,2,0,1,3,3,0,12,0,7,0,4,0,9,1,0,0,2,1,1,0,2,11,0,33,1,3,0,1,1,0,7,3,0,1,0,1,2,58,6,0,6,6,2,12,0,3,2,4,0,7,103,99,218,2,0,1,1,22,3720,0,5,2,0,1,0,39,5,0,4,0,17,16,3,2,2,0,28,3,2,2431,1,250,3,47,0,33,29,5,1,28,8,1,159,0,90,4,3,0,5,8,3,6,2,0,21,3,1,29,0,13,1,0,54,46,50,65,20,17,3,3,5,9,18,56,7,2,17,5,11,6,0,4,0,8,761,1,15,0,0,2,71,0,0,0,0,9,0,16,2,3,10,0,4,0,0,0,6,12,18,0,2,0,336,0,4,1,0,5,0,21,0,4,1,4,0,1,10,3,0,3,19,1,0,0,0,3,0,0,0,0,0,12,3,44,16,1,0,0,20,26,0,6,46
2021,"Southwark 018","E02000824",9905,949,64,0,0,0,0,4,183,0,186,1,91,98,0,1,7,12,3,1,5,2,3,2,4,12,12,9,4,86,0,1,0,11,2,2,8,8,5,115,7,3169,1514,5,0,147,6,20,21,20,12,15,0,241,4,0,0,1,1,812,4,9,7,4,119,89,24,11,2,0,40,0,4,37,1667,101,0,453,0,951,10,8,1,18,19,73,3,0,9,21,716,9,2,0,0,1,0,6,2,13,2,3,9,3,0,0,0,0,0,0,1,3,5,0,31,1,0,0,0,0,0,8,2,0,3,7,0,0,73,4,0,0,0,0,5,0,0,8,3,1,2,49,155,284,1,3,0,0,17,2581,0,5,0,2,0,0,6,0,0,2,1,15,6,5,0,0,2,2,5,10,1762,1,110,2,13,1,15,22,6,27,24,12,0,105,0,44,6,4,0,3,24,0,2,2,3,11,0,1,14,1,5,7,0,34,35,42,40,20,6,1,6,0,1,6,29,10,3,16,11,3,13,0,6,2,9,823,6,35,0,10,0,105,0,0,3,1,3,1,5,1,3,3,0,2,0,0,0,1,8,7,0,1,0,370,0,3,1,0,1,0,12,0,8,0,3,1,0,11,3,0,9,18,4,0,4,0,4,0,0,1,0,0,2,0,54,15,0,1,0,26,34,9,0,34
2021,"Southwark 019","E02000825",10233,953,19,0,4,1,1,6,218,0,326,0,65,116,1,9,3,0,3,4,3,0,0,0,0,1,1,0,4,59,0,0,1,5,3,0,2,2,1,89,6,3295,1233,1,0,166,7,16,24,10,24,16,10,244,11,0,1,2,1,1091,1,2,1,0,83,162,46,0,3,0,30,0,13,97,1733,59,7,521,6,984,11,15,0,16,24,61,0,0,7,22,794,0,3,1,1,0,1,16,4,9,4,4,11,6,0,0,0,0,6,0,1,3,9,3,42,3,4,3,0,2,0,6,0,0,4,1,0,2,74,3,3,0,4,0,7,2,4,0,0,0,4,67,153,285,1,7,0,0,31,2657,2,3,2,4,0,0,10,2,0,2,3,19,7,6,0,1,6,3,6,4,1681,0,148,4,27,2,8,13,4,4,33,14,0,113,1,80,3,3,4,0,13,3,7,0,0,12,1,1,12,6,9,4,0,45,74,53,32,25,7,0,10,0,12,7,27,2,0,34,14,4,7,0,0,0,14,801,3,18,0,0,0,101,0,0,0,0,0,0,4,2,7,11,0,1,0,0,1,2,11,7,0,5,0,314,1,4,0,0,3,0,16,1,2,1,2,3,0,17,0,0,2,19,1,0,1,0,3,0,0,6,3,0,2,4,39,15,0,0,0,58,39,17,0,55
2021,"Southwark 020","E02000826",9893,759,30,0,0,0,0,0,145,0,152,0,114,107,0,1,11,0,9,3,1,1,2,0,2,9,0,0,0,73,0,0,0,12,5,0,1,7,7,65,2,2019,772,14,0,100,1,21,14,4,34,25,1,231,2,1,0,2,0,477,1,7,0,2,52,166,26,7,5,0,24,1,10,19,1340,86,2,327,1,781,17,1,3,27,16,41,5,0,11,22,679,1,1,0,0,7,0,13,0,6,3,4,6,1,0,0,4,0,1,0,4,1,10,0,55,1,1,1,1,0,0,16,2,0,5,0,1,0,39,8,1,1,3,3,4,0,1,1,0,0,1,130,100,212,0,6,0,1,23,4281,1,1,1,0,1,2,37,2,2,1,1,3,43,2,1,2,0,8,5,13,3015,2,225,6,30,3,35,14,7,5,64,7,0,171,1,74,22,9,5,9,13,4,11,2,0,26,2,2,22,2,17,0,0,46,51,44,31,21,12,2,8,0,8,0,57,6,5,37,7,7,4,0,0,0,4,815,14,28,0,0,0,90,0,0,0,0,2,1,3,1,6,5,0,3,0,1,0,5,13,7,0,2,0,398,0,3,2,3,11,0,24,0,3,2,3,0,0,5,5,0,9,8,3,0,0,0,0,0,0,0,1,0,10,0,24,24,0,0,1,31,20,2,0,42
2021,"Southwark 021","E02000827",11317,947,126,0,0,0,1,6,147,0,186,2,159,115,0,5,11,1,6,0,1,4,0,0,1,11,4,4,1,63,0,0,0,10,2,0,0,5,12,60,4,2827,1170,6,5,177,4,26,30,7,63,42,6,254,14,0,0,4,2,670,1,1,3,0,102,113,9,8,4,2,44,0,7,53,1536,51,2,437,5,872,20,8,0,19,19,61,3,0,5,34,842,2,3,0,1,3,0,13,0,12,0,9,6,3,1,0,0,0,3,3,1,3,7,0,42,0,1,1,6,2,2,2,2,0,0,1,0,4,86,5,0,0,2,0,6,1,0,4,3,0,2,131,154,278,1,5,2,0,29,4090,1,7,0,4,1,1,30,3,0,2,2,15,14,4,0,2,4,5,5,6,2643,2,247,2,36,0,19,32,14,0,67,10,0,211,0,100,11,4,2,5,10,1,11,1,1,18,0,1,38,0,70,10,0,59,63,54,39,34,10,1,7,2,14,22,48,8,5,13,13,5,10,1,1,0,9,1075,41,19,1,0,1,91,0,0,1,0,0,0,6,0,40,11,0,1,1,2,1,0,19,10,1,8,0,517,2,11,1,0,4,0,18,0,1,0,9,0,0,12,14,0,8,41,5,0,0,1,5,0,0,2,0,0,2,0,33,37,0,1,0,15,11,13,0,58
2021,"Southwark 022","E02000828",8818,949,34,0,0,0,0,2,172,0,263,0,106,99,2,3,3,7,2,6,0,11,4,0,6,4,10,5,2,75,0,0,0,13,0,3,4,13,3,90,7,2001,776,0,0,74,5,10,17,3,6,12,2,203,20,0,1,3,0,671,4,1,0,1,43,85,9,2,3,1,12,2,9,26,1490,23,1,373,4,978,10,4,0,10,18,40,0,0,4,25,557,6,0,0,0,0,0,2,0,9,2,5,7,0,0,0,1,4,1,0,1,0,8,1,26,0,0,1,1,2,0,4,2,0,2,1,0,1,39,2,0,0,0,0,5,0,3,1,1,2,3,74,106,201,4,1,0,0,28,3083,0,0,0,3,1,0,15,0,0,1,0,57,4,7,1,4,3,2,1,7,2130,1,148,1,33,0,45,11,1,6,37,8,0,122,0,55,9,0,6,3,4,0,9,0,0,17,0,7,23,0,30,0,0,29,67,38,19,17,4,0,2,2,2,10,44,2,1,7,7,8,2,0,4,0,6,738,3,15,0,0,0,66,0,0,0,0,7,2,1,1,3,8,0,7,0,2,2,4,4,11,0,2,0,340,1,4,1,1,6,0,16,0,0,1,0,0,0,4,6,0,2,27,0,0,0,0,2,0,0,1,0,0,9,0,34,12,1,0,0,24,45,12,0,51
2021,"Southwark 023","E02000829",10934,872,30,0,1,1,1,3,277,0,156,0,56,144,7,1,3,2,3,11,0,0,1,3,1,9,7,5,2,41,1,0,0,9,0,2,2,6,1,74,12,2163,845,1,0,122,8,29,16,6,32,8,4,144,2,1,3,1,0,771,3,4,0,0,35,34,15,3,2,0,30,2,10,32,1664,28,1,370,3,1112,17,6,1,20,9,68,2,0,0,27,835,6,2,0,0,2,2,10,2,5,3,3,5,7,0,4,4,0,3,1,3,0,14,1,28,0,3,1,2,5,0,10,2,1,4,0,2,0,75,3,0,3,1,2,3,2,4,6,5,0,5,96,119,322,2,9,4,0,39,4803,0,4,2,0,4,0,46,0,0,3,1,8,13,2,0,3,6,1,2,11,3648,1,207,8,40,1,25,12,7,9,27,23,1,185,4,57,10,0,0,4,20,0,11,3,0,39,0,5,15,2,9,2,0,46,52,28,26,21,6,1,7,1,14,7,46,4,3,18,21,6,2,0,5,0,8,597,3,12,0,0,2,59,0,0,0,0,4,2,0,3,7,5,0,3,0,0,1,2,17,2,2,3,0,177,2,8,3,0,9,2,33,2,9,0,0,0,0,13,5,2,1,7,3,0,0,0,1,0,0,3,0,0,7,2,30,15,1,0,4,27,48,4,0,52
2021,"Southwark 024","E02000830",8881,645,9,0,0,0,0,0,116,0,137,0,116,134,1,6,14,0,1,0,4,4,1,0,1,12,6,0,0,51,0,0,0,8,1,0,1,8,0,13,1,900,396,6,1,61,4,15,7,1,15,5,0,83,4,0,0,0,0,221,3,2,0,3,19,19,0,2,4,0,15,3,6,5,800,15,0,179,2,544,5,1,5,8,3,17,0,0,1,20,730,1,0,0,0,1,0,6,5,7,4,3,4,2,0,4,4,0,3,1,0,1,11,1,31,0,7,3,0,0,1,4,2,1,5,0,0,7,60,6,1,1,0,2,21,0,1,1,0,0,6,169,85,222,1,6,0,0,29,5375,1,6,0,0,2,2,39,3,0,3,0,7,8,0,3,2,1,8,8,9,4168,5,250,4,36,5,33,27,21,0,9,9,0,197,0,97,23,6,0,3,8,2,17,0,0,45,0,4,24,4,9,2,0,38,36,36,14,26,14,0,3,1,7,5,40,10,9,11,4,0,4,0,0,1,6,431,0,8,0,0,1,48,1,0,0,1,3,0,2,1,0,1,0,1,0,4,0,2,8,17,0,1,0,164,0,6,2,3,11,0,9,0,9,1,0,0,0,9,1,1,4,9,3,0,0,0,0,0,0,4,0,0,1,0,20,8,0,0,1,6,12,0,3,45
2021,"Southwark 025","E02000831",9342,515,3,0,0,0,0,2,83,0,99,0,48,99,1,2,10,1,9,0,3,11,2,0,1,4,2,0,2,60,0,0,0,21,1,1,6,3,3,37,1,1071,402,4,0,59,0,3,8,1,21,7,5,72,3,0,1,1,0,266,1,0,0,0,26,89,4,0,2,0,27,2,5,62,1088,20,0,186,1,814,7,3,0,13,4,29,0,0,0,11,723,3,0,0,0,3,0,8,1,18,2,3,7,18,1,1,0,0,6,0,4,0,8,1,18,0,3,0,2,0,1,4,1,2,3,0,1,2,51,3,0,4,1,0,7,1,1,3,5,1,7,186,85,206,4,8,0,0,29,5551,2,2,1,0,0,2,66,3,0,7,0,21,7,1,2,1,1,4,3,7,4423,2,227,3,58,0,24,15,7,5,24,4,0,204,0,57,17,1,0,2,7,3,15,0,0,45,0,1,14,0,12,3,0,41,50,25,4,0,8,3,2,0,6,4,42,16,1,11,12,3,7,0,0,0,13,394,0,8,0,1,0,53,2,0,0,2,3,0,2,2,2,8,0,1,1,3,0,3,14,2,0,7,0,148,1,6,1,0,4,5,8,0,0,0,1,0,0,2,0,0,0,3,1,0,0,0,0,0,0,0,0,0,0,0,13,5,0,0,1,15,16,6,0,44
2021,"Southwark 026","E02000832",9695,478,10,0,0,0,1,0,92,0,99,1,21,94,2,4,6,7,3,0,7,2,2,7,0,1,3,4,2,57,1,0,0,6,1,1,0,3,2,38,1,1610,591,1,0,126,7,15,14,9,11,14,0,166,4,0,0,5,0,443,1,7,0,0,47,66,16,4,0,1,33,4,12,13,1742,36,1,390,0,1188,7,2,3,19,9,54,1,0,0,32,803,5,1,0,0,3,0,7,0,9,2,7,3,6,1,0,2,0,9,0,0,0,12,0,20,1,0,0,2,1,1,3,4,0,0,0,2,0,52,1,0,3,0,0,0,0,1,3,0,0,4,183,101,301,0,5,0,0,48,4658,3,5,3,1,0,0,26,1,0,1,0,5,7,1,1,1,2,0,7,8,3713,2,147,2,27,1,14,19,2,4,37,6,1,181,0,42,10,0,0,6,7,1,6,0,0,29,0,0,24,1,18,6,0,66,37,15,14,31,7,0,1,0,8,4,28,7,2,9,28,8,3,0,0,0,12,404,1,15,0,2,1,49,0,1,0,2,0,2,5,2,4,3,0,1,0,0,1,4,11,3,1,1,0,130,1,7,1,0,1,2,25,0,1,0,1,0,0,1,2,1,1,8,2,0,3,3,3,0,0,1,0,0,6,0,22,1,1,1,2,11,29,2,6,20
2021,"Southwark 027","E02000833",7479,752,36,1,0,0,4,8,59,0,119,0,206,140,5,3,4,0,5,1,7,4,0,3,7,3,4,0,3,58,0,0,0,14,0,0,1,4,0,52,1,1483,658,2,0,92,0,1,11,9,9,14,3,120,4,0,3,1,2,338,2,0,0,0,48,44,6,2,7,0,25,1,13,68,976,17,4,212,2,646,10,4,2,20,4,41,1,0,1,12,542,3,0,0,0,6,0,7,0,10,0,3,4,4,2,0,3,0,3,2,1,0,8,0,27,1,1,0,0,0,0,4,2,0,0,1,0,0,49,6,0,2,0,0,0,1,0,0,0,0,5,100,96,175,1,4,0,1,10,3270,1,3,0,0,0,1,23,2,0,1,3,7,14,0,1,1,1,2,3,3,2412,2,181,2,21,0,20,16,8,1,18,10,0,152,0,45,8,1,0,3,9,0,8,1,0,21,6,1,13,0,9,0,0,39,53,27,19,12,2,5,3,4,11,4,26,4,0,12,2,0,4,0,1,0,8,456,5,7,0,0,1,52,0,1,4,1,1,1,9,0,0,4,0,2,0,12,0,3,9,16,0,8,0,168,3,9,1,4,4,0,8,0,1,1,0,0,0,5,4,0,0,14,3,0,1,3,1,0,0,0,1,0,2,3,19,2,5,1,0,13,12,5,0,27
2021,"Southwark 028","E02000834",9381,413,8,0,0,3,0,5,43,0,92,1,54,105,1,3,14,0,5,0,1,2,2,3,0,3,2,0,2,19,0,0,0,14,1,1,1,5,0,21,2,435,215,2,0,38,0,0,3,0,19,9,0,41,3,0,1,0,0,65,1,0,0,1,9,8,2,0,3,0,3,0,9,3,723,5,0,167,1,498,6,1,5,2,4,20,1,1,8,4,703,5,1,0,1,1,0,5,1,9,0,0,6,6,1,0,14,0,0,2,25,1,12,0,13,0,3,0,2,7,0,0,2,0,3,0,1,1,56,3,0,0,0,1,5,0,0,0,2,0,7,234,83,142,3,11,1,1,32,6868,0,25,7,0,3,0,74,8,2,7,1,15,9,3,3,0,2,1,8,11,5507,1,237,4,32,0,49,27,8,2,24,5,4,261,0,85,12,1,0,0,11,1,22,0,0,51,0,6,11,0,11,0,0,44,46,33,15,22,10,5,8,3,25,1,45,10,6,11,17,2,4,2,0,0,8,239,0,2,0,0,0,31,2,0,0,2,1,0,1,1,0,0,0,4,0,1,0,2,9,1,3,5,0,40,3,8,0,2,12,0,4,0,2,0,0,0,0,0,0,2,5,3,1,0,0,0,0,0,0,0,0,0,1,0,7,2,0,0,0,18,45,3,0,16
2021,"Southwark 029","E02000835",7679,314,11,0,1,0,0,2,35,1,54,0,16,77,0,5,7,0,4,4,0,5,0,0,0,5,0,0,2,46,0,0,1,12,1,0,1,7,0,15,2,712,307,0,0,28,0,1,3,6,17,9,5,74,12,0,0,1,0,193,0,0,0,0,8,9,13,2,3,0,7,0,5,9,891,14,6,191,3,616,12,1,1,9,6,25,0,0,1,6,621,1,1,0,0,4,3,6,0,5,1,5,7,2,0,0,7,0,5,0,1,0,9,0,20,0,1,1,0,3,0,4,6,0,1,0,1,1,38,4,0,6,0,1,2,0,0,1,0,1,6,133,90,208,0,11,1,1,23,4871,1,12,0,0,2,0,45,1,0,2,1,6,4,1,0,1,4,2,4,4,3965,0,177,3,22,0,13,14,8,0,13,3,0,202,0,60,8,0,0,2,5,0,10,0,0,30,0,1,25,6,7,0,0,29,33,20,12,10,5,1,7,0,10,1,20,11,5,19,16,1,4,1,0,0,2,270,0,7,0,1,0,19,0,0,0,0,3,0,4,4,3,0,0,4,0,1,1,2,6,3,2,3,0,97,2,4,4,3,2,0,7,0,4,0,0,0,0,5,0,0,2,2,0,0,0,1,0,0,0,5,0,0,0,0,12,4,0,0,0,11,30,1,0,11
2021,"Southwark 030","E02000836",8289,551,1,0,0,1,0,1,145,0,110,0,37,144,0,2,8,1,6,0,1,5,1,0,2,4,1,0,2,24,0,0,0,15,0,2,7,14,0,12,5,331,114,0,0,18,0,1,5,0,4,0,0,38,2,0,0,0,0,114,0,0,1,0,6,12,2,5,0,0,4,0,2,3,571,3,0,100,0,433,1,1,0,9,4,15,1,0,2,2,676,2,0,0,1,2,2,4,0,5,2,2,3,2,0,0,6,3,4,1,2,0,18,6,15,2,0,0,10,0,1,0,1,0,3,0,31,0,38,3,0,3,0,0,0,3,0,0,0,0,5,225,77,146,1,13,0,2,32,5953,3,7,0,0,4,1,78,2,0,3,1,18,6,0,0,1,1,3,0,11,4853,1,212,0,40,0,30,17,9,4,10,9,6,254,0,50,8,0,0,0,4,1,10,2,0,50,1,6,7,6,13,0,0,39,28,21,4,18,8,4,0,1,16,1,24,7,7,7,6,0,5,6,4,2,3,207,0,2,0,1,0,23,1,0,0,0,1,0,3,2,0,6,0,0,0,0,1,1,13,3,0,6,0,53,2,8,0,2,6,5,1,0,5,1,3,0,0,5,2,2,1,4,0,0,1,1,0,0,0,1,1,0,0,0,12,1,1,0,0,8,8,3,0,7
2021,"Southwark 031","E02000837",8567,545,1,0,2,0,0,0,26,0,155,0,7,223,1,3,16,0,4,0,0,1,0,1,0,5,1,11,1,38,8,0,1,24,0,0,1,6,0,9,0,223,73,0,1,31,1,0,0,0,5,3,0,16,1,0,0,0,0,51,0,0,0,0,10,7,0,0,0,0,17,1,3,3,217,1,0,26,2,173,2,1,0,3,0,7,0,0,0,2,575,0,0,1,4,1,1,7,0,5,0,0,2,0,1,1,4,1,10,0,1,0,6,0,9,4,0,1,4,4,2,5,1,0,0,2,0,0,18,8,0,0,0,0,1,3,2,1,1,0,8,239,86,106,4,8,2,0,11,6839,0,2,4,0,0,2,79,5,0,2,0,13,3,0,2,4,1,1,5,11,5594,0,256,3,30,0,45,46,10,1,28,6,4,219,1,40,33,1,0,7,10,6,15,5,0,74,1,2,14,0,17,0,0,46,34,5,9,15,23,7,1,3,22,0,29,4,3,15,2,3,7,1,1,0,7,168,0,3,0,0,0,28,2,0,0,0,0,3,1,0,8,1,0,2,0,0,0,0,5,1,1,0,0,38,5,1,0,2,12,0,0,0,1,0,1,0,0,3,1,0,4,4,0,0,0,0,1,0,0,0,0,0,0,0,0,2,1,0,0,1,6,6,1,23
2021,"Southwark 032","E02000838",9502,582,6,0,0,1,0,0,65,3,93,0,54,159,0,4,12,1,9,0,3,4,2,0,0,3,3,0,6,107,1,0,0,13,1,0,1,5,0,22,4,670,236,4,0,36,4,5,1,3,13,7,4,56,4,2,4,1,0,202,0,2,0,1,12,23,1,3,1,1,23,0,2,19,775,13,0,137,0,569,4,3,3,14,6,22,0,0,1,3,729,1,0,0,2,2,1,7,2,11,2,6,5,1,0,1,6,1,10,4,5,1,9,10,15,0,2,0,2,3,1,13,2,0,1,0,0,0,36,7,0,3,4,2,6,2,0,2,3,1,6,214,91,186,0,9,0,3,28,6271,0,21,0,1,0,2,60,3,0,2,0,23,11,0,5,0,2,4,3,7,4851,2,275,4,27,1,25,18,78,3,13,9,0,250,0,69,7,0,0,2,9,2,13,1,0,46,0,2,92,0,7,0,0,91,44,26,14,32,7,3,4,0,15,3,34,8,4,16,11,1,1,0,2,1,4,475,1,4,0,0,0,47,0,1,0,2,4,0,1,2,1,4,1,1,0,0,3,4,13,0,0,10,0,192,1,14,4,1,10,0,4,0,1,3,0,0,0,3,3,0,8,7,2,0,0,0,2,0,2,2,9,0,0,0,23,10,3,0,2,15,26,0,0,29
2021,"Southwark 033","E02000839",8496,831,8,0,1,0,0,1,131,0,227,0,36,256,0,14,2,6,16,0,3,4,4,0,6,9,0,5,4,44,2,1,0,25,4,5,5,2,2,6,2,920,387,1,0,61,1,3,7,11,2,5,1,101,12,0,0,0,0,218,0,1,3,0,32,27,7,3,2,2,15,1,2,15,771,15,0,181,1,493,12,0,1,20,11,26,1,0,1,9,701,11,1,1,1,7,2,2,0,10,0,6,4,5,0,1,7,1,2,4,0,0,13,0,26,0,3,1,1,3,0,7,1,1,2,0,1,0,44,2,0,4,1,0,5,0,0,1,1,0,5,172,113,196,3,4,0,0,26,4898,0,37,0,2,1,0,41,0,0,2,1,14,12,4,0,14,2,6,7,2,3746,2,231,0,24,0,16,19,9,12,20,5,0,159,1,68,21,7,2,4,7,1,8,1,0,25,0,2,43,0,18,0,0,52,61,24,13,12,21,1,6,1,21,1,31,11,7,21,1,8,4,0,5,0,1,375,1,6,0,3,0,75,2,0,0,2,6,0,0,0,7,3,1,0,0,0,0,3,15,0,1,2,0,119,0,9,3,2,3,0,19,0,2,0,4,0,0,8,0,2,1,6,0,0,2,0,0,0,0,5,2,0,1,0,11,1,2,3,4,9,9,1,0,20
2021,"Sutton 001","E02000840",9312,1437,21,1,0,0,0,5,71,0,66,3,199,274,0,8,4,0,5,0,0,13,2,1,83,16,7,0,2,306,0,0,0,248,0,0,79,9,0,9,5,508,225,0,0,19,2,4,13,0,1,0,1,73,6,0,3,0,0,93,0,1,1,1,0,15,1,5,0,0,31,0,11,2,313,6,1,86,0,194,5,1,0,6,0,12,1,0,0,1,517,2,2,0,2,2,7,5,2,7,0,4,3,2,3,0,0,0,4,4,0,1,9,0,4,0,2,0,0,0,1,2,6,0,2,0,0,0,53,4,2,0,1,0,3,0,0,0,0,0,1,113,49,199,3,0,0,2,11,6188,0,14,3,1,0,0,4,0,1,0,1,8,66,0,0,4,0,2,1,2,5148,0,144,0,5,0,7,6,2,16,4,7,0,72,0,26,0,5,0,7,27,8,4,0,0,3,2,0,76,0,0,3,0,47,217,74,16,70,6,0,5,0,13,0,9,0,3,27,0,6,10,0,0,1,5,349,4,0,0,2,0,50,0,0,0,0,4,0,2,0,0,3,0,0,0,5,0,1,3,24,0,1,0,31,2,9,0,2,1,0,15,1,9,0,0,0,9,1,5,2,1,8,2,2,7,0,0,0,0,3,1,0,2,0,5,3,21,69,0,7,8,1,0,23
2021,"Sutton 002","E02000841",9190,1749,11,2,0,2,6,7,85,8,92,2,312,294,0,7,2,0,18,0,9,23,0,6,95,13,1,0,0,354,0,0,0,268,3,0,108,16,0,5,0,431,209,1,0,20,0,0,5,0,8,2,0,73,3,0,0,0,0,45,0,0,4,0,5,12,0,9,2,0,6,1,21,5,282,20,0,58,0,169,2,1,0,15,0,14,0,0,0,3,446,0,2,0,3,1,1,2,0,6,0,0,1,3,1,0,0,2,5,2,1,4,8,0,1,0,0,2,0,0,0,0,2,0,1,0,0,0,37,2,0,0,1,0,1,0,0,4,0,0,3,104,63,170,0,0,0,1,12,5887,1,10,0,1,0,1,11,0,0,0,1,12,77,0,1,2,0,8,0,1,4799,1,160,1,3,0,2,1,0,11,5,5,0,88,0,17,4,5,1,7,33,0,5,0,0,5,1,0,66,3,0,7,0,78,206,38,14,89,19,3,6,0,19,4,10,2,0,22,0,8,2,1,2,0,8,395,7,3,0,0,1,48,0,3,1,0,2,0,0,0,0,1,0,0,0,3,1,1,7,41,0,0,0,26,0,6,0,2,1,0,22,0,16,0,0,0,17,1,15,3,8,4,11,0,9,0,4,0,0,4,1,0,0,0,5,0,12,70,0,9,0,0,0,30
2021,"Sutton 003","E02000842",8272,1716,3,0,0,1,0,11,46,0,148,4,99,485,1,0,3,1,18,2,4,10,0,4,49,12,4,0,4,387,0,0,1,253,0,2,136,7,0,13,8,205,98,0,0,7,0,0,0,0,5,0,0,27,2,0,1,0,0,41,0,2,2,0,1,7,0,3,1,0,0,1,6,1,175,1,0,30,0,132,0,2,1,4,0,3,0,0,0,2,338,0,2,0,2,0,11,12,1,2,2,3,1,3,0,2,2,1,3,1,0,2,5,3,2,0,0,1,2,1,0,0,1,0,0,1,3,0,22,2,0,0,1,0,1,0,1,0,0,0,0,100,35,85,0,1,1,1,19,5491,1,15,0,0,0,0,1,0,0,0,0,15,41,1,0,0,1,1,1,3,4756,0,99,0,6,0,0,4,11,0,10,13,1,145,0,18,1,0,7,4,8,1,5,2,0,8,0,0,17,3,4,0,0,42,80,20,13,39,6,0,4,0,21,7,8,2,0,18,0,10,10,0,0,0,8,347,0,0,1,3,0,65,1,0,0,0,6,1,0,3,3,1,0,0,0,1,0,2,5,12,1,3,0,5,4,10,0,0,1,0,5,0,12,0,0,1,8,0,16,1,3,0,0,0,3,0,1,0,0,5,0,0,0,0,0,0,20,111,0,19,6,0,0,8
2021,"Sutton 004","E02000843",9480,1239,17,0,0,0,0,11,70,1,145,0,72,398,3,15,5,0,14,0,6,9,3,6,4,7,0,2,2,228,0,0,0,133,0,3,68,8,0,5,4,402,145,0,0,28,3,0,12,0,1,3,0,64,3,0,0,2,0,89,0,0,0,0,2,11,0,0,0,1,14,0,15,9,351,4,1,59,0,252,6,2,0,8,0,12,4,0,0,3,631,0,1,0,3,4,0,2,0,7,1,2,5,5,1,2,2,2,9,3,0,3,7,0,7,1,3,2,0,4,0,3,3,0,2,0,0,5,49,5,0,0,0,1,6,2,0,0,0,4,5,142,101,196,0,6,4,1,20,6556,0,15,0,0,1,4,16,2,3,2,0,9,45,1,0,0,1,6,1,4,5343,3,192,2,12,0,12,11,7,0,9,22,2,129,0,72,1,3,0,10,20,5,7,0,0,5,0,0,77,1,0,3,0,81,177,51,10,56,11,2,6,2,26,1,22,6,1,20,4,9,3,1,0,1,8,301,2,5,3,0,0,77,0,1,0,4,0,1,2,2,0,0,0,0,1,0,0,0,5,8,3,0,0,19,1,13,2,5,2,0,9,0,22,0,0,0,0,0,11,3,3,5,0,0,6,0,2,0,0,3,0,0,0,0,3,0,8,21,0,9,1,1,1,37
2021,"Sutton 005","E02000844",8655,1151,12,0,0,0,1,2,76,0,82,0,85,275,0,1,3,0,15,1,1,29,0,3,37,5,6,5,1,227,1,0,3,151,0,0,101,8,1,15,4,438,199,1,0,16,1,0,16,0,0,0,0,62,0,0,1,0,0,78,0,0,0,0,3,20,0,0,2,0,21,0,16,2,232,7,0,47,0,148,1,0,0,6,1,17,0,0,1,4,396,0,0,0,2,0,1,5,0,4,0,0,1,1,0,1,0,0,2,0,1,0,8,0,7,1,0,1,1,5,0,1,4,0,3,0,2,0,57,1,0,1,0,0,2,0,3,0,0,0,4,97,61,111,0,1,0,0,7,6142,0,13,0,0,0,0,8,0,0,0,0,7,42,1,1,1,0,6,2,4,5303,6,113,3,4,0,3,1,1,15,0,5,0,107,0,28,6,2,0,3,26,1,2,0,0,8,3,0,55,0,0,0,0,54,163,32,8,31,3,3,0,0,7,1,19,3,0,8,0,8,11,3,5,2,1,296,3,1,0,0,0,50,0,0,1,3,0,0,5,1,3,3,0,2,0,5,0,0,5,11,1,3,0,10,0,7,4,0,1,0,21,1,9,0,1,0,2,1,1,5,9,4,2,0,2,0,0,0,0,7,3,0,0,0,6,0,20,28,0,23,5,0,0,27
2021,"Sutton 006","E02000845",9420,1465,6,0,1,0,0,1,77,0,172,0,40,454,3,10,17,0,210,0,1,12,9,0,8,5,2,2,4,189,0,0,1,142,1,1,76,9,0,6,6,159,61,0,0,13,0,1,0,0,0,1,4,30,0,0,0,0,0,22,0,0,0,0,2,0,0,1,0,0,12,0,3,9,138,5,0,23,0,96,2,1,0,3,0,4,0,0,0,4,528,1,1,0,4,0,0,3,1,4,0,5,5,2,5,1,2,1,0,0,0,0,6,2,17,1,3,0,3,3,0,3,0,0,7,1,0,0,41,5,0,0,2,0,7,0,2,1,4,1,5,193,64,107,0,3,0,1,11,6786,3,13,0,1,0,1,16,3,0,1,1,13,65,1,0,5,0,6,3,2,5618,1,157,1,16,0,13,7,4,18,10,6,3,169,0,34,1,3,0,1,20,6,7,3,0,8,0,0,37,3,9,3,0,72,115,38,24,32,18,7,9,1,79,7,20,4,0,31,1,4,17,0,0,3,12,344,0,0,2,0,0,108,1,0,0,0,3,0,0,2,7,0,0,0,0,2,1,0,11,4,2,2,0,18,2,20,0,1,7,0,11,0,3,0,1,0,2,3,0,2,10,1,0,1,2,0,2,0,0,3,0,0,0,0,1,0,3,47,0,26,6,0,1,26
2021,"Sutton 007","E02000846",7623,1618,11,2,1,4,0,3,84,7,210,0,69,523,0,6,8,0,15,0,6,20,1,0,16,4,4,0,8,314,0,0,0,177,0,1,91,7,2,22,2,251,90,0,0,13,0,0,0,0,6,4,0,65,1,0,0,0,0,46,0,0,0,0,3,0,8,3,0,0,7,0,2,3,137,7,0,36,0,73,0,3,0,7,0,11,0,0,0,0,348,0,0,0,2,1,0,3,0,4,0,3,4,3,0,0,2,2,5,0,1,1,2,0,6,0,2,0,0,2,0,0,3,0,0,0,0,0,34,3,0,0,1,3,0,0,0,4,0,1,3,113,46,69,0,0,1,0,24,5012,2,12,0,0,1,0,7,1,0,0,1,3,66,2,0,4,0,4,1,5,4048,0,166,2,10,0,8,17,2,10,3,7,0,94,0,30,1,6,3,7,15,6,7,0,0,5,4,1,60,3,7,1,0,76,110,30,8,34,7,0,6,1,22,5,13,2,0,43,1,12,6,0,0,0,4,257,0,3,0,0,0,53,2,1,0,0,4,2,1,5,13,0,0,0,0,0,0,0,6,0,0,3,0,12,4,13,0,0,2,0,1,0,19,0,0,0,4,3,4,0,0,2,0,0,1,0,0,0,0,0,0,0,0,0,0,0,9,43,0,27,0,2,0,18
2021,"Sutton 008","E02000847",9425,1629,12,2,0,3,0,6,60,4,204,0,46,514,1,7,6,0,105,0,0,8,0,3,9,11,2,4,0,220,0,3,11,218,6,0,134,21,0,1,8,84,40,0,0,1,0,0,0,0,0,0,0,12,2,0,0,0,0,17,0,0,0,2,0,0,4,2,0,0,0,2,1,1,88,0,0,22,0,61,0,0,0,1,0,3,0,1,0,0,369,0,1,0,3,8,2,5,0,4,0,1,0,0,1,5,4,2,1,1,0,1,3,4,5,0,0,0,2,8,2,1,5,0,3,0,0,0,13,1,0,3,0,1,3,1,0,0,0,0,1,154,24,86,2,2,1,0,5,6912,1,13,1,0,0,4,14,0,0,1,0,17,49,1,1,0,0,2,5,3,6013,0,140,1,9,0,4,9,5,6,5,7,5,190,2,42,2,5,0,2,16,1,9,2,0,3,3,0,24,0,2,0,0,68,91,11,5,15,16,1,2,1,39,2,13,0,0,12,1,0,5,0,0,3,8,343,0,1,2,1,0,106,0,0,2,0,8,0,0,0,6,0,0,0,0,3,2,0,9,3,0,5,0,12,3,26,0,0,0,0,6,0,0,1,0,0,0,0,12,2,6,1,1,0,1,1,0,3,0,0,11,0,0,0,1,0,7,47,0,7,4,5,2,36
2021,"Sutton 009","E02000848",8149,1546,0,1,0,2,0,0,41,1,162,0,38,471,0,2,11,4,64,0,8,21,0,6,29,6,2,0,2,240,0,0,5,244,0,0,164,6,1,10,5,136,69,0,0,0,0,0,3,1,0,0,1,18,0,0,0,0,2,25,1,0,0,0,0,3,0,1,0,0,3,1,4,4,91,1,0,13,0,72,0,0,0,0,0,1,0,0,0,4,294,0,0,2,4,0,3,1,0,4,0,1,1,2,2,0,0,3,3,2,0,0,2,1,4,4,1,0,0,2,0,0,1,0,1,0,0,0,17,4,0,2,0,1,3,2,0,0,0,0,3,108,28,70,0,7,0,2,3,5791,0,5,1,0,0,1,10,0,0,1,0,6,28,0,0,0,1,7,0,2,5209,0,76,2,6,0,2,4,4,0,0,2,1,148,0,22,0,0,1,1,4,0,6,1,0,5,8,0,33,1,0,0,0,28,37,23,8,21,4,0,4,0,15,6,12,1,1,18,0,4,1,0,1,0,9,291,0,1,0,0,0,33,0,0,2,0,0,0,0,0,14,0,0,0,0,0,0,0,3,11,0,10,0,4,2,20,4,0,0,4,11,0,15,0,0,0,1,1,3,2,5,2,1,0,2,2,1,0,0,1,0,0,0,0,3,1,14,97,0,4,0,0,0,17
2021,"Sutton 010","E02000849",8186,989,25,2,0,1,0,2,66,0,103,1,32,365,0,6,10,0,5,0,1,14,0,0,2,1,0,0,2,173,0,0,0,113,0,0,48,1,4,2,10,362,147,7,5,23,0,3,3,0,0,3,0,67,2,0,9,0,0,60,0,0,0,0,3,4,0,2,0,1,8,0,13,2,207,1,0,39,0,149,0,1,6,1,0,7,0,0,0,3,346,0,0,0,0,0,0,3,0,2,0,5,5,0,3,1,0,0,2,1,1,1,4,2,12,0,0,0,0,1,0,5,0,0,3,0,0,0,29,1,0,0,0,2,0,0,2,0,0,0,10,89,54,90,0,5,0,0,13,6051,0,8,0,1,0,1,5,0,2,0,0,5,28,0,1,1,0,2,0,6,5327,3,90,1,7,0,8,6,3,4,5,9,1,114,0,21,1,4,0,5,5,0,4,0,0,8,0,1,34,3,4,0,0,39,113,34,7,36,4,1,3,0,16,0,19,2,0,30,1,5,5,0,0,0,8,231,4,1,0,0,1,50,0,0,0,1,1,0,0,2,8,0,0,0,0,0,0,2,7,8,0,0,0,29,0,10,2,0,0,0,7,1,11,4,0,0,0,2,1,0,4,4,0,0,0,0,3,0,0,0,2,0,0,0,3,1,8,28,1,11,0,0,1,13
2021,"Sutton 011","E02000850",10842,2041,23,0,0,1,0,10,100,6,173,1,15,714,6,5,6,6,10,0,0,26,11,0,3,8,4,4,1,327,3,4,7,386,0,0,154,17,1,5,4,482,184,1,0,30,0,0,8,2,4,2,0,103,2,0,1,0,0,115,0,3,0,0,4,0,0,3,0,0,10,0,3,7,497,8,0,70,0,389,5,2,0,7,1,11,0,0,0,4,527,0,2,0,0,1,2,8,0,9,0,1,4,11,0,2,0,3,0,2,0,0,6,0,2,1,0,2,0,2,0,5,6,0,0,0,1,2,54,0,0,0,0,0,4,4,0,4,1,0,0,139,71,166,0,4,3,0,5,6931,0,5,0,1,0,0,12,0,1,0,1,4,23,2,0,1,0,4,0,0,6180,0,120,2,8,0,7,5,6,2,4,5,0,122,0,41,0,0,0,1,13,2,9,0,0,4,0,1,31,0,3,0,0,30,101,35,9,57,8,1,0,4,8,0,16,3,0,16,4,4,9,0,0,1,5,364,3,1,0,0,0,41,1,3,0,7,1,0,3,1,4,0,0,0,0,5,0,0,9,5,0,2,0,4,1,5,4,0,1,0,9,0,9,0,0,0,0,0,5,0,8,5,5,0,0,2,0,0,0,0,1,0,1,0,2,0,23,104,1,53,10,0,0,25
2021,"Sutton 012","E02000851",11579,2148,42,0,4,2,0,10,189,1,352,0,173,557,5,16,16,0,35,4,6,22,2,8,29,12,5,5,4,324,1,0,1,205,3,0,71,22,5,6,11,578,301,0,0,14,0,2,9,0,4,1,0,50,4,0,3,0,0,71,0,2,2,0,2,50,0,9,1,0,21,0,20,12,396,11,0,99,0,252,0,2,0,7,0,16,1,0,0,8,660,2,4,0,0,3,3,10,1,5,1,6,2,1,0,0,0,1,4,1,1,4,10,0,21,0,1,0,0,3,1,3,0,3,4,0,0,0,58,2,0,0,0,2,5,5,0,4,0,0,0,193,105,170,0,6,3,2,10,7256,0,52,0,0,0,2,11,2,2,2,5,32,225,0,1,4,0,16,3,7,5050,3,288,1,15,0,10,59,7,5,17,41,3,155,0,111,0,8,1,6,37,0,6,0,1,25,3,0,131,0,6,3,0,115,301,71,32,152,28,1,16,1,28,12,26,5,1,79,0,12,8,0,2,2,8,541,11,3,0,3,0,165,6,0,0,3,13,1,0,0,14,0,0,0,0,10,1,1,7,15,0,1,0,41,1,33,0,1,6,0,11,0,13,0,0,2,0,11,12,0,12,5,14,0,3,0,0,0,0,6,0,1,0,0,6,1,11,38,4,20,2,0,1,32
2021,"Sutton 013","E02000852",8152,1188,2,0,1,5,0,0,32,5,191,0,79,391,1,8,10,1,23,1,3,16,2,0,13,10,5,4,1,180,0,0,0,119,1,5,47,16,7,4,5,234,95,0,0,10,0,0,2,0,0,1,0,38,0,0,3,0,1,34,1,1,0,0,1,0,0,1,0,0,21,0,23,2,167,4,0,40,0,109,0,0,1,0,1,7,0,0,0,5,400,0,1,0,4,0,0,5,2,5,0,0,1,0,2,2,6,1,2,0,0,0,4,0,3,0,0,0,1,4,0,1,0,3,3,0,0,0,25,5,0,0,0,0,1,1,0,2,0,0,0,140,70,95,0,0,0,0,11,5946,0,13,1,0,0,4,18,2,0,0,1,7,80,0,0,2,0,3,2,0,4814,2,159,1,25,0,10,19,2,4,5,20,1,133,0,44,3,1,0,4,10,4,4,0,0,13,6,1,48,2,8,3,0,64,153,38,27,67,17,2,4,0,19,0,17,1,0,27,1,5,14,0,4,0,7,217,2,1,0,0,0,37,0,3,0,4,0,0,0,0,1,0,0,0,0,1,1,0,5,13,0,4,0,14,4,3,1,1,0,0,15,0,15,0,0,0,0,1,8,0,16,5,0,0,0,0,0,0,0,2,0,0,2,0,0,0,5,21,3,10,1,0,0,18
2021,"Sutton 014","E02000853",8165,1424,3,0,0,0,0,7,70,2,281,3,47,460,8,4,11,1,16,1,7,9,1,0,20,9,2,0,4,212,0,0,3,144,3,1,74,6,0,3,12,219,101,0,0,12,0,0,3,1,1,0,0,28,4,0,0,0,0,35,0,0,1,0,0,1,0,1,0,0,4,0,11,16,147,7,0,35,0,96,0,0,0,2,0,5,1,0,0,1,409,0,0,1,2,1,2,5,0,0,0,2,1,7,0,2,3,1,2,0,3,3,8,0,11,0,2,0,0,6,0,0,1,0,2,0,1,0,33,2,0,1,1,1,3,1,1,0,0,0,4,119,53,104,0,3,3,1,13,5680,2,27,5,0,0,5,19,2,1,0,2,14,91,4,0,0,0,5,0,6,4520,3,154,2,12,0,10,10,6,1,7,16,3,129,0,17,0,12,0,2,13,1,4,1,0,9,0,3,67,4,1,1,0,73,194,52,18,39,10,0,4,2,29,2,18,0,0,27,3,6,7,0,1,0,4,286,0,1,0,1,0,27,0,3,1,3,0,0,1,1,6,0,0,0,0,1,2,0,8,8,0,1,0,10,14,21,2,3,5,5,10,0,20,0,0,0,3,8,6,1,7,3,1,0,0,1,2,2,0,4,0,0,6,0,9,0,11,42,1,7,4,0,0,14
2021,"Sutton 015","E02000854",7617,734,5,0,0,1,0,1,5,1,147,4,17,295,2,8,10,0,8,0,0,19,0,2,8,12,1,0,1,70,0,0,3,50,1,0,31,9,5,9,9,144,68,2,0,10,0,0,5,0,0,1,0,17,1,1,0,0,0,27,0,1,0,0,1,0,0,0,0,0,1,0,9,0,131,7,0,20,0,92,0,0,0,2,0,5,0,0,0,5,375,0,0,0,5,0,3,2,2,7,0,0,0,1,2,0,0,0,3,0,0,1,7,0,3,1,1,0,1,1,2,0,3,0,2,0,0,0,30,0,0,0,0,2,5,5,0,2,1,0,7,124,44,78,5,2,3,0,20,6136,0,6,0,1,1,2,19,0,0,0,0,8,30,0,0,0,4,3,3,5,5302,1,125,3,10,0,8,9,5,0,13,5,0,179,1,40,4,0,0,0,7,1,12,0,0,10,1,2,40,0,5,0,0,29,88,21,7,36,13,1,5,1,13,7,17,6,1,3,2,6,5,0,3,1,6,97,0,0,0,0,0,26,0,0,1,0,0,2,0,0,0,0,0,0,0,0,0,0,5,1,0,0,0,7,2,9,1,1,1,0,2,0,5,0,0,0,4,1,2,1,4,2,0,0,0,0,0,0,0,0,0,0,0,0,1,0,0,6,1,5,0,0,0,7
2021,"Sutton 016","E02000855",8201,1269,12,0,5,0,0,2,62,2,169,0,26,428,1,2,8,1,21,0,1,14,4,2,20,13,2,0,7,222,0,0,1,156,1,0,62,6,3,12,4,81,40,0,0,0,0,0,0,0,0,0,0,23,0,0,0,0,0,9,0,0,0,0,1,0,0,1,0,0,1,0,6,0,74,0,0,16,0,47,0,4,0,3,0,3,0,1,0,0,357,0,1,0,0,0,0,7,1,0,0,2,5,3,0,1,8,2,1,0,0,1,8,0,6,0,4,1,0,5,0,3,0,0,1,0,1,0,18,1,0,1,1,2,1,0,0,0,0,0,2,122,32,83,4,4,4,1,20,6202,0,9,0,1,0,0,26,1,0,1,0,9,23,0,4,0,0,2,5,1,5546,1,91,0,16,3,11,16,8,0,3,11,2,147,0,33,1,1,0,1,8,2,7,1,0,11,0,2,14,0,2,0,0,46,33,8,6,11,10,0,1,1,21,0,12,3,0,13,1,4,5,2,0,2,3,218,9,0,1,1,0,41,0,1,1,2,0,1,2,1,4,0,0,0,0,1,0,3,5,0,0,8,0,12,0,16,0,0,3,5,6,0,8,1,0,0,0,6,0,1,5,2,2,0,0,0,0,0,0,2,0,0,0,0,3,1,19,26,0,4,0,0,0,15
2021,"Sutton 017","E02000856",9329,1915,16,0,3,6,0,7,97,1,195,1,25,753,0,1,9,5,16,1,3,23,4,8,14,11,1,0,3,286,1,1,0,238,1,0,125,17,0,34,9,374,137,0,0,17,2,0,2,2,1,0,1,65,0,0,2,0,0,88,0,3,0,1,2,27,0,0,0,0,12,0,10,2,282,3,2,41,0,204,2,2,2,9,1,2,0,0,2,12,537,3,0,0,1,0,1,4,1,5,1,1,7,6,0,0,0,6,6,0,3,0,4,0,8,1,0,0,1,6,0,0,2,0,5,0,0,0,24,4,0,0,1,0,0,4,3,2,5,0,2,168,54,180,2,3,0,1,12,5976,1,13,0,0,0,3,8,0,0,3,0,5,51,0,0,0,1,2,2,1,5102,1,135,2,12,0,9,6,5,4,9,8,0,137,0,34,1,1,6,2,22,4,5,0,0,11,0,1,40,0,7,0,0,36,111,25,8,37,12,0,2,2,12,1,19,0,1,27,0,7,8,0,7,1,6,245,0,2,1,0,0,23,0,2,0,1,3,0,1,5,8,0,0,1,0,0,1,0,5,0,1,1,0,20,0,19,0,0,0,0,19,0,9,0,0,2,0,4,5,0,1,0,2,1,0,3,0,0,0,2,6,0,0,0,5,0,11,61,0,9,3,0,0,8
2021,"Sutton 018","E02000857",8997,1895,21,0,0,0,0,3,57,2,181,2,59,784,2,25,22,0,47,1,6,23,4,4,17,6,6,0,3,362,2,0,0,178,1,2,44,18,0,8,5,377,153,0,0,18,0,2,4,0,0,3,0,49,7,0,4,0,0,74,0,1,0,0,0,8,3,11,0,0,16,0,16,8,200,2,0,68,0,114,2,3,0,0,0,7,2,0,0,2,461,2,3,0,2,0,2,4,0,8,0,8,6,0,2,2,2,0,3,0,0,2,4,0,10,0,7,2,0,3,0,0,4,0,0,2,0,0,41,5,0,0,2,1,6,0,2,1,0,0,3,138,61,100,0,0,1,0,22,5715,1,45,0,1,0,2,13,2,1,0,0,18,103,0,0,4,2,13,1,5,4133,5,220,2,19,0,13,46,5,6,13,33,8,127,0,67,3,2,0,2,29,5,1,2,0,12,5,1,65,0,8,0,0,105,157,64,27,123,13,3,8,0,36,5,34,1,1,55,1,15,13,2,0,2,7,349,8,3,2,5,2,87,2,0,1,0,6,3,0,1,5,0,0,0,0,0,0,1,11,5,0,1,0,29,5,26,2,3,5,0,7,0,13,0,0,0,2,4,1,0,4,5,5,6,0,0,5,0,0,3,0,0,0,0,0,0,18,26,0,6,0,0,0,31
2021,"Sutton 019","E02000858",8560,1525,41,0,1,2,0,10,137,3,65,0,23,515,0,5,4,3,3,9,2,18,2,2,32,15,2,8,0,223,0,0,0,212,1,0,152,13,7,9,6,587,263,1,1,32,0,0,34,2,4,3,1,89,0,0,0,0,0,85,0,1,0,0,4,22,0,3,4,0,25,1,5,7,415,16,2,106,0,251,2,4,0,6,0,13,0,0,0,15,480,3,0,0,1,1,0,17,3,1,0,1,0,4,2,0,0,0,4,0,2,0,3,0,7,0,0,0,0,0,0,1,2,0,0,0,0,1,42,3,0,1,1,0,2,1,0,1,0,0,0,85,80,189,0,1,4,2,15,5223,1,9,0,0,0,0,12,1,0,0,0,5,24,1,0,2,0,1,1,0,4624,1,66,2,5,0,0,14,7,7,4,3,2,84,0,31,2,1,0,3,17,0,3,1,1,0,0,1,24,1,0,0,0,43,83,26,15,20,9,1,3,0,15,0,9,1,0,29,0,3,3,0,1,0,1,330,6,2,1,0,0,42,0,0,0,1,1,0,0,5,0,0,0,0,0,1,0,1,4,3,0,3,0,19,5,11,0,0,2,0,32,0,12,2,0,1,0,2,2,0,2,3,5,0,0,1,4,0,0,0,7,0,3,0,3,3,22,63,0,43,0,0,0,13
2021,"Sutton 020","E02000859",8482,1281,27,0,0,3,1,8,75,0,142,0,26,493,4,8,1,1,20,0,3,15,1,5,6,3,2,0,0,159,0,0,0,152,0,1,98,9,3,7,8,282,144,0,0,5,0,0,1,0,0,4,0,52,0,0,2,0,0,47,0,0,0,0,10,2,0,1,0,0,7,0,2,5,216,8,1,38,0,144,2,2,5,3,1,10,0,0,0,2,369,1,1,0,1,2,0,3,1,5,1,6,1,5,1,0,3,1,2,0,0,2,7,0,5,0,3,0,0,1,0,0,0,0,1,0,3,0,25,0,3,0,0,0,1,0,3,0,2,0,4,122,38,96,1,3,0,0,15,6105,1,3,0,0,0,0,11,1,0,0,0,13,25,1,0,0,0,2,2,3,5477,0,96,0,8,0,10,9,1,1,3,7,3,131,0,37,0,1,0,7,10,0,6,3,0,5,0,1,17,0,2,0,0,36,83,10,6,6,16,0,3,0,22,6,4,3,0,9,2,0,1,0,0,0,1,229,2,0,0,0,0,16,0,1,1,0,5,0,0,6,4,0,0,0,0,0,0,3,2,4,0,3,0,15,0,17,0,1,0,0,28,0,7,0,0,1,0,3,2,6,10,2,3,1,1,1,1,0,0,1,0,0,0,0,0,1,11,48,0,10,1,0,0,11
2021,"Sutton 021","E02000860",8787,1722,31,0,1,0,4,10,88,1,192,0,48,638,1,31,13,1,36,6,6,26,0,1,7,1,9,7,5,343,1,0,1,160,1,0,29,10,3,4,7,394,175,0,1,13,0,2,8,0,0,4,0,62,3,0,0,0,1,51,0,0,0,0,2,11,0,2,0,1,37,0,9,12,217,5,0,54,0,135,0,2,1,5,0,7,0,0,1,7,427,0,5,0,0,2,1,4,0,3,0,2,2,4,0,0,0,0,0,3,2,0,6,0,8,0,2,0,0,2,0,2,3,0,8,0,0,1,38,2,0,0,0,0,1,1,0,0,0,0,3,137,50,117,0,4,1,0,13,5617,1,57,4,0,0,4,19,0,1,2,0,17,124,0,1,0,4,6,3,4,4020,0,220,2,12,0,16,34,2,6,8,32,1,133,0,44,5,1,0,14,35,0,0,0,0,11,8,1,90,4,10,2,0,128,149,68,41,90,16,1,6,1,28,5,38,2,3,54,3,8,7,0,0,1,10,410,0,1,0,3,0,108,1,0,0,2,9,1,1,4,3,0,0,0,0,2,0,2,12,5,0,0,0,28,0,57,0,2,1,0,6,0,14,0,4,0,3,5,7,5,7,5,3,3,1,0,4,0,0,3,4,0,0,0,4,1,10,28,0,23,5,0,0,23
2021,"Sutton 022","E02000861",7782,1446,4,4,9,1,0,0,53,3,174,3,14,753,1,8,15,0,12,0,5,14,4,3,0,18,4,1,2,193,0,0,0,97,0,0,36,3,7,2,3,152,61,0,0,8,0,0,0,0,0,0,1,28,2,0,0,0,0,30,0,2,0,0,0,5,0,0,4,0,8,0,3,0,127,7,0,23,0,92,0,0,1,2,0,1,0,0,0,1,322,1,2,0,2,4,2,4,0,0,0,3,9,1,0,0,11,3,3,0,0,0,4,0,8,0,1,3,0,1,0,4,0,1,0,0,0,0,10,0,0,0,0,0,0,0,0,0,0,0,1,122,22,80,3,5,2,0,10,5567,0,4,0,0,3,0,4,0,0,1,2,8,9,0,2,1,1,2,2,5,4944,4,88,6,14,0,13,12,11,2,1,2,4,139,0,39,3,1,2,1,14,3,7,3,1,8,0,1,16,3,2,0,0,26,41,9,6,15,15,1,0,0,24,0,8,3,3,11,0,1,6,1,1,0,8,168,0,5,0,0,0,35,0,0,0,0,0,0,1,0,1,2,0,0,0,0,1,0,5,0,0,1,0,8,8,28,1,4,3,0,2,0,8,0,0,0,0,0,0,0,1,0,2,0,0,0,0,0,0,0,3,0,0,0,1,0,1,24,0,8,2,0,0,13
2021,"Sutton 024","E02000863",6742,1408,5,4,6,2,0,7,22,2,141,1,12,677,0,1,12,0,9,0,2,22,4,0,21,5,8,0,5,223,2,6,2,119,0,4,65,6,0,3,10,259,82,1,0,16,0,2,4,1,2,3,0,42,1,0,0,4,0,80,0,0,0,0,0,0,0,0,0,0,16,0,5,0,210,3,0,50,1,136,0,1,0,9,0,8,0,0,0,2,284,1,3,0,1,0,0,6,0,2,0,2,1,4,0,2,0,1,0,1,0,0,4,0,3,0,0,0,0,5,0,0,0,0,0,2,0,0,27,0,0,0,0,2,0,1,0,0,0,2,2,82,32,79,3,1,0,1,14,4409,2,5,0,0,0,0,7,0,0,0,0,1,24,0,0,0,0,3,0,1,3948,0,65,0,8,0,4,7,12,10,2,7,7,97,0,14,0,1,0,2,8,4,7,0,0,8,0,2,23,2,3,0,0,11,38,14,2,15,13,0,0,2,7,0,6,0,0,4,2,3,7,0,0,0,1,172,0,1,0,1,0,32,0,0,0,0,0,0,1,3,7,0,0,3,0,2,0,0,10,3,0,6,0,2,7,14,3,4,0,0,0,0,5,0,0,0,0,0,1,0,2,1,0,0,0,0,0,0,0,0,9,0,0,0,2,0,11,18,0,1,10,5,3,5
2021,"Tower Hamlets 001","E02000864",11256,3508,1,0,0,0,0,0,2953,1,128,0,27,209,1,2,10,2,6,1,3,3,3,2,3,6,7,1,1,72,0,0,0,7,2,1,2,10,5,32,7,595,168,1,0,17,1,1,15,0,17,16,6,31,5,0,0,0,0,62,0,0,2,0,6,130,87,1,0,9,6,1,8,5,481,14,0,66,1,349,0,0,0,4,0,9,1,0,31,6,707,1,2,0,1,7,4,4,0,8,0,3,3,1,0,0,4,5,8,3,2,3,9,0,13,1,3,1,2,0,0,1,1,2,5,1,0,0,55,5,0,3,1,0,11,6,1,1,3,0,3,161,95,208,3,6,1,1,45,5629,0,4,2,0,2,1,72,4,1,6,0,8,20,0,1,6,0,3,6,23,4085,1,274,12,61,0,34,20,10,2,13,16,2,201,0,180,10,0,0,8,26,5,7,1,0,37,0,2,26,0,10,0,0,77,66,19,46,19,16,3,6,5,22,5,72,14,9,22,5,8,6,0,2,0,5,336,0,0,7,0,6,68,1,0,9,0,2,0,2,1,0,0,0,0,0,1,0,0,10,3,0,4,0,49,0,6,5,0,20,0,1,1,3,2,6,0,4,7,2,1,3,3,1,0,1,0,0,0,0,0,0,0,9,21,7,1,1,8,0,18,17,0,0,25
2021,"Tower Hamlets 002","E02000865",7961,3238,3,0,0,0,1,4,2901,1,58,1,45,109,1,1,13,0,11,0,6,1,6,3,0,3,1,0,3,38,0,0,0,5,0,3,1,8,0,8,3,400,100,1,0,20,3,1,11,0,8,6,0,27,0,0,0,0,1,38,2,2,6,2,3,98,60,0,1,0,0,0,2,8,220,6,0,15,1,171,1,0,1,4,0,7,0,0,6,8,383,0,1,0,1,0,2,3,0,4,0,1,2,1,0,0,0,0,4,0,3,1,12,1,8,0,3,0,0,0,0,3,0,0,3,0,0,1,25,1,1,0,0,0,1,0,0,5,0,0,1,119,50,114,0,0,0,0,12,3308,0,5,1,2,0,0,77,2,1,3,1,5,14,0,1,2,0,2,3,8,2326,0,165,1,49,1,31,21,4,0,17,6,0,113,1,67,12,2,0,0,8,1,9,2,0,33,0,2,20,1,7,5,0,43,37,19,40,17,14,1,2,0,7,5,41,7,1,27,0,2,2,0,0,0,12,412,10,3,0,5,12,70,1,2,1,1,1,2,2,1,8,0,0,0,0,1,0,1,11,1,1,2,0,38,2,16,0,1,7,0,14,0,9,0,12,0,0,24,0,1,9,3,1,3,1,2,0,0,0,0,3,0,7,0,4,10,0,0,0,41,9,3,0,56
2021,"Tower Hamlets 003","E02000866",10644,3045,3,0,0,0,0,4,2542,0,149,0,21,185,4,2,11,0,6,0,2,8,3,1,2,1,3,0,3,39,3,7,2,7,1,0,1,15,0,16,4,322,94,4,1,12,0,0,8,1,7,15,1,18,2,0,3,2,0,38,0,0,4,0,1,52,41,1,1,1,6,0,2,7,237,2,1,28,3,179,1,0,0,6,0,6,1,0,3,7,628,0,1,0,0,1,1,1,1,6,0,3,2,0,0,1,0,0,8,0,3,2,24,0,70,7,0,0,5,0,2,2,3,0,3,1,2,0,44,1,0,1,0,0,2,1,2,3,0,0,10,174,57,138,3,10,1,1,31,6070,0,2,0,0,2,0,103,5,1,8,1,6,19,1,1,12,3,3,10,8,4575,2,263,7,68,4,51,16,9,7,20,20,0,208,0,94,25,0,0,3,35,4,15,2,0,40,0,4,28,0,13,0,0,39,27,26,55,28,18,2,1,0,15,0,71,51,4,11,3,2,7,0,2,0,10,342,0,0,0,0,0,127,0,0,3,0,1,0,1,0,7,0,0,0,0,0,3,2,12,1,3,7,0,27,0,6,0,3,13,0,4,0,3,0,4,3,0,10,1,0,0,11,1,0,3,0,4,0,0,0,9,0,5,6,1,1,0,0,0,29,15,0,0,16
2021,"Tower Hamlets 004","E02000867",11326,3277,2,1,0,0,0,0,2550,0,204,2,34,253,5,1,17,5,7,0,2,9,6,5,5,2,4,0,6,90,0,0,0,8,2,3,8,7,1,33,5,571,160,0,0,15,4,0,15,0,7,6,0,28,4,0,0,0,1,65,0,0,0,0,2,145,95,0,1,0,4,1,8,10,343,7,1,52,1,258,2,0,0,4,1,6,1,0,5,5,722,2,4,0,1,4,2,5,2,4,1,2,8,4,1,0,5,1,5,0,0,1,7,3,16,1,4,1,2,1,0,4,4,4,6,0,4,1,67,5,0,1,2,0,2,4,0,2,4,0,6,191,104,189,2,9,1,0,23,5998,4,14,0,1,2,0,61,2,1,4,1,15,29,2,2,10,2,6,5,18,4040,1,442,6,71,1,28,48,11,11,32,21,1,187,1,236,11,4,0,3,28,2,6,1,1,44,0,4,47,2,12,1,0,101,94,34,60,47,24,0,9,1,12,1,76,12,6,16,2,5,2,2,1,0,11,415,5,6,2,0,3,131,1,0,11,0,0,0,1,0,3,1,0,0,0,0,0,2,15,6,1,8,1,56,2,12,5,1,14,0,3,0,1,3,0,1,0,6,4,0,6,5,2,0,0,0,0,0,0,0,3,0,10,15,10,1,0,0,0,24,10,0,0,24
2021,"Tower Hamlets 005","E02000868",7206,2624,7,0,0,0,0,1,2328,0,92,3,14,79,4,1,11,0,7,0,3,2,7,4,4,2,4,0,2,31,0,0,0,2,0,2,0,1,0,9,4,267,63,1,0,3,0,0,10,0,9,2,3,25,1,0,0,0,1,41,1,0,0,0,1,51,39,0,6,1,2,0,4,3,144,2,0,19,0,106,0,1,0,4,1,3,0,0,3,5,404,2,2,1,0,1,0,2,0,1,0,4,1,0,2,1,0,0,7,0,0,3,5,0,15,1,2,0,0,0,1,3,2,0,2,0,1,3,29,5,0,3,0,0,1,0,2,3,0,3,14,121,51,78,2,5,1,1,23,3478,0,9,0,0,0,1,75,0,2,3,0,7,14,2,0,3,2,9,6,21,2065,0,272,7,74,2,42,26,4,1,28,8,0,149,1,152,23,1,0,4,22,3,8,4,0,51,4,3,26,0,8,0,0,60,47,24,42,22,11,0,6,3,12,0,51,17,4,20,4,2,5,0,2,0,4,289,3,0,0,0,0,86,0,0,17,0,2,0,0,0,0,2,0,0,0,0,1,2,4,0,2,2,0,30,1,8,1,2,11,0,4,1,1,0,5,1,0,8,7,1,7,2,2,0,0,1,0,0,0,0,0,0,2,7,1,1,0,1,0,30,8,0,0,25
2021,"Tower Hamlets 006","E02000869",5932,1953,3,0,2,0,0,8,1637,1,81,0,9,78,2,2,11,0,8,0,4,4,0,5,0,1,5,0,2,39,0,0,0,4,2,0,0,13,5,23,4,312,82,6,2,6,0,1,2,0,8,9,0,16,3,0,0,0,0,46,0,5,0,0,2,83,24,1,0,0,10,0,3,3,134,10,0,25,0,89,2,0,0,0,4,1,0,0,0,3,322,1,3,0,1,1,1,3,0,0,0,2,1,0,1,0,4,1,1,0,0,0,6,0,7,1,2,2,2,0,1,1,0,1,2,0,2,1,28,3,1,1,3,1,0,0,0,0,0,0,5,80,46,93,1,1,0,0,11,2988,0,3,0,3,0,1,43,4,1,6,0,6,9,2,0,1,1,6,22,10,1945,1,193,3,57,0,36,17,9,1,21,5,2,106,0,87,14,0,0,3,9,1,14,0,0,37,0,16,48,1,13,2,0,37,26,16,30,6,9,4,1,0,16,0,24,12,8,10,4,18,0,0,1,1,6,223,0,7,0,0,0,45,2,0,3,0,0,0,0,0,1,1,0,0,0,3,0,1,2,1,0,0,0,28,0,10,0,1,12,0,5,0,0,0,4,0,0,9,0,0,5,6,1,0,0,0,0,0,0,0,4,0,21,0,4,1,0,3,0,16,6,1,0,20
2021,"Tower Hamlets 007","E02000870",6364,2478,10,0,0,0,0,3,2168,0,82,0,11,99,1,1,5,0,8,0,3,1,0,0,5,3,3,1,6,38,0,0,0,4,1,0,0,4,0,15,6,318,89,0,0,9,0,0,1,0,16,2,11,9,2,0,0,0,0,19,1,2,1,0,1,85,60,0,2,1,4,0,1,2,140,0,0,41,1,76,0,0,0,1,0,3,0,0,7,11,268,0,1,0,0,0,2,1,0,4,1,0,2,1,0,0,8,0,4,0,0,0,2,0,4,4,1,0,0,0,1,5,1,0,3,1,2,0,11,1,0,0,0,0,1,2,1,0,1,0,3,73,47,65,0,1,0,1,13,2961,0,3,7,0,1,0,34,4,0,3,1,2,3,0,1,3,4,2,7,11,2076,2,159,2,43,0,22,11,4,4,21,20,0,85,0,94,4,0,0,1,18,2,7,0,0,19,0,1,16,0,5,5,0,40,42,14,31,22,3,1,1,0,5,0,56,8,8,7,3,3,3,1,0,1,5,199,2,1,0,0,0,34,0,0,5,0,1,0,0,0,0,0,0,0,0,2,0,0,8,3,5,3,0,30,1,4,3,1,10,0,10,1,1,0,3,1,0,4,2,0,2,0,1,0,0,0,0,0,0,0,2,0,6,4,1,3,0,0,1,14,5,4,0,21
2021,"Tower Hamlets 008","E02000871",11505,6084,18,0,0,0,0,5,5149,0,298,0,54,278,0,5,8,2,12,2,3,4,2,3,8,4,3,2,2,141,0,1,0,13,1,5,0,4,1,54,2,765,250,3,0,41,2,0,4,2,8,12,1,51,6,0,0,0,1,104,0,2,3,0,4,140,100,5,1,0,9,0,11,5,494,9,0,68,1,352,1,0,0,8,2,27,0,0,7,19,594,0,3,0,0,1,0,6,0,6,0,4,7,5,1,0,7,0,1,1,1,0,12,1,12,3,0,0,1,4,0,5,0,6,0,0,2,0,51,4,0,0,0,0,2,8,0,4,3,0,9,142,113,141,0,3,0,1,24,3143,4,9,6,0,1,2,15,1,1,2,1,10,32,1,0,3,1,4,5,4,1839,2,197,3,32,1,16,43,9,4,13,25,0,93,0,150,3,9,0,0,34,4,7,0,0,16,0,3,67,0,2,3,0,81,59,37,81,54,21,4,6,3,4,10,43,10,3,24,17,5,1,0,1,0,2,425,0,5,1,5,8,112,0,0,22,0,2,0,1,0,4,3,0,2,0,0,0,0,9,8,0,1,0,63,1,30,3,1,3,0,10,2,7,0,8,0,0,6,0,1,3,4,1,0,0,0,4,0,0,5,7,0,0,0,3,1,0,1,0,27,11,1,0,39
2021,"Tower Hamlets 009","E02000872",8129,3562,3,0,1,0,0,3,3096,0,121,2,9,148,2,0,16,0,13,0,3,6,2,1,3,5,4,0,2,62,0,0,0,9,3,3,0,9,0,30,6,330,107,1,0,15,4,0,4,2,7,12,0,15,0,0,0,0,2,25,0,0,4,0,2,87,21,1,0,0,11,1,4,5,158,6,0,30,0,111,1,0,0,4,0,4,0,0,0,2,427,0,2,0,0,2,2,6,1,0,1,0,2,3,0,0,9,0,4,2,0,1,5,0,18,0,2,0,0,3,0,1,0,1,1,0,0,0,43,6,0,4,0,0,4,3,0,4,1,0,6,147,48,71,2,4,0,1,17,3351,1,5,0,0,2,0,51,2,0,7,0,12,13,0,1,4,0,3,10,14,1869,1,243,5,111,1,51,31,4,0,14,16,1,118,2,137,14,1,7,14,10,1,29,2,0,53,0,6,25,3,11,14,0,89,41,20,70,17,18,5,4,5,13,2,84,14,7,23,3,3,0,1,2,0,11,301,0,4,0,1,1,103,7,1,17,0,1,1,0,0,1,4,0,1,0,0,0,0,8,4,5,1,0,34,0,7,1,5,9,0,4,1,2,0,0,0,0,7,6,2,6,1,0,0,0,0,0,0,0,1,0,0,2,0,0,0,0,0,0,19,4,0,4,26
2021,"Tower Hamlets 010","E02000873",9850,4428,8,1,0,1,0,3,3460,1,305,1,35,289,6,8,27,0,8,0,12,4,4,7,10,7,4,2,1,122,0,0,2,25,3,4,15,15,4,31,3,769,125,1,0,3,5,2,146,0,56,5,4,19,8,0,3,1,0,76,0,0,4,0,2,153,127,4,0,1,3,0,8,13,249,13,1,46,1,116,1,3,0,4,3,21,0,0,28,12,450,3,2,1,0,1,1,5,1,1,0,2,3,2,1,3,1,0,3,0,0,3,5,0,16,3,3,0,0,2,3,0,0,2,4,0,0,0,27,0,0,3,1,0,5,0,1,0,1,1,11,140,67,103,2,4,0,0,13,3620,0,5,0,0,0,0,44,14,0,11,1,9,16,1,4,6,8,8,3,6,2204,1,258,8,74,0,39,53,6,1,22,17,2,84,0,149,4,0,0,3,17,4,8,0,1,34,0,6,42,6,11,3,0,63,57,26,87,43,15,2,2,0,9,3,55,12,1,25,5,9,2,0,1,0,10,334,0,2,0,1,0,104,0,0,2,0,1,1,1,0,3,0,0,0,0,3,0,0,10,0,0,4,0,31,0,11,5,0,5,0,15,0,1,0,13,0,0,24,4,0,3,3,3,2,1,0,0,0,0,1,1,0,9,9,7,1,0,7,0,25,4,0,0,17
2021,"Tower Hamlets 011","E02000874",7484,4182,8,0,0,0,0,2,3561,0,257,1,19,159,0,3,3,0,8,0,6,1,0,7,2,4,3,1,1,73,0,6,0,6,11,3,0,7,3,24,3,338,85,1,0,10,0,0,1,0,9,5,0,55,1,0,1,0,6,37,0,35,0,0,0,57,26,1,1,0,4,1,1,1,189,3,0,41,1,101,0,1,0,23,0,8,1,0,2,8,281,1,2,0,0,0,0,1,1,1,1,2,2,0,0,1,0,0,0,3,0,2,4,4,5,3,0,1,2,1,0,0,0,3,1,0,0,1,29,7,0,0,0,0,0,2,0,0,1,1,3,94,34,54,0,4,0,0,10,2251,0,10,0,4,2,1,32,0,0,2,1,14,7,0,0,2,0,5,3,2,1385,0,119,1,44,1,18,34,10,0,11,14,0,82,1,71,6,3,1,3,1,3,2,0,2,29,1,2,16,0,7,2,0,40,44,8,77,27,13,4,4,3,0,0,44,6,1,10,9,3,1,0,0,0,3,243,0,2,2,0,1,63,1,1,17,0,1,0,2,0,4,4,0,3,0,2,0,4,4,0,2,0,0,21,3,5,3,0,7,0,8,0,0,0,2,0,0,20,3,1,0,3,0,0,0,0,0,0,0,0,0,0,9,1,1,2,0,0,0,19,11,2,0,9
2021,"Tower Hamlets 012","E02000875",13575,6763,13,0,3,0,0,3,5813,0,323,1,38,239,6,3,12,0,12,4,3,3,5,14,6,11,9,0,7,100,0,1,0,21,4,1,5,13,1,87,2,949,280,0,4,15,2,0,19,7,22,12,1,66,6,2,0,3,2,95,0,0,0,3,9,178,185,1,5,0,7,0,8,17,486,12,3,95,0,327,3,0,0,8,0,9,0,0,6,23,600,0,0,1,2,1,0,9,2,9,1,0,3,4,0,0,2,1,0,3,0,0,22,1,28,1,2,0,0,0,1,2,0,5,2,3,1,0,61,5,2,1,4,1,5,0,0,0,0,0,2,145,72,163,1,6,2,1,23,4323,0,15,2,5,2,5,58,5,1,7,0,8,19,2,3,6,4,10,3,8,2645,7,222,2,60,0,36,58,8,19,24,26,0,123,0,179,14,5,1,5,32,2,5,3,0,20,2,1,56,1,2,3,0,105,78,67,93,49,31,1,8,0,5,9,74,8,1,18,27,12,7,0,1,1,4,454,0,4,1,2,0,124,2,1,30,1,3,0,0,1,4,1,0,1,0,5,0,4,7,1,3,0,0,51,3,6,1,0,10,2,10,1,5,0,9,2,0,27,1,1,2,1,7,0,0,0,0,0,0,0,0,0,16,12,5,0,1,0,1,23,19,9,0,34
2021,"Tower Hamlets 013","E02000876",7269,3858,18,0,0,0,0,2,3341,0,196,1,18,122,1,2,7,2,8,0,4,2,3,1,1,7,3,0,3,87,0,0,0,3,2,2,2,3,1,14,2,226,60,0,0,3,1,1,3,2,3,4,2,17,4,0,1,0,0,35,0,0,0,0,0,56,24,1,2,0,1,0,3,3,158,4,0,19,0,97,1,0,0,27,0,0,0,0,3,7,352,1,2,0,0,7,1,5,0,28,0,1,0,1,0,0,0,1,1,4,0,0,3,0,14,0,4,1,0,0,0,1,1,1,0,0,0,0,33,5,0,0,0,0,3,0,1,0,0,0,6,94,43,72,0,1,0,3,14,2402,0,3,1,0,3,1,40,5,1,4,1,1,12,2,0,3,0,2,4,9,1315,5,164,2,52,4,30,31,1,0,40,7,0,105,1,112,15,0,1,3,16,2,5,0,0,21,0,0,21,0,7,0,0,52,37,30,62,26,17,1,3,3,5,6,71,7,5,10,0,6,2,0,0,0,7,273,1,0,0,0,0,71,0,2,15,0,1,1,0,0,1,2,0,0,0,2,0,1,5,1,0,0,0,52,3,5,8,2,2,3,4,0,5,1,5,0,0,9,6,0,1,5,0,1,0,3,0,0,0,0,1,0,2,0,2,7,0,0,1,19,2,0,0,21
2021,"Tower Hamlets 014","E02000877",13806,6622,6,2,0,0,0,5,5750,0,260,0,55,211,0,3,12,0,21,1,9,3,4,6,8,10,11,0,5,129,0,0,0,25,4,2,0,13,0,55,12,786,183,0,31,17,0,1,14,0,37,13,1,33,4,0,0,0,1,70,0,0,0,0,10,150,204,0,0,0,4,0,6,7,441,9,0,60,0,329,0,0,0,2,0,13,0,0,11,17,744,1,6,3,0,1,1,17,3,6,3,4,6,7,1,0,4,1,4,0,1,1,6,1,18,5,2,0,3,1,2,1,0,6,2,4,0,0,63,1,0,0,0,0,4,1,0,1,1,3,9,192,139,178,2,1,1,0,27,4677,0,8,3,1,0,2,65,4,1,9,0,24,32,0,0,6,4,10,2,11,2831,5,316,7,59,0,55,106,6,3,27,22,0,113,0,157,7,6,5,6,27,2,6,0,3,20,0,4,66,3,7,2,0,85,86,48,93,52,38,0,8,0,7,3,115,13,4,51,0,6,4,0,2,0,9,536,8,4,2,0,1,131,0,2,29,0,4,0,1,1,2,2,0,4,0,2,0,4,8,5,0,1,0,72,3,8,3,0,7,0,26,2,5,4,2,0,0,8,10,3,6,5,2,0,1,0,0,0,0,2,0,0,24,16,10,8,0,3,0,26,8,7,0,54
2021,"Tower Hamlets 015","E02000878",10438,5055,10,2,0,0,0,11,3955,0,372,1,29,346,4,3,34,0,32,1,9,0,2,5,4,11,7,0,6,132,0,0,0,26,8,8,2,16,0,17,2,341,124,2,0,6,0,0,1,0,3,12,0,19,5,0,1,0,2,21,0,0,2,0,0,69,53,2,0,0,2,0,6,11,140,1,1,32,4,73,1,0,0,0,0,10,0,0,8,10,432,3,0,0,0,4,0,0,0,1,0,2,1,1,0,0,1,0,3,0,0,2,9,2,28,0,6,0,0,0,1,2,0,3,2,0,0,0,39,4,1,3,0,0,1,0,0,3,1,1,16,157,50,64,0,5,2,0,14,4089,0,15,1,1,5,1,109,11,3,13,0,17,25,0,1,8,6,5,13,16,1811,3,343,6,166,0,111,56,20,6,40,16,0,122,2,189,26,5,0,2,20,3,8,0,1,107,1,13,58,1,19,0,0,115,55,24,87,84,51,6,5,4,14,6,95,18,15,72,0,14,2,1,2,0,14,381,0,1,0,3,3,121,0,0,30,0,2,2,3,0,2,0,0,0,0,1,0,0,8,1,0,3,0,62,7,14,1,1,17,1,9,0,1,0,4,0,0,6,2,1,0,8,0,0,1,0,0,0,1,1,0,0,3,1,5,6,0,0,1,13,1,0,0,34
2021,"Tower Hamlets 016","E02000879",8341,4428,35,1,0,0,0,0,3910,1,130,0,46,120,1,4,6,0,3,0,7,1,1,6,0,2,1,2,4,98,4,0,0,9,4,2,0,12,4,13,1,292,72,0,2,7,0,3,4,0,6,4,0,24,3,0,0,0,0,25,0,0,3,0,3,94,36,1,0,1,1,1,1,1,159,6,0,22,0,100,0,3,0,6,1,1,0,0,14,6,332,0,4,0,0,1,0,0,0,3,0,0,2,2,0,1,0,0,0,1,0,0,4,0,13,0,0,0,0,0,0,0,0,0,0,2,0,2,35,1,0,1,0,0,3,0,0,1,0,0,4,89,70,79,1,0,0,0,13,2752,1,4,0,1,0,0,29,0,0,0,0,12,16,0,1,0,0,2,4,10,1773,2,157,3,29,0,34,25,5,5,30,9,0,88,0,115,7,0,0,2,13,4,3,0,0,16,0,1,23,2,2,0,0,31,35,20,90,38,18,0,3,1,3,1,50,6,4,11,5,4,3,0,0,0,1,378,1,2,0,0,5,85,0,3,4,3,2,2,2,0,0,2,0,0,0,4,0,2,6,3,0,4,0,51,0,2,6,0,4,0,12,0,0,0,6,0,0,4,1,0,9,2,0,0,0,1,2,0,0,0,0,0,99,8,4,3,0,2,0,6,6,6,0,14
2021,"Tower Hamlets 017","E02000880",6509,3666,0,0,1,0,0,0,3215,0,96,0,57,138,1,4,9,5,6,0,6,1,0,1,5,5,4,1,2,86,0,0,0,8,1,3,0,3,0,6,2,329,100,4,2,4,0,0,3,0,11,4,1,8,3,0,0,0,2,27,0,0,2,2,10,82,42,2,3,0,4,1,3,9,98,1,0,18,0,62,0,0,0,1,0,1,0,0,0,15,262,0,0,0,0,2,2,4,0,2,0,3,1,0,0,1,0,0,1,0,2,1,3,0,11,2,0,1,1,2,0,0,3,2,0,0,0,1,11,0,0,1,0,0,5,2,1,0,0,0,3,77,35,68,0,5,2,0,7,1879,1,5,0,0,1,3,8,1,0,1,0,6,10,5,0,2,0,4,1,4,1101,4,151,6,45,0,32,16,2,3,14,6,0,63,0,60,5,0,0,2,10,4,5,0,0,17,0,4,14,0,2,0,0,38,31,18,33,31,12,0,5,3,2,2,46,8,2,20,0,3,0,0,0,0,7,275,0,3,0,0,0,103,0,0,16,0,0,4,1,0,0,0,0,0,0,2,0,0,6,3,0,3,0,21,0,6,4,1,5,0,1,1,2,1,5,0,0,5,4,3,5,2,1,0,0,0,1,0,0,0,0,0,26,0,0,0,0,1,0,20,6,0,0,13
2021,"Tower Hamlets 018","E02000881",10836,5179,4,0,2,0,4,5,4152,0,301,4,77,300,1,3,8,0,7,0,6,0,7,1,5,8,8,0,1,145,0,1,0,15,5,7,3,5,2,89,3,935,226,8,0,26,0,0,12,5,4,11,0,93,6,2,0,0,0,106,1,0,4,2,3,194,176,4,4,3,10,0,9,26,375,4,0,65,4,253,1,0,0,10,4,7,0,0,5,22,567,2,1,2,0,3,0,11,0,3,4,9,3,3,0,1,0,0,0,1,0,1,3,0,21,1,2,0,0,0,1,3,0,1,4,2,0,4,31,3,0,3,0,0,6,5,1,0,1,0,2,129,84,201,0,1,0,0,14,3349,0,10,1,1,2,2,17,1,0,8,0,14,52,0,0,1,2,8,2,5,1887,1,202,2,34,0,34,60,2,1,14,24,0,91,0,148,4,1,0,8,28,0,1,0,2,26,1,5,63,0,7,0,0,114,95,35,117,59,26,4,8,2,9,1,56,9,0,25,0,8,0,2,3,1,3,431,2,5,0,1,6,118,1,0,24,0,0,2,0,1,3,1,0,1,0,2,0,6,8,6,3,5,0,41,0,14,1,0,3,0,18,0,3,0,5,0,0,14,5,2,1,11,1,1,0,3,2,0,0,0,7,0,19,9,3,4,0,0,2,19,5,0,3,40
2021,"Tower Hamlets 019","E02000882",11515,6721,3,0,2,0,2,0,6131,0,153,1,40,157,4,0,11,0,7,0,7,0,7,6,4,7,3,3,0,113,0,3,0,7,2,4,2,6,2,29,5,627,148,1,0,20,1,1,8,1,1,13,0,26,4,0,0,1,2,94,1,1,7,3,1,168,94,9,1,0,3,0,7,11,258,5,0,60,0,153,1,0,0,4,3,17,3,0,5,7,511,3,1,1,0,3,2,2,2,4,0,2,2,0,1,0,1,0,1,3,0,0,8,0,15,2,3,0,0,1,0,3,1,3,3,2,1,2,33,2,0,3,0,2,4,2,0,6,0,0,5,146,105,117,0,0,0,0,14,3164,3,7,1,4,3,0,27,0,6,4,1,11,15,1,0,4,0,3,3,5,2039,3,203,6,36,0,23,32,7,1,10,9,0,85,2,89,7,5,0,9,25,0,2,0,0,15,0,1,49,2,9,1,0,56,63,28,70,65,16,4,1,0,11,4,35,12,2,7,1,3,9,0,1,0,8,234,1,1,1,1,2,71,0,0,26,1,0,0,0,0,5,1,0,0,0,3,2,0,2,2,0,0,0,17,1,4,2,0,5,0,11,0,3,0,5,0,0,6,0,1,4,6,2,0,1,0,2,2,0,0,5,0,7,2,4,1,0,0,0,7,0,0,0,17
2021,"Tower Hamlets 020","E02000883",9291,4855,10,1,0,0,0,2,4104,1,189,2,40,209,2,6,6,0,8,0,1,2,1,4,1,6,2,0,7,167,0,0,0,7,1,3,0,4,1,63,5,729,178,2,1,6,2,0,7,2,5,9,3,23,7,0,0,2,1,65,3,0,0,0,6,307,74,1,3,0,6,0,0,16,283,2,0,53,0,166,0,17,1,6,0,21,0,0,4,13,340,1,0,0,0,3,0,7,0,2,0,1,3,2,0,0,2,1,1,0,0,2,3,1,9,1,1,1,1,0,0,4,2,4,2,0,0,0,16,4,0,0,0,0,2,0,0,0,0,0,5,54,79,109,0,2,0,0,15,2814,0,5,6,1,2,3,7,0,0,1,0,13,29,0,0,4,1,5,0,1,1820,3,131,3,11,2,45,14,4,0,13,13,1,53,2,131,1,1,0,8,30,3,1,0,0,12,0,0,48,1,1,2,0,43,69,51,37,66,29,5,4,0,3,0,27,7,3,22,1,7,3,0,0,0,5,270,2,4,0,0,0,70,0,2,10,0,6,0,0,0,2,0,0,0,0,0,0,2,4,2,0,0,0,57,3,9,0,0,1,0,0,4,1,0,0,0,0,8,1,2,0,1,0,1,0,1,1,0,0,1,0,0,5,4,5,3,0,0,0,18,4,1,0,35
2021,"Tower Hamlets 021","E02000884",12766,6562,13,0,0,0,1,4,4639,0,804,0,56,523,19,4,40,5,44,0,15,5,6,3,7,10,10,5,4,220,0,0,0,25,9,11,3,22,0,47,8,451,149,3,0,1,1,0,2,0,7,1,0,21,7,0,0,0,2,57,0,0,3,0,4,119,52,8,1,0,1,0,6,6,115,3,0,28,1,61,0,0,0,1,1,3,0,0,8,9,588,2,3,0,0,3,0,3,0,5,0,1,0,4,0,0,1,2,3,3,1,1,7,0,36,4,0,0,0,1,0,0,0,3,1,0,2,3,50,6,0,0,0,0,0,0,0,0,0,1,16,213,81,103,0,6,2,0,21,4489,0,5,4,2,4,5,51,13,7,12,0,18,22,1,1,5,9,6,7,20,1887,7,369,6,294,3,114,116,41,2,32,26,1,128,10,259,13,3,3,5,40,2,5,1,2,62,4,10,46,3,8,2,0,135,105,42,130,76,57,1,9,2,10,5,105,17,33,30,3,15,4,1,1,0,12,561,5,1,1,0,1,216,1,0,29,0,7,0,1,2,8,2,0,5,0,1,0,0,5,3,1,4,0,60,8,18,3,0,11,0,11,0,2,2,1,2,0,18,9,1,6,4,3,3,1,0,1,1,0,0,1,0,7,11,4,1,1,9,0,20,10,2,0,37
2021,"Tower Hamlets 022","E02000885",7051,4266,11,0,0,0,0,1,3860,0,66,2,24,132,1,2,4,0,6,0,4,1,1,9,0,8,5,0,4,87,0,0,0,2,0,5,0,12,2,13,4,298,123,0,0,2,0,0,8,1,8,1,0,18,5,0,0,2,0,19,0,0,1,0,2,67,27,0,0,0,2,0,2,10,165,2,0,37,0,104,1,0,1,3,0,7,0,0,2,8,275,0,0,0,0,0,0,2,0,2,0,3,0,0,1,0,0,1,1,0,0,3,4,0,12,2,0,0,0,0,0,0,0,0,1,1,0,1,22,0,0,1,1,0,0,0,0,0,1,0,3,65,54,74,1,1,3,0,15,1799,1,11,0,0,0,0,5,1,0,0,0,5,10,1,2,0,0,5,0,2,1067,0,111,5,30,1,25,11,5,3,4,13,0,56,2,79,3,3,5,8,22,5,0,0,1,24,0,2,27,1,4,4,0,33,37,16,49,16,9,1,1,0,6,2,44,3,1,7,2,2,2,0,0,0,4,248,0,9,0,0,3,70,1,0,10,0,4,0,1,1,1,0,0,1,1,0,1,3,8,3,0,0,0,23,0,1,5,0,24,0,0,0,1,0,3,0,0,12,5,0,0,3,3,1,1,0,0,0,0,2,1,0,7,0,2,4,0,0,1,5,7,0,0,20
2021,"Tower Hamlets 023","E02000886",9585,3860,13,0,1,0,0,0,3005,0,251,0,29,308,1,1,10,1,8,0,5,5,4,1,2,6,7,1,4,93,0,0,0,14,9,7,1,9,5,52,7,456,209,0,1,10,2,1,7,3,5,15,0,23,9,0,0,0,0,45,0,1,4,0,2,80,19,2,2,0,7,0,1,8,193,4,1,33,1,118,3,1,0,4,0,11,0,0,0,17,465,2,4,0,0,0,1,4,0,2,0,3,2,2,0,1,2,0,0,0,0,1,6,0,11,2,2,0,3,1,0,1,3,0,3,0,0,1,26,1,1,0,0,0,1,1,1,3,0,0,4,132,62,151,1,4,0,1,19,4238,2,9,0,1,2,6,36,4,2,6,0,46,18,2,2,1,5,5,3,17,2310,5,319,2,57,5,32,93,2,5,34,21,0,91,1,316,7,4,0,13,35,1,3,0,3,41,2,1,48,0,7,0,0,102,145,29,72,67,47,3,12,1,12,1,52,9,2,20,5,20,6,0,1,0,7,373,9,4,0,1,2,101,0,0,15,0,7,0,1,0,3,0,0,0,0,3,0,1,6,4,0,0,0,41,1,6,5,0,6,0,13,1,3,2,5,0,0,15,0,3,14,5,1,0,0,0,0,0,0,0,5,0,8,8,4,5,0,0,0,24,4,0,1,36
2021,"Tower Hamlets 024","E02000887",10805,5530,12,0,0,0,0,1,4705,0,232,1,36,243,6,1,5,0,10,2,3,2,7,4,5,5,7,4,1,160,0,0,0,9,4,7,2,3,0,48,5,604,174,0,0,13,2,6,16,4,6,16,1,28,4,0,0,0,3,98,0,0,7,0,2,127,63,3,7,0,7,0,5,12,281,8,0,51,1,190,0,0,2,4,2,5,0,0,8,10,481,1,1,3,0,4,0,7,1,6,4,3,2,2,0,0,0,0,3,0,2,3,5,0,16,0,0,1,0,1,0,3,1,3,0,1,0,0,40,1,0,0,0,1,5,1,0,1,0,0,3,132,79,118,0,3,1,0,23,3534,2,11,0,0,3,1,16,2,0,8,3,10,40,0,1,8,0,1,0,12,2011,2,246,4,66,1,36,61,6,5,23,34,1,71,1,138,7,0,0,5,43,4,5,0,1,26,1,0,61,1,4,0,0,68,77,40,97,61,34,0,13,0,7,6,58,8,18,25,1,26,2,1,7,1,2,375,9,7,0,1,1,104,1,0,32,1,1,0,1,0,5,0,0,0,0,1,0,0,5,7,1,0,0,33,6,12,6,1,5,0,1,0,5,1,5,0,5,11,5,0,7,5,1,0,0,0,0,0,0,4,0,0,10,3,6,3,0,0,0,23,7,4,1,28
2021,"Tower Hamlets 025","E02000888",8616,4155,2,0,0,0,0,1,3338,0,227,1,28,339,5,1,11,1,7,1,5,1,2,5,0,3,7,0,3,90,0,0,1,16,3,1,0,6,3,34,13,381,152,0,0,4,1,1,14,2,12,2,0,15,2,0,0,0,2,52,0,0,8,0,1,73,24,5,0,1,0,0,1,9,165,5,0,30,2,103,2,0,0,4,0,11,1,1,3,3,369,0,0,0,0,1,3,14,0,6,0,0,0,1,1,1,2,0,0,2,4,0,6,0,13,2,0,0,1,1,0,1,0,2,0,0,2,1,22,5,0,1,0,2,1,2,0,3,0,0,6,115,47,70,3,4,0,0,24,3132,1,9,0,0,1,3,39,6,0,2,2,10,46,0,0,2,3,7,3,7,1727,2,228,6,73,1,30,85,7,3,13,10,0,104,0,167,8,5,0,5,22,1,2,2,1,29,0,4,44,0,3,2,0,59,60,24,54,48,28,4,14,1,12,6,41,4,5,18,1,12,2,0,0,0,14,414,0,1,0,0,3,148,0,0,44,0,8,0,0,1,0,5,0,3,0,4,1,0,15,6,4,1,0,57,2,11,8,2,1,0,6,1,0,1,0,0,0,1,8,1,3,4,2,0,1,0,2,0,0,0,0,0,2,1,2,2,0,0,0,21,1,1,1,28
2021,"Tower Hamlets 026","E02000889",8961,3637,3,2,1,0,0,2,2657,0,300,0,35,343,6,1,48,0,28,1,3,4,3,2,3,10,10,0,9,79,1,0,1,19,7,8,1,10,2,30,8,242,90,1,1,9,0,0,10,0,4,1,0,13,2,0,0,0,2,33,1,0,5,0,2,31,12,3,12,0,2,0,2,6,124,4,0,25,4,71,1,2,0,3,3,3,0,0,0,8,459,0,0,0,0,4,1,2,0,2,0,4,1,4,1,0,3,0,3,3,0,0,5,0,17,2,0,0,0,1,6,1,0,1,4,0,1,0,39,19,0,0,0,2,2,0,0,1,2,0,4,154,69,79,1,3,1,0,17,4106,1,11,0,0,0,5,52,5,0,9,1,20,38,0,0,4,2,6,11,17,2188,5,315,9,119,0,64,46,12,2,18,13,1,130,2,201,14,0,1,12,39,3,2,0,0,63,1,10,72,0,6,0,0,114,88,19,69,47,52,6,8,2,13,1,75,12,8,33,3,17,4,1,0,0,4,393,4,1,0,1,0,149,2,0,15,0,0,1,0,0,3,7,0,0,0,3,0,1,26,3,1,1,0,51,2,9,0,4,6,0,7,0,1,3,4,0,0,3,7,3,3,7,0,0,0,0,0,0,0,4,4,0,4,5,5,0,0,0,0,18,9,0,0,16
2021,"Tower Hamlets 027","E02000890",5822,1265,1,0,1,0,1,1,756,0,141,0,9,240,1,0,13,0,5,0,3,4,1,1,1,1,5,0,2,36,0,0,1,9,8,1,4,7,0,9,3,64,28,0,0,3,0,0,1,0,0,1,0,3,0,0,0,0,0,9,0,0,1,0,1,5,6,1,1,0,1,0,0,3,51,0,0,4,0,45,0,0,0,0,0,2,0,0,0,0,305,2,0,4,0,2,0,2,1,1,0,2,1,5,2,2,4,1,1,1,0,0,3,0,14,0,1,1,0,0,1,0,0,0,0,0,1,0,29,4,0,0,0,0,3,0,1,0,0,0,3,105,37,51,0,8,1,0,11,3955,0,1,0,0,4,0,65,4,0,7,0,8,10,3,2,3,2,0,11,13,2460,1,272,1,106,0,70,59,6,4,19,15,0,124,3,148,13,1,0,5,22,3,3,0,0,51,0,2,44,1,13,0,0,65,47,17,24,43,51,3,7,7,14,1,39,10,4,18,2,11,2,2,3,1,5,182,0,0,0,0,0,49,0,0,8,0,0,0,0,0,3,0,0,1,0,1,1,1,4,0,1,0,0,25,0,11,1,0,4,0,3,3,5,0,0,0,0,0,0,0,22,5,4,0,0,0,0,0,0,1,0,0,2,2,0,1,0,0,0,5,5,0,1,13
2021,"Tower Hamlets 030","E02000893",7406,2509,1,0,0,0,0,2,1593,0,302,0,48,336,3,7,11,1,19,2,8,2,5,1,0,7,5,2,2,66,0,1,1,12,2,1,0,18,1,47,3,279,111,0,0,7,0,0,3,0,4,4,1,10,3,0,0,0,1,43,0,0,0,1,0,40,28,2,0,0,4,2,9,6,172,4,0,42,0,111,1,0,0,2,0,5,1,0,0,6,398,0,4,0,0,1,2,2,0,4,0,3,1,0,3,0,8,2,0,2,0,2,8,0,17,0,0,0,0,1,1,0,0,2,3,0,1,0,34,4,1,3,0,0,8,1,0,0,2,0,7,105,57,90,0,11,0,2,6,3727,1,14,0,3,2,1,18,3,4,4,0,17,74,1,0,3,1,7,10,5,2265,2,236,2,35,0,28,55,6,5,24,17,0,61,0,101,3,10,0,4,74,4,3,0,0,18,0,3,93,0,9,2,0,80,104,32,36,59,51,4,3,0,13,0,37,6,1,39,5,18,0,1,3,0,7,321,0,0,0,0,1,53,0,0,6,0,5,1,0,0,8,0,0,0,0,1,3,0,1,2,0,3,0,26,0,17,0,1,4,0,16,21,2,0,3,0,0,18,2,0,5,8,2,0,0,0,1,0,0,1,1,0,9,11,8,1,0,0,1,28,8,9,0,34
2021,"Tower Hamlets 031","E02000894",11006,3979,12,0,1,0,0,8,2081,0,557,0,57,833,5,2,20,0,43,0,6,10,1,3,4,17,4,8,8,129,0,2,1,23,6,2,0,50,0,73,13,379,122,2,0,4,0,0,8,0,2,4,1,14,1,0,3,1,1,65,0,0,2,2,2,70,58,4,0,1,1,0,7,4,193,9,2,23,1,136,7,0,0,6,0,3,0,0,1,5,629,0,2,0,0,2,1,3,0,5,0,3,1,6,2,2,6,1,1,2,2,2,14,1,32,4,2,0,0,3,0,0,2,3,1,0,2,3,52,2,0,4,0,0,2,9,2,6,0,0,10,179,75,135,0,3,0,3,39,5367,1,15,1,0,2,7,42,4,4,4,0,21,57,1,3,12,2,19,8,13,2777,1,380,10,80,0,48,117,6,3,44,122,2,123,3,185,8,0,4,17,48,2,6,3,2,54,4,3,156,0,15,3,0,138,118,54,80,97,116,3,19,2,25,3,119,12,7,53,4,51,11,1,5,0,7,459,5,7,0,4,11,146,3,0,8,1,5,3,0,1,7,1,0,0,0,0,2,9,5,0,3,3,1,72,3,13,5,1,7,0,4,2,2,4,1,0,0,4,1,1,5,9,1,0,0,0,0,0,0,0,0,0,2,0,5,2,0,2,0,38,4,2,1,43
2021,"Waltham Forest 001","E02000895",8378,859,34,1,1,0,0,5,107,0,59,3,11,133,0,10,10,13,1,8,7,15,2,0,0,7,4,0,1,330,0,0,1,44,0,0,18,2,15,10,7,466,163,2,0,33,1,0,23,1,0,5,0,61,0,0,0,0,0,79,0,0,0,1,0,80,2,0,0,0,6,1,1,7,509,2,4,73,1,381,2,0,3,11,6,10,3,0,5,8,532,2,1,0,1,0,2,9,3,15,2,1,2,0,0,0,1,1,0,1,7,1,12,7,9,1,0,0,1,6,0,5,7,0,2,0,0,0,32,6,7,0,0,0,2,3,1,7,7,0,2,90,81,167,1,2,0,2,23,5512,0,31,0,0,0,1,7,0,0,1,0,3,54,0,0,0,4,9,1,1,4500,0,129,1,9,0,4,20,40,5,4,6,0,156,0,18,7,6,12,10,9,0,5,1,3,7,1,1,64,0,3,3,0,49,55,6,7,81,6,0,4,0,6,0,5,4,0,95,39,2,6,1,1,0,9,500,0,4,0,7,6,48,0,1,0,1,2,1,1,4,1,0,0,12,0,0,0,2,28,0,5,28,0,6,1,6,6,0,1,0,83,0,16,1,1,5,0,1,5,0,7,4,1,1,2,0,1,0,0,5,4,0,3,0,7,0,4,9,0,75,75,1,0,18
2021,"Waltham Forest 002","E02000896",9333,691,14,16,18,0,0,0,68,0,46,0,13,165,1,5,5,1,2,1,4,28,6,3,2,2,1,5,7,221,1,1,0,14,1,0,10,5,9,10,6,284,134,0,0,7,0,0,5,4,2,1,0,37,0,0,0,0,1,54,0,0,2,0,2,22,0,1,1,1,7,0,2,1,333,2,2,62,0,244,0,0,0,4,1,11,1,0,4,2,540,2,4,0,0,0,0,6,2,6,2,1,2,2,0,0,3,0,0,0,0,5,12,5,10,3,0,1,1,7,0,0,6,0,0,1,0,0,26,2,0,0,0,0,0,0,0,2,5,1,5,169,60,175,0,3,0,1,10,7135,0,55,0,0,0,2,8,1,0,1,0,10,57,3,0,0,3,5,4,2,5866,1,192,5,22,1,14,25,45,3,8,13,0,221,0,41,3,10,0,0,28,3,7,1,0,12,5,1,63,0,4,5,0,62,72,15,16,63,4,1,3,0,24,7,12,5,3,66,15,2,7,1,3,0,4,350,0,4,1,3,0,22,0,2,0,4,0,1,0,1,5,0,0,3,2,0,0,2,13,2,5,43,2,17,0,8,2,0,4,0,21,0,9,0,0,3,0,12,4,11,3,3,1,2,4,0,1,0,1,3,8,0,6,0,1,0,0,0,0,48,39,6,0,18
2021,"Waltham Forest 003","E02000897",8563,823,16,0,3,0,0,0,107,2,44,0,20,171,0,6,3,0,0,1,0,9,4,0,1,6,0,0,1,322,0,0,0,61,0,0,12,6,12,10,6,436,147,1,0,19,0,0,7,2,7,3,0,42,4,0,0,1,0,96,0,0,0,0,2,47,21,0,0,3,22,3,1,8,627,8,0,90,0,491,3,1,0,8,5,13,1,0,0,7,538,1,3,0,1,0,0,11,0,3,2,2,0,5,0,0,3,0,6,1,2,0,17,7,10,1,1,1,2,3,0,0,7,3,5,0,0,2,41,3,0,0,1,0,2,1,0,0,6,0,4,88,65,210,3,1,0,1,13,5714,3,40,0,0,0,0,6,3,0,0,0,1,47,0,0,0,8,4,1,2,4627,3,145,2,10,0,11,11,17,1,8,4,0,149,0,20,8,5,11,9,12,0,7,0,7,6,0,1,83,0,1,4,0,55,93,16,24,95,8,3,4,0,19,3,4,0,0,69,25,5,8,1,3,0,2,425,1,3,0,5,1,25,1,0,0,0,0,9,2,1,1,0,0,3,0,0,1,3,22,2,0,11,1,16,0,6,0,0,3,0,26,2,18,0,0,3,0,12,5,8,7,4,9,2,0,0,0,4,0,3,0,0,7,0,2,1,5,13,0,78,71,3,1,24
2021,"Waltham Forest 004","E02000898",8018,879,6,0,0,1,0,2,113,0,58,2,19,190,1,1,2,0,8,3,0,11,2,4,1,7,0,0,0,336,0,2,0,53,0,0,24,0,9,16,8,312,114,0,0,15,0,0,7,1,9,6,3,63,3,0,1,1,0,47,0,0,1,0,3,10,1,1,0,0,8,1,9,8,607,7,0,83,1,488,3,0,0,9,1,9,1,0,1,4,537,3,0,0,0,0,3,12,2,3,0,1,4,6,2,1,0,0,2,1,1,2,12,1,2,1,0,0,1,0,0,6,1,0,4,0,0,4,45,1,0,1,2,0,1,2,0,3,2,0,3,92,85,199,1,0,0,0,25,5273,0,18,1,0,0,0,7,0,1,0,0,1,65,0,0,1,8,1,0,2,4272,0,124,0,8,0,5,8,40,4,1,9,0,138,0,29,10,5,20,7,31,4,4,0,0,5,1,1,41,1,3,0,0,43,72,6,10,107,2,0,11,0,14,0,11,2,1,70,34,5,3,0,0,1,5,410,3,2,0,5,0,34,0,1,0,0,3,3,3,5,0,0,0,4,0,0,1,1,22,7,5,32,1,16,0,12,3,0,5,0,41,1,7,0,1,3,4,6,0,2,7,10,1,1,1,0,0,1,0,0,8,0,0,0,0,0,3,0,0,81,40,7,0,17
2021,"Waltham Forest 005","E02000899",8802,1230,57,1,0,1,0,1,146,0,86,1,13,255,0,12,0,12,1,0,4,34,1,2,1,9,5,0,1,465,0,0,1,43,0,4,6,2,33,30,3,415,179,4,0,14,0,0,12,0,3,1,3,70,2,0,1,5,4,71,0,0,0,0,7,14,0,0,0,2,2,0,5,16,717,7,2,136,0,536,10,1,4,10,0,5,1,0,2,3,500,2,0,0,0,1,0,10,2,7,0,0,3,12,0,0,1,0,4,1,4,0,11,1,4,2,1,0,0,0,3,3,1,2,3,2,0,0,42,1,0,0,0,0,0,4,0,4,7,2,0,117,52,167,0,3,1,1,19,5301,1,40,2,0,0,2,3,0,3,0,0,6,140,1,0,1,13,10,2,5,3725,3,152,2,6,0,10,25,86,0,7,2,1,116,0,32,4,20,15,15,26,0,3,0,2,4,3,1,129,0,3,17,0,113,100,13,9,218,9,3,2,1,9,4,13,1,0,121,35,6,0,0,0,0,6,639,9,7,0,2,2,47,0,4,0,2,0,3,2,5,5,0,0,3,0,0,0,1,29,0,8,39,0,12,1,8,3,0,3,0,45,0,26,1,2,8,0,6,0,4,0,2,4,0,3,1,2,5,0,6,8,1,0,0,5,2,7,11,1,163,96,1,2,32
2021,"Waltham Forest 006","E02000900",8972,1533,56,2,3,1,0,9,138,0,73,0,35,254,5,19,2,11,0,1,1,20,4,7,0,1,5,0,1,706,0,0,1,105,0,4,14,1,17,25,12,735,277,7,0,29,0,3,16,2,15,7,0,139,2,0,7,1,6,98,5,4,4,0,1,61,20,3,0,0,6,0,14,8,937,7,0,177,0,688,4,5,1,17,3,13,1,0,10,11,634,0,0,0,1,2,3,13,1,3,0,4,5,3,2,3,0,0,4,0,2,3,16,2,4,2,0,1,0,1,0,10,2,0,1,1,0,1,44,8,0,0,1,0,3,0,2,4,2,0,3,108,103,243,0,0,2,2,19,4348,0,54,2,1,0,1,9,0,0,0,0,3,149,0,1,0,8,3,0,0,2924,1,188,0,2,0,3,11,64,3,7,24,0,85,0,24,3,17,9,11,19,0,4,0,5,3,0,0,90,0,2,7,0,75,86,1,30,212,9,0,7,0,5,2,10,2,0,137,25,4,1,0,2,0,3,785,4,11,7,8,4,96,0,2,0,4,0,4,1,2,5,1,0,3,0,6,0,2,20,3,3,51,0,17,2,3,5,0,6,0,69,1,23,0,5,16,0,10,7,6,2,2,10,7,0,0,2,0,0,12,0,0,5,0,4,0,1,14,0,188,102,5,1,23
2021,"Waltham Forest 007","E02000901",10473,1024,21,8,2,0,0,0,66,0,74,1,16,245,0,1,5,1,3,0,3,17,4,4,7,7,3,0,4,459,0,4,0,29,1,1,10,7,0,17,4,491,288,5,0,8,0,0,12,0,4,9,0,47,1,0,1,0,0,50,0,0,1,0,1,25,8,1,0,0,8,0,10,12,530,3,0,47,0,439,3,1,0,12,2,10,1,0,5,7,805,1,2,0,2,4,5,4,2,16,1,2,11,10,4,2,6,1,3,2,3,3,9,6,7,1,6,0,1,10,0,8,5,3,1,0,8,0,49,0,1,0,0,0,4,1,0,1,8,1,5,199,92,260,0,6,3,0,26,7258,0,19,10,0,2,5,28,1,0,1,6,7,45,3,1,0,5,3,2,3,5888,2,212,0,18,1,14,18,41,0,8,7,0,207,0,39,8,1,2,2,28,4,7,2,2,12,0,0,100,2,6,0,0,83,93,12,7,93,7,1,8,3,13,3,26,21,0,71,14,14,7,2,2,0,6,365,5,1,1,1,1,44,1,0,1,0,0,0,3,3,1,0,0,2,0,3,1,1,12,2,1,17,0,19,4,6,3,0,13,1,19,0,15,0,2,3,0,3,5,2,5,5,0,0,5,0,0,4,0,9,13,0,0,0,2,2,7,0,0,52,35,3,0,27
2021,"Waltham Forest 008","E02000902",9966,1921,59,0,1,1,1,9,198,2,78,0,63,272,0,8,4,21,2,2,1,29,8,7,0,15,5,0,3,912,0,4,1,79,0,0,55,9,28,31,13,639,237,1,5,30,1,3,23,8,3,7,1,123,6,0,3,3,1,77,0,2,0,0,2,72,1,0,0,0,6,3,11,10,1035,3,0,160,1,789,10,3,2,12,0,23,1,0,7,24,708,3,0,0,3,3,1,18,0,6,1,1,4,5,0,0,1,3,8,6,5,6,11,2,5,1,1,0,3,8,0,1,5,0,4,2,0,1,69,5,0,2,2,0,3,2,0,2,0,2,2,139,88,220,1,5,6,1,41,4949,0,24,2,3,0,2,14,1,0,3,0,6,108,0,0,0,12,1,0,7,3333,0,242,1,14,1,7,18,19,4,11,29,0,135,0,25,11,17,4,4,64,2,7,1,1,12,0,0,124,0,8,2,0,94,115,8,34,231,7,1,5,0,6,0,15,4,0,78,15,29,4,0,1,0,23,714,4,4,1,2,6,106,0,0,0,0,6,10,3,0,7,2,0,6,0,2,0,3,25,10,3,24,0,34,6,5,1,0,2,15,71,1,29,0,11,12,0,8,7,14,4,3,5,2,2,0,0,0,0,2,1,0,2,0,12,1,3,15,0,119,57,2,2,42
2021,"Waltham Forest 009","E02000903",10279,2165,52,4,0,3,0,5,168,0,64,1,84,210,0,5,5,18,3,13,5,26,5,1,1,11,9,0,11,1215,0,4,1,138,0,1,62,7,17,14,2,830,261,3,0,31,2,1,39,3,0,5,0,108,4,0,1,2,4,131,0,5,2,0,1,193,3,1,3,0,6,3,6,12,1031,12,1,147,0,804,6,4,1,8,2,26,2,0,8,10,746,2,3,0,0,1,2,16,3,3,1,6,6,5,1,0,1,2,3,3,0,5,12,2,8,0,0,2,2,12,3,7,0,0,1,0,5,2,42,0,2,0,1,0,2,7,2,11,4,0,4,117,153,236,1,3,0,2,40,4818,0,35,0,0,1,0,18,2,2,0,0,14,102,2,3,0,0,8,4,4,3083,0,275,2,14,1,12,13,14,23,7,18,1,139,0,40,6,19,9,17,50,1,10,4,7,14,0,3,115,0,5,5,0,93,153,28,35,217,23,1,13,1,5,5,29,5,1,75,4,0,16,0,0,0,12,689,15,6,0,1,5,104,0,1,1,0,3,9,1,3,0,3,0,0,0,7,1,4,22,18,0,9,0,34,2,3,0,0,7,10,49,1,31,0,3,2,0,23,1,5,1,5,7,1,6,0,0,0,0,22,5,12,8,0,3,0,6,32,2,108,41,0,9,37
2021,"Waltham Forest 010","E02000904",8420,1679,43,0,0,0,2,7,139,0,42,0,31,220,1,0,5,8,0,0,1,31,9,4,0,2,2,0,4,985,0,0,1,78,0,0,28,6,5,22,3,433,174,0,0,23,0,1,10,8,6,1,2,57,9,0,3,3,1,79,0,0,0,1,5,29,0,2,1,0,8,0,6,4,922,4,0,155,1,710,1,2,1,13,3,21,1,0,1,9,531,0,0,6,0,2,0,6,2,9,2,1,6,3,3,2,1,4,3,1,4,1,7,0,18,1,0,2,3,6,0,2,4,2,6,0,0,0,37,0,3,1,1,0,3,3,0,2,7,0,1,115,72,155,0,1,0,2,21,4405,2,15,5,3,0,1,22,0,2,1,0,3,112,0,0,0,0,5,1,1,2914,3,251,1,10,1,14,6,8,16,10,10,1,132,0,43,7,7,3,6,48,1,1,1,0,10,0,1,74,1,10,3,0,66,156,13,57,259,8,0,8,1,4,3,15,6,0,27,10,2,3,0,0,0,1,450,3,5,3,0,2,72,1,3,1,2,0,4,5,2,0,0,0,1,0,1,0,2,22,9,0,4,0,33,1,15,0,0,3,10,25,2,32,0,1,4,0,9,2,14,2,8,11,0,3,0,1,0,0,11,0,0,4,0,4,3,9,17,0,48,14,2,0,20
2021,"Waltham Forest 011","E02000905",10472,2121,36,2,0,0,0,8,91,0,78,1,26,194,2,4,8,9,4,0,4,24,4,1,1,3,2,1,1,1096,0,10,0,204,0,0,278,2,8,11,8,615,239,4,0,29,0,2,23,7,7,8,0,62,0,0,6,0,6,90,0,1,9,0,15,69,5,1,0,4,10,1,4,13,782,12,0,136,1,577,3,0,4,8,8,18,0,0,2,13,687,1,5,1,0,3,1,12,1,9,2,5,2,4,0,1,1,2,2,4,2,1,12,0,15,2,2,3,4,1,0,3,2,0,6,0,2,2,41,5,2,2,0,0,8,0,0,0,5,0,8,164,127,191,0,2,1,1,17,5753,0,35,5,0,0,0,24,2,1,2,0,3,99,0,0,3,2,6,5,2,3771,8,297,1,16,7,92,31,6,14,9,16,2,149,0,60,18,9,4,3,65,1,8,0,7,27,1,1,124,0,15,7,0,123,136,15,38,317,9,1,11,1,9,1,25,8,4,50,14,12,12,1,1,0,7,514,8,6,0,1,8,109,0,0,0,4,2,3,0,1,3,1,0,4,0,3,1,0,23,2,0,7,3,16,1,4,0,2,13,5,28,0,16,0,0,5,0,23,3,7,4,14,3,1,5,1,0,0,0,32,6,0,2,0,3,1,7,29,0,50,15,1,5,23
2021,"Waltham Forest 012","E02000906",9646,1982,77,3,7,0,0,5,167,3,103,0,51,225,1,5,13,24,4,1,3,19,10,4,0,6,4,0,0,1030,0,0,2,149,1,0,47,5,0,11,2,647,226,7,0,29,0,0,19,2,7,2,2,68,5,0,1,5,0,70,1,0,0,2,1,156,17,3,0,3,5,0,7,9,644,12,2,88,2,496,2,0,0,8,3,7,1,1,7,15,715,3,6,0,0,4,5,13,3,6,0,0,1,4,0,2,2,2,4,0,1,1,14,0,18,1,3,2,0,32,0,2,2,1,2,0,2,4,39,3,1,3,1,0,2,2,0,4,3,1,13,193,94,192,1,3,0,2,18,5044,0,17,4,4,2,2,31,1,2,0,0,17,102,0,2,1,5,8,3,5,3230,1,266,2,24,3,12,14,9,15,18,27,0,150,0,53,10,13,0,11,57,2,17,0,9,37,1,5,117,0,7,9,0,120,189,19,45,174,15,3,15,0,8,3,33,8,2,38,9,19,10,0,0,0,9,614,9,3,0,10,0,166,3,0,0,0,4,6,1,7,4,0,0,1,0,3,0,5,14,11,0,8,0,41,0,6,2,0,7,24,32,1,23,1,0,3,0,6,6,5,2,15,1,0,9,0,0,0,0,6,5,3,8,6,5,0,8,32,0,47,22,2,4,27
2021,"Waltham Forest 013","E02000907",10581,1802,86,0,5,0,0,11,165,4,77,0,46,222,4,9,4,6,4,7,1,21,6,20,5,4,2,0,0,845,0,1,0,132,1,6,43,12,17,32,4,1565,603,11,0,48,0,1,38,4,36,12,0,127,7,0,4,2,2,153,2,1,1,0,3,426,24,1,4,5,23,1,2,24,1080,18,0,195,2,794,5,2,0,30,0,26,2,0,3,3,736,6,3,0,0,3,0,15,5,10,0,2,5,6,4,5,1,2,1,5,1,0,42,0,11,1,0,2,0,4,0,4,0,0,19,0,1,0,49,3,0,0,0,2,2,0,2,0,4,0,10,110,156,201,2,7,1,1,28,4709,0,54,1,4,0,0,16,0,3,0,0,6,101,0,0,1,3,5,4,5,3062,1,210,1,15,2,16,17,5,5,12,32,1,135,0,48,3,17,6,12,48,0,8,0,2,22,1,3,121,0,5,11,0,100,196,24,40,177,9,2,8,1,6,0,17,7,0,58,14,4,10,0,0,0,12,689,12,18,3,10,3,128,0,0,0,3,2,1,1,4,8,0,0,4,0,1,3,4,16,8,1,3,2,36,0,27,2,0,6,1,22,0,20,0,2,3,0,40,0,7,7,3,16,0,7,0,0,0,0,17,0,1,10,0,13,1,16,5,1,117,15,6,9,44
2021,"Waltham Forest 014","E02000908",12898,2174,53,0,0,0,0,7,135,0,197,2,166,328,3,6,12,25,7,4,9,14,0,7,6,8,18,4,8,865,3,6,2,170,3,0,62,9,10,13,12,962,336,3,2,39,3,4,14,4,11,11,5,110,7,0,2,3,2,159,0,3,0,0,7,156,13,2,4,3,18,0,9,32,1019,9,0,188,0,746,8,5,0,12,1,29,1,0,7,13,919,4,28,1,1,1,0,12,0,13,0,5,8,5,4,1,7,3,3,1,4,7,13,4,21,1,4,0,3,5,0,3,3,0,2,1,0,1,70,5,1,5,1,3,6,2,0,4,3,2,9,191,154,250,6,8,0,0,30,7078,0,35,1,5,1,5,57,2,1,5,3,13,165,1,2,1,3,7,4,15,4188,3,381,4,64,1,26,62,13,10,18,120,0,263,2,130,13,5,3,18,82,3,7,1,5,41,0,4,201,2,18,11,0,155,292,41,81,242,22,6,22,4,19,3,43,9,2,66,6,19,9,3,3,0,6,746,13,6,1,4,5,177,2,2,0,4,2,14,0,8,6,1,0,2,4,8,1,4,22,24,2,8,0,82,4,17,1,0,8,5,20,0,20,2,1,7,0,24,5,11,5,17,1,0,5,2,0,0,0,13,0,1,13,2,3,9,8,13,0,61,17,2,0,47
2021,"Waltham Forest 015","E02000909",9261,1386,24,0,5,2,1,7,99,0,78,1,60,196,0,5,10,9,5,0,1,20,4,0,0,2,9,0,0,760,0,0,0,30,3,0,22,2,11,15,5,565,212,0,0,34,1,0,11,0,0,4,0,75,2,0,0,0,0,101,0,1,0,7,4,85,6,0,2,0,9,3,0,8,638,2,0,120,1,466,5,0,1,8,5,18,0,0,3,9,621,0,5,1,0,7,4,8,0,8,3,2,2,5,2,0,4,1,1,0,1,3,11,0,11,1,0,0,1,4,1,2,5,2,4,0,5,4,38,8,2,0,3,0,0,3,0,8,6,2,11,154,82,165,4,6,1,5,15,5621,0,48,2,1,2,0,44,2,1,2,0,6,88,1,0,1,2,10,5,3,4028,5,253,1,19,1,22,10,9,4,15,20,0,184,4,51,14,9,5,6,36,2,15,1,1,35,0,0,95,0,13,1,0,68,135,15,27,167,3,0,18,1,12,3,21,11,0,42,5,1,6,3,0,2,4,430,0,5,1,0,2,82,0,1,0,5,1,1,0,7,2,4,1,0,0,0,2,2,7,16,1,5,0,38,1,5,0,1,10,17,28,2,8,3,0,0,0,15,2,7,1,3,9,7,2,0,0,0,0,12,0,0,0,0,5,1,4,11,0,38,22,4,0,29
2021,"Waltham Forest 016","E02000910",11425,2810,48,2,6,0,0,11,111,5,90,0,73,418,1,1,7,23,2,0,38,38,4,11,0,8,7,0,7,1788,0,0,0,61,3,0,24,4,1,7,11,429,199,1,1,7,1,2,24,0,7,2,0,71,2,0,2,1,0,44,0,1,0,0,0,42,7,1,1,0,6,0,1,6,715,12,2,76,0,563,2,0,7,10,4,22,2,0,9,6,653,1,6,0,0,0,3,16,1,2,5,1,4,0,2,0,6,1,5,1,0,1,10,0,8,0,2,0,2,2,1,2,0,0,3,5,0,1,39,10,3,1,0,0,3,1,1,18,0,0,3,182,96,177,2,4,0,3,19,6260,1,43,6,1,2,6,130,5,0,1,0,3,178,0,3,2,2,31,4,8,3808,4,338,4,26,2,40,38,12,13,11,32,1,158,0,71,21,10,3,9,53,4,15,3,7,44,1,1,142,0,16,9,0,187,198,21,49,301,20,5,11,0,5,0,52,15,2,24,3,20,15,2,2,0,6,558,3,0,0,3,2,124,3,0,0,0,1,7,3,2,1,1,0,1,1,3,1,6,13,12,2,5,2,41,3,14,3,1,8,2,10,1,29,0,2,0,0,36,6,7,3,5,6,1,0,1,4,0,0,12,8,4,7,0,9,2,2,22,0,54,10,0,5,44
2021,"Waltham Forest 017","E02000911",12972,3003,135,0,10,1,1,10,134,2,168,1,66,388,7,4,19,21,7,7,4,49,5,10,5,9,9,2,2,1782,0,0,4,57,1,0,37,4,2,31,9,710,258,4,0,20,0,1,20,0,6,3,15,82,5,0,1,0,0,93,0,0,0,0,1,161,9,0,0,3,6,0,4,18,862,11,2,178,0,601,5,0,13,11,4,24,4,0,1,8,809,5,9,2,0,2,0,14,3,8,0,7,7,2,4,3,3,2,3,1,1,1,16,5,28,6,4,2,0,6,0,5,1,0,2,0,1,0,52,10,3,1,2,2,7,1,0,5,2,0,7,210,104,197,2,6,0,5,40,6765,1,44,10,6,3,2,47,0,0,1,1,15,213,0,1,5,3,11,4,6,3813,1,359,4,34,2,43,38,13,13,18,41,1,204,1,116,12,11,4,5,67,5,10,0,9,29,1,8,199,4,12,3,0,179,260,47,188,420,11,0,21,2,7,8,46,15,0,69,10,16,7,0,2,0,4,823,11,11,3,14,11,162,0,10,0,6,6,13,2,4,3,0,0,1,0,2,2,9,10,5,6,7,4,96,0,8,0,0,14,26,26,0,50,0,6,12,0,8,11,17,10,6,11,4,6,0,0,0,0,54,0,0,0,0,6,1,10,15,0,62,17,1,0,44
2021,"Waltham Forest 018","E02000912",9742,2867,88,0,0,2,0,6,163,6,108,1,56,482,0,0,8,24,1,2,3,20,9,11,17,6,2,0,2,1767,0,1,0,45,0,0,15,0,4,14,4,578,261,2,0,23,6,0,5,1,7,2,0,85,1,0,4,1,0,68,0,0,1,2,0,88,7,3,0,0,5,0,1,5,838,19,0,125,3,631,4,0,1,10,0,15,2,0,23,5,632,5,7,7,0,1,3,8,3,9,4,2,5,12,3,0,3,2,4,3,0,0,12,0,5,1,0,0,2,6,1,5,1,1,0,0,3,0,48,3,1,1,0,0,0,2,0,2,4,0,9,122,88,146,0,3,0,4,81,4247,0,44,4,0,0,0,28,3,0,5,0,5,104,2,2,1,0,6,2,1,2559,0,202,1,26,3,17,10,3,0,6,14,0,107,0,55,10,9,2,11,42,0,10,4,0,25,0,5,254,0,2,55,0,86,115,22,38,235,14,2,5,4,9,1,16,4,1,30,2,16,3,1,0,0,4,580,34,2,0,3,0,134,0,2,1,7,3,3,6,3,0,16,0,1,1,0,0,0,23,3,1,3,0,51,1,6,1,1,9,3,7,1,26,0,12,0,0,1,8,7,4,10,3,6,2,0,0,7,0,24,4,0,15,5,3,1,1,13,0,40,28,0,0,34
2021,"Waltham Forest 019","E02000913",9629,3469,32,0,4,1,0,16,207,0,128,0,57,538,0,1,0,32,2,0,2,37,21,3,6,8,2,0,3,2319,0,0,0,24,0,0,3,10,1,5,7,456,170,6,0,9,0,0,2,4,0,1,5,60,2,0,9,1,0,57,0,0,0,0,3,102,0,4,0,1,6,0,3,11,752,11,0,128,0,566,6,5,0,5,0,20,1,0,0,10,517,1,8,0,0,1,7,8,4,12,1,4,2,0,3,0,0,0,3,1,3,1,8,0,9,1,0,0,0,4,0,4,3,0,2,0,5,0,44,2,7,2,2,1,1,4,0,2,1,0,1,126,73,139,2,4,4,0,7,3876,0,14,2,0,0,1,20,2,0,1,0,7,89,0,0,1,2,10,4,0,2312,2,234,2,24,2,11,22,24,1,14,13,0,136,0,48,4,3,0,8,35,1,9,0,3,14,0,2,111,2,4,4,0,87,132,24,42,276,2,0,12,2,12,1,18,2,0,30,4,23,5,0,1,0,5,559,16,7,2,11,5,112,2,0,0,2,3,3,0,1,1,0,0,1,0,0,0,6,7,21,2,48,0,32,0,2,3,1,6,58,2,1,49,0,0,9,0,9,2,2,1,2,6,7,5,1,0,0,0,22,4,1,4,0,10,0,0,1,0,27,8,0,0,34
2021,"Waltham Forest 020","E02000914",11787,3795,106,0,3,0,0,39,304,3,199,0,70,364,2,6,0,16,1,1,1,31,7,20,1,28,1,0,5,2466,0,3,0,44,0,5,12,1,22,12,22,1197,479,41,1,26,3,0,39,0,17,18,2,141,0,0,11,0,3,101,0,2,0,1,4,242,12,2,3,0,16,1,6,26,1068,13,1,173,0,812,9,0,0,11,4,18,1,0,13,13,656,0,5,0,1,0,0,4,0,3,0,4,12,5,0,1,2,4,4,0,0,1,10,0,13,2,1,4,0,8,0,2,1,0,0,0,1,0,43,6,1,0,3,0,1,1,2,27,0,0,1,127,151,148,0,3,0,0,54,4250,1,85,2,4,0,1,14,0,0,3,1,9,158,0,0,1,1,6,0,5,2124,1,262,1,34,4,88,63,8,3,3,16,1,72,0,46,1,6,7,19,40,0,2,2,3,25,0,2,190,0,6,3,0,136,205,16,70,341,17,3,19,0,4,0,32,0,0,44,3,22,10,0,3,0,2,821,18,20,2,2,16,184,3,0,2,0,4,9,4,1,0,2,0,1,0,0,0,3,38,9,5,3,0,45,1,14,0,0,4,37,26,4,17,0,0,3,0,44,4,12,6,11,11,4,4,0,1,0,1,17,9,3,24,2,7,3,0,26,0,103,9,0,2,41
2021,"Waltham Forest 021","E02000915",8103,1694,16,2,1,0,4,4,214,4,70,1,40,521,0,6,4,6,2,1,0,20,9,2,0,16,2,0,3,650,6,1,0,50,1,0,8,5,0,13,12,395,138,1,0,7,1,8,6,0,4,4,0,39,2,1,4,3,0,91,0,0,0,0,0,55,10,1,0,0,9,0,3,8,634,8,0,95,0,485,4,0,0,10,0,23,1,0,0,8,570,0,17,0,0,2,2,10,0,10,0,3,0,2,1,2,3,2,5,1,2,2,11,1,11,0,3,0,3,2,0,0,1,3,2,1,3,0,41,3,0,1,1,1,2,2,0,2,1,0,10,138,93,130,0,1,2,1,36,4530,2,28,6,2,0,0,40,0,0,3,0,5,61,1,0,0,0,0,4,2,2918,3,307,1,21,0,22,30,14,3,19,23,0,191,1,66,6,1,0,9,49,1,9,0,5,24,0,0,104,1,2,0,0,90,117,24,39,171,17,0,5,2,10,0,29,5,0,10,3,14,4,0,0,0,6,280,0,0,0,4,1,52,0,0,0,3,0,3,0,2,5,0,0,1,0,0,2,1,2,10,1,5,0,38,0,1,1,1,8,0,9,2,9,0,1,2,0,10,3,3,1,10,2,0,8,1,0,0,0,4,16,0,9,0,4,4,2,1,1,12,8,0,1,16
2021,"Waltham Forest 022","E02000916",10555,2615,30,0,1,0,0,0,210,3,123,0,44,493,1,1,10,16,5,7,0,38,6,7,0,14,7,2,1,1490,0,1,0,52,0,3,18,1,10,18,3,730,307,1,0,32,0,0,22,2,5,5,4,107,4,0,7,1,3,104,1,0,8,1,0,72,1,6,0,0,10,0,7,20,1149,19,1,153,0,914,0,4,1,19,1,28,0,0,1,8,577,0,1,0,0,0,2,9,1,3,5,2,4,9,3,0,3,1,5,1,1,2,4,0,22,1,6,0,1,1,2,6,2,9,1,1,0,1,48,2,0,2,0,1,9,4,0,2,1,0,3,134,77,154,0,4,0,1,26,4707,0,36,2,2,1,0,36,3,0,6,0,7,150,0,1,3,6,11,0,7,2459,1,298,2,18,2,20,14,8,16,12,40,0,157,0,95,7,11,7,9,44,2,12,0,16,20,2,2,230,1,17,11,0,123,190,30,67,268,11,0,24,0,8,3,33,15,2,77,14,12,6,0,6,0,14,777,3,6,0,4,0,129,4,2,0,5,2,12,5,4,2,0,0,4,0,1,1,2,24,4,4,6,1,49,1,16,2,1,9,46,37,0,59,1,6,2,0,20,0,7,1,9,5,12,5,1,0,0,0,28,11,1,11,0,6,2,1,8,0,111,34,2,4,44
2021,"Waltham Forest 023","E02000917",9586,1788,25,0,1,0,3,1,219,2,90,1,60,289,1,0,6,10,4,0,3,37,9,6,15,8,5,1,1,917,0,1,1,29,0,1,7,12,8,9,6,526,171,5,0,26,1,3,12,0,3,2,1,75,3,0,11,3,0,72,0,1,6,0,0,97,2,4,3,0,5,0,11,9,849,3,0,155,1,628,1,1,2,21,2,21,3,0,0,11,604,2,3,0,0,1,1,10,2,7,1,2,6,8,0,0,4,2,7,0,2,3,12,1,7,0,3,1,1,3,2,4,4,0,3,1,0,0,46,6,1,0,0,0,4,0,0,0,0,0,10,163,83,150,0,11,0,0,27,5284,0,43,0,1,1,0,28,1,0,2,0,11,170,1,0,2,0,1,1,7,2842,3,367,4,24,4,15,21,8,7,17,33,3,147,0,74,10,3,0,8,86,1,8,5,2,21,0,1,224,0,8,0,0,149,230,36,76,409,10,4,17,0,10,12,29,11,0,30,9,25,5,2,3,0,2,535,12,14,1,5,3,104,1,0,5,1,2,1,1,3,2,3,1,1,0,0,3,4,22,5,2,11,2,32,2,5,2,0,6,2,29,2,52,1,2,1,0,25,2,9,0,7,8,7,5,0,1,0,0,14,3,2,0,0,2,7,2,5,0,38,6,0,0,47
2021,"Waltham Forest 024","E02000918",9331,2081,47,3,4,0,0,3,241,0,70,0,40,744,0,6,8,3,2,0,1,20,6,3,1,6,7,0,4,764,0,0,0,49,4,4,12,12,0,8,9,679,279,2,0,15,0,0,9,1,8,6,0,87,5,0,4,0,0,69,0,0,0,1,0,151,3,0,1,1,19,3,4,11,630,12,2,127,0,445,5,1,7,10,3,10,2,0,1,5,537,7,1,3,2,1,0,7,1,7,0,0,5,7,3,0,4,0,2,0,2,0,8,1,11,1,1,0,1,1,0,4,2,5,4,0,1,2,29,3,1,0,0,1,4,0,0,5,3,1,4,122,96,135,0,7,0,1,31,4841,0,36,7,0,0,2,42,0,1,0,3,9,110,1,1,0,2,5,3,2,2745,1,282,1,20,1,12,38,8,10,8,23,0,143,0,84,7,10,1,13,51,0,8,3,3,22,1,3,470,0,10,6,0,100,119,25,36,202,8,0,10,4,14,0,50,3,1,31,8,7,6,0,2,0,7,563,5,3,2,4,6,145,0,0,1,0,4,1,2,4,0,1,0,0,0,0,0,7,13,9,0,4,2,18,0,3,0,3,6,0,9,2,20,0,0,0,0,17,4,110,1,3,3,0,1,0,1,0,0,23,11,0,7,0,5,5,5,14,2,36,5,3,1,32
2021,"Waltham Forest 025","E02000919",9247,2359,18,1,2,0,4,15,259,7,106,0,57,448,8,3,6,20,1,1,6,60,0,28,2,14,0,0,1,1149,0,1,3,41,2,43,6,7,7,23,10,395,201,0,0,13,2,4,6,4,1,4,1,28,3,0,5,0,2,39,1,2,0,0,0,52,1,0,0,0,3,2,3,18,682,5,3,82,3,545,2,1,6,11,0,12,0,0,1,11,539,1,5,0,0,2,3,6,0,1,1,5,2,3,3,0,0,0,4,5,0,6,8,3,11,5,0,0,1,7,0,1,1,8,0,2,0,0,47,2,1,0,0,2,5,1,2,3,0,0,10,144,75,124,2,4,0,0,23,4757,1,32,5,0,1,0,46,1,0,3,0,19,105,0,0,0,3,6,5,4,2431,3,344,2,31,2,19,24,15,6,19,32,0,173,0,85,3,1,3,19,69,0,7,0,10,15,0,1,165,0,5,3,0,133,144,31,97,449,41,1,13,0,11,1,56,4,1,24,3,14,5,0,4,0,7,515,1,12,5,9,0,72,2,0,0,6,3,6,3,1,4,0,0,0,0,2,0,4,21,4,1,3,0,43,0,4,1,0,9,24,9,0,47,1,1,0,0,18,2,18,3,7,3,2,1,0,3,1,0,23,33,0,4,0,5,4,7,4,0,26,21,1,0,31
2021,"Waltham Forest 026","E02000920",10290,2564,40,2,0,1,0,1,339,0,152,2,92,375,3,0,3,12,10,0,2,66,0,20,4,9,11,0,1,1315,2,0,0,40,3,0,16,12,11,16,4,1011,357,12,1,26,5,0,23,4,6,4,2,164,5,0,20,2,0,104,0,1,6,0,5,215,12,0,5,3,10,1,9,9,1108,11,6,158,4,846,6,0,3,9,1,32,3,0,11,18,619,4,4,2,0,0,2,9,4,4,3,5,4,3,1,0,2,1,3,1,1,3,11,0,14,3,0,0,1,4,0,2,6,0,3,1,4,1,57,0,2,1,0,0,4,1,1,0,2,0,8,109,107,190,0,1,0,4,26,4224,2,42,6,0,1,1,24,0,0,2,0,13,138,0,0,5,3,8,2,4,2175,1,321,4,30,0,10,31,11,2,28,20,2,93,0,85,2,14,14,10,79,1,9,0,0,15,0,2,157,4,6,9,0,120,139,47,88,276,9,1,12,0,15,5,45,0,1,50,4,14,7,0,0,0,5,764,15,8,0,4,7,182,1,0,4,3,5,3,5,5,0,1,0,3,0,4,0,5,20,6,2,8,1,46,8,10,5,1,2,1,30,1,48,0,0,1,0,90,3,9,2,10,9,5,0,0,2,0,1,12,19,0,7,1,5,2,0,7,2,72,23,0,0,38
2021,"Waltham Forest 027","E02000921",11187,2265,44,0,0,0,0,14,348,2,90,0,65,440,1,7,10,9,3,0,9,19,2,26,11,9,0,0,3,1056,1,1,1,55,0,0,11,5,3,15,5,1164,428,5,9,58,3,2,29,2,28,9,5,201,4,0,7,2,0,121,0,1,0,0,10,158,10,1,6,0,38,0,6,21,1436,21,1,197,1,1116,0,3,4,16,4,33,1,0,15,24,858,6,9,0,0,7,1,17,3,11,0,12,6,0,0,0,0,1,2,4,0,2,13,0,10,3,0,0,1,19,1,7,0,0,2,0,1,0,161,1,0,0,3,0,3,0,1,2,4,1,4,136,153,215,1,3,0,1,31,4881,3,76,4,4,0,5,11,1,1,1,3,16,177,0,0,7,3,14,1,2,2472,1,263,1,18,4,9,35,5,8,15,49,0,164,0,77,10,11,4,26,119,1,6,12,4,13,0,2,174,0,4,8,0,316,186,31,77,295,17,0,8,2,6,0,28,3,0,35,5,14,5,1,0,0,8,583,6,10,3,20,16,123,1,1,0,6,3,4,3,9,3,1,0,0,0,2,0,4,19,6,1,1,1,29,2,4,1,0,5,1,11,4,36,0,1,1,0,18,10,6,2,7,8,6,14,0,2,2,0,8,3,0,15,0,8,0,1,10,3,64,17,2,0,39
2021,"Waltham Forest 028","E02000922",10468,1956,32,0,3,0,0,9,507,1,77,0,41,354,0,4,8,5,3,0,1,46,4,5,10,8,6,0,2,730,0,5,0,30,2,1,14,5,4,32,7,819,316,9,0,32,0,2,20,0,11,7,7,102,0,0,5,4,0,142,0,1,0,0,8,78,10,6,0,0,22,0,13,24,1004,13,0,132,0,774,7,3,2,12,0,36,1,0,13,11,650,0,0,4,2,5,2,10,5,7,0,6,7,1,0,2,6,0,2,0,0,2,9,0,12,0,1,4,2,17,0,3,1,0,1,0,0,0,55,1,2,1,0,0,8,0,2,0,3,0,2,120,118,200,3,3,0,0,21,5502,0,34,1,1,0,0,40,0,1,1,0,16,169,0,0,2,1,6,2,8,2678,2,745,5,26,3,16,42,6,6,11,43,0,127,0,66,7,9,0,12,129,0,8,0,5,21,0,4,245,1,2,1,0,163,138,47,74,426,22,1,5,0,8,2,31,10,1,30,3,26,3,0,2,0,8,537,4,8,2,10,5,101,1,3,3,0,5,8,2,7,3,0,0,3,0,0,1,3,24,8,1,1,0,45,7,8,2,4,8,4,12,0,34,1,1,1,0,17,2,6,0,9,5,8,10,0,0,0,0,26,19,0,2,5,1,3,5,2,1,27,13,4,2,40
2021,"Wandsworth 001","E02000923",7524,709,14,1,3,0,0,1,14,2,121,0,171,148,0,2,19,0,5,0,3,0,0,0,0,10,4,4,1,148,0,0,1,8,0,0,0,9,4,15,1,295,84,0,0,7,1,1,0,0,7,6,0,33,5,0,0,0,0,35,0,2,0,0,0,103,0,3,0,0,3,1,0,4,329,3,0,27,0,217,17,1,0,47,0,5,0,0,4,8,371,1,0,0,0,0,3,4,1,4,0,4,6,1,1,0,2,1,2,2,0,0,8,0,11,0,1,1,1,0,0,0,1,0,0,0,0,1,27,2,0,2,3,1,2,1,0,0,0,0,1,94,57,111,0,2,0,0,12,5475,4,7,2,0,0,0,60,5,1,10,1,16,24,0,1,4,1,9,9,16,3580,2,331,3,118,0,25,54,1,0,22,22,5,160,0,198,7,0,0,8,7,1,9,0,1,73,6,5,52,10,8,0,0,96,35,46,61,29,40,7,6,3,31,18,119,33,7,41,1,8,7,1,3,1,4,345,2,2,1,0,1,125,3,0,0,0,0,0,0,1,2,0,0,0,0,11,0,0,9,5,0,0,0,56,7,20,2,0,0,0,3,0,2,2,0,0,0,3,3,0,8,7,0,0,0,0,0,0,0,0,0,0,13,0,4,24,0,0,0,5,2,0,0,22
2021,"Wandsworth 003","E02000925",7913,724,27,0,0,0,3,7,50,1,84,0,83,101,6,6,12,3,13,0,1,0,3,3,1,4,5,0,2,231,0,0,0,22,1,0,16,5,6,14,14,786,217,1,0,35,2,0,3,1,11,14,0,105,3,0,0,0,2,82,0,0,3,0,5,252,6,1,0,2,20,0,7,14,965,16,1,145,1,727,14,3,1,10,3,31,2,0,3,8,559,3,0,0,0,5,0,6,0,11,2,0,0,3,1,0,4,0,3,1,2,1,5,0,25,1,2,0,0,0,0,3,2,0,2,5,1,3,40,2,1,1,0,0,4,0,1,1,0,1,5,105,62,212,0,4,1,2,26,4432,1,9,2,1,5,0,32,3,0,5,4,10,23,0,0,6,0,6,4,15,2783,4,274,5,59,3,37,43,7,1,21,9,1,156,0,160,1,5,0,6,16,2,6,1,0,34,7,2,48,3,7,15,0,91,72,84,78,27,25,5,7,1,17,5,101,9,4,33,1,12,5,1,1,0,11,447,6,15,0,0,3,104,0,2,0,0,3,0,2,0,0,6,0,0,0,0,0,1,19,10,4,0,0,102,0,13,7,0,3,0,5,0,1,1,3,0,0,14,10,1,6,4,7,0,0,0,0,0,0,0,0,0,38,1,12,5,5,0,1,5,1,0,0,27
2021,"Wandsworth 004","E02000926",11644,1100,29,2,3,0,2,4,37,0,190,0,160,335,4,11,18,0,30,3,9,5,7,1,5,3,30,6,0,137,0,0,0,17,3,10,10,13,0,10,6,639,211,2,0,17,0,3,3,1,17,18,0,60,0,0,0,2,0,73,2,0,1,0,1,114,28,3,7,0,12,0,1,63,581,7,0,79,1,453,6,2,0,6,0,12,0,0,6,9,784,1,2,5,4,4,3,15,2,12,2,8,4,2,0,1,3,1,1,7,3,0,9,1,40,2,5,2,1,0,4,2,2,1,3,2,2,1,46,4,0,1,3,1,6,4,1,3,0,0,15,183,115,210,1,7,0,2,25,7918,2,23,2,6,3,6,136,9,2,6,0,16,24,1,1,12,5,10,13,30,5008,3,609,10,90,0,81,70,9,2,57,20,10,257,6,278,14,0,3,4,26,6,8,3,0,73,10,10,75,11,13,2,0,123,104,68,111,53,46,19,15,6,72,6,120,25,5,40,0,5,6,1,5,0,13,622,8,4,0,1,0,244,1,0,0,2,4,0,6,1,1,0,0,1,0,2,2,1,11,11,0,1,0,142,5,34,5,0,5,0,13,0,2,0,11,1,0,12,6,0,9,4,1,0,1,1,4,0,0,0,1,0,16,0,4,1,0,0,1,12,4,1,0,25
2021,"Wandsworth 005","E02000927",7105,454,7,4,1,0,0,1,13,0,82,0,49,88,1,6,8,5,2,0,1,30,0,0,0,8,3,3,3,108,0,0,0,2,1,3,0,17,0,8,0,434,128,4,1,8,0,0,5,1,24,28,0,51,8,0,0,1,0,63,0,0,0,0,6,68,8,0,5,0,14,1,3,7,552,2,0,78,0,422,6,1,1,6,0,14,0,0,0,22,528,1,4,0,0,0,2,10,0,9,3,0,5,3,1,3,1,0,8,3,0,4,14,0,15,1,2,1,2,0,2,1,0,1,1,0,0,2,41,5,0,1,2,0,0,1,1,0,0,1,0,122,68,165,0,9,0,0,13,4887,0,14,6,0,1,0,77,2,3,7,0,16,12,1,0,3,0,1,1,8,3678,1,185,5,71,0,19,42,7,0,20,21,0,174,0,96,4,0,0,2,8,2,5,3,0,20,3,2,20,0,11,5,0,40,40,48,34,17,14,5,5,0,32,1,44,6,7,12,0,3,7,1,1,2,12,250,2,2,2,0,2,64,0,0,0,0,0,0,3,0,3,0,0,0,0,1,0,1,8,9,2,3,0,44,2,8,8,4,6,0,2,0,2,0,1,0,0,7,3,0,0,3,2,0,0,2,0,0,0,0,4,0,15,0,6,3,0,0,0,1,3,0,0,22
2021,"Wandsworth 006","E02000928",8346,459,2,0,0,0,1,5,0,0,95,0,37,147,2,7,23,0,12,0,3,0,2,0,0,7,3,0,3,66,2,1,1,10,2,0,0,15,0,5,8,130,51,0,0,3,0,0,0,0,7,1,4,13,2,0,0,0,0,9,0,0,0,0,1,30,1,0,0,0,0,2,0,6,116,3,0,25,1,76,0,2,2,3,0,2,0,0,1,1,436,2,0,0,0,4,7,5,1,5,0,0,1,1,5,6,5,1,4,3,0,0,2,0,15,0,4,1,0,0,1,0,0,0,0,0,3,2,25,7,0,6,1,2,3,3,4,1,5,0,9,163,41,66,2,8,0,1,11,7018,0,5,3,6,4,0,98,7,0,4,0,14,15,1,3,0,0,11,8,22,5477,0,251,6,74,0,37,21,4,0,16,9,4,233,0,89,35,0,0,2,11,1,13,3,0,66,0,7,19,1,20,1,0,66,51,15,36,15,14,1,3,1,66,6,50,13,3,42,2,11,10,1,1,1,9,187,2,0,0,0,0,39,1,0,0,0,2,0,0,2,1,1,0,0,0,0,0,3,4,0,0,1,0,58,0,9,6,0,1,0,6,0,2,0,0,0,0,4,1,0,4,0,0,0,0,2,4,0,0,0,2,0,0,0,3,3,0,0,0,11,1,0,0,14
2021,"Wandsworth 007","E02000929",8101,1121,95,0,3,0,0,12,64,0,110,0,150,130,1,5,8,1,5,6,1,2,0,3,58,10,3,5,3,373,1,1,0,25,2,1,14,7,0,15,7,1261,367,8,1,42,5,0,22,3,32,20,1,174,10,0,0,4,2,125,2,2,0,0,4,391,8,0,4,2,23,0,3,6,1123,17,0,231,1,761,7,7,0,16,1,45,1,0,24,12,646,1,1,0,1,2,1,5,0,8,1,3,7,7,0,0,0,1,2,4,4,5,5,0,24,0,1,1,1,2,2,2,4,0,2,3,0,0,58,3,1,2,2,0,5,0,1,2,0,3,4,77,128,238,0,0,4,1,17,3436,0,12,3,5,2,1,40,2,0,3,1,15,25,0,0,3,0,3,1,5,2107,1,270,1,47,1,9,70,1,2,17,13,0,99,0,118,4,5,0,2,14,2,1,0,0,17,3,2,29,2,5,4,0,64,93,63,82,25,21,5,4,1,6,2,56,5,1,18,0,6,5,2,2,0,8,514,11,11,1,0,2,212,3,2,0,0,1,1,3,5,1,2,0,1,0,3,0,1,5,18,3,1,0,62,2,9,5,0,1,0,10,0,10,2,0,0,0,17,6,3,3,2,1,0,0,0,0,1,0,3,0,0,23,4,14,4,3,1,0,14,1,2,0,24
2021,"Wandsworth 008","E02000930",10088,827,14,0,1,0,0,2,32,0,293,1,57,184,1,0,20,0,8,3,5,4,2,1,6,5,4,3,2,110,0,1,0,17,12,0,0,16,0,15,8,432,149,1,0,11,1,1,1,1,11,10,0,52,7,0,0,0,0,34,0,0,1,0,0,124,3,2,7,3,9,0,2,2,366,1,0,70,5,242,1,1,2,8,0,18,0,0,0,18,604,2,3,0,2,0,1,3,2,5,0,3,1,3,4,0,3,4,4,0,1,4,15,3,21,3,3,2,0,4,1,3,2,0,0,0,1,3,52,4,1,3,1,2,7,0,0,0,2,0,6,185,69,122,2,6,0,3,33,7566,1,6,0,0,1,1,158,8,0,8,7,10,15,1,1,2,5,6,9,16,5406,8,344,6,146,0,44,84,10,3,36,19,0,272,4,201,19,4,2,1,12,3,6,0,0,83,2,5,35,2,9,1,0,98,41,47,68,20,12,5,4,2,57,4,99,26,8,29,0,1,6,0,1,5,11,293,6,3,0,2,1,69,1,0,0,0,3,0,4,0,0,0,1,0,0,1,0,2,10,4,0,2,0,47,0,13,5,1,5,0,4,0,2,2,3,0,0,15,1,1,2,2,2,0,0,2,1,4,0,0,0,0,15,0,4,2,4,1,0,16,5,0,1,24
2021,"Wandsworth 009","E02000931",8819,451,2,0,2,0,0,0,22,0,109,0,19,170,1,2,15,0,7,0,0,1,0,2,1,3,1,0,1,67,1,0,0,11,3,0,3,0,0,4,4,119,37,0,1,7,1,0,2,0,5,0,0,11,10,0,0,0,0,21,0,0,1,0,1,4,0,1,0,0,8,0,4,5,301,3,0,38,2,215,0,0,0,1,0,8,1,0,0,33,473,0,1,0,2,0,0,2,0,4,0,2,1,3,2,3,2,0,4,5,0,3,6,0,17,0,0,0,1,4,2,0,3,0,0,0,0,1,31,2,0,1,0,1,3,0,0,2,0,0,10,233,38,57,2,4,0,0,21,7300,0,1,0,2,0,1,159,5,1,17,1,18,7,3,1,1,1,4,7,21,5230,2,421,3,273,0,35,25,2,0,18,10,6,220,0,151,7,0,0,2,1,2,9,3,1,91,0,3,37,1,12,0,0,93,53,22,36,19,41,2,2,0,40,1,51,65,10,28,0,4,8,0,2,0,8,175,1,0,0,0,0,48,0,0,0,0,0,0,0,0,4,0,0,4,0,0,0,3,6,0,1,3,0,23,0,7,2,1,3,0,0,0,1,0,0,0,0,6,0,0,8,4,0,0,0,2,0,0,0,3,3,0,0,0,6,5,0,0,0,10,0,2,1,18
2021,"Wandsworth 010","E02000932",12847,1060,7,0,7,1,0,6,36,0,215,0,41,384,2,21,16,4,21,1,2,5,0,1,3,10,11,8,3,171,0,0,0,25,4,1,2,31,1,15,5,314,90,0,0,18,5,0,12,0,3,12,0,36,5,0,1,0,0,32,0,0,2,0,1,70,4,4,9,0,3,0,0,7,261,7,0,43,0,182,1,0,0,0,0,9,1,0,14,4,691,0,2,0,1,2,7,3,0,5,0,14,2,1,4,0,14,0,6,1,1,2,9,0,38,0,0,1,3,9,0,0,3,0,2,0,0,3,57,5,3,2,1,0,1,4,1,1,1,0,11,265,60,106,1,8,0,1,30,9976,5,12,0,2,2,2,184,8,3,2,1,40,28,6,1,3,6,16,9,33,6934,3,474,13,153,3,83,87,7,5,61,22,10,349,0,214,20,1,0,15,14,5,10,4,0,121,3,20,74,14,22,0,0,136,113,59,62,35,50,4,9,5,115,8,113,29,9,61,0,19,25,0,4,1,15,545,0,0,2,1,1,232,0,1,0,0,13,0,0,0,10,3,1,2,0,0,0,0,25,5,1,0,0,80,2,32,2,5,3,3,2,0,3,1,1,0,0,6,2,3,12,5,1,7,1,2,0,0,0,0,1,0,1,4,5,2,1,6,2,22,1,0,0,30
2021,"Wandsworth 011","E02000933",8879,730,6,8,0,0,1,2,17,2,142,1,35,228,1,8,27,0,16,0,4,5,0,3,7,4,7,2,3,135,2,0,0,16,4,0,11,13,0,13,7,142,61,0,1,10,2,0,2,0,3,1,0,13,0,0,1,0,0,28,0,1,0,0,1,4,4,0,2,0,2,0,1,5,228,8,0,41,1,154,1,0,1,6,0,7,0,0,0,9,535,0,1,0,0,2,12,3,4,1,0,3,3,3,4,0,8,0,2,1,0,0,9,0,26,3,2,1,2,2,1,1,0,0,1,0,2,3,35,2,0,5,2,0,8,0,2,0,0,0,5,192,63,86,2,5,1,3,24,6866,2,7,0,0,6,2,82,4,0,7,1,24,13,0,2,4,2,7,9,13,4844,8,295,3,52,1,46,53,7,1,27,23,4,251,3,126,29,0,0,6,13,3,19,1,0,80,2,17,56,11,18,0,0,83,101,52,65,39,29,4,7,1,94,2,91,17,5,47,0,12,14,0,0,3,16,378,5,0,0,0,1,129,0,0,0,0,1,2,0,0,2,0,0,1,0,1,0,2,16,1,1,0,0,58,0,30,2,1,10,0,9,1,1,1,1,0,5,22,1,0,8,8,1,3,0,0,0,0,0,1,4,1,0,0,8,1,0,0,1,7,0,0,0,31
2021,"Wandsworth 012","E02000934",8915,577,7,0,1,2,0,2,39,0,92,1,78,134,1,1,5,0,19,0,10,4,2,0,1,3,13,0,5,105,0,0,0,17,0,0,6,14,0,9,6,426,169,3,0,13,3,0,1,1,10,3,2,53,24,0,0,2,2,52,0,1,0,0,4,69,1,1,2,1,3,1,3,2,396,3,0,82,1,278,0,4,0,2,0,14,2,0,5,5,538,0,0,0,0,4,0,3,2,1,0,4,1,0,1,1,3,0,1,1,0,0,6,0,31,0,0,0,0,0,1,1,0,0,3,1,0,2,60,2,0,2,0,0,2,1,3,1,0,1,5,166,62,131,0,4,3,2,26,6740,3,5,2,3,1,0,138,2,0,5,2,11,18,1,2,5,2,9,7,16,4924,4,267,5,94,2,41,46,1,5,18,19,5,292,0,158,7,1,0,2,7,1,9,0,0,78,3,6,47,0,9,1,0,73,66,43,64,13,12,0,7,2,53,4,66,21,1,10,0,3,8,1,2,0,7,238,0,1,0,1,0,43,0,0,0,1,4,2,0,0,3,1,0,0,0,4,0,0,11,12,0,1,0,48,1,9,12,1,9,0,0,0,2,0,0,0,0,2,1,2,4,14,0,0,1,1,0,0,0,0,0,0,0,0,6,4,0,0,0,6,4,0,0,27
2021,"Wandsworth 013","E02000935",7375,1187,85,1,2,0,0,5,36,0,81,6,125,112,2,18,3,0,0,0,1,5,0,0,0,11,11,2,4,615,0,0,1,23,1,10,1,7,0,18,1,753,275,0,0,9,1,11,19,6,12,18,4,83,2,0,1,1,1,97,0,1,20,0,2,128,13,5,5,0,13,1,16,9,478,11,0,72,1,338,3,2,2,13,0,26,1,0,2,7,602,2,4,0,2,4,1,8,1,9,0,4,10,7,1,1,0,3,0,2,5,4,9,0,21,0,0,0,0,3,1,3,0,0,1,0,1,0,59,3,0,0,0,2,5,0,2,0,1,0,7,81,86,217,0,7,0,4,21,3803,0,26,2,6,2,1,15,8,1,2,2,22,20,0,1,7,2,8,6,6,2515,2,170,2,18,2,14,29,2,0,20,16,6,113,1,80,2,11,2,8,7,0,7,0,1,32,3,19,59,1,3,27,1,68,222,31,21,24,23,3,5,1,14,5,37,4,2,13,1,1,1,6,0,0,11,552,22,0,0,1,2,180,0,0,0,1,0,3,0,0,1,0,0,1,0,2,0,3,11,10,0,1,0,74,3,21,4,0,3,0,31,0,4,0,3,0,0,35,6,6,3,8,2,9,6,0,0,0,0,2,2,0,12,0,9,1,0,1,1,13,0,3,0,52
2021,"Wandsworth 014","E02000936",9381,1099,35,0,2,0,2,2,13,0,201,0,46,329,4,11,36,0,39,0,6,1,0,2,3,3,7,6,3,238,1,0,0,33,5,6,7,32,1,21,4,221,71,0,0,10,2,0,2,0,9,8,0,18,0,1,1,0,1,28,0,1,0,1,0,55,3,0,2,0,0,0,1,7,213,1,0,31,1,146,1,0,2,6,0,16,0,0,1,8,629,4,1,0,0,2,15,4,1,7,4,8,5,0,1,3,9,0,3,4,0,3,7,0,29,1,3,0,0,1,1,3,2,0,5,0,0,8,49,7,2,2,2,0,4,1,0,0,0,1,7,172,84,126,3,3,2,1,29,6717,4,14,0,1,8,6,118,4,0,9,1,32,31,0,1,10,2,4,7,11,4318,24,366,8,65,0,50,72,10,3,24,26,5,245,2,132,10,6,1,6,11,3,6,1,0,65,3,18,58,1,17,0,0,124,125,45,90,35,24,11,9,3,89,4,81,13,9,163,0,33,21,1,2,2,14,502,5,4,0,0,1,152,2,0,0,0,5,1,2,1,6,3,0,0,1,1,0,0,5,5,1,6,0,76,1,72,3,2,7,0,8,0,1,3,0,0,0,13,5,1,8,6,1,2,2,0,1,0,0,0,2,0,9,0,12,1,2,4,3,21,1,0,3,31
2021,"Wandsworth 015","E02000937",8158,416,2,0,1,1,0,1,16,0,72,0,25,144,1,0,4,0,26,0,2,1,0,2,3,2,4,0,6,62,1,0,0,16,2,0,0,8,0,9,5,250,72,0,0,10,0,0,0,0,5,0,0,29,0,0,0,1,0,20,1,2,4,0,0,90,3,1,0,0,2,0,3,7,208,1,0,42,0,149,2,0,0,4,0,4,1,0,1,4,462,0,0,0,0,1,0,2,0,4,0,2,0,2,1,0,4,3,4,0,0,1,5,0,16,2,3,0,0,0,1,0,1,0,5,0,1,1,27,4,0,2,1,0,2,1,0,0,0,0,3,208,53,76,2,10,0,1,13,6651,0,11,0,0,2,1,96,5,1,6,4,4,6,0,0,5,0,8,7,10,4964,1,365,1,143,0,52,36,4,1,23,8,4,215,4,86,9,2,2,3,6,3,5,2,0,121,1,7,31,0,17,3,0,52,31,41,21,12,19,2,9,0,27,4,62,13,5,40,1,8,9,0,1,0,9,171,0,2,1,0,0,34,1,0,0,0,3,0,1,2,0,0,0,0,0,0,1,3,8,1,0,4,0,21,0,7,1,1,8,0,4,0,2,0,0,0,0,12,0,0,4,5,1,0,2,1,5,0,0,0,0,0,1,0,3,2,0,5,0,14,0,0,0,11
2021,"Wandsworth 016","E02000938",10773,1411,40,1,1,2,0,6,33,3,200,1,105,230,0,20,42,0,23,8,2,6,1,0,19,11,5,1,3,574,0,0,3,35,3,5,1,17,0,8,2,693,243,2,0,25,6,0,15,2,11,22,0,104,2,1,3,0,2,71,2,1,1,0,2,134,3,7,1,0,22,0,1,10,515,2,1,126,0,306,4,0,1,16,10,20,0,0,20,9,818,3,1,3,4,9,3,6,1,13,0,7,2,8,0,0,4,3,10,0,0,0,15,2,25,1,2,1,0,2,0,8,0,3,6,0,0,3,66,6,1,4,1,2,5,3,1,6,0,2,15,162,84,263,0,4,5,1,42,6631,3,19,5,4,2,9,47,3,0,8,2,21,69,4,1,6,0,14,8,9,4252,28,377,9,49,7,43,60,4,6,24,36,13,238,0,146,11,7,0,16,17,2,10,2,1,36,7,5,68,7,11,4,0,124,270,48,50,62,54,16,17,1,60,6,58,16,1,67,0,22,11,3,3,2,10,705,5,4,0,3,6,224,1,0,0,0,10,2,5,2,10,3,0,0,0,1,2,0,14,14,4,0,0,142,1,35,3,5,9,0,14,1,1,3,0,0,0,24,8,0,19,14,4,0,4,0,5,0,0,2,0,0,2,0,16,3,1,1,0,17,5,0,3,53
2021,"Wandsworth 017","E02000939",7818,464,6,2,0,0,0,5,23,2,112,0,16,162,1,3,8,0,9,0,1,2,0,0,0,5,3,2,0,62,0,2,0,18,0,10,1,3,0,6,0,160,62,1,3,5,0,0,0,1,7,2,0,12,0,0,1,0,0,31,0,0,0,0,0,32,0,0,0,0,0,0,2,1,155,5,0,26,1,117,0,0,0,1,0,2,0,0,1,2,420,0,1,0,1,0,5,1,0,3,0,1,1,0,3,1,6,0,0,4,0,0,9,0,9,1,3,0,2,2,1,1,3,0,7,0,0,0,32,6,2,1,0,1,0,3,2,0,0,7,6,200,20,54,0,7,3,3,8,6473,1,2,0,0,4,0,120,3,1,7,1,4,10,0,0,2,4,0,14,11,4940,0,342,1,155,0,41,14,6,6,14,2,1,181,0,78,28,0,0,3,3,2,13,1,0,84,0,2,13,1,21,0,0,87,46,8,15,3,20,6,3,1,32,3,37,11,11,31,0,6,6,0,3,2,6,146,0,0,0,0,0,23,1,0,0,0,8,0,0,0,3,0,0,0,0,1,0,0,14,4,0,2,0,24,2,5,1,0,6,0,0,0,0,1,1,0,0,7,3,0,2,2,4,0,2,1,0,0,0,0,0,0,0,0,1,1,1,0,0,3,0,5,1,17
2021,"Wandsworth 018","E02000940",9314,1286,34,0,4,0,0,7,56,0,126,0,60,251,4,14,13,0,13,1,7,6,1,1,0,7,7,0,4,580,0,0,1,33,2,4,11,18,0,13,8,599,154,0,0,12,1,1,6,0,17,6,0,71,1,0,0,2,0,57,5,0,1,0,5,183,21,1,10,0,21,1,4,19,542,3,1,94,1,383,3,2,1,5,1,28,0,0,9,11,640,0,0,0,0,3,1,1,0,4,0,6,4,4,1,0,2,0,4,2,4,4,8,0,14,3,1,0,0,3,1,4,0,2,3,0,0,1,55,4,0,1,0,1,1,1,0,0,0,2,9,140,94,223,0,8,1,1,19,5837,0,11,0,0,4,0,87,2,4,0,0,11,22,1,0,9,4,9,3,10,3925,1,272,3,52,0,42,54,5,1,21,16,16,194,0,188,10,8,0,16,9,1,10,0,0,29,8,9,68,0,8,4,0,81,143,93,101,57,13,2,9,1,56,13,48,12,3,17,0,6,11,7,1,6,10,410,5,2,1,1,1,118,1,2,0,0,6,1,1,0,1,1,0,0,0,2,0,3,5,9,7,0,0,86,1,13,3,1,5,0,0,1,4,1,4,0,0,17,2,2,1,8,1,1,0,0,1,0,0,0,5,0,12,0,19,0,0,0,2,18,1,0,1,33
2021,"Wandsworth 019","E02000941",10160,644,9,2,5,1,0,0,32,0,76,0,41,144,2,5,6,1,9,0,3,4,0,0,2,10,5,0,1,249,0,0,1,20,1,0,0,11,0,3,1,307,112,0,0,13,0,4,5,2,6,7,0,24,4,0,0,0,1,39,0,0,6,0,0,75,0,0,0,0,5,0,4,0,371,0,1,65,0,282,1,0,0,5,0,14,0,0,0,3,515,2,0,1,0,0,0,16,0,1,1,9,4,0,0,1,3,1,3,0,0,2,27,0,7,0,5,0,0,1,2,4,1,0,1,0,1,2,47,3,0,1,0,0,5,2,0,0,0,0,3,155,50,132,1,6,0,1,14,8118,0,2,1,4,0,1,92,2,0,5,3,23,19,0,1,3,1,9,11,15,6448,0,298,6,59,0,32,16,3,0,19,8,1,271,0,111,16,3,0,2,10,1,12,2,0,69,0,3,22,0,12,0,0,41,72,44,36,114,15,0,7,4,85,2,26,12,4,15,0,0,14,1,0,1,9,205,2,1,0,1,0,51,0,0,0,1,3,0,1,2,0,0,0,1,0,0,0,1,12,1,0,2,0,42,0,8,0,0,2,0,1,0,2,0,1,1,0,0,7,3,2,1,0,6,1,0,0,1,0,0,2,0,1,0,11,1,0,0,3,9,2,0,3,16
2021,"Wandsworth 020","E02000942",9681,1083,15,3,9,0,0,2,40,0,152,0,40,274,8,3,22,5,10,0,0,3,3,3,4,7,12,0,1,403,1,0,3,14,2,0,9,16,0,16,3,202,76,0,0,4,0,1,5,1,6,2,0,10,1,0,0,0,0,22,0,0,0,0,0,62,1,1,0,0,5,0,4,1,135,0,1,26,1,103,1,0,0,0,0,3,0,0,0,0,556,3,0,0,0,4,0,1,0,7,0,6,2,1,0,0,2,2,2,0,0,0,10,0,28,4,0,0,5,1,0,0,1,0,3,3,3,2,51,6,0,5,1,1,1,1,0,0,0,1,11,221,55,83,1,6,1,4,17,7428,3,7,0,4,4,0,106,9,0,14,0,19,17,2,0,4,3,6,13,15,5496,0,378,1,95,1,48,45,9,1,20,12,7,217,1,134,24,1,0,15,10,2,11,1,0,61,3,0,32,1,20,0,0,76,78,39,34,23,45,4,2,4,67,9,82,19,6,28,1,1,19,0,4,5,10,277,0,3,2,0,0,61,6,0,0,0,2,0,0,3,4,2,0,0,0,5,0,0,21,10,1,2,0,57,1,23,1,2,8,0,2,0,0,1,0,0,0,6,0,1,10,3,0,0,2,1,1,0,0,0,0,0,0,0,1,6,1,1,3,5,1,0,0,18
2021,"Wandsworth 021","E02000943",8719,865,2,0,6,0,0,1,28,0,113,1,33,363,3,4,6,1,10,0,0,7,1,2,0,7,5,0,4,207,1,0,0,32,1,0,15,3,0,7,2,225,71,0,0,12,0,1,3,0,7,4,0,21,0,0,2,4,0,37,0,0,0,0,7,40,9,0,0,1,3,0,0,3,280,3,0,56,0,196,2,1,0,8,0,5,1,0,2,6,492,1,0,0,2,0,4,2,1,3,0,1,0,1,2,0,1,1,1,0,0,3,13,0,18,0,3,0,1,1,2,4,4,0,4,1,3,3,48,0,0,5,4,0,3,1,0,0,0,0,6,165,55,100,0,2,0,0,23,6630,1,10,1,3,0,2,137,4,0,4,1,11,21,0,2,0,1,5,6,11,5019,2,288,4,75,0,41,25,3,2,30,9,2,269,0,114,3,7,0,3,15,4,5,2,0,66,0,6,22,1,9,1,0,52,60,26,29,19,27,3,7,1,33,1,59,12,4,27,0,3,10,0,6,0,4,227,1,0,0,0,1,47,0,0,1,0,2,2,0,7,5,0,0,1,0,1,0,0,5,6,0,0,0,59,4,6,3,0,3,4,5,0,5,0,1,0,0,7,5,0,3,5,0,0,0,1,1,0,0,2,2,0,1,0,3,3,0,0,0,4,0,0,0,21
2021,"Wandsworth 022","E02000944",7650,1557,40,1,0,0,0,5,30,6,98,0,114,182,0,6,28,1,27,0,3,10,0,4,1,11,6,2,5,873,0,0,0,32,1,0,10,50,1,8,2,662,278,0,0,17,0,1,10,1,15,3,0,66,4,0,1,1,0,70,1,0,0,0,0,164,4,2,0,0,16,3,3,2,511,21,0,108,1,302,1,2,0,6,1,57,0,0,5,7,541,0,7,0,0,1,0,3,0,9,0,9,3,0,2,0,0,0,5,3,4,3,13,0,23,0,3,1,1,1,2,0,0,0,1,1,8,0,54,8,1,1,0,1,4,0,0,0,0,1,5,84,72,187,0,4,1,0,15,3979,1,10,2,1,3,6,25,4,0,4,2,36,19,3,0,6,0,7,2,6,2477,2,235,4,31,6,15,41,7,7,36,34,5,107,5,100,1,2,3,3,27,2,7,2,2,25,6,0,42,2,6,0,0,105,167,37,48,30,31,12,6,1,26,9,42,8,3,35,0,9,21,2,3,1,4,400,4,0,0,0,2,121,0,0,0,3,10,0,1,0,2,2,0,1,0,6,0,2,17,3,2,0,0,62,2,26,0,1,4,0,5,0,1,1,0,0,0,22,3,2,5,6,2,0,1,0,1,0,0,2,0,0,9,0,14,3,0,4,2,7,2,0,1,36
2021,"Wandsworth 023","E02000945",7845,1367,86,4,3,0,2,8,75,0,83,2,167,118,4,8,4,0,2,0,13,13,0,3,19,11,9,1,2,637,0,3,0,19,1,0,2,50,1,16,1,721,225,0,0,18,0,0,5,6,23,16,4,76,16,0,0,0,1,78,2,0,0,0,8,194,9,4,4,0,27,0,1,4,364,18,1,63,1,222,5,0,0,8,4,16,0,0,11,15,624,8,1,0,0,2,3,6,0,6,0,4,3,3,1,1,3,0,2,3,1,0,9,1,21,3,0,0,0,6,0,2,0,0,6,3,1,1,101,3,1,2,2,0,3,0,0,2,0,1,2,107,82,188,1,2,3,0,24,4178,3,37,1,5,1,2,15,2,1,4,0,24,69,1,0,3,2,3,8,4,2489,0,244,0,25,0,21,21,3,0,17,26,11,106,0,83,10,1,1,6,34,2,3,0,1,13,10,5,107,3,4,2,0,96,338,47,42,36,13,4,12,3,26,4,23,5,2,40,4,7,4,4,0,0,35,591,5,7,0,0,0,192,0,0,0,2,3,11,3,0,0,6,0,0,0,1,0,4,17,14,0,3,0,83,1,27,2,0,5,0,17,0,29,1,6,1,2,9,7,15,6,13,6,5,3,1,0,0,0,0,3,0,13,0,9,1,1,1,10,17,1,0,1,27
2021,"Wandsworth 024","E02000946",8427,831,25,1,3,0,0,3,38,2,58,1,32,236,1,4,5,0,13,0,1,6,1,2,0,2,3,0,0,342,1,0,0,22,1,0,10,4,0,8,6,588,141,0,0,9,0,0,1,0,20,10,0,61,2,0,0,0,0,37,0,0,0,0,0,272,0,1,0,0,29,0,5,0,434,6,0,68,2,311,0,0,2,5,3,20,1,0,14,2,496,4,2,0,0,0,1,3,0,8,0,7,8,0,0,0,4,6,6,0,0,2,3,0,13,0,3,0,2,0,3,3,4,0,1,0,0,2,35,10,0,1,2,0,2,0,0,1,0,0,4,117,84,137,1,2,0,2,13,5856,2,22,1,1,0,3,74,1,0,8,0,4,15,1,2,9,0,6,6,6,4446,4,205,1,45,0,24,30,0,29,7,19,1,218,0,61,3,0,0,12,5,1,11,1,0,43,1,3,33,0,16,2,0,69,74,30,17,23,25,2,0,0,109,1,55,16,2,16,0,4,20,1,0,1,9,222,2,8,1,1,1,53,0,0,0,0,4,0,0,0,0,0,0,0,0,0,0,0,3,5,0,0,0,40,1,6,1,0,7,0,6,0,0,0,0,0,0,4,0,1,0,12,0,0,0,0,2,0,0,0,0,0,17,0,4,0,0,5,0,2,4,0,2,30
2021,"Wandsworth 025","E02000947",9339,862,0,3,1,0,0,6,30,1,113,2,42,275,5,5,11,0,13,0,4,4,2,4,2,6,4,5,5,267,0,2,0,20,2,0,11,11,0,5,1,199,55,0,0,6,1,0,0,2,6,2,0,26,1,0,0,0,0,28,0,0,0,0,0,64,0,0,2,0,2,1,2,1,184,0,0,22,0,147,0,0,0,1,0,8,2,0,1,3,483,0,0,1,0,3,0,6,0,7,0,2,2,0,1,0,4,1,0,0,3,0,8,0,18,0,7,0,0,3,0,3,0,0,2,1,1,0,44,2,0,3,1,1,2,0,0,1,1,0,5,175,51,96,1,9,1,0,17,7339,4,8,1,3,1,1,101,4,2,5,0,15,29,0,0,19,0,9,5,22,5505,3,336,5,66,0,54,29,4,2,19,24,4,229,0,107,6,2,0,2,13,2,8,3,0,93,8,3,41,1,14,2,0,72,94,26,23,26,24,10,10,2,103,3,55,13,3,25,1,5,13,0,2,2,13,272,2,0,0,0,0,65,2,0,0,0,4,1,0,1,3,0,0,0,0,1,2,0,15,0,0,2,0,46,0,30,0,3,7,0,3,0,1,0,2,0,0,2,5,0,9,5,4,0,0,3,0,1,0,0,2,0,1,0,4,0,0,0,0,11,4,1,5,25
2021,"Wandsworth 026","E02000948",10022,1064,9,8,2,0,0,4,48,1,191,1,30,322,0,3,7,3,12,0,6,7,2,1,7,9,6,0,4,306,0,0,1,34,3,0,12,4,1,4,16,322,95,2,5,13,2,0,6,1,9,10,1,37,4,0,1,0,0,51,0,0,0,0,8,47,7,2,0,0,4,2,3,12,456,9,0,64,1,338,6,2,1,13,2,10,1,0,3,6,603,2,0,0,1,3,0,7,1,6,0,1,7,1,1,1,0,1,0,5,1,0,10,0,5,1,1,1,2,1,1,3,2,3,4,0,4,2,45,3,0,2,0,0,0,1,1,2,1,0,9,229,72,138,0,6,0,0,16,7311,4,2,1,2,2,1,115,5,0,2,0,12,19,1,1,4,0,11,5,9,5648,2,273,5,67,0,33,21,7,3,26,9,4,321,1,80,25,1,0,3,9,4,8,0,0,58,0,4,25,0,14,0,0,51,127,43,28,19,22,2,3,1,51,2,53,11,9,15,1,2,13,1,2,2,6,266,0,4,1,2,0,52,0,0,0,0,4,0,1,2,4,0,0,0,0,3,0,3,5,1,4,1,0,89,0,13,0,1,1,0,4,0,0,0,0,0,0,4,2,2,1,4,2,0,3,1,0,0,0,0,1,0,1,0,10,2,1,6,0,3,7,0,0,21
2021,"Wandsworth 027","E02000949",10006,716,1,3,0,0,0,4,35,1,107,0,29,267,3,6,13,1,10,0,6,10,5,1,4,4,5,0,6,152,0,0,0,20,3,0,5,1,0,8,6,139,56,0,0,4,0,1,1,0,4,4,0,12,1,0,1,1,0,25,0,0,1,0,0,16,1,1,0,0,7,1,0,2,238,0,0,31,1,179,0,0,0,5,0,10,0,0,8,4,524,1,3,0,3,6,1,7,1,0,0,1,4,3,0,4,6,0,0,1,0,3,7,0,14,4,6,0,5,2,1,1,1,0,1,0,0,2,30,8,0,4,1,0,2,0,2,0,0,0,12,214,45,98,3,6,0,0,11,8210,1,6,0,0,0,0,107,5,1,3,0,8,7,3,2,3,0,6,7,16,6568,2,294,2,89,0,30,25,4,0,35,8,0,302,1,123,7,4,0,2,3,4,18,4,0,76,0,4,27,1,15,5,0,85,60,27,21,25,11,5,3,4,44,0,42,10,5,18,1,7,8,1,0,1,4,179,0,1,2,0,2,40,0,0,0,0,5,0,2,4,2,0,1,1,0,4,0,0,4,1,1,4,0,33,1,10,0,4,9,0,5,0,1,2,1,0,0,0,3,1,1,6,1,0,0,0,0,0,0,1,0,0,0,0,1,1,1,2,0,1,0,2,0,18
2021,"Wandsworth 028","E02000950",7586,1221,28,6,1,3,0,8,28,4,97,2,52,207,12,11,34,0,22,0,2,8,1,6,5,4,9,0,2,597,0,0,1,24,3,0,8,22,1,6,7,376,180,0,1,4,1,0,7,0,5,3,0,14,6,0,0,0,0,19,0,0,0,1,0,113,1,3,0,0,9,0,4,5,253,6,3,33,0,186,0,0,0,3,0,17,0,0,3,2,431,3,0,0,2,3,2,6,2,7,0,9,3,3,0,1,6,0,2,0,2,0,6,0,6,0,1,2,2,5,0,2,2,0,3,1,2,1,30,4,3,1,1,0,3,2,0,1,0,0,7,87,63,125,0,4,0,1,15,4881,2,21,0,2,1,0,34,5,4,1,1,24,23,2,0,2,2,15,7,16,3043,1,292,5,55,2,34,40,4,0,41,40,8,134,0,115,7,27,0,10,9,5,6,0,0,29,6,6,65,12,10,0,0,98,196,42,49,45,33,8,10,1,68,19,67,22,6,32,0,0,8,0,4,2,3,424,5,4,0,2,1,140,3,0,1,2,5,4,0,1,2,0,0,0,0,4,0,0,10,3,2,2,0,56,2,30,0,1,0,0,10,0,4,1,2,1,0,14,5,4,16,9,0,1,2,0,0,0,0,0,1,0,0,0,6,3,1,0,1,19,2,0,5,37
2021,"Wandsworth 029","E02000951",6438,747,11,0,2,0,0,4,49,0,70,1,10,296,1,1,1,0,7,0,4,21,2,0,5,8,2,0,0,205,4,0,0,16,0,0,4,5,5,5,8,238,86,0,0,12,0,1,5,0,12,0,0,26,1,0,0,1,0,34,0,0,1,1,5,36,4,0,0,0,9,1,0,3,297,5,1,61,2,204,6,0,0,1,0,11,0,0,5,1,344,0,0,2,3,5,1,3,1,2,0,0,4,2,0,0,1,1,3,0,1,0,3,0,11,1,4,1,1,1,0,1,2,0,1,1,3,23,26,1,0,0,1,0,0,0,0,0,0,1,1,115,22,83,3,0,2,0,7,4615,0,1,1,0,5,0,56,0,3,6,2,8,5,1,0,3,3,3,1,8,3587,0,167,5,45,0,18,13,9,1,16,7,2,187,0,59,10,0,0,5,2,4,9,1,0,32,1,5,25,1,10,0,0,58,71,29,25,13,6,3,3,3,14,3,24,9,5,3,0,6,3,2,0,4,4,197,1,2,0,0,1,44,0,0,1,0,0,0,0,5,0,0,0,0,0,0,0,1,13,3,0,5,0,20,4,6,1,0,2,0,1,0,3,0,2,0,0,6,5,5,24,5,1,3,2,1,1,1,0,0,0,0,5,0,4,0,1,0,0,4,0,0,0,14
2021,"Wandsworth 030","E02000952",6143,565,6,0,4,0,0,0,22,2,63,0,15,209,0,0,6,0,0,0,0,8,2,0,1,1,2,0,2,198,1,0,0,13,1,0,0,1,0,3,5,258,97,0,0,19,0,0,2,2,12,3,0,19,1,0,4,1,0,29,0,0,6,0,0,41,1,0,3,2,13,0,2,1,301,0,0,46,0,230,1,2,0,6,0,9,0,0,0,7,393,0,1,1,0,0,2,6,0,3,0,2,2,12,0,1,3,0,3,1,2,0,5,1,11,0,1,0,0,4,0,0,0,1,1,0,1,0,32,1,0,1,1,1,8,1,0,3,0,2,0,126,28,113,0,4,0,1,7,4454,0,1,0,0,1,1,57,1,1,3,0,11,21,2,0,0,0,2,1,8,3435,0,166,0,37,4,16,16,4,3,15,4,0,211,2,48,4,1,0,2,5,7,4,1,0,35,0,2,23,0,2,0,0,33,117,19,20,13,4,1,5,0,21,0,41,3,2,6,0,1,7,0,2,0,2,172,3,0,0,0,0,23,0,0,0,1,4,0,1,0,0,0,0,2,0,0,0,0,4,2,0,2,2,42,6,8,0,0,7,0,0,0,0,1,0,0,0,7,1,0,2,4,1,3,2,1,0,0,0,0,3,0,4,0,2,1,0,0,1,5,7,0,0,20
2021,"Wandsworth 031","E02000953",7500,1033,10,1,1,0,0,2,40,0,81,0,194,262,0,4,8,4,7,0,0,3,0,3,12,7,7,0,2,305,1,0,0,43,0,0,8,13,0,4,11,287,116,6,0,16,0,0,2,1,1,2,0,28,8,0,0,1,0,46,0,0,0,0,3,31,1,4,0,0,11,2,8,0,262,4,0,51,1,198,0,1,0,2,1,3,0,0,0,1,385,0,1,0,0,1,0,1,0,3,0,1,2,3,0,0,2,0,0,0,0,2,5,3,12,0,1,0,0,5,0,0,2,0,3,0,0,2,34,2,1,1,0,3,2,0,1,0,0,0,5,112,40,101,1,9,3,0,21,5312,0,2,0,0,3,0,60,2,0,5,0,8,28,2,4,3,0,5,6,11,4056,3,143,8,41,0,12,24,3,14,23,11,0,223,0,82,6,1,0,1,22,2,8,0,0,34,0,0,45,0,11,0,0,49,93,29,30,21,7,2,4,1,79,1,40,4,0,17,1,0,12,1,0,2,7,221,0,0,0,0,0,52,1,1,0,0,3,2,1,2,3,1,0,0,0,4,0,3,2,19,0,1,0,32,0,15,0,0,2,0,5,0,5,0,0,0,0,10,5,0,2,4,2,0,1,0,2,3,0,0,0,0,6,0,4,0,3,4,1,2,0,0,0,18
2021,"Wandsworth 032","E02000954",6087,1441,28,0,2,0,1,4,143,6,49,0,38,557,0,2,2,0,3,0,2,50,4,4,2,7,0,0,2,463,3,0,2,51,0,0,5,5,0,1,5,272,93,0,0,2,0,0,1,0,8,12,0,19,3,0,1,0,0,25,0,0,2,0,1,66,0,1,0,1,8,0,25,4,254,2,1,53,1,178,0,0,0,3,0,12,0,0,2,2,339,0,2,1,0,1,0,0,0,3,3,1,4,2,0,2,6,0,1,0,0,2,8,0,7,1,0,0,4,0,0,2,1,0,0,0,0,3,21,1,1,1,0,0,4,0,1,0,0,0,4,119,36,80,0,1,0,2,14,3602,1,5,2,1,0,1,63,1,0,4,0,19,11,0,1,0,0,3,3,4,2721,1,105,2,31,0,27,10,13,0,14,7,0,177,1,57,4,0,1,1,7,2,4,1,0,17,0,3,23,0,9,0,0,37,67,19,18,12,2,0,0,1,17,9,34,6,3,5,0,3,6,1,0,0,5,179,7,1,0,1,3,47,0,0,0,2,1,0,2,5,0,1,0,0,0,0,0,0,7,3,0,2,0,22,3,1,0,0,0,0,5,0,10,3,4,0,0,2,3,0,0,10,0,1,1,0,0,0,0,0,1,0,0,0,3,1,2,1,0,4,1,0,0,19
2021,"Wandsworth 033","E02000955",6891,1820,16,5,9,1,0,7,105,6,76,1,43,534,0,1,8,0,5,0,5,28,6,1,6,12,1,3,1,597,1,2,2,267,0,0,37,4,0,10,20,266,84,0,0,11,1,0,6,3,4,2,3,24,3,0,1,1,2,41,0,5,0,0,2,46,4,1,4,0,6,0,3,9,482,5,0,67,1,364,1,0,1,13,2,17,1,0,5,5,534,0,0,0,1,8,0,1,0,5,3,1,1,1,0,1,2,10,0,0,0,0,3,0,6,3,4,1,0,2,0,3,0,1,2,0,0,0,39,1,0,0,1,2,2,3,1,0,0,0,7,155,55,192,1,0,1,0,15,3521,0,7,2,1,0,0,47,1,0,3,0,16,11,0,0,5,0,4,0,2,2589,0,117,2,44,1,8,18,2,3,6,5,0,203,1,53,3,1,0,0,4,5,2,0,0,18,0,1,21,0,2,1,0,41,100,17,19,21,4,0,4,2,10,4,28,3,0,39,6,0,8,0,3,0,3,268,0,4,2,0,0,65,0,3,0,0,3,0,3,7,1,0,0,1,0,4,1,0,11,3,1,2,0,19,6,6,1,0,1,0,2,0,8,0,0,0,0,10,9,0,2,9,1,0,2,0,1,1,0,9,8,0,8,0,9,0,1,24,2,1,0,0,0,17
2021,"Wandsworth 034","E02000956",7420,1427,44,3,4,2,1,5,87,0,98,0,181,405,2,3,10,1,3,2,2,20,1,0,4,9,6,5,4,402,0,0,0,80,1,0,31,3,0,4,4,546,154,13,0,18,1,2,6,0,17,4,0,53,0,0,2,0,0,64,0,0,0,0,2,169,8,11,1,4,11,0,0,6,505,9,0,77,0,382,4,1,0,4,2,12,0,0,3,11,496,0,0,0,0,0,1,11,1,1,2,4,4,5,1,0,3,0,3,1,0,1,2,0,9,1,0,0,0,0,0,2,0,1,0,0,0,0,63,2,0,3,2,0,1,0,0,2,0,0,6,126,68,147,2,2,2,0,17,4077,0,11,4,0,1,2,58,1,0,3,6,19,19,0,1,0,3,5,3,3,2808,0,201,2,40,0,7,16,1,0,10,7,2,218,1,64,3,5,0,2,75,2,4,4,0,12,0,1,36,1,5,0,0,46,179,26,25,20,11,2,10,2,18,4,38,6,2,5,3,1,3,0,4,0,6,369,8,0,0,1,1,95,0,0,0,0,0,1,1,3,2,2,0,2,0,1,1,0,6,10,0,0,0,59,3,9,2,2,2,0,3,0,13,1,4,0,0,17,1,1,5,5,2,0,11,4,2,0,0,0,2,0,12,0,3,6,10,3,0,5,5,2,0,41
2021,"Wandsworth 035","E02000957",10866,2374,91,1,3,0,3,5,96,5,140,0,199,609,0,8,2,2,6,0,7,44,0,1,1,14,9,0,1,834,0,7,1,171,1,7,75,7,0,10,14,568,175,1,0,6,3,0,5,0,8,2,0,75,6,0,6,3,1,59,0,0,0,0,0,191,1,3,0,0,9,2,7,5,625,7,1,108,2,459,1,0,1,6,2,21,0,0,0,17,655,6,0,5,0,0,0,13,0,5,1,7,4,0,2,0,1,3,5,0,1,2,8,0,18,1,0,0,1,2,1,0,1,0,2,0,1,2,57,2,0,0,3,2,3,0,0,0,0,0,9,183,93,186,0,3,0,1,21,6088,0,5,3,2,0,0,60,1,1,0,1,25,35,1,0,7,1,11,2,3,4268,4,262,3,44,0,24,32,5,9,18,17,0,380,0,115,6,6,0,6,19,5,8,3,0,29,0,0,51,1,7,4,0,63,256,40,42,19,7,6,10,4,30,3,60,9,2,8,0,10,13,0,3,3,16,556,13,13,3,2,3,107,1,4,0,3,4,1,4,5,1,0,0,0,0,0,2,4,9,24,1,0,1,69,3,8,4,4,3,0,8,0,19,1,5,2,0,6,14,5,1,26,1,1,3,0,8,0,0,0,6,1,33,0,8,5,5,42,2,2,11,0,2,43
2021,"Wandsworth 036","E02000958",8275,1405,30,2,17,4,0,19,72,4,50,7,47,452,1,3,7,1,5,0,3,19,3,1,2,4,2,3,1,469,0,0,0,72,0,0,77,5,0,8,15,484,156,0,0,10,0,0,4,0,4,14,1,59,3,0,0,0,0,52,0,0,2,0,0,158,3,1,0,0,4,1,7,5,550,7,2,61,1,434,2,0,0,6,1,17,0,0,13,6,529,4,2,0,1,2,2,5,0,3,0,0,0,4,2,1,0,0,2,0,3,1,4,0,11,3,2,0,2,3,1,2,0,0,0,0,0,0,39,1,1,0,0,0,9,2,1,2,3,3,6,127,86,167,3,4,1,0,14,4997,1,4,0,0,0,6,31,1,0,6,0,9,10,3,0,5,1,5,1,6,3792,1,198,2,37,0,27,11,3,0,15,13,0,191,1,46,9,0,0,4,10,1,3,1,0,30,1,2,49,0,14,0,0,61,172,54,19,21,8,2,4,0,16,12,29,10,7,10,0,3,8,1,4,0,6,310,28,0,2,1,0,40,0,0,0,1,1,0,0,6,0,0,0,0,0,0,1,0,11,16,0,4,0,44,2,7,1,0,7,0,0,0,6,2,4,0,0,7,11,6,2,5,3,2,2,0,1,1,0,0,9,0,0,0,8,0,7,30,0,4,8,0,0,20
2021,"Wandsworth 037","E02000959",7871,946,43,0,4,4,1,7,47,1,48,3,46,204,0,4,1,0,8,1,0,2,2,2,4,2,7,0,0,419,1,0,0,44,0,0,12,3,0,6,20,844,309,2,0,30,1,0,5,4,13,8,0,76,5,0,1,1,3,81,1,3,0,1,3,233,9,0,37,0,14,0,1,3,741,9,2,113,0,568,7,1,0,7,4,17,1,0,1,11,697,1,0,0,3,1,6,36,0,15,0,8,6,4,6,0,0,3,4,2,2,2,11,0,49,0,0,1,1,0,2,8,4,1,14,0,0,1,55,2,1,2,0,0,7,2,2,0,2,3,7,119,103,175,4,4,0,0,18,4260,1,16,1,1,1,0,32,1,0,2,1,19,39,1,0,6,0,5,0,7,2592,1,358,2,26,0,12,6,6,4,35,24,1,161,0,75,3,0,0,11,19,2,9,0,0,21,0,2,73,0,8,7,0,53,277,127,25,37,8,0,13,2,14,4,68,9,0,5,3,14,7,1,0,0,2,383,7,0,0,2,2,67,0,1,4,1,4,4,4,2,0,1,0,0,0,4,1,0,13,3,0,2,0,102,0,3,1,0,0,0,12,0,6,0,1,0,0,7,3,2,4,15,4,1,4,1,3,0,0,0,4,0,17,0,10,5,5,11,0,7,2,1,0,30
2021,"Westminster 001","E02000960",6147,1257,8,0,0,0,1,2,90,1,204,2,43,508,2,17,187,0,14,0,5,0,1,1,2,7,6,0,0,108,1,1,8,16,0,9,1,2,0,9,1,225,56,0,0,8,0,0,3,0,6,2,0,3,7,0,0,1,0,102,0,0,2,0,0,12,6,0,7,0,5,0,0,5,42,3,0,2,1,33,0,0,0,1,0,1,0,0,0,1,302,1,0,1,1,2,0,0,0,6,0,2,0,1,1,2,0,0,0,0,0,1,2,0,12,0,7,0,3,0,0,1,0,0,2,1,1,1,32,2,0,0,1,0,3,0,0,0,0,2,6,130,41,26,0,4,0,0,7,3558,1,11,0,11,4,3,32,4,31,4,1,6,9,1,0,3,2,2,4,14,1755,1,330,7,99,10,32,78,8,0,42,4,16,105,8,86,65,12,0,4,7,0,0,8,4,144,0,4,46,17,17,3,0,115,30,19,23,21,39,9,10,5,17,1,43,24,6,77,0,8,15,4,0,0,37,763,6,1,1,2,0,324,1,0,1,0,1,0,1,0,5,0,0,0,0,2,0,2,13,10,3,1,0,40,1,127,0,6,44,0,38,0,0,0,5,0,0,3,2,0,38,1,10,0,0,0,1,1,0,3,0,0,0,0,4,4,2,0,0,16,0,1,1,41
2021,"Westminster 002","E02000961",9811,1356,56,0,0,0,7,4,217,0,171,0,121,363,7,25,90,0,22,1,7,3,0,1,0,9,3,21,5,155,0,0,3,25,2,2,2,13,3,7,11,336,131,1,5,10,1,0,5,2,15,20,0,9,4,0,1,1,5,49,0,1,1,3,1,27,17,0,12,1,3,0,0,11,162,7,1,23,5,106,3,0,0,2,2,10,0,0,0,3,641,0,0,0,0,10,0,7,2,4,0,1,3,4,2,1,1,1,19,2,0,7,8,0,19,0,5,0,5,0,6,1,1,0,4,1,1,3,43,6,0,1,0,1,10,1,2,0,0,0,34,240,68,61,2,10,0,0,44,5645,0,62,5,6,6,19,42,8,4,8,2,10,22,3,0,7,2,3,6,26,2947,0,377,4,134,2,75,152,18,1,36,20,14,185,5,156,98,78,0,7,9,1,16,1,0,209,6,9,74,26,35,1,0,193,37,54,36,81,80,5,6,4,14,12,71,21,13,38,2,8,6,5,0,0,22,1671,10,9,0,5,0,987,1,0,0,0,0,0,1,0,2,2,0,3,1,4,0,3,12,13,0,5,0,57,2,123,2,4,68,0,137,1,0,2,18,2,0,25,12,2,34,11,5,0,0,1,11,1,0,0,0,0,0,0,3,3,3,0,0,40,1,0,0,45
2021,"Westminster 003","E02000962",7707,1628,7,0,1,0,13,3,100,0,179,0,86,674,1,50,234,0,31,0,8,0,5,4,1,9,5,9,4,157,0,0,0,25,5,3,1,5,0,5,3,328,122,0,3,2,1,1,11,0,48,14,0,15,3,0,0,1,0,61,1,0,4,0,3,14,13,2,3,0,2,0,1,3,144,5,0,27,3,94,3,0,0,3,0,5,0,0,0,4,455,2,0,2,0,34,1,4,0,4,0,0,1,4,1,1,3,0,1,3,0,5,9,0,24,0,3,1,2,0,1,0,2,1,2,0,0,5,61,9,0,0,3,0,3,0,1,0,1,0,6,131,50,44,2,3,0,0,25,4089,1,30,0,0,1,6,16,7,2,17,6,20,23,0,1,5,1,5,4,13,1829,1,399,5,107,3,59,116,21,1,57,12,38,171,14,166,67,38,0,6,7,2,7,0,3,107,2,2,56,28,10,3,0,182,49,35,33,31,67,5,3,4,16,0,66,13,4,41,2,11,4,2,2,0,24,1063,1,4,0,1,1,530,1,0,1,0,2,0,0,0,6,1,0,1,0,0,0,2,18,4,0,0,0,61,5,148,3,10,57,0,42,0,3,0,10,0,0,28,7,3,35,8,4,0,0,0,1,0,0,0,0,0,0,0,4,0,0,0,0,6,4,0,7,44
2021,"Westminster 004","E02000963",10522,1690,130,1,0,0,12,11,861,0,79,0,241,139,3,21,10,0,5,1,1,2,1,1,0,3,13,4,3,88,0,0,6,23,1,1,0,13,2,7,7,954,320,6,2,23,2,2,23,1,41,28,0,29,4,0,2,5,6,77,0,0,22,0,6,253,39,0,36,0,10,0,4,13,978,7,2,144,0,747,4,2,3,15,1,30,1,0,9,13,868,4,0,4,0,12,0,12,0,12,2,3,1,10,0,0,0,2,9,4,2,3,2,0,16,4,1,2,1,4,1,2,1,0,9,1,0,3,124,9,0,3,1,1,5,4,0,2,0,1,11,108,172,239,1,16,0,2,42,4247,0,37,0,13,0,9,30,2,1,3,1,18,13,3,3,2,2,1,7,11,2498,0,256,2,46,1,39,34,7,4,39,12,0,271,0,101,17,59,3,0,9,0,6,0,4,39,0,4,92,17,8,3,0,96,77,131,30,18,22,4,1,2,12,4,83,8,0,12,0,4,2,2,0,0,12,1785,11,5,3,5,6,1104,0,0,0,0,15,0,2,2,5,4,0,0,0,4,1,3,13,32,2,4,2,50,2,55,3,1,13,0,96,0,1,5,74,0,0,54,6,1,27,21,2,1,0,1,3,0,0,0,0,0,20,0,4,0,0,0,3,37,0,0,6,76
2021,"Westminster 005","E02000964",12133,1503,61,1,2,0,7,2,544,0,127,0,183,257,1,31,15,1,7,4,14,3,1,0,4,11,27,28,2,96,0,0,1,27,4,3,3,11,0,15,10,1072,468,2,5,22,1,4,67,0,105,36,5,22,3,0,0,2,21,96,2,2,35,0,0,91,17,4,15,0,14,1,5,27,1234,26,3,168,4,955,11,1,0,7,0,30,3,3,1,22,907,5,2,4,0,6,0,12,1,7,3,5,3,3,0,0,3,0,1,9,4,3,11,0,31,4,2,4,5,0,2,2,1,0,1,4,3,6,101,16,0,0,2,3,3,1,1,2,1,0,10,124,179,246,0,7,1,0,63,5430,2,41,2,8,1,0,63,15,1,7,9,18,16,2,1,7,3,5,3,14,2928,5,432,6,78,3,40,94,6,7,42,18,6,301,1,213,19,55,0,9,18,0,14,2,5,49,2,7,79,12,10,7,0,123,112,96,60,34,57,10,7,4,29,9,114,16,4,26,0,14,7,0,2,0,20,1987,13,7,0,3,1,1153,2,2,2,1,5,3,3,1,1,2,1,1,0,4,0,5,29,15,1,1,0,99,5,81,7,0,14,0,99,0,0,1,73,0,0,111,4,3,41,52,4,0,0,0,11,0,0,0,0,3,0,0,3,1,0,0,2,16,0,1,4,96
2021,"Westminster 006","E02000965",7881,953,5,0,2,0,1,2,214,0,156,0,66,280,5,17,28,1,23,2,5,4,6,0,1,2,2,2,6,81,0,0,1,13,4,1,0,6,3,9,5,265,119,0,1,3,2,0,4,0,14,15,0,16,2,0,0,2,1,42,0,0,2,1,5,17,0,0,9,0,0,0,4,6,262,0,0,55,4,180,1,0,0,3,0,2,0,0,0,17,620,2,1,2,3,3,2,6,1,4,0,2,0,0,1,5,8,1,2,3,0,2,4,0,31,0,5,1,5,0,2,0,0,0,0,0,15,8,47,5,0,0,1,1,1,0,1,1,0,0,15,204,95,88,0,5,1,0,36,5009,1,13,2,4,3,2,80,8,0,4,3,14,18,5,1,6,3,1,5,9,2598,5,447,7,151,1,92,106,11,0,34,9,33,181,1,258,58,15,0,13,13,0,9,2,0,71,0,4,47,4,19,2,0,129,68,63,65,31,72,12,2,0,19,5,78,17,9,33,0,11,10,0,0,0,12,772,0,2,0,0,0,383,0,0,0,2,4,0,2,0,3,0,0,0,0,0,1,0,23,1,3,4,0,47,3,66,5,1,25,2,29,0,0,1,13,0,0,22,3,3,16,10,0,0,0,1,3,0,0,0,1,0,5,0,5,1,0,1,3,18,1,0,1,58
2021,"Westminster 007","E02000966",9239,1149,44,0,0,0,11,1,177,0,160,2,55,340,2,28,71,3,24,0,20,2,2,0,2,14,9,6,5,102,0,0,0,19,2,0,6,37,0,4,1,175,68,0,1,1,0,0,14,0,11,7,0,8,7,0,0,0,0,31,0,0,2,0,3,7,0,0,3,1,0,0,0,11,128,0,1,27,5,83,0,0,0,3,0,7,0,0,0,2,570,3,2,1,0,8,1,8,1,7,0,4,3,2,0,1,2,1,3,2,0,5,10,0,30,0,4,2,7,0,3,0,1,0,1,0,1,3,47,6,0,0,0,0,0,1,0,0,0,2,10,223,84,51,4,8,2,3,13,6214,0,9,1,13,6,6,73,14,0,10,0,12,26,6,0,6,5,5,13,31,3120,4,529,4,185,0,137,127,18,0,44,8,29,202,4,195,67,13,0,7,11,2,8,2,1,192,1,8,85,21,25,1,0,148,161,29,72,24,90,10,3,1,16,7,122,19,15,166,3,14,7,7,1,1,12,1003,1,0,0,0,0,535,3,1,1,0,3,0,1,1,4,0,0,1,0,2,0,5,16,2,3,1,0,53,1,79,1,4,51,3,65,0,1,2,7,0,0,32,4,1,24,5,8,2,0,0,16,0,0,0,1,0,0,0,5,0,0,0,0,14,1,0,1,42
2021,"Westminster 008","E02000967",6044,1436,8,1,2,0,4,0,111,0,261,0,59,581,8,11,127,0,14,0,10,3,7,2,17,8,8,3,3,117,0,0,0,20,5,5,3,8,3,20,7,172,69,0,3,6,0,0,3,0,9,7,0,3,3,0,0,0,0,45,0,0,4,0,0,8,0,1,6,0,0,0,1,4,37,0,1,7,1,22,0,0,1,0,0,0,0,0,0,5,330,2,2,0,0,4,4,1,0,1,0,3,0,0,0,2,1,0,1,0,1,1,7,0,22,1,1,1,3,0,1,0,1,0,1,0,2,4,31,2,0,1,0,0,2,1,1,0,0,3,9,139,33,15,0,8,1,0,17,3443,1,5,1,3,2,7,37,7,0,10,1,15,5,0,1,0,8,5,10,26,1513,0,345,10,180,4,113,97,19,0,37,12,9,76,7,113,37,8,3,0,7,1,4,2,0,89,2,5,38,12,9,5,0,156,26,24,48,29,94,6,3,0,13,3,63,14,5,33,1,5,0,2,0,0,17,626,2,0,1,0,0,329,1,0,0,2,0,0,1,0,7,0,0,1,0,1,0,3,4,0,1,0,0,44,4,50,1,12,27,0,22,0,0,2,4,0,0,16,8,2,11,3,4,0,0,0,4,0,0,0,0,0,0,0,3,0,1,0,0,8,1,0,0,46
2021,"Westminster 009","E02000968",14472,3384,91,0,0,0,47,4,2040,3,268,0,206,256,10,26,32,2,14,25,20,5,3,1,4,12,25,27,9,174,0,0,0,25,2,3,1,29,1,11,8,1199,476,8,21,21,0,1,27,2,91,65,0,41,5,0,3,0,11,69,0,4,18,0,6,112,106,4,62,0,4,1,6,35,522,15,3,69,0,392,1,0,0,4,2,14,0,0,5,17,796,5,3,2,0,14,0,1,4,6,0,3,2,3,3,0,0,0,2,0,0,3,7,0,28,2,3,0,3,4,2,3,1,0,2,9,2,17,61,1,1,2,1,0,0,0,2,1,0,6,42,133,213,132,1,18,0,0,48,4837,9,119,7,16,3,2,18,3,0,5,11,20,12,0,0,6,6,3,9,14,2460,2,377,33,107,3,51,78,8,5,34,15,9,167,0,164,13,154,8,10,10,0,1,2,0,28,3,1,65,22,6,7,0,147,61,97,84,28,87,6,0,2,7,5,95,13,2,27,1,9,14,5,1,0,40,3734,21,9,0,8,5,2400,1,2,1,1,9,0,5,2,2,0,0,0,0,4,2,4,19,15,7,1,0,86,2,87,1,7,12,0,515,0,6,2,69,2,0,152,14,0,27,20,8,0,0,0,4,1,0,0,0,0,9,0,11,2,0,0,1,36,4,1,9,128
2021,"Westminster 010","E02000969",9609,1442,73,3,1,0,9,6,555,0,174,0,178,187,2,30,17,0,5,12,13,1,1,0,3,11,15,3,5,101,0,0,0,11,3,0,1,9,2,8,3,883,355,8,21,25,0,0,31,0,61,40,5,43,8,0,0,0,10,68,0,4,6,1,0,81,11,4,74,1,8,1,5,12,675,23,0,150,1,453,2,2,0,8,0,16,1,0,2,17,666,3,4,8,0,15,2,20,0,14,0,1,3,1,0,2,1,0,2,1,0,8,7,1,16,3,0,2,0,0,2,2,0,0,0,7,2,0,72,8,0,0,0,0,2,0,0,0,1,4,14,89,146,152,7,9,0,0,35,3574,0,36,1,5,3,2,15,2,0,13,5,15,11,1,0,7,6,7,3,11,1742,0,298,5,41,2,27,70,11,0,32,6,22,141,0,101,11,227,4,4,15,1,2,4,0,32,0,5,37,15,5,5,0,110,50,52,52,31,62,6,8,4,5,11,84,12,1,30,0,9,19,2,1,0,17,2369,21,13,0,9,2,1395,0,0,0,0,2,1,1,2,1,1,0,0,0,4,0,7,17,23,1,4,0,57,4,64,2,9,7,0,347,0,4,1,31,0,0,96,12,5,52,12,8,0,0,2,6,0,0,0,0,0,5,0,7,3,0,0,4,20,1,0,2,104
2021,"Westminster 011","E02000970",6845,1100,4,0,0,0,2,0,19,0,187,0,62,527,7,19,48,3,32,0,32,0,0,1,8,5,8,3,2,86,0,3,0,5,7,8,4,7,1,7,3,100,43,0,1,1,1,0,0,0,8,7,0,1,1,0,0,0,1,25,0,1,3,0,0,0,0,0,2,0,1,0,0,4,70,3,0,21,0,39,0,0,0,1,2,1,0,0,0,3,399,0,1,2,0,2,3,1,0,0,0,3,0,0,1,0,0,1,4,0,1,2,5,2,18,0,4,0,1,0,2,0,0,0,3,1,0,2,31,0,0,0,0,0,3,0,1,2,0,1,18,153,36,20,0,3,1,1,70,4555,1,4,0,7,0,7,37,17,0,8,2,20,10,3,1,2,5,8,7,25,2018,3,429,11,273,4,96,149,6,1,49,11,12,117,5,133,53,1,2,3,8,1,3,0,2,191,1,15,41,23,13,3,0,213,29,43,51,14,88,8,3,3,9,3,66,36,40,72,1,15,4,0,3,0,13,621,3,1,0,0,1,340,6,1,0,0,1,0,0,0,1,3,0,0,0,0,0,0,18,7,3,7,0,29,3,40,0,2,31,3,16,0,0,1,3,0,3,6,5,0,11,4,0,0,0,1,0,0,0,0,3,0,0,0,4,0,2,0,0,22,0,0,0,40
2021,"Westminster 012","E02000971",7469,1293,8,0,2,0,11,1,188,0,323,0,60,412,2,9,54,0,13,0,14,1,2,4,1,8,10,4,3,99,1,1,0,14,6,11,0,12,1,8,10,170,93,0,0,1,1,0,2,0,1,1,0,4,2,2,0,0,4,40,0,2,1,0,1,1,0,3,3,0,2,0,3,3,64,5,0,7,0,45,1,1,1,1,0,2,0,0,0,1,484,1,0,2,0,2,2,2,2,0,0,1,12,1,0,6,0,0,2,0,3,1,12,2,23,1,3,0,1,0,0,0,0,0,1,0,0,3,29,6,0,0,2,0,2,0,0,0,0,0,13,181,92,46,1,8,0,0,21,4521,1,9,0,11,3,2,43,13,4,16,0,26,17,2,0,2,12,6,23,14,1807,2,476,6,249,0,93,252,21,1,30,7,8,118,2,159,44,2,0,4,8,1,8,0,9,219,0,9,34,18,19,5,0,142,44,27,71,43,66,12,2,5,9,7,177,29,12,34,0,15,3,1,3,0,4,937,1,0,0,4,0,586,5,0,0,0,0,0,0,0,7,0,0,0,0,3,0,1,7,21,8,6,1,50,3,51,1,2,20,0,50,0,1,0,5,0,0,12,0,0,19,5,3,0,1,0,0,0,0,0,4,0,0,0,5,0,0,1,1,14,0,0,0,39
2021,"Westminster 013","E02000972",7876,1281,12,0,0,0,1,2,259,0,395,0,102,276,6,13,58,0,19,0,6,2,0,5,5,18,5,5,2,32,0,0,0,13,2,5,0,17,0,19,2,359,132,3,0,9,1,0,7,0,14,13,1,2,3,0,0,1,1,24,1,0,1,2,1,20,0,3,4,2,2,1,2,109,137,3,0,33,1,78,4,0,0,4,0,3,0,0,8,3,534,0,1,0,1,5,0,0,3,7,0,1,0,0,2,1,0,1,0,1,0,5,6,0,28,0,2,18,2,2,1,0,1,0,2,1,3,3,53,3,0,0,0,0,4,0,0,0,0,0,4,200,80,59,0,5,3,0,26,4819,0,5,0,3,0,8,44,18,1,22,4,16,16,1,0,6,6,6,15,30,2202,3,388,41,231,4,86,166,19,2,43,16,7,152,4,174,31,29,2,5,26,4,10,0,1,113,1,10,48,14,7,3,0,156,51,43,62,28,71,13,28,3,10,5,175,23,18,34,3,32,3,0,0,0,18,746,2,3,1,7,0,349,2,0,0,0,0,0,1,0,7,0,0,0,0,0,0,1,15,13,2,3,0,63,2,43,2,1,24,0,32,0,0,0,10,1,1,11,1,3,18,13,8,0,1,0,0,0,0,0,0,0,2,0,2,6,0,0,0,22,1,0,0,73
2021,"Westminster 014","E02000973",9959,1267,25,0,1,3,29,4,185,0,275,0,94,279,8,30,40,0,15,2,124,3,2,4,3,9,11,8,3,55,0,0,0,24,6,1,1,8,0,9,6,641,127,1,9,6,0,0,42,0,32,15,1,10,6,0,0,0,1,43,1,0,6,0,0,300,3,3,21,0,4,1,4,5,209,3,0,41,3,148,0,0,0,2,0,9,0,0,0,3,770,4,1,1,0,8,0,4,0,4,0,2,1,19,0,2,6,1,3,10,1,3,10,2,26,3,3,1,1,0,0,1,3,0,1,0,1,5,45,4,1,0,0,1,13,3,11,1,0,3,10,227,102,149,5,12,0,1,55,6235,1,16,4,5,2,2,101,8,6,13,4,62,20,6,3,9,4,3,11,34,3177,3,580,9,222,0,94,125,21,1,34,11,12,205,4,213,48,10,0,8,7,1,9,0,1,162,1,27,41,13,28,2,0,166,55,50,120,43,101,7,3,0,17,5,110,61,9,59,1,16,8,11,0,0,10,837,16,3,0,0,0,430,3,0,0,0,7,0,0,0,6,1,0,0,0,0,0,4,48,8,5,3,0,42,2,45,3,2,17,0,54,0,0,2,13,0,0,17,0,0,14,11,1,0,1,2,0,0,0,0,0,0,5,0,8,2,0,0,0,9,0,1,1,51
2021,"Westminster 015","E02000974",8693,2040,21,0,0,0,25,2,72,1,357,2,80,487,12,20,89,0,25,3,240,7,0,2,2,13,8,15,7,342,0,1,0,152,9,1,1,19,2,13,10,372,140,1,6,13,1,0,8,0,13,9,0,7,1,0,0,0,4,68,0,1,7,0,0,12,2,3,52,0,2,0,2,20,186,6,1,84,1,74,0,0,0,5,0,1,0,0,0,14,535,4,0,0,0,16,0,6,0,4,0,1,2,2,0,0,4,0,2,5,0,3,26,0,37,0,8,2,3,0,1,3,0,0,4,1,1,7,41,1,2,0,0,2,12,0,1,0,0,0,11,141,60,37,1,10,0,0,74,4043,0,12,1,6,2,5,42,3,3,18,1,13,23,0,1,2,16,6,20,15,1823,4,394,8,143,2,71,102,35,2,34,21,21,99,2,166,23,12,2,11,19,1,3,7,0,82,0,7,48,34,17,9,0,155,28,25,65,38,93,13,3,3,14,3,93,21,8,44,0,5,12,7,0,1,21,1517,2,3,0,9,1,1036,0,0,0,0,6,0,0,1,0,1,0,5,0,0,1,4,18,6,5,9,0,46,2,93,2,5,15,1,98,0,0,3,1,0,2,13,7,2,23,8,3,0,0,0,0,0,0,0,1,0,3,0,0,0,1,0,0,11,1,0,6,63
2021,"Westminster 016","E02000975",7408,1082,3,0,0,0,2,0,59,0,369,0,46,285,4,10,61,0,24,0,28,4,4,3,0,4,13,2,7,83,0,0,0,28,7,10,1,15,0,9,1,231,89,0,3,2,4,1,2,0,11,8,0,1,2,1,0,0,2,71,0,1,0,0,1,11,0,2,3,0,7,0,4,5,76,1,0,18,3,46,0,2,0,1,0,2,0,1,0,2,495,0,1,7,1,2,3,3,0,7,0,4,0,3,0,3,6,0,0,6,1,1,10,0,47,0,5,0,3,0,0,0,0,0,0,1,1,1,41,4,1,2,0,0,0,1,1,1,0,1,4,148,41,85,1,12,0,1,35,4665,0,25,0,5,2,1,68,12,0,18,2,19,24,3,0,9,14,15,14,16,1945,2,466,10,179,3,80,115,65,6,43,14,5,131,1,229,14,37,0,13,11,1,8,2,0,64,0,15,48,11,7,2,0,229,69,42,126,49,84,12,7,0,16,7,139,16,17,41,4,12,6,3,1,0,11,859,1,2,0,16,5,465,0,1,0,0,7,0,0,0,3,0,0,0,0,2,0,0,11,2,3,4,0,59,0,79,2,3,15,0,29,1,5,1,2,0,0,23,4,2,17,9,7,1,0,0,1,0,0,1,0,0,0,0,7,2,3,1,0,6,0,0,0,57
2021,"Westminster 017","E02000976",8433,1490,21,2,5,0,1,4,120,1,506,0,69,294,4,26,75,1,28,5,80,5,0,0,9,17,7,7,7,103,0,0,0,24,28,5,2,18,0,11,5,289,103,0,2,4,1,1,4,0,18,23,0,4,4,0,0,0,2,52,0,1,1,0,1,36,7,2,12,0,2,0,1,8,104,1,0,16,2,66,1,0,0,3,0,6,1,0,2,6,537,3,2,2,0,5,4,2,0,4,0,2,0,2,1,1,5,1,0,2,0,2,10,0,33,1,6,1,2,2,5,2,1,0,2,1,6,4,42,7,2,2,0,0,4,0,0,0,0,2,28,154,79,52,0,23,2,0,26,4882,0,11,0,3,2,9,62,14,3,21,2,24,53,2,0,5,13,8,8,17,1842,11,504,17,223,1,102,203,34,4,46,15,17,108,3,231,43,7,6,7,37,1,3,0,0,133,4,10,81,18,18,3,1,208,79,55,102,61,102,7,7,2,17,14,114,29,8,44,1,13,7,1,0,0,21,1131,1,3,2,0,1,613,3,0,0,2,13,1,0,0,3,0,0,0,0,7,0,1,22,4,6,6,0,77,1,70,1,3,30,0,58,0,2,2,2,0,0,28,6,2,27,8,6,1,1,0,0,0,0,0,1,0,3,0,7,3,1,0,0,24,3,1,1,74
2021,"Westminster 018","E02000977",6385,1419,5,0,1,0,3,2,113,0,649,0,72,326,3,3,43,0,19,0,15,2,1,0,16,3,13,2,6,53,1,0,0,17,6,4,3,14,0,15,9,173,97,8,0,0,1,0,6,0,7,11,0,4,0,0,0,0,0,13,0,1,0,0,1,4,0,0,7,0,3,1,4,5,84,0,0,12,1,52,0,0,1,7,0,6,0,1,1,3,400,1,1,2,0,3,1,3,0,2,0,3,0,0,1,0,1,2,1,0,0,0,7,1,14,0,1,0,5,0,0,2,0,0,1,0,12,2,43,18,0,1,0,0,1,1,4,1,0,1,3,132,46,55,0,4,1,0,23,3858,1,6,0,2,0,3,21,14,4,7,4,21,13,0,0,4,7,4,13,14,2154,1,371,2,111,0,71,66,15,0,24,7,7,122,4,119,25,7,0,3,10,2,3,0,1,70,1,8,32,4,16,2,0,103,44,28,43,22,67,6,8,2,5,0,28,18,14,35,2,17,2,5,1,0,12,451,3,5,0,0,1,211,1,0,0,0,6,0,1,0,2,1,0,2,0,0,0,0,14,5,1,1,1,43,6,27,0,2,7,0,1,0,2,2,1,0,3,20,0,1,8,0,1,0,2,12,0,0,0,1,0,0,0,0,3,0,0,0,0,13,1,0,1,39
2021,"Westminster 019","E02000978",7124,1188,5,0,7,0,0,6,31,2,363,0,82,433,4,10,39,0,20,0,15,0,1,1,4,12,5,3,3,75,0,0,0,17,3,15,6,14,0,6,6,138,27,0,0,1,0,0,0,0,1,1,0,33,1,0,0,0,0,57,0,0,1,0,0,7,2,1,3,0,2,0,0,1,41,1,0,4,2,26,0,1,0,2,0,1,0,2,0,2,393,0,0,0,0,4,0,0,1,1,0,3,0,1,0,1,0,0,2,0,1,1,8,0,8,0,2,0,0,5,1,0,0,0,1,0,0,1,46,7,0,2,1,0,3,1,0,0,0,0,9,154,90,17,1,6,0,0,15,4753,0,8,0,18,2,6,41,17,2,5,1,14,18,1,0,3,3,2,9,26,2328,4,460,9,155,1,68,77,9,1,36,20,13,113,9,188,29,10,0,0,5,0,9,1,0,116,1,12,93,23,5,2,0,122,36,45,69,162,103,6,4,3,10,7,104,30,14,36,0,6,7,6,0,0,10,611,1,2,0,0,0,370,2,1,0,0,0,0,0,0,3,0,0,0,0,0,0,2,6,5,3,1,0,25,13,44,3,2,24,0,1,0,2,0,1,0,0,11,1,0,19,5,5,0,0,2,3,0,0,2,2,0,0,0,6,0,0,0,0,4,0,0,0,40
2021,"Westminster 020","E02000979",8089,1303,16,3,4,0,2,2,132,0,380,0,77,245,7,11,146,2,40,0,9,1,1,3,21,13,9,10,4,98,1,0,0,17,3,17,0,13,2,5,9,333,138,0,2,15,1,0,4,0,21,18,3,6,0,0,0,1,3,38,0,0,8,2,6,10,3,26,11,0,6,0,4,7,163,8,0,25,2,105,0,0,1,2,1,10,0,1,1,7,477,2,0,3,0,3,26,1,0,6,0,3,4,0,0,1,2,1,0,0,0,3,4,0,16,1,0,1,0,1,0,0,1,0,3,4,2,1,46,4,0,4,2,0,1,1,0,1,0,0,9,160,55,67,2,5,2,0,29,5086,2,14,0,1,0,7,45,9,3,11,3,17,15,0,3,8,2,4,17,11,2923,5,371,6,150,5,64,32,6,0,48,11,8,153,1,229,24,14,0,4,7,1,9,2,0,77,6,10,64,8,16,2,0,103,52,76,57,28,102,5,4,3,5,10,100,26,4,28,0,27,4,3,1,0,20,727,1,11,0,0,5,334,5,1,1,0,2,0,0,0,3,1,0,0,0,1,0,1,10,7,2,1,0,85,0,35,0,4,19,0,14,0,1,2,7,0,15,34,11,2,4,6,3,0,0,6,3,0,0,3,0,0,1,0,2,1,1,0,0,9,0,0,10,63
2021,"Westminster 021","E02000980",8729,1561,36,1,0,0,0,1,539,1,317,0,118,239,6,7,82,0,27,1,3,1,0,3,1,8,10,2,3,70,0,0,1,18,9,31,1,16,1,6,2,602,238,3,3,11,1,0,8,1,46,53,0,11,4,0,0,1,1,86,0,1,8,0,9,40,6,2,50,0,7,0,5,7,164,5,0,27,0,108,4,0,1,4,0,5,1,0,0,9,603,0,3,2,1,3,2,7,1,7,0,6,4,2,0,2,3,3,0,1,1,6,12,0,34,0,5,0,0,2,0,0,2,0,4,1,2,1,51,3,0,1,1,1,7,5,0,0,0,2,4,206,91,78,0,9,5,1,21,5021,2,34,0,3,0,6,46,4,2,5,3,11,25,0,2,9,7,7,6,10,2700,4,371,8,89,8,42,61,8,2,34,9,9,153,3,168,8,45,8,9,15,2,7,1,0,50,2,3,55,9,6,8,4,128,54,276,68,21,115,19,11,1,4,3,136,19,9,32,1,18,6,0,0,1,16,778,1,3,0,2,0,371,1,0,1,0,2,0,2,0,7,4,1,0,0,3,3,1,12,18,7,1,1,45,0,37,3,4,6,0,37,0,5,0,25,1,1,48,0,3,14,13,4,1,0,3,1,0,0,2,0,0,7,0,7,0,1,1,1,10,0,0,0,57
2021,"Westminster 022","E02000981",8259,855,13,1,0,0,1,9,105,0,214,0,57,218,22,14,35,1,22,3,3,4,0,4,6,6,7,3,3,52,0,2,0,11,5,2,0,12,6,10,4,395,245,6,3,6,1,0,14,2,11,5,0,10,0,0,0,3,0,28,0,0,1,0,1,26,0,0,12,0,2,0,2,17,189,3,0,40,1,139,2,0,0,0,0,1,0,0,0,3,513,1,1,2,0,2,0,7,0,7,0,3,2,2,0,1,5,2,1,0,0,0,5,0,19,0,2,0,22,0,1,2,2,1,3,10,0,1,40,3,1,2,0,0,3,0,0,1,0,0,12,123,79,113,0,6,0,0,26,5663,0,17,1,0,4,2,66,11,0,13,0,13,15,0,0,5,0,8,13,13,3652,4,328,5,149,1,80,55,4,2,15,11,5,182,2,187,19,8,0,13,22,5,6,0,1,80,1,9,41,6,13,1,0,118,56,52,72,16,41,13,0,0,13,1,102,22,7,16,0,7,4,2,1,0,32,644,2,2,0,0,4,271,2,2,0,0,2,0,0,0,23,3,0,0,0,4,0,0,17,22,1,1,0,47,1,20,2,0,5,0,28,0,2,1,14,1,0,52,17,1,6,7,1,0,0,0,3,0,0,0,3,0,0,0,4,5,0,0,1,22,0,0,0,45
2021,"Westminster 023","E02000982",7629,1233,35,0,2,0,1,6,376,0,224,0,123,184,5,20,47,0,17,0,3,4,1,3,0,7,27,8,0,91,0,0,0,18,2,12,0,9,2,4,2,447,175,6,6,11,3,1,37,0,31,38,0,18,1,0,1,0,1,37,0,0,9,0,0,24,1,2,30,0,3,0,1,11,298,5,0,44,1,213,2,1,0,6,0,7,2,0,3,14,486,4,2,0,0,7,1,3,0,3,0,2,1,2,1,0,2,0,1,4,1,1,6,0,28,0,3,0,0,2,0,2,0,2,4,1,0,3,50,0,2,0,1,0,1,0,0,0,0,0,12,108,77,126,0,6,1,0,16,4238,0,19,0,5,3,2,27,3,5,6,5,6,13,1,1,11,0,4,5,10,2437,0,336,8,70,9,40,24,7,0,30,13,10,141,3,125,6,40,2,2,9,9,10,5,1,46,0,3,53,12,8,1,0,111,67,131,37,22,56,7,4,2,19,5,90,14,9,50,1,8,3,2,0,0,14,927,23,1,0,0,2,466,0,2,2,0,3,0,0,0,4,1,0,0,0,5,0,0,19,13,1,1,0,76,1,44,2,2,6,0,41,0,1,1,15,0,0,45,3,0,21,13,0,1,0,1,7,0,0,0,4,0,13,2,16,4,0,0,0,17,0,0,0,48
2021,"Westminster 024","E02000983",7704,1306,62,0,0,1,6,5,422,1,287,4,80,177,7,19,45,0,33,4,5,0,1,0,12,7,18,10,3,43,1,0,0,15,6,10,3,11,0,5,3,450,189,0,7,13,0,0,19,4,32,14,0,10,0,0,0,0,3,68,0,1,1,1,1,24,18,1,21,0,7,1,3,12,164,8,0,38,1,93,0,0,2,8,0,3,1,0,0,10,524,2,6,2,1,21,1,8,3,4,0,1,0,1,0,7,1,3,3,0,0,2,8,0,12,3,1,0,1,1,0,3,4,0,2,0,3,14,52,2,0,2,1,0,0,0,1,0,0,0,10,114,83,103,0,23,1,0,14,4361,0,23,0,3,2,3,28,5,0,2,3,15,11,4,0,2,0,8,4,9,2752,2,273,3,54,1,48,44,5,4,34,12,8,148,0,111,7,34,1,7,7,1,10,0,0,32,2,3,36,15,14,1,0,92,70,75,60,26,37,7,6,1,10,2,99,12,8,43,0,6,4,0,2,0,10,899,12,3,0,2,5,459,0,0,1,0,1,0,0,2,5,3,0,0,0,2,0,3,10,16,2,3,0,76,3,44,1,1,2,0,95,0,2,0,12,0,0,18,1,4,29,8,1,0,1,0,4,0,0,0,0,0,0,15,8,2,0,4,0,13,2,0,0,24
2021,"Bromley 040","E02006782",8124,829,20,0,0,1,0,3,73,2,124,2,20,293,1,6,5,0,1,0,9,4,0,4,1,8,1,0,0,55,0,0,0,104,0,0,57,3,6,17,9,524,226,0,1,21,0,0,1,4,0,0,1,47,9,0,0,0,0,173,0,0,0,0,4,7,0,0,0,1,10,3,10,6,679,4,0,175,1,456,5,0,0,11,4,16,3,0,0,4,543,1,0,0,1,2,3,1,1,4,1,1,3,5,0,1,0,0,4,2,0,4,12,1,3,2,1,0,0,4,0,5,0,0,5,1,0,0,52,5,0,1,0,1,0,1,0,6,3,0,5,85,64,240,0,1,0,0,11,5226,0,23,0,0,1,4,20,0,0,4,1,10,31,4,0,3,5,2,2,3,4369,0,131,3,12,0,7,14,5,4,5,5,3,110,0,24,0,3,0,8,17,2,4,0,0,11,0,0,28,1,10,0,0,54,55,9,29,85,8,2,9,1,10,3,12,3,2,23,21,3,3,0,0,0,5,323,3,4,0,4,1,37,0,0,0,0,0,3,0,3,3,0,0,7,0,2,0,1,16,3,0,14,0,31,2,8,1,2,1,0,11,0,0,0,7,0,0,1,3,3,1,1,0,1,0,0,0,0,0,1,0,0,0,0,3,0,3,27,2,23,60,3,0,27
2021,"Lewisham 037","E02006783",7775,701,13,0,0,0,0,6,42,0,135,0,24,114,0,4,5,0,0,0,1,5,0,1,3,9,0,27,10,14,0,0,0,199,0,0,54,3,2,18,12,989,446,0,0,50,6,8,3,7,2,4,0,61,2,0,1,0,0,317,0,3,0,4,10,28,7,1,1,2,9,2,4,11,1188,10,1,202,0,877,9,0,0,14,21,45,0,0,1,8,613,1,2,1,0,0,0,6,1,5,3,2,10,3,1,1,0,0,3,4,1,1,9,0,13,0,3,1,0,5,0,3,2,0,6,1,1,0,47,2,0,0,0,2,1,3,0,3,6,0,1,53,111,275,0,3,0,1,16,3982,0,25,3,0,1,0,9,2,0,3,0,20,35,0,0,3,6,1,0,2,3046,0,134,2,5,0,6,15,4,12,10,15,0,75,0,32,0,5,3,8,33,0,3,0,1,4,0,0,56,1,7,13,0,52,87,24,32,87,3,4,3,0,4,1,20,3,0,31,19,9,1,1,1,0,0,302,2,7,0,2,0,32,0,0,0,0,2,2,2,0,1,2,0,1,0,0,0,6,15,3,0,2,0,27,0,4,0,1,1,0,6,1,4,0,0,2,0,3,2,2,1,2,0,0,1,1,1,0,0,11,0,0,4,0,10,1,24,29,0,21,44,0,7,13
2021,"Lewisham 038","E02006784",7964,792,32,0,0,0,2,0,67,1,99,2,38,132,1,3,1,0,0,0,1,11,1,0,5,5,5,0,2,70,0,2,3,209,3,0,60,0,17,17,3,899,408,6,0,33,13,6,3,7,2,1,0,53,5,0,0,2,0,272,1,1,0,1,16,33,4,3,0,0,10,0,7,12,1265,18,0,265,1,898,4,0,7,21,0,36,5,1,2,7,592,0,0,0,1,5,0,7,4,6,6,3,6,6,0,0,0,0,5,2,2,1,11,1,5,0,0,1,0,2,0,10,0,0,2,1,0,0,57,10,0,1,0,0,2,1,2,1,4,0,3,71,87,247,0,3,1,3,12,3989,0,19,2,0,0,1,4,0,0,0,0,18,23,1,0,0,10,4,0,2,3081,0,127,0,20,0,7,5,1,0,3,3,0,101,0,37,5,12,0,9,13,2,2,0,0,1,0,1,123,0,4,0,0,41,118,8,14,85,8,0,3,3,3,4,12,0,1,16,22,5,3,0,0,0,2,427,5,5,0,10,0,38,0,2,0,3,0,4,3,4,1,0,0,11,0,1,0,2,6,4,0,8,1,50,5,1,1,0,1,0,40,0,2,1,1,0,0,0,4,0,1,3,1,1,2,0,0,0,0,0,4,0,2,0,8,8,23,30,0,26,81,5,0,18
2021,"Bexley 029","E02006785",6622,1087,11,0,0,0,0,2,61,0,169,1,12,455,0,0,4,0,7,9,0,1,0,0,180,7,0,0,0,47,0,5,0,71,0,0,20,4,0,16,5,381,124,0,0,18,0,1,3,1,0,0,0,35,5,0,0,0,1,154,0,1,0,0,6,0,0,3,0,0,12,0,15,2,143,1,1,32,4,93,3,0,0,2,1,0,0,0,0,6,198,0,0,0,0,0,0,0,0,4,0,0,3,0,0,1,2,0,0,1,0,3,4,0,5,0,0,0,0,1,1,0,0,0,0,0,0,0,16,0,0,0,3,0,0,1,0,1,1,0,0,46,27,68,0,4,0,1,5,4614,0,17,0,0,0,2,1,0,0,0,0,4,28,0,0,0,5,0,0,1,3980,0,82,0,11,0,6,12,0,0,10,7,1,69,0,14,0,0,0,4,32,2,4,1,0,3,0,0,50,0,1,3,0,46,54,6,16,49,17,3,8,0,5,0,17,1,1,11,11,17,0,0,0,1,1,199,6,3,2,0,0,6,0,1,0,2,4,0,0,1,4,0,0,0,0,0,0,0,5,0,2,7,0,8,2,0,0,0,1,0,4,2,2,0,0,4,51,1,1,1,0,0,0,0,0,1,0,9,0,2,3,0,0,0,0,0,0,5,0,18,23,1,0,17
2021,"Greenwich 033","E02006786",7559,1126,18,0,2,1,3,6,57,1,74,0,20,233,0,0,1,0,2,1,1,4,0,11,354,3,16,1,1,84,1,5,0,159,0,0,32,3,0,29,3,1292,542,1,0,87,3,0,6,6,5,5,5,58,3,0,1,2,1,461,0,3,0,0,6,47,4,2,0,0,17,2,10,15,606,22,2,182,1,339,9,5,1,6,14,14,0,0,3,8,470,2,2,0,1,0,0,3,3,3,0,0,4,3,0,0,0,0,2,3,0,0,2,0,9,0,0,0,0,1,0,4,5,0,0,1,1,0,33,1,1,1,0,2,0,1,0,3,1,0,2,71,119,173,0,2,0,2,9,3766,1,15,0,0,0,0,4,6,0,0,0,3,35,1,1,3,0,3,2,0,2911,1,132,1,6,0,5,10,1,10,3,17,0,74,0,17,0,0,0,15,41,2,6,0,0,19,0,1,103,1,5,1,0,25,47,23,11,143,10,1,3,1,2,2,11,1,2,13,6,5,1,0,0,0,3,299,7,13,0,2,6,21,0,0,0,0,1,0,2,0,0,0,0,0,0,1,0,0,8,1,0,1,1,24,4,1,0,8,0,0,7,0,7,0,0,1,56,2,8,3,5,4,0,0,2,0,0,1,0,3,24,0,5,0,2,0,1,6,3,10,26,1,0,21
2021,"Bromley 041","E02006787",7904,472,15,0,0,0,0,5,54,1,84,0,7,198,0,6,8,0,2,0,0,5,0,0,6,4,0,0,2,24,0,0,0,26,0,0,8,6,0,3,8,214,114,0,0,10,0,0,11,0,0,1,0,10,0,0,3,3,0,35,0,0,0,2,4,5,6,2,0,0,1,0,2,5,297,4,0,59,0,220,0,0,1,1,2,4,3,0,0,3,529,1,1,0,1,0,2,4,1,15,0,2,1,0,4,0,7,1,2,1,0,1,8,1,5,3,1,2,0,4,0,0,2,0,0,0,0,0,48,0,0,0,0,0,1,0,0,1,3,1,4,161,57,162,2,3,0,1,15,6232,0,23,5,0,1,0,22,3,1,2,0,8,3,1,0,1,1,2,2,8,5336,0,171,3,27,0,15,15,2,4,13,8,1,192,0,36,10,1,0,1,8,5,19,0,0,9,0,0,13,1,11,5,0,37,38,12,12,33,12,6,5,0,13,1,21,2,0,20,14,7,1,0,4,0,5,160,0,0,2,0,1,32,0,0,0,3,1,0,0,1,2,0,0,4,0,0,0,3,6,2,3,5,0,9,4,3,2,1,1,2,1,2,2,1,0,0,0,2,1,1,1,0,5,0,0,0,2,0,0,1,0,0,0,0,1,2,0,6,0,5,19,0,0,21
2021,"Croydon 045","E02006788",7620,731,66,0,1,7,0,12,60,0,54,0,19,226,0,5,1,0,2,0,0,3,0,4,4,5,4,0,3,155,0,0,0,58,0,0,20,2,5,8,7,887,415,1,0,43,5,4,18,2,10,1,0,167,4,2,0,3,0,135,2,0,0,3,6,32,3,1,0,3,8,2,5,12,1503,17,1,228,0,1162,4,0,6,22,3,41,2,0,0,17,778,1,1,0,2,2,2,23,1,7,2,0,10,5,1,0,4,0,9,0,5,1,2,1,7,4,0,1,1,2,0,11,0,0,1,0,0,2,40,4,0,1,1,0,1,1,0,0,0,1,4,124,93,382,0,1,0,0,17,3433,0,13,0,0,0,2,11,1,0,0,0,3,19,0,0,1,0,2,0,10,2688,0,111,0,19,0,5,7,3,15,5,10,2,112,0,36,0,0,4,5,13,1,6,3,0,9,0,1,19,0,0,0,0,59,111,20,18,39,1,0,2,1,6,0,10,6,0,8,2,2,8,0,0,0,4,288,1,5,1,2,0,50,2,1,0,2,1,0,0,0,0,1,0,0,0,0,0,6,4,1,0,0,0,19,5,6,3,3,0,1,31,0,15,1,0,0,0,2,3,1,11,3,3,0,0,1,1,0,0,7,3,0,0,0,9,0,9,24,0,21,12,0,0,17
2021,"Bromley 042","E02006789",6774,115,0,0,0,3,0,0,23,0,10,0,1,59,1,0,1,0,3,0,0,1,0,0,1,1,0,0,0,4,0,0,0,6,0,0,0,0,0,1,0,33,15,0,0,1,0,0,1,0,0,0,0,6,0,0,0,0,0,10,0,0,0,0,0,0,0,0,0,0,0,0,0,0,55,0,0,9,0,37,0,1,0,3,0,2,0,0,0,3,196,0,0,0,0,0,1,4,0,1,0,0,0,2,0,0,0,0,3,0,1,0,9,0,3,0,0,0,0,2,0,0,0,0,0,0,0,0,10,0,0,0,0,0,0,0,0,0,1,0,0,43,15,88,0,2,0,1,10,6324,4,5,0,0,0,0,14,1,0,0,0,0,4,1,1,0,0,0,0,5,6004,0,39,0,5,0,6,3,2,5,0,6,0,64,0,11,5,0,0,0,3,1,4,0,0,11,0,0,6,0,3,0,38,14,14,0,11,8,0,0,1,1,2,6,3,1,1,4,0,0,0,0,1,0,6,51,0,0,0,0,0,1,0,1,0,0,0,0,1,0,0,0,0,0,0,0,0,0,4,0,1,0,0,0,0,1,2,0,1,0,2,0,0,0,0,0,0,0,0,1,0,0,1,0,2,0,0,0,0,0,0,0,0,0,0,0,0,2,0,2,8,0,0,21
2021,"Ealing 040","E02006791",7569,815,46,2,0,0,0,2,24,0,127,0,45,289,1,25,34,0,16,4,5,2,1,0,6,4,8,7,5,84,1,3,0,28,3,2,5,11,1,10,14,256,55,1,0,2,0,0,1,0,11,3,0,9,1,0,0,1,0,30,0,2,2,0,0,82,22,7,0,0,6,0,18,3,301,0,0,44,0,243,1,0,0,4,0,6,0,0,2,1,490,0,3,0,5,1,2,5,1,0,0,1,2,0,3,1,3,0,1,0,2,4,14,0,29,3,3,0,1,3,1,3,1,0,4,0,1,1,46,3,1,1,2,0,4,0,0,2,0,0,4,162,57,79,4,6,4,2,15,5286,2,7,0,0,1,11,71,2,0,7,8,38,10,0,0,2,0,17,6,14,3389,2,402,3,91,1,37,43,8,0,25,19,4,191,3,139,6,1,0,6,20,1,5,0,0,44,5,3,44,7,24,8,0,103,102,61,34,29,28,14,3,0,22,18,60,11,6,34,1,6,3,2,0,0,22,421,7,1,0,0,1,158,3,1,0,2,5,0,0,0,4,3,0,0,0,2,0,0,6,4,0,7,0,22,0,55,1,5,2,0,17,0,2,0,0,0,0,10,3,1,4,5,2,0,1,1,0,5,0,0,10,0,8,1,4,0,0,0,2,16,0,0,0,40
2021,"Hounslow 029","E02006792",9006,1231,22,1,0,0,1,6,28,0,228,0,48,423,6,24,46,0,13,5,7,2,1,111,8,11,11,4,0,114,2,1,1,40,9,7,3,30,0,9,9,193,60,2,0,2,0,0,2,0,3,2,0,28,13,0,0,0,0,19,1,1,0,0,2,25,9,1,2,1,5,0,5,10,110,1,0,25,3,66,2,0,0,1,1,5,1,0,0,5,645,2,3,1,0,11,0,5,1,5,0,6,3,6,2,1,3,1,2,17,0,2,11,0,28,3,5,0,0,2,1,0,4,0,1,2,0,1,54,5,0,4,0,0,2,2,1,10,0,1,11,197,86,101,4,4,0,0,34,6077,0,8,0,3,1,10,75,1,0,0,4,36,41,4,0,21,7,3,7,22,3645,1,381,6,77,0,40,67,6,2,42,23,10,293,3,212,17,2,1,1,12,7,7,2,0,64,1,4,103,5,16,3,0,89,151,53,64,30,46,19,9,2,14,6,113,12,9,92,1,23,8,0,1,1,38,750,9,8,0,1,0,414,7,0,0,1,2,1,1,1,9,0,0,0,1,2,0,0,24,4,1,4,0,42,0,64,3,9,13,0,8,0,9,0,0,0,1,0,2,0,11,7,6,1,4,0,2,3,0,0,10,0,1,0,2,1,1,0,1,7,1,0,0,51
2021,"Enfield 037","E02006793",9639,1114,28,1,2,0,0,3,279,0,48,0,181,176,1,13,2,0,0,16,0,41,0,3,20,11,4,5,2,120,0,1,0,77,0,1,15,2,39,15,8,1838,622,10,1,67,4,1,70,4,26,20,3,198,3,0,0,3,0,236,9,2,0,1,8,465,13,1,3,1,34,3,8,22,1122,31,0,223,1,775,8,10,6,3,6,28,3,0,9,19,498,2,2,0,0,1,0,7,3,3,3,2,3,2,0,0,0,1,0,0,4,0,14,0,21,0,0,2,0,2,0,7,2,0,0,1,0,1,52,3,0,0,0,0,4,3,0,5,10,0,4,69,81,161,0,1,0,1,21,3545,0,71,0,0,0,1,4,0,4,0,2,13,212,0,0,0,16,11,1,0,1487,1,159,0,1,0,7,49,74,16,3,8,7,82,0,51,1,31,52,2,17,0,1,1,0,0,0,0,68,5,2,0,0,70,137,33,53,141,6,1,2,0,1,1,4,0,0,576,45,3,0,1,0,0,11,1522,3,12,2,10,0,97,0,1,0,0,7,56,1,24,0,1,0,12,0,0,2,13,29,14,16,50,1,28,0,21,1,0,3,0,280,2,25,0,3,36,0,17,8,5,12,8,7,0,5,0,2,0,0,14,0,0,48,0,3,0,8,11,3,406,104,3,1,107
2021,"Haringey 037","E02006794",8287,594,20,1,0,0,2,1,183,0,49,1,37,104,6,5,7,0,2,6,1,22,0,2,0,7,5,0,0,56,0,6,0,11,0,6,0,0,19,31,4,1640,599,0,0,54,0,8,87,6,34,29,1,234,4,0,0,3,0,130,1,0,1,3,3,315,13,0,5,2,63,0,11,34,1481,25,0,185,1,1163,8,12,1,29,3,27,3,0,6,18,592,4,2,0,1,1,1,6,0,6,5,5,8,6,0,0,2,1,3,0,4,3,10,2,20,0,0,0,0,4,2,9,2,0,2,0,0,0,54,3,1,0,0,1,3,1,3,1,7,2,0,51,97,233,0,6,1,0,19,2944,0,26,0,0,0,0,3,1,2,0,0,19,249,1,0,0,6,3,0,0,1217,0,134,2,7,3,8,71,23,19,8,19,4,80,0,31,6,17,57,3,16,0,1,3,1,4,3,1,63,0,5,0,0,65,236,24,33,181,9,3,3,1,2,2,18,7,1,198,21,2,8,0,1,0,13,1036,0,20,0,5,0,88,0,2,1,0,6,87,5,1,3,1,0,5,0,0,0,2,58,9,0,6,2,127,0,6,3,0,2,0,151,1,11,1,2,11,2,3,4,9,16,6,2,0,11,0,4,0,0,10,0,0,40,1,11,2,0,2,0,223,20,6,0,48
2021,"Harrow 032","E02006795",8272,4581,149,10,18,1,2,31,50,1,72,1,10,2496,1,22,11,0,7,0,0,8,4,0,55,17,3,0,4,280,4,7,3,799,0,3,492,3,8,0,9,179,45,0,0,2,0,0,1,3,1,1,0,12,1,2,0,0,0,40,0,0,0,0,1,37,12,8,1,6,3,0,0,3,234,4,0,49,0,174,0,0,0,2,0,4,0,0,0,1,257,0,6,1,2,1,1,9,0,0,0,0,1,1,0,0,0,5,0,0,0,0,1,1,3,0,2,0,0,0,0,0,0,0,0,0,0,1,18,0,0,0,0,0,0,0,0,0,0,0,6,102,23,60,1,2,0,0,10,2180,0,8,0,0,1,1,6,0,0,0,0,4,5,1,1,4,0,0,0,1,1226,0,85,2,4,0,3,15,4,6,2,8,0,97,0,9,3,2,0,3,3,0,1,0,0,3,0,0,72,0,1,0,0,55,112,17,24,362,4,0,4,0,1,0,9,2,0,0,0,5,0,0,1,0,3,841,48,0,6,0,0,141,1,3,0,2,0,0,0,3,0,0,0,1,0,0,0,0,4,0,1,4,0,8,22,7,0,1,2,0,7,0,2,0,1,0,135,6,12,8,0,6,8,0,2,0,0,5,0,18,39,0,0,0,3,0,70,239,0,7,1,0,0,18
2021,"Hillingdon 033","E02006796",9686,2589,143,2,2,4,3,25,56,0,144,0,38,1545,2,13,3,0,1,0,3,15,1,3,54,7,2,8,4,222,2,20,0,134,0,4,90,9,0,14,16,279,73,0,0,13,1,0,4,0,7,5,0,34,11,0,0,1,0,30,0,1,0,0,2,69,26,0,0,0,2,0,0,0,265,0,0,35,0,209,0,0,3,4,0,6,0,2,3,3,467,1,3,0,7,0,0,3,0,4,0,0,2,3,0,0,2,0,1,0,0,0,6,0,3,1,1,0,0,0,0,1,3,1,3,2,0,1,44,3,0,0,0,0,3,1,0,0,0,0,2,153,47,143,0,6,2,5,10,5566,0,12,0,0,0,1,15,0,0,2,2,5,23,1,0,2,3,2,0,1,4210,3,151,0,11,0,7,8,6,1,13,17,5,290,0,28,0,0,0,5,25,2,7,0,2,6,0,1,91,4,2,3,0,64,258,13,47,132,5,6,8,4,4,7,23,1,1,11,0,8,2,0,0,0,5,520,27,0,0,6,4,145,1,1,0,0,1,0,0,2,4,0,0,0,0,3,0,6,7,0,0,5,0,16,6,43,0,0,2,0,17,0,1,0,8,0,10,3,2,4,31,5,1,0,12,0,0,5,0,2,19,0,6,2,12,0,9,38,1,14,1,0,2,36
2021,"Lewisham 039","E02006798",8892,1196,53,0,0,2,1,5,69,0,394,0,25,138,4,5,11,2,6,0,5,11,1,0,9,5,5,2,11,75,1,0,0,47,4,0,16,8,6,272,3,1863,748,9,6,82,0,16,35,13,26,7,10,157,10,4,1,3,0,458,0,2,1,0,25,129,21,0,0,0,32,2,7,59,1139,30,3,224,2,770,7,0,1,18,10,55,1,0,0,18,656,6,0,1,0,2,2,5,2,4,2,4,7,0,0,1,0,2,2,3,3,0,8,0,21,2,1,0,3,3,0,9,3,0,2,1,2,0,54,2,0,1,0,1,4,0,2,1,0,2,7,83,128,247,3,4,0,1,15,3460,3,15,3,0,0,4,24,2,3,4,7,14,17,0,1,5,0,8,0,8,2215,3,218,7,20,2,29,18,2,8,30,21,0,106,0,99,7,7,0,10,27,2,4,1,0,35,0,3,53,0,8,2,0,71,84,27,44,28,16,0,5,0,3,2,60,8,0,19,7,15,6,0,4,0,6,578,2,13,0,2,1,50,0,1,0,1,2,3,7,0,3,2,0,2,0,0,0,1,15,2,2,2,0,218,1,12,0,1,4,0,18,0,3,2,1,0,1,4,3,5,7,11,8,0,0,1,3,9,0,4,0,0,10,0,6,9,6,19,1,14,27,9,4,46
2021,"Barking and Dagenham 023","E02006799",12043,3596,36,0,0,0,0,6,1134,2,51,0,85,946,3,2,2,0,0,0,1,27,6,2,17,2,1,0,4,1150,2,23,0,36,0,0,32,5,0,5,16,1376,691,7,0,60,0,2,34,2,6,0,0,114,16,0,11,4,0,316,3,0,0,0,3,48,0,0,7,3,21,1,13,14,603,31,6,190,1,326,8,7,0,9,6,10,1,0,0,8,455,4,0,2,0,0,0,10,0,3,1,0,4,0,0,0,0,1,2,6,0,0,4,1,3,3,0,0,3,0,0,0,1,2,0,0,3,0,33,3,2,1,1,0,1,5,1,0,4,5,0,102,105,122,0,3,0,0,14,5373,0,63,0,0,0,1,2,1,4,0,0,4,64,0,0,1,0,2,0,0,3912,2,150,0,8,1,4,10,1,6,5,13,0,73,0,8,0,27,0,15,221,1,2,0,6,2,2,0,129,4,1,0,0,98,85,8,64,305,12,0,7,0,5,5,7,4,0,8,6,6,4,0,0,0,4,640,4,9,1,10,3,256,0,0,1,0,1,2,2,0,0,0,0,0,0,0,1,4,17,20,1,4,1,15,5,0,1,0,0,1,2,2,35,0,0,0,7,8,1,16,1,2,9,5,7,0,0,7,0,13,74,0,9,5,1,0,5,12,0,13,15,0,0,32
2021,"Redbridge 034","E02006800",14683,8779,114,9,2,0,0,16,2028,4,65,4,51,3129,2,7,0,7,1,0,3,30,15,3,9,9,0,0,3,3006,30,73,2,98,0,0,39,6,4,9,1,754,330,0,0,25,2,1,30,2,2,1,1,35,12,0,6,4,1,144,1,1,4,3,3,122,7,1,0,0,3,0,5,8,563,8,0,86,0,421,4,0,2,10,4,15,1,0,4,8,539,4,0,3,9,3,1,15,1,4,0,3,6,7,0,0,1,0,2,0,0,0,7,0,5,4,1,0,0,6,0,2,0,6,1,4,1,2,40,5,2,3,0,1,0,1,0,0,1,2,0,167,69,120,0,1,0,2,27,3135,0,42,2,0,0,0,5,0,1,1,0,4,33,0,0,1,1,3,0,0,1649,1,235,0,4,0,1,12,9,27,3,10,0,128,0,17,4,8,0,12,99,2,0,0,7,4,1,0,112,0,3,0,0,95,102,9,46,399,8,1,4,0,0,1,8,0,1,7,5,5,2,0,0,0,1,913,23,5,2,2,2,97,0,2,6,0,1,7,1,1,0,1,0,0,0,2,1,1,13,4,0,2,1,11,21,8,7,0,1,9,10,6,19,0,0,5,0,4,15,17,4,4,6,12,2,0,1,54,3,39,353,2,31,0,1,0,1,32,0,14,15,0,0,32
2021,"Lambeth 036","E02006801",8571,1636,1,0,3,0,0,3,107,0,796,0,84,370,6,8,21,0,37,1,6,4,0,2,0,13,6,0,2,78,0,0,1,17,3,13,0,21,3,28,2,707,277,3,0,24,1,4,20,4,17,17,0,71,2,1,1,1,2,145,0,1,3,0,5,78,2,2,10,0,2,1,4,9,536,17,0,104,7,365,5,2,2,5,8,11,3,0,3,4,556,1,1,1,0,5,0,9,0,5,1,3,2,7,0,1,1,0,7,1,2,0,7,0,42,0,1,1,2,1,1,3,3,0,0,0,2,1,42,3,0,1,0,0,5,0,0,0,0,0,3,155,70,142,1,4,4,0,15,4668,0,6,2,1,1,3,32,11,0,8,0,27,59,1,1,5,5,18,7,16,2750,4,333,8,97,0,77,49,17,0,34,15,4,186,0,157,20,1,2,2,8,4,4,1,0,40,7,1,42,3,6,2,0,72,71,86,52,57,43,23,5,6,20,3,72,11,15,26,6,11,2,0,2,0,8,468,4,3,1,1,1,138,0,1,0,3,6,2,2,4,7,3,0,0,2,7,0,2,22,13,0,1,0,104,1,12,0,0,7,0,15,0,6,1,1,0,0,5,6,0,4,8,2,0,1,2,9,0,0,0,1,0,1,0,7,1,0,1,0,11,3,1,3,32
2021,"Southwark 034","E02006802",9276,1460,16,0,0,0,1,3,404,2,487,1,45,254,8,11,14,0,26,1,13,1,0,0,10,8,9,4,3,66,1,0,0,13,6,1,1,17,5,21,8,1277,537,3,0,65,2,18,14,5,38,19,1,149,1,0,0,2,2,233,0,0,4,0,55,75,11,5,4,0,13,1,0,20,593,22,5,132,1,324,11,11,1,19,3,19,25,0,9,11,670,1,4,0,0,6,2,10,1,14,3,2,4,2,2,1,3,2,7,1,1,6,8,0,29,2,1,0,1,0,0,3,2,3,3,1,0,2,41,2,0,1,1,0,7,1,1,0,5,2,3,140,124,188,0,5,0,0,22,4617,1,11,3,0,3,2,44,6,2,11,1,11,27,5,2,7,1,5,11,9,2865,3,326,9,92,3,59,39,10,0,47,15,4,176,1,132,18,7,4,10,15,3,5,0,0,72,3,8,34,4,11,2,0,79,78,31,32,26,32,2,11,3,23,3,83,12,5,31,4,8,3,0,1,0,11,659,0,14,0,0,0,179,0,0,0,0,0,0,1,0,6,3,0,0,0,0,2,2,25,13,1,4,0,156,2,17,4,1,6,0,22,0,7,0,26,0,0,28,8,0,7,7,3,0,0,0,5,0,0,1,0,0,0,0,12,6,0,0,0,17,18,2,2,52
2021,"Sutton 025","E02006836",8718,2257,11,10,3,7,1,8,115,2,200,0,16,1112,0,12,17,2,34,0,7,18,8,0,16,9,2,4,3,419,0,0,1,121,1,11,69,2,0,3,13,156,59,2,0,3,0,0,1,0,0,0,0,11,5,0,4,0,0,48,3,0,0,0,2,0,0,0,3,0,6,2,6,1,88,8,0,19,1,48,0,0,0,3,2,7,0,0,0,0,353,2,0,0,0,0,0,1,0,3,0,1,1,2,0,1,6,2,0,0,1,0,4,0,5,0,0,1,0,1,1,0,0,3,2,0,0,0,27,0,1,0,0,1,7,0,1,6,1,0,6,163,30,59,2,3,1,0,8,5572,1,1,0,7,0,1,10,3,0,3,1,8,58,0,1,5,4,2,2,6,4778,1,91,0,6,0,17,14,11,1,6,7,2,149,0,24,3,0,2,3,8,2,4,0,0,9,0,2,14,1,6,0,0,52,68,20,4,23,19,3,5,2,20,8,10,3,1,31,3,3,10,0,0,0,13,292,0,1,0,1,0,73,1,0,0,0,0,0,0,0,8,0,0,0,0,1,0,0,10,3,1,5,0,6,7,48,1,0,7,7,14,0,8,0,0,0,0,0,1,0,6,2,0,2,2,0,0,0,0,0,8,0,0,0,3,0,4,35,0,2,5,0,0,20
2021,"Tower Hamlets 032","E02006853",11024,4983,9,0,0,0,2,2,2528,0,1128,2,42,856,6,9,19,0,43,0,22,5,1,11,1,4,12,0,38,140,1,0,0,16,14,7,2,6,0,55,2,498,161,0,0,28,2,0,10,1,7,4,3,20,5,0,0,0,0,58,0,1,4,1,3,70,75,6,9,2,6,0,7,15,303,6,0,99,1,162,0,0,0,6,0,6,0,0,9,14,575,0,0,2,0,3,0,12,0,3,0,1,2,5,1,0,2,0,1,2,0,2,16,1,17,1,1,0,0,0,1,3,0,2,0,0,3,0,77,4,0,1,0,1,5,5,1,2,0,3,9,170,75,118,0,0,0,0,23,4192,0,15,2,1,5,12,26,5,2,10,0,46,111,0,0,9,6,10,8,8,1857,7,351,8,74,0,53,130,14,3,29,56,4,107,2,167,5,8,1,16,41,3,1,1,3,50,0,4,120,1,3,8,0,97,87,46,82,87,109,15,17,2,14,0,107,14,6,49,0,30,5,1,5,0,16,473,4,2,0,1,12,150,3,1,4,0,3,0,0,1,8,1,0,0,0,0,0,0,5,0,3,6,0,53,1,26,3,0,6,0,2,0,2,1,8,0,0,22,3,0,3,4,1,0,0,0,1,0,0,1,1,0,19,6,0,4,0,2,1,20,43,7,10,19
2021,"Tower Hamlets 033","E02006854",7076,2626,0,0,3,1,0,0,923,0,745,0,22,618,7,4,33,1,39,0,12,1,3,1,3,3,7,0,7,96,0,0,3,20,11,5,0,16,2,34,6,252,74,0,0,3,0,1,10,0,2,6,0,10,2,0,2,4,2,36,1,0,1,0,1,51,23,2,1,0,0,0,8,12,101,4,0,11,2,67,0,0,0,1,0,5,0,0,4,7,325,0,1,1,0,0,3,3,0,0,0,2,4,1,0,1,3,3,1,1,1,0,5,0,17,1,1,1,1,0,1,2,0,5,0,1,0,0,40,5,1,3,1,1,0,0,1,1,0,0,0,96,52,46,3,4,0,0,11,3293,6,20,1,1,1,3,22,9,3,3,1,13,33,1,1,0,4,5,5,8,1317,1,304,7,62,1,61,128,3,3,25,31,3,83,0,214,17,2,0,9,25,1,2,0,0,35,0,8,62,2,7,5,0,107,90,46,50,65,105,11,6,3,10,1,48,21,6,56,2,24,75,0,2,0,7,479,0,0,0,0,6,238,0,1,4,0,4,0,2,0,14,0,1,0,0,1,1,0,6,10,0,3,0,49,2,17,1,0,4,0,3,0,3,0,2,0,0,9,3,2,3,5,2,0,1,0,0,0,0,0,5,0,6,2,1,3,0,0,0,25,7,1,0,32
2021,"Harrow 033","E02006882",14392,8203,281,13,12,4,5,25,50,2,65,9,52,6718,0,6,3,0,0,0,0,7,2,2,19,19,4,1,1,409,0,2,0,299,0,0,165,4,0,0,24,262,124,1,0,9,0,0,0,2,0,0,1,16,6,0,4,3,0,46,0,0,0,0,0,26,2,1,0,0,9,0,5,7,560,4,0,65,1,466,2,0,0,5,0,12,0,0,1,4,350,0,1,0,2,5,4,6,0,7,4,1,0,1,0,0,3,0,0,2,0,0,3,0,1,1,4,0,2,1,0,1,1,0,0,0,0,0,25,1,0,1,0,0,0,3,0,0,0,0,3,120,36,94,1,2,0,0,14,4272,0,8,0,2,0,1,3,1,0,0,0,3,28,1,0,0,2,6,0,4,1857,0,230,2,4,0,5,14,28,13,2,21,0,288,0,13,6,1,0,3,10,0,5,0,1,2,0,0,127,0,1,0,0,174,111,13,43,1195,1,0,6,0,0,5,6,1,2,9,4,1,0,0,4,0,5,745,11,5,7,0,0,300,1,0,0,3,0,0,1,0,1,1,0,0,0,1,0,1,18,3,0,15,1,5,51,13,0,0,3,0,13,0,4,0,0,2,2,6,2,9,4,8,8,0,0,0,0,0,0,49,9,0,0,0,0,2,28,79,0,8,3,0,0,68
2021,"Hackney 028","E02006918",8401,1219,38,0,1,0,0,1,264,0,59,2,22,635,0,3,8,1,8,7,1,0,0,3,1,3,0,0,1,103,0,0,2,3,2,0,0,2,3,43,3,1109,423,3,0,49,2,0,64,0,5,25,4,133,0,0,0,0,0,225,2,0,0,0,6,128,9,1,0,1,12,0,5,12,1058,23,0,187,0,731,5,2,0,14,1,56,0,0,8,31,530,3,2,1,0,2,1,1,2,0,0,2,1,1,0,0,3,4,4,3,3,0,11,0,14,0,0,0,1,1,1,9,0,3,0,0,4,1,44,2,0,1,1,3,1,0,0,3,1,3,4,73,84,212,0,2,0,1,17,3760,2,3,7,0,0,2,14,2,2,8,0,6,9,4,0,3,0,3,4,6,2333,1,214,3,38,0,21,11,5,15,11,12,0,152,6,72,104,1,15,9,5,0,10,0,0,36,0,2,38,0,10,2,0,77,145,12,37,24,4,0,75,0,5,3,21,30,2,96,10,8,0,0,1,0,9,725,14,23,0,0,0,55,0,0,0,2,8,0,2,0,1,4,0,3,0,0,1,1,10,4,2,0,1,65,1,15,3,0,89,0,58,0,6,0,3,6,0,15,2,0,6,10,1,5,14,0,0,3,0,1,11,0,44,4,6,2,0,0,0,165,26,1,1,31
2021,"Hackney 029","E02006921",7934,797,16,0,0,0,1,6,175,0,31,1,12,392,0,2,2,0,3,0,1,1,3,9,0,4,2,0,0,54,3,5,0,2,0,0,0,8,10,50,4,951,330,3,0,30,1,1,33,5,12,10,5,276,5,0,0,1,0,118,1,0,3,2,5,49,19,3,1,0,7,0,7,24,835,15,0,132,2,629,3,2,3,12,0,21,3,0,2,11,389,2,0,0,0,3,3,9,5,2,0,6,2,7,1,0,1,0,0,0,3,1,8,0,8,0,1,0,3,1,0,1,1,0,1,0,0,0,26,3,1,0,0,0,4,5,0,0,0,0,1,55,73,127,1,4,0,0,20,4122,0,16,0,0,0,0,14,3,1,14,0,5,15,0,0,2,1,1,3,1,2898,2,130,1,19,0,5,5,3,18,13,14,0,71,12,35,214,1,2,8,7,0,4,0,0,69,0,0,32,2,2,2,0,121,119,10,15,59,1,2,4,1,3,3,11,5,10,84,8,1,2,0,0,0,18,840,0,3,0,0,0,59,0,0,0,0,3,0,5,0,2,2,0,1,0,1,1,1,23,3,0,3,0,42,0,7,3,0,286,0,74,0,0,1,10,14,0,5,0,6,10,4,3,0,10,0,3,8,0,1,11,0,12,0,9,1,0,0,0,153,16,1,0,43
2021,"Redbridge 035","E02006924",13605,8822,76,2,5,0,1,19,1912,2,75,1,29,3073,0,6,6,55,0,0,2,51,22,3,6,22,4,2,5,3124,13,50,1,141,0,0,75,8,0,6,25,378,147,0,0,6,1,0,21,3,7,0,4,36,1,0,1,0,0,102,0,0,1,0,0,27,0,0,4,0,5,2,2,8,428,8,0,70,0,326,1,0,2,4,1,7,2,0,0,7,385,2,13,3,0,0,0,5,0,3,0,0,3,1,0,2,2,0,1,1,0,1,8,1,3,3,0,1,0,3,1,6,0,10,0,0,3,0,54,4,4,0,0,1,3,0,0,2,0,1,4,129,33,60,0,0,0,0,14,2838,0,24,0,0,0,0,5,1,1,1,0,7,51,2,0,0,2,3,0,0,1419,4,195,1,6,4,9,5,22,5,5,9,3,85,1,31,16,8,0,11,105,0,0,1,6,1,0,0,165,0,0,1,0,71,66,5,63,354,14,0,3,0,2,0,11,7,0,15,2,3,0,1,0,1,5,754,13,7,3,4,0,120,0,1,3,0,1,0,0,15,2,0,0,0,0,0,0,0,18,3,3,22,0,11,15,7,3,0,39,23,7,0,57,0,1,0,2,2,4,13,5,5,0,5,2,0,0,19,0,32,158,2,5,0,3,0,8,42,3,22,16,2,0,26
2021,"Redbridge 036","E02006925",14417,9640,28,7,1,0,1,14,2120,7,160,0,11,3570,2,10,2,43,0,0,14,49,6,2,4,31,0,1,6,2451,12,67,6,559,0,0,439,0,0,8,9,262,92,3,5,16,0,0,3,0,6,0,2,14,0,0,2,0,5,72,0,0,0,1,1,23,5,3,0,0,4,1,1,3,358,3,0,78,0,261,0,1,0,3,0,6,3,0,0,3,385,3,6,0,2,3,0,16,0,3,1,0,4,2,0,1,0,2,1,0,0,1,5,3,0,1,0,0,0,4,0,1,1,6,2,0,0,2,43,1,2,0,0,0,3,2,0,0,8,1,2,133,42,61,0,0,0,0,17,2803,0,17,0,0,0,1,3,1,0,0,1,0,61,0,0,0,2,2,1,0,1741,3,130,0,3,0,5,20,33,0,5,9,0,48,3,26,23,1,0,3,33,1,2,0,6,0,5,0,87,4,1,3,0,78,38,8,53,290,10,0,1,0,3,0,3,0,0,13,10,6,0,0,1,0,5,969,11,0,2,0,0,78,0,4,6,0,0,2,5,3,4,0,0,1,0,2,0,3,22,6,0,26,0,15,34,12,0,1,28,10,26,1,31,0,2,0,0,5,8,1,3,6,0,9,0,0,0,22,0,10,232,0,6,0,9,0,20,218,1,23,30,4,0,27
2021,"Greenwich 034","E02006927",12367,1630,18,2,1,0,0,5,46,0,589,2,35,428,8,14,30,4,20,10,4,3,1,1,32,28,4,0,4,104,0,0,0,84,3,14,17,10,4,99,6,1121,386,0,0,66,2,0,12,4,18,0,6,58,9,3,0,1,0,353,5,0,0,0,5,122,25,1,0,0,23,4,10,8,776,11,2,139,2,474,9,0,0,107,2,9,0,0,8,13,736,2,5,0,3,1,2,9,0,5,0,4,0,9,2,1,2,2,8,0,1,15,23,0,14,1,5,0,0,0,0,5,1,0,1,4,0,1,57,8,0,0,0,3,6,1,0,7,3,1,1,187,111,187,0,9,0,1,28,7621,0,25,2,0,0,0,33,0,3,2,1,18,48,0,3,6,8,7,5,10,5671,4,332,3,53,3,36,33,15,2,17,38,0,224,0,83,8,4,5,11,58,0,3,0,4,56,0,4,83,0,14,0,0,95,153,44,47,66,59,5,12,0,28,5,58,12,1,45,6,39,2,1,0,0,8,483,1,6,0,1,1,76,0,0,1,0,2,4,1,4,4,1,0,2,2,4,0,1,22,2,6,3,0,47,2,14,0,1,2,3,26,0,0,1,2,0,0,6,5,5,4,7,3,0,2,0,1,0,0,5,0,0,6,0,9,0,0,8,0,68,55,12,0,45
2021,"Greenwich 035","E02006928",12100,1701,30,0,2,0,1,3,77,0,548,0,36,552,3,5,29,0,32,3,9,4,2,5,57,4,25,3,5,85,1,1,0,28,8,4,1,13,0,116,9,1368,568,4,1,36,1,11,32,3,23,6,3,80,12,1,1,2,9,321,1,4,3,0,13,102,44,3,1,4,31,5,22,21,678,19,4,217,2,349,11,3,0,20,8,20,0,0,8,17,985,4,6,0,0,5,1,9,1,7,5,3,4,5,0,0,7,0,11,1,1,1,29,0,32,0,1,0,1,3,0,4,5,0,3,1,0,7,83,7,2,1,1,0,12,3,2,2,1,0,8,198,148,311,3,7,1,1,37,6785,3,22,6,3,4,4,39,1,3,6,0,26,35,1,1,6,9,11,6,7,4219,6,479,14,95,2,60,73,9,8,24,24,3,207,0,160,13,28,4,15,70,2,4,2,4,80,2,17,91,7,5,6,0,124,125,53,59,91,97,7,16,4,23,19,107,18,9,51,9,28,5,0,0,0,14,583,4,4,0,3,0,135,0,2,0,1,3,1,7,0,16,2,0,2,0,0,1,0,10,1,4,1,1,115,5,17,1,1,1,0,26,0,1,0,0,2,8,17,12,2,5,8,10,0,0,0,0,0,0,0,5,0,2,0,21,2,1,0,1,47,20,8,0,47
2021,"Greenwich 037","E02006930",9824,1056,3,0,0,1,0,2,54,1,335,0,29,361,0,5,12,1,17,0,11,5,3,2,49,7,1,0,7,58,0,1,1,29,4,2,3,8,2,39,3,800,292,3,0,19,1,4,15,1,6,2,0,40,8,0,0,0,0,244,0,0,0,0,3,111,11,2,0,2,15,0,3,18,486,13,0,103,4,250,5,0,1,6,4,9,1,0,88,2,654,3,3,4,0,3,1,7,1,8,0,4,4,6,1,6,6,2,3,0,0,1,9,0,21,5,1,1,1,1,0,3,3,0,0,1,0,1,45,1,1,1,0,1,13,0,1,0,2,2,7,193,87,161,2,6,1,1,19,6481,1,22,0,0,1,2,48,2,1,6,0,14,48,1,3,8,6,9,11,20,4402,5,362,8,80,0,30,57,12,12,34,27,4,248,1,149,8,5,0,9,63,2,13,0,0,60,2,2,86,3,16,0,0,73,89,34,39,76,43,5,21,5,16,3,63,12,2,47,1,30,8,2,0,0,9,347,1,5,0,0,0,57,0,0,0,3,5,0,1,0,5,0,0,5,0,1,0,3,5,0,7,1,1,54,0,12,1,1,13,0,7,3,2,0,0,0,7,8,0,0,2,5,0,0,1,1,0,0,0,2,36,0,0,0,6,1,3,11,0,25,9,0,0,37
2021,"Greenwich 038","E02006931",9473,782,7,0,0,0,0,7,25,0,235,0,14,229,1,6,12,0,9,0,4,3,1,0,20,11,1,1,0,47,0,0,0,17,1,1,2,66,3,55,4,1024,410,4,0,54,3,12,27,1,7,3,0,49,3,3,0,0,0,363,1,1,0,0,10,11,9,3,2,3,28,3,3,11,449,12,0,95,5,275,3,1,0,8,13,16,2,0,6,13,648,0,0,0,0,0,1,3,0,3,0,1,2,3,2,3,10,0,3,2,8,0,24,0,21,0,1,0,7,1,0,6,1,0,0,0,4,1,42,4,0,2,0,3,6,2,2,0,6,3,2,217,71,153,2,3,0,0,23,6297,0,21,0,3,3,1,50,5,0,5,1,7,26,4,0,2,2,9,5,14,4683,6,309,7,47,0,30,44,5,6,20,18,1,223,0,110,11,6,0,2,48,3,14,0,0,72,0,5,43,3,13,3,0,59,49,19,24,51,26,3,5,2,13,3,72,11,2,36,7,5,12,0,1,0,7,273,1,10,1,0,0,47,1,0,1,0,2,5,0,0,3,0,0,0,0,1,0,2,13,2,1,2,1,39,1,7,2,0,4,0,9,2,0,0,1,0,6,0,3,0,10,6,1,1,0,1,4,0,0,0,9,0,0,0,8,1,5,0,0,18,7,3,0,32
2021,"Southwark 035","E02006941",5316,762,0,0,0,0,0,2,12,0,223,0,33,330,6,3,39,0,30,0,2,1,0,0,2,7,4,0,3,23,0,0,0,14,3,3,2,7,0,10,3,110,54,0,0,5,0,2,0,0,4,2,0,6,6,0,0,0,0,23,0,0,0,0,2,3,0,1,0,0,0,0,0,2,81,1,1,11,4,53,1,0,0,1,0,6,0,0,0,3,329,0,2,0,0,0,1,2,0,3,1,4,0,1,0,0,1,0,2,1,1,2,5,1,17,0,4,1,1,0,2,0,0,1,0,0,2,2,23,2,0,0,0,1,3,0,0,1,0,0,8,115,37,60,1,3,1,0,17,3864,1,2,0,0,1,0,71,9,0,18,1,13,15,0,0,2,1,6,7,14,2272,4,261,5,110,0,70,53,6,1,21,15,0,163,2,155,16,0,0,3,14,3,7,4,2,100,0,6,58,3,15,0,0,59,32,22,32,20,44,2,6,2,18,3,39,13,7,9,2,9,4,1,1,3,6,170,2,0,0,0,0,37,0,0,0,1,2,1,1,0,2,1,0,0,0,0,0,1,11,1,0,4,0,29,2,10,2,1,11,0,0,0,2,0,4,0,2,7,0,0,2,2,0,0,0,0,1,1,0,0,0,0,0,0,3,4,1,0,0,7,2,0,0,13
2021,"Southwark 036","E02006942",6755,751,11,0,2,0,0,2,65,0,191,0,38,241,3,8,10,0,19,0,4,0,0,0,1,9,9,0,1,51,0,0,2,21,2,7,8,16,0,27,3,776,304,0,3,50,6,5,18,1,16,14,0,67,5,0,0,1,0,157,2,2,0,0,25,49,9,4,1,0,12,0,9,16,377,15,0,126,4,193,3,7,1,4,8,13,0,0,0,3,510,0,2,2,0,2,0,14,0,1,2,2,1,4,1,1,1,0,3,0,1,2,4,0,28,3,0,0,0,0,0,1,2,0,1,0,2,0,50,5,0,1,0,0,3,0,0,0,2,1,11,144,104,78,1,3,1,0,26,3924,1,6,0,2,1,0,60,2,2,7,0,6,18,2,3,3,0,5,7,8,2441,2,256,6,97,0,42,28,10,0,26,15,0,175,0,147,19,0,4,4,15,0,5,0,2,66,1,3,33,1,13,6,0,62,50,24,27,22,34,2,4,3,14,3,59,26,3,19,0,3,3,1,0,0,15,417,13,4,0,1,0,127,1,0,0,0,0,1,2,3,7,4,0,0,0,1,0,1,4,1,0,1,0,108,0,18,4,2,7,0,21,0,1,0,0,0,0,5,2,1,1,5,3,0,0,0,0,0,0,0,0,0,3,0,11,0,0,0,0,10,9,5,0,30
2021,"Barnet 042","E02006953",9165,2747,245,1,4,0,1,21,63,1,820,2,94,737,21,176,29,1,16,3,7,7,3,2,19,16,10,8,8,219,0,0,0,117,34,13,14,12,8,7,8,900,317,12,0,32,5,1,22,0,6,3,0,85,11,0,2,3,0,239,2,0,4,3,5,87,25,0,12,1,4,2,8,9,233,16,0,52,0,134,2,0,1,9,1,8,0,0,1,9,555,5,4,1,1,4,2,10,1,4,0,24,5,5,1,0,2,0,2,0,1,1,9,0,21,1,3,0,0,0,1,0,2,0,1,1,5,1,59,3,2,0,1,0,0,1,0,2,4,2,5,106,146,77,1,7,0,3,18,3644,1,72,1,9,0,12,7,5,2,2,4,40,81,3,0,2,2,13,1,3,1436,1,311,0,15,0,23,57,17,0,28,45,17,73,1,81,26,47,4,14,13,0,1,0,0,9,1,4,125,6,3,6,0,124,193,83,50,332,34,3,14,7,12,16,47,8,6,57,1,19,5,0,0,0,9,1086,33,6,2,14,1,283,2,1,0,0,6,0,1,0,12,0,0,2,0,5,1,2,6,23,4,2,2,61,3,249,3,5,22,0,82,0,2,1,2,34,0,10,18,4,37,10,5,3,1,1,2,0,0,14,4,0,0,0,6,0,1,3,0,19,1,1,5,69
2021,"Barnet 043","E02006954",10110,3717,514,5,4,0,15,33,132,0,544,3,173,1072,22,128,16,0,17,0,15,59,6,14,18,25,14,6,6,480,1,0,0,193,14,4,155,7,0,14,8,805,307,2,1,29,0,1,23,2,12,3,0,110,3,0,0,5,0,135,0,0,0,1,3,123,16,0,1,0,5,4,5,14,296,10,0,84,2,157,3,0,1,10,0,4,1,0,6,18,521,0,1,0,0,12,0,8,3,4,0,6,0,1,0,0,0,2,2,1,0,2,5,0,12,2,0,0,3,3,1,0,1,4,0,3,1,2,62,1,0,2,2,1,6,4,0,0,1,0,3,131,85,98,0,7,0,0,39,3647,0,51,0,3,1,0,9,0,1,5,2,20,45,1,0,2,6,21,3,1,1405,2,263,1,13,2,10,35,11,10,13,43,14,142,2,83,16,67,0,5,22,1,0,0,0,6,0,3,150,5,0,3,0,118,166,69,42,602,16,8,12,1,6,3,29,3,3,50,0,1,2,0,1,0,17,1124,68,3,0,1,0,382,3,5,0,1,0,4,0,1,26,1,0,2,0,9,0,8,22,20,1,11,0,56,4,109,5,0,21,0,26,0,4,0,6,2,2,18,5,12,28,6,11,1,1,0,4,0,0,21,0,0,4,0,1,5,5,70,0,59,12,0,0,58
2021,"Brent 035","E02006955",7510,2631,112,1,3,0,2,2,52,0,317,1,58,1592,3,15,5,0,17,0,7,3,0,1,38,10,6,2,4,273,0,9,0,56,3,2,19,7,1,5,5,552,179,1,0,9,7,0,17,0,7,4,2,33,8,0,0,0,4,67,0,0,2,0,1,154,15,7,7,0,3,1,12,12,407,5,0,54,4,320,4,0,1,0,3,8,0,0,2,6,410,0,2,0,0,10,0,9,1,5,1,0,4,5,2,3,0,0,1,0,0,2,2,0,12,2,1,2,0,0,0,1,0,1,2,0,6,3,35,1,0,2,1,0,0,2,0,0,0,0,4,84,92,87,0,4,0,0,21,2864,0,15,4,7,1,1,16,1,2,1,0,50,24,0,0,2,3,8,3,5,1202,4,280,1,37,4,12,42,10,4,34,48,0,176,0,94,5,6,0,4,8,4,0,1,0,18,4,4,77,0,3,7,0,139,97,49,36,141,45,1,8,2,2,7,37,6,9,27,0,10,3,0,1,0,12,646,13,7,2,0,2,320,0,0,0,0,5,1,1,0,3,1,0,0,0,0,0,0,5,4,4,3,0,38,7,44,3,0,7,1,21,0,3,1,0,0,0,15,3,2,10,3,3,0,0,5,3,0,2,9,3,0,3,3,2,3,4,15,0,20,0,0,2,40
2021,"Brent 036","E02006956",8829,3670,55,0,2,0,3,14,122,0,183,0,77,2412,7,2,5,5,13,0,6,4,6,3,41,11,3,5,5,508,0,1,1,99,1,5,37,7,7,14,6,699,214,1,0,15,4,0,12,5,5,3,1,60,16,0,0,1,3,100,0,0,0,0,0,187,28,8,1,2,2,0,14,17,993,9,0,123,0,801,4,0,0,9,3,31,0,1,6,6,321,0,0,0,1,1,1,6,0,4,0,4,1,5,0,3,1,0,0,2,0,0,6,0,8,0,1,0,0,0,0,2,0,2,0,2,0,0,17,3,0,0,0,0,1,4,0,0,0,0,2,85,59,78,0,6,2,1,13,2507,0,23,0,0,0,1,6,3,0,1,0,20,26,0,0,2,4,1,0,3,985,0,164,4,13,0,16,22,5,15,11,42,1,144,0,54,1,8,0,16,17,0,3,0,0,7,0,4,116,1,0,0,0,100,155,39,48,341,3,2,10,1,2,0,19,3,0,30,5,4,1,0,0,0,5,639,17,7,0,1,0,315,1,0,0,0,1,0,1,2,0,0,0,0,0,0,1,0,3,6,0,2,0,19,22,16,3,0,4,0,1,0,3,0,7,0,6,13,10,7,4,2,1,0,11,0,13,0,0,45,3,0,8,0,3,0,18,34,1,1,1,0,0,26
2021,"Ealing 041","E02006968",8357,1949,25,6,3,1,20,9,69,0,212,4,49,634,0,60,532,3,9,0,6,3,1,6,2,14,7,12,3,178,0,7,5,23,13,2,1,12,0,12,6,261,114,0,0,6,0,0,0,0,7,7,0,22,3,0,0,0,0,25,0,0,1,1,0,58,10,1,0,0,2,0,1,3,142,4,0,11,2,106,0,1,1,5,0,6,0,0,0,6,573,2,2,0,2,5,1,7,1,6,0,1,0,2,0,2,2,0,2,2,0,3,52,0,15,3,7,1,0,2,0,1,0,0,0,1,4,2,47,3,0,2,1,0,3,0,2,0,0,0,5,220,72,65,5,6,0,0,14,4336,0,1,0,5,1,39,52,2,3,5,2,12,24,0,0,0,1,1,2,3,2465,0,284,3,70,1,27,114,11,2,12,19,21,203,0,192,7,3,0,3,16,0,11,0,0,27,1,3,70,14,9,0,0,66,220,31,52,30,22,11,10,2,15,3,43,14,7,17,2,27,7,0,0,0,16,1096,10,75,1,6,0,577,22,0,2,0,3,4,0,1,8,0,0,0,0,1,0,2,11,0,2,6,0,29,0,148,2,19,5,0,21,0,1,0,0,0,0,11,3,3,31,4,5,0,2,0,0,0,0,0,14,0,7,2,5,1,2,0,0,3,0,0,0,47
2021,"Ealing 042","E02006969",6431,1400,13,1,1,0,6,3,14,0,210,0,21,394,5,37,507,0,13,4,8,3,2,5,13,8,6,4,4,66,0,1,2,29,3,0,1,8,0,4,4,192,58,2,0,1,1,0,3,0,20,6,0,7,5,0,0,0,0,23,0,0,4,0,0,38,7,1,4,0,2,0,5,5,153,3,1,21,2,108,1,0,0,6,0,5,0,0,0,6,337,0,0,3,0,3,1,2,0,1,1,2,1,1,2,2,2,0,4,0,0,1,9,0,12,2,0,0,0,2,1,1,0,1,0,2,0,3,20,3,0,6,3,0,3,0,0,0,0,0,8,126,26,58,0,6,0,0,19,3840,0,18,0,2,2,16,51,3,2,5,1,15,43,0,0,3,0,1,3,8,1845,1,289,6,58,0,26,95,5,2,11,20,15,173,1,128,4,0,4,2,23,1,3,0,0,31,165,3,113,5,10,4,0,102,192,16,44,39,28,12,12,3,9,0,106,10,3,22,3,10,3,1,1,0,8,509,4,4,4,1,0,182,5,0,0,0,1,1,0,0,4,0,0,0,0,1,0,2,8,2,2,1,0,34,2,69,2,13,6,0,36,0,0,2,0,0,0,13,0,3,33,8,3,1,3,4,0,0,0,2,12,0,0,0,7,3,1,0,0,3,0,0,0,27
2021,"Ealing 043","E02006970",7342,5462,190,0,0,5,0,16,237,0,11,0,16,3837,7,1,2,5,0,0,0,4,3,9,32,11,1,1,3,710,15,126,10,104,0,0,87,4,0,1,14,339,60,2,0,2,0,0,1,0,3,7,0,10,2,0,0,0,0,20,0,0,0,0,0,175,47,0,2,1,0,0,2,5,216,2,0,46,0,146,0,0,0,3,0,4,0,0,7,8,148,0,1,0,0,3,0,7,0,1,1,1,2,1,0,0,1,0,0,0,0,2,0,0,0,1,0,0,0,0,0,0,0,1,0,0,2,0,22,0,0,1,2,0,0,0,0,0,0,0,0,48,17,31,0,0,0,0,3,450,0,2,0,0,0,1,3,0,0,0,0,9,9,0,0,0,0,3,0,1,201,0,36,0,4,0,2,9,0,6,3,3,0,24,0,8,0,0,0,1,7,0,0,0,0,0,0,0,21,0,1,0,6,6,38,5,6,23,0,1,1,0,1,1,3,0,0,0,0,0,0,0,0,0,5,727,44,0,2,0,0,83,0,0,3,0,0,0,0,0,0,0,0,0,0,0,0,0,8,6,1,0,0,6,22,6,0,0,0,2,4,0,3,0,1,0,10,6,5,0,11,0,0,3,0,0,7,36,0,4,373,0,19,0,0,1,19,17,1,1,0,0,0,23
2021,"Ealing 044","E02006971",8295,5944,333,0,13,0,0,42,112,0,5,2,8,4374,0,3,2,8,0,0,4,4,4,0,22,9,0,1,1,655,36,183,0,59,0,2,40,0,0,1,21,537,118,4,0,5,0,0,14,0,1,5,0,0,7,0,1,0,0,7,0,0,0,2,0,260,104,2,1,0,3,0,0,3,200,0,0,27,0,150,0,0,0,4,0,0,1,0,7,11,141,0,1,0,0,0,0,8,0,0,0,0,1,0,0,0,0,0,1,0,0,0,1,0,0,2,0,2,0,0,0,0,1,4,0,0,1,0,14,0,1,0,0,1,1,0,0,0,0,1,2,48,18,30,0,0,0,0,3,429,0,14,0,0,0,0,2,1,0,0,0,1,0,0,0,0,0,1,0,0,221,0,19,0,5,0,0,4,0,0,2,3,1,13,0,7,0,0,0,6,0,0,0,0,0,2,0,0,14,0,0,0,0,17,58,4,0,15,1,5,0,0,3,0,3,1,0,0,0,1,0,0,0,0,5,1044,108,0,6,2,0,65,0,0,0,0,3,0,1,0,0,0,0,0,0,1,0,1,1,0,2,0,0,2,29,0,0,0,0,12,3,0,0,0,0,4,0,7,4,0,9,0,2,2,0,0,3,63,0,0,625,0,22,6,0,1,0,30,0,1,0,0,0,29
2021,"Hounslow 030","E02006972",5416,959,109,0,0,0,2,0,29,0,127,0,33,341,1,41,43,0,17,2,5,2,0,4,4,4,4,7,2,128,1,6,0,18,0,5,0,4,0,13,7,461,174,1,0,22,0,0,5,0,14,6,0,41,2,0,0,0,0,21,0,0,1,0,0,146,16,1,0,0,6,0,0,5,157,4,0,23,0,101,2,0,0,3,0,10,0,0,8,6,382,1,4,3,0,4,0,9,0,3,3,1,0,2,1,2,2,0,0,0,1,0,7,2,4,0,4,0,0,1,1,2,1,0,1,0,1,3,48,2,0,3,0,0,1,2,1,0,0,3,4,77,60,92,0,4,0,2,20,2863,0,12,3,5,0,4,20,1,2,1,4,6,14,0,1,4,0,0,4,5,1767,0,157,5,21,12,11,37,8,7,12,17,19,118,1,50,0,1,2,2,15,0,1,0,1,15,2,2,41,4,6,6,0,63,137,25,30,34,19,5,3,0,11,0,28,3,1,26,0,30,4,0,10,0,8,594,55,10,0,1,2,199,2,0,0,3,1,0,0,0,3,4,0,0,0,4,0,0,9,5,0,3,0,18,7,70,0,0,5,0,35,0,10,0,2,0,0,7,10,1,11,8,0,24,3,6,2,0,0,0,8,0,12,2,0,3,0,0,1,12,0,0,0,36
2021,"Hounslow 031","E02006973",8493,1351,125,1,0,0,4,8,44,0,132,6,64,505,0,42,29,0,7,0,4,0,7,6,14,13,8,7,3,231,0,11,1,42,0,7,6,13,0,3,8,711,250,0,0,16,1,0,5,1,5,18,2,48,2,0,0,0,1,43,3,0,9,0,1,211,56,0,1,0,24,0,2,12,380,14,0,156,0,166,5,0,2,4,0,14,0,0,10,9,601,0,9,0,0,4,0,10,0,7,3,6,4,1,1,1,2,0,2,0,0,1,15,0,12,0,2,1,0,8,2,1,3,0,0,0,3,3,40,5,3,1,2,0,2,5,0,0,0,1,9,124,106,165,0,9,2,1,25,4723,1,24,0,0,2,0,37,3,1,2,6,12,30,2,0,7,0,3,1,2,3092,0,296,2,23,4,12,50,6,1,11,21,7,192,0,82,3,22,7,6,12,3,5,0,1,27,2,2,84,15,2,0,0,74,242,38,36,41,16,14,10,0,12,4,36,4,1,19,0,5,14,1,25,0,8,727,25,4,3,1,3,273,2,0,0,0,0,0,0,0,5,0,0,1,0,2,1,4,13,4,0,0,0,42,3,102,0,0,2,0,25,0,0,0,0,0,6,13,6,2,25,11,1,0,2,0,5,0,0,0,10,0,27,3,6,1,9,10,0,19,2,0,0,54
2021,"Croydon 046","E02006987",7391,1547,18,1,1,1,1,0,50,0,145,1,35,859,0,10,14,1,17,2,4,7,1,0,25,3,7,1,4,225,0,0,0,78,0,2,9,6,3,11,5,776,342,10,6,22,1,0,20,1,6,5,0,89,7,1,2,0,0,178,0,3,0,0,8,14,1,6,0,4,13,8,11,18,668,9,1,109,5,479,2,1,1,13,3,29,1,0,0,15,523,2,1,0,1,2,1,8,3,16,0,2,5,4,0,1,2,5,6,0,2,2,7,0,17,1,1,0,1,4,1,4,2,0,2,0,1,0,50,2,0,0,2,0,1,0,3,0,0,0,3,82,109,139,0,4,1,0,23,3445,0,11,2,2,0,1,22,2,2,4,6,13,26,2,1,4,1,5,2,6,1957,3,252,1,20,0,17,72,7,1,27,24,2,94,0,109,6,0,0,10,17,1,2,2,0,14,2,3,61,0,2,4,0,88,176,72,39,100,14,1,4,7,7,8,47,6,1,18,0,3,8,2,7,0,15,432,4,5,0,0,0,79,0,0,1,3,3,0,8,0,1,2,0,0,0,4,1,1,8,3,1,2,0,40,1,15,3,0,0,0,85,0,6,0,1,0,0,4,1,2,5,6,5,0,0,0,2,0,0,1,2,0,1,0,2,2,4,30,1,11,2,3,3,68
2021,"Croydon 047","E02006988",7162,1101,20,0,4,4,0,4,53,0,92,0,32,483,3,7,10,0,2,4,5,43,1,6,17,7,2,2,0,170,0,0,0,86,0,0,15,12,1,9,7,794,381,1,0,20,5,3,12,0,6,11,1,101,3,0,4,2,0,129,1,0,8,3,7,13,7,0,2,0,44,3,17,10,700,14,2,118,1,499,2,3,2,14,4,19,3,0,2,17,609,3,3,0,3,0,3,6,1,38,1,0,5,5,2,1,3,1,2,3,1,1,19,0,5,0,2,2,1,1,0,7,1,0,3,0,1,0,46,0,0,2,1,0,0,1,1,2,0,0,1,128,86,189,0,7,2,0,19,3628,0,16,1,0,2,3,14,2,0,1,3,4,42,0,0,5,0,6,1,3,2475,0,168,0,16,0,13,18,2,12,7,35,0,90,0,45,2,6,0,2,6,1,8,0,0,7,0,1,66,1,4,1,0,66,170,56,47,111,19,2,4,4,10,0,19,1,1,10,2,5,4,1,0,0,7,330,4,8,1,0,0,51,1,1,3,3,3,2,1,3,0,0,0,0,0,1,0,0,13,3,0,2,0,19,2,13,1,1,0,0,23,0,27,0,0,0,0,9,4,0,6,10,0,1,4,0,2,0,0,5,4,0,1,0,4,6,6,3,0,24,1,2,0,52
2021,"Greenwich 039","E02006991",6317,996,4,0,2,1,0,2,21,0,342,0,29,346,3,0,7,0,11,0,9,0,1,2,63,6,0,0,1,49,1,0,0,23,3,9,8,11,2,33,7,680,282,1,0,12,3,1,9,0,0,1,7,58,6,0,0,0,0,195,0,0,0,0,2,27,5,9,3,0,16,1,24,18,287,13,2,93,0,158,2,0,0,2,0,10,0,0,0,7,479,1,3,0,0,2,0,2,3,7,1,5,2,3,0,1,4,0,2,0,2,2,10,0,13,0,2,0,1,0,0,3,2,0,0,0,0,2,40,4,0,0,1,1,6,0,1,0,2,0,5,109,114,99,4,1,1,2,16,3605,0,5,0,0,2,0,23,4,2,6,2,24,34,0,1,9,0,5,7,12,2117,2,271,6,31,1,31,57,3,1,27,31,0,108,0,89,5,1,0,22,50,2,2,1,1,32,1,1,45,0,9,0,0,55,111,47,43,81,44,5,7,0,27,2,58,3,3,19,0,5,6,1,0,0,5,270,0,3,0,0,0,50,0,0,0,0,0,0,0,1,8,4,0,2,0,4,0,1,8,0,2,1,0,50,1,5,0,1,5,0,3,2,3,2,0,0,23,1,5,1,4,7,0,0,2,2,2,0,0,0,8,0,0,0,2,1,0,4,0,20,9,4,0,19
2021,"Greenwich 040","E02006992",8239,1267,15,1,0,0,1,6,76,0,365,0,29,415,6,5,14,0,10,2,3,2,0,3,45,4,12,0,1,62,4,1,0,33,2,5,9,14,4,105,13,879,337,0,0,37,4,3,23,2,8,0,0,63,2,1,2,2,1,266,0,1,0,4,3,55,10,2,6,0,17,6,6,18,388,9,2,97,1,232,5,3,0,8,7,10,2,0,0,12,560,2,2,3,0,2,1,8,0,13,2,2,2,3,1,0,0,1,1,5,0,0,9,2,13,3,1,0,1,1,5,6,2,0,0,0,0,1,50,2,0,0,0,0,26,0,1,0,0,3,0,114,96,123,4,8,2,2,37,4797,0,13,1,1,4,6,33,4,7,7,0,17,28,5,1,7,2,4,1,9,3052,2,353,6,55,0,27,59,6,3,30,22,2,141,32,91,4,11,0,11,37,7,9,0,0,47,6,5,60,0,9,1,0,58,81,25,18,60,110,9,9,1,28,5,57,17,3,37,1,25,2,0,1,0,12,348,11,4,3,24,0,88,0,0,0,0,0,1,2,0,2,2,0,1,0,1,0,2,7,2,1,0,0,44,0,15,0,0,1,0,15,0,3,0,0,0,8,4,3,2,5,2,3,0,1,0,3,1,0,2,0,0,4,0,5,0,1,7,0,16,5,0,1,46
2021,"Greenwich 041","E02006993",8407,1686,27,0,0,0,0,3,90,0,509,0,42,584,2,0,11,0,27,4,10,6,0,0,77,5,7,0,6,79,1,2,0,31,7,10,6,12,5,120,3,1158,528,1,0,36,3,3,4,4,9,1,5,35,5,0,1,3,0,250,0,0,0,1,7,57,165,3,1,0,2,2,11,21,416,13,0,103,0,269,4,1,0,9,2,5,0,0,2,8,641,0,0,0,1,3,0,7,3,3,0,3,2,7,0,5,4,0,1,4,4,1,7,3,18,2,3,0,1,1,0,4,4,0,2,1,2,0,54,1,1,1,0,2,6,1,0,2,4,1,5,142,132,165,0,1,1,2,24,4117,2,17,3,0,6,1,28,2,6,2,0,25,39,3,1,6,16,6,0,10,2286,6,321,6,44,3,31,89,9,5,27,22,2,109,36,125,8,4,5,17,35,0,1,0,0,34,1,3,97,5,8,0,0,94,102,27,38,87,66,13,10,0,17,11,40,10,7,29,2,28,6,0,2,0,16,389,7,7,1,18,3,79,4,0,0,0,5,3,3,2,6,3,0,0,0,2,0,4,5,0,0,1,0,40,1,13,1,0,0,0,8,0,5,0,0,0,8,6,5,1,1,9,7,1,0,0,2,0,0,3,20,0,4,0,6,3,2,5,0,23,5,8,0,49
2021,"Greenwich 042","E02006994",7650,1305,30,0,0,3,0,3,96,0,218,0,48,281,1,5,6,0,4,0,2,3,1,2,246,14,7,2,2,80,2,0,0,35,6,8,9,36,6,146,3,1788,755,3,0,83,0,5,32,3,16,8,1,109,9,3,3,0,4,477,6,2,0,4,13,157,29,2,4,3,21,0,14,22,579,34,7,172,0,279,10,0,0,12,8,23,1,5,14,14,475,2,3,0,0,3,1,8,2,5,0,5,6,0,1,0,0,3,3,2,3,4,4,0,4,0,2,0,0,0,0,6,1,0,0,0,1,0,36,6,0,2,0,0,8,1,1,0,0,0,5,67,137,124,0,2,0,0,17,3170,1,46,0,1,0,0,9,7,0,1,0,9,56,0,1,0,4,5,3,2,1863,0,191,5,31,2,18,35,0,7,14,20,1,61,0,76,4,5,0,14,47,2,6,2,7,13,0,1,83,1,4,5,0,84,79,23,38,180,12,4,7,1,3,4,19,4,2,24,0,12,6,0,1,0,4,333,1,7,0,5,0,65,1,0,0,0,3,0,1,0,3,2,0,3,0,4,1,2,6,2,3,0,0,36,0,1,0,2,0,0,27,0,6,0,0,1,29,10,7,3,6,4,3,0,0,0,0,0,0,2,6,0,13,0,10,0,0,7,0,23,3,1,0,24
2021,"Newham 038","E02006995",8644,2175,24,3,0,0,0,0,378,1,665,0,33,504,8,0,8,2,39,0,9,11,1,9,3,15,17,0,4,342,1,0,3,23,12,2,6,7,0,37,8,899,337,6,1,44,6,3,9,4,9,11,6,88,18,0,0,3,0,166,2,0,0,3,10,100,23,4,0,1,14,2,8,21,410,19,2,103,2,197,7,4,1,9,1,22,26,0,8,9,562,1,6,15,1,4,1,13,3,4,2,3,2,2,0,0,2,0,5,3,2,1,10,1,17,0,0,0,1,1,1,3,2,5,5,0,0,2,41,1,3,2,0,2,1,2,0,1,0,1,3,152,102,105,0,1,0,1,26,4089,0,6,0,4,3,0,38,4,4,1,0,21,44,1,0,1,7,8,5,26,2401,2,339,6,43,1,43,89,12,4,20,25,0,146,0,113,8,9,1,8,39,0,4,0,1,28,3,5,75,5,7,0,0,77,79,61,37,62,44,1,9,3,14,3,36,11,7,16,1,8,5,0,1,0,4,509,6,9,0,0,1,196,0,1,2,4,1,0,0,0,8,1,0,2,0,2,2,0,11,3,0,2,0,41,2,11,3,0,11,0,3,1,11,1,6,0,0,10,8,8,3,5,1,0,0,0,1,2,0,0,0,0,12,0,3,0,1,0,0,14,0,0,0,100
2021,"Newham 039","E02006996",8413,2669,13,0,3,0,1,3,689,2,667,1,46,630,1,8,14,0,27,0,23,17,1,6,5,7,8,1,4,377,0,6,1,44,6,2,8,25,0,20,3,889,334,4,0,31,1,2,21,1,5,6,0,103,4,3,5,1,0,182,0,4,0,1,3,106,36,1,4,0,9,1,7,14,517,8,3,109,3,333,2,1,1,10,2,15,15,0,3,12,506,5,2,10,0,2,0,15,0,20,1,0,3,5,1,1,1,0,1,1,2,1,6,0,22,0,0,1,1,0,0,2,2,0,4,0,0,1,45,6,1,2,0,0,1,0,0,2,0,1,2,126,76,101,0,2,3,0,28,3397,0,5,0,0,2,0,9,1,3,4,0,10,65,1,0,3,4,1,3,9,1732,6,245,7,37,1,34,38,17,4,21,38,3,94,0,98,2,4,0,8,72,4,4,0,3,18,0,4,93,2,5,0,0,104,103,53,78,150,36,2,9,5,10,5,59,6,1,37,1,12,2,0,1,0,9,435,2,6,1,0,6,117,2,0,1,1,5,3,5,1,14,2,0,0,1,1,1,0,4,5,0,1,1,51,3,8,1,0,2,1,12,0,7,0,1,0,1,5,5,3,1,9,0,5,0,2,2,0,0,11,14,0,5,0,1,1,0,12,0,12,3,3,2,72
2021,"Newham 040","E02006997",6885,1643,10,2,5,0,0,7,481,1,264,0,50,457,5,7,9,1,8,0,11,7,0,2,15,9,9,0,4,215,0,2,0,26,2,0,8,3,1,20,2,782,286,1,0,30,1,1,10,1,6,5,0,65,8,0,2,1,0,153,2,0,2,0,0,120,30,2,3,0,15,1,14,23,433,7,3,82,5,289,5,1,0,11,6,8,0,0,9,7,488,0,1,4,3,1,0,9,1,37,1,0,1,3,1,0,0,2,2,3,0,0,3,3,21,0,3,1,1,1,1,2,1,0,0,0,1,1,38,6,0,0,0,0,2,0,0,3,1,0,3,103,69,116,1,0,0,0,38,3184,1,20,0,4,2,0,14,2,0,1,1,4,61,3,0,4,5,4,5,3,1612,3,230,5,35,0,25,99,5,0,16,17,2,103,1,128,1,1,0,8,40,1,0,0,0,12,0,3,118,0,4,1,0,75,96,38,75,140,25,3,19,2,7,5,58,3,0,15,4,8,2,1,0,0,4,355,6,3,5,0,0,100,1,0,0,2,9,0,1,0,1,1,0,4,0,0,0,1,11,5,2,1,0,51,0,16,4,0,1,3,6,0,3,1,0,0,2,2,4,3,4,4,1,0,2,0,3,0,0,1,7,0,1,0,10,3,0,0,0,18,5,2,0,45
2021,"Newham 041","E02006998",7099,1402,21,0,2,0,0,3,611,1,101,0,31,330,0,1,0,0,2,0,0,6,1,0,0,1,5,0,1,203,0,4,1,38,0,2,0,7,0,19,11,1625,629,8,2,82,3,3,61,9,1,6,0,197,20,2,3,5,0,321,4,0,4,5,18,117,34,2,1,19,33,2,7,27,539,27,1,175,3,268,6,4,5,9,1,24,0,0,0,16,443,5,0,4,1,1,0,3,0,4,1,5,0,0,0,1,0,0,0,0,2,3,4,0,10,1,1,3,0,2,0,3,2,0,1,0,0,0,46,8,0,0,0,0,6,1,0,0,1,3,4,46,116,125,0,2,0,0,28,2727,0,14,1,0,0,1,7,0,0,0,0,25,80,1,0,3,1,1,1,3,1327,2,189,0,9,3,10,20,1,7,8,37,0,35,1,34,1,13,0,16,122,0,1,0,0,5,0,0,150,2,4,2,0,85,88,26,61,205,40,1,15,1,5,4,12,4,0,23,1,8,3,6,1,0,1,363,0,10,0,5,0,93,0,0,1,0,7,2,1,0,2,0,0,0,0,0,0,5,6,14,0,0,0,68,4,9,3,0,0,0,8,0,4,0,0,0,0,6,5,7,5,9,2,0,3,2,2,1,0,14,0,0,3,0,14,4,2,3,0,5,7,4,1,22
2021,"Newham 042","E02006999",11237,3021,37,1,1,0,3,5,515,1,611,0,68,1160,3,5,14,0,30,0,9,16,5,5,8,11,10,0,1,357,1,3,0,51,7,14,7,10,1,41,10,1484,568,17,1,55,2,5,28,5,9,8,4,158,13,0,2,2,0,353,0,4,2,1,2,131,24,10,3,4,31,1,21,20,545,29,2,134,4,314,5,6,0,11,8,11,2,0,14,5,830,5,2,0,0,1,1,23,0,15,1,2,3,6,1,0,0,0,6,3,0,3,4,0,48,1,0,0,2,2,1,0,1,1,4,0,4,5,47,3,1,0,3,1,3,2,1,1,0,0,15,219,177,175,2,5,3,2,25,4952,0,14,6,2,1,3,43,5,7,8,0,39,70,3,2,4,8,15,10,14,2326,5,452,7,32,0,33,114,8,6,40,66,2,126,0,136,6,6,0,36,99,2,2,3,2,20,1,6,193,3,3,3,0,144,178,96,56,234,41,0,11,5,29,7,49,19,4,29,4,27,3,0,7,1,16,405,6,3,1,1,0,109,0,1,0,3,5,8,1,1,10,7,0,3,0,1,0,0,9,7,5,3,0,58,4,16,2,0,1,0,2,2,10,0,1,0,0,6,10,2,4,7,8,1,0,0,1,0,1,2,2,0,5,0,13,6,0,2,0,21,4,2,1,27
2021,"Lewisham 040","E02007008",5765,1067,27,0,0,0,0,0,52,0,363,0,76,325,9,5,9,0,21,0,3,4,0,0,6,3,12,1,1,27,0,0,0,43,5,4,10,5,1,51,4,703,312,0,0,17,6,3,34,6,1,3,0,38,7,0,2,2,0,190,0,0,0,0,7,38,0,4,1,0,10,0,8,14,554,6,1,91,2,417,5,1,1,11,0,11,3,0,0,5,424,0,1,2,0,5,1,5,2,4,0,1,1,6,0,0,0,0,4,0,1,1,4,0,22,0,2,0,1,1,0,1,0,0,2,0,0,0,32,2,0,3,1,0,0,6,0,4,4,0,4,74,72,140,0,3,0,0,12,2666,1,13,0,0,1,1,16,1,1,2,1,15,24,1,0,7,0,6,2,6,1364,5,225,8,28,1,27,64,4,0,25,37,2,98,3,105,6,0,1,3,24,1,1,0,0,21,0,4,61,2,2,2,0,57,81,34,50,77,28,0,6,2,5,3,48,4,5,17,1,12,5,1,0,0,8,351,2,2,0,4,0,58,0,0,0,3,4,0,0,1,4,0,0,0,0,0,0,1,13,5,4,2,0,87,0,14,4,0,4,0,9,3,3,0,6,0,3,9,1,3,2,1,2,0,2,0,4,0,0,9,0,0,4,0,2,1,2,1,0,31,19,4,0,18
2021,"Lewisham 041","E02007009",9144,1135,40,0,0,2,0,3,67,1,468,0,82,173,0,6,7,1,9,0,3,3,0,3,3,7,14,1,1,59,0,0,0,102,4,4,30,9,3,27,3,1004,441,3,0,39,4,16,20,8,9,3,17,62,4,0,2,0,0,267,1,0,1,0,7,44,0,4,3,1,14,6,7,21,1533,15,0,253,0,1124,11,2,2,25,6,76,6,0,2,11,759,1,2,0,2,4,0,7,0,4,2,1,7,2,2,0,3,4,1,2,1,2,8,0,32,1,3,0,0,0,2,9,0,0,1,0,0,2,72,4,0,4,0,0,5,1,0,3,0,0,4,97,114,326,0,8,1,0,15,4229,1,14,5,0,2,0,18,3,0,1,0,12,44,2,0,1,1,4,3,1,2722,0,260,5,36,7,24,16,8,9,51,25,0,141,0,94,31,17,1,10,23,3,1,0,0,58,1,3,60,0,7,6,1,93,94,16,39,99,14,5,7,3,7,9,49,3,4,24,7,6,1,8,1,1,7,484,0,13,1,0,0,84,1,0,1,3,4,12,7,0,14,2,0,0,0,6,1,2,9,1,0,1,0,123,0,7,3,1,6,0,14,0,4,0,4,0,0,12,11,9,0,6,7,4,0,0,3,0,0,5,0,0,1,0,1,8,2,9,0,28,17,5,0,32
2021,"Redbridge 037","E02007017",8819,4240,40,3,2,1,1,3,1283,4,41,2,25,1310,1,5,1,8,0,0,4,26,7,3,5,6,2,6,5,1155,9,30,4,131,0,0,106,1,0,1,9,727,279,2,4,31,0,2,29,0,5,0,0,85,6,0,2,3,0,201,0,0,0,6,10,43,1,0,4,4,9,0,0,1,558,9,0,110,0,395,11,0,1,7,5,8,1,0,1,10,400,0,2,2,0,2,1,20,3,6,1,1,4,11,0,0,1,0,7,2,2,0,3,0,1,6,0,0,1,4,0,1,0,7,2,0,1,0,37,2,2,0,0,0,0,3,0,1,0,0,1,102,50,100,0,0,0,0,11,2475,0,23,0,0,0,1,2,0,0,0,0,3,11,0,0,0,0,2,0,1,1870,0,79,0,2,0,2,0,0,4,2,6,0,63,0,8,2,3,0,1,29,0,1,0,12,3,0,0,57,0,1,1,0,48,20,2,7,175,3,0,1,0,1,0,1,0,0,7,6,13,1,1,0,0,0,419,9,3,2,12,0,48,0,3,2,1,0,0,1,0,2,0,0,0,0,0,0,1,7,7,0,1,0,9,5,8,0,0,3,0,8,0,32,0,0,0,0,6,4,0,0,5,2,2,4,0,1,8,1,9,94,0,5,0,2,1,9,34,0,20,25,0,0,23
2021,"Redbridge 038","E02007018",7281,3261,43,0,0,0,0,8,1140,6,31,0,35,934,6,3,1,0,1,0,3,11,3,4,2,14,0,1,2,825,12,22,0,104,0,0,43,3,1,3,0,666,258,5,3,30,0,4,10,0,21,6,1,65,14,0,0,2,2,159,0,0,0,3,3,45,2,3,2,0,6,0,12,10,530,12,0,84,0,382,0,5,0,12,16,12,1,0,2,4,377,1,2,1,4,1,2,12,0,7,0,2,4,3,0,0,0,0,0,1,0,0,3,0,4,0,0,1,0,11,0,3,4,3,0,0,3,0,37,0,4,0,1,1,5,1,1,5,6,0,0,63,69,101,0,0,2,0,9,2088,0,73,0,0,0,5,1,1,0,1,0,0,19,2,0,0,1,0,0,1,1255,1,92,0,2,0,3,4,0,0,5,8,0,56,0,18,0,5,0,8,35,0,1,1,1,0,1,0,71,0,0,5,0,38,53,9,10,266,2,0,3,0,3,0,3,2,0,4,8,4,3,0,0,0,4,359,10,7,1,2,1,55,0,0,3,3,0,1,2,0,0,1,0,2,0,0,1,3,9,0,2,1,0,7,6,0,4,0,1,0,10,0,21,0,3,0,0,11,7,4,5,5,0,2,4,0,0,15,0,11,67,0,3,0,2,3,1,20,0,7,18,1,0,17
2021,"Redbridge 039","E02007019",7144,4719,52,3,0,0,0,7,1176,2,28,2,21,2074,5,2,2,11,0,0,0,13,9,4,7,11,2,0,0,1169,4,11,0,72,0,1,26,1,1,3,0,415,165,2,0,5,0,0,20,1,6,6,1,27,2,0,6,1,0,51,0,1,0,3,6,69,1,2,2,3,14,0,13,8,222,2,2,36,0,174,0,2,0,1,0,2,0,0,2,1,212,0,2,1,0,0,1,6,0,0,0,2,1,0,0,0,3,0,1,1,0,0,2,0,5,0,0,0,0,3,0,4,1,4,1,0,0,2,31,1,0,0,1,0,0,1,0,0,0,0,1,38,44,44,0,0,0,1,10,1185,0,20,0,0,1,0,0,0,1,0,0,4,28,0,0,0,0,2,1,2,493,0,98,1,3,1,4,12,0,4,2,4,2,14,0,10,0,1,0,4,50,0,1,2,1,3,0,0,47,0,0,0,0,101,44,10,30,151,6,0,1,0,0,1,12,0,0,10,0,0,1,0,0,0,2,391,5,8,6,5,0,44,0,1,3,1,0,3,1,0,0,0,0,1,0,1,0,2,10,0,3,1,7,8,24,12,0,0,2,8,11,0,12,0,1,1,1,3,12,6,0,6,2,6,0,0,0,2,0,27,71,0,11,0,3,3,6,5,0,19,0,0,0,27
2021,"Redbridge 040","E02007020",9836,6806,91,0,3,0,0,9,1132,6,21,2,11,2000,5,5,1,27,0,0,0,37,3,0,0,10,6,0,1,3058,5,39,0,230,0,0,92,4,0,5,3,534,178,4,0,6,0,0,0,0,1,2,0,37,2,0,3,0,0,54,0,0,0,1,3,197,8,0,0,1,20,1,0,16,359,4,1,46,0,259,1,0,1,1,3,32,0,0,3,8,262,1,1,0,0,10,3,3,0,3,0,1,0,5,0,3,0,0,0,0,0,0,1,0,0,0,0,0,0,5,0,0,1,3,0,0,0,0,28,0,4,2,1,0,0,0,0,0,0,0,0,58,32,82,0,0,0,0,15,1223,1,12,0,2,0,0,0,0,0,0,0,0,22,2,0,0,5,0,0,0,496,1,99,0,4,0,1,2,4,7,3,3,0,29,0,5,0,10,0,10,53,0,0,0,9,2,0,0,44,0,0,5,0,46,31,9,62,226,9,0,1,0,0,0,0,0,0,2,1,0,0,2,0,0,3,652,27,11,0,0,0,80,0,1,0,2,0,1,0,2,0,4,0,0,0,0,0,0,5,2,1,6,2,2,24,1,0,1,11,0,9,2,23,0,0,0,6,11,7,8,0,3,3,5,0,0,2,40,0,41,198,0,19,0,0,3,9,42,0,12,12,0,0,14
2021,"Wandsworth 038","E02007083",7718,1150,9,0,1,0,1,1,17,0,425,0,44,261,5,19,22,0,60,0,11,3,1,3,4,10,7,1,8,150,0,0,1,14,17,26,0,18,0,10,1,467,192,1,0,9,6,2,4,0,14,3,2,54,2,0,0,1,0,38,0,1,1,1,1,109,6,6,0,0,5,1,2,6,322,8,1,83,2,197,7,2,0,5,0,10,5,0,0,2,541,4,0,0,1,5,1,13,3,1,1,6,0,1,0,0,0,0,1,1,0,1,14,0,16,0,1,1,1,1,1,1,0,0,0,1,3,6,34,18,0,2,1,0,2,0,0,1,0,0,12,175,57,120,3,7,1,0,23,4613,3,10,0,3,1,11,59,4,3,11,3,9,23,5,0,9,3,4,14,32,2243,6,427,6,66,5,61,58,4,4,26,20,8,120,2,160,8,3,1,11,16,2,6,4,0,71,5,5,98,8,48,1,0,148,77,71,71,18,137,7,4,2,17,5,87,39,11,166,0,17,8,1,0,0,17,625,7,1,0,1,0,317,5,0,0,0,3,0,1,0,4,3,0,3,0,2,0,0,7,5,2,4,0,62,0,76,1,2,5,0,4,0,1,3,0,0,0,5,4,1,10,7,7,0,2,0,1,0,0,0,1,0,1,0,5,6,2,0,0,24,0,0,0,30
2021,"Wandsworth 039","E02007084",9890,1144,80,1,0,1,0,1,76,1,150,3,124,142,0,17,11,0,10,0,7,17,0,2,1,11,18,1,3,390,0,0,5,15,3,6,9,6,3,27,3,1484,486,3,6,49,1,2,10,5,92,8,4,196,12,1,0,2,1,140,0,2,1,3,5,381,17,4,10,3,24,0,4,12,1050,24,0,201,0,696,8,2,1,14,0,42,0,0,18,44,691,0,0,1,0,2,0,10,0,7,0,4,2,7,1,1,0,1,6,1,1,2,11,1,34,0,1,1,1,2,0,8,0,0,5,1,6,0,68,4,0,0,0,2,12,0,1,1,0,0,11,123,92,229,2,3,1,1,24,4889,1,17,2,2,3,1,51,8,2,14,3,17,36,7,1,8,0,8,8,6,2902,3,265,5,60,0,14,48,9,4,48,27,1,165,0,237,3,21,0,13,7,2,3,0,0,28,3,6,83,4,10,8,0,85,113,86,119,42,32,10,12,3,16,8,98,13,4,44,4,11,5,1,1,0,8,632,16,12,3,1,7,149,0,3,0,0,2,0,2,0,2,4,1,0,0,2,1,6,8,19,3,3,0,159,0,20,1,0,2,0,14,0,1,1,9,0,0,7,1,13,10,3,7,3,4,0,0,1,0,1,0,1,23,0,32,5,6,0,0,16,9,0,0,39
2021,"Hackney 030","E02007108",5928,573,2,0,4,0,0,0,98,0,122,0,19,196,1,1,27,0,10,1,1,1,0,1,2,5,0,0,5,40,0,3,0,11,2,0,0,2,0,14,5,326,123,0,0,18,1,0,22,1,4,8,0,25,4,0,0,0,0,68,0,0,1,2,5,25,0,2,4,0,3,0,2,8,333,7,0,59,5,246,0,0,0,0,2,7,0,0,4,3,451,2,0,2,3,0,0,3,2,5,1,3,1,3,0,1,13,0,4,2,0,3,16,0,13,1,2,0,3,0,1,1,5,1,0,0,1,2,38,2,0,1,0,1,0,0,0,11,5,1,8,112,49,97,2,7,0,0,23,3873,0,11,0,0,5,0,166,4,0,10,2,8,27,0,1,2,1,8,9,15,2238,3,244,6,90,0,43,47,4,5,19,5,1,173,0,152,29,0,4,1,13,4,11,1,0,52,0,3,25,2,20,6,0,73,42,22,31,15,20,1,6,0,13,6,60,17,8,64,12,1,5,0,1,0,6,372,0,1,2,1,2,41,0,0,0,0,2,6,1,0,1,0,0,1,0,1,0,2,14,1,0,6,0,44,2,9,3,0,15,0,40,0,1,2,2,2,0,4,0,2,8,7,0,1,0,2,1,0,0,0,2,0,12,0,1,1,0,0,0,94,7,3,1,24
2021,"Hackney 031","E02007109",7605,660,8,0,3,0,0,1,140,0,136,0,21,196,2,2,8,1,7,0,6,2,0,1,0,6,3,0,3,37,0,0,0,12,2,7,1,0,11,42,2,651,248,3,1,16,6,0,19,1,12,6,1,62,1,0,1,3,0,178,0,0,0,3,7,48,3,0,4,0,19,2,4,3,695,3,2,131,0,472,23,4,1,12,4,33,5,0,3,2,512,0,0,0,0,1,0,6,0,6,1,0,8,5,2,0,3,2,3,0,1,1,6,0,17,1,0,1,3,1,0,2,0,5,1,0,1,0,34,6,0,4,0,0,3,2,0,1,0,0,7,121,81,120,1,4,0,0,51,4375,2,2,0,1,2,3,129,3,0,7,1,4,13,1,1,0,1,2,7,11,2835,0,266,8,61,0,39,45,9,3,24,11,1,183,2,87,22,5,4,7,11,1,13,0,0,70,1,3,15,2,12,9,3,66,39,33,29,16,17,4,14,1,16,5,40,12,2,116,8,2,5,0,0,0,8,712,8,3,1,0,1,103,3,1,0,1,3,2,1,3,0,5,0,2,1,2,1,2,20,1,5,0,0,57,1,13,2,5,34,0,94,0,0,0,9,6,0,19,3,0,2,3,1,0,1,2,0,0,0,0,0,0,6,0,15,1,0,0,0,197,30,4,0,38
2021,"Hackney 032","E02007110",7340,892,6,0,0,0,0,3,117,1,324,3,33,179,5,2,18,0,17,0,4,5,3,0,6,6,9,1,7,37,1,1,0,5,11,2,1,7,21,56,1,811,322,5,0,26,0,7,46,7,24,14,0,110,8,0,0,0,5,129,1,1,1,0,10,57,2,1,0,3,2,0,3,27,502,11,0,143,2,285,4,1,0,16,3,24,0,0,4,9,518,4,0,1,0,3,0,1,0,5,0,1,0,3,0,3,1,1,3,0,4,1,10,0,36,0,0,0,0,0,0,2,0,1,2,0,2,0,56,3,0,1,0,0,3,4,0,1,7,2,11,115,79,117,1,8,0,0,26,3878,1,13,2,6,1,3,53,7,3,8,0,4,18,2,0,3,7,13,7,17,1904,2,262,4,123,1,60,52,9,2,125,3,0,142,0,137,17,9,15,5,10,8,3,2,0,67,1,4,47,0,8,0,0,89,215,42,35,22,35,5,4,6,5,6,68,18,13,95,6,12,0,1,1,0,10,739,7,24,1,1,0,111,3,0,0,0,2,0,0,0,5,3,0,2,0,2,0,0,14,1,0,6,0,172,2,10,1,1,11,0,64,0,3,2,1,8,0,6,4,1,10,4,1,0,3,0,1,0,0,2,8,0,0,0,13,1,0,2,0,144,23,6,4,49
2021,"Hackney 033","E02007111",5939,814,3,0,0,1,0,2,79,0,320,0,8,183,3,10,20,1,22,1,4,1,0,2,2,2,8,0,1,45,0,0,0,9,8,0,2,5,10,58,4,477,152,1,0,20,2,5,11,4,13,13,0,71,0,0,1,0,1,128,1,0,1,0,0,25,0,6,1,0,0,0,6,15,335,10,0,67,2,219,3,0,0,5,1,8,0,0,8,12,432,0,2,0,0,0,1,2,1,1,0,1,3,2,1,0,0,1,0,1,1,0,10,0,63,1,0,1,1,0,4,5,4,0,1,0,0,1,22,1,0,1,0,0,5,0,0,3,0,1,9,111,58,86,2,9,1,0,15,3443,2,8,0,0,1,4,63,9,0,12,1,12,14,0,0,5,2,2,8,20,1632,0,293,6,168,2,68,36,9,9,30,9,3,142,2,125,30,5,5,9,8,1,14,1,0,90,0,4,28,1,11,0,0,93,49,30,43,38,25,7,10,3,10,6,71,27,13,84,6,5,7,0,0,0,12,438,0,4,0,0,0,82,1,0,3,2,8,1,1,0,1,2,1,2,0,0,0,1,14,0,0,1,0,89,3,18,1,1,11,0,43,0,2,2,0,10,0,6,0,0,3,3,3,0,4,1,1,2,0,0,0,0,5,0,2,3,0,0,0,70,11,2,0,18
2021,"Tower Hamlets 034","E02007112",5889,2412,2,0,1,0,0,1,1014,0,585,0,22,510,3,9,18,0,27,0,22,3,2,4,4,2,10,0,0,99,0,1,0,17,8,7,1,11,0,26,3,335,93,7,0,5,1,1,4,0,2,1,0,11,2,0,0,0,0,85,0,0,0,0,1,89,10,0,2,1,4,0,6,10,81,1,0,12,1,54,1,1,0,1,0,2,2,0,3,3,273,0,1,0,0,1,0,3,0,2,0,1,3,1,0,1,1,0,3,3,1,0,1,0,9,0,0,0,1,1,1,0,0,2,0,0,2,0,19,3,0,0,0,0,1,0,1,0,0,0,1,91,34,60,0,4,0,0,21,2513,0,5,0,0,4,3,18,7,5,2,0,21,20,1,0,5,3,5,0,9,1081,3,227,7,52,0,56,83,11,1,16,32,0,72,0,114,3,1,0,13,32,1,2,0,0,13,0,7,48,2,4,0,0,71,70,27,42,90,83,0,11,3,21,2,40,11,6,17,2,17,0,0,2,0,9,275,6,0,1,0,0,74,2,0,0,0,1,0,1,4,8,1,0,1,0,3,0,0,7,4,3,1,0,40,3,17,3,0,4,0,2,0,3,0,3,0,2,5,4,0,3,2,3,0,0,1,0,1,0,0,0,0,1,0,1,2,0,0,0,8,4,0,0,46
2021,"Tower Hamlets 035","E02007113",7465,3452,16,0,3,0,0,0,1736,2,581,0,35,723,5,8,19,3,20,0,6,4,2,1,9,14,8,1,5,142,0,2,0,21,9,7,1,6,0,58,5,418,134,1,2,12,0,0,0,1,3,0,1,23,5,1,0,4,3,62,0,0,1,0,2,89,39,3,6,0,6,0,7,13,188,4,0,36,3,120,0,0,0,5,2,4,0,0,9,5,372,0,4,0,0,2,0,4,0,3,0,9,4,0,1,0,1,1,1,3,0,4,2,1,12,1,0,0,1,0,0,3,0,0,1,3,1,1,27,5,0,0,0,0,2,0,0,1,0,1,1,96,61,98,0,2,1,0,14,2623,0,6,0,7,0,2,28,11,1,10,0,10,43,1,1,5,3,6,0,8,1197,2,207,8,93,3,38,56,5,1,23,27,4,70,0,116,5,0,0,12,29,0,2,0,0,23,3,2,61,5,6,4,0,72,61,28,61,62,48,19,13,1,8,1,35,7,4,16,2,17,7,0,3,0,14,412,7,1,0,0,0,133,0,0,2,0,5,0,1,0,10,1,0,1,0,3,1,0,9,1,1,2,0,52,3,15,2,0,5,0,2,0,0,3,0,0,0,7,3,0,11,7,2,1,0,0,1,0,0,0,0,1,61,9,7,0,0,3,0,10,1,0,0,28
2021,"Tower Hamlets 036","E02007114",7557,3097,5,0,0,0,0,1,1781,0,567,0,14,408,8,4,6,0,24,4,4,0,2,2,2,16,3,0,2,96,0,1,0,19,37,43,7,13,1,24,3,354,122,0,0,8,2,1,26,0,4,2,0,22,0,1,2,0,1,50,0,0,1,0,2,62,34,3,0,1,0,0,6,4,150,4,1,23,0,106,2,0,0,3,0,5,0,0,0,6,563,0,3,1,0,1,0,3,0,2,1,9,2,1,0,3,1,0,1,5,0,0,14,0,11,1,1,1,0,2,0,0,1,0,1,1,1,0,93,3,1,0,0,0,2,3,3,0,0,0,7,198,66,94,0,2,1,0,23,3041,2,12,0,1,0,2,18,4,3,5,1,8,56,7,2,1,3,2,5,9,1368,1,249,5,50,0,28,74,5,2,19,20,1,77,0,138,3,2,0,9,23,0,4,0,0,23,1,2,36,2,5,0,0,111,58,34,76,105,75,6,11,1,17,3,75,7,5,97,2,55,4,0,2,0,9,352,4,2,0,0,3,119,1,0,7,0,4,0,1,0,12,6,0,0,0,1,0,1,10,4,0,2,1,31,1,27,2,0,3,0,4,0,5,0,1,0,0,18,3,0,4,7,5,0,0,1,0,0,0,0,0,0,3,9,2,4,0,11,0,9,2,0,0,22
2021,"Camden 029","E02007115",11587,3570,23,0,0,3,1,0,1533,0,867,4,127,480,16,20,50,0,62,3,42,2,1,3,14,8,18,2,15,113,2,0,1,54,21,10,13,23,6,24,9,829,237,6,6,10,7,0,50,0,32,45,2,27,4,3,1,0,5,77,0,1,0,1,6,258,0,2,16,0,18,0,6,9,286,8,1,59,1,159,4,0,0,5,0,20,0,0,19,10,843,2,3,1,2,4,0,10,1,8,0,3,5,3,4,0,1,3,2,4,3,6,10,0,41,3,1,0,4,1,1,2,5,0,6,3,4,6,67,0,0,4,0,1,6,1,2,2,1,2,13,226,171,138,0,10,1,1,45,5332,0,44,4,5,2,7,40,12,3,9,5,16,26,1,1,7,11,13,14,24,2878,5,424,14,193,1,83,62,40,3,33,29,4,211,0,168,36,37,5,9,16,1,18,4,2,49,5,16,60,11,24,5,0,110,76,35,38,53,42,10,21,7,8,0,110,15,20,54,2,12,4,0,1,0,24,727,2,9,1,4,0,229,1,1,5,0,4,0,0,1,16,0,0,2,0,2,0,3,18,18,0,7,0,93,0,59,1,2,21,0,20,0,1,5,11,0,4,29,5,1,7,13,0,0,0,1,1,0,0,1,0,0,22,0,18,2,1,3,0,15,9,1,0,58
