"date","geography","geography code","National identity: Total: All usual residents","National identity: British only identity","National identity: English only identity","National identity: English and British only identity","National identity: Welsh only identity","National identity: Welsh and British only identity","National identity: Any other combination of only UK identities","National identity: Scottish only identity","National identity: Scottish and British only identity","National identity: Northern Irish only identity","National identity: Northern Irish and British only identity","National identity: Cornish only identity","National identity: Cornish and British only identity","National identity: Any other combination of only UK identities","National identity: Irish only identity","National identity: Irish and at least one UK identity","National identity: Other identity only","National identity: Other identity and at least one UK identity","National identity: Non-UK identity only","National identity: UK identity and non-UK identity"
2021,"City of London 001","E02000001",8580,3706,547,615,34,15,138,51,34,28,1,3,3,18,103,40,2740,642,2843,682
2021,"Barking and Dagenham 001","E02000002",8281,5044,966,528,10,0,24,11,5,4,0,0,0,4,65,3,1418,223,1483,226
2021,"Barking and Dagenham 002","E02000003",11541,6706,1056,576,9,2,35,11,1,9,0,1,0,13,103,6,2726,322,2829,328
2021,"Barking and Dagenham 003","E02000004",6640,3668,1177,641,5,1,26,12,2,5,1,0,0,6,37,5,963,117,1000,122
2021,"Barking and Dagenham 004","E02000005",11082,6283,1176,736,6,1,13,2,4,5,0,0,0,2,45,7,2434,381,2479,388
2021,"Barking and Dagenham 006","E02000007",10162,5709,1299,922,2,7,33,13,3,8,0,0,0,9,38,2,1958,192,1996,194
2021,"Barking and Dagenham 007","E02000008",13251,7148,1830,1088,6,1,30,14,6,3,1,0,0,6,58,9,2812,269,2870,278
2021,"Barking and Dagenham 008","E02000009",12864,7152,1142,819,4,1,31,9,2,8,1,0,0,11,31,2,3287,395,3318,397
2021,"Barking and Dagenham 009","E02000010",9482,4994,1253,775,4,1,14,5,2,2,2,0,0,3,39,5,2136,261,2175,266
2021,"Barking and Dagenham 010","E02000011",7032,3668,968,481,3,0,15,7,1,3,1,0,0,3,39,4,1639,215,1678,219
2021,"Barking and Dagenham 011","E02000012",11511,8049,768,492,4,0,27,11,2,7,2,1,0,4,25,4,1866,276,1891,280
2021,"Barking and Dagenham 012","E02000013",9398,5186,1185,651,6,6,27,13,1,6,1,0,0,6,26,2,2086,223,2112,225
2021,"Barking and Dagenham 013","E02000014",9866,5015,1415,813,4,1,45,15,7,9,3,0,0,11,38,7,2285,243,2323,250
2021,"Barking and Dagenham 014","E02000015",8226,4715,910,579,3,2,18,7,2,8,1,0,0,0,38,2,1763,196,1801,198
2021,"Barking and Dagenham 015","E02000016",10567,5528,390,362,3,1,27,7,6,8,1,0,0,5,48,3,3896,309,3944,312
2021,"Barking and Dagenham 016","E02000017",9132,5151,394,294,5,1,19,11,0,1,2,0,0,5,26,6,2962,274,2988,280
2021,"Barking and Dagenham 017","E02000018",9553,5361,1005,650,7,3,22,11,4,1,1,0,0,5,22,7,2262,214,2284,221
2021,"Barking and Dagenham 018","E02000019",9661,5371,1153,701,0,0,15,6,3,3,0,0,0,3,41,4,2131,245,2172,249
2021,"Barking and Dagenham 019","E02000020",14054,8176,893,650,3,0,32,13,4,10,1,0,0,4,40,8,3795,457,3835,465
2021,"Barking and Dagenham 020","E02000021",8760,4777,971,459,5,8,19,6,1,8,2,0,0,2,61,9,2191,260,2252,269
2021,"Barking and Dagenham 021","E02000022",7741,4668,339,283,7,6,28,10,4,3,3,0,0,8,24,5,2102,279,2126,284
2021,"Barking and Dagenham 022","E02000023",8019,5017,548,421,2,0,14,8,1,1,1,0,0,3,15,1,1804,197,1819,198
2021,"Barnet 001","E02000024",10842,6436,1194,964,43,17,105,42,16,22,6,1,0,18,196,50,1418,419,1614,469
2021,"Barnet 002","E02000025",8582,4884,1126,752,20,18,73,26,11,16,2,1,0,17,138,25,1255,291,1393,316
2021,"Barnet 003","E02000026",6458,4127,602,593,21,6,63,17,5,9,9,1,0,22,54,13,718,261,772,274
2021,"Barnet 004","E02000027",9648,5749,1181,783,19,11,76,35,14,15,2,0,0,10,162,20,1283,364,1445,384
2021,"Barnet 005","E02000028",6532,3954,587,519,21,13,49,18,7,12,2,0,0,10,116,13,1019,241,1135,254
2021,"Barnet 006","E02000029",9678,5711,1014,761,17,12,55,15,11,9,5,0,0,15,117,30,1588,373,1705,403
2021,"Barnet 007","E02000030",9457,6097,973,756,20,11,53,21,11,10,4,0,1,6,124,28,1013,382,1137,410
2021,"Barnet 008","E02000031",8331,5164,591,676,20,8,75,23,17,17,7,0,0,11,164,16,1279,338,1443,354
2021,"Barnet 009","E02000032",7939,5431,493,481,13,11,49,20,10,8,2,1,0,8,103,20,1000,338,1103,358
2021,"Barnet 010","E02000033",8889,5374,931,660,10,2,81,26,12,29,3,0,0,11,115,27,1315,374,1430,401
2021,"Barnet 011","E02000034",9087,5409,762,618,17,10,92,40,17,15,7,0,0,13,151,37,1608,383,1759,420
2021,"Barnet 012","E02000035",8531,4724,502,519,21,5,78,24,16,24,4,0,0,10,97,21,2141,423,2238,444
2021,"Barnet 013","E02000036",11245,7223,723,745,19,7,43,21,9,6,1,0,0,6,95,7,1951,432,2046,439
2021,"Barnet 014","E02000037",10835,7465,641,820,5,3,37,11,7,5,3,0,0,11,55,10,1378,421,1433,431
2021,"Barnet 015","E02000038",10720,6504,787,632,18,10,90,34,15,22,7,3,0,9,153,30,1992,504,2145,534
2021,"Barnet 016","E02000039",7168,4650,423,570,13,7,36,17,12,5,1,0,0,1,110,4,1114,241,1224,245
2021,"Barnet 017","E02000040",9139,5794,685,650,11,8,78,30,25,7,3,0,0,13,87,15,1399,412,1486,427
2021,"Barnet 018","E02000041",9455,5677,518,573,7,2,37,13,6,15,1,0,0,2,90,11,2182,358,2272,369
2021,"Barnet 019","E02000042",11556,6412,673,631,27,11,94,42,20,16,3,0,0,13,172,23,2887,626,3059,649
2021,"Barnet 020","E02000043",7569,4520,379,513,14,1,44,17,11,7,1,0,0,8,69,10,1636,383,1705,393
2021,"Barnet 021","E02000044",8843,5176,702,491,8,0,50,28,8,8,3,0,0,3,113,13,1930,360,2043,373
2021,"Barnet 022","E02000045",10522,6196,812,629,20,11,96,47,20,13,5,1,0,10,151,41,2049,517,2200,558
2021,"Barnet 023","E02000046",6961,3763,312,387,9,7,77,25,22,11,7,1,0,11,85,19,1862,440,1947,459
2021,"Barnet 024","E02000047",12393,6999,791,418,8,3,44,10,6,19,4,0,0,5,167,15,3514,434,3681,449
2021,"Barnet 025","E02000048",10286,6346,610,815,5,10,70,21,22,12,2,0,0,13,102,17,1854,457,1956,474
2021,"Barnet 026","E02000049",10532,6451,586,519,8,4,35,12,5,8,3,0,1,6,90,19,2336,484,2426,503
2021,"Barnet 027","E02000050",10376,6093,701,644,41,2,112,35,31,16,5,2,0,23,163,28,2074,518,2237,546
2021,"Barnet 028","E02000051",9160,5595,537,502,11,4,56,32,9,7,1,0,0,7,80,5,1983,387,2063,392
2021,"Barnet 029","E02000052",9851,5383,721,785,36,17,119,50,24,23,2,1,0,19,189,23,2029,549,2218,572
2021,"Barnet 031","E02000054",7629,4194,370,434,10,0,37,14,2,13,3,0,0,5,51,9,2170,354,2221,363
2021,"Barnet 032","E02000055",11724,6079,563,762,12,9,35,12,9,6,1,0,0,7,87,7,3631,539,3718,546
2021,"Barnet 033","E02000056",9129,5782,499,736,25,21,61,21,19,6,4,1,0,10,91,11,1443,460,1534,471
2021,"Barnet 034","E02000057",8013,4733,428,661,6,3,29,17,1,7,2,0,0,2,49,22,1802,280,1851,302
2021,"Barnet 035","E02000058",10227,5947,542,839,30,15,68,24,12,14,5,0,1,12,89,11,2064,622,2153,633
2021,"Barnet 036","E02000059",11623,6152,603,381,5,4,46,17,4,11,6,1,0,7,191,16,3627,598,3818,614
2021,"Barnet 037","E02000060",11560,7492,543,1118,10,4,35,10,9,9,2,0,0,5,36,11,1983,328,2019,339
2021,"Barnet 038","E02000061",8342,4447,384,546,8,7,66,19,16,12,5,0,0,14,47,4,2304,529,2351,533
2021,"Barnet 039","E02000062",6958,4015,367,263,11,9,36,14,7,11,0,1,0,3,117,11,1814,315,1931,326
2021,"Barnet 040","E02000063",7583,4198,387,294,7,1,29,11,2,10,2,0,0,4,109,17,2174,367,2283,384
2021,"Barnet 041","E02000064",6672,3790,363,350,12,8,54,22,7,9,6,0,0,10,89,20,1640,346,1729,366
2021,"Bexley 001","E02000065",8063,4805,629,464,4,1,22,7,2,9,0,0,0,4,72,3,1801,262,1873,265
2021,"Bexley 002","E02000066",9428,5336,1076,758,6,1,44,16,5,14,2,0,0,7,57,6,1884,260,1941,266
2021,"Bexley 003","E02000067",10235,5566,1362,898,10,2,33,10,3,7,1,3,1,8,54,9,2017,284,2071,293
2021,"Bexley 004","E02000068",8178,4737,994,740,10,2,39,16,4,8,1,0,1,9,48,7,1419,182,1467,189
2021,"Bexley 005","E02000069",7214,4060,1142,764,15,2,35,13,8,5,4,0,0,5,77,7,929,183,1006,190
2021,"Bexley 006","E02000070",8109,4471,1748,891,14,5,38,16,10,5,0,1,1,5,66,9,675,192,741,201
2021,"Bexley 007","E02000071",7672,4290,1597,933,15,7,42,13,5,14,0,0,0,10,45,8,608,127,653,135
2021,"Bexley 008","E02000072",12926,7759,1644,1203,7,5,62,33,10,4,3,0,0,12,77,11,1804,354,1881,365
2021,"Bexley 009","E02000073",10726,5894,2390,1336,22,6,50,29,9,4,1,0,0,7,73,13,694,248,767,261
2021,"Bexley 010","E02000074",8861,5030,1679,1069,10,5,44,20,7,7,4,0,0,6,46,11,786,181,832,192
2021,"Bexley 011","E02000075",7985,4389,1947,938,11,3,50,26,12,2,5,1,0,4,68,8,373,198,441,206
2021,"Bexley 013","E02000077",8140,4392,1666,911,9,5,39,15,7,6,0,0,0,11,53,6,814,245,867,251
2021,"Bexley 014","E02000078",7933,4230,1880,1055,15,4,56,20,12,13,2,0,0,9,31,5,523,134,554,139
2021,"Bexley 015","E02000079",8771,4629,1755,991,22,12,57,31,12,4,1,0,0,9,78,15,1019,193,1097,208
2021,"Bexley 016","E02000080",10063,5381,2001,1140,12,3,39,16,5,10,0,0,0,8,69,13,1119,286,1188,299
2021,"Bexley 017","E02000081",8302,4523,1676,1138,19,2,40,18,3,4,4,1,0,10,51,5,654,194,705,199
2021,"Bexley 018","E02000082",9337,5092,2133,1119,11,4,50,22,7,11,2,0,0,8,67,8,649,204,716,212
2021,"Bexley 019","E02000083",11271,6141,2218,1474,18,6,60,19,10,12,4,4,1,10,56,11,1007,280,1063,291
2021,"Bexley 020","E02000084",11114,6323,2314,1401,14,13,51,17,7,15,0,1,0,11,68,18,674,238,742,256
2021,"Bexley 021","E02000085",7961,4225,1858,1149,6,3,38,13,6,6,2,0,0,11,50,7,501,124,551,131
2021,"Bexley 022","E02000086",7178,3800,1834,1057,12,8,32,8,4,9,3,0,0,8,48,9,281,97,329,106
2021,"Bexley 023","E02000087",8207,4664,1661,1147,26,5,60,30,12,7,4,1,0,6,75,11,414,144,489,155
2021,"Bexley 024","E02000088",7748,4265,1868,1081,16,7,45,10,13,12,0,0,0,10,51,11,288,116,339,127
2021,"Bexley 025","E02000089",7869,4369,1837,1082,16,6,38,18,8,5,1,0,0,6,46,11,353,111,399,122
2021,"Bexley 026","E02000090",9638,5329,1820,1343,43,13,101,30,22,16,6,0,0,27,77,13,707,192,784,205
2021,"Bexley 027","E02000091",10164,5503,2155,1428,34,10,94,41,24,11,5,0,0,13,76,15,660,189,736,204
2021,"Bexley 028","E02000092",6756,3900,1341,870,0,3,46,16,12,9,0,1,0,8,33,6,440,117,473,123
2021,"Brent 001","E02000093",11876,6909,407,266,9,3,37,4,2,19,3,0,0,9,172,17,3461,595,3633,612
2021,"Brent 002","E02000094",10461,6216,384,298,9,4,28,7,2,14,2,0,0,3,271,25,2757,469,3028,494
2021,"Brent 003","E02000095",10462,6114,307,208,3,1,24,14,3,3,0,0,0,4,136,8,3125,536,3261,544
2021,"Brent 004","E02000096",7632,4971,254,260,6,2,22,4,3,7,0,0,0,8,120,18,1586,393,1706,411
2021,"Brent 005","E02000097",9530,5361,451,244,6,0,23,5,2,9,1,0,0,6,317,16,2701,411,3018,427
2021,"Brent 006","E02000098",8746,5441,307,232,11,8,38,9,8,13,0,0,0,8,110,7,2190,402,2300,409
2021,"Brent 007","E02000099",9560,5187,263,248,4,2,20,6,2,8,2,0,0,2,57,8,3318,453,3375,461
2021,"Brent 008","E02000100",8320,5239,275,266,4,4,44,11,13,15,1,0,0,4,159,15,1954,360,2113,375
2021,"Brent 009","E02000101",9938,6085,340,247,2,2,32,12,5,9,1,0,0,5,179,10,2679,362,2858,372
2021,"Brent 010","E02000102",8328,5160,254,149,4,2,24,6,1,10,3,0,0,4,190,16,2282,247,2472,263
2021,"Brent 011","E02000103",9973,6000,351,250,7,3,69,30,7,22,4,0,0,6,369,19,2493,412,2862,431
2021,"Brent 012","E02000104",7506,4497,226,193,3,1,31,10,4,13,1,0,0,3,102,8,2106,339,2208,347
2021,"Brent 013","E02000105",9844,5503,241,199,2,4,20,4,1,13,1,0,0,1,123,6,3287,459,3410,465
2021,"Brent 014","E02000106",10358,5605,423,241,6,2,32,11,0,11,4,0,0,6,227,13,3409,400,3636,413
2021,"Brent 015","E02000107",10938,5747,476,460,15,10,82,19,19,22,5,5,0,12,319,21,3290,518,3609,539
2021,"Brent 016","E02000108",7259,4121,280,152,3,1,17,6,2,5,3,1,0,0,132,8,2196,349,2328,357
2021,"Brent 018","E02000110",8179,4544,391,355,18,7,88,40,12,22,4,1,0,9,312,23,2003,438,2315,461
2021,"Brent 019","E02000111",11284,5529,241,204,0,2,25,4,8,6,5,0,0,2,70,3,4737,473,4807,476
2021,"Brent 020","E02000112",11748,5319,233,215,8,2,30,11,5,6,2,0,0,6,97,4,5364,476,5461,480
2021,"Brent 021","E02000113",9630,6590,438,302,10,3,26,8,1,11,1,0,1,4,137,17,1719,388,1856,405
2021,"Brent 022","E02000114",8997,4447,373,360,17,6,61,28,8,19,2,0,0,4,201,36,3036,460,3237,496
2021,"Brent 023","E02000115",8620,4609,363,464,17,8,108,33,25,22,10,1,0,17,193,18,2357,483,2550,501
2021,"Brent 024","E02000116",8549,4668,309,210,12,5,40,6,4,23,3,0,1,3,199,21,2709,376,2908,397
2021,"Brent 025","E02000117",12731,7979,450,332,16,6,65,21,8,25,3,0,0,8,221,13,3213,436,3434,449
2021,"Brent 026","E02000118",11293,5467,248,164,2,2,20,7,2,8,0,0,0,3,77,5,4824,484,4901,489
2021,"Brent 027","E02000119",10627,7201,369,282,5,7,56,14,9,21,4,1,0,7,91,10,2260,346,2351,356
2021,"Brent 028","E02000120",9016,4749,378,393,27,17,118,54,34,13,2,0,0,15,247,20,2501,566,2748,586
2021,"Brent 029","E02000121",12243,6220,176,199,8,2,17,6,2,4,1,0,0,4,57,6,5027,531,5084,537
2021,"Brent 030","E02000122",8179,4991,393,442,23,10,69,22,10,12,5,2,0,18,174,25,1592,460,1766,485
2021,"Brent 031","E02000123",13577,7751,507,514,12,6,133,37,22,54,4,2,0,14,261,19,3729,645,3990,664
2021,"Brent 032","E02000124",9954,5499,473,547,43,29,152,47,44,27,10,0,1,23,199,30,2321,661,2520,691
2021,"Brent 033","E02000125",9940,6032,505,490,20,15,130,48,25,21,8,4,1,23,219,20,1988,521,2207,541
2021,"Brent 034","E02000126",8194,5268,318,290,7,6,64,20,12,19,7,2,0,4,132,16,1710,383,1842,399
2021,"Bromley 001","E02000127",9329,5398,1468,979,10,7,47,28,12,2,0,0,0,5,57,14,1096,253,1153,267
2021,"Bromley 002","E02000128",7789,4536,1434,895,14,6,44,20,6,8,2,0,0,8,46,17,567,230,613,247
2021,"Bromley 004","E02000130",8426,5112,791,786,40,13,120,46,24,18,6,1,0,25,145,23,1058,338,1203,361
2021,"Bromley 005","E02000131",10487,6167,744,822,44,12,163,64,30,26,12,3,2,26,116,27,1918,474,2034,501
2021,"Bromley 006","E02000132",9835,5427,1117,1010,38,17,123,49,33,13,7,2,0,19,125,28,1502,448,1627,476
2021,"Bromley 007","E02000133",10753,6409,1589,1369,26,20,123,48,29,22,10,1,0,13,124,13,755,325,879,338
2021,"Bromley 008","E02000134",11748,6502,1446,1219,39,10,114,46,23,20,5,2,1,17,108,22,1847,441,1955,463
2021,"Bromley 009","E02000135",9873,5942,899,787,17,10,82,30,10,22,8,0,0,12,85,21,1673,357,1758,378
2021,"Bromley 010","E02000136",5743,3473,1066,639,11,6,40,14,9,3,3,0,0,11,21,3,360,124,381,127
2021,"Bromley 011","E02000137",8399,4844,1130,915,26,11,80,35,22,8,2,2,1,10,108,24,960,301,1068,325
2021,"Bromley 012","E02000138",8504,4818,1192,945,34,20,130,49,33,18,7,0,0,23,131,15,921,298,1052,313
2021,"Bromley 013","E02000139",7710,4553,893,895,33,15,106,31,33,14,6,1,0,21,96,31,827,261,923,292
2021,"Bromley 014","E02000140",8680,5017,1590,1065,8,3,39,14,6,3,3,0,0,13,41,1,719,197,760,198
2021,"Bromley 015","E02000141",7230,4292,844,693,18,14,69,24,18,13,4,1,0,9,86,30,923,261,1009,291
2021,"Bromley 016","E02000142",8819,5201,1208,1004,35,10,89,35,21,17,5,1,0,10,106,18,872,276,978,294
2021,"Bromley 018","E02000144",10062,5317,1082,1032,35,16,138,51,26,31,5,1,1,23,113,20,1829,480,1942,500
2021,"Bromley 019","E02000145",8824,4994,1365,1083,12,9,45,19,9,9,0,0,0,8,48,11,1019,238,1067,249
2021,"Bromley 020","E02000146",9703,5651,1363,1142,25,11,96,42,14,11,7,3,0,19,78,21,989,327,1067,348
2021,"Bromley 021","E02000147",8191,5055,1209,885,19,12,81,43,16,10,3,0,0,9,55,17,596,262,651,279
2021,"Bromley 022","E02000148",6722,3946,1217,812,19,10,55,18,19,7,1,0,0,10,48,15,412,188,460,203
2021,"Bromley 023","E02000149",8166,4501,1585,1127,9,8,35,6,12,2,4,0,0,11,44,3,636,218,680,221
2021,"Bromley 024","E02000150",8516,5173,1351,1000,33,16,70,31,12,6,3,1,0,17,123,21,518,211,641,232
2021,"Bromley 025","E02000151",7546,4191,1350,1071,11,8,84,22,25,13,3,0,0,21,103,25,470,233,573,258
2021,"Bromley 026","E02000152",7967,4694,1263,962,9,5,57,23,13,6,5,0,0,10,67,9,646,255,713,264
2021,"Bromley 027","E02000153",8108,4696,1686,1009,19,6,77,34,15,13,2,0,0,13,54,11,361,189,415,200
2021,"Bromley 028","E02000154",8528,4639,1412,1032,15,10,76,23,19,10,3,0,0,21,43,8,1008,285,1051,293
2021,"Bromley 029","E02000155",7157,3951,1531,892,5,7,47,17,9,6,3,1,0,11,56,11,482,175,538,186
2021,"Bromley 030","E02000156",12294,7332,2227,1517,26,16,120,51,30,24,7,1,0,7,130,29,646,251,776,280
2021,"Bromley 031","E02000157",8372,4626,1634,1152,15,9,83,27,25,10,5,0,0,16,30,10,538,275,568,285
2021,"Bromley 032","E02000158",7784,4422,1426,964,17,3,56,25,9,10,4,0,0,8,37,14,601,244,638,258
2021,"Bromley 033","E02000159",7118,4178,1413,885,10,11,72,30,16,13,1,1,0,11,41,6,374,128,415,134
2021,"Bromley 034","E02000160",8106,4678,1640,1075,23,14,71,28,9,13,2,0,0,19,84,8,370,143,454,151
2021,"Bromley 035","E02000161",8698,4951,1547,1088,14,11,73,40,8,6,6,0,0,13,49,15,650,300,699,315
2021,"Bromley 036","E02000162",7120,4008,1411,970,13,5,45,26,5,9,1,0,0,4,37,14,465,152,502,166
2021,"Bromley 037","E02000163",7716,4319,1527,1059,6,6,87,32,20,7,8,0,0,20,33,5,462,212,495,217
2021,"Bromley 039","E02000165",7174,4090,1643,1052,25,7,59,27,10,9,5,0,0,8,30,3,195,70,225,73
2021,"Camden 001","E02000166",7744,4735,614,640,35,11,124,49,33,15,9,2,0,16,128,34,1062,361,1190,395
2021,"Camden 002","E02000167",7198,3673,383,489,18,20,95,32,25,14,3,2,0,19,95,25,1832,568,1927,593
2021,"Camden 003","E02000168",7814,4534,538,616,29,23,147,52,32,20,14,1,0,28,156,30,1335,406,1491,436
2021,"Camden 004","E02000169",7177,3581,361,383,10,7,77,21,17,17,6,1,0,15,69,13,2142,534,2211,547
2021,"Camden 005","E02000170",7911,4123,401,546,28,12,70,22,19,15,3,1,0,10,149,15,1950,617,2099,632
2021,"Camden 006","E02000171",7394,4132,475,516,21,9,110,48,24,9,4,1,0,24,106,27,1505,493,1611,520
2021,"Camden 007","E02000172",10003,6019,794,650,26,14,117,44,13,21,8,3,0,28,175,29,1706,473,1881,502
2021,"Camden 008","E02000173",7494,3390,357,418,14,10,87,33,15,17,2,1,0,19,106,16,2476,620,2582,636
2021,"Camden 009","E02000174",8083,4706,567,550,25,15,95,38,16,23,1,1,1,15,165,33,1488,439,1653,472
2021,"Camden 010","E02000175",9079,4620,449,685,37,15,98,45,25,6,5,0,0,17,174,33,2367,601,2541,634
2021,"Camden 011","E02000176",5916,2646,299,324,16,13,68,30,14,16,2,0,0,6,89,16,1928,517,2017,533
2021,"Camden 012","E02000177",8489,4996,648,514,25,7,111,51,15,19,7,2,0,17,146,18,1601,423,1747,441
2021,"Camden 013","E02000178",8905,4739,515,521,17,9,121,45,26,30,2,3,0,15,213,38,2263,469,2476,507
2021,"Camden 014","E02000179",5749,3157,289,377,20,4,59,23,17,9,5,2,0,3,55,11,1366,411,1421,422
2021,"Camden 015","E02000180",7879,4501,460,503,26,12,122,46,29,14,11,0,0,22,111,18,1695,431,1806,449
2021,"Camden 016","E02000181",8071,3796,428,501,17,15,122,47,23,28,3,4,1,16,143,17,2350,682,2493,699
2021,"Camden 017","E02000182",7121,3538,302,307,15,8,62,23,12,11,3,1,0,12,47,4,2380,458,2427,462
2021,"Camden 018","E02000183",7590,4044,505,520,20,13,130,46,32,21,10,1,0,20,147,25,1738,448,1885,473
2021,"Camden 019","E02000184",8909,4773,534,566,21,23,109,35,25,17,7,0,0,25,117,28,2272,466,2389,494
2021,"Camden 020","E02000185",8883,5145,485,421,16,11,68,34,12,10,3,0,1,8,170,23,2109,435,2279,458
2021,"Camden 021","E02000186",6223,3166,369,428,24,5,88,43,18,6,4,0,0,17,79,11,1669,384,1748,395
2021,"Camden 022","E02000187",9784,5886,561,458,24,10,87,32,13,14,8,0,0,20,94,17,2224,423,2318,440
2021,"Camden 023","E02000188",7179,4464,416,316,17,11,47,26,5,10,4,1,0,1,58,19,1537,294,1595,313
2021,"Camden 026","E02000191",5338,2103,229,363,28,15,55,14,19,10,3,0,0,9,69,20,2066,390,2135,410
2021,"Camden 027","E02000192",6658,3795,423,322,17,11,85,34,15,20,4,0,0,12,94,10,1549,352,1643,362
2021,"Camden 028","E02000193",5960,2632,384,357,28,9,89,31,19,17,6,0,0,16,62,17,2045,337,2107,354
2021,"Croydon 001","E02000194",9213,5633,698,673,30,14,130,49,26,23,11,3,3,15,116,22,1484,413,1600,435
2021,"Croydon 002","E02000195",9648,6467,545,508,11,3,52,20,12,8,3,0,0,9,126,12,1537,387,1663,399
2021,"Croydon 003","E02000196",7916,5130,439,392,8,3,30,9,7,6,5,0,0,3,52,10,1557,295,1609,305
2021,"Croydon 004","E02000197",9027,5659,492,383,13,5,51,22,4,8,4,0,0,13,62,11,2005,346,2067,357
2021,"Croydon 005","E02000198",8888,5514,501,443,11,4,38,8,6,10,1,1,0,12,80,20,1937,340,2017,360
2021,"Croydon 006","E02000199",8413,5423,530,411,18,4,37,17,4,6,3,0,0,7,83,14,1597,296,1680,310
2021,"Croydon 007","E02000200",9050,5538,638,559,25,17,75,40,10,14,2,2,0,7,72,12,1756,358,1828,370
2021,"Croydon 008","E02000201",8691,5457,690,488,11,5,55,32,7,9,2,1,0,4,69,11,1619,286,1688,297
2021,"Croydon 009","E02000202",8930,5708,340,320,5,2,23,4,4,6,2,1,0,6,50,8,2193,281,2243,289
2021,"Croydon 010","E02000203",7966,4787,431,320,12,2,36,10,9,7,1,0,3,6,38,16,2090,234,2128,250
2021,"Croydon 011","E02000204",9657,6320,359,296,7,3,16,3,4,3,0,0,0,6,59,6,2250,341,2309,347
2021,"Croydon 013","E02000206",10819,6626,707,558,14,4,91,15,9,20,6,1,0,40,75,17,2382,345,2457,362
2021,"Croydon 014","E02000207",8902,5610,809,648,19,8,66,32,5,11,2,0,0,16,77,14,1324,327,1401,341
2021,"Croydon 015","E02000208",10863,6797,469,454,2,2,26,13,2,6,0,0,0,5,36,8,2684,385,2720,393
2021,"Croydon 016","E02000209",9067,5715,353,272,10,6,12,6,2,2,1,0,0,1,18,2,2348,331,2366,333
2021,"Croydon 017","E02000210",8714,5200,826,646,16,10,53,18,8,17,7,1,0,2,77,11,1541,334,1618,345
2021,"Croydon 018","E02000211",8266,5139,1284,852,13,8,50,19,11,6,4,0,0,10,74,7,620,219,694,226
2021,"Croydon 019","E02000212",9461,5777,472,373,5,5,31,6,7,2,1,0,0,15,105,7,2349,337,2454,344
2021,"Croydon 020","E02000213",12796,7174,623,623,14,3,69,24,7,10,5,1,0,22,75,10,3730,475,3805,485
2021,"Croydon 021","E02000214",6240,3940,752,483,18,3,52,22,6,15,3,0,0,6,102,9,655,226,757,235
2021,"Croydon 022","E02000215",11823,6472,895,789,20,10,82,29,9,17,4,2,1,20,100,19,2982,454,3082,473
2021,"Croydon 023","E02000216",7162,4063,455,463,13,9,49,17,9,16,2,0,0,5,47,8,1648,407,1695,415
2021,"Croydon 024","E02000217",11926,6661,889,753,21,14,64,23,14,7,3,1,0,16,93,14,2901,516,2994,530
2021,"Croydon 025","E02000218",6671,4343,821,524,9,7,42,18,6,8,1,1,0,8,44,4,693,184,737,188
2021,"Croydon 026","E02000219",7631,4842,1110,763,18,8,53,27,5,7,7,0,0,7,57,7,525,248,582,255
2021,"Croydon 028","E02000221",10855,7086,878,765,7,7,61,21,16,13,3,0,0,8,46,4,1665,336,1711,340
2021,"Croydon 029","E02000222",8350,5067,811,763,20,16,78,26,16,12,5,0,0,19,69,12,1235,279,1304,291
2021,"Croydon 030","E02000223",8530,5492,882,846,10,3,28,12,4,6,3,0,0,3,47,3,1027,192,1074,195
2021,"Croydon 031","E02000224",8050,4697,785,792,13,6,76,29,16,12,3,1,0,15,95,19,1244,323,1339,342
2021,"Croydon 032","E02000225",7500,4532,1248,772,4,1,32,17,9,2,1,0,0,3,60,6,713,132,773,138
2021,"Croydon 033","E02000226",7617,4643,1200,762,22,6,70,31,14,12,5,0,0,8,61,16,574,263,635,279
2021,"Croydon 034","E02000227",11680,6949,1974,1355,19,9,87,37,18,13,3,0,0,16,51,13,966,257,1017,270
2021,"Croydon 035","E02000228",7959,4985,1196,910,30,8,87,25,18,15,9,0,0,20,79,15,441,208,520,223
2021,"Croydon 036","E02000229",6234,3776,1035,713,8,1,28,8,5,7,4,0,0,4,17,1,560,95,577,96
2021,"Croydon 037","E02000230",10501,6561,1063,1050,27,18,97,41,28,12,5,1,0,10,97,27,1207,354,1304,381
2021,"Croydon 038","E02000231",7930,5280,765,754,15,7,72,32,13,10,2,0,0,15,67,15,697,258,764,273
2021,"Croydon 039","E02000232",6197,3782,1129,750,17,7,51,17,11,4,0,0,0,19,33,14,298,116,331,130
2021,"Croydon 040","E02000233",6361,4014,770,679,16,5,52,19,11,8,2,0,0,12,55,10,595,165,650,175
2021,"Croydon 041","E02000234",9449,5977,1202,947,24,21,99,37,16,14,8,1,0,23,80,12,816,271,896,283
2021,"Croydon 042","E02000235",6895,4251,1052,810,18,5,72,26,17,11,5,0,1,12,62,13,423,189,485,202
2021,"Croydon 043","E02000236",9129,5658,1333,1018,18,9,94,36,18,16,0,3,0,21,83,20,579,317,662,337
2021,"Croydon 044","E02000237",7601,4491,1370,1036,19,8,78,32,12,12,2,0,0,20,69,28,354,148,423,176
2021,"Ealing 001","E02000238",10708,6011,682,379,7,4,39,11,8,9,3,1,0,7,157,12,2943,474,3100,486
2021,"Ealing 002","E02000239",9042,5245,447,299,11,9,35,6,6,12,4,0,0,7,125,16,2397,458,2522,474
2021,"Ealing 003","E02000240",11208,6571,852,504,6,12,40,9,7,14,4,0,0,6,121,7,2670,425,2791,432
2021,"Ealing 004","E02000241",7394,4010,614,321,8,3,26,10,3,8,1,0,0,4,101,13,2000,298,2101,311
2021,"Ealing 005","E02000242",6884,4108,277,182,5,3,14,9,0,4,1,0,0,0,66,6,1869,354,1935,360
2021,"Ealing 006","E02000243",8722,4969,598,275,7,4,31,10,6,12,1,0,0,2,141,10,2285,402,2426,412
2021,"Ealing 007","E02000244",7891,4387,401,263,9,3,25,8,7,6,2,0,0,2,117,10,2237,439,2354,449
2021,"Ealing 008","E02000245",9307,5808,661,412,7,2,34,10,12,3,5,0,0,4,63,4,1953,363,2016,367
2021,"Ealing 009","E02000246",9461,5893,740,468,10,3,33,17,5,9,0,1,0,1,112,5,1865,332,1977,337
2021,"Ealing 010","E02000247",11155,6862,712,398,9,3,47,15,6,11,6,1,0,8,109,17,2593,405,2702,422
2021,"Ealing 011","E02000248",7717,4164,257,264,12,4,49,16,9,9,5,0,0,10,83,8,2466,410,2549,418
2021,"Ealing 012","E02000249",8380,4947,486,281,11,2,31,9,6,10,2,0,0,4,180,7,2110,325,2290,332
2021,"Ealing 013","E02000250",6484,3571,470,548,34,17,89,28,17,18,3,0,0,23,144,28,1136,447,1280,475
2021,"Ealing 014","E02000251",8311,5211,238,209,2,1,21,7,4,5,4,0,1,0,144,5,2148,332,2292,337
2021,"Ealing 015","E02000252",12236,5972,611,736,36,15,110,22,27,38,5,1,0,17,177,23,3963,593,4140,616
2021,"Ealing 016","E02000253",10343,6448,741,423,21,8,54,21,9,12,5,2,0,5,202,25,1947,474,2149,499
2021,"Ealing 017","E02000254",9211,5869,192,157,0,1,15,4,4,6,0,0,0,1,22,5,2608,342,2630,347
2021,"Ealing 018","E02000255",9864,5842,656,604,34,27,118,54,21,25,8,2,0,8,216,30,1923,414,2139,444
2021,"Ealing 019","E02000256",9184,4755,460,582,43,32,133,58,28,22,6,1,1,17,188,25,2455,511,2643,536
2021,"Ealing 021","E02000258",6903,3405,347,375,19,16,54,20,13,4,4,1,0,12,144,19,2198,326,2342,345
2021,"Ealing 022","E02000259",6584,3596,479,437,24,24,86,34,13,20,3,0,0,16,204,13,1384,337,1588,350
2021,"Ealing 023","E02000260",9838,5705,160,146,1,0,8,1,4,2,0,0,0,1,13,4,3516,285,3529,289
2021,"Ealing 024","E02000261",12651,6750,592,479,32,26,67,33,7,13,2,1,0,11,147,16,3818,724,3965,740
2021,"Ealing 025","E02000262",9347,5039,511,587,37,14,113,52,14,19,2,1,0,25,165,26,2411,444,2576,470
2021,"Ealing 026","E02000263",13708,7779,167,148,3,1,9,0,1,6,2,0,0,0,20,3,5160,418,5180,421
2021,"Ealing 027","E02000264",8494,4365,416,507,42,14,108,37,22,18,8,0,0,23,184,20,2334,504,2518,524
2021,"Ealing 028","E02000265",11231,6328,625,657,44,11,134,47,25,28,9,2,2,21,267,50,2505,610,2772,660
2021,"Ealing 029","E02000266",13113,8760,491,451,9,5,44,20,5,13,1,0,0,5,100,8,2819,426,2919,434
2021,"Ealing 030","E02000267",8149,4361,625,496,35,16,110,39,13,33,9,2,0,14,280,35,1824,367,2104,402
2021,"Ealing 031","E02000268",9246,5019,687,696,52,26,157,64,28,35,2,0,0,28,181,23,1892,513,2073,536
2021,"Ealing 032","E02000269",8169,4395,503,654,43,27,133,42,29,28,6,1,1,26,240,38,1674,462,1914,500
2021,"Ealing 033","E02000270",9606,5439,511,513,31,9,117,54,22,23,5,1,0,12,143,27,2309,507,2452,534
2021,"Ealing 034","E02000271",6954,3628,437,582,35,17,120,36,27,26,7,3,0,21,147,20,1466,502,1613,522
2021,"Ealing 035","E02000272",6713,3944,577,488,21,14,84,33,24,20,1,0,0,6,200,24,1023,338,1223,362
2021,"Ealing 038","E02000275",8168,4632,215,163,7,3,17,1,5,9,0,1,0,1,30,2,2833,266,2863,268
2021,"Ealing 039","E02000276",6759,3559,469,445,37,16,103,25,17,26,13,1,0,21,194,34,1520,382,1714,416
2021,"Enfield 001","E02000277",7523,4696,843,438,8,1,18,7,5,4,1,0,0,1,59,9,1250,201,1309,210
2021,"Enfield 002","E02000278",9428,5936,927,466,6,3,31,10,6,9,4,0,0,2,52,2,1727,278,1779,280
2021,"Enfield 003","E02000279",12321,7937,826,607,7,0,43,15,6,13,5,0,0,4,52,6,2456,387,2508,393
2021,"Enfield 004","E02000280",8634,5078,1388,932,19,7,67,18,10,12,6,2,0,19,108,19,792,224,900,243
2021,"Enfield 005","E02000281",9653,6063,1044,727,14,3,52,20,8,8,3,0,0,13,116,6,1405,223,1521,229
2021,"Enfield 006","E02000282",9950,6314,810,524,7,2,21,7,1,8,0,0,0,5,62,7,1912,291,1974,298
2021,"Enfield 007","E02000283",8538,5499,737,401,3,5,18,6,1,2,0,0,0,9,57,5,1539,274,1596,279
2021,"Enfield 008","E02000284",8740,5018,1188,879,27,5,75,40,4,12,3,1,0,15,131,25,1093,299,1224,324
2021,"Enfield 009","E02000285",6641,4046,1069,543,11,6,40,14,5,7,5,0,0,9,136,34,589,167,725,201
2021,"Enfield 010","E02000286",8687,5211,1112,822,15,13,61,25,4,9,3,1,0,19,116,24,1031,282,1147,306
2021,"Enfield 011","E02000287",7354,4938,571,500,8,8,39,14,6,11,1,0,1,6,108,18,925,239,1033,257
2021,"Enfield 012","E02000288",12781,7936,785,538,7,3,43,14,4,13,3,0,0,9,57,8,2971,433,3028,441
2021,"Enfield 013","E02000289",6770,4646,698,483,14,4,35,15,4,8,0,0,0,8,85,16,577,212,662,228
2021,"Enfield 014","E02000290",6683,4343,395,286,2,0,19,6,1,3,0,0,0,9,38,4,1382,214,1420,218
2021,"Enfield 015","E02000291",10164,5895,1032,588,22,10,72,33,12,13,5,2,1,6,110,16,2008,411,2118,427
2021,"Enfield 016","E02000292",9836,6057,1010,535,8,5,46,13,9,8,6,0,0,10,130,13,1708,324,1838,337
2021,"Enfield 017","E02000293",6396,4073,731,541,19,4,41,16,11,8,2,1,0,3,119,17,635,216,754,233
2021,"Enfield 018","E02000294",9366,5908,588,338,10,2,27,10,4,3,1,0,0,9,63,6,2093,331,2156,337
2021,"Enfield 019","E02000295",8688,5553,607,545,6,13,51,23,5,8,1,0,0,14,141,16,1376,380,1517,396
2021,"Enfield 020","E02000296",10344,5812,733,582,8,7,64,28,5,15,3,0,2,11,100,7,2548,483,2648,490
2021,"Enfield 021","E02000297",9396,5900,1072,632,11,4,55,15,12,13,7,0,1,7,156,32,1219,315,1375,347
2021,"Enfield 022","E02000298",8255,5376,743,670,18,6,121,40,30,26,3,0,0,22,187,40,850,244,1037,284
2021,"Enfield 023","E02000299",9494,5795,512,260,3,0,21,7,5,5,0,0,0,4,78,6,2528,291,2606,297
2021,"Enfield 024","E02000300",8854,5269,493,259,3,0,13,0,1,6,2,0,0,4,72,40,2438,267,2510,307
2021,"Enfield 025","E02000301",10222,6362,576,355,3,4,22,5,2,6,5,0,0,4,71,21,2497,311,2568,332
2021,"Enfield 026","E02000302",8668,5686,585,376,7,8,40,18,7,8,2,0,0,5,131,24,1457,354,1588,378
2021,"Enfield 027","E02000303",8367,5263,489,343,2,0,33,15,4,3,5,0,0,6,36,11,1923,267,1959,278
2021,"Enfield 028","E02000304",8043,5214,537,493,18,10,74,27,13,14,3,0,0,17,171,14,1159,353,1330,367
2021,"Enfield 029","E02000305",8880,4963,601,520,23,9,97,33,19,24,5,1,0,15,170,38,2083,376,2253,414
2021,"Enfield 030","E02000306",9130,5856,433,298,10,1,19,6,1,7,3,0,0,2,32,7,2153,321,2185,328
2021,"Enfield 031","E02000307",10113,6361,447,284,3,6,19,7,0,6,1,0,0,5,64,10,2532,387,2596,397
2021,"Enfield 032","E02000308",8761,5057,521,421,20,7,69,26,10,15,7,2,0,9,117,16,2151,382,2268,398
2021,"Enfield 033","E02000309",11796,6939,545,358,6,4,29,18,1,6,0,1,0,3,49,11,3497,358,3546,369
2021,"Enfield 035","E02000311",10544,6355,397,313,10,8,34,13,5,9,2,0,1,4,87,14,2855,471,2942,485
2021,"Enfield 036","E02000312",11303,6055,544,575,32,13,99,28,22,22,5,2,2,18,182,16,3211,576,3393,592
2021,"Greenwich 001","E02000313",6490,3817,699,443,7,1,35,16,3,11,2,1,0,2,33,3,1285,167,1318,170
2021,"Greenwich 002","E02000314",14105,8164,947,743,12,18,99,32,8,28,6,0,0,25,100,27,3483,512,3583,539
2021,"Greenwich 003","E02000315",9871,5594,1043,711,3,5,37,10,6,12,3,1,0,5,67,10,2054,347,2121,357
2021,"Greenwich 005","E02000317",7563,4370,554,537,14,3,46,21,4,10,2,0,0,9,54,8,1710,267,1764,275
2021,"Greenwich 006","E02000318",11067,5287,607,425,11,3,46,19,3,9,4,0,0,11,62,10,4236,380,4298,390
2021,"Greenwich 007","E02000319",10619,5691,766,615,14,12,73,32,9,14,7,3,0,8,86,6,2930,426,3016,432
2021,"Greenwich 008","E02000320",7041,3906,793,428,5,3,48,18,7,3,5,1,0,14,44,5,1590,219,1634,224
2021,"Greenwich 009","E02000321",7722,4299,664,480,15,4,53,26,5,9,9,0,0,4,52,5,1910,240,1962,245
2021,"Greenwich 011","E02000323",12862,6772,794,756,15,8,83,33,20,12,2,0,1,15,71,20,3785,558,3856,578
2021,"Greenwich 012","E02000324",7867,4569,794,670,10,4,48,22,4,14,1,0,0,7,60,11,1358,343,1418,354
2021,"Greenwich 014","E02000326",7797,4353,655,683,21,16,111,45,18,26,3,0,0,19,117,23,1421,397,1538,420
2021,"Greenwich 015","E02000327",6629,3893,470,561,12,5,49,18,7,11,3,0,0,10,56,8,1309,266,1365,274
2021,"Greenwich 016","E02000328",6513,3641,621,583,31,23,146,53,31,18,10,1,1,32,128,23,964,353,1092,376
2021,"Greenwich 017","E02000329",6326,3601,850,491,14,3,38,18,5,8,3,0,0,4,54,17,1034,224,1088,241
2021,"Greenwich 019","E02000331",8235,4681,865,689,18,8,60,23,10,13,3,2,0,9,75,18,1507,314,1582,332
2021,"Greenwich 020","E02000332",7451,4251,843,585,17,7,51,23,12,8,0,0,0,8,80,17,1265,335,1345,352
2021,"Greenwich 021","E02000333",6245,3590,571,610,28,23,125,50,27,15,10,0,0,23,111,24,853,310,964,334
2021,"Greenwich 022","E02000334",6640,3862,789,496,11,5,71,34,9,10,2,3,0,13,78,7,1030,291,1108,298
2021,"Greenwich 023","E02000335",6681,3550,1231,794,28,9,76,25,13,17,9,0,0,12,70,21,674,228,744,249
2021,"Greenwich 025","E02000337",8471,4637,1366,866,10,5,52,22,9,11,5,1,0,4,45,6,1189,295,1234,301
2021,"Greenwich 027","E02000339",6290,3434,1033,679,15,14,85,28,16,18,5,1,0,17,91,41,695,203,786,244
2021,"Greenwich 028","E02000340",6866,3615,1175,698,17,6,48,23,4,9,3,0,0,9,80,8,1000,219,1080,227
2021,"Greenwich 029","E02000341",7998,4511,1227,826,2,3,40,20,11,4,1,0,0,4,79,8,1054,248,1133,256
2021,"Greenwich 030","E02000342",6346,3511,925,748,13,4,56,25,3,9,6,1,0,12,51,8,833,197,884,205
2021,"Greenwich 031","E02000343",7047,3876,1282,679,10,3,49,14,8,15,1,0,0,11,43,16,864,225,907,241
2021,"Greenwich 032","E02000344",6431,3692,1126,757,9,5,54,18,12,10,2,1,0,11,48,12,557,171,605,183
2021,"Hackney 001","E02000345",8199,5623,416,579,7,4,40,20,3,10,0,0,0,7,32,8,1291,199,1323,207
2021,"Hackney 002","E02000346",9397,5483,394,356,17,15,103,46,13,25,2,1,0,16,106,15,2421,487,2527,502
2021,"Hackney 003","E02000347",8147,5682,432,480,18,5,48,22,3,10,1,0,0,12,63,4,1195,220,1258,224
2021,"Hackney 004","E02000348",8106,5744,417,440,4,5,46,11,4,18,4,0,0,9,70,6,1171,203,1241,209
2021,"Hackney 006","E02000350",10241,6412,411,613,22,29,148,66,27,28,6,2,0,19,163,44,1902,497,2065,541
2021,"Hackney 007","E02000351",9284,5219,440,588,44,25,153,60,32,32,9,0,0,20,168,36,2030,581,2198,617
2021,"Hackney 008","E02000352",6747,4259,299,466,27,15,102,41,16,17,5,2,0,21,97,18,1105,359,1202,377
2021,"Hackney 009","E02000353",7764,4650,367,498,29,9,142,55,24,31,7,2,0,23,138,29,1422,480,1560,509
2021,"Hackney 010","E02000354",9608,6125,421,486,30,14,137,69,25,15,3,3,1,21,125,20,1816,434,1941,454
2021,"Hackney 011","E02000355",8197,5069,402,417,29,16,152,70,24,26,5,4,0,23,156,41,1472,443,1628,484
2021,"Hackney 012","E02000356",7030,4190,367,441,32,12,168,64,26,32,12,2,1,31,113,44,1277,386,1390,430
2021,"Hackney 013","E02000357",6843,4524,351,280,15,8,55,17,6,10,3,0,1,18,84,13,1262,251,1346,264
2021,"Hackney 014","E02000358",11087,6283,521,585,44,21,173,58,37,36,7,0,0,35,230,48,2568,614,2798,662
2021,"Hackney 015","E02000359",6696,4339,317,348,20,15,102,52,13,12,4,0,1,20,97,17,1142,299,1239,316
2021,"Hackney 016","E02000360",11510,7441,456,501,19,11,137,63,24,23,7,1,0,19,152,24,2278,491,2430,515
2021,"Hackney 017","E02000361",8057,4542,341,415,30,16,155,69,21,27,9,1,0,28,121,18,1967,452,2088,470
2021,"Hackney 018","E02000362",6961,4313,469,461,16,15,104,39,18,30,3,2,0,12,101,29,1184,269,1285,298
2021,"Hackney 019","E02000363",11881,7841,615,576,20,13,113,56,18,16,6,1,0,16,116,17,2147,423,2263,440
2021,"Hackney 020","E02000364",9217,5598,522,519,34,23,132,57,24,20,9,1,2,19,147,20,1787,435,1934,455
2021,"Hackney 022","E02000366",8329,5054,712,542,31,9,134,78,15,19,5,0,0,17,169,29,1262,387,1431,416
2021,"Hackney 023","E02000367",10421,5654,512,649,29,18,202,92,30,37,10,3,0,30,213,44,2525,575,2738,619
2021,"Hackney 024","E02000368",9922,6176,533,487,16,8,104,41,15,33,4,0,0,11,157,21,1905,515,2062,536
2021,"Hackney 025","E02000369",13456,7546,704,649,42,25,189,99,32,23,6,2,0,27,204,35,3344,718,3548,753
2021,"Hackney 026","E02000370",8859,4855,496,413,17,7,87,41,15,13,4,0,0,14,111,32,2388,453,2499,485
2021,"Hammersmith and Fulham 001","E02000372",9986,5262,736,496,10,7,80,26,16,14,12,0,0,12,142,18,2761,474,2903,492
2021,"Hammersmith and Fulham 002","E02000373",7033,4672,386,257,9,5,34,9,6,10,0,0,0,9,65,5,1268,332,1333,337
2021,"Hammersmith and Fulham 003","E02000374",6912,3902,496,418,22,3,57,19,12,10,1,1,0,14,126,20,1508,360,1634,380
2021,"Hammersmith and Fulham 004","E02000375",7484,4185,395,435,11,7,82,26,9,23,7,1,1,15,128,15,1865,361,1993,376
2021,"Hammersmith and Fulham 005","E02000376",6701,3436,370,404,14,13,86,35,13,18,5,1,0,14,110,19,1902,347,2012,366
2021,"Hammersmith and Fulham 006","E02000377",7793,4277,498,507,26,9,115,43,15,22,8,0,0,27,171,19,1757,414,1928,433
2021,"Hammersmith and Fulham 007","E02000378",6434,3147,318,402,20,9,85,36,16,16,3,0,0,14,114,20,1893,426,2007,446
2021,"Hammersmith and Fulham 008","E02000379",7389,4200,420,484,33,11,120,48,30,19,4,0,3,16,161,24,1463,473,1624,497
2021,"Hammersmith and Fulham 009","E02000380",5507,2940,340,437,13,10,101,39,23,13,5,1,0,20,115,12,1182,357,1297,369
2021,"Hammersmith and Fulham 010","E02000381",7628,3792,485,473,30,14,98,37,20,13,7,0,0,21,116,27,2010,583,2126,610
2021,"Hammersmith and Fulham 011","E02000382",6191,3178,339,443,34,13,90,35,13,14,8,1,0,19,107,26,1566,395,1673,421
2021,"Hammersmith and Fulham 012","E02000383",8461,4081,461,495,17,18,110,36,32,22,6,3,0,11,149,14,2583,533,2732,547
2021,"Hammersmith and Fulham 013","E02000384",8265,4210,537,501,22,9,121,36,21,34,8,4,0,18,135,16,2281,433,2416,449
2021,"Hammersmith and Fulham 014","E02000385",5617,2537,356,424,23,11,103,37,22,20,4,2,0,18,85,12,1685,381,1770,393
2021,"Hammersmith and Fulham 015","E02000386",7577,4257,541,441,16,12,90,27,18,11,9,0,0,25,133,11,1748,328,1881,339
2021,"Hammersmith and Fulham 016","E02000387",6025,3049,451,434,22,9,77,25,23,13,3,0,1,12,94,13,1568,308,1662,321
2021,"Hammersmith and Fulham 017","E02000388",8661,4057,637,675,20,23,125,45,26,19,11,0,1,23,151,20,2451,502,2602,522
2021,"Hammersmith and Fulham 018","E02000389",8650,4110,659,657,23,14,120,31,45,17,7,0,0,20,138,21,2348,560,2486,581
2021,"Hammersmith and Fulham 019","E02000390",6196,3205,477,526,20,12,102,53,19,9,5,0,0,16,107,21,1411,315,1518,336
2021,"Hammersmith and Fulham 020","E02000391",7585,3782,581,573,28,15,118,49,22,24,7,0,0,16,119,16,1864,489,1983,505
2021,"Hammersmith and Fulham 021","E02000392",9230,4631,697,718,38,9,147,50,40,22,10,0,0,25,178,19,2261,532,2439,551
2021,"Hammersmith and Fulham 022","E02000393",5972,2954,401,456,15,14,113,45,21,22,6,0,0,19,135,34,1417,433,1552,467
2021,"Hammersmith and Fulham 023","E02000394",9284,4896,669,680,30,8,136,56,32,24,5,0,0,19,133,19,2201,512,2334,531
2021,"Hammersmith and Fulham 024","E02000395",5682,2734,405,539,24,15,104,40,27,10,5,1,0,21,112,22,1379,348,1491,370
2021,"Hammersmith and Fulham 025","E02000396",6898,3554,603,522,16,5,93,39,29,13,3,1,1,7,68,7,1578,452,1646,459
2021,"Haringey 001","E02000397",7905,4073,411,368,17,9,87,37,16,13,6,0,0,15,110,23,2417,390,2527,413
2021,"Haringey 002","E02000398",7519,4417,291,188,3,2,23,10,4,8,0,0,0,1,34,2,2309,250,2343,252
2021,"Haringey 004","E02000400",7987,4790,431,433,15,9,84,32,18,13,3,2,0,16,136,27,1671,391,1807,418
2021,"Haringey 005","E02000401",6864,4262,480,289,4,4,23,8,2,7,2,0,0,4,81,12,1443,266,1524,278
2021,"Haringey 006","E02000402",6473,3948,350,280,5,1,26,5,5,9,2,0,0,5,61,12,1551,239,1612,251
2021,"Haringey 007","E02000403",7514,3433,344,262,14,14,71,27,10,6,15,0,0,13,98,20,2814,444,2912,464
2021,"Haringey 008","E02000404",7112,3764,308,226,7,5,39,9,4,14,3,0,0,9,91,7,2317,348,2408,355
2021,"Haringey 009","E02000405",6473,3953,395,531,31,12,104,35,23,21,10,0,0,15,129,30,912,376,1041,406
2021,"Haringey 010","E02000406",6734,3709,316,238,13,6,46,23,5,8,4,0,0,6,91,15,1973,327,2064,342
2021,"Haringey 011","E02000407",7602,4056,316,219,15,2,45,14,15,7,4,2,0,3,70,16,2487,376,2557,392
2021,"Haringey 012","E02000408",8252,4584,346,295,8,5,31,10,0,8,1,1,2,9,85,7,2555,336,2640,343
2021,"Haringey 013","E02000409",6059,3797,192,195,9,4,43,11,4,18,1,0,0,9,49,5,1465,300,1514,305
2021,"Haringey 014","E02000410",6417,3618,415,570,29,12,124,51,29,14,6,2,0,22,112,32,1166,339,1278,371
2021,"Haringey 015","E02000411",11431,6115,442,469,23,17,87,47,14,13,4,0,0,9,91,16,3620,551,3711,567
2021,"Haringey 016","E02000412",7323,3920,280,300,21,6,39,19,6,6,2,0,0,6,82,20,2298,357,2380,377
2021,"Haringey 017","E02000413",7764,4628,526,631,27,21,114,37,34,12,6,1,1,23,136,26,1165,490,1301,516
2021,"Haringey 018","E02000414",7082,3864,280,295,7,6,50,24,8,4,2,2,0,10,64,10,2176,330,2240,340
2021,"Haringey 019","E02000415",7240,3603,270,301,18,6,68,29,7,15,6,0,1,10,110,17,2475,372,2585,389
2021,"Haringey 020","E02000416",8452,4940,481,574,40,20,140,64,25,33,3,1,0,14,155,37,1606,459,1761,496
2021,"Haringey 021","E02000417",6554,3644,412,570,31,16,124,45,25,21,9,0,1,23,109,22,1202,424,1311,446
2021,"Haringey 022","E02000418",5431,3301,382,493,48,9,127,52,32,17,4,1,0,21,104,24,632,311,736,335
2021,"Haringey 023","E02000419",8737,4248,361,449,27,15,130,64,34,13,2,2,1,14,125,30,2905,447,3030,477
2021,"Haringey 024","E02000420",7993,4251,370,332,12,8,65,18,9,18,5,7,0,8,100,21,2470,364,2570,385
2021,"Haringey 025","E02000421",8512,4781,253,299,10,6,71,25,13,12,7,1,0,13,49,8,2665,370,2714,378
2021,"Haringey 026","E02000422",7459,4187,269,275,9,8,65,18,8,26,5,0,0,8,92,26,2197,331,2289,357
2021,"Haringey 027","E02000423",6906,3331,322,353,7,8,69,29,12,17,1,0,0,10,95,20,2311,390,2406,410
2021,"Haringey 028","E02000424",6751,4031,412,554,30,12,109,42,19,22,7,1,1,17,158,27,1006,412,1164,439
2021,"Haringey 029","E02000425",8170,5578,321,425,4,1,23,10,1,4,4,0,0,4,36,6,1586,190,1622,196
2021,"Haringey 030","E02000426",6491,3811,445,478,15,14,114,43,30,19,4,2,0,16,117,31,1099,367,1216,398
2021,"Haringey 031","E02000427",6625,3355,288,380,18,10,103,48,17,17,2,2,0,17,119,24,1911,417,2030,441
2021,"Haringey 032","E02000428",8433,4849,307,398,12,8,68,41,7,5,0,0,0,15,120,11,2290,370,2410,381
2021,"Haringey 033","E02000429",6792,3749,405,571,31,22,140,58,28,18,8,1,1,26,113,21,1234,506,1347,527
2021,"Haringey 034","E02000430",6922,3870,387,552,33,21,161,71,38,20,7,3,3,19,143,35,1245,475,1388,510
2021,"Haringey 035","E02000431",5848,3040,352,534,33,12,161,66,40,25,7,1,0,22,126,24,1172,394,1298,418
2021,"Haringey 036","E02000432",6120,3405,352,495,43,14,149,44,33,20,17,0,1,34,140,27,1114,381,1254,408
2021,"Harrow 001","E02000433",8601,5634,525,578,12,1,44,13,10,15,5,0,0,1,57,4,1383,363,1440,367
2021,"Harrow 002","E02000434",9848,6276,462,526,9,5,39,14,8,10,2,0,0,5,84,12,1914,521,1998,533
2021,"Harrow 003","E02000435",8185,5315,524,387,13,12,35,8,7,10,3,0,0,7,94,7,1493,305,1587,312
2021,"Harrow 004","E02000436",5757,4018,420,386,13,10,24,7,4,3,2,0,0,8,98,10,542,236,640,246
2021,"Harrow 005","E02000437",8763,5298,729,396,16,5,64,17,16,15,3,0,0,13,199,22,1723,311,1922,333
2021,"Harrow 006","E02000438",8548,5457,709,434,10,2,50,15,11,15,1,0,0,8,118,24,1422,322,1540,346
2021,"Harrow 007","E02000439",9269,5221,371,260,4,2,29,14,5,6,3,0,0,1,121,2,2816,443,2937,445
2021,"Harrow 008","E02000440",9606,6385,544,390,10,5,31,10,8,8,0,0,1,4,112,13,1633,483,1745,496
2021,"Harrow 009","E02000441",7481,4728,599,531,9,6,45,17,9,8,2,2,0,7,103,9,1087,364,1190,373
2021,"Harrow 010","E02000442",9587,5405,212,154,5,1,12,2,1,9,0,0,0,0,84,8,3269,437,3353,445
2021,"Harrow 011","E02000443",10746,6346,531,338,6,5,44,8,24,5,1,0,0,6,226,24,2888,338,3114,362
2021,"Harrow 012","E02000444",8711,5311,341,231,7,2,21,7,4,3,2,0,0,5,88,5,2224,481,2312,486
2021,"Harrow 013","E02000445",11774,6759,513,382,4,1,20,5,1,6,1,0,1,6,216,35,3399,445,3615,480
2021,"Harrow 015","E02000447",8191,5250,546,364,24,5,32,14,9,3,2,0,0,4,107,19,1399,445,1506,464
2021,"Harrow 016","E02000448",7067,4364,536,585,27,13,69,20,25,10,3,0,0,11,118,20,1029,306,1147,326
2021,"Harrow 017","E02000449",8293,5080,324,138,1,0,12,4,0,7,1,0,0,0,79,9,2345,305,2424,314
2021,"Harrow 019","E02000451",6707,4210,469,311,17,4,47,10,7,6,9,0,0,15,108,12,1191,338,1299,350
2021,"Harrow 020","E02000452",9506,4707,456,375,16,5,45,19,10,7,1,0,0,8,177,18,3248,459,3425,477
2021,"Harrow 021","E02000453",8385,4825,430,350,14,5,44,24,8,3,0,1,0,8,126,23,2106,462,2232,485
2021,"Harrow 022","E02000454",7337,4813,607,505,12,13,49,20,11,7,2,0,0,9,97,12,866,363,963,375
2021,"Harrow 023","E02000455",11670,5511,493,395,23,3,60,22,9,19,3,0,0,7,133,12,4460,580,4593,592
2021,"Harrow 024","E02000456",7824,4565,574,427,10,7,44,18,6,11,2,0,0,7,115,17,1690,375,1805,392
2021,"Harrow 025","E02000457",7062,4296,436,362,9,4,38,14,12,7,0,0,0,5,89,8,1482,338,1571,346
2021,"Harrow 027","E02000459",9325,5278,457,312,7,6,35,12,8,8,1,0,0,6,102,5,2641,482,2743,487
2021,"Harrow 028","E02000460",7314,4715,352,252,7,4,24,11,8,2,1,0,0,2,56,9,1551,344,1607,353
2021,"Harrow 029","E02000461",7290,3996,459,453,19,7,74,21,16,10,1,0,0,26,146,24,1710,402,1856,426
2021,"Harrow 030","E02000462",6981,3887,299,237,4,4,21,6,3,5,1,0,0,6,96,10,2127,296,2223,306
2021,"Harrow 031","E02000463",8706,5493,591,411,7,8,27,10,4,6,1,0,0,6,80,13,1774,302,1854,315
2021,"Havering 001","E02000464",7757,4327,1433,961,6,2,32,10,6,4,6,0,1,5,55,8,766,167,821,175
2021,"Havering 002","E02000465",9346,5226,1616,1060,13,3,41,17,8,8,2,0,0,6,54,5,1125,203,1179,208
2021,"Havering 003","E02000466",9071,5062,1931,1143,10,4,26,10,4,4,3,1,0,4,42,6,735,112,777,118
2021,"Havering 004","E02000467",11458,6357,1888,1473,10,5,32,12,3,8,1,0,0,8,66,5,1391,231,1457,236
2021,"Havering 005","E02000468",8649,4779,1789,991,4,1,41,13,6,7,1,1,0,13,58,4,850,132,908,136
2021,"Havering 006","E02000469",7281,3918,1308,827,7,0,32,17,4,6,2,0,0,3,44,2,996,147,1040,149
2021,"Havering 007","E02000470",9782,5233,2021,1307,20,6,49,15,16,2,3,2,1,10,75,14,873,184,948,198
2021,"Havering 008","E02000471",7821,4263,1883,1005,12,2,36,15,6,6,1,0,0,8,60,5,445,110,505,115
2021,"Havering 009","E02000472",9472,5266,1899,1166,18,2,38,11,6,6,2,0,0,13,56,7,845,175,901,182
2021,"Havering 010","E02000473",10492,5889,2147,1455,15,5,34,17,6,7,3,0,0,1,59,11,708,169,767,180
2021,"Havering 011","E02000474",9183,5259,1633,966,9,3,51,28,9,8,2,0,0,4,55,7,1021,179,1076,186
2021,"Havering 012","E02000475",9611,5444,1805,1294,20,7,55,26,13,3,3,0,0,10,101,7,718,160,819,167
2021,"Havering 013","E02000476",9361,4739,1298,876,6,4,50,20,13,7,2,0,0,8,86,15,1978,309,2064,324
2021,"Havering 014","E02000477",9536,5112,2274,1292,21,8,56,26,6,10,2,1,0,11,84,11,544,134,628,145
2021,"Havering 015","E02000478",5989,3804,1081,589,11,4,37,13,5,8,7,0,0,4,27,5,334,97,361,102
2021,"Havering 016","E02000479",9449,5049,1489,915,9,6,47,19,6,8,2,1,0,11,90,4,1575,265,1665,269
2021,"Havering 017","E02000480",13840,7562,1805,1242,7,6,59,25,8,13,1,1,0,11,136,10,2662,351,2798,361
2021,"Havering 018","E02000481",8234,4456,2045,1184,15,16,50,19,9,13,0,1,0,8,35,8,352,73,387,81
2021,"Havering 019","E02000482",6587,3612,1564,1003,10,22,39,11,11,5,3,3,0,6,61,12,189,75,250,87
2021,"Havering 020","E02000483",8001,4167,1911,1076,11,11,54,27,8,9,3,0,0,7,75,10,580,106,655,116
2021,"Havering 021","E02000484",8494,4580,2032,1062,5,3,34,16,6,4,1,1,0,6,91,12,551,124,642,136
2021,"Havering 022","E02000485",8476,4403,1960,1256,9,1,55,17,10,13,1,3,0,11,67,9,580,136,647,145
2021,"Havering 023","E02000486",7354,3725,1949,913,12,2,33,13,11,2,3,0,0,4,57,11,536,116,593,127
2021,"Havering 024","E02000487",7914,4277,2074,1200,20,5,47,24,7,7,2,0,0,7,64,8,174,45,238,53
2021,"Havering 025","E02000488",7578,3862,2076,1070,13,2,37,13,8,11,2,0,0,3,51,5,372,90,423,95
2021,"Havering 026","E02000489",8633,4662,1933,951,15,7,28,11,3,10,1,0,0,3,59,7,823,148,882,155
2021,"Havering 027","E02000490",8468,4463,1970,1036,9,2,26,11,6,5,0,0,0,4,55,4,764,139,819,143
2021,"Havering 028","E02000491",10639,6149,1888,952,11,2,40,13,8,7,3,0,0,9,54,10,1308,225,1362,235
2021,"Havering 029","E02000492",6830,3665,1786,755,5,7,28,13,0,5,4,0,0,6,40,4,451,89,491,93
2021,"Havering 030","E02000493",6740,3728,1177,660,11,0,28,13,7,4,1,2,0,1,27,0,985,124,1012,124
2021,"Hillingdon 001","E02000494",7958,5240,671,606,20,10,62,28,11,13,2,0,1,7,61,9,917,362,978,371
2021,"Hillingdon 002","E02000495",10417,5951,1045,780,20,6,76,28,23,13,0,1,0,11,110,18,1984,427,2094,445
2021,"Hillingdon 003","E02000496",7803,4302,1670,978,21,7,56,15,8,14,4,0,1,14,101,12,539,117,640,129
2021,"Hillingdon 004","E02000497",9522,5657,1337,918,26,7,76,27,9,16,6,1,0,17,104,20,1021,356,1125,376
2021,"Hillingdon 005","E02000498",6376,3653,1194,772,22,10,65,25,8,12,3,0,0,17,95,13,410,142,505,155
2021,"Hillingdon 006","E02000499",7724,4494,1313,706,27,11,72,22,22,9,2,0,0,17,116,14,710,261,826,275
2021,"Hillingdon 007","E02000500",8278,4770,1201,836,20,16,85,30,21,14,5,0,0,15,176,25,931,218,1107,243
2021,"Hillingdon 008","E02000501",8471,4749,1455,874,27,7,48,13,7,21,1,0,0,6,152,27,850,282,1002,309
2021,"Hillingdon 009","E02000502",8928,5016,1203,778,24,17,94,42,18,26,1,1,0,6,194,26,1220,356,1414,382
2021,"Hillingdon 010","E02000503",8685,4867,1538,872,19,9,68,21,17,12,3,0,0,15,218,24,824,246,1042,270
2021,"Hillingdon 011","E02000504",7643,4557,1293,836,22,10,88,41,20,5,7,0,1,14,85,13,506,233,591,246
2021,"Hillingdon 013","E02000506",7961,5121,1012,671,22,6,55,26,10,8,3,0,0,8,104,13,699,258,803,271
2021,"Hillingdon 014","E02000507",8243,4898,1224,741,10,1,43,16,7,11,6,0,0,3,96,9,1004,217,1100,226
2021,"Hillingdon 015","E02000508",11948,6278,1058,980,25,14,104,39,18,11,4,0,0,32,165,27,2764,533,2929,560
2021,"Hillingdon 016","E02000509",10555,5327,995,860,16,13,90,29,8,28,8,2,0,15,119,28,2651,456,2770,484
2021,"Hillingdon 017","E02000510",9115,5414,1206,676,13,10,42,14,9,10,0,1,0,8,135,15,1356,248,1491,263
2021,"Hillingdon 018","E02000511",9931,5886,1192,593,7,1,35,14,5,8,1,0,0,7,96,6,1847,268,1943,274
2021,"Hillingdon 019","E02000512",8820,5234,952,624,6,5,35,19,2,7,3,1,0,3,63,8,1639,254,1702,262
2021,"Hillingdon 020","E02000513",9762,5974,725,517,3,1,22,15,3,1,3,0,0,0,62,7,2197,254,2259,261
2021,"Hillingdon 021","E02000514",10675,6305,510,292,5,5,16,5,2,4,3,0,0,2,76,2,3142,322,3218,324
2021,"Hillingdon 022","E02000515",13293,6981,1575,1027,38,9,64,28,10,10,1,2,0,13,181,13,2984,421,3165,434
2021,"Hillingdon 023","E02000516",8647,5236,504,371,3,3,14,4,2,3,1,3,0,1,52,5,2212,247,2264,252
2021,"Hillingdon 024","E02000517",10471,6310,807,497,5,4,33,10,7,8,2,0,0,6,90,7,2379,339,2469,346
2021,"Hillingdon 025","E02000518",9632,5623,1208,767,8,6,39,17,5,7,2,0,0,8,137,11,1555,278,1692,289
2021,"Hillingdon 026","E02000519",9560,5996,690,360,8,4,30,6,6,12,0,0,0,6,54,0,2192,226,2246,226
2021,"Hillingdon 027","E02000520",14058,7859,747,600,16,4,27,9,6,7,1,0,0,4,84,20,4242,459,4326,479
2021,"Hillingdon 028","E02000521",13192,7497,1139,842,15,5,44,16,11,7,3,0,0,7,90,11,3051,498,3141,509
2021,"Hillingdon 029","E02000522",9574,5370,1110,726,19,5,59,21,11,9,2,3,0,13,60,11,1894,320,1954,331
2021,"Hillingdon 030","E02000523",11371,6411,484,275,7,3,33,13,6,8,1,0,0,5,78,11,3706,363,3784,374
2021,"Hillingdon 031","E02000524",7532,3721,773,446,6,4,33,15,3,11,1,0,0,3,51,4,2270,224,2321,228
2021,"Hillingdon 032","E02000525",10062,5418,582,325,9,3,24,12,6,3,1,0,0,2,40,1,3311,349,3351,350
2021,"Hounslow 001","E02000526",8636,4400,615,648,33,19,144,56,45,14,5,1,1,22,180,30,2014,553,2194,583
2021,"Hounslow 004","E02000529",9718,6183,301,208,0,4,26,12,5,4,0,0,0,5,61,4,2608,323,2669,327
2021,"Hounslow 005","E02000530",8116,5151,438,224,5,3,20,7,3,6,1,0,0,3,22,2,2008,243,2030,245
2021,"Hounslow 006","E02000531",11582,6139,1093,852,27,20,144,55,28,32,7,2,0,20,266,35,2444,562,2710,597
2021,"Hounslow 007","E02000532",8973,4890,716,770,35,18,145,51,48,20,3,1,0,22,177,27,1687,508,1864,535
2021,"Hounslow 008","E02000533",8403,4675,719,667,40,18,163,60,42,24,10,2,0,25,147,33,1516,425,1663,458
2021,"Hounslow 009","E02000534",8557,5146,491,444,8,5,47,12,10,10,8,1,0,6,126,32,1886,372,2012,404
2021,"Hounslow 010","E02000535",10051,6186,361,216,2,6,10,3,1,5,0,0,0,1,37,2,2935,296,2972,298
2021,"Hounslow 011","E02000536",10844,6566,385,285,2,4,16,3,4,5,0,0,2,2,38,8,3185,355,3223,363
2021,"Hounslow 012","E02000537",9846,5158,344,280,7,3,24,9,5,7,0,1,0,2,63,10,3544,413,3607,423
2021,"Hounslow 013","E02000538",10106,5372,340,201,5,4,16,2,1,4,5,1,0,3,25,1,3824,318,3849,319
2021,"Hounslow 014","E02000539",12226,6965,1072,779,45,26,107,40,20,14,11,0,0,22,181,32,2454,565,2635,597
2021,"Hounslow 015","E02000540",12124,6062,672,537,14,6,86,35,15,22,3,0,0,11,110,16,4131,490,4241,506
2021,"Hounslow 016","E02000541",10618,5564,497,283,5,1,29,17,3,3,1,0,2,3,27,3,3902,307,3929,310
2021,"Hounslow 017","E02000542",12306,6136,446,312,6,6,25,12,0,10,1,0,0,2,35,2,4863,475,4898,477
2021,"Hounslow 018","E02000543",14001,6122,624,388,14,6,34,11,8,9,1,0,0,5,57,22,6188,546,6245,568
2021,"Hounslow 019","E02000544",8559,4976,750,387,13,9,65,31,13,10,1,0,0,10,100,6,1883,370,1983,376
2021,"Hounslow 020","E02000545",9236,5304,834,695,29,17,104,36,15,19,7,2,0,25,105,18,1756,374,1861,392
2021,"Hounslow 021","E02000546",10425,6205,386,305,3,2,23,9,2,11,1,0,0,0,54,21,3007,419,3061,440
2021,"Hounslow 022","E02000547",11001,5845,1220,665,10,5,53,18,7,12,4,0,0,12,50,4,2783,366,2833,370
2021,"Hounslow 023","E02000548",10572,5578,1321,782,5,0,34,17,1,8,1,0,0,7,44,7,2460,341,2504,348
2021,"Hounslow 024","E02000549",12537,6641,1439,774,8,3,67,30,9,8,2,0,0,18,75,16,3089,425,3164,441
2021,"Hounslow 025","E02000550",10715,5381,1208,741,9,2,57,21,13,12,4,0,0,7,73,2,2837,405,2910,407
2021,"Hounslow 026","E02000551",9748,5425,1171,722,11,3,54,33,6,4,3,1,0,7,36,3,2016,307,2052,310
2021,"Hounslow 027","E02000552",9259,4827,1253,658,11,5,54,21,6,13,1,0,1,12,51,9,2055,336,2106,345
2021,"Hounslow 028","E02000553",7114,3775,1134,720,15,6,42,16,9,7,2,0,2,6,37,9,1182,194,1219,203
2021,"Islington 001","E02000554",9354,5641,613,557,28,13,139,49,28,35,9,2,0,16,211,26,1705,421,1916,447
2021,"Islington 002","E02000555",9571,5580,713,622,19,11,152,56,25,34,9,1,0,27,251,25,1720,478,1971,503
2021,"Islington 003","E02000556",11397,6429,672,832,52,22,202,82,36,33,14,1,0,36,288,55,2275,570,2563,625
2021,"Islington 004","E02000557",8783,4734,628,571,23,21,146,50,25,46,4,2,0,19,229,38,1936,457,2165,495
2021,"Islington 005","E02000558",9428,5888,490,449,25,12,99,52,21,9,3,3,0,11,175,21,1913,356,2088,377
2021,"Islington 006","E02000559",9584,5310,560,676,37,15,193,69,39,39,13,1,1,31,224,44,1916,609,2140,653
2021,"Islington 007","E02000560",7353,3743,428,479,34,10,127,64,22,17,4,0,0,20,146,30,1926,430,2072,460
2021,"Islington 008","E02000561",7388,3954,497,572,27,27,151,59,31,26,12,0,0,23,166,42,1482,470,1648,512
2021,"Islington 009","E02000562",7865,4519,542,499,24,16,154,63,30,25,9,2,2,23,173,33,1479,426,1652,459
2021,"Islington 010","E02000563",8683,4743,702,538,24,13,118,58,19,17,7,2,1,14,144,25,1904,472,2048,497
2021,"Islington 011","E02000564",12423,6147,775,875,53,24,176,75,31,32,8,10,0,20,276,42,3292,763,3568,805
2021,"Islington 012","E02000565",8543,5178,548,493,22,7,171,91,31,22,2,4,0,21,128,27,1548,421,1676,448
2021,"Islington 013","E02000566",8556,4487,573,629,39,12,150,58,26,26,10,2,0,28,142,42,1883,599,2025,641
2021,"Islington 014","E02000567",10438,5600,891,784,52,16,176,76,29,35,6,0,0,30,247,33,2117,522,2364,555
2021,"Islington 015","E02000568",11340,6150,934,748,18,15,142,53,18,26,16,2,0,27,200,39,2596,498,2796,537
2021,"Islington 016","E02000569",9941,5283,891,749,35,18,152,59,35,26,7,0,0,25,197,30,2018,568,2215,598
2021,"Islington 017","E02000570",8284,4167,644,747,34,25,191,61,45,27,17,1,3,37,176,29,1796,475,1972,504
2021,"Islington 018","E02000571",8923,4666,734,705,15,11,127,48,29,25,4,0,0,21,176,25,1959,505,2135,530
2021,"Islington 019","E02000572",8602,5007,628,490,12,11,108,43,18,29,6,1,0,11,129,15,1835,367,1964,382
2021,"Islington 020","E02000573",10315,5097,741,763,33,15,188,78,38,41,6,0,0,25,172,48,2670,588,2842,636
2021,"Islington 021","E02000574",7830,3562,604,545,38,16,118,47,22,28,3,0,0,18,185,24,2276,462,2461,486
2021,"Islington 022","E02000575",11308,5266,803,743,31,21,157,67,35,26,6,0,0,23,147,21,3439,680,3586,701
2021,"Islington 023","E02000576",10671,5532,880,655,17,15,120,56,21,24,5,1,0,13,139,31,2769,513,2908,544
2021,"Kensington and Chelsea 001","E02000577",7711,5069,367,302,7,2,57,22,9,8,4,3,0,11,85,24,1498,300,1583,324
2021,"Kensington and Chelsea 002","E02000578",6007,3873,509,315,8,1,36,19,2,7,2,0,0,6,84,13,902,266,986,279
2021,"Kensington and Chelsea 003","E02000579",8996,5372,654,568,9,13,101,46,16,15,5,0,1,18,158,31,1650,440,1808,471
2021,"Kensington and Chelsea 004","E02000580",7894,4670,504,390,30,13,90,44,22,8,4,2,0,10,110,19,1675,393,1785,412
2021,"Kensington and Chelsea 005","E02000581",7391,4821,535,409,14,5,43,17,7,10,1,1,0,7,74,14,1211,265,1285,279
2021,"Kensington and Chelsea 006","E02000582",6541,2809,379,349,17,5,113,31,54,9,3,0,0,16,84,13,2310,462,2394,475
2021,"Kensington and Chelsea 007","E02000583",6425,3203,408,438,19,11,62,19,21,7,1,0,0,14,66,19,1726,473,1792,492
2021,"Kensington and Chelsea 008","E02000584",7174,3193,347,345,13,12,76,28,24,12,0,1,0,11,65,22,2467,634,2532,656
2021,"Kensington and Chelsea 009","E02000585",8087,3906,374,357,9,5,61,20,21,9,2,0,0,9,89,13,2740,533,2829,546
2021,"Kensington and Chelsea 010","E02000586",6474,2462,239,305,15,4,53,10,21,9,5,0,0,8,62,5,2830,499,2892,504
2021,"Kensington and Chelsea 011","E02000587",6499,2840,277,307,10,6,61,25,21,4,1,0,1,9,88,21,2366,523,2454,544
2021,"Kensington and Chelsea 012","E02000588",5983,2300,334,298,9,15,46,16,12,3,3,0,0,12,58,11,2449,463,2507,474
2021,"Kensington and Chelsea 013","E02000589",7250,2609,314,303,6,7,67,29,12,6,5,0,0,15,75,6,3288,575,3363,581
2021,"Kensington and Chelsea 014","E02000590",5976,2981,431,304,3,3,60,34,10,4,2,0,0,10,51,8,1749,386,1800,394
2021,"Kensington and Chelsea 015","E02000591",6213,2870,227,230,9,7,53,28,9,7,2,0,0,7,79,11,2375,352,2454,363
2021,"Kensington and Chelsea 016","E02000592",5765,2049,298,257,5,2,60,17,14,11,5,0,0,13,61,10,2514,509,2575,519
2021,"Kensington and Chelsea 017","E02000593",7392,2828,365,331,26,13,71,29,22,7,4,0,0,9,95,16,3015,632,3110,648
2021,"Kensington and Chelsea 018","E02000594",6484,2963,509,444,16,15,146,43,48,17,5,1,3,29,75,7,1900,409,1975,416
2021,"Kensington and Chelsea 019","E02000595",6163,2902,440,332,10,11,74,20,18,8,6,0,0,22,74,9,1890,421,1964,430
2021,"Kensington and Chelsea 020","E02000596",6616,2920,386,327,20,10,85,27,26,14,4,0,0,14,79,10,2290,489,2369,499
2021,"Kensington and Chelsea 021","E02000597",6335,3777,441,312,16,7,54,20,15,3,3,0,0,13,69,7,1297,355,1366,362
2021,"Kingston upon Thames 001","E02000598",8095,4613,815,775,34,20,94,36,15,18,5,1,0,19,87,19,1188,450,1275,469
2021,"Kingston upon Thames 002","E02000599",7008,4111,527,489,18,13,73,23,16,13,4,0,0,17,71,14,1291,401,1362,415
2021,"Kingston upon Thames 003","E02000600",8357,4620,658,679,24,17,90,39,18,13,3,1,0,16,64,15,1796,394,1860,409
2021,"Kingston upon Thames 004","E02000601",11907,6450,937,1060,59,41,153,58,27,20,16,0,0,32,114,31,2427,635,2541,666
2021,"Kingston upon Thames 005","E02000602",10314,5620,786,940,47,27,107,33,19,16,8,0,0,31,88,36,2247,416,2335,452
2021,"Kingston upon Thames 006","E02000603",8636,4839,759,653,20,11,63,19,10,15,6,0,0,13,63,16,1802,410,1865,426
2021,"Kingston upon Thames 007","E02000604",9242,5044,830,799,29,15,88,28,25,6,6,1,0,22,76,17,1868,476,1944,493
2021,"Kingston upon Thames 008","E02000605",8491,4830,782,739,16,14,94,34,24,11,9,2,0,14,96,26,1449,445,1545,471
2021,"Kingston upon Thames 009","E02000606",10561,5318,859,1004,59,31,164,64,29,17,13,2,2,37,121,25,2418,562,2539,587
2021,"Kingston upon Thames 010","E02000607",6799,3871,692,753,34,17,105,27,14,25,6,7,1,25,77,20,920,310,997,330
2021,"Kingston upon Thames 011","E02000608",7200,3653,677,741,28,19,146,41,38,13,10,3,3,38,75,20,1441,400,1516,420
2021,"Kingston upon Thames 012","E02000609",7630,4513,843,603,18,6,53,15,9,8,5,2,0,14,68,17,1240,269,1308,286
2021,"Kingston upon Thames 013","E02000610",7953,4306,737,856,32,12,139,46,34,25,8,4,2,20,86,24,1364,397,1450,421
2021,"Kingston upon Thames 014","E02000611",7439,4509,903,780,21,22,77,26,17,10,10,1,0,13,87,23,734,283,821,306
2021,"Kingston upon Thames 015","E02000612",8251,4925,1125,729,8,9,68,21,15,10,8,1,1,12,93,12,992,290,1085,302
2021,"Kingston upon Thames 016","E02000613",8093,4601,906,920,30,15,99,36,19,16,8,1,0,19,76,15,1117,314,1193,329
2021,"Kingston upon Thames 017","E02000614",9295,5312,941,736,16,3,76,35,7,14,5,3,0,12,79,11,1724,397,1803,408
2021,"Kingston upon Thames 018","E02000615",7879,4328,1323,929,19,4,61,21,13,10,9,1,0,7,63,12,957,183,1020,195
2021,"Kingston upon Thames 019","E02000616",6061,3349,1098,825,10,3,39,15,9,4,3,0,0,8,52,3,558,124,610,127
2021,"Kingston upon Thames 020","E02000617",8866,5086,1390,1126,20,7,51,19,6,9,4,1,0,12,60,19,860,247,920,266
2021,"Lambeth 002","E02000619",9100,5403,557,543,27,14,112,53,19,19,6,0,1,14,108,24,1894,418,2002,442
2021,"Lambeth 003","E02000620",9845,5549,576,653,42,31,139,48,24,25,10,1,0,31,119,30,2199,507,2318,537
2021,"Lambeth 004","E02000621",12523,6100,529,805,42,18,211,83,47,32,11,3,1,34,199,34,3895,690,4094,724
2021,"Lambeth 005","E02000622",8405,4714,412,634,34,14,152,70,24,20,7,1,0,30,125,25,1921,374,2046,399
2021,"Lambeth 006","E02000623",7857,4493,476,376,20,4,65,19,18,18,5,0,0,5,85,13,1965,360,2050,373
2021,"Lambeth 007","E02000624",9630,5653,434,623,32,17,169,69,17,34,10,5,2,32,144,21,2107,430,2251,451
2021,"Lambeth 008","E02000625",9307,5231,478,472,25,13,92,34,22,14,3,0,0,19,92,19,2441,444,2533,463
2021,"Lambeth 009","E02000626",8363,5354,403,386,13,4,61,28,10,7,4,1,0,11,84,17,1749,292,1833,309
2021,"Lambeth 010","E02000627",9555,5436,429,756,37,26,172,49,53,17,12,4,0,37,154,29,2083,433,2237,462
2021,"Lambeth 011","E02000628",10782,6277,420,529,29,13,121,48,29,19,7,0,0,18,100,18,2800,475,2900,493
2021,"Lambeth 012","E02000629",9114,5074,535,817,57,20,185,74,43,24,7,2,2,33,239,22,1761,404,2000,426
2021,"Lambeth 013","E02000630",7538,4225,481,632,40,20,174,73,36,32,9,1,0,23,178,28,1411,349,1589,377
2021,"Lambeth 014","E02000631",9526,5694,534,640,33,25,159,58,33,24,9,3,0,32,143,29,1811,458,1954,487
2021,"Lambeth 015","E02000632",9589,5333,534,1013,51,28,247,87,46,46,12,3,1,52,204,30,1726,423,1930,453
2021,"Lambeth 016","E02000633",9160,5609,440,703,20,15,125,41,24,23,9,0,0,28,109,35,1695,409,1804,444
2021,"Lambeth 017","E02000634",6773,3862,390,527,30,27,140,50,27,34,3,12,0,14,143,21,1332,301,1475,322
2021,"Lambeth 018","E02000635",9812,6073,471,799,49,26,161,57,39,23,4,2,0,36,152,39,1597,445,1749,484
2021,"Lambeth 019","E02000636",7716,4270,467,800,60,25,185,63,52,31,15,1,0,23,185,47,1277,400,1462,447
2021,"Lambeth 020","E02000637",8402,4839,428,674,42,22,161,68,27,21,10,1,2,32,151,32,1648,405,1799,437
2021,"Lambeth 021","E02000638",10253,5947,601,728,46,16,176,85,34,31,5,0,0,21,173,28,2130,408,2303,436
2021,"Lambeth 022","E02000639",8324,4662,365,487,27,24,108,39,17,19,11,0,0,22,98,18,2181,354,2279,372
2021,"Lambeth 023","E02000640",9290,5576,606,928,47,24,232,91,50,46,22,1,0,22,192,31,1246,408,1438,439
2021,"Lambeth 024","E02000641",8630,5496,458,422,21,12,63,31,11,10,0,0,0,11,71,22,1714,351,1785,373
2021,"Lambeth 025","E02000642",9810,5974,732,733,40,18,166,69,33,19,11,2,0,32,118,33,1559,437,1677,470
2021,"Lambeth 026","E02000643",9379,5398,520,714,35,19,135,46,33,26,8,0,0,22,137,40,1955,426,2092,466
2021,"Lambeth 027","E02000644",8521,5003,508,547,55,26,135,41,27,30,9,1,0,27,99,22,1704,422,1803,444
2021,"Lambeth 028","E02000645",9532,5535,612,677,37,27,168,60,29,25,20,4,0,30,124,35,1884,433,2008,468
2021,"Lambeth 029","E02000646",9497,5332,541,687,41,19,162,68,39,18,4,2,1,30,149,28,2105,433,2254,461
2021,"Lambeth 030","E02000647",8590,5265,527,628,35,26,117,38,25,11,9,0,0,34,93,34,1463,402,1556,436
2021,"Lambeth 031","E02000648",7828,5150,487,446,17,1,80,29,13,14,6,0,0,18,85,21,1245,296,1330,317
2021,"Lambeth 032","E02000649",12475,6537,686,889,62,30,219,84,42,46,9,1,0,37,190,39,3196,627,3386,666
2021,"Lambeth 033","E02000650",7665,4725,588,495,28,16,130,41,27,25,19,3,0,15,125,20,1240,298,1365,318
2021,"Lambeth 034","E02000651",8738,4897,474,624,20,16,125,47,28,21,4,0,1,24,106,28,2045,403,2151,431
2021,"Lambeth 035","E02000652",7560,4427,382,343,13,10,46,13,11,13,2,0,0,7,54,7,1954,324,2008,331
2021,"Lewisham 001","E02000653",12605,6811,676,692,29,10,128,52,21,28,5,0,0,22,113,17,3525,604,3638,621
2021,"Lewisham 002","E02000654",8785,5470,426,428,20,12,73,37,12,14,0,1,0,9,60,12,1905,379,1965,391
2021,"Lewisham 003","E02000655",10288,5798,509,558,26,10,132,45,22,22,4,3,21,15,81,19,2655,500,2736,519
2021,"Lewisham 005","E02000657",9909,5621,612,679,30,19,158,55,24,30,13,1,2,33,121,38,2210,421,2331,459
2021,"Lewisham 006","E02000658",8620,4995,502,605,22,18,139,52,29,25,8,2,1,22,117,28,1728,466,1845,494
2021,"Lewisham 007","E02000659",8063,4597,531,718,29,17,172,75,37,20,10,2,1,27,97,24,1470,408,1567,432
2021,"Lewisham 008","E02000660",8206,4579,482,627,35,17,152,61,36,19,5,3,1,27,119,62,1695,438,1814,500
2021,"Lewisham 009","E02000661",6494,3561,632,600,37,19,103,36,31,20,2,1,0,13,65,22,1118,337,1183,359
2021,"Lewisham 010","E02000662",8293,5166,464,586,19,8,85,43,14,13,6,2,0,7,97,28,1437,403,1534,431
2021,"Lewisham 011","E02000663",6795,3964,436,480,19,14,115,46,22,18,7,2,1,19,103,28,1296,340,1399,368
2021,"Lewisham 013","E02000665",8154,4612,631,638,26,20,100,36,19,14,7,3,1,20,115,24,1504,484,1619,508
2021,"Lewisham 014","E02000666",7189,4400,481,535,30,18,100,34,21,24,4,3,0,14,120,35,1120,350,1240,385
2021,"Lewisham 015","E02000667",6688,4225,461,489,19,10,109,35,21,21,5,2,2,23,104,37,875,359,979,396
2021,"Lewisham 016","E02000668",6861,4044,552,555,26,19,104,43,22,15,5,0,1,18,95,33,1114,319,1209,352
2021,"Lewisham 017","E02000669",7971,4454,532,541,20,7,91,34,28,9,7,1,1,11,78,22,1832,394,1910,416
2021,"Lewisham 018","E02000670",6706,4059,361,348,6,4,48,14,11,9,2,1,0,11,59,16,1485,320,1544,336
2021,"Lewisham 019","E02000671",8744,5205,663,722,47,13,135,66,22,15,6,5,0,21,109,41,1352,457,1461,498
2021,"Lewisham 020","E02000672",10271,5737,700,613,18,5,95,47,17,13,3,1,0,14,117,21,2452,513,2569,534
2021,"Lewisham 021","E02000673",8138,4859,657,688,35,19,120,43,18,20,3,4,0,32,120,27,1193,420,1313,447
2021,"Lewisham 022","E02000674",8455,5222,609,554,18,16,74,22,9,14,5,0,1,23,104,15,1466,377,1570,392
2021,"Lewisham 023","E02000675",8528,4984,938,720,23,7,110,55,16,13,8,1,1,16,85,19,1330,312,1415,331
2021,"Lewisham 024","E02000676",7815,4893,547,682,23,11,107,45,17,18,8,0,0,19,110,34,1066,342,1176,376
2021,"Lewisham 025","E02000677",7208,4679,492,431,6,3,53,22,5,5,7,0,3,11,116,22,1127,279,1243,301
2021,"Lewisham 026","E02000678",6962,4193,710,534,11,13,26,13,1,7,2,0,0,3,70,10,1206,189,1276,199
2021,"Lewisham 027","E02000679",8136,4964,673,632,26,10,106,50,15,21,6,1,0,13,93,18,1253,361,1346,379
2021,"Lewisham 028","E02000680",7037,4235,507,463,11,15,102,39,25,13,3,2,0,20,96,20,1242,346,1338,366
2021,"Lewisham 029","E02000681",8473,5384,804,572,13,3,48,19,9,7,4,1,0,8,75,12,1293,269,1368,281
2021,"Lewisham 030","E02000682",8934,5908,699,459,10,4,19,8,4,2,0,1,0,4,52,11,1478,294,1530,305
2021,"Lewisham 031","E02000683",6769,3972,806,507,10,2,40,10,9,6,4,1,0,10,43,11,1138,240,1181,251
2021,"Lewisham 033","E02000685",8130,4836,757,637,30,15,81,34,21,11,1,1,0,13,93,24,1309,348,1402,372
2021,"Lewisham 034","E02000686",7536,4655,621,483,10,2,45,14,5,8,0,0,0,18,48,9,1424,239,1472,248
2021,"Lewisham 035","E02000687",8270,5005,749,654,26,14,136,52,25,19,6,0,0,34,95,33,1198,360,1293,393
2021,"Merton 001","E02000689",9052,4936,631,818,37,25,174,62,41,28,11,4,1,27,147,41,1683,560,1830,601
2021,"Merton 002","E02000690",5524,3149,468,487,16,25,94,34,30,9,2,1,0,18,75,16,890,304,965,320
2021,"Merton 003","E02000691",7356,3970,531,646,29,12,105,36,20,18,7,0,0,24,117,35,1455,456,1572,491
2021,"Merton 004","E02000692",7656,3766,533,704,33,26,165,51,42,35,16,3,1,17,137,28,1822,442,1959,470
2021,"Merton 005","E02000693",9853,5023,671,704,56,34,137,55,37,19,4,0,0,22,161,27,2528,512,2689,539
2021,"Merton 006","E02000694",9107,4825,657,856,46,31,172,55,38,36,13,1,0,29,151,27,1790,552,1941,579
2021,"Merton 007","E02000695",8641,4978,443,442,21,11,59,23,7,7,4,2,0,16,100,17,2225,345,2325,362
2021,"Merton 008","E02000696",8630,4514,555,588,30,11,68,19,17,19,1,1,0,11,107,17,2286,454,2393,471
2021,"Merton 009","E02000697",8724,4249,546,770,26,21,158,46,42,30,11,0,0,29,176,48,2123,607,2299,655
2021,"Merton 010","E02000698",8236,4710,571,745,39,25,133,38,44,24,7,0,0,20,145,19,1375,474,1520,493
2021,"Merton 011","E02000699",8213,4240,632,743,36,19,127,45,35,19,6,1,1,20,151,22,1696,547,1847,569
2021,"Merton 012","E02000700",8662,4921,680,529,20,8,47,19,3,9,5,1,0,10,73,4,2040,340,2113,344
2021,"Merton 013","E02000701",9006,5023,684,376,7,6,31,10,6,7,1,1,0,6,89,14,2450,326,2539,340
2021,"Merton 014","E02000702",9322,5675,685,556,9,3,36,14,5,10,1,1,0,5,58,10,1915,375,1973,385
2021,"Merton 015","E02000703",7957,4571,697,651,30,23,90,34,21,8,0,0,1,26,125,35,1282,453,1407,488
2021,"Merton 016","E02000704",8601,4413,774,672,24,20,103,37,25,16,3,0,0,22,129,24,1971,471,2100,495
2021,"Merton 017","E02000705",9328,5525,625,422,9,5,35,15,7,8,3,0,0,2,81,5,2195,426,2276,431
2021,"Merton 018","E02000706",10034,5706,702,641,9,4,40,12,4,14,1,0,0,9,60,10,2499,363,2559,373
2021,"Merton 019","E02000707",8306,5138,691,497,4,1,16,7,1,1,0,1,1,5,36,5,1622,296,1658,301
2021,"Merton 020","E02000708",8884,4978,852,740,30,11,96,30,18,19,11,1,0,17,135,21,1547,474,1682,495
2021,"Merton 021","E02000709",7980,4434,1055,700,19,17,60,19,6,14,6,0,0,15,152,21,1158,364,1310,385
2021,"Merton 022","E02000710",9189,5150,981,584,4,7,61,26,9,15,2,0,0,9,110,16,1905,371,2015,387
2021,"Merton 023","E02000711",9446,4761,894,662,11,6,47,12,6,14,5,0,0,10,94,8,2511,452,2605,460
2021,"Merton 024","E02000712",9668,5262,1179,788,16,6,48,28,11,5,0,0,0,4,94,17,1862,396,1956,413
2021,"Merton 025","E02000713",7806,4304,1404,735,19,7,64,13,13,22,1,0,0,15,100,23,927,223,1027,246
2021,"Newham 001","E02000714",7711,4669,335,309,7,3,40,16,6,8,4,0,0,6,58,5,2009,276,2067,281
2021,"Newham 002","E02000715",7298,4330,216,191,5,3,4,2,1,1,0,0,0,0,22,5,2246,276,2268,281
2021,"Newham 003","E02000716",7351,4341,270,236,8,3,23,8,7,5,1,0,0,2,20,0,2196,254,2216,254
2021,"Newham 004","E02000717",8357,4963,167,189,5,0,21,7,5,7,1,0,0,1,35,5,2764,208,2799,213
2021,"Newham 005","E02000718",7406,4824,202,158,5,0,11,1,1,3,3,1,0,2,27,1,1911,267,1938,268
2021,"Newham 006","E02000719",8077,4398,388,296,18,3,39,10,4,11,3,0,0,11,34,10,2564,327,2598,337
2021,"Newham 007","E02000720",7489,4710,226,227,4,6,29,9,5,8,1,0,0,6,25,3,2045,214,2070,217
2021,"Newham 008","E02000721",9542,5879,218,233,2,2,8,3,1,2,0,0,0,2,12,0,2891,297,2903,297
2021,"Newham 009","E02000722",8140,4352,335,226,13,4,54,14,15,14,3,0,1,7,50,7,2747,352,2797,359
2021,"Newham 010","E02000723",11192,6939,182,215,3,0,21,12,1,7,0,0,0,1,20,1,3493,318,3513,319
2021,"Newham 011","E02000724",10029,6316,164,234,4,1,20,6,1,4,3,0,0,6,28,2,2970,290,2998,292
2021,"Newham 012","E02000725",9989,5086,492,421,15,5,72,20,23,13,5,3,2,6,70,5,3425,398,3495,403
2021,"Newham 014","E02000727",8518,4977,157,141,3,1,7,2,1,1,0,0,0,3,16,0,2959,257,2975,257
2021,"Newham 015","E02000728",8526,4582,166,179,2,0,10,5,2,3,0,0,0,0,15,6,3283,283,3298,289
2021,"Newham 016","E02000729",7328,4402,256,217,7,6,25,10,3,9,0,1,0,2,35,2,2123,255,2158,257
2021,"Newham 017","E02000730",9929,5788,127,205,5,2,11,3,4,1,0,0,0,3,23,3,3461,304,3484,307
2021,"Newham 018","E02000731",9962,5680,199,201,0,0,13,6,3,0,1,0,0,3,21,2,3544,302,3565,304
2021,"Newham 019","E02000732",8900,5423,265,252,26,17,13,6,3,3,1,0,0,0,15,5,2560,324,2575,329
2021,"Newham 020","E02000733",10095,6017,449,327,11,5,46,25,6,6,0,0,0,9,41,4,2794,401,2835,405
2021,"Newham 021","E02000734",7303,4147,305,266,9,2,26,9,6,4,3,0,0,4,34,6,2247,261,2281,267
2021,"Newham 022","E02000735",8612,5018,280,193,9,0,17,5,2,5,3,0,0,2,38,1,2688,368,2726,369
2021,"Newham 023","E02000736",9203,5491,478,281,4,4,25,9,8,4,2,0,0,2,28,1,2648,243,2676,244
2021,"Newham 024","E02000737",10379,6116,509,322,7,5,39,17,7,6,2,0,0,7,29,5,3094,253,3123,258
2021,"Newham 025","E02000738",9575,5481,373,272,8,4,32,12,7,5,1,0,0,7,38,11,3026,330,3064,341
2021,"Newham 026","E02000739",7723,4304,326,271,2,3,18,9,2,4,1,0,0,2,29,4,2493,273,2522,277
2021,"Newham 027","E02000740",6768,3970,441,242,7,0,40,16,7,7,0,0,0,10,31,3,1819,215,1850,218
2021,"Newham 028","E02000741",8243,4789,477,312,7,4,19,2,6,5,1,2,0,3,23,2,2301,309,2324,311
2021,"Newham 029","E02000742",8700,5168,420,281,5,5,26,11,9,4,0,0,1,1,20,0,2456,319,2476,319
2021,"Newham 030","E02000743",10280,5824,549,425,7,4,37,10,9,6,0,0,0,12,42,7,3039,346,3081,353
2021,"Newham 031","E02000744",9176,4739,703,419,9,3,25,8,7,6,0,0,0,4,33,14,2876,355,2909,369
2021,"Newham 032","E02000745",8597,4472,527,349,3,1,24,10,3,2,3,1,0,5,65,4,2895,257,2960,261
2021,"Newham 033","E02000746",9426,5468,502,401,11,11,49,24,8,6,2,0,0,9,50,5,2572,357,2622,362
2021,"Newham 034","E02000747",13100,6225,787,672,25,15,101,43,16,19,6,2,0,15,57,10,4525,683,4582,693
2021,"Newham 035","E02000748",6274,2869,422,205,5,2,34,14,5,6,6,0,0,3,23,3,2484,227,2507,230
2021,"Newham 036","E02000749",9552,5295,755,447,8,2,33,12,6,11,0,0,0,4,43,5,2633,331,2676,336
2021,"Redbridge 001","E02000751",11158,6850,1545,949,26,22,93,45,15,15,4,0,0,14,120,31,1141,381,1261,412
2021,"Redbridge 002","E02000752",8782,5209,1052,639,8,3,35,12,7,6,5,0,0,5,26,8,1530,272,1556,280
2021,"Redbridge 003","E02000753",6919,3865,889,498,9,4,23,10,5,4,0,0,0,4,26,3,1369,233,1395,236
2021,"Redbridge 004","E02000754",6768,3930,874,561,17,6,47,16,6,10,6,2,0,7,90,14,979,250,1069,264
2021,"Redbridge 005","E02000755",5482,3171,825,482,12,6,28,12,2,7,1,0,0,6,52,4,734,168,786,172
2021,"Redbridge 006","E02000756",14597,8512,1411,987,9,9,59,27,6,13,0,0,0,13,57,2,3112,439,3169,441
2021,"Redbridge 007","E02000757",12397,7361,1246,1145,43,14,130,54,22,18,9,2,0,25,149,28,1827,454,1976,482
2021,"Redbridge 008","E02000758",6885,4784,523,352,2,1,22,8,7,4,1,1,0,1,21,7,950,223,971,230
2021,"Redbridge 009","E02000759",13088,8031,1271,882,22,16,92,36,18,17,4,0,0,17,142,37,2113,482,2255,519
2021,"Redbridge 010","E02000760",7537,4706,595,437,3,0,41,9,6,12,0,0,0,14,47,6,1475,227,1522,233
2021,"Redbridge 012","E02000762",6620,4624,307,298,2,3,13,4,3,3,0,0,0,3,10,1,1109,253,1119,254
2021,"Redbridge 013","E02000763",8015,5026,492,329,4,5,20,4,2,8,2,1,0,3,33,5,1779,322,1812,327
2021,"Redbridge 014","E02000764",12308,7303,1220,1079,38,24,161,58,32,33,13,4,1,20,243,25,1787,428,2030,453
2021,"Redbridge 015","E02000765",7533,4636,291,244,5,2,18,6,3,5,1,0,0,3,33,6,2027,271,2060,277
2021,"Redbridge 017","E02000767",8624,5269,409,362,4,3,22,6,3,6,0,0,0,7,23,5,2165,362,2188,367
2021,"Redbridge 018","E02000768",5788,3552,600,594,12,8,92,35,21,16,3,2,2,13,123,24,544,239,667,263
2021,"Redbridge 020","E02000770",8125,5253,296,215,1,0,12,4,1,4,0,0,0,3,39,0,2005,304,2044,304
2021,"Redbridge 022","E02000772",8385,5278,310,224,5,1,18,4,0,9,1,0,0,4,32,0,2203,314,2235,314
2021,"Redbridge 023","E02000773",10733,7264,275,273,3,0,16,6,2,6,1,0,0,1,22,3,2470,407,2492,410
2021,"Redbridge 024","E02000774",8110,4938,234,198,5,3,17,7,3,2,1,1,0,3,47,4,2360,304,2407,308
2021,"Redbridge 026","E02000776",7038,4523,230,220,5,1,11,4,3,3,0,0,0,1,35,1,1761,251,1796,252
2021,"Redbridge 027","E02000777",6002,3694,658,514,17,11,73,20,17,20,5,1,1,9,114,18,713,190,827,208
2021,"Redbridge 029","E02000779",8418,4557,243,226,3,1,17,3,2,5,3,0,0,4,40,5,2994,332,3034,337
2021,"Redbridge 031","E02000781",16293,11623,599,421,7,4,23,5,3,7,5,0,0,3,85,6,3087,438,3172,444
2021,"Redbridge 032","E02000782",11490,6641,288,242,1,3,20,5,1,9,2,0,0,3,40,5,3847,403,3887,408
2021,"Redbridge 033","E02000783",7395,4586,159,154,2,2,10,2,0,2,2,0,0,4,21,1,2243,217,2264,218
2021,"Richmond upon Thames 001","E02000784",10131,5725,819,897,39,23,161,49,54,20,8,0,0,30,162,28,1684,593,1846,621
2021,"Richmond upon Thames 002","E02000785",9714,5377,800,950,54,33,204,87,36,18,14,0,0,49,145,38,1625,488,1770,526
2021,"Richmond upon Thames 003","E02000786",11370,6355,1043,1182,55,36,236,85,57,34,14,1,0,45,180,43,1672,568,1852,611
2021,"Richmond upon Thames 004","E02000787",12082,6445,1023,1172,42,30,167,66,33,28,5,1,0,34,187,35,2290,691,2477,726
2021,"Richmond upon Thames 005","E02000788",9092,5167,753,943,37,27,133,38,38,23,4,3,0,27,117,36,1373,506,1490,542
2021,"Richmond upon Thames 006","E02000789",6300,3327,599,539,29,22,130,40,43,19,5,4,0,19,112,17,1143,382,1255,399
2021,"Richmond upon Thames 007","E02000790",6584,3752,518,676,29,23,125,33,29,23,7,1,0,32,145,20,932,364,1077,384
2021,"Richmond upon Thames 008","E02000791",6472,3017,488,558,20,22,125,43,29,20,8,3,0,22,125,15,1617,485,1742,500
2021,"Richmond upon Thames 009","E02000792",7149,3841,558,672,28,19,146,53,36,18,8,1,0,30,128,40,1282,435,1410,475
2021,"Richmond upon Thames 010","E02000793",8108,4587,1160,748,32,16,101,39,22,12,8,0,0,20,182,29,998,255,1180,284
2021,"Richmond upon Thames 011","E02000794",7014,3925,705,741,41,22,122,49,26,20,6,1,1,19,125,14,995,324,1120,338
2021,"Richmond upon Thames 012","E02000795",6926,3997,573,640,24,12,101,30,26,13,8,1,1,22,78,17,1093,391,1171,408
2021,"Richmond upon Thames 013","E02000796",11089,6482,1442,968,26,16,102,49,11,9,8,1,0,24,130,32,1537,354,1667,386
2021,"Richmond upon Thames 014","E02000797",7871,4332,666,864,59,34,148,51,47,14,10,5,0,21,179,27,1176,386,1355,413
2021,"Richmond upon Thames 015","E02000798",11308,6660,1262,1125,40,38,158,57,39,18,11,0,0,33,161,39,1339,486,1500,525
2021,"Richmond upon Thames 016","E02000799",6605,3774,700,816,46,28,146,51,25,36,12,5,0,17,144,22,683,246,827,268
2021,"Richmond upon Thames 017","E02000800",5410,3101,607,490,7,9,54,24,7,3,2,0,0,18,38,5,785,314,823,319
2021,"Richmond upon Thames 018","E02000801",7111,4344,663,779,38,22,142,46,31,23,9,3,3,27,119,17,700,287,819,304
2021,"Richmond upon Thames 019","E02000802",7024,4231,734,781,44,25,124,59,24,12,3,1,0,25,96,25,704,260,800,285
2021,"Richmond upon Thames 020","E02000803",9717,5704,1303,1064,32,16,93,32,20,22,4,1,0,14,109,17,1061,318,1170,335
2021,"Richmond upon Thames 021","E02000804",7149,4048,730,929,36,29,137,39,30,27,6,3,0,32,106,23,832,279,938,302
2021,"Richmond upon Thames 022","E02000805",10755,6324,993,1192,69,49,188,63,48,38,6,2,0,31,157,28,1274,481,1431,509
2021,"Richmond upon Thames 023","E02000806",10300,6257,1195,1173,63,29,149,53,31,17,16,2,0,30,107,30,904,393,1011,423
2021,"Southwark 001","E02000807",8228,3646,746,652,30,14,106,32,23,22,9,3,2,15,115,24,2258,637,2373,661
2021,"Southwark 002","E02000808",10166,4555,607,668,50,16,150,49,39,22,13,1,0,26,161,30,3317,612,3478,642
2021,"Southwark 004","E02000810",11897,6271,1075,848,27,13,167,52,25,31,22,3,3,31,136,24,2722,614,2858,638
2021,"Southwark 006","E02000812",10788,6183,631,563,30,11,120,48,24,25,2,2,0,19,164,25,2471,590,2635,615
2021,"Southwark 007","E02000813",10223,5168,897,601,24,9,98,42,12,26,5,0,0,13,119,23,2797,487,2916,510
2021,"Southwark 008","E02000814",10289,4739,757,761,30,18,123,57,37,5,7,1,1,15,133,41,2923,764,3056,805
2021,"Southwark 009","E02000815",7616,3659,258,519,25,11,121,55,26,23,5,0,0,12,111,23,2484,405,2595,428
2021,"Southwark 010","E02000816",9609,4935,1059,658,20,7,103,32,22,14,12,1,1,21,109,23,2297,398,2406,421
2021,"Southwark 011","E02000817",6822,3738,862,416,18,15,70,40,9,11,3,0,0,7,70,8,1386,239,1456,247
2021,"Southwark 012","E02000818",9792,5220,633,639,19,8,187,89,32,24,7,0,0,35,147,22,2457,460,2604,482
2021,"Southwark 013","E02000819",8499,5029,632,447,16,8,72,25,17,14,4,1,0,11,68,19,1894,314,1962,333
2021,"Southwark 014","E02000820",9248,5133,600,600,22,12,109,49,16,17,6,0,1,20,119,25,2182,446,2301,471
2021,"Southwark 015","E02000821",9356,5018,416,370,10,7,43,18,3,9,4,1,1,7,63,5,3038,386,3101,391
2021,"Southwark 016","E02000822",6719,3927,478,324,17,7,76,31,10,18,6,1,0,10,71,7,1571,241,1642,248
2021,"Southwark 017","E02000823",8689,4981,537,500,11,5,118,41,32,18,4,2,0,21,88,15,2033,401,2121,416
2021,"Southwark 018","E02000824",9903,6200,530,440,18,8,70,36,10,9,1,0,0,14,92,5,2187,353,2279,358
2021,"Southwark 019","E02000825",10225,6728,389,397,20,20,56,22,11,13,2,0,0,8,63,10,2127,415,2190,425
2021,"Southwark 020","E02000826",9884,5821,529,589,47,18,101,47,24,16,6,1,0,7,109,25,2218,427,2327,452
2021,"Southwark 021","E02000827",11309,6650,552,582,13,16,114,30,24,22,10,2,1,25,122,24,2717,519,2839,543
2021,"Southwark 022","E02000828",8813,5435,453,422,17,11,80,32,10,12,7,2,1,16,84,25,2014,272,2098,297
2021,"Southwark 023","E02000829",10926,6900,649,712,28,14,160,59,27,36,8,1,3,26,126,46,1901,390,2027,436
2021,"Southwark 024","E02000830",8883,5164,460,722,41,14,185,74,41,29,11,4,1,25,124,27,1707,439,1831,466
2021,"Southwark 025","E02000831",9353,5767,621,681,36,26,185,72,34,27,7,3,0,42,118,34,1458,427,1576,461
2021,"Southwark 026","E02000832",9685,6361,735,634,29,13,140,53,36,21,5,1,0,24,112,23,1330,308,1442,331
2021,"Southwark 027","E02000833",7486,4567,400,423,11,9,83,40,11,12,5,2,0,13,95,22,1524,352,1619,374
2021,"Southwark 028","E02000834",9388,5800,599,849,56,32,209,69,32,47,24,0,1,36,171,41,1210,421,1381,462
2021,"Southwark 029","E02000835",7679,4876,591,611,26,26,140,54,32,14,8,0,0,32,128,26,904,351,1032,377
2021,"Southwark 030","E02000836",8297,5149,591,766,45,23,145,56,31,17,9,1,0,31,159,43,958,418,1117,461
2021,"Southwark 031","E02000837",8560,5211,640,876,51,27,178,53,41,25,9,1,2,47,139,41,911,486,1050,527
2021,"Southwark 032","E02000838",9497,5737,641,797,45,23,166,56,28,25,17,5,1,34,165,35,1447,441,1612,476
2021,"Southwark 033","E02000839",8477,5237,639,579,16,21,100,35,27,15,8,0,0,15,116,32,1311,426,1427,458
2021,"Sutton 001","E02000840",9317,5248,1412,982,12,0,41,13,7,8,4,2,0,7,42,10,1289,281,1331,291
2021,"Sutton 002","E02000841",9186,4863,1438,1001,10,3,33,12,6,5,2,0,0,8,57,5,1474,302,1531,307
2021,"Sutton 003","E02000842",8278,4543,1456,805,14,4,44,21,7,5,2,0,1,8,89,15,1043,265,1132,280
2021,"Sutton 004","E02000843",9473,5232,1299,1049,27,8,64,21,15,10,3,0,0,15,78,12,1383,321,1461,333
2021,"Sutton 005","E02000844",8659,4954,1439,962,23,3,34,15,3,5,1,2,0,8,53,17,914,260,967,277
2021,"Sutton 006","E02000845",9422,5262,1330,1086,15,4,92,32,26,11,6,0,3,14,106,13,1116,398,1222,411
2021,"Sutton 007","E02000846",7614,4193,1205,692,10,3,39,16,8,5,3,0,0,7,64,8,1057,343,1121,351
2021,"Sutton 008","E02000847",9421,5284,1658,1036,19,16,73,36,9,12,4,1,0,11,121,18,856,340,977,358
2021,"Sutton 009","E02000848",8140,4554,1639,839,15,2,29,12,5,3,2,0,0,7,88,5,713,256,801,261
2021,"Sutton 010","E02000849",8178,4649,1382,1000,11,9,66,24,9,16,3,3,0,11,68,10,776,207,844,217
2021,"Sutton 011","E02000850",10835,6505,1768,1087,18,7,56,23,4,14,4,0,0,11,66,15,975,338,1041,353
2021,"Sutton 012","E02000851",11581,5811,1345,930,29,8,77,31,14,24,3,0,0,5,87,10,2769,515,2856,525
2021,"Sutton 013","E02000852",8144,4368,1221,853,18,12,65,28,15,4,0,0,0,18,84,16,1172,335,1256,351
2021,"Sutton 014","E02000853",8170,4461,1170,821,18,9,49,15,14,6,4,0,1,9,77,16,1217,332,1294,348
2021,"Sutton 015","E02000854",7615,4361,1199,919,32,10,85,32,20,11,4,1,0,17,111,32,610,256,721,288
2021,"Sutton 016","E02000855",8204,4676,1341,1040,32,13,92,31,22,11,0,2,2,24,72,16,639,283,711,299
2021,"Sutton 017","E02000856",9330,5617,1197,972,23,8,80,38,14,11,4,0,0,13,80,24,1022,307,1102,331
2021,"Sutton 018","E02000857",8992,4645,892,804,21,13,80,36,14,10,12,0,0,8,75,11,1994,457,2069,468
2021,"Sutton 019","E02000858",8572,5200,1253,848,2,6,56,31,12,7,2,0,0,4,61,10,892,244,953,254
2021,"Sutton 020","E02000859",8488,5085,1344,888,29,13,58,23,8,11,6,0,0,10,83,12,755,221,838,233
2021,"Sutton 021","E02000860",8788,4478,1024,772,17,10,74,22,15,7,5,1,0,24,74,13,1921,405,1995,418
2021,"Sutton 022","E02000861",7775,4764,1094,864,20,17,64,19,25,5,4,1,0,10,67,10,555,320,622,330
2021,"Sutton 024","E02000863",6737,4200,1058,694,12,9,37,5,15,7,5,0,0,5,54,7,415,251,469,258
2021,"Tower Hamlets 001","E02000864",11260,6900,892,827,43,32,142,59,22,27,9,3,0,22,143,26,1822,433,1965,459
2021,"Tower Hamlets 002","E02000865",7962,5050,509,386,14,7,96,41,22,13,4,2,0,14,82,8,1511,299,1593,307
2021,"Tower Hamlets 003","E02000866",10645,6323,872,784,30,16,173,60,45,31,9,3,0,25,143,33,1788,483,1931,516
2021,"Tower Hamlets 004","E02000867",11326,6499,741,703,49,18,175,65,33,42,11,1,0,23,131,28,2390,592,2521,620
2021,"Tower Hamlets 005","E02000868",7197,4241,348,385,28,10,82,34,17,12,4,1,1,13,123,14,1617,349,1740,363
2021,"Tower Hamlets 006","E02000869",5930,3565,390,351,3,3,92,44,21,10,5,0,2,10,77,12,1156,281,1233,293
2021,"Tower Hamlets 007","E02000870",6368,3826,499,346,14,4,88,42,22,12,2,0,1,9,57,13,1305,216,1362,229
2021,"Tower Hamlets 008","E02000871",11519,7400,357,494,27,10,85,29,18,22,10,0,0,6,68,23,2628,427,2696,450
2021,"Tower Hamlets 009","E02000872",8146,4775,296,352,26,5,124,62,20,25,7,0,2,8,74,28,2097,369,2171,397
2021,"Tower Hamlets 010","E02000873",9852,5799,435,534,17,9,100,37,13,11,8,6,0,25,48,18,2447,445,2495,463
2021,"Tower Hamlets 011","E02000874",7494,4682,280,285,7,4,60,30,12,10,3,0,0,5,65,11,1785,315,1850,326
2021,"Tower Hamlets 012","E02000875",13568,8880,537,556,32,12,109,46,13,18,12,0,0,20,78,19,2826,519,2904,538
2021,"Tower Hamlets 013","E02000876",7271,4271,209,327,12,9,67,37,9,10,3,1,0,7,78,9,1992,297,2070,306
2021,"Tower Hamlets 014","E02000877",13809,8793,489,681,29,10,114,38,25,24,10,2,0,15,101,17,3061,514,3162,531
2021,"Tower Hamlets 015","E02000878",10437,5603,253,386,26,9,89,32,19,18,7,0,3,10,83,18,3524,446,3607,464
2021,"Tower Hamlets 016","E02000879",8341,5150,474,386,17,6,56,32,9,4,4,1,0,6,66,11,1879,296,1945,307
2021,"Tower Hamlets 017","E02000880",6519,3846,225,257,21,6,71,18,10,22,2,3,0,16,49,11,1797,236,1846,247
2021,"Tower Hamlets 018","E02000881",10831,6752,473,441,12,10,74,32,6,9,9,0,0,18,46,4,2543,476,2589,480
2021,"Tower Hamlets 019","E02000882",11502,8232,463,459,15,5,67,32,13,15,1,0,0,6,61,12,1818,370,1879,382
2021,"Tower Hamlets 020","E02000883",9288,5813,589,358,30,4,53,22,7,14,3,0,0,7,33,5,2099,304,2132,309
2021,"Tower Hamlets 021","E02000884",12769,6492,325,433,22,14,97,33,19,20,11,0,1,13,85,13,4707,581,4792,594
2021,"Tower Hamlets 022","E02000885",7055,4584,332,191,7,7,37,18,5,4,4,0,0,6,40,11,1584,262,1624,273
2021,"Tower Hamlets 023","E02000886",9587,5245,392,511,19,10,104,38,26,16,6,2,0,16,77,13,2652,564,2729,577
2021,"Tower Hamlets 024","E02000887",10799,6596,526,474,13,10,81,31,19,22,3,1,0,5,60,6,2586,447,2646,453
2021,"Tower Hamlets 025","E02000888",8621,5097,329,347,21,25,83,36,21,16,3,1,0,6,80,15,2201,423,2281,438
2021,"Tower Hamlets 026","E02000889",8966,4702,416,494,27,17,93,33,25,12,7,0,0,16,100,21,2642,454,2742,475
2021,"Tower Hamlets 027","E02000890",5816,2938,416,419,26,16,96,38,18,19,5,1,0,15,73,16,1452,364,1525,380
2021,"Tower Hamlets 030","E02000893",7412,3902,613,405,10,9,52,27,12,6,0,1,0,6,52,11,1949,409,2001,420
2021,"Tower Hamlets 031","E02000894",11007,5414,630,588,29,8,76,27,18,15,3,3,0,10,98,20,3363,781,3461,801
2021,"Waltham Forest 001","E02000895",8375,5068,1412,787,8,7,52,20,11,10,2,0,0,9,92,7,773,169,865,176
2021,"Waltham Forest 002","E02000896",9327,5380,1507,981,28,7,86,30,23,14,6,0,0,13,112,25,969,232,1081,257
2021,"Waltham Forest 003","E02000897",8565,5096,1244,891,6,6,60,16,10,12,7,0,0,15,80,17,938,227,1018,244
2021,"Waltham Forest 004","E02000898",8011,4758,1303,767,7,8,64,24,14,7,1,0,0,18,69,23,793,219,862,242
2021,"Waltham Forest 005","E02000899",8813,5258,1171,630,4,4,31,11,4,7,5,0,0,4,57,9,1403,246,1460,255
2021,"Waltham Forest 006","E02000900",8976,5662,909,518,8,6,20,11,1,2,1,1,0,4,52,11,1462,328,1514,339
2021,"Waltham Forest 007","E02000901",10493,6293,1386,979,24,12,98,32,14,21,7,2,0,22,110,34,1216,341,1326,375
2021,"Waltham Forest 008","E02000902",9957,6357,864,639,13,8,45,19,3,9,4,2,0,8,83,19,1585,344,1668,363
2021,"Waltham Forest 009","E02000903",10275,6321,740,617,10,6,68,28,8,13,3,5,0,11,90,26,1994,403,2084,429
2021,"Waltham Forest 010","E02000904",8424,5158,619,495,14,11,89,36,18,11,3,0,0,21,73,12,1637,316,1710,328
2021,"Waltham Forest 011","E02000905",10473,6184,660,646,19,14,128,47,27,18,6,2,0,28,94,28,2276,424,2370,452
2021,"Waltham Forest 012","E02000906",9651,5795,556,578,36,5,96,46,21,12,0,5,0,12,104,28,2034,419,2138,447
2021,"Waltham Forest 013","E02000907",10580,6423,662,628,28,8,81,26,15,16,10,0,0,14,96,15,2245,394,2341,409
2021,"Waltham Forest 014","E02000908",12901,7232,700,740,40,23,151,68,27,16,3,4,0,33,168,33,3179,635,3347,668
2021,"Waltham Forest 015","E02000909",9250,5561,637,680,34,18,106,47,25,18,4,1,0,11,130,32,1634,418,1764,450
2021,"Waltham Forest 016","E02000910",11430,6473,660,637,31,10,168,73,23,26,6,5,0,35,109,23,2784,535,2893,558
2021,"Waltham Forest 017","E02000911",12961,7372,629,702,33,13,148,73,21,19,10,2,0,23,146,23,3345,550,3491,573
2021,"Waltham Forest 018","E02000912",9742,6119,494,479,17,9,91,35,15,21,2,5,0,13,62,18,2076,377,2138,395
2021,"Waltham Forest 019","E02000913",9642,6337,447,431,10,5,65,26,7,15,2,0,0,15,91,12,1884,360,1975,372
2021,"Waltham Forest 020","E02000914",11797,7305,467,413,10,4,64,30,8,10,4,1,0,11,63,10,2986,475,3049,485
2021,"Waltham Forest 021","E02000915",8111,4711,524,548,23,12,87,43,12,16,2,0,1,13,132,19,1692,363,1824,382
2021,"Waltham Forest 022","E02000916",10564,6237,444,426,27,7,92,46,20,14,3,0,0,9,104,20,2785,422,2889,442
2021,"Waltham Forest 023","E02000917",9589,5243,503,443,15,11,112,50,23,15,5,1,1,17,99,26,2714,423,2813,449
2021,"Waltham Forest 024","E02000918",9323,5282,515,508,20,4,83,31,11,12,12,1,0,16,91,22,2390,408,2481,430
2021,"Waltham Forest 025","E02000919",9240,4988,421,377,24,7,84,40,9,18,4,0,0,13,118,24,2783,414,2901,438
2021,"Waltham Forest 026","E02000920",10300,6123,462,447,15,5,61,24,11,11,6,0,0,9,57,13,2706,411,2763,424
2021,"Waltham Forest 027","E02000921",11201,6633,571,532,12,9,50,18,8,10,2,0,0,12,120,13,2855,406,2975,419
2021,"Waltham Forest 028","E02000922",10460,5661,566,469,36,7,65,31,10,10,3,1,0,10,78,14,3114,450,3192,464
2021,"Wandsworth 001","E02000923",7525,3774,444,599,34,7,126,51,26,17,5,2,0,25,111,27,1978,425,2089,452
2021,"Wandsworth 003","E02000925",7900,4561,550,458,13,9,88,33,13,16,5,0,0,21,103,15,1743,360,1846,375
2021,"Wandsworth 004","E02000926",11639,5838,817,925,41,24,186,69,46,26,14,0,0,31,181,38,2937,652,3118,690
2021,"Wandsworth 005","E02000927",7105,3967,580,739,12,13,126,41,23,16,12,3,0,31,126,23,1176,343,1302,366
2021,"Wandsworth 006","E02000928",8358,4636,645,858,51,40,189,52,44,32,11,4,1,45,161,36,1260,482,1421,518
2021,"Wandsworth 007","E02000929",8103,4806,431,523,10,15,72,17,22,8,2,1,0,22,59,9,1881,297,1940,306
2021,"Wandsworth 008","E02000930",10079,5070,683,1002,54,27,225,88,47,27,26,4,0,33,215,42,2308,453,2523,495
2021,"Wandsworth 009","E02000931",8817,4416,568,1006,51,38,220,65,78,25,7,1,0,44,156,34,1746,582,1902,616
2021,"Wandsworth 010","E02000932",12845,6334,746,1265,82,59,288,106,66,36,14,4,1,61,247,55,2909,860,3156,915
2021,"Wandsworth 011","E02000933",8865,4657,660,816,37,22,167,50,57,13,10,7,0,30,161,34,1799,512,1960,546
2021,"Wandsworth 012","E02000934",8913,4687,662,899,45,25,197,72,48,34,22,2,0,19,232,16,1673,477,1905,493
2021,"Wandsworth 013","E02000935",7373,4020,633,642,10,4,50,21,5,11,5,0,0,8,72,12,1637,293,1709,305
2021,"Wandsworth 014","E02000936",9367,4549,638,809,44,32,174,55,53,33,13,0,2,18,161,21,2360,579,2521,600
2021,"Wandsworth 015","E02000937",8164,4561,490,790,36,25,152,57,45,22,8,0,0,20,154,20,1440,496,1594,516
2021,"Wandsworth 016","E02000938",10767,5800,861,753,29,16,93,27,27,6,7,0,0,26,143,29,2493,550,2636,579
2021,"Wandsworth 017","E02000939",7816,4432,463,845,42,19,153,54,33,36,11,0,0,19,105,37,1241,479,1346,516
2021,"Wandsworth 018","E02000940",9323,4958,581,805,54,25,155,38,56,16,21,0,0,24,134,20,2093,498,2227,518
2021,"Wandsworth 019","E02000941",10172,6018,805,985,45,27,186,74,41,29,11,1,0,30,180,33,1413,480,1593,513
2021,"Wandsworth 020","E02000942",9686,5398,624,956,41,24,158,46,45,25,16,0,1,25,146,35,1729,575,1875,610
2021,"Wandsworth 021","E02000943",8721,4914,517,912,54,26,231,76,56,31,17,3,0,48,178,29,1389,471,1567,500
2021,"Wandsworth 022","E02000944",7638,4124,519,459,13,10,74,22,22,16,6,0,0,8,56,22,1920,441,1976,463
2021,"Wandsworth 023","E02000945",7843,4121,556,494,14,11,61,20,11,13,4,0,0,13,77,8,2184,317,2261,325
2021,"Wandsworth 024","E02000946",8436,4688,754,771,43,30,218,68,47,39,11,2,0,51,122,12,1342,456,1464,468
2021,"Wandsworth 025","E02000947",9342,5118,626,983,44,32,172,58,49,28,10,0,0,27,169,24,1626,548,1795,572
2021,"Wandsworth 026","E02000948",10029,5712,631,1126,57,35,217,85,48,26,16,2,0,40,250,32,1500,469,1750,501
2021,"Wandsworth 027","E02000949",10008,5801,802,1088,58,34,258,94,57,35,19,4,0,49,236,41,1250,440,1486,481
2021,"Wandsworth 028","E02000950",7588,3920,524,493,11,8,94,48,21,11,0,2,0,12,92,6,1963,477,2055,483
2021,"Wandsworth 029","E02000951",6430,3669,443,741,40,21,133,50,31,21,9,0,0,22,133,24,977,249,1110,273
2021,"Wandsworth 030","E02000952",6145,3513,437,656,25,22,152,45,31,34,8,3,0,31,143,31,909,257,1052,288
2021,"Wandsworth 031","E02000953",7503,4232,492,803,34,19,137,47,29,24,6,3,0,28,163,27,1248,348,1411,375
2021,"Wandsworth 032","E02000954",6100,3593,378,551,40,14,108,29,28,16,4,1,0,30,128,12,987,289,1115,301
2021,"Wandsworth 033","E02000955",6890,4060,477,574,20,19,95,30,11,28,5,0,2,19,152,19,1193,281,1345,300
2021,"Wandsworth 034","E02000956",7418,4077,485,537,42,12,122,49,21,17,10,3,1,21,160,21,1649,313,1809,334
2021,"Wandsworth 035","E02000957",10863,6102,581,841,42,25,168,59,39,27,10,1,0,32,254,22,2249,579,2503,601
2021,"Wandsworth 036","E02000958",8276,4966,610,649,40,18,130,40,24,29,10,1,0,26,107,35,1281,440,1388,475
2021,"Wandsworth 037","E02000959",7866,4330,412,561,22,9,106,35,15,34,3,0,0,19,146,13,1891,376,2037,389
2021,"Westminster 001","E02000960",6159,2871,318,245,11,6,36,15,7,3,3,0,0,8,57,9,2189,417,2246,426
2021,"Westminster 002","E02000961",9813,5129,478,438,15,3,82,19,16,17,3,0,1,26,101,22,2918,627,3019,649
2021,"Westminster 003","E02000962",7701,3575,335,325,11,7,67,21,16,14,6,0,0,10,97,15,2775,494,2872,509
2021,"Westminster 004","E02000963",10525,7040,542,462,10,5,70,31,10,12,4,3,0,10,152,29,1815,400,1967,429
2021,"Westminster 005","E02000964",12142,7383,604,533,22,8,94,31,24,12,2,0,1,24,174,28,2661,635,2835,663
2021,"Westminster 006","E02000965",7875,3790,395,489,13,8,97,34,26,15,6,0,0,16,108,21,2332,622,2440,643
2021,"Westminster 007","E02000966",9252,4300,460,493,27,14,110,52,20,11,10,0,0,17,105,11,2994,738,3099,749
2021,"Westminster 008","E02000967",6056,2371,264,232,31,5,50,17,7,12,4,1,0,9,48,15,2617,423,2665,438
2021,"Westminster 009","E02000968",14479,9537,698,460,10,1,74,33,9,9,3,1,0,19,120,5,3000,574,3120,579
2021,"Westminster 010","E02000969",9610,6237,391,338,14,3,56,17,12,11,5,0,0,11,67,14,2038,452,2105,466
2021,"Westminster 011","E02000970",6837,2824,382,292,14,8,73,25,23,16,1,1,0,7,68,7,2729,440,2797,447
2021,"Westminster 012","E02000971",7472,2849,331,346,17,12,69,31,12,11,5,0,1,9,60,5,3206,577,3266,582
2021,"Westminster 013","E02000972",7880,3390,352,385,15,12,75,36,13,12,4,0,0,10,95,18,3077,461,3172,479
2021,"Westminster 014","E02000973",9955,4660,471,537,28,20,108,34,34,17,6,3,0,14,111,18,3339,663,3450,681
2021,"Westminster 015","E02000974",8703,3872,304,344,21,6,69,20,15,11,2,1,0,20,59,7,3482,539,3541,546
2021,"Westminster 016","E02000975",7418,2992,365,310,14,9,65,12,14,17,3,0,0,19,88,18,3056,501,3144,519
2021,"Westminster 017","E02000976",8441,3341,316,326,14,12,51,19,8,11,1,0,0,12,72,28,3608,673,3680,701
2021,"Westminster 018","E02000977",6389,2733,356,360,14,10,90,45,14,14,6,2,0,9,80,13,2370,363,2450,376
2021,"Westminster 019","E02000978",7129,2860,324,395,17,19,80,20,18,14,8,1,0,19,71,13,2927,423,2998,436
2021,"Westminster 020","E02000979",8083,3682,581,480,24,13,149,49,33,22,12,2,1,30,99,25,2563,467,2662,492
2021,"Westminster 021","E02000980",8726,4663,540,470,14,14,97,42,25,9,4,4,1,12,83,21,2368,456,2451,477
2021,"Westminster 022","E02000981",8268,4091,639,623,16,22,142,39,34,29,9,2,0,29,100,26,2205,404,2305,430
2021,"Westminster 023","E02000982",7639,4234,519,425,16,11,69,30,15,9,3,1,0,11,83,18,1843,421,1926,439
2021,"Westminster 024","E02000983",7695,4094,574,498,23,18,100,35,40,12,4,1,0,8,88,14,1881,405,1969,419
2021,"Bromley 040","E02006782",8130,4848,1191,777,10,7,95,41,26,13,1,3,0,11,74,7,863,258,937,265
2021,"Lewisham 037","E02006783",7772,4436,903,636,7,3,39,16,4,10,4,0,0,5,52,30,1404,262,1456,292
2021,"Lewisham 038","E02006784",7971,4801,903,552,13,3,35,14,2,10,4,0,0,5,59,12,1319,274,1378,286
2021,"Bexley 029","E02006785",6624,3471,1333,703,10,2,41,18,1,10,4,0,0,8,32,1,797,234,829,235
2021,"Greenwich 033","E02006786",7564,4356,809,606,10,7,50,25,2,7,2,0,0,14,44,11,1467,204,1511,215
2021,"Bromley 041","E02006787",7895,4751,1082,919,19,10,84,39,20,7,2,0,0,16,115,25,678,212,793,237
2021,"Croydon 045","E02006788",7611,5086,636,590,17,7,41,12,13,5,1,0,0,10,72,12,923,227,995,239
2021,"Bromley 042","E02006789",6785,3684,1678,1043,18,7,71,39,12,4,2,1,0,13,31,12,192,49,223,61
2021,"Ealing 040","E02006791",7565,4026,530,567,22,13,129,60,32,10,2,2,0,23,120,20,1667,471,1787,491
2021,"Hounslow 029","E02006792",8997,4372,599,591,28,16,114,50,28,16,9,0,0,11,205,27,2523,522,2728,549
2021,"Enfield 037","E02006793",9645,6162,427,238,3,0,20,9,2,6,0,0,0,3,58,4,2418,315,2476,319
2021,"Haringey 037","E02006794",8286,4979,352,199,5,2,42,14,6,12,7,0,0,3,46,7,2385,269,2431,276
2021,"Harrow 032","E02006795",8270,4871,483,275,9,5,21,4,7,1,1,1,0,7,53,9,2127,417,2180,426
2021,"Hillingdon 033","E02006796",9694,5484,1296,828,22,15,88,45,8,20,3,0,0,12,169,22,1450,320,1619,342
2021,"Lewisham 039","E02006798",8887,5093,431,513,27,14,115,55,16,17,10,2,1,14,73,14,2185,422,2258,436
2021,"Barking and Dagenham 023","E02006799",12040,6933,1214,764,8,3,30,16,1,9,0,1,0,3,56,8,2683,341,2739,349
2021,"Redbridge 034","E02006800",14680,9237,572,408,11,2,36,8,4,18,1,0,0,5,60,8,3812,534,3872,542
2021,"Lambeth 036","E02006801",8571,3800,601,505,34,16,101,46,16,21,4,1,0,13,113,30,2940,431,3053,461
2021,"Southwark 034","E02006802",9277,4850,539,619,37,20,117,48,22,16,11,0,0,20,119,29,2434,513,2553,542
2021,"Sutton 025","E02006836",8721,5385,1068,858,16,7,82,35,19,13,9,1,0,5,92,28,823,362,915,390
2021,"Tower Hamlets 032","E02006853",11016,5285,439,404,7,9,88,33,19,16,7,0,0,13,77,10,4018,679,4095,689
2021,"Tower Hamlets 033","E02006854",7075,2989,239,303,18,3,50,20,15,7,0,3,0,5,60,13,2902,498,2962,511
2021,"Harrow 033","E02006882",14394,9360,537,418,10,3,32,9,3,15,2,0,0,3,172,16,3069,777,3241,793
2021,"Hackney 028","E02006918",8396,5424,347,390,16,7,122,49,19,19,8,1,0,26,92,21,1586,391,1678,412
2021,"Hackney 029","E02006921",7925,5472,390,488,11,2,39,13,11,5,3,0,0,7,50,15,1230,228,1280,243
2021,"Redbridge 035","E02006924",13600,9575,407,448,5,2,26,10,2,8,1,0,0,5,54,4,2660,419,2714,423
2021,"Redbridge 036","E02006925",14418,10610,527,481,2,1,16,7,2,4,0,0,0,3,40,2,2196,543,2236,545
2021,"Greenwich 034","E02006927",12367,6845,1198,1031,30,24,123,43,24,28,9,1,0,18,155,28,2299,634,2454,662
2021,"Greenwich 035","E02006928",12088,5957,685,999,43,37,181,76,33,33,11,1,0,27,159,23,3328,676,3487,699
2021,"Greenwich 037","E02006930",9850,5066,755,778,43,21,170,74,27,26,12,3,0,28,169,24,2245,579,2414,603
2021,"Greenwich 038","E02006931",9465,5148,701,797,57,17,180,80,36,25,9,4,0,26,163,40,1844,518,2007,558
2021,"Southwark 035","E02006941",5312,2076,262,430,24,24,152,42,40,38,11,0,0,21,116,21,1803,404,1919,425
2021,"Southwark 036","E02006942",6754,3369,428,452,19,18,114,47,24,15,8,3,0,17,117,20,1852,365,1969,385
2021,"Barnet 042","E02006953",9166,4448,274,344,5,4,39,12,14,6,2,0,0,5,59,7,3457,529,3516,536
2021,"Barnet 043","E02006954",10116,5679,309,298,11,7,31,13,3,11,1,0,0,3,105,13,3183,480,3288,493
2021,"Brent 035","E02006955",7508,3303,207,362,19,6,40,7,7,12,4,0,0,10,63,4,3146,358,3209,362
2021,"Brent 036","E02006956",8829,4637,274,296,18,8,22,4,2,9,1,0,0,6,99,10,3026,439,3125,449
2021,"Ealing 041","E02006968",8352,4072,396,506,21,25,83,29,9,24,4,0,0,17,116,40,2566,527,2682,567
2021,"Ealing 042","E02006969",6421,2692,244,384,16,17,90,39,16,13,8,0,0,14,117,15,2418,428,2535,443
2021,"Ealing 043","E02006970",7344,3364,82,96,1,0,11,2,0,6,1,1,0,1,18,0,3528,244,3546,244
2021,"Ealing 044","E02006971",8294,4627,111,105,1,0,7,1,1,0,2,0,0,3,12,2,3207,222,3219,224
2021,"Hounslow 030","E02006972",5411,3017,363,312,13,10,58,30,8,8,5,1,0,6,75,16,1297,250,1372,266
2021,"Hounslow 031","E02006973",8498,4844,715,538,23,6,96,43,22,15,4,2,0,10,127,15,1731,403,1858,418
2021,"Croydon 046","E02006987",7376,3521,430,459,13,8,73,33,16,11,2,0,1,10,71,13,2373,415,2444,428
2021,"Croydon 047","E02006988",7162,3916,582,526,12,12,73,34,15,12,3,0,2,7,64,8,1648,321,1712,329
2021,"Greenwich 039","E02006991",6320,2922,327,440,22,10,102,51,20,16,7,1,0,7,79,14,1967,437,2046,451
2021,"Greenwich 040","E02006992",8227,4162,623,551,30,18,110,46,17,16,9,2,1,19,97,19,2113,504,2210,523
2021,"Greenwich 041","E02006993",8397,4260,381,536,23,15,99,33,24,18,8,2,0,14,76,9,2483,515,2559,524
2021,"Greenwich 042","E02006994",7641,3952,557,382,14,2,49,18,6,9,4,0,0,12,44,11,2273,357,2317,368
2021,"Newham 038","E02006995",8640,4272,275,595,38,25,145,58,35,23,10,0,1,18,114,23,2678,475,2792,498
2021,"Newham 039","E02006996",8427,4082,344,432,23,21,65,24,12,12,7,0,0,10,78,21,2902,459,2980,480
2021,"Newham 040","E02006997",6886,3369,311,337,21,13,70,26,14,13,8,0,0,9,82,26,2259,398,2341,424
2021,"Newham 041","E02006998",7084,3865,435,260,5,4,18,8,1,1,1,0,0,7,23,4,2204,266,2227,270
2021,"Newham 042","E02006999",11241,5355,466,572,20,11,106,50,22,16,4,4,0,10,100,12,3911,688,4011,700
2021,"Lewisham 040","E02007008",5763,2700,215,314,11,8,74,21,18,10,7,2,5,11,73,8,1987,373,2060,381
2021,"Lewisham 041","E02007009",9141,5081,563,558,17,13,105,49,18,12,8,0,1,17,87,12,2313,392,2400,404
2021,"Redbridge 037","E02007017",8815,6047,656,414,2,3,24,6,11,6,0,0,0,1,38,4,1354,273,1392,277
2021,"Redbridge 038","E02007018",7269,4637,394,307,5,1,15,3,3,6,1,0,0,2,35,5,1602,268,1637,273
2021,"Redbridge 039","E02007019",7161,3148,148,129,1,0,14,7,2,1,1,0,0,3,18,3,3412,288,3430,291
2021,"Redbridge 040","E02007020",9840,6291,227,153,5,0,16,5,1,9,1,0,0,0,33,4,2810,301,2843,305
2021,"Wandsworth 038","E02007083",7710,3265,302,531,37,12,89,31,25,12,5,1,0,15,96,10,2870,498,2966,508
2021,"Wandsworth 039","E02007084",9890,5571,551,565,29,19,102,43,26,10,6,1,0,16,125,20,2459,449,2584,469
2021,"Hackney 030","E02007108",5942,2926,283,346,30,16,137,66,17,33,6,2,0,13,121,31,1690,362,1811,393
2021,"Hackney 031","E02007109",7620,4367,406,481,31,18,128,47,32,21,6,1,1,20,131,24,1638,396,1769,420
2021,"Hackney 032","E02007110",7333,3330,372,434,15,9,83,42,18,11,1,1,1,9,91,17,2548,434,2639,451
2021,"Hackney 033","E02007111",5947,2388,216,324,25,8,69,28,8,23,3,1,0,6,92,21,2438,366,2530,387
2021,"Tower Hamlets 034","E02007112",5892,2512,185,264,13,11,61,26,15,13,1,0,0,6,66,5,2327,448,2393,453
2021,"Tower Hamlets 035","E02007113",7460,3842,233,310,20,7,49,19,10,12,1,2,0,5,63,6,2535,395,2598,401
2021,"Tower Hamlets 036","E02007114",7566,3777,349,349,14,9,48,18,6,3,2,1,0,18,46,12,2527,435,2573,447
2021,"Camden 029","E02007115",11587,5777,602,581,38,19,137,47,30,27,6,3,1,23,139,30,3666,598,3805,628
