"date","geography","geography code","Ethnic group: Total: All usual residents","Ethnic group: Asian, Asian British or Asian Welsh","Ethnic group: Asian, Asian British or Asian Welsh: Bangladeshi","Ethnic group: Asian, Asian British or Asian Welsh: Chinese","Ethnic group: Asian, Asian British or Asian Welsh: Indian","Ethnic group: Asian, Asian British or Asian Welsh: Pakistani","Ethnic group: Asian, Asian British or Asian Welsh: Other Asian","Ethnic group: Black, Black British, Black Welsh, Caribbean or African","Ethnic group: Black, Black British, Black Welsh, Caribbean or African: African","Ethnic group: Black, Black British, Black Welsh, Caribbean or African: Caribbean","Ethnic group: Black, Black British, Black Welsh, Caribbean or African: Other Black","Ethnic group: Mixed or Multiple ethnic groups","Ethnic group: Mixed or Multiple ethnic groups: White and Asian","Ethnic group: Mixed or Multiple ethnic groups: White and Black African","Ethnic group: Mixed or Multiple ethnic groups: White and Black Caribbean","Ethnic group: Mixed or Multiple ethnic groups: Other Mixed or Multiple ethnic groups","Ethnic group: White","Ethnic group: White: English, Welsh, Scottish, Northern Irish or British","Ethnic group: White: Irish","Ethnic group: White: Gypsy or Irish Traveller","Ethnic group: White: Roma","Ethnic group: White: Other White","Ethnic group: Other ethnic group","Ethnic group: Other ethnic group: Arab","Ethnic group: Other ethnic group: Any other ethnic group"
2021,"City of London 001","E02000001",8584,1445,287,545,321,33,259,232,153,54,25,470,179,49,53,189,5955,3649,185,0,59,2062,482,114,368
2021,"Barking and Dagenham 001","E02000002",8282,1843,623,29,446,541,204,1737,1196,322,219,408,46,113,144,105,4043,3014,83,5,36,905,251,53,198
2021,"Barking and Dagenham 002","E02000003",11538,4032,1193,49,1147,1306,337,1800,1095,456,249,484,90,109,142,143,4692,2956,111,7,67,1551,530,40,490
2021,"Barking and Dagenham 003","E02000004",6642,1053,312,29,222,267,223,946,594,220,132,246,47,51,96,52,4175,3398,66,24,14,673,222,31,191
2021,"Barking and Dagenham 004","E02000005",11081,3333,873,68,1166,985,241,1957,1437,295,225,477,78,90,215,94,4917,3582,69,7,35,1224,397,53,344
2021,"Barking and Dagenham 006","E02000007",10164,1491,569,63,250,386,223,2654,2073,279,302,426,76,117,133,100,5184,4059,49,3,38,1035,409,95,314
2021,"Barking and Dagenham 007","E02000008",13254,2485,957,52,419,833,224,2560,1877,361,322,544,57,140,215,132,7239,5378,50,5,45,1761,426,49,377
2021,"Barking and Dagenham 008","E02000009",12864,3105,994,75,660,989,387,2941,2258,330,353,618,97,152,180,189,5668,3606,50,7,36,1969,532,74,458
2021,"Barking and Dagenham 009","E02000010",9486,1491,636,21,240,307,287,1886,1487,168,231,379,62,77,133,107,5432,3924,57,14,23,1414,298,58,240
2021,"Barking and Dagenham 010","E02000011",7029,1530,811,66,223,215,215,1402,1056,151,195,234,51,49,73,61,3630,2554,54,8,57,957,233,46,187
2021,"Barking and Dagenham 011","E02000012",11510,6763,4096,88,867,1438,274,1030,628,276,126,360,132,48,76,104,2977,2043,33,4,18,879,380,65,315
2021,"Barking and Dagenham 012","E02000013",9399,1577,668,46,282,374,207,1933,1452,153,328,410,68,105,152,85,5292,3729,50,9,30,1474,187,21,166
2021,"Barking and Dagenham 013","E02000014",9864,1519,712,83,216,274,234,1868,1502,158,208,311,52,77,104,78,5947,4298,72,7,39,1531,219,28,191
2021,"Barking and Dagenham 014","E02000015",8228,1128,535,60,168,235,130,2527,1990,222,315,401,55,110,155,81,3958,2990,43,9,16,900,214,51,163
2021,"Barking and Dagenham 015","E02000016",10568,3865,1134,131,1284,1030,286,2816,2271,282,263,534,77,140,166,151,2899,1261,34,3,97,1504,454,94,360
2021,"Barking and Dagenham 016","E02000017",9134,4422,1320,71,790,1877,364,1083,740,221,122,328,78,70,67,113,2900,1297,35,13,35,1520,401,47,354
2021,"Barking and Dagenham 017","E02000018",9552,1928,938,56,273,487,174,1962,1504,210,248,391,58,111,127,95,4979,3472,32,3,29,1443,292,61,231
2021,"Barking and Dagenham 018","E02000019",9661,1720,846,70,276,356,172,2201,1673,269,259,443,41,127,164,111,5037,3727,35,7,27,1241,260,57,203
2021,"Barking and Dagenham 019","E02000020",14054,4364,1784,152,777,1164,487,3446,2533,420,493,623,115,197,164,147,5014,2865,65,21,73,1990,607,80,527
2021,"Barking and Dagenham 020","E02000021",8763,1613,698,43,306,394,172,2483,1901,290,292,382,51,124,108,99,3983,2604,76,15,31,1257,302,36,266
2021,"Barking and Dagenham 021","E02000022",7737,2010,681,44,331,759,195,2616,2093,185,338,411,65,144,104,98,2335,1126,30,9,21,1149,365,96,269
2021,"Barking and Dagenham 022","E02000023",8017,1717,879,37,213,433,155,2980,2333,229,418,457,53,124,137,143,2602,1754,21,0,23,804,261,93,168
2021,"Barnet 001","E02000024",10839,1252,47,215,554,80,356,525,409,70,46,584,233,93,75,183,7981,6262,351,0,19,1349,497,56,441
2021,"Barnet 002","E02000025",8580,959,32,113,390,68,356,633,491,99,43,511,151,61,134,165,6029,4513,248,6,21,1241,448,67,381
2021,"Barnet 003","E02000026",6459,808,42,85,355,61,265,268,183,52,33,331,90,41,69,131,4505,3298,110,8,12,1077,547,39,508
2021,"Barnet 004","E02000027",9648,1518,100,202,581,106,529,995,718,128,149,650,161,117,183,189,5895,4474,274,1,37,1109,590,95,495
2021,"Barnet 005","E02000028",6536,1105,48,98,522,99,338,448,312,84,52,354,100,68,60,126,4172,2942,221,0,11,998,457,60,397
2021,"Barnet 006","E02000029",9677,1141,46,155,424,86,430,622,382,147,93,729,164,110,186,269,6352,4620,224,21,32,1455,833,81,752
2021,"Barnet 007","E02000030",9460,1799,54,208,911,169,457,494,385,71,38,436,153,66,68,149,6156,4748,281,0,11,1116,575,74,501
2021,"Barnet 008","E02000031",8332,1640,65,278,798,71,428,330,237,55,38,499,181,76,80,162,5166,3525,263,0,26,1352,697,67,630
2021,"Barnet 009","E02000032",7938,1660,156,208,841,153,302,285,146,109,30,434,171,31,53,179,4673,2859,182,2,18,1612,886,52,834
2021,"Barnet 010","E02000033",8893,1372,54,114,618,103,483,580,330,160,90,616,137,61,148,270,5533,3718,260,2,18,1535,792,84,708
2021,"Barnet 011","E02000034",9089,1544,86,197,685,129,447,511,342,117,52,520,177,70,71,202,5840,3692,294,3,11,1840,674,100,574
2021,"Barnet 012","E02000035",8532,1898,39,254,820,145,640,380,274,64,42,399,134,70,39,156,5077,3037,189,2,35,1814,778,86,692
2021,"Barnet 013","E02000036",11244,2419,128,249,1105,297,640,1166,880,177,109,513,132,107,101,173,6185,4077,139,0,43,1926,961,180,781
2021,"Barnet 014","E02000037",10837,2494,49,159,1569,170,547,776,557,136,83,386,117,57,60,152,6035,4419,74,0,17,1525,1146,212,934
2021,"Barnet 015","E02000038",10718,1979,100,206,1005,131,537,782,502,198,82,682,190,103,126,263,6434,3991,283,17,34,2109,841,97,744
2021,"Barnet 016","E02000039",7168,1136,31,148,470,133,354,545,325,160,60,333,99,87,36,111,4567,3291,151,8,20,1097,587,74,513
2021,"Barnet 017","E02000040",9140,1805,67,429,617,154,538,860,665,125,70,554,184,111,94,165,5012,3548,126,0,9,1329,909,178,731
2021,"Barnet 018","E02000041",9454,2274,85,244,996,232,717,808,603,131,74,349,96,62,54,137,5047,3036,124,5,46,1836,976,246,730
2021,"Barnet 019","E02000042",11559,3016,63,299,1366,208,1080,589,364,157,68,664,306,84,69,205,6040,3380,285,10,31,2334,1250,249,1001
2021,"Barnet 020","E02000043",7571,2108,17,233,1045,110,703,256,195,44,17,432,188,50,32,162,4092,2617,108,4,17,1346,683,43,640
2021,"Barnet 021","E02000044",8842,1968,79,243,504,175,967,1303,1020,161,122,488,94,145,88,161,4289,2634,166,10,44,1435,794,179,615
2021,"Barnet 022","E02000045",10524,1550,105,220,569,132,524,1059,702,207,150,801,211,125,187,278,6286,3892,262,0,51,2081,828,142,686
2021,"Barnet 023","E02000046",6964,1498,67,172,729,80,450,243,181,39,23,375,164,37,37,137,4258,2297,140,5,33,1783,590,60,530
2021,"Barnet 024","E02000047",12397,3312,101,538,915,249,1509,2006,1608,229,169,747,154,270,151,172,5273,2614,266,6,99,2288,1059,355,704
2021,"Barnet 025","E02000048",10280,1915,57,158,856,230,614,728,537,140,51,475,158,58,59,200,5851,3790,133,1,45,1882,1311,144,1167
2021,"Barnet 026","E02000049",10532,2360,93,322,588,269,1088,2490,2071,221,198,707,103,262,115,227,3827,2103,115,34,28,1547,1148,417,731
2021,"Barnet 027","E02000050",10375,1939,124,135,1049,161,470,869,628,151,90,648,179,87,164,218,6034,3769,299,2,19,1945,885,139,746
2021,"Barnet 028","E02000051",9158,1591,44,131,654,102,660,509,403,66,40,415,132,80,47,156,5568,3468,127,4,32,1937,1075,102,973
2021,"Barnet 029","E02000052",9850,1273,90,164,547,103,369,591,420,113,58,642,208,85,92,257,6691,4264,268,1,34,2124,653,94,559
2021,"Barnet 031","E02000054",7627,1624,53,227,619,216,509,615,463,89,63,323,83,72,52,116,4014,1976,79,0,48,1911,1051,159,892
2021,"Barnet 032","E02000055",11726,1853,46,243,778,130,656,896,667,144,85,499,117,103,71,208,7098,3455,134,0,89,3420,1380,201,1179
2021,"Barnet 033","E02000056",9131,1022,32,130,405,151,304,232,163,48,21,429,152,49,47,181,6384,4291,106,1,18,1968,1064,83,981
2021,"Barnet 034","E02000057",8018,1017,20,101,441,99,356,344,276,48,20,238,61,45,40,92,5448,3461,77,0,51,1859,971,135,836
2021,"Barnet 035","E02000058",10228,1298,56,109,429,130,574,383,284,56,43,413,124,56,56,177,7036,4463,129,0,109,2335,1098,141,957
2021,"Barnet 036","E02000059",11627,3441,87,315,1624,367,1048,1138,779,217,142,586,138,130,109,209,5396,2184,271,1,59,2881,1066,408,658
2021,"Barnet 037","E02000060",11559,1267,40,140,512,103,472,340,270,42,28,289,75,39,29,146,8047,5273,66,2,33,2673,1616,165,1451
2021,"Barnet 038","E02000061",8346,1565,22,222,509,119,693,292,236,32,24,387,156,49,34,148,5157,2862,63,1,49,2182,945,158,787
2021,"Barnet 039","E02000062",6960,1446,79,147,418,136,666,965,708,147,110,502,94,113,88,207,2952,1415,182,10,74,1271,1095,558,537
2021,"Barnet 040","E02000063",7582,1561,94,171,373,229,694,696,541,96,59,482,135,117,59,171,3460,1649,211,0,53,1547,1383,700,683
2021,"Barnet 041","E02000064",6678,1078,78,88,387,98,427,863,676,130,57,412,97,78,73,164,3604,2029,148,1,23,1403,721,241,480
2021,"Bexley 001","E02000065",8061,629,90,144,134,68,193,4017,3337,228,452,397,33,172,86,106,2740,2069,26,13,12,620,278,40,238
2021,"Bexley 002","E02000066",9430,984,36,301,243,52,352,3556,2836,263,457,395,54,121,135,85,4253,3390,56,24,22,761,242,31,211
2021,"Bexley 003","E02000067",10224,1107,69,129,553,46,310,2296,1763,221,312,514,92,127,148,147,5984,4596,72,86,22,1208,323,30,293
2021,"Bexley 004","E02000068",8176,961,69,77,523,81,211,2224,1716,193,315,410,58,100,137,115,4332,3560,58,62,14,638,249,24,225
2021,"Bexley 005","E02000069",7214,906,33,91,529,72,181,1382,1088,128,166,320,72,63,111,74,4422,3807,50,40,14,511,184,11,173
2021,"Bexley 006","E02000070",8112,909,39,58,499,49,264,773,606,79,88,313,83,67,68,95,5867,5225,100,27,5,510,250,13,237
2021,"Bexley 007","E02000071",7672,694,65,60,378,26,165,793,592,88,113,260,56,57,90,57,5694,5258,65,38,9,324,231,22,209
2021,"Bexley 008","E02000072",12925,985,127,134,320,81,323,4066,3302,283,481,535,86,159,154,136,7011,5909,60,102,19,921,328,38,290
2021,"Bexley 009","E02000073",10725,1683,28,173,1021,133,328,691,498,128,65,278,117,48,61,52,7772,7225,119,10,4,414,301,14,287
2021,"Bexley 010","E02000074",8859,586,51,69,234,62,170,1586,1241,131,214,315,48,90,101,76,6177,5597,67,36,17,460,195,17,178
2021,"Bexley 011","E02000075",7983,871,46,127,487,22,189,370,257,68,45,216,66,33,56,61,6331,5931,101,5,6,288,195,9,186
2021,"Bexley 013","E02000077",8139,1353,43,210,574,54,472,535,418,87,30,237,81,21,60,75,5680,5068,79,11,7,515,334,21,313
2021,"Bexley 014","E02000078",7930,533,41,90,255,23,124,603,452,88,63,256,86,31,61,78,6406,5924,73,20,0,389,132,3,129
2021,"Bexley 015","E02000079",8769,1120,74,253,483,55,255,462,318,74,70,292,107,41,65,79,6687,5817,123,3,19,725,208,29,179
2021,"Bexley 016","E02000080",10062,1660,116,343,675,69,457,742,561,121,60,370,109,62,86,113,6953,6099,123,14,11,706,337,26,311
2021,"Bexley 017","E02000081",8307,804,68,165,370,34,167,552,425,69,58,261,71,57,72,61,6520,5896,82,21,12,509,170,20,150
2021,"Bexley 018","E02000082",9334,993,113,178,364,52,286,575,400,109,66,291,71,40,89,91,7182,6536,118,6,8,514,293,37,256
2021,"Bexley 019","E02000083",11269,800,135,111,233,46,275,1146,896,122,128,377,73,70,145,89,8671,7773,114,38,11,735,275,36,239
2021,"Bexley 020","E02000084",11109,1343,82,219,713,63,266,513,358,92,63,375,110,43,109,113,8605,7962,136,10,12,485,273,13,260
2021,"Bexley 021","E02000085",7964,612,63,104,204,37,204,345,234,84,27,203,52,48,48,55,6664,6196,92,4,3,369,140,5,135
2021,"Bexley 022","E02000086",7180,404,48,77,175,11,93,178,111,48,19,210,78,27,54,51,6258,5867,105,4,0,282,130,11,119
2021,"Bexley 023","E02000087",8209,713,50,155,367,25,116,293,201,60,32,260,101,27,65,67,6843,6335,130,3,11,364,100,8,92
2021,"Bexley 024","E02000088",7749,546,33,97,275,60,81,217,169,31,17,192,79,20,37,56,6705,6349,83,0,3,270,89,9,80
2021,"Bexley 025","E02000089",7869,460,31,132,171,20,106,192,129,42,21,244,83,17,68,76,6836,6402,93,0,1,340,137,5,132
2021,"Bexley 026","E02000090",9640,608,67,116,249,33,143,317,205,76,36,373,112,46,100,115,8204,7474,139,0,16,575,138,20,118
2021,"Bexley 027","E02000091",10164,741,65,153,350,33,140,475,320,97,58,396,109,71,119,97,8400,7727,135,8,13,517,152,10,142
2021,"Bexley 028","E02000092",6753,338,44,56,93,26,119,649,447,124,78,255,42,41,98,74,5341,4867,58,36,14,366,170,18,152
2021,"Brent 001","E02000093",11875,5477,56,144,3858,479,940,991,517,368,106,396,128,44,68,156,4136,1402,235,6,145,2348,875,383,492
2021,"Brent 002","E02000094",10460,3902,123,284,1763,683,1049,1326,752,377,197,396,96,79,78,143,3930,1529,469,4,73,1855,906,471,435
2021,"Brent 003","E02000095",10457,4983,65,68,3707,462,681,797,441,275,81,259,72,26,50,111,3511,1166,201,5,73,2066,907,425,482
2021,"Brent 004","E02000096",7631,4259,20,71,3515,225,428,253,87,132,34,195,69,17,24,85,2391,1013,190,0,41,1147,533,219,314
2021,"Brent 005","E02000097",9532,3344,105,71,1764,530,874,1026,468,438,120,336,85,44,61,146,3879,1496,504,7,64,1808,947,547,400
2021,"Brent 006","E02000098",8745,3089,51,103,1839,464,632,1180,487,534,159,353,78,61,80,134,2863,1221,158,8,47,1429,1260,868,392
2021,"Brent 007","E02000099",9564,3597,75,109,2100,530,783,1053,573,366,114,330,93,25,58,154,3512,1095,162,14,68,2173,1072,544,528
2021,"Brent 008","E02000100",8319,4472,40,190,2777,637,828,623,262,302,59,276,84,28,50,114,2165,1006,234,3,31,891,783,396,387
2021,"Brent 009","E02000101",9940,2984,52,49,1629,542,712,2169,1205,631,333,444,83,74,120,167,3007,1130,277,6,75,1519,1336,784,552
2021,"Brent 010","E02000102",8331,2454,54,24,957,631,788,1869,1063,583,223,358,50,79,90,139,2492,830,297,12,54,1299,1158,784,374
2021,"Brent 011","E02000103",9977,1938,64,56,439,645,734,2128,1186,745,197,630,93,173,119,245,3628,1435,561,4,89,1539,1653,1053,600
2021,"Brent 012","E02000104",7503,3201,83,82,1969,431,636,912,425,369,118,276,70,44,51,111,2302,846,202,4,60,1190,812,488,324
2021,"Brent 013","E02000105",9844,4904,39,73,3003,624,1165,1305,614,527,164,367,94,41,78,154,2508,785,164,6,59,1494,760,285,475
2021,"Brent 014","E02000106",10351,2508,69,38,892,750,759,1964,1113,637,214,577,100,98,149,230,3840,1317,294,6,166,2057,1462,980,482
2021,"Brent 015","E02000107",10939,2374,87,100,608,672,907,1379,745,416,218,677,209,121,104,243,5214,2344,471,6,155,2238,1295,765,530
2021,"Brent 016","E02000108",7260,3401,64,29,2054,385,869,1046,532,380,134,274,60,20,59,135,1915,729,194,5,29,958,624,209,415
2021,"Brent 018","E02000110",8176,1682,42,98,682,521,339,1053,438,422,193,629,177,92,108,252,4000,1953,391,0,107,1549,812,438,374
2021,"Brent 019","E02000111",11283,7359,68,40,5622,584,1045,1147,534,462,151,292,72,44,60,116,1737,656,99,0,27,955,748,266,482
2021,"Brent 020","E02000112",11750,6683,107,80,5148,610,738,1631,693,743,195,404,91,66,88,159,2342,686,136,4,47,1469,690,267,423
2021,"Brent 021","E02000113",9632,1764,79,30,713,373,569,4318,2647,1185,486,534,36,142,166,190,1960,1010,178,14,10,748,1056,493,563
2021,"Brent 022","E02000114",8993,1740,66,86,785,349,454,1320,666,502,152,716,121,193,134,268,4328,1829,319,4,165,2011,889,509,380
2021,"Brent 023","E02000115",8620,999,34,105,386,94,380,1241,718,430,93,646,168,94,108,276,4656,2455,298,4,85,1814,1078,623,455
2021,"Brent 024","E02000116",8547,1759,79,58,674,273,675,1815,848,697,270,665,80,193,115,277,3023,1173,305,3,102,1440,1285,806,479
2021,"Brent 025","E02000117",12735,1940,70,71,470,546,783,5181,2926,1682,573,812,97,184,217,314,3520,1582,338,12,84,1504,1282,738,544
2021,"Brent 026","E02000118",11295,7224,55,42,5690,331,1106,1309,530,608,171,257,53,48,57,99,1805,575,114,3,43,1070,700,198,502
2021,"Brent 027","E02000119",10623,1741,48,95,413,387,798,4494,2674,1329,491,632,78,128,191,235,2312,1017,171,17,45,1062,1444,756,688
2021,"Brent 028","E02000120",9017,1095,33,145,285,179,453,1290,715,445,130,664,181,81,136,266,5114,2727,362,16,71,1938,854,504,350
2021,"Brent 029","E02000121",12241,7860,52,137,6152,454,1065,1309,668,494,147,319,61,39,78,141,1793,582,85,8,33,1085,960,454,506
2021,"Brent 030","E02000122",8180,1255,45,87,512,289,322,806,333,371,102,635,185,110,106,234,4673,2854,271,6,56,1486,811,400,411
2021,"Brent 031","E02000123",13581,1874,60,61,495,316,942,4160,2090,1538,532,1058,156,225,282,395,5185,2391,436,20,150,2188,1304,589,715
2021,"Brent 032","E02000124",9955,975,32,93,316,120,414,1151,527,511,113,803,198,134,194,277,6375,3858,336,6,52,2123,651,244,407
2021,"Brent 033","E02000125",9939,1245,59,52,651,157,326,1660,530,857,273,746,164,136,174,272,5605,3445,321,3,92,1744,683,280,403
2021,"Brent 034","E02000126",8194,1130,34,121,287,163,525,2941,1802,779,360,573,63,152,155,203,2605,1287,218,4,33,1063,945,523,422
2021,"Bromley 001","E02000127",9328,693,32,157,254,28,222,1175,689,319,167,531,97,61,198,175,6657,5512,79,12,17,1037,272,18,254
2021,"Bromley 002","E02000128",7789,557,175,95,150,33,104,388,228,98,62,383,106,69,115,93,6315,5603,97,11,0,604,146,12,134
2021,"Bromley 004","E02000130",8429,535,71,82,179,50,153,1180,499,462,219,706,164,101,219,222,5729,4610,223,4,9,883,279,52,227
2021,"Bromley 005","E02000131",10486,560,56,81,168,59,196,1951,936,702,313,1002,156,157,413,276,6630,4788,184,45,35,1578,343,46,297
2021,"Bromley 006","E02000132",9835,867,35,209,338,73,212,936,458,308,170,766,173,134,236,223,6961,5407,205,7,38,1304,305,63,242
2021,"Bromley 007","E02000133",10758,1041,25,211,533,97,175,402,210,122,70,535,245,69,100,121,8550,7616,202,5,8,719,230,53,177
2021,"Bromley 008","E02000134",11751,960,80,161,403,53,263,990,526,293,171,818,196,94,247,281,8652,6834,178,1,48,1591,331,53,278
2021,"Bromley 009","E02000135",9872,650,129,84,174,60,203,2663,1349,950,364,887,116,133,395,243,5312,4027,140,12,26,1107,360,59,301
2021,"Bromley 010","E02000136",5745,503,30,112,218,57,86,355,233,82,40,219,63,45,56,55,4531,4091,53,14,9,364,137,28,109
2021,"Bromley 011","E02000137",8399,712,18,143,305,49,197,530,302,164,64,564,158,83,154,169,6436,5311,174,3,5,943,157,27,130
2021,"Bromley 012","E02000138",8502,578,15,112,289,39,123,416,226,135,55,446,155,63,100,128,6825,5552,222,0,21,1030,237,23,214
2021,"Bromley 013","E02000139",7715,444,53,82,153,42,114,619,243,262,114,571,148,78,163,182,5893,4952,177,9,27,728,188,44,144
2021,"Bromley 014","E02000140",8681,605,66,58,227,59,195,1017,657,206,154,404,55,67,148,134,6455,5718,34,82,20,601,200,18,182
2021,"Bromley 015","E02000141",7229,421,57,48,132,68,116,1197,497,528,172,600,151,65,227,157,4818,3912,174,0,15,717,193,24,169
2021,"Bromley 016","E02000142",8815,876,24,165,462,45,180,478,248,132,98,484,155,62,124,143,6784,5817,147,10,8,802,193,39,154
2021,"Bromley 018","E02000144",10069,1429,33,276,715,93,312,606,339,195,72,634,159,101,174,200,7028,5410,174,3,35,1406,372,99,273
2021,"Bromley 019","E02000145",8824,563,50,91,193,41,188,1435,961,285,189,417,70,92,127,128,6228,5224,56,128,26,794,181,30,151
2021,"Bromley 020","E02000146",9703,890,37,158,345,73,277,561,294,196,71,597,164,93,175,165,7451,6467,127,0,21,836,204,69,135
2021,"Bromley 021","E02000147",8192,849,55,170,374,70,180,316,154,134,28,387,161,43,92,91,6425,5739,128,3,11,544,215,27,188
2021,"Bromley 022","E02000148",6721,610,0,124,278,50,158,260,154,72,34,246,98,22,50,76,5490,4977,82,4,9,418,115,13,102
2021,"Bromley 023","E02000149",8167,583,37,97,230,23,196,544,322,138,84,376,82,51,139,104,6505,5794,65,22,11,613,159,23,136
2021,"Bromley 024","E02000150",8514,533,45,100,218,70,100,627,229,287,111,498,131,53,169,145,6637,5808,220,4,3,602,219,25,194
2021,"Bromley 025","E02000151",7544,853,45,217,447,20,124,146,99,41,6,265,137,25,34,69,6199,5633,156,0,4,406,81,9,72
2021,"Bromley 026","E02000152",7966,663,56,147,252,43,165,716,361,261,94,527,114,72,175,166,5823,5069,122,45,21,566,237,46,191
2021,"Bromley 027","E02000153",8107,539,37,113,249,29,111,247,131,85,31,325,128,36,73,88,6854,6345,98,0,1,410,142,19,123
2021,"Bromley 028","E02000154",8527,1336,34,367,529,42,364,352,215,76,61,372,148,43,85,96,6291,5564,79,9,11,628,176,25,151
2021,"Bromley 029","E02000155",7156,661,50,138,295,18,160,459,310,85,64,228,56,30,52,90,5670,5169,77,41,7,376,138,13,125
2021,"Bromley 030","E02000156",12294,749,61,115,402,41,130,494,199,220,75,573,184,75,167,147,10230,9210,259,0,13,748,248,17,231
2021,"Bromley 031","E02000157",8367,899,20,183,548,47,101,214,141,49,24,276,138,30,43,65,6838,6333,59,1,3,442,140,25,115
2021,"Bromley 032","E02000158",7787,752,70,96,412,30,144,752,463,160,129,330,61,70,106,93,5812,5290,68,24,11,419,141,11,130
2021,"Bromley 033","E02000159",7113,531,12,56,287,46,130,204,108,64,32,224,57,30,70,67,6001,5633,82,0,7,279,153,18,135
2021,"Bromley 034","E02000160",8108,338,13,85,145,15,80,225,88,104,33,336,98,37,113,88,7068,6499,152,3,8,406,141,18,123
2021,"Bromley 035","E02000161",8702,1494,10,297,968,69,150,252,171,50,31,283,115,33,63,72,6535,6037,90,6,5,397,138,45,93
2021,"Bromley 036","E02000162",7121,633,31,73,313,27,189,291,182,79,30,234,71,24,78,61,5886,5510,80,3,10,283,77,13,64
2021,"Bromley 037","E02000163",7716,854,19,137,561,37,100,164,92,44,28,215,96,13,38,68,6381,5985,66,6,0,324,102,31,71
2021,"Bromley 039","E02000165",7171,130,17,19,26,11,57,193,104,69,20,210,43,43,84,40,6609,6337,59,6,0,207,29,6,23
2021,"Camden 001","E02000166",7746,528,253,63,74,10,128,554,372,123,59,563,138,62,178,185,5662,4233,247,0,8,1174,439,77,362
2021,"Camden 002","E02000167",7200,641,57,121,239,14,210,162,117,27,18,436,194,34,49,159,5594,3365,175,0,35,2019,367,60,307
2021,"Camden 003","E02000168",7814,657,284,98,122,16,137,516,324,121,71,529,147,66,122,194,5752,4146,255,7,25,1319,360,62,298
2021,"Camden 004","E02000169",7176,1032,71,204,412,75,270,234,167,36,31,456,208,54,49,145,4932,2671,105,0,35,2121,522,85,437
2021,"Camden 005","E02000170",7914,1087,164,151,377,59,336,409,265,80,64,533,167,61,81,224,5301,3041,221,6,49,1984,584,184,400
2021,"Camden 006","E02000171",7393,883,352,110,196,34,191,452,312,92,48,490,187,41,97,165,5199,3353,202,6,31,1607,369,64,305
2021,"Camden 007","E02000172",9997,1690,1073,161,138,44,274,1362,1040,157,165,687,144,131,155,257,5627,3810,299,25,29,1464,631,148,483
2021,"Camden 008","E02000173",7495,1398,163,240,455,83,457,239,171,33,35,444,174,54,49,167,4958,2494,165,10,43,2246,456,108,348
2021,"Camden 009","E02000174",8086,1017,530,107,142,41,197,918,696,131,91,562,135,93,142,192,5176,3429,299,7,23,1418,413,116,297
2021,"Camden 010","E02000175",9081,1376,224,233,425,105,389,680,477,121,82,591,203,77,101,210,5737,3230,269,8,49,2181,697,212,485
2021,"Camden 011","E02000176",5916,690,34,151,258,48,199,142,99,28,15,396,149,35,49,163,4312,2150,151,0,27,1984,376,61,315
2021,"Camden 012","E02000177",8489,1494,841,138,171,65,279,1070,810,167,93,562,165,70,125,202,4835,3109,258,4,39,1425,528,135,393
2021,"Camden 013","E02000178",8905,1372,449,158,313,73,379,1049,744,179,126,659,143,131,136,249,4956,2713,383,0,73,1787,869,405,464
2021,"Camden 014","E02000179",5751,852,197,153,173,58,271,590,498,46,46,319,118,32,41,128,3519,1958,95,0,16,1450,471,138,333
2021,"Camden 015","E02000180",7881,1273,651,190,151,38,243,911,700,133,78,567,148,99,133,187,4722,3027,200,3,40,1452,408,126,282
2021,"Camden 016","E02000181",8079,1114,150,221,430,50,263,387,262,88,37,525,213,64,68,180,5517,2829,239,1,23,2425,536,146,390
2021,"Camden 017","E02000182",7117,1777,280,224,508,81,684,536,414,70,52,415,153,63,37,162,3736,1894,94,2,52,1694,653,243,410
2021,"Camden 018","E02000183",7593,912,350,144,168,54,196,521,348,128,45,499,169,46,95,189,5236,3252,245,3,33,1703,425,99,326
2021,"Camden 019","E02000184",8904,1970,888,415,246,84,337,1078,830,119,129,626,189,79,139,219,4685,2692,201,17,59,1716,545,178,367
2021,"Camden 020","E02000185",8886,1508,512,148,236,90,522,1427,1107,188,132,564,124,149,97,194,4251,2264,250,5,54,1678,1136,603,533
2021,"Camden 021","E02000186",6224,1014,334,209,207,40,224,607,465,75,67,455,134,69,90,162,3777,2284,115,1,28,1349,371,141,230
2021,"Camden 022","E02000187",9786,3181,1837,543,245,103,453,1561,1299,134,128,626,133,123,140,230,3742,2397,171,7,42,1125,676,224,452
2021,"Camden 023","E02000188",7178,2301,1357,317,152,80,395,1039,818,99,122,413,85,83,102,143,2875,1700,124,7,30,1014,550,202,348
2021,"Camden 026","E02000191",5339,1512,291,552,295,54,320,268,204,41,23,402,164,58,40,140,2869,1479,104,1,29,1256,288,89,199
2021,"Camden 027","E02000192",6657,1805,1102,285,133,55,230,721,556,79,86,394,105,71,79,139,3319,1971,141,3,29,1175,418,130,288
2021,"Camden 028","E02000193",5961,1397,379,521,214,44,239,348,265,48,35,389,129,42,37,181,3442,1982,104,3,38,1315,385,152,233
2021,"Croydon 001","E02000194",9210,620,47,79,190,106,198,1854,817,750,287,861,178,107,286,290,5549,4251,195,7,29,1067,326,40,286
2021,"Croydon 002","E02000195",9645,2324,143,103,978,757,343,1940,746,973,221,674,137,119,195,223,4252,2885,189,2,39,1137,455,60,395
2021,"Croydon 003","E02000196",7918,2117,212,79,703,833,290,1946,695,1002,249,574,92,112,171,199,2865,1663,87,0,31,1084,416,59,357
2021,"Croydon 004","E02000197",9025,2388,232,81,912,732,431,2256,853,1061,342,693,106,127,217,243,3187,1744,115,1,43,1284,501,62,439
2021,"Croydon 005","E02000198",8888,1024,70,58,269,337,290,3350,1471,1470,409,768,74,128,304,262,3294,2048,117,7,26,1096,452,53,399
2021,"Croydon 006","E02000199",8416,905,55,59,243,268,280,3333,1368,1578,387,747,118,132,240,257,3050,2018,112,0,43,877,381,49,332
2021,"Croydon 007","E02000200",9049,782,36,63,230,206,247,2778,1144,1234,400,764,121,136,273,234,4353,3031,126,3,32,1161,372,52,320
2021,"Croydon 008","E02000201",8693,762,67,90,208,183,214,3291,1483,1368,440,892,114,146,378,254,3422,2392,96,4,27,903,326,30,296
2021,"Croydon 009","E02000202",8931,2767,72,70,1070,991,564,2934,1068,1518,348,639,86,91,203,259,2185,1157,67,7,30,924,406,45,361
2021,"Croydon 010","E02000203",7967,1470,77,42,521,471,359,3164,1301,1374,489,599,82,133,208,176,2324,1288,48,6,36,946,410,55,355
2021,"Croydon 011","E02000204",9655,3746,177,53,1593,1220,703,2908,1135,1411,362,616,83,123,187,223,1894,964,61,6,12,851,491,63,428
2021,"Croydon 013","E02000206",10817,1417,86,80,522,295,434,4021,1743,1697,581,1041,89,139,462,351,3854,2553,102,1,63,1135,484,115,369
2021,"Croydon 014","E02000207",8898,937,146,65,274,241,211,2978,1375,1227,376,878,120,127,348,283,3787,2928,127,6,15,711,318,41,277
2021,"Croydon 015","E02000208",10863,3048,186,71,1189,883,719,3811,1665,1648,498,825,93,163,327,242,2605,1572,54,8,61,910,574,69,505
2021,"Croydon 016","E02000209",9067,3605,81,84,1519,632,1289,2312,1021,960,331,545,82,109,174,180,1973,1157,35,14,84,683,632,143,489
2021,"Croydon 017","E02000210",8712,1049,62,75,372,223,317,2174,899,967,308,878,174,107,342,255,4292,3155,121,10,20,986,319,34,285
2021,"Croydon 018","E02000211",8277,1175,64,131,571,159,250,1107,473,468,166,534,133,54,175,172,5213,4569,125,1,10,508,248,31,217
2021,"Croydon 019","E02000212",9461,3217,102,84,1446,609,976,2601,1234,970,397,640,86,88,260,206,2520,1514,137,20,34,815,483,69,414
2021,"Croydon 020","E02000213",12798,2683,186,136,1169,619,573,4198,2159,1474,565,1092,148,208,396,340,4116,2289,104,6,98,1619,709,96,613
2021,"Croydon 021","E02000214",6233,980,41,49,391,257,242,968,328,523,117,552,136,57,190,169,3553,2902,169,2,6,474,180,27,153
2021,"Croydon 022","E02000215",11825,2064,109,188,1009,352,406,2448,1219,908,321,1028,204,133,373,318,5779,3758,147,2,50,1822,506,108,398
2021,"Croydon 023","E02000216",7160,2706,54,110,1881,301,360,881,485,300,96,360,127,47,82,104,2816,1990,61,0,33,732,397,87,310
2021,"Croydon 024","E02000217",11926,1941,106,198,653,367,617,2955,1429,1148,378,1148,197,185,397,369,5335,3294,146,4,39,1852,547,80,467
2021,"Croydon 025","E02000218",6671,813,69,40,287,159,258,1779,979,524,276,499,75,98,186,140,3336,2886,78,0,5,367,244,24,220
2021,"Croydon 026","E02000219",7627,1300,76,86,684,212,242,815,290,410,115,370,112,33,110,115,4913,4333,122,1,1,456,229,25,204
2021,"Croydon 028","E02000221",10855,2132,165,192,845,383,547,2709,1343,949,417,892,123,105,366,298,4646,3594,87,9,20,936,476,90,386
2021,"Croydon 029","E02000222",8350,1255,28,106,580,217,324,1202,530,507,165,624,146,90,194,194,5042,3937,113,0,22,970,227,27,200
2021,"Croydon 030","E02000223",8531,556,42,17,128,126,243,3047,1843,734,470,604,57,99,310,138,4056,3645,45,18,5,343,268,41,227
2021,"Croydon 031","E02000224",8055,1178,76,85,493,193,331,1319,599,496,224,701,199,98,218,186,4604,3527,171,3,11,892,253,43,210
2021,"Croydon 032","E02000225",7498,466,18,28,160,108,152,1663,1016,423,224,466,56,80,204,126,4759,4298,61,5,2,393,144,31,113
2021,"Croydon 033","E02000226",7618,1375,32,103,720,257,263,686,273,319,94,422,133,51,107,131,4968,4446,101,0,1,420,167,19,148
2021,"Croydon 034","E02000227",11680,1111,74,78,445,223,291,1613,914,487,212,745,181,110,263,191,7948,7171,124,3,8,642,263,36,227
2021,"Croydon 035","E02000228",7956,1273,44,109,743,167,210,429,197,148,84,485,221,40,101,123,5627,5116,139,2,0,370,142,21,121
2021,"Croydon 036","E02000229",6234,344,19,13,125,74,113,1464,920,363,181,366,51,56,156,103,3952,3607,34,6,0,305,108,7,101
2021,"Croydon 037","E02000230",10504,2047,80,149,971,396,451,1285,554,531,200,759,243,101,204,211,6125,5075,179,3,25,843,288,52,236
2021,"Croydon 038","E02000231",7930,2136,48,110,1171,390,417,674,294,292,88,446,140,57,108,141,4344,3715,114,2,10,503,330,56,274
2021,"Croydon 039","E02000232",6197,759,23,72,362,129,173,416,185,166,65,376,106,50,114,106,4519,4208,74,1,7,229,127,19,108
2021,"Croydon 040","E02000233",6360,834,18,68,439,167,142,710,305,298,107,460,115,47,143,155,4170,3601,108,8,8,445,186,20,166
2021,"Croydon 041","E02000234",9454,1455,88,177,645,285,260,1213,558,482,173,804,200,96,260,248,5734,5006,130,0,14,584,248,32,216
2021,"Croydon 042","E02000235",6893,770,30,47,419,91,183,563,283,200,80,416,137,54,126,99,5000,4492,105,2,1,400,144,25,119
2021,"Croydon 043","E02000236",9129,1101,37,83,628,125,228,826,340,381,105,572,175,77,166,154,6470,5814,155,3,6,492,160,32,128
2021,"Croydon 044","E02000237",7605,495,18,52,240,50,135,503,197,224,82,472,151,49,145,127,6043,5553,153,4,5,328,92,9,83
2021,"Ealing 001","E02000238",10705,3450,46,100,1378,572,1354,1393,588,636,169,496,128,48,170,150,4401,2039,244,0,14,2104,965,432,533
2021,"Ealing 002","E02000239",9044,3633,103,139,1858,665,868,727,279,381,67,345,112,36,69,128,3416,1362,198,0,33,1823,923,432,491
2021,"Ealing 003","E02000240",11208,3128,72,114,937,421,1584,1832,942,701,189,601,115,90,234,162,4543,2576,179,20,39,1729,1104,411,693
2021,"Ealing 004","E02000241",7393,2198,37,78,798,272,1013,968,457,415,96,322,81,37,95,109,3051,1624,146,0,16,1265,854,387,467
2021,"Ealing 005","E02000242",6888,2843,76,67,1392,381,927,485,154,242,89,226,50,24,48,104,2308,895,129,1,14,1269,1026,593,433
2021,"Ealing 006","E02000243",8722,2351,117,92,1078,413,651,1046,482,429,135,419,110,39,119,151,3890,1721,212,0,26,1931,1016,584,432
2021,"Ealing 007","E02000244",7889,1676,50,93,700,303,530,642,332,249,61,390,112,40,95,143,3618,1466,162,2,43,1945,1563,925,638
2021,"Ealing 008","E02000245",9310,2531,89,51,857,483,1051,1927,1127,600,200,591,73,74,301,143,3263,1993,98,9,14,1149,998,391,607
2021,"Ealing 009","E02000246",9462,2635,55,49,845,458,1228,1762,1063,507,192,530,115,66,161,188,3405,2206,171,11,37,980,1130,457,673
2021,"Ealing 010","E02000247",11154,3436,97,69,1264,651,1355,1817,932,671,214,671,132,114,223,202,3954,2149,203,21,24,1557,1276,544,732
2021,"Ealing 011","E02000248",7716,1634,47,155,624,280,528,448,278,134,36,354,113,46,72,123,3584,1429,118,4,54,1979,1696,1051,645
2021,"Ealing 012","E02000249",8381,2562,57,73,1153,514,765,1070,610,387,73,390,96,45,123,126,3275,1653,259,8,20,1335,1084,443,641
2021,"Ealing 013","E02000250",6480,902,20,115,395,93,279,260,152,77,31,423,166,42,57,158,4315,2919,235,1,15,1145,580,228,352
2021,"Ealing 014","E02000251",8312,4325,66,20,2207,828,1204,750,221,434,95,307,97,31,67,112,2029,811,211,1,12,994,901,244,657
2021,"Ealing 015","E02000252",12240,2278,74,547,574,315,768,1928,1053,661,214,835,169,137,214,315,5609,2699,239,67,92,2512,1590,950,640
2021,"Ealing 016","E02000253",10343,2083,42,111,663,331,936,1807,1076,594,137,802,200,80,250,272,4602,2624,310,16,24,1628,1049,402,647
2021,"Ealing 017","E02000254",9208,6438,163,10,4062,1004,1199,494,228,205,61,146,51,10,41,44,953,492,33,0,5,423,1177,120,1057
2021,"Ealing 018","E02000255",9862,1563,62,116,628,233,524,1337,904,297,136,616,193,64,121,238,5374,3342,333,10,18,1671,972,433,539
2021,"Ealing 019","E02000256",9186,1677,44,176,745,153,559,505,257,190,58,617,182,95,97,243,5668,3295,304,0,39,2030,719,275,444
2021,"Ealing 021","E02000258",6900,1269,20,96,216,156,781,593,330,201,62,376,105,51,98,122,3683,1984,214,8,45,1432,979,631,348
2021,"Ealing 022","E02000259",6585,904,1,58,322,159,364,571,282,224,65,480,146,79,107,148,4173,2518,309,0,8,1338,457,199,258
2021,"Ealing 023","E02000260",9833,7427,524,14,4762,960,1167,644,405,173,66,149,61,11,37,40,707,403,15,7,6,276,906,83,823
2021,"Ealing 024","E02000261",12650,1738,57,159,417,349,756,1720,1090,454,176,892,194,125,180,393,6146,3014,222,11,177,2722,2154,1498,656
2021,"Ealing 025","E02000262",9348,1096,65,102,272,223,434,1067,678,306,83,706,186,113,105,302,5489,3198,270,4,80,1937,990,559,431
2021,"Ealing 026","E02000263",13704,10792,684,20,6576,1784,1728,981,705,199,77,212,55,28,45,84,546,290,28,7,11,210,1173,75,1098
2021,"Ealing 027","E02000264",8491,1527,44,180,448,234,621,567,337,173,57,518,164,92,63,199,5193,2886,257,2,71,1977,686,341,345
2021,"Ealing 028","E02000265",11231,1730,65,124,637,352,552,1271,746,403,122,812,230,106,214,262,6431,3803,423,1,52,2152,987,414,573
2021,"Ealing 029","E02000266",13117,5558,188,52,2986,1013,1319,2864,1982,570,312,624,129,86,190,219,2626,1512,142,15,15,942,1445,407,1038
2021,"Ealing 030","E02000267",8150,1054,20,92,393,168,381,823,467,287,69,504,137,77,145,145,5324,3264,445,2,42,1571,445,149,296
2021,"Ealing 031","E02000268",9248,1209,19,139,482,145,424,613,336,228,49,590,199,55,141,195,6197,4132,293,1,36,1735,639,288,351
2021,"Ealing 032","E02000269",8172,968,25,149,432,90,272,353,177,136,40,482,213,49,61,159,5950,3911,368,1,44,1626,419,138,281
2021,"Ealing 033","E02000270",9608,1282,37,228,323,147,547,1859,1277,373,209,552,121,92,136,203,4916,2747,210,3,63,1893,999,492,507
2021,"Ealing 034","E02000271",6950,551,5,107,190,59,190,324,151,153,20,439,177,54,60,148,5278,3445,232,0,40,1561,358,143,215
2021,"Ealing 035","E02000272",6714,963,24,144,432,136,227,364,178,152,34,435,177,42,94,122,4662,3282,333,2,10,1035,290,94,196
2021,"Ealing 038","E02000275",8169,5481,101,17,3924,596,843,619,401,170,48,171,68,16,30,57,789,521,61,0,3,204,1109,111,998
2021,"Ealing 039","E02000276",6762,778,32,107,303,76,260,475,318,128,29,453,183,58,72,140,4759,2937,301,0,49,1472,297,117,180
2021,"Enfield 001","E02000277",7522,495,138,36,106,37,178,1859,1084,546,229,517,51,100,139,227,3636,2420,90,8,38,1080,1015,27,988
2021,"Enfield 002","E02000278",9426,714,164,64,139,67,280,2274,1458,537,279,633,72,79,163,319,4449,2970,64,25,16,1374,1356,46,1310
2021,"Enfield 003","E02000279",12315,917,150,57,201,105,404,3780,2419,926,435,886,89,171,332,294,5063,2993,79,17,40,1934,1669,141,1528
2021,"Enfield 004","E02000280",8633,402,58,29,147,13,155,794,453,212,129,523,110,74,159,180,6333,5221,212,1,7,892,581,34,547
2021,"Enfield 005","E02000281",9653,896,101,53,361,63,318,1660,987,431,242,708,103,99,252,254,5196,3705,148,3,28,1312,1193,62,1131
2021,"Enfield 006","E02000282",9952,904,307,49,143,48,357,2818,1899,583,336,563,49,104,208,202,4207,2592,93,19,44,1459,1460,81,1379
2021,"Enfield 007","E02000283",8539,800,208,23,142,83,344,1991,1140,625,226,502,72,71,178,181,3968,2476,89,10,17,1376,1278,70,1208
2021,"Enfield 008","E02000284",8741,591,102,83,197,27,182,808,408,294,106,598,153,77,161,207,6261,4749,267,0,16,1229,483,43,440
2021,"Enfield 009","E02000285",6642,558,67,56,236,49,150,467,191,195,81,349,78,37,110,124,4853,3662,310,8,6,867,415,32,383
2021,"Enfield 010","E02000286",8689,718,43,91,291,55,238,607,337,175,95,539,127,56,96,260,6239,4753,209,1,26,1250,586,27,559
2021,"Enfield 011","E02000287",7352,1109,44,109,603,86,267,334,213,86,35,413,128,63,80,142,4696,3147,174,0,4,1371,800,40,760
2021,"Enfield 012","E02000288",12784,2403,1360,49,208,325,461,3787,2753,727,307,567,88,106,139,234,4356,2496,120,10,55,1675,1671,79,1592
2021,"Enfield 013","E02000289",6774,943,115,65,482,75,206,376,198,142,36,394,125,32,84,153,4284,3016,168,4,0,1096,777,40,737
2021,"Enfield 014","E02000290",6681,950,443,34,126,136,211,1979,1263,450,266,414,31,72,126,185,2312,1302,49,15,20,926,1026,94,932
2021,"Enfield 015","E02000291",10161,829,146,116,213,60,294,1458,879,385,194,739,159,107,207,266,6177,3922,216,11,54,1974,958,99,859
2021,"Enfield 016","E02000292",9837,1036,217,92,298,90,339,1542,815,547,180,710,145,92,208,265,5344,3375,229,11,24,1705,1205,49,1156
2021,"Enfield 017","E02000293",6393,655,23,71,337,87,137,326,140,140,46,311,90,30,66,125,4607,3391,230,6,10,970,494,34,460
2021,"Enfield 018","E02000294",9369,1314,521,27,272,118,376,2668,1592,748,328,405,59,58,116,172,3431,1866,78,19,38,1430,1551,75,1476
2021,"Enfield 019","E02000295",8694,1220,56,173,552,109,330,576,317,201,58,600,153,98,131,218,5358,3127,240,15,23,1953,940,42,898
2021,"Enfield 020","E02000296",10343,1578,134,277,575,150,442,644,402,182,60,581,150,93,134,204,6444,3395,146,3,33,2867,1096,74,1022
2021,"Enfield 021","E02000297",9398,1173,105,35,447,177,409,755,325,357,73,519,130,54,108,227,5851,3925,281,4,23,1618,1100,35,1065
2021,"Enfield 022","E02000298",8253,665,41,73,340,66,145,303,146,120,37,586,163,46,64,313,6059,4241,391,10,9,1408,640,29,611
2021,"Enfield 023","E02000299",9499,1201,389,49,256,80,427,3046,1773,925,348,453,49,69,136,199,3266,1473,98,6,44,1645,1533,83,1450
2021,"Enfield 024","E02000300",8854,1175,307,31,252,80,505,2447,1292,845,310,448,64,87,123,174,3596,1555,94,16,142,1789,1188,78,1110
2021,"Enfield 025","E02000301",10223,1081,260,71,255,82,413,3440,2086,923,431,614,96,110,176,232,3573,1817,87,29,39,1601,1515,93,1422
2021,"Enfield 026","E02000302",8667,1092,116,39,498,145,294,1027,510,369,148,528,158,68,98,204,4961,2593,252,6,14,2096,1059,69,990
2021,"Enfield 027","E02000303",8363,1179,482,70,271,59,297,2221,1373,579,269,413,58,72,143,140,3366,1696,43,17,38,1572,1184,104,1080
2021,"Enfield 028","E02000304",8047,1109,93,156,570,96,194,303,115,136,52,652,181,227,65,179,5260,3258,292,0,9,1701,723,57,666
2021,"Enfield 029","E02000305",8878,711,83,51,287,128,162,562,275,220,67,521,151,68,105,197,6282,3430,299,4,16,2533,802,58,744
2021,"Enfield 030","E02000306",9135,1061,376,29,221,75,360,3348,2198,719,431,441,75,73,140,153,2808,1403,48,11,37,1309,1477,78,1399
2021,"Enfield 031","E02000307",10112,1481,266,30,575,143,467,2017,1134,707,176,487,88,71,111,217,4473,1768,101,20,34,2550,1654,96,1558
2021,"Enfield 032","E02000308",8760,1528,220,158,676,146,328,976,629,253,94,526,139,80,128,179,4929,2555,210,6,35,2123,801,108,693
2021,"Enfield 033","E02000309",11794,1545,301,108,279,106,751,3992,2515,1096,381,656,100,120,207,229,3932,1689,89,20,51,2083,1669,172,1497
2021,"Enfield 035","E02000311",10544,1519,253,87,566,241,372,1385,747,486,152,565,98,68,143,256,5446,2079,123,8,35,3201,1629,112,1517
2021,"Enfield 036","E02000312",11302,1309,154,102,570,157,326,975,529,345,101,698,162,81,169,286,7312,3588,269,14,37,3404,1008,76,932
2021,"Greenwich 001","E02000313",6490,351,42,81,68,42,118,2825,2264,214,347,301,35,92,75,99,2843,2296,29,18,15,485,170,19,151
2021,"Greenwich 002","E02000314",14105,1472,212,325,283,162,490,6195,4825,527,843,1001,81,285,352,283,4847,3172,102,50,43,1480,590,72,518
2021,"Greenwich 003","E02000315",9871,892,97,117,238,73,367,3699,2919,324,456,443,76,134,125,108,4485,3324,70,107,30,954,352,48,304
2021,"Greenwich 005","E02000317",7560,1079,114,263,126,63,513,2417,1898,234,285,424,52,120,126,126,3325,2446,72,4,17,786,315,76,239
2021,"Greenwich 006","E02000318",11062,3765,215,107,706,716,2021,2582,1865,373,344,452,67,73,172,140,3253,2022,108,31,46,1046,1010,30,980
2021,"Greenwich 007","E02000319",10619,2201,167,188,556,352,938,2839,2123,384,332,709,98,158,271,182,4287,2936,105,22,31,1193,583,46,537
2021,"Greenwich 008","E02000320",7042,952,82,58,196,95,521,1982,1467,286,229,388,72,81,118,117,3397,2480,64,5,29,819,323,17,306
2021,"Greenwich 009","E02000321",7720,1143,109,122,183,142,587,2378,1749,321,308,435,47,131,136,121,3299,2504,62,8,29,696,465,24,441
2021,"Greenwich 011","E02000323",12859,2561,137,277,736,195,1216,3972,3154,407,411,843,111,162,228,342,4719,3111,93,11,63,1441,764,66,698
2021,"Greenwich 012","E02000324",7869,1033,88,183,195,92,475,1782,1268,225,289,643,84,115,265,179,4069,3080,110,0,15,864,342,38,304
2021,"Greenwich 014","E02000326",7793,967,35,177,374,83,298,1175,831,191,153,474,152,57,146,119,4944,3653,172,6,9,1104,233,27,206
2021,"Greenwich 015","E02000327",6626,830,61,191,125,46,407,2269,1694,345,230,364,56,84,147,77,2909,2214,83,0,11,601,254,32,222
2021,"Greenwich 016","E02000328",6513,484,4,82,224,19,155,527,342,133,52,422,155,50,106,111,4915,3770,184,4,18,939,165,20,145
2021,"Greenwich 017","E02000329",6334,930,46,60,357,175,292,1151,700,267,184,425,92,70,149,114,3567,2884,94,3,4,582,261,16,245
2021,"Greenwich 019","E02000331",8236,1210,62,161,293,103,591,1532,1065,254,213,503,114,87,141,161,4552,3459,116,0,31,946,439,57,382
2021,"Greenwich 020","E02000332",7453,598,38,54,241,83,182,1506,1029,332,145,527,102,92,163,170,4618,3632,148,3,25,810,204,19,185
2021,"Greenwich 021","E02000333",6246,521,29,112,191,41,148,358,257,52,49,345,117,42,58,128,4832,3792,172,0,12,856,190,24,166
2021,"Greenwich 022","E02000334",6640,904,56,229,264,98,257,1156,826,207,123,378,88,60,86,144,3863,2930,163,7,15,748,339,29,310
2021,"Greenwich 023","E02000335",6675,484,14,142,120,10,198,328,224,73,31,281,81,49,66,85,5434,4680,127,1,8,618,148,11,137
2021,"Greenwich 025","E02000337",8470,780,14,235,160,49,322,1014,687,162,165,395,71,53,130,141,5938,4802,78,9,16,1033,343,33,310
2021,"Greenwich 027","E02000339",6289,399,20,144,108,24,103,305,190,69,46,300,99,26,81,94,5158,4345,181,3,24,605,127,19,108
2021,"Greenwich 028","E02000340",6863,564,37,98,220,55,154,508,391,49,68,261,60,38,74,89,5358,4348,143,8,13,846,172,20,152
2021,"Greenwich 029","E02000341",7993,592,35,128,113,48,268,1333,876,269,188,474,66,110,174,124,5297,4358,110,14,8,807,297,35,262
2021,"Greenwich 030","E02000342",6350,568,53,122,177,52,164,658,471,100,87,299,78,45,99,77,4615,3852,84,0,13,666,210,36,174
2021,"Greenwich 031","E02000343",7046,662,50,156,226,34,196,815,500,185,130,339,72,41,114,112,4925,4076,74,12,23,740,305,14,291
2021,"Greenwich 032","E02000344",6430,542,34,102,216,37,153,512,319,114,79,233,72,36,40,85,4924,4280,91,6,13,534,219,19,200
2021,"Hackney 001","E02000345",8196,396,64,34,194,38,66,578,310,200,68,286,62,31,78,115,5624,3962,54,6,25,1577,1312,36,1276
2021,"Hackney 002","E02000346",9398,1357,245,334,275,229,274,2415,1504,605,306,679,104,159,162,254,3972,2035,146,10,31,1750,975,132,843
2021,"Hackney 003","E02000347",8150,346,39,29,166,29,83,931,504,330,97,276,67,37,78,94,5500,3872,91,1,16,1520,1097,58,1039
2021,"Hackney 004","E02000348",8105,608,130,24,351,34,69,1314,701,451,162,323,53,69,83,118,4785,3495,101,5,19,1165,1075,49,1026
2021,"Hackney 006","E02000350",10236,1537,211,74,1052,82,118,1246,601,476,169,577,126,100,168,183,6079,4040,283,5,24,1727,797,67,730
2021,"Hackney 007","E02000351",9287,797,168,150,238,59,182,1187,681,359,147,730,237,103,157,233,5691,3552,245,6,25,1863,882,113,769
2021,"Hackney 008","E02000352",6752,360,86,32,110,26,106,1014,423,476,115,492,129,72,132,159,4425,3129,153,0,7,1136,461,12,449
2021,"Hackney 009","E02000353",7764,778,154,56,324,104,140,954,393,399,162,526,156,53,115,202,5043,3519,268,3,30,1223,463,32,431
2021,"Hackney 010","E02000354",9609,1324,466,60,501,121,176,2542,1331,898,313,697,160,155,156,226,4316,2770,188,8,25,1325,730,51,679
2021,"Hackney 011","E02000355",8194,1382,189,49,821,178,145,1450,571,706,173,578,134,74,162,208,4406,2942,237,14,26,1187,378,46,332
2021,"Hackney 012","E02000356",7033,414,72,52,151,37,102,750,306,342,102,552,152,58,154,188,4855,3412,220,0,17,1206,462,35,427
2021,"Hackney 013","E02000357",6847,626,210,34,149,71,162,3104,1762,911,431,456,48,98,177,133,2100,1225,119,32,7,717,561,57,504
2021,"Hackney 014","E02000358",11088,1057,195,108,361,132,261,2162,1001,809,352,871,190,103,234,344,5974,3472,336,9,45,2112,1024,71,953
2021,"Hackney 015","E02000359",6698,677,180,60,196,136,105,1530,726,615,189,469,118,56,118,177,3569,2438,128,3,20,980,453,55,398
2021,"Hackney 016","E02000360",11509,1595,485,115,350,296,349,3657,2088,1075,494,790,127,125,249,289,4367,2760,211,3,52,1341,1100,165,935
2021,"Hackney 017","E02000361",8062,796,162,151,189,65,229,1743,968,577,198,630,117,101,149,263,4275,2592,169,13,56,1445,618,96,522
2021,"Hackney 018","E02000362",6960,608,184,78,120,44,182,1925,1027,651,247,549,71,105,199,174,3407,2404,151,17,19,816,471,64,407
2021,"Hackney 019","E02000363",11883,1397,586,135,253,83,340,4438,2723,1142,573,881,122,159,289,311,4181,2747,166,10,31,1227,986,115,871
2021,"Hackney 020","E02000364",9217,773,248,74,190,56,205,2058,994,787,277,551,143,78,138,192,5274,3613,223,9,28,1401,561,91,470
2021,"Hackney 022","E02000366",8329,692,283,63,143,57,146,1946,926,741,279,661,112,84,227,238,4580,3358,193,8,15,1006,450,30,420
2021,"Hackney 023","E02000367",10418,906,285,152,190,50,229,1869,961,680,228,821,184,116,221,300,6234,3887,315,7,35,1990,588,100,488
2021,"Hackney 024","E02000368",9923,1081,478,126,183,78,216,2823,1628,800,395,654,100,116,190,248,4393,2705,238,11,28,1411,972,116,856
2021,"Hackney 025","E02000369",13456,1410,355,256,324,101,374,2981,1735,840,406,961,246,154,217,344,6800,3822,307,16,53,2602,1304,200,1104
2021,"Hackney 026","E02000370",8858,981,200,217,218,35,311,1938,1224,443,271,652,144,107,139,262,4411,2333,174,0,43,1861,876,100,776
2021,"Hammersmith and Fulham 001","E02000372",9982,1834,103,490,290,189,762,1859,937,675,247,765,106,123,291,245,4486,2596,235,19,95,1541,1038,443,595
2021,"Hammersmith and Fulham 002","E02000373",7037,928,174,102,89,111,452,2523,1821,491,211,544,88,91,181,184,2263,1263,100,2,33,865,779,364,415
2021,"Hammersmith and Fulham 003","E02000374",6913,761,66,115,175,103,302,1216,747,330,139,508,104,75,162,167,3816,2370,229,7,49,1161,612,322,290
2021,"Hammersmith and Fulham 004","E02000375",7483,886,68,157,135,132,394,1409,862,407,140,615,124,104,169,218,3933,2261,187,6,67,1412,640,271,369
2021,"Hammersmith and Fulham 005","E02000376",6705,701,61,121,159,119,241,1044,511,397,136,498,119,64,140,175,3850,2126,164,12,64,1484,612,216,396
2021,"Hammersmith and Fulham 006","E02000377",7795,727,81,121,116,77,332,1247,658,442,147,599,138,96,174,191,4707,2902,269,2,51,1483,515,197,318
2021,"Hammersmith and Fulham 007","E02000378",6435,692,22,179,146,70,275,723,409,221,93,425,98,71,107,149,4044,2097,185,5,50,1707,551,217,334
2021,"Hammersmith and Fulham 008","E02000379",7389,571,24,72,163,51,261,891,554,221,116,487,153,81,113,140,4933,3222,256,2,38,1415,507,187,320
2021,"Hammersmith and Fulham 009","E02000380",5507,469,24,111,129,44,161,480,253,185,42,320,95,31,75,119,3956,2635,195,2,28,1096,282,103,179
2021,"Hammersmith and Fulham 010","E02000381",7631,582,26,135,134,55,232,689,412,224,53,515,142,79,110,184,5306,3039,223,1,57,1986,539,211,328
2021,"Hammersmith and Fulham 011","E02000382",6194,718,28,224,149,69,248,543,314,177,52,439,121,51,102,165,4067,2588,161,3,55,1260,427,146,281
2021,"Hammersmith and Fulham 012","E02000383",8463,1212,26,286,322,106,472,750,460,204,86,577,158,82,104,233,4896,2561,196,3,77,2059,1028,498,530
2021,"Hammersmith and Fulham 013","E02000384",8265,1191,85,366,188,119,433,1147,668,337,142,636,150,98,172,216,4637,2619,230,3,77,1708,654,248,406
2021,"Hammersmith and Fulham 014","E02000385",5614,679,22,177,191,50,239,374,188,138,48,304,116,44,46,98,3919,2287,134,6,78,1414,338,135,203
2021,"Hammersmith and Fulham 015","E02000386",7583,859,126,130,134,101,368,1418,875,392,151,554,88,100,171,195,4009,2362,181,4,87,1375,743,296,447
2021,"Hammersmith and Fulham 016","E02000387",6024,878,46,113,171,76,472,850,439,302,109,425,101,57,146,121,3517,2119,135,1,73,1189,354,97,257
2021,"Hammersmith and Fulham 017","E02000388",8661,950,43,218,227,105,357,738,431,216,91,483,145,65,105,168,6013,3558,219,7,95,2134,477,201,276
2021,"Hammersmith and Fulham 018","E02000389",8640,875,15,252,253,60,295,428,225,157,46,500,175,55,87,183,6399,3990,241,3,65,2100,438,176,262
2021,"Hammersmith and Fulham 019","E02000390",6197,440,62,95,81,31,171,533,310,152,71,355,102,53,76,124,4525,2937,162,0,38,1388,344,133,211
2021,"Hammersmith and Fulham 020","E02000391",7589,528,35,129,169,50,145,494,276,138,80,426,173,37,56,160,5712,3602,188,2,54,1866,429,218,211
2021,"Hammersmith and Fulham 021","E02000392",9229,702,50,157,147,80,268,887,610,186,91,567,164,60,154,189,6558,4083,253,0,59,2163,515,210,305
2021,"Hammersmith and Fulham 022","E02000393",5981,315,6,52,115,27,115,289,140,95,54,313,108,41,40,124,4837,3067,187,1,59,1523,227,91,136
2021,"Hammersmith and Fulham 023","E02000394",9285,1005,32,268,226,99,380,1045,600,311,134,766,159,120,204,283,5733,3601,199,1,68,1864,736,280,456
2021,"Hammersmith and Fulham 024","E02000395",5680,320,4,80,87,35,114,208,106,73,29,270,111,33,47,79,4685,3110,176,0,28,1371,197,77,120
2021,"Hammersmith and Fulham 025","E02000396",6897,497,55,113,104,50,175,670,440,155,75,440,108,69,123,140,4876,3106,112,0,38,1620,414,198,216
2021,"Haringey 001","E02000397",7911,714,127,87,231,59,210,1063,546,392,125,505,85,95,140,185,4879,2288,182,8,66,2335,750,77,673
2021,"Haringey 002","E02000398",7514,586,157,35,93,100,201,2849,1596,853,400,497,38,121,195,143,2515,957,50,15,38,1455,1067,49,1018
2021,"Haringey 004","E02000400",7985,738,149,104,201,63,221,1398,849,389,160,563,130,84,150,199,4651,2616,218,0,38,1779,635,80,555
2021,"Haringey 005","E02000401",6858,837,300,90,122,88,237,1646,852,586,208,501,50,114,124,213,2960,1533,126,7,23,1271,914,100,814
2021,"Haringey 006","E02000402",6473,611,221,58,77,54,201,1918,1037,691,190,436,49,78,164,145,2568,1264,85,6,21,1192,940,84,856
2021,"Haringey 007","E02000403",7511,740,120,165,226,31,198,851,455,304,92,447,92,63,93,199,4730,1986,146,6,109,2483,743,89,654
2021,"Haringey 008","E02000404",7112,853,186,185,204,75,203,1212,660,434,118,464,59,73,166,166,3680,1447,124,6,66,2037,903,91,812
2021,"Haringey 009","E02000405",6477,374,36,44,146,46,102,374,235,105,34,457,177,37,77,166,4966,3672,210,0,7,1077,306,19,287
2021,"Haringey 010","E02000406",6737,811,199,190,182,63,177,1101,481,480,140,456,71,78,148,159,3630,1632,134,12,125,1727,739,113,626
2021,"Haringey 011","E02000407",7601,755,148,164,172,65,206,2457,1142,1069,246,637,132,88,216,201,2981,1274,104,11,66,1526,771,58,713
2021,"Haringey 012","E02000408",8253,663,161,112,156,44,190,2799,1607,864,328,547,52,81,190,224,3200,1407,110,15,73,1595,1044,140,904
2021,"Haringey 013","E02000409",6069,628,193,91,115,71,158,1676,1079,408,189,387,64,73,94,156,2582,1252,98,5,23,1204,796,96,700
2021,"Haringey 014","E02000410",6417,379,8,77,110,50,134,230,108,95,27,430,152,40,72,166,5070,3418,173,0,17,1462,308,44,264
2021,"Haringey 015","E02000411",11427,1530,183,502,228,240,377,3056,1774,953,329,780,103,130,259,288,4941,2132,161,4,81,2563,1120,94,1026
2021,"Haringey 016","E02000412",7323,946,216,179,208,118,225,1561,916,447,198,443,87,59,132,165,3566,1544,93,8,79,1842,807,86,721
2021,"Haringey 017","E02000413",7764,599,43,120,191,76,169,493,251,175,67,629,210,76,129,214,5519,3752,221,1,10,1535,524,60,464
2021,"Haringey 018","E02000414",7079,674,192,75,161,64,182,1635,846,599,190,530,80,77,171,202,3567,1687,117,22,49,1692,673,59,614
2021,"Haringey 019","E02000415",7247,846,247,180,204,73,142,981,533,342,106,499,91,63,164,181,4088,1776,146,8,92,2066,833,170,663
2021,"Haringey 020","E02000416",8451,630,116,76,197,29,212,1278,672,448,158,653,149,89,167,248,5248,3348,263,1,27,1609,642,73,569
2021,"Haringey 021","E02000417",6558,414,13,100,162,39,100,278,129,122,27,493,204,58,71,160,5093,3429,179,1,35,1449,280,17,263
2021,"Haringey 022","E02000418",5429,293,25,31,147,27,63,263,117,119,27,351,119,35,80,117,4281,3315,186,2,7,771,241,24,217
2021,"Haringey 023","E02000419",8738,822,149,120,244,75,234,893,431,356,106,693,164,101,226,202,5551,2681,214,17,96,2543,779,60,719
2021,"Haringey 024","E02000420",7989,760,216,107,110,56,271,1787,981,606,200,574,101,74,170,229,3980,1873,164,12,70,1861,888,62,826
2021,"Haringey 025","E02000421",8511,708,156,151,91,53,257,2735,1372,1078,285,820,77,90,402,251,3123,1425,93,4,170,1431,1125,121,1004
2021,"Haringey 026","E02000422",7455,760,244,74,146,64,232,1719,954,582,183,474,63,66,157,188,3558,1720,148,10,90,1590,944,86,858
2021,"Haringey 027","E02000423",6908,775,283,103,182,43,164,723,392,245,86,467,122,50,109,186,4157,1971,153,21,126,1886,786,66,720
2021,"Haringey 028","E02000424",6754,306,41,36,103,23,103,758,345,318,95,573,160,75,190,148,4765,3381,254,0,21,1109,352,36,316
2021,"Haringey 029","E02000425",8169,413,83,47,145,33,105,936,450,380,106,308,27,38,116,127,5172,3388,64,6,45,1669,1340,26,1314
2021,"Haringey 030","E02000426",6491,634,40,83,313,39,159,365,180,144,41,502,155,36,83,228,4584,3160,177,1,12,1234,406,62,344
2021,"Haringey 031","E02000427",6623,491,103,65,141,56,126,651,304,284,63,488,103,48,140,197,4419,2458,207,0,75,1679,574,78,496
2021,"Haringey 032","E02000428",8434,631,154,71,191,49,166,1972,1180,585,207,534,98,74,143,219,4237,2129,188,2,97,1821,1060,79,981
2021,"Haringey 033","E02000429",6796,412,20,76,168,19,129,359,138,171,50,469,181,41,79,168,5212,3572,187,0,10,1443,344,44,300
2021,"Haringey 034","E02000430",6920,380,41,77,123,35,104,439,174,206,59,528,177,52,103,196,5258,3642,237,2,63,1314,315,33,282
2021,"Haringey 035","E02000431",5847,413,32,69,141,24,147,210,114,68,28,395,137,38,55,165,4628,3045,188,1,23,1371,201,22,179
2021,"Haringey 036","E02000432",6120,352,33,52,102,61,104,686,301,276,109,441,109,83,117,132,4280,2908,221,0,27,1124,361,37,324
2021,"Harrow 001","E02000433",8602,3231,55,123,2179,265,609,480,339,81,60,249,94,25,42,88,4000,2842,98,0,27,1033,642,162,480
2021,"Harrow 002","E02000434",9851,4077,73,182,2824,288,710,713,568,102,43,306,87,53,47,119,3956,2363,141,12,47,1393,799,219,580
2021,"Harrow 003","E02000435",8189,3439,62,72,2025,624,656,660,413,165,82,275,78,29,82,86,3224,2102,163,15,32,912,591,178,413
2021,"Harrow 004","E02000436",5754,2758,13,34,2212,148,351,208,110,67,31,171,71,13,41,46,2355,1794,177,0,12,372,262,74,188
2021,"Harrow 005","E02000437",8760,3279,101,50,1907,343,878,738,338,295,105,288,90,26,63,109,3751,2329,351,3,24,1044,704,260,444
2021,"Harrow 006","E02000438",8548,3086,47,73,1943,286,737,955,684,184,87,365,85,56,113,111,3640,2592,208,9,14,817,502,167,335
2021,"Harrow 007","E02000439",9268,3702,115,138,2364,259,826,868,610,181,77,298,98,48,55,97,3642,1236,185,11,94,2116,758,266,492
2021,"Harrow 008","E02000440",9608,5018,44,112,3813,290,759,418,222,157,39,269,106,25,38,100,3331,1921,197,0,42,1171,572,262,310
2021,"Harrow 009","E02000441",7483,3132,74,59,2109,318,572,569,374,134,61,324,124,24,71,105,3010,2191,179,0,16,624,448,148,300
2021,"Harrow 010","E02000442",9585,5016,30,67,3305,320,1294,423,270,123,30,195,36,22,32,105,3219,915,139,12,104,2049,732,221,511
2021,"Harrow 011","E02000443",10751,4483,117,95,2239,737,1295,1256,626,512,118,408,83,60,122,143,3470,1656,339,12,49,1414,1134,640,494
2021,"Harrow 012","E02000444",8714,4842,49,58,3742,241,752,378,177,146,55,178,64,19,30,65,2787,1083,138,5,79,1482,529,148,381
2021,"Harrow 013","E02000445",11774,4963,110,80,2708,545,1520,1251,616,470,165,515,143,60,97,215,4252,1821,323,13,350,1745,793,361,432
2021,"Harrow 015","E02000447",8190,4118,64,93,2746,341,874,526,244,238,44,404,135,33,80,156,2606,1718,156,3,23,706,536,200,336
2021,"Harrow 016","E02000448",7074,2458,47,96,1656,192,467,290,170,104,16,296,165,22,32,77,3645,2804,214,0,15,612,385,64,321
2021,"Harrow 017","E02000449",8297,4364,30,36,3389,238,671,482,190,234,58,230,58,29,61,82,2712,1001,125,5,57,1524,509,192,317
2021,"Harrow 019","E02000451",6707,3354,33,79,2415,252,575,222,85,106,31,267,102,28,43,94,2561,1640,168,5,6,742,303,75,228
2021,"Harrow 020","E02000452",9504,3818,50,161,1946,622,1039,645,326,255,64,523,118,70,166,169,3851,1595,240,8,69,1939,667,227,440
2021,"Harrow 021","E02000453",8384,3504,57,91,2073,424,859,557,287,215,55,500,186,45,85,184,3201,1725,202,9,38,1227,622,175,447
2021,"Harrow 022","E02000454",7338,3493,35,99,2417,248,694,182,85,70,27,276,143,12,35,86,3022,2359,153,0,6,504,365,71,294
2021,"Harrow 023","E02000455",11669,5533,72,238,3635,453,1135,816,455,285,76,526,153,58,89,226,4017,1854,225,11,55,1872,777,288,489
2021,"Harrow 024","E02000456",7824,2838,35,83,1679,289,752,813,558,181,74,464,144,58,146,116,3209,1967,236,0,36,970,500,208,292
2021,"Harrow 025","E02000457",7060,3451,90,79,2148,253,881,475,235,198,42,271,84,31,64,92,2304,1514,130,4,33,623,559,176,383
2021,"Harrow 027","E02000459",9321,4042,80,90,1713,441,1718,986,578,300,108,395,107,58,73,157,3033,1507,148,0,28,1350,865,235,630
2021,"Harrow 028","E02000460",7309,3592,46,36,1816,351,1343,933,568,260,105,306,82,37,92,95,1835,1148,76,3,16,592,643,226,417
2021,"Harrow 029","E02000461",7287,2534,26,186,1505,263,554,484,252,152,80,364,143,45,64,112,3417,2160,221,6,24,1006,488,169,319
2021,"Harrow 030","E02000462",6983,3411,118,72,1378,260,1583,624,323,252,49,248,75,29,52,92,1979,959,137,0,33,850,721,172,549
2021,"Harrow 031","E02000463",8705,3836,47,73,1641,281,1794,968,436,406,126,312,67,32,115,98,2744,1689,155,13,19,868,845,214,631
2021,"Havering 001","E02000464",7756,555,91,33,196,143,92,828,594,130,104,303,48,60,117,78,5966,5205,51,0,8,702,104,12,92
2021,"Havering 002","E02000465",9345,925,108,41,403,188,185,1025,709,178,138,329,69,52,117,91,6908,5792,61,4,20,1031,158,16,142
2021,"Havering 003","E02000466",9065,734,120,58,204,228,124,781,458,219,104,396,60,60,159,117,7002,6274,69,17,7,635,152,8,144
2021,"Havering 004","E02000467",11458,819,158,40,244,212,165,1876,1398,251,227,570,62,143,214,151,7980,6850,38,14,16,1062,213,34,179
2021,"Havering 005","E02000468",8647,899,147,40,320,252,140,764,404,239,121,348,92,44,101,111,6446,5598,72,3,27,746,190,11,179
2021,"Havering 006","E02000469",7285,672,123,35,187,197,130,963,642,218,103,311,56,67,112,76,5185,4280,59,3,21,822,154,13,141
2021,"Havering 007","E02000470",9786,990,93,140,495,136,126,599,364,144,91,375,90,56,123,106,7728,6814,107,11,15,781,94,16,78
2021,"Havering 008","E02000471",7823,852,83,56,375,219,119,380,172,149,59,211,61,26,64,60,6212,5717,101,1,4,389,168,14,154
2021,"Havering 009","E02000472",9475,1252,191,59,462,375,165,579,304,200,75,383,61,50,160,112,7002,6137,97,0,21,747,259,46,213
2021,"Havering 010","E02000473",10494,1267,127,82,676,211,171,639,390,165,84,386,136,31,115,104,7981,7294,107,14,22,544,221,41,180
2021,"Havering 011","E02000474",9188,1248,272,64,382,361,169,861,499,253,109,422,116,45,168,93,6455,5489,92,5,22,847,202,19,183
2021,"Havering 012","E02000475",9613,1194,104,68,744,141,137,581,411,115,55,315,103,43,79,90,7272,6570,162,10,15,515,251,41,210
2021,"Havering 013","E02000476",9364,1416,188,120,507,297,304,962,630,223,109,474,107,77,154,136,6185,4588,121,10,39,1427,327,68,259
2021,"Havering 014","E02000477",9534,919,67,77,525,162,88,304,182,95,27,355,109,48,87,111,7825,7181,143,5,5,491,131,28,103
2021,"Havering 015","E02000478",5989,1612,49,73,1095,269,126,268,211,35,22,126,55,15,16,40,3681,3421,69,1,3,187,302,22,280
2021,"Havering 016","E02000479",9450,1213,241,130,314,269,259,884,559,237,88,447,103,87,143,114,6618,5253,129,20,44,1172,288,107,181
2021,"Havering 017","E02000480",13840,2813,629,115,819,620,630,1877,1168,492,217,712,140,133,242,197,7937,6110,151,22,46,1608,501,86,415
2021,"Havering 018","E02000481",8236,344,17,60,149,61,57,272,183,53,36,202,52,32,61,57,7354,6963,69,25,0,297,64,2,62
2021,"Havering 019","E02000482",6589,355,21,60,180,46,48,99,59,35,5,190,94,17,31,48,5899,5592,109,0,4,194,46,0,46
2021,"Havering 020","E02000483",8003,474,64,57,201,59,93,343,193,114,36,255,58,57,70,70,6815,6177,132,4,3,499,116,16,100
2021,"Havering 021","E02000484",8488,813,112,70,364,119,148,544,333,125,86,250,64,27,76,83,6718,6130,153,2,5,428,163,23,140
2021,"Havering 022","E02000485",8477,509,58,72,216,64,99,361,246,78,37,243,86,32,57,68,7246,6561,116,8,10,551,118,23,95
2021,"Havering 023","E02000486",7355,658,136,65,259,57,141,372,258,71,43,232,72,21,66,73,5981,5496,92,0,3,390,112,14,98
2021,"Havering 024","E02000487",7913,248,26,39,130,11,42,89,35,46,8,178,66,23,41,48,7344,7010,149,14,10,161,54,7,47
2021,"Havering 025","E02000488",7578,528,69,78,274,54,53,287,192,67,28,162,55,32,40,35,6492,6076,97,2,0,317,109,11,98
2021,"Havering 026","E02000489",8634,1043,254,142,385,134,128,749,554,95,100,361,76,73,119,93,6329,5599,111,7,7,605,152,47,105
2021,"Havering 027","E02000490",8469,852,291,50,237,153,121,985,668,205,112,253,55,37,104,57,6284,5597,62,17,8,600,95,18,77
2021,"Havering 028","E02000491",10636,1424,575,55,309,296,189,1690,1191,311,188,461,82,74,194,111,6842,5930,73,20,15,804,219,25,194
2021,"Havering 029","E02000492",6833,554,127,13,206,154,54,594,432,99,63,181,47,24,67,43,5389,5012,56,2,7,312,115,20,95
2021,"Havering 030","E02000493",6741,972,235,23,432,197,85,1001,697,181,123,328,70,51,136,71,4244,3517,47,15,28,637,196,21,175
2021,"Hillingdon 001","E02000494",7952,3564,19,133,2704,293,415,292,184,70,38,321,162,30,43,86,3495,2757,103,0,4,631,280,52,228
2021,"Hillingdon 002","E02000495",10419,3088,55,121,1996,286,630,520,315,137,68,430,148,49,100,133,5881,4112,186,12,35,1536,500,110,390
2021,"Hillingdon 003","E02000496",7803,734,12,33,459,38,192,212,128,61,23,310,108,48,73,81,6379,5731,186,29,5,428,168,37,131
2021,"Hillingdon 004","E02000497",9521,2491,54,118,1727,240,352,439,254,138,47,415,130,61,111,113,5804,4788,193,1,28,794,372,123,249
2021,"Hillingdon 005","E02000498",6377,855,29,51,559,80,136,165,69,77,19,296,119,40,81,56,4892,4276,201,0,0,415,169,46,123
2021,"Hillingdon 006","E02000499",7727,2155,35,97,1542,170,311,180,100,67,13,323,132,15,60,116,4813,4022,232,3,0,556,256,68,188
2021,"Hillingdon 007","E02000500",8280,1591,44,106,1031,124,286,172,96,59,17,355,167,30,55,103,5887,4714,329,1,10,833,275,60,215
2021,"Hillingdon 008","E02000501",8474,1813,25,180,1216,142,250,292,133,128,31,409,157,39,72,141,5706,4689,283,3,13,718,254,75,179
2021,"Hillingdon 009","E02000502",8931,1905,36,161,1051,195,462,407,209,148,50,403,134,41,96,132,5901,4571,325,7,13,985,315,98,217
2021,"Hillingdon 010","E02000503",8690,1566,51,112,914,128,361,294,118,145,31,407,146,35,100,126,6143,5008,382,2,15,736,280,93,187
2021,"Hillingdon 011","E02000504",7644,1627,22,110,1110,164,221,120,74,37,9,280,129,14,54,83,5370,4733,168,1,5,463,247,101,146
2021,"Hillingdon 013","E02000506",7964,2684,43,107,1808,422,304,233,142,61,30,313,128,33,42,110,4178,3525,191,7,6,449,556,190,366
2021,"Hillingdon 014","E02000507",8243,2325,85,111,1300,316,513,461,257,153,51,409,136,43,99,131,4582,3721,145,3,15,698,466,151,315
2021,"Hillingdon 015","E02000508",11950,3215,243,286,1510,475,701,926,612,223,91,765,197,88,141,339,6300,4434,237,10,61,1558,744,300,444
2021,"Hillingdon 016","E02000509",10558,2730,452,263,882,542,591,1031,755,193,83,717,194,155,160,208,5511,3723,200,18,38,1532,569,207,362
2021,"Hillingdon 017","E02000510",9114,2851,151,98,1419,467,716,556,362,142,52,436,136,66,88,146,4677,3811,195,5,16,650,594,185,409
2021,"Hillingdon 018","E02000511",9934,3768,98,28,1871,548,1223,838,418,299,121,350,109,43,88,110,4060,3192,177,10,13,668,918,160,758
2021,"Hillingdon 019","E02000512",8823,2813,159,35,1339,474,806,1011,640,269,102,440,114,57,123,146,3919,3097,109,8,37,668,640,161,479
2021,"Hillingdon 020","E02000513",9760,3865,149,51,1569,603,1493,1638,1176,283,179,383,104,63,110,106,3051,2177,88,8,29,749,823,173,650
2021,"Hillingdon 021","E02000514",10673,6281,280,17,3435,655,1894,999,662,228,109,255,83,33,65,74,1998,1342,106,1,20,529,1140,106,1034
2021,"Hillingdon 022","E02000515",13292,3185,333,153,1422,507,770,1485,860,506,119,622,134,120,192,176,7222,5261,172,87,60,1642,778,260,518
2021,"Hillingdon 023","E02000516",8646,4104,144,74,2330,524,1032,908,576,222,110,423,111,74,127,111,2233,1467,92,3,7,664,978,141,837
2021,"Hillingdon 024","E02000517",10473,4226,191,29,1920,716,1370,1494,947,406,141,448,125,56,112,155,3393,2480,123,22,21,747,912,180,732
2021,"Hillingdon 025","E02000518",9632,2375,266,52,1046,378,633,982,745,156,81,426,105,74,117,130,5373,4345,123,33,23,849,476,87,389
2021,"Hillingdon 026","E02000519",9554,4585,181,21,2422,870,1091,1317,981,224,112,321,64,66,98,93,2335,1735,80,15,4,501,996,113,883
2021,"Hillingdon 027","E02000520",14063,6825,206,98,3750,1089,1682,1762,1349,298,115,573,163,108,112,190,3646,2450,169,11,33,983,1257,252,1005
2021,"Hillingdon 028","E02000521",13191,5237,189,123,2965,940,1020,1425,1064,215,146,595,164,94,159,178,5081,3719,121,37,39,1165,853,223,630
2021,"Hillingdon 029","E02000522",9579,2627,167,76,1413,438,533,857,598,181,78,487,133,113,126,115,5114,3851,107,59,26,1071,494,139,355
2021,"Hillingdon 030","E02000523",11372,6680,120,103,4382,944,1131,970,704,172,94,318,130,53,45,90,2264,1280,118,11,15,840,1140,204,936
2021,"Hillingdon 031","E02000524",7533,2616,47,55,1607,470,437,434,290,92,52,286,77,56,60,93,3797,2511,93,44,27,1122,400,105,295
2021,"Hillingdon 032","E02000525",10064,4974,110,45,3097,785,937,1002,750,159,93,378,112,53,95,118,2817,1644,67,27,25,1054,893,119,774
2021,"Hounslow 001","E02000526",8640,797,17,199,266,80,235,472,190,247,35,524,201,50,92,181,6442,4225,254,3,59,1901,405,121,284
2021,"Hounslow 004","E02000529",9718,5712,97,40,3411,942,1222,712,585,67,60,283,89,44,34,116,1626,850,78,4,38,656,1385,134,1251
2021,"Hounslow 005","E02000530",8116,4066,88,32,2249,801,896,1277,1066,99,112,327,77,88,63,99,1597,1061,31,61,9,435,849,98,751
2021,"Hounslow 006","E02000531",11581,1564,65,123,570,283,523,985,687,220,78,710,234,103,134,239,7635,4989,391,10,45,2200,687,270,417
2021,"Hounslow 007","E02000532",8975,829,33,116,317,93,270,450,310,92,48,605,192,62,144,207,6628,4557,301,0,31,1739,463,206,257
2021,"Hounslow 008","E02000533",8400,718,19,70,281,110,238,426,247,126,53,603,191,64,124,224,6229,4475,231,0,21,1502,424,156,268
2021,"Hounslow 009","E02000534",8554,3129,38,79,1986,603,423,467,305,126,36,441,177,53,67,144,3868,2198,187,0,25,1458,649,174,475
2021,"Hounslow 010","E02000535",10052,6604,136,43,4235,1202,988,391,282,76,33,259,103,34,29,93,1767,873,61,0,13,820,1031,84,947
2021,"Hounslow 011","E02000536",10841,6493,100,61,4036,1170,1126,570,410,77,83,334,99,56,57,122,2361,1049,82,2,38,1190,1083,178,905
2021,"Hounslow 012","E02000537",9845,5723,175,145,3852,832,719,295,200,69,26,368,198,44,36,90,2629,1033,64,7,64,1461,830,210,620
2021,"Hounslow 013","E02000538",10109,6415,80,17,4294,1084,940,536,427,57,52,266,96,38,49,83,2019,975,30,5,41,968,873,133,740
2021,"Hounslow 014","E02000539",12224,2666,103,123,1275,515,650,913,630,163,120,896,247,118,221,310,7024,4826,256,6,26,1910,725,321,404
2021,"Hounslow 015","E02000540",12118,4851,152,111,2997,634,957,953,634,217,102,627,200,118,99,210,4820,2765,174,22,50,1809,867,276,591
2021,"Hounslow 016","E02000541",10619,6078,88,31,4197,786,976,726,571,75,80,300,100,55,57,88,2628,1413,41,9,26,1139,887,177,710
2021,"Hounslow 017","E02000542",12304,7346,205,48,5057,933,1103,813,605,138,70,490,129,74,92,195,2764,1252,66,14,30,1402,891,175,716
2021,"Hounslow 018","E02000543",14005,7472,200,82,5233,763,1194,732,552,125,55,526,167,88,96,175,4403,2118,87,17,33,2148,872,236,636
2021,"Hounslow 019","E02000544",8564,3266,66,107,2005,588,500,319,207,79,33,348,125,45,53,125,4059,2478,148,0,25,1408,572,140,432
2021,"Hounslow 020","E02000545",9238,1680,60,118,590,333,579,1262,984,143,135,436,113,91,96,136,5299,3813,168,7,29,1282,561,226,335
2021,"Hounslow 021","E02000546",10427,6164,174,63,3253,1658,1016,610,413,115,82,335,134,46,52,103,2557,1197,107,25,39,1189,761,159,602
2021,"Hounslow 022","E02000547",11002,4024,95,53,1968,599,1309,917,590,113,214,438,112,99,96,131,4987,3677,65,6,24,1215,636,131,505
2021,"Hounslow 023","E02000548",10577,2964,88,48,1331,529,968,1003,777,119,107,429,124,62,106,137,5651,4151,59,21,43,1377,530,140,390
2021,"Hounslow 024","E02000549",12535,4374,144,83,1945,803,1399,681,478,133,70,536,157,93,139,147,6083,4335,124,19,35,1570,861,267,594
2021,"Hounslow 025","E02000550",10713,3341,55,174,1822,403,887,1012,749,150,113,428,94,91,110,133,5339,3911,107,14,40,1267,593,187,406
2021,"Hounslow 026","E02000551",9754,2482,192,56,773,625,836,997,691,184,122,447,107,82,96,162,5273,3942,49,10,23,1249,555,155,400
2021,"Hounslow 027","E02000552",9262,2150,61,105,956,366,662,723,487,159,77,602,170,136,131,165,5393,3855,74,20,29,1415,394,77,317
2021,"Hounslow 028","E02000553",7114,1387,60,51,656,247,373,563,438,70,55,344,93,63,94,94,4344,3412,57,6,17,852,476,140,336
2021,"Islington 001","E02000554",9356,703,220,71,150,32,230,1804,1034,565,205,759,131,108,243,277,5279,3340,349,4,52,1534,811,163,648
2021,"Islington 002","E02000555",9571,738,228,111,168,32,199,1332,775,375,182,663,137,102,190,234,6101,4025,393,3,47,1633,737,155,582
2021,"Islington 003","E02000556",11393,1306,454,209,159,62,422,1437,746,536,155,820,183,114,213,310,7033,4445,467,14,46,2061,797,150,647
2021,"Islington 004","E02000557",8781,730,146,145,187,37,215,1149,666,328,155,838,158,213,181,286,5545,3486,394,7,34,1624,519,108,411
2021,"Islington 005","E02000558",9429,1094,483,187,93,55,276,2594,1821,503,270,678,97,122,202,257,3984,2320,235,11,66,1352,1079,203,876
2021,"Islington 006","E02000559",9583,772,227,135,149,53,208,1358,973,278,107,665,221,79,153,212,6224,4192,362,6,31,1633,564,71,493
2021,"Islington 007","E02000560",7354,727,132,224,151,54,166,872,536,218,118,551,129,78,145,199,4604,2752,253,0,62,1537,600,116,484
2021,"Islington 008","E02000561",7384,437,20,159,120,21,117,625,374,196,55,579,164,46,126,243,5404,3718,270,4,21,1391,339,55,284
2021,"Islington 009","E02000562",7865,667,236,101,126,25,179,946,575,257,114,563,159,79,123,202,5128,3471,302,11,17,1327,561,103,458
2021,"Islington 010","E02000563",8681,761,266,127,150,37,181,1378,849,360,169,754,142,95,240,277,4967,3149,238,8,67,1505,821,154,667
2021,"Islington 011","E02000564",12418,1708,364,510,309,67,458,1422,896,369,157,965,273,115,215,362,7538,4542,412,5,65,2514,785,164,621
2021,"Islington 012","E02000565",8542,634,269,76,100,26,163,1656,1140,331,185,644,120,97,167,260,4923,3247,233,9,25,1409,685,122,563
2021,"Islington 013","E02000566",8557,636,156,145,178,26,131,674,405,197,72,640,215,61,135,229,6192,4070,272,0,31,1819,415,69,346
2021,"Islington 014","E02000567",10439,682,196,123,164,33,166,1084,543,396,145,830,177,91,242,320,7240,4824,386,4,31,1995,603,95,508
2021,"Islington 015","E02000568",11342,1509,401,413,238,71,386,1791,1128,438,225,947,146,142,268,391,6208,3884,321,7,79,1917,887,268,619
2021,"Islington 016","E02000569",9943,820,258,169,166,39,188,1130,650,318,162,756,160,90,241,265,6538,4387,316,5,26,1804,699,126,573
2021,"Islington 017","E02000570",8286,487,60,138,151,30,108,505,254,171,80,629,168,49,170,242,6338,4402,300,5,26,1605,327,80,247
2021,"Islington 018","E02000571",8923,720,237,158,145,17,163,1046,689,254,103,683,169,120,162,232,5970,3666,272,3,33,1996,504,91,413
2021,"Islington 019","E02000572",8604,1344,705,287,105,38,209,1561,1014,366,181,666,109,122,147,288,4272,2601,209,0,33,1429,761,149,612
2021,"Islington 020","E02000573",10313,1102,319,280,227,41,235,846,557,205,84,681,203,63,160,255,7223,4672,306,0,31,2214,461,70,391
2021,"Islington 021","E02000574",7833,1066,176,392,205,55,238,744,493,157,94,539,143,73,116,207,5037,3088,284,0,31,1634,447,94,353
2021,"Islington 022","E02000575",11312,1511,196,541,330,91,353,1163,819,227,117,698,172,103,162,261,6984,4084,256,1,54,2589,956,175,781
2021,"Islington 023","E02000576",10675,1380,223,424,282,49,402,1622,1152,322,148,679,175,95,168,241,6017,3724,229,1,51,2012,977,213,764
2021,"Kensington and Chelsea 001","E02000577",7711,830,163,155,106,56,350,1581,925,479,177,767,269,111,154,233,3170,1684,146,3,35,1302,1363,645,718
2021,"Kensington and Chelsea 002","E02000578",6004,448,73,34,58,26,257,1082,694,298,90,443,59,63,171,150,3180,1964,147,6,21,1042,851,419,432
2021,"Kensington and Chelsea 003","E02000579",8993,846,58,58,80,56,594,1344,582,627,135,657,127,119,193,218,5291,3412,207,55,33,1584,855,335,520
2021,"Kensington and Chelsea 004","E02000580",7895,855,71,81,93,61,549,1146,620,407,119,725,151,117,232,225,4281,2463,174,1,35,1608,888,352,536
2021,"Kensington and Chelsea 005","E02000581",7392,963,377,41,73,75,397,1395,886,382,127,661,160,75,146,280,3396,2019,103,7,26,1241,977,383,594
2021,"Kensington and Chelsea 006","E02000582",6547,725,19,206,174,37,289,273,146,86,41,437,137,57,61,182,4622,2400,108,0,38,2076,490,173,317
2021,"Kensington and Chelsea 007","E02000583",6431,510,16,68,105,31,290,420,203,190,27,423,151,46,73,153,4723,2826,153,3,27,1714,355,128,227
2021,"Kensington and Chelsea 008","E02000584",7173,735,17,203,196,37,282,287,201,33,53,521,214,41,91,175,5094,2558,94,0,31,2411,536,270,266
2021,"Kensington and Chelsea 009","E02000585",8089,1344,70,178,211,149,736,533,435,63,35,494,192,52,57,193,4730,2195,137,0,84,2314,988,441,547
2021,"Kensington and Chelsea 010","E02000586",6476,987,19,319,247,105,297,99,60,24,15,284,109,18,39,118,4472,1827,96,1,49,2499,634,314,320
2021,"Kensington and Chelsea 011","E02000587",6493,779,18,201,174,86,300,159,101,45,13,381,141,82,27,131,4479,2128,179,0,55,2117,695,316,379
2021,"Kensington and Chelsea 012","E02000588",5984,663,16,131,137,74,305,99,62,27,10,349,196,29,11,113,4412,1994,97,0,73,2248,461,273,188
2021,"Kensington and Chelsea 013","E02000589",7247,1348,15,673,221,71,368,349,281,48,20,475,173,59,73,170,4384,1692,98,0,74,2520,691,290,401
2021,"Kensington and Chelsea 014","E02000590",5975,917,266,182,165,59,245,394,276,96,22,359,95,58,66,140,3689,1985,92,3,47,1562,616,287,329
2021,"Kensington and Chelsea 015","E02000591",6210,1069,53,261,204,96,455,483,332,115,36,397,121,66,61,149,3278,1342,117,1,57,1761,983,495,488
2021,"Kensington and Chelsea 016","E02000592",5760,740,9,275,205,46,205,103,75,18,10,308,138,34,20,116,4244,1835,94,0,57,2258,365,167,198
2021,"Kensington and Chelsea 017","E02000593",7393,878,18,266,233,68,293,243,145,69,29,439,152,95,41,151,5336,2094,147,1,64,3030,497,196,301
2021,"Kensington and Chelsea 018","E02000594",6488,471,22,138,112,24,175,263,178,66,19,274,91,32,49,102,5127,3141,181,1,76,1728,353,169,184
2021,"Kensington and Chelsea 019","E02000595",6164,481,14,110,146,26,185,190,138,25,27,277,120,35,36,86,4855,2820,154,0,54,1827,361,172,189
2021,"Kensington and Chelsea 020","E02000596",6617,594,17,167,131,40,239,141,102,23,16,387,137,37,38,175,5102,2456,188,0,82,2376,393,195,198
2021,"Kensington and Chelsea 021","E02000597",6335,842,163,96,140,54,389,696,503,116,77,464,113,61,86,204,3529,2051,113,1,29,1335,804,369,435
2021,"Kingston upon Thames 001","E02000598",8097,1235,46,352,442,91,304,133,84,36,13,477,240,39,60,138,5939,4545,146,1,21,1226,313,77,236
2021,"Kingston upon Thames 002","E02000599",7012,1678,28,236,590,292,532,212,155,50,7,357,145,42,48,122,3856,2790,115,0,16,935,909,535,374
2021,"Kingston upon Thames 003","E02000600",8359,1568,43,187,348,182,808,290,196,62,32,510,198,52,87,173,5426,4059,99,0,28,1240,565,262,303
2021,"Kingston upon Thames 004","E02000601",11903,1927,42,564,498,180,643,276,173,55,48,730,313,83,97,237,8375,6330,182,0,21,1842,595,209,386
2021,"Kingston upon Thames 005","E02000602",10313,1726,73,263,377,252,761,598,394,130,74,629,192,101,139,197,6667,4936,141,7,44,1539,693,225,468
2021,"Kingston upon Thames 006","E02000603",8634,2199,124,235,492,257,1091,377,257,73,47,465,142,90,105,128,4849,3560,100,7,20,1162,744,301,443
2021,"Kingston upon Thames 007","E02000604",9239,2476,31,338,347,273,1487,206,138,51,17,533,245,54,67,167,5514,4192,146,6,31,1139,510,170,340
2021,"Kingston upon Thames 008","E02000605",8493,1864,36,218,366,286,958,154,85,45,24,468,213,38,59,158,5482,4287,149,3,13,1030,525,167,358
2021,"Kingston upon Thames 009","E02000606",10561,1426,43,336,433,137,477,242,147,66,29,599,230,67,101,201,7643,5481,181,1,44,1936,651,251,400
2021,"Kingston upon Thames 010","E02000607",6790,628,24,94,212,86,212,229,160,46,23,386,160,39,70,117,5346,4371,147,3,29,796,201,76,125
2021,"Kingston upon Thames 011","E02000608",7200,898,24,198,285,83,308,185,106,59,20,408,167,50,72,119,5447,3989,120,2,31,1305,262,76,186
2021,"Kingston upon Thames 012","E02000609",7629,2381,64,157,478,503,1179,209,143,41,25,337,136,53,51,97,4028,3203,117,1,8,699,674,303,371
2021,"Kingston upon Thames 013","E02000610",7954,992,27,120,306,153,386,240,168,39,33,411,174,55,61,121,6001,4643,144,0,32,1182,310,102,208
2021,"Kingston upon Thames 014","E02000611",7439,1262,29,128,438,236,431,114,65,42,7,370,185,29,67,89,5356,4557,157,4,11,627,337,93,244
2021,"Kingston upon Thames 015","E02000612",8256,1910,48,162,475,413,812,160,99,43,18,418,165,46,63,144,5258,4419,158,5,0,676,510,225,285
2021,"Kingston upon Thames 016","E02000613",8096,868,30,116,287,146,289,225,138,49,38,451,172,49,78,152,6282,5143,134,5,12,988,270,95,175
2021,"Kingston upon Thames 017","E02000614",9294,2521,107,172,734,447,1061,381,263,76,42,435,125,63,88,159,5284,4056,104,6,28,1090,673,189,484
2021,"Kingston upon Thames 018","E02000615",7881,977,54,129,236,150,408,161,111,34,16,351,118,44,86,103,6110,5251,105,4,16,734,282,78,204
2021,"Kingston upon Thames 019","E02000616",6060,509,18,47,143,51,250,124,83,30,11,271,89,39,72,71,5026,4400,90,1,20,515,130,27,103
2021,"Kingston upon Thames 020","E02000617",8865,900,41,75,244,166,374,223,138,54,31,389,131,55,93,110,6950,6077,100,9,21,743,403,119,284
2021,"Lambeth 002","E02000619",9101,682,116,175,142,47,202,2753,1632,716,405,762,102,130,267,263,4323,2805,155,1,47,1315,581,99,482
2021,"Lambeth 003","E02000620",9845,760,64,303,148,59,186,2322,1342,654,326,784,134,116,255,279,5267,3463,182,19,60,1543,712,143,569
2021,"Lambeth 004","E02000621",12522,1565,85,677,369,66,368,2181,1241,666,274,865,182,129,229,325,7019,4072,263,2,76,2606,892,242,650
2021,"Lambeth 005","E02000622",8406,550,77,176,84,40,173,1932,971,688,273,765,126,113,229,297,4676,3161,170,0,19,1326,483,56,427
2021,"Lambeth 006","E02000623",7858,400,28,130,62,50,130,2446,1347,805,294,531,60,109,178,184,3833,2211,141,6,59,1416,648,84,564
2021,"Lambeth 007","E02000624",9633,518,85,126,115,45,147,2929,1448,1141,340,776,125,144,244,263,4866,3309,199,1,25,1332,544,100,444
2021,"Lambeth 008","E02000625",9300,698,157,160,96,89,196,3012,1796,899,317,736,93,157,253,233,4089,2335,126,5,64,1559,765,87,678
2021,"Lambeth 009","E02000626",8361,437,99,82,74,45,137,3762,1959,1382,421,766,84,103,333,246,2762,1825,105,3,22,807,634,91,543
2021,"Lambeth 010","E02000627",9552,539,66,156,122,68,127,2728,1575,832,321,714,132,129,202,251,5051,3420,218,2,50,1361,520,54,466
2021,"Lambeth 011","E02000628",10784,540,105,158,83,44,150,3992,2213,1298,481,963,91,160,420,292,4422,2462,154,5,48,1753,867,87,780
2021,"Lambeth 012","E02000629",9118,516,112,100,144,46,114,1542,816,517,209,616,134,107,182,193,6099,4327,306,5,37,1424,345,52,293
2021,"Lambeth 013","E02000630",7539,347,25,84,122,21,95,1033,458,428,147,515,105,69,164,177,5422,3902,245,1,29,1245,222,49,173
2021,"Lambeth 014","E02000631",9528,685,44,104,230,54,253,2109,714,1212,183,776,162,99,285,230,5477,4124,201,0,27,1125,481,33,448
2021,"Lambeth 015","E02000632",9585,449,33,78,161,53,124,1500,609,691,200,647,141,69,171,266,6672,5045,279,3,36,1309,317,32,285
2021,"Lambeth 016","E02000633",9164,506,111,120,87,50,138,3218,1663,1179,376,789,113,143,252,281,4162,2970,169,1,32,990,489,73,416
2021,"Lambeth 017","E02000634",6773,385,71,74,82,48,110,1611,811,571,229,497,90,89,152,166,3876,2671,187,0,34,984,404,108,296
2021,"Lambeth 018","E02000635",9811,573,89,99,122,87,176,2484,1022,1128,334,802,158,120,260,264,5502,4055,263,0,35,1149,450,70,380
2021,"Lambeth 019","E02000636",7717,420,24,85,191,45,75,680,244,286,150,441,168,41,77,155,5963,4468,260,4,29,1202,213,48,165
2021,"Lambeth 020","E02000637",8403,354,27,98,96,42,91,1428,573,686,169,616,133,94,184,205,5470,4089,222,1,28,1130,535,26,509
2021,"Lambeth 021","E02000638",10256,639,119,89,158,58,215,2781,1270,1149,362,893,124,167,303,299,5383,3762,222,28,79,1292,560,55,505
2021,"Lambeth 022","E02000639",8318,482,96,92,99,91,104,2644,1472,886,286,777,76,152,258,291,3703,2233,131,3,78,1258,712,50,662
2021,"Lambeth 023","E02000640",9296,666,90,86,223,161,106,1247,590,496,161,611,188,94,136,193,6430,5007,274,7,16,1126,342,52,290
2021,"Lambeth 024","E02000641",8629,434,52,114,74,44,150,3689,1978,1211,500,704,72,116,235,281,3110,2024,112,7,45,922,692,94,598
2021,"Lambeth 025","E02000642",9812,526,54,73,189,64,146,2141,860,936,345,877,162,119,360,236,5914,4406,199,1,12,1296,354,37,317
2021,"Lambeth 026","E02000643",9377,625,76,73,187,151,138,2004,873,899,232,700,126,109,209,256,5492,3815,224,7,37,1409,556,63,493
2021,"Lambeth 027","E02000644",8518,582,46,75,154,150,157,1608,681,721,206,792,142,126,262,262,5118,3550,157,4,36,1371,418,61,357
2021,"Lambeth 028","E02000645",9534,555,36,74,225,79,141,1903,723,842,338,839,194,117,268,260,5746,4183,183,2,45,1333,491,56,435
2021,"Lambeth 029","E02000646",9497,1329,68,137,383,542,199,1076,436,534,106,815,138,135,217,325,5761,3857,250,0,56,1598,516,80,436
2021,"Lambeth 030","E02000647",8593,698,42,55,215,229,157,1622,677,679,266,812,152,127,266,267,5067,3608,147,0,36,1276,394,47,347
2021,"Lambeth 031","E02000648",7823,432,47,76,134,54,121,2778,1288,1150,340,795,115,93,338,249,3449,2535,131,5,25,753,369,74,295
2021,"Lambeth 032","E02000649",12479,986,74,81,282,334,215,2155,1031,863,261,1101,191,191,310,409,7395,4770,291,5,121,2208,842,118,724
2021,"Lambeth 033","E02000650",7662,356,36,64,72,46,138,1993,830,881,282,699,120,79,278,222,4315,3213,219,2,15,866,299,46,253
2021,"Lambeth 034","E02000651",8739,807,60,52,274,257,164,1747,685,808,254,740,166,106,219,249,5002,3298,173,1,35,1495,443,61,382
2021,"Lambeth 035","E02000652",7559,1373,81,60,485,529,218,1852,808,793,251,567,92,90,203,182,3278,1668,84,14,96,1416,489,86,403
2021,"Lewisham 001","E02000653",12605,1737,77,726,228,64,642,3518,2290,784,444,825,146,146,216,317,5734,3066,171,0,103,2394,791,157,634
2021,"Lewisham 002","E02000654",8792,1059,57,359,78,19,546,3547,2169,950,428,664,77,118,290,179,3069,1944,128,0,29,968,453,52,401
2021,"Lewisham 003","E02000655",10285,891,52,286,112,54,387,3528,1968,1142,418,952,241,117,326,268,4224,2624,103,0,45,1452,690,75,615
2021,"Lewisham 005","E02000657",9908,739,68,232,125,42,272,2742,1451,919,372,807,170,149,257,231,5110,3640,202,3,31,1234,510,64,446
2021,"Lewisham 006","E02000658",8620,524,38,164,90,24,208,2232,1128,743,361,716,134,99,247,236,4630,3405,170,3,20,1032,518,42,476
2021,"Lewisham 007","E02000659",8062,757,38,218,184,47,270,1572,770,571,231,593,137,103,186,167,4850,3592,153,2,22,1081,290,57,233
2021,"Lewisham 008","E02000660",8205,706,31,163,255,65,192,1644,683,712,249,663,135,102,196,230,4849,3373,205,0,35,1236,343,46,297
2021,"Lewisham 009","E02000661",6498,422,25,121,109,38,129,807,398,315,94,505,129,70,145,161,4525,3482,112,4,15,912,239,43,196
2021,"Lewisham 010","E02000662",8298,524,43,122,90,64,205,2792,1404,1035,353,696,127,101,287,181,3947,2825,133,1,15,973,339,44,295
2021,"Lewisham 011","E02000663",6798,473,11,93,107,48,214,1584,692,703,189,555,116,77,161,201,3926,2925,145,1,46,809,260,23,237
2021,"Lewisham 013","E02000665",8158,567,68,142,105,29,223,1478,609,646,223,590,139,83,172,196,5216,3795,177,0,27,1217,307,40,267
2021,"Lewisham 014","E02000666",7188,590,38,81,89,152,230,1572,647,719,206,614,137,81,224,172,4127,3161,184,0,9,773,285,28,257
2021,"Lewisham 015","E02000667",6686,440,22,66,92,138,122,1239,379,702,158,538,139,61,172,166,4237,3273,188,0,9,767,232,6,226
2021,"Lewisham 016","E02000668",6862,665,59,158,143,38,267,1061,485,443,133,571,169,78,145,179,4276,3320,164,1,20,771,289,35,254
2021,"Lewisham 017","E02000669",7972,861,44,228,162,85,342,1828,687,886,255,799,134,159,233,273,4164,2857,113,7,42,1145,320,57,263
2021,"Lewisham 018","E02000670",6707,494,39,66,60,73,256,2530,1165,1085,280,597,121,80,175,221,2677,1727,59,0,40,851,409,39,370
2021,"Lewisham 019","E02000671",8737,482,27,94,133,52,176,1667,590,823,254,734,197,96,217,224,5521,4251,194,4,15,1057,333,44,289
2021,"Lewisham 020","E02000672",10272,1102,149,149,153,216,435,2906,1303,1181,422,883,121,215,301,246,4884,3178,149,4,52,1501,497,74,423
2021,"Lewisham 021","E02000673",8142,494,15,117,149,39,174,1291,616,510,165,670,182,79,215,194,5428,4230,184,1,7,1006,259,20,239
2021,"Lewisham 022","E02000674",8454,756,71,69,130,58,428,2649,769,1537,343,636,85,105,234,212,4036,2884,169,0,14,969,377,60,317
2021,"Lewisham 023","E02000675",8530,877,60,200,234,57,326,1721,765,724,232,699,83,97,262,257,4878,3764,137,8,39,930,355,40,315
2021,"Lewisham 024","E02000676",7820,462,48,82,109,49,174,1633,599,776,258,702,148,99,241,214,4779,3757,159,7,12,844,244,34,210
2021,"Lewisham 025","E02000677",7210,796,41,63,157,201,334,2306,794,1223,289,561,71,98,215,177,3094,2238,147,0,12,697,453,31,422
2021,"Lewisham 026","E02000678",6960,560,44,82,97,48,289,2539,1256,954,329,511,55,89,227,140,3088,2384,77,17,12,598,262,45,217
2021,"Lewisham 027","E02000679",8133,571,49,110,128,51,233,2027,858,878,291,678,179,91,204,204,4530,3496,139,0,24,871,327,43,284
2021,"Lewisham 028","E02000680",7036,504,53,113,100,61,177,1752,870,649,233,605,119,88,247,151,3849,2868,130,4,10,837,326,31,295
2021,"Lewisham 029","E02000681",8474,751,55,95,127,41,433,2835,1188,1244,403,661,71,85,313,192,3845,3000,98,4,26,717,382,32,350
2021,"Lewisham 030","E02000682",8933,1084,64,96,147,76,701,3267,1515,1314,438,698,78,108,301,211,3341,2464,67,4,28,778,543,38,505
2021,"Lewisham 031","E02000683",6767,463,30,94,81,51,207,1955,958,771,226,517,66,86,220,145,3503,2646,77,7,21,752,329,20,309
2021,"Lewisham 033","E02000685",8131,518,29,92,125,50,222,2092,933,872,287,712,113,102,301,196,4437,3367,137,3,24,906,372,20,352
2021,"Lewisham 034","E02000686",7537,692,41,81,139,42,389,2889,1362,1099,428,616,36,107,316,157,2939,2124,72,1,31,711,401,40,361
2021,"Lewisham 035","E02000687",8266,500,38,77,134,52,199,2145,1007,885,253,648,128,99,240,181,4708,3635,190,3,23,857,265,29,236
2021,"Merton 001","E02000689",9057,1008,109,156,290,238,215,329,199,93,37,540,205,82,81,172,6841,4866,212,22,32,1709,339,104,235
2021,"Merton 002","E02000690",5524,599,7,122,205,74,191,90,38,32,20,287,158,19,29,81,4357,3347,113,4,21,872,191,84,107
2021,"Merton 003","E02000691",7358,944,15,159,326,148,296,343,205,94,44,397,167,51,52,127,5402,3791,203,5,30,1373,272,63,209
2021,"Merton 004","E02000692",7656,1134,25,185,354,96,474,168,95,59,14,424,188,37,31,168,5683,3919,212,0,23,1529,247,65,182
2021,"Merton 005","E02000693",9849,1484,137,151,430,254,512,781,405,261,115,726,207,100,163,256,6410,4091,244,4,59,2012,448,88,360
2021,"Merton 006","E02000694",9103,1097,90,229,314,121,343,407,199,153,55,546,227,37,85,197,6736,4802,230,7,34,1663,317,61,256
2021,"Merton 007","E02000695",8643,2392,190,56,547,653,946,1405,568,674,163,475,115,48,124,188,3851,2254,156,0,26,1415,520,55,465
2021,"Merton 008","E02000696",8634,1802,142,159,413,430,658,1149,545,415,189,499,76,54,169,200,4661,2709,143,7,50,1752,523,104,419
2021,"Merton 009","E02000697",8725,1328,47,276,429,164,412,236,106,103,27,609,236,56,99,218,6220,4117,260,3,42,1798,332,83,249
2021,"Merton 010","E02000698",8235,1231,26,228,409,178,390,200,104,61,35,471,253,25,54,139,6094,4476,237,0,20,1361,239,68,171
2021,"Merton 011","E02000699",8208,1323,45,288,456,148,386,159,87,54,18,582,268,54,68,192,5898,4133,220,2,28,1515,246,65,181
2021,"Merton 012","E02000700",8665,1605,163,93,252,413,684,1472,865,396,211,511,106,71,163,171,4607,2876,104,20,39,1568,470,72,398
2021,"Merton 013","E02000701",9011,2597,129,114,576,479,1299,1518,760,566,192,508,112,65,145,186,3770,2109,142,9,49,1461,618,90,528
2021,"Merton 014","E02000702",9322,1635,122,53,319,561,580,2467,1296,857,314,695,95,91,283,226,4054,2588,103,8,32,1323,471,93,378
2021,"Merton 015","E02000703",7964,1473,134,166,434,321,418,329,188,98,43,449,177,60,52,160,5444,3995,206,0,25,1218,269,41,228
2021,"Merton 016","E02000704",8600,1269,49,157,393,162,508,486,276,133,77,556,157,83,118,198,5933,3972,203,3,45,1710,356,90,266
2021,"Merton 017","E02000705",9328,2259,139,106,682,804,528,2094,954,871,269,604,123,82,199,200,3755,2082,94,0,29,1550,616,98,518
2021,"Merton 018","E02000706",10035,2321,156,111,364,590,1100,2220,1388,545,287,625,109,141,207,168,4261,2623,93,38,45,1462,608,111,497
2021,"Merton 019","E02000707",8302,1430,65,56,272,569,468,2922,1693,853,376,532,46,139,162,185,3042,2052,46,12,30,902,376,53,323
2021,"Merton 020","E02000708",8885,1857,31,200,387,279,960,361,198,118,45,496,185,82,87,142,5716,4281,232,0,20,1183,455,92,363
2021,"Merton 021","E02000709",7980,1373,124,125,408,315,401,308,121,146,41,380,135,33,84,128,5669,4217,256,2,18,1176,250,55,195
2021,"Merton 022","E02000710",9184,2013,111,101,425,606,770,1356,752,432,172,504,108,78,174,144,4850,3236,169,20,39,1386,461,79,382
2021,"Merton 023","E02000711",9445,2459,227,142,427,910,753,705,413,205,87,528,106,79,148,195,5227,3285,135,5,52,1750,526,103,423
2021,"Merton 024","E02000712",9670,2260,130,106,284,802,938,1038,610,272,156,471,108,105,127,131,5422,4076,171,14,23,1138,479,52,427
2021,"Merton 025","E02000713",7805,1131,58,76,212,353,432,343,152,143,48,351,89,50,106,106,5712,4774,150,8,5,775,268,55,213
2021,"Newham 001","E02000714",7709,2381,1168,30,415,538,230,1638,923,531,184,431,71,82,121,157,2947,1600,88,9,37,1213,312,57,255
2021,"Newham 002","E02000715",7299,4101,2135,39,711,851,365,1373,957,281,135,260,73,40,68,79,1276,541,33,10,48,644,289,48,241
2021,"Newham 003","E02000716",7351,3826,2035,21,846,707,217,1043,549,383,111,296,72,57,69,98,1891,1020,34,8,60,769,295,72,223
2021,"Newham 004","E02000717",8358,5185,2820,24,973,1061,307,1048,686,235,127,268,53,56,45,114,1403,584,52,9,23,735,454,86,368
2021,"Newham 005","E02000718",7404,4053,2046,14,906,789,298,1570,1010,345,215,282,26,60,81,115,1182,581,33,0,20,548,317,56,261
2021,"Newham 006","E02000719",8074,2434,1225,84,366,499,260,1673,998,493,182,491,91,125,119,156,3105,1398,63,4,62,1578,371,65,306
2021,"Newham 007","E02000720",7492,4120,1436,31,1466,987,200,936,379,341,216,302,78,51,83,90,1866,1118,51,7,37,653,268,40,228
2021,"Newham 008","E02000721",9545,6157,2525,42,1921,1348,321,1153,735,286,132,290,88,60,53,89,1547,670,27,5,27,818,398,84,314
2021,"Newham 009","E02000722",8140,2380,1214,91,462,380,233,1506,900,462,144,499,86,99,163,151,3345,1524,76,0,92,1653,410,71,339
2021,"Newham 010","E02000723",11196,8336,1623,39,3974,2009,691,760,466,219,75,197,73,18,38,68,1445,456,33,21,51,884,458,45,413
2021,"Newham 011","E02000724",10030,6718,1853,22,2760,1764,319,1238,911,229,98,213,65,34,48,66,1405,510,32,14,47,802,456,65,391
2021,"Newham 012","E02000725",9987,2891,1289,419,491,363,329,2062,1319,552,191,587,102,150,152,183,3895,1728,86,22,131,1928,552,162,390
2021,"Newham 014","E02000727",8521,5996,1834,24,2386,1430,322,814,553,157,104,206,72,32,39,63,1178,389,28,7,44,710,327,43,284
2021,"Newham 015","E02000728",8523,5464,1144,52,1816,1074,1378,451,290,120,41,183,57,31,24,71,1908,643,19,22,56,1168,517,37,480
2021,"Newham 016","E02000729",7327,3153,1260,95,839,775,184,1361,745,437,179,290,66,48,81,95,2211,1001,34,2,59,1115,312,65,247
2021,"Newham 017","E02000730",9933,7288,2335,17,2691,2044,201,742,444,207,91,250,74,52,47,77,1289,437,28,9,26,789,364,48,316
2021,"Newham 018","E02000731",9966,6754,1741,36,2005,2053,919,726,454,183,89,276,76,58,45,97,1685,617,24,27,79,938,525,69,456
2021,"Newham 019","E02000732",8902,4840,1967,63,1202,1140,468,1486,1042,270,174,315,60,60,79,116,1687,845,31,9,81,721,574,81,493
2021,"Newham 020","E02000733",10095,2787,1319,167,363,440,498,2558,1577,647,334,762,110,113,277,262,3456,1674,43,13,85,1641,532,172,360
2021,"Newham 021","E02000734",7302,2407,1204,147,402,300,354,1776,1205,390,181,368,45,90,100,133,2368,1110,54,1,42,1161,383,72,311
2021,"Newham 022","E02000735",8612,4572,2085,138,901,904,544,1400,952,266,182,284,59,43,58,124,1982,900,45,4,31,1002,374,54,320
2021,"Newham 023","E02000736",9204,4576,1720,38,864,1013,941,1442,895,389,158,379,76,70,87,146,2294,1203,27,20,45,999,513,90,423
2021,"Newham 024","E02000737",10383,4836,1864,53,1018,1195,706,1544,1013,358,173,405,105,56,109,135,3027,1465,53,12,35,1462,571,108,463
2021,"Newham 025","E02000738",9581,4981,1743,69,954,1401,814,1080,654,302,124,420,115,83,80,142,2601,1194,51,10,77,1269,499,73,426
2021,"Newham 026","E02000739",7724,2587,1120,84,326,597,460,1723,1170,391,162,369,59,95,111,104,2545,1053,36,8,51,1397,500,90,410
2021,"Newham 027","E02000740",6770,1755,893,109,231,212,310,1735,1163,385,187,434,46,116,143,129,2494,1324,42,1,43,1084,352,86,266
2021,"Newham 028","E02000741",8245,3253,1466,92,424,694,577,1495,962,387,146,379,73,60,122,124,2631,1401,46,2,55,1127,487,66,421
2021,"Newham 029","E02000742",8704,3494,1576,55,661,822,380,1612,1093,355,164,393,67,80,111,135,2827,1388,29,18,50,1342,378,94,284
2021,"Newham 030","E02000743",10282,2744,1294,274,327,402,447,2894,2167,438,289,561,78,144,130,209,3532,1811,42,0,60,1619,551,139,412
2021,"Newham 031","E02000744",9178,2274,1166,131,309,299,369,1838,1332,318,188,522,82,98,176,166,4025,2172,51,16,75,1711,519,87,432
2021,"Newham 032","E02000745",8597,2172,765,291,367,425,324,1850,1307,330,213,412,75,99,117,121,3791,1656,39,7,41,2048,372,62,310
2021,"Newham 033","E02000746",9428,2557,1041,215,563,472,266,1953,1344,412,197,552,97,99,190,166,3885,1977,56,0,60,1792,481,155,326
2021,"Newham 034","E02000747",13097,3370,819,577,1202,348,424,2708,2045,390,273,801,173,190,190,248,5501,2803,68,6,109,2515,717,244,473
2021,"Newham 035","E02000748",6272,1192,469,172,204,182,165,1062,736,230,96,330,60,91,81,98,3409,1352,32,4,64,1957,279,46,233
2021,"Newham 036","E02000749",9552,1637,808,150,215,201,263,2940,2126,466,348,596,74,148,195,179,3969,2269,56,25,133,1486,410,90,320
2021,"Redbridge 001","E02000751",11161,2166,269,181,1031,406,279,566,292,210,64,572,252,53,118,149,7481,6069,252,4,26,1130,376,38,338
2021,"Redbridge 002","E02000752",8782,2048,376,102,672,664,234,1024,643,286,95,448,104,78,161,105,4927,3500,48,15,44,1320,335,33,302
2021,"Redbridge 003","E02000753",6919,1491,336,103,437,389,226,677,371,216,90,357,68,45,118,126,4113,2864,48,15,33,1153,281,24,257
2021,"Redbridge 004","E02000754",6768,1260,257,135,421,267,180,530,261,200,69,458,119,50,109,180,4259,3190,146,7,9,907,261,40,221
2021,"Redbridge 005","E02000755",5484,983,183,86,362,217,135,461,194,193,74,334,58,47,123,106,3507,2670,89,0,21,727,199,28,171
2021,"Redbridge 006","E02000756",14593,4721,902,198,1872,1022,727,1116,614,374,128,649,142,71,267,169,7449,5100,70,6,100,2173,658,76,582
2021,"Redbridge 007","E02000757",12391,2554,289,248,1071,607,339,736,359,287,90,770,247,103,144,276,7837,6080,238,0,35,1484,494,114,380
2021,"Redbridge 008","E02000758",6886,3179,453,61,1208,962,495,663,320,254,89,231,58,17,62,94,2263,1699,40,7,32,485,550,127,423
2021,"Redbridge 009","E02000759",13086,3193,650,231,1031,900,381,1384,751,436,197,805,198,129,173,305,7069,5024,214,1,44,1786,635,121,514
2021,"Redbridge 010","E02000760",7535,3025,575,75,1033,845,497,701,374,256,71,316,85,36,81,114,3061,2089,57,6,17,892,432,52,380
2021,"Redbridge 012","E02000762",6622,3944,1057,57,1522,890,418,339,163,138,38,189,69,38,18,64,1699,1119,17,0,18,545,451,38,413
2021,"Redbridge 013","E02000763",8018,4151,827,77,1411,826,1010,622,314,223,85,245,53,38,72,82,2460,1456,55,0,25,924,540,89,451
2021,"Redbridge 014","E02000764",12306,2674,298,170,1147,702,357,576,258,225,93,765,273,71,172,249,7890,5899,414,3,46,1528,401,51,350
2021,"Redbridge 015","E02000765",7523,4433,1155,115,1542,823,798,272,140,111,21,321,62,21,144,94,2004,1040,44,0,22,898,493,40,453
2021,"Redbridge 017","E02000767",8624,4837,867,74,2010,935,951,495,268,162,65,251,72,35,42,102,2457,1440,46,0,37,934,584,58,526
2021,"Redbridge 018","E02000768",5791,1192,129,99,477,369,118,320,161,124,35,379,140,52,53,134,3728,3028,202,0,8,490,172,21,151
2021,"Redbridge 020","E02000770",8124,4923,1098,40,1685,1270,830,619,287,274,58,254,91,43,63,57,1715,829,65,7,39,775,613,39,574
2021,"Redbridge 022","E02000772",8382,4991,1512,41,1778,1237,423,868,506,266,96,330,83,62,75,110,1727,913,51,9,29,725,466,89,377
2021,"Redbridge 023","E02000773",10737,6862,1602,90,2197,1850,1123,1195,830,250,115,316,77,50,88,101,1682,934,33,0,32,683,682,70,612
2021,"Redbridge 024","E02000774",8109,4936,1095,55,1972,1415,399,571,286,179,106,211,73,33,36,69,1824,712,63,2,47,1000,567,80,487
2021,"Redbridge 026","E02000776",7041,4527,1058,33,1895,1250,291,633,403,171,59,218,84,21,23,90,1364,689,48,0,12,615,299,41,258
2021,"Redbridge 027","E02000777",6000,1085,215,43,366,363,98,445,231,157,57,460,139,78,96,147,3809,3020,176,10,15,588,201,73,128
2021,"Redbridge 029","E02000779",8418,5226,1295,34,1929,1669,299,771,473,199,99,212,48,53,56,55,1729,712,54,3,21,939,480,104,376
2021,"Redbridge 031","E02000781",16286,10920,2076,60,3201,4700,883,1163,653,373,137,468,184,55,72,157,2823,1620,110,16,64,1013,912,98,814
2021,"Redbridge 032","E02000782",11490,7050,1577,50,2042,2696,685,1574,1035,375,164,369,44,63,154,108,1847,750,55,14,34,994,650,124,526
2021,"Redbridge 033","E02000783",7395,4182,955,36,780,1939,472,1027,608,296,123,261,67,37,71,86,1489,474,34,13,23,945,436,74,362
2021,"Richmond upon Thames 001","E02000784",10135,797,30,161,282,53,271,188,108,47,33,594,268,63,83,180,8158,5993,264,2,19,1880,398,113,285
2021,"Richmond upon Thames 002","E02000785",9717,726,26,150,336,33,181,108,64,29,15,597,257,51,65,224,7969,6071,228,2,18,1650,317,65,252
2021,"Richmond upon Thames 003","E02000786",11373,672,41,127,207,55,242,234,157,47,30,569,183,63,96,227,9554,7386,292,0,34,1842,344,101,243
2021,"Richmond upon Thames 004","E02000787",12086,1361,86,310,499,95,371,318,206,69,43,857,263,124,140,330,8914,6359,291,2,26,2236,636,205,431
2021,"Richmond upon Thames 005","E02000788",9096,535,12,99,230,47,147,97,58,25,14,572,240,57,72,203,7535,5937,196,0,19,1383,357,105,252
2021,"Richmond upon Thames 006","E02000789",6304,625,25,120,259,29,192,87,43,31,13,334,149,42,44,99,5001,3589,170,7,23,1212,257,74,183
2021,"Richmond upon Thames 007","E02000790",6586,379,4,101,151,21,102,63,33,19,11,339,147,21,38,133,5656,4389,222,1,9,1035,149,48,101
2021,"Richmond upon Thames 008","E02000791",6473,570,12,172,211,43,132,86,39,35,12,404,198,39,55,112,5209,3389,194,0,25,1601,204,45,159
2021,"Richmond upon Thames 009","E02000792",7146,404,38,79,162,27,98,91,52,30,9,379,172,37,39,131,6076,4411,200,0,25,1440,196,55,141
2021,"Richmond upon Thames 010","E02000793",8107,1203,55,106,623,121,298,205,107,78,20,411,147,55,80,129,5949,4769,272,10,30,868,339,111,228
2021,"Richmond upon Thames 011","E02000794",7013,813,19,125,383,112,174,109,75,27,7,380,173,49,43,115,5469,4202,184,0,9,1074,242,52,190
2021,"Richmond upon Thames 012","E02000795",6927,418,27,100,140,48,103,76,52,17,7,387,191,37,35,124,5837,4402,121,0,13,1301,209,47,162
2021,"Richmond upon Thames 013","E02000796",11086,2876,216,94,1363,506,697,492,316,113,63,572,196,65,130,181,6609,5247,224,7,12,1119,537,81,456
2021,"Richmond upon Thames 014","E02000797",7869,466,19,94,187,29,137,148,89,27,32,426,178,40,70,138,6661,5167,252,0,25,1217,168,31,137
2021,"Richmond upon Thames 015","E02000798",11309,1051,60,134,475,115,267,231,143,66,22,644,266,64,95,219,9005,7314,286,1,23,1381,378,138,240
2021,"Richmond upon Thames 016","E02000799",6603,437,20,106,162,34,115,106,53,33,20,278,125,28,64,61,5682,4728,233,2,14,705,100,25,75
2021,"Richmond upon Thames 017","E02000800",5412,465,33,81,108,55,188,125,91,21,13,337,97,49,64,127,4207,3132,85,4,11,975,278,111,167
2021,"Richmond upon Thames 018","E02000801",7111,374,22,74,147,17,114,91,66,14,11,322,132,36,40,114,6149,5182,191,6,10,760,175,56,119
2021,"Richmond upon Thames 019","E02000802",7024,400,16,57,156,57,114,100,46,28,26,345,138,32,72,103,6043,5143,184,5,7,704,136,33,103
2021,"Richmond upon Thames 020","E02000803",9719,1061,66,125,407,107,356,300,200,50,50,584,193,90,119,182,7436,6135,187,31,10,1073,338,92,246
2021,"Richmond upon Thames 021","E02000804",7148,360,18,109,120,21,92,90,49,32,9,330,136,49,46,99,6248,5211,174,1,11,851,120,26,94
2021,"Richmond upon Thames 022","E02000805",10751,703,42,138,270,54,199,189,116,58,15,552,210,59,95,188,9035,7457,228,1,19,1330,272,61,211
2021,"Richmond upon Thames 023","E02000806",10298,779,28,117,361,68,205,156,96,43,17,454,183,54,70,147,8706,7480,187,3,5,1031,203,48,155
2021,"Southwark 001","E02000807",8230,1171,53,461,354,52,251,630,436,103,91,584,202,71,107,204,5488,3290,174,0,51,1973,357,53,304
2021,"Southwark 002","E02000808",10170,1931,175,742,524,124,366,1317,865,275,177,628,196,74,148,210,5784,3407,232,2,70,2073,510,135,375
2021,"Southwark 004","E02000810",11895,1124,185,277,287,47,328,2621,1869,425,327,830,145,140,223,322,6663,4320,217,0,235,1891,657,160,497
2021,"Southwark 006","E02000812",10788,1635,448,243,297,124,523,2613,1798,447,368,763,152,154,177,280,5066,3035,248,0,75,1708,711,161,550
2021,"Southwark 007","E02000813",10226,1168,93,526,200,66,283,2174,1539,338,297,690,92,170,168,260,5592,3402,151,7,84,1948,602,143,459
2021,"Southwark 008","E02000814",10293,1321,99,510,324,90,298,1256,814,238,204,646,180,116,119,231,6558,3702,194,10,160,2492,512,119,393
2021,"Southwark 009","E02000815",7609,1595,423,497,315,76,284,1433,1034,237,162,482,119,75,120,168,3527,2054,153,1,40,1279,572,124,448
2021,"Southwark 010","E02000816",9610,846,154,194,177,39,282,2043,1407,359,277,639,82,104,234,219,5448,3543,168,7,109,1621,634,120,514
2021,"Southwark 011","E02000817",6818,683,218,180,128,17,140,1734,1175,316,243,406,67,66,150,123,3601,2542,105,28,60,866,394,80,314
2021,"Southwark 012","E02000818",9789,1122,262,344,154,57,305,2471,1599,498,374,644,117,99,196,232,4840,3111,217,7,60,1445,712,123,589
2021,"Southwark 013","E02000819",8498,764,160,180,92,36,296,2692,1856,366,470,612,71,121,197,223,3542,2391,105,3,45,998,888,143,745
2021,"Southwark 014","E02000820",9246,1050,215,440,132,47,216,2447,1644,489,314,625,109,115,177,224,4513,2881,198,4,40,1390,611,124,487
2021,"Southwark 015","E02000821",9356,728,250,157,66,38,217,3618,2284,789,545,740,135,99,243,263,2810,1685,97,5,50,973,1460,214,1246
2021,"Southwark 016","E02000822",6720,627,183,160,65,52,167,2460,1680,413,367,460,82,108,128,142,2626,1750,105,0,44,727,547,77,470
2021,"Southwark 017","E02000823",8686,769,210,136,98,100,225,2772,1810,630,332,663,103,99,218,243,3721,2431,159,1,65,1065,761,71,690
2021,"Southwark 018","E02000824",9902,948,183,186,98,86,395,4836,3268,951,617,716,49,155,284,228,2576,1762,105,27,40,642,826,105,721
2021,"Southwark 019","E02000825",10225,954,218,326,116,59,235,5027,3350,986,691,788,67,153,285,283,2656,1681,113,4,32,826,800,101,699
2021,"Southwark 020","E02000826",9885,756,145,152,107,73,279,3358,2106,781,471,678,130,100,212,236,4282,3016,171,5,31,1059,811,90,721
2021,"Southwark 021","E02000827",11313,947,147,186,115,63,436,4363,2878,872,613,842,131,154,278,279,4085,2643,211,0,39,1192,1076,91,985
2021,"Southwark 022","E02000828",8817,944,172,263,99,75,335,3494,2026,980,488,556,74,106,201,175,3081,2131,122,6,19,803,742,66,676
2021,"Southwark 023","E02000829",10925,873,277,156,144,41,255,3824,2191,1112,521,834,96,119,322,297,4801,3648,185,9,26,933,593,59,534
2021,"Southwark 024","E02000830",8884,642,116,137,134,51,204,1703,915,544,244,730,169,85,222,254,5380,4171,197,0,14,998,429,48,381
2021,"Southwark 025","E02000831",9353,515,83,99,99,60,174,2161,1091,816,254,725,186,85,206,248,5556,4425,204,5,4,918,396,53,343
2021,"Southwark 026","E02000832",9689,475,92,99,94,57,133,3357,1648,1190,519,804,183,101,301,219,4651,3714,181,4,14,738,402,49,353
2021,"Southwark 027","E02000833",7485,752,59,119,140,58,376,2460,1502,646,312,542,100,96,175,171,3277,2413,152,1,19,692,454,52,402
2021,"Southwark 028","E02000834",9385,415,43,92,105,19,156,1162,441,498,223,706,234,83,142,247,6859,5510,261,2,15,1071,243,31,212
2021,"Southwark 029","E02000835",7680,314,35,54,77,46,102,1603,726,616,261,619,133,90,208,188,4870,3965,202,0,12,691,274,19,255
2021,"Southwark 030","E02000836",8301,550,145,110,144,24,127,903,335,433,135,679,225,77,146,231,5959,4853,254,4,4,844,210,23,187
2021,"Southwark 031","E02000837",8562,543,26,155,223,38,101,438,224,173,41,576,239,86,106,145,6840,5598,219,1,9,1013,165,28,137
2021,"Southwark 032","E02000838",9496,583,65,93,159,107,159,1439,681,569,189,729,214,91,186,238,6269,4854,250,3,14,1148,476,47,429
2021,"Southwark 033","E02000839",8481,828,131,227,256,44,170,1686,936,493,257,704,172,113,196,223,4893,3746,159,12,13,963,370,75,295
2021,"Sutton 001","E02000840",9317,1436,71,66,274,306,719,819,514,194,111,520,113,49,199,159,6192,5148,72,16,16,940,350,50,300
2021,"Sutton 002","E02000841",9189,1749,85,92,294,354,924,714,452,169,93,450,104,63,170,113,5881,4800,88,11,14,968,395,48,347
2021,"Sutton 003","E02000842",8280,1717,46,148,485,387,651,380,207,132,41,339,100,35,85,119,5494,4756,145,0,13,580,350,65,285
2021,"Sutton 004","E02000843",9475,1242,70,145,398,228,401,752,407,252,93,619,142,101,196,180,6556,5343,129,0,10,1074,306,77,229
2021,"Sutton 005","E02000844",8655,1152,76,82,275,227,492,673,448,148,77,394,97,61,111,125,6141,5304,107,15,8,707,295,50,245
2021,"Sutton 006","E02000845",9421,1470,77,172,454,189,578,293,160,96,37,529,193,64,107,165,6783,5618,169,18,24,954,346,108,238
2021,"Sutton 007","E02000846",7617,1615,84,210,523,314,484,385,257,73,55,348,113,46,69,120,5011,4048,94,10,8,851,258,53,205
2021,"Sutton 008","E02000847",9421,1631,60,204,514,220,633,167,80,61,26,366,154,24,86,102,6916,6014,190,6,5,701,341,106,235
2021,"Sutton 009","E02000848",8139,1545,41,162,471,240,631,223,133,72,18,288,108,28,70,82,5791,5209,148,0,8,426,292,33,259
2021,"Sutton 010","E02000849",8177,988,66,103,365,173,281,568,362,149,57,346,89,54,90,113,6050,5328,114,4,7,597,225,50,175
2021,"Sutton 011","E02000850",10839,2040,100,173,714,327,726,978,489,389,100,529,139,71,166,153,6928,6180,122,2,9,615,364,41,323
2021,"Sutton 012","E02000851",11580,2147,189,352,557,324,725,975,590,252,133,659,193,105,170,191,7260,5051,155,5,32,2017,539,165,374
2021,"Sutton 013","E02000852",8145,1183,32,191,391,180,389,406,243,109,54,400,140,70,95,95,5938,4814,133,4,27,960,218,37,181
2021,"Sutton 014","E02000853",8173,1427,70,281,460,212,404,372,231,96,45,411,119,53,104,135,5681,4520,129,1,18,1013,282,27,255
2021,"Sutton 015","E02000854",7613,733,5,147,295,70,216,275,151,92,32,376,124,44,78,130,6129,5302,179,0,7,641,100,26,74
2021,"Sutton 016","E02000855",8205,1269,62,169,428,222,388,157,83,47,27,358,122,32,83,121,6202,5550,147,0,6,499,219,41,178
2021,"Sutton 017","E02000856",9329,1918,97,195,753,286,587,656,376,204,76,537,168,54,180,135,5972,5102,137,4,8,721,246,23,223
2021,"Sutton 018","E02000857",8998,1893,57,181,784,362,509,575,377,114,84,459,138,61,100,160,5721,4133,127,6,27,1428,350,87,263
2021,"Sutton 019","E02000858",8571,1527,137,65,515,223,587,1001,604,251,146,482,85,80,189,128,5228,4624,84,7,15,498,333,42,291
2021,"Sutton 020","E02000859",8485,1283,75,142,493,159,414,498,291,144,63,371,122,38,96,115,6107,5477,131,1,6,492,226,16,210
2021,"Sutton 021","E02000860",8788,1725,88,192,638,343,464,612,399,135,78,420,137,50,117,116,5619,4021,133,6,41,1418,412,108,304
2021,"Sutton 022","E02000861",7775,1440,53,174,753,193,267,279,159,92,28,321,122,22,80,97,5565,4945,139,2,6,473,170,35,135
2021,"Sutton 024","E02000863",6735,1404,22,141,677,223,341,466,262,136,68,286,82,32,79,93,4409,3948,97,10,2,352,170,32,138
2021,"Tower Hamlets 001","E02000864",11264,3510,2953,128,209,72,148,1073,607,349,117,708,161,95,208,244,5634,4086,201,2,46,1299,339,68,271
2021,"Tower Hamlets 002","E02000865",7959,3238,2901,58,109,38,132,621,404,171,46,385,119,50,114,102,3308,2327,113,0,40,828,407,70,337
2021,"Tower Hamlets 003","E02000866",10643,3047,2542,149,185,39,132,558,324,179,55,625,174,57,138,256,6078,4579,208,7,55,1229,335,127,208
2021,"Tower Hamlets 004","E02000867",11329,3279,2550,204,253,90,182,914,576,260,78,717,191,104,189,233,6002,4042,187,11,60,1702,417,131,286
2021,"Tower Hamlets 005","E02000868",7197,2621,2328,92,79,31,91,411,270,106,35,400,121,51,78,150,3478,2065,149,1,42,1221,287,86,201
2021,"Tower Hamlets 006","E02000869",5931,1956,1637,81,78,39,121,442,318,89,35,325,80,46,93,106,2990,1945,106,1,30,908,218,45,173
2021,"Tower Hamlets 007","E02000870",6368,2478,2168,82,99,38,91,453,313,76,64,277,73,47,65,92,2962,2076,85,4,31,766,198,34,164
2021,"Tower Hamlets 008","E02000871",11515,6080,5149,298,278,141,214,1261,774,352,135,594,142,113,141,198,3151,1839,93,4,81,1134,429,112,317
2021,"Tower Hamlets 009","E02000872",8145,3559,3096,121,148,62,132,492,338,111,43,431,147,48,71,165,3354,1870,118,0,70,1296,309,103,206
2021,"Tower Hamlets 010","E02000873",9852,4430,3460,305,289,122,254,1017,782,116,119,451,140,67,103,141,3618,2208,84,1,87,1238,336,104,232
2021,"Tower Hamlets 011","E02000874",7494,4182,3561,257,159,73,132,532,344,101,87,284,94,34,54,102,2252,1385,82,0,77,708,244,63,181
2021,"Tower Hamlets 012","E02000875",13572,6761,5813,323,239,100,286,1436,960,328,148,599,145,72,163,219,4319,2647,123,19,93,1437,457,124,333
2021,"Tower Hamlets 013","E02000876",7273,3861,3341,196,122,87,115,380,226,97,57,354,94,43,72,145,2406,1315,105,0,62,924,272,71,201
2021,"Tower Hamlets 014","E02000877",13807,6626,5750,260,211,129,276,1229,795,329,105,742,192,139,178,233,4675,2831,113,3,93,1635,535,131,404
2021,"Tower Hamlets 015","E02000878",10432,5051,3955,372,346,132,246,488,349,73,66,430,157,50,64,159,4084,1813,122,6,87,2056,379,121,258
2021,"Tower Hamlets 016","E02000879",8340,4428,3910,130,120,98,170,449,299,100,50,337,89,70,79,99,2747,1774,88,5,90,790,379,85,294
2021,"Tower Hamlets 017","E02000880",6514,3668,3215,96,138,86,133,427,329,62,36,265,77,35,68,85,1876,1101,63,3,33,676,278,103,175
2021,"Tower Hamlets 018","E02000881",10832,5176,4152,301,300,145,278,1314,939,256,119,559,129,84,201,145,3354,1887,91,1,117,1258,429,118,311
2021,"Tower Hamlets 019","E02000882",11507,6721,6131,153,157,113,167,887,634,153,100,507,146,105,117,139,3154,2039,85,1,70,959,238,71,167
2021,"Tower Hamlets 020","E02000883",9287,4854,4104,189,209,167,185,1009,731,166,112,339,54,79,109,97,2815,1820,53,0,37,905,270,70,200
2021,"Tower Hamlets 021","E02000884",12764,6560,4639,804,523,220,374,568,454,61,53,585,213,81,103,188,4486,1888,128,2,130,2338,565,216,349
2021,"Tower Hamlets 022","E02000885",7055,4265,3860,66,132,87,120,463,300,104,59,275,65,54,74,82,1800,1068,56,3,49,624,252,70,182
2021,"Tower Hamlets 023","E02000886",9594,3861,3005,251,308,93,204,651,459,118,74,467,132,62,151,122,4239,2312,91,5,72,1759,376,101,275
2021,"Tower Hamlets 024","E02000887",10803,5530,4705,232,243,160,190,885,612,190,83,482,132,79,118,153,3534,2012,71,5,97,1349,372,104,268
2021,"Tower Hamlets 025","E02000888",8621,4152,3338,227,339,90,158,545,385,103,57,370,115,47,70,138,3136,1727,104,3,54,1248,418,148,270
2021,"Tower Hamlets 026","E02000889",8965,3638,2657,300,343,79,259,362,241,72,49,462,154,69,79,160,4108,2188,130,2,69,1719,395,149,246
2021,"Tower Hamlets 027","E02000890",5815,1268,756,141,240,36,95,116,64,45,7,302,105,37,51,109,3948,2462,124,4,24,1334,181,49,132
2021,"Tower Hamlets 030","E02000893",7413,2511,1593,302,336,66,214,451,282,111,58,401,105,57,90,149,3730,2265,61,5,36,1363,320,53,267
2021,"Tower Hamlets 031","E02000894",11006,3980,2081,557,833,129,380,572,387,136,49,631,179,75,135,242,5364,2780,123,3,80,2378,459,146,313
2021,"Waltham Forest 001","E02000895",8371,855,107,59,133,330,226,973,467,381,125,535,90,81,167,197,5507,4500,156,5,7,839,501,48,453
2021,"Waltham Forest 002","E02000896",9331,693,68,46,165,221,193,617,286,244,87,542,169,60,175,138,7131,5866,221,3,16,1025,348,22,326
2021,"Waltham Forest 003","E02000897",8569,822,107,44,171,322,178,1066,444,491,131,541,88,65,210,178,5710,4627,149,1,24,909,430,25,405
2021,"Waltham Forest 004","E02000898",8014,874,113,58,190,336,177,924,322,489,113,536,92,85,199,160,5269,4272,138,4,10,845,411,34,377
2021,"Waltham Forest 005","E02000899",8813,1231,146,86,255,465,279,1134,420,536,178,504,117,52,167,168,5302,3725,116,0,9,1452,642,47,595
2021,"Waltham Forest 006","E02000900",8973,1536,138,73,254,706,365,1670,739,688,243,632,108,103,243,178,4348,2925,85,3,30,1305,787,96,691
2021,"Waltham Forest 007","E02000901",10493,1032,66,74,245,459,188,1023,494,440,89,806,199,92,260,255,7261,5890,207,0,7,1157,371,44,327
2021,"Waltham Forest 008","E02000902",9961,1917,198,78,272,912,457,1673,640,790,243,709,139,88,220,262,4951,3333,135,4,34,1445,711,106,605
2021,"Waltham Forest 009","E02000903",10275,2165,168,64,210,1215,508,1859,839,804,216,745,117,153,236,239,4819,3086,139,23,35,1536,687,104,583
2021,"Waltham Forest 010","E02000904",8422,1678,139,42,220,985,292,1355,437,710,208,531,115,72,155,189,4404,2914,132,16,57,1285,454,72,382
2021,"Waltham Forest 011","E02000905",10472,2122,91,78,194,1096,663,1396,626,577,193,686,164,127,191,204,5752,3771,149,14,38,1780,516,109,407
2021,"Waltham Forest 012","E02000906",9655,1986,167,103,225,1030,461,1294,661,497,136,713,193,94,192,234,5044,3235,150,15,45,1599,618,166,452
2021,"Waltham Forest 013","E02000907",10581,1802,165,77,222,845,493,2645,1581,796,268,734,110,156,201,267,4711,3063,135,5,40,1468,689,128,561
2021,"Waltham Forest 014","E02000908",12905,2178,135,197,328,865,653,1985,969,748,268,916,191,154,250,321,7084,4190,263,10,81,2540,742,177,565
2021,"Waltham Forest 015","E02000909",9246,1384,99,78,196,760,251,1203,569,466,168,618,154,82,165,217,5616,4028,184,4,27,1373,425,82,343
2021,"Waltham Forest 016","E02000910",11430,2813,111,90,418,1788,406,1143,443,563,137,659,182,96,177,204,6261,3811,158,13,49,2230,554,124,430
2021,"Waltham Forest 017","E02000911",12966,3000,134,168,388,1782,528,1577,727,601,249,808,210,104,197,297,6762,3814,204,13,188,2543,819,162,657
2021,"Waltham Forest 018","E02000912",9742,2865,163,108,482,1767,345,1421,602,631,188,631,122,88,146,275,4248,2561,107,0,38,1542,577,134,443
2021,"Waltham Forest 019","E02000913",9643,3471,207,128,538,2319,279,1211,469,566,176,522,126,73,139,184,3876,2312,136,1,42,1385,563,112,451
2021,"Waltham Forest 020","E02000914",11800,3796,304,199,364,2466,463,2267,1211,813,243,658,127,151,148,232,4252,2124,72,3,70,1983,827,184,643
2021,"Waltham Forest 021","E02000915",8110,1692,214,70,521,650,237,1029,404,485,140,573,138,93,130,212,4532,2918,191,3,39,1381,284,52,232
2021,"Waltham Forest 022","E02000916",10564,2616,210,123,493,1490,300,1880,751,914,215,582,134,77,154,217,4708,2460,157,16,67,2008,778,129,649
2021,"Waltham Forest 023","E02000917",9588,1788,219,90,289,917,273,1376,528,628,220,608,163,83,150,212,5281,2842,147,7,76,2209,535,104,431
2021,"Waltham Forest 024","E02000918",9324,2077,241,70,744,764,258,1309,693,445,171,538,122,96,135,185,4842,2746,143,10,36,1907,558,145,413
2021,"Waltham Forest 025","E02000919",9235,2357,259,106,448,1149,395,1075,399,544,132,535,144,75,124,192,4756,2431,173,6,97,2049,512,72,440
2021,"Waltham Forest 026","E02000920",10298,2567,339,152,375,1315,386,2118,1021,847,250,623,109,107,190,217,4225,2175,93,2,88,1867,765,182,583
2021,"Waltham Forest 027","E02000921",11198,2267,348,90,440,1056,333,2601,1186,1116,299,858,136,153,215,354,4880,2472,164,8,77,2159,592,123,469
2021,"Waltham Forest 028","E02000922",10463,1960,507,77,354,730,292,1825,834,774,217,648,120,118,200,210,5497,2678,127,6,74,2612,533,101,432
2021,"Wandsworth 001","E02000923",7527,704,14,121,148,148,273,626,300,217,109,373,94,57,111,111,5477,3581,160,0,61,1675,347,125,222
2021,"Wandsworth 003","E02000925",7900,722,50,84,101,231,256,1743,793,729,221,561,105,62,212,182,4430,2783,156,1,78,1412,444,104,340
2021,"Wandsworth 004","E02000926",11641,1098,37,190,335,137,399,1222,647,453,122,781,183,115,210,273,7919,5009,257,2,111,2540,621,244,377
2021,"Wandsworth 005","E02000927",7098,449,13,82,88,108,158,990,439,422,129,523,122,68,165,168,4893,3678,174,0,34,1007,243,64,179
2021,"Wandsworth 006","E02000928",8353,460,0,95,147,66,152,245,132,76,37,434,163,41,66,164,7021,5479,233,0,36,1273,193,39,154
2021,"Wandsworth 007","E02000929",8107,1121,64,110,130,373,444,2385,1277,762,346,644,77,128,238,201,3444,2107,99,2,82,1154,513,212,301
2021,"Wandsworth 008","E02000930",10078,824,32,293,184,110,205,798,432,242,124,606,185,69,122,230,7563,5407,272,3,68,1813,287,69,218
2021,"Wandsworth 009","E02000931",8818,448,22,109,170,67,80,420,120,216,84,474,233,38,57,146,7299,5231,220,0,36,1812,177,48,129
2021,"Wandsworth 010","E02000932",12843,1052,36,215,384,171,246,574,319,182,73,692,265,60,106,261,9979,6935,349,5,62,2628,546,232,314
2021,"Wandsworth 011","E02000933",8870,731,17,142,228,135,209,367,150,154,63,532,192,63,86,191,6861,4846,251,1,65,1698,379,129,250
2021,"Wandsworth 012","E02000934",8921,578,39,92,134,105,208,826,431,278,117,539,166,62,131,180,6740,4926,292,5,64,1453,238,43,195
2021,"Wandsworth 013","E02000935",7372,1188,36,81,112,615,344,1226,761,338,127,606,81,86,217,222,3803,2516,113,1,21,1152,549,180,369
2021,"Wandsworth 014","E02000936",9367,1091,13,201,329,238,310,434,222,147,65,624,172,84,126,242,6718,4319,245,3,90,2061,500,152,348
2021,"Wandsworth 015","E02000937",8161,418,16,72,144,62,124,459,252,149,58,462,208,53,76,125,6652,4964,215,1,21,1451,170,34,136
2021,"Wandsworth 016","E02000938",10766,1414,33,200,230,574,377,1201,692,306,203,817,162,84,263,308,6633,4253,238,6,50,2086,701,224,477
2021,"Wandsworth 017","E02000939",7820,466,23,112,162,62,107,321,166,117,38,420,200,20,54,146,6468,4941,181,6,15,1325,145,23,122
2021,"Wandsworth 018","E02000940",9323,1287,56,126,251,580,274,1139,602,386,151,639,140,94,223,182,5843,3925,194,1,101,1622,415,118,297
2021,"Wandsworth 019","E02000941",10173,643,32,76,144,249,142,676,305,282,89,521,155,50,132,184,8126,6448,271,0,36,1371,207,51,156
2021,"Wandsworth 020","E02000942",9688,1083,40,152,274,403,214,337,201,103,33,559,221,55,83,200,7429,5496,217,1,34,1681,280,61,219
2021,"Wandsworth 021","E02000943",8722,867,28,113,363,207,156,505,227,196,82,489,165,55,100,169,6631,5021,269,2,29,1310,230,47,183
2021,"Wandsworth 022","E02000944",7645,1558,30,98,182,873,375,1172,682,302,188,540,84,72,187,197,3973,2477,107,7,48,1334,402,121,281
2021,"Wandsworth 023","E02000945",7841,1367,75,83,118,637,454,1090,745,222,123,622,107,82,188,245,4171,2489,106,0,42,1534,591,192,399
2021,"Wandsworth 024","E02000946",8439,830,38,58,236,342,156,1029,598,311,120,500,117,84,137,162,5857,4447,218,29,17,1146,223,53,170
2021,"Wandsworth 025","E02000947",9344,861,30,113,275,267,176,386,201,147,38,483,175,51,96,161,7344,5505,229,2,23,1585,270,65,205
2021,"Wandsworth 026","E02000948",10027,1063,48,191,322,306,196,779,330,339,110,606,229,72,138,167,7310,5649,321,3,28,1309,269,52,217
2021,"Wandsworth 027","E02000949",10004,716,35,107,267,152,155,380,142,179,59,524,214,45,98,167,8206,6570,302,0,21,1313,178,40,138
2021,"Wandsworth 028","E02000950",7585,1221,28,97,207,597,292,632,384,186,62,424,87,63,125,149,4882,3043,134,0,49,1656,426,140,286
2021,"Wandsworth 029","E02000951",6429,749,49,70,296,205,129,531,239,204,88,343,115,22,83,123,4610,3587,187,1,25,810,196,44,152
2021,"Wandsworth 030","E02000952",6145,565,22,63,209,198,73,563,258,230,75,396,126,28,113,129,4452,3435,211,3,20,783,169,23,146
2021,"Wandsworth 031","E02000953",7503,1032,40,81,262,305,344,552,294,198,60,386,112,40,101,133,5315,4062,223,14,30,986,218,52,166
2021,"Wandsworth 032","E02000954",6098,1441,143,49,557,463,229,525,273,178,74,343,119,36,80,108,3604,2723,177,0,18,686,185,47,138
2021,"Wandsworth 033","E02000955",6890,1817,105,76,534,597,505,748,268,367,113,538,155,55,192,136,3521,2589,203,3,19,707,266,65,201
2021,"Wandsworth 034","E02000956",7421,1430,87,98,405,402,438,1053,555,384,114,494,126,68,147,153,4079,2809,218,0,25,1027,365,95,270
2021,"Wandsworth 035","E02000957",10861,2368,96,140,609,834,689,1189,571,459,159,662,183,93,186,200,6086,4268,380,9,42,1387,556,107,449
2021,"Wandsworth 036","E02000958",8281,1408,72,50,452,469,365,1029,485,435,109,530,127,86,167,150,5003,3792,191,0,19,1001,311,40,271
2021,"Wandsworth 037","E02000959",7864,946,47,48,204,419,228,1581,851,568,162,690,119,103,175,293,4259,2592,161,4,25,1477,388,67,321
2021,"Westminster 001","E02000960",6149,1262,90,204,508,108,352,266,227,33,6,306,130,41,26,109,3556,1755,105,0,23,1673,759,324,435
2021,"Westminster 002","E02000961",9813,1357,217,171,363,155,451,495,339,106,50,641,240,68,61,272,5647,2947,185,1,36,2478,1673,987,686
2021,"Westminster 003","E02000962",7700,1631,100,179,674,157,521,467,331,94,42,452,131,50,44,227,4087,1830,171,1,33,2052,1063,530,533
2021,"Westminster 004","E02000963",10521,1692,861,79,139,88,525,1933,962,747,224,871,108,172,239,352,4243,2496,271,4,30,1442,1782,1104,678
2021,"Westminster 005","E02000964",12141,1505,544,127,257,96,481,2313,1096,957,260,908,124,179,246,359,5428,2929,301,7,60,2131,1987,1153,834
2021,"Westminster 006","E02000965",7882,952,214,156,280,81,221,532,268,180,84,624,204,95,88,237,5003,2599,181,0,65,2158,771,383,388
2021,"Westminster 007","E02000966",9248,1148,177,160,340,102,369,306,179,83,44,569,223,84,51,211,6217,3120,202,0,72,2823,1008,535,473
2021,"Westminster 008","E02000967",6053,1434,111,261,581,117,364,210,172,22,16,330,139,33,15,143,3450,1514,76,0,48,1812,629,329,300
2021,"Westminster 009","E02000968",14479,3384,2040,268,256,174,646,1723,1213,394,116,804,133,213,132,326,4838,2460,167,5,84,2122,3730,2400,1330
2021,"Westminster 010","E02000969",9611,1446,555,174,187,101,429,1555,905,453,197,673,89,146,152,286,3573,1742,141,0,52,1638,2364,1395,969
2021,"Westminster 011","E02000970",6835,1099,19,187,527,86,280,169,103,39,27,403,153,36,20,194,4546,2019,117,1,51,2358,618,340,278
2021,"Westminster 012","E02000971",7470,1295,188,323,412,99,273,233,174,45,14,483,181,92,46,164,4520,1807,118,1,71,2523,939,586,353
2021,"Westminster 013","E02000972",7885,1287,259,395,276,32,325,495,364,78,53,537,200,80,59,198,4821,2202,152,2,62,2403,745,349,396
2021,"Westminster 014","E02000973",9957,1267,185,275,279,55,473,850,644,148,58,771,227,102,149,293,6231,3180,205,1,120,2725,838,430,408
2021,"Westminster 015","E02000974",8705,2044,72,357,487,342,786,563,383,74,106,535,141,60,37,297,4045,1824,99,2,65,2055,1518,1036,482
2021,"Westminster 016","E02000975",7417,1082,59,369,285,83,286,302,228,46,28,497,148,41,85,223,4669,1945,131,6,126,2461,867,465,402
2021,"Westminster 017","E02000976",8432,1492,120,506,294,103,469,391,289,66,36,535,154,79,52,250,4882,1842,108,5,102,2825,1132,613,519
2021,"Westminster 018","E02000977",6389,1418,113,649,326,53,277,257,171,54,32,402,132,46,55,169,3857,2154,122,0,43,1538,455,211,244
2021,"Westminster 019","E02000978",7132,1187,31,363,433,75,285,178,139,26,13,395,154,90,17,134,4758,2328,113,1,69,2247,614,370,244
2021,"Westminster 020","E02000979",8089,1300,132,380,245,98,445,496,341,105,50,477,160,55,67,195,5083,2926,153,0,57,1947,733,334,399
2021,"Westminster 021","E02000980",8720,1562,539,317,239,70,397,763,606,108,49,600,206,91,78,225,5020,2702,153,6,68,2091,775,371,404
2021,"Westminster 022","E02000981",8269,854,105,214,218,52,265,584,398,139,47,515,123,79,113,200,5671,3652,182,2,72,1763,645,271,374
2021,"Westminster 023","E02000982",7638,1232,376,224,184,91,357,748,455,213,80,494,108,77,126,183,4237,2438,141,0,37,1621,927,466,461
2021,"Westminster 024","E02000983",7694,1306,422,287,177,43,377,616,460,93,63,520,114,83,103,220,4352,2752,148,4,60,1388,900,459,441
2021,"Bromley 040","E02006782",8123,832,73,124,293,55,287,1201,527,456,218,541,85,64,240,152,5226,4369,110,4,29,714,323,37,286
2021,"Lewisham 037","E02006783",7773,695,42,135,114,14,390,2179,998,879,302,614,53,111,275,175,3982,3046,75,12,32,817,303,32,271
2021,"Lewisham 038","E02006784",7966,792,67,99,132,70,424,2166,917,898,351,589,71,87,247,184,3991,3081,101,0,14,795,428,38,390
2021,"Bexley 029","E02006785",6623,1086,61,169,455,47,354,524,382,93,49,197,46,27,68,56,4615,3980,69,0,16,550,201,6,195
2021,"Greenwich 033","E02006786",7558,1124,57,74,233,84,676,1898,1312,339,247,473,71,119,173,110,3763,2912,74,10,11,756,300,21,279
2021,"Bromley 041","E02006787",7894,471,54,84,198,24,111,508,215,220,73,529,161,57,162,149,6230,5336,192,4,12,686,156,32,124
2021,"Croydon 045","E02006788",7611,731,60,54,226,155,236,2394,909,1163,322,779,124,93,382,180,3425,2688,112,15,18,592,282,50,232
2021,"Bromley 042","E02006789",6778,117,23,10,59,4,21,86,31,37,18,195,43,15,88,49,6329,6005,64,43,11,206,51,1,50
2021,"Ealing 040","E02006791",7563,817,24,127,289,84,293,552,253,243,56,488,162,57,79,190,5287,3389,191,0,34,1673,419,158,261
2021,"Hounslow 029","E02006792",8999,1238,28,228,423,114,445,294,186,66,42,636,197,86,101,252,6083,3645,293,2,64,2079,748,414,334
2021,"Enfield 037","E02006793",9646,1115,279,48,176,120,492,2964,1870,775,319,498,69,81,161,187,3546,1487,82,16,53,1908,1523,97,1426
2021,"Haringey 037","E02006794",8286,595,183,49,104,56,203,3119,1662,1165,292,590,51,97,233,209,2944,1217,80,19,33,1595,1038,88,950
2021,"Harrow 032","E02006795",8272,4581,50,72,2496,280,1683,410,180,174,56,259,102,23,60,74,2182,1227,97,6,24,828,840,141,699
2021,"Hillingdon 033","E02006796",9697,2590,56,144,1545,222,623,542,277,209,56,467,153,47,143,124,5572,4210,290,1,47,1024,526,145,381
2021,"Lewisham 039","E02006798",8888,1193,69,394,138,75,517,3000,1892,770,338,650,83,128,247,192,3466,2216,106,8,44,1092,579,50,529
2021,"Barking and Dagenham 023","E02006799",12040,3589,1134,51,946,1150,308,1975,1405,327,243,461,102,105,122,132,5373,3912,73,6,64,1318,642,256,386
2021,"Redbridge 034","E02006800",14680,8786,2028,65,3129,3006,558,1314,760,421,133,540,167,69,120,184,3134,1649,128,27,46,1284,906,97,809
2021,"Lambeth 036","E02006801",8566,1634,107,796,370,78,283,1243,725,365,153,555,155,70,142,188,4667,2751,186,0,52,1678,467,138,329
2021,"Southwark 034","E02006802",9276,1459,404,487,254,66,248,1869,1298,325,246,671,140,124,188,219,4617,2867,176,0,32,1542,660,179,481
2021,"Sutton 025","E02006836",8718,2258,115,200,1112,419,412,243,163,48,32,353,163,30,59,101,5571,4779,149,1,4,638,293,73,220
2021,"Tower Hamlets 032","E02006853",11014,4984,2528,1128,856,140,332,799,501,163,135,574,170,75,118,211,4191,1857,107,3,82,2142,466,150,316
2021,"Tower Hamlets 033","E02006854",7071,2626,923,745,618,96,244,352,256,68,28,326,96,52,46,132,3290,1318,83,3,50,1836,477,238,239
2021,"Harrow 033","E02006882",14395,8200,50,65,6718,409,958,824,265,466,93,352,120,36,94,102,4273,1857,288,13,43,2072,746,300,446
2021,"Hackney 028","E02006918",8399,1224,264,59,635,103,163,2170,1132,731,307,527,73,84,212,158,3754,2333,152,15,37,1217,724,55,669
2021,"Hackney 029","E02006921",7924,798,175,31,392,54,146,1784,961,632,191,387,55,73,127,132,4117,2898,71,18,15,1115,838,59,779
2021,"Redbridge 035","E02006924",13598,8822,1912,75,3073,3124,638,803,384,326,93,379,129,33,60,157,2836,1419,85,5,63,1264,758,120,638
2021,"Redbridge 036","E02006925",14423,9643,2120,160,3570,2451,1342,624,267,261,96,385,133,42,61,149,2803,1741,48,0,53,961,968,78,890
2021,"Greenwich 034","E02006927",12366,1627,46,589,428,104,460,1901,1133,476,292,736,187,111,187,251,7619,5674,224,2,47,1672,483,76,407
2021,"Greenwich 035","E02006928",12090,1702,77,548,552,85,440,2052,1388,349,315,978,198,148,311,321,6784,4220,207,8,59,2290,574,135,439
2021,"Greenwich 037","E02006930",9850,1059,54,335,361,58,251,1293,816,250,227,658,193,87,161,217,6485,4405,248,12,39,1781,355,57,298
2021,"Greenwich 038","E02006931",9461,784,25,235,229,47,248,1469,1034,275,160,646,217,71,153,205,6293,4683,223,6,24,1357,269,47,222
2021,"Southwark 035","E02006941",5314,760,12,223,330,23,172,190,110,53,27,330,115,37,60,118,3868,2272,163,1,32,1400,166,37,129
2021,"Southwark 036","E02006942",6744,747,65,191,241,51,199,1144,784,193,167,511,144,104,78,185,3930,2442,175,0,27,1286,412,127,285
2021,"Barnet 042","E02006953",9169,2748,63,820,737,219,909,1135,920,134,81,554,106,146,77,225,3646,1436,73,0,50,2087,1086,283,803
2021,"Barnet 043","E02006954",10111,3714,132,544,1072,480,1486,1101,813,157,131,519,131,85,98,205,3651,1405,142,10,42,2052,1126,382,744
2021,"Brent 035","E02006955",7509,2630,52,317,1592,273,396,957,556,320,81,411,84,92,87,148,2869,1202,176,4,36,1451,642,320,322
2021,"Brent 036","E02006956",8829,3673,122,183,2412,508,448,1690,707,801,182,321,85,59,78,99,2504,985,144,15,48,1312,641,315,326
2021,"Ealing 041","E02006968",8352,1947,69,212,634,178,854,403,266,106,31,570,220,72,65,213,4336,2465,203,2,52,1614,1096,577,519
2021,"Ealing 042","E02006969",6423,1395,14,210,394,66,711,345,194,111,40,334,126,26,58,124,3840,1845,173,2,44,1776,509,182,327
2021,"Ealing 043","E02006970",7342,5462,237,11,3837,710,667,551,338,146,67,151,48,17,31,55,448,201,24,11,6,206,730,83,647
2021,"Ealing 044","E02006971",8294,5943,112,5,4374,655,797,734,534,150,50,140,48,18,30,44,426,221,13,0,0,192,1051,65,986
2021,"Hounslow 030","E02006972",5416,955,29,127,341,128,330,628,475,101,52,381,77,60,92,152,2861,1768,118,7,30,938,591,199,392
2021,"Hounslow 031","E02006973",8493,1348,44,132,505,231,436,1089,721,168,200,601,124,106,165,206,4727,3092,192,1,36,1406,728,273,455
2021,"Croydon 046","E02006987",7374,1547,50,145,859,225,268,1433,778,479,176,524,82,109,139,194,3442,1958,94,1,39,1350,428,79,349
2021,"Croydon 047","E02006988",7161,1097,53,92,483,170,299,1491,804,501,186,610,128,86,189,207,3631,2475,90,12,47,1007,332,51,281
2021,"Greenwich 039","E02006991",6317,998,21,342,346,49,240,966,688,158,120,478,109,114,99,156,3605,2118,108,1,43,1335,270,50,220
2021,"Greenwich 040","E02006992",8227,1259,76,365,415,62,341,1271,892,232,147,559,114,96,123,226,4793,3053,141,3,18,1578,345,88,257
2021,"Greenwich 041","E02006993",8398,1682,90,509,584,79,420,1573,1169,269,135,639,142,132,165,200,4118,2288,109,5,38,1678,386,79,307
2021,"Greenwich 042","E02006994",7641,1301,96,218,281,80,626,2365,1822,279,264,474,67,137,124,146,3166,1864,61,7,38,1196,335,65,270
2021,"Newham 038","E02006995",8639,2176,378,665,504,342,287,1309,919,197,193,560,152,102,105,201,4087,2401,146,4,37,1499,507,196,311
2021,"Newham 039","E02006996",8423,2671,689,667,630,377,308,1408,899,333,176,509,126,76,101,206,3396,1732,94,4,78,1488,439,117,322
2021,"Newham 040","E02006997",6887,1642,481,264,457,215,225,1213,787,291,135,486,103,69,116,198,3191,1613,103,0,75,1400,355,100,255
2021,"Newham 041","E02006998",7088,1403,611,101,330,203,158,2165,1652,269,244,440,46,116,125,153,2723,1327,35,7,61,1293,357,93,264
2021,"Newham 042","E02006999",11248,3022,515,611,1160,357,379,2030,1514,314,202,836,219,177,175,265,4954,2328,126,6,56,2438,406,109,297
2021,"Lewisham 040","E02007008",5764,1066,52,363,325,27,299,1251,703,418,130,425,74,72,140,139,2667,1364,98,0,50,1155,355,58,297
2021,"Lewisham 041","E02007009",9141,1135,67,468,173,59,368,2532,1016,1124,392,759,97,114,326,222,4227,2722,141,10,39,1315,488,84,404
2021,"Redbridge 037","E02007017",8818,4239,1283,41,1310,1155,450,1285,735,396,154,397,102,50,100,145,2476,1870,63,4,7,532,421,48,373
2021,"Redbridge 038","E02007018",7273,3255,1140,31,934,825,325,1196,678,382,136,379,63,69,101,146,2089,1256,56,0,10,767,354,55,299
2021,"Redbridge 039","E02007019",7163,4718,1176,28,2074,1169,271,640,422,174,44,214,38,44,44,88,1193,493,14,4,30,652,398,44,354
2021,"Redbridge 040","E02007020",9841,6807,1132,21,2000,3058,596,892,535,259,98,262,58,32,82,90,1228,496,29,7,62,634,652,80,572
2021,"Wandsworth 038","E02007083",7711,1154,17,425,261,150,301,789,475,197,117,540,175,57,120,188,4602,2243,120,4,71,2164,626,317,309
2021,"Wandsworth 039","E02007084",9893,1143,76,150,142,390,385,2535,1508,697,330,692,123,92,229,248,4894,2903,165,4,119,1703,629,149,480
2021,"Hackney 030","E02007108",5940,580,98,122,196,40,124,659,335,246,78,448,112,49,97,190,3880,2239,173,5,31,1432,373,41,332
2021,"Hackney 031","E02007109",7611,660,140,136,196,37,151,1348,656,472,220,515,121,81,120,193,4376,2836,183,5,29,1323,712,103,609
2021,"Hackney 032","E02007110",7330,891,117,324,179,37,234,1311,819,285,207,517,115,79,117,206,3874,1904,142,2,35,1791,737,111,626
2021,"Hackney 033","E02007111",5949,817,79,320,183,45,190,814,488,219,107,431,111,58,86,176,3443,1632,142,9,43,1617,444,82,362
2021,"Tower Hamlets 034","E02007112",5892,2414,1014,585,510,99,206,417,337,54,26,273,91,34,60,88,2516,1081,72,1,42,1320,272,74,198
2021,"Tower Hamlets 035","E02007113",7460,3450,1736,581,723,142,268,607,423,120,64,374,96,61,98,119,2615,1198,70,1,61,1285,414,133,281
2021,"Tower Hamlets 036","E02007114",7561,3098,1781,567,408,96,246,503,357,106,40,560,198,66,94,202,3048,1371,77,2,76,1522,352,119,233
2021,"Camden 029","E02007115",11584,3569,1533,867,480,113,576,1111,833,160,118,845,226,171,138,310,5333,2877,211,3,38,2204,726,229,497
