"date","geography","geography code","Religion (detailed): Total: All Usual Residents","Religion (detailed): Christian","Religion (detailed): Buddhist","Religion (detailed): Hindu","Religion (detailed): Jewish","Religion (detailed): Muslim","Religion (detailed): Sikh","Religion (detailed): No religion","Religion (detailed): No religion: Agnostic","Religion (detailed): No religion: Atheist","Religion (detailed): No religion: Free Thinker","Religion (detailed): No religion: Humanist","Religion (detailed): No religion: No religion","Religion (detailed): No religion: Realist","Religion (detailed): Other religion","Religion (detailed): Other religion: Alevi","Religion (detailed): Other religion: Animism","Religion (detailed): Other religion: Baha'i","Religion (detailed): Other religion: Believe in God","Religion (detailed): Other religion: Brahma Kumari","Religion (detailed): Other religion: Chinese Religion","Religion (detailed): Other religion: Church of All Religion","Religion (detailed): Other religion: Confucianist","Religion (detailed): Other religion: Deist","Religion (detailed): Other religion: Druid","Religion (detailed): Other religion: Druze","Religion (detailed): Other religion: Eckankar","Religion (detailed): Other religion: Heathen","Religion (detailed): Other religion: Jain","Religion (detailed): Other religion: Mixed Religion","Religion (detailed): Other religion: Mysticism","Religion (detailed): Other religion: Native American Church","Religion (detailed): Other religion: New Age","Religion (detailed): Other religion: Occult","Religion (detailed): Other religion: Other religions","Religion (detailed): Other religion: Own Belief System","Religion (detailed): Other religion: Pagan","Religion (detailed): Other religion: Pantheism","Religion (detailed): Other religion: Rastafarian","Religion (detailed): Other religion: Ravidassia","Religion (detailed): Other religion: Reconstructionist","Religion (detailed): Other religion: Satanism","Religion (detailed): Other religion: Scientology","Religion (detailed): Other religion: Shamanism","Religion (detailed): Other religion: Shintoism","Religion (detailed): Other religion: Spiritual","Religion (detailed): Other religion: Spiritualist","Religion (detailed): Other religion: Taoist","Religion (detailed): Other religion: Theism","Religion (detailed): Other religion: Thelemite","Religion (detailed): Other religion: Traditional African Religion","Religion (detailed): Other religion: Unification Church","Religion (detailed): Other religion: Universalist","Religion (detailed): Other religion: Valmiki","Religion (detailed): Other religion: Vodun","Religion (detailed): Other religion: Wicca","Religion (detailed): Other religion: Witchcraft","Religion (detailed): Other religion: Yazidi","Religion (detailed): Other religion: Zoroastrian","Religion (detailed): Religion not stated"
2021,"City of London 001","E02000001",8579,2976,95,203,177,540,6,3762,17,5,0,1,3739,0,53,0,0,0,0,0,0,0,0,0,1,0,0,0,4,1,0,0,0,0,21,0,5,0,1,0,0,2,0,1,0,9,4,0,0,0,2,0,0,0,0,1,0,0,1,767
2021,"Barking and Dagenham 001","E02000002",8281,3899,27,269,30,1610,172,1816,0,0,0,0,1816,0,32,11,0,0,1,0,0,0,0,0,0,0,0,0,0,3,0,0,0,0,4,0,4,0,1,0,0,0,0,0,0,4,3,0,0,0,0,0,0,0,0,0,0,0,1,426
2021,"Barking and Dagenham 002","E02000003",11544,4961,35,571,18,3072,665,1576,1,1,0,0,1574,0,57,2,0,0,2,0,0,0,0,0,1,0,0,0,7,6,0,0,0,0,23,0,3,0,1,5,0,0,0,0,0,4,2,0,0,0,0,0,0,0,0,1,0,0,0,589
2021,"Barking and Dagenham 003","E02000004",6640,3456,33,163,13,829,104,1671,4,1,0,0,1666,0,18,1,0,0,0,0,0,0,0,1,0,0,0,0,0,0,0,0,0,0,5,0,5,0,0,0,0,1,1,0,0,1,1,0,0,0,2,0,0,0,0,0,0,0,0,353
2021,"Barking and Dagenham 004","E02000005",11083,4587,46,744,22,2387,405,2209,5,0,0,0,2204,0,78,5,0,0,3,0,0,0,0,0,0,0,0,0,3,5,0,0,0,0,16,0,9,0,1,21,0,0,0,7,0,3,5,0,0,0,0,0,0,0,0,0,0,0,0,605
2021,"Barking and Dagenham 006","E02000007",10157,5109,34,193,4,1654,41,2551,0,0,0,0,2551,0,43,5,0,0,1,0,0,0,0,0,1,0,0,0,0,1,0,0,2,0,16,0,8,0,2,0,0,1,0,3,0,1,2,0,0,0,0,0,0,0,0,0,0,0,0,528
2021,"Barking and Dagenham 007","E02000008",13250,6249,40,208,18,2477,139,3359,0,0,0,1,3358,0,38,0,0,3,0,0,0,0,0,1,0,1,0,0,2,1,0,0,0,0,11,0,5,0,0,1,0,1,0,1,0,3,1,1,0,0,1,0,0,0,0,4,1,0,0,722
2021,"Barking and Dagenham 008","E02000009",12862,5978,45,375,10,3027,228,2365,2,2,0,1,2360,0,112,9,0,0,2,0,0,0,0,0,0,2,0,0,2,60,0,0,0,0,10,0,10,0,1,5,0,0,0,4,0,5,0,1,0,0,0,0,0,0,0,0,0,0,1,722
2021,"Barking and Dagenham 009","E02000010",9482,4894,17,142,8,1444,52,2340,7,1,0,0,2332,0,54,0,0,4,0,0,0,0,0,0,0,0,0,0,0,3,0,0,0,0,15,0,12,0,1,3,0,0,0,8,0,1,6,0,0,0,0,0,0,0,0,1,0,0,0,531
2021,"Barking and Dagenham 010","E02000011",7031,3713,19,127,15,1348,82,1243,2,0,0,1,1240,0,25,3,0,0,0,0,0,0,0,0,0,4,0,1,0,0,0,0,0,0,9,0,1,0,4,0,0,0,0,0,0,0,1,0,0,0,0,0,0,0,0,2,0,0,0,459
2021,"Barking and Dagenham 011","E02000012",11510,3052,41,417,10,5914,436,1022,1,1,0,0,1020,0,32,0,0,0,0,0,0,0,0,0,0,0,0,0,5,0,0,0,0,0,11,0,2,0,9,0,0,0,0,0,0,3,1,0,0,0,0,0,0,0,0,1,0,0,0,586
2021,"Barking and Dagenham 012","E02000013",9399,4642,51,107,9,1725,54,2281,2,2,0,0,2277,0,24,1,0,0,0,0,0,0,0,0,1,0,0,0,0,1,0,1,0,0,7,0,5,0,1,0,0,1,0,0,0,4,1,0,0,0,0,0,0,0,0,0,0,0,1,506
2021,"Barking and Dagenham 013","E02000014",9870,5082,42,138,21,1412,18,2527,5,0,0,1,2521,0,42,2,0,0,0,0,0,0,0,0,0,3,0,0,0,1,0,0,0,0,7,0,9,0,0,1,0,0,0,5,0,2,8,2,0,0,0,0,0,1,0,1,0,0,0,588
2021,"Barking and Dagenham 014","E02000015",8229,4291,29,121,6,1322,48,1866,2,3,0,0,1861,0,69,4,0,0,2,0,0,0,0,0,0,0,0,3,0,29,0,0,0,0,11,0,3,0,9,0,0,0,1,0,0,3,4,0,0,0,0,0,0,0,0,0,0,0,0,477
2021,"Barking and Dagenham 015","E02000016",10570,3997,33,920,5,3587,189,1212,6,1,0,0,1205,0,55,2,0,0,1,0,0,0,0,0,0,0,0,0,8,0,0,0,0,0,20,0,10,0,6,0,0,0,0,0,0,5,0,0,0,0,0,0,0,0,0,1,0,0,2,572
2021,"Barking and Dagenham 016","E02000017",9133,3141,38,427,5,3830,412,722,2,0,0,2,718,0,18,1,1,0,0,0,0,0,0,0,0,0,0,0,0,1,0,0,0,0,6,0,2,0,0,1,0,0,0,0,0,4,1,0,0,0,1,0,0,0,0,0,0,0,0,540
2021,"Barking and Dagenham 017","E02000018",9550,4710,29,125,15,1915,101,2071,2,0,0,0,2069,0,38,2,0,0,4,0,0,0,0,0,0,0,0,0,1,0,0,0,0,0,12,1,2,0,3,0,0,0,0,0,2,4,4,1,0,0,0,0,0,0,0,2,0,0,0,546
2021,"Barking and Dagenham 018","E02000019",9663,4870,39,141,5,1710,42,2307,0,0,0,0,2307,0,34,3,0,0,0,0,0,0,0,0,1,0,0,0,0,3,0,0,0,0,14,0,3,0,3,0,0,0,0,0,0,2,3,0,0,0,0,0,0,0,0,2,0,0,0,515
2021,"Barking and Dagenham 019","E02000020",14058,6018,117,456,12,4254,386,2083,9,1,0,0,2073,0,35,6,0,0,0,0,0,0,0,1,0,0,0,1,0,0,0,0,0,0,14,1,4,0,3,0,0,0,0,0,0,2,0,0,0,0,0,2,0,0,0,1,0,0,0,697
2021,"Barking and Dagenham 020","E02000021",8759,4863,33,133,9,1704,155,1372,0,1,0,0,1371,0,32,3,0,0,1,0,0,0,0,0,0,0,0,0,0,0,0,0,0,0,15,0,2,0,0,4,0,1,0,1,0,2,2,1,0,0,0,0,0,0,0,0,0,0,0,458
2021,"Barking and Dagenham 021","E02000022",7742,3218,33,207,17,2745,76,989,4,1,0,0,984,0,33,13,0,0,0,0,0,0,0,0,0,0,1,0,0,2,0,0,0,0,12,0,2,0,0,1,0,0,0,0,0,1,1,0,0,0,0,0,0,0,0,0,0,0,0,424
2021,"Barking and Dagenham 022","E02000023",8017,3744,6,110,6,2275,66,1334,2,1,0,0,1331,0,31,0,0,0,2,0,0,0,0,0,0,0,0,3,0,2,0,0,0,0,13,0,2,0,2,0,0,0,0,0,0,2,4,0,0,0,0,0,0,0,0,0,0,0,1,445
2021,"Barnet 001","E02000024",10840,4874,84,375,452,605,34,3529,1,2,0,3,3523,0,104,6,0,4,1,2,0,0,0,1,0,0,0,2,28,7,0,0,1,0,10,0,7,0,0,0,1,0,0,4,5,7,3,2,0,0,4,0,2,0,0,1,0,0,6,783
2021,"Barnet 002","E02000025",8580,3888,71,294,376,468,17,2792,7,10,0,0,2775,0,74,8,0,0,6,0,0,0,0,1,1,0,0,0,23,6,0,0,0,0,11,0,1,0,0,0,0,0,0,0,1,6,4,0,0,0,0,0,0,0,0,2,1,0,3,600
2021,"Barnet 003","E02000026",6453,3154,29,290,427,462,19,1498,5,2,0,0,1491,0,103,32,0,3,0,0,0,0,0,0,0,0,0,0,40,3,0,0,0,0,16,0,5,0,0,0,0,0,0,0,0,1,2,0,0,0,0,0,0,0,0,0,0,0,1,471
2021,"Barnet 004","E02000027",9645,4640,119,452,209,850,12,2544,3,4,0,0,2537,0,143,33,0,2,2,0,0,0,0,1,0,0,0,0,34,6,0,0,0,0,16,0,1,0,1,0,0,1,0,0,0,3,4,0,0,0,28,0,0,0,0,1,0,0,10,676
2021,"Barnet 005","E02000028",6530,2929,47,355,510,539,31,1544,3,3,0,0,1538,0,115,3,1,1,3,0,0,0,0,0,0,0,1,0,78,8,0,0,0,0,10,0,2,0,0,0,0,1,0,0,0,2,2,1,0,1,0,0,0,0,0,0,0,0,1,460
2021,"Barnet 006","E02000029",9674,4630,79,298,353,900,28,2604,4,1,0,0,2599,0,105,30,0,1,1,0,0,0,0,1,1,0,0,0,30,6,0,0,0,0,15,0,2,0,1,0,0,1,0,0,2,6,2,2,0,0,0,2,0,0,0,0,0,0,2,677
2021,"Barnet 007","E02000030",9458,3645,74,622,1572,791,82,1843,4,4,0,1,1834,0,150,7,0,5,1,1,0,0,0,0,0,0,0,0,79,6,0,0,0,0,23,0,1,0,1,0,0,1,0,0,1,12,1,0,0,0,0,0,0,0,0,1,0,0,10,679
2021,"Barnet 008","E02000031",8333,3409,77,572,925,620,36,1917,4,5,0,2,1906,0,127,8,0,5,1,0,0,0,0,0,1,0,0,0,74,3,0,0,0,0,20,0,1,0,0,0,0,0,2,0,0,3,1,0,1,0,0,0,0,0,0,0,0,0,7,650
2021,"Barnet 009","E02000032",7939,3454,57,601,390,1011,56,1574,6,0,0,1,1567,0,196,23,0,0,1,0,0,0,0,0,0,0,0,0,104,12,0,0,0,0,26,1,4,0,1,0,0,0,0,0,0,3,1,7,1,0,8,0,0,0,0,1,0,0,3,600
2021,"Barnet 010","E02000033",8888,4189,85,468,251,873,34,2153,7,1,0,1,2144,0,179,37,0,2,0,0,0,0,0,0,0,0,0,0,81,1,0,0,1,0,20,0,8,0,0,0,0,0,0,0,0,4,3,1,0,0,14,0,2,0,0,2,0,0,3,656
2021,"Barnet 011","E02000034",9087,4102,75,542,583,892,19,2038,7,3,0,5,2023,0,135,10,0,0,2,1,0,0,0,1,0,0,0,0,64,3,0,0,0,0,23,2,1,0,2,0,0,0,0,0,1,2,4,2,0,0,7,0,0,0,0,1,0,0,9,701
2021,"Barnet 012","E02000035",8526,3115,125,540,1008,783,43,1923,7,3,0,1,1912,0,215,4,0,5,0,0,0,0,0,0,0,0,0,0,131,8,0,0,0,1,24,0,6,0,0,0,0,0,0,0,10,5,5,3,0,0,0,0,0,0,0,1,0,0,12,774
2021,"Barnet 013","E02000036",11242,3870,138,797,2388,1475,30,1422,7,0,0,1,1414,0,188,2,0,2,4,0,0,0,3,2,0,0,0,0,127,3,0,0,1,0,25,0,3,0,0,0,0,0,0,0,0,4,1,0,0,0,0,0,0,0,0,1,0,0,10,934
2021,"Barnet 014","E02000037",10834,2375,57,1115,3960,1156,43,990,1,4,0,0,985,0,315,6,0,0,1,0,0,0,0,0,0,1,1,0,264,8,0,0,0,0,16,0,2,0,2,0,0,0,0,0,0,4,0,1,0,0,0,0,0,0,0,0,0,0,9,823
2021,"Barnet 015","E02000038",10721,4538,96,740,586,1193,102,2508,8,0,0,1,2499,0,146,15,0,1,4,0,0,0,0,1,0,0,0,0,73,7,0,0,0,0,15,0,6,1,3,0,0,0,1,0,0,11,3,0,0,0,1,0,0,0,0,1,0,0,3,812
2021,"Barnet 016","E02000039",7166,2172,46,348,2132,845,37,1039,3,0,0,1,1035,0,46,2,0,1,1,0,0,0,0,0,0,0,0,0,15,4,0,0,0,0,10,0,0,0,0,0,1,0,0,0,0,2,2,0,0,0,0,0,0,0,0,0,0,0,8,501
2021,"Barnet 017","E02000040",9137,3022,66,420,1485,1217,33,2021,1,3,0,0,2017,0,81,3,0,3,1,0,0,0,0,0,0,0,0,0,30,8,0,0,0,0,15,0,3,0,0,2,0,0,0,0,0,6,0,2,0,0,0,0,0,0,0,0,0,0,8,792
2021,"Barnet 018","E02000041",9456,3232,125,751,2028,1372,14,1025,0,1,0,0,1024,0,237,8,0,1,0,1,0,0,0,0,0,3,0,0,191,8,0,0,0,0,13,0,3,0,0,0,0,0,0,3,4,0,0,1,0,0,0,1,0,0,0,0,0,0,0,672
2021,"Barnet 019","E02000042",11559,4142,141,923,656,1663,59,2747,9,2,0,0,2736,0,303,17,0,2,1,2,0,0,0,0,0,0,2,0,195,4,1,0,0,0,32,2,5,0,0,0,0,0,0,1,4,10,20,0,0,0,0,0,0,0,0,2,0,0,3,925
2021,"Barnet 020","E02000043",7572,2240,165,616,1260,463,149,1801,9,5,0,1,1786,0,243,6,0,10,1,0,0,0,0,1,0,0,5,0,139,25,0,0,0,0,20,0,4,0,0,0,0,0,0,0,1,10,2,0,0,0,1,0,0,0,0,1,0,0,17,635
2021,"Barnet 021","E02000044",8847,3932,100,470,727,1459,30,1421,0,0,0,1,1420,0,99,5,0,7,3,0,0,0,0,0,0,0,0,3,21,1,0,0,0,0,30,0,6,0,2,0,0,0,0,3,0,8,6,1,0,0,0,0,1,0,0,1,0,0,1,609
2021,"Barnet 022","E02000045",10519,4162,85,461,308,1362,44,3189,7,0,0,3,3179,0,115,40,0,1,1,0,0,0,0,0,0,0,0,0,16,4,0,0,0,0,21,0,8,1,0,0,0,3,0,0,1,9,1,1,0,0,3,0,1,0,0,0,0,0,4,793
2021,"Barnet 023","E02000046",6961,2424,96,510,796,507,37,1894,8,0,0,1,1885,0,120,1,0,4,3,0,0,0,0,0,0,0,0,0,52,7,0,0,0,0,18,0,3,1,0,0,0,1,0,0,2,10,4,1,0,0,0,0,0,0,0,1,0,0,12,577
2021,"Barnet 024","E02000047",12398,5876,324,851,110,2366,20,1786,1,1,0,2,1782,0,107,9,0,0,0,0,0,0,0,0,0,0,0,0,34,9,0,0,0,0,28,0,6,0,0,0,0,0,0,5,1,6,1,0,0,0,0,0,0,0,0,0,0,0,8,958
2021,"Barnet 025","E02000048",10284,3070,69,585,2797,1202,61,1580,9,1,0,0,1570,0,106,8,0,4,0,0,0,0,0,0,1,0,0,0,44,6,0,0,0,0,23,0,3,0,0,1,0,0,0,0,5,2,3,0,0,0,0,0,0,0,0,0,0,0,6,814
2021,"Barnet 026","E02000049",10528,4406,155,426,148,2825,34,1759,6,0,0,0,1753,0,57,5,0,0,1,1,0,0,0,0,0,0,0,0,21,2,0,0,0,0,15,0,0,0,5,0,0,0,1,0,0,1,0,0,0,0,4,0,0,0,0,0,0,0,1,718
2021,"Barnet 027","E02000050",10375,3951,64,772,730,1194,64,2713,18,4,0,3,2688,0,128,15,0,1,2,0,0,0,0,0,0,1,0,0,51,10,0,0,0,0,24,0,9,0,1,0,1,0,0,0,0,3,2,1,0,0,0,0,0,0,0,2,0,0,5,759
2021,"Barnet 028","E02000051",9159,2327,91,466,3010,734,36,1638,2,5,0,0,1631,0,86,10,0,2,1,0,0,0,0,0,0,3,0,0,35,1,0,0,0,0,15,0,0,2,0,0,0,1,2,0,2,6,3,0,0,0,0,0,0,0,0,1,0,0,2,771
2021,"Barnet 029","E02000052",9849,3394,100,370,764,827,15,3566,13,3,0,1,3549,0,109,16,0,2,1,0,0,0,0,0,2,0,1,0,20,8,0,0,0,0,32,0,5,0,0,0,0,1,1,0,0,9,1,3,0,0,0,0,0,0,0,2,0,0,5,704
2021,"Barnet 031","E02000054",7634,2678,81,394,1447,1083,20,1247,3,5,0,0,1239,0,58,0,0,1,1,0,0,1,0,0,0,0,0,0,28,2,0,0,0,0,12,0,4,0,0,0,1,1,0,0,1,5,0,0,0,0,0,0,0,0,0,0,0,0,1,626
2021,"Barnet 032","E02000055",11725,3949,123,565,2996,1215,20,1721,8,3,1,1,1708,0,106,10,1,1,7,0,0,0,0,0,1,0,0,0,36,0,0,0,0,2,29,0,1,0,1,0,0,1,0,0,1,6,5,0,0,0,0,0,0,0,0,2,0,0,2,1030
2021,"Barnet 033","E02000056",9128,1790,66,268,3918,561,36,1606,9,3,0,2,1592,0,93,3,0,6,0,0,0,0,0,0,0,0,0,0,37,5,0,0,0,0,15,2,2,0,1,0,0,0,0,0,2,6,3,1,1,0,0,0,0,0,0,2,0,0,7,790
2021,"Barnet 034","E02000057",8009,1760,41,348,3516,542,7,914,0,0,0,1,913,0,48,0,0,4,0,0,0,0,0,0,0,2,0,0,19,1,0,0,0,0,10,0,1,0,0,0,0,0,1,0,2,3,3,0,0,0,0,0,0,0,0,0,0,0,2,833
2021,"Barnet 035","E02000058",10229,2451,66,330,3794,729,12,1788,7,1,0,1,1779,0,77,0,0,4,0,0,0,0,0,0,1,0,0,0,14,7,0,0,0,0,29,0,3,0,0,0,0,0,0,0,0,9,1,2,2,0,1,0,0,0,0,0,0,0,4,982
2021,"Barnet 036","E02000059",11628,5046,130,1210,278,2272,31,1767,11,2,0,0,1754,0,140,0,0,2,0,0,0,0,0,0,1,2,1,1,55,6,0,0,1,0,34,2,6,0,0,0,0,1,0,0,2,15,4,1,0,0,0,0,0,0,0,2,1,0,3,754
2021,"Barnet 037","E02000060",11562,1696,56,336,6133,679,36,1033,1,1,0,0,1031,0,72,1,0,4,1,0,0,0,0,0,0,0,0,0,30,1,0,0,0,0,19,1,7,0,2,0,0,0,0,0,0,3,1,0,0,0,1,0,0,0,0,0,0,0,1,1521
2021,"Barnet 038","E02000061",8347,2274,153,330,2150,674,28,1790,7,3,0,1,1779,0,77,0,0,8,0,0,0,0,0,1,0,0,0,0,15,11,0,0,0,0,24,0,1,0,1,1,0,0,0,0,4,3,2,1,2,0,0,0,0,0,0,0,0,0,3,871
2021,"Barnet 039","E02000062",6957,2796,104,266,144,1886,4,1184,1,1,0,0,1182,0,66,18,0,0,0,0,0,0,0,0,0,1,0,0,18,0,0,0,0,0,11,2,4,0,1,0,0,0,1,0,2,3,2,0,0,0,0,0,0,0,0,0,0,0,3,507
2021,"Barnet 040","E02000063",7585,3055,103,249,257,1834,21,1322,3,1,0,0,1318,0,60,5,0,1,0,0,0,0,0,0,0,0,0,1,16,0,0,0,0,0,17,2,2,0,0,0,0,0,0,0,0,6,1,2,0,0,1,0,0,0,0,1,0,0,5,684
2021,"Barnet 041","E02000064",6675,2379,77,208,770,1252,4,1423,3,1,0,1,1418,0,70,8,0,0,3,0,0,0,0,0,0,0,0,0,11,5,0,0,0,0,14,0,4,1,6,0,0,0,1,0,0,7,3,1,0,0,0,0,0,0,0,1,0,0,5,492
2021,"Bexley 001","E02000065",8060,5128,88,107,9,687,65,1518,4,1,0,0,1513,0,26,0,0,0,0,0,0,0,0,0,0,0,0,0,1,0,0,0,0,0,6,0,6,0,2,0,0,0,1,2,0,4,1,3,0,0,0,0,0,0,0,0,0,0,0,432
2021,"Bexley 002","E02000066",9431,5214,153,144,11,623,133,2549,3,2,0,0,2544,0,53,2,0,1,2,0,0,0,0,0,0,0,0,1,0,1,0,0,0,0,11,1,13,0,1,0,0,0,0,0,0,2,10,3,0,0,3,0,0,0,0,2,0,0,0,551
2021,"Bexley 003","E02000067",10229,5169,70,285,9,546,433,3105,1,1,0,4,3099,0,30,0,0,0,0,0,0,0,0,0,0,0,0,0,0,0,0,0,0,0,12,0,7,1,0,2,0,0,0,0,0,4,3,0,0,0,0,0,0,0,0,0,0,0,1,582
2021,"Bexley 004","E02000068",8174,4088,53,166,1,511,425,2509,0,0,0,2,2507,0,47,0,0,3,2,0,0,0,0,0,1,0,0,1,0,3,0,0,0,0,2,0,7,0,1,16,0,1,0,0,0,3,5,0,0,0,0,0,0,0,0,1,0,0,1,374
2021,"Bexley 005","E02000069",7214,3620,51,218,9,315,397,2186,8,0,0,1,2177,0,42,0,0,3,0,0,0,0,1,0,0,0,0,0,1,0,0,0,0,0,7,0,3,1,0,13,0,1,0,0,0,4,7,0,0,0,0,0,0,0,0,0,0,0,1,376
2021,"Bexley 006","E02000070",8107,4136,81,264,11,260,408,2482,5,2,0,2,2473,0,27,0,0,0,0,0,0,0,0,0,1,0,0,0,0,0,0,0,0,0,4,0,4,0,1,6,0,0,0,0,0,5,6,0,0,0,0,0,0,0,0,0,0,0,0,438
2021,"Bexley 007","E02000071",7667,3680,29,131,2,246,382,2749,0,0,0,0,2749,0,33,0,0,0,2,0,0,0,0,0,0,0,0,1,0,7,0,0,0,0,12,0,0,0,0,3,0,0,0,0,2,1,3,0,1,0,0,0,0,0,0,1,0,0,0,415
2021,"Bexley 008","E02000072",12924,6917,65,333,10,765,115,4003,2,1,0,2,3998,0,59,0,0,0,1,0,0,0,0,0,0,0,0,0,3,2,0,0,0,0,17,0,10,0,0,0,0,3,0,0,0,10,2,2,0,0,1,0,0,0,0,4,0,0,4,657
2021,"Bexley 009","E02000073",10723,5147,147,599,5,354,476,3369,1,1,0,0,3367,0,21,0,0,0,0,0,0,0,0,0,0,0,0,1,1,0,0,0,0,0,4,0,2,0,0,0,0,0,0,4,0,1,6,1,0,0,1,0,0,0,0,0,0,0,0,605
2021,"Bexley 010","E02000074",8861,4463,50,156,3,363,146,3195,3,1,0,2,3189,0,32,0,0,2,0,0,0,0,0,0,0,0,0,0,0,1,1,0,0,0,10,1,6,0,0,0,0,1,0,0,0,1,3,0,0,0,0,0,0,0,0,6,0,0,0,453
2021,"Bexley 011","E02000075",7982,4256,49,277,6,161,250,2450,3,0,0,0,2447,0,31,0,0,0,0,0,0,0,0,0,0,0,0,1,8,0,0,0,0,0,4,0,2,0,0,4,0,0,0,0,0,6,6,0,0,0,0,0,0,0,0,0,0,0,0,502
2021,"Bexley 013","E02000077",8137,3610,128,636,9,374,207,2686,1,2,1,1,2681,0,30,1,0,1,0,0,0,0,0,1,0,0,0,0,0,4,0,2,0,0,8,0,3,0,0,0,0,0,0,5,0,2,2,0,0,0,0,0,0,0,0,1,0,0,0,457
2021,"Bexley 014","E02000078",7934,4038,48,156,3,219,155,2827,4,1,0,0,2822,0,31,2,0,1,2,0,0,0,0,0,1,0,0,1,1,2,0,0,0,0,2,0,5,0,0,5,0,0,0,0,0,3,3,2,1,0,0,0,0,0,0,0,0,0,0,457
2021,"Bexley 015","E02000079",8771,4139,84,344,3,353,168,3070,2,4,0,2,3062,0,43,4,0,3,0,0,0,0,0,0,0,0,0,0,4,1,0,0,0,0,8,1,7,0,0,5,0,1,0,0,1,3,4,0,0,0,0,0,0,0,0,1,0,0,0,567
2021,"Bexley 016","E02000080",10065,4742,165,627,9,484,212,3258,6,0,0,2,3250,0,37,2,0,0,0,0,0,0,0,0,0,0,0,1,7,1,0,0,0,0,7,0,5,0,0,0,0,1,0,0,1,3,7,0,0,0,0,0,0,0,0,2,0,0,0,531
2021,"Bexley 017","E02000081",8304,4132,69,226,6,273,156,2940,0,2,0,1,2937,0,42,7,0,0,0,0,0,0,0,0,0,0,0,3,1,1,0,0,0,0,11,0,5,0,0,2,0,2,0,0,0,1,5,0,0,0,0,0,0,0,0,4,0,0,0,460
2021,"Bexley 018","E02000082",9336,4589,70,350,10,388,126,3218,3,0,0,0,3215,0,26,0,0,0,0,0,0,0,0,0,0,0,0,0,0,0,0,0,0,0,16,0,4,0,0,0,0,0,0,0,0,4,2,0,0,0,0,0,0,0,0,0,0,0,0,559
2021,"Bexley 019","E02000083",11269,5620,60,266,1,462,66,4140,2,5,0,0,4133,0,63,13,0,0,0,0,0,0,0,0,1,0,0,2,0,3,0,0,0,0,11,0,10,0,0,8,0,0,0,0,0,5,0,5,0,0,0,0,0,0,0,3,0,0,2,591
2021,"Bexley 020","E02000084",11117,5270,109,478,17,339,325,3900,4,1,0,0,3895,0,32,1,0,1,0,0,0,0,0,0,0,0,0,0,1,2,0,0,0,0,2,0,8,0,1,0,0,0,0,0,1,0,12,2,0,0,0,0,0,0,0,1,0,0,0,647
2021,"Bexley 021","E02000085",7963,3823,71,197,7,263,32,3050,8,1,0,0,3041,0,33,0,0,1,0,0,0,0,0,0,0,0,0,2,0,2,0,0,0,0,6,0,5,0,0,0,0,1,0,0,0,4,3,5,0,0,0,0,0,0,0,2,2,0,0,487
2021,"Bexley 022","E02000086",7175,3705,45,134,15,165,35,2653,5,2,0,0,2646,0,16,0,0,0,0,0,0,0,0,0,0,0,0,2,0,4,0,0,1,0,1,0,6,0,0,0,0,0,0,0,0,0,1,1,0,0,0,0,0,0,0,0,0,0,0,407
2021,"Bexley 023","E02000087",8212,4383,42,226,6,164,141,2779,4,3,0,0,2772,0,40,0,0,0,0,0,0,0,0,0,0,0,0,0,2,4,0,0,0,0,4,0,13,0,1,0,0,3,0,1,0,4,4,0,0,1,0,0,0,0,0,2,0,0,1,431
2021,"Bexley 024","E02000088",7753,3772,19,191,4,203,82,2967,4,0,0,0,2963,0,22,0,0,0,0,0,0,0,0,0,0,0,0,0,0,0,0,0,0,0,6,0,5,0,0,1,0,0,0,0,0,1,7,0,0,0,0,0,0,0,0,1,0,0,1,493
2021,"Bexley 025","E02000089",7872,3985,33,143,11,206,24,2970,3,2,0,4,2961,0,26,0,0,0,0,0,0,0,0,0,0,0,0,0,0,0,0,0,0,1,7,0,6,0,3,0,0,0,0,0,0,4,2,2,0,0,0,0,0,0,0,1,0,0,0,474
2021,"Bexley 026","E02000090",9638,4644,45,155,20,240,39,3768,4,4,0,2,3758,0,45,0,0,0,0,0,0,0,0,0,1,0,0,1,2,2,0,0,0,0,12,0,9,0,0,5,0,1,0,0,0,7,0,0,1,0,0,0,0,0,0,4,0,0,0,682
2021,"Bexley 027","E02000091",10166,5161,69,230,16,239,71,3782,8,0,0,5,3769,0,48,1,0,0,0,0,0,0,0,0,0,0,0,0,7,2,0,0,1,0,10,0,10,0,0,0,0,0,0,0,0,5,6,2,0,0,0,0,0,0,1,0,0,0,3,550
2021,"Bexley 028","E02000092",6750,3312,25,80,3,240,26,2629,3,2,0,0,2624,0,25,3,0,1,0,0,0,0,0,0,0,0,0,0,0,0,0,0,0,0,7,0,4,0,1,0,0,0,2,0,0,2,4,0,0,0,0,0,1,0,0,0,0,0,0,410
2021,"Brent 001","E02000093",11872,4503,104,3611,41,1663,61,839,2,0,0,0,837,0,245,1,0,0,0,0,0,0,0,0,0,0,0,0,191,7,0,0,0,0,26,1,1,0,0,0,0,0,0,0,0,8,2,0,0,0,1,0,0,0,0,0,0,0,7,805
2021,"Brent 002","E02000094",10459,4215,155,1494,91,2509,59,1056,4,2,0,0,1050,0,136,2,0,2,2,0,0,0,0,1,0,1,0,0,93,3,0,0,0,0,19,0,0,0,0,2,0,0,0,0,1,7,2,0,0,0,0,0,0,0,0,1,0,0,0,744
2021,"Brent 003","E02000095",10460,3659,69,3104,115,1837,39,657,4,0,0,0,653,0,365,0,0,0,0,4,0,0,0,0,0,1,0,0,301,4,0,0,0,0,34,1,0,0,2,4,0,0,1,0,0,1,7,0,0,0,0,0,0,0,0,0,0,0,5,615
2021,"Brent 004","E02000096",7630,2243,49,2668,236,790,130,514,1,2,0,0,511,0,607,1,0,0,0,0,0,0,0,0,0,0,0,0,576,6,0,0,0,0,12,0,1,1,0,0,0,0,0,0,0,4,0,0,0,0,0,0,1,0,0,0,1,0,4,393
2021,"Brent 005","E02000097",9528,4311,136,1563,59,2122,18,671,3,0,0,2,666,0,99,0,1,0,0,0,0,0,0,1,0,0,0,0,58,2,0,0,0,0,27,0,2,0,0,1,1,0,0,0,0,4,1,0,0,0,0,0,0,0,0,0,0,0,1,549
2021,"Brent 006","E02000098",8747,3005,49,1543,127,2284,46,861,2,1,0,0,858,0,173,0,0,0,0,0,0,0,0,0,0,0,0,0,112,3,0,0,0,0,34,0,2,0,1,0,0,0,0,0,2,5,0,0,0,0,1,0,0,0,1,0,0,0,12,659
2021,"Brent 007","E02000099",9558,3800,75,1868,91,2069,55,684,1,0,0,0,683,0,207,0,0,1,2,1,0,0,0,0,0,0,0,0,167,1,0,0,0,0,20,0,0,0,2,0,0,0,0,0,0,4,4,0,0,0,0,0,0,0,0,0,0,0,5,709
2021,"Brent 008","E02000100",8318,2703,112,2092,40,1556,215,812,6,3,0,1,802,0,259,0,0,0,2,0,0,0,0,0,0,0,0,0,224,3,0,0,0,0,17,0,3,0,1,0,0,0,0,0,0,6,0,1,0,0,0,0,0,0,0,0,0,0,2,529
2021,"Brent 009","E02000101",9938,3952,101,1152,103,2811,59,943,3,3,0,1,936,0,90,0,0,1,0,0,0,0,1,1,0,0,0,0,43,0,0,0,0,0,27,2,0,0,3,1,0,0,0,0,0,8,2,0,0,0,1,0,0,0,0,0,0,0,0,727
2021,"Brent 010","E02000102",8329,3139,37,816,13,3101,1,584,0,0,0,0,584,0,40,0,0,0,0,0,0,0,0,0,0,0,0,0,28,0,0,0,0,0,5,1,0,0,2,0,0,0,0,0,0,3,1,0,0,0,0,0,0,0,0,0,0,0,0,598
2021,"Brent 011","E02000103",9973,4387,85,291,38,3212,8,1085,6,0,0,1,1078,0,74,1,0,0,2,1,0,0,0,0,0,4,0,0,18,7,0,0,0,0,17,0,3,0,1,0,0,1,0,2,0,10,3,0,0,0,2,0,0,0,1,1,0,0,0,793
2021,"Brent 012","E02000104",7507,2696,61,1661,145,1583,68,631,8,1,0,1,621,0,124,0,0,0,0,0,0,0,0,0,0,0,4,0,73,6,0,0,0,0,18,1,3,0,1,0,0,0,0,0,0,5,5,1,0,0,0,0,0,0,1,0,0,0,6,538
2021,"Brent 013","E02000105",9843,3337,217,2775,9,2003,73,735,2,0,0,1,732,0,126,0,0,4,0,0,0,0,0,0,0,0,0,0,87,6,0,0,0,0,21,0,2,0,1,1,0,0,0,0,0,1,1,0,0,0,0,1,0,0,0,1,0,0,0,568
2021,"Brent 014","E02000106",10355,4451,82,763,57,3143,10,1064,1,0,0,2,1061,0,51,0,0,0,2,3,0,0,0,0,0,0,0,0,10,3,1,0,0,0,13,0,1,0,5,0,0,0,0,0,0,7,5,1,0,0,0,0,0,0,0,0,0,0,0,734
2021,"Brent 015","E02000107",10937,4484,106,259,297,2611,23,2203,4,6,0,2,2191,0,97,2,0,7,1,0,0,0,0,0,0,0,0,0,11,6,0,0,0,0,52,1,1,0,4,0,0,0,0,0,0,8,1,0,0,0,1,0,0,0,0,1,0,0,1,857
2021,"Brent 016","E02000108",7263,2526,80,2117,11,1418,39,594,0,0,0,0,594,0,78,0,0,1,0,0,0,0,0,0,0,0,0,0,33,6,0,0,0,0,11,0,2,0,2,0,0,0,0,13,0,3,1,1,3,0,0,0,0,0,0,0,0,0,2,400
2021,"Brent 018","E02000110",8177,3278,64,383,197,1729,32,1778,3,1,0,2,1772,0,63,3,0,0,0,0,0,0,0,0,0,0,0,0,5,8,0,0,1,0,24,0,1,0,0,0,0,0,0,0,0,14,4,1,0,1,0,0,0,0,0,1,0,0,0,653
2021,"Brent 019","E02000111",11285,3606,175,4400,14,1704,84,564,4,0,0,0,560,0,145,0,0,0,0,1,0,0,0,0,0,0,0,0,105,3,0,0,0,0,14,0,2,0,3,0,0,0,0,5,1,0,2,0,0,0,0,0,0,0,0,0,0,0,9,593
2021,"Brent 020","E02000112",11748,5727,96,2532,17,1775,41,820,0,0,0,1,819,0,90,0,0,1,0,1,0,0,0,0,0,0,1,0,49,0,0,0,0,0,23,0,0,0,5,0,0,0,0,0,0,2,4,0,0,0,0,0,0,0,0,1,0,0,3,650
2021,"Brent 021","E02000113",9630,3852,43,578,5,3498,9,901,5,0,0,0,896,0,66,1,0,1,4,0,0,0,0,0,0,8,0,1,6,2,0,0,0,0,24,0,0,0,13,0,0,0,0,1,0,2,1,0,1,0,0,0,0,0,0,1,0,0,0,678
2021,"Brent 022","E02000114",9002,3943,70,353,129,1704,35,2024,11,1,0,3,2009,0,83,1,0,2,2,2,0,0,0,0,0,4,0,0,6,2,0,0,0,0,43,0,2,0,0,0,0,0,0,0,1,9,2,0,0,0,0,0,0,0,0,3,0,2,2,661
2021,"Brent 023","E02000115",8623,2863,76,269,429,1775,12,2372,7,1,0,1,2363,0,106,0,0,8,1,9,0,0,0,1,0,1,0,0,6,1,0,0,0,0,34,0,5,0,3,0,0,20,0,0,0,3,8,0,0,0,0,0,0,0,1,0,0,0,5,721
2021,"Brent 024","E02000116",8547,4036,86,373,28,2296,2,1113,3,2,0,1,1107,0,59,0,0,1,0,21,0,0,0,0,0,0,0,0,0,3,0,0,0,0,14,0,3,0,0,0,0,0,0,0,0,9,5,0,0,0,0,0,0,0,2,0,0,0,1,554
2021,"Brent 025","E02000117",12734,5864,92,353,28,3888,25,1516,3,2,0,1,1510,0,64,5,0,0,1,0,0,0,0,0,0,0,0,1,3,2,0,0,0,1,26,0,1,0,10,0,0,1,0,0,0,6,2,2,0,0,2,0,0,0,0,1,0,0,0,904
2021,"Brent 026","E02000118",11292,3111,180,5333,16,1231,49,644,3,2,0,0,639,0,175,0,0,1,0,0,0,0,0,0,0,1,0,0,56,9,0,0,0,0,72,0,2,0,8,0,0,0,1,4,0,6,1,0,0,0,0,0,1,0,0,0,0,0,13,553
2021,"Brent 027","E02000119",10622,4222,74,370,22,3835,23,1284,0,0,0,0,1284,0,79,1,0,0,1,3,0,0,0,0,0,7,1,0,9,15,0,0,0,0,26,1,2,0,8,0,0,0,0,0,0,2,3,0,0,0,0,0,0,0,0,0,0,0,0,713
2021,"Brent 028","E02000120",9015,3488,77,143,183,1471,14,2836,10,10,0,1,2815,0,60,0,0,0,0,6,0,0,0,0,0,18,0,0,7,2,0,0,0,1,14,0,3,1,3,0,0,1,0,0,0,1,3,0,0,0,0,0,0,0,0,0,0,0,0,743
2021,"Brent 029","E02000121",12240,2694,122,5733,6,1945,88,886,4,0,0,0,882,0,127,0,0,0,0,0,0,0,0,0,0,0,0,0,91,3,0,0,0,0,8,2,0,0,3,0,0,1,0,6,5,5,1,0,0,0,0,0,1,0,0,1,0,0,0,639
2021,"Brent 030","E02000122",8175,3136,58,413,465,1165,24,2215,7,11,2,0,2195,0,55,0,0,0,0,0,0,0,0,1,0,6,0,0,6,6,0,0,0,2,12,1,3,1,7,0,0,0,0,0,0,9,1,0,0,0,0,0,0,0,0,0,0,0,0,644
2021,"Brent 031","E02000123",13580,6579,99,381,72,2866,20,2474,6,3,0,0,2465,0,91,1,0,1,0,0,0,0,0,0,0,1,0,0,5,4,0,0,0,0,38,0,3,1,6,0,0,0,0,0,0,22,4,0,0,0,1,0,0,0,1,1,1,0,1,998
2021,"Brent 032","E02000124",9958,4091,85,179,314,846,16,3470,7,4,0,2,3457,0,90,0,0,0,0,0,0,0,0,0,0,6,0,0,6,18,0,0,0,0,30,0,4,0,4,0,0,1,0,2,2,13,3,0,0,0,1,0,0,0,0,0,0,0,0,867
2021,"Brent 033","E02000125",9939,4431,48,521,188,965,19,2834,7,2,0,1,2824,0,85,0,0,0,0,0,0,0,0,0,0,0,0,0,11,5,0,0,1,1,25,1,9,0,4,0,0,1,0,0,0,18,3,1,0,0,0,0,0,0,0,2,0,0,3,848
2021,"Brent 034","E02000126",8195,3242,44,183,86,2338,15,1614,4,0,0,3,1607,0,40,0,0,1,0,1,0,0,0,0,0,0,0,0,3,0,0,0,0,0,11,0,2,0,13,0,0,0,0,0,0,5,3,0,0,0,0,0,0,0,0,1,0,0,0,633
2021,"Bromley 001","E02000127",9330,4585,75,229,15,381,34,3423,9,0,0,0,3414,0,54,0,0,0,0,0,0,0,0,0,0,0,0,0,1,2,0,0,0,1,9,1,6,0,3,0,0,0,0,0,1,14,9,0,0,0,2,0,0,0,0,2,1,0,2,534
2021,"Bromley 002","E02000128",7790,3699,30,164,17,348,29,2963,4,2,0,1,2956,0,35,3,0,0,0,0,0,0,0,0,0,0,0,0,0,0,0,0,0,0,10,0,15,1,0,0,0,0,0,0,0,4,2,0,0,0,0,0,0,0,0,0,0,0,0,505
2021,"Bromley 004","E02000130",8423,3371,76,93,35,461,32,3618,10,4,0,5,3599,0,58,1,0,0,0,0,0,0,0,1,0,0,0,0,1,1,0,0,0,0,17,1,10,0,0,0,0,0,0,0,3,11,8,1,0,0,0,0,0,0,0,1,0,0,2,679
2021,"Bromley 005","E02000131",10482,4247,93,119,48,550,18,4521,33,8,0,2,4478,0,122,2,1,2,0,0,0,0,0,1,0,0,0,0,3,3,2,0,0,0,37,2,10,0,5,0,1,4,0,0,3,32,6,1,0,0,2,0,1,0,0,3,0,0,1,764
2021,"Bromley 006","E02000132",9837,4422,92,213,66,391,35,3862,9,1,0,3,3849,0,71,7,0,0,0,0,0,0,0,0,2,4,0,0,6,5,0,0,0,0,12,0,7,4,2,0,0,1,1,0,0,12,3,0,0,0,2,0,0,0,0,3,0,0,0,685
2021,"Bromley 007","E02000133",10752,5518,41,347,69,341,80,3551,10,5,0,0,3536,0,48,0,0,1,0,0,0,0,1,1,2,0,0,0,6,5,0,0,0,0,10,0,4,0,1,0,0,0,0,0,0,8,2,1,1,0,0,0,0,0,0,0,0,0,5,757
2021,"Bromley 008","E02000134",11750,5325,102,313,22,369,30,4669,7,1,1,5,4655,0,83,0,0,5,0,0,0,0,0,0,0,0,0,0,4,3,0,0,0,0,28,0,10,1,10,0,0,1,0,0,0,6,8,1,1,0,0,0,1,0,0,1,0,0,3,837
2021,"Bromley 009","E02000135",9873,4471,88,126,19,846,15,3493,5,2,0,3,3483,0,75,0,0,1,1,0,0,0,0,1,0,0,0,0,0,5,0,0,0,0,23,1,5,0,3,0,0,1,0,0,0,19,8,1,1,0,0,0,0,0,0,1,0,1,3,740
2021,"Bromley 010","E02000136",5747,2975,40,165,8,185,43,1941,0,7,0,0,1934,0,27,0,0,0,0,0,0,0,0,0,0,0,0,0,6,4,0,0,0,0,8,0,2,0,0,0,0,0,0,0,0,1,5,0,0,0,0,0,0,0,0,1,0,0,0,363
2021,"Bromley 011","E02000137",8401,4069,55,245,57,258,28,3148,12,6,0,0,3130,0,42,4,0,0,0,0,0,0,0,0,0,0,0,0,2,5,0,0,0,0,7,0,2,1,2,0,1,0,0,0,1,6,3,2,0,0,0,3,0,0,0,0,0,0,3,499
2021,"Bromley 012","E02000138",8506,4325,38,222,54,215,21,3045,2,1,0,3,3039,0,38,0,0,0,3,0,0,0,0,0,0,0,0,0,4,3,0,0,0,0,14,1,1,0,0,0,0,0,0,0,0,4,4,1,0,0,0,0,0,0,0,1,0,0,2,548
2021,"Bromley 013","E02000139",7715,3121,58,119,13,283,13,3534,6,2,0,3,3523,0,59,0,0,1,0,0,0,0,0,0,0,0,0,3,2,0,0,0,0,0,24,0,8,0,4,0,1,4,0,0,0,5,2,1,0,1,0,0,0,0,0,3,0,0,0,515
2021,"Bromley 014","E02000140",8681,3957,41,175,11,360,23,3567,3,0,0,1,3563,0,65,15,0,1,0,0,0,0,0,0,0,0,0,0,1,4,0,0,0,0,9,0,6,1,0,0,0,1,0,3,0,7,2,0,0,0,0,12,0,0,0,0,0,3,0,482
2021,"Bromley 015","E02000141",7230,3218,28,62,18,356,20,2927,4,4,0,3,2916,0,40,1,0,0,0,0,0,0,0,0,0,0,0,0,1,3,0,0,0,0,13,0,5,0,1,0,0,0,0,0,0,10,1,0,1,0,2,0,0,0,0,2,0,0,0,561
2021,"Bromley 016","E02000142",8815,4185,54,367,19,231,29,3320,4,1,0,1,3314,0,40,0,0,0,0,0,0,0,0,0,0,0,0,0,4,4,0,0,0,0,9,0,4,0,0,0,0,0,0,6,0,7,3,0,0,0,0,0,0,0,0,3,0,0,0,570
2021,"Bromley 018","E02000144",10064,4429,98,501,18,460,30,3765,6,4,0,1,3754,0,55,4,0,4,0,0,0,0,0,2,0,0,0,0,8,0,0,0,0,0,9,2,4,0,1,0,0,0,0,0,0,12,2,0,0,0,0,0,0,0,0,1,0,0,6,708
2021,"Bromley 019","E02000145",8822,4370,61,166,10,310,14,3300,1,0,0,0,3299,0,42,0,0,0,1,0,0,0,0,0,0,0,0,0,0,4,0,0,0,0,17,0,2,0,0,0,0,0,0,0,0,3,7,0,0,0,2,0,0,0,0,3,0,0,3,549
2021,"Bromley 020","E02000146",9698,4339,83,253,17,316,41,3961,11,6,0,3,3941,0,42,0,0,0,0,0,0,0,0,0,1,0,0,0,0,0,0,0,0,0,16,0,6,0,2,0,0,2,0,0,0,7,2,0,0,2,0,2,0,0,0,2,0,0,0,646
2021,"Bromley 021","E02000147",8190,4231,47,325,34,276,39,2690,1,2,0,3,2684,0,27,0,0,0,0,0,0,0,0,0,0,0,0,0,2,0,0,0,0,0,3,0,4,0,2,0,0,0,0,0,1,3,1,0,2,0,0,0,0,0,0,2,0,0,7,521
2021,"Bromley 022","E02000148",6725,3576,56,185,29,138,39,2271,4,1,1,0,2265,0,44,0,0,0,0,0,0,0,0,1,1,0,0,0,5,3,0,0,0,0,5,0,3,0,1,0,0,1,0,0,0,11,8,0,0,0,0,0,0,0,0,0,0,0,5,387
2021,"Bromley 023","E02000149",8165,3838,41,178,12,240,32,3360,2,4,0,0,3354,0,16,3,0,0,0,0,0,0,0,0,0,0,0,0,0,1,0,0,0,0,2,1,6,0,0,0,0,0,0,0,0,2,0,0,0,0,0,0,0,0,0,0,0,0,1,448
2021,"Bromley 024","E02000150",8514,4324,33,171,41,285,12,3078,2,2,0,2,3071,1,59,0,0,0,1,0,1,0,0,0,0,0,0,1,0,2,0,0,0,0,22,0,9,0,4,0,0,1,0,0,0,6,8,1,0,0,0,0,0,0,0,0,0,0,3,511
2021,"Bromley 025","E02000151",7547,3913,50,320,25,134,34,2580,1,3,0,1,2575,0,57,0,0,0,0,0,0,0,0,0,1,0,0,1,16,2,0,0,0,0,10,0,4,0,4,0,0,0,0,0,3,7,8,0,0,0,0,0,0,0,0,1,0,0,0,434
2021,"Bromley 026","E02000152",7964,3934,35,200,17,292,20,2873,5,3,0,0,2865,0,48,0,0,0,1,0,0,0,0,0,0,0,0,2,1,3,0,0,0,0,17,0,9,0,1,0,0,0,0,0,2,6,3,1,0,0,0,0,0,0,0,0,0,1,1,545
2021,"Bromley 027","E02000153",8108,4046,45,212,16,175,4,3070,7,0,0,0,3063,0,27,0,0,0,0,0,0,0,0,0,0,1,0,0,2,0,0,0,0,0,5,0,5,0,0,0,0,0,0,0,2,2,4,1,0,0,0,0,0,0,0,0,0,0,5,513
2021,"Bromley 028","E02000154",8526,4116,88,438,29,264,22,3025,6,0,0,1,3018,0,39,3,0,1,0,0,0,0,0,0,1,0,1,0,4,2,0,0,0,0,8,0,3,1,0,0,0,1,0,0,0,5,3,0,0,0,0,0,0,0,0,1,0,0,5,505
2021,"Bromley 029","E02000155",7155,3643,60,262,11,176,13,2483,6,2,0,1,2474,0,22,1,0,1,0,0,0,0,0,0,0,0,0,1,2,1,0,0,0,0,6,0,2,0,0,0,0,0,0,0,0,3,1,0,0,0,0,2,0,0,0,1,0,0,1,485
2021,"Bromley 030","E02000156",12294,6537,31,326,43,306,19,4232,1,1,0,5,4225,0,51,20,0,1,0,0,0,0,0,0,0,0,0,1,0,1,0,0,1,0,8,0,3,0,1,0,0,2,0,0,1,2,6,2,0,0,0,0,0,0,0,0,1,0,1,749
2021,"Bromley 031","E02000157",8366,4262,43,522,31,147,14,2848,1,0,0,6,2841,0,17,0,0,0,0,0,0,0,0,0,0,0,0,0,0,0,0,0,0,0,5,0,4,0,0,4,0,0,0,0,0,1,0,2,0,1,0,0,0,0,0,0,0,0,0,482
2021,"Bromley 032","E02000158",7786,3910,67,372,11,245,18,2617,1,4,0,0,2612,0,29,0,0,1,0,0,0,0,0,0,1,0,3,0,5,0,0,0,0,0,8,0,4,1,0,0,1,0,0,0,0,1,1,1,1,0,0,0,0,0,0,1,0,0,0,517
2021,"Bromley 033","E02000159",7119,3720,32,232,15,187,27,2516,3,1,0,3,2509,0,15,2,1,0,0,0,0,0,0,0,0,0,0,0,0,0,0,0,0,0,5,0,2,0,0,0,0,1,0,0,0,1,3,0,0,0,0,0,0,0,0,0,0,0,0,375
2021,"Bromley 034","E02000160",8109,4162,35,103,18,129,16,3094,6,1,0,0,3087,0,25,5,0,0,0,0,0,0,0,0,0,0,0,0,1,0,0,0,0,0,7,0,2,0,0,0,0,1,0,0,0,3,2,0,1,0,0,0,0,0,0,1,0,0,2,527
2021,"Bromley 035","E02000161",8705,4088,68,776,18,173,54,2940,3,4,0,0,2933,0,48,0,0,0,1,0,0,0,0,1,0,0,0,0,16,0,0,0,0,0,14,0,3,0,0,0,0,2,0,0,0,2,6,0,0,0,0,0,0,0,0,1,0,0,2,540
2021,"Bromley 036","E02000162",7122,3812,23,253,8,156,22,2433,3,1,0,0,2429,0,36,4,0,2,0,0,0,0,0,0,0,0,0,2,4,3,0,0,0,0,2,0,5,0,5,0,1,0,0,0,0,3,2,1,0,0,0,0,0,0,0,0,0,0,2,379
2021,"Bromley 037","E02000163",7713,3747,51,427,18,125,63,2804,2,2,0,1,2799,0,32,1,0,1,0,0,0,0,0,0,0,0,0,0,3,0,0,0,0,0,5,0,9,0,0,0,0,3,0,0,0,5,3,1,1,0,0,0,0,0,0,0,0,0,0,446
2021,"Bromley 039","E02000165",7172,3395,21,25,14,44,14,3184,0,2,0,2,3180,0,22,2,0,1,0,0,0,0,0,0,0,0,0,1,0,1,0,0,0,0,5,0,1,0,0,0,0,0,0,0,0,1,4,0,0,0,0,0,0,0,0,4,0,0,2,453
2021,"Camden 001","E02000166",7742,2603,56,26,406,643,11,3307,7,8,0,11,3281,0,59,7,0,0,3,0,0,0,0,0,0,0,0,0,2,0,0,0,0,0,19,0,10,1,1,0,0,0,0,1,0,7,3,1,0,0,0,0,1,0,0,1,0,0,2,631
2021,"Camden 002","E02000167",7199,2348,87,138,795,247,18,2729,10,8,0,3,2708,0,85,0,0,8,1,0,0,0,0,1,3,0,0,0,8,6,0,0,0,0,19,0,5,2,1,0,0,3,0,0,1,17,1,1,0,0,0,0,0,0,0,0,4,0,4,752
2021,"Camden 003","E02000168",7812,2424,53,55,259,626,13,3712,14,7,0,1,3690,0,66,0,1,1,0,0,0,0,0,0,0,0,1,0,6,12,0,0,0,0,16,0,7,0,2,0,0,0,0,0,1,10,2,3,0,0,0,0,1,0,0,1,0,0,2,604
2021,"Camden 004","E02000169",7180,2304,51,259,1116,472,21,2177,7,4,0,7,2159,0,80,0,0,2,0,0,0,0,0,0,0,0,0,0,14,4,0,0,0,0,22,0,2,1,0,0,0,2,0,0,5,14,3,3,0,0,0,0,0,0,0,0,0,1,7,700
2021,"Camden 005","E02000170",7911,2821,79,264,683,789,25,2542,10,2,0,1,2529,0,56,2,0,4,0,0,0,0,0,0,0,0,0,1,11,2,0,0,0,0,16,0,3,0,0,0,0,0,0,0,1,8,1,2,0,0,0,0,0,0,0,0,0,0,5,652
2021,"Camden 006","E02000171",7392,2416,69,110,384,704,35,2966,7,6,0,4,2949,0,59,0,0,3,1,0,0,0,0,1,1,0,0,0,2,2,0,0,0,0,21,0,5,0,0,0,0,0,0,0,2,8,7,2,0,0,0,0,1,0,0,2,1,0,0,649
2021,"Camden 007","E02000172",9995,3262,73,89,152,2221,2,3374,13,3,0,0,3358,0,66,6,0,3,2,0,0,0,0,0,0,0,0,0,3,4,0,0,1,0,12,0,7,2,4,0,0,0,2,0,3,7,5,2,0,0,0,0,1,0,0,1,0,0,1,756
2021,"Camden 008","E02000173",7496,2467,113,282,819,516,27,2450,9,1,0,3,2437,0,66,0,0,2,1,0,0,0,0,0,0,1,0,0,12,2,0,0,0,0,18,2,4,0,4,0,0,0,0,0,4,7,1,1,0,0,0,0,0,0,0,1,0,0,6,756
2021,"Camden 009","E02000174",8086,2465,53,55,193,1186,10,3326,8,6,2,9,3301,0,70,9,0,7,1,0,0,0,0,0,0,0,0,1,1,3,0,0,0,0,15,0,5,1,0,0,0,1,0,0,1,20,2,0,2,0,0,0,0,0,0,0,0,0,1,728
2021,"Camden 010","E02000175",9083,2827,118,257,595,989,18,3421,11,5,0,1,3404,0,93,2,0,0,0,0,0,0,1,1,1,3,0,0,17,2,0,0,0,0,25,0,7,0,0,0,0,1,3,0,4,15,5,0,0,0,0,0,0,0,0,0,0,0,6,765
2021,"Camden 011","E02000176",5909,1891,94,163,665,252,16,2230,11,5,0,1,2213,0,61,0,0,0,0,0,0,0,0,0,1,0,0,1,14,3,0,0,1,0,18,0,4,0,1,0,0,0,0,0,4,5,0,2,1,0,0,0,0,0,0,0,0,0,6,537
2021,"Camden 012","E02000177",8489,2715,70,94,277,1809,14,2751,11,7,0,1,2732,0,76,1,0,2,0,0,0,0,0,0,0,5,0,1,3,4,0,0,0,0,17,3,8,0,7,0,0,2,0,0,1,18,0,0,0,0,1,0,0,0,0,1,0,0,2,683
2021,"Camden 013","E02000178",8904,3042,77,166,311,1742,17,2787,7,5,0,6,2769,0,78,1,0,2,1,2,0,0,0,1,0,6,0,0,11,3,0,0,0,0,17,1,5,2,4,0,0,0,0,0,0,8,7,3,0,0,1,0,0,0,0,2,0,0,1,684
2021,"Camden 014","E02000179",5748,1674,62,109,564,959,8,1762,5,1,0,1,1755,0,45,2,0,2,0,0,0,0,0,0,0,0,0,1,3,11,0,0,0,0,16,0,1,1,0,1,0,0,0,0,0,4,1,0,0,0,0,0,0,0,0,0,0,0,2,565
2021,"Camden 015","E02000180",7881,2275,85,72,128,1412,11,3175,12,5,0,3,3155,0,68,3,0,3,1,0,0,0,0,0,1,0,0,0,2,2,0,0,0,0,22,3,5,0,1,0,0,0,0,0,0,15,1,3,1,0,1,0,1,0,0,0,0,0,3,655
2021,"Camden 016","E02000181",8075,2426,105,259,681,673,22,3108,9,3,0,1,3095,0,76,0,0,2,0,0,0,0,0,0,1,0,0,0,15,6,0,0,1,0,28,4,3,0,0,1,0,0,0,0,0,8,0,2,1,0,1,0,0,0,0,2,0,0,1,725
2021,"Camden 017","E02000182",7121,1969,188,350,608,1168,16,2034,5,6,0,0,2023,0,57,8,0,2,0,0,0,0,0,2,0,0,0,0,5,5,0,0,0,0,8,0,2,0,0,0,0,2,0,0,4,6,3,0,4,0,0,0,0,0,0,4,0,0,2,731
2021,"Camden 018","E02000183",7590,2721,56,85,457,799,14,2752,13,5,0,4,2730,0,71,2,0,0,0,0,0,0,0,1,0,0,0,0,2,4,0,0,0,0,24,1,12,1,2,0,0,1,0,0,0,14,3,0,0,0,0,0,1,0,0,1,1,0,1,635
2021,"Camden 019","E02000184",8906,2671,83,120,95,1860,27,3186,11,6,0,2,3167,0,54,6,1,0,0,0,0,0,0,0,0,0,0,0,2,2,0,0,0,0,14,1,7,1,1,0,0,0,0,0,4,8,1,2,1,0,0,0,2,0,0,1,0,0,0,810
2021,"Camden 020","E02000185",8885,2941,103,105,219,2588,18,2082,8,1,0,3,2070,0,113,5,1,8,3,0,0,0,0,1,2,0,0,0,19,7,0,0,0,0,30,0,3,2,3,0,0,3,1,1,2,9,4,1,0,0,0,0,1,0,1,3,0,0,3,716
2021,"Camden 021","E02000186",6224,1907,85,100,196,922,18,2366,10,5,0,2,2349,0,68,4,0,1,1,0,0,0,1,1,0,0,0,0,1,7,0,0,2,0,19,1,4,0,0,0,0,1,0,0,0,17,5,0,2,0,0,0,0,0,0,1,0,0,0,562
2021,"Camden 022","E02000187",9783,2782,125,135,55,3264,22,2532,7,1,0,2,2522,0,60,4,0,0,1,0,0,0,0,1,0,0,0,0,9,0,0,0,0,0,19,0,2,1,5,0,0,0,1,0,1,6,4,1,0,0,0,0,0,0,1,0,2,2,0,808
2021,"Camden 023","E02000188",7178,2094,63,92,52,2389,17,1767,10,3,0,1,1753,0,48,3,0,0,1,0,0,0,0,0,0,0,0,1,6,1,0,0,0,0,15,0,6,0,1,1,0,0,0,0,0,7,1,3,0,0,1,0,0,0,0,1,0,0,0,656
2021,"Camden 026","E02000191",5336,1614,103,174,89,593,18,2087,10,4,0,1,2072,0,64,1,1,1,0,0,0,0,0,0,0,0,0,0,5,5,0,0,0,0,28,0,2,0,1,0,0,1,1,0,1,9,2,2,0,0,1,0,0,0,0,0,0,0,3,594
2021,"Camden 027","E02000192",6660,2099,58,59,62,1600,7,2125,5,3,0,1,2116,0,47,1,0,0,2,0,0,0,0,0,0,0,0,0,1,1,0,0,0,1,17,1,4,1,0,0,0,1,0,0,0,6,5,1,0,0,0,0,0,0,0,2,0,0,3,603
2021,"Camden 028","E02000193",5964,1947,115,117,95,765,19,2281,3,2,0,6,2270,0,48,1,0,1,0,0,0,0,0,0,0,0,0,1,4,3,0,0,0,0,10,2,5,0,0,0,1,0,0,1,1,11,3,1,0,0,0,0,0,0,0,0,0,0,3,577
2021,"Croydon 001","E02000194",9210,3816,101,120,14,552,12,3874,3,11,1,2,3857,0,75,0,0,2,1,0,0,0,1,0,0,0,0,0,4,0,0,0,0,0,28,1,14,0,4,0,0,1,0,1,0,12,3,1,0,0,0,2,0,0,0,0,0,0,0,646
2021,"Croydon 002","E02000195",9648,4375,82,556,12,1532,55,2227,5,5,1,1,2215,0,95,0,0,0,0,0,0,0,0,1,0,0,0,1,51,0,0,0,0,0,18,0,4,0,3,0,0,0,0,0,0,4,6,0,0,0,0,0,0,0,0,2,2,0,3,714
2021,"Croydon 003","E02000196",7914,3689,26,405,2,1638,74,1392,7,3,0,0,1382,0,82,2,0,0,2,0,0,0,0,0,1,0,0,0,23,5,0,0,0,0,20,1,3,0,4,0,0,0,0,0,1,6,4,1,0,0,5,0,0,0,0,2,0,0,2,606
2021,"Croydon 004","E02000197",9024,4388,41,497,17,1657,116,1564,6,1,0,0,1557,0,112,1,0,0,0,0,0,0,0,0,0,0,0,0,32,4,0,0,0,0,37,0,1,0,3,0,0,0,4,3,0,8,13,0,2,0,0,0,0,0,0,0,0,0,4,632
2021,"Croydon 005","E02000198",8887,5012,41,147,1,1063,21,1895,4,0,0,1,1890,0,76,1,0,4,0,0,0,0,0,0,0,0,0,3,11,2,0,0,0,0,24,0,5,1,5,0,0,0,0,3,1,6,4,0,0,0,2,2,1,0,0,1,0,0,0,631
2021,"Croydon 006","E02000199",8412,4619,38,187,6,864,18,1970,2,1,0,3,1964,0,90,0,1,0,0,0,0,0,0,0,0,0,0,0,2,4,0,0,0,0,49,0,8,0,8,0,0,2,0,0,0,8,3,0,0,0,1,0,0,0,3,0,0,0,1,620
2021,"Croydon 007","E02000200",9049,4578,58,127,49,796,15,2766,5,5,0,1,2755,0,52,3,0,0,2,0,0,0,0,0,1,0,0,0,0,0,0,0,0,0,18,1,5,0,3,0,0,1,0,0,1,7,2,1,0,0,0,0,0,0,1,3,0,0,3,608
2021,"Croydon 008","E02000201",8694,4467,63,120,11,901,15,2417,5,3,0,1,2408,0,89,4,1,0,2,0,0,0,0,0,0,0,0,0,4,3,0,0,0,0,16,0,3,0,3,1,0,1,0,0,0,14,35,1,0,0,0,0,0,0,0,1,0,0,0,611
2021,"Croydon 009","E02000202",8934,4391,34,852,9,1703,65,1135,4,0,0,2,1129,0,124,0,0,0,5,0,0,0,0,1,0,0,0,0,49,3,0,0,0,0,24,0,3,0,9,0,1,0,0,0,1,14,6,0,0,0,0,7,0,0,0,1,0,0,0,621
2021,"Croydon 010","E02000203",7966,4209,44,379,11,1169,38,1416,4,0,0,1,1411,0,55,7,0,0,5,0,0,0,0,0,1,0,1,0,7,1,0,0,0,0,17,0,3,0,3,0,1,1,0,0,0,1,6,1,0,0,0,0,0,0,0,0,0,0,0,645
2021,"Croydon 011","E02000204",9654,4103,39,1222,8,2262,89,1011,2,1,0,0,1008,0,210,4,0,0,0,0,0,0,0,0,0,0,0,0,149,1,0,0,0,0,33,1,4,0,7,0,0,0,0,0,0,7,2,1,0,0,1,0,0,0,0,0,0,0,0,710
2021,"Croydon 013","E02000206",10818,5748,57,459,19,1142,23,2399,4,3,0,0,2392,0,86,5,0,1,0,0,0,0,0,0,0,0,0,0,1,1,0,0,0,0,30,2,10,0,6,0,0,0,1,0,0,13,6,2,0,0,0,5,0,0,0,3,0,0,0,885
2021,"Croydon 014","E02000207",8901,4730,51,200,25,725,33,2410,3,2,0,1,2404,0,44,3,0,2,2,0,0,0,0,0,0,0,1,0,3,6,0,0,0,0,7,0,5,0,2,0,0,0,0,2,0,6,4,0,0,0,0,0,0,0,0,1,0,0,0,683
2021,"Croydon 015","E02000208",10863,5056,27,864,11,2212,31,1783,9,1,0,0,1773,0,85,6,0,0,1,0,0,0,0,0,0,0,3,0,11,4,0,0,0,0,27,0,5,1,2,0,0,0,0,0,0,16,5,0,0,0,3,0,0,0,0,1,0,0,0,794
2021,"Croydon 016","E02000209",9063,4017,49,1782,5,1416,45,1102,1,0,0,0,1101,0,71,9,0,0,0,0,0,0,0,0,0,0,0,0,28,4,0,0,0,0,9,1,5,0,2,0,0,1,1,0,0,5,2,3,0,0,0,0,0,0,0,0,0,0,1,576
2021,"Croydon 017","E02000210",8714,4477,52,277,8,680,16,2522,7,0,0,0,2515,0,53,0,0,0,0,0,0,0,0,0,0,0,1,0,1,3,0,0,0,0,20,0,7,1,3,0,0,1,0,0,0,8,3,0,0,0,1,0,0,0,0,1,0,0,3,629
2021,"Croydon 018","E02000211",8270,4332,27,482,5,415,58,2337,4,0,0,0,2333,0,40,0,0,0,0,0,0,0,0,0,0,0,0,0,13,3,0,0,0,0,7,0,4,0,3,0,0,1,1,0,0,1,6,0,0,0,0,0,0,0,0,1,0,0,0,574
2021,"Croydon 019","E02000212",9461,4430,40,1225,12,1619,23,1409,2,0,0,1,1406,0,49,2,0,0,1,0,0,0,0,0,1,0,0,1,4,1,0,0,0,0,16,0,4,0,5,0,0,0,0,0,0,4,8,1,0,0,0,0,0,0,0,1,0,0,0,654
2021,"Croydon 020","E02000213",12796,6284,147,744,14,1808,52,2649,8,3,0,0,2638,0,78,0,0,2,2,0,0,0,0,0,0,0,0,2,3,3,0,0,0,0,27,1,4,0,6,0,0,0,2,0,0,15,2,1,0,0,3,0,0,0,0,2,0,0,3,1020
2021,"Croydon 021","E02000214",6236,3310,26,271,11,496,16,1656,2,6,0,2,1646,0,51,0,0,0,1,0,0,0,0,0,0,0,0,0,25,1,0,0,0,0,9,0,1,0,1,0,0,0,0,0,0,4,2,1,0,0,0,0,1,0,0,1,0,0,4,399
2021,"Croydon 022","E02000215",11826,5481,58,805,19,1224,30,3285,8,1,0,3,3273,0,102,8,0,0,1,0,0,0,0,0,0,0,0,1,11,3,0,0,0,0,39,0,8,0,5,0,0,2,0,0,4,9,7,0,0,0,0,0,0,0,0,3,1,0,0,822
2021,"Croydon 023","E02000216",7162,2738,60,1484,21,892,45,1328,4,2,0,1,1321,0,161,8,0,0,1,0,0,0,0,0,0,0,0,0,94,5,0,0,0,0,18,0,9,0,6,0,0,0,1,0,0,6,7,2,0,0,0,0,0,0,0,2,0,0,2,433
2021,"Croydon 024","E02000217",11926,5931,121,620,14,1204,43,3011,9,2,0,2,2998,0,94,2,0,0,1,0,0,0,0,0,1,0,1,2,10,10,0,0,0,0,21,0,11,0,9,0,0,0,0,0,0,12,7,1,0,0,0,0,0,0,0,0,0,5,1,888
2021,"Croydon 025","E02000218",6671,3482,17,277,12,738,22,1615,5,1,0,0,1609,0,48,7,0,0,0,0,0,0,0,0,0,0,0,0,4,2,0,0,2,0,12,0,10,0,1,0,0,0,0,0,0,3,1,0,0,0,0,0,0,0,0,4,0,0,2,460
2021,"Croydon 026","E02000219",7627,4008,85,525,14,517,51,1854,4,1,0,0,1849,0,70,1,0,0,0,0,0,0,0,0,1,0,0,1,34,1,0,0,0,0,15,0,4,0,1,0,1,0,0,0,1,2,5,0,0,0,1,0,0,0,0,1,0,0,1,503
2021,"Croydon 028","E02000221",10859,5097,100,758,14,1263,35,2712,3,1,0,3,2705,0,123,11,0,0,2,0,0,0,0,0,0,0,0,2,16,8,0,0,0,0,12,2,7,0,7,0,0,2,0,0,0,39,5,0,2,0,1,1,0,0,0,3,0,0,3,757
2021,"Croydon 029","E02000222",8350,3994,42,443,20,537,21,2711,9,0,0,6,2696,0,71,4,0,0,0,0,0,0,0,0,0,0,0,0,36,2,0,0,0,0,5,0,8,0,2,0,0,0,0,0,0,6,5,0,0,0,0,1,0,0,0,2,0,0,0,511
2021,"Croydon 030","E02000223",8530,4262,19,134,5,851,6,2730,1,0,0,0,2729,0,44,0,0,0,0,0,0,0,0,0,0,0,0,0,4,0,0,0,0,0,12,0,9,0,2,0,0,0,0,0,1,2,2,0,0,0,0,2,0,0,0,4,0,6,0,479
2021,"Croydon 031","E02000224",8051,3980,68,428,8,573,30,2410,9,3,0,0,2398,0,48,0,0,0,0,0,0,0,0,0,0,0,0,0,18,0,0,0,0,0,13,0,5,0,1,0,0,0,0,0,1,3,0,1,0,0,0,0,0,0,0,4,0,0,2,506
2021,"Croydon 032","E02000225",7501,3786,11,109,10,419,28,2675,1,1,0,0,2673,0,29,6,0,0,1,0,0,0,0,1,0,0,0,0,1,3,0,0,0,0,2,0,5,0,1,0,0,0,0,0,1,0,7,0,0,0,0,0,0,0,0,1,0,0,0,434
2021,"Croydon 033","E02000226",7614,3903,54,560,14,503,28,2013,6,0,0,5,2002,0,61,0,0,0,1,0,0,0,0,0,0,0,1,1,24,0,0,0,0,0,15,1,5,0,2,0,0,0,0,0,0,2,7,0,0,0,0,0,0,0,0,0,0,0,2,478
2021,"Croydon 034","E02000227",11681,5934,59,337,24,717,37,3811,3,3,1,2,3802,0,38,0,0,0,0,0,0,0,0,0,0,0,1,1,5,2,0,0,0,0,6,1,5,0,1,0,0,1,0,0,0,5,5,4,0,0,1,0,0,0,0,0,0,0,0,724
2021,"Croydon 035","E02000228",7956,4078,49,578,23,376,51,2313,0,2,0,3,2308,0,28,0,0,0,0,0,0,0,0,0,0,0,0,0,7,1,0,0,0,0,7,0,6,1,0,0,0,0,0,0,0,3,2,0,0,0,0,0,0,0,0,0,1,0,0,460
2021,"Croydon 036","E02000229",6233,3155,22,87,8,311,6,2283,1,0,0,1,2281,0,23,0,0,0,1,0,0,0,0,0,0,0,3,0,1,0,0,0,0,0,2,0,1,0,3,0,2,0,0,0,0,3,6,0,0,0,0,0,0,0,0,0,0,0,1,338
2021,"Croydon 037","E02000230",10504,5071,105,705,17,844,63,2834,8,6,0,1,2819,0,75,0,0,0,4,0,0,0,0,0,0,0,0,0,19,5,1,0,0,0,20,0,7,0,1,0,0,1,0,0,0,11,5,0,1,0,0,0,0,0,0,0,0,0,0,790
2021,"Croydon 038","E02000231",7929,3672,44,947,13,819,116,1737,3,0,0,1,1733,0,75,0,0,0,0,0,0,0,0,0,0,0,0,0,41,5,0,0,0,0,9,0,5,0,0,0,2,2,0,0,0,2,3,5,0,0,0,0,0,0,0,0,0,0,1,506
2021,"Croydon 039","E02000232",6196,2977,24,305,18,324,36,2056,2,0,0,1,2053,0,17,0,0,0,0,0,0,0,0,0,0,0,0,0,5,4,0,0,0,0,4,0,0,0,1,0,0,0,0,0,0,1,2,0,0,0,0,0,0,0,0,0,0,0,0,439
2021,"Croydon 040","E02000233",6362,3048,34,351,12,395,16,2071,4,1,0,0,2066,0,41,0,0,0,1,0,0,0,0,0,0,0,0,0,15,7,0,0,0,0,6,0,1,2,0,0,0,0,2,0,0,1,2,0,0,0,0,0,0,0,0,1,0,0,3,394
2021,"Croydon 041","E02000234",9452,4483,76,538,15,683,26,2912,5,1,0,3,2903,0,64,1,0,9,0,0,0,0,0,0,1,0,0,0,10,3,0,0,0,0,17,1,2,1,0,0,0,1,0,0,0,7,3,0,0,0,0,0,0,0,0,4,0,0,4,655
2021,"Croydon 042","E02000235",6892,3413,27,336,10,307,26,2318,2,2,0,2,2312,0,30,0,0,0,1,0,0,0,0,0,0,0,0,0,8,2,0,0,0,0,9,1,0,0,0,0,0,0,2,0,0,1,2,0,0,0,1,0,0,0,0,1,0,0,2,425
2021,"Croydon 043","E02000236",9130,4221,43,496,27,392,37,3327,9,1,0,2,3315,0,32,0,0,0,0,0,0,0,0,0,1,0,0,0,8,2,0,0,0,0,7,0,5,1,1,0,0,0,0,0,0,1,5,0,0,0,0,0,0,0,0,1,0,0,0,555
2021,"Croydon 044","E02000237",7603,4180,28,204,6,186,18,2449,3,0,0,3,2443,0,34,0,0,0,0,0,0,0,0,0,0,0,0,0,3,3,0,0,0,0,12,0,5,0,0,0,0,0,0,0,0,2,8,0,0,0,0,0,0,0,0,1,0,0,0,498
2021,"Ealing 001","E02000238",10704,4787,174,1687,23,1765,189,1313,2,0,0,0,1311,0,55,0,0,1,0,0,0,0,0,0,0,4,0,0,15,2,0,0,0,0,9,0,1,0,1,0,0,0,0,14,1,4,0,0,0,0,0,0,0,1,0,0,0,0,2,711
2021,"Ealing 002","E02000239",9040,3613,139,1747,8,1761,184,873,1,1,0,2,869,0,105,3,0,1,0,1,0,0,0,0,0,2,0,0,44,8,0,0,0,0,15,0,4,0,1,0,0,1,0,9,1,6,2,0,0,0,0,0,0,0,0,0,0,0,7,610
2021,"Ealing 003","E02000240",11208,4794,292,1314,18,2039,255,1696,7,2,0,0,1687,0,127,0,0,4,0,0,0,0,0,0,0,3,0,0,17,1,0,0,0,0,24,1,4,0,3,0,0,0,0,59,1,5,3,0,0,0,1,0,0,0,0,1,0,0,0,673
2021,"Ealing 004","E02000241",7394,3221,159,910,8,1326,134,1007,1,0,0,1,1005,0,63,0,0,0,0,0,0,0,0,0,0,1,0,0,7,3,0,0,0,0,15,0,2,0,0,2,0,0,0,28,1,1,0,0,1,0,0,0,0,0,0,0,0,0,2,566
2021,"Ealing 005","E02000242",6884,2495,103,1500,5,1505,165,592,0,1,0,0,591,0,76,0,0,0,0,1,0,0,0,0,0,0,0,0,33,4,0,0,0,0,8,0,9,0,1,0,0,1,0,0,0,1,1,0,2,0,1,0,0,0,0,8,0,0,6,443
2021,"Ealing 006","E02000243",8724,3963,74,760,22,1797,274,1109,8,2,0,0,1099,0,78,1,0,0,0,0,0,0,0,0,0,16,0,0,5,7,0,0,0,0,25,0,6,0,1,0,0,0,2,0,0,3,2,0,0,3,0,0,1,3,0,0,0,0,3,647
2021,"Ealing 007","E02000244",7889,3614,50,461,6,1939,137,1044,4,0,0,2,1038,0,55,0,0,1,2,0,0,0,0,0,0,0,0,0,8,3,0,0,0,0,15,1,7,0,2,1,0,0,0,0,1,7,1,0,0,0,0,0,0,0,0,3,0,0,3,583
2021,"Ealing 008","E02000245",9311,3640,86,741,6,2543,363,1381,7,0,0,0,1374,0,50,0,0,0,1,0,0,0,0,0,0,1,0,0,0,6,0,0,0,0,12,0,1,0,2,0,0,2,0,20,0,2,1,0,0,0,0,0,0,0,0,1,0,0,1,501
2021,"Ealing 009","E02000246",9461,3714,108,814,13,2343,574,1267,0,1,0,0,1266,0,73,0,0,0,0,0,0,0,1,0,0,0,0,0,13,8,0,0,0,0,16,0,1,0,3,4,0,0,0,19,0,1,3,0,0,0,1,0,2,0,0,1,0,0,0,555
2021,"Ealing 010","E02000247",11155,4505,164,967,8,2722,712,1374,3,1,0,0,1370,0,64,1,0,0,1,0,0,0,0,1,0,3,0,0,3,6,0,0,0,1,16,0,2,0,2,8,0,0,0,3,0,9,4,2,0,0,0,0,0,0,0,0,0,0,2,639
2021,"Ealing 011","E02000248",7716,3096,64,343,39,2004,118,1350,1,1,0,0,1348,0,66,0,0,1,0,0,1,0,0,0,0,3,0,0,11,3,0,0,0,0,22,0,3,1,0,3,0,1,0,0,0,9,0,0,0,0,0,0,0,0,2,1,0,0,5,636
2021,"Ealing 012","E02000249",8377,3584,71,797,7,1800,590,980,0,0,0,0,980,0,42,0,0,0,0,0,0,0,0,0,0,9,0,0,0,6,0,0,1,0,7,0,2,0,2,5,0,0,0,2,1,1,1,2,0,0,0,0,0,0,0,0,0,0,3,506
2021,"Ealing 013","E02000250",6482,3141,80,195,51,544,113,1812,0,1,0,1,1810,0,56,0,0,0,3,0,0,0,0,0,0,0,0,0,3,12,0,0,0,0,16,2,6,2,1,0,0,0,0,0,1,4,3,0,0,0,0,0,0,1,0,1,0,0,1,490
2021,"Ealing 014","E02000251",8313,2541,88,1385,1,1739,1538,542,1,0,0,0,541,0,34,0,0,0,0,0,0,0,0,0,0,0,0,0,7,0,0,0,0,0,6,0,2,0,1,6,0,1,0,4,0,5,0,0,0,0,0,0,0,0,0,2,0,0,0,445
2021,"Ealing 015","E02000252",12238,4821,137,325,32,2504,93,3162,11,4,0,0,3147,0,86,0,0,0,2,0,0,0,0,0,0,0,0,0,11,3,0,0,0,0,29,0,10,0,4,5,0,0,0,1,0,10,9,1,0,0,0,0,0,0,0,1,0,0,0,1078
2021,"Ealing 016","E02000253",10345,4441,85,514,16,2327,301,1957,14,0,0,3,1940,0,57,0,0,4,0,0,0,0,0,0,0,0,1,0,2,0,0,0,0,1,19,0,3,0,4,3,0,2,0,0,0,6,2,1,1,0,0,6,0,0,0,0,0,0,2,647
2021,"Ealing 017","E02000254",9210,1480,40,1840,3,1749,3239,414,0,0,0,0,414,0,57,0,0,0,0,0,0,0,0,0,0,4,0,0,5,2,0,0,0,0,5,0,0,0,0,31,0,0,0,0,0,1,0,0,0,1,0,0,0,8,0,0,0,0,0,388
2021,"Ealing 018","E02000255",9864,4082,70,347,51,1891,196,2387,8,0,0,1,2378,0,88,0,0,0,0,0,0,0,0,0,0,6,0,0,8,7,0,0,0,0,25,1,6,0,4,0,0,1,0,2,1,4,7,0,0,0,0,0,0,3,0,1,0,0,12,752
2021,"Ealing 019","E02000256",9175,3954,101,423,63,897,211,2694,8,1,0,1,2684,0,59,0,0,6,0,0,0,0,1,1,1,1,0,0,7,3,0,0,0,0,16,0,5,0,0,1,0,0,1,0,2,6,1,3,0,0,0,0,0,0,0,1,0,0,3,773
2021,"Ealing 021","E02000258",6894,2782,214,114,18,1193,47,1811,3,3,0,5,1800,0,34,0,0,0,0,0,0,0,0,1,0,4,0,0,3,2,1,0,0,0,7,0,1,0,0,0,0,0,0,0,10,4,1,0,0,0,0,0,0,0,0,0,0,0,0,681
2021,"Ealing 022","E02000259",6579,3333,37,197,21,751,100,1672,4,0,0,1,1667,0,36,0,0,1,0,0,0,0,0,1,0,0,0,0,0,0,0,0,0,0,13,0,4,0,0,0,0,1,2,0,0,6,2,0,0,0,0,1,0,0,1,0,0,0,4,432
2021,"Ealing 023","E02000260",9840,2039,38,1557,7,2490,2884,336,0,0,0,0,336,0,72,0,0,0,1,0,0,0,0,0,0,0,0,0,14,3,0,0,0,0,18,0,1,0,0,27,0,0,0,0,0,2,1,0,0,0,1,0,0,2,0,1,0,0,1,417
2021,"Ealing 024","E02000261",12652,4901,88,226,27,3278,60,2827,9,3,0,1,2814,0,100,1,0,1,2,0,0,0,1,3,1,5,1,0,1,2,0,0,0,0,50,0,5,0,2,1,0,3,0,0,0,10,2,0,0,0,0,0,0,0,0,0,0,0,9,1145
2021,"Ealing 025","E02000262",9345,3731,93,96,45,1836,54,2697,8,0,0,0,2689,0,78,0,0,2,1,0,0,0,0,0,0,4,0,0,5,3,0,0,0,1,17,0,3,0,6,2,0,1,0,0,1,15,12,0,0,0,0,0,0,0,0,1,0,0,4,715
2021,"Ealing 026","E02000263",13705,2768,41,2418,2,3938,3510,412,3,0,0,0,409,0,107,0,0,0,0,0,0,0,0,0,0,0,0,0,1,0,0,0,0,0,13,0,0,0,0,83,0,0,0,1,0,0,0,0,0,0,0,0,0,9,0,0,0,0,0,509
2021,"Ealing 027","E02000264",8497,3579,140,200,54,1051,165,2482,3,1,0,1,2477,0,54,0,0,3,1,0,0,0,0,0,0,0,0,0,3,2,0,0,0,0,18,1,3,0,0,1,0,0,0,0,6,9,3,0,0,0,0,1,0,0,1,1,0,0,1,772
2021,"Ealing 028","E02000265",11236,4591,88,279,47,1952,273,3094,10,1,0,3,3080,0,99,5,0,4,1,1,0,0,0,2,0,1,0,0,9,5,0,0,0,0,25,21,5,0,4,0,0,0,0,0,1,11,2,1,0,0,0,0,0,0,0,1,0,0,0,813
2021,"Ealing 029","E02000266",13116,3366,84,1219,17,4025,2210,1451,1,2,0,1,1447,0,70,0,0,0,0,0,0,0,0,2,0,0,0,1,14,0,0,0,0,0,14,0,3,0,5,14,0,1,0,7,1,2,2,0,0,0,1,0,0,0,1,1,0,0,1,674
2021,"Ealing 030","E02000267",8149,3909,95,183,16,841,160,2370,6,1,0,0,2363,0,34,0,0,0,1,0,0,0,0,0,0,1,0,1,1,3,0,0,0,0,9,0,2,0,0,0,0,0,3,0,0,9,2,0,1,0,0,0,0,0,0,1,0,0,0,541
2021,"Ealing 031","E02000268",9249,4030,103,255,64,1017,110,2860,10,3,0,0,2847,0,74,0,0,0,2,0,0,0,0,0,0,0,0,0,7,4,0,0,0,0,19,0,5,1,2,0,1,0,1,1,6,9,9,0,0,0,0,0,0,0,0,2,0,0,5,736
2021,"Ealing 032","E02000269",8169,3583,88,251,43,499,131,2946,4,4,0,3,2935,0,43,0,0,0,0,0,0,0,0,0,0,4,0,0,3,6,0,0,0,0,4,0,1,0,0,0,0,1,0,0,0,12,5,4,0,0,0,0,0,0,0,0,0,0,3,585
2021,"Ealing 033","E02000270",9607,3493,104,176,36,2303,80,2759,8,1,0,0,2750,0,50,1,0,2,0,0,0,0,0,1,0,3,0,1,1,3,0,0,2,0,21,0,3,2,1,0,0,0,0,0,0,7,2,0,0,0,0,0,0,0,0,0,0,0,0,606
2021,"Ealing 034","E02000271",6949,3174,54,110,65,429,22,2479,2,1,0,3,2473,0,50,4,0,1,0,0,0,0,0,0,0,1,2,0,3,2,0,0,0,0,10,1,6,0,0,0,0,2,0,0,1,3,12,0,0,0,0,0,0,0,0,1,0,0,1,566
2021,"Ealing 035","E02000272",6716,2950,62,224,36,537,124,2196,8,0,0,0,2188,0,67,0,1,3,1,0,0,0,0,0,0,4,0,0,14,7,0,0,0,0,8,0,4,0,2,0,1,0,2,0,0,6,6,0,0,0,0,0,1,0,0,3,0,0,4,520
2021,"Ealing 038","E02000275",8170,1844,24,999,5,1396,3140,371,3,0,0,0,368,0,70,0,0,0,1,0,0,0,0,0,0,0,0,0,7,3,0,0,0,0,7,0,4,0,5,31,0,0,0,2,0,1,1,0,0,0,0,0,0,8,0,0,0,0,0,321
2021,"Ealing 039","E02000276",6760,3015,61,190,26,514,44,2408,6,3,0,2,2397,0,31,0,0,1,0,0,0,0,0,0,0,2,0,0,1,4,0,0,0,0,5,0,1,0,1,2,0,1,0,0,1,4,4,1,0,0,0,0,0,0,0,1,0,0,2,471
2021,"Enfield 001","E02000277",7529,3880,34,107,20,1259,31,1382,4,1,0,0,1377,0,337,311,0,0,3,0,0,0,0,0,0,0,0,0,0,0,0,0,0,0,12,0,3,0,0,0,1,0,0,0,0,2,4,0,0,0,0,0,0,0,0,1,0,0,0,479
2021,"Enfield 002","E02000278",9430,4131,37,139,18,1944,24,1928,2,3,0,0,1923,0,592,526,0,0,1,0,0,0,0,0,0,0,0,0,0,7,0,0,0,0,29,0,11,0,6,0,0,1,0,0,0,6,3,0,0,0,1,0,0,0,0,1,0,0,0,617
2021,"Enfield 003","E02000279",12320,5815,47,236,20,2305,29,2428,6,1,0,1,2420,0,570,502,0,0,3,0,0,0,0,0,0,0,0,1,6,4,0,0,0,0,29,0,7,1,4,0,0,2,0,0,0,7,2,0,0,0,0,0,0,0,0,1,0,1,0,870
2021,"Enfield 004","E02000280",8631,4381,22,115,82,644,12,2627,2,0,0,3,2622,0,179,149,0,0,0,0,0,0,0,0,0,0,0,1,0,1,0,0,0,0,8,0,8,0,3,0,0,0,0,0,1,4,4,0,0,0,0,0,0,0,0,0,0,0,0,569
2021,"Enfield 005","E02000281",9655,4427,61,391,28,1275,25,2596,3,3,0,1,2589,0,233,190,0,0,0,0,0,0,0,0,0,2,0,0,2,5,0,0,0,0,17,0,4,2,0,0,0,0,0,0,0,10,0,0,0,0,0,0,1,0,0,0,0,0,0,619
2021,"Enfield 006","E02000282",9953,4205,24,156,21,2427,23,1914,5,1,0,2,1906,0,535,481,0,0,0,0,0,0,0,1,0,0,0,0,0,4,0,0,0,0,26,0,11,0,3,0,0,0,0,0,0,2,3,0,0,0,3,0,0,0,0,0,0,1,0,648
2021,"Enfield 007","E02000283",8535,3935,22,163,13,1756,27,1581,4,0,0,0,1577,0,439,394,0,0,0,0,0,0,0,0,0,0,0,0,0,0,0,0,0,0,24,0,7,0,2,0,0,0,0,0,0,7,1,0,0,0,0,0,0,0,0,2,0,0,2,599
2021,"Enfield 008","E02000284",8735,4381,54,162,79,627,3,2629,4,3,0,3,2619,0,104,65,0,0,2,0,0,0,0,0,0,0,0,0,0,2,0,0,0,0,11,0,10,2,3,0,0,1,0,0,0,3,4,0,0,0,1,0,0,0,0,0,0,0,0,696
2021,"Enfield 009","E02000285",6642,3873,43,191,25,502,26,1499,5,1,0,3,1490,0,75,50,0,0,0,0,0,0,0,0,0,0,1,0,6,3,0,0,0,0,3,0,3,0,0,0,0,0,0,0,0,4,3,0,0,0,1,0,1,0,0,0,0,0,0,408
2021,"Enfield 010","E02000286",8685,4424,79,241,296,618,23,2366,5,3,0,2,2356,0,118,71,0,0,0,0,0,0,0,1,0,0,0,0,11,2,0,0,0,0,12,0,2,0,0,3,0,0,0,1,1,6,4,1,0,0,2,0,0,0,0,1,0,0,0,520
2021,"Enfield 011","E02000287",7357,3340,77,425,695,719,43,1366,3,1,0,1,1361,0,157,42,0,0,1,0,0,0,0,0,1,0,0,1,74,6,0,0,0,0,24,0,2,0,0,0,0,0,0,0,1,0,3,0,0,0,1,0,0,0,0,1,0,0,0,535
2021,"Enfield 012","E02000288",12784,4737,61,227,19,4440,21,1760,2,2,0,0,1756,0,479,427,0,1,0,2,0,0,0,0,0,0,0,2,4,1,0,0,0,0,29,0,1,0,3,0,0,0,0,2,0,3,1,0,0,0,0,0,0,0,0,1,0,0,2,1040
2021,"Enfield 013","E02000289",6773,3378,41,442,199,693,14,1377,1,0,0,3,1373,0,158,68,0,4,2,0,0,0,0,0,0,0,0,0,44,7,0,0,0,0,15,0,4,0,0,0,0,0,0,0,0,4,8,0,0,0,0,0,0,0,0,0,0,0,2,471
2021,"Enfield 014","E02000290",6683,2724,13,137,6,1926,24,1158,3,1,0,0,1154,0,295,259,0,0,0,0,0,0,0,0,2,0,0,0,1,3,0,0,0,2,19,0,2,0,1,0,0,0,0,0,0,4,2,0,0,0,0,0,0,0,0,0,0,0,0,400
2021,"Enfield 015","E02000291",10163,4934,75,167,92,1425,30,2468,2,2,0,0,2464,0,232,172,0,1,2,0,0,0,0,2,0,2,0,1,4,0,0,0,0,0,21,0,9,1,2,0,0,1,0,0,1,3,3,0,0,0,1,0,2,0,0,0,0,2,2,740
2021,"Enfield 016","E02000292",9837,4668,43,295,35,1714,18,2223,9,1,0,1,2212,0,192,129,0,0,0,0,0,0,0,1,0,0,0,1,9,6,0,0,0,0,26,0,1,0,6,0,0,0,0,0,0,3,8,0,0,0,0,0,0,0,0,1,0,0,1,649
2021,"Enfield 017","E02000293",6399,3436,48,261,143,472,27,1479,3,0,0,1,1475,0,130,81,0,0,0,0,0,0,0,0,0,0,0,0,19,4,0,0,0,0,7,0,2,0,2,0,0,0,0,0,0,8,1,5,0,0,0,0,1,0,0,0,0,0,0,403
2021,"Enfield 018","E02000294",9371,4090,10,288,12,2584,47,1297,1,0,0,0,1296,0,375,318,0,0,4,0,0,0,0,0,0,0,0,0,3,0,0,0,0,0,31,0,1,0,9,0,0,0,0,0,0,6,1,0,0,0,0,0,0,0,0,0,0,0,2,668
2021,"Enfield 019","E02000295",8693,4050,83,425,204,1038,58,1976,3,3,0,0,1970,0,218,105,0,0,0,0,0,0,0,0,0,0,0,0,68,4,0,0,0,0,14,3,7,0,1,0,0,2,0,0,1,5,4,0,0,0,1,0,0,0,0,1,1,0,1,641
2021,"Enfield 020","E02000296",10341,4541,72,432,326,1422,52,2296,7,1,0,1,2287,0,282,129,0,3,0,0,0,0,0,1,1,0,0,0,70,10,0,0,0,0,46,0,6,2,1,0,0,1,0,0,0,3,1,0,0,0,0,0,0,0,0,0,0,0,8,918
2021,"Enfield 021","E02000297",9396,5054,31,369,92,1112,51,1847,4,1,0,1,1841,0,142,96,0,3,0,0,0,0,0,0,0,0,0,0,9,3,0,0,0,0,10,0,5,0,0,0,0,0,4,0,0,8,0,0,0,0,0,0,0,0,0,4,0,0,0,698
2021,"Enfield 022","E02000298",8254,4729,25,263,149,546,62,1882,2,1,0,1,1878,0,71,25,0,4,0,0,0,0,0,0,0,0,0,0,9,5,1,0,0,0,9,4,3,0,0,0,0,0,0,0,0,5,4,0,0,0,0,0,0,0,0,1,0,0,1,527
2021,"Enfield 023","E02000299",9493,4173,38,331,14,2790,43,1129,2,0,1,0,1126,0,363,303,0,0,1,0,0,0,0,2,0,0,0,2,4,7,0,0,0,0,19,0,3,0,7,0,0,0,0,0,0,0,1,0,0,0,8,0,0,0,0,3,0,0,3,612
2021,"Enfield 024","E02000300",8851,4284,48,391,86,2103,35,1023,2,0,0,0,1021,0,303,272,0,2,0,0,0,0,0,0,0,0,0,0,6,4,0,0,0,0,6,0,1,0,2,0,0,0,0,0,0,5,3,1,0,0,0,0,1,0,0,0,0,0,0,578
2021,"Enfield 025","E02000301",10217,4530,33,278,15,2792,37,1473,6,0,0,0,1467,0,424,372,0,0,0,0,0,0,0,1,0,0,0,0,3,7,0,0,0,0,22,0,1,0,5,0,0,0,1,0,0,5,3,0,0,0,0,0,0,0,0,2,0,0,2,635
2021,"Enfield 026","E02000302",8668,4089,33,374,77,1421,42,1687,2,3,0,1,1681,0,167,94,0,3,0,0,0,0,0,0,0,0,0,0,39,7,0,0,0,0,16,0,3,0,1,0,0,0,0,0,0,3,0,0,0,0,1,0,0,0,0,0,0,0,0,778
2021,"Enfield 027","E02000303",8366,3534,42,224,5,2296,22,1248,3,1,1,0,1243,0,429,383,0,2,2,0,0,0,0,2,0,0,0,0,5,0,0,0,0,0,17,0,3,1,3,0,0,0,0,0,0,6,3,0,0,0,0,0,0,0,0,0,0,0,2,566
2021,"Enfield 028","E02000304",8038,3635,67,320,379,939,78,1973,6,1,0,2,1964,0,139,17,0,7,0,0,0,0,0,0,0,0,0,0,95,6,0,0,0,0,5,1,2,0,0,0,0,0,0,0,0,4,0,0,0,0,0,0,0,0,0,0,0,0,2,508
2021,"Enfield 029","E02000305",8879,4428,62,180,123,902,33,2419,7,1,0,6,2405,0,120,46,0,3,0,0,0,0,0,0,0,0,0,0,30,3,0,0,0,0,21,0,3,0,0,0,0,0,0,0,0,9,4,0,0,0,0,0,0,0,0,0,0,0,1,612
2021,"Enfield 030","E02000306",9133,3722,26,161,10,2925,21,1170,1,2,0,1,1166,0,528,480,0,0,0,0,0,0,0,1,0,0,0,0,6,4,0,0,0,0,18,0,2,0,2,0,0,1,0,0,0,4,1,0,0,0,1,0,0,0,0,0,0,0,8,570
2021,"Enfield 031","E02000307",10113,4799,56,466,33,2437,58,1311,2,3,0,0,1306,0,278,217,0,0,3,0,0,0,0,0,0,0,0,1,35,5,0,0,0,0,9,0,2,0,1,0,0,0,0,0,0,4,1,0,0,0,0,0,0,0,0,0,0,0,0,675
2021,"Enfield 032","E02000308",8756,3724,41,383,114,1299,29,2143,4,2,0,33,2104,0,292,100,0,1,1,0,0,0,0,0,0,0,0,0,146,3,0,0,0,0,20,0,2,1,2,0,0,1,1,0,1,7,3,0,0,0,0,0,0,0,0,0,0,0,3,731
2021,"Enfield 033","E02000309",11797,4875,75,494,4,3754,28,1462,1,0,0,0,1461,0,311,261,0,0,0,0,0,0,0,0,0,0,0,0,5,3,0,0,0,0,22,0,1,0,4,1,0,0,0,0,0,7,3,1,0,0,0,0,0,0,0,2,0,0,1,794
2021,"Enfield 035","E02000311",10546,4752,89,413,74,2205,42,1719,0,0,0,0,1719,0,429,285,0,0,0,0,0,0,0,0,0,0,0,0,93,3,0,0,0,0,23,0,0,0,8,0,0,0,0,0,1,8,3,1,0,0,0,0,0,0,0,1,0,0,3,823
2021,"Enfield 036","E02000312",11304,5246,53,367,196,1368,34,3013,8,2,0,2,3001,0,223,72,0,0,1,0,0,0,0,1,0,0,0,0,94,9,0,0,0,1,20,2,8,0,2,0,0,0,0,0,1,8,1,0,0,0,1,0,0,0,0,0,1,0,1,804
2021,"Greenwich 001","E02000313",6487,3731,56,40,6,558,33,1670,2,0,0,0,1668,0,19,0,0,0,0,0,0,0,0,0,0,0,0,0,0,1,0,0,0,0,10,1,0,0,4,0,1,0,0,0,0,1,1,0,0,0,0,0,0,0,0,0,0,0,0,374
2021,"Greenwich 002","E02000314",14104,8073,195,285,22,1718,56,2807,11,5,0,0,2791,0,57,4,0,0,0,0,0,0,0,0,1,0,0,0,1,0,0,0,0,0,16,1,4,1,5,0,0,0,0,14,0,4,4,0,0,0,0,0,1,0,0,0,0,0,1,891
2021,"Greenwich 003","E02000315",9865,5340,142,269,8,858,126,2468,1,1,0,1,2465,0,45,0,0,0,0,0,0,0,0,0,0,0,1,0,2,3,0,0,0,0,21,0,4,0,0,0,0,1,0,3,0,3,2,4,0,0,1,0,0,0,0,0,0,0,0,609
2021,"Greenwich 005","E02000317",7559,3486,224,204,14,1064,38,2077,5,0,0,2,2070,0,35,1,0,0,0,0,0,0,0,0,0,0,1,4,0,4,0,0,0,0,10,0,5,0,1,0,0,0,1,0,0,5,1,0,0,0,0,0,0,0,0,2,0,0,0,417
2021,"Greenwich 006","E02000318",11063,3923,704,1783,12,1545,421,1836,6,0,0,2,1828,0,126,1,0,1,0,0,0,0,0,0,1,0,1,0,1,3,0,0,0,0,22,1,6,0,1,1,0,1,1,77,0,4,1,0,0,0,2,0,0,0,1,0,0,0,0,713
2021,"Greenwich 007","E02000319",10617,4440,349,921,14,1295,158,2727,1,2,1,1,2722,0,83,1,0,0,0,0,0,0,0,0,0,0,0,0,5,0,0,0,0,0,15,1,12,0,1,0,0,2,2,23,0,10,7,1,0,1,0,0,0,0,0,0,0,0,2,630
2021,"Greenwich 008","E02000320",7040,3483,115,364,11,692,170,1728,1,0,0,0,1727,0,25,0,0,0,0,0,0,0,0,0,0,0,0,3,0,1,0,0,0,0,8,0,5,0,0,0,0,1,0,0,0,2,2,0,0,0,1,0,0,0,0,1,0,0,1,452
2021,"Greenwich 009","E02000321",7722,3448,217,365,7,962,100,2057,3,1,0,0,2053,0,43,0,0,0,0,0,0,0,0,0,1,0,0,0,0,0,0,0,0,0,12,0,5,0,5,0,0,0,0,6,0,1,6,3,0,0,1,0,0,0,0,3,0,0,0,523
2021,"Greenwich 011","E02000323",12857,5191,329,1117,18,2099,354,2963,9,0,0,0,2954,0,93,4,0,1,0,0,0,0,0,2,0,0,0,0,1,4,0,0,0,0,31,1,4,0,3,0,0,1,0,12,0,14,11,0,0,0,3,0,0,0,0,0,0,1,0,693
2021,"Greenwich 012","E02000324",7866,3320,123,335,24,773,90,2584,9,1,0,3,2571,0,54,2,0,1,0,0,0,0,0,0,0,0,1,2,0,2,0,0,0,0,17,0,8,1,3,0,0,0,0,0,1,5,7,1,0,0,0,0,0,0,2,0,0,0,1,563
2021,"Greenwich 014","E02000326",7798,3002,68,268,22,495,128,3212,7,4,0,6,3195,0,39,0,0,0,0,0,0,0,0,0,0,3,0,0,0,2,0,0,0,0,14,1,6,1,1,0,0,0,0,0,1,4,0,3,0,0,1,0,1,0,0,1,0,0,0,564
2021,"Greenwich 015","E02000327",6622,3011,146,136,6,758,41,2122,1,0,0,0,2121,0,44,3,0,1,0,0,0,0,0,0,0,0,0,0,0,0,0,0,0,0,14,1,1,1,5,0,0,0,0,6,0,6,1,1,0,0,0,0,0,0,0,3,1,0,0,358
2021,"Greenwich 016","E02000328",6511,2662,49,121,21,199,90,2878,5,1,0,1,2871,0,63,2,3,4,0,0,0,0,0,0,1,0,0,0,5,2,0,0,0,0,9,2,7,0,0,0,0,2,6,0,0,8,6,0,0,0,1,0,0,0,0,4,0,0,1,428
2021,"Greenwich 017","E02000329",6325,2942,88,229,5,436,263,1945,2,1,0,3,1939,0,29,0,0,0,0,0,0,0,0,0,0,0,0,0,0,0,0,0,0,1,6,1,2,0,0,0,0,0,0,13,1,2,2,0,1,0,0,0,0,0,0,0,0,0,0,388
2021,"Greenwich 019","E02000331",8235,3655,127,462,18,675,114,2653,2,1,0,2,2648,0,48,1,0,2,0,0,0,0,0,0,0,0,0,1,4,3,0,0,0,0,10,0,9,1,1,0,0,1,0,0,0,6,3,2,0,0,1,0,0,0,0,2,1,0,0,483
2021,"Greenwich 020","E02000332",7456,3600,85,136,9,462,99,2471,4,8,0,2,2457,0,39,0,0,0,0,0,0,0,0,0,0,0,0,0,0,1,0,0,0,0,15,0,8,1,0,0,0,0,0,0,0,4,4,3,0,0,0,0,0,0,0,3,0,0,0,555
2021,"Greenwich 021","E02000333",6240,2483,50,145,17,266,21,2782,3,1,0,3,2775,0,62,2,0,7,0,0,0,0,0,2,0,0,0,1,2,13,0,0,1,0,16,0,4,1,0,0,0,0,0,1,0,7,3,1,0,0,0,0,0,0,0,0,0,0,1,414
2021,"Greenwich 022","E02000334",6637,3086,109,218,26,523,84,2048,1,4,0,0,2043,0,56,1,0,3,2,0,0,0,0,0,0,0,0,0,0,0,0,0,0,0,19,0,12,0,0,0,0,3,0,0,0,5,8,0,1,0,0,0,2,0,0,0,0,0,0,487
2021,"Greenwich 023","E02000335",6671,3272,38,106,18,245,33,2507,4,1,0,1,2501,0,18,0,0,0,0,0,0,0,0,0,1,0,0,0,0,1,0,0,0,0,10,1,3,0,0,0,1,0,0,0,0,0,1,0,0,0,0,0,0,0,0,0,0,0,0,434
2021,"Greenwich 025","E02000337",8470,3982,102,136,8,554,44,3068,6,3,0,1,3058,0,40,0,0,0,0,0,0,0,0,1,0,0,0,0,0,3,0,0,0,0,19,0,4,0,0,0,0,0,0,1,0,4,4,3,1,0,0,0,0,0,0,0,0,0,0,536
2021,"Greenwich 027","E02000339",6289,3142,54,88,14,132,15,2477,3,1,0,0,2473,0,29,1,0,0,0,0,0,0,0,0,0,0,0,0,0,6,0,0,0,0,6,0,5,0,0,0,0,0,0,0,0,4,5,0,0,0,1,0,0,0,0,1,0,0,0,338
2021,"Greenwich 028","E02000340",6865,3624,39,144,17,406,51,2207,5,2,0,1,2199,0,15,1,0,0,0,0,0,0,0,0,0,0,0,0,0,1,0,0,0,0,2,2,4,0,0,0,0,1,0,1,0,1,1,0,0,0,0,0,0,0,0,0,0,0,1,362
2021,"Greenwich 029","E02000341",7991,3686,57,171,13,532,33,2999,7,1,0,1,2990,0,42,9,1,0,1,0,0,0,0,0,0,0,0,0,0,2,0,0,0,1,14,0,3,0,0,0,0,0,0,0,0,6,3,0,0,0,0,0,0,0,0,2,0,0,0,458
2021,"Greenwich 030","E02000342",6346,2837,50,120,10,381,21,2456,2,1,0,0,2453,0,33,0,0,4,0,0,0,0,0,0,0,0,0,0,0,2,0,0,0,0,4,0,7,0,0,0,0,0,1,1,0,1,6,1,0,0,0,1,0,0,0,5,0,0,0,438
2021,"Greenwich 031","E02000343",7045,3337,50,215,15,469,44,2491,3,0,0,1,2486,1,16,0,0,0,0,0,0,0,0,2,0,0,0,0,3,0,0,0,0,0,2,0,0,0,0,0,0,0,0,0,0,1,4,1,0,0,0,0,1,0,0,2,0,0,0,408
2021,"Greenwich 032","E02000344",6430,3202,53,170,13,266,48,2195,5,1,0,0,2189,0,30,10,0,3,0,0,0,0,0,0,0,0,3,1,4,0,0,0,0,0,4,0,2,0,0,0,0,0,0,0,1,0,1,0,0,0,0,0,0,0,0,1,0,0,0,453
2021,"Hackney 001","E02000345",8201,1217,17,27,4212,466,37,934,4,1,0,1,928,0,92,58,1,0,0,0,0,0,0,0,0,0,0,0,0,1,0,0,0,0,16,0,4,1,1,0,0,0,0,0,0,7,2,0,0,0,0,0,0,0,0,0,0,0,1,1199
2021,"Hackney 002","E02000346",9399,3261,106,90,215,1676,90,2882,9,4,0,3,2866,0,193,119,0,0,2,0,0,0,0,0,0,0,0,0,1,6,0,0,0,0,31,3,5,1,8,0,0,3,0,0,2,9,2,0,0,0,0,0,0,0,0,1,0,0,0,886
2021,"Hackney 003","E02000347",8153,1559,42,5,3073,599,72,1376,1,1,0,0,1374,0,151,113,0,1,0,0,0,0,0,0,0,0,0,1,0,0,0,0,0,0,23,0,0,1,2,0,0,1,0,0,1,5,0,0,0,0,1,0,0,0,0,0,2,0,0,1276
2021,"Hackney 004","E02000348",8104,1728,34,23,2794,1003,40,1068,6,3,0,0,1059,0,186,143,0,0,1,0,0,0,0,0,0,0,0,0,0,0,0,0,1,0,29,0,2,0,3,0,0,0,0,0,0,5,0,0,0,0,0,0,0,0,0,0,0,0,2,1228
2021,"Hackney 006","E02000350",10242,2094,57,15,1412,1529,88,3720,12,4,0,2,3702,0,190,80,0,0,0,0,0,0,0,1,0,0,0,0,0,1,0,0,0,1,37,1,7,30,8,0,0,0,0,0,0,11,7,5,0,0,0,0,0,0,0,1,0,0,0,1137
2021,"Hackney 007","E02000351",9284,2629,95,86,258,968,72,4221,17,6,0,4,4194,0,218,151,0,3,3,0,0,0,0,0,0,0,0,0,0,1,0,0,0,0,22,0,4,0,6,0,1,0,1,0,3,15,6,0,0,0,1,0,0,0,0,1,0,0,0,737
2021,"Hackney 008","E02000352",6747,1717,49,26,907,514,33,2869,15,1,0,1,2852,0,97,58,0,0,0,0,0,0,0,0,0,0,0,0,0,2,0,0,1,0,10,0,4,0,3,0,0,0,0,1,1,7,4,1,0,1,1,0,1,0,0,1,1,0,0,535
2021,"Hackney 009","E02000353",7762,1898,52,75,226,894,37,3971,10,6,0,3,3952,0,101,47,0,0,1,0,0,0,0,1,0,0,0,0,3,1,0,0,0,0,20,2,5,0,7,1,0,0,0,1,0,9,2,1,0,0,0,0,0,0,0,0,0,0,0,508
2021,"Hackney 010","E02000354",9607,2984,83,70,96,1843,109,3448,9,3,0,2,3434,0,281,192,1,0,2,0,0,0,0,0,0,0,0,0,0,6,0,0,0,0,52,0,5,5,3,0,1,0,0,0,0,11,0,0,0,0,0,0,1,0,0,2,0,0,0,693
2021,"Hackney 011","E02000355",8195,1969,68,102,88,1349,70,3763,8,8,0,2,3745,0,74,22,0,2,1,0,0,0,0,0,0,0,0,0,0,3,0,0,0,0,19,0,7,0,7,0,0,0,0,0,0,11,1,1,0,0,0,0,0,0,0,0,0,0,0,712
2021,"Hackney 012","E02000356",7032,1770,68,39,101,502,48,3855,9,7,0,3,3836,0,112,55,0,0,2,0,0,0,0,0,0,0,0,0,1,6,0,0,0,0,19,0,3,5,3,0,0,0,0,1,1,11,2,1,0,0,1,0,0,0,0,1,0,0,0,537
2021,"Hackney 013","E02000357",6846,3327,37,35,20,1329,46,1428,1,1,0,0,1426,0,114,85,0,1,0,0,0,0,0,0,0,0,0,0,0,1,0,0,0,0,9,0,6,0,2,0,0,1,0,0,0,6,3,0,0,0,0,0,0,0,0,0,0,0,0,510
2021,"Hackney 014","E02000358",11090,3334,85,90,150,1323,143,4797,16,16,0,0,4765,0,211,136,0,0,0,0,0,0,0,0,0,0,0,0,2,4,0,1,0,0,24,0,7,2,7,0,0,1,2,0,0,17,4,0,0,0,0,0,0,0,0,2,1,1,0,957
2021,"Hackney 015","E02000359",6698,2000,58,43,37,1024,68,2865,8,0,0,1,2856,0,117,61,0,0,0,0,0,0,0,0,0,0,0,0,0,4,0,2,0,0,12,1,2,0,7,0,1,1,0,0,2,19,1,0,1,0,1,0,0,0,0,2,0,0,0,486
2021,"Hackney 016","E02000360",11512,4105,152,117,112,2265,114,3610,6,2,0,0,3602,0,280,186,1,5,1,0,0,0,0,0,0,0,0,1,0,3,0,0,0,0,35,0,10,2,13,0,0,0,0,0,0,17,2,3,0,0,1,0,0,0,0,0,0,0,0,757
2021,"Hackney 017","E02000361",8058,2499,118,31,101,976,77,3525,4,5,0,1,3515,0,112,33,1,1,2,0,0,0,0,0,0,0,0,0,0,4,0,0,0,0,19,0,6,0,9,0,0,0,4,0,1,20,4,3,0,2,0,0,0,0,0,1,1,0,1,619
2021,"Hackney 018","E02000362",6959,2623,70,26,57,897,43,2629,9,1,0,2,2617,0,129,43,0,3,2,0,0,0,0,0,1,0,0,1,0,2,0,0,0,0,42,0,11,0,2,0,0,1,0,0,0,14,4,0,0,0,0,0,0,0,1,1,0,0,1,485
2021,"Hackney 019","E02000363",11878,5016,131,87,107,2073,91,3358,7,2,0,2,3347,0,275,183,0,1,1,0,0,0,0,0,0,0,0,0,3,1,0,0,0,0,28,1,7,0,11,0,0,0,4,0,1,24,0,0,4,0,2,0,0,0,1,1,0,0,2,740
2021,"Hackney 020","E02000364",9217,2961,60,53,113,971,66,4178,12,8,0,1,4157,0,156,56,0,1,1,0,0,0,0,0,0,0,0,0,1,7,0,0,0,0,47,1,6,0,5,0,0,2,5,0,1,19,4,0,0,0,0,0,0,0,0,0,0,0,0,659
2021,"Hackney 022","E02000366",8324,3083,99,33,110,1009,54,3233,14,4,0,4,3211,0,129,74,0,0,1,0,0,0,0,1,0,0,0,1,1,3,0,0,0,0,17,0,0,0,10,0,0,0,0,0,1,17,1,0,0,0,1,0,0,0,0,0,0,0,1,574
2021,"Hackney 023","E02000367",10421,3260,114,94,157,943,23,4936,12,7,0,1,4916,0,108,35,0,0,1,0,0,0,0,0,0,0,0,0,1,4,0,0,0,0,29,1,9,2,2,0,0,0,0,0,0,13,1,2,0,0,0,0,0,0,4,1,0,0,3,786
2021,"Hackney 024","E02000368",9925,3485,101,82,98,1883,27,3376,9,3,0,2,3362,0,215,142,0,0,2,0,0,0,0,0,1,0,0,0,0,5,0,0,0,0,24,0,7,0,5,0,0,1,0,0,0,14,3,6,0,0,0,0,0,0,3,0,1,0,1,658
2021,"Hackney 025","E02000369",13457,4472,133,87,94,2042,61,5290,15,6,0,2,5267,0,339,233,2,1,0,0,0,0,0,1,0,0,0,0,1,0,0,0,0,0,38,1,14,0,8,3,1,2,0,0,1,20,3,1,0,0,0,0,0,0,0,5,0,0,4,939
2021,"Hackney 026","E02000370",8862,3181,104,91,147,1242,86,3134,4,3,0,0,3127,0,212,128,0,0,1,0,0,0,0,0,0,0,0,0,4,1,0,0,0,2,39,0,7,0,3,0,0,1,0,0,0,19,2,2,0,0,0,0,0,0,0,2,0,0,1,665
2021,"Hammersmith and Fulham 001","E02000372",9984,4392,104,171,43,1724,52,2593,3,1,0,1,2588,0,94,10,0,1,2,0,0,0,0,2,0,8,0,0,1,5,0,0,0,0,18,0,10,0,7,0,0,1,0,0,1,16,7,0,0,0,0,0,0,0,0,3,0,0,2,811
2021,"Hammersmith and Fulham 002","E02000373",7035,2806,88,72,18,2324,5,1150,1,1,0,0,1148,0,9,0,0,0,1,0,0,0,0,0,0,0,0,0,0,0,0,0,0,0,2,0,3,0,0,0,0,0,0,0,1,2,0,0,0,0,0,0,0,0,0,0,0,0,0,563
2021,"Hammersmith and Fulham 003","E02000374",6915,2900,51,80,27,1239,30,2004,4,3,0,1,1996,0,71,0,0,1,2,0,0,0,0,0,0,0,0,2,0,2,0,0,0,0,29,0,4,1,6,0,0,0,2,0,0,5,9,0,1,0,0,0,1,0,0,2,0,0,4,513
2021,"Hammersmith and Fulham 004","E02000375",7481,3126,84,65,28,1217,12,2249,11,3,0,2,2233,0,86,8,0,2,1,0,0,0,0,0,0,3,0,0,0,7,0,0,0,1,31,1,5,0,4,0,0,1,1,1,1,10,7,2,0,0,0,0,0,0,0,0,0,0,0,614
2021,"Hammersmith and Fulham 005","E02000376",6702,2772,60,65,37,920,28,2224,13,10,0,0,2201,0,47,0,1,2,4,0,0,0,0,1,0,0,0,0,0,3,0,0,0,0,14,1,4,0,0,0,1,1,0,0,1,5,3,0,0,0,0,0,0,0,0,2,2,0,2,549
2021,"Hammersmith and Fulham 006","E02000377",7795,3408,56,68,56,951,8,2524,10,1,0,1,2512,0,69,3,0,4,0,0,0,0,1,0,0,1,0,0,1,3,0,0,0,0,21,0,7,0,4,0,0,1,0,0,0,8,4,3,2,0,1,0,0,0,0,3,0,0,2,655
2021,"Hammersmith and Fulham 007","E02000378",6431,2775,66,72,59,681,23,2181,6,3,0,0,2172,0,63,8,0,1,0,0,0,0,0,2,0,0,0,0,0,1,0,0,0,0,18,2,9,0,1,0,0,0,0,0,0,10,2,1,0,0,2,0,0,0,0,0,0,1,5,511
2021,"Hammersmith and Fulham 008","E02000379",7388,3385,59,91,53,915,22,2275,6,3,0,1,2265,0,57,3,0,0,2,0,0,0,0,1,0,1,0,0,1,3,0,0,0,0,17,1,2,0,1,0,1,1,1,1,1,9,5,0,0,0,0,0,0,0,0,3,1,0,2,531
2021,"Hammersmith and Fulham 009","E02000380",5512,2562,52,75,61,368,22,1925,3,2,0,0,1920,0,44,0,0,11,0,0,0,0,0,0,0,0,0,0,0,2,0,0,0,0,13,1,2,0,1,0,0,1,0,0,1,4,4,2,0,0,0,0,0,0,0,0,0,0,2,403
2021,"Hammersmith and Fulham 010","E02000381",7625,3658,62,72,82,633,28,2340,2,1,0,2,2335,0,59,0,0,1,0,0,0,0,0,0,0,0,0,1,2,6,0,0,1,0,26,0,1,0,1,0,0,0,2,0,1,6,4,0,0,0,1,0,0,0,0,0,0,0,6,691
2021,"Hammersmith and Fulham 011","E02000382",6190,2738,79,94,45,556,14,2119,6,2,0,1,2110,0,46,0,0,0,0,0,0,0,0,0,0,0,0,0,1,8,0,0,0,0,14,0,6,0,2,0,0,0,0,0,1,8,3,2,0,0,0,0,0,0,0,0,0,0,1,499
2021,"Hammersmith and Fulham 012","E02000383",8460,3460,105,187,71,1109,27,2571,15,4,0,1,2551,0,46,0,0,4,2,0,0,0,0,0,0,0,0,0,4,1,1,0,0,0,9,0,3,0,2,0,0,1,2,0,1,6,3,1,0,0,0,0,3,0,0,1,0,0,2,884
2021,"Hammersmith and Fulham 013","E02000384",8264,3392,120,104,31,1113,13,2674,11,1,0,3,2659,0,36,0,0,1,0,0,0,0,0,0,0,0,0,0,0,1,0,0,0,0,16,1,1,0,3,0,1,1,0,0,0,3,3,0,0,0,1,0,0,0,0,3,0,0,1,781
2021,"Hammersmith and Fulham 014","E02000385",5617,2360,66,103,29,397,19,2138,7,5,0,3,2123,0,31,0,0,0,0,0,0,0,0,0,0,0,0,0,3,0,0,0,0,0,7,0,2,2,1,0,0,0,0,0,1,5,4,1,0,0,0,0,0,0,0,0,1,0,4,474
2021,"Hammersmith and Fulham 015","E02000386",7580,3335,76,66,16,1363,9,2099,11,3,0,1,2084,0,24,0,0,0,0,0,0,0,0,0,0,0,0,1,0,2,0,0,0,0,4,1,0,0,1,0,0,1,0,0,1,7,3,2,0,0,0,0,0,0,0,0,0,0,1,592
2021,"Hammersmith and Fulham 016","E02000387",6028,2935,59,108,24,561,19,1730,2,2,0,0,1726,0,32,2,0,2,0,0,0,0,0,0,0,0,0,0,2,1,0,0,0,0,12,0,0,0,5,0,0,0,2,0,0,5,1,0,0,0,0,0,0,0,0,0,0,0,0,560
2021,"Hammersmith and Fulham 017","E02000388",8658,3957,101,103,53,680,13,2951,9,5,0,3,2934,0,48,0,0,0,3,0,0,0,0,3,0,0,0,0,0,4,0,0,0,0,17,0,2,1,3,0,0,1,0,0,1,7,3,3,0,0,0,0,0,0,0,0,0,0,0,752
2021,"Hammersmith and Fulham 018","E02000389",8646,4305,86,148,73,437,20,2813,8,2,0,2,2801,0,68,0,0,4,0,0,0,0,0,0,0,0,0,0,7,3,0,0,0,0,18,0,8,0,1,0,0,0,0,0,2,12,2,1,0,0,0,0,0,0,2,1,0,0,7,696
2021,"Hammersmith and Fulham 019","E02000390",6197,3029,31,38,31,471,10,2029,5,3,3,1,2017,0,29,0,0,2,0,0,0,0,0,2,0,0,0,0,4,5,0,0,0,0,5,0,2,0,0,0,0,0,0,0,0,4,3,0,0,0,1,0,0,0,0,1,0,0,0,529
2021,"Hammersmith and Fulham 020","E02000391",7584,3830,56,80,100,545,22,2199,3,3,0,0,2193,0,51,0,3,2,4,0,0,0,0,0,0,0,0,0,8,0,1,0,0,0,8,0,5,0,3,0,0,0,0,0,0,7,3,1,0,0,0,0,0,0,0,1,0,0,5,701
2021,"Hammersmith and Fulham 021","E02000392",9229,4596,70,72,57,872,7,2751,6,5,0,1,2739,0,46,0,0,0,1,0,0,0,0,0,0,0,0,2,4,0,0,0,1,0,15,0,5,0,2,0,0,1,0,1,0,7,3,1,0,0,0,0,0,0,0,1,0,0,2,758
2021,"Hammersmith and Fulham 022","E02000393",5976,3078,32,66,73,216,13,2028,4,0,0,0,2024,0,28,0,0,0,0,0,0,0,0,0,0,1,0,0,0,1,0,0,0,0,4,0,3,1,0,0,0,3,0,0,0,5,0,3,2,0,0,0,0,0,0,1,0,0,4,442
2021,"Hammersmith and Fulham 023","E02000394",9279,4342,74,121,61,1103,18,2735,5,2,0,2,2726,0,67,2,0,2,0,0,0,0,0,0,0,5,0,0,3,3,0,0,0,0,24,0,6,0,2,0,0,1,0,0,0,17,0,1,0,0,0,0,1,0,0,0,0,0,0,758
2021,"Hammersmith and Fulham 024","E02000395",5681,3091,52,29,58,163,6,1766,4,2,0,0,1760,0,43,0,0,1,2,0,0,0,0,0,0,0,0,1,0,5,0,0,0,2,13,2,1,0,0,0,0,0,0,0,1,8,4,1,0,1,0,0,0,0,1,0,0,0,0,473
2021,"Hammersmith and Fulham 025","E02000396",6897,3440,33,62,38,733,9,1994,6,4,0,0,1984,0,30,0,0,0,1,0,0,0,0,0,1,0,0,0,0,4,0,0,0,0,4,0,4,0,1,0,0,0,0,0,2,6,3,0,0,0,0,0,0,0,0,1,0,0,3,558
2021,"Haringey 001","E02000397",7905,3522,88,144,83,990,30,2281,8,1,0,2,2270,0,160,88,0,3,0,0,0,0,0,0,0,0,0,1,11,6,0,0,0,0,26,0,7,0,8,1,0,1,0,0,0,5,2,0,0,0,0,0,1,0,0,0,0,0,0,607
2021,"Haringey 002","E02000398",7522,3800,39,62,25,1540,26,1120,3,1,0,0,1116,0,285,238,0,0,1,0,0,0,0,0,1,0,0,0,3,2,0,0,0,0,26,0,1,0,4,0,0,0,0,0,0,4,0,1,0,0,1,0,0,0,0,0,0,0,3,625
2021,"Haringey 004","E02000400",7988,3296,68,158,129,992,14,2622,8,3,0,3,2608,0,188,150,0,3,1,0,0,0,0,0,0,0,0,0,2,1,0,0,0,0,14,0,0,0,3,0,0,1,0,0,0,8,2,1,0,0,0,0,0,0,1,0,0,0,1,521
2021,"Haringey 005","E02000401",6859,3039,92,74,27,1539,22,1298,4,0,0,0,1294,0,285,242,0,0,0,0,0,0,0,0,0,0,0,0,3,1,0,0,0,0,18,1,2,0,8,0,0,0,0,0,0,4,1,0,0,0,0,0,0,0,0,0,0,0,5,483
2021,"Haringey 006","E02000402",6472,2906,52,64,12,1328,22,1212,6,1,0,2,1203,0,350,316,0,0,1,0,0,0,0,0,0,0,0,0,0,3,0,0,0,1,16,0,1,0,3,0,0,0,0,0,0,7,1,1,0,0,0,0,0,0,0,0,0,0,0,526
2021,"Haringey 007","E02000403",7514,3421,113,141,44,881,35,2165,9,3,2,0,2151,0,106,57,0,0,0,0,0,0,0,0,0,0,0,0,11,2,0,0,0,0,12,0,5,1,5,0,0,0,1,0,0,4,1,3,0,1,1,0,0,0,0,1,0,1,0,608
2021,"Haringey 008","E02000404",7108,3203,91,133,22,1286,25,1578,4,0,1,1,1572,0,210,156,0,3,0,0,0,0,0,0,1,0,0,0,6,6,1,0,0,0,22,0,4,0,1,0,0,0,0,0,0,3,2,2,0,0,0,0,0,0,0,3,0,0,0,560
2021,"Haringey 009","E02000405",6474,2122,51,98,334,291,22,2987,4,3,0,1,2979,0,67,33,0,1,0,0,0,0,0,2,0,0,0,0,4,1,0,0,0,0,15,0,2,0,0,0,0,0,0,3,1,1,0,1,0,0,0,0,0,0,0,0,0,0,3,502
2021,"Haringey 010","E02000406",6736,2895,116,116,32,973,35,1743,4,2,0,2,1735,0,210,158,1,0,0,0,0,0,0,0,0,0,0,0,4,2,0,0,0,1,22,2,3,0,3,0,0,0,0,0,0,7,3,0,0,0,2,0,0,0,2,0,0,0,0,616
2021,"Haringey 011","E02000407",7602,3803,76,114,21,1160,25,1604,5,2,0,2,1595,0,164,109,0,0,1,0,0,0,0,0,0,0,0,0,0,8,0,0,0,0,20,0,4,0,13,0,0,1,0,0,0,4,1,0,0,0,0,0,0,0,0,0,0,0,3,635
2021,"Haringey 012","E02000408",8251,4174,63,79,32,1639,24,1404,5,0,0,2,1397,0,273,222,0,0,0,0,0,0,0,0,0,1,0,0,0,4,0,0,0,0,22,1,7,1,1,0,0,0,0,0,0,4,3,0,0,0,0,0,0,0,0,1,1,4,1,563
2021,"Haringey 013","E02000409",6061,2468,66,79,27,1330,35,1409,4,1,0,0,1404,0,241,196,0,0,1,0,0,0,0,0,0,0,0,0,1,1,0,0,0,0,26,2,0,0,3,0,0,0,0,0,2,4,0,0,1,0,1,0,0,0,0,0,0,3,0,406
2021,"Haringey 014","E02000410",6416,2019,59,44,370,284,28,2973,12,2,0,2,2957,0,50,0,0,0,0,0,0,0,0,0,0,0,0,0,3,3,0,0,0,0,18,0,6,0,0,0,1,1,0,0,2,9,4,1,0,1,0,0,0,0,0,0,1,0,0,589
2021,"Haringey 015","E02000411",11428,5152,88,175,46,1814,33,3025,12,2,0,1,3010,0,304,193,0,0,0,0,0,0,1,1,0,0,0,0,2,1,0,0,0,1,58,0,12,6,11,0,0,0,0,0,0,9,2,1,3,0,1,0,0,0,0,1,0,0,1,791
2021,"Haringey 016","E02000412",7321,2875,96,131,18,1406,14,1881,5,2,1,0,1873,0,252,182,1,2,0,0,0,0,0,0,0,0,0,0,13,1,0,0,0,0,13,1,23,0,4,0,0,1,0,1,0,6,0,1,0,1,1,0,0,0,1,0,0,0,0,648
2021,"Haringey 017","E02000413",7765,2467,48,91,698,460,25,3226,14,3,0,4,3205,0,125,64,0,10,3,0,0,0,0,0,0,0,0,0,0,2,2,0,0,0,20,0,5,1,0,0,0,1,0,0,0,11,2,0,0,0,0,0,1,0,0,2,0,0,1,625
2021,"Haringey 018","E02000414",7078,3265,56,113,42,882,34,1995,8,4,0,1,1982,0,143,88,0,1,0,0,0,0,0,0,0,0,0,0,1,1,0,0,0,2,22,0,8,1,2,0,0,1,0,0,0,10,4,0,0,1,1,0,0,0,0,0,0,0,0,548
2021,"Haringey 019","E02000415",7238,3003,65,135,56,1159,23,2088,3,1,0,0,2084,0,103,59,0,2,1,0,0,0,0,0,0,0,0,0,4,0,0,0,0,0,21,0,2,0,0,0,0,0,0,0,0,5,0,3,1,0,0,0,0,0,2,2,0,0,1,606
2021,"Haringey 020","E02000416",8457,2769,98,117,128,884,44,3563,13,6,0,1,3543,0,217,151,0,1,2,0,0,0,0,0,0,0,0,1,2,1,0,0,0,0,20,1,7,0,6,0,1,1,0,3,1,10,4,1,0,0,0,0,1,0,0,1,1,0,1,637
2021,"Haringey 021","E02000417",6557,2204,58,88,410,202,25,2958,12,6,0,5,2935,0,72,21,0,0,0,0,0,0,0,0,1,2,1,0,0,1,0,0,0,0,14,0,7,0,1,0,0,0,0,0,0,9,1,2,1,0,0,0,0,0,0,8,0,0,3,540
2021,"Haringey 022","E02000418",5429,1677,31,58,290,193,47,2699,1,3,0,4,2691,0,84,29,0,0,0,0,0,0,0,0,0,0,0,1,10,13,0,0,0,0,9,0,5,0,1,0,0,0,0,0,0,9,3,1,0,0,0,0,0,0,0,0,0,0,3,350
2021,"Haringey 023","E02000419",8735,3305,102,168,70,1075,18,3206,12,4,0,2,3188,0,137,68,0,4,0,0,0,0,0,0,0,0,0,0,13,2,0,0,0,1,18,0,10,0,4,0,0,0,0,0,0,9,4,1,0,0,0,0,1,0,0,1,0,0,1,654
2021,"Haringey 024","E02000420",7989,3454,114,73,35,1159,14,2233,7,5,0,1,2220,0,215,137,0,0,2,0,0,0,0,1,0,0,0,0,1,0,0,0,0,2,37,0,6,0,5,0,0,0,0,1,0,17,1,1,0,0,1,0,0,0,0,1,0,0,2,692
2021,"Haringey 025","E02000421",8512,3867,91,69,63,1351,8,2082,4,1,0,0,2077,0,370,283,0,0,2,0,0,0,0,0,1,0,0,2,1,0,0,0,0,0,32,3,10,4,8,0,0,3,0,0,1,11,3,2,0,0,0,0,0,0,0,1,1,0,2,611
2021,"Haringey 026","E02000422",7458,3238,51,103,55,1213,20,1893,6,1,0,2,1884,0,222,161,0,1,2,0,0,0,0,1,0,0,0,0,0,0,0,0,0,0,20,0,5,0,9,0,2,2,0,0,0,13,3,0,0,0,0,0,0,0,0,1,0,0,2,663
2021,"Haringey 027","E02000423",6905,2407,56,146,114,983,22,2547,10,3,0,2,2532,0,112,47,0,0,2,0,0,0,0,0,0,0,0,0,9,0,0,0,0,0,22,0,5,4,15,0,0,2,0,0,0,5,0,0,0,0,0,0,0,0,0,1,0,0,0,518
2021,"Haringey 028","E02000424",6757,2065,39,34,192,445,27,3375,23,5,0,0,3347,0,97,52,0,2,1,0,0,0,0,0,0,2,0,0,3,4,0,0,0,1,13,0,5,0,3,0,1,1,0,0,0,5,4,0,0,0,0,0,0,0,0,0,0,0,0,483
2021,"Haringey 029","E02000425",8171,1868,33,33,3710,517,45,703,0,0,0,0,700,3,85,43,1,0,0,0,0,0,0,1,0,0,0,0,1,1,0,0,0,0,30,0,1,0,0,0,0,1,0,0,0,4,1,0,0,0,0,0,0,0,1,0,0,0,0,1177
2021,"Haringey 030","E02000426",6493,2221,48,160,700,344,27,2429,5,3,0,2,2419,0,61,22,0,3,1,0,0,0,0,0,1,0,0,0,4,1,0,0,0,0,7,0,5,0,1,0,0,0,0,0,0,9,0,0,1,0,0,0,1,0,0,1,0,0,4,503
2021,"Haringey 031","E02000427",6623,2253,63,101,66,653,18,2909,12,6,0,4,2887,0,96,62,0,1,0,1,0,0,0,0,1,0,0,0,3,2,0,0,0,0,11,0,2,0,0,0,0,0,0,0,0,10,1,2,0,0,0,0,0,0,0,0,0,0,0,464
2021,"Haringey 032","E02000428",8435,3072,75,55,537,1280,27,2425,12,2,0,0,2411,0,240,171,0,2,1,0,0,0,0,0,0,0,0,1,0,6,0,0,0,1,13,0,12,1,8,0,0,2,0,0,0,12,3,1,0,0,0,0,0,0,1,2,1,0,2,724
2021,"Haringey 033","E02000429",6790,2201,65,103,356,249,31,3117,10,2,0,3,3102,0,74,24,0,0,0,0,0,0,0,1,0,0,0,0,0,2,1,0,0,0,18,0,9,3,1,0,0,0,0,0,0,11,3,0,1,0,0,0,0,0,0,0,0,0,0,594
2021,"Haringey 034","E02000430",6920,2079,53,55,235,269,5,3601,9,3,0,1,3588,0,83,21,0,2,1,0,0,0,0,1,0,0,0,0,0,4,0,0,0,0,21,0,4,3,2,0,0,3,0,0,3,14,3,0,0,0,0,0,0,0,0,1,0,0,0,540
2021,"Haringey 035","E02000431",5851,1939,51,82,312,188,15,2705,11,5,0,6,2683,0,70,8,1,1,0,0,0,0,0,2,0,0,0,0,5,3,0,0,0,0,19,0,3,4,0,0,0,0,0,1,0,15,2,2,0,0,0,0,0,0,0,2,0,0,2,489
2021,"Haringey 036","E02000432",6121,1897,47,39,90,465,10,3040,12,3,0,5,3020,0,123,69,0,2,0,0,1,0,0,0,0,0,0,0,6,5,0,0,0,0,7,0,3,0,2,0,0,2,0,0,0,15,2,3,0,0,0,0,1,0,0,1,1,0,3,410
2021,"Harrow 001","E02000433",8597,2146,43,1516,1780,1258,38,820,1,2,0,2,815,0,365,5,0,6,1,0,0,0,0,0,0,0,1,0,324,3,0,0,0,0,12,0,0,1,0,0,0,0,0,0,0,1,10,1,0,0,0,0,0,0,0,0,0,0,0,631
2021,"Harrow 002","E02000434",9850,2671,86,2087,1309,1455,87,1007,4,2,0,5,996,0,464,1,0,2,1,0,0,0,0,0,0,0,1,0,407,6,2,0,0,0,14,0,3,0,2,0,0,0,0,0,0,6,5,2,0,0,0,0,0,0,0,0,1,0,11,684
2021,"Harrow 003","E02000435",8195,2331,52,1582,741,1784,38,841,2,3,0,1,835,0,345,9,0,1,0,0,0,0,0,0,0,0,0,0,286,0,0,0,0,0,22,0,1,1,2,0,0,0,0,9,0,0,9,0,0,0,0,0,0,0,0,0,0,0,5,481
2021,"Harrow 004","E02000436",5759,1676,36,1616,418,686,99,623,2,2,0,0,619,0,285,5,0,2,0,0,0,0,0,0,0,0,0,0,246,11,0,0,0,0,11,0,2,0,1,0,0,0,0,0,0,0,3,0,0,0,0,0,1,0,0,0,0,0,3,320
2021,"Harrow 005","E02000437",8758,3627,65,1620,237,1528,70,879,4,2,0,2,871,0,199,1,0,1,0,1,0,0,0,0,0,0,0,0,153,3,0,0,0,0,16,1,0,0,0,0,0,0,0,2,0,5,4,0,0,0,4,0,0,0,0,0,0,0,8,533
2021,"Harrow 006","E02000438",8545,2815,104,1644,347,1630,73,1160,3,0,1,1,1155,0,232,5,1,0,0,0,0,0,0,2,0,0,1,0,177,12,0,0,0,0,11,0,4,0,1,0,0,0,0,3,0,5,6,0,0,0,0,0,0,0,0,0,0,0,4,540
2021,"Harrow 007","E02000439",9267,3811,83,2053,96,1578,65,715,2,0,0,0,713,0,265,0,0,4,0,1,0,0,0,1,0,0,0,0,223,3,0,0,0,0,23,1,4,1,0,0,0,0,0,0,0,2,2,0,0,0,0,0,0,0,0,0,0,0,0,601
2021,"Harrow 008","E02000440",9605,2909,84,3158,472,1121,80,726,6,1,0,0,719,0,525,0,0,0,1,0,0,0,0,0,0,0,0,0,484,13,0,0,0,0,12,0,3,0,0,0,0,0,0,0,0,2,4,0,0,0,0,0,0,0,0,1,0,0,5,530
2021,"Harrow 009","E02000441",7485,2271,50,1743,275,1334,107,1129,7,1,0,0,1121,0,177,0,0,0,0,0,0,0,0,0,0,0,0,0,138,5,0,0,0,0,24,0,1,0,0,0,0,0,0,0,0,2,1,1,0,0,0,3,0,0,0,0,0,0,2,399
2021,"Harrow 010","E02000442",9584,3457,111,3272,25,1575,35,422,2,0,0,0,420,0,193,1,0,0,0,0,0,0,0,0,0,0,2,1,159,1,0,0,0,0,16,0,0,0,0,0,0,0,0,0,0,6,0,0,0,0,1,0,0,0,0,0,0,0,6,494
2021,"Harrow 011","E02000443",10747,3980,105,2021,18,2933,46,941,2,0,0,0,939,0,116,2,0,1,2,0,0,0,0,0,0,0,0,0,78,3,0,0,0,0,6,1,1,0,1,0,0,0,0,4,0,7,4,1,0,0,0,0,0,0,0,1,0,0,4,587
2021,"Harrow 012","E02000444",8717,2913,60,3228,118,1056,32,392,3,0,0,0,389,0,489,1,0,0,1,0,0,0,0,0,0,0,0,1,452,8,0,0,0,0,10,0,1,0,0,0,0,0,0,0,0,6,2,0,1,0,0,0,0,0,0,0,0,0,6,429
2021,"Harrow 013","E02000445",11769,4779,142,2302,51,2187,57,1015,3,1,0,0,1011,0,155,2,0,0,0,0,0,0,0,0,0,0,0,0,111,4,0,0,0,0,20,1,2,0,2,0,0,0,0,2,0,3,2,0,0,0,0,4,0,0,0,0,0,0,2,1081
2021,"Harrow 015","E02000447",8190,2543,90,2406,44,1128,189,1016,3,1,0,1,1011,0,298,1,0,1,0,0,0,0,0,0,0,0,0,0,239,6,0,0,0,0,32,0,4,0,0,0,0,0,0,0,0,1,2,0,0,0,0,0,1,0,0,2,0,0,9,476
2021,"Harrow 016","E02000448",7071,2465,172,1269,473,600,115,1347,5,2,0,2,1338,0,182,0,0,9,0,0,0,0,0,0,0,0,0,0,116,10,0,0,0,0,20,0,3,0,0,1,0,1,0,0,0,4,2,0,0,0,0,0,0,0,0,1,0,3,12,448
2021,"Harrow 017","E02000449",8292,2896,75,3183,21,973,41,442,0,0,0,0,442,0,226,0,0,0,0,3,0,0,0,0,0,0,0,2,194,4,0,0,0,0,12,0,2,0,3,0,0,0,0,0,1,1,1,0,0,0,0,1,0,0,0,0,0,0,2,435
2021,"Harrow 019","E02000451",6713,2322,56,2024,76,734,150,778,3,0,0,0,775,0,216,3,0,0,0,2,3,0,0,0,0,0,0,0,178,7,0,0,0,0,10,0,2,0,0,0,0,0,0,0,0,2,3,0,0,0,0,0,0,0,0,1,0,0,5,357
2021,"Harrow 020","E02000452",9501,3603,137,1542,64,2049,52,1289,6,3,0,1,1279,0,157,6,0,1,0,0,0,0,0,0,0,0,0,0,122,3,0,0,0,0,14,0,0,0,0,0,0,1,0,0,1,4,2,0,0,0,0,0,0,0,0,1,0,0,2,608
2021,"Harrow 021","E02000453",8390,3019,56,1800,42,1392,100,1241,4,3,0,3,1231,0,211,4,0,1,0,0,0,0,0,0,0,0,0,0,149,11,0,0,0,0,19,0,4,0,1,0,0,0,0,0,0,5,4,0,0,0,0,0,0,0,0,2,0,0,11,529
2021,"Harrow 022","E02000454",7336,2263,104,2196,185,618,149,1118,3,0,0,3,1112,0,241,0,0,2,1,0,0,0,0,0,0,0,0,0,175,15,0,0,0,0,16,0,1,0,0,0,0,0,0,3,1,11,7,0,0,0,0,0,0,0,0,1,0,0,8,462
2021,"Harrow 023","E02000455",11670,4161,155,2676,101,1849,156,1526,4,4,0,0,1518,0,289,10,0,7,3,0,0,0,0,1,0,0,0,0,224,4,0,0,0,0,19,0,2,2,3,0,0,0,0,2,1,1,2,1,0,0,0,0,0,0,0,1,0,0,6,757
2021,"Harrow 024","E02000456",7823,2749,52,1589,26,1324,73,1409,2,1,0,3,1403,0,118,0,0,4,0,0,0,0,0,0,0,0,0,0,98,2,0,0,1,0,6,0,2,0,0,0,0,1,0,0,0,1,2,0,0,0,0,0,0,0,0,0,0,0,1,483
2021,"Harrow 025","E02000457",7057,2303,77,2198,74,1017,135,779,4,0,0,0,775,0,111,0,0,4,0,2,0,0,0,0,0,0,0,0,60,6,0,0,0,0,7,0,2,1,2,0,0,0,0,9,0,2,4,3,0,0,0,0,0,0,0,0,0,0,9,363
2021,"Harrow 027","E02000459",9322,3614,165,2092,30,1893,64,881,1,1,0,1,878,0,154,2,0,1,0,0,0,0,0,0,1,1,0,0,67,8,0,0,0,0,18,0,3,0,1,0,0,0,0,35,0,5,5,0,0,0,1,0,0,0,0,0,0,0,6,429
2021,"Harrow 028","E02000460",7312,2123,107,2127,27,1599,77,785,1,0,0,1,783,0,84,0,0,0,0,0,0,0,1,1,0,0,0,0,47,1,0,0,0,0,19,0,1,0,0,0,0,0,0,5,0,2,2,0,0,0,0,0,0,0,0,0,0,0,5,383
2021,"Harrow 029","E02000461",7287,2967,68,1138,111,969,118,1340,8,3,0,0,1329,0,96,1,0,0,0,0,1,0,0,0,0,0,1,0,46,3,0,0,0,0,15,0,4,0,0,0,0,1,1,4,1,2,3,1,0,0,0,0,0,0,1,0,1,0,10,480
2021,"Harrow 030","E02000462",6981,2342,168,2018,19,1153,106,652,1,2,0,0,649,0,153,0,0,0,1,0,0,0,0,0,1,0,0,0,83,1,0,0,0,0,6,0,3,0,1,0,0,0,0,52,0,2,0,1,0,0,0,0,0,0,0,0,0,0,2,370
2021,"Harrow 031","E02000463",8707,2851,148,2653,17,1447,96,941,2,1,0,1,937,0,101,9,0,1,0,0,0,0,0,0,0,0,0,0,55,7,0,0,0,0,7,0,3,0,2,0,0,0,0,4,0,2,1,0,0,0,0,0,0,0,0,4,0,0,6,453
2021,"Havering 001","E02000464",7756,3928,29,136,56,391,44,2706,0,1,0,0,2705,0,39,14,0,0,0,0,0,0,0,0,0,0,0,1,0,2,0,0,0,0,9,0,3,0,2,0,0,2,0,0,0,4,1,0,0,0,0,0,0,0,0,1,0,0,0,427
2021,"Havering 002","E02000465",9346,4587,41,318,18,428,92,3257,2,0,0,0,3255,0,44,0,0,2,0,1,0,0,0,0,0,0,0,0,9,7,0,0,0,0,2,0,7,0,1,0,0,0,0,0,0,2,6,0,0,1,0,0,0,0,0,6,0,0,0,561
2021,"Havering 003","E02000466",9067,4509,32,119,129,512,91,3095,5,1,0,1,3088,0,34,5,0,2,0,0,0,0,0,0,0,0,0,0,0,1,0,0,0,0,4,1,5,0,0,3,2,1,0,0,0,5,4,0,0,0,0,0,0,0,0,1,0,0,0,546
2021,"Havering 004","E02000467",11453,5501,38,124,26,749,82,4318,10,1,0,2,4305,0,70,0,0,0,1,0,0,0,0,0,0,0,0,1,1,0,0,0,0,0,24,0,25,0,1,0,0,2,0,6,0,4,1,1,0,0,2,0,0,0,0,1,0,0,0,545
2021,"Havering 005","E02000468",8648,4375,23,182,163,583,176,2660,1,0,0,1,2658,0,32,4,0,4,0,0,0,0,0,0,0,0,0,0,2,3,0,0,0,0,8,1,1,0,1,2,0,0,1,0,0,1,3,0,0,0,0,0,0,0,0,1,0,0,0,454
2021,"Havering 006","E02000469",7283,3877,42,137,32,490,61,2221,2,0,0,1,2218,0,40,0,0,1,0,0,0,0,0,1,0,0,0,0,2,1,0,0,0,0,17,0,7,0,0,0,1,0,0,4,0,0,3,0,0,0,0,0,0,0,0,3,0,0,0,383
2021,"Havering 007","E02000470",9779,4878,55,269,37,400,151,3394,2,3,0,3,3386,0,32,0,0,0,0,0,0,0,0,0,0,0,0,0,10,1,0,0,0,0,13,0,5,0,0,0,0,0,0,0,0,3,0,0,0,0,0,0,0,0,0,0,0,0,0,563
2021,"Havering 008","E02000471",7820,4404,27,192,97,414,202,2060,3,1,0,1,2055,0,23,0,0,1,0,0,0,0,0,0,0,0,0,0,4,1,0,0,0,0,6,0,0,0,2,0,0,0,0,0,0,6,2,0,0,0,0,0,0,0,0,1,0,0,0,401
2021,"Havering 009","E02000472",9475,4924,52,270,104,726,222,2565,5,1,0,2,2557,0,46,10,0,2,0,0,0,0,0,0,0,0,0,0,4,5,0,0,0,0,5,0,5,0,0,0,0,0,0,4,0,3,5,0,0,0,1,0,0,0,0,2,0,0,0,566
2021,"Havering 010","E02000473",10492,5226,49,468,71,517,243,3358,1,2,0,0,3355,0,32,1,0,0,1,0,0,0,0,0,1,0,0,0,1,3,0,0,0,0,13,1,3,0,1,2,0,0,0,0,1,1,1,0,0,0,0,0,0,0,0,1,0,0,1,528
2021,"Havering 011","E02000474",9185,4555,36,211,53,853,176,2747,0,2,0,0,2745,0,30,0,0,2,0,0,0,0,0,0,0,0,0,0,3,4,0,0,0,0,3,0,6,0,1,0,0,2,0,0,0,3,2,0,0,0,1,0,0,0,0,0,0,0,3,524
2021,"Havering 012","E02000475",9612,4935,35,414,60,479,321,2749,3,2,0,0,2744,0,51,2,0,1,0,0,0,0,0,0,1,0,0,1,10,0,0,0,0,0,6,0,4,0,0,8,2,1,0,0,0,4,10,0,0,0,0,0,0,0,0,1,0,0,0,568
2021,"Havering 013","E02000476",9360,4774,65,312,32,851,125,2624,9,1,0,3,2611,0,49,0,0,3,0,0,0,0,0,0,0,0,0,0,8,5,0,0,0,0,15,0,8,0,0,2,0,0,0,0,0,4,1,1,0,0,0,0,1,0,0,0,0,0,1,528
2021,"Havering 014","E02000477",9536,5010,29,279,42,355,211,3079,1,3,0,3,3072,0,24,0,0,1,0,0,0,0,0,0,0,0,0,0,0,4,0,1,0,0,8,0,5,0,0,0,0,0,0,0,0,0,2,0,0,0,0,0,0,0,0,2,0,0,1,507
2021,"Havering 015","E02000478",5990,2850,35,504,10,461,662,1179,0,0,0,0,1179,0,12,0,0,0,0,0,0,0,0,0,0,0,0,0,1,0,0,0,0,0,3,0,4,1,0,0,0,0,0,0,0,2,1,0,0,0,0,0,0,0,0,0,0,0,0,277
2021,"Havering 016","E02000479",9444,4424,43,218,32,879,101,3038,4,2,0,2,3030,0,53,0,3,1,0,0,0,0,0,0,0,0,0,0,6,0,0,0,0,0,8,0,11,1,0,0,1,0,0,0,1,8,10,0,0,0,0,0,0,0,0,2,1,0,0,656
2021,"Havering 017","E02000480",13847,6730,101,461,25,1903,272,3481,4,3,0,0,3474,0,49,0,0,1,1,0,0,0,0,0,0,0,0,1,0,4,0,0,0,0,16,0,8,0,0,3,0,3,0,1,0,2,4,1,0,0,0,0,0,2,0,2,0,0,0,825
2021,"Havering 018","E02000481",8235,4846,26,70,24,131,56,2610,3,0,0,0,2607,0,27,0,0,0,0,0,0,0,0,1,0,0,0,0,3,0,0,0,0,0,5,0,7,0,0,0,0,3,0,0,0,1,2,0,0,0,0,0,0,0,0,2,0,0,3,445
2021,"Havering 019","E02000482",6586,4068,31,112,31,104,64,1792,4,2,0,1,1785,0,27,0,0,1,0,0,1,0,0,0,0,0,0,0,1,2,0,0,0,0,5,0,7,0,0,0,0,2,0,0,0,2,3,0,0,0,0,0,0,0,0,0,0,0,3,357
2021,"Havering 020","E02000483",8001,4266,37,135,28,232,60,2757,3,1,0,0,2753,0,38,1,0,0,0,0,0,0,0,0,1,0,0,0,5,1,0,0,0,0,8,0,10,0,1,4,0,0,0,0,0,2,4,0,0,0,0,0,0,0,0,1,0,0,0,448
2021,"Havering 021","E02000484",8493,4761,14,192,42,381,196,2443,0,4,0,0,2439,0,23,0,1,0,0,0,0,0,0,0,0,0,0,0,1,0,0,0,0,0,10,1,6,0,0,0,0,0,0,2,0,1,0,0,0,0,1,0,0,0,0,0,0,0,0,441
2021,"Havering 022","E02000485",8470,4811,30,136,23,248,40,2713,2,1,0,1,2709,0,38,1,0,0,0,0,0,0,0,0,0,0,0,1,4,0,0,0,0,1,8,0,11,0,1,0,0,0,0,0,0,5,5,0,0,1,0,0,0,0,0,0,0,0,0,431
2021,"Havering 023","E02000486",7354,3973,32,191,21,346,58,2285,2,2,0,0,2281,0,13,0,0,1,0,0,0,0,0,0,0,0,0,1,0,0,0,0,0,0,6,0,0,0,0,0,0,0,0,0,0,2,0,0,0,0,1,0,0,0,0,1,0,0,1,435
2021,"Havering 024","E02000487",7911,5104,19,67,36,95,63,2146,2,0,0,0,2144,0,19,2,0,0,0,0,0,0,0,0,0,0,0,0,2,0,0,0,0,0,6,0,4,1,0,0,0,0,0,0,0,1,1,0,0,0,0,0,0,0,0,2,0,0,0,362
2021,"Havering 025","E02000488",7580,4291,21,163,35,213,70,2320,1,2,0,0,2317,0,39,0,0,0,0,0,0,0,0,0,0,0,0,0,1,2,0,0,0,0,12,0,13,0,1,0,0,0,0,0,0,1,8,0,0,0,0,0,0,0,0,1,0,0,0,428
2021,"Havering 026","E02000489",8633,4492,32,201,18,612,128,2587,3,1,0,2,2581,0,35,0,0,0,0,0,0,0,0,0,0,0,0,0,2,2,0,0,0,0,8,0,5,1,0,0,1,0,0,4,1,6,3,2,0,0,0,0,0,0,0,0,0,0,0,528
2021,"Havering 027","E02000490",8469,4385,37,129,16,589,63,2724,7,0,0,0,2717,0,41,2,0,0,0,0,0,0,0,0,0,0,0,1,6,4,0,0,0,0,7,0,7,0,0,5,0,0,0,0,0,2,4,0,1,0,0,0,0,0,0,2,0,0,0,485
2021,"Havering 028","E02000491",10641,5220,36,183,16,1199,86,3307,3,4,0,0,3300,0,41,1,0,0,1,0,0,0,0,0,0,0,0,0,5,4,0,0,0,0,10,0,3,0,0,1,1,4,0,0,0,4,6,0,0,0,0,0,0,0,0,1,0,0,0,553
2021,"Havering 029","E02000492",6831,3609,13,78,16,405,136,2163,2,1,0,0,2160,0,21,4,0,0,0,0,0,0,0,0,0,0,0,0,3,0,0,0,0,0,2,0,2,2,0,0,0,0,0,0,0,1,1,3,0,0,0,0,0,0,0,3,0,0,0,390
2021,"Havering 030","E02000493",6738,3450,25,179,9,589,242,1866,2,0,0,3,1861,0,24,5,0,0,0,0,0,0,0,0,0,0,0,0,3,1,0,0,0,0,6,0,1,0,0,2,0,0,0,0,0,3,3,0,0,0,0,0,0,0,0,0,0,0,0,354
2021,"Hillingdon 001","E02000494",7959,2494,74,1953,413,828,223,1208,0,3,0,4,1201,0,273,0,0,2,0,0,0,0,0,0,0,0,0,0,212,9,0,0,1,0,19,0,3,0,1,0,0,1,0,1,0,4,6,0,0,0,0,0,0,0,0,2,0,0,12,493
2021,"Hillingdon 002","E02000495",10420,4400,135,1546,236,1074,124,2145,7,2,0,0,2136,0,180,0,0,1,2,0,0,0,0,0,0,3,0,0,124,8,0,0,0,0,8,3,5,0,0,0,0,1,0,2,0,7,7,0,0,0,0,0,0,0,0,0,0,0,9,580
2021,"Hillingdon 003","E02000496",7801,4056,24,285,60,242,71,2506,5,2,0,0,2499,0,54,0,0,0,0,0,0,0,0,0,0,0,0,0,21,1,0,0,0,0,7,0,7,0,0,7,0,1,0,1,0,1,7,1,0,0,0,0,0,0,0,0,0,0,0,503
2021,"Hillingdon 004","E02000497",9517,3895,57,1321,114,773,163,2420,2,0,0,4,2414,0,150,0,0,0,0,0,0,0,0,0,0,0,0,0,91,7,0,0,0,0,9,0,7,0,1,5,1,0,3,0,0,6,2,5,0,0,0,0,0,0,0,1,0,0,12,624
2021,"Hillingdon 005","E02000498",6382,3428,37,402,17,263,85,1708,4,0,0,1,1703,0,65,0,0,0,0,0,0,0,0,0,0,4,0,0,24,5,0,0,0,0,18,0,5,0,0,0,0,0,0,0,0,5,3,0,0,0,0,0,0,0,0,1,0,0,0,377
2021,"Hillingdon 006","E02000499",7727,3433,60,1254,93,569,144,1678,2,0,0,2,1674,0,96,0,0,5,0,0,0,0,0,0,0,0,0,0,39,12,0,0,0,0,6,0,6,0,0,0,0,0,0,0,0,7,5,0,0,0,0,0,0,0,0,0,1,0,15,400
2021,"Hillingdon 007","E02000500",8278,4386,59,792,54,515,146,1837,5,2,0,1,1829,0,68,0,0,1,1,0,0,0,0,0,0,0,0,0,13,15,0,0,0,0,9,0,5,0,0,0,0,0,0,13,0,2,4,0,0,0,0,0,0,0,0,2,0,0,3,421
2021,"Hillingdon 008","E02000501",8476,4186,72,934,49,477,126,2066,4,2,0,1,2059,0,78,0,0,1,0,0,0,0,0,0,0,0,0,0,38,8,0,0,0,0,7,0,7,0,0,2,0,0,0,0,0,6,4,1,0,0,0,0,0,1,0,0,0,0,3,488
2021,"Hillingdon 009","E02000502",8931,4272,67,837,32,670,193,2299,5,1,0,2,2291,0,102,2,1,0,0,0,0,0,0,0,0,0,0,1,24,6,0,0,3,0,15,1,10,0,0,4,0,0,0,24,0,3,5,0,0,0,0,0,0,0,0,1,0,0,2,459
2021,"Hillingdon 010","E02000503",8690,4334,78,695,6,531,117,2365,3,3,0,0,2359,0,63,0,0,2,1,0,0,0,0,0,0,0,0,0,27,9,0,0,0,0,9,0,3,0,1,0,0,0,0,0,0,4,5,0,0,0,0,0,0,0,0,2,0,0,0,501
2021,"Hillingdon 011","E02000504",7644,3714,46,728,29,402,351,1905,3,1,0,0,1901,0,38,0,0,0,0,0,0,0,0,0,0,0,0,0,14,2,0,0,0,0,8,0,3,0,0,0,0,0,0,0,0,5,2,0,0,0,0,0,0,3,0,1,0,0,0,431
2021,"Hillingdon 013","E02000506",7961,3132,37,864,25,830,985,1560,6,2,0,2,1550,0,55,1,0,0,0,0,0,0,0,0,0,0,2,0,31,3,0,0,0,0,6,0,3,0,0,4,0,0,0,0,0,0,2,0,0,0,0,0,0,0,0,0,0,0,3,473
2021,"Hillingdon 014","E02000507",8241,3561,57,855,13,951,544,1699,3,2,0,0,1694,0,62,0,0,0,0,0,0,0,0,1,0,0,0,0,25,7,0,0,0,0,8,0,4,0,0,7,0,0,0,0,0,1,4,0,0,0,0,0,0,0,0,0,0,0,5,499
2021,"Hillingdon 015","E02000508",11943,4391,124,969,10,1782,362,3151,12,0,0,1,3138,0,114,2,0,0,1,0,0,0,0,0,0,4,0,0,18,6,0,0,0,0,25,2,10,0,1,8,0,0,0,11,1,8,10,0,0,0,1,0,0,0,0,2,1,0,3,1040
2021,"Hillingdon 016","E02000509",10558,4201,109,539,21,1780,198,2636,8,3,0,2,2623,0,81,8,0,1,0,0,0,0,0,0,0,4,0,0,6,3,0,0,0,0,22,0,6,0,0,7,0,0,0,6,0,11,3,2,0,0,0,0,0,0,0,0,0,0,2,993
2021,"Hillingdon 017","E02000510",9115,3775,102,791,24,1301,771,1845,3,3,0,1,1838,0,34,4,0,0,0,0,0,0,0,0,1,0,0,0,7,2,0,0,0,0,1,0,2,0,2,10,0,0,0,0,0,1,2,0,0,0,0,0,0,2,0,0,0,0,0,472
2021,"Hillingdon 018","E02000511",9933,3631,44,1282,11,1467,1560,1373,3,0,0,2,1368,0,67,0,0,0,3,0,0,0,0,1,0,0,0,1,10,8,0,0,0,0,6,1,2,0,2,20,0,0,0,2,0,0,5,0,0,0,0,0,0,0,0,2,0,0,4,498
2021,"Hillingdon 019","E02000512",8820,3241,77,756,5,1713,733,1755,4,3,0,0,1748,0,53,0,0,4,0,0,0,0,0,0,0,0,0,0,4,0,0,0,0,0,14,2,4,0,2,7,0,0,0,6,0,3,6,0,0,0,0,0,0,0,0,0,0,0,1,487
2021,"Hillingdon 020","E02000513",9760,3072,47,1215,4,2440,1175,1330,0,1,1,0,1328,0,50,3,4,4,0,0,0,0,0,0,0,0,0,1,11,6,0,0,0,0,8,0,2,0,0,0,0,0,0,4,0,4,2,0,0,0,0,0,0,0,0,1,0,0,0,427
2021,"Hillingdon 021","E02000514",10674,2455,74,2341,10,1902,2665,623,3,0,0,0,620,0,85,0,0,0,0,0,0,0,0,0,0,0,0,0,30,13,0,0,0,0,5,0,0,0,0,23,0,0,0,5,0,2,0,0,0,0,0,0,0,5,0,0,0,0,2,519
2021,"Hillingdon 022","E02000515",13295,5595,123,802,66,2066,415,3314,6,3,0,1,3304,0,100,0,0,0,0,0,0,0,0,0,0,0,0,0,7,4,0,0,0,1,14,0,8,0,1,11,0,2,0,17,1,9,6,2,0,0,0,0,1,6,0,5,0,0,5,814
2021,"Hillingdon 023","E02000516",8646,2482,66,1281,6,1506,1884,946,1,0,0,0,945,0,51,0,0,0,2,0,0,0,0,0,0,0,0,0,1,1,0,0,0,0,7,0,3,0,1,21,0,1,0,4,0,3,1,1,0,0,1,0,0,3,0,1,0,0,0,424
2021,"Hillingdon 024","E02000517",10469,3277,90,1226,10,2349,1458,1525,2,0,0,0,1523,0,42,0,0,0,0,0,0,0,0,0,0,0,0,0,3,8,0,0,0,0,10,0,3,0,0,12,0,0,0,0,0,2,2,1,0,0,0,0,0,0,0,0,0,0,1,492
2021,"Hillingdon 025","E02000518",9632,4085,82,555,6,1412,527,2465,4,2,0,1,2458,0,56,0,0,0,0,0,0,0,0,0,0,0,0,0,6,5,0,0,0,0,17,0,5,2,0,7,0,0,0,5,0,4,5,0,0,0,0,0,0,0,0,0,0,0,0,444
2021,"Hillingdon 026","E02000519",9554,2660,48,957,4,2541,1869,983,4,1,0,0,978,0,62,0,0,2,0,0,0,0,0,0,0,0,0,0,3,0,0,0,0,0,6,0,4,0,0,29,0,0,0,6,1,1,2,0,0,0,0,0,0,7,0,0,0,0,1,430
2021,"Hillingdon 027","E02000520",14068,4346,194,1575,14,3310,2235,1652,3,1,0,0,1648,0,127,3,0,2,0,0,0,0,0,0,0,1,0,0,9,15,0,0,0,0,14,0,5,0,1,18,0,0,0,38,0,5,3,0,0,0,0,0,0,8,0,2,0,0,3,615
2021,"Hillingdon 028","E02000521",13188,4333,98,1553,12,2643,1335,2356,4,3,0,0,2349,0,119,1,0,0,0,0,0,0,0,0,0,4,0,1,21,5,0,0,0,0,19,0,5,0,0,30,0,0,0,8,1,4,2,0,1,0,0,0,4,6,0,0,0,0,7,739
2021,"Hillingdon 029","E02000522",9575,4088,90,703,5,1310,512,2224,3,4,0,0,2217,0,74,1,0,0,0,0,0,0,0,0,0,0,0,1,2,4,0,0,0,0,27,0,5,0,3,18,0,1,0,0,0,7,1,0,0,0,0,0,0,0,0,3,0,0,1,569
2021,"Hillingdon 030","E02000523",11372,2837,156,1425,6,2323,2971,949,1,2,0,5,941,0,131,0,0,0,3,1,0,0,0,0,0,0,0,0,16,8,0,0,1,0,14,1,2,0,2,32,0,0,0,23,0,4,4,3,0,0,0,0,2,9,0,0,0,0,6,574
2021,"Hillingdon 031","E02000524",7534,3624,84,344,16,1002,630,1400,2,3,0,0,1395,0,36,3,0,0,0,0,0,0,0,0,0,1,0,0,6,2,0,0,0,0,5,0,1,0,0,12,0,0,0,0,0,3,2,0,0,0,0,0,0,0,0,0,0,0,1,398
2021,"Hillingdon 032","E02000525",10059,3704,140,927,8,2124,1594,1046,0,3,0,0,1043,0,66,0,0,0,1,0,0,0,0,0,0,0,0,0,2,5,0,0,0,0,7,0,0,0,1,9,0,0,1,25,1,2,2,0,0,0,0,0,0,0,0,0,0,0,10,450
2021,"Hounslow 001","E02000526",8641,4039,66,94,117,435,50,2999,4,3,0,0,2992,0,48,0,0,0,2,0,0,0,0,0,0,0,0,0,4,6,0,0,0,0,15,0,7,0,1,0,0,0,0,1,1,3,5,0,1,0,0,0,0,0,0,1,0,0,1,793
2021,"Hounslow 004","E02000529",9716,2006,81,1208,4,2184,3227,600,1,0,0,0,599,0,62,0,0,0,2,0,0,0,0,0,0,0,0,0,5,7,0,0,0,0,7,1,6,1,0,14,0,0,0,0,0,2,6,0,1,0,0,0,0,10,0,0,0,0,0,344
2021,"Hounslow 005","E02000530",8121,1905,32,691,4,2481,1914,679,1,1,0,0,677,0,24,0,0,0,0,0,0,0,0,1,0,0,0,0,0,2,0,0,0,0,4,0,1,0,3,8,0,0,0,2,0,1,0,0,1,0,0,0,0,0,0,1,0,0,0,391
2021,"Hounslow 006","E02000531",11582,5219,115,293,38,1499,154,3373,12,2,0,0,3359,0,74,0,0,2,0,0,0,0,0,0,0,0,0,0,7,6,0,0,0,0,18,0,5,1,3,4,1,1,0,0,0,11,10,0,0,0,0,0,0,0,0,4,0,0,1,817
2021,"Hounslow 007","E02000532",8977,4093,81,176,89,710,70,3070,5,6,0,2,3057,0,46,0,0,6,0,0,0,0,0,0,0,0,0,0,3,6,0,0,2,0,6,0,3,1,0,1,0,1,0,0,0,7,3,1,0,0,0,0,0,0,0,3,1,0,2,642
2021,"Hounslow 008","E02000533",8405,3560,73,146,65,563,45,3213,2,2,0,3,3206,0,76,1,1,9,2,0,1,0,0,0,0,0,1,0,9,5,0,0,0,0,12,0,3,0,0,0,0,3,0,0,0,21,5,0,0,0,0,0,0,0,0,0,0,0,3,664
2021,"Hounslow 009","E02000534",8558,3337,89,924,11,1363,852,1393,4,0,0,2,1387,0,90,0,0,2,0,0,0,0,0,0,0,2,0,0,38,7,0,0,0,0,14,0,3,1,0,0,0,0,0,5,0,2,1,0,0,0,0,0,0,0,0,1,0,0,14,499
2021,"Hounslow 010","E02000535",10049,2516,73,1356,4,2066,2910,522,2,0,0,0,520,0,83,0,0,0,1,0,0,0,0,0,0,0,0,0,38,7,0,0,0,0,7,0,0,0,0,4,0,0,0,14,0,4,1,0,0,0,1,0,0,0,0,1,0,0,5,519
2021,"Hounslow 011","E02000536",10841,2986,132,1542,7,2424,2225,819,1,3,0,0,815,0,89,0,0,4,0,0,0,0,0,0,0,3,3,0,39,2,0,0,0,0,12,2,2,0,0,9,0,0,0,3,0,1,1,0,0,0,0,0,0,5,0,0,0,0,3,617
2021,"Hounslow 012","E02000537",9842,3020,139,1871,5,1753,1366,897,1,0,0,0,896,0,133,0,0,4,0,0,0,0,0,0,0,0,0,0,73,4,0,0,0,0,20,0,1,0,0,4,0,0,0,6,1,5,4,1,0,0,0,0,0,0,0,0,0,0,10,658
2021,"Hounslow 013","E02000538",10105,3779,140,995,4,1972,2170,586,1,0,0,0,585,0,64,0,0,4,0,0,0,0,0,0,0,1,0,0,21,9,0,0,0,0,9,0,2,0,0,6,0,0,0,8,0,0,1,0,0,0,0,0,0,0,0,0,0,0,3,395
2021,"Hounslow 014","E02000539",12219,5078,122,835,39,1805,248,3126,5,2,0,2,3117,0,83,0,0,0,0,0,0,0,0,0,0,0,0,0,26,8,0,0,0,0,10,0,10,0,4,0,0,2,1,0,1,14,4,0,0,0,0,0,0,0,0,0,0,0,3,883
2021,"Hounslow 015","E02000540",12127,4826,266,1449,9,2275,580,1885,5,4,0,1,1875,0,104,1,0,1,5,0,0,0,0,0,0,4,0,0,29,4,0,0,0,0,16,0,9,0,0,1,0,2,0,16,0,5,5,1,0,0,0,0,0,0,1,0,0,0,4,733
2021,"Hounslow 016","E02000541",10617,4054,197,1351,4,2022,1507,868,1,0,0,0,867,0,90,1,0,0,1,0,0,0,0,0,0,0,0,0,32,8,0,0,0,0,6,0,4,0,1,8,1,0,1,22,3,0,0,0,0,0,0,0,0,0,0,2,0,0,0,524
2021,"Hounslow 017","E02000542",12305,4869,159,1913,6,2351,1193,990,1,1,0,1,987,0,142,0,0,3,4,0,0,0,0,0,0,0,0,0,58,16,0,0,0,0,23,0,1,0,1,0,0,0,0,18,1,6,2,0,0,0,0,0,0,1,0,0,0,0,8,682
2021,"Hounslow 018","E02000543",14001,5562,191,2735,4,2344,810,1417,3,1,0,1,1412,0,154,0,0,0,2,0,0,0,0,0,0,14,0,0,60,8,0,0,0,0,13,0,6,2,0,0,1,1,0,27,0,7,2,1,0,0,0,0,0,1,0,1,0,1,7,784
2021,"Hounslow 019","E02000544",8559,3515,80,1152,17,1238,804,1164,4,0,0,2,1158,0,59,0,0,1,1,0,0,0,0,0,0,0,0,0,22,3,0,0,0,0,8,0,4,0,0,4,0,0,0,10,0,2,0,2,0,0,0,0,2,0,0,0,0,0,0,530
2021,"Hounslow 020","E02000545",9237,3836,67,316,24,1724,215,2362,5,4,0,2,2351,0,48,0,0,0,0,0,0,0,0,0,0,0,0,1,2,0,1,0,1,1,11,0,7,0,0,0,0,0,0,0,1,4,4,0,1,0,1,0,0,0,0,3,0,5,5,645
2021,"Hounslow 021","E02000546",10428,3130,144,1526,4,2981,1134,901,2,0,0,1,898,0,105,0,0,0,1,0,0,0,0,0,0,0,0,4,38,8,0,0,0,1,24,0,12,0,0,3,0,0,0,6,0,3,0,0,0,1,0,0,0,0,0,0,1,0,3,503
2021,"Hounslow 022","E02000547",11002,4478,274,1086,7,1555,978,1915,4,0,0,2,1909,0,117,0,0,0,1,0,0,0,0,0,0,3,0,0,3,6,0,0,0,0,16,0,5,0,3,0,0,1,0,67,0,2,2,0,0,0,0,0,0,1,0,0,0,6,1,592
2021,"Hounslow 023","E02000548",10576,4120,221,940,10,1811,404,2412,6,3,0,3,2400,0,67,0,0,0,0,0,0,0,0,0,0,0,0,0,1,7,0,0,0,0,11,0,13,0,1,0,0,0,0,28,0,2,1,0,0,0,0,0,0,0,0,2,0,0,1,591
2021,"Hounslow 024","E02000549",12534,5376,343,1253,12,1828,486,2286,5,2,0,3,2276,0,117,0,0,0,0,0,0,0,0,0,0,0,0,0,11,0,0,0,0,0,10,0,4,0,0,2,0,0,0,76,0,4,1,2,0,0,0,0,0,0,1,0,0,0,6,833
2021,"Hounslow 025","E02000550",10711,4271,186,1354,8,1378,306,2500,1,1,0,0,2498,0,115,0,0,2,1,0,0,0,0,0,0,2,0,0,24,5,0,0,0,0,14,0,8,0,0,0,0,0,0,44,0,4,10,1,0,0,0,0,0,0,0,0,0,0,0,593
2021,"Hounslow 026","E02000551",9751,4053,140,470,4,1856,281,2310,4,1,0,0,2305,0,54,1,0,0,0,0,0,0,0,0,0,0,0,0,10,0,0,0,0,0,9,1,8,0,0,0,0,0,0,4,0,10,6,0,1,0,0,0,0,0,0,1,0,0,3,583
2021,"Hounslow 027","E02000552",9258,4359,198,573,13,1003,225,2251,4,2,0,1,2244,0,53,1,0,0,0,0,0,0,0,1,0,1,1,0,3,6,0,0,0,0,9,0,4,0,1,9,0,1,0,10,0,2,0,0,0,0,0,0,0,0,0,3,0,0,1,583
2021,"Hounslow 028","E02000553",7114,3129,74,373,9,979,228,1869,2,1,0,1,1865,0,46,3,0,1,2,0,0,0,0,0,0,0,0,0,2,4,0,0,0,0,15,1,4,0,0,5,0,0,0,0,1,4,3,1,0,0,0,0,0,0,0,0,0,0,0,407
2021,"Islington 001","E02000554",9355,3415,88,70,111,1336,23,3383,13,5,0,2,3363,0,177,78,0,0,5,0,0,0,0,2,0,0,3,0,2,2,0,0,0,0,43,0,9,1,6,2,1,2,0,0,0,12,4,1,2,0,0,0,0,0,0,1,0,0,1,752
2021,"Islington 002","E02000555",9575,3504,64,93,274,1047,29,3693,15,3,0,0,3675,0,161,80,0,0,0,0,0,0,0,0,0,4,0,0,2,9,0,0,0,0,28,0,8,1,2,0,0,1,0,0,1,13,6,0,0,0,0,0,0,0,0,3,1,0,2,710
2021,"Islington 003","E02000556",11399,3653,82,67,140,1637,33,4891,12,5,0,3,4871,0,124,40,0,1,2,0,0,0,0,0,0,0,0,1,0,3,0,0,0,0,27,0,6,2,3,0,0,0,2,0,0,24,5,1,0,0,0,0,0,0,0,4,0,0,3,772
2021,"Islington 004","E02000557",8781,3100,75,134,141,854,21,3638,13,4,0,3,3618,0,112,51,0,0,0,0,0,0,0,1,0,0,0,0,3,1,0,0,0,0,20,0,7,3,2,0,1,1,0,0,0,15,4,2,0,0,0,0,0,0,1,0,0,0,0,706
2021,"Islington 005","E02000558",9438,3178,85,49,57,2423,11,2618,6,1,0,1,2610,0,194,129,0,1,3,0,0,0,0,2,1,0,0,0,1,1,0,0,2,1,17,0,5,0,7,0,1,0,0,1,2,14,4,0,0,0,0,0,1,0,0,0,1,0,0,823
2021,"Islington 006","E02000559",9585,3208,58,79,115,1255,38,4001,20,8,0,1,3972,0,80,23,0,5,0,0,0,0,0,0,0,0,0,0,0,4,0,0,0,0,15,2,3,1,1,0,0,0,0,0,5,13,4,1,0,0,0,0,0,0,1,2,0,0,0,751
2021,"Islington 007","E02000560",7355,2453,78,101,58,770,7,3212,13,4,0,1,3194,0,90,22,1,0,1,0,0,0,0,0,0,0,0,0,3,3,0,0,1,0,21,1,11,1,1,1,0,3,0,0,0,9,4,1,0,0,0,0,2,0,1,2,0,0,1,586
2021,"Islington 008","E02000561",7387,2228,74,42,207,398,21,3823,8,9,0,3,3803,0,55,6,0,0,1,0,0,0,0,1,2,0,0,0,0,9,0,0,0,1,7,2,4,0,1,0,2,3,0,0,0,7,3,3,0,0,0,0,0,0,0,0,0,0,3,539
2021,"Islington 009","E02000562",7865,2612,65,49,135,920,40,3277,12,9,0,1,3255,0,138,75,0,1,0,0,0,0,0,0,0,0,0,0,5,5,0,0,0,0,20,0,6,0,7,0,0,0,0,0,1,10,7,0,0,0,0,0,0,0,0,0,0,0,1,629
2021,"Islington 010","E02000563",8683,3082,57,103,89,1202,18,3321,19,5,0,0,3297,0,182,120,2,1,1,0,0,0,0,0,0,0,0,0,3,1,0,0,1,0,15,1,8,1,0,0,0,1,0,0,0,16,7,3,0,0,0,0,1,0,0,0,0,0,0,629
2021,"Islington 011","E02000564",12417,3972,117,191,124,1338,32,5519,16,3,0,2,5498,0,161,58,1,4,0,0,0,0,0,2,3,0,0,1,8,6,0,0,0,0,21,1,13,0,3,1,0,2,0,0,1,26,1,3,0,0,0,0,1,0,0,1,1,0,3,963
2021,"Islington 012","E02000565",8544,2858,49,50,79,1157,26,3537,6,12,0,2,3517,0,173,122,0,1,0,0,0,0,0,0,0,0,0,0,0,6,1,0,0,0,18,0,5,0,6,0,0,1,0,0,0,10,1,2,0,0,0,0,0,0,0,0,0,0,0,615
2021,"Islington 013","E02000566",8553,2756,74,85,170,595,19,4132,10,5,1,3,4113,0,89,40,0,4,1,0,0,0,0,0,0,0,0,0,1,0,0,0,1,0,12,1,8,0,1,0,0,1,0,0,0,10,3,1,0,0,0,0,2,0,0,2,0,0,1,633
2021,"Islington 014","E02000567",10439,3764,81,60,116,762,31,4654,14,5,0,3,4632,0,146,36,0,0,4,0,0,0,0,1,1,0,0,0,0,3,0,0,0,0,61,0,12,0,4,0,0,3,0,0,2,6,5,5,0,0,0,0,0,0,0,2,0,0,1,825
2021,"Islington 015","E02000568",11339,4047,113,135,51,1793,32,4129,6,2,0,2,4119,0,113,54,1,0,0,0,0,0,0,0,0,0,0,1,3,2,0,0,0,0,21,0,4,1,1,0,0,0,0,0,0,15,5,1,0,0,4,0,0,0,0,0,0,0,0,926
2021,"Islington 016","E02000569",9938,3658,64,79,133,1018,40,4064,14,3,0,2,4045,0,203,134,0,0,2,0,0,0,0,1,0,0,0,0,0,8,0,1,0,0,23,0,8,1,2,0,0,3,0,1,0,10,4,4,0,1,0,0,0,0,0,0,0,0,0,679
2021,"Islington 017","E02000570",8287,2970,60,69,143,342,16,4079,12,4,0,5,4058,0,50,15,0,3,0,0,0,0,0,0,0,0,0,0,3,4,0,0,0,0,10,0,0,0,1,0,0,0,0,0,0,9,2,0,0,0,0,0,0,0,0,1,1,0,1,558
2021,"Islington 018","E02000571",8918,3361,51,93,65,979,19,3554,8,3,0,2,3541,0,102,50,1,4,0,0,0,0,0,0,1,0,0,0,1,3,0,0,0,0,17,0,3,1,2,0,0,0,0,0,0,16,2,1,0,0,0,0,0,0,0,0,0,0,0,694
2021,"Islington 019","E02000572",8601,3260,118,61,20,1697,15,2675,11,9,0,0,2655,0,127,85,0,1,1,0,0,0,0,1,1,0,0,0,3,1,0,0,0,0,7,0,6,1,3,0,0,0,0,0,0,11,3,0,0,0,0,0,1,0,1,1,0,0,0,628
2021,"Islington 020","E02000573",10310,3492,104,111,173,962,38,4496,17,5,0,2,4472,0,72,22,0,5,1,0,0,0,0,0,0,0,0,0,0,6,0,0,0,0,11,0,2,2,0,0,0,1,0,0,1,18,1,1,0,0,0,0,0,0,0,1,0,0,0,862
2021,"Islington 021","E02000574",7831,2817,76,97,75,687,22,3336,16,4,0,3,3313,0,75,32,0,0,0,0,0,0,0,0,0,0,0,0,7,1,0,0,0,0,16,0,4,1,1,0,0,2,0,0,0,6,1,2,0,0,1,0,0,0,0,1,0,0,0,646
2021,"Islington 022","E02000575",11313,3862,88,185,143,1263,39,4540,16,4,0,1,4519,0,150,58,0,1,4,0,0,0,0,0,0,1,0,0,5,2,0,0,0,0,28,0,13,1,5,0,1,1,0,0,0,20,3,4,0,0,0,0,0,0,0,3,0,0,0,1043
2021,"Islington 023","E02000576",10671,3880,93,189,96,1406,35,3891,8,4,0,3,3876,0,148,83,1,2,3,0,0,0,0,0,0,0,1,1,3,5,0,0,0,1,13,0,8,2,11,0,0,1,0,0,3,4,1,1,1,0,0,0,0,0,0,0,1,0,2,933
2021,"Kensington and Chelsea 001","E02000577",7714,3023,50,46,34,2317,13,1501,1,4,0,2,1494,0,56,0,0,0,1,0,0,0,0,1,0,0,0,0,1,4,0,0,0,0,22,0,3,0,11,0,0,1,0,1,0,9,1,1,0,0,0,0,0,0,0,0,0,0,0,674
2021,"Kensington and Chelsea 002","E02000578",6004,2903,35,29,11,1499,7,1095,2,0,0,0,1093,0,25,0,0,0,1,0,0,0,0,1,0,0,0,1,0,0,0,0,0,0,13,1,1,0,0,0,0,0,0,0,0,6,0,0,0,0,0,0,0,0,0,0,0,0,1,400
2021,"Kensington and Chelsea 003","E02000579",8989,4395,80,14,136,1178,8,2426,8,3,0,0,2415,0,57,0,0,2,0,0,0,0,0,0,0,0,0,0,0,5,0,0,0,0,21,0,5,0,4,1,0,0,0,0,1,10,2,0,0,0,1,0,0,0,0,1,0,0,4,695
2021,"Kensington and Chelsea 004","E02000580",7897,3509,80,38,91,1067,13,2292,8,1,0,2,2281,0,85,0,0,0,0,0,0,0,0,1,0,1,0,0,0,4,1,0,0,0,36,0,4,1,6,0,1,1,2,0,0,17,5,2,1,0,0,0,0,0,0,1,0,1,0,722
2021,"Kensington and Chelsea 005","E02000581",7392,3310,59,38,47,1596,9,1377,5,3,0,0,1369,0,36,3,0,1,0,0,0,0,0,0,0,0,0,0,0,2,0,0,0,0,17,0,2,1,3,0,0,0,0,0,0,1,5,0,0,0,0,0,0,0,0,0,0,0,1,920
2021,"Kensington and Chelsea 006","E02000582",6539,2903,109,80,158,380,20,2012,6,6,1,1,1998,0,65,0,0,1,0,0,0,0,0,0,0,5,0,0,2,8,0,0,0,0,32,0,3,0,0,0,0,0,0,0,0,10,1,1,0,0,0,0,0,0,0,0,0,0,2,812
2021,"Kensington and Chelsea 007","E02000583",6429,3155,85,44,174,354,16,1999,6,3,0,0,1990,0,41,0,0,5,0,0,0,0,0,0,0,0,0,0,1,2,0,0,1,0,15,1,2,0,0,0,0,0,0,0,0,6,3,2,0,0,0,0,0,0,0,0,0,0,3,561
2021,"Kensington and Chelsea 008","E02000584",7172,3405,78,103,294,383,20,2078,1,7,0,1,2069,0,37,0,0,1,0,0,0,0,0,0,0,0,0,0,2,5,0,0,0,0,16,0,1,0,1,0,0,0,0,1,0,6,1,1,0,0,0,0,0,0,0,0,0,0,2,774
2021,"Kensington and Chelsea 009","E02000585",8088,3982,103,93,168,1047,15,1804,10,0,0,0,1794,0,49,0,0,1,1,0,0,0,0,0,0,5,0,0,1,2,0,0,0,0,22,1,2,0,1,0,0,0,0,0,2,5,0,0,0,0,0,0,0,0,0,0,0,0,6,827
2021,"Kensington and Chelsea 010","E02000586",6475,3259,89,145,160,457,23,1516,1,1,0,0,1514,0,70,0,0,4,5,0,0,0,0,0,0,9,0,0,4,1,0,0,0,0,15,2,3,0,0,0,1,0,0,3,6,8,3,2,0,0,0,0,1,0,0,0,0,0,3,756
2021,"Kensington and Chelsea 011","E02000587",6490,3205,85,104,199,632,13,1614,31,1,0,0,1582,0,38,0,0,2,1,0,0,0,0,0,0,2,0,0,5,0,0,0,0,0,10,0,0,0,0,0,0,2,0,0,1,5,3,1,0,0,0,0,0,0,0,0,0,0,6,600
2021,"Kensington and Chelsea 012","E02000588",5982,3040,67,76,168,457,15,1311,5,0,1,0,1305,0,45,0,0,4,1,0,0,0,0,1,0,1,0,0,1,3,0,0,0,0,12,3,3,1,0,0,0,0,0,0,1,6,1,3,0,0,0,0,0,0,0,0,0,0,4,803
2021,"Kensington and Chelsea 013","E02000589",7253,3258,141,130,129,662,20,2134,6,0,0,0,2128,0,63,2,0,3,3,0,0,0,0,0,0,1,0,0,0,8,0,0,0,0,21,0,5,0,0,0,0,0,0,0,0,11,1,3,0,0,0,0,0,0,1,1,0,0,3,716
2021,"Kensington and Chelsea 014","E02000590",5972,2866,53,81,88,740,9,1362,3,1,0,0,1358,0,32,0,0,3,1,0,0,0,0,1,0,0,0,0,1,0,0,0,0,0,9,0,3,0,0,0,0,0,0,0,0,9,2,1,1,0,0,0,0,0,0,1,0,0,0,741
2021,"Kensington and Chelsea 015","E02000591",6213,2612,107,86,68,1030,17,1628,5,3,0,1,1619,0,46,0,0,2,1,0,0,0,0,1,0,5,1,0,4,1,0,0,0,0,16,0,2,0,0,0,0,0,0,0,2,6,3,0,0,0,0,0,0,0,0,0,0,0,2,619
2021,"Kensington and Chelsea 016","E02000592",5762,2815,71,97,186,281,31,1615,4,1,0,0,1610,0,46,0,0,0,0,0,0,0,0,0,0,4,0,0,0,4,0,0,0,0,15,0,1,0,0,0,1,0,0,0,4,6,1,2,0,0,0,0,0,0,0,0,0,0,8,620
2021,"Kensington and Chelsea 017","E02000593",7391,3746,98,117,87,505,24,2101,4,1,0,2,2094,0,44,1,1,2,0,0,0,0,0,0,0,0,0,0,4,6,0,0,0,0,15,0,1,1,2,0,0,0,0,0,0,5,1,0,0,0,0,0,1,0,0,1,0,0,3,669
2021,"Kensington and Chelsea 018","E02000594",6477,4064,51,49,140,362,10,1248,3,0,0,1,1244,0,47,0,0,2,0,0,0,0,0,0,0,3,0,0,8,6,0,0,0,1,16,0,3,0,0,0,0,0,0,0,1,3,1,1,0,0,0,0,0,0,0,1,0,0,1,506
2021,"Kensington and Chelsea 019","E02000595",6165,3351,47,85,153,369,13,1431,5,2,0,2,1422,0,53,1,0,4,0,0,0,0,0,0,0,4,0,4,1,1,0,0,0,0,20,2,1,0,0,0,0,1,0,0,0,7,4,0,1,0,0,0,0,0,0,0,0,0,2,663
2021,"Kensington and Chelsea 020","E02000596",6616,3500,53,57,135,331,13,1755,12,1,0,0,1742,0,69,0,1,1,0,0,0,0,0,0,0,0,0,24,1,6,0,0,0,0,11,0,2,0,1,0,1,0,0,1,1,11,2,1,0,0,1,0,0,0,0,1,0,2,1,703
2021,"Kensington and Chelsea 021","E02000597",6340,3031,66,73,55,1215,6,1300,1,1,0,1,1297,0,64,0,0,0,0,0,0,0,0,3,0,1,0,9,1,4,0,0,0,0,11,1,8,1,3,0,0,3,0,1,1,7,7,0,0,0,0,0,0,0,0,1,0,0,2,530
2021,"Kingston upon Thames 001","E02000598",8091,3490,100,331,23,387,55,3013,3,4,0,4,3002,0,52,0,0,0,0,0,0,0,0,0,0,3,0,0,19,1,1,0,0,0,11,0,2,0,0,0,0,1,0,0,2,10,1,0,1,0,0,0,0,0,0,0,0,0,0,640
2021,"Kingston upon Thames 002","E02000599",7007,2750,94,469,88,1141,77,1687,7,0,0,2,1678,0,61,0,0,4,4,0,0,0,0,0,0,0,0,0,10,9,0,0,0,0,13,0,3,2,0,0,0,0,0,0,1,6,0,3,0,0,0,0,0,0,0,0,0,0,6,640
2021,"Kingston upon Thames 003","E02000600",8361,3553,81,276,36,826,140,2806,6,4,0,1,2795,0,72,0,0,0,1,0,0,0,0,0,0,0,0,1,7,4,0,0,0,0,20,0,16,0,0,1,1,0,0,1,0,11,3,2,0,0,0,0,0,0,0,1,0,0,3,571
2021,"Kingston upon Thames 004","E02000601",11906,4672,164,381,61,837,72,4722,7,7,0,4,4704,0,65,1,0,0,1,0,0,0,0,0,1,0,0,0,10,1,0,0,0,0,18,1,4,1,1,0,0,2,1,0,1,9,3,1,1,0,0,1,0,0,0,1,0,0,6,932
2021,"Kingston upon Thames 005","E02000602",10311,3882,118,425,29,1045,143,3889,13,2,0,0,3874,0,50,1,0,0,1,0,0,0,0,0,0,0,0,0,0,3,0,0,0,0,17,0,13,0,1,0,0,0,1,0,0,8,4,0,0,0,0,0,0,0,0,1,0,0,0,730
2021,"Kingston upon Thames 006","E02000603",8636,3569,102,638,27,1071,113,2520,3,1,1,1,2514,0,42,3,0,0,0,0,0,0,0,0,0,0,0,1,8,3,0,0,0,0,12,0,4,0,2,0,1,0,1,0,0,3,1,2,0,0,0,0,0,0,0,0,0,0,1,554
2021,"Kingston upon Thames 007","E02000604",9242,4226,97,557,37,673,70,2929,4,2,0,0,2923,0,36,1,0,0,1,0,0,0,0,0,0,0,0,0,7,3,0,0,0,0,7,1,2,0,0,0,0,0,0,0,0,5,6,0,1,0,0,0,0,0,0,1,0,0,1,617
2021,"Kingston upon Thames 008","E02000605",8488,3771,83,567,40,673,39,2657,9,3,0,2,2643,0,61,1,1,0,0,0,0,0,0,1,0,1,0,1,11,2,0,0,0,0,12,0,0,1,2,0,0,0,0,0,1,16,2,1,1,0,0,0,0,0,0,0,0,0,7,597
2021,"Kingston upon Thames 009","E02000606",10564,3767,114,308,67,655,99,4511,20,4,0,6,4480,1,141,5,1,5,3,0,0,0,0,0,0,3,0,2,8,12,0,0,0,0,33,3,12,1,1,1,0,3,0,0,1,23,14,1,2,0,0,0,0,0,0,4,0,0,3,902
2021,"Kingston upon Thames 010","E02000607",6789,2889,45,167,57,290,46,2675,5,2,0,0,2668,0,49,0,0,0,3,0,0,0,0,0,0,1,0,0,2,1,0,0,0,1,5,1,7,1,1,0,3,0,0,0,0,9,4,1,0,0,0,0,0,0,0,0,0,0,9,571
2021,"Kingston upon Thames 011","E02000608",7199,2728,93,166,27,353,26,3120,11,1,0,1,3107,0,69,2,0,1,0,0,0,0,0,1,0,0,0,0,9,1,0,0,0,0,21,0,8,1,1,0,0,0,0,0,1,13,4,1,0,0,0,0,2,0,0,1,1,0,1,617
2021,"Kingston upon Thames 012","E02000609",7628,3475,66,752,20,1078,55,1662,8,5,0,0,1649,0,40,0,0,0,1,0,0,0,0,0,0,0,0,0,16,3,0,0,0,0,9,0,2,0,0,0,0,0,0,0,0,4,2,0,0,0,0,0,0,0,0,0,0,0,3,480
2021,"Kingston upon Thames 013","E02000610",7952,3160,87,241,48,444,68,3203,6,4,0,1,3192,0,63,0,0,2,0,0,0,0,1,2,0,1,0,0,2,3,0,0,0,0,18,0,9,0,3,0,0,1,0,0,0,12,1,2,0,0,0,0,0,0,0,3,1,1,1,638
2021,"Kingston upon Thames 014","E02000611",7440,3482,45,493,38,442,100,2282,4,0,0,2,2276,0,46,0,0,0,0,0,0,0,0,0,0,0,0,1,16,4,0,0,0,0,3,0,6,0,0,2,0,0,0,0,1,3,2,2,0,0,0,0,0,0,0,0,0,0,6,512
2021,"Kingston upon Thames 015","E02000612",8252,4011,111,550,18,859,89,2104,2,6,0,0,2096,0,68,0,1,0,0,0,0,0,0,0,0,3,0,0,28,9,0,0,0,0,4,0,9,0,0,0,0,0,0,0,0,3,5,1,0,0,0,0,0,0,0,0,0,5,0,442
2021,"Kingston upon Thames 016","E02000613",8092,3380,61,276,33,440,26,3270,9,3,0,0,3258,0,27,0,0,3,1,0,0,0,0,0,0,0,0,0,2,2,0,0,0,0,4,0,3,0,1,0,0,0,0,0,0,2,2,1,0,0,0,0,0,0,0,1,0,0,5,579
2021,"Kingston upon Thames 017","E02000614",9293,3879,96,1034,11,1045,97,2460,5,0,0,1,2453,1,57,2,0,1,0,0,0,0,0,1,0,0,0,0,9,10,0,0,0,0,12,0,4,0,0,0,0,2,2,0,0,3,8,0,0,0,0,0,0,0,0,1,0,0,2,614
2021,"Kingston upon Thames 018","E02000615",7881,3877,81,326,14,448,33,2544,6,2,0,1,2535,0,28,0,0,1,0,1,0,0,0,1,1,0,0,0,3,2,0,0,0,0,3,0,1,0,0,0,0,1,0,0,0,6,0,3,0,0,0,0,0,0,0,0,0,0,5,530
2021,"Kingston upon Thames 019","E02000616",6057,3020,31,184,12,163,10,2271,3,1,0,0,2267,0,31,0,0,3,0,0,0,0,0,0,1,0,0,1,5,1,0,0,0,0,9,0,6,0,1,0,0,0,0,0,1,1,0,1,1,0,0,0,0,0,0,0,0,0,0,335
2021,"Kingston upon Thames 020","E02000617",8861,4085,55,314,10,495,72,3325,5,2,0,0,3318,0,43,0,0,0,1,0,0,0,0,0,0,0,0,1,3,0,0,0,0,0,14,0,9,0,0,0,0,0,0,0,0,7,6,1,1,0,0,0,0,0,0,0,0,0,0,462
2021,"Lambeth 002","E02000619",9102,4514,80,74,24,911,12,2814,8,4,0,1,2801,0,75,9,0,0,0,0,0,0,0,0,0,0,1,0,0,2,0,0,0,0,21,1,8,0,7,0,3,0,0,1,0,7,8,1,0,1,3,0,0,0,0,1,0,0,1,598
2021,"Lambeth 003","E02000620",9844,4350,108,96,66,866,7,3552,13,3,0,4,3532,0,52,4,0,0,1,0,0,0,0,0,0,0,0,0,3,2,0,0,0,0,18,0,3,0,6,0,0,1,0,0,1,7,2,1,0,0,0,0,0,0,0,3,0,0,0,747
2021,"Lambeth 004","E02000621",12520,4957,178,186,64,929,29,4952,21,7,0,3,4921,0,109,0,2,1,1,0,0,0,0,0,0,0,0,0,8,3,0,0,1,0,43,2,5,0,0,0,0,1,0,0,0,28,4,7,0,0,0,0,1,0,0,1,0,0,1,1116
2021,"Lambeth 005","E02000622",8405,3570,55,37,48,506,25,3520,12,8,0,2,3498,0,41,0,0,0,0,1,0,0,0,0,0,0,0,0,0,0,0,0,0,0,18,0,4,0,1,0,0,0,0,0,0,8,4,0,1,0,0,0,0,0,0,1,0,0,3,603
2021,"Lambeth 006","E02000623",7863,4071,62,31,42,746,9,2234,5,5,0,1,2223,0,66,0,0,0,4,0,0,0,0,2,0,0,1,0,0,1,0,0,0,0,23,2,2,0,9,0,0,1,3,1,0,9,2,1,0,0,0,0,2,0,0,3,0,0,0,602
2021,"Lambeth 007","E02000624",9632,3998,79,45,36,869,10,3851,13,4,0,1,3833,0,68,0,0,3,0,0,0,0,0,0,0,0,0,1,0,0,0,0,0,0,26,0,0,0,12,0,0,0,1,0,0,15,4,0,0,0,3,0,0,0,0,2,0,0,1,676
2021,"Lambeth 008","E02000625",9302,4514,76,43,18,1155,9,2805,14,1,0,1,2789,0,50,0,0,0,0,0,0,0,0,0,0,0,0,0,0,2,0,0,0,0,14,0,5,0,5,0,0,0,1,0,0,12,5,3,0,0,2,0,0,0,0,1,0,0,0,632
2021,"Lambeth 009","E02000626",8366,4112,67,38,14,1016,5,2348,6,2,0,3,2337,0,69,0,0,0,4,0,0,0,0,0,0,0,0,0,3,3,0,0,0,0,25,0,2,0,12,0,0,0,0,0,1,12,0,1,0,0,0,5,0,0,1,0,0,0,0,697
2021,"Lambeth 010","E02000627",9555,4253,72,29,38,760,13,3586,12,1,0,3,3570,0,95,5,1,0,2,0,0,0,0,1,1,0,0,1,2,0,0,0,0,1,32,0,6,0,5,3,0,4,0,0,0,13,9,2,0,0,3,0,0,0,1,1,0,0,2,709
2021,"Lambeth 011","E02000628",10786,5116,101,32,39,1405,10,3085,6,5,0,0,3074,0,115,2,2,0,5,0,0,0,0,0,0,0,0,0,2,4,0,0,1,0,47,2,5,0,21,0,1,0,0,0,0,13,4,1,2,0,0,0,1,0,0,1,0,0,1,883
2021,"Lambeth 012","E02000629",9120,3793,43,92,33,466,27,4032,14,4,0,6,4008,0,38,0,0,1,0,1,0,0,0,0,0,0,0,0,0,1,0,0,0,0,7,0,3,1,7,0,0,0,0,0,0,5,6,1,1,0,3,0,0,0,0,1,0,0,0,596
2021,"Lambeth 013","E02000630",7540,3238,30,52,38,285,16,3258,12,2,3,1,3240,0,53,0,1,1,0,0,0,0,0,0,0,0,1,0,3,4,0,0,0,0,16,1,5,1,7,0,0,1,0,0,1,9,0,1,0,0,0,0,0,0,0,1,0,0,0,570
2021,"Lambeth 014","E02000631",9526,3886,59,99,18,797,29,3953,12,6,0,3,3932,0,75,1,0,0,1,0,0,0,0,0,0,0,0,1,7,2,0,0,0,0,21,2,5,1,9,0,1,0,0,0,2,15,2,2,0,0,0,0,0,0,1,1,0,0,1,610
2021,"Lambeth 015","E02000632",9584,3515,59,60,60,324,13,4851,13,16,0,0,4822,0,45,0,0,0,1,0,0,0,1,0,0,0,0,0,0,1,0,0,0,0,13,0,8,0,0,0,3,0,0,2,1,13,0,2,0,0,0,0,0,0,0,0,0,0,0,657
2021,"Lambeth 016","E02000633",9163,3992,68,41,35,951,6,3373,13,4,0,2,3354,0,61,5,0,1,0,0,0,0,2,0,0,0,1,0,6,2,0,0,0,0,19,0,5,0,1,0,1,0,0,0,0,9,3,2,0,0,1,0,0,0,0,3,0,0,0,636
2021,"Lambeth 017","E02000634",6773,2986,53,36,29,587,9,2521,8,1,0,3,2509,0,38,3,0,0,1,0,0,0,0,0,0,0,0,0,0,0,0,0,0,0,15,1,4,0,3,0,0,0,0,0,0,8,3,0,0,0,0,0,0,0,0,0,0,0,0,514
2021,"Lambeth 018","E02000635",9816,3689,132,44,51,585,10,4406,11,4,0,4,4387,0,68,0,0,1,1,0,0,0,0,0,0,0,0,1,7,4,0,0,0,0,19,0,5,0,2,0,0,0,0,0,0,16,6,0,0,0,0,0,0,0,0,5,0,0,1,831
2021,"Lambeth 019","E02000636",7716,3392,25,100,79,242,18,3303,10,4,0,1,3288,0,52,0,0,1,1,0,0,0,0,0,1,0,0,0,5,1,0,0,0,0,13,0,3,0,2,0,0,0,0,0,0,23,1,1,0,0,0,0,0,0,0,0,0,0,0,505
2021,"Lambeth 020","E02000637",8398,2934,101,34,62,335,16,4247,20,3,0,4,4220,0,57,0,1,0,1,0,0,0,0,0,0,0,1,0,0,0,0,0,0,0,21,0,5,0,1,0,0,0,1,0,0,18,4,0,0,1,0,0,0,0,1,0,0,0,2,612
2021,"Lambeth 021","E02000638",10254,4491,83,44,27,768,12,3815,8,2,0,4,3801,0,100,3,0,0,0,0,0,0,0,0,1,0,0,1,0,3,0,0,0,1,38,0,12,1,10,0,3,0,0,0,0,16,5,0,0,0,0,0,0,0,1,5,0,0,0,914
2021,"Lambeth 022","E02000639",8321,4086,82,48,30,861,12,2468,11,2,0,1,2454,0,66,0,0,0,0,0,0,0,0,1,1,0,0,0,8,4,0,0,0,0,22,0,4,0,7,0,0,1,0,0,0,6,8,0,0,0,1,0,1,0,1,1,0,0,0,668
2021,"Lambeth 023","E02000640",9295,3707,52,138,44,582,19,4028,7,5,0,3,4013,0,60,3,1,0,0,0,0,0,0,0,0,0,0,1,3,0,0,0,0,0,18,0,8,1,5,0,0,1,0,0,1,9,7,0,0,0,0,0,0,0,0,2,0,0,0,665
2021,"Lambeth 024","E02000641",8631,4700,61,35,9,836,4,2284,3,2,0,2,2277,0,78,0,1,0,1,0,0,0,0,1,1,0,0,1,0,1,0,0,0,0,26,1,10,0,10,0,0,0,0,0,0,11,3,4,0,0,6,0,0,0,0,0,0,0,1,624
2021,"Lambeth 025","E02000642",9811,4054,81,133,39,488,18,4163,11,3,0,2,4147,0,99,0,0,1,0,0,0,0,0,0,0,0,1,1,3,4,0,0,0,0,10,1,11,1,39,0,0,0,3,0,1,17,4,1,0,0,0,0,0,0,1,0,0,0,0,736
2021,"Lambeth 026","E02000643",9376,3883,35,62,62,766,16,3720,7,6,0,1,3706,0,76,0,0,0,0,0,0,0,0,0,0,0,0,1,2,7,0,0,0,0,37,0,7,0,5,0,0,1,0,0,1,6,2,2,0,0,1,0,0,0,0,3,0,0,1,756
2021,"Lambeth 027","E02000644",8525,3564,69,101,17,634,14,3501,16,5,0,2,3478,0,43,0,0,0,0,0,0,0,0,0,0,0,0,0,1,0,0,0,0,1,14,1,6,0,5,0,0,0,0,0,0,9,4,0,0,0,1,0,0,0,0,1,0,0,0,582
2021,"Lambeth 028","E02000645",9533,4102,48,78,49,467,19,3879,15,2,0,2,3860,0,113,0,1,1,4,0,0,0,0,0,0,0,0,0,40,2,0,0,0,0,28,0,10,0,2,0,0,1,1,1,0,11,4,0,3,0,0,2,0,0,0,0,0,0,2,778
2021,"Lambeth 029","E02000646",9495,3781,99,210,48,1035,22,3642,11,5,0,2,3624,0,65,0,0,1,0,0,0,0,0,0,0,0,0,0,2,0,0,0,0,0,26,0,10,0,5,0,0,0,0,0,0,11,7,1,1,0,0,0,0,0,0,1,0,0,0,593
2021,"Lambeth 030","E02000647",8592,3605,36,139,36,664,9,3253,6,3,0,5,3239,0,65,0,0,2,0,0,0,0,0,1,0,0,0,0,4,5,0,0,0,0,23,5,5,2,6,0,0,0,1,0,0,6,4,0,0,0,0,0,0,0,0,0,0,0,1,785
2021,"Lambeth 031","E02000648",7825,3768,53,83,29,699,10,2428,7,0,0,0,2421,0,49,0,1,0,2,0,0,0,0,0,0,0,0,0,3,3,0,0,0,0,12,0,3,0,8,0,0,0,0,0,0,8,4,1,0,0,0,0,0,0,0,0,0,0,4,706
2021,"Lambeth 032","E02000649",12476,5625,47,166,37,1102,40,4537,21,5,0,1,4510,0,83,3,0,1,1,0,0,0,0,0,0,0,0,0,4,7,0,0,0,0,22,0,16,0,1,0,0,0,0,1,0,20,2,0,0,0,1,0,1,0,0,2,0,0,1,839
2021,"Lambeth 033","E02000650",7666,3246,58,53,29,479,11,3121,10,4,0,1,3106,0,55,1,0,0,1,0,0,0,0,0,1,1,0,0,0,3,0,0,0,0,23,0,6,0,3,0,2,0,0,0,0,9,2,0,0,0,0,0,0,0,0,1,0,0,2,614
2021,"Lambeth 034","E02000651",8739,4183,33,167,24,799,9,2824,7,5,0,1,2811,0,73,0,0,0,1,0,0,0,0,0,0,0,0,0,3,5,0,0,0,0,15,2,11,0,9,0,0,1,0,0,0,14,6,1,0,1,1,0,0,0,0,0,0,0,3,627
2021,"Lambeth 035","E02000652",7558,3611,28,327,18,1297,25,1482,6,0,0,0,1476,0,32,0,0,0,0,0,0,0,0,0,0,0,0,0,3,1,0,0,0,0,11,0,5,1,0,0,0,0,0,0,0,7,3,0,0,0,0,0,0,0,0,1,0,0,0,738
2021,"Lewisham 001","E02000653",12607,5328,205,175,20,1717,28,4123,17,6,0,3,4097,0,60,4,1,0,1,0,0,0,0,1,0,0,0,1,3,1,1,0,0,0,17,0,3,1,3,0,0,1,3,0,1,4,3,4,0,1,1,0,1,0,0,4,0,0,0,951
2021,"Lewisham 002","E02000654",8789,3977,236,105,23,996,12,2648,7,1,0,1,2639,0,57,6,0,0,1,0,0,0,0,0,0,0,1,1,0,1,0,0,0,0,18,0,3,0,7,0,0,1,0,0,0,6,8,1,0,0,0,0,0,0,0,3,0,0,0,735
2021,"Lewisham 003","E02000655",10285,4482,137,111,35,1046,15,3629,11,3,0,4,3611,0,74,9,4,2,0,0,0,0,0,0,0,0,0,0,2,6,0,0,0,0,14,2,4,1,6,0,0,0,0,0,0,15,5,1,0,1,0,0,0,0,0,2,0,0,0,756
2021,"Lewisham 005","E02000657",9905,3790,110,62,48,836,14,4166,12,8,0,3,4143,0,106,1,0,1,2,0,0,0,0,0,1,0,0,2,2,5,0,0,0,0,29,1,15,1,7,0,1,1,0,0,1,25,3,0,0,0,0,0,0,0,0,5,1,0,2,773
2021,"Lewisham 006","E02000658",8616,3167,139,28,24,643,17,3802,13,6,0,1,3782,0,72,3,0,0,0,0,0,0,0,1,0,0,1,15,0,2,0,0,0,0,22,0,5,0,2,0,0,2,0,0,0,13,1,0,0,0,2,0,0,0,0,2,0,0,1,724
2021,"Lewisham 007","E02000659",8063,3153,92,146,22,496,26,3317,5,4,0,4,3304,0,84,10,0,2,0,0,0,0,0,0,0,0,0,0,2,2,0,0,0,0,26,1,8,2,8,0,0,0,0,0,1,11,3,4,0,0,0,0,0,0,0,1,1,0,2,727
2021,"Lewisham 008","E02000660",8215,2853,86,214,34,406,8,3872,7,4,0,2,3859,0,92,1,0,10,1,0,0,0,0,0,0,0,0,0,1,4,0,0,0,2,19,3,11,2,3,0,0,2,1,0,3,14,9,1,0,0,0,0,0,0,1,3,0,0,1,650
2021,"Lewisham 009","E02000661",6493,2779,58,88,25,271,18,2707,5,3,0,1,2698,0,56,2,0,1,0,0,0,0,0,0,0,1,0,0,0,2,1,0,0,0,19,1,4,0,3,0,0,2,0,0,1,6,2,0,2,0,0,0,0,0,0,2,0,0,7,491
2021,"Lewisham 010","E02000662",8294,3496,73,73,23,647,8,3286,12,1,0,0,3273,0,62,0,0,0,0,0,0,0,0,0,0,0,0,1,0,1,1,0,0,0,17,1,13,1,8,0,0,2,0,0,0,10,1,3,0,0,2,0,0,0,0,1,0,0,0,626
2021,"Lewisham 011","E02000663",6796,2394,97,181,36,364,10,3047,9,6,0,4,3028,0,76,0,2,0,0,0,0,0,0,0,0,0,0,0,1,3,0,0,0,0,29,0,21,0,0,0,0,2,0,1,0,6,3,2,0,0,2,0,0,0,0,2,1,0,1,591
2021,"Lewisham 013","E02000665",8157,3477,66,162,15,417,4,3388,11,4,0,3,3370,0,51,0,0,1,0,0,0,0,0,0,0,0,0,0,1,9,0,0,0,0,15,0,5,0,2,0,0,0,0,0,0,12,4,1,0,0,0,0,0,0,0,0,0,0,1,577
2021,"Lewisham 014","E02000666",7190,2734,76,128,23,474,9,3116,13,2,0,5,3096,0,70,4,3,0,0,0,2,0,0,0,0,0,0,0,1,3,0,0,0,1,24,0,12,0,1,0,1,0,0,0,0,10,4,1,0,0,0,0,0,0,0,1,0,0,2,560
2021,"Lewisham 015","E02000667",6691,2462,47,75,23,371,1,3161,1,3,0,2,3155,0,68,6,0,0,2,0,0,0,0,1,0,0,0,0,1,4,0,0,0,0,19,1,12,3,4,0,0,0,0,0,1,9,0,1,0,0,0,0,0,0,0,0,1,0,3,483
2021,"Lewisham 016","E02000668",6861,2912,77,175,37,437,23,2707,11,2,0,2,2692,0,33,0,0,4,0,0,0,0,0,1,0,0,0,1,0,2,0,0,0,0,7,0,3,0,5,0,0,0,0,0,0,5,1,1,0,0,0,0,0,0,0,3,0,0,0,460
2021,"Lewisham 017","E02000669",7972,3390,65,218,23,528,15,3071,6,7,0,0,3058,0,56,0,1,0,0,0,0,0,0,0,0,0,0,0,0,3,0,0,0,0,14,2,7,0,12,0,0,0,0,0,1,8,3,0,1,0,1,0,0,0,1,2,0,0,0,606
2021,"Lewisham 018","E02000670",6707,3457,75,114,9,516,13,1987,4,1,0,0,1982,0,34,2,0,2,0,0,0,0,0,0,0,0,0,1,0,0,0,0,0,0,12,1,4,0,2,0,0,1,0,0,0,6,1,0,0,1,0,0,0,0,1,0,0,0,0,502
2021,"Lewisham 019","E02000671",8739,3211,38,104,34,394,29,4242,9,6,0,2,4225,0,50,0,0,0,0,0,0,0,0,0,0,0,0,0,1,5,0,0,0,0,13,0,12,1,3,0,0,0,0,0,0,9,3,0,1,0,0,0,0,0,0,2,0,0,0,637
2021,"Lewisham 020","E02000672",10268,4789,94,226,16,877,22,3386,8,2,0,5,3371,0,124,0,1,1,0,0,0,0,0,2,1,0,0,0,3,0,0,0,0,0,53,0,7,1,8,0,0,1,0,0,4,36,5,1,0,0,0,0,0,0,0,0,0,0,0,734
2021,"Lewisham 021","E02000673",8136,3010,90,126,45,245,16,3935,12,1,0,4,3918,0,72,0,0,2,1,0,0,0,0,0,0,0,0,0,0,4,0,0,0,0,11,2,8,2,5,0,0,0,0,0,0,29,3,1,0,0,0,0,0,0,0,1,1,0,2,597
2021,"Lewisham 022","E02000674",8454,4228,50,292,13,524,32,2557,6,5,0,0,2546,0,42,0,0,0,0,0,0,0,0,0,0,0,0,0,0,2,0,0,0,0,12,0,0,1,5,0,0,3,0,0,0,6,5,3,0,0,2,0,0,0,0,3,0,0,0,716
2021,"Lewisham 023","E02000675",8532,3954,73,302,12,533,32,2898,5,3,0,3,2887,0,60,0,0,0,1,0,0,0,0,0,0,0,0,0,0,4,0,0,0,0,27,0,10,0,1,0,1,2,0,0,0,7,5,0,0,1,0,0,0,0,0,0,0,0,1,668
2021,"Lewisham 024","E02000676",7817,3096,43,95,30,361,29,3539,8,6,0,1,3524,0,69,0,0,0,1,0,0,0,0,0,1,2,0,0,0,1,0,0,1,0,33,0,9,2,3,0,0,0,0,0,0,7,5,2,0,0,0,0,0,0,0,2,0,0,0,555
2021,"Lewisham 025","E02000677",7207,3560,49,241,17,688,41,1924,7,1,0,1,1915,0,51,2,1,0,0,0,0,0,0,0,0,0,0,0,2,2,0,0,0,0,23,0,1,0,5,1,0,0,0,0,0,10,1,1,0,0,0,0,0,0,0,0,2,0,0,636
2021,"Lewisham 026","E02000678",6963,3807,32,219,6,549,24,1875,1,0,0,1,1873,0,34,3,0,0,0,0,0,0,0,0,1,0,0,1,0,1,0,0,0,0,13,0,4,0,3,0,0,0,0,0,0,0,7,0,0,0,0,0,0,0,0,0,0,0,1,417
2021,"Lewisham 027","E02000679",8131,3495,57,75,41,522,40,3264,4,2,0,2,3256,0,53,1,0,0,0,0,0,0,0,0,0,0,0,0,0,4,0,0,0,0,19,1,2,0,5,0,0,0,2,0,0,10,5,1,0,0,0,0,0,0,0,0,3,0,0,584
2021,"Lewisham 028","E02000680",7036,2878,60,94,27,550,17,2840,5,22,0,0,2813,0,68,3,1,0,0,0,0,0,0,0,0,0,0,0,0,2,0,0,0,0,15,0,9,1,1,0,0,1,0,0,2,27,1,0,0,0,0,0,0,0,0,2,0,0,3,502
2021,"Lewisham 029","E02000681",8472,4262,77,278,8,640,35,2562,5,2,0,3,2552,0,47,0,0,0,2,0,0,0,0,0,0,0,0,0,0,2,0,0,0,0,18,0,3,0,4,0,0,0,0,0,1,7,3,6,0,0,0,0,0,0,0,0,0,1,0,563
2021,"Lewisham 030","E02000682",8932,4576,79,508,6,950,34,2030,4,1,0,0,2025,0,58,0,0,2,3,0,0,0,0,0,0,0,0,0,1,5,0,0,0,1,20,2,6,0,3,7,0,0,0,0,0,5,2,1,0,0,0,0,0,0,0,0,0,0,0,691
2021,"Lewisham 031","E02000683",6768,3497,54,171,14,402,11,2072,4,1,0,0,2067,0,32,0,0,0,1,0,0,0,0,0,0,0,0,1,0,1,0,0,0,0,11,0,5,1,3,0,0,0,0,0,2,5,1,0,0,0,0,0,0,0,0,1,0,0,0,515
2021,"Lewisham 033","E02000685",8128,3596,86,136,22,549,17,3005,7,5,0,0,2993,0,59,0,0,2,0,0,0,0,0,0,0,0,1,2,0,3,0,0,0,0,14,0,10,2,3,0,0,0,0,0,0,8,1,6,0,0,0,0,0,0,0,2,0,0,5,658
2021,"Lewisham 034","E02000686",7535,3927,72,172,8,680,17,2048,2,1,0,0,2045,0,47,2,0,3,0,0,0,0,0,0,0,0,0,0,0,3,0,0,2,0,13,0,7,2,2,0,0,0,0,0,0,8,2,0,0,0,0,0,1,0,1,1,0,0,0,564
2021,"Lewisham 035","E02000687",8266,3609,60,109,29,563,27,3233,7,10,0,3,3213,0,44,4,0,0,0,0,0,0,0,0,0,0,0,0,1,4,0,0,1,0,12,0,2,0,1,0,0,0,0,0,0,11,5,1,0,0,1,0,0,0,0,1,0,0,0,592
2021,"Merton 001","E02000689",9053,4196,84,187,74,690,14,3194,6,1,0,3,3184,0,29,0,0,0,0,0,0,0,0,0,0,0,0,0,0,3,0,0,0,0,7,0,2,0,0,0,0,2,0,0,0,7,5,0,1,0,0,0,0,0,1,0,0,0,1,585
2021,"Merton 002","E02000690",5524,2831,53,148,84,289,15,1642,6,0,0,4,1632,0,27,0,0,0,0,0,0,0,0,0,0,0,0,0,0,6,0,0,0,0,6,0,0,1,0,0,0,0,0,0,4,3,2,0,0,0,1,2,0,0,0,1,0,0,1,435
2021,"Merton 003","E02000691",7355,3279,57,257,58,409,38,2718,6,4,0,1,2707,0,66,0,0,1,1,0,0,0,0,0,0,0,0,1,10,1,0,0,0,0,20,0,1,0,4,0,0,0,0,0,1,11,2,1,1,0,0,2,0,0,0,1,1,0,7,473
2021,"Merton 004","E02000692",7656,3667,85,265,80,343,9,2549,6,5,0,1,2537,0,61,0,0,2,0,0,0,0,0,0,0,0,0,0,5,5,0,0,0,0,13,2,7,0,2,0,0,1,0,0,3,7,3,1,0,0,0,0,0,0,1,0,0,0,9,597
2021,"Merton 005","E02000693",9853,4057,74,431,24,837,20,3613,8,4,0,0,3601,0,51,0,0,0,0,0,0,0,0,0,1,0,0,0,4,3,0,0,0,0,13,1,6,1,1,0,0,0,0,0,0,12,5,0,0,0,0,0,0,0,0,4,0,0,0,746
2021,"Merton 006","E02000694",9104,3968,62,292,43,453,12,3525,17,2,0,6,3500,0,39,0,3,0,1,0,0,0,0,1,0,0,0,0,1,4,0,0,0,0,9,0,2,0,1,0,0,0,0,0,0,11,3,2,0,0,0,0,0,0,0,1,0,0,0,710
2021,"Merton 007","E02000695",8642,3766,43,984,10,1316,29,1816,12,3,0,2,1799,0,46,1,0,0,2,0,0,0,0,0,0,0,0,0,11,0,0,0,0,0,10,0,3,0,3,1,0,1,0,0,0,7,0,2,0,0,0,0,0,0,2,3,0,0,0,632
2021,"Merton 008","E02000696",8633,3779,54,601,17,1117,35,2368,9,0,0,2,2357,0,42,0,0,0,1,0,0,0,0,1,0,0,0,0,4,1,0,0,0,0,15,2,8,2,1,0,0,0,0,0,0,4,1,0,0,0,0,0,0,0,0,1,1,0,0,620
2021,"Merton 009","E02000697",8727,3582,87,338,36,483,23,3443,12,9,0,1,3421,0,67,0,0,0,1,0,0,0,0,1,1,0,0,1,15,4,0,0,0,0,17,0,4,2,3,0,1,1,0,0,1,6,2,0,0,0,1,0,0,0,0,1,0,0,5,668
2021,"Merton 010","E02000698",8237,4110,95,328,62,436,19,2481,5,3,0,0,2473,0,48,0,1,7,0,0,0,0,0,0,0,0,0,0,12,9,0,0,0,0,6,3,4,0,1,0,0,0,0,0,0,2,1,1,0,0,0,0,0,0,0,0,0,0,1,658
2021,"Merton 011","E02000699",8217,3552,86,321,31,390,16,3088,6,5,0,2,3075,0,72,1,0,5,3,0,0,0,0,0,0,1,0,0,12,1,0,0,0,0,17,0,4,1,1,0,0,0,0,0,0,12,5,1,1,0,0,0,0,0,0,2,0,0,5,661
2021,"Merton 012","E02000700",8662,3933,78,559,16,1133,22,2228,6,4,0,0,2218,0,67,0,0,4,2,0,0,0,0,0,1,0,0,0,0,5,0,0,0,0,21,0,11,0,0,0,0,1,0,0,0,8,7,0,0,0,2,0,0,0,0,0,1,0,4,626
2021,"Merton 013","E02000701",9011,4295,86,1201,16,1086,35,1646,4,2,0,0,1640,0,40,0,0,0,1,0,0,0,0,1,0,0,0,0,0,3,0,0,0,0,14,0,0,0,4,0,0,0,0,0,0,5,11,0,0,0,0,0,0,0,1,0,0,0,0,606
2021,"Merton 014","E02000702",9327,4842,38,503,13,1198,11,2092,4,0,0,1,2087,0,42,0,0,0,0,0,0,0,0,0,0,0,0,0,7,5,0,0,0,0,11,0,2,0,2,0,0,0,0,1,1,6,3,2,0,0,0,0,0,0,0,0,0,0,2,588
2021,"Merton 015","E02000703",7965,3778,103,376,31,699,23,2389,5,0,0,1,2383,0,33,0,1,0,4,0,0,0,0,1,0,0,0,0,5,3,0,0,0,0,6,0,4,0,0,0,0,0,0,0,0,0,2,5,0,0,0,0,0,0,1,1,0,0,0,533
2021,"Merton 016","E02000704",8602,4034,87,391,39,563,48,2796,9,1,0,2,2784,0,67,0,0,6,2,0,0,0,0,0,1,6,0,0,2,8,0,0,0,0,13,0,12,0,0,0,0,0,0,0,0,5,4,0,0,0,0,0,0,0,0,3,0,0,5,577
2021,"Merton 017","E02000705",9327,4789,57,700,6,1454,66,1510,4,3,0,1,1502,0,41,0,0,0,0,0,0,0,0,0,0,0,0,0,5,4,0,0,0,0,14,1,3,0,0,0,0,1,0,0,0,5,6,0,0,0,1,0,0,0,0,1,0,0,0,704
2021,"Merton 018","E02000706",10035,4812,70,819,23,1533,26,2112,2,0,0,0,2110,0,24,0,0,1,0,0,0,0,0,0,0,0,0,0,0,0,0,0,0,0,9,0,2,0,0,0,0,0,2,3,2,3,2,0,0,0,0,0,0,0,0,0,0,0,0,616
2021,"Merton 019","E02000707",8307,4442,23,373,10,1273,43,1579,0,0,0,0,1579,0,45,6,0,2,0,0,0,0,0,0,0,0,0,0,1,1,0,0,0,0,15,0,3,0,1,0,1,1,0,0,0,3,3,1,0,0,3,0,0,0,0,1,0,0,3,519
2021,"Merton 020","E02000708",8889,4541,79,745,22,597,27,2263,4,3,0,1,2255,0,53,1,0,0,0,0,0,0,0,0,0,0,0,0,10,1,0,0,0,0,13,0,9,0,0,0,0,1,0,0,0,8,3,2,0,0,0,0,0,0,0,0,0,0,5,562
2021,"Merton 021","E02000709",7980,4147,47,457,13,657,16,2097,4,2,0,2,2089,0,62,20,0,5,0,0,0,0,0,0,1,0,1,0,2,0,0,0,0,0,12,0,4,0,0,0,0,0,0,0,0,7,4,1,0,0,0,0,0,0,0,3,0,0,2,484
2021,"Merton 022","E02000710",9187,4513,71,639,5,1116,39,2029,7,0,0,0,2022,0,64,10,0,2,2,0,0,0,0,1,0,0,0,0,1,5,0,0,0,0,20,0,8,1,1,0,0,2,0,0,0,5,6,0,0,0,0,0,0,0,0,0,0,0,0,711
2021,"Merton 023","E02000711",9449,4069,133,586,16,1634,13,2343,7,3,0,1,2332,0,39,0,0,0,0,0,0,0,0,0,0,0,0,0,3,4,0,0,0,0,12,1,8,0,1,0,0,0,0,0,0,5,1,1,0,0,0,0,0,0,0,0,0,0,3,616
2021,"Merton 024","E02000712",9673,4394,199,706,16,1329,15,2433,2,3,0,1,2427,0,59,0,0,0,0,0,0,0,0,0,0,0,0,4,4,4,0,0,0,0,17,3,7,1,1,0,0,0,0,0,1,11,2,0,1,0,1,0,0,0,0,0,0,0,2,522
2021,"Merton 025","E02000713",7806,3944,47,405,12,638,2,2272,6,1,0,0,2265,0,46,4,0,0,0,0,0,0,0,0,3,0,0,1,3,2,0,0,0,0,12,1,5,0,1,0,0,0,0,0,1,6,5,0,0,0,0,0,0,0,0,1,0,0,1,440
2021,"Newham 001","E02000714",7709,3105,27,212,14,2261,107,1408,2,0,0,0,1406,0,48,0,0,0,1,0,0,0,0,0,0,0,0,0,0,8,0,0,0,0,14,0,3,0,6,2,1,0,0,1,0,7,1,2,0,0,0,0,0,0,0,2,0,0,0,527
2021,"Newham 002","E02000715",7297,1927,16,371,4,3876,196,472,1,0,0,0,471,0,33,7,0,0,0,0,0,0,0,1,0,0,0,0,7,5,0,0,0,0,3,0,0,0,4,4,0,0,0,0,0,1,0,1,0,0,0,0,0,0,0,0,0,0,0,402
2021,"Newham 003","E02000716",7349,2038,19,403,6,3416,150,886,2,1,0,1,882,0,39,0,0,1,2,0,0,0,0,0,0,0,0,0,4,2,0,0,0,0,9,1,3,1,2,8,0,0,1,0,0,1,3,0,1,0,0,0,0,0,0,0,0,0,0,392
2021,"Newham 004","E02000717",8358,1857,13,515,3,4793,235,519,2,0,0,0,517,0,32,0,0,0,0,0,0,0,0,0,0,0,0,0,4,1,0,0,2,0,13,0,2,0,1,6,0,0,0,0,0,2,0,1,0,0,0,0,0,0,0,0,0,0,0,391
2021,"Newham 005","E02000718",7403,2034,12,419,11,3848,186,467,2,1,0,0,464,0,25,0,0,0,0,0,0,0,0,0,1,0,0,0,0,12,0,0,0,0,5,0,2,0,2,0,0,0,0,0,0,1,1,1,0,0,0,0,0,0,0,0,0,0,0,401
2021,"Newham 006","E02000719",8077,3387,52,210,14,2345,55,1436,5,1,0,0,1430,0,47,1,0,0,1,0,0,0,0,0,0,0,0,0,2,0,0,0,0,0,22,0,2,1,2,0,0,0,0,1,1,10,1,0,0,0,0,0,0,0,0,1,1,0,1,531
2021,"Newham 007","E02000720",7490,1704,25,659,23,3219,189,1133,4,6,0,1,1122,0,30,0,0,0,0,0,0,0,0,0,0,0,0,0,7,4,0,0,0,0,7,0,5,0,1,0,0,0,0,1,0,3,2,0,0,0,0,0,0,0,0,0,0,0,0,508
2021,"Newham 008","E02000721",9548,2213,23,556,8,5176,214,639,4,0,0,0,635,0,67,0,0,3,0,0,0,0,0,0,1,0,1,0,7,3,0,0,0,0,17,0,4,0,3,23,0,0,0,0,0,2,1,1,0,0,0,0,0,0,0,1,0,0,0,652
2021,"Newham 009","E02000722",8141,3322,89,245,13,2151,83,1602,8,5,0,0,1589,0,59,4,0,0,0,0,0,0,0,0,0,0,0,0,4,4,0,0,0,0,17,1,6,0,1,0,0,1,4,0,0,9,2,1,0,0,0,0,0,2,0,3,0,0,0,577
2021,"Newham 010","E02000723",11197,2009,33,1604,1,5799,476,410,3,0,0,0,407,0,30,0,0,0,0,0,0,0,0,0,0,0,0,0,5,3,0,0,0,0,15,0,1,0,0,3,0,0,0,0,0,3,0,0,0,0,0,0,0,0,0,0,0,0,0,835
2021,"Newham 011","E02000724",10025,1840,4,946,5,5427,728,444,1,0,0,0,443,0,40,0,0,0,0,0,0,0,0,0,0,0,0,0,5,3,0,0,0,0,5,1,1,0,0,21,0,1,0,0,0,2,1,0,0,0,0,0,0,0,0,0,0,0,0,591
2021,"Newham 012","E02000725",9988,4028,91,297,15,2415,36,2238,11,1,0,1,2225,0,81,2,1,0,0,0,0,0,0,0,0,0,0,0,4,4,0,0,0,0,32,2,1,0,1,0,0,2,7,3,0,11,4,1,0,0,1,0,0,0,0,4,0,0,1,787
2021,"Newham 014","E02000727",8516,1505,18,1415,1,4542,190,386,1,0,0,0,385,0,36,0,0,1,0,0,0,0,0,0,0,0,0,0,12,2,0,0,0,0,7,0,0,0,0,11,0,2,0,0,0,1,0,0,0,0,0,0,0,0,0,0,0,0,0,423
2021,"Newham 015","E02000728",8526,2471,43,1832,5,2846,321,409,2,1,0,0,406,0,38,0,0,0,0,0,0,0,0,0,0,0,0,0,8,3,0,0,0,0,12,0,0,0,1,9,0,0,3,0,0,1,0,0,0,0,0,0,0,0,0,0,1,0,0,561
2021,"Newham 016","E02000729",7327,2604,51,249,8,2749,106,876,0,1,0,0,875,0,50,2,0,0,0,0,0,0,0,0,1,0,0,0,1,3,0,0,0,0,19,0,2,0,3,14,0,0,0,0,0,5,0,0,0,0,0,0,0,0,0,0,0,0,0,634
2021,"Newham 017","E02000730",9929,1683,33,1577,5,5089,374,438,0,0,0,0,438,0,50,2,0,0,0,0,0,0,0,0,0,0,0,0,10,6,0,0,0,0,3,0,1,0,1,21,0,0,0,1,0,2,1,0,0,0,0,0,0,0,0,0,0,0,2,680
2021,"Newham 018","E02000731",9962,2450,38,1370,4,4795,180,518,3,2,0,0,513,0,16,0,0,0,0,0,0,0,0,0,0,0,0,0,0,0,0,0,0,0,7,0,0,0,0,5,0,0,0,0,0,2,0,0,0,0,0,0,0,0,0,0,0,0,2,591
2021,"Newham 019","E02000732",8903,2325,41,692,11,4458,106,752,5,0,0,0,747,0,31,6,1,0,0,0,0,0,0,0,0,0,0,0,0,3,0,0,0,0,13,0,1,0,0,3,0,0,0,0,0,0,0,0,0,0,0,0,0,0,0,2,0,0,2,487
2021,"Newham 020","E02000733",10100,4752,86,227,16,2662,35,1632,4,2,0,1,1625,0,52,1,0,0,0,0,0,0,0,1,3,0,0,1,0,4,0,0,0,0,22,0,2,0,1,0,0,0,1,0,0,11,3,0,0,0,0,0,0,0,0,2,0,0,0,638
2021,"Newham 021","E02000734",7298,3059,89,212,9,2298,38,1034,1,0,0,3,1030,0,40,8,0,0,0,0,0,0,0,0,0,0,0,0,0,1,0,0,0,0,11,0,2,0,0,5,0,2,1,4,0,2,4,0,0,0,0,0,0,0,0,0,0,0,0,519
2021,"Newham 022","E02000735",8609,2721,51,451,6,3922,132,788,5,0,0,2,781,0,43,1,0,0,0,0,0,0,0,0,0,0,0,0,2,2,0,0,0,0,17,1,1,0,1,11,0,0,0,0,0,4,3,0,0,0,0,0,0,0,0,0,0,0,0,495
2021,"Newham 023","E02000736",9204,3139,33,909,9,3684,104,877,6,0,0,0,871,0,25,3,0,0,0,0,0,0,0,0,0,0,1,0,0,4,0,0,0,0,8,0,1,0,0,0,0,0,0,0,0,2,3,0,0,0,0,0,0,0,0,3,0,0,0,424
2021,"Newham 024","E02000737",10379,3700,48,732,5,4090,144,1031,5,0,0,0,1026,0,24,0,0,3,0,0,0,0,0,0,0,0,0,0,3,1,0,0,0,0,10,1,1,0,0,0,0,0,0,0,0,2,2,0,1,0,0,0,0,0,0,0,0,0,0,605
2021,"Newham 025","E02000738",9577,3351,45,499,14,3970,151,1007,3,1,0,1,1002,0,29,4,0,0,0,0,0,0,0,0,0,0,0,0,0,2,0,0,0,0,12,0,3,0,1,0,0,1,0,0,0,3,0,1,0,0,0,0,0,0,0,2,0,0,0,511
2021,"Newham 026","E02000739",7724,3401,53,132,6,2552,88,959,1,1,0,0,957,0,43,0,0,2,0,0,0,0,0,0,0,0,0,0,4,0,0,0,0,0,10,0,5,0,8,5,1,0,0,0,0,5,2,0,0,0,1,0,0,0,0,0,0,0,0,490
2021,"Newham 027","E02000740",6768,3159,57,129,4,1695,31,1203,7,2,0,0,1194,0,25,0,0,0,0,0,0,0,0,0,0,0,0,0,0,0,0,0,0,0,13,1,2,0,5,2,0,0,0,0,0,2,0,0,0,0,0,0,0,0,0,0,0,0,0,465
2021,"Newham 028","E02000741",8244,3528,63,230,4,2777,66,1051,4,2,0,0,1045,0,33,0,0,0,0,0,0,0,0,0,1,0,4,0,0,2,0,0,1,0,12,1,1,0,0,2,0,1,0,1,0,5,0,0,0,0,0,0,0,0,0,1,0,0,1,492
2021,"Newham 029","E02000742",8700,3442,34,342,13,3339,88,884,6,0,0,0,878,0,32,2,0,0,0,0,0,0,0,0,0,0,0,0,4,1,0,0,0,0,15,0,1,0,3,0,0,0,0,1,1,4,0,0,0,0,0,0,0,0,0,0,0,0,0,526
2021,"Newham 030","E02000743",10280,4613,84,202,17,2945,68,1722,9,0,0,0,1713,0,45,4,0,0,1,0,0,0,0,0,0,0,0,1,1,0,0,0,0,0,16,0,3,0,6,0,0,0,0,0,0,8,2,2,0,0,0,0,0,0,1,0,0,0,0,584
2021,"Newham 031","E02000744",9170,4401,37,201,7,2171,39,1703,3,0,0,0,1700,0,36,1,0,0,1,0,0,0,0,0,0,0,0,0,1,4,0,0,0,0,14,0,4,1,2,0,1,0,0,4,0,2,1,0,0,0,0,0,0,0,0,0,0,0,0,575
2021,"Newham 032","E02000745",8601,4558,111,239,3,1677,70,1372,4,0,0,1,1367,0,64,10,0,6,0,0,0,0,0,0,0,0,0,0,4,1,0,0,0,0,32,2,0,0,1,2,0,0,0,0,0,5,0,1,0,0,0,0,0,0,0,0,0,0,0,507
2021,"Newham 033","E02000746",9426,3973,70,369,7,2274,64,1827,8,2,0,0,1817,0,69,1,0,0,1,0,0,0,0,0,0,0,0,1,4,1,0,0,0,0,32,1,2,2,7,6,0,0,0,0,0,8,0,0,0,0,0,0,0,0,1,2,0,0,0,773
2021,"Newham 034","E02000747",13097,5351,136,778,25,2293,146,3235,5,6,0,3,3221,0,78,4,0,0,0,0,0,0,0,0,0,1,0,0,10,0,0,0,0,0,17,0,7,0,6,0,1,0,1,0,1,15,1,4,3,0,1,0,0,0,0,2,0,0,4,1055
2021,"Newham 035","E02000748",6273,3472,59,109,7,988,34,1098,2,1,0,0,1095,0,24,2,0,0,0,0,0,0,0,0,1,0,0,0,0,0,0,0,0,0,8,0,3,0,3,2,0,0,0,0,0,3,1,0,0,0,0,0,0,0,0,1,0,0,0,482
2021,"Newham 036","E02000749",9553,5048,54,122,7,1866,13,1794,9,0,0,0,1785,0,32,0,0,0,0,0,0,0,0,1,0,0,0,0,0,3,0,0,0,0,19,0,2,0,1,2,0,0,0,0,0,4,0,0,0,0,0,0,0,0,0,0,0,0,0,617
2021,"Redbridge 001","E02000751",11156,5254,66,742,507,989,280,2578,7,2,0,2,2567,0,82,21,0,2,0,0,0,0,1,0,0,0,0,0,9,2,0,0,0,0,12,0,1,0,2,0,1,3,0,0,1,4,19,0,0,0,0,0,0,0,0,1,1,0,2,658
2021,"Redbridge 002","E02000752",8784,3971,36,471,235,1567,147,1785,7,0,0,0,1778,0,88,26,0,0,1,0,0,0,0,0,0,0,0,2,5,3,3,0,1,0,16,0,5,0,4,5,0,0,0,0,1,6,5,1,0,0,0,0,0,0,0,0,0,0,4,484
2021,"Redbridge 003","E02000753",6920,3321,25,371,167,1044,113,1342,3,2,0,1,1336,0,56,18,0,2,0,0,0,0,0,0,1,0,0,2,8,1,0,0,0,0,6,0,8,0,1,1,0,1,0,0,0,4,2,0,0,0,0,0,0,0,0,0,0,0,1,481
2021,"Redbridge 004","E02000754",6768,3204,61,309,75,801,41,1855,8,2,0,0,1845,0,34,1,0,1,0,0,0,0,0,0,0,0,0,0,5,3,0,0,0,0,16,0,1,0,0,0,0,0,0,0,4,2,1,0,0,0,0,0,0,0,0,0,0,0,0,388
2021,"Redbridge 005","E02000755",5485,2651,14,272,141,569,94,1294,1,1,0,0,1292,0,34,6,0,0,3,0,0,0,0,0,0,0,0,0,0,0,0,0,0,0,16,0,3,0,0,0,0,0,0,0,0,4,0,1,0,0,0,0,0,0,0,1,0,0,0,416
2021,"Redbridge 006","E02000756",14597,5857,110,1685,806,2458,470,2213,5,3,0,1,2204,0,78,8,0,0,2,0,0,0,0,0,1,0,0,0,16,5,0,0,0,0,23,0,7,0,2,1,0,0,0,0,0,3,3,1,2,0,0,0,0,0,0,1,0,0,3,920
2021,"Redbridge 007","E02000757",12395,5061,86,747,396,1466,175,3556,13,2,0,6,3535,0,93,13,0,2,2,0,0,0,0,0,1,0,0,0,15,8,0,0,0,0,28,1,2,1,0,6,0,0,0,0,0,5,4,1,0,0,0,0,0,0,0,1,0,0,3,815
2021,"Redbridge 008","E02000758",6884,1957,47,951,336,1992,443,689,2,1,0,0,686,0,44,13,0,2,0,0,0,0,0,0,0,0,0,0,8,1,0,0,0,0,8,0,2,0,0,0,0,2,0,0,0,2,1,0,0,0,0,0,0,0,0,0,0,0,5,425
2021,"Redbridge 009","E02000759",13087,5383,94,543,224,2557,226,3054,10,3,2,3,3036,0,99,35,0,1,0,0,0,0,0,0,0,0,0,0,10,8,0,0,0,0,21,0,4,0,1,8,0,0,0,0,0,5,4,1,0,0,0,0,0,0,0,0,0,0,1,907
2021,"Redbridge 010","E02000760",7534,2597,73,1011,371,1827,297,819,3,3,0,2,811,0,77,10,0,0,0,1,0,0,0,0,0,0,0,0,8,5,0,0,0,1,32,0,1,0,1,0,0,0,0,0,0,8,4,4,0,0,0,0,0,0,0,2,0,0,0,462
2021,"Redbridge 012","E02000762",6621,1350,23,1293,441,2215,390,419,2,0,0,0,417,0,66,9,0,1,1,0,0,0,0,0,0,0,0,0,23,6,0,0,0,0,8,0,0,0,1,6,0,0,0,0,0,4,0,0,0,0,0,0,0,0,0,1,1,0,5,424
2021,"Redbridge 013","E02000763",8015,2464,48,1540,185,2224,321,759,3,0,0,0,756,0,55,5,0,0,0,0,0,0,0,0,0,0,0,0,20,6,0,0,0,0,9,0,2,0,2,0,0,0,0,0,0,2,0,0,0,0,0,0,0,0,0,0,1,0,8,419
2021,"Redbridge 014","E02000764",12308,5019,91,762,428,1424,262,3516,9,7,0,5,3495,0,94,7,0,3,4,0,0,0,0,0,0,0,0,0,25,5,0,0,0,0,11,0,6,1,2,0,0,1,0,0,2,16,5,2,0,0,1,0,0,0,0,3,0,0,0,712
2021,"Redbridge 015","E02000765",7524,1887,51,1459,273,2434,380,530,6,0,0,0,524,0,63,1,0,5,0,0,0,0,0,0,0,0,0,0,36,3,0,0,0,0,9,0,0,0,0,1,0,0,0,0,0,1,1,0,0,0,1,0,0,0,0,0,0,0,5,447
2021,"Redbridge 017","E02000767",8626,2399,49,2091,296,2229,341,600,2,1,0,0,597,0,125,2,0,0,0,0,0,0,0,0,0,0,0,0,29,69,0,0,0,0,13,0,1,0,1,3,0,0,0,0,0,2,2,0,0,0,0,0,0,0,0,1,0,0,2,496
2021,"Redbridge 018","E02000768",5788,2465,28,185,108,699,161,1700,3,0,0,0,1697,0,40,3,0,0,0,0,0,0,0,0,0,0,0,0,14,6,0,0,0,0,4,1,2,0,0,1,0,0,0,0,0,2,3,0,0,0,0,0,0,0,0,0,0,0,4,402
2021,"Redbridge 020","E02000770",8127,2029,71,1495,92,2810,679,451,5,0,0,0,446,0,38,0,0,0,0,0,0,0,0,0,0,0,0,0,16,3,0,0,0,0,7,0,0,0,1,8,0,0,0,0,0,0,3,0,0,0,0,0,0,0,0,0,0,0,0,462
2021,"Redbridge 022","E02000772",8381,2128,53,943,16,3365,857,575,1,0,0,0,574,0,45,0,0,0,0,0,0,0,0,0,0,0,0,0,12,1,0,0,0,0,10,0,1,0,2,12,0,0,0,0,0,3,0,1,0,0,0,0,0,0,0,2,1,0,0,399
2021,"Redbridge 023","E02000773",10732,2411,66,1863,96,4447,630,642,2,0,0,0,640,0,47,1,0,0,0,0,0,0,0,0,0,0,0,0,26,2,0,0,0,0,5,0,4,0,0,4,0,0,0,0,0,0,0,0,0,0,0,0,0,0,0,0,0,0,5,530
2021,"Redbridge 024","E02000774",8102,1994,31,802,3,3237,1060,457,0,0,0,0,457,0,73,0,0,0,0,0,0,0,0,0,0,0,0,0,49,2,0,0,0,0,11,0,0,0,0,10,0,0,0,0,0,1,0,0,0,0,0,0,0,0,0,0,0,0,0,445
2021,"Redbridge 026","E02000776",7040,1350,19,633,29,3714,369,485,3,0,0,1,481,0,33,0,0,0,0,0,0,0,0,2,1,0,0,0,11,0,0,0,0,0,7,0,1,0,0,5,0,1,1,0,1,2,0,1,0,0,0,0,0,0,0,0,0,0,0,408
2021,"Redbridge 027","E02000777",5994,2426,16,137,46,905,91,1966,2,2,0,2,1960,0,11,0,0,0,0,0,0,0,0,0,0,0,0,0,0,1,0,0,0,0,3,0,2,0,0,0,0,0,0,0,0,4,1,0,0,0,0,0,0,0,0,0,0,0,0,396
2021,"Redbridge 029","E02000779",8418,2044,46,941,23,3817,509,553,2,2,0,0,549,0,59,10,0,0,2,0,0,0,0,0,0,0,0,0,25,0,1,0,0,0,3,0,3,0,3,7,0,1,0,0,0,1,2,1,0,0,0,0,0,0,0,0,0,0,0,426
2021,"Redbridge 031","E02000781",16291,3349,43,1443,33,7988,1769,857,2,1,0,2,852,0,60,4,0,0,0,0,0,0,0,0,0,0,0,0,10,8,0,0,0,0,5,0,0,0,1,20,1,0,0,0,0,3,1,0,0,0,0,0,1,3,0,1,0,0,2,749
2021,"Redbridge 032","E02000782",11487,2554,33,1683,7,5249,527,689,1,0,0,2,686,0,68,15,0,0,1,0,0,0,0,0,0,0,0,0,20,1,0,0,0,0,10,0,5,0,3,4,0,0,0,0,0,5,4,0,0,0,0,0,0,0,0,0,0,0,0,677
2021,"Redbridge 033","E02000783",7392,1995,15,627,5,3681,279,398,1,3,0,0,394,0,53,4,0,0,0,0,0,0,0,0,1,0,0,0,1,0,0,0,0,0,18,0,0,0,3,10,0,0,0,0,1,2,3,3,0,0,5,0,0,2,0,0,0,0,0,339
2021,"Richmond upon Thames 001","E02000784",10132,5037,82,159,119,423,57,3304,8,4,0,5,3287,0,79,2,0,4,3,0,0,0,0,0,0,1,0,0,5,4,0,0,0,0,21,0,6,0,0,0,0,1,0,0,1,13,7,1,0,0,0,0,3,0,0,3,0,0,4,872
2021,"Richmond upon Thames 002","E02000785",9714,4630,83,157,81,260,63,3648,13,4,0,1,3630,0,52,1,0,0,0,0,0,0,0,2,0,0,0,1,11,5,0,0,0,0,8,1,4,0,1,0,0,1,0,0,1,12,1,0,0,0,0,0,0,0,0,1,0,0,2,740
2021,"Richmond upon Thames 003","E02000786",11372,5387,91,104,129,440,44,4257,11,3,0,2,4241,0,59,0,1,0,1,0,0,0,0,0,0,0,0,0,1,4,0,0,0,0,14,1,12,0,0,0,0,1,1,2,0,10,4,0,0,0,0,0,0,0,0,1,0,0,6,861
2021,"Richmond upon Thames 004","E02000787",12086,5070,156,274,78,752,74,4555,13,14,0,2,4526,0,109,2,0,3,1,0,0,0,0,0,0,0,0,0,23,4,0,0,0,0,23,1,11,1,1,0,1,0,0,0,1,18,5,2,0,0,0,0,1,0,0,1,1,0,9,1018
2021,"Richmond upon Thames 005","E02000788",9096,4348,81,132,68,297,18,3467,5,4,0,2,3456,0,78,0,1,10,0,0,0,0,0,1,0,0,0,0,7,5,0,0,0,0,28,0,5,1,0,0,2,2,0,0,0,6,4,5,0,0,0,0,0,0,0,0,0,0,1,607
2021,"Richmond upon Thames 006","E02000789",6299,2790,54,162,80,251,45,2382,6,3,0,2,2371,0,57,0,0,3,1,0,0,0,0,0,1,0,0,1,8,5,0,0,0,0,12,0,6,0,0,0,0,0,1,0,0,12,1,0,0,0,0,0,1,0,1,0,0,0,4,478
2021,"Richmond upon Thames 007","E02000790",6586,2816,55,86,43,169,26,2899,4,5,0,3,2887,0,30,0,0,2,0,0,0,0,0,0,1,0,0,0,1,5,0,0,0,0,11,0,2,1,2,0,0,0,0,0,0,1,3,1,0,0,0,0,0,0,0,0,0,0,0,462
2021,"Richmond upon Thames 008","E02000791",6472,2820,59,137,77,223,18,2518,6,1,0,2,2509,0,38,1,1,3,1,0,0,0,0,0,0,0,0,1,2,4,0,0,0,0,11,0,5,0,0,0,0,0,0,0,0,8,1,0,0,0,0,0,0,0,0,0,0,0,0,582
2021,"Richmond upon Thames 009","E02000792",7146,3024,34,75,54,241,42,3065,6,5,0,3,3051,0,78,2,0,1,0,0,0,0,0,1,0,0,0,4,4,6,0,0,0,0,18,0,2,1,1,0,0,0,1,0,1,20,9,2,1,0,0,0,0,0,0,0,1,0,3,533
2021,"Richmond upon Thames 010","E02000793",8102,3870,79,382,18,550,210,2421,3,7,0,1,2410,0,56,0,0,0,0,0,0,0,2,0,0,0,0,0,9,3,0,0,0,0,16,0,3,0,0,0,1,0,1,3,0,9,2,1,0,0,0,0,0,0,0,1,0,0,5,516
2021,"Richmond upon Thames 011","E02000794",7016,3253,66,229,33,299,93,2480,12,0,0,1,2467,0,41,0,0,1,0,0,0,0,0,1,0,0,0,0,8,4,0,0,0,0,15,0,2,0,1,0,0,0,0,0,0,4,2,0,0,0,0,0,0,0,0,0,0,0,3,522
2021,"Richmond upon Thames 012","E02000795",6927,3369,48,84,147,237,26,2450,4,0,0,3,2443,0,35,2,0,0,0,0,0,0,0,0,0,0,0,1,3,3,0,0,0,0,11,0,1,0,0,0,0,1,1,0,0,7,1,2,1,0,0,0,1,0,0,0,0,0,0,531
2021,"Richmond upon Thames 013","E02000796",11085,4671,110,795,25,1428,609,2750,3,1,0,1,2745,0,78,0,0,0,1,0,0,0,0,1,0,0,0,0,25,2,0,0,0,0,19,0,3,1,0,0,0,0,0,0,2,8,4,0,0,0,0,0,0,0,0,5,0,0,7,619
2021,"Richmond upon Thames 014","E02000797",7869,3460,56,99,37,223,48,3407,12,3,0,2,3390,0,49,3,0,3,2,0,0,0,0,0,0,0,0,0,1,3,0,0,0,0,12,1,5,0,1,0,0,0,0,0,0,11,4,2,0,0,0,0,0,0,0,0,0,0,1,490
2021,"Richmond upon Thames 015","E02000798",11304,4971,94,294,40,502,151,4465,10,0,0,4,4451,0,60,0,0,1,0,0,0,0,0,0,0,0,2,2,4,2,0,0,0,0,10,0,7,0,3,3,0,0,0,0,0,15,3,0,0,0,0,0,0,0,0,0,0,0,8,727
2021,"Richmond upon Thames 016","E02000799",6602,3154,35,90,24,169,25,2602,3,4,0,1,2594,0,33,0,0,0,0,0,0,0,1,0,1,0,0,0,3,1,0,0,0,0,9,0,2,0,0,0,0,0,2,0,1,9,3,0,0,0,0,0,0,0,0,0,1,0,0,470
2021,"Richmond upon Thames 017","E02000800",5415,2156,60,71,11,406,15,2199,3,1,0,0,2195,0,50,1,0,0,0,0,0,0,0,0,1,2,0,1,0,0,0,0,0,0,13,0,5,0,1,0,0,0,1,0,1,8,7,1,0,0,0,0,2,0,0,1,0,0,5,447
2021,"Richmond upon Thames 018","E02000801",7110,3250,30,81,26,189,39,3041,7,6,0,6,3022,0,44,0,1,0,1,1,0,0,0,0,0,0,0,0,1,5,0,0,0,0,8,0,6,2,0,0,0,1,0,0,1,5,5,2,0,0,0,0,0,0,0,0,0,0,5,410
2021,"Richmond upon Thames 019","E02000802",7023,3279,36,80,18,202,41,2849,4,3,0,4,2838,0,41,3,0,2,1,0,0,0,0,0,0,0,0,0,0,5,0,0,0,0,11,0,3,0,1,0,0,0,0,0,1,6,2,1,0,0,0,0,0,0,0,0,0,0,5,477
2021,"Richmond upon Thames 020","E02000803",9711,4542,95,260,37,478,136,3495,8,2,1,0,3484,0,53,0,0,1,1,0,0,0,0,1,0,0,0,0,1,2,0,0,0,0,13,1,5,2,3,0,0,0,0,0,0,6,6,2,0,0,0,0,0,0,0,3,0,0,6,615
2021,"Richmond upon Thames 021","E02000804",7147,3271,57,50,34,125,43,3051,3,3,0,2,3043,0,33,0,0,0,0,0,0,0,0,0,0,0,0,0,0,0,0,0,1,0,7,1,6,0,0,0,1,0,0,0,1,8,1,0,1,0,0,0,1,0,0,0,0,0,5,483
2021,"Richmond upon Thames 022","E02000805",10756,4590,66,175,53,299,37,4731,9,1,0,5,4716,0,59,1,0,3,1,0,0,0,0,0,0,0,0,1,2,2,0,0,0,0,19,1,1,0,0,0,0,0,0,0,2,8,6,0,0,0,0,0,0,0,1,2,0,0,9,746
2021,"Richmond upon Thames 023","E02000806",10295,4798,65,209,28,329,126,4041,9,8,0,4,4020,0,50,0,0,1,0,0,0,0,0,0,1,0,0,0,0,6,0,0,0,0,15,0,7,1,0,3,0,0,0,0,0,6,2,1,0,1,0,0,0,0,0,0,0,0,6,649
2021,"Southwark 001","E02000807",8227,3316,105,204,24,405,27,3395,7,0,0,0,3388,0,65,3,0,1,2,0,0,0,0,0,1,0,0,0,9,3,0,0,0,0,17,0,1,0,0,0,0,0,0,0,3,13,4,1,1,0,0,0,0,0,1,0,0,0,5,686
2021,"Southwark 002","E02000808",10169,3556,137,305,83,843,47,4232,11,6,0,3,4212,0,90,0,0,1,1,0,0,0,1,1,0,0,0,1,7,1,0,0,0,0,33,1,8,0,2,0,1,0,1,1,2,14,8,1,0,0,0,0,0,0,0,4,0,1,0,876
2021,"Southwark 004","E02000810",11894,5477,127,155,53,1188,24,3916,18,2,0,0,3896,0,84,0,1,4,1,0,0,0,0,1,0,0,0,0,3,2,0,0,0,0,25,2,8,1,2,0,0,0,0,0,1,18,7,1,0,0,2,0,0,0,0,2,0,0,3,870
2021,"Southwark 006","E02000812",10780,4474,92,152,33,1584,22,3400,11,4,0,0,3385,0,65,3,0,0,1,0,0,0,0,0,0,0,0,2,8,1,0,0,0,0,22,1,3,2,1,0,0,0,1,0,0,10,7,1,1,0,1,0,0,0,0,0,0,0,0,958
2021,"Southwark 007","E02000813",10220,4381,119,122,23,955,12,3723,11,4,0,0,3708,0,64,0,0,0,3,0,0,0,0,0,0,0,0,1,4,2,0,0,0,0,23,1,6,1,3,1,0,0,0,0,0,8,7,2,0,0,0,0,0,0,0,2,0,0,0,821
2021,"Southwark 008","E02000814",10290,4118,127,204,51,693,17,4167,11,3,0,4,4149,0,93,4,1,3,0,0,0,0,0,0,0,0,1,0,3,6,0,0,0,0,23,1,5,2,8,0,0,1,0,2,0,20,3,2,0,0,0,0,0,0,1,3,0,0,4,820
2021,"Southwark 009","E02000815",7613,2655,81,167,46,1047,36,2902,6,5,0,4,2887,0,49,4,0,2,0,0,0,0,0,1,0,0,0,0,3,0,0,0,1,0,14,1,5,0,1,0,0,0,3,0,1,10,2,0,0,0,0,0,0,0,0,0,0,0,1,630
2021,"Southwark 010","E02000816",9606,4579,71,124,20,936,11,3084,7,2,0,2,3073,0,70,3,0,2,0,0,0,0,0,0,0,0,3,1,3,0,0,0,0,0,13,0,5,0,2,0,1,0,0,0,0,15,6,6,0,0,0,0,0,0,2,1,0,0,7,711
2021,"Southwark 011","E02000817",6822,3319,45,71,11,775,25,2108,2,0,0,0,2106,0,44,3,0,1,0,0,0,0,0,0,0,0,0,0,1,1,0,0,0,0,17,0,8,0,2,0,0,0,0,0,0,5,4,1,0,0,1,0,0,0,0,0,0,0,0,424
2021,"Southwark 012","E02000818",9790,4136,104,87,34,1147,10,3492,10,5,0,1,3476,0,78,4,0,0,2,0,0,0,0,0,0,1,0,0,2,3,0,0,0,0,20,0,11,0,3,0,0,0,0,0,0,19,3,3,0,0,2,0,1,0,1,2,0,0,1,702
2021,"Southwark 013","E02000819",8499,4328,88,79,17,1118,0,2322,4,1,0,0,2317,0,38,9,0,0,0,0,0,0,0,0,0,0,0,0,0,0,0,0,0,0,14,0,1,0,1,0,0,4,1,0,0,5,1,0,0,0,0,0,0,0,0,2,0,0,0,509
2021,"Southwark 014","E02000820",9243,3850,129,54,52,1029,19,3363,18,7,0,2,3336,0,74,1,0,3,0,0,0,0,0,0,0,0,0,0,1,3,0,0,0,0,36,2,9,0,4,1,0,0,0,0,0,7,0,2,1,0,1,0,1,0,0,1,0,0,1,673
2021,"Southwark 015","E02000821",9359,4761,56,21,21,1345,18,2497,6,2,0,0,2489,0,66,0,0,1,1,0,0,0,0,0,0,0,0,0,1,0,0,0,0,0,43,0,2,0,2,0,0,0,5,0,0,9,2,0,0,0,0,0,0,0,0,0,0,0,0,574
2021,"Southwark 016","E02000822",6720,3379,76,24,28,1041,5,1689,6,5,0,2,1676,0,33,1,0,1,0,0,0,0,0,0,0,0,0,0,0,0,0,0,1,0,6,0,1,1,3,0,0,1,0,0,0,8,3,1,0,0,1,0,0,0,0,0,0,0,5,445
2021,"Southwark 017","E02000823",8683,4090,111,46,28,994,12,2729,7,3,0,2,2717,0,97,2,0,0,0,0,0,0,0,0,0,0,0,0,1,1,0,0,0,1,20,0,4,1,2,0,0,1,28,0,0,11,4,4,4,0,2,4,2,0,0,0,1,0,4,576
2021,"Southwark 018","E02000824",9903,5327,128,59,6,1424,24,2210,12,4,0,2,2192,0,55,2,0,2,0,0,0,0,0,0,0,0,0,0,3,1,0,0,0,0,16,0,4,0,4,0,1,2,0,0,1,9,4,1,0,0,0,0,0,0,0,0,0,3,2,670
2021,"Southwark 019","E02000825",10228,5340,102,62,12,1517,19,2294,2,3,1,0,2288,0,84,10,0,1,2,0,0,0,0,0,0,0,0,0,0,3,0,0,0,0,22,0,11,0,14,0,0,0,1,0,0,13,2,2,0,0,1,0,0,0,0,2,0,0,0,798
2021,"Southwark 020","E02000826",9879,4519,98,49,28,1129,9,3281,8,5,0,4,3264,0,74,4,0,0,1,0,0,0,0,1,1,0,0,0,1,1,0,0,0,0,20,0,8,0,11,0,0,0,1,0,0,17,4,3,0,0,0,0,0,0,0,0,0,0,1,692
2021,"Southwark 021","E02000827",11312,5654,89,67,27,1430,13,3178,11,4,0,2,3161,0,73,3,0,0,1,0,0,0,0,0,0,0,0,0,1,0,0,0,0,0,20,1,5,0,6,0,0,1,0,1,1,16,9,3,1,0,1,0,0,0,1,1,1,0,0,781
2021,"Southwark 022","E02000828",8815,4448,125,29,26,999,14,2559,6,3,0,1,2549,0,52,4,0,1,0,0,0,0,0,0,0,0,0,0,0,3,1,0,0,1,8,0,7,0,5,0,0,2,0,0,0,11,5,0,0,0,0,0,0,0,0,0,0,0,4,563
2021,"Southwark 023","E02000829",10922,4858,89,41,34,1099,14,3865,20,0,1,1,3843,0,76,0,0,1,0,0,0,0,0,1,0,0,4,1,1,1,0,0,0,0,27,0,9,1,8,0,0,0,0,0,0,15,4,1,0,0,0,0,0,0,0,1,0,0,1,846
2021,"Southwark 024","E02000830",8884,3477,71,74,62,528,10,3930,12,5,0,3,3910,0,90,0,0,1,2,0,0,0,0,0,0,0,0,1,2,6,0,0,0,0,21,1,21,0,8,0,0,3,0,0,2,14,6,1,0,0,0,0,0,0,0,0,1,0,0,642
2021,"Southwark 025","E02000831",9352,3411,81,54,61,599,15,4393,15,1,0,3,4374,0,50,0,0,1,1,0,0,0,0,0,0,1,0,0,0,4,0,0,0,1,12,1,6,0,2,0,0,1,0,0,0,13,3,1,0,1,1,0,0,0,0,0,0,0,1,688
2021,"Southwark 026","E02000832",9683,4354,66,23,24,839,11,3644,8,7,0,2,3627,0,60,0,0,0,3,0,0,0,0,0,1,0,0,0,1,0,0,0,0,0,19,0,10,1,5,0,1,4,1,0,1,8,0,2,0,1,0,0,0,0,0,2,0,0,0,662
2021,"Southwark 027","E02000833",7486,3465,71,69,18,802,7,2494,11,2,0,0,2481,0,44,3,0,0,1,0,0,0,0,1,0,0,0,0,0,3,0,0,0,0,15,2,5,0,1,0,0,0,0,0,0,8,1,0,0,0,1,0,0,0,0,2,0,0,1,516
2021,"Southwark 028","E02000834",9391,3349,59,53,60,309,10,4900,11,1,0,5,4883,0,54,1,0,0,0,0,0,0,0,1,1,0,0,0,0,0,0,0,0,0,21,0,3,1,7,0,0,0,1,0,0,11,4,0,0,0,0,0,0,0,0,3,0,0,0,597
2021,"Southwark 029","E02000835",7679,2920,48,40,28,351,9,3715,12,3,0,5,3695,0,38,1,0,2,1,0,0,0,0,0,1,0,0,0,0,1,0,0,0,0,6,0,5,2,1,0,0,0,0,0,0,14,0,1,0,0,0,0,0,0,0,3,0,0,0,530
2021,"Southwark 030","E02000836",8298,3018,51,80,37,382,29,4092,8,7,0,1,4076,0,45,0,0,0,0,0,0,0,0,0,0,0,0,0,0,23,0,0,0,0,8,0,5,0,0,0,0,0,0,2,0,3,2,0,1,0,0,0,0,0,0,1,0,0,0,564
2021,"Southwark 031","E02000837",8559,3395,58,141,68,188,31,4038,6,0,0,1,4031,0,39,0,0,0,2,0,0,0,0,0,0,0,0,0,0,4,0,0,0,0,10,0,4,0,2,0,0,0,0,0,0,10,0,1,0,0,5,0,0,0,0,0,0,0,1,601
2021,"Southwark 032","E02000838",9499,3848,63,96,29,493,35,4305,10,9,1,5,4280,0,40,0,0,1,0,0,0,0,0,0,0,0,0,0,0,2,0,0,0,0,11,0,5,0,4,0,0,2,0,1,0,11,2,0,0,0,0,0,1,0,0,0,0,0,0,590
2021,"Southwark 033","E02000839",8485,3675,64,203,47,587,21,3184,6,3,0,3,3172,0,69,0,0,3,0,0,0,0,0,0,0,0,0,2,6,0,0,0,1,0,21,0,4,0,8,0,0,0,0,0,0,15,1,3,0,0,0,0,0,0,0,0,0,0,5,635
2021,"Sutton 001","E02000840",9322,4033,92,454,6,681,14,3457,1,2,0,1,3453,0,51,0,0,0,0,0,0,1,0,0,1,0,0,0,3,3,0,0,0,0,15,0,9,0,1,0,0,0,0,0,2,2,14,0,0,0,0,0,0,0,0,0,0,0,0,534
2021,"Sutton 002","E02000841",9188,4074,120,544,21,717,8,3162,6,0,0,3,3152,1,45,7,0,0,0,0,0,0,0,0,0,0,0,2,5,2,0,0,0,0,6,0,5,0,0,0,0,0,0,0,0,8,8,1,0,0,0,0,0,0,0,0,0,0,1,497
2021,"Sutton 003","E02000842",8279,3866,62,806,6,730,12,2295,1,1,0,0,2293,0,48,0,0,1,0,0,0,0,0,0,0,0,0,0,9,5,0,0,0,0,13,0,9,0,0,0,0,0,0,0,1,6,3,0,1,0,0,0,0,0,0,0,0,0,0,454
2021,"Sutton 004","E02000843",9475,4258,49,427,15,585,12,3550,7,2,0,0,3541,0,72,2,0,2,0,0,0,0,0,0,0,0,0,2,3,2,0,0,0,0,19,0,8,0,3,0,0,2,0,0,0,12,12,0,0,0,0,0,0,0,0,3,0,0,2,507
2021,"Sutton 005","E02000844",8657,4019,70,379,11,565,9,3027,0,0,0,1,3026,0,62,3,0,0,0,0,0,0,0,0,0,0,0,0,5,1,0,0,0,0,18,1,12,0,0,0,0,1,0,3,1,4,6,1,1,0,0,0,0,0,0,4,0,0,1,515
2021,"Sutton 006","E02000845",9421,4320,72,521,27,555,18,3264,8,1,0,3,3252,0,42,0,0,0,0,0,0,0,0,0,0,0,0,0,6,5,0,0,0,0,12,0,5,0,0,0,0,0,0,0,0,10,4,0,0,0,0,0,0,0,0,0,0,0,0,602
2021,"Sutton 007","E02000846",7618,3665,86,580,9,660,18,2097,4,0,0,0,2093,0,39,4,0,0,0,0,0,0,0,0,0,0,0,0,11,4,0,0,0,0,5,0,2,0,0,2,0,1,0,0,0,7,2,0,0,0,0,1,0,0,0,0,0,0,0,464
2021,"Sutton 008","E02000847",9419,4649,102,641,13,499,35,2848,1,1,0,0,2846,0,35,0,0,1,0,0,0,0,0,0,0,0,0,0,11,1,0,0,0,0,10,0,2,0,1,0,0,0,0,0,0,2,2,3,0,0,0,0,0,0,0,0,0,0,2,597
2021,"Sutton 009","E02000848",8140,3819,71,819,4,445,12,2542,3,1,0,2,2536,0,30,0,0,0,2,0,0,0,0,0,1,0,0,0,4,2,0,0,0,0,7,0,4,0,0,0,0,1,0,0,0,2,2,3,0,0,0,0,0,0,0,1,0,0,1,398
2021,"Sutton 010","E02000849",8177,3828,30,371,17,509,12,2866,5,1,0,1,2859,0,49,3,0,0,2,0,0,0,0,0,0,0,0,0,0,4,0,0,0,0,6,0,16,0,1,0,0,1,0,0,1,5,5,0,0,0,0,0,0,0,0,0,0,0,5,495
2021,"Sutton 011","E02000850",10837,4982,80,999,15,743,27,3311,9,5,0,0,3297,0,74,5,0,0,0,0,0,0,0,0,0,0,0,0,18,2,0,0,0,0,6,1,10,0,1,0,0,1,0,0,0,3,10,1,0,0,0,6,0,0,0,4,0,0,6,606
2021,"Sutton 012","E02000851",11579,5100,102,624,29,1253,16,3639,13,0,0,1,3625,0,73,0,0,1,0,0,0,0,0,1,0,0,0,0,3,12,0,0,0,0,16,0,14,0,0,0,0,0,1,0,0,3,9,0,0,0,0,4,0,0,0,2,1,0,6,743
2021,"Sutton 013","E02000852",8146,3865,86,423,13,399,6,2815,7,1,0,0,2807,0,40,0,0,0,0,0,0,0,1,1,0,0,0,2,0,1,0,0,0,0,12,0,10,0,0,0,0,0,3,0,1,1,4,0,1,0,0,0,0,0,0,2,0,0,1,499
2021,"Sutton 014","E02000853",8170,3533,125,556,8,530,8,2824,2,1,0,2,2819,0,43,0,0,1,0,0,0,0,0,0,0,0,0,0,1,2,0,0,0,0,21,0,3,1,1,0,0,0,0,0,0,4,2,0,0,0,0,0,0,0,0,1,0,0,6,543
2021,"Sutton 015","E02000854",7614,3734,43,228,20,215,14,2847,13,3,0,2,2829,0,42,0,0,0,1,0,0,0,0,0,0,0,0,2,8,0,0,0,0,0,12,0,3,1,0,0,0,2,0,1,0,7,2,0,1,0,0,0,0,0,1,0,0,0,1,471
2021,"Sutton 016","E02000855",8204,4075,55,511,19,430,30,2543,8,0,0,1,2534,0,30,0,0,1,0,0,0,0,0,0,0,0,0,0,2,2,0,0,0,0,5,0,2,0,1,0,0,1,0,7,0,1,3,0,1,0,0,0,0,0,0,0,0,0,4,511
2021,"Sutton 017","E02000856",9330,4181,95,860,20,647,22,2860,6,1,0,3,2850,0,74,12,0,5,1,0,0,0,0,0,0,0,0,1,18,3,0,0,0,0,12,0,10,0,0,0,0,0,0,0,0,6,4,0,0,0,0,0,0,0,0,1,0,0,1,571
2021,"Sutton 018","E02000857",8994,3986,89,730,39,789,12,2675,6,1,0,3,2665,0,57,4,0,0,1,0,0,0,0,2,0,0,0,1,4,2,0,0,0,0,19,0,2,2,1,0,0,1,0,0,0,5,11,0,0,0,1,0,0,0,0,1,0,0,0,617
2021,"Sutton 019","E02000858",8569,3476,80,700,8,674,32,2970,2,0,0,4,2964,0,76,14,0,2,1,0,0,0,0,0,0,0,0,0,8,7,0,0,0,0,9,1,9,0,2,0,0,0,1,0,0,5,12,0,0,0,0,0,0,0,0,2,0,0,3,553
2021,"Sutton 020","E02000859",8485,4118,67,518,2,487,12,2726,6,6,0,0,2714,0,40,6,0,0,0,0,0,0,0,0,0,0,0,0,4,2,0,0,0,0,13,0,4,1,0,0,0,0,0,0,1,2,4,1,0,0,0,0,0,0,0,0,0,0,2,515
2021,"Sutton 021","E02000860",8783,3728,76,590,19,887,20,2865,4,1,0,0,2860,0,72,0,0,0,2,0,0,0,0,0,0,0,4,0,11,0,0,0,0,0,14,0,10,0,1,0,0,0,1,0,1,5,7,0,0,0,0,2,0,0,0,5,0,0,9,526
2021,"Sutton 022","E02000861",7778,3777,48,689,32,434,13,2274,4,4,0,0,2266,0,68,0,0,1,1,0,0,0,0,1,1,2,0,0,4,2,0,0,0,0,18,0,9,0,1,0,0,1,0,0,0,5,6,0,0,0,0,7,0,0,0,1,0,0,8,443
2021,"Sutton 024","E02000863",6735,3150,71,710,15,399,37,1953,5,1,0,0,1947,0,37,0,0,0,0,0,0,0,0,0,0,0,0,0,8,8,0,0,0,0,9,0,4,0,0,0,0,0,0,0,1,1,3,0,0,0,0,0,1,0,0,1,0,0,1,363
2021,"Tower Hamlets 001","E02000864",11265,2883,78,69,61,3525,34,3838,9,4,0,0,3825,0,68,1,0,0,1,0,0,0,0,0,1,0,0,0,0,5,0,0,0,0,19,0,7,1,2,1,0,3,0,0,2,16,4,0,1,0,0,0,1,0,0,2,1,0,0,709
2021,"Tower Hamlets 002","E02000865",7961,1630,100,55,34,3288,28,2230,8,0,0,0,2222,0,73,6,0,0,0,0,3,0,0,0,0,0,0,0,1,5,0,0,0,0,22,2,3,0,8,0,1,1,0,0,0,9,0,1,0,0,9,0,0,0,0,2,0,0,0,523
2021,"Tower Hamlets 003","E02000866",10643,2805,88,68,64,2856,61,4032,5,0,0,1,4026,0,62,5,2,0,2,0,0,0,0,0,0,0,0,1,1,3,0,0,0,0,15,0,9,1,2,0,0,1,0,0,2,12,5,0,1,0,0,0,0,0,0,0,0,0,0,607
2021,"Tower Hamlets 004","E02000867",11323,2814,60,106,63,3137,39,4358,11,3,0,3,4341,0,75,1,0,1,1,0,1,0,0,0,0,0,0,0,4,3,0,0,0,1,26,0,8,1,0,0,0,7,0,0,0,13,0,2,1,0,1,0,0,0,0,1,0,0,3,671
2021,"Tower Hamlets 005","E02000868",7197,1355,45,26,61,2608,10,2536,7,3,0,2,2524,0,40,2,0,0,0,0,0,0,0,0,0,3,0,0,0,1,0,0,0,0,11,0,3,1,2,0,0,2,1,0,1,8,2,1,0,0,0,0,0,0,0,0,0,0,2,516
2021,"Tower Hamlets 006","E02000869",5931,1419,59,16,52,1961,21,2017,7,1,0,3,2006,0,32,5,1,1,0,0,0,0,0,0,0,0,0,0,2,3,0,0,0,0,7,1,0,0,0,0,0,0,0,0,0,9,1,1,0,0,0,0,0,0,0,1,0,0,0,354
2021,"Tower Hamlets 007","E02000870",6371,1434,75,69,31,2393,17,1898,6,5,0,1,1886,0,17,0,0,1,1,0,0,0,0,1,0,0,0,0,0,0,0,0,0,0,4,0,0,0,0,3,0,0,0,0,0,4,2,0,0,0,0,0,0,0,1,0,0,0,0,437
2021,"Tower Hamlets 008","E02000871",11514,2441,108,169,27,5748,38,2180,7,1,0,0,2172,0,38,4,1,0,1,0,0,0,0,0,1,0,0,0,0,0,0,0,0,0,9,0,3,2,1,0,0,1,0,1,0,9,2,0,0,0,0,0,0,1,0,0,0,0,2,765
2021,"Tower Hamlets 009","E02000872",8145,1431,55,90,52,3492,15,2448,11,3,0,1,2433,0,36,4,0,0,0,0,0,0,0,0,0,1,0,0,1,2,0,0,0,0,13,0,0,0,0,0,2,0,1,0,0,4,5,2,0,0,0,0,0,0,0,1,0,0,0,526
2021,"Tower Hamlets 010","E02000873",9848,1983,111,184,26,4063,30,2663,9,2,0,2,2650,0,65,8,1,0,0,0,0,0,0,0,0,0,0,0,4,2,0,0,0,0,16,1,7,0,1,0,0,0,0,0,0,19,2,0,0,0,0,0,1,0,1,1,0,0,1,723
2021,"Tower Hamlets 011","E02000874",7494,1136,64,86,20,3877,31,1701,6,4,0,0,1691,0,40,3,0,1,0,0,0,0,0,0,0,0,0,0,3,0,0,0,0,0,11,1,6,0,1,0,0,1,0,0,0,5,1,7,0,0,0,0,0,0,0,0,0,0,0,539
2021,"Tower Hamlets 012","E02000875",13570,2658,130,141,36,6665,38,2960,7,5,0,0,2948,0,34,0,0,0,0,0,0,0,0,0,0,0,0,0,2,3,0,0,0,0,8,1,3,0,3,0,0,1,0,0,1,2,4,2,0,0,0,0,0,0,0,3,0,1,0,908
2021,"Tower Hamlets 013","E02000876",7275,1104,55,47,29,3561,29,1941,10,3,0,1,1927,0,41,1,0,1,0,0,0,0,0,0,0,0,0,0,0,1,0,0,0,0,15,0,0,0,1,0,0,0,0,0,0,9,1,2,0,0,0,0,3,0,1,2,1,0,3,468
2021,"Tower Hamlets 014","E02000877",13805,2587,98,121,35,6393,32,3566,13,3,0,2,3548,0,58,9,0,0,1,0,0,0,0,0,0,0,0,0,4,0,0,0,0,0,13,0,6,0,2,0,0,0,0,0,0,15,5,2,0,0,0,0,0,0,0,0,0,0,1,915
2021,"Tower Hamlets 015","E02000878",10435,1792,135,245,64,4344,15,2997,15,7,0,1,2974,0,66,3,0,2,0,0,0,0,0,0,0,0,0,3,7,1,0,0,0,0,18,0,7,1,3,0,0,0,0,0,2,10,1,4,0,0,1,0,1,0,0,0,0,0,2,777
2021,"Tower Hamlets 016","E02000879",8342,1658,61,69,61,4357,19,1583,5,3,0,0,1575,0,23,0,0,2,0,0,0,0,0,1,0,0,0,0,0,1,0,0,0,0,3,0,5,0,0,0,0,0,2,0,0,3,4,0,0,0,1,0,0,0,0,1,0,0,0,511
2021,"Tower Hamlets 017","E02000880",6513,1049,34,69,30,3596,14,1249,6,1,0,0,1242,0,44,0,1,0,0,0,0,0,0,1,0,0,0,1,0,1,0,0,0,0,16,0,5,2,0,0,2,0,0,1,1,7,3,1,0,0,0,0,0,0,0,1,1,0,0,428
2021,"Tower Hamlets 018","E02000881",10836,2619,87,177,23,5050,23,2143,7,4,0,1,2131,0,64,10,1,1,0,0,0,0,0,1,1,0,0,0,5,2,0,0,0,0,14,1,7,0,6,0,0,0,0,0,0,5,2,0,0,0,0,0,1,0,3,1,0,0,3,650
2021,"Tower Hamlets 019","E02000882",11503,2053,55,87,43,6594,34,2015,7,2,0,0,2006,0,35,2,0,2,0,0,0,0,0,0,0,0,1,1,3,1,0,0,0,0,12,0,1,0,0,0,0,1,0,0,0,7,2,1,0,0,0,0,0,0,0,0,1,0,0,587
2021,"Tower Hamlets 020","E02000883",9287,2120,99,157,17,4828,15,1519,11,2,0,1,1505,0,11,0,0,0,0,0,0,0,0,0,0,0,0,0,1,0,0,0,0,0,4,0,0,0,1,0,0,1,1,0,0,2,0,0,0,0,0,0,0,0,0,0,0,0,1,521
2021,"Tower Hamlets 021","E02000884",12768,2194,133,380,44,5308,51,3607,49,2,0,0,3556,0,63,3,1,2,4,0,0,0,0,2,0,0,0,0,1,1,0,0,0,0,17,1,4,2,2,0,0,4,0,0,1,10,4,4,0,0,0,0,0,0,0,0,0,0,0,988
2021,"Tower Hamlets 022","E02000885",7054,1234,37,71,52,4269,5,957,3,1,0,0,953,0,39,0,0,0,0,0,0,0,0,0,0,0,0,0,2,1,0,0,0,0,7,0,11,0,2,0,0,0,0,0,0,11,1,0,0,0,0,0,0,0,2,0,0,0,2,390
2021,"Tower Hamlets 023","E02000886",9591,2494,81,170,41,3461,21,2536,7,2,0,1,2526,0,56,3,0,0,2,0,0,0,0,0,0,0,0,1,19,3,0,0,0,0,9,0,4,0,0,0,0,0,0,0,0,12,1,0,1,0,1,0,0,0,0,0,0,0,0,731
2021,"Tower Hamlets 024","E02000887",10804,2388,69,158,25,5294,25,2049,4,2,0,3,2040,0,44,0,0,0,0,0,0,0,0,0,0,0,0,0,0,1,0,0,0,0,16,0,7,0,0,0,0,0,1,0,2,10,1,0,0,0,0,0,1,0,0,3,0,0,2,752
2021,"Tower Hamlets 025","E02000888",8620,1800,75,135,31,3853,38,2053,4,3,0,0,2046,0,40,1,0,0,2,0,0,0,0,0,1,0,0,0,1,0,0,0,0,0,16,2,1,0,0,1,0,0,0,0,1,11,1,0,0,0,0,0,0,0,0,0,1,0,1,595
2021,"Tower Hamlets 026","E02000889",8963,2269,78,170,43,2989,28,2609,6,2,0,1,2600,0,59,0,0,0,0,0,0,0,0,0,1,0,0,0,8,7,0,0,0,0,16,1,7,0,0,0,0,1,0,0,1,6,6,1,0,0,0,0,0,0,0,2,1,0,1,718
2021,"Tower Hamlets 027","E02000890",5815,2022,61,141,43,879,20,2164,11,1,0,0,2152,0,33,1,0,0,0,0,0,0,0,0,0,0,0,0,1,1,0,0,0,0,5,1,6,0,1,0,1,1,0,0,1,8,1,1,0,0,0,0,0,0,0,2,0,0,2,452
2021,"Tower Hamlets 030","E02000893",7410,2519,84,227,18,2029,28,1933,5,2,0,2,1924,0,43,10,0,4,0,0,0,0,0,0,0,0,0,0,2,1,0,0,0,0,5,2,7,0,0,0,0,0,0,0,2,7,2,0,0,0,0,0,0,0,0,1,0,0,0,529
2021,"Tower Hamlets 031","E02000894",11011,3382,176,588,47,2679,33,3197,10,9,0,1,3177,0,87,1,1,4,0,0,0,0,0,0,1,0,0,0,17,2,0,0,0,0,29,1,8,0,2,0,0,0,1,0,2,9,1,1,1,0,0,0,0,0,0,3,0,0,3,822
2021,"Waltham Forest 001","E02000895",8371,4059,32,154,57,1089,22,2184,5,1,0,0,2178,0,161,137,0,0,0,0,0,0,0,0,0,0,0,0,0,0,0,0,0,0,14,0,0,0,2,0,0,0,0,0,0,3,3,0,1,0,0,0,0,0,0,1,0,0,0,613
2021,"Waltham Forest 002","E02000896",9327,4872,35,102,93,750,38,2721,9,3,0,1,2708,0,82,33,0,0,0,0,0,0,0,0,0,0,0,2,0,1,0,0,0,0,10,1,5,0,3,0,0,0,0,0,2,5,5,0,0,0,0,0,2,0,0,2,0,0,11,634
2021,"Waltham Forest 003","E02000897",8570,4071,31,140,76,898,29,2640,5,3,0,1,2631,0,134,84,0,0,1,0,0,0,0,1,0,0,0,0,1,2,0,0,0,0,20,0,13,0,1,0,0,0,0,0,0,7,2,0,0,0,0,0,0,0,0,2,0,0,0,551
2021,"Waltham Forest 004","E02000898",8012,3997,35,134,78,853,35,2201,4,1,0,1,2195,0,138,103,0,0,0,0,0,0,0,0,0,0,0,0,0,3,0,0,0,0,16,0,3,0,3,0,0,0,0,0,0,3,3,2,0,0,0,0,1,0,0,1,0,0,0,541
2021,"Waltham Forest 005","E02000899",8818,4385,59,180,44,1435,58,1896,0,1,0,0,1895,0,193,133,0,1,4,0,1,0,0,0,0,0,0,0,4,5,0,0,0,0,21,0,10,0,2,0,0,0,0,0,0,7,1,0,1,0,2,0,1,0,0,0,0,0,0,568
2021,"Waltham Forest 006","E02000900",8974,4097,76,191,25,1933,19,1827,3,1,0,1,1822,0,181,133,0,4,0,0,0,0,0,0,0,0,0,0,1,2,0,0,0,0,22,0,5,0,2,0,0,2,1,0,0,5,4,0,0,0,0,0,0,0,0,0,0,0,0,625
2021,"Waltham Forest 007","E02000901",10493,4429,63,137,99,1123,59,3756,2,0,0,1,3753,0,73,26,0,0,0,0,0,0,0,0,0,1,0,0,7,5,0,0,0,0,12,0,6,0,3,0,0,1,0,0,1,5,4,1,0,0,0,0,0,0,0,1,0,0,0,754
2021,"Waltham Forest 008","E02000902",9964,4105,91,209,45,2096,45,2422,1,4,0,3,2414,0,176,119,0,0,1,0,0,0,0,0,0,0,0,1,3,4,0,0,0,0,20,0,8,2,2,0,0,1,0,0,0,9,5,0,1,0,0,0,0,0,0,0,0,0,0,775
2021,"Waltham Forest 009","E02000903",10275,3884,56,229,31,2549,34,2701,7,5,0,3,2686,0,111,74,0,0,0,0,0,0,0,0,1,0,0,0,2,4,0,0,0,0,11,0,4,2,0,0,0,0,0,1,1,8,3,0,0,0,0,0,0,0,0,0,0,0,0,680
2021,"Waltham Forest 010","E02000904",8422,3545,41,195,50,1681,23,2301,7,5,0,2,2287,0,47,19,0,0,0,0,0,0,0,0,0,0,0,0,3,1,0,0,0,0,10,1,4,0,0,0,0,1,0,0,0,5,1,0,0,0,0,0,0,0,0,2,0,0,0,539
2021,"Waltham Forest 011","E02000905",10472,3540,59,554,53,1945,37,3585,8,5,1,1,3570,0,68,33,0,0,0,0,0,0,0,0,0,0,0,0,1,1,0,0,0,0,11,0,6,0,2,0,0,0,0,0,3,8,0,1,0,0,0,0,0,0,0,2,0,0,0,631
2021,"Waltham Forest 012","E02000906",9649,3121,70,248,28,2195,26,3248,8,4,0,7,3228,1,82,35,0,1,0,0,0,0,0,0,0,0,0,0,0,2,0,0,0,0,10,0,7,0,8,0,0,1,0,0,3,12,2,0,0,0,1,0,0,0,0,0,0,0,0,631
2021,"Waltham Forest 013","E02000907",10581,4031,69,209,39,2475,30,2801,8,5,0,0,2788,0,87,38,0,0,0,0,0,0,0,1,0,0,0,0,0,2,0,0,0,0,18,2,1,0,9,0,0,0,0,0,0,11,1,2,0,0,0,0,0,0,0,2,0,0,0,840
2021,"Waltham Forest 014","E02000908",12903,4816,111,359,57,2025,50,4443,9,6,0,3,4425,0,118,35,0,3,0,0,1,0,0,0,1,0,1,1,6,4,0,0,1,0,32,0,11,0,1,0,0,0,1,0,0,10,4,0,0,0,0,0,0,0,0,5,0,0,1,924
2021,"Waltham Forest 015","E02000909",9247,3265,62,92,54,1514,33,3581,14,2,0,3,3562,0,88,35,0,0,1,0,0,0,0,0,1,1,0,0,2,3,3,0,0,0,24,0,5,1,1,0,0,1,0,0,0,5,3,1,0,0,0,0,0,0,0,1,0,0,0,558
2021,"Waltham Forest 016","E02000910",11432,3747,55,151,53,2923,38,3666,14,9,0,1,3642,0,68,12,1,0,0,0,0,0,0,0,0,0,0,0,6,5,0,0,0,0,17,0,10,1,1,0,1,3,0,0,0,5,2,0,0,0,0,0,0,1,0,1,0,0,2,731
2021,"Waltham Forest 017","E02000911",12964,3964,75,187,49,3203,40,3861,7,7,0,3,3844,0,156,39,0,2,0,0,0,0,0,0,0,0,0,0,0,4,0,0,0,0,63,0,12,1,4,0,0,0,3,0,0,14,5,1,3,0,0,0,0,0,0,2,0,0,3,1429
2021,"Waltham Forest 018","E02000912",9738,3023,62,161,26,3183,32,2461,10,4,0,1,2446,0,69,14,0,0,2,0,0,0,0,0,0,0,0,0,0,2,0,0,0,0,29,0,2,0,4,0,0,0,0,0,0,8,4,0,2,0,0,0,0,0,0,0,0,0,2,721
2021,"Waltham Forest 019","E02000913",9644,3118,64,137,20,3458,71,2137,7,3,0,3,2124,0,59,17,0,0,1,0,0,0,0,0,0,6,0,0,0,1,0,0,1,0,12,0,1,1,5,0,0,1,4,1,0,5,3,0,0,0,0,0,0,0,0,0,0,0,0,580
2021,"Waltham Forest 020","E02000914",11801,3972,127,160,14,4372,35,2272,7,5,0,5,2255,0,101,59,0,0,0,0,1,0,0,0,1,0,0,0,3,3,0,0,0,0,18,0,4,0,2,0,0,2,1,0,0,3,0,1,0,0,0,0,2,0,0,1,0,0,0,748
2021,"Waltham Forest 021","E02000915",8111,2934,75,111,29,1565,80,2703,7,4,0,1,2691,0,51,10,0,0,1,0,0,0,0,0,1,0,0,0,0,2,0,0,0,0,16,0,5,2,2,0,0,2,0,0,0,4,4,0,0,0,0,0,0,0,0,1,0,0,1,563
2021,"Waltham Forest 022","E02000916",10564,3823,76,161,45,2873,64,2732,8,1,0,1,2722,0,98,38,0,2,3,0,0,0,0,2,0,0,0,0,0,2,0,0,0,0,16,0,10,0,4,0,0,0,0,0,0,10,7,1,0,0,0,0,0,0,0,3,0,0,0,692
2021,"Waltham Forest 023","E02000917",9586,3667,39,149,48,1962,26,2945,3,2,0,1,2939,0,66,18,0,0,5,0,0,0,0,0,0,0,0,0,0,1,0,0,0,0,17,0,5,1,2,0,0,0,0,0,2,8,4,0,0,0,0,0,0,0,0,3,0,0,0,684
2021,"Waltham Forest 024","E02000918",9328,3432,86,148,50,2256,56,2605,4,10,0,3,2588,0,87,17,0,0,0,0,0,0,0,0,0,0,0,0,1,2,0,0,0,0,22,0,13,0,8,0,0,1,0,0,0,8,13,0,0,0,0,0,0,0,1,1,0,0,0,608
2021,"Waltham Forest 025","E02000919",9237,3419,70,159,20,2214,103,2498,5,7,0,1,2485,0,14,0,0,1,0,0,0,0,0,0,0,0,0,1,0,0,0,0,0,0,2,0,4,0,0,0,0,1,0,0,0,2,2,1,0,0,0,0,0,0,0,0,0,0,0,740
2021,"Waltham Forest 026","E02000920",10299,3885,86,174,20,2918,87,2366,12,1,0,1,2352,0,93,46,0,1,0,0,0,0,0,0,0,0,0,0,0,0,0,0,0,0,16,0,7,1,10,0,0,0,0,0,0,10,0,1,0,0,0,0,0,0,0,0,0,0,1,670
2021,"Waltham Forest 027","E02000921",11199,4679,59,179,28,2706,37,2615,13,2,0,5,2595,0,104,51,0,0,0,0,0,0,0,0,0,0,0,0,0,5,0,0,0,0,20,2,5,0,3,0,1,0,1,0,0,5,1,2,0,0,0,0,0,2,1,2,1,0,2,792
2021,"Waltham Forest 028","E02000922",10461,4748,70,145,38,1964,82,2577,11,3,0,3,2560,0,112,25,0,1,1,0,0,0,0,1,0,0,0,0,0,1,0,0,0,0,28,1,10,0,4,4,0,0,0,0,1,17,8,0,0,0,1,0,0,8,0,0,1,0,0,725
2021,"Wandsworth 001","E02000923",7524,3766,55,79,65,498,10,2354,8,0,0,0,2346,0,65,0,0,2,1,1,0,0,0,0,0,0,0,1,0,18,0,0,1,0,16,0,0,0,1,0,0,0,0,0,1,10,8,0,1,0,0,0,0,0,1,3,0,0,0,632
2021,"Wandsworth 003","E02000925",7900,3748,44,65,28,1008,13,2315,3,2,0,0,2310,0,43,0,0,2,2,0,0,0,0,1,0,0,0,1,1,1,0,0,0,0,13,0,3,0,0,0,0,1,0,0,0,11,1,0,0,0,0,0,0,0,0,4,0,0,2,636
2021,"Wandsworth 004","E02000926",11645,5008,62,171,58,935,44,4406,6,2,0,0,4398,0,87,0,0,6,2,0,0,0,0,2,0,0,0,0,4,4,0,0,0,1,18,0,5,2,7,0,0,1,0,1,1,11,10,3,0,0,0,0,0,0,4,0,0,1,4,874
2021,"Wandsworth 005","E02000927",7101,3171,49,33,24,459,16,2803,4,3,0,0,2796,0,32,0,1,2,0,0,0,0,0,0,0,0,0,1,0,1,0,0,0,0,8,0,2,0,5,0,0,2,0,0,0,5,4,0,0,0,0,0,1,0,0,0,0,0,0,514
2021,"Wandsworth 006","E02000928",8353,4233,57,77,69,224,13,3059,9,4,0,3,3043,0,44,0,0,0,1,0,0,0,0,0,0,5,0,1,1,1,0,0,1,0,16,1,4,0,0,0,0,0,0,1,0,3,2,0,0,0,0,0,0,0,0,3,0,0,4,577
2021,"Wandsworth 007","E02000929",8101,3605,61,78,16,1560,34,2143,4,0,0,0,2139,0,82,0,0,0,6,0,0,0,0,2,0,0,0,0,1,20,0,0,0,0,23,0,5,0,4,0,0,1,0,0,0,11,6,1,0,0,0,0,0,0,0,0,0,0,2,522
2021,"Wandsworth 008","E02000930",10076,4236,68,106,41,554,20,4220,10,4,0,0,4206,0,53,0,0,0,0,0,0,0,1,0,1,0,1,0,1,2,0,0,0,0,20,3,0,1,3,0,0,0,0,0,2,9,4,2,0,0,0,0,0,0,0,0,1,0,2,778
2021,"Wandsworth 009","E02000931",8819,3900,44,96,63,228,15,3844,7,5,0,2,3830,0,35,0,0,1,0,0,0,0,0,1,0,0,0,0,3,3,0,0,0,0,16,0,3,0,0,0,0,0,0,0,0,6,1,0,0,0,0,1,0,0,0,0,0,0,0,594
2021,"Wandsworth 010","E02000932",12842,5206,96,197,79,698,33,5483,13,10,0,1,5459,0,72,0,0,3,1,1,0,0,0,1,0,0,0,1,1,5,0,0,0,0,18,2,2,0,3,0,2,3,0,0,0,15,4,0,0,0,0,0,3,0,0,1,0,0,6,978
2021,"Wandsworth 011","E02000933",8866,4294,62,139,113,450,27,3098,8,5,0,2,3083,0,52,0,0,0,1,0,0,0,0,1,0,1,0,0,1,3,0,0,0,0,11,0,4,1,2,0,0,0,1,5,3,12,6,0,0,0,0,0,0,0,0,0,0,0,0,631
2021,"Wandsworth 012","E02000934",8914,3947,51,68,33,427,19,3699,12,0,0,2,3685,0,39,0,0,2,0,0,0,0,0,0,0,0,0,0,1,3,0,0,0,0,8,0,3,2,1,0,0,0,0,0,1,9,2,2,0,0,2,0,0,0,0,2,0,0,1,631
2021,"Wandsworth 013","E02000935",7372,2938,47,71,48,1443,36,2124,4,0,0,0,2120,0,52,7,0,0,2,0,0,0,0,1,0,0,1,0,1,4,0,0,0,0,14,1,7,0,0,0,0,0,0,0,0,4,5,2,0,0,0,0,0,0,0,1,1,0,1,613
2021,"Wandsworth 014","E02000936",9366,3724,103,192,70,787,31,3653,10,3,0,2,3638,0,48,0,1,1,0,0,0,0,0,0,0,0,0,0,2,5,0,0,0,0,16,1,2,0,0,0,1,0,0,0,0,11,1,1,0,0,0,0,0,0,0,1,0,0,5,758
2021,"Wandsworth 015","E02000937",8162,3932,36,86,43,321,8,3179,9,6,0,1,3163,0,33,0,0,0,0,0,0,0,0,0,0,0,0,0,3,2,0,0,0,0,6,8,2,0,1,0,0,0,0,0,0,7,0,0,0,0,0,0,1,0,2,1,0,0,0,524
2021,"Wandsworth 016","E02000938",10764,5025,74,157,92,1370,31,3068,11,2,0,3,3052,0,54,3,0,1,1,0,0,0,0,0,0,0,0,0,0,1,0,0,0,0,15,1,10,2,2,0,0,1,1,3,3,4,1,0,0,0,0,0,0,0,0,0,0,0,5,893
2021,"Wandsworth 017","E02000939",7818,3848,38,117,164,207,24,2877,3,3,2,0,2869,0,36,0,0,0,0,0,0,0,0,0,0,0,0,0,0,5,0,0,2,0,16,1,0,0,0,0,2,0,0,0,1,5,1,0,0,0,0,0,1,0,1,0,0,0,1,507
2021,"Wandsworth 018","E02000940",9321,3766,76,127,29,1263,28,3307,4,3,0,2,3298,0,25,0,1,0,1,0,0,0,0,0,0,3,0,0,2,0,0,0,0,0,5,0,1,0,0,0,0,0,0,0,0,9,0,0,0,0,1,0,0,0,0,1,0,0,1,700
2021,"Wandsworth 019","E02000941",10176,5032,52,84,22,542,18,3770,13,2,0,0,3755,0,50,0,0,0,2,0,0,0,0,0,0,1,0,0,0,3,0,0,0,0,8,0,3,0,1,0,0,0,0,0,0,25,2,1,0,0,0,0,0,0,1,1,0,0,2,606
2021,"Wandsworth 020","E02000942",9689,4395,63,174,97,721,24,3479,13,5,0,1,3460,0,45,0,0,1,1,0,0,0,0,0,0,0,0,0,1,5,0,0,0,0,12,1,4,0,0,0,0,0,0,0,1,8,4,1,0,0,0,0,0,0,1,0,1,0,4,691
2021,"Wandsworth 021","E02000943",8722,3530,33,269,37,464,19,3729,12,3,0,2,3712,0,60,0,0,2,1,0,0,0,0,0,0,0,0,0,1,5,0,0,0,0,10,0,5,2,9,0,0,0,0,0,0,16,2,1,0,0,0,0,1,0,1,3,0,0,1,581
2021,"Wandsworth 022","E02000944",7640,2990,123,141,24,1523,5,2038,4,3,0,2,2029,0,65,0,0,0,1,0,0,0,0,0,0,0,1,0,1,0,0,0,0,0,20,1,5,1,0,0,0,2,0,0,1,15,7,0,0,0,0,0,1,0,0,4,0,0,5,731
2021,"Wandsworth 023","E02000945",7842,3420,122,72,31,1652,25,1969,9,2,0,0,1958,0,54,0,0,0,0,0,0,0,0,2,1,0,0,0,1,0,0,0,0,1,11,0,8,0,1,0,0,1,0,1,1,7,9,1,0,0,0,0,0,0,0,1,0,8,0,497
2021,"Wandsworth 024","E02000946",8439,3424,54,150,36,1048,36,3038,8,1,0,0,3029,0,62,1,1,3,4,0,0,0,0,1,0,0,0,0,4,3,0,0,0,0,17,1,2,0,4,0,0,0,2,0,0,8,5,0,0,0,0,0,1,0,0,0,0,0,5,591
2021,"Wandsworth 025","E02000947",9340,4198,48,169,46,548,31,3609,6,2,0,0,3601,0,66,1,1,2,0,0,0,0,0,1,0,0,0,0,5,6,0,0,0,0,15,0,8,1,0,1,0,0,0,0,2,15,3,0,0,0,0,0,0,0,1,2,0,0,2,625
2021,"Wandsworth 026","E02000948",10025,3818,45,204,63,688,19,4526,10,6,0,3,4507,0,28,0,0,2,0,0,0,0,0,0,0,0,0,0,0,1,0,0,0,0,11,1,0,0,2,0,0,1,1,0,0,5,3,0,0,0,0,0,0,0,0,1,0,0,0,634
2021,"Wandsworth 027","E02000949",10003,4391,64,157,70,334,32,4275,10,2,0,7,4256,0,53,0,0,0,1,0,0,0,0,0,0,0,0,0,1,7,0,0,0,0,19,0,5,0,6,0,0,0,0,0,0,6,5,1,0,0,0,0,0,0,0,0,0,0,2,627
2021,"Wandsworth 028","E02000950",7585,3242,86,134,35,1153,13,2306,5,1,0,1,2299,0,47,2,0,1,1,0,0,0,0,0,1,2,0,1,0,1,0,0,0,0,7,1,2,0,0,0,1,0,0,0,0,5,16,1,0,0,1,0,0,0,0,1,0,0,3,569
2021,"Wandsworth 029","E02000951",6427,2548,44,155,23,512,29,2673,8,1,0,2,2662,0,35,0,0,0,0,0,0,0,0,0,0,0,0,0,5,4,0,0,0,0,6,1,4,0,2,0,0,0,0,0,0,9,1,3,0,0,0,0,0,0,0,0,0,0,0,408
2021,"Wandsworth 030","E02000952",6148,2516,19,115,32,473,23,2549,7,4,0,2,2536,0,36,2,0,2,0,0,0,0,0,0,0,1,0,0,2,3,0,0,0,0,6,0,6,1,0,0,0,0,1,0,0,4,3,0,1,0,0,0,0,0,0,0,0,0,4,385
2021,"Wandsworth 031","E02000953",7508,3338,80,155,26,610,23,2770,8,4,0,2,2756,0,40,2,0,1,2,0,0,0,0,0,0,0,0,0,1,1,0,0,0,0,11,0,4,0,0,0,0,0,1,0,0,10,2,0,0,0,0,0,0,0,0,1,2,0,2,466
2021,"Wandsworth 032","E02000954",6099,2129,22,394,12,953,41,2125,6,3,0,2,2114,0,31,0,0,0,0,0,0,0,0,0,0,0,0,0,2,4,0,0,0,0,9,1,3,0,0,0,0,0,0,0,0,9,1,1,0,0,0,0,0,0,0,0,0,0,1,392
2021,"Wandsworth 033","E02000955",6889,2205,41,581,13,1070,50,2303,4,2,0,2,2295,0,35,0,0,0,1,0,0,0,0,0,1,0,0,1,3,2,0,0,0,0,13,0,2,1,1,0,0,0,0,0,0,5,3,0,0,0,0,0,0,0,0,0,0,0,2,591
2021,"Wandsworth 034","E02000956",7421,2612,74,313,10,1147,20,2607,5,2,0,0,2600,0,61,0,1,2,1,0,0,0,0,1,1,0,0,0,2,1,0,0,0,0,19,0,5,1,3,0,0,0,0,0,0,8,7,2,0,0,0,2,0,0,0,3,1,0,1,577
2021,"Wandsworth 035","E02000957",10860,3915,40,567,27,1734,38,3801,6,4,0,4,3787,0,44,0,0,0,0,0,0,0,0,0,0,0,0,1,0,1,0,0,0,0,19,0,5,0,0,0,0,1,0,0,1,5,4,1,0,0,1,0,0,0,0,1,1,0,3,694
2021,"Wandsworth 036","E02000958",8272,3098,32,347,38,1109,50,2957,6,1,0,5,2945,0,58,0,0,0,0,0,0,0,0,0,3,0,0,1,12,2,0,0,0,0,15,0,4,0,0,0,0,1,0,0,0,10,5,4,0,0,0,0,0,0,0,0,0,0,1,583
2021,"Wandsworth 037","E02000959",7867,3495,42,144,15,1158,21,2423,38,2,0,3,2380,0,38,0,0,0,0,0,0,0,0,1,0,0,0,1,2,4,0,0,0,0,15,0,1,0,3,0,0,0,1,0,0,1,4,3,1,0,0,0,0,0,0,0,0,0,1,531
2021,"Westminster 001","E02000960",6155,1977,101,326,596,807,33,1639,3,2,0,0,1634,0,120,0,0,6,0,0,0,0,0,0,0,6,0,0,8,37,0,0,0,0,33,0,2,0,1,0,0,1,0,0,4,6,3,0,0,0,0,0,0,0,0,0,0,0,13,556
2021,"Westminster 002","E02000961",9814,3077,125,209,729,2196,7,2369,7,0,0,1,2361,0,105,0,0,7,5,0,0,0,0,0,0,5,0,0,15,4,0,0,0,0,26,0,23,0,1,0,0,0,0,0,1,11,5,0,0,0,0,0,0,0,0,1,0,0,1,997
2021,"Westminster 003","E02000962",7706,2513,95,437,546,1287,35,1822,6,2,0,0,1814,0,67,0,0,3,0,0,0,0,0,0,0,0,0,0,18,1,0,0,0,0,24,0,4,0,0,0,0,1,1,0,0,2,3,1,0,1,0,0,0,0,0,0,0,0,8,904
2021,"Westminster 004","E02000963",10521,4008,85,50,73,3282,7,2159,4,0,0,3,2152,0,60,0,0,1,1,0,0,0,0,0,0,1,0,0,0,6,0,0,0,0,30,0,3,0,2,0,0,0,0,0,0,10,2,0,0,0,0,0,0,0,0,2,0,0,2,797
2021,"Westminster 005","E02000964",12141,4929,106,96,99,3138,9,2693,8,2,0,0,2683,0,88,1,0,0,3,0,0,0,0,0,2,4,0,0,3,2,0,0,0,0,32,0,4,0,3,0,0,0,0,0,0,23,1,2,0,0,0,0,0,0,1,4,0,2,1,983
2021,"Westminster 006","E02000965",7878,3117,62,157,265,1006,24,2536,6,2,0,0,2528,0,65,1,0,0,3,0,0,0,0,0,0,1,0,0,3,2,0,0,0,0,25,0,4,0,1,0,0,1,0,0,3,11,2,1,0,0,0,0,1,0,0,2,0,0,4,646
2021,"Westminster 007","E02000966",9255,3389,114,198,469,1200,25,2662,9,4,0,3,2646,0,79,2,0,1,2,0,0,0,0,0,0,10,0,1,6,6,0,0,0,0,28,0,2,0,2,0,0,0,0,0,0,9,3,1,0,0,0,0,0,0,1,0,0,0,5,1119
2021,"Westminster 008","E02000967",6056,2072,107,397,328,735,30,1732,6,0,0,1,1725,0,78,1,0,0,3,0,0,0,0,0,1,0,0,0,23,4,0,0,0,0,23,1,5,0,0,0,0,1,0,0,1,4,3,4,0,0,0,0,0,0,0,0,0,0,4,577
2021,"Westminster 009","E02000968",14479,3888,109,123,74,7094,15,2083,7,6,0,0,2070,0,63,0,0,3,0,0,0,0,0,0,0,2,0,0,5,1,0,0,0,0,34,0,2,0,3,0,0,0,0,0,1,4,6,0,0,0,1,0,0,0,0,0,0,0,1,1030
2021,"Westminster 010","E02000969",9609,3196,87,93,52,3646,13,1583,5,1,0,0,1577,0,56,4,0,2,3,0,0,0,0,0,0,5,0,1,2,2,0,0,0,0,19,0,2,0,0,0,0,0,0,0,0,12,2,0,0,0,0,0,0,0,0,1,0,0,1,883
2021,"Westminster 011","E02000970",6838,2640,66,350,403,693,71,1818,8,2,0,0,1808,0,71,2,0,3,0,0,1,0,0,0,0,8,0,0,8,2,1,0,0,0,23,1,1,0,5,0,0,1,0,0,2,5,1,2,0,0,0,0,0,0,0,0,1,0,4,726
2021,"Westminster 012","E02000971",7475,2792,121,215,256,1095,36,2107,6,1,0,2,2098,0,117,1,0,2,0,0,0,0,0,1,0,4,0,0,16,2,0,0,0,0,17,0,0,0,1,0,1,0,0,1,1,5,7,1,0,0,0,0,0,0,0,2,0,0,55,736
2021,"Westminster 013","E02000972",7876,3011,104,156,175,1022,7,2528,7,1,1,1,2518,0,60,0,1,2,0,0,0,0,0,0,0,2,0,0,3,2,0,0,0,1,18,1,3,1,0,0,1,0,8,0,0,9,1,1,0,0,0,1,0,0,0,0,0,0,5,813
2021,"Westminster 014","E02000973",9951,4053,75,107,196,1352,16,3164,9,2,0,3,3150,0,58,0,0,7,0,0,0,0,0,2,0,0,0,0,9,3,0,0,0,0,20,0,1,0,1,0,0,0,0,0,0,8,1,1,0,0,0,0,0,0,0,0,0,0,5,930
2021,"Westminster 015","E02000974",8707,2538,269,286,230,2343,29,1978,9,0,0,1,1968,0,78,0,0,0,0,0,0,0,0,0,0,0,0,0,35,2,0,0,0,0,19,0,1,0,1,0,0,0,0,0,4,5,3,4,0,0,0,0,0,0,1,0,0,0,3,956
2021,"Westminster 016","E02000975",7417,2758,103,129,121,887,28,2543,5,3,1,2,2532,0,68,2,0,1,0,0,1,0,0,1,0,1,0,0,11,0,0,0,0,1,24,1,0,1,0,0,0,0,0,0,2,11,3,2,1,0,0,0,0,0,0,1,0,0,4,780
2021,"Westminster 017","E02000976",8431,3009,134,165,191,1305,16,2584,6,2,0,0,2576,0,76,1,0,1,0,0,0,0,0,1,0,0,1,0,6,1,0,0,0,0,27,1,0,0,2,0,0,0,0,0,0,7,18,2,0,0,1,0,0,0,0,0,0,0,7,951
2021,"Westminster 018","E02000977",6387,2427,147,199,141,573,35,2258,8,5,0,0,2245,0,58,0,0,1,1,0,0,0,0,1,0,4,0,0,5,4,0,1,0,0,14,0,6,1,0,0,0,1,0,0,0,10,3,2,0,0,0,0,0,0,1,1,0,0,2,549
2021,"Westminster 019","E02000978",7129,3302,65,199,245,723,31,1749,4,1,0,1,1743,0,80,0,0,2,0,0,0,0,0,1,0,0,0,2,6,2,0,0,0,0,19,0,5,2,2,0,0,0,1,0,4,12,2,1,0,0,0,0,0,0,1,0,0,0,18,735
2021,"Westminster 020","E02000979",8085,3577,139,124,117,875,27,2382,11,1,0,1,2369,0,61,0,0,1,1,0,0,0,0,0,0,0,0,0,5,5,0,0,0,1,14,1,8,1,1,0,0,0,0,0,1,11,3,0,0,0,3,0,0,0,0,0,0,0,5,783
2021,"Westminster 021","E02000980",8723,3682,98,127,59,1721,9,2272,9,3,0,0,2260,0,57,0,0,2,0,0,0,0,0,0,0,0,0,0,3,8,0,0,0,0,16,0,1,0,1,1,0,0,1,0,1,16,3,1,0,0,0,0,0,0,0,0,0,0,3,698
2021,"Westminster 022","E02000981",8275,3766,88,120,119,812,34,2541,11,3,0,0,2527,0,59,1,1,3,0,0,0,0,1,0,0,0,0,0,2,2,0,0,0,0,18,0,5,3,0,0,0,1,1,1,1,9,6,0,0,0,0,0,2,0,0,1,0,0,1,736
2021,"Westminster 023","E02000982",7639,3326,109,102,90,1535,27,1735,9,4,0,2,1720,0,48,0,1,3,0,0,0,0,0,1,0,0,0,0,2,4,0,0,0,0,14,0,3,0,0,0,0,0,0,0,3,7,4,2,0,0,1,0,0,0,0,0,0,0,3,667
2021,"Westminster 024","E02000983",7698,3198,95,92,52,1547,10,2000,10,3,0,0,1987,0,72,6,0,1,0,0,0,0,0,0,0,0,0,0,4,3,0,0,1,0,32,2,0,0,0,0,1,0,0,0,3,13,3,2,0,0,0,0,0,0,0,0,0,0,1,632
2021,"Bromley 040","E02006782",8127,4173,70,256,18,426,49,2534,3,5,0,3,2523,0,38,2,0,0,0,0,0,0,0,0,0,0,0,0,5,2,0,0,0,0,8,0,10,0,3,0,0,0,0,0,0,2,4,0,0,0,1,0,0,0,0,1,0,0,0,563
2021,"Lewisham 037","E02006783",7770,3903,56,305,8,499,4,2429,3,0,0,2,2424,0,30,3,0,0,0,0,0,0,0,0,0,0,0,1,0,0,0,0,0,0,10,0,3,1,0,0,0,2,0,0,1,3,2,1,0,0,0,0,0,0,0,2,0,0,1,536
2021,"Lewisham 038","E02006784",7966,4247,37,328,10,610,26,2174,3,0,0,1,2170,0,53,3,0,1,0,0,0,0,0,0,0,0,0,0,0,0,0,0,0,0,17,0,2,0,20,0,0,0,0,0,0,6,3,0,1,0,0,0,0,0,0,0,0,0,0,481
2021,"Bexley 029","E02006785",6620,3164,125,393,4,275,175,2068,1,1,0,0,2066,0,18,0,0,0,0,0,0,0,0,0,0,0,0,0,0,0,0,0,0,0,3,0,2,0,0,0,0,0,0,2,0,2,5,0,1,0,0,0,0,0,1,2,0,0,0,398
2021,"Greenwich 033","E02006786",7561,3666,172,504,3,507,146,2111,3,1,0,0,2107,0,45,0,0,0,0,0,0,0,0,1,1,0,0,1,0,3,0,0,0,0,14,0,8,0,2,0,0,0,0,2,3,5,0,0,0,0,1,0,0,0,0,4,0,0,0,407
2021,"Bromley 041","E02006787",7897,3601,40,152,30,242,17,3226,2,2,0,4,3218,0,38,1,0,3,1,0,0,0,0,0,0,0,0,0,0,0,0,0,0,0,10,0,5,0,2,0,0,0,0,1,0,6,7,0,0,0,0,0,0,0,0,1,0,0,1,551
2021,"Croydon 045","E02006788",7610,3808,29,200,8,602,26,2257,6,0,0,0,2251,0,72,3,0,0,0,0,0,0,0,0,0,0,0,0,4,5,0,0,0,0,19,0,10,0,3,0,0,0,0,0,0,21,1,0,0,0,1,0,0,0,0,0,0,5,0,608
2021,"Bromley 042","E02006789",6781,3796,12,29,17,58,5,2481,6,3,0,1,2471,0,18,0,0,0,0,0,0,0,0,0,0,0,0,0,0,0,0,0,0,0,8,0,5,0,0,0,0,0,0,0,0,0,3,0,0,0,0,0,0,0,0,2,0,0,0,365
2021,"Ealing 040","E02006791",7566,3026,96,135,53,617,63,2944,9,4,0,2,2929,0,71,1,1,3,0,0,0,0,0,0,1,0,0,0,4,7,0,0,0,0,15,0,4,2,3,1,0,0,0,0,2,4,17,1,0,0,1,0,0,0,0,3,0,0,1,561
2021,"Hounslow 029","E02006792",9001,3625,114,233,70,911,59,3222,11,3,0,1,3207,0,61,0,0,1,0,0,0,0,0,2,0,10,0,0,3,0,0,0,0,0,15,4,5,0,0,0,0,1,0,2,0,10,3,0,0,0,0,0,0,0,0,1,0,0,4,706
2021,"Enfield 037","E02006793",9644,4090,53,214,12,2789,25,1389,2,0,0,0,1387,0,431,384,0,5,0,0,0,0,0,0,0,0,0,0,2,3,0,0,0,0,23,0,1,0,4,0,0,1,0,0,0,4,1,1,0,0,0,0,0,0,0,0,0,1,1,641
2021,"Haringey 037","E02006794",8285,3998,52,92,13,1869,17,1446,7,0,0,0,1439,0,278,231,1,0,0,0,0,0,0,1,0,0,0,0,0,5,0,0,0,0,16,0,4,0,10,0,0,1,0,0,0,5,1,0,0,0,0,0,0,0,0,2,0,0,1,520
2021,"Harrow 032","E02006795",8271,2385,100,3250,19,1057,207,735,3,0,0,4,728,0,142,0,0,1,0,0,0,0,0,0,0,0,0,1,98,7,0,0,0,0,4,1,0,0,2,0,0,0,0,2,0,0,0,1,1,0,0,0,0,0,0,0,0,0,24,376
2021,"Hillingdon 033","E02006796",9697,4344,72,1314,12,981,174,2246,3,4,0,0,2239,0,59,0,0,1,0,0,0,0,0,0,0,2,0,0,22,8,0,0,0,0,12,0,0,0,0,1,0,1,0,0,0,0,2,0,0,0,0,0,0,2,0,3,0,0,5,495
2021,"Lewisham 039","E02006798",8887,3786,254,145,17,830,22,3053,16,2,0,0,3035,0,105,6,0,0,1,1,1,0,0,0,0,0,0,0,0,3,0,0,0,0,39,2,12,1,6,0,0,0,0,0,0,18,2,4,0,0,0,0,1,0,0,3,2,3,0,675
2021,"Barking and Dagenham 023","E02006799",12045,4870,36,505,14,3148,418,2276,3,3,0,0,2270,0,76,7,0,0,5,0,0,0,0,0,0,0,0,0,4,36,0,0,0,0,9,0,4,0,0,0,0,0,0,0,0,7,2,0,0,0,1,0,0,0,0,1,0,0,0,702
2021,"Redbridge 034","E02006800",14682,3516,50,1199,23,6275,1821,1048,3,0,0,0,1045,0,61,4,0,0,2,0,0,0,0,0,0,0,0,0,14,0,0,0,0,0,24,1,1,0,2,7,0,0,0,0,0,4,2,0,0,0,0,0,0,0,0,0,0,0,0,689
2021,"Lambeth 036","E02006801",8567,3431,120,226,55,658,20,3293,26,3,0,0,3264,0,70,3,0,0,0,0,0,0,0,1,0,0,0,0,1,2,0,0,0,0,31,0,7,1,5,0,0,0,0,0,0,9,6,3,0,0,1,0,0,0,0,0,0,0,0,694
2021,"Southwark 034","E02006802",9271,3460,93,155,52,1171,33,3519,9,5,0,3,3502,0,57,2,0,1,0,0,0,0,1,0,0,0,0,0,0,2,0,0,1,0,20,1,1,0,2,0,0,3,0,0,0,15,4,0,0,0,0,0,0,0,0,2,1,0,1,731
2021,"Sutton 025","E02006836",8719,3727,49,986,35,903,50,2357,1,0,0,1,2355,0,41,1,0,0,0,0,0,0,0,0,0,0,0,0,15,2,0,0,0,0,8,0,4,0,1,0,0,0,0,0,0,4,2,0,1,0,0,2,0,0,0,1,0,0,0,571
2021,"Tower Hamlets 032","E02006853",11018,2955,161,596,28,3312,43,3050,7,3,0,0,3040,0,72,3,0,1,0,0,0,0,0,0,2,0,0,0,16,3,0,0,0,0,18,3,4,0,0,0,0,0,0,0,0,9,4,3,3,0,0,0,0,0,0,1,0,0,2,801
2021,"Tower Hamlets 033","E02006854",7076,1910,117,414,49,1546,43,2344,5,2,0,0,2337,0,44,1,0,1,0,0,0,0,0,0,0,0,0,0,14,0,0,0,0,0,10,1,1,0,0,0,0,0,0,0,1,6,1,3,0,0,0,0,0,0,0,1,0,1,3,609
2021,"Harrow 033","E02006882",14396,4610,55,5388,88,1577,87,804,2,0,0,0,802,0,1099,5,0,5,0,0,0,0,0,0,0,0,0,0,1054,7,0,0,0,0,17,0,2,0,0,0,0,0,0,0,0,3,2,1,0,0,0,2,0,0,0,1,0,0,0,688
2021,"Hackney 028","E02006918",8398,2661,61,263,472,1446,66,2329,2,3,0,2,2322,0,159,90,0,1,0,0,0,0,0,0,0,0,0,0,1,2,0,0,0,0,44,0,2,1,6,0,0,1,0,0,0,7,2,0,0,0,1,0,0,0,1,0,0,0,0,941
2021,"Hackney 029","E02006921",7927,2150,53,17,1874,1154,81,1344,5,3,0,1,1335,0,132,83,0,0,0,0,0,0,0,0,0,0,0,0,0,4,0,0,0,0,24,1,2,0,7,0,0,0,0,0,0,7,4,0,0,0,0,0,0,0,0,0,0,0,0,1122
2021,"Redbridge 035","E02006924",13599,2765,78,1404,329,6271,1002,840,5,1,0,0,834,0,101,7,0,0,0,0,0,0,0,0,0,0,0,0,44,4,0,0,0,0,20,0,0,0,1,9,0,0,0,1,0,5,1,0,0,0,0,0,0,0,0,0,0,0,9,809
2021,"Redbridge 036","E02006925",14419,2467,67,2953,588,5249,1387,851,2,0,0,0,849,0,98,10,0,0,0,0,0,0,0,0,0,0,1,0,35,13,0,0,0,0,13,0,1,0,3,15,0,0,0,0,0,1,0,0,0,0,0,0,0,0,0,1,0,0,5,759
2021,"Greenwich 034","E02006927",12363,5387,153,347,37,824,46,4644,10,6,0,0,4628,0,66,6,0,4,2,0,0,0,0,0,0,0,0,0,2,3,0,0,0,1,22,0,6,0,1,0,0,0,0,2,1,7,7,1,0,0,0,0,0,0,0,0,0,0,1,859
2021,"Greenwich 035","E02006928",12092,4384,214,404,28,960,42,4878,19,5,0,2,4852,0,132,13,0,1,0,0,1,0,0,0,0,0,0,3,6,2,0,0,0,0,33,2,11,0,15,0,1,1,0,7,0,21,4,3,0,0,0,0,1,0,0,3,0,0,4,1050
2021,"Greenwich 037","E02006930",9848,3818,101,274,44,612,91,4186,14,5,0,0,4167,0,58,6,1,3,0,0,0,0,0,0,0,0,0,0,6,3,0,0,0,0,14,0,6,0,0,1,2,0,0,0,1,10,2,3,0,0,0,0,0,0,0,0,0,0,0,664
2021,"Greenwich 038","E02006931",9460,3934,130,162,36,473,26,3979,11,4,0,5,3959,0,82,6,0,4,0,0,0,0,0,0,3,0,0,0,0,6,0,0,0,0,23,0,9,1,1,0,1,1,0,0,3,14,8,0,1,0,0,0,0,0,0,1,0,0,0,638
2021,"Southwark 035","E02006941",5314,1772,66,197,57,128,19,2606,3,4,0,0,2599,0,54,0,0,2,0,0,0,0,0,0,0,0,0,0,12,2,0,0,0,1,9,0,4,1,4,0,0,1,0,0,0,9,2,1,0,0,0,0,0,0,0,0,0,0,6,415
2021,"Southwark 036","E02006942",6749,2587,79,137,45,558,25,2705,10,8,0,1,2686,0,72,1,0,2,0,0,0,0,0,0,0,1,0,0,7,3,0,0,0,0,31,1,5,0,2,0,0,0,1,0,1,5,3,1,0,0,2,0,1,0,0,0,0,2,3,541
2021,"Barnet 042","E02006953",9170,3385,170,519,170,1776,61,2286,5,4,0,1,2276,0,88,10,0,5,4,2,0,0,0,0,0,0,0,0,20,5,0,0,0,0,23,0,0,1,0,0,0,0,0,0,0,9,0,2,0,0,0,0,0,0,0,0,0,0,7,715
2021,"Barnet 043","E02006954",10112,3900,142,1057,100,2529,24,1545,3,4,0,2,1536,0,91,1,0,1,2,0,0,0,0,0,0,0,1,0,63,3,0,0,0,0,10,0,1,0,0,0,0,0,0,0,0,5,3,0,0,0,0,0,0,0,0,0,0,0,1,724
2021,"Brent 035","E02006955",7506,2479,48,1072,34,1285,64,1737,7,3,0,0,1727,0,96,3,0,1,0,0,0,0,0,0,0,0,0,0,45,1,0,0,0,0,16,0,6,0,4,0,0,1,0,0,0,14,1,1,0,0,0,0,0,0,0,0,1,1,1,691
2021,"Brent 036","E02006956",8830,3861,57,1532,19,1544,50,1136,3,1,0,0,1132,0,85,2,1,0,3,0,0,0,0,0,0,0,0,0,40,1,0,0,0,0,19,0,2,0,8,0,0,0,0,1,0,2,2,3,0,0,0,0,0,0,0,0,0,0,1,546
2021,"Ealing 041","E02006968",8353,3224,169,325,54,1207,150,2404,12,1,0,2,2389,0,66,0,0,0,0,0,0,0,0,0,1,4,0,0,5,7,0,0,1,0,4,0,3,0,3,6,0,0,0,0,5,7,3,1,1,0,0,0,0,0,0,1,2,0,12,754
2021,"Ealing 042","E02006969",6425,2524,186,196,21,501,127,2317,3,1,0,2,2311,0,60,0,0,7,1,0,0,0,0,0,0,0,0,1,3,3,0,0,0,0,23,2,4,0,0,1,0,0,0,0,0,5,3,4,1,0,0,0,0,0,0,2,0,0,0,493
2021,"Ealing 043","E02006970",7342,2061,42,951,1,1591,2142,205,1,0,0,0,204,0,78,0,0,1,0,0,0,0,0,0,0,0,0,0,7,7,0,0,0,0,6,0,0,0,0,48,0,0,0,0,1,0,0,1,0,0,0,0,0,7,0,0,0,0,0,271
2021,"Ealing 044","E02006971",8297,1528,10,866,1,1740,3510,237,0,0,0,0,237,0,97,0,0,0,1,0,0,0,0,0,0,4,0,0,8,2,0,0,0,0,8,0,0,0,2,61,0,0,0,2,0,2,0,0,0,0,0,0,0,7,0,0,0,0,0,308
2021,"Hounslow 030","E02006972",5410,2132,63,184,21,1034,108,1433,5,0,0,2,1426,0,39,0,0,1,1,0,0,0,0,0,0,3,0,0,5,2,0,0,0,0,8,0,4,0,1,0,1,0,0,0,0,1,5,0,0,0,0,0,1,0,0,0,0,0,6,396
2021,"Hounslow 031","E02006973",8496,3394,74,319,13,1483,129,2441,5,1,0,1,2434,0,80,3,0,0,1,0,0,0,0,0,0,1,0,0,19,5,0,0,0,0,14,0,4,0,1,2,0,0,1,3,0,13,5,0,0,0,0,0,0,0,0,3,0,0,5,563
2021,"Croydon 046","E02006987",7376,2797,87,620,18,771,25,2424,13,0,0,2,2409,0,88,5,0,2,0,0,0,0,0,0,0,0,0,0,24,1,0,0,0,0,25,3,6,0,5,0,0,0,0,0,0,6,7,3,0,0,0,0,0,0,0,1,0,0,0,546
2021,"Croydon 047","E02006988",7160,3350,68,384,9,619,19,2051,5,4,0,0,2042,0,96,1,0,1,0,0,0,0,0,1,0,0,0,1,38,5,0,0,0,0,19,0,4,0,6,0,0,0,0,0,0,9,7,0,0,0,3,0,0,0,0,0,0,0,1,564
2021,"Greenwich 039","E02006991",6322,2372,115,261,24,396,37,2593,10,0,0,0,2583,0,64,0,0,2,0,0,0,0,0,0,1,0,0,4,6,1,0,0,0,0,11,0,4,5,1,0,1,1,0,11,0,7,2,2,0,0,0,1,0,0,0,3,0,0,1,460
2021,"Greenwich 040","E02006992",8232,3287,124,329,37,578,33,3190,16,0,0,0,3174,0,63,0,0,0,1,0,0,0,0,0,2,0,0,0,3,1,0,0,0,0,28,0,8,0,0,0,0,1,1,0,0,4,8,2,0,0,1,0,0,0,0,2,0,0,1,591
2021,"Greenwich 041","E02006993",8400,2811,129,492,12,995,63,3241,9,1,0,2,3229,0,55,0,0,0,1,0,0,0,0,0,0,0,0,1,8,4,0,0,0,0,18,0,5,0,2,0,0,2,0,0,1,4,3,2,0,0,0,0,0,0,1,0,0,0,3,602
2021,"Greenwich 042","E02006994",7638,3492,270,321,13,1010,70,1944,6,0,0,0,1938,0,46,3,0,0,0,0,0,0,0,0,0,0,0,0,0,1,0,0,0,0,14,0,4,0,0,0,0,0,0,6,0,15,3,0,0,0,0,0,0,0,0,0,0,0,0,472
2021,"Newham 038","E02006995",8639,2409,101,267,52,1514,49,3514,9,5,0,0,3500,0,55,1,0,0,3,0,0,0,0,0,0,0,0,0,7,1,0,0,1,0,14,2,4,0,1,0,0,0,0,0,0,8,2,1,1,0,0,1,0,0,1,3,0,0,4,678
2021,"Newham 039","E02006996",8424,2718,90,400,26,1801,74,2505,6,0,0,1,2498,0,78,7,0,0,1,0,0,0,0,0,0,0,0,1,8,2,0,0,0,0,34,1,1,0,2,0,0,2,0,0,0,12,3,2,0,0,0,0,0,0,0,1,0,0,1,732
2021,"Newham 040","E02006997",6890,2513,64,317,12,1186,43,2175,5,2,0,0,2168,0,53,1,0,0,0,0,0,0,0,0,0,0,1,1,5,2,0,0,0,0,17,0,6,1,6,0,0,1,2,0,0,7,1,0,0,0,0,0,0,0,0,1,0,0,1,527
2021,"Newham 041","E02006998",7086,3535,52,223,20,1517,39,1210,7,3,0,0,1200,0,30,4,0,1,1,0,0,0,0,0,0,0,0,0,3,1,0,0,0,0,9,0,6,0,0,0,0,2,0,0,0,1,1,1,0,0,0,0,0,0,0,0,0,0,0,460
2021,"Newham 042","E02006999",11243,4401,114,745,27,1721,191,3142,10,2,0,0,3130,0,103,0,0,1,0,0,0,0,0,0,0,0,0,1,25,1,0,0,0,0,30,0,4,0,5,0,0,2,3,0,0,13,9,1,3,0,0,0,0,0,0,0,0,0,5,799
2021,"Lewisham 040","E02007008",5766,2279,87,264,23,443,17,2123,7,1,0,1,2114,0,40,0,0,0,0,0,0,0,0,0,0,0,0,0,3,2,0,0,0,0,13,0,0,2,0,0,0,0,0,0,1,11,1,1,0,0,3,0,0,0,0,1,1,0,1,490
2021,"Lewisham 041","E02007009",9142,4146,185,214,17,690,10,3155,9,8,0,1,3137,0,87,2,1,0,1,0,0,0,1,0,0,0,0,0,0,0,1,0,1,0,32,0,10,1,7,0,0,3,0,0,0,14,5,0,0,0,2,0,0,0,0,5,1,0,0,638
2021,"Redbridge 037","E02007017",8816,2995,30,832,87,2896,598,815,1,0,0,3,811,0,43,3,0,0,1,0,0,0,0,0,0,0,0,1,12,3,0,0,0,0,8,0,1,0,0,5,0,0,0,0,0,1,5,0,0,0,0,0,0,0,0,1,0,0,2,520
2021,"Redbridge 038","E02007018",7266,2485,43,586,23,2555,351,779,3,1,0,0,775,0,31,3,0,0,0,0,0,0,0,0,0,0,0,0,12,1,0,0,0,0,4,0,1,0,1,1,0,0,0,0,0,3,1,0,0,0,0,0,0,0,0,2,0,0,2,413
2021,"Redbridge 039","E02007019",7162,1487,27,1417,9,2930,436,459,1,1,0,0,457,0,34,3,0,0,0,0,0,0,0,0,0,0,0,0,14,3,0,0,0,0,3,0,1,0,1,3,0,0,0,0,0,3,1,0,0,0,0,0,0,0,0,0,0,0,2,363
2021,"Redbridge 040","E02007020",9837,1638,22,975,13,5184,1118,414,2,2,0,0,410,0,37,0,0,1,0,0,0,0,0,1,0,0,0,0,13,2,0,0,0,0,3,0,1,0,0,8,0,0,0,0,0,0,1,0,0,0,0,0,0,0,0,0,0,0,7,436
2021,"Wandsworth 038","E02007083",7715,2773,93,152,42,968,26,2979,9,7,0,1,2962,0,68,0,0,0,1,0,0,0,0,1,0,1,0,0,6,4,0,0,0,0,25,0,2,0,2,0,0,0,0,0,0,15,5,1,0,0,0,0,1,0,2,0,0,0,2,614
2021,"Wandsworth 039","E02007084",9890,4240,74,88,21,1678,20,2980,6,3,0,0,2971,0,45,1,0,1,1,0,0,0,0,0,0,1,0,0,4,1,0,0,0,0,14,0,4,0,2,0,0,1,0,0,0,8,2,0,0,0,1,0,0,0,0,2,0,0,2,744
2021,"Hackney 030","E02007108",5942,1545,56,64,121,540,46,3032,9,2,0,0,3021,0,95,39,1,2,1,0,2,0,0,0,0,0,9,0,1,1,0,0,0,0,13,0,8,0,0,1,0,2,0,0,0,9,2,1,0,0,0,0,0,0,1,0,1,0,1,443
2021,"Hackney 031","E02007109",7617,2441,75,55,109,892,31,3242,10,4,0,0,3228,0,154,109,0,1,0,0,0,0,0,0,1,0,0,0,2,3,0,0,0,0,22,0,4,0,1,0,0,0,0,0,0,8,1,0,0,0,0,0,0,0,0,0,1,0,1,618
2021,"Hackney 032","E02007110",7331,2840,81,92,77,770,27,2780,6,2,0,0,2772,0,126,81,0,0,2,0,0,0,0,1,1,0,0,0,4,1,0,0,0,0,12,0,6,0,2,0,0,1,1,0,0,10,2,1,1,0,0,0,0,0,0,0,0,0,0,538
2021,"Hackney 033","E02007111",5950,1686,87,85,90,459,20,2919,6,4,0,1,2908,0,105,55,0,0,0,0,0,0,0,1,0,0,0,2,2,0,0,0,0,0,25,1,5,0,1,0,0,1,0,0,0,10,1,0,0,0,1,0,0,0,0,0,0,0,0,499
2021,"Tower Hamlets 034","E02007112",5893,1456,92,388,32,1364,37,2016,5,1,0,1,2009,0,57,0,0,2,0,0,0,0,0,0,0,0,0,0,13,2,0,0,0,0,17,2,3,1,1,1,0,1,0,0,0,6,2,2,1,0,0,0,0,0,0,0,0,0,3,451
2021,"Tower Hamlets 035","E02007113",7459,1698,92,520,33,2356,36,2115,8,1,0,0,2106,0,62,4,0,1,0,0,0,0,0,0,0,0,0,0,17,3,0,0,0,0,18,1,3,0,1,0,1,2,0,0,1,3,4,1,0,0,0,0,0,0,0,1,0,0,1,547
2021,"Tower Hamlets 036","E02007114",7566,1930,109,287,26,2237,20,2126,3,3,0,2,2118,0,34,3,0,3,0,0,0,0,0,1,0,0,0,0,3,2,0,0,0,0,10,0,0,0,0,0,0,1,0,0,0,9,0,1,0,0,0,0,0,0,0,0,0,0,1,797
2021,"Camden 029","E02007115",11589,3272,185,256,123,2641,41,3755,14,3,0,4,3734,0,112,4,1,3,2,0,0,0,0,2,0,0,0,0,11,6,0,0,0,0,25,0,12,2,3,1,0,3,1,0,0,11,7,7,0,0,0,0,0,0,0,2,1,0,8,1204
