"date","geography","geography code","Communal establishment management and type: Total: All usual residents in communal establishments","Communal establishment management and type: Medical and care establishment","Communal establishment management and type: Medical and care establishment:NHS","Communal establishment management and type: Medical and care establishment: NHS: General hospital","Communal establishment management and type: Medical and care establishment: NHS: Mental health hospital or unit (including secure units)","Communal establishment management and type: Medical and care establishment: NHS: Other hospital","Communal establishment management and type: Medical and care establishment:Local Authority","Communal establishment management and type: Medical and care establishment: Local Authority: Children's home (including secure units)","Communal establishment management and type: Medical and care establishment: Local Authority: Care home with nursing","Communal establishment management and type: Medical and care establishment: Local Authority: Care home without nursing","Communal establishment management and type: Medical and care establishment: Local Authority: Other home","Communal establishment management and type: Medical and care establishment:Registered Social Landlord or Housing Association","Communal establishment management and type: Medical and care establishment: Registered Social Landlord or Housing Association: Home or hostel","Communal establishment management and type: Medical and care establishment:Other","Communal establishment management and type: Medical and care establishment: Other: Care home with nursing","Communal establishment management and type: Medical and care establishment: Other: Care home without nursing","Communal establishment management and type: Medical and care establishment: Other: Children's home (including secure units)","Communal establishment management and type: Medical and care establishment: Other: Mental health hospital or unit (including secure units)","Communal establishment management and type: Medical and care establishment: Other: Other hospital","Communal establishment management and type: Medical and care establishment: Other: Other establishment","Communal establishment management and type: Other establishment","Communal establishment management and type: Other establishment: Defence","Communal establishment management and type: Other establishment: Prison service","Communal establishment management and type: Other establishment: Approved premises (probation or bail hostel)","Communal establishment management and type: Other establishment: Detention centres and other detention","Communal establishment management and type: Other establishment: Education","Communal establishment management and type: Other establishment: Hotel, guest house, B&B or youth hostel","Communal establishment management and type: Other establishment: Hostel or temporary shelter for the homeless","Communal establishment management and type: Other establishment: Holiday accommodation","Communal establishment management and type: Other establishment: Other travel or temporary accommodation","Communal establishment management and type: Other establishment: Religious","Communal establishment management and type: Other establishment: Staff or worker accommodation or Other","Communal establishment management and type: Establishment not stated"
2021,"City of London 001","E02000001",211,2,2,0,0,2,0,0,0,0,0,0,0,0,0,0,0,0,0,0,207,0,0,0,0,94,27,85,0,0,0,1,2
2021,"Barking and Dagenham 001","E02000002",46,42,0,0,0,0,24,0,0,24,0,0,0,18,0,18,0,0,0,0,0,0,0,0,0,0,0,0,0,0,0,0,4
2021,"Barking and Dagenham 002","E02000003",22,22,0,0,0,0,0,0,0,0,0,0,0,22,0,22,0,0,0,0,0,0,0,0,0,0,0,0,0,0,0,0,0
2021,"Barking and Dagenham 003","E02000004",171,94,0,0,0,0,0,0,0,0,0,13,13,81,74,7,0,0,0,0,77,0,0,0,0,0,0,77,0,0,0,0,0
2021,"Barking and Dagenham 004","E02000005",1,0,0,0,0,0,0,0,0,0,0,0,0,0,0,0,0,0,0,0,0,0,0,0,0,0,0,0,0,0,0,0,1
2021,"Barking and Dagenham 006","E02000007",110,61,0,0,0,0,0,0,0,0,0,0,0,61,61,0,0,0,0,0,44,0,0,0,0,0,0,44,0,0,0,0,5
2021,"Barking and Dagenham 007","E02000008",10,10,0,0,0,0,0,0,0,0,0,0,0,10,0,10,0,0,0,0,0,0,0,0,0,0,0,0,0,0,0,0,0
2021,"Barking and Dagenham 008","E02000009",1,0,0,0,0,0,0,0,0,0,0,0,0,0,0,0,0,0,0,0,0,0,0,0,0,0,0,0,0,0,0,0,1
2021,"Barking and Dagenham 009","E02000010",1,0,0,0,0,0,0,0,0,0,0,0,0,0,0,0,0,0,0,0,0,0,0,0,0,0,0,0,0,0,0,0,1
2021,"Barking and Dagenham 010","E02000011",103,103,0,0,0,0,0,0,0,0,0,0,0,103,103,0,0,0,0,0,0,0,0,0,0,0,0,0,0,0,0,0,0
2021,"Barking and Dagenham 011","E02000012",7,7,0,0,0,0,0,0,0,0,0,0,0,7,0,7,0,0,0,0,0,0,0,0,0,0,0,0,0,0,0,0,0
2021,"Barking and Dagenham 012","E02000013",0,0,0,0,0,0,0,0,0,0,0,0,0,0,0,0,0,0,0,0,0,0,0,0,0,0,0,0,0,0,0,0,0
2021,"Barking and Dagenham 013","E02000014",47,46,0,0,0,0,0,0,0,0,0,0,0,46,0,44,2,0,0,0,0,0,0,0,0,0,0,0,0,0,0,0,1
2021,"Barking and Dagenham 014","E02000015",1,0,0,0,0,0,0,0,0,0,0,0,0,0,0,0,0,0,0,0,0,0,0,0,0,0,0,0,0,0,0,0,1
2021,"Barking and Dagenham 015","E02000016",8,0,0,0,0,0,0,0,0,0,0,0,0,0,0,0,0,0,0,0,6,0,0,0,0,0,6,0,0,0,0,0,2
2021,"Barking and Dagenham 016","E02000017",45,35,0,0,0,0,0,0,0,0,0,0,0,35,0,35,0,0,0,0,0,0,0,0,0,0,0,0,0,0,0,0,10
2021,"Barking and Dagenham 017","E02000018",3,0,0,0,0,0,0,0,0,0,0,0,0,0,0,0,0,0,0,0,0,0,0,0,0,0,0,0,0,0,0,0,3
2021,"Barking and Dagenham 018","E02000019",59,57,0,0,0,0,0,0,0,0,0,0,0,57,56,1,0,0,0,0,0,0,0,0,0,0,0,0,0,0,0,0,2
2021,"Barking and Dagenham 019","E02000020",9,8,0,0,0,0,0,0,0,0,0,0,0,8,0,0,8,0,0,0,0,0,0,0,0,0,0,0,0,0,0,0,1
2021,"Barking and Dagenham 020","E02000021",101,93,0,0,0,0,0,0,0,0,0,0,0,93,93,0,0,0,0,0,5,0,0,0,0,0,5,0,0,0,0,0,3
2021,"Barking and Dagenham 021","E02000022",28,15,0,0,0,0,15,0,0,15,0,0,0,0,0,0,0,0,0,0,13,0,0,0,0,0,13,0,0,0,0,0,0
2021,"Barking and Dagenham 022","E02000023",87,16,0,0,0,0,0,0,0,0,0,0,0,16,16,0,0,0,0,0,59,0,0,0,0,0,0,59,0,0,0,0,12
2021,"Barnet 001","E02000024",104,103,0,0,0,0,0,0,0,0,0,0,0,103,76,27,0,0,0,0,0,0,0,0,0,0,0,0,0,0,0,0,1
2021,"Barnet 002","E02000025",4,4,0,0,0,0,0,0,0,0,0,0,0,4,0,0,0,4,0,0,0,0,0,0,0,0,0,0,0,0,0,0,0
2021,"Barnet 003","E02000026",28,16,0,0,0,0,7,0,0,7,0,0,0,9,0,9,0,0,0,0,12,0,0,0,0,12,0,0,0,0,0,0,0
2021,"Barnet 004","E02000027",103,99,0,0,0,0,8,0,0,8,0,0,0,91,56,25,0,0,0,10,0,0,0,0,0,0,0,0,0,0,0,0,4
2021,"Barnet 005","E02000028",16,16,0,0,0,0,0,0,0,0,0,0,0,16,16,0,0,0,0,0,0,0,0,0,0,0,0,0,0,0,0,0,0
2021,"Barnet 006","E02000029",0,0,0,0,0,0,0,0,0,0,0,0,0,0,0,0,0,0,0,0,0,0,0,0,0,0,0,0,0,0,0,0,0
2021,"Barnet 007","E02000030",96,92,0,0,0,0,0,0,0,0,0,0,0,92,77,15,0,0,0,0,0,0,0,0,0,0,0,0,0,0,0,0,4
2021,"Barnet 008","E02000031",165,154,0,0,0,0,0,0,0,0,0,7,7,147,0,147,0,0,0,0,10,0,0,0,0,0,0,0,0,0,10,0,1
2021,"Barnet 009","E02000032",10,10,0,0,0,0,0,0,0,0,0,0,0,10,0,10,0,0,0,0,0,0,0,0,0,0,0,0,0,0,0,0,0
2021,"Barnet 010","E02000033",45,45,0,0,0,0,39,0,0,39,0,0,0,6,0,6,0,0,0,0,0,0,0,0,0,0,0,0,0,0,0,0,0
2021,"Barnet 011","E02000034",43,43,0,0,0,0,0,0,0,0,0,0,0,43,0,43,0,0,0,0,0,0,0,0,0,0,0,0,0,0,0,0,0
2021,"Barnet 012","E02000035",317,193,0,0,0,0,58,0,0,58,0,0,0,135,48,87,0,0,0,0,117,0,0,0,0,114,0,0,0,0,0,3,7
2021,"Barnet 013","E02000036",58,41,0,0,0,0,0,0,0,0,0,0,0,41,14,27,0,0,0,0,11,0,0,0,0,0,0,0,0,0,11,0,6
2021,"Barnet 014","E02000037",1,0,0,0,0,0,0,0,0,0,0,0,0,0,0,0,0,0,0,0,0,0,0,0,0,0,0,0,0,0,0,0,1
2021,"Barnet 015","E02000038",253,251,0,0,0,0,0,0,0,0,0,0,0,251,105,146,0,0,0,0,0,0,0,0,0,0,0,0,0,0,0,0,2
2021,"Barnet 016","E02000039",2,0,0,0,0,0,0,0,0,0,0,0,0,0,0,0,0,0,0,0,0,0,0,0,0,0,0,0,0,0,0,0,2
2021,"Barnet 017","E02000040",280,36,0,0,0,0,0,0,0,0,0,0,0,36,0,0,0,0,36,0,156,0,0,0,0,156,0,0,0,0,0,0,88
2021,"Barnet 018","E02000041",42,42,0,0,0,0,0,0,0,0,0,0,0,42,0,42,0,0,0,0,0,0,0,0,0,0,0,0,0,0,0,0,0
2021,"Barnet 019","E02000042",209,198,0,0,0,0,40,0,0,40,0,0,0,158,42,116,0,0,0,0,0,0,0,0,0,0,0,0,0,0,0,0,11
2021,"Barnet 020","E02000043",75,75,0,0,0,0,0,0,0,0,0,0,0,75,29,46,0,0,0,0,0,0,0,0,0,0,0,0,0,0,0,0,0
2021,"Barnet 021","E02000044",0,0,0,0,0,0,0,0,0,0,0,0,0,0,0,0,0,0,0,0,0,0,0,0,0,0,0,0,0,0,0,0,0
2021,"Barnet 022","E02000045",40,40,0,0,0,0,0,0,0,0,0,0,0,40,0,40,0,0,0,0,0,0,0,0,0,0,0,0,0,0,0,0,0
2021,"Barnet 023","E02000046",0,0,0,0,0,0,0,0,0,0,0,0,0,0,0,0,0,0,0,0,0,0,0,0,0,0,0,0,0,0,0,0,0
2021,"Barnet 024","E02000047",62,62,6,0,0,6,0,0,0,0,0,0,0,56,56,0,0,0,0,0,0,0,0,0,0,0,0,0,0,0,0,0,0
2021,"Barnet 025","E02000048",1,1,0,0,0,0,0,0,0,0,0,0,0,1,1,0,0,0,0,0,0,0,0,0,0,0,0,0,0,0,0,0,0
2021,"Barnet 026","E02000049",1,0,0,0,0,0,0,0,0,0,0,0,0,0,0,0,0,0,0,0,0,0,0,0,0,0,0,0,0,0,0,0,1
2021,"Barnet 027","E02000050",26,13,0,0,0,0,0,0,0,0,0,0,0,13,0,13,0,0,0,0,11,0,0,0,0,0,11,0,0,0,0,0,2
2021,"Barnet 028","E02000051",46,0,0,0,0,0,0,0,0,0,0,0,0,0,0,0,0,0,0,0,46,0,0,0,0,0,0,44,0,0,0,2,0
2021,"Barnet 029","E02000052",0,0,0,0,0,0,0,0,0,0,0,0,0,0,0,0,0,0,0,0,0,0,0,0,0,0,0,0,0,0,0,0,0
2021,"Barnet 031","E02000054",37,37,0,0,0,0,0,0,0,0,0,0,0,37,7,30,0,0,0,0,0,0,0,0,0,0,0,0,0,0,0,0,0
2021,"Barnet 032","E02000055",109,22,0,0,0,0,0,0,0,0,0,0,0,22,0,22,0,0,0,0,87,0,0,0,0,87,0,0,0,0,0,0,0
2021,"Barnet 033","E02000056",79,79,0,0,0,0,0,0,0,0,0,0,0,79,0,79,0,0,0,0,0,0,0,0,0,0,0,0,0,0,0,0,0
2021,"Barnet 034","E02000057",47,45,0,0,0,0,0,0,0,0,0,0,0,45,45,0,0,0,0,0,2,0,0,0,0,0,2,0,0,0,0,0,0
2021,"Barnet 035","E02000058",5,0,0,0,0,0,0,0,0,0,0,0,0,0,0,0,0,0,0,0,3,0,0,0,0,0,0,0,0,0,0,3,2
2021,"Barnet 036","E02000059",5,5,0,0,0,0,0,0,0,0,0,0,0,5,5,0,0,0,0,0,0,0,0,0,0,0,0,0,0,0,0,0,0
2021,"Barnet 037","E02000060",139,138,0,0,0,0,0,0,0,0,0,0,0,138,13,125,0,0,0,0,1,0,0,0,0,0,1,0,0,0,0,0,0
2021,"Barnet 038","E02000061",118,112,0,0,0,0,0,0,0,0,0,0,0,112,112,0,0,0,0,0,2,0,0,0,0,0,2,0,0,0,0,0,4
2021,"Barnet 039","E02000062",21,0,0,0,0,0,0,0,0,0,0,0,0,0,0,0,0,0,0,0,21,0,0,0,0,0,6,15,0,0,0,0,0
2021,"Barnet 040","E02000063",73,65,0,0,0,0,0,0,0,0,0,0,0,65,65,0,0,0,0,0,3,0,0,0,0,0,0,3,0,0,0,0,5
2021,"Barnet 041","E02000064",81,1,0,0,0,0,0,0,0,0,0,0,0,1,1,0,0,0,0,0,78,0,0,0,0,74,4,0,0,0,0,0,2
2021,"Bexley 001","E02000065",49,46,0,0,0,0,0,0,0,0,0,0,0,46,46,0,0,0,0,0,0,0,0,0,0,0,0,0,0,0,0,0,3
2021,"Bexley 002","E02000066",44,44,0,0,0,0,0,0,0,0,0,0,0,44,0,44,0,0,0,0,0,0,0,0,0,0,0,0,0,0,0,0,0
2021,"Bexley 003","E02000067",7,1,0,0,0,0,0,0,0,0,0,0,0,1,0,0,1,0,0,0,4,0,0,0,0,0,0,0,0,0,0,4,2
2021,"Bexley 004","E02000068",11,9,0,0,0,0,0,0,0,0,0,0,0,9,0,9,0,0,0,0,0,0,0,0,0,0,0,0,0,0,0,0,2
2021,"Bexley 005","E02000069",28,21,0,0,0,0,0,0,0,0,0,0,0,21,21,0,0,0,0,0,6,0,0,0,0,0,0,0,0,0,6,0,1
2021,"Bexley 006","E02000070",0,0,0,0,0,0,0,0,0,0,0,0,0,0,0,0,0,0,0,0,0,0,0,0,0,0,0,0,0,0,0,0,0
2021,"Bexley 007","E02000071",7,7,0,0,0,0,0,0,0,0,0,0,0,7,0,7,0,0,0,0,0,0,0,0,0,0,0,0,0,0,0,0,0
2021,"Bexley 008","E02000072",4,0,0,0,0,0,0,0,0,0,0,0,0,0,0,0,0,0,0,0,0,0,0,0,0,0,0,0,0,0,0,0,4
2021,"Bexley 009","E02000073",0,0,0,0,0,0,0,0,0,0,0,0,0,0,0,0,0,0,0,0,0,0,0,0,0,0,0,0,0,0,0,0,0
2021,"Bexley 010","E02000074",28,24,0,0,0,0,0,0,0,0,0,0,0,24,0,24,0,0,0,0,0,0,0,0,0,0,0,0,0,0,0,0,4
2021,"Bexley 011","E02000075",0,0,0,0,0,0,0,0,0,0,0,0,0,0,0,0,0,0,0,0,0,0,0,0,0,0,0,0,0,0,0,0,0
2021,"Bexley 013","E02000077",73,73,0,0,0,0,0,0,0,0,0,0,0,73,0,73,0,0,0,0,0,0,0,0,0,0,0,0,0,0,0,0,0
2021,"Bexley 014","E02000078",53,53,0,0,0,0,0,0,0,0,0,0,0,53,53,0,0,0,0,0,0,0,0,0,0,0,0,0,0,0,0,0,0
2021,"Bexley 015","E02000079",188,182,0,0,0,0,0,0,0,0,0,0,0,182,131,51,0,0,0,0,4,0,0,0,0,0,3,0,0,0,0,1,2
2021,"Bexley 016","E02000080",0,0,0,0,0,0,0,0,0,0,0,0,0,0,0,0,0,0,0,0,0,0,0,0,0,0,0,0,0,0,0,0,0
2021,"Bexley 017","E02000081",49,49,0,0,0,0,0,0,0,0,0,0,0,49,0,49,0,0,0,0,0,0,0,0,0,0,0,0,0,0,0,0,0
2021,"Bexley 018","E02000082",0,0,0,0,0,0,0,0,0,0,0,0,0,0,0,0,0,0,0,0,0,0,0,0,0,0,0,0,0,0,0,0,0
2021,"Bexley 019","E02000083",22,18,0,0,0,0,0,0,0,0,0,0,0,18,0,18,0,0,0,0,0,0,0,0,0,0,0,0,0,0,0,0,4
2021,"Bexley 020","E02000084",0,0,0,0,0,0,0,0,0,0,0,0,0,0,0,0,0,0,0,0,0,0,0,0,0,0,0,0,0,0,0,0,0
2021,"Bexley 021","E02000085",1,0,0,0,0,0,0,0,0,0,0,0,0,0,0,0,0,0,0,0,1,0,0,0,0,0,0,0,0,0,0,1,0
2021,"Bexley 022","E02000086",4,4,0,0,0,0,0,0,0,0,0,0,0,4,0,4,0,0,0,0,0,0,0,0,0,0,0,0,0,0,0,0,0
2021,"Bexley 023","E02000087",10,10,0,0,0,0,0,0,0,0,0,0,0,10,9,0,0,0,0,1,0,0,0,0,0,0,0,0,0,0,0,0,0
2021,"Bexley 024","E02000088",0,0,0,0,0,0,0,0,0,0,0,0,0,0,0,0,0,0,0,0,0,0,0,0,0,0,0,0,0,0,0,0,0
2021,"Bexley 025","E02000089",126,126,0,0,0,0,17,0,0,17,0,0,0,109,9,100,0,0,0,0,0,0,0,0,0,0,0,0,0,0,0,0,0
2021,"Bexley 026","E02000090",381,214,0,0,0,0,0,0,0,0,0,0,0,214,181,33,0,0,0,0,167,0,0,0,0,167,0,0,0,0,0,0,0
2021,"Bexley 027","E02000091",70,66,7,0,7,0,0,0,0,0,0,0,0,59,0,54,5,0,0,0,0,0,0,0,0,0,0,0,0,0,0,0,4
2021,"Bexley 028","E02000092",50,50,0,0,0,0,0,0,0,0,0,0,0,50,35,15,0,0,0,0,0,0,0,0,0,0,0,0,0,0,0,0,0
2021,"Brent 001","E02000093",54,47,35,0,35,0,0,0,0,0,0,0,0,12,0,5,0,0,7,0,0,0,0,0,0,0,0,0,0,0,0,0,7
2021,"Brent 002","E02000094",67,62,0,0,0,0,0,0,0,0,0,0,0,62,62,0,0,0,0,0,0,0,0,0,0,0,0,0,0,0,0,0,5
2021,"Brent 003","E02000095",0,0,0,0,0,0,0,0,0,0,0,0,0,0,0,0,0,0,0,0,0,0,0,0,0,0,0,0,0,0,0,0,0
2021,"Brent 004","E02000096",47,47,0,0,0,0,0,0,0,0,0,0,0,47,0,47,0,0,0,0,0,0,0,0,0,0,0,0,0,0,0,0,0
2021,"Brent 005","E02000097",0,0,0,0,0,0,0,0,0,0,0,0,0,0,0,0,0,0,0,0,0,0,0,0,0,0,0,0,0,0,0,0,0
2021,"Brent 006","E02000098",123,117,0,0,0,0,0,0,0,0,0,0,0,117,109,8,0,0,0,0,0,0,0,0,0,0,0,0,0,0,0,0,6
2021,"Brent 007","E02000099",5,5,0,0,0,0,0,0,0,0,0,0,0,5,0,5,0,0,0,0,0,0,0,0,0,0,0,0,0,0,0,0,0
2021,"Brent 008","E02000100",381,28,0,0,0,0,0,0,0,0,0,0,0,28,28,0,0,0,0,0,336,0,0,0,0,333,0,0,0,0,0,3,17
2021,"Brent 009","E02000101",194,172,0,0,0,0,4,0,0,4,0,14,14,154,104,50,0,0,0,0,20,0,0,0,0,0,0,0,0,0,0,20,2
2021,"Brent 010","E02000102",9,9,0,0,0,0,0,0,0,0,0,0,0,9,0,9,0,0,0,0,0,0,0,0,0,0,0,0,0,0,0,0,0
2021,"Brent 011","E02000103",166,0,0,0,0,0,0,0,0,0,0,0,0,0,0,0,0,0,0,0,155,0,0,0,0,0,0,0,0,0,0,155,11
2021,"Brent 012","E02000104",112,98,0,0,0,0,0,0,0,0,0,0,0,98,35,63,0,0,0,0,9,0,0,0,0,0,0,9,0,0,0,0,5
2021,"Brent 013","E02000105",48,43,0,0,0,0,0,0,0,0,0,0,0,43,0,43,0,0,0,0,0,0,0,0,0,0,0,0,0,0,0,0,5
2021,"Brent 014","E02000106",12,10,0,0,0,0,0,0,0,0,0,0,0,10,0,10,0,0,0,0,0,0,0,0,0,0,0,0,0,0,0,0,2
2021,"Brent 015","E02000107",15,0,0,0,0,0,0,0,0,0,0,0,0,0,0,0,0,0,0,0,15,0,0,3,0,0,0,0,0,0,0,12,0
2021,"Brent 016","E02000108",29,19,0,0,0,0,0,0,0,0,0,0,0,19,0,19,0,0,0,0,10,0,0,0,0,0,0,10,0,0,0,0,0
2021,"Brent 018","E02000110",11,6,0,0,0,0,6,0,0,6,0,0,0,0,0,0,0,0,0,0,4,0,0,0,0,0,4,0,0,0,0,0,1
2021,"Brent 019","E02000111",127,71,0,0,0,0,0,0,0,0,0,0,0,71,56,15,0,0,0,0,51,0,0,0,0,0,49,0,0,0,0,2,5
2021,"Brent 020","E02000112",90,74,0,0,0,0,0,0,0,0,0,0,0,74,74,0,0,0,0,0,4,0,0,0,0,0,0,0,0,4,0,0,12
2021,"Brent 021","E02000113",1,0,0,0,0,0,0,0,0,0,0,0,0,0,0,0,0,0,0,0,0,0,0,0,0,0,0,0,0,0,0,0,1
2021,"Brent 022","E02000114",1,1,0,0,0,0,0,0,0,0,0,0,0,1,0,1,0,0,0,0,0,0,0,0,0,0,0,0,0,0,0,0,0
2021,"Brent 023","E02000115",120,45,0,0,0,0,0,0,0,0,0,0,0,45,0,45,0,0,0,0,63,0,0,0,0,0,3,0,0,0,11,49,12
2021,"Brent 024","E02000116",35,8,0,0,0,0,0,0,0,0,0,0,0,8,8,0,0,0,0,0,19,0,0,0,0,0,0,19,0,0,0,0,8
2021,"Brent 025","E02000117",49,49,0,0,0,0,0,0,0,0,0,0,0,49,40,3,6,0,0,0,0,0,0,0,0,0,0,0,0,0,0,0,0
2021,"Brent 026","E02000118",2,0,0,0,0,0,0,0,0,0,0,0,0,0,0,0,0,0,0,0,0,0,0,0,0,0,0,0,0,0,0,0,2
2021,"Brent 027","E02000119",189,128,19,2,17,0,0,0,0,0,0,0,0,109,109,0,0,0,0,0,60,0,0,0,0,0,0,44,0,0,0,16,1
2021,"Brent 028","E02000120",0,0,0,0,0,0,0,0,0,0,0,0,0,0,0,0,0,0,0,0,0,0,0,0,0,0,0,0,0,0,0,0,0
2021,"Brent 029","E02000121",2,0,0,0,0,0,0,0,0,0,0,0,0,0,0,0,0,0,0,0,0,0,0,0,0,0,0,0,0,0,0,0,2
2021,"Brent 030","E02000122",13,11,0,0,0,0,0,0,0,0,0,0,0,11,0,11,0,0,0,0,0,0,0,0,0,0,0,0,0,0,0,0,2
2021,"Brent 031","E02000123",12,0,0,0,0,0,0,0,0,0,0,0,0,0,0,0,0,0,0,0,11,0,0,0,0,0,11,0,0,0,0,0,1
2021,"Brent 032","E02000124",15,0,0,0,0,0,0,0,0,0,0,0,0,0,0,0,0,0,0,0,1,0,0,0,0,0,0,0,0,0,0,1,14
2021,"Brent 033","E02000125",0,0,0,0,0,0,0,0,0,0,0,0,0,0,0,0,0,0,0,0,0,0,0,0,0,0,0,0,0,0,0,0,0
2021,"Brent 034","E02000126",46,44,0,0,0,0,0,0,0,0,0,0,0,44,0,44,0,0,0,0,0,0,0,0,0,0,0,0,0,0,0,0,2
2021,"Bromley 001","E02000127",28,26,0,0,0,0,0,0,0,0,0,0,0,26,0,26,0,0,0,0,0,0,0,0,0,0,0,0,0,0,0,0,2
2021,"Bromley 002","E02000128",195,47,0,0,0,0,0,0,0,0,0,0,0,47,35,12,0,0,0,0,148,0,0,0,0,148,0,0,0,0,0,0,0
2021,"Bromley 004","E02000130",8,6,0,0,0,0,0,0,0,0,0,0,0,6,0,0,0,0,0,6,0,0,0,0,0,0,0,0,0,0,0,0,2
2021,"Bromley 005","E02000131",0,0,0,0,0,0,0,0,0,0,0,0,0,0,0,0,0,0,0,0,0,0,0,0,0,0,0,0,0,0,0,0,0
2021,"Bromley 006","E02000132",45,28,0,0,0,0,0,0,0,0,0,0,0,28,28,0,0,0,0,0,14,0,0,11,0,0,1,0,0,0,0,2,3
2021,"Bromley 007","E02000133",105,87,0,0,0,0,0,0,0,0,0,0,0,87,49,38,0,0,0,0,18,0,0,0,0,0,0,18,0,0,0,0,0
2021,"Bromley 008","E02000134",80,60,0,0,0,0,0,0,0,0,0,0,0,60,44,13,3,0,0,0,20,0,0,0,0,0,20,0,0,0,0,0,0
2021,"Bromley 009","E02000135",159,151,0,0,0,0,0,0,0,0,0,0,0,151,49,102,0,0,0,0,0,0,0,0,0,0,0,0,0,0,0,0,8
2021,"Bromley 010","E02000136",150,107,0,0,0,0,0,0,0,0,0,43,43,64,56,0,8,0,0,0,43,0,0,0,0,43,0,0,0,0,0,0,0
2021,"Bromley 011","E02000137",128,128,0,0,0,0,0,0,0,0,0,0,0,128,114,14,0,0,0,0,0,0,0,0,0,0,0,0,0,0,0,0,0
2021,"Bromley 012","E02000138",7,7,0,0,0,0,0,0,0,0,0,0,0,7,0,7,0,0,0,0,0,0,0,0,0,0,0,0,0,0,0,0,0
2021,"Bromley 013","E02000139",81,21,0,0,0,0,0,0,0,0,0,0,0,21,0,21,0,0,0,0,50,0,0,0,0,50,0,0,0,0,0,0,10
2021,"Bromley 014","E02000140",18,18,0,0,0,0,0,0,0,0,0,0,0,18,18,0,0,0,0,0,0,0,0,0,0,0,0,0,0,0,0,0,0
2021,"Bromley 015","E02000141",28,26,0,0,0,0,0,0,0,0,0,0,0,26,18,8,0,0,0,0,0,0,0,0,0,0,0,0,0,0,0,0,2
2021,"Bromley 016","E02000142",134,134,0,0,0,0,0,0,0,0,0,0,0,134,94,40,0,0,0,0,0,0,0,0,0,0,0,0,0,0,0,0,0
2021,"Bromley 018","E02000144",36,7,0,0,0,0,0,0,0,0,0,0,0,7,0,0,0,7,0,0,29,0,0,0,0,0,29,0,0,0,0,0,0
2021,"Bromley 019","E02000145",4,0,0,0,0,0,0,0,0,0,0,0,0,0,0,0,0,0,0,0,4,0,0,0,0,0,4,0,0,0,0,0,0
2021,"Bromley 020","E02000146",163,163,0,0,0,0,0,0,0,0,0,0,0,163,104,59,0,0,0,0,0,0,0,0,0,0,0,0,0,0,0,0,0
2021,"Bromley 021","E02000147",0,0,0,0,0,0,0,0,0,0,0,0,0,0,0,0,0,0,0,0,0,0,0,0,0,0,0,0,0,0,0,0,0
2021,"Bromley 022","E02000148",2,0,0,0,0,0,0,0,0,0,0,0,0,0,0,0,0,0,0,0,2,0,0,0,0,0,0,0,0,0,0,2,0
2021,"Bromley 023","E02000149",0,0,0,0,0,0,0,0,0,0,0,0,0,0,0,0,0,0,0,0,0,0,0,0,0,0,0,0,0,0,0,0,0
2021,"Bromley 024","E02000150",97,96,96,0,96,0,0,0,0,0,0,0,0,0,0,0,0,0,0,0,0,0,0,0,0,0,0,0,0,0,0,0,1
2021,"Bromley 025","E02000151",0,0,0,0,0,0,0,0,0,0,0,0,0,0,0,0,0,0,0,0,0,0,0,0,0,0,0,0,0,0,0,0,0
2021,"Bromley 026","E02000152",10,10,0,0,0,0,0,0,0,0,0,0,0,10,0,10,0,0,0,0,0,0,0,0,0,0,0,0,0,0,0,0,0
2021,"Bromley 027","E02000153",0,0,0,0,0,0,0,0,0,0,0,0,0,0,0,0,0,0,0,0,0,0,0,0,0,0,0,0,0,0,0,0,0
2021,"Bromley 028","E02000154",3,3,0,0,0,0,0,0,0,0,0,0,0,3,3,0,0,0,0,0,0,0,0,0,0,0,0,0,0,0,0,0,0
2021,"Bromley 029","E02000155",0,0,0,0,0,0,0,0,0,0,0,0,0,0,0,0,0,0,0,0,0,0,0,0,0,0,0,0,0,0,0,0,0
2021,"Bromley 030","E02000156",56,56,0,0,0,0,0,0,0,0,0,0,0,56,38,18,0,0,0,0,0,0,0,0,0,0,0,0,0,0,0,0,0
2021,"Bromley 031","E02000157",0,0,0,0,0,0,0,0,0,0,0,0,0,0,0,0,0,0,0,0,0,0,0,0,0,0,0,0,0,0,0,0,0
2021,"Bromley 032","E02000158",0,0,0,0,0,0,0,0,0,0,0,0,0,0,0,0,0,0,0,0,0,0,0,0,0,0,0,0,0,0,0,0,0
2021,"Bromley 033","E02000159",0,0,0,0,0,0,0,0,0,0,0,0,0,0,0,0,0,0,0,0,0,0,0,0,0,0,0,0,0,0,0,0,0
2021,"Bromley 034","E02000160",77,62,0,0,0,0,0,0,0,0,0,0,0,62,58,0,0,4,0,0,15,0,0,0,0,0,0,0,0,0,15,0,0
2021,"Bromley 035","E02000161",50,47,0,0,0,0,0,0,0,0,0,0,0,47,0,47,0,0,0,0,0,0,0,0,0,0,0,0,0,0,0,0,3
2021,"Bromley 036","E02000162",73,73,21,0,21,0,0,0,0,0,0,0,0,52,52,0,0,0,0,0,0,0,0,0,0,0,0,0,0,0,0,0,0
2021,"Bromley 037","E02000163",0,0,0,0,0,0,0,0,0,0,0,0,0,0,0,0,0,0,0,0,0,0,0,0,0,0,0,0,0,0,0,0,0
2021,"Bromley 039","E02000165",0,0,0,0,0,0,0,0,0,0,0,0,0,0,0,0,0,0,0,0,0,0,0,0,0,0,0,0,0,0,0,0,0
2021,"Camden 001","E02000166",36,1,1,0,1,0,0,0,0,0,0,0,0,0,0,0,0,0,0,0,0,0,0,0,0,0,0,0,0,0,0,0,35
2021,"Camden 002","E02000167",10,8,0,0,0,0,0,0,0,0,0,0,0,8,0,0,0,0,6,2,0,0,0,0,0,0,0,0,0,0,0,0,2
2021,"Camden 003","E02000168",78,74,0,0,0,0,42,0,42,0,0,32,32,0,0,0,0,0,0,0,2,0,0,0,0,0,0,2,0,0,0,0,2
2021,"Camden 004","E02000169",12,1,0,0,0,0,0,0,0,0,0,0,0,1,0,1,0,0,0,0,11,0,0,0,0,0,0,0,0,0,11,0,0
2021,"Camden 005","E02000170",32,27,0,0,0,0,0,0,0,0,0,0,0,27,0,27,0,0,0,0,0,0,0,0,0,0,0,0,0,0,0,0,5
2021,"Camden 006","E02000171",30,0,0,0,0,0,0,0,0,0,0,0,0,0,0,0,0,0,0,0,30,0,0,0,0,0,0,0,0,0,18,12,0
2021,"Camden 007","E02000172",422,51,0,0,0,0,51,0,51,0,0,0,0,0,0,0,0,0,0,0,371,0,0,0,0,371,0,0,0,0,0,0,0
2021,"Camden 008","E02000173",53,5,1,1,0,0,0,0,0,0,0,0,0,4,0,0,0,0,0,4,48,0,0,0,0,45,3,0,0,0,0,0,0
2021,"Camden 009","E02000174",27,0,0,0,0,0,0,0,0,0,0,0,0,0,0,0,0,0,0,0,27,0,0,0,0,27,0,0,0,0,0,0,0
2021,"Camden 010","E02000175",165,0,0,0,0,0,0,0,0,0,0,0,0,0,0,0,0,0,0,0,165,0,0,0,0,165,0,0,0,0,0,0,0
2021,"Camden 011","E02000176",59,0,0,0,0,0,0,0,0,0,0,0,0,0,0,0,0,0,0,0,55,0,0,0,0,0,0,55,0,0,0,0,4
2021,"Camden 012","E02000177",89,52,0,0,0,0,0,0,0,0,0,52,52,0,0,0,0,0,0,0,30,0,0,0,0,30,0,0,0,0,0,0,7
2021,"Camden 013","E02000178",61,7,0,0,0,0,0,0,0,0,0,0,0,7,0,0,7,0,0,0,52,0,0,0,0,52,0,0,0,0,0,0,2
2021,"Camden 014","E02000179",31,23,0,0,0,0,0,0,0,0,0,0,0,23,0,23,0,0,0,0,2,0,0,0,0,0,2,0,0,0,0,0,6
2021,"Camden 015","E02000180",45,39,19,0,19,0,0,0,0,0,0,0,0,20,0,20,0,0,0,0,1,0,0,0,0,0,0,0,0,0,0,1,5
2021,"Camden 016","E02000181",10,0,0,0,0,0,0,0,0,0,0,0,0,0,0,0,0,0,0,0,10,0,0,0,0,0,1,0,0,0,9,0,0
2021,"Camden 017","E02000182",27,27,0,0,0,0,0,0,0,0,0,27,27,0,0,0,0,0,0,0,0,0,0,0,0,0,0,0,0,0,0,0,0
2021,"Camden 018","E02000183",24,0,0,0,0,0,0,0,0,0,0,0,0,0,0,0,0,0,0,0,19,0,0,0,0,0,0,0,0,0,0,19,5
2021,"Camden 019","E02000184",692,34,34,0,34,0,0,0,0,0,0,0,0,0,0,0,0,0,0,0,645,0,0,0,0,645,0,0,0,0,0,0,13
2021,"Camden 020","E02000185",2,0,0,0,0,0,0,0,0,0,0,0,0,0,0,0,0,0,0,0,0,0,0,0,0,0,0,0,0,0,0,0,2
2021,"Camden 021","E02000186",168,1,0,0,0,0,0,0,0,0,0,0,0,1,0,0,1,0,0,0,161,60,0,20,0,68,2,11,0,0,0,0,6
2021,"Camden 022","E02000187",545,0,0,0,0,0,0,0,0,0,0,0,0,0,0,0,0,0,0,0,540,0,0,0,0,533,0,0,0,0,7,0,5
2021,"Camden 023","E02000188",346,0,0,0,0,0,0,0,0,0,0,0,0,0,0,0,0,0,0,0,346,0,0,0,0,344,0,2,0,0,0,0,0
2021,"Camden 026","E02000191",1546,1,0,0,0,0,0,0,0,0,0,0,0,1,1,0,0,0,0,0,1488,0,0,0,0,1305,0,17,0,0,0,166,57
2021,"Camden 027","E02000192",96,2,2,0,0,2,0,0,0,0,0,0,0,0,0,0,0,0,0,0,91,0,0,0,0,18,48,23,0,0,0,2,3
2021,"Camden 028","E02000193",449,1,1,0,0,1,0,0,0,0,0,0,0,0,0,0,0,0,0,0,443,0,0,0,0,383,22,0,0,0,0,38,5
2021,"Croydon 001","E02000194",156,82,0,0,0,0,0,0,0,0,0,0,0,82,73,0,0,9,0,0,71,0,0,0,0,0,16,55,0,0,0,0,3
2021,"Croydon 002","E02000195",37,37,0,0,0,0,0,0,0,0,0,0,0,37,37,0,0,0,0,0,0,0,0,0,0,0,0,0,0,0,0,0,0
2021,"Croydon 003","E02000196",86,67,0,0,0,0,0,0,0,0,0,0,0,67,0,67,0,0,0,0,15,0,0,0,0,0,6,0,0,0,0,9,4
2021,"Croydon 004","E02000197",21,19,0,0,0,0,0,0,0,0,0,0,0,19,0,19,0,0,0,0,0,0,0,0,0,0,0,0,0,0,0,0,2
2021,"Croydon 005","E02000198",42,41,0,0,0,0,0,0,0,0,0,0,0,41,0,29,0,0,0,12,0,0,0,0,0,0,0,0,0,0,0,0,1
2021,"Croydon 006","E02000199",12,0,0,0,0,0,0,0,0,0,0,0,0,0,0,0,0,0,0,0,12,0,0,0,0,12,0,0,0,0,0,0,0
2021,"Croydon 007","E02000200",128,127,0,0,0,0,0,0,0,0,0,0,0,127,85,42,0,0,0,0,0,0,0,0,0,0,0,0,0,0,0,0,1
2021,"Croydon 008","E02000201",13,12,0,0,0,0,0,0,0,0,0,0,0,12,0,12,0,0,0,0,0,0,0,0,0,0,0,0,0,0,0,0,1
2021,"Croydon 009","E02000202",86,82,0,0,0,0,8,0,0,8,0,0,0,74,0,74,0,0,0,0,0,0,0,0,0,0,0,0,0,0,0,0,4
2021,"Croydon 010","E02000203",113,83,0,0,0,0,0,0,0,0,0,0,0,83,52,31,0,0,0,0,17,0,0,0,0,0,1,14,0,0,0,2,13
2021,"Croydon 011","E02000204",55,10,0,0,0,0,4,0,0,4,0,0,0,6,0,6,0,0,0,0,42,0,0,0,0,0,0,42,0,0,0,0,3
2021,"Croydon 013","E02000206",142,134,0,0,0,0,45,0,45,0,0,0,0,89,87,0,2,0,0,0,0,0,0,0,0,0,0,0,0,0,0,0,8
2021,"Croydon 014","E02000207",12,12,0,0,0,0,0,0,0,0,0,0,0,12,0,12,0,0,0,0,0,0,0,0,0,0,0,0,0,0,0,0,0
2021,"Croydon 015","E02000208",119,107,31,31,0,0,0,0,0,0,0,0,0,76,0,46,0,30,0,0,12,0,0,0,0,0,2,0,0,0,0,10,0
2021,"Croydon 016","E02000209",6,6,0,0,0,0,0,0,0,0,0,0,0,6,0,6,0,0,0,0,0,0,0,0,0,0,0,0,0,0,0,0,0
2021,"Croydon 017","E02000210",11,0,0,0,0,0,0,0,0,0,0,0,0,0,0,0,0,0,0,0,6,0,0,0,0,0,0,6,0,0,0,0,5
2021,"Croydon 018","E02000211",4,0,0,0,0,0,0,0,0,0,0,0,0,0,0,0,0,0,0,0,0,0,0,0,0,0,0,0,0,0,0,0,4
2021,"Croydon 019","E02000212",69,0,0,0,0,0,0,0,0,0,0,0,0,0,0,0,0,0,0,0,67,0,0,0,0,0,0,67,0,0,0,0,2
2021,"Croydon 020","E02000213",102,34,0,0,0,0,0,0,0,0,0,0,0,34,0,29,5,0,0,0,59,0,0,0,0,0,0,59,0,0,0,0,9
2021,"Croydon 021","E02000214",0,0,0,0,0,0,0,0,0,0,0,0,0,0,0,0,0,0,0,0,0,0,0,0,0,0,0,0,0,0,0,0,0
2021,"Croydon 022","E02000215",114,93,0,0,0,0,6,0,0,6,0,0,0,87,87,0,0,0,0,0,21,0,0,0,0,0,19,1,0,0,0,1,0
2021,"Croydon 023","E02000216",84,69,0,0,0,0,0,0,0,0,0,0,0,69,50,19,0,0,0,0,15,0,0,0,0,15,0,0,0,0,0,0,0
2021,"Croydon 024","E02000217",4,0,0,0,0,0,0,0,0,0,0,0,0,0,0,0,0,0,0,0,4,0,0,0,0,0,4,0,0,0,0,0,0
2021,"Croydon 025","E02000218",2,0,0,0,0,0,0,0,0,0,0,0,0,0,0,0,0,0,0,0,0,0,0,0,0,0,0,0,0,0,0,0,2
2021,"Croydon 026","E02000219",86,85,0,0,0,0,2,0,0,2,0,0,0,83,0,83,0,0,0,0,0,0,0,0,0,0,0,0,0,0,0,0,1
2021,"Croydon 028","E02000221",203,161,0,0,0,0,0,0,0,0,0,0,0,161,139,22,0,0,0,0,41,0,0,0,0,37,4,0,0,0,0,0,1
2021,"Croydon 029","E02000222",74,69,0,0,0,0,10,0,0,10,0,0,0,59,21,38,0,0,0,0,1,0,0,0,0,0,1,0,0,0,0,0,4
2021,"Croydon 030","E02000223",0,0,0,0,0,0,0,0,0,0,0,0,0,0,0,0,0,0,0,0,0,0,0,0,0,0,0,0,0,0,0,0,0
2021,"Croydon 031","E02000224",64,36,8,0,0,8,0,0,0,0,0,0,0,28,8,16,0,4,0,0,26,0,0,0,0,0,0,26,0,0,0,0,2
2021,"Croydon 032","E02000225",1,0,0,0,0,0,0,0,0,0,0,0,0,0,0,0,0,0,0,0,0,0,0,0,0,0,0,0,0,0,0,0,1
2021,"Croydon 033","E02000226",175,25,0,0,0,0,25,0,0,25,0,0,0,0,0,0,0,0,0,0,150,0,0,0,0,150,0,0,0,0,0,0,0
2021,"Croydon 034","E02000227",0,0,0,0,0,0,0,0,0,0,0,0,0,0,0,0,0,0,0,0,0,0,0,0,0,0,0,0,0,0,0,0,0
2021,"Croydon 035","E02000228",92,92,0,0,0,0,0,0,0,0,0,0,0,92,52,40,0,0,0,0,0,0,0,0,0,0,0,0,0,0,0,0,0
2021,"Croydon 036","E02000229",72,72,0,0,0,0,56,0,56,0,0,0,0,16,16,0,0,0,0,0,0,0,0,0,0,0,0,0,0,0,0,0,0
2021,"Croydon 037","E02000230",270,270,0,0,0,0,0,0,0,0,0,0,0,270,104,166,0,0,0,0,0,0,0,0,0,0,0,0,0,0,0,0,0
2021,"Croydon 038","E02000231",221,215,0,0,0,0,0,0,0,0,0,0,0,215,126,89,0,0,0,0,6,0,0,0,0,0,6,0,0,0,0,0,0
2021,"Croydon 039","E02000232",16,10,0,0,0,0,0,0,0,0,0,0,0,10,0,10,0,0,0,0,3,0,0,0,0,0,3,0,0,0,0,0,3
2021,"Croydon 040","E02000233",125,124,0,0,0,0,0,0,0,0,0,0,0,124,88,36,0,0,0,0,0,0,0,0,0,0,0,0,0,0,0,0,1
2021,"Croydon 041","E02000234",107,107,0,0,0,0,0,0,0,0,0,0,0,107,58,49,0,0,0,0,0,0,0,0,0,0,0,0,0,0,0,0,0
2021,"Croydon 042","E02000235",88,88,0,0,0,0,0,0,0,0,0,0,0,88,0,88,0,0,0,0,0,0,0,0,0,0,0,0,0,0,0,0,0
2021,"Croydon 043","E02000236",28,28,0,0,0,0,0,0,0,0,0,0,0,28,0,28,0,0,0,0,0,0,0,0,0,0,0,0,0,0,0,0,0
2021,"Croydon 044","E02000237",12,12,0,0,0,0,0,0,0,0,0,0,0,12,0,12,0,0,0,0,0,0,0,0,0,0,0,0,0,0,0,0,0
2021,"Ealing 001","E02000238",0,0,0,0,0,0,0,0,0,0,0,0,0,0,0,0,0,0,0,0,0,0,0,0,0,0,0,0,0,0,0,0,0
2021,"Ealing 002","E02000239",0,0,0,0,0,0,0,0,0,0,0,0,0,0,0,0,0,0,0,0,0,0,0,0,0,0,0,0,0,0,0,0,0
2021,"Ealing 003","E02000240",23,0,0,0,0,0,0,0,0,0,0,0,0,0,0,0,0,0,0,0,23,0,0,0,0,0,0,23,0,0,0,0,0
2021,"Ealing 004","E02000241",0,0,0,0,0,0,0,0,0,0,0,0,0,0,0,0,0,0,0,0,0,0,0,0,0,0,0,0,0,0,0,0,0
2021,"Ealing 005","E02000242",0,0,0,0,0,0,0,0,0,0,0,0,0,0,0,0,0,0,0,0,0,0,0,0,0,0,0,0,0,0,0,0,0
2021,"Ealing 006","E02000243",63,63,0,0,0,0,0,0,0,0,0,0,0,63,0,63,0,0,0,0,0,0,0,0,0,0,0,0,0,0,0,0,0
2021,"Ealing 007","E02000244",4,0,0,0,0,0,0,0,0,0,0,0,0,0,0,0,0,0,0,0,0,0,0,0,0,0,0,0,0,0,0,0,4
2021,"Ealing 008","E02000245",9,0,0,0,0,0,0,0,0,0,0,0,0,0,0,0,0,0,0,0,9,0,0,0,0,0,0,9,0,0,0,0,0
2021,"Ealing 009","E02000246",12,0,0,0,0,0,0,0,0,0,0,0,0,0,0,0,0,0,0,0,7,0,0,0,0,0,0,0,0,0,0,7,5
2021,"Ealing 010","E02000247",180,176,0,0,0,0,57,0,57,0,0,0,0,119,119,0,0,0,0,0,0,0,0,0,0,0,0,0,0,0,0,0,4
2021,"Ealing 011","E02000248",0,0,0,0,0,0,0,0,0,0,0,0,0,0,0,0,0,0,0,0,0,0,0,0,0,0,0,0,0,0,0,0,0
2021,"Ealing 012","E02000249",59,57,0,0,0,0,0,0,0,0,0,0,0,57,51,0,6,0,0,0,0,0,0,0,0,0,0,0,0,0,0,0,2
2021,"Ealing 013","E02000250",69,50,0,0,0,0,0,0,0,0,0,0,0,50,50,0,0,0,0,0,0,0,0,0,0,0,0,0,0,0,0,0,19
2021,"Ealing 014","E02000251",10,10,0,0,0,0,0,0,0,0,0,0,0,10,0,10,0,0,0,0,0,0,0,0,0,0,0,0,0,0,0,0,0
2021,"Ealing 015","E02000252",1957,18,0,0,0,0,0,0,0,0,0,0,0,18,0,18,0,0,0,0,1939,0,0,0,0,1930,0,0,0,0,0,9,0
2021,"Ealing 016","E02000253",84,0,0,0,0,0,0,0,0,0,0,0,0,0,0,0,0,0,0,0,83,0,0,0,0,0,0,3,0,0,0,80,1
2021,"Ealing 017","E02000254",89,89,0,0,0,0,0,0,0,0,0,0,0,89,75,14,0,0,0,0,0,0,0,0,0,0,0,0,0,0,0,0,0
2021,"Ealing 018","E02000255",131,90,0,0,0,0,35,0,0,35,0,0,0,55,49,2,0,4,0,0,37,0,0,0,0,0,0,37,0,0,0,0,4
2021,"Ealing 019","E02000256",57,38,0,0,0,0,0,0,0,0,0,0,0,38,17,21,0,0,0,0,19,0,0,0,0,0,1,0,0,0,18,0,0
2021,"Ealing 021","E02000258",55,47,0,0,0,0,0,0,0,0,0,0,0,47,0,47,0,0,0,0,8,0,0,0,0,0,8,0,0,0,0,0,0
2021,"Ealing 022","E02000259",0,0,0,0,0,0,0,0,0,0,0,0,0,0,0,0,0,0,0,0,0,0,0,0,0,0,0,0,0,0,0,0,0
2021,"Ealing 023","E02000260",182,155,0,0,0,0,75,0,0,75,0,0,0,80,38,19,0,0,0,23,25,0,0,0,0,0,0,0,0,2,0,23,2
2021,"Ealing 024","E02000261",19,12,0,0,0,0,0,0,0,0,0,0,0,12,12,0,0,0,0,0,2,0,0,0,0,2,0,0,0,0,0,0,5
2021,"Ealing 025","E02000262",103,59,0,0,0,0,0,0,0,0,0,0,0,59,51,8,0,0,0,0,38,0,0,0,0,0,0,0,0,0,0,38,6
2021,"Ealing 026","E02000263",12,11,0,0,0,0,0,0,0,0,0,0,0,11,11,0,0,0,0,0,0,0,0,0,0,0,0,0,0,0,0,0,1
2021,"Ealing 027","E02000264",129,124,0,0,0,0,0,0,0,0,0,0,0,124,104,20,0,0,0,0,1,0,0,0,0,0,1,0,0,0,0,0,4
2021,"Ealing 028","E02000265",128,9,0,0,0,0,9,0,0,9,0,0,0,0,0,0,0,0,0,0,114,0,0,0,0,0,0,74,0,0,0,40,5
2021,"Ealing 029","E02000266",248,126,65,20,45,0,0,0,0,0,0,0,0,61,61,0,0,0,0,0,0,0,0,0,0,0,0,0,0,0,0,0,122
2021,"Ealing 030","E02000267",16,6,0,0,0,0,0,0,0,0,0,6,6,0,0,0,0,0,0,0,8,0,0,0,0,0,0,8,0,0,0,0,2
2021,"Ealing 031","E02000268",106,92,0,0,0,0,0,0,0,0,0,0,0,92,88,0,4,0,0,0,5,0,0,0,0,0,5,0,0,0,0,0,9
2021,"Ealing 032","E02000269",50,50,0,0,0,0,0,0,0,0,0,0,0,50,50,0,0,0,0,0,0,0,0,0,0,0,0,0,0,0,0,0,0
2021,"Ealing 033","E02000270",5,0,0,0,0,0,0,0,0,0,0,0,0,0,0,0,0,0,0,0,0,0,0,0,0,0,0,0,0,0,0,0,5
2021,"Ealing 034","E02000271",7,0,0,0,0,0,0,0,0,0,0,0,0,0,0,0,0,0,0,0,5,0,0,0,0,0,0,0,0,0,5,0,2
2021,"Ealing 035","E02000272",58,58,0,0,0,0,0,0,0,0,0,0,0,58,0,58,0,0,0,0,0,0,0,0,0,0,0,0,0,0,0,0,0
2021,"Ealing 038","E02000275",88,59,21,0,21,0,0,0,0,0,0,0,0,38,38,0,0,0,0,0,7,0,0,0,0,0,0,0,0,0,0,7,22
2021,"Ealing 039","E02000276",3,0,0,0,0,0,0,0,0,0,0,0,0,0,0,0,0,0,0,0,0,0,0,0,0,0,0,0,0,0,0,0,3
2021,"Enfield 001","E02000277",51,0,0,0,0,0,0,0,0,0,0,0,0,0,0,0,0,0,0,0,0,0,0,0,0,0,0,0,0,0,0,0,51
2021,"Enfield 002","E02000278",80,53,0,0,0,0,0,0,0,0,0,0,0,53,0,53,0,0,0,0,0,0,0,0,0,0,0,0,0,0,0,0,27
2021,"Enfield 003","E02000279",12,5,0,0,0,0,0,0,0,0,0,0,0,5,0,5,0,0,0,0,4,0,0,0,0,0,4,0,0,0,0,0,3
2021,"Enfield 004","E02000280",49,49,0,0,0,0,0,0,0,0,0,0,0,49,0,49,0,0,0,0,0,0,0,0,0,0,0,0,0,0,0,0,0
2021,"Enfield 005","E02000281",80,80,0,0,0,0,0,0,0,0,0,0,0,80,61,19,0,0,0,0,0,0,0,0,0,0,0,0,0,0,0,0,0
2021,"Enfield 006","E02000282",64,59,0,0,0,0,59,0,59,0,0,0,0,0,0,0,0,0,0,0,0,0,0,0,0,0,0,0,0,0,0,0,5
2021,"Enfield 007","E02000283",31,26,0,0,0,0,0,0,0,0,0,0,0,26,7,19,0,0,0,0,0,0,0,0,0,0,0,0,0,0,0,0,5
2021,"Enfield 008","E02000284",27,25,0,0,0,0,10,0,0,10,0,0,0,15,0,15,0,0,0,0,0,0,0,0,0,0,0,0,0,0,0,0,2
2021,"Enfield 009","E02000285",0,0,0,0,0,0,0,0,0,0,0,0,0,0,0,0,0,0,0,0,0,0,0,0,0,0,0,0,0,0,0,0,0
2021,"Enfield 010","E02000286",51,49,1,1,0,0,0,0,0,0,0,0,0,48,48,0,0,0,0,0,0,0,0,0,0,0,0,0,0,0,0,0,2
2021,"Enfield 011","E02000287",79,58,0,0,0,0,0,0,0,0,0,0,0,58,0,58,0,0,0,0,20,0,0,0,0,0,20,0,0,0,0,0,1
2021,"Enfield 012","E02000288",12,5,0,0,0,0,0,0,0,0,0,0,0,5,0,5,0,0,0,0,0,0,0,0,0,0,0,0,0,0,0,0,7
2021,"Enfield 013","E02000289",0,0,0,0,0,0,0,0,0,0,0,0,0,0,0,0,0,0,0,0,0,0,0,0,0,0,0,0,0,0,0,0,0
2021,"Enfield 014","E02000290",11,0,0,0,0,0,0,0,0,0,0,0,0,0,0,0,0,0,0,0,9,0,0,0,0,0,9,0,0,0,0,0,2
2021,"Enfield 015","E02000291",184,164,0,0,0,0,87,0,77,10,0,0,0,77,24,53,0,0,0,0,20,0,0,0,0,0,0,0,0,0,20,0,0
2021,"Enfield 016","E02000292",16,16,0,0,0,0,0,0,0,0,0,0,0,16,0,16,0,0,0,0,0,0,0,0,0,0,0,0,0,0,0,0,0
2021,"Enfield 017","E02000293",18,18,0,0,0,0,12,0,0,12,0,0,0,6,0,6,0,0,0,0,0,0,0,0,0,0,0,0,0,0,0,0,0
2021,"Enfield 018","E02000294",57,57,0,0,0,0,0,0,0,0,0,0,0,57,0,52,5,0,0,0,0,0,0,0,0,0,0,0,0,0,0,0,0
2021,"Enfield 019","E02000295",82,81,0,0,0,0,0,0,0,0,0,0,0,81,73,0,0,8,0,0,0,0,0,0,0,0,0,0,0,0,0,0,1
2021,"Enfield 020","E02000296",173,173,0,0,0,0,0,0,0,0,0,0,0,173,130,43,0,0,0,0,0,0,0,0,0,0,0,0,0,0,0,0,0
2021,"Enfield 021","E02000297",63,63,0,0,0,0,0,0,0,0,0,0,0,63,0,63,0,0,0,0,0,0,0,0,0,0,0,0,0,0,0,0,0
2021,"Enfield 022","E02000298",91,66,0,0,0,0,0,0,0,0,0,7,7,59,37,22,0,0,0,0,24,0,0,0,0,0,0,0,0,0,0,24,1
2021,"Enfield 023","E02000299",51,39,0,0,0,0,0,0,0,0,0,0,0,39,0,39,0,0,0,0,0,0,0,0,0,0,0,0,0,0,0,0,12
2021,"Enfield 024","E02000300",69,69,0,0,0,0,0,0,0,0,0,0,0,69,0,34,0,35,0,0,0,0,0,0,0,0,0,0,0,0,0,0,0
2021,"Enfield 025","E02000301",20,8,0,0,0,0,0,0,0,0,0,0,0,8,8,0,0,0,0,0,0,0,0,0,0,0,0,0,0,0,0,0,12
2021,"Enfield 026","E02000302",16,16,0,0,0,0,0,0,0,0,0,0,0,16,0,16,0,0,0,0,0,0,0,0,0,0,0,0,0,0,0,0,0
2021,"Enfield 027","E02000303",20,20,0,0,0,0,0,0,0,0,0,0,0,20,0,20,0,0,0,0,0,0,0,0,0,0,0,0,0,0,0,0,0
2021,"Enfield 028","E02000304",95,94,0,0,0,0,0,0,0,0,0,0,0,94,44,50,0,0,0,0,0,0,0,0,0,0,0,0,0,0,0,0,1
2021,"Enfield 029","E02000305",156,144,0,0,0,0,0,0,0,0,0,0,0,144,21,123,0,0,0,0,9,0,0,0,0,0,0,0,0,0,0,9,3
2021,"Enfield 030","E02000306",18,0,0,0,0,0,0,0,0,0,0,0,0,0,0,0,0,0,0,0,0,0,0,0,0,0,0,0,0,0,0,0,18
2021,"Enfield 031","E02000307",8,0,0,0,0,0,0,0,0,0,0,0,0,0,0,0,0,0,0,0,0,0,0,0,0,0,0,0,0,0,0,0,8
2021,"Enfield 032","E02000308",18,14,0,0,0,0,0,0,0,0,0,0,0,14,0,14,0,0,0,0,0,0,0,0,0,0,0,0,0,0,0,0,4
2021,"Enfield 033","E02000309",49,5,0,0,0,0,0,0,0,0,0,0,0,5,0,1,0,4,0,0,0,0,0,0,0,0,0,0,0,0,0,0,44
2021,"Enfield 035","E02000311",9,9,0,0,0,0,0,0,0,0,0,0,0,9,0,9,0,0,0,0,0,0,0,0,0,0,0,0,0,0,0,0,0
2021,"Enfield 036","E02000312",41,40,0,0,0,0,0,0,0,0,0,0,0,40,0,40,0,0,0,0,0,0,0,0,0,0,0,0,0,0,0,0,1
2021,"Greenwich 001","E02000313",10,9,0,0,0,0,0,0,0,0,0,0,0,9,4,5,0,0,0,0,0,0,0,0,0,0,0,0,0,0,0,0,1
2021,"Greenwich 002","E02000314",1391,69,0,0,0,0,0,0,0,0,0,0,0,69,67,2,0,0,0,0,1321,0,1321,0,0,0,0,0,0,0,0,0,1
2021,"Greenwich 003","E02000315",43,40,0,0,0,0,0,0,0,0,0,0,0,40,0,40,0,0,0,0,0,0,0,0,0,0,0,0,0,0,0,0,3
2021,"Greenwich 005","E02000317",76,66,0,0,0,0,5,0,0,5,0,0,0,61,56,5,0,0,0,0,0,0,0,0,0,0,0,0,0,0,0,0,10
2021,"Greenwich 006","E02000318",14,6,0,0,0,0,0,0,0,0,0,0,0,6,0,6,0,0,0,0,4,0,0,0,0,0,0,0,0,0,0,4,4
2021,"Greenwich 007","E02000319",68,12,7,0,0,7,0,0,0,0,0,0,0,5,0,0,5,0,0,0,41,0,0,0,0,0,0,0,0,0,0,41,15
2021,"Greenwich 008","E02000320",90,57,31,0,16,15,16,0,0,16,0,0,0,10,0,0,0,10,0,0,30,0,0,0,0,0,0,0,0,0,0,30,3
2021,"Greenwich 009","E02000321",55,54,0,0,0,0,0,0,0,0,0,0,0,54,49,5,0,0,0,0,0,0,0,0,0,0,0,0,0,0,0,0,1
2021,"Greenwich 011","E02000323",85,80,0,0,0,0,0,0,0,0,0,0,0,80,58,22,0,0,0,0,0,0,0,0,0,0,0,0,0,0,0,0,5
2021,"Greenwich 012","E02000324",68,67,0,0,0,0,6,0,0,6,0,0,0,61,55,6,0,0,0,0,0,0,0,0,0,0,0,0,0,0,0,0,1
2021,"Greenwich 014","E02000326",8,6,0,0,0,0,0,0,0,0,0,0,0,6,0,6,0,0,0,0,0,0,0,0,0,0,0,0,0,0,0,0,2
2021,"Greenwich 015","E02000327",110,35,27,20,7,0,0,0,0,0,0,0,0,8,0,8,0,0,0,0,71,71,0,0,0,0,0,0,0,0,0,0,4
2021,"Greenwich 016","E02000328",41,41,0,0,0,0,0,0,0,0,0,0,0,41,31,10,0,0,0,0,0,0,0,0,0,0,0,0,0,0,0,0,0
2021,"Greenwich 017","E02000329",6,6,0,0,0,0,0,0,0,0,0,0,0,6,0,6,0,0,0,0,0,0,0,0,0,0,0,0,0,0,0,0,0
2021,"Greenwich 019","E02000331",63,45,0,0,0,0,35,0,0,35,0,0,0,10,0,10,0,0,0,0,18,0,0,0,0,14,0,0,0,0,0,4,0
2021,"Greenwich 020","E02000332",41,32,23,0,23,0,0,0,0,0,0,0,0,9,9,0,0,0,0,0,0,0,0,0,0,0,0,0,0,0,0,0,9
2021,"Greenwich 021","E02000333",69,37,0,0,0,0,0,0,0,0,0,0,0,37,37,0,0,0,0,0,16,0,0,0,0,0,0,0,0,0,0,16,16
2021,"Greenwich 022","E02000334",10,10,0,0,0,0,0,0,0,0,0,0,0,10,0,0,3,0,0,7,0,0,0,0,0,0,0,0,0,0,0,0,0
2021,"Greenwich 023","E02000335",0,0,0,0,0,0,0,0,0,0,0,0,0,0,0,0,0,0,0,0,0,0,0,0,0,0,0,0,0,0,0,0,0
2021,"Greenwich 025","E02000337",0,0,0,0,0,0,0,0,0,0,0,0,0,0,0,0,0,0,0,0,0,0,0,0,0,0,0,0,0,0,0,0,0
2021,"Greenwich 027","E02000339",5,0,0,0,0,0,0,0,0,0,0,0,0,0,0,0,0,0,0,0,0,0,0,0,0,0,0,0,0,0,0,0,5
2021,"Greenwich 028","E02000340",2,2,0,0,0,0,0,0,0,0,0,0,0,2,0,0,0,0,0,2,0,0,0,0,0,0,0,0,0,0,0,0,0
2021,"Greenwich 029","E02000341",39,39,0,0,0,0,0,0,0,0,0,0,0,39,0,39,0,0,0,0,0,0,0,0,0,0,0,0,0,0,0,0,0
2021,"Greenwich 030","E02000342",593,0,0,0,0,0,0,0,0,0,0,0,0,0,0,0,0,0,0,0,565,0,0,0,0,565,0,0,0,0,0,0,28
2021,"Greenwich 031","E02000343",1,0,0,0,0,0,0,0,0,0,0,0,0,0,0,0,0,0,0,0,0,0,0,0,0,0,0,0,0,0,0,0,1
2021,"Greenwich 032","E02000344",76,75,0,0,0,0,0,0,0,0,0,0,0,75,67,8,0,0,0,0,0,0,0,0,0,0,0,0,0,0,0,0,1
2021,"Hackney 001","E02000345",2,0,0,0,0,0,0,0,0,0,0,0,0,0,0,0,0,0,0,0,0,0,0,0,0,0,0,0,0,0,0,0,2
2021,"Hackney 002","E02000346",118,116,76,0,76,0,0,0,0,0,0,0,0,40,14,26,0,0,0,0,0,0,0,0,0,0,0,0,0,0,0,0,2
2021,"Hackney 003","E02000347",98,96,0,0,0,0,31,0,0,31,0,0,0,65,55,10,0,0,0,0,0,0,0,0,0,0,0,0,0,0,0,0,2
2021,"Hackney 004","E02000348",1,0,0,0,0,0,0,0,0,0,0,0,0,0,0,0,0,0,0,0,0,0,0,0,0,0,0,0,0,0,0,0,1
2021,"Hackney 006","E02000350",0,0,0,0,0,0,0,0,0,0,0,0,0,0,0,0,0,0,0,0,0,0,0,0,0,0,0,0,0,0,0,0,0
2021,"Hackney 007","E02000351",39,0,0,0,0,0,0,0,0,0,0,0,0,0,0,0,0,0,0,0,29,0,0,0,0,0,0,27,0,0,0,2,10
2021,"Hackney 008","E02000352",48,42,0,0,0,0,0,0,0,0,0,42,42,0,0,0,0,0,0,0,1,0,0,0,0,0,0,0,0,0,0,1,5
2021,"Hackney 009","E02000353",0,0,0,0,0,0,0,0,0,0,0,0,0,0,0,0,0,0,0,0,0,0,0,0,0,0,0,0,0,0,0,0,0
2021,"Hackney 010","E02000354",21,20,0,0,0,0,0,0,0,0,0,0,0,20,0,20,0,0,0,0,0,0,0,0,0,0,0,0,0,0,0,0,1
2021,"Hackney 011","E02000355",92,90,0,0,0,0,0,0,0,0,0,0,0,90,90,0,0,0,0,0,0,0,0,0,0,0,0,0,0,0,0,0,2
2021,"Hackney 012","E02000356",0,0,0,0,0,0,0,0,0,0,0,0,0,0,0,0,0,0,0,0,0,0,0,0,0,0,0,0,0,0,0,0,0
2021,"Hackney 013","E02000357",0,0,0,0,0,0,0,0,0,0,0,0,0,0,0,0,0,0,0,0,0,0,0,0,0,0,0,0,0,0,0,0,0
2021,"Hackney 014","E02000358",25,0,0,0,0,0,0,0,0,0,0,0,0,0,0,0,0,0,0,0,24,0,0,0,0,0,2,22,0,0,0,0,1
2021,"Hackney 015","E02000359",14,0,0,0,0,0,0,0,0,0,0,0,0,0,0,0,0,0,0,0,14,0,0,0,0,0,0,0,0,0,0,14,0
2021,"Hackney 016","E02000360",2,0,0,0,0,0,0,0,0,0,0,0,0,0,0,0,0,0,0,0,0,0,0,0,0,0,0,0,0,0,0,0,2
2021,"Hackney 017","E02000361",5,4,0,0,0,0,0,0,0,0,0,0,0,4,0,4,0,0,0,0,0,0,0,0,0,0,0,0,0,0,0,0,1
2021,"Hackney 018","E02000362",209,149,135,0,135,0,0,0,0,0,0,14,14,0,0,0,0,0,0,0,60,0,0,0,0,0,0,60,0,0,0,0,0
2021,"Hackney 019","E02000363",714,0,0,0,0,0,0,0,0,0,0,0,0,0,0,0,0,0,0,0,1,0,0,0,0,0,1,0,0,0,0,0,713
2021,"Hackney 020","E02000364",7,0,0,0,0,0,0,0,0,0,0,0,0,0,0,0,0,0,0,0,3,0,0,0,0,0,0,3,0,0,0,0,4
2021,"Hackney 022","E02000366",99,0,0,0,0,0,0,0,0,0,0,0,0,0,0,0,0,0,0,0,98,0,0,0,0,98,0,0,0,0,0,0,1
2021,"Hackney 023","E02000367",147,38,0,0,0,0,0,0,0,0,0,0,0,38,20,0,0,0,18,0,107,0,0,0,0,89,2,0,0,0,0,16,2
2021,"Hackney 024","E02000368",19,0,0,0,0,0,0,0,0,0,0,0,0,0,0,0,0,0,0,0,18,0,0,0,0,0,0,0,0,0,18,0,1
2021,"Hackney 025","E02000369",40,39,39,0,0,39,0,0,0,0,0,0,0,0,0,0,0,0,0,0,0,0,0,0,0,0,0,0,0,0,0,0,1
2021,"Hackney 026","E02000370",38,0,0,0,0,0,0,0,0,0,0,0,0,0,0,0,0,0,0,0,36,0,0,0,0,36,0,0,0,0,0,0,2
2021,"Hammersmith and Fulham 001","E02000372",936,0,0,0,0,0,0,0,0,0,0,0,0,0,0,0,0,0,0,0,936,0,545,0,0,391,0,0,0,0,0,0,0
2021,"Hammersmith and Fulham 002","E02000373",1,0,0,0,0,0,0,0,0,0,0,0,0,0,0,0,0,0,0,0,0,0,0,0,0,0,0,0,0,0,0,0,1
2021,"Hammersmith and Fulham 003","E02000374",217,0,0,0,0,0,0,0,0,0,0,0,0,0,0,0,0,0,0,0,214,0,0,0,0,214,0,0,0,0,0,0,3
2021,"Hammersmith and Fulham 004","E02000375",41,0,0,0,0,0,0,0,0,0,0,0,0,0,0,0,0,0,0,0,34,0,0,0,0,34,0,0,0,0,0,0,7
2021,"Hammersmith and Fulham 005","E02000376",5,0,0,0,0,0,0,0,0,0,0,0,0,0,0,0,0,0,0,0,5,0,0,0,0,0,0,0,0,0,0,5,0
2021,"Hammersmith and Fulham 006","E02000377",219,0,0,0,0,0,0,0,0,0,0,0,0,0,0,0,0,0,0,0,201,0,0,0,0,201,0,0,0,0,0,0,18
2021,"Hammersmith and Fulham 007","E02000378",15,0,0,0,0,0,0,0,0,0,0,0,0,0,0,0,0,0,0,0,8,0,0,0,0,0,8,0,0,0,0,0,7
2021,"Hammersmith and Fulham 008","E02000379",124,98,0,0,0,0,0,0,0,0,0,0,0,98,98,0,0,0,0,0,21,0,0,0,0,0,0,0,0,0,0,21,5
2021,"Hammersmith and Fulham 009","E02000380",11,10,0,0,0,0,0,0,0,0,0,0,0,10,1,0,9,0,0,0,0,0,0,0,0,0,0,0,0,0,0,0,1
2021,"Hammersmith and Fulham 010","E02000381",48,0,0,0,0,0,0,0,0,0,0,0,0,0,0,0,0,0,0,0,41,0,0,0,0,0,0,18,0,0,0,23,7
2021,"Hammersmith and Fulham 011","E02000382",270,0,0,0,0,0,0,0,0,0,0,0,0,0,0,0,0,0,0,0,208,0,0,0,0,202,0,6,0,0,0,0,62
2021,"Hammersmith and Fulham 012","E02000383",132,94,0,0,0,0,0,0,0,0,0,0,0,94,94,0,0,0,0,0,38,0,0,0,0,4,1,33,0,0,0,0,0
2021,"Hammersmith and Fulham 013","E02000384",207,56,0,0,0,0,0,0,0,0,0,0,0,56,56,0,0,0,0,0,150,0,0,0,0,131,3,0,10,0,0,6,1
2021,"Hammersmith and Fulham 014","E02000385",23,15,0,0,0,0,0,0,0,0,0,0,0,15,0,15,0,0,0,0,2,0,0,0,0,0,0,0,0,0,0,2,6
2021,"Hammersmith and Fulham 015","E02000386",20,0,0,0,0,0,0,0,0,0,0,0,0,0,0,0,0,0,0,0,18,0,0,0,0,0,0,18,0,0,0,0,2
2021,"Hammersmith and Fulham 016","E02000387",127,24,24,4,20,0,0,0,0,0,0,0,0,0,0,0,0,0,0,0,93,0,0,0,0,93,0,0,0,0,0,0,10
2021,"Hammersmith and Fulham 017","E02000388",39,36,0,0,0,0,0,0,0,0,0,0,0,36,36,0,0,0,0,0,0,0,0,0,0,0,0,0,0,0,0,0,3
2021,"Hammersmith and Fulham 018","E02000389",14,0,0,0,0,0,0,0,0,0,0,0,0,0,0,0,0,0,0,0,9,0,0,0,0,9,0,0,0,0,0,0,5
2021,"Hammersmith and Fulham 019","E02000390",1,0,0,0,0,0,0,0,0,0,0,0,0,0,0,0,0,0,0,0,0,0,0,0,0,0,0,0,0,0,0,0,1
2021,"Hammersmith and Fulham 020","E02000391",40,20,0,0,0,0,0,0,0,0,0,0,0,20,0,20,0,0,0,0,15,0,0,0,0,0,15,0,0,0,0,0,5
2021,"Hammersmith and Fulham 021","E02000392",20,0,0,0,0,0,0,0,0,0,0,0,0,0,0,0,0,0,0,0,20,0,0,0,0,0,0,20,0,0,0,0,0
2021,"Hammersmith and Fulham 022","E02000393",0,0,0,0,0,0,0,0,0,0,0,0,0,0,0,0,0,0,0,0,0,0,0,0,0,0,0,0,0,0,0,0,0
2021,"Hammersmith and Fulham 023","E02000394",59,0,0,0,0,0,0,0,0,0,0,0,0,0,0,0,0,0,0,0,56,0,0,0,0,0,0,0,0,0,0,56,3
2021,"Hammersmith and Fulham 024","E02000395",0,0,0,0,0,0,0,0,0,0,0,0,0,0,0,0,0,0,0,0,0,0,0,0,0,0,0,0,0,0,0,0,0
2021,"Hammersmith and Fulham 025","E02000396",8,6,0,0,0,0,0,0,0,0,0,0,0,6,0,6,0,0,0,0,0,0,0,0,0,0,0,0,0,0,0,0,2
2021,"Haringey 001","E02000397",2,0,0,0,0,0,0,0,0,0,0,0,0,0,0,0,0,0,0,0,0,0,0,0,0,0,0,0,0,0,0,0,2
2021,"Haringey 002","E02000398",23,21,0,0,0,0,0,0,0,0,0,0,0,21,0,19,0,0,2,0,0,0,0,0,0,0,0,0,0,0,0,0,2
2021,"Haringey 004","E02000400",11,11,0,0,0,0,0,0,0,0,0,0,0,11,4,7,0,0,0,0,0,0,0,0,0,0,0,0,0,0,0,0,0
2021,"Haringey 005","E02000401",2,0,0,0,0,0,0,0,0,0,0,0,0,0,0,0,0,0,0,0,0,0,0,0,0,0,0,0,0,0,0,0,2
2021,"Haringey 006","E02000402",2,0,0,0,0,0,0,0,0,0,0,0,0,0,0,0,0,0,0,0,0,0,0,0,0,0,0,0,0,0,0,0,2
2021,"Haringey 007","E02000403",13,11,0,0,0,0,0,0,0,0,0,0,0,11,0,11,0,0,0,0,0,0,0,0,0,0,0,0,0,0,0,0,2
2021,"Haringey 008","E02000404",8,8,0,0,0,0,8,0,0,8,0,0,0,0,0,0,0,0,0,0,0,0,0,0,0,0,0,0,0,0,0,0,0
2021,"Haringey 009","E02000405",0,0,0,0,0,0,0,0,0,0,0,0,0,0,0,0,0,0,0,0,0,0,0,0,0,0,0,0,0,0,0,0,0
2021,"Haringey 010","E02000406",1,0,0,0,0,0,0,0,0,0,0,0,0,0,0,0,0,0,0,0,0,0,0,0,0,0,0,0,0,0,0,0,1
2021,"Haringey 011","E02000407",43,37,0,0,0,0,10,0,10,0,0,0,0,27,0,27,0,0,0,0,0,0,0,0,0,0,0,0,0,0,0,0,6
2021,"Haringey 012","E02000408",86,28,0,0,0,0,0,0,0,0,0,0,0,28,28,0,0,0,0,0,56,0,0,0,0,56,0,0,0,0,0,0,2
2021,"Haringey 013","E02000409",21,17,0,0,0,0,8,0,0,0,8,0,0,9,0,9,0,0,0,0,0,0,0,0,0,0,0,0,0,0,0,0,4
2021,"Haringey 014","E02000410",179,12,0,0,0,0,0,0,0,0,0,0,0,12,0,11,1,0,0,0,167,0,0,0,0,143,24,0,0,0,0,0,0
2021,"Haringey 015","E02000411",878,3,0,0,0,0,0,0,0,0,0,0,0,3,0,3,0,0,0,0,871,0,0,0,0,871,0,0,0,0,0,0,4
2021,"Haringey 016","E02000412",73,9,0,0,0,0,0,0,0,0,0,0,0,9,0,9,0,0,0,0,57,0,0,0,0,57,0,0,0,0,0,0,7
2021,"Haringey 017","E02000413",83,51,0,0,0,0,0,0,0,0,0,0,0,51,0,51,0,0,0,0,29,0,0,0,0,0,26,0,0,0,0,3,3
2021,"Haringey 018","E02000414",4,0,0,0,0,0,0,0,0,0,0,0,0,0,0,0,0,0,0,0,0,0,0,0,0,0,0,0,0,0,0,0,4
2021,"Haringey 019","E02000415",6,6,0,0,0,0,0,0,0,0,0,0,0,6,0,6,0,0,0,0,0,0,0,0,0,0,0,0,0,0,0,0,0
2021,"Haringey 020","E02000416",0,0,0,0,0,0,0,0,0,0,0,0,0,0,0,0,0,0,0,0,0,0,0,0,0,0,0,0,0,0,0,0,0
2021,"Haringey 021","E02000417",85,29,3,0,3,0,0,0,0,0,0,0,0,26,0,26,0,0,0,0,0,0,0,0,0,0,0,0,0,0,0,0,56
2021,"Haringey 022","E02000418",0,0,0,0,0,0,0,0,0,0,0,0,0,0,0,0,0,0,0,0,0,0,0,0,0,0,0,0,0,0,0,0,0
2021,"Haringey 023","E02000419",1,0,0,0,0,0,0,0,0,0,0,0,0,0,0,0,0,0,0,0,0,0,0,0,0,0,0,0,0,0,0,0,1
2021,"Haringey 024","E02000420",14,9,0,0,0,0,9,0,0,9,0,0,0,0,0,0,0,0,0,0,0,0,0,0,0,0,0,0,0,0,0,0,5
2021,"Haringey 025","E02000421",264,106,0,0,0,0,0,0,0,0,0,0,0,106,106,0,0,0,0,0,156,0,0,0,0,156,0,0,0,0,0,0,2
2021,"Haringey 026","E02000422",59,50,0,0,0,0,5,0,0,5,0,0,0,45,0,45,0,0,0,0,0,0,0,0,0,0,0,0,0,0,0,0,9
2021,"Haringey 027","E02000423",36,32,29,0,29,0,0,0,0,0,0,3,3,0,0,0,0,0,0,0,0,0,0,0,0,0,0,0,0,0,0,0,4
2021,"Haringey 028","E02000424",62,0,0,0,0,0,0,0,0,0,0,0,0,0,0,0,0,0,0,0,62,0,0,0,0,0,0,62,0,0,0,0,0
2021,"Haringey 029","E02000425",0,0,0,0,0,0,0,0,0,0,0,0,0,0,0,0,0,0,0,0,0,0,0,0,0,0,0,0,0,0,0,0,0
2021,"Haringey 030","E02000426",35,11,0,0,0,0,0,0,0,0,0,0,0,11,0,11,0,0,0,0,8,0,0,0,0,0,0,0,0,0,0,8,16
2021,"Haringey 031","E02000427",13,2,0,0,0,0,0,0,0,0,0,0,0,2,2,0,0,0,0,0,9,0,0,0,0,0,9,0,0,0,0,0,2
2021,"Haringey 032","E02000428",47,7,0,0,0,0,0,0,0,0,0,0,0,7,0,7,0,0,0,0,37,0,0,0,0,0,0,37,0,0,0,0,3
2021,"Haringey 033","E02000429",0,0,0,0,0,0,0,0,0,0,0,0,0,0,0,0,0,0,0,0,0,0,0,0,0,0,0,0,0,0,0,0,0
2021,"Haringey 034","E02000430",11,10,0,0,0,0,0,0,0,0,0,0,0,10,0,10,0,0,0,0,0,0,0,0,0,0,0,0,0,0,0,0,1
2021,"Haringey 035","E02000431",1,0,0,0,0,0,0,0,0,0,0,0,0,0,0,0,0,0,0,0,0,0,0,0,0,0,0,0,0,0,0,0,1
2021,"Haringey 036","E02000432",34,30,0,0,0,0,0,0,0,0,0,0,0,30,0,30,0,0,0,0,0,0,0,0,0,0,0,0,0,0,0,0,4
2021,"Harrow 001","E02000433",115,73,0,0,0,0,0,0,0,0,0,0,0,73,73,0,0,0,0,0,0,0,0,0,0,0,0,0,0,0,0,0,42
2021,"Harrow 002","E02000434",70,53,0,0,0,0,0,0,0,0,0,0,0,53,53,0,0,0,0,0,0,0,0,0,0,0,0,0,0,0,0,0,17
2021,"Harrow 003","E02000435",73,73,0,0,0,0,0,0,0,0,0,0,0,73,47,26,0,0,0,0,0,0,0,0,0,0,0,0,0,0,0,0,0
2021,"Harrow 004","E02000436",11,0,0,0,0,0,0,0,0,0,0,0,0,0,0,0,0,0,0,0,11,0,0,0,0,0,11,0,0,0,0,0,0
2021,"Harrow 005","E02000437",135,135,0,0,0,0,0,0,0,0,0,0,0,135,118,17,0,0,0,0,0,0,0,0,0,0,0,0,0,0,0,0,0
2021,"Harrow 006","E02000438",97,97,0,0,0,0,0,0,0,0,0,0,0,97,0,97,0,0,0,0,0,0,0,0,0,0,0,0,0,0,0,0,0
2021,"Harrow 007","E02000439",0,0,0,0,0,0,0,0,0,0,0,0,0,0,0,0,0,0,0,0,0,0,0,0,0,0,0,0,0,0,0,0,0
2021,"Harrow 008","E02000440",5,5,0,0,0,0,0,0,0,0,0,0,0,5,0,5,0,0,0,0,0,0,0,0,0,0,0,0,0,0,0,0,0
2021,"Harrow 009","E02000441",46,46,0,0,0,0,31,0,0,31,0,0,0,15,0,15,0,0,0,0,0,0,0,0,0,0,0,0,0,0,0,0,0
2021,"Harrow 010","E02000442",6,0,0,0,0,0,0,0,0,0,0,0,0,0,0,0,0,0,0,0,5,0,0,0,0,0,5,0,0,0,0,0,1
2021,"Harrow 011","E02000443",65,62,0,0,0,0,0,0,0,0,0,0,0,62,62,0,0,0,0,0,0,0,0,0,0,0,0,0,0,0,0,0,3
2021,"Harrow 012","E02000444",19,19,0,0,0,0,0,0,0,0,0,0,0,19,19,0,0,0,0,0,0,0,0,0,0,0,0,0,0,0,0,0,0
2021,"Harrow 013","E02000445",149,138,0,0,0,0,56,0,0,56,0,0,0,82,82,0,0,0,0,0,9,0,0,0,0,0,0,9,0,0,0,0,2
2021,"Harrow 015","E02000447",0,0,0,0,0,0,0,0,0,0,0,0,0,0,0,0,0,0,0,0,0,0,0,0,0,0,0,0,0,0,0,0,0
2021,"Harrow 016","E02000448",12,12,0,0,0,0,0,0,0,0,0,0,0,12,0,12,0,0,0,0,0,0,0,0,0,0,0,0,0,0,0,0,0
2021,"Harrow 017","E02000449",14,10,0,0,0,0,0,0,0,0,0,0,0,10,0,10,0,0,0,0,0,0,0,0,0,0,0,0,0,0,0,0,4
2021,"Harrow 019","E02000451",30,29,0,0,0,0,0,0,0,0,0,0,0,29,11,18,0,0,0,0,0,0,0,0,0,0,0,0,0,0,0,0,1
2021,"Harrow 020","E02000452",116,77,0,0,0,0,0,0,0,0,0,0,0,77,1,76,0,0,0,0,25,0,0,0,0,0,20,0,0,0,0,5,14
2021,"Harrow 021","E02000453",10,8,0,0,0,0,0,0,0,0,0,0,0,8,0,8,0,0,0,0,0,0,0,0,0,0,0,0,0,0,0,0,2
2021,"Harrow 022","E02000454",0,0,0,0,0,0,0,0,0,0,0,0,0,0,0,0,0,0,0,0,0,0,0,0,0,0,0,0,0,0,0,0,0
2021,"Harrow 023","E02000455",152,87,0,0,0,0,20,0,0,20,0,0,0,67,9,34,0,24,0,0,65,0,0,0,0,0,65,0,0,0,0,0,0
2021,"Harrow 024","E02000456",1,1,0,0,0,0,0,0,0,0,0,0,0,1,0,1,0,0,0,0,0,0,0,0,0,0,0,0,0,0,0,0,0
2021,"Harrow 025","E02000457",9,9,0,0,0,0,0,0,0,0,0,0,0,9,0,9,0,0,0,0,0,0,0,0,0,0,0,0,0,0,0,0,0
2021,"Harrow 027","E02000459",8,0,0,0,0,0,0,0,0,0,0,0,0,0,0,0,0,0,0,0,0,0,0,0,0,0,0,0,0,0,0,0,8
2021,"Harrow 028","E02000460",25,23,0,0,0,0,0,0,0,0,0,0,0,23,0,0,6,17,0,0,0,0,0,0,0,0,0,0,0,0,0,0,2
2021,"Harrow 029","E02000461",914,67,0,0,0,0,0,0,0,0,0,0,0,67,33,0,0,34,0,0,703,0,0,0,0,703,0,0,0,0,0,0,144
2021,"Harrow 030","E02000462",2,0,0,0,0,0,0,0,0,0,0,0,0,0,0,0,0,0,0,0,0,0,0,0,0,0,0,0,0,0,0,0,2
2021,"Harrow 031","E02000463",12,12,0,0,0,0,0,0,0,0,0,0,0,12,0,12,0,0,0,0,0,0,0,0,0,0,0,0,0,0,0,0,0
2021,"Havering 001","E02000464",95,95,0,0,0,0,0,0,0,0,0,0,0,95,52,43,0,0,0,0,0,0,0,0,0,0,0,0,0,0,0,0,0
2021,"Havering 002","E02000465",1,0,0,0,0,0,0,0,0,0,0,0,0,0,0,0,0,0,0,0,0,0,0,0,0,0,0,0,0,0,0,0,1
2021,"Havering 003","E02000466",168,121,0,0,0,0,0,0,0,0,0,0,0,121,121,0,0,0,0,0,46,0,0,0,0,0,0,0,0,0,46,0,1
2021,"Havering 004","E02000467",11,10,0,0,0,0,10,0,0,10,0,0,0,0,0,0,0,0,0,0,0,0,0,0,0,0,0,0,0,0,0,0,1
2021,"Havering 005","E02000468",70,70,0,0,0,0,0,0,0,0,0,0,0,70,0,70,0,0,0,0,0,0,0,0,0,0,0,0,0,0,0,0,0
2021,"Havering 006","E02000469",69,63,0,0,0,0,0,0,0,0,0,0,0,63,49,14,0,0,0,0,6,0,0,0,0,0,0,0,0,0,0,6,0
2021,"Havering 007","E02000470",61,61,0,0,0,0,0,0,0,0,0,0,0,61,0,61,0,0,0,0,0,0,0,0,0,0,0,0,0,0,0,0,0
2021,"Havering 008","E02000471",3,3,0,0,0,0,0,0,0,0,0,0,0,3,0,3,0,0,0,0,0,0,0,0,0,0,0,0,0,0,0,0,0
2021,"Havering 009","E02000472",30,28,0,0,0,0,0,0,0,0,0,0,0,28,22,4,2,0,0,0,1,0,0,0,0,0,1,0,0,0,0,0,1
2021,"Havering 010","E02000473",44,42,0,0,0,0,0,0,0,0,0,0,0,42,0,42,0,0,0,0,2,0,0,0,0,0,2,0,0,0,0,0,0
2021,"Havering 011","E02000474",49,49,0,0,0,0,0,0,0,0,0,0,0,49,49,0,0,0,0,0,0,0,0,0,0,0,0,0,0,0,0,0,0
2021,"Havering 012","E02000475",126,125,0,0,0,0,0,0,0,0,0,10,10,115,27,88,0,0,0,0,1,0,0,0,0,0,1,0,0,0,0,0,0
2021,"Havering 013","E02000476",94,59,0,0,0,0,0,0,0,0,0,0,0,59,0,39,6,12,0,2,33,0,0,0,0,23,3,0,0,0,0,7,2
2021,"Havering 014","E02000477",10,10,0,0,0,0,0,0,0,0,0,0,0,10,0,10,0,0,0,0,0,0,0,0,0,0,0,0,0,0,0,0,0
2021,"Havering 015","E02000478",59,59,0,0,0,0,0,0,0,0,0,0,0,59,0,59,0,0,0,0,0,0,0,0,0,0,0,0,0,0,0,0,0
2021,"Havering 016","E02000479",70,68,0,0,0,0,0,0,0,0,0,0,0,68,53,15,0,0,0,0,0,0,0,0,0,0,0,0,0,0,0,0,2
2021,"Havering 017","E02000480",167,167,3,3,0,0,0,0,0,0,0,0,0,164,126,38,0,0,0,0,0,0,0,0,0,0,0,0,0,0,0,0,0
2021,"Havering 018","E02000481",62,62,0,0,0,0,0,0,0,0,0,0,0,62,62,0,0,0,0,0,0,0,0,0,0,0,0,0,0,0,0,0,0
2021,"Havering 019","E02000482",20,20,0,0,0,0,0,0,0,0,0,0,0,20,0,20,0,0,0,0,0,0,0,0,0,0,0,0,0,0,0,0,0
2021,"Havering 020","E02000483",28,27,0,0,0,0,0,0,0,0,0,0,0,27,0,27,0,0,0,0,0,0,0,0,0,0,0,0,0,0,0,0,1
2021,"Havering 021","E02000484",11,11,0,0,0,0,0,0,0,0,0,0,0,11,0,11,0,0,0,0,0,0,0,0,0,0,0,0,0,0,0,0,0
2021,"Havering 022","E02000485",0,0,0,0,0,0,0,0,0,0,0,0,0,0,0,0,0,0,0,0,0,0,0,0,0,0,0,0,0,0,0,0,0
2021,"Havering 023","E02000486",55,53,0,0,0,0,0,0,0,0,0,0,0,53,53,0,0,0,0,0,0,0,0,0,0,0,0,0,0,0,0,0,2
2021,"Havering 024","E02000487",92,92,0,0,0,0,0,0,0,0,0,0,0,92,66,26,0,0,0,0,0,0,0,0,0,0,0,0,0,0,0,0,0
2021,"Havering 025","E02000488",34,34,0,0,0,0,0,0,0,0,0,0,0,34,34,0,0,0,0,0,0,0,0,0,0,0,0,0,0,0,0,0,0
2021,"Havering 026","E02000489",0,0,0,0,0,0,0,0,0,0,0,0,0,0,0,0,0,0,0,0,0,0,0,0,0,0,0,0,0,0,0,0,0
2021,"Havering 027","E02000490",0,0,0,0,0,0,0,0,0,0,0,0,0,0,0,0,0,0,0,0,0,0,0,0,0,0,0,0,0,0,0,0,0
2021,"Havering 028","E02000491",44,44,0,0,0,0,0,0,0,0,0,0,0,44,44,0,0,0,0,0,0,0,0,0,0,0,0,0,0,0,0,0,0
2021,"Havering 029","E02000492",26,26,0,0,0,0,0,0,0,0,0,0,0,26,11,13,2,0,0,0,0,0,0,0,0,0,0,0,0,0,0,0,0
2021,"Havering 030","E02000493",1,0,0,0,0,0,0,0,0,0,0,0,0,0,0,0,0,0,0,0,0,0,0,0,0,0,0,0,0,0,0,0,1
2021,"Hillingdon 001","E02000494",126,92,0,0,0,0,0,0,0,0,0,0,0,92,65,12,0,0,0,15,10,0,0,0,0,10,0,0,0,0,0,0,24
2021,"Hillingdon 002","E02000495",45,42,0,0,0,0,0,0,0,0,0,0,0,42,15,27,0,0,0,0,0,0,0,0,0,0,0,0,0,0,0,0,3
2021,"Hillingdon 003","E02000496",147,132,58,0,0,58,0,0,0,0,0,0,0,74,67,7,0,0,0,0,0,0,0,0,0,0,0,0,0,0,0,0,15
2021,"Hillingdon 004","E02000497",77,74,0,0,0,0,0,0,0,0,0,0,0,74,50,24,0,0,0,0,3,0,0,0,0,0,3,0,0,0,0,0,0
2021,"Hillingdon 005","E02000498",0,0,0,0,0,0,0,0,0,0,0,0,0,0,0,0,0,0,0,0,0,0,0,0,0,0,0,0,0,0,0,0,0
2021,"Hillingdon 006","E02000499",0,0,0,0,0,0,0,0,0,0,0,0,0,0,0,0,0,0,0,0,0,0,0,0,0,0,0,0,0,0,0,0,0
2021,"Hillingdon 007","E02000500",42,42,0,0,0,0,0,0,0,0,0,0,0,42,0,42,0,0,0,0,0,0,0,0,0,0,0,0,0,0,0,0,0
2021,"Hillingdon 008","E02000501",54,54,0,0,0,0,0,0,0,0,0,0,0,54,0,54,0,0,0,0,0,0,0,0,0,0,0,0,0,0,0,0,0
2021,"Hillingdon 009","E02000502",55,52,0,0,0,0,0,0,0,0,0,0,0,52,35,17,0,0,0,0,2,0,0,0,0,0,2,0,0,0,0,0,1
2021,"Hillingdon 010","E02000503",0,0,0,0,0,0,0,0,0,0,0,0,0,0,0,0,0,0,0,0,0,0,0,0,0,0,0,0,0,0,0,0,0
2021,"Hillingdon 011","E02000504",0,0,0,0,0,0,0,0,0,0,0,0,0,0,0,0,0,0,0,0,0,0,0,0,0,0,0,0,0,0,0,0,0
2021,"Hillingdon 013","E02000506",67,65,0,0,0,0,0,0,0,0,0,0,0,65,27,38,0,0,0,0,0,0,0,0,0,0,0,0,0,0,0,0,2
2021,"Hillingdon 014","E02000507",49,49,0,0,0,0,0,0,0,0,0,0,0,49,1,48,0,0,0,0,0,0,0,0,0,0,0,0,0,0,0,0,0
2021,"Hillingdon 015","E02000508",1481,63,0,0,0,0,0,0,0,0,0,0,0,63,6,18,0,0,0,39,1404,0,0,0,0,1400,4,0,0,0,0,0,14
2021,"Hillingdon 016","E02000509",2074,16,0,0,0,0,0,0,0,0,0,0,0,16,0,11,5,0,0,0,2048,0,0,0,0,2036,0,0,0,0,0,12,10
2021,"Hillingdon 017","E02000510",196,58,0,0,0,0,21,0,0,21,0,0,0,37,37,0,0,0,0,0,9,0,0,0,0,0,0,0,0,0,7,2,129
2021,"Hillingdon 018","E02000511",72,72,0,0,0,0,0,0,0,0,0,0,0,72,60,12,0,0,0,0,0,0,0,0,0,0,0,0,0,0,0,0,0
2021,"Hillingdon 019","E02000512",23,23,0,0,0,0,0,0,0,0,0,0,0,23,0,23,0,0,0,0,0,0,0,0,0,0,0,0,0,0,0,0,0
2021,"Hillingdon 020","E02000513",0,0,0,0,0,0,0,0,0,0,0,0,0,0,0,0,0,0,0,0,0,0,0,0,0,0,0,0,0,0,0,0,0
2021,"Hillingdon 021","E02000514",9,5,0,0,0,0,0,0,0,0,0,0,0,5,0,5,0,0,0,0,0,0,0,0,0,0,0,0,0,0,0,0,4
2021,"Hillingdon 022","E02000515",2,0,0,0,0,0,0,0,0,0,0,0,0,0,0,0,0,0,0,0,0,0,0,0,0,0,0,0,0,0,0,0,2
2021,"Hillingdon 023","E02000516",19,19,0,0,0,0,0,0,0,0,0,0,0,19,11,8,0,0,0,0,0,0,0,0,0,0,0,0,0,0,0,0,0
2021,"Hillingdon 024","E02000517",138,121,0,0,0,0,0,0,0,0,0,0,0,121,118,3,0,0,0,0,12,0,0,0,0,0,12,0,0,0,0,0,5
2021,"Hillingdon 025","E02000518",6,6,0,0,0,0,0,0,0,0,0,0,0,6,0,6,0,0,0,0,0,0,0,0,0,0,0,0,0,0,0,0,0
2021,"Hillingdon 026","E02000519",4,0,0,0,0,0,0,0,0,0,0,0,0,0,0,0,0,0,0,0,4,0,0,0,0,0,4,0,0,0,0,0,0
2021,"Hillingdon 027","E02000520",102,49,0,0,0,0,0,0,0,0,0,0,0,49,49,0,0,0,0,0,53,0,0,0,0,0,1,0,0,50,0,2,0
2021,"Hillingdon 028","E02000521",97,69,0,0,0,0,0,0,0,0,0,0,0,69,69,0,0,0,0,0,18,0,0,0,0,0,18,0,0,0,0,0,10
2021,"Hillingdon 029","E02000522",107,89,0,0,0,0,27,0,0,27,0,0,0,62,62,0,0,0,0,0,18,0,0,0,0,3,5,0,0,0,0,10,0
2021,"Hillingdon 030","E02000523",17,11,0,0,0,0,0,0,0,0,0,0,0,11,0,0,0,0,0,11,1,0,0,0,0,0,0,1,0,0,0,0,5
2021,"Hillingdon 031","E02000524",200,70,0,0,0,0,0,0,0,0,0,0,0,70,0,70,0,0,0,0,128,0,0,0,94,0,33,0,0,0,0,1,2
2021,"Hillingdon 032","E02000525",17,0,0,0,0,0,0,0,0,0,0,0,0,0,0,0,0,0,0,0,16,0,0,0,0,0,5,0,0,0,0,11,1
2021,"Hounslow 001","E02000526",184,57,0,0,0,0,0,0,0,0,0,0,0,57,57,0,0,0,0,0,124,0,0,0,0,0,0,0,0,0,14,110,3
2021,"Hounslow 004","E02000529",2,0,0,0,0,0,0,0,0,0,0,0,0,0,0,0,0,0,0,0,0,0,0,0,0,0,0,0,0,0,0,0,2
2021,"Hounslow 005","E02000530",6,0,0,0,0,0,0,0,0,0,0,0,0,0,0,0,0,0,0,0,2,0,0,0,0,0,2,0,0,0,0,0,4
2021,"Hounslow 006","E02000531",71,48,0,0,0,0,0,0,0,0,0,0,0,48,22,26,0,0,0,0,14,0,0,0,0,0,4,0,0,0,10,0,9
2021,"Hounslow 007","E02000532",1,0,0,0,0,0,0,0,0,0,0,0,0,0,0,0,0,0,0,0,0,0,0,0,0,0,0,0,0,0,0,0,1
2021,"Hounslow 008","E02000533",0,0,0,0,0,0,0,0,0,0,0,0,0,0,0,0,0,0,0,0,0,0,0,0,0,0,0,0,0,0,0,0,0
2021,"Hounslow 009","E02000534",97,39,0,0,0,0,0,0,0,0,0,0,0,39,0,39,0,0,0,0,56,0,0,0,0,0,56,0,0,0,0,0,2
2021,"Hounslow 010","E02000535",10,0,0,0,0,0,0,0,0,0,0,0,0,0,0,0,0,0,0,0,6,0,0,0,0,0,6,0,0,0,0,0,4
2021,"Hounslow 011","E02000536",132,102,0,0,0,0,0,0,0,0,0,0,0,102,73,29,0,0,0,0,26,0,0,0,0,0,26,0,0,0,0,0,4
2021,"Hounslow 012","E02000537",40,40,0,0,0,0,0,0,0,0,0,0,0,40,0,40,0,0,0,0,0,0,0,0,0,0,0,0,0,0,0,0,0
2021,"Hounslow 013","E02000538",8,0,0,0,0,0,0,0,0,0,0,0,0,0,0,0,0,0,0,0,8,0,0,0,0,0,8,0,0,0,0,0,0
2021,"Hounslow 014","E02000539",82,73,24,4,20,0,0,0,0,0,0,0,0,49,0,49,0,0,0,0,9,0,0,0,0,0,0,0,0,0,9,0,0
2021,"Hounslow 015","E02000540",21,3,0,0,0,0,0,0,0,0,0,0,0,3,0,3,0,0,0,0,18,0,0,0,0,0,18,0,0,0,0,0,0
2021,"Hounslow 016","E02000541",34,12,0,0,0,0,0,0,0,0,0,0,0,12,0,12,0,0,0,0,20,0,0,0,0,0,1,0,0,0,0,19,2
2021,"Hounslow 017","E02000542",147,106,0,0,0,0,0,0,0,0,0,0,0,106,83,23,0,0,0,0,41,0,0,0,0,0,33,6,0,0,0,2,0
2021,"Hounslow 018","E02000543",34,0,0,0,0,0,0,0,0,0,0,0,0,0,0,0,0,0,0,0,34,0,0,0,0,0,16,0,0,16,0,2,0
2021,"Hounslow 019","E02000544",0,0,0,0,0,0,0,0,0,0,0,0,0,0,0,0,0,0,0,0,0,0,0,0,0,0,0,0,0,0,0,0,0
2021,"Hounslow 020","E02000545",53,52,0,0,0,0,0,0,0,0,0,0,0,52,52,0,0,0,0,0,0,0,0,0,0,0,0,0,0,0,0,0,1
2021,"Hounslow 021","E02000546",158,0,0,0,0,0,0,0,0,0,0,0,0,0,0,0,0,0,0,0,158,158,0,0,0,0,0,0,0,0,0,0,0
2021,"Hounslow 022","E02000547",3,0,0,0,0,0,0,0,0,0,0,0,0,0,0,0,0,0,0,0,0,0,0,0,0,0,0,0,0,0,0,0,3
2021,"Hounslow 023","E02000548",52,52,0,0,0,0,52,0,1,51,0,0,0,0,0,0,0,0,0,0,0,0,0,0,0,0,0,0,0,0,0,0,0
2021,"Hounslow 024","E02000549",315,114,0,0,0,0,0,0,0,0,0,0,0,114,102,12,0,0,0,0,201,0,0,0,0,0,39,148,0,0,0,14,0
2021,"Hounslow 025","E02000550",3,0,0,0,0,0,0,0,0,0,0,0,0,0,0,0,0,0,0,0,1,0,0,0,0,0,1,0,0,0,0,0,2
2021,"Hounslow 026","E02000551",26,26,0,0,0,0,0,0,0,0,0,0,0,26,0,26,0,0,0,0,0,0,0,0,0,0,0,0,0,0,0,0,0
2021,"Hounslow 027","E02000552",246,0,0,0,0,0,0,0,0,0,0,0,0,0,0,0,0,0,0,0,244,0,244,0,0,0,0,0,0,0,0,0,2
2021,"Hounslow 028","E02000553",8,6,0,0,0,0,0,0,0,0,0,0,0,6,0,6,0,0,0,0,0,0,0,0,0,0,0,0,0,0,0,0,2
2021,"Islington 001","E02000554",53,26,0,0,0,0,0,0,0,0,0,0,0,26,0,0,0,0,0,26,17,0,0,0,0,0,0,17,0,0,0,0,10
2021,"Islington 002","E02000555",76,70,0,0,0,0,0,0,0,0,0,14,14,56,50,6,0,0,0,0,1,0,0,0,0,0,0,0,0,0,0,1,5
2021,"Islington 003","E02000556",349,13,0,0,0,0,13,0,0,13,0,0,0,0,0,0,0,0,0,0,329,0,0,0,0,329,0,0,0,0,0,0,7
2021,"Islington 004","E02000557",72,63,0,0,0,0,0,0,0,0,0,0,0,63,59,0,0,0,4,0,4,0,0,0,0,0,4,0,0,0,0,0,5
2021,"Islington 005","E02000558",132,59,0,0,0,0,58,0,58,0,0,0,0,1,1,0,0,0,0,0,71,0,0,0,0,44,0,0,0,0,0,27,2
2021,"Islington 006","E02000559",6,0,0,0,0,0,0,0,0,0,0,0,0,0,0,0,0,0,0,0,0,0,0,0,0,0,0,0,0,0,0,0,6
2021,"Islington 007","E02000560",116,0,0,0,0,0,0,0,0,0,0,0,0,0,0,0,0,0,0,0,100,0,0,0,0,98,0,2,0,0,0,0,16
2021,"Islington 008","E02000561",204,14,0,0,0,0,0,0,0,0,0,0,0,14,0,0,0,0,0,14,172,0,0,0,0,110,0,6,0,6,0,50,18
2021,"Islington 009","E02000562",132,49,0,0,0,0,0,0,0,0,0,0,0,49,45,0,0,4,0,0,78,0,0,22,0,0,0,0,0,0,20,36,5
2021,"Islington 010","E02000563",106,89,0,0,0,0,0,0,0,0,0,45,45,44,0,0,0,0,0,44,8,0,0,0,0,0,6,0,0,0,0,2,9
2021,"Islington 011","E02000564",448,0,0,0,0,0,0,0,0,0,0,0,0,0,0,0,0,0,0,0,440,0,0,0,0,420,0,0,0,0,0,20,8
2021,"Islington 012","E02000565",202,48,0,0,0,0,0,0,0,0,0,48,48,0,0,0,0,0,0,0,149,0,0,0,0,116,0,4,0,28,0,1,5
2021,"Islington 013","E02000566",8,1,0,0,0,0,0,0,0,0,0,0,0,1,0,1,0,0,0,0,5,0,0,0,0,0,0,5,0,0,0,0,2
2021,"Islington 014","E02000567",18,2,0,0,0,0,0,0,0,0,0,0,0,2,0,0,0,0,0,2,12,0,0,0,0,0,0,12,0,0,0,0,4
2021,"Islington 015","E02000568",915,0,0,0,0,0,0,0,0,0,0,0,0,0,0,0,0,0,0,0,906,0,502,0,0,404,0,0,0,0,0,0,9
2021,"Islington 016","E02000569",14,0,0,0,0,0,0,0,0,0,0,0,0,0,0,0,0,0,0,0,13,0,0,0,0,0,0,13,0,0,0,0,1
2021,"Islington 017","E02000570",14,0,0,0,0,0,0,0,0,0,0,0,0,0,0,0,0,0,0,0,10,0,0,0,0,0,0,0,0,0,0,10,4
2021,"Islington 018","E02000571",36,36,0,0,0,0,9,0,0,9,0,14,14,13,0,13,0,0,0,0,0,0,0,0,0,0,0,0,0,0,0,0,0
2021,"Islington 019","E02000572",3,0,0,0,0,0,0,0,0,0,0,0,0,0,0,0,0,0,0,0,0,0,0,0,0,0,0,0,0,0,0,0,3
2021,"Islington 020","E02000573",221,62,0,0,0,0,0,0,0,0,0,0,0,62,62,0,0,0,0,0,155,0,0,0,0,142,0,0,0,0,0,13,4
2021,"Islington 021","E02000574",736,58,0,0,0,0,0,0,0,0,0,0,0,58,58,0,0,0,0,0,677,0,0,0,0,603,0,72,0,0,0,2,1
2021,"Islington 022","E02000575",1005,0,0,0,0,0,0,0,0,0,0,0,0,0,0,0,0,0,0,0,953,0,0,0,0,914,22,0,0,10,0,7,52
2021,"Islington 023","E02000576",383,0,0,0,0,0,0,0,0,0,0,0,0,0,0,0,0,0,0,0,383,0,0,0,0,360,2,0,0,0,0,21,0
2021,"Kensington and Chelsea 001","E02000577",259,0,0,0,0,0,0,0,0,0,0,0,0,0,0,0,0,0,0,0,257,0,0,0,0,257,0,0,0,0,0,0,2
2021,"Kensington and Chelsea 002","E02000578",181,152,67,0,67,0,0,0,0,0,0,0,0,85,38,46,0,1,0,0,27,0,0,0,0,0,0,0,0,0,27,0,2
2021,"Kensington and Chelsea 003","E02000579",39,15,0,0,0,0,0,0,0,0,0,0,0,15,0,15,0,0,0,0,20,0,0,0,0,17,0,3,0,0,0,0,4
2021,"Kensington and Chelsea 004","E02000580",2,1,0,0,0,0,0,0,0,0,0,1,1,0,0,0,0,0,0,0,0,0,0,0,0,0,0,0,0,0,0,0,1
2021,"Kensington and Chelsea 005","E02000581",4,2,0,0,0,0,1,0,0,0,1,0,0,1,0,1,0,0,0,0,0,0,0,0,0,0,0,0,0,0,0,0,2
2021,"Kensington and Chelsea 006","E02000582",317,37,0,0,0,0,0,0,0,0,0,0,0,37,37,0,0,0,0,0,266,0,0,0,0,61,2,139,0,0,12,52,14
2021,"Kensington and Chelsea 007","E02000583",2,0,0,0,0,0,0,0,0,0,0,0,0,0,0,0,0,0,0,0,0,0,0,0,0,0,0,0,0,0,0,0,2
2021,"Kensington and Chelsea 008","E02000584",16,15,0,0,0,0,0,0,0,0,0,0,0,15,0,0,0,0,0,15,0,0,0,0,0,0,0,0,0,0,0,0,1
2021,"Kensington and Chelsea 009","E02000585",73,0,0,0,0,0,0,0,0,0,0,0,0,0,0,0,0,0,0,0,71,0,0,0,0,13,51,0,0,0,0,7,2
2021,"Kensington and Chelsea 010","E02000586",76,0,0,0,0,0,0,0,0,0,0,0,0,0,0,0,0,0,0,0,75,0,0,0,0,10,54,0,0,0,11,0,1
2021,"Kensington and Chelsea 011","E02000587",27,0,0,0,0,0,0,0,0,0,0,0,0,0,0,0,0,0,0,0,27,0,0,0,0,0,0,0,0,0,0,27,0
2021,"Kensington and Chelsea 012","E02000588",1,0,0,0,0,0,0,0,0,0,0,0,0,0,0,0,0,0,0,0,1,0,0,0,0,0,1,0,0,0,0,0,0
2021,"Kensington and Chelsea 013","E02000589",274,37,0,0,0,0,37,0,0,0,37,0,0,0,0,0,0,0,0,0,207,0,0,0,0,61,95,0,2,0,0,49,30
2021,"Kensington and Chelsea 014","E02000590",45,0,0,0,0,0,0,0,0,0,0,0,0,0,0,0,0,0,0,0,44,0,0,0,0,0,12,0,0,0,0,32,1
2021,"Kensington and Chelsea 015","E02000591",131,13,0,0,0,0,0,0,0,0,0,0,0,13,0,12,0,0,0,1,109,0,0,0,0,0,79,0,0,4,0,26,9
2021,"Kensington and Chelsea 016","E02000592",158,31,0,0,0,0,0,0,0,0,0,0,0,31,0,31,0,0,0,0,127,0,0,0,0,75,38,13,0,0,0,1,0
2021,"Kensington and Chelsea 017","E02000593",104,0,0,0,0,0,0,0,0,0,0,0,0,0,0,0,0,0,0,0,102,0,0,0,0,54,12,35,0,0,0,1,2
2021,"Kensington and Chelsea 018","E02000594",282,80,0,0,0,0,0,0,0,0,0,0,0,80,80,0,0,0,0,0,198,0,0,0,0,0,3,0,0,0,0,195,4
2021,"Kensington and Chelsea 019","E02000595",101,17,2,0,0,2,0,0,0,0,0,0,0,15,15,0,0,0,0,0,80,0,0,0,0,53,0,0,0,0,27,0,4
2021,"Kensington and Chelsea 020","E02000596",218,60,0,0,0,0,0,0,0,0,0,0,0,60,60,0,0,0,0,0,156,0,0,0,0,146,0,0,0,0,10,0,2
2021,"Kensington and Chelsea 021","E02000597",0,0,0,0,0,0,0,0,0,0,0,0,0,0,0,0,0,0,0,0,0,0,0,0,0,0,0,0,0,0,0,0,0
2021,"Kingston upon Thames 001","E02000598",0,0,0,0,0,0,0,0,0,0,0,0,0,0,0,0,0,0,0,0,0,0,0,0,0,0,0,0,0,0,0,0,0
2021,"Kingston upon Thames 002","E02000599",316,174,0,0,0,0,0,0,0,0,0,0,0,174,120,54,0,0,0,0,142,0,0,0,0,142,0,0,0,0,0,0,0
2021,"Kingston upon Thames 003","E02000600",64,60,4,4,0,0,0,0,0,0,0,0,0,56,56,0,0,0,0,0,2,0,0,0,0,0,2,0,0,0,0,0,2
2021,"Kingston upon Thames 004","E02000601",2,0,0,0,0,0,0,0,0,0,0,0,0,0,0,0,0,0,0,0,0,0,0,0,0,0,0,0,0,0,0,0,2
2021,"Kingston upon Thames 005","E02000602",654,0,0,0,0,0,0,0,0,0,0,0,0,0,0,0,0,0,0,0,647,0,0,0,0,266,206,0,0,0,0,175,7
2021,"Kingston upon Thames 006","E02000603",257,25,0,0,0,0,0,0,0,0,0,0,0,25,0,25,0,0,0,0,229,0,0,0,0,229,0,0,0,0,0,0,3
2021,"Kingston upon Thames 007","E02000604",25,0,0,0,0,0,0,0,0,0,0,0,0,0,0,0,0,0,0,0,25,0,0,0,0,0,0,0,0,0,0,25,0
2021,"Kingston upon Thames 008","E02000605",179,123,0,0,0,0,0,0,0,0,0,0,0,123,81,42,0,0,0,0,56,0,0,0,0,0,1,0,0,0,0,55,0
2021,"Kingston upon Thames 009","E02000606",442,36,0,0,0,0,30,0,0,0,30,0,0,6,0,6,0,0,0,0,404,0,0,0,0,266,2,0,0,0,0,136,2
2021,"Kingston upon Thames 010","E02000607",418,15,0,0,0,0,0,0,0,0,0,0,0,15,0,0,0,0,0,15,403,0,0,0,0,384,0,2,0,0,0,17,0
2021,"Kingston upon Thames 011","E02000608",506,55,0,0,0,0,0,0,0,0,0,0,0,55,34,8,13,0,0,0,451,0,0,0,0,377,0,74,0,0,0,0,0
2021,"Kingston upon Thames 012","E02000609",59,55,0,0,0,0,0,0,0,0,0,0,0,55,12,30,0,0,0,13,0,0,0,0,0,0,0,0,0,0,0,0,4
2021,"Kingston upon Thames 013","E02000610",156,155,0,0,0,0,47,0,35,12,0,0,0,108,52,56,0,0,0,0,0,0,0,0,0,0,0,0,0,0,0,0,1
2021,"Kingston upon Thames 014","E02000611",0,0,0,0,0,0,0,0,0,0,0,0,0,0,0,0,0,0,0,0,0,0,0,0,0,0,0,0,0,0,0,0,0
2021,"Kingston upon Thames 015","E02000612",87,87,0,0,0,0,0,0,0,0,0,0,0,87,30,57,0,0,0,0,0,0,0,0,0,0,0,0,0,0,0,0,0
2021,"Kingston upon Thames 016","E02000613",151,141,0,0,0,0,0,0,0,0,0,0,0,141,98,43,0,0,0,0,5,0,0,0,0,0,0,0,0,0,0,5,5
2021,"Kingston upon Thames 017","E02000614",2,0,0,0,0,0,0,0,0,0,0,0,0,0,0,0,0,0,0,0,0,0,0,0,0,0,0,0,0,0,0,0,2
2021,"Kingston upon Thames 018","E02000615",0,0,0,0,0,0,0,0,0,0,0,0,0,0,0,0,0,0,0,0,0,0,0,0,0,0,0,0,0,0,0,0,0
2021,"Kingston upon Thames 019","E02000616",0,0,0,0,0,0,0,0,0,0,0,0,0,0,0,0,0,0,0,0,0,0,0,0,0,0,0,0,0,0,0,0,0
2021,"Kingston upon Thames 020","E02000617",56,56,0,0,0,0,30,0,0,30,0,0,0,26,0,26,0,0,0,0,0,0,0,0,0,0,0,0,0,0,0,0,0
2021,"Lambeth 002","E02000619",52,32,0,0,0,0,0,0,0,0,0,0,0,32,0,13,0,0,0,19,15,0,0,0,0,0,0,0,0,0,0,15,5
2021,"Lambeth 003","E02000620",137,0,0,0,0,0,0,0,0,0,0,0,0,0,0,0,0,0,0,0,135,12,0,0,0,119,4,0,0,0,0,0,2
2021,"Lambeth 004","E02000621",559,80,0,0,0,0,0,0,0,0,0,0,0,80,80,0,0,0,0,0,416,0,0,0,0,333,0,15,0,0,0,68,63
2021,"Lambeth 005","E02000622",93,0,0,0,0,0,0,0,0,0,0,0,0,0,0,0,0,0,0,0,84,0,0,0,0,48,0,7,0,0,11,18,9
2021,"Lambeth 006","E02000623",25,0,0,0,0,0,0,0,0,0,0,0,0,0,0,0,0,0,0,0,25,0,0,0,0,0,0,0,0,0,0,25,0
2021,"Lambeth 007","E02000624",56,15,0,0,0,0,0,0,0,0,0,13,13,2,2,0,0,0,0,0,40,0,0,0,0,40,0,0,0,0,0,0,1
2021,"Lambeth 008","E02000625",44,28,0,0,0,0,0,0,0,0,0,0,0,28,28,0,0,0,0,0,14,0,0,0,0,0,14,0,0,0,0,0,2
2021,"Lambeth 009","E02000626",55,0,0,0,0,0,0,0,0,0,0,0,0,0,0,0,0,0,0,0,48,0,0,0,0,0,0,0,0,0,0,48,7
2021,"Lambeth 010","E02000627",239,26,26,0,26,0,0,0,0,0,0,0,0,0,0,0,0,0,0,0,205,0,0,0,0,159,0,46,0,0,0,0,8
2021,"Lambeth 011","E02000628",60,54,0,0,0,0,0,0,0,0,0,0,0,54,54,0,0,0,0,0,3,0,0,0,0,0,0,3,0,0,0,0,3
2021,"Lambeth 012","E02000629",1,0,0,0,0,0,0,0,0,0,0,0,0,0,0,0,0,0,0,0,0,0,0,0,0,0,0,0,0,0,0,0,1
2021,"Lambeth 013","E02000630",63,59,0,0,0,0,0,0,0,0,0,59,59,0,0,0,0,0,0,0,2,0,0,0,0,0,0,2,0,0,0,0,2
2021,"Lambeth 014","E02000631",79,1,1,1,0,0,0,0,0,0,0,0,0,0,0,0,0,0,0,0,72,0,0,0,0,0,0,72,0,0,0,0,6
2021,"Lambeth 015","E02000632",39,7,0,0,0,0,0,0,0,0,0,0,0,7,0,7,0,0,0,0,22,0,0,0,0,0,0,22,0,0,0,0,10
2021,"Lambeth 016","E02000633",26,7,0,0,0,0,0,0,0,0,0,0,0,7,0,0,0,0,0,7,0,0,0,0,0,0,0,0,0,0,0,0,19
2021,"Lambeth 017","E02000634",53,52,0,0,0,0,0,0,0,0,0,0,0,52,52,0,0,0,0,0,0,0,0,0,0,0,0,0,0,0,0,0,1
2021,"Lambeth 018","E02000635",40,0,0,0,0,0,0,0,0,0,0,0,0,0,0,0,0,0,0,0,36,0,0,0,0,36,0,0,0,0,0,0,4
2021,"Lambeth 019","E02000636",37,0,0,0,0,0,0,0,0,0,0,0,0,0,0,0,0,0,0,0,30,0,0,0,0,0,0,30,0,0,0,0,7
2021,"Lambeth 020","E02000637",13,0,0,0,0,0,0,0,0,0,0,0,0,0,0,0,0,0,0,0,9,0,0,0,0,0,0,9,0,0,0,0,4
2021,"Lambeth 021","E02000638",710,68,0,0,0,0,0,0,0,0,0,0,0,68,68,0,0,0,0,0,637,0,634,0,0,0,0,3,0,0,0,0,5
2021,"Lambeth 022","E02000639",3,0,0,0,0,0,0,0,0,0,0,0,0,0,0,0,0,0,0,0,0,0,0,0,0,0,0,0,0,0,0,0,3
2021,"Lambeth 023","E02000640",0,0,0,0,0,0,0,0,0,0,0,0,0,0,0,0,0,0,0,0,0,0,0,0,0,0,0,0,0,0,0,0,0
2021,"Lambeth 024","E02000641",96,77,0,0,0,0,0,0,0,0,0,0,0,77,75,0,0,0,0,2,14,0,0,14,0,0,0,0,0,0,0,0,5
2021,"Lambeth 025","E02000642",12,12,0,0,0,0,0,0,0,0,0,0,0,12,0,10,2,0,0,0,0,0,0,0,0,0,0,0,0,0,0,0,0
2021,"Lambeth 026","E02000643",57,20,0,0,0,0,0,0,0,0,0,0,0,20,9,11,0,0,0,0,37,0,0,0,0,0,0,0,0,0,22,15,0
2021,"Lambeth 027","E02000644",0,0,0,0,0,0,0,0,0,0,0,0,0,0,0,0,0,0,0,0,0,0,0,0,0,0,0,0,0,0,0,0,0
2021,"Lambeth 028","E02000645",11,8,0,0,0,0,0,0,0,0,0,0,0,8,0,8,0,0,0,0,3,0,0,0,0,0,0,3,0,0,0,0,0
2021,"Lambeth 029","E02000646",116,97,0,0,0,0,0,0,0,0,0,0,0,97,22,75,0,0,0,0,15,0,0,0,0,0,0,0,0,0,0,15,4
2021,"Lambeth 030","E02000647",148,59,0,0,0,0,0,0,0,0,0,0,0,59,52,7,0,0,0,0,24,0,0,24,0,0,0,0,0,0,0,0,65
2021,"Lambeth 031","E02000648",64,62,0,0,0,0,0,0,0,0,0,0,0,62,62,0,0,0,0,0,0,0,0,0,0,0,0,0,0,0,0,0,2
2021,"Lambeth 032","E02000649",208,195,0,0,0,0,29,0,21,8,0,0,0,166,79,87,0,0,0,0,0,0,0,0,0,0,0,0,0,0,0,0,13
2021,"Lambeth 033","E02000650",6,0,0,0,0,0,0,0,0,0,0,0,0,0,0,0,0,0,0,0,0,0,0,0,0,0,0,0,0,0,0,0,6
2021,"Lambeth 034","E02000651",109,100,22,0,0,22,0,0,0,0,0,0,0,78,7,71,0,0,0,0,0,0,0,0,0,0,0,0,0,0,0,0,9
2021,"Lambeth 035","E02000652",46,46,0,0,0,0,0,0,0,0,0,0,0,46,0,46,0,0,0,0,0,0,0,0,0,0,0,0,0,0,0,0,0
2021,"Lewisham 001","E02000653",2,0,0,0,0,0,0,0,0,0,0,0,0,0,0,0,0,0,0,0,0,0,0,0,0,0,0,0,0,0,0,0,2
2021,"Lewisham 002","E02000654",6,5,0,0,0,0,0,0,0,0,0,0,0,5,0,5,0,0,0,0,0,0,0,0,0,0,0,0,0,0,0,0,1
2021,"Lewisham 003","E02000655",274,65,0,0,0,0,0,0,0,0,0,0,0,65,65,0,0,0,0,0,202,0,0,0,0,202,0,0,0,0,0,0,7
2021,"Lewisham 005","E02000657",487,0,0,0,0,0,0,0,0,0,0,0,0,0,0,0,0,0,0,0,483,0,0,0,0,480,3,0,0,0,0,0,4
2021,"Lewisham 006","E02000658",16,14,0,0,0,0,0,0,0,0,0,0,0,14,0,8,0,6,0,0,0,0,0,0,0,0,0,0,0,0,0,0,2
2021,"Lewisham 007","E02000659",65,42,0,0,0,0,0,0,0,0,0,0,0,42,34,0,0,8,0,0,21,21,0,0,0,0,0,0,0,0,0,0,2
2021,"Lewisham 008","E02000660",146,0,0,0,0,0,0,0,0,0,0,0,0,0,0,0,0,0,0,0,144,0,0,0,0,80,7,57,0,0,0,0,2
2021,"Lewisham 009","E02000661",23,22,0,0,0,0,0,0,0,0,0,0,0,22,0,22,0,0,0,0,1,0,0,0,0,0,1,0,0,0,0,0,0
2021,"Lewisham 010","E02000662",0,0,0,0,0,0,0,0,0,0,0,0,0,0,0,0,0,0,0,0,0,0,0,0,0,0,0,0,0,0,0,0,0
2021,"Lewisham 011","E02000663",23,0,0,0,0,0,0,0,0,0,0,0,0,0,0,0,0,0,0,0,21,0,0,0,0,21,0,0,0,0,0,0,2
2021,"Lewisham 013","E02000665",0,0,0,0,0,0,0,0,0,0,0,0,0,0,0,0,0,0,0,0,0,0,0,0,0,0,0,0,0,0,0,0,0
2021,"Lewisham 014","E02000666",71,69,0,0,0,0,0,0,0,0,0,0,0,69,69,0,0,0,0,0,0,0,0,0,0,0,0,0,0,0,0,0,2
2021,"Lewisham 015","E02000667",6,4,0,0,0,0,0,0,0,0,0,0,0,4,0,0,4,0,0,0,0,0,0,0,0,0,0,0,0,0,0,0,2
2021,"Lewisham 016","E02000668",3,0,0,0,0,0,0,0,0,0,0,0,0,0,0,0,0,0,0,0,0,0,0,0,0,0,0,0,0,0,0,0,3
2021,"Lewisham 017","E02000669",124,92,19,0,19,0,7,0,0,7,0,0,0,66,29,37,0,0,0,0,23,0,0,0,0,0,0,23,0,0,0,0,9
2021,"Lewisham 018","E02000670",9,7,0,0,0,0,0,0,0,0,0,0,0,7,7,0,0,0,0,0,0,0,0,0,0,0,0,0,0,0,0,0,2
2021,"Lewisham 019","E02000671",0,0,0,0,0,0,0,0,0,0,0,0,0,0,0,0,0,0,0,0,0,0,0,0,0,0,0,0,0,0,0,0,0
2021,"Lewisham 020","E02000672",152,127,0,0,0,0,5,0,0,5,0,0,0,122,14,76,0,32,0,0,22,0,0,13,0,0,0,9,0,0,0,0,3
2021,"Lewisham 021","E02000673",4,0,0,0,0,0,0,0,0,0,0,0,0,0,0,0,0,0,0,0,0,0,0,0,0,0,0,0,0,0,0,0,4
2021,"Lewisham 022","E02000674",170,159,0,0,0,0,0,0,0,0,0,0,0,159,0,127,0,32,0,0,0,0,0,0,0,0,0,0,0,0,0,0,11
2021,"Lewisham 023","E02000675",73,62,0,0,0,0,0,0,0,0,0,9,9,53,30,14,0,0,0,9,0,0,0,0,0,0,0,0,0,0,0,0,11
2021,"Lewisham 024","E02000676",44,26,0,0,0,0,0,0,0,0,0,0,0,26,0,11,0,0,0,15,4,0,0,0,0,0,0,0,0,0,4,0,14
2021,"Lewisham 025","E02000677",96,85,0,0,0,0,0,0,0,0,0,0,0,85,7,78,0,0,0,0,1,0,0,0,0,0,0,1,0,0,0,0,10
2021,"Lewisham 026","E02000678",1,0,0,0,0,0,0,0,0,0,0,0,0,0,0,0,0,0,0,0,0,0,0,0,0,0,0,0,0,0,0,0,1
2021,"Lewisham 027","E02000679",25,25,0,0,0,0,0,0,0,0,0,0,0,25,0,25,0,0,0,0,0,0,0,0,0,0,0,0,0,0,0,0,0
2021,"Lewisham 028","E02000680",47,45,0,0,0,0,0,0,0,0,0,0,0,45,45,0,0,0,0,0,0,0,0,0,0,0,0,0,0,0,0,0,2
2021,"Lewisham 029","E02000681",10,0,0,0,0,0,0,0,0,0,0,0,0,0,0,0,0,0,0,0,0,0,0,0,0,0,0,0,0,0,0,0,10
2021,"Lewisham 030","E02000682",25,12,0,0,0,0,0,0,0,0,0,0,0,12,0,0,0,12,0,0,12,0,0,0,0,0,0,0,0,0,0,12,1
2021,"Lewisham 031","E02000683",7,5,0,0,0,0,0,0,0,0,0,0,0,5,0,5,0,0,0,0,0,0,0,0,0,0,0,0,0,0,0,0,2
2021,"Lewisham 033","E02000685",67,46,0,0,0,0,0,0,0,0,0,0,0,46,46,0,0,0,0,0,20,0,0,0,0,0,20,0,0,0,0,0,1
2021,"Lewisham 034","E02000686",8,4,0,0,0,0,0,0,0,0,0,0,0,4,0,4,0,0,0,0,0,0,0,0,0,0,0,0,0,0,0,0,4
2021,"Lewisham 035","E02000687",109,107,0,0,0,0,0,0,0,0,0,0,0,107,60,47,0,0,0,0,0,0,0,0,0,0,0,0,0,0,0,0,2
2021,"Merton 001","E02000689",2,2,0,0,0,0,0,0,0,0,0,0,0,2,0,0,0,0,0,2,0,0,0,0,0,0,0,0,0,0,0,0,0
2021,"Merton 002","E02000690",103,83,0,0,0,0,47,0,47,0,0,0,0,36,0,36,0,0,0,0,18,0,0,0,0,0,0,0,0,0,0,18,2
2021,"Merton 003","E02000691",102,40,0,0,0,0,0,0,0,0,0,0,0,40,25,15,0,0,0,0,62,0,0,0,0,0,0,59,0,0,0,3,0
2021,"Merton 004","E02000692",57,54,0,0,0,0,0,0,0,0,0,0,0,54,54,0,0,0,0,0,3,0,0,0,0,0,2,0,0,0,0,1,0
2021,"Merton 005","E02000693",163,56,0,0,0,0,0,0,0,0,0,0,0,56,56,0,0,0,0,0,107,0,0,0,0,0,0,13,0,0,0,94,0
2021,"Merton 006","E02000694",17,14,0,0,0,0,0,0,0,0,0,0,0,14,0,14,0,0,0,0,0,0,0,0,0,0,0,0,0,0,0,0,3
2021,"Merton 007","E02000695",15,7,0,0,0,0,0,0,0,0,0,0,0,7,0,7,0,0,0,0,5,0,0,0,0,0,0,0,0,0,0,5,3
2021,"Merton 008","E02000696",2,0,0,0,0,0,0,0,0,0,0,0,0,0,0,0,0,0,0,0,0,0,0,0,0,0,0,0,0,0,0,0,2
2021,"Merton 009","E02000697",9,0,0,0,0,0,0,0,0,0,0,0,0,0,0,0,0,0,0,0,7,0,0,0,0,0,0,7,0,0,0,0,2
2021,"Merton 010","E02000698",67,64,0,0,0,0,0,0,0,0,0,0,0,64,64,0,0,0,0,0,0,0,0,0,0,0,0,0,0,0,0,0,3
2021,"Merton 011","E02000699",0,0,0,0,0,0,0,0,0,0,0,0,0,0,0,0,0,0,0,0,0,0,0,0,0,0,0,0,0,0,0,0,0
2021,"Merton 012","E02000700",4,0,0,0,0,0,0,0,0,0,0,0,0,0,0,0,0,0,0,0,0,0,0,0,0,0,0,0,0,0,0,0,4
2021,"Merton 013","E02000701",0,0,0,0,0,0,0,0,0,0,0,0,0,0,0,0,0,0,0,0,0,0,0,0,0,0,0,0,0,0,0,0,0
2021,"Merton 014","E02000702",15,10,0,0,0,0,0,0,0,0,0,0,0,10,0,10,0,0,0,0,0,0,0,0,0,0,0,0,0,0,0,0,5
2021,"Merton 015","E02000703",0,0,0,0,0,0,0,0,0,0,0,0,0,0,0,0,0,0,0,0,0,0,0,0,0,0,0,0,0,0,0,0,0
2021,"Merton 016","E02000704",86,85,0,0,0,0,0,0,0,0,0,0,0,85,85,0,0,0,0,0,0,0,0,0,0,0,0,0,0,0,0,0,1
2021,"Merton 017","E02000705",81,79,0,0,0,0,0,0,0,0,0,0,0,79,79,0,0,0,0,0,0,0,0,0,0,0,0,0,0,0,0,0,2
2021,"Merton 018","E02000706",0,0,0,0,0,0,0,0,0,0,0,0,0,0,0,0,0,0,0,0,0,0,0,0,0,0,0,0,0,0,0,0,0
2021,"Merton 019","E02000707",17,15,0,0,0,0,0,0,0,0,0,0,0,15,0,15,0,0,0,0,0,0,0,0,0,0,0,0,0,0,0,0,2
2021,"Merton 020","E02000708",22,10,0,0,0,0,10,0,0,10,0,0,0,0,0,0,0,0,0,0,11,0,0,0,0,11,0,0,0,0,0,0,1
2021,"Merton 021","E02000709",0,0,0,0,0,0,0,0,0,0,0,0,0,0,0,0,0,0,0,0,0,0,0,0,0,0,0,0,0,0,0,0,0
2021,"Merton 022","E02000710",206,194,0,0,0,0,6,0,0,6,0,18,18,170,144,26,0,0,0,0,0,0,0,0,0,0,0,0,0,0,0,0,12
2021,"Merton 023","E02000711",31,29,0,0,0,0,0,0,0,0,0,0,0,29,8,21,0,0,0,0,0,0,0,0,0,0,0,0,0,0,0,0,2
2021,"Merton 024","E02000712",23,22,0,0,0,0,0,0,0,0,0,0,0,22,0,22,0,0,0,0,0,0,0,0,0,0,0,0,0,0,0,0,1
2021,"Merton 025","E02000713",56,56,0,0,0,0,0,0,0,0,0,0,0,56,37,19,0,0,0,0,0,0,0,0,0,0,0,0,0,0,0,0,0
2021,"Newham 001","E02000714",2,0,0,0,0,0,0,0,0,0,0,0,0,0,0,0,0,0,0,0,0,0,0,0,0,0,0,0,0,0,0,0,2
2021,"Newham 002","E02000715",42,42,0,0,0,0,0,0,0,0,0,0,0,42,42,0,0,0,0,0,0,0,0,0,0,0,0,0,0,0,0,0,0
2021,"Newham 003","E02000716",59,58,0,0,0,0,0,0,0,0,0,0,0,58,42,16,0,0,0,0,0,0,0,0,0,0,0,0,0,0,0,0,1
2021,"Newham 004","E02000717",8,8,0,0,0,0,0,0,0,0,0,0,0,8,0,8,0,0,0,0,0,0,0,0,0,0,0,0,0,0,0,0,0
2021,"Newham 005","E02000718",0,0,0,0,0,0,0,0,0,0,0,0,0,0,0,0,0,0,0,0,0,0,0,0,0,0,0,0,0,0,0,0,0
2021,"Newham 006","E02000719",42,25,0,0,0,0,0,0,0,0,0,0,0,25,0,25,0,0,0,0,0,0,0,0,0,0,0,0,0,0,0,0,17
2021,"Newham 007","E02000720",3,2,0,0,0,0,0,0,0,0,0,0,0,2,0,0,2,0,0,0,0,0,0,0,0,0,0,0,0,0,0,0,1
2021,"Newham 008","E02000721",34,6,0,0,0,0,0,0,0,0,0,0,0,6,0,6,0,0,0,0,26,0,0,0,0,0,17,0,0,0,9,0,2
2021,"Newham 009","E02000722",102,68,0,0,0,0,0,0,0,0,0,0,0,68,68,0,0,0,0,0,23,0,0,23,0,0,0,0,0,0,0,0,11
2021,"Newham 010","E02000723",12,12,0,0,0,0,0,0,0,0,0,0,0,12,0,12,0,0,0,0,0,0,0,0,0,0,0,0,0,0,0,0,0
2021,"Newham 011","E02000724",17,17,17,0,0,17,0,0,0,0,0,0,0,0,0,0,0,0,0,0,0,0,0,0,0,0,0,0,0,0,0,0,0
2021,"Newham 012","E02000725",50,0,0,0,0,0,0,0,0,0,0,0,0,0,0,0,0,0,0,0,49,0,0,0,0,36,3,3,0,0,7,0,1
2021,"Newham 014","E02000727",6,6,0,0,0,0,0,0,0,0,0,0,0,6,0,6,0,0,0,0,0,0,0,0,0,0,0,0,0,0,0,0,0
2021,"Newham 015","E02000728",1,0,0,0,0,0,0,0,0,0,0,0,0,0,0,0,0,0,0,0,0,0,0,0,0,0,0,0,0,0,0,0,1
2021,"Newham 016","E02000729",0,0,0,0,0,0,0,0,0,0,0,0,0,0,0,0,0,0,0,0,0,0,0,0,0,0,0,0,0,0,0,0,0
2021,"Newham 017","E02000730",21,17,0,0,0,0,0,0,0,0,0,0,0,17,0,17,0,0,0,0,2,0,0,0,0,0,0,2,0,0,0,0,2
2021,"Newham 018","E02000731",0,0,0,0,0,0,0,0,0,0,0,0,0,0,0,0,0,0,0,0,0,0,0,0,0,0,0,0,0,0,0,0,0
2021,"Newham 019","E02000732",1,0,0,0,0,0,0,0,0,0,0,0,0,0,0,0,0,0,0,0,0,0,0,0,0,0,0,0,0,0,0,0,1
2021,"Newham 020","E02000733",40,0,0,0,0,0,0,0,0,0,0,0,0,0,0,0,0,0,0,0,39,0,0,0,0,0,39,0,0,0,0,0,1
2021,"Newham 021","E02000734",3,1,0,0,0,0,0,0,0,0,0,0,0,1,0,0,0,0,0,1,0,0,0,0,0,0,0,0,0,0,0,0,2
2021,"Newham 022","E02000735",2,0,0,0,0,0,0,0,0,0,0,0,0,0,0,0,0,0,0,0,0,0,0,0,0,0,0,0,0,0,0,0,2
2021,"Newham 023","E02000736",50,50,0,0,0,0,0,0,0,0,0,0,0,50,45,5,0,0,0,0,0,0,0,0,0,0,0,0,0,0,0,0,0
2021,"Newham 024","E02000737",0,0,0,0,0,0,0,0,0,0,0,0,0,0,0,0,0,0,0,0,0,0,0,0,0,0,0,0,0,0,0,0,0
2021,"Newham 025","E02000738",0,0,0,0,0,0,0,0,0,0,0,0,0,0,0,0,0,0,0,0,0,0,0,0,0,0,0,0,0,0,0,0,0
2021,"Newham 026","E02000739",0,0,0,0,0,0,0,0,0,0,0,0,0,0,0,0,0,0,0,0,0,0,0,0,0,0,0,0,0,0,0,0,0
2021,"Newham 027","E02000740",13,11,0,0,0,0,0,0,0,0,0,0,0,11,0,11,0,0,0,0,0,0,0,0,0,0,0,0,0,0,0,0,2
2021,"Newham 028","E02000741",6,6,4,4,0,0,0,0,0,0,0,0,0,2,2,0,0,0,0,0,0,0,0,0,0,0,0,0,0,0,0,0,0
2021,"Newham 029","E02000742",64,62,0,0,0,0,0,0,0,0,0,0,0,62,54,8,0,0,0,0,0,0,0,0,0,0,0,0,0,0,0,0,2
2021,"Newham 030","E02000743",110,0,0,0,0,0,0,0,0,0,0,0,0,0,0,0,0,0,0,0,104,0,0,0,0,0,0,79,0,0,25,0,6
2021,"Newham 031","E02000744",2,0,0,0,0,0,0,0,0,0,0,0,0,0,0,0,0,0,0,0,0,0,0,0,0,0,0,0,0,0,0,0,2
2021,"Newham 032","E02000745",0,0,0,0,0,0,0,0,0,0,0,0,0,0,0,0,0,0,0,0,0,0,0,0,0,0,0,0,0,0,0,0,0
2021,"Newham 033","E02000746",459,48,0,0,0,0,0,0,0,0,0,0,0,48,0,6,0,42,0,0,411,0,0,0,0,410,1,0,0,0,0,0,0
2021,"Newham 034","E02000747",25,0,0,0,0,0,0,0,0,0,0,0,0,0,0,0,0,0,0,0,25,0,0,0,0,0,0,25,0,0,0,0,0
2021,"Newham 035","E02000748",168,0,0,0,0,0,0,0,0,0,0,0,0,0,0,0,0,0,0,0,168,0,0,0,0,164,4,0,0,0,0,0,0
2021,"Newham 036","E02000749",78,21,0,0,0,0,0,0,0,0,0,1,1,20,0,15,0,0,0,5,6,0,0,0,0,0,6,0,0,0,0,0,51
2021,"Redbridge 001","E02000751",94,73,0,0,0,0,0,0,0,0,0,0,0,73,41,32,0,0,0,0,21,0,0,0,0,0,0,0,0,0,8,13,0
2021,"Redbridge 002","E02000752",2,0,0,0,0,0,0,0,0,0,0,0,0,0,0,0,0,0,0,0,0,0,0,0,0,0,0,0,0,0,0,0,2
2021,"Redbridge 003","E02000753",55,54,0,0,0,0,54,0,0,54,0,0,0,0,0,0,0,0,0,0,0,0,0,0,0,0,0,0,0,0,0,0,1
2021,"Redbridge 004","E02000754",2,2,0,0,0,0,0,0,0,0,0,0,0,2,2,0,0,0,0,0,0,0,0,0,0,0,0,0,0,0,0,0,0
2021,"Redbridge 005","E02000755",10,10,0,0,0,0,0,0,0,0,0,0,0,10,0,10,0,0,0,0,0,0,0,0,0,0,0,0,0,0,0,0,0
2021,"Redbridge 006","E02000756",9,9,0,0,0,0,0,0,0,0,0,0,0,9,0,9,0,0,0,0,0,0,0,0,0,0,0,0,0,0,0,0,0
2021,"Redbridge 007","E02000757",52,52,0,0,0,0,0,0,0,0,0,0,0,52,34,18,0,0,0,0,0,0,0,0,0,0,0,0,0,0,0,0,0
2021,"Redbridge 008","E02000758",0,0,0,0,0,0,0,0,0,0,0,0,0,0,0,0,0,0,0,0,0,0,0,0,0,0,0,0,0,0,0,0,0
2021,"Redbridge 009","E02000759",61,21,0,0,0,0,0,0,0,0,0,0,0,21,0,16,5,0,0,0,39,0,0,0,0,0,0,0,0,0,0,39,1
2021,"Redbridge 010","E02000760",44,44,0,0,0,0,0,0,0,0,0,44,44,0,0,0,0,0,0,0,0,0,0,0,0,0,0,0,0,0,0,0,0
2021,"Redbridge 012","E02000762",4,4,0,0,0,0,0,0,0,0,0,0,0,4,0,4,0,0,0,0,0,0,0,0,0,0,0,0,0,0,0,0,0
2021,"Redbridge 013","E02000763",0,0,0,0,0,0,0,0,0,0,0,0,0,0,0,0,0,0,0,0,0,0,0,0,0,0,0,0,0,0,0,0,0
2021,"Redbridge 014","E02000764",142,114,0,0,0,0,38,0,0,38,0,0,0,76,32,44,0,0,0,0,27,0,0,0,0,0,16,0,0,0,11,0,1
2021,"Redbridge 015","E02000765",0,0,0,0,0,0,0,0,0,0,0,0,0,0,0,0,0,0,0,0,0,0,0,0,0,0,0,0,0,0,0,0,0
2021,"Redbridge 017","E02000767",139,80,0,0,0,0,0,0,0,0,0,13,13,67,67,0,0,0,0,0,4,0,0,0,0,0,4,0,0,0,0,0,55
2021,"Redbridge 018","E02000768",0,0,0,0,0,0,0,0,0,0,0,0,0,0,0,0,0,0,0,0,0,0,0,0,0,0,0,0,0,0,0,0,0
2021,"Redbridge 020","E02000770",31,31,0,0,0,0,0,0,0,0,0,0,0,31,0,31,0,0,0,0,0,0,0,0,0,0,0,0,0,0,0,0,0
2021,"Redbridge 022","E02000772",134,134,21,2,19,0,0,0,0,0,0,25,25,88,5,83,0,0,0,0,0,0,0,0,0,0,0,0,0,0,0,0,0
2021,"Redbridge 023","E02000773",110,8,0,0,0,0,0,0,0,0,0,0,0,8,0,6,2,0,0,0,102,0,0,0,0,102,0,0,0,0,0,0,0
2021,"Redbridge 024","E02000774",30,30,8,0,0,8,0,0,0,0,0,0,0,22,0,18,4,0,0,0,0,0,0,0,0,0,0,0,0,0,0,0,0
2021,"Redbridge 026","E02000776",48,38,0,0,0,0,0,0,0,0,0,0,0,38,0,36,0,0,0,2,10,0,0,0,0,0,6,4,0,0,0,0,0
2021,"Redbridge 027","E02000777",12,12,0,0,0,0,0,0,0,0,0,0,0,12,0,12,0,0,0,0,0,0,0,0,0,0,0,0,0,0,0,0,0
2021,"Redbridge 029","E02000779",130,68,0,0,0,0,8,0,0,8,0,0,0,60,0,51,0,0,0,9,62,0,0,0,0,0,26,15,0,0,0,21,0
2021,"Redbridge 031","E02000781",45,27,0,0,0,0,0,0,0,0,0,0,0,27,27,0,0,0,0,0,18,0,0,0,0,0,0,18,0,0,0,0,0
2021,"Redbridge 032","E02000782",116,97,0,0,0,0,0,0,0,0,0,0,0,97,82,15,0,0,0,0,19,0,0,0,0,0,0,0,0,0,0,19,0
2021,"Redbridge 033","E02000783",0,0,0,0,0,0,0,0,0,0,0,0,0,0,0,0,0,0,0,0,0,0,0,0,0,0,0,0,0,0,0,0,0
2021,"Richmond upon Thames 001","E02000784",120,49,0,0,0,0,0,0,0,0,0,0,0,49,0,49,0,0,0,0,70,0,0,0,0,70,0,0,0,0,0,0,1
2021,"Richmond upon Thames 002","E02000785",95,75,0,0,0,0,0,0,0,0,0,51,51,24,0,24,0,0,0,0,19,0,0,16,0,0,3,0,0,0,0,0,1
2021,"Richmond upon Thames 003","E02000786",17,15,0,0,0,0,0,0,0,0,0,0,0,15,0,15,0,0,0,0,0,0,0,0,0,0,0,0,0,0,0,0,2
2021,"Richmond upon Thames 004","E02000787",3,0,0,0,0,0,0,0,0,0,0,0,0,0,0,0,0,0,0,0,3,0,0,0,0,0,3,0,0,0,0,0,0
2021,"Richmond upon Thames 005","E02000788",12,11,0,0,0,0,0,0,0,0,0,0,0,11,0,11,0,0,0,0,0,0,0,0,0,0,0,0,0,0,0,0,1
2021,"Richmond upon Thames 006","E02000789",69,57,0,0,0,0,0,0,0,0,0,0,0,57,57,0,0,0,0,0,12,0,0,0,0,0,5,0,0,0,0,7,0
2021,"Richmond upon Thames 007","E02000790",0,0,0,0,0,0,0,0,0,0,0,0,0,0,0,0,0,0,0,0,0,0,0,0,0,0,0,0,0,0,0,0,0
2021,"Richmond upon Thames 008","E02000791",68,0,0,0,0,0,0,0,0,0,0,0,0,0,0,0,0,0,0,0,68,0,0,0,0,60,0,0,0,8,0,0,0
2021,"Richmond upon Thames 009","E02000792",128,126,0,0,0,0,0,0,0,0,0,0,0,126,76,50,0,0,0,0,0,0,0,0,0,0,0,0,0,0,0,0,2
2021,"Richmond upon Thames 010","E02000793",77,77,0,0,0,0,0,0,0,0,0,0,0,77,50,27,0,0,0,0,0,0,0,0,0,0,0,0,0,0,0,0,0
2021,"Richmond upon Thames 011","E02000794",17,17,0,0,0,0,0,0,0,0,0,0,0,17,0,17,0,0,0,0,0,0,0,0,0,0,0,0,0,0,0,0,0
2021,"Richmond upon Thames 012","E02000795",51,18,18,0,18,0,0,0,0,0,0,0,0,0,0,0,0,0,0,0,0,0,0,0,0,0,0,0,0,0,0,0,33
2021,"Richmond upon Thames 013","E02000796",34,34,0,0,0,0,0,0,0,0,0,0,0,34,4,30,0,0,0,0,0,0,0,0,0,0,0,0,0,0,0,0,0
2021,"Richmond upon Thames 014","E02000797",58,6,0,0,0,0,0,0,0,0,0,6,6,0,0,0,0,0,0,0,52,0,0,0,0,45,7,0,0,0,0,0,0
2021,"Richmond upon Thames 015","E02000798",38,32,0,0,0,0,0,0,0,0,0,0,0,32,32,0,0,0,0,0,0,0,0,0,0,0,0,0,0,0,0,0,6
2021,"Richmond upon Thames 016","E02000799",715,12,0,0,0,0,0,0,0,0,0,0,0,12,12,0,0,0,0,0,667,0,0,0,0,667,0,0,0,0,0,0,36
2021,"Richmond upon Thames 017","E02000800",1,0,0,0,0,0,0,0,0,0,0,0,0,0,0,0,0,0,0,0,0,0,0,0,0,0,0,0,0,0,0,0,1
2021,"Richmond upon Thames 018","E02000801",7,7,0,0,0,0,0,0,0,0,0,0,0,7,0,7,0,0,0,0,0,0,0,0,0,0,0,0,0,0,0,0,0
2021,"Richmond upon Thames 019","E02000802",98,98,0,0,0,0,9,0,0,9,0,0,0,89,64,25,0,0,0,0,0,0,0,0,0,0,0,0,0,0,0,0,0
2021,"Richmond upon Thames 020","E02000803",12,12,0,0,0,0,0,0,0,0,0,0,0,12,0,12,0,0,0,0,0,0,0,0,0,0,0,0,0,0,0,0,0
2021,"Richmond upon Thames 021","E02000804",61,42,0,0,0,0,0,0,0,0,0,0,0,42,0,42,0,0,0,0,19,0,0,0,0,0,19,0,0,0,0,0,0
2021,"Richmond upon Thames 022","E02000805",99,92,0,0,0,0,0,0,0,0,0,10,10,82,45,37,0,0,0,0,7,0,0,0,0,0,7,0,0,0,0,0,0
2021,"Richmond upon Thames 023","E02000806",84,82,0,0,0,0,0,0,0,0,0,0,0,82,75,7,0,0,0,0,0,0,0,0,0,0,0,0,0,0,0,0,2
2021,"Southwark 001","E02000807",0,0,0,0,0,0,0,0,0,0,0,0,0,0,0,0,0,0,0,0,0,0,0,0,0,0,0,0,0,0,0,0,0
2021,"Southwark 002","E02000808",1258,0,0,0,0,0,0,0,0,0,0,0,0,0,0,0,0,0,0,0,1253,0,0,0,0,1231,5,8,0,0,0,9,5
2021,"Southwark 004","E02000810",11,0,0,0,0,0,0,0,0,0,0,0,0,0,0,0,0,0,0,0,9,0,0,0,0,0,0,0,0,0,9,0,2
2021,"Southwark 006","E02000812",493,122,5,5,0,0,0,0,0,0,0,0,0,117,117,0,0,0,0,0,362,0,0,0,0,332,0,30,0,0,0,0,9
2021,"Southwark 007","E02000813",88,23,0,0,0,0,0,0,0,0,0,0,0,23,0,23,0,0,0,0,63,0,0,0,0,63,0,0,0,0,0,0,2
2021,"Southwark 008","E02000814",63,54,0,0,0,0,0,0,0,0,0,0,0,54,0,54,0,0,0,0,0,0,0,0,0,0,0,0,0,0,0,0,9
2021,"Southwark 009","E02000815",597,0,0,0,0,0,0,0,0,0,0,0,0,0,0,0,0,0,0,0,596,0,0,0,0,596,0,0,0,0,0,0,1
2021,"Southwark 010","E02000816",2,0,0,0,0,0,0,0,0,0,0,0,0,0,0,0,0,0,0,0,0,0,0,0,0,0,0,0,0,0,0,0,2
2021,"Southwark 011","E02000817",90,82,0,0,0,0,0,0,0,0,0,0,0,82,32,50,0,0,0,0,8,0,0,0,0,0,0,0,0,0,0,8,0
2021,"Southwark 012","E02000818",8,0,0,0,0,0,0,0,0,0,0,0,0,0,0,0,0,0,0,0,2,0,0,0,0,0,0,2,0,0,0,0,6
2021,"Southwark 013","E02000819",9,9,0,0,0,0,0,0,0,0,0,0,0,9,0,9,0,0,0,0,0,0,0,0,0,0,0,0,0,0,0,0,0
2021,"Southwark 014","E02000820",311,0,0,0,0,0,0,0,0,0,0,0,0,0,0,0,0,0,0,0,307,0,0,0,0,307,0,0,0,0,0,0,4
2021,"Southwark 015","E02000821",0,0,0,0,0,0,0,0,0,0,0,0,0,0,0,0,0,0,0,0,0,0,0,0,0,0,0,0,0,0,0,0,0
2021,"Southwark 016","E02000822",17,0,0,0,0,0,0,0,0,0,0,0,0,0,0,0,0,0,0,0,17,0,0,9,0,0,8,0,0,0,0,0,0
2021,"Southwark 017","E02000823",18,0,0,0,0,0,0,0,0,0,0,0,0,0,0,0,0,0,0,0,15,0,0,0,0,0,0,15,0,0,0,0,3
2021,"Southwark 018","E02000824",0,0,0,0,0,0,0,0,0,0,0,0,0,0,0,0,0,0,0,0,0,0,0,0,0,0,0,0,0,0,0,0,0
2021,"Southwark 019","E02000825",233,42,0,0,0,0,0,0,0,0,0,0,0,42,2,37,0,3,0,0,191,0,0,0,0,189,0,0,0,0,0,2,0
2021,"Southwark 020","E02000826",244,0,0,0,0,0,0,0,0,0,0,0,0,0,0,0,0,0,0,0,240,0,0,0,0,240,0,0,0,0,0,0,4
2021,"Southwark 021","E02000827",54,0,0,0,0,0,0,0,0,0,0,0,0,0,0,0,0,0,0,0,54,0,0,0,0,40,1,1,0,0,0,12,0
2021,"Southwark 022","E02000828",2,0,0,0,0,0,0,0,0,0,0,0,0,0,0,0,0,0,0,0,0,0,0,0,0,0,0,0,0,0,0,0,2
2021,"Southwark 023","E02000829",129,56,0,0,0,0,0,0,0,0,0,0,0,56,56,0,0,0,0,0,61,0,0,0,0,0,0,59,0,0,0,2,12
2021,"Southwark 024","E02000830",133,44,0,0,0,0,0,0,0,0,0,0,0,44,0,44,0,0,0,0,82,0,0,0,0,71,0,9,0,2,0,0,7
2021,"Southwark 025","E02000831",18,0,0,0,0,0,0,0,0,0,0,0,0,0,0,0,0,0,0,0,10,0,0,0,0,0,10,0,0,0,0,0,8
2021,"Southwark 026","E02000832",41,4,0,0,0,0,0,0,0,0,0,0,0,4,0,4,0,0,0,0,27,0,0,0,0,0,0,0,0,0,0,27,10
2021,"Southwark 027","E02000833",3,0,0,0,0,0,0,0,0,0,0,0,0,0,0,0,0,0,0,0,0,0,0,0,0,0,0,0,0,0,0,0,3
2021,"Southwark 028","E02000834",3,0,0,0,0,0,0,0,0,0,0,0,0,0,0,0,0,0,0,0,0,0,0,0,0,0,0,0,0,0,0,0,3
2021,"Southwark 029","E02000835",7,4,0,0,0,0,0,0,0,0,0,0,0,4,0,4,0,0,0,0,3,0,0,0,0,0,0,0,0,0,3,0,0
2021,"Southwark 030","E02000836",24,24,0,0,0,0,0,0,0,0,0,17,17,7,0,7,0,0,0,0,0,0,0,0,0,0,0,0,0,0,0,0,0
2021,"Southwark 031","E02000837",32,0,0,0,0,0,0,0,0,0,0,0,0,0,0,0,0,0,0,0,32,0,0,0,0,0,0,32,0,0,0,0,0
2021,"Southwark 032","E02000838",90,22,0,0,0,0,8,0,0,8,0,0,0,14,0,14,0,0,0,0,68,0,0,0,0,0,0,68,0,0,0,0,0
2021,"Southwark 033","E02000839",170,31,0,0,0,0,0,0,0,0,0,6,6,25,0,25,0,0,0,0,133,0,0,0,0,133,0,0,0,0,0,0,6
2021,"Sutton 001","E02000840",8,8,0,0,0,0,0,0,0,0,0,0,0,8,0,8,0,0,0,0,0,0,0,0,0,0,0,0,0,0,0,0,0
2021,"Sutton 002","E02000841",42,40,40,40,0,0,0,0,0,0,0,0,0,0,0,0,0,0,0,0,0,0,0,0,0,0,0,0,0,0,0,0,2
2021,"Sutton 003","E02000842",55,55,0,0,0,0,0,0,0,0,0,0,0,55,49,0,0,6,0,0,0,0,0,0,0,0,0,0,0,0,0,0,0
2021,"Sutton 004","E02000843",0,0,0,0,0,0,0,0,0,0,0,0,0,0,0,0,0,0,0,0,0,0,0,0,0,0,0,0,0,0,0,0,0
2021,"Sutton 005","E02000844",2,0,0,0,0,0,0,0,0,0,0,0,0,0,0,0,0,0,0,0,0,0,0,0,0,0,0,0,0,0,0,0,2
2021,"Sutton 006","E02000845",7,7,0,0,0,0,0,0,0,0,0,0,0,7,0,7,0,0,0,0,0,0,0,0,0,0,0,0,0,0,0,0,0
2021,"Sutton 007","E02000846",84,84,0,0,0,0,0,0,0,0,0,3,3,81,59,22,0,0,0,0,0,0,0,0,0,0,0,0,0,0,0,0,0
2021,"Sutton 008","E02000847",28,26,0,0,0,0,0,0,0,0,0,0,0,26,0,26,0,0,0,0,0,0,0,0,0,0,0,0,0,0,0,0,2
2021,"Sutton 009","E02000848",0,0,0,0,0,0,0,0,0,0,0,0,0,0,0,0,0,0,0,0,0,0,0,0,0,0,0,0,0,0,0,0,0
2021,"Sutton 010","E02000849",39,38,0,0,0,0,0,0,0,0,0,0,0,38,38,0,0,0,0,0,0,0,0,0,0,0,0,0,0,0,0,0,1
2021,"Sutton 011","E02000850",6,5,0,0,0,0,0,0,0,0,0,0,0,5,0,5,0,0,0,0,0,0,0,0,0,0,0,0,0,0,0,0,1
2021,"Sutton 012","E02000851",5,4,0,0,0,0,0,0,0,0,0,0,0,4,4,0,0,0,0,0,0,0,0,0,0,0,0,0,0,0,0,0,1
2021,"Sutton 013","E02000852",37,37,0,0,0,0,0,0,0,0,0,0,0,37,37,0,0,0,0,0,0,0,0,0,0,0,0,0,0,0,0,0,0
2021,"Sutton 014","E02000853",8,8,0,0,0,0,0,0,0,0,0,0,0,8,0,8,0,0,0,0,0,0,0,0,0,0,0,0,0,0,0,0,0
2021,"Sutton 015","E02000854",22,21,0,0,0,0,0,0,0,0,0,0,0,21,10,11,0,0,0,0,0,0,0,0,0,0,0,0,0,0,0,0,1
2021,"Sutton 016","E02000855",5,3,0,0,0,0,0,0,0,0,0,0,0,3,0,3,0,0,0,0,0,0,0,0,0,0,0,0,0,0,0,0,2
2021,"Sutton 017","E02000856",20,17,0,0,0,0,10,0,0,10,0,0,0,7,0,7,0,0,0,0,0,0,0,0,0,0,0,0,0,0,0,0,3
2021,"Sutton 018","E02000857",245,236,0,0,0,0,0,0,0,0,0,0,0,236,86,150,0,0,0,0,8,0,0,0,0,0,7,0,0,0,0,1,1
2021,"Sutton 019","E02000858",5,5,0,0,0,0,0,0,0,0,0,0,0,5,0,5,0,0,0,0,0,0,0,0,0,0,0,0,0,0,0,0,0
2021,"Sutton 020","E02000859",142,142,0,0,0,0,14,0,0,14,0,0,0,128,0,128,0,0,0,0,0,0,0,0,0,0,0,0,0,0,0,0,0
2021,"Sutton 021","E02000860",130,128,0,0,0,0,0,0,0,0,0,0,0,128,79,49,0,0,0,0,0,0,0,0,0,0,0,0,0,0,0,0,2
2021,"Sutton 022","E02000861",109,109,4,0,0,4,0,0,0,0,0,0,0,105,72,33,0,0,0,0,0,0,0,0,0,0,0,0,0,0,0,0,0
2021,"Sutton 024","E02000863",23,23,0,0,0,0,0,0,0,0,0,0,0,23,0,23,0,0,0,0,0,0,0,0,0,0,0,0,0,0,0,0,0
2021,"Tower Hamlets 001","E02000864",1,0,0,0,0,0,0,0,0,0,0,0,0,0,0,0,0,0,0,0,0,0,0,0,0,0,0,0,0,0,0,0,1
2021,"Tower Hamlets 002","E02000865",360,16,0,0,0,0,0,0,0,0,0,0,0,16,12,4,0,0,0,0,180,0,0,0,0,174,0,6,0,0,0,0,164
2021,"Tower Hamlets 003","E02000866",9,0,0,0,0,0,0,0,0,0,0,0,0,0,0,0,0,0,0,0,6,0,0,0,0,0,6,0,0,0,0,0,3
2021,"Tower Hamlets 004","E02000867",3,0,0,0,0,0,0,0,0,0,0,0,0,0,0,0,0,0,0,0,0,0,0,0,0,0,0,0,0,0,0,0,3
2021,"Tower Hamlets 005","E02000868",241,38,0,0,0,0,0,0,0,0,0,0,0,38,0,38,0,0,0,0,195,0,0,0,0,195,0,0,0,0,0,0,8
2021,"Tower Hamlets 006","E02000869",25,20,0,0,0,0,0,0,0,0,0,0,0,20,0,0,0,0,20,0,3,0,0,0,0,0,0,0,0,0,0,3,2
2021,"Tower Hamlets 007","E02000870",33,15,0,0,0,0,0,0,0,0,0,0,0,15,15,0,0,0,0,0,18,0,0,0,0,0,0,0,0,0,18,0,0
2021,"Tower Hamlets 008","E02000871",0,0,0,0,0,0,0,0,0,0,0,0,0,0,0,0,0,0,0,0,0,0,0,0,0,0,0,0,0,0,0,0,0
2021,"Tower Hamlets 009","E02000872",157,0,0,0,0,0,0,0,0,0,0,0,0,0,0,0,0,0,0,0,5,0,0,0,0,0,0,5,0,0,0,0,152
2021,"Tower Hamlets 010","E02000873",1694,21,21,0,21,0,0,0,0,0,0,0,0,0,0,0,0,0,0,0,1553,0,0,0,0,1546,0,0,0,0,7,0,120
2021,"Tower Hamlets 011","E02000874",413,0,0,0,0,0,0,0,0,0,0,0,0,0,0,0,0,0,0,0,365,0,0,0,0,361,0,0,0,0,0,4,48
2021,"Tower Hamlets 012","E02000875",21,17,2,0,2,0,0,0,0,0,0,15,15,0,0,0,0,0,0,0,0,0,0,0,0,0,0,0,0,0,0,0,4
2021,"Tower Hamlets 013","E02000876",405,7,0,0,0,0,0,0,0,0,0,0,0,7,0,0,0,7,0,0,119,0,0,0,0,119,0,0,0,0,0,0,279
2021,"Tower Hamlets 014","E02000877",36,0,0,0,0,0,0,0,0,0,0,0,0,0,0,0,0,0,0,0,34,0,0,0,0,34,0,0,0,0,0,0,2
2021,"Tower Hamlets 015","E02000878",927,0,0,0,0,0,0,0,0,0,0,0,0,0,0,0,0,0,0,0,668,0,0,0,0,623,4,29,0,0,9,3,259
2021,"Tower Hamlets 016","E02000879",38,5,0,0,0,0,0,0,0,0,0,0,0,5,5,0,0,0,0,0,33,0,0,0,0,33,0,0,0,0,0,0,0
2021,"Tower Hamlets 017","E02000880",286,0,0,0,0,0,0,0,0,0,0,0,0,0,0,0,0,0,0,0,284,0,0,0,0,244,0,0,0,0,40,0,2
2021,"Tower Hamlets 018","E02000881",8,0,0,0,0,0,0,0,0,0,0,0,0,0,0,0,0,0,0,0,0,0,0,0,0,0,0,0,0,0,0,0,8
2021,"Tower Hamlets 019","E02000882",154,72,0,0,0,0,0,0,0,0,0,0,0,72,18,54,0,0,0,0,0,0,0,0,0,0,0,0,0,0,0,0,82
2021,"Tower Hamlets 020","E02000883",107,0,0,0,0,0,0,0,0,0,0,0,0,0,0,0,0,0,0,0,106,0,0,0,0,0,0,106,0,0,0,0,1
2021,"Tower Hamlets 021","E02000884",645,0,0,0,0,0,0,0,0,0,0,0,0,0,0,0,0,0,0,0,642,0,0,0,0,625,16,0,0,0,0,1,3
2021,"Tower Hamlets 022","E02000885",403,0,0,0,0,0,0,0,0,0,0,0,0,0,0,0,0,0,0,0,8,0,0,0,0,0,0,0,0,0,8,0,395
2021,"Tower Hamlets 023","E02000886",50,0,0,0,0,0,0,0,0,0,0,0,0,0,0,0,0,0,0,0,49,0,0,0,0,0,0,0,0,0,0,49,1
2021,"Tower Hamlets 024","E02000887",95,48,0,0,0,0,0,0,0,0,0,0,0,48,48,0,0,0,0,0,42,0,0,0,0,1,1,0,0,0,0,40,5
2021,"Tower Hamlets 025","E02000888",89,0,0,0,0,0,0,0,0,0,0,0,0,0,0,0,0,0,0,0,89,0,0,0,0,88,1,0,0,0,0,0,0
2021,"Tower Hamlets 026","E02000889",413,0,0,0,0,0,0,0,0,0,0,0,0,0,0,0,0,0,0,0,0,0,0,0,0,0,0,0,0,0,0,0,413
2021,"Tower Hamlets 027","E02000890",0,0,0,0,0,0,0,0,0,0,0,0,0,0,0,0,0,0,0,0,0,0,0,0,0,0,0,0,0,0,0,0,0
2021,"Tower Hamlets 030","E02000893",3,0,0,0,0,0,0,0,0,0,0,0,0,0,0,0,0,0,0,0,0,0,0,0,0,0,0,0,0,0,0,0,3
2021,"Tower Hamlets 031","E02000894",1,0,0,0,0,0,0,0,0,0,0,0,0,0,0,0,0,0,0,0,0,0,0,0,0,0,0,0,0,0,0,0,1
2021,"Waltham Forest 001","E02000895",28,28,0,0,0,0,0,0,0,0,0,0,0,28,0,28,0,0,0,0,0,0,0,0,0,0,0,0,0,0,0,0,0
2021,"Waltham Forest 002","E02000896",87,85,0,0,0,0,0,0,0,0,0,0,0,85,0,85,0,0,0,0,0,0,0,0,0,0,0,0,0,0,0,0,2
2021,"Waltham Forest 003","E02000897",78,78,0,0,0,0,0,0,0,0,0,0,0,78,78,0,0,0,0,0,0,0,0,0,0,0,0,0,0,0,0,0,0
2021,"Waltham Forest 004","E02000898",27,27,0,0,0,0,23,0,0,23,0,0,0,4,0,4,0,0,0,0,0,0,0,0,0,0,0,0,0,0,0,0,0
2021,"Waltham Forest 005","E02000899",33,33,0,0,0,0,0,0,0,0,0,0,0,33,0,33,0,0,0,0,0,0,0,0,0,0,0,0,0,0,0,0,0
2021,"Waltham Forest 006","E02000900",26,24,0,0,0,0,0,0,0,0,0,0,0,24,0,17,0,0,0,7,2,0,0,0,0,0,2,0,0,0,0,0,0
2021,"Waltham Forest 007","E02000901",55,55,0,0,0,0,0,0,0,0,0,0,0,55,0,55,0,0,0,0,0,0,0,0,0,0,0,0,0,0,0,0,0
2021,"Waltham Forest 008","E02000902",2,0,0,0,0,0,0,0,0,0,0,0,0,0,0,0,0,0,0,0,0,0,0,0,0,0,0,0,0,0,0,0,2
2021,"Waltham Forest 009","E02000903",1,0,0,0,0,0,0,0,0,0,0,0,0,0,0,0,0,0,0,0,0,0,0,0,0,0,0,0,0,0,0,0,1
2021,"Waltham Forest 010","E02000904",10,9,0,0,0,0,9,0,0,9,0,0,0,0,0,0,0,0,0,0,1,0,0,0,0,0,1,0,0,0,0,0,0
2021,"Waltham Forest 011","E02000905",4,2,0,0,0,0,0,0,0,0,0,0,0,2,0,2,0,0,0,0,0,0,0,0,0,0,0,0,0,0,0,0,2
2021,"Waltham Forest 012","E02000906",0,0,0,0,0,0,0,0,0,0,0,0,0,0,0,0,0,0,0,0,0,0,0,0,0,0,0,0,0,0,0,0,0
2021,"Waltham Forest 013","E02000907",177,16,0,0,0,0,8,0,0,8,0,0,0,8,0,8,0,0,0,0,111,0,0,0,0,0,0,111,0,0,0,0,50
2021,"Waltham Forest 014","E02000908",342,0,0,0,0,0,0,0,0,0,0,0,0,0,0,0,0,0,0,0,340,0,0,0,0,340,0,0,0,0,0,0,2
2021,"Waltham Forest 015","E02000909",41,9,0,0,0,0,0,0,0,0,0,0,0,9,0,9,0,0,0,0,31,0,0,0,0,0,0,6,0,0,0,25,1
2021,"Waltham Forest 016","E02000910",62,47,0,0,0,0,9,0,0,9,0,0,0,38,0,38,0,0,0,0,3,0,0,0,0,0,0,0,0,0,0,3,12
2021,"Waltham Forest 017","E02000911",47,0,0,0,0,0,0,0,0,0,0,0,0,0,0,0,0,0,0,0,2,0,0,0,0,0,2,0,0,0,0,0,45
2021,"Waltham Forest 018","E02000912",64,58,0,0,0,0,0,0,0,0,0,0,0,58,58,0,0,0,0,0,0,0,0,0,0,0,0,0,0,0,0,0,6
2021,"Waltham Forest 019","E02000913",18,18,6,3,3,0,0,0,0,0,0,0,0,12,0,0,0,0,0,12,0,0,0,0,0,0,0,0,0,0,0,0,0
2021,"Waltham Forest 020","E02000914",287,74,0,0,0,0,0,0,0,0,0,0,0,74,60,14,0,0,0,0,211,0,0,0,0,0,29,156,0,0,0,26,2
2021,"Waltham Forest 021","E02000915",100,96,0,0,0,0,53,0,0,53,0,0,0,43,0,43,0,0,0,0,2,0,0,0,0,0,2,0,0,0,0,0,2
2021,"Waltham Forest 022","E02000916",3,0,0,0,0,0,0,0,0,0,0,0,0,0,0,0,0,0,0,0,1,0,0,0,0,0,0,1,0,0,0,0,2
2021,"Waltham Forest 023","E02000917",41,28,0,0,0,0,6,0,0,6,0,0,0,22,0,18,4,0,0,0,12,0,0,0,0,0,0,0,0,0,0,12,1
2021,"Waltham Forest 024","E02000918",85,85,0,0,0,0,28,0,0,28,0,0,0,57,0,41,16,0,0,0,0,0,0,0,0,0,0,0,0,0,0,0,0
2021,"Waltham Forest 025","E02000919",15,15,0,0,0,0,0,0,0,0,0,0,0,15,0,15,0,0,0,0,0,0,0,0,0,0,0,0,0,0,0,0,0
2021,"Waltham Forest 026","E02000920",26,26,0,0,0,0,0,0,0,0,0,0,0,26,0,26,0,0,0,0,0,0,0,0,0,0,0,0,0,0,0,0,0
2021,"Waltham Forest 027","E02000921",36,36,0,0,0,0,0,0,0,0,0,0,0,36,0,34,0,2,0,0,0,0,0,0,0,0,0,0,0,0,0,0,0
2021,"Waltham Forest 028","E02000922",40,35,0,0,0,0,0,0,0,0,0,0,0,35,0,35,0,0,0,0,0,0,0,0,0,0,0,0,0,0,0,0,5
2021,"Wandsworth 001","E02000923",139,137,0,0,0,0,0,0,0,0,0,0,0,137,137,0,0,0,0,0,2,0,0,0,0,0,2,0,0,0,0,0,0
2021,"Wandsworth 003","E02000925",35,32,0,0,0,0,0,0,0,0,0,0,0,32,0,0,0,32,0,0,0,0,0,0,0,0,0,0,0,0,0,0,3
2021,"Wandsworth 004","E02000926",66,41,0,0,0,0,0,0,0,0,0,0,0,41,41,0,0,0,0,0,23,0,0,0,0,0,0,0,0,0,23,0,2
2021,"Wandsworth 005","E02000927",2,0,0,0,0,0,0,0,0,0,0,0,0,0,0,0,0,0,0,0,0,0,0,0,0,0,0,0,0,0,0,0,2
2021,"Wandsworth 006","E02000928",13,0,0,0,0,0,0,0,0,0,0,0,0,0,0,0,0,0,0,0,12,0,0,0,0,12,0,0,0,0,0,0,1
2021,"Wandsworth 007","E02000929",3,0,0,0,0,0,0,0,0,0,0,0,0,0,0,0,0,0,0,0,0,0,0,0,0,0,0,0,0,0,0,0,3
2021,"Wandsworth 008","E02000930",354,0,0,0,0,0,0,0,0,0,0,0,0,0,0,0,0,0,0,0,354,0,0,0,0,354,0,0,0,0,0,0,0
2021,"Wandsworth 009","E02000931",0,0,0,0,0,0,0,0,0,0,0,0,0,0,0,0,0,0,0,0,0,0,0,0,0,0,0,0,0,0,0,0,0
2021,"Wandsworth 010","E02000932",1,0,0,0,0,0,0,0,0,0,0,0,0,0,0,0,0,0,0,0,1,0,0,0,0,0,1,0,0,0,0,0,0
2021,"Wandsworth 011","E02000933",3,0,0,0,0,0,0,0,0,0,0,0,0,0,0,0,0,0,0,0,0,0,0,0,0,0,0,0,0,0,0,0,3
2021,"Wandsworth 012","E02000934",39,26,0,0,0,0,0,0,0,0,0,0,0,26,14,12,0,0,0,0,8,0,0,8,0,0,0,0,0,0,0,0,5
2021,"Wandsworth 013","E02000935",1135,98,18,0,18,0,0,0,0,0,0,0,0,80,14,66,0,0,0,0,1037,0,0,0,0,1037,0,0,0,0,0,0,0
2021,"Wandsworth 014","E02000936",41,27,0,0,0,0,0,0,0,0,0,0,0,27,27,0,0,0,0,0,14,0,0,0,0,0,0,14,0,0,0,0,0
2021,"Wandsworth 015","E02000937",1,0,0,0,0,0,0,0,0,0,0,0,0,0,0,0,0,0,0,0,0,0,0,0,0,0,0,0,0,0,0,0,1
2021,"Wandsworth 016","E02000938",124,124,0,0,0,0,0,0,0,0,0,0,0,124,110,0,0,14,0,0,0,0,0,0,0,0,0,0,0,0,0,0,0
2021,"Wandsworth 017","E02000939",142,116,0,0,0,0,0,0,0,0,0,0,0,116,116,0,0,0,0,0,12,0,0,0,0,12,0,0,0,0,0,0,14
2021,"Wandsworth 018","E02000940",1,0,0,0,0,0,0,0,0,0,0,0,0,0,0,0,0,0,0,0,0,0,0,0,0,0,0,0,0,0,0,0,1
2021,"Wandsworth 019","E02000941",16,13,0,0,0,0,0,0,0,0,0,0,0,13,5,8,0,0,0,0,0,0,0,0,0,0,0,0,0,0,0,0,3
2021,"Wandsworth 020","E02000942",9,0,0,0,0,0,0,0,0,0,0,0,0,0,0,0,0,0,0,0,7,0,0,0,0,0,0,0,0,0,7,0,2
2021,"Wandsworth 021","E02000943",0,0,0,0,0,0,0,0,0,0,0,0,0,0,0,0,0,0,0,0,0,0,0,0,0,0,0,0,0,0,0,0,0
2021,"Wandsworth 022","E02000944",289,257,0,0,0,0,0,0,0,0,0,0,0,257,18,35,0,0,204,0,4,0,0,0,0,0,4,0,0,0,0,0,28
2021,"Wandsworth 023","E02000945",300,11,0,0,0,0,0,0,0,0,0,0,0,11,0,11,0,0,0,0,283,0,0,0,0,218,0,0,0,0,65,0,6
2021,"Wandsworth 024","E02000946",776,0,0,0,0,0,0,0,0,0,0,0,0,0,0,0,0,0,0,0,775,0,775,0,0,0,0,0,0,0,0,0,1
2021,"Wandsworth 025","E02000947",2,0,0,0,0,0,0,0,0,0,0,0,0,0,0,0,0,0,0,0,0,0,0,0,0,0,0,0,0,0,0,0,2
2021,"Wandsworth 026","E02000948",89,89,0,0,0,0,0,0,0,0,0,14,14,75,19,56,0,0,0,0,0,0,0,0,0,0,0,0,0,0,0,0,0
2021,"Wandsworth 027","E02000949",133,116,0,0,0,0,0,0,0,0,0,0,0,116,102,14,0,0,0,0,17,0,0,0,0,0,0,0,0,0,0,17,0
2021,"Wandsworth 028","E02000950",32,0,0,0,0,0,0,0,0,0,0,0,0,0,0,0,0,0,0,0,32,0,0,0,0,32,0,0,0,0,0,0,0
2021,"Wandsworth 029","E02000951",66,62,0,0,0,0,8,0,0,8,0,8,8,46,46,0,0,0,0,0,0,0,0,0,0,0,0,0,0,0,0,0,4
2021,"Wandsworth 030","E02000952",5,0,0,0,0,0,0,0,0,0,0,0,0,0,0,0,0,0,0,0,3,0,0,0,0,0,0,3,0,0,0,0,2
2021,"Wandsworth 031","E02000953",361,0,0,0,0,0,0,0,0,0,0,0,0,0,0,0,0,0,0,0,359,0,0,0,0,359,0,0,0,0,0,0,2
2021,"Wandsworth 032","E02000954",0,0,0,0,0,0,0,0,0,0,0,0,0,0,0,0,0,0,0,0,0,0,0,0,0,0,0,0,0,0,0,0,0
2021,"Wandsworth 033","E02000955",0,0,0,0,0,0,0,0,0,0,0,0,0,0,0,0,0,0,0,0,0,0,0,0,0,0,0,0,0,0,0,0,0
2021,"Wandsworth 034","E02000956",8,8,8,8,0,0,0,0,0,0,0,0,0,0,0,0,0,0,0,0,0,0,0,0,0,0,0,0,0,0,0,0,0
2021,"Wandsworth 035","E02000957",32,32,0,0,0,0,0,0,0,0,0,0,0,32,0,32,0,0,0,0,0,0,0,0,0,0,0,0,0,0,0,0,0
2021,"Wandsworth 036","E02000958",255,0,0,0,0,0,0,0,0,0,0,0,0,0,0,0,0,0,0,0,251,0,0,0,0,251,0,0,0,0,0,0,4
2021,"Wandsworth 037","E02000959",28,28,0,0,0,0,0,0,0,0,0,0,0,28,0,28,0,0,0,0,0,0,0,0,0,0,0,0,0,0,0,0,0
2021,"Westminster 001","E02000960",6,0,0,0,0,0,0,0,0,0,0,0,0,0,0,0,0,0,0,0,4,0,0,0,0,4,0,0,0,0,0,0,2
2021,"Westminster 002","E02000961",0,0,0,0,0,0,0,0,0,0,0,0,0,0,0,0,0,0,0,0,0,0,0,0,0,0,0,0,0,0,0,0,0
2021,"Westminster 003","E02000962",0,0,0,0,0,0,0,0,0,0,0,0,0,0,0,0,0,0,0,0,0,0,0,0,0,0,0,0,0,0,0,0,0
2021,"Westminster 004","E02000963",4,0,0,0,0,0,0,0,0,0,0,0,0,0,0,0,0,0,0,0,2,0,0,0,0,0,0,2,0,0,0,0,2
2021,"Westminster 005","E02000964",2,0,0,0,0,0,0,0,0,0,0,0,0,0,0,0,0,0,0,0,0,0,0,0,0,0,0,0,0,0,0,0,2
2021,"Westminster 006","E02000965",22,22,0,0,0,0,0,0,0,0,0,0,0,22,0,0,0,0,0,22,0,0,0,0,0,0,0,0,0,0,0,0,0
2021,"Westminster 007","E02000966",7,7,0,0,0,0,0,0,0,0,0,0,0,7,0,0,0,0,0,7,0,0,0,0,0,0,0,0,0,0,0,0,0
2021,"Westminster 008","E02000967",114,0,0,0,0,0,0,0,0,0,0,0,0,0,0,0,0,0,0,0,114,0,0,0,0,87,1,0,0,0,24,2,0
2021,"Westminster 009","E02000968",80,0,0,0,0,0,0,0,0,0,0,0,0,0,0,0,0,0,0,0,78,0,0,0,0,0,0,78,0,0,0,0,2
2021,"Westminster 010","E02000969",259,126,100,0,20,80,2,0,0,2,0,19,19,5,0,5,0,0,0,0,122,0,0,0,0,0,0,25,0,0,0,97,11
2021,"Westminster 011","E02000970",9,2,0,0,0,0,0,0,0,0,0,0,0,2,0,0,0,0,2,0,5,0,0,0,0,0,4,0,0,0,0,1,2
2021,"Westminster 012","E02000971",203,0,0,0,0,0,0,0,0,0,0,0,0,0,0,0,0,0,0,0,201,0,0,0,0,92,10,0,0,0,0,99,2
2021,"Westminster 013","E02000972",290,18,0,0,0,0,0,0,0,0,0,0,0,18,0,0,0,0,18,0,259,0,0,0,0,236,7,11,0,0,0,5,13
2021,"Westminster 014","E02000973",63,0,0,0,0,0,0,0,0,0,0,0,0,0,0,0,0,0,0,0,58,0,0,0,0,0,7,11,0,4,0,36,5
2021,"Westminster 015","E02000974",352,0,0,0,0,0,0,0,0,0,0,0,0,0,0,0,0,0,0,0,348,0,0,0,0,265,46,0,0,0,22,15,4
2021,"Westminster 016","E02000975",253,0,0,0,0,0,0,0,0,0,0,0,0,0,0,0,0,0,0,0,252,0,0,0,0,211,18,0,0,0,0,23,1
2021,"Westminster 017","E02000976",251,0,0,0,0,0,0,0,0,0,0,0,0,0,0,0,0,0,0,0,191,0,0,0,0,76,19,38,0,0,0,58,60
2021,"Westminster 018","E02000977",630,0,0,0,0,0,0,0,0,0,0,0,0,0,0,0,0,0,0,0,596,309,0,0,0,248,19,4,0,0,0,16,34
2021,"Westminster 019","E02000978",962,0,0,0,0,0,0,0,0,0,0,0,0,0,0,0,0,0,0,0,960,198,0,0,0,760,2,0,0,0,0,0,2
2021,"Westminster 020","E02000979",602,60,0,0,0,0,0,0,0,0,0,0,0,60,37,0,0,0,0,23,461,22,0,0,0,358,2,44,0,35,0,0,81
2021,"Westminster 021","E02000980",30,11,0,0,0,0,0,0,0,0,0,11,11,0,0,0,0,0,0,0,15,0,0,0,0,0,13,0,0,0,0,2,4
2021,"Westminster 022","E02000981",111,0,0,0,0,0,0,0,0,0,0,0,0,0,0,0,0,0,0,0,104,0,0,0,0,66,24,9,0,0,0,5,7
2021,"Westminster 023","E02000982",13,0,0,0,0,0,0,0,0,0,0,0,0,0,0,0,0,0,0,0,13,0,0,0,0,0,6,0,0,0,7,0,0
2021,"Westminster 024","E02000983",32,26,0,0,0,0,0,0,0,0,0,0,0,26,26,0,0,0,0,0,4,0,0,0,0,0,0,0,0,4,0,0,2
2021,"Bromley 040","E02006782",44,44,0,0,0,0,0,0,0,0,0,0,0,44,44,0,0,0,0,0,0,0,0,0,0,0,0,0,0,0,0,0,0
2021,"Lewisham 037","E02006783",6,5,0,0,0,0,0,0,0,0,0,0,0,5,0,5,0,0,0,0,0,0,0,0,0,0,0,0,0,0,0,0,1
2021,"Lewisham 038","E02006784",1,0,0,0,0,0,0,0,0,0,0,0,0,0,0,0,0,0,0,0,0,0,0,0,0,0,0,0,0,0,0,0,1
2021,"Bexley 029","E02006785",0,0,0,0,0,0,0,0,0,0,0,0,0,0,0,0,0,0,0,0,0,0,0,0,0,0,0,0,0,0,0,0,0
2021,"Greenwich 033","E02006786",17,13,0,0,0,0,0,0,0,0,0,13,13,0,0,0,0,0,0,0,0,0,0,0,0,0,0,0,0,0,0,0,4
2021,"Bromley 041","E02006787",1,0,0,0,0,0,0,0,0,0,0,0,0,0,0,0,0,0,0,0,0,0,0,0,0,0,0,0,0,0,0,0,1
2021,"Croydon 045","E02006788",0,0,0,0,0,0,0,0,0,0,0,0,0,0,0,0,0,0,0,0,0,0,0,0,0,0,0,0,0,0,0,0,0
2021,"Bromley 042","E02006789",13,13,0,0,0,0,0,0,0,0,0,0,0,13,0,13,0,0,0,0,0,0,0,0,0,0,0,0,0,0,0,0,0
2021,"Ealing 040","E02006791",2,0,0,0,0,0,0,0,0,0,0,0,0,0,0,0,0,0,0,0,0,0,0,0,0,0,0,0,0,0,0,0,2
2021,"Hounslow 029","E02006792",46,43,0,0,0,0,43,0,0,43,0,0,0,0,0,0,0,0,0,0,0,0,0,0,0,0,0,0,0,0,0,0,3
2021,"Enfield 037","E02006793",73,70,0,0,0,0,0,0,0,0,0,0,0,70,69,0,0,1,0,0,0,0,0,0,0,0,0,0,0,0,0,0,3
2021,"Haringey 037","E02006794",75,66,0,0,0,0,0,0,0,0,0,55,55,11,0,11,0,0,0,0,0,0,0,0,0,0,0,0,0,0,0,0,9
2021,"Harrow 032","E02006795",3,3,0,0,0,0,0,0,0,0,0,0,0,3,0,3,0,0,0,0,0,0,0,0,0,0,0,0,0,0,0,0,0
2021,"Hillingdon 033","E02006796",270,30,0,0,0,0,0,0,0,0,0,0,0,30,0,30,0,0,0,0,239,239,0,0,0,0,0,0,0,0,0,0,1
2021,"Lewisham 039","E02006798",134,0,0,0,0,0,0,0,0,0,0,0,0,0,0,0,0,0,0,0,55,0,0,0,0,52,0,0,0,0,0,3,79
2021,"Barking and Dagenham 023","E02006799",63,61,0,0,0,0,0,0,0,0,0,0,0,61,61,0,0,0,0,0,0,0,0,0,0,0,0,0,0,0,0,0,2
2021,"Redbridge 034","E02006800",93,79,0,0,0,0,0,0,0,0,0,0,0,79,24,51,0,0,0,4,0,0,0,0,0,0,0,0,0,0,0,0,14
2021,"Lambeth 036","E02006801",1140,9,9,9,0,0,0,0,0,0,0,0,0,0,0,0,0,0,0,0,1115,0,0,0,0,1031,2,81,0,0,1,0,16
2021,"Southwark 034","E02006802",865,39,0,0,0,0,0,0,0,0,0,0,0,39,0,8,0,31,0,0,818,56,0,0,0,745,6,0,0,0,11,0,8
2021,"Sutton 025","E02006836",191,191,0,0,0,0,0,0,0,0,0,0,0,191,140,51,0,0,0,0,0,0,0,0,0,0,0,0,0,0,0,0,0
2021,"Tower Hamlets 032","E02006853",1,0,0,0,0,0,0,0,0,0,0,0,0,0,0,0,0,0,0,0,0,0,0,0,0,0,0,0,0,0,0,0,1
2021,"Tower Hamlets 033","E02006854",10,2,0,0,0,0,0,0,0,0,0,0,0,2,0,2,0,0,0,0,5,0,0,0,0,0,2,3,0,0,0,0,3
2021,"Harrow 033","E02006882",92,57,0,0,0,0,0,0,0,0,0,0,0,57,2,55,0,0,0,0,0,0,0,0,0,0,0,0,0,0,0,0,35
2021,"Hackney 028","E02006918",0,0,0,0,0,0,0,0,0,0,0,0,0,0,0,0,0,0,0,0,0,0,0,0,0,0,0,0,0,0,0,0,0
2021,"Hackney 029","E02006921",0,0,0,0,0,0,0,0,0,0,0,0,0,0,0,0,0,0,0,0,0,0,0,0,0,0,0,0,0,0,0,0,0
2021,"Redbridge 035","E02006924",140,140,0,0,0,0,0,0,0,0,0,0,0,140,63,71,0,0,0,6,0,0,0,0,0,0,0,0,0,0,0,0,0
2021,"Redbridge 036","E02006925",19,18,0,0,0,0,0,0,0,0,0,0,0,18,0,11,7,0,0,0,0,0,0,0,0,0,0,0,0,0,0,0,1
2021,"Greenwich 034","E02006927",84,84,0,0,0,0,62,0,62,0,0,0,0,22,22,0,0,0,0,0,0,0,0,0,0,0,0,0,0,0,0,0,0
2021,"Greenwich 035","E02006928",961,31,0,0,0,0,0,0,0,0,0,0,0,31,0,0,0,0,0,31,930,0,0,0,0,929,1,0,0,0,0,0,0
2021,"Greenwich 037","E02006930",13,9,0,0,0,0,0,0,0,0,0,0,0,9,0,0,0,0,0,9,0,0,0,0,0,0,0,0,0,0,0,0,4
2021,"Greenwich 038","E02006931",160,61,0,0,0,0,10,0,0,10,0,0,0,51,51,0,0,0,0,0,98,0,0,0,0,93,0,0,0,0,5,0,1
2021,"Southwark 035","E02006941",125,0,0,0,0,0,0,0,0,0,0,0,0,0,0,0,0,0,0,0,125,0,0,0,0,122,3,0,0,0,0,0,0
2021,"Southwark 036","E02006942",2,0,0,0,0,0,0,0,0,0,0,0,0,0,0,0,0,0,0,0,0,0,0,0,0,0,0,0,0,0,0,0,2
2021,"Barnet 042","E02006953",610,0,0,0,0,0,0,0,0,0,0,0,0,0,0,0,0,0,0,0,610,0,0,0,0,510,0,0,0,0,0,100,0
2021,"Barnet 043","E02006954",46,15,0,0,0,0,0,0,0,0,0,0,0,15,0,15,0,0,0,0,29,0,0,0,0,29,0,0,0,0,0,0,2
2021,"Brent 035","E02006955",1099,0,0,0,0,0,0,0,0,0,0,0,0,0,0,0,0,0,0,0,1099,0,0,0,0,1091,5,0,0,0,0,3,0
2021,"Brent 036","E02006956",941,8,0,0,0,0,0,0,0,0,0,0,0,8,0,8,0,0,0,0,933,0,0,0,0,931,2,0,0,0,0,0,0
2021,"Ealing 041","E02006968",59,56,0,0,0,0,0,0,0,0,0,0,0,56,18,18,0,20,0,0,3,0,0,0,0,0,0,0,0,0,0,3,0
2021,"Ealing 042","E02006969",172,38,0,0,0,0,0,0,0,0,0,0,0,38,0,38,0,0,0,0,134,0,0,0,0,0,44,39,0,0,0,51,0
2021,"Ealing 043","E02006970",25,0,0,0,0,0,0,0,0,0,0,0,0,0,0,0,0,0,0,0,14,0,0,0,0,0,0,0,0,0,14,0,11
2021,"Ealing 044","E02006971",0,0,0,0,0,0,0,0,0,0,0,0,0,0,0,0,0,0,0,0,0,0,0,0,0,0,0,0,0,0,0,0,0
2021,"Hounslow 030","E02006972",15,0,0,0,0,0,0,0,0,0,0,0,0,0,0,0,0,0,0,0,15,0,0,0,0,0,0,0,0,0,0,15,0
2021,"Hounslow 031","E02006973",2,0,0,0,0,0,0,0,0,0,0,0,0,0,0,0,0,0,0,0,1,0,0,0,0,0,1,0,0,0,0,0,1
2021,"Croydon 046","E02006987",107,0,0,0,0,0,0,0,0,0,0,0,0,0,0,0,0,0,0,0,105,0,0,0,0,0,1,22,0,0,0,82,2
2021,"Croydon 047","E02006988",178,175,0,0,0,0,10,0,10,0,0,0,0,165,105,60,0,0,0,0,0,0,0,0,0,0,0,0,0,0,0,0,3
2021,"Greenwich 039","E02006991",2,0,0,0,0,0,0,0,0,0,0,0,0,0,0,0,0,0,0,0,0,0,0,0,0,0,0,0,0,0,0,0,2
2021,"Greenwich 040","E02006992",27,0,0,0,0,0,0,0,0,0,0,0,0,0,0,0,0,0,0,0,26,0,0,0,0,0,0,26,0,0,0,0,1
2021,"Greenwich 041","E02006993",191,0,0,0,0,0,0,0,0,0,0,0,0,0,0,0,0,0,0,0,191,0,0,0,0,191,0,0,0,0,0,0,0
2021,"Greenwich 042","E02006994",2,0,0,0,0,0,0,0,0,0,0,0,0,0,0,0,0,0,0,0,0,0,0,0,0,0,0,0,0,0,0,0,2
2021,"Newham 038","E02006995",456,0,0,0,0,0,0,0,0,0,0,0,0,0,0,0,0,0,0,0,456,0,0,0,0,456,0,0,0,0,0,0,0
2021,"Newham 039","E02006996",723,11,0,0,0,0,11,0,0,11,0,0,0,0,0,0,0,0,0,0,709,0,0,0,0,690,7,0,0,0,0,12,3
2021,"Newham 040","E02006997",1,1,0,0,0,0,0,0,0,0,0,0,0,1,0,0,0,0,0,1,0,0,0,0,0,0,0,0,0,0,0,0,0
2021,"Newham 041","E02006998",24,0,0,0,0,0,0,0,0,0,0,0,0,0,0,0,0,0,0,0,23,0,0,0,0,0,0,0,0,0,0,23,1
2021,"Newham 042","E02006999",0,0,0,0,0,0,0,0,0,0,0,0,0,0,0,0,0,0,0,0,0,0,0,0,0,0,0,0,0,0,0,0,0
2021,"Lewisham 040","E02007008",271,0,0,0,0,0,0,0,0,0,0,0,0,0,0,0,0,0,0,0,269,0,0,0,0,269,0,0,0,0,0,0,2
2021,"Lewisham 041","E02007009",173,90,9,0,9,0,0,0,0,0,0,0,0,81,0,31,5,45,0,0,14,0,0,0,0,0,0,6,0,0,0,8,69
2021,"Redbridge 037","E02007017",76,76,0,0,0,0,0,0,0,0,0,0,0,76,2,74,0,0,0,0,0,0,0,0,0,0,0,0,0,0,0,0,0
2021,"Redbridge 038","E02007018",48,47,0,0,0,0,0,0,0,0,0,0,0,47,47,0,0,0,0,0,0,0,0,0,0,0,0,0,0,0,0,0,1
2021,"Redbridge 039","E02007019",83,27,0,0,0,0,15,0,0,15,0,0,0,12,0,4,0,0,0,8,56,0,0,0,0,0,0,0,0,0,0,56,0
2021,"Redbridge 040","E02007020",35,0,0,0,0,0,0,0,0,0,0,0,0,0,0,0,0,0,0,0,35,0,0,0,0,0,35,0,0,0,0,0,0
2021,"Wandsworth 038","E02007083",0,0,0,0,0,0,0,0,0,0,0,0,0,0,0,0,0,0,0,0,0,0,0,0,0,0,0,0,0,0,0,0,0
2021,"Wandsworth 039","E02007084",9,8,0,0,0,0,0,0,0,0,0,0,0,8,0,0,0,8,0,0,0,0,0,0,0,0,0,0,0,0,0,0,1
2021,"Hackney 030","E02007108",77,0,0,0,0,0,0,0,0,0,0,0,0,0,0,0,0,0,0,0,77,0,0,0,0,0,77,0,0,0,0,0,0
2021,"Hackney 031","E02007109",16,16,0,0,0,0,0,0,0,0,0,0,0,16,0,16,0,0,0,0,0,0,0,0,0,0,0,0,0,0,0,0,0
2021,"Hackney 032","E02007110",341,0,0,0,0,0,0,0,0,0,0,0,0,0,0,0,0,0,0,0,332,0,0,0,0,332,0,0,0,0,0,0,9
2021,"Hackney 033","E02007111",345,0,0,0,0,0,0,0,0,0,0,0,0,0,0,0,0,0,0,0,345,0,0,0,0,238,16,43,0,0,0,48,0
2021,"Tower Hamlets 034","E02007112",0,0,0,0,0,0,0,0,0,0,0,0,0,0,0,0,0,0,0,0,0,0,0,0,0,0,0,0,0,0,0,0,0
2021,"Tower Hamlets 035","E02007113",0,0,0,0,0,0,0,0,0,0,0,0,0,0,0,0,0,0,0,0,0,0,0,0,0,0,0,0,0,0,0,0,0
2021,"Tower Hamlets 036","E02007114",0,0,0,0,0,0,0,0,0,0,0,0,0,0,0,0,0,0,0,0,0,0,0,0,0,0,0,0,0,0,0,0,0
2021,"Camden 029","E02007115",2371,0,0,0,0,0,0,0,0,0,0,0,0,0,0,0,0,0,0,0,2360,0,0,0,0,2177,23,107,0,0,29,24,11
