"date","geography","geography code","Economic activity status: Total: All usual residents aged 16 years and over","Economic activity status: Economically active (excluding full-time students)","Economic activity status: Economically active (excluding full-time students):In employment","Economic activity status: Economically active (excluding full-time students):In employment:Employee","Economic activity status: Economically active (excluding full-time students): In employment: Employee: Part-time","Economic activity status: Economically active (excluding full-time students): In employment: Employee: Full-time","Economic activity status: Economically active (excluding full-time students):In employment:Self-employed with employees","Economic activity status: Economically active (excluding full-time students): In employment: Self-employed with employees: Part-time","Economic activity status: Economically active (excluding full-time students): In employment: Self-employed with employees: Full-time","Economic activity status: Economically active (excluding full-time students):In employment:Self-employed without employees","Economic activity status: Economically active (excluding full-time students): In employment: Self-employed without employees: Part-time","Economic activity status: Economically active (excluding full-time students): In employment: Self-employed without employees: Full-time","Economic activity status: Economically active (excluding full-time students): Unemployed","Economic activity status: Economically active and a full-time student","Economic activity status: Economically active and a full-time student:In employment","Economic activity status: Economically active and a full-time student:In employment:Employee","Economic activity status: Economically active and a full-time student: In employment: Employee: Part-time","Economic activity status: Economically active and a full-time student: In employment: Employee: Full-time","Economic activity status: Economically active and a full-time student:In employment:Self-employed with employees","Economic activity status: Economically active and a full-time student: In employment: Self-employed with employees: Part-time","Economic activity status: Economically active and a full-time student: In employment: Self-employed with employees: Full-time","Economic activity status: Economically active and a full-time student:In employment:Self-employed without employees","Economic activity status: Economically active and a full-time student: In employment: Self-employed without employees: Part-time","Economic activity status: Economically active and a full-time student: In employment: Self-employed without employees: Full-time","Economic activity status: Economically active and a full-time student: Unemployed","Economic activity status: Economically inactive","Economic activity status: Economically inactive: Retired","Economic activity status: Economically inactive: Student","Economic activity status: Economically inactive: Looking after home or family","Economic activity status: Economically inactive: Long-term sick or disabled","Economic activity status: Economically inactive: Other"
2021,"City of London 001","E02000001",8004,5555,5273,4205,440,3765,178,28,150,890,366,524,282,123,78,58,39,19,0,0,0,20,12,8,45,2326,993,720,192,124,297
2021,"Barking and Dagenham 001","E02000002",5985,3391,3112,2423,737,1686,98,24,74,591,234,357,279,201,126,103,78,25,2,2,0,21,16,5,75,2393,821,498,482,339,253
2021,"Barking and Dagenham 002","E02000003",8844,5349,4965,3785,1126,2659,222,61,161,958,353,605,384,319,269,212,140,72,7,4,3,50,21,29,50,3176,1182,629,711,255,399
2021,"Barking and Dagenham 003","E02000004",5315,3246,3022,2447,601,1846,85,24,61,490,168,322,224,126,92,83,46,37,2,1,1,7,7,0,34,1943,933,309,291,193,217
2021,"Barking and Dagenham 004","E02000005",7987,5043,4720,3781,1106,2675,169,51,118,770,303,467,323,209,143,122,84,38,6,1,5,15,9,6,66,2735,793,568,657,335,382
2021,"Barking and Dagenham 006","E02000007",7469,4395,4067,3257,993,2264,146,39,107,664,265,399,328,269,206,175,118,57,7,6,1,24,17,7,63,2805,904,567,581,399,354
2021,"Barking and Dagenham 007","E02000008",9850,5943,5454,4227,1288,2939,209,78,131,1018,392,626,489,321,245,207,150,57,6,3,3,32,20,12,76,3586,1058,720,793,533,482
2021,"Barking and Dagenham 008","E02000009",9354,5616,5173,4033,1281,2752,192,47,145,948,371,577,443,323,259,217,158,59,6,2,4,36,26,10,64,3415,815,841,815,444,500
2021,"Barking and Dagenham 009","E02000010",7075,4357,4031,3114,900,2214,119,32,87,798,256,542,326,258,198,173,116,57,3,0,3,22,15,7,60,2460,763,490,532,345,330
2021,"Barking and Dagenham 010","E02000011",5418,3199,2968,2242,609,1633,120,19,101,606,212,394,231,172,133,108,83,25,5,1,4,20,11,9,39,2047,833,405,389,179,241
2021,"Barking and Dagenham 011","E02000012",8847,5142,4802,3771,1087,2684,184,70,114,847,372,475,340,302,222,193,155,38,2,2,0,27,12,15,80,3403,1058,832,772,272,469
2021,"Barking and Dagenham 012","E02000013",6963,4109,3806,2954,912,2042,137,30,107,715,285,430,303,243,196,154,91,63,8,3,5,34,16,18,47,2611,803,532,552,383,341
2021,"Barking and Dagenham 013","E02000014",7433,4533,4169,3281,941,2340,130,24,106,758,252,506,364,284,213,176,120,56,4,1,3,33,14,19,71,2616,934,475,539,357,311
2021,"Barking and Dagenham 014","E02000015",6029,3697,3368,2717,756,1961,92,24,68,559,190,369,329,213,145,110,84,26,6,4,2,29,20,9,68,2119,636,414,429,323,317
2021,"Barking and Dagenham 015","E02000016",7581,4733,4259,3428,972,2456,145,46,99,686,266,420,474,388,290,260,156,104,3,2,1,27,16,11,98,2460,279,611,837,321,412
2021,"Barking and Dagenham 016","E02000017",7140,4259,3941,2870,897,1973,183,61,122,888,366,522,318,270,209,176,111,65,7,3,4,26,15,11,61,2611,657,602,682,345,325
2021,"Barking and Dagenham 017","E02000018",6998,4202,3829,2957,878,2079,154,24,130,718,268,450,373,228,160,144,98,46,0,0,0,16,9,7,68,2568,731,585,549,358,345
2021,"Barking and Dagenham 018","E02000019",7024,4302,3954,3136,911,2225,118,33,85,700,283,417,348,259,200,165,114,51,3,0,3,32,16,16,59,2463,751,521,536,300,355
2021,"Barking and Dagenham 019","E02000020",10264,6453,5961,4637,1315,3322,209,65,144,1115,431,684,492,397,296,244,161,83,11,6,5,41,26,15,101,3414,845,822,862,362,523
2021,"Barking and Dagenham 020","E02000021",6368,3835,3533,2746,883,1863,153,45,108,634,242,392,302,215,173,171,131,40,1,0,1,1,0,1,42,2318,745,503,485,273,312
2021,"Barking and Dagenham 021","E02000022",5420,3437,3152,2554,709,1845,100,30,70,498,189,309,285,290,205,176,133,43,5,4,1,24,21,3,85,1693,221,533,493,216,230
2021,"Barking and Dagenham 022","E02000023",5606,3327,3038,2521,760,1761,78,23,55,439,174,265,289,252,185,159,100,59,5,4,1,21,16,5,67,2027,342,546,512,318,309
2021,"Barnet 001","E02000024",8923,5511,5221,4015,962,3053,165,42,123,1041,534,507,290,135,102,80,54,26,1,1,0,21,12,9,33,3277,1952,478,401,185,261
2021,"Barnet 002","E02000025",6987,4408,4117,3186,736,2450,145,34,111,786,376,410,291,107,79,68,49,19,1,1,0,10,9,1,28,2472,1183,421,327,244,297
2021,"Barnet 003","E02000026",5216,3089,2931,2221,561,1660,126,32,94,584,298,286,158,61,45,39,32,7,0,0,0,6,5,1,16,2066,1084,336,307,149,190
2021,"Barnet 004","E02000027",7728,4607,4322,3417,867,2550,118,34,84,787,356,431,285,150,104,89,73,16,2,0,2,13,6,7,46,2971,1357,528,413,400,273
2021,"Barnet 005","E02000028",5305,3376,3202,2448,577,1871,117,21,96,637,325,312,174,96,66,65,46,19,1,1,0,0,0,0,30,1833,941,288,266,142,196
2021,"Barnet 006","E02000029",7435,4824,4505,3452,1001,2451,156,36,120,897,453,444,319,161,115,90,69,21,3,1,2,22,7,15,46,2450,1070,446,436,196,302
2021,"Barnet 007","E02000030",7719,4473,4304,3060,798,2262,306,60,246,938,467,471,169,92,73,66,48,18,1,1,0,6,5,1,19,3154,1623,502,490,235,304
2021,"Barnet 008","E02000031",6807,4246,4023,3078,648,2430,183,49,134,762,374,388,223,93,65,52,41,11,3,0,3,10,7,3,28,2468,1379,353,361,150,225
2021,"Barnet 009","E02000032",6423,3909,3713,2786,743,2043,198,45,153,729,344,385,196,98,79,65,56,9,2,2,0,12,8,4,19,2416,1362,431,314,119,190
2021,"Barnet 010","E02000033",7146,4416,4167,3157,863,2294,147,39,108,863,405,458,249,157,125,106,84,22,3,2,1,16,8,8,32,2573,1197,397,459,256,264
2021,"Barnet 011","E02000034",7280,4560,4310,3245,836,2409,179,38,141,886,468,418,250,172,130,108,77,31,2,1,1,20,16,4,42,2548,1268,425,392,234,229
2021,"Barnet 012","E02000035",7087,4513,4236,3181,699,2482,188,46,142,867,471,396,277,129,87,65,48,17,4,3,1,18,17,1,42,2445,1198,386,378,178,305
2021,"Barnet 013","E02000036",8649,5361,5093,3740,1078,2662,201,45,156,1152,530,622,268,194,162,137,97,40,1,1,0,24,11,13,32,3094,1420,548,487,297,342
2021,"Barnet 014","E02000037",8209,5144,4865,3585,1120,2465,239,51,188,1041,476,565,279,167,117,85,56,29,4,3,1,28,22,6,50,2898,1396,568,462,195,277
2021,"Barnet 015","E02000038",8642,5366,5094,3733,1009,2724,197,50,147,1164,557,607,272,181,146,121,92,29,3,1,2,22,20,2,35,3095,1383,565,468,339,340
2021,"Barnet 016","E02000039",5656,3629,3464,2478,659,1819,210,53,157,776,382,394,165,90,67,60,44,16,0,0,0,7,4,3,23,1937,913,368,360,121,175
2021,"Barnet 017","E02000040",7251,4461,4239,3237,732,2505,187,45,142,815,427,388,222,120,94,76,56,20,2,2,0,16,10,6,26,2670,1075,632,411,224,328
2021,"Barnet 018","E02000041",7451,4586,4304,3062,992,2070,203,57,146,1039,431,608,282,212,175,143,116,27,0,0,0,32,21,11,37,2653,1162,494,470,209,318
2021,"Barnet 019","E02000042",9405,5789,5418,4035,982,3053,201,47,154,1182,539,643,371,246,157,116,88,28,0,0,0,41,37,4,89,3370,1468,552,525,353,472
2021,"Barnet 020","E02000043",5892,3716,3570,2704,578,2126,179,53,126,687,326,361,146,81,66,48,35,13,4,2,2,14,8,6,15,2095,1058,345,373,140,179
2021,"Barnet 021","E02000044",6879,4380,4057,3070,924,2146,176,46,130,811,329,482,323,196,147,127,90,37,6,1,5,14,7,7,49,2303,757,481,474,304,287
2021,"Barnet 022","E02000045",8284,5230,4834,3573,970,2603,197,51,146,1064,516,548,396,183,138,123,83,40,2,1,1,13,8,5,45,2871,1074,586,507,379,325
2021,"Barnet 023","E02000046",5705,3948,3721,2792,599,2193,115,32,83,814,359,455,227,135,104,81,48,33,5,5,0,18,12,6,31,1622,752,278,257,121,214
2021,"Barnet 024","E02000047",9576,5666,5216,3839,1143,2696,210,53,157,1167,464,703,450,280,225,185,136,49,4,1,3,36,25,11,55,3630,1143,828,775,418,466
2021,"Barnet 025","E02000048",8087,4958,4683,3380,918,2462,215,40,175,1088,538,550,275,190,154,127,98,29,3,1,2,24,14,10,36,2939,1392,553,484,202,308
2021,"Barnet 026","E02000049",8019,4914,4476,3528,1021,2507,137,51,86,811,369,442,438,249,175,135,85,50,6,4,2,34,25,9,74,2856,643,809,629,432,343
2021,"Barnet 027","E02000050",8365,5185,4795,3685,879,2806,173,44,129,937,467,470,390,193,125,104,83,21,0,0,0,21,6,15,68,2987,1265,655,448,301,318
2021,"Barnet 028","E02000051",7495,4616,4242,2899,714,2185,262,71,191,1081,577,504,374,127,100,84,54,30,1,0,1,15,12,3,27,2752,1326,467,485,160,314
2021,"Barnet 029","E02000052",7965,5317,5008,3846,808,3038,130,30,100,1032,519,513,309,165,119,102,69,33,4,3,1,13,6,7,46,2483,1174,456,343,225,285
2021,"Barnet 031","E02000054",6220,3804,3599,2535,666,1869,143,36,107,921,407,514,205,275,197,167,120,47,0,0,0,30,15,15,78,2141,732,441,395,267,306
2021,"Barnet 032","E02000055",9497,5843,5403,3874,1100,2774,298,88,210,1231,561,670,440,512,378,302,220,82,12,5,7,64,31,33,134,3142,1031,895,547,251,418
2021,"Barnet 033","E02000056",7202,4385,4209,2899,682,2217,298,65,233,1012,543,469,176,81,54,42,31,11,1,0,1,11,10,1,27,2736,1323,509,556,106,242
2021,"Barnet 034","E02000057",5934,3596,3350,2337,751,1586,220,49,171,793,365,428,246,228,189,164,116,48,1,0,1,24,11,13,39,2110,670,552,422,191,275
2021,"Barnet 035","E02000058",7960,4879,4656,3363,1002,2361,234,57,177,1059,559,500,223,133,102,89,73,16,4,3,1,9,9,0,31,2948,1350,580,523,204,291
2021,"Barnet 036","E02000059",9623,6210,5799,4261,1082,3179,221,58,163,1317,511,806,411,303,253,217,151,66,4,4,0,32,15,17,50,3110,1065,591,639,368,447
2021,"Barnet 037","E02000060",7995,4744,4520,3406,1533,1873,227,61,166,887,503,384,224,188,154,131,99,32,2,2,0,21,18,3,34,3063,1137,686,598,316,326
2021,"Barnet 038","E02000061",6882,4316,4095,2944,654,2290,197,54,143,954,499,455,221,135,101,83,51,32,3,2,1,15,12,3,34,2431,919,550,435,221,306
2021,"Barnet 039","E02000062",5463,3258,2974,2218,648,1570,107,36,71,649,322,327,284,189,139,114,76,38,6,2,4,19,10,9,50,2016,569,404,419,262,362
2021,"Barnet 040","E02000063",6083,3570,3308,2317,676,1641,161,58,103,830,441,389,262,180,123,104,68,36,2,2,0,17,12,5,57,2333,794,457,451,240,391
2021,"Barnet 041","E02000064",5335,3315,3091,2353,596,1757,109,29,80,629,326,303,224,150,101,73,57,16,0,0,0,28,20,8,49,1870,592,445,392,215,226
2021,"Bexley 001","E02000065",5941,3676,3360,2707,740,1967,104,33,71,549,212,337,316,313,215,174,115,59,3,0,3,38,27,11,98,1952,519,515,356,255,307
2021,"Bexley 002","E02000066",7250,4309,3933,3256,896,2360,104,32,72,573,247,326,376,258,204,180,131,49,2,0,2,22,15,7,54,2683,914,559,420,361,429
2021,"Bexley 003","E02000067",7901,5113,4772,3959,873,3086,137,33,104,676,258,418,341,239,188,155,95,60,2,1,1,31,19,12,51,2549,1001,458,470,299,321
2021,"Bexley 004","E02000068",6029,3757,3469,2929,699,2230,96,28,68,444,159,285,288,181,137,120,88,32,4,3,1,13,8,5,44,2091,726,371,451,285,258
2021,"Bexley 005","E02000069",5673,3549,3367,2823,651,2172,75,23,52,469,194,275,182,121,92,81,61,20,3,0,3,8,3,5,29,2003,1118,257,277,159,192
2021,"Bexley 006","E02000070",6553,3934,3761,3059,765,2294,121,21,100,581,231,350,173,139,106,96,67,29,0,0,0,10,8,2,33,2480,1581,280,281,188,150
2021,"Bexley 007","E02000071",5985,3741,3515,2982,771,2211,74,19,55,459,185,274,226,127,89,83,68,15,0,0,0,6,6,0,38,2117,1121,302,314,155,225
2021,"Bexley 008","E02000072",9491,6050,5594,4756,1164,3592,139,20,119,699,279,420,456,309,246,212,149,63,6,6,0,28,21,7,63,3132,937,611,658,490,436
2021,"Bexley 009","E02000073",8703,5440,5209,4359,1071,3288,143,34,109,707,289,418,231,187,135,125,95,30,2,1,1,8,5,3,52,3076,2037,343,359,155,182
2021,"Bexley 010","E02000074",6865,4229,3942,3368,859,2509,70,13,57,504,169,335,287,173,114,96,82,14,1,1,0,17,7,10,59,2463,1109,350,394,361,249
2021,"Bexley 011","E02000075",6607,3844,3698,3076,737,2339,90,20,70,532,222,310,146,95,62,53,41,12,0,0,0,9,6,3,33,2668,1896,268,246,122,136
2021,"Bexley 013","E02000077",6571,4063,3840,3217,774,2443,101,16,85,522,176,346,223,118,91,83,65,18,0,0,0,8,5,3,27,2390,1319,361,339,187,184
2021,"Bexley 014","E02000078",6394,4037,3878,3308,751,2557,97,26,71,473,177,296,159,92,63,54,54,0,2,1,1,7,5,2,29,2265,1479,248,267,134,137
2021,"Bexley 015","E02000079",7097,4438,4226,3508,816,2692,120,27,93,598,241,357,212,96,72,67,54,13,0,0,0,5,0,5,24,2563,1621,283,307,177,175
2021,"Bexley 016","E02000080",8089,5095,4859,3994,970,3024,115,21,94,750,294,456,236,131,90,84,60,24,0,0,0,6,6,0,41,2863,1702,389,380,157,235
2021,"Bexley 017","E02000081",6618,3922,3746,3122,782,2340,86,23,63,538,223,315,176,119,101,92,84,8,2,1,1,7,3,4,18,2577,1578,274,322,228,175
2021,"Bexley 018","E02000082",7458,4917,4736,3899,935,2964,108,18,90,729,293,436,181,151,117,103,92,11,3,0,3,11,5,6,34,2390,1505,313,308,115,149
2021,"Bexley 019","E02000083",8883,5778,5495,4666,1094,3572,134,38,96,695,262,433,283,201,137,109,87,22,2,2,0,26,11,15,64,2904,1406,433,450,347,268
2021,"Bexley 020","E02000084",8932,5638,5409,4348,1046,3302,181,36,145,880,356,524,229,124,97,91,76,15,1,0,1,5,5,0,27,3170,1999,378,407,169,217
2021,"Bexley 021","E02000085",6379,4113,3958,3244,806,2438,115,25,90,599,213,386,155,91,66,60,45,15,1,1,0,5,4,1,25,2175,1313,314,256,137,155
2021,"Bexley 022","E02000086",5851,3668,3548,2904,725,2179,106,26,80,538,200,338,120,79,69,65,57,8,1,1,0,3,0,3,10,2104,1376,228,257,109,134
2021,"Bexley 023","E02000087",6722,4070,3911,3180,712,2468,117,20,97,614,273,341,159,105,74,70,49,21,1,1,0,3,0,3,31,2547,1690,276,281,137,163
2021,"Bexley 024","E02000088",6273,3948,3833,3205,752,2453,80,10,70,548,218,330,115,80,54,47,39,8,1,1,0,6,5,1,26,2245,1466,290,243,143,103
2021,"Bexley 025","E02000089",6352,3798,3649,3028,721,2307,95,18,77,526,230,296,149,131,98,83,73,10,2,1,1,13,11,2,33,2423,1584,309,266,133,131
2021,"Bexley 026","E02000090",8110,4814,4586,3839,768,3071,103,19,84,644,280,364,228,192,135,108,93,15,2,2,0,25,20,5,57,3104,1751,640,259,202,252
2021,"Bexley 027","E02000091",8415,4874,4642,3864,878,2986,111,23,88,667,287,380,232,148,110,96,83,13,2,1,1,12,9,3,38,3393,2203,434,319,224,213
2021,"Bexley 028","E02000092",5295,3064,2857,2349,648,1701,59,20,39,449,190,259,207,85,63,59,48,11,1,1,0,3,3,0,22,2146,1035,268,317,325,201
2021,"Brent 001","E02000093",9785,6095,5738,3934,1003,2931,303,59,244,1501,529,972,357,314,245,186,130,56,5,3,2,54,29,25,69,3376,1495,632,586,243,420
2021,"Brent 002","E02000094",8459,5227,4885,3559,882,2677,202,42,160,1124,419,705,342,284,213,164,118,46,5,0,5,44,23,21,71,2948,1082,670,531,277,388
2021,"Brent 003","E02000095",8595,5225,4899,3330,892,2438,281,74,207,1288,379,909,326,275,213,156,103,53,6,1,5,51,27,24,62,3095,1349,551,616,208,371
2021,"Brent 004","E02000096",6275,3737,3558,2536,631,1905,195,43,152,827,328,499,179,147,120,93,60,33,4,4,0,23,10,13,27,2391,1390,345,327,132,197
2021,"Brent 005","E02000097",7762,4643,4351,2974,836,2138,217,36,181,1160,423,737,292,253,215,151,107,44,1,1,0,63,43,20,38,2866,1188,523,538,261,356
2021,"Brent 006","E02000098",7156,3999,3734,2633,718,1915,190,59,131,911,378,533,265,199,149,116,82,34,1,1,0,32,16,16,50,2958,1129,593,552,334,350
2021,"Brent 007","E02000099",7543,4718,4434,3098,837,2261,238,55,183,1098,365,733,284,315,277,182,111,71,17,0,17,78,20,58,38,2510,848,544,595,201,322
2021,"Brent 008","E02000100",7182,4255,4012,3038,663,2375,221,54,167,753,321,432,243,325,199,165,136,29,2,2,0,32,23,9,126,2602,1252,667,368,100,215
2021,"Brent 009","E02000101",7933,4473,4117,3057,911,2146,204,73,131,856,371,485,356,273,174,154,115,39,5,4,1,15,11,4,99,3187,1043,702,634,356,452
2021,"Brent 010","E02000102",6225,3348,3089,2244,724,1520,139,53,86,706,330,376,259,196,135,114,94,20,1,0,1,20,10,10,61,2681,804,587,590,295,405
2021,"Brent 011","E02000103",7852,4518,4097,3139,1008,2131,149,43,106,809,372,437,421,215,157,131,99,32,9,8,1,17,12,5,58,3119,991,652,721,339,416
2021,"Brent 012","E02000104",6267,3677,3439,2507,654,1853,153,44,109,779,329,450,238,187,147,119,82,37,1,1,0,27,21,6,40,2403,937,415,430,354,267
2021,"Brent 013","E02000105",7854,4707,4401,3435,932,2503,162,37,125,804,313,491,306,270,211,159,100,59,4,4,0,48,19,29,59,2877,926,737,640,235,339
2021,"Brent 014","E02000106",8260,4745,4268,2971,1000,1971,156,41,115,1141,455,686,477,296,219,181,135,46,0,0,0,38,20,18,77,3219,1064,635,660,325,535
2021,"Brent 015","E02000107",9061,5762,5369,4065,1055,3010,198,58,140,1106,511,595,393,204,154,132,88,44,0,0,0,22,16,6,50,3095,934,587,601,333,640
2021,"Brent 016","E02000108",5857,3574,3346,2646,664,1982,117,26,91,583,218,365,228,218,167,147,106,41,3,0,3,17,8,9,51,2065,745,455,403,143,319
2021,"Brent 018","E02000110",6769,4150,3815,2863,669,2194,118,36,82,834,377,457,335,193,157,112,76,36,0,0,0,45,38,7,36,2426,956,512,379,294,285
2021,"Brent 019","E02000111",9035,5472,5107,4225,1113,3112,187,48,139,695,269,426,365,248,200,179,121,58,0,0,0,21,14,7,48,3315,988,667,874,324,462
2021,"Brent 020","E02000112",9703,6297,5836,4859,1127,3732,175,56,119,802,313,489,461,310,250,208,147,61,0,0,0,42,30,12,60,3096,1087,613,677,221,498
2021,"Brent 021","E02000113",7431,3768,3272,2632,901,1731,90,48,42,550,280,270,496,256,174,160,122,38,1,1,0,13,8,5,82,3407,882,868,651,486,520
2021,"Brent 022","E02000114",7595,4975,4626,3508,846,2662,139,48,91,979,454,525,349,238,171,127,78,49,2,1,1,42,34,8,67,2382,734,499,425,315,409
2021,"Brent 023","E02000115",7288,4672,4339,3420,686,2734,128,33,95,791,400,391,333,141,95,75,40,35,3,3,0,17,14,3,46,2475,841,573,371,290,400
2021,"Brent 024","E02000116",6673,3947,3577,2741,856,1885,133,48,85,703,321,382,370,195,142,109,71,38,2,2,0,31,28,3,53,2531,613,583,543,346,446
2021,"Brent 025","E02000117",9681,5449,4839,3842,1315,2527,104,35,69,893,449,444,610,259,180,159,112,47,3,3,0,18,12,6,79,3973,969,844,846,670,644
2021,"Brent 026","E02000118",9246,5791,5429,4493,1037,3456,189,49,140,747,256,491,362,283,216,191,133,58,9,7,2,16,6,10,67,3172,1039,585,807,235,506
2021,"Brent 027","E02000119",8172,4694,4233,3525,1066,2459,132,48,84,576,257,319,461,285,187,166,124,42,5,5,0,16,9,7,98,3193,698,757,674,514,550
2021,"Brent 028","E02000120",7612,5253,4868,3842,758,3084,133,28,105,893,423,470,385,228,184,148,93,55,2,0,2,34,13,21,44,2131,705,420,368,298,340
2021,"Brent 029","E02000121",9846,6083,5684,4733,1203,3530,190,53,137,761,277,484,399,282,209,194,146,48,0,0,0,15,7,8,73,3481,1006,740,955,239,541
2021,"Brent 030","E02000122",6688,4312,4001,2868,634,2234,219,72,147,914,478,436,311,140,90,72,56,16,5,2,3,13,12,1,50,2236,825,477,402,231,301
2021,"Brent 031","E02000123",10787,6611,5995,4549,1422,3127,209,89,120,1237,619,618,616,287,214,187,135,52,7,3,4,20,17,3,73,3889,1042,845,718,544,740
2021,"Brent 032","E02000124",8113,5504,5177,3852,670,3182,202,44,158,1123,532,591,327,149,126,101,72,29,4,3,1,21,18,3,23,2460,934,558,390,274,304
2021,"Brent 033","E02000125",8064,5472,5115,3775,751,3024,171,41,130,1169,547,622,357,135,109,82,60,22,7,5,2,20,16,4,26,2457,1052,483,335,283,304
2021,"Brent 034","E02000126",6574,4049,3611,3005,789,2216,81,29,52,525,262,263,438,235,152,120,87,33,12,11,1,20,9,11,83,2290,644,561,428,325,332
2021,"Bromley 001","E02000127",7223,4496,4176,3373,894,2479,114,36,78,689,268,421,320,114,86,77,59,18,1,1,0,8,8,0,28,2613,1084,391,463,379,296
2021,"Bromley 002","E02000128",6104,3866,3683,2918,664,2254,120,29,91,645,276,369,183,78,61,57,47,10,0,0,0,4,4,0,17,2160,1274,275,272,163,176
2021,"Bromley 004","E02000130",6822,4741,4476,3604,756,2848,89,22,67,783,376,407,265,99,83,74,59,15,0,0,0,9,8,1,16,1982,1053,293,257,184,195
2021,"Bromley 005","E02000131",8633,6542,6138,5021,865,4156,121,39,82,996,482,514,404,130,100,85,58,27,0,0,0,15,10,5,30,1961,610,426,312,331,282
2021,"Bromley 006","E02000132",8230,5757,5437,4528,761,3767,113,28,85,796,338,458,320,131,98,87,54,33,2,1,1,9,8,1,33,2342,1377,269,286,168,242
2021,"Bromley 007","E02000133",8697,5293,5122,4026,798,3228,279,52,227,817,390,427,171,108,84,77,59,18,0,0,0,7,5,2,24,3296,2084,434,447,122,209
2021,"Bromley 008","E02000134",9439,6343,5990,4773,942,3831,179,56,123,1038,465,573,353,190,152,118,89,29,1,1,0,33,24,9,38,2906,1425,450,431,311,289
2021,"Bromley 009","E02000135",7976,5121,4730,3898,963,2935,95,30,65,737,334,403,391,159,139,118,85,33,0,0,0,21,15,6,20,2696,900,532,412,506,346
2021,"Bromley 010","E02000136",4651,2591,2438,1885,455,1430,120,34,86,433,186,247,153,73,58,51,41,10,2,2,0,5,4,1,15,1987,1199,216,286,175,111
2021,"Bromley 011","E02000137",6824,4345,4166,3306,601,2705,125,28,97,735,352,383,179,111,87,66,47,19,1,1,0,20,12,8,24,2368,1494,254,280,152,188
2021,"Bromley 012","E02000138",7235,4499,4294,3429,580,2849,170,31,139,695,316,379,205,88,79,63,48,15,3,2,1,13,7,6,9,2648,1900,229,259,95,165
2021,"Bromley 013","E02000139",6142,4272,4097,3343,639,2704,92,25,67,662,306,356,175,73,44,33,25,8,0,0,0,11,10,1,29,1797,901,285,248,202,161
2021,"Bromley 014","E02000140",6590,4007,3737,3096,813,2283,93,31,62,548,203,345,270,117,79,71,57,14,0,0,0,8,5,3,38,2466,933,356,474,420,283
2021,"Bromley 015","E02000141",5824,4089,3826,3109,696,2413,106,28,78,611,261,350,263,99,85,75,48,27,2,1,1,8,5,3,14,1636,793,265,212,188,178
2021,"Bromley 016","E02000142",7007,4520,4332,3438,710,2728,155,36,119,739,299,440,188,108,82,68,53,15,0,0,0,14,8,6,26,2379,1410,341,318,133,177
2021,"Bromley 018","E02000144",8106,5663,5403,4396,765,3631,149,35,114,858,377,481,260,125,99,78,50,28,2,0,2,19,8,11,26,2318,1302,301,386,116,213
2021,"Bromley 019","E02000145",6676,4067,3827,3156,817,2339,108,28,80,563,227,336,240,142,111,102,70,32,0,0,0,9,8,1,31,2467,1051,313,457,372,274
2021,"Bromley 020","E02000146",7730,5286,5064,4105,829,3276,127,23,104,832,361,471,222,123,89,83,64,19,0,0,0,6,6,0,34,2321,1350,305,286,206,174
2021,"Bromley 021","E02000147",6563,3832,3704,2940,726,2214,197,45,152,567,272,295,128,90,65,57,46,11,1,1,0,7,6,1,25,2641,1706,358,358,76,143
2021,"Bromley 022","E02000148",5408,3217,3086,2437,548,1889,128,29,99,521,250,271,131,60,47,42,37,5,1,0,1,4,3,1,13,2131,1412,246,243,100,130
2021,"Bromley 023","E02000149",6498,4119,3900,3238,779,2459,93,32,61,569,231,338,219,107,82,75,58,17,0,0,0,7,6,1,25,2272,1175,273,369,257,198
2021,"Bromley 024","E02000150",6742,4308,4094,3303,797,2506,136,36,100,655,294,361,214,108,75,67,54,13,1,1,0,7,5,2,33,2326,1417,323,262,153,171
2021,"Bromley 025","E02000151",6005,3569,3469,2833,576,2257,105,19,86,531,251,280,100,64,40,35,31,4,0,0,0,5,5,0,24,2372,1706,210,283,74,99
2021,"Bromley 026","E02000152",6131,3881,3672,2988,752,2236,99,24,75,585,243,342,209,104,71,63,53,10,1,1,0,7,6,1,33,2146,1006,329,345,267,199
2021,"Bromley 027","E02000153",6376,4009,3865,3113,796,2317,108,21,87,644,307,337,144,112,78,71,54,17,1,1,0,6,6,0,34,2255,1511,305,236,86,117
2021,"Bromley 028","E02000154",6979,4342,4150,3426,718,2708,108,32,76,616,307,309,192,104,78,65,56,9,3,2,1,10,7,3,26,2533,1580,277,339,166,171
2021,"Bromley 029","E02000155",5971,3379,3231,2699,643,2056,77,16,61,455,196,259,148,72,51,44,29,15,0,0,0,7,5,2,21,2520,1664,231,267,197,161
2021,"Bromley 030","E02000156",10073,5900,5692,4573,1158,3415,182,34,148,937,432,505,208,123,92,80,74,6,2,1,1,10,8,2,31,4050,2795,446,391,201,217
2021,"Bromley 031","E02000157",6747,3979,3827,3116,721,2395,91,19,72,620,274,346,152,131,92,80,70,10,1,1,0,11,9,2,39,2637,1905,308,282,59,83
2021,"Bromley 032","E02000158",6128,3505,3303,2670,702,1968,94,25,69,539,248,291,202,100,69,66,58,8,1,1,0,2,2,0,31,2523,1521,316,330,210,146
2021,"Bromley 033","E02000159",5906,3436,3296,2501,677,1824,184,50,134,611,266,345,140,79,56,49,45,4,1,1,0,6,4,2,23,2391,1550,275,318,97,151
2021,"Bromley 034","E02000160",6536,3914,3735,2955,781,2174,126,20,106,654,305,349,179,104,72,66,56,10,1,1,0,5,5,0,32,2518,1685,299,274,125,135
2021,"Bromley 035","E02000161",6917,4239,4080,3413,769,2644,87,18,69,580,259,321,159,93,66,64,57,7,0,0,0,2,1,1,27,2585,1735,298,301,118,133
2021,"Bromley 036","E02000162",5789,3252,3088,2490,661,1829,100,21,79,498,228,270,164,88,63,60,46,14,0,0,0,3,2,1,25,2449,1646,249,237,195,122
2021,"Bromley 037","E02000163",6301,3743,3619,2912,705,2207,115,29,86,592,292,300,124,94,73,68,60,8,0,0,0,5,3,2,21,2464,1685,266,273,117,123
2021,"Bromley 039","E02000165",5782,3798,3668,2928,760,2168,91,22,69,649,259,390,130,81,54,51,47,4,0,0,0,3,2,1,27,1903,1226,251,196,105,125
2021,"Camden 001","E02000166",6528,3856,3589,2521,567,1954,138,29,109,930,480,450,267,116,81,62,45,17,1,1,0,18,15,3,35,2556,1095,452,366,370,273
2021,"Camden 002","E02000167",6002,3915,3765,2513,321,2192,253,52,201,999,479,520,150,77,62,51,41,10,0,0,0,11,8,3,15,2010,998,384,331,101,196
2021,"Camden 003","E02000168",6620,4489,4248,3121,534,2587,156,22,134,971,460,511,241,119,88,77,57,20,0,0,0,11,10,1,31,2012,765,465,261,302,219
2021,"Camden 004","E02000169",5757,3652,3503,2466,356,2110,236,52,184,801,440,361,149,90,70,54,35,19,0,0,0,16,12,4,20,2015,838,414,442,104,217
2021,"Camden 005","E02000170",6576,4549,4340,3336,484,2852,166,33,133,838,434,404,209,136,106,80,65,15,0,0,0,26,18,8,30,1891,725,438,297,211,220
2021,"Camden 006","E02000171",6213,4105,3878,2862,506,2356,146,30,116,870,418,452,227,113,85,56,32,24,1,1,0,28,24,4,28,1995,799,447,304,232,213
2021,"Camden 007","E02000172",8167,4553,4145,3302,783,2519,122,27,95,721,355,366,408,248,169,146,121,25,1,1,0,22,18,4,79,3366,849,936,509,632,440
2021,"Camden 008","E02000173",6179,4234,4045,3098,338,2760,176,38,138,771,396,375,189,119,79,63,42,21,0,0,0,16,12,4,40,1826,698,439,326,144,219
2021,"Camden 009","E02000174",6759,4215,3935,3057,601,2456,105,29,76,773,354,419,280,203,137,115,82,33,2,1,1,20,17,3,66,2341,667,670,339,398,267
2021,"Camden 010","E02000175",7882,5448,5166,4199,541,3658,140,29,111,827,392,435,282,246,163,125,89,36,2,0,2,36,30,6,83,2188,627,657,318,311,275
2021,"Camden 011","E02000176",4969,3527,3400,2556,280,2276,118,21,97,726,372,354,127,84,64,49,35,14,4,4,0,11,9,2,20,1358,605,242,227,126,158
2021,"Camden 012","E02000177",7099,4211,3880,3093,637,2456,109,26,83,678,330,348,331,230,164,132,111,21,0,0,0,32,21,11,66,2658,844,681,444,367,322
2021,"Camden 013","E02000178",7610,5015,4682,3860,671,3189,118,34,84,704,328,376,333,193,143,114,78,36,1,1,0,28,27,1,50,2402,676,531,380,424,391
2021,"Camden 014","E02000179",4721,2950,2778,2072,383,1689,100,31,69,606,318,288,172,112,77,67,51,16,1,1,0,9,8,1,35,1659,601,442,285,177,154
2021,"Camden 015","E02000180",6741,4184,3856,2942,543,2399,107,29,78,807,365,442,328,277,202,165,126,39,2,0,2,35,30,5,75,2280,581,741,294,339,325
2021,"Camden 016","E02000181",6841,4973,4745,3845,405,3440,135,27,108,765,387,378,228,131,95,74,47,27,6,3,3,15,15,0,36,1737,616,431,294,174,222
2021,"Camden 017","E02000182",5786,3482,3286,2571,396,2175,133,31,102,582,274,308,196,157,107,77,54,23,2,2,0,28,20,8,50,2147,656,522,527,182,260
2021,"Camden 018","E02000183",6445,3933,3721,2742,434,2308,139,22,117,840,401,439,212,164,125,101,81,20,0,0,0,24,22,2,39,2348,919,559,336,283,251
2021,"Camden 019","E02000184",7749,4042,3652,2962,601,2361,107,39,68,583,288,295,390,424,295,237,180,57,3,2,1,55,52,3,129,3283,561,1540,394,444,344
2021,"Camden 020","E02000185",7264,4146,3760,2938,768,2170,112,41,71,710,365,345,386,201,143,120,80,40,0,0,0,23,19,4,58,2917,852,676,534,449,406
2021,"Camden 021","E02000186",5432,3174,2957,2239,364,1875,127,34,93,591,278,313,217,249,149,123,93,30,0,0,0,26,23,3,100,2009,467,812,266,219,245
2021,"Camden 022","E02000187",7986,3749,3341,2741,765,1976,118,49,69,482,246,236,408,414,264,221,173,48,8,8,0,35,27,8,150,3823,668,1622,607,532,394
2021,"Camden 023","E02000188",5928,2807,2488,2061,570,1491,76,34,42,351,186,165,319,295,198,167,142,25,5,5,0,26,24,2,97,2826,506,1207,441,327,345
2021,"Camden 026","E02000191",5025,2044,1936,1542,222,1320,70,15,55,324,146,178,108,361,208,145,122,23,8,4,4,55,49,6,153,2620,360,1858,134,146,122
2021,"Camden 027","E02000192",5740,3273,2994,2341,536,1805,88,17,71,565,286,279,279,198,152,118,95,23,1,0,1,33,27,6,46,2269,609,706,344,338,272
2021,"Camden 028","E02000193",5502,2840,2645,2039,343,1696,106,23,83,500,225,275,195,275,179,144,116,28,4,4,0,31,31,0,96,2387,570,1137,207,253,220
2021,"Croydon 001","E02000194",7484,5208,4891,3873,814,3059,123,44,79,895,403,492,317,148,113,96,72,24,4,3,1,13,8,5,35,2128,957,352,300,259,260
2021,"Croydon 002","E02000195",7739,4772,4462,3338,821,2517,223,52,171,901,456,445,310,178,123,110,88,22,0,0,0,13,11,2,55,2789,1432,460,419,190,288
2021,"Croydon 003","E02000196",6478,3916,3631,2731,725,2006,129,27,102,771,336,435,285,150,121,106,80,26,6,4,2,9,5,4,29,2412,1064,387,408,247,306
2021,"Croydon 004","E02000197",7318,4647,4320,3270,849,2421,160,45,115,890,385,505,327,190,140,116,92,24,0,0,0,24,21,3,50,2481,1064,482,416,222,297
2021,"Croydon 005","E02000198",7014,4557,4138,3278,932,2346,125,31,94,735,325,410,419,181,130,116,91,25,0,0,0,14,11,3,51,2276,683,506,376,327,384
2021,"Croydon 006","E02000199",6748,4429,4102,3255,832,2423,102,23,79,745,325,420,327,194,148,136,99,37,5,5,0,7,7,0,46,2125,877,447,311,198,292
2021,"Croydon 007","E02000200",7350,4934,4608,3749,851,2898,105,20,85,754,353,401,326,169,128,113,90,23,1,0,1,14,9,5,41,2247,950,430,322,257,288
2021,"Croydon 008","E02000201",6783,4479,4083,3274,867,2407,103,33,70,706,327,379,396,152,109,96,76,20,4,3,1,9,6,3,43,2152,766,390,375,328,293
2021,"Croydon 009","E02000202",7146,4309,3970,3099,884,2215,123,43,80,748,312,436,339,195,150,142,112,30,1,1,0,7,7,0,45,2642,1034,569,427,262,350
2021,"Croydon 010","E02000203",6297,3867,3574,2840,746,2094,101,28,73,633,309,324,293,183,147,127,91,36,1,0,1,19,14,5,36,2247,764,426,344,309,404
2021,"Croydon 011","E02000204",7611,4552,4156,3297,968,2329,153,50,103,706,303,403,396,232,184,171,141,30,3,2,1,10,7,3,48,2827,1082,526,536,260,423
2021,"Croydon 013","E02000206",8346,5433,4929,4018,1070,2948,121,29,92,790,325,465,504,224,179,161,105,56,2,0,2,16,15,1,45,2689,908,554,487,331,409
2021,"Croydon 014","E02000207",7211,4620,4234,3471,857,2614,98,34,64,665,288,377,386,207,127,118,71,47,0,0,0,9,6,3,80,2384,769,544,325,383,363
2021,"Croydon 015","E02000208",8127,4908,4495,3627,1093,2534,153,46,107,715,342,373,413,283,219,197,153,44,4,4,0,18,12,6,64,2936,656,586,606,505,583
2021,"Croydon 016","E02000209",6996,4296,4029,3310,1004,2306,116,43,73,603,304,299,267,254,202,192,149,43,1,0,1,9,6,3,52,2446,713,663,504,227,339
2021,"Croydon 017","E02000210",6945,4699,4443,3627,770,2857,104,23,81,712,280,432,256,196,140,125,91,34,0,0,0,15,10,5,56,2050,850,399,336,201,264
2021,"Croydon 018","E02000211",6825,4201,4002,3226,789,2437,134,35,99,642,281,361,199,101,76,65,50,15,1,1,0,10,9,1,25,2523,1634,332,240,123,194
2021,"Croydon 019","E02000212",7205,4395,4019,3370,1017,2353,113,34,79,536,257,279,376,283,206,178,139,39,0,0,0,28,23,5,77,2527,653,569,551,318,436
2021,"Croydon 020","E02000213",9888,6337,5750,4780,1163,3617,132,53,79,838,369,469,587,341,247,220,148,72,5,2,3,22,17,5,94,3210,771,568,746,482,643
2021,"Croydon 021","E02000214",5088,3195,3027,2452,554,1898,78,25,53,497,235,262,168,102,70,62,50,12,1,0,1,7,6,1,32,1791,1073,261,245,94,118
2021,"Croydon 022","E02000215",9622,6428,6030,4767,991,3776,183,52,131,1080,467,613,398,288,232,175,119,56,17,15,2,40,20,20,56,2906,1150,467,504,381,404
2021,"Croydon 023","E02000216",5751,3595,3385,2745,507,2238,123,28,95,517,212,305,210,117,84,66,50,16,1,0,1,17,16,1,33,2039,1131,284,334,146,144
2021,"Croydon 024","E02000217",9309,6450,6031,4916,1219,3697,154,43,111,961,428,533,419,238,169,159,116,43,1,0,1,9,4,5,69,2621,779,532,540,364,406
2021,"Croydon 025","E02000218",5128,2944,2705,2239,656,1583,84,26,58,382,168,214,239,128,91,88,66,22,3,2,1,0,0,0,37,2056,947,420,312,177,200
2021,"Croydon 026","E02000219",6508,3713,3564,2816,742,2074,150,31,119,598,255,343,149,109,83,78,58,20,1,0,1,4,3,1,26,2686,1925,279,224,107,151
2021,"Croydon 028","E02000221",8359,5235,4812,3988,1054,2934,149,49,100,675,286,389,423,244,177,149,123,26,5,1,4,23,22,1,67,2880,1044,603,500,401,332
2021,"Croydon 029","E02000222",6725,4649,4410,3619,686,2933,120,31,89,671,284,387,239,116,82,67,46,21,2,0,2,13,5,8,34,1960,973,325,275,194,193
2021,"Croydon 030","E02000223",6014,3395,3068,2610,873,1737,65,24,41,393,179,214,327,220,135,118,99,19,2,2,0,15,7,8,85,2399,657,610,487,394,251
2021,"Croydon 031","E02000224",6402,4484,4249,3467,742,2725,115,35,80,667,277,390,235,141,104,93,69,24,0,0,0,11,9,2,37,1777,823,329,257,146,222
2021,"Croydon 032","E02000225",5829,3496,3259,2749,794,1955,74,14,60,436,173,263,237,165,124,114,86,28,0,0,0,10,6,4,41,2168,931,349,382,298,208
2021,"Croydon 033","E02000226",6284,3658,3502,2791,679,2112,107,31,76,604,251,353,156,80,49,41,35,6,1,0,1,7,7,0,31,2546,1661,380,258,117,130
2021,"Croydon 034","E02000227",9380,5924,5616,4710,1235,3475,104,27,77,802,346,456,308,128,103,93,73,20,0,0,0,10,8,2,25,3328,1959,426,398,281,264
2021,"Croydon 035","E02000228",6394,3733,3600,2848,693,2155,148,33,115,604,310,294,133,72,54,50,39,11,1,0,1,3,3,0,18,2589,1834,278,261,105,111
2021,"Croydon 036","E02000229",4726,2652,2459,2039,628,1411,67,21,46,353,145,208,193,104,81,73,57,16,4,4,0,4,4,0,23,1970,751,323,334,335,227
2021,"Croydon 037","E02000230",8573,5244,4976,4034,843,3191,149,43,106,793,364,429,268,141,104,96,69,27,1,0,1,7,6,1,37,3188,1740,401,390,350,307
2021,"Croydon 038","E02000231",6541,3942,3785,2863,687,2176,244,70,174,678,293,385,157,93,69,60,48,12,0,0,0,9,7,2,24,2506,1429,357,349,168,203
2021,"Croydon 039","E02000232",5074,2980,2853,2284,627,1657,102,26,76,467,208,259,127,70,50,49,39,10,0,0,0,1,1,0,20,2024,1342,232,192,136,122
2021,"Croydon 040","E02000233",4998,3235,3102,2502,524,1978,87,21,66,513,244,269,133,99,74,65,50,15,3,1,2,6,3,3,25,1664,912,230,201,173,148
2021,"Croydon 041","E02000234",7422,4727,4486,3649,802,2847,119,31,88,718,323,395,241,122,80,73,53,20,1,0,1,6,0,6,42,2573,1388,374,358,269,184
2021,"Croydon 042","E02000235",5608,3530,3394,2688,601,2087,106,29,77,600,257,343,136,74,58,58,46,12,0,0,0,0,0,0,16,2004,1297,231,226,123,127
2021,"Croydon 043","E02000236",7068,4775,4587,3821,816,3005,117,28,89,649,284,365,188,104,76,64,47,17,2,1,1,10,5,5,28,2189,1314,315,256,146,158
2021,"Croydon 044","E02000237",6120,3617,3461,2802,718,2084,83,17,66,576,284,292,156,82,49,43,40,3,0,0,0,6,5,1,33,2421,1702,229,223,121,146
2021,"Ealing 001","E02000238",8612,5684,5333,4140,1113,3027,168,50,118,1025,392,633,351,224,176,155,113,42,1,1,0,20,12,8,48,2704,970,612,533,199,390
2021,"Ealing 002","E02000239",7457,4693,4441,3344,831,2513,181,44,137,916,352,564,252,183,145,120,82,38,0,0,0,25,14,11,38,2581,1225,510,456,151,239
2021,"Ealing 003","E02000240",8734,5157,4773,3760,1067,2693,131,36,95,882,367,515,384,232,153,128,92,36,5,5,0,20,9,11,79,3345,1184,694,691,354,422
2021,"Ealing 004","E02000241",5908,3726,3456,2695,693,2002,110,33,77,651,275,376,270,167,122,103,75,28,3,0,3,16,7,9,45,2015,809,428,398,146,234
2021,"Ealing 005","E02000242",5642,3441,3203,2412,620,1792,122,36,86,669,281,388,238,133,83,72,60,12,4,3,1,7,3,4,50,2068,829,425,420,158,236
2021,"Ealing 006","E02000243",7115,4325,4040,2950,786,2164,164,50,114,926,390,536,285,164,117,99,74,25,1,0,1,17,11,6,47,2626,1068,504,454,294,306
2021,"Ealing 007","E02000244",6389,3962,3675,2613,661,1952,129,39,90,933,398,535,287,134,99,86,67,19,1,1,0,12,12,0,35,2293,887,436,500,174,296
2021,"Ealing 008","E02000245",6940,4067,3770,3060,885,2175,122,33,89,588,275,313,297,216,153,137,92,45,5,1,4,11,7,4,63,2657,679,502,643,393,440
2021,"Ealing 009","E02000246",7196,4272,3921,3092,880,2212,148,57,91,681,322,359,351,210,150,135,115,20,1,1,0,14,9,5,60,2714,848,589,644,294,339
2021,"Ealing 010","E02000247",8643,5078,4652,3650,1014,2636,177,45,132,825,331,494,426,222,165,145,107,38,5,1,4,15,7,8,57,3343,1075,630,697,468,473
2021,"Ealing 011","E02000248",6140,3846,3592,2666,681,1985,160,38,122,766,388,378,254,151,123,94,46,48,5,0,5,24,12,12,28,2143,832,413,481,154,263
2021,"Ealing 012","E02000249",6680,4005,3726,2805,782,2023,149,34,115,772,356,416,279,185,137,116,91,25,2,1,1,19,11,8,48,2490,964,457,468,253,348
2021,"Ealing 013","E02000250",5208,3263,3115,2372,471,1901,114,26,88,629,333,296,148,63,50,39,33,6,3,1,2,8,6,2,13,1882,1081,312,246,81,162
2021,"Ealing 014","E02000251",6649,3996,3730,2893,798,2095,150,43,107,687,273,414,266,171,123,117,99,18,0,0,0,6,6,0,48,2482,991,441,544,199,307
2021,"Ealing 015","E02000252",10467,5467,5034,4031,875,3156,122,49,73,881,414,467,433,696,380,312,229,83,9,4,5,59,47,12,316,4304,874,2144,557,324,405
2021,"Ealing 016","E02000253",8048,4512,4117,3144,915,2229,135,53,82,838,434,404,395,178,130,113,87,26,3,2,1,14,10,4,48,3358,1189,716,638,402,413
2021,"Ealing 017","E02000254",7488,4203,3869,3228,930,2298,122,42,80,519,234,285,334,168,130,126,94,32,1,1,0,3,2,1,38,3117,1039,589,754,332,403
2021,"Ealing 018","E02000255",7879,4817,4463,3499,791,2708,160,46,114,804,388,416,354,193,124,112,95,17,7,4,3,5,5,0,69,2869,1184,567,500,329,289
2021,"Ealing 019","E02000256",7782,5364,5082,3984,659,3325,170,24,146,928,471,457,282,162,117,91,58,33,2,2,0,24,20,4,45,2256,1008,413,422,168,245
2021,"Ealing 021","E02000258",5482,3539,3294,2546,566,1980,117,31,86,631,317,314,245,139,93,82,62,20,1,1,0,10,7,3,46,1804,618,345,424,183,234
2021,"Ealing 022","E02000259",5156,3440,3243,2428,553,1875,103,38,65,712,313,399,197,88,65,61,47,14,0,0,0,4,4,0,23,1628,767,321,254,127,159
2021,"Ealing 023","E02000260",7832,4052,3645,3090,928,2162,129,42,87,426,193,233,407,242,165,155,124,31,0,0,0,10,9,1,77,3538,1086,584,925,427,516
2021,"Ealing 024","E02000261",10375,6858,6300,4989,1122,3867,177,58,119,1134,476,658,558,285,211,163,110,53,6,5,1,42,37,5,74,3232,1021,815,661,290,445
2021,"Ealing 025","E02000262",7591,5046,4709,3605,779,2826,142,43,99,962,445,517,337,229,174,148,111,37,3,1,2,23,19,4,55,2316,765,485,439,318,309
2021,"Ealing 026","E02000263",10844,5891,5311,4603,1316,3287,169,63,106,539,239,300,580,303,211,203,170,33,0,0,0,8,5,3,92,4650,1241,914,1364,415,716
2021,"Ealing 027","E02000264",7291,4777,4457,3429,603,2826,151,35,116,877,432,445,320,234,204,150,113,37,1,0,1,53,47,6,30,2280,978,459,370,213,260
2021,"Ealing 028","E02000265",9081,5888,5406,4309,926,3383,141,57,84,956,481,475,482,193,125,104,81,23,8,6,2,13,10,3,68,3000,1116,527,471,401,485
2021,"Ealing 029","E02000266",10326,5800,5261,4344,1172,3172,170,46,124,747,349,398,539,300,203,191,149,42,1,0,1,11,5,6,97,4226,1060,847,958,731,630
2021,"Ealing 030","E02000267",6420,4362,4099,3120,709,2411,101,24,77,878,407,471,263,123,88,76,56,20,0,0,0,12,12,0,35,1935,744,381,330,180,300
2021,"Ealing 031","E02000268",7799,5042,4735,3668,694,2974,134,38,96,933,466,467,307,202,140,116,91,25,1,1,0,23,21,2,62,2555,1178,473,381,259,264
2021,"Ealing 032","E02000269",6595,4584,4347,3404,565,2839,114,19,95,829,404,425,237,114,84,66,43,23,3,2,1,15,11,4,30,1897,1016,323,262,124,172
2021,"Ealing 033","E02000270",7769,5298,4928,4054,765,3289,126,46,80,748,346,402,370,191,131,115,74,41,4,3,1,12,12,0,60,2280,637,499,452,323,369
2021,"Ealing 034","E02000271",5636,3860,3683,2830,445,2385,119,26,93,734,367,367,177,86,49,42,27,15,0,0,0,7,5,2,37,1690,830,310,305,68,177
2021,"Ealing 035","E02000272",5361,3449,3282,2516,540,1976,109,36,73,657,309,348,167,91,63,56,50,6,0,0,0,7,7,0,28,1821,989,306,245,124,157
2021,"Ealing 038","E02000275",6561,3569,3286,2696,813,1883,160,60,100,430,189,241,283,149,105,96,73,23,0,0,0,9,5,4,44,2843,894,516,754,272,407
2021,"Ealing 039","E02000276",5421,3767,3567,2845,516,2329,85,17,68,637,276,361,200,133,96,78,57,21,2,1,1,16,12,4,37,1521,713,344,210,101,153
2021,"Enfield 001","E02000277",5728,3186,2963,2402,794,1608,94,27,67,467,219,248,223,203,126,109,83,26,0,0,0,17,10,7,77,2339,896,424,467,242,310
2021,"Enfield 002","E02000278",7152,3692,3384,2751,1018,1733,118,41,77,515,239,276,308,214,142,134,96,38,1,0,1,7,3,4,72,3246,945,668,660,452,521
2021,"Enfield 003","E02000279",9083,5377,4942,4004,1277,2727,154,56,98,784,377,407,435,291,189,161,130,31,2,2,0,26,18,8,102,3415,838,756,800,528,493
2021,"Enfield 004","E02000280",6737,4082,3870,3111,838,2273,149,43,106,610,298,312,212,133,92,82,64,18,3,2,1,7,6,1,41,2522,1291,371,356,270,234
2021,"Enfield 005","E02000281",7376,4429,4132,3298,983,2315,115,32,83,719,309,410,297,168,105,97,71,26,0,0,0,8,6,2,63,2779,1016,562,536,365,300
2021,"Enfield 006","E02000282",7164,3691,3314,2731,1066,1665,125,47,78,458,232,226,377,236,163,152,114,38,1,0,1,10,10,0,73,3237,766,680,799,512,480
2021,"Enfield 007","E02000283",6497,3684,3366,2700,932,1768,123,42,81,543,232,311,318,177,124,114,89,25,1,1,0,9,9,0,53,2636,863,516,536,333,388
2021,"Enfield 008","E02000284",6915,4388,4162,3326,833,2493,146,35,111,690,326,364,226,97,70,60,46,14,0,0,0,10,5,5,27,2430,1229,344,362,239,256
2021,"Enfield 009","E02000285",5372,3300,3167,2570,663,1907,120,23,97,477,203,274,133,80,61,57,49,8,1,0,1,3,3,0,19,1992,1237,260,231,108,156
2021,"Enfield 010","E02000286",7074,4304,4127,3280,775,2505,148,39,109,699,330,369,177,86,65,48,42,6,1,1,0,16,9,7,21,2684,1661,320,319,178,206
2021,"Enfield 011","E02000287",6019,3510,3361,2369,636,1733,280,52,228,712,371,341,149,68,63,50,42,8,3,2,1,10,8,2,5,2441,1417,325,357,132,210
2021,"Enfield 012","E02000288",9493,5098,4694,3757,1390,2367,183,81,102,754,396,358,404,306,203,176,128,48,2,1,1,25,20,5,103,4089,1007,973,949,481,679
2021,"Enfield 013","E02000289",5468,3292,3136,2462,657,1805,166,38,128,508,264,244,156,90,63,59,52,7,0,0,0,4,4,0,27,2086,1253,289,255,116,173
2021,"Enfield 014","E02000290",4855,2690,2439,2022,721,1301,75,35,40,342,192,150,251,144,98,93,68,25,1,1,0,4,4,0,46,2021,483,434,496,293,315
2021,"Enfield 015","E02000291",8044,4823,4474,3551,951,2600,176,59,117,747,344,403,349,178,137,104,79,25,10,2,8,23,16,7,41,3043,1339,419,503,333,449
2021,"Enfield 016","E02000292",7612,4625,4340,3466,989,2477,119,33,86,755,334,421,285,168,133,114,93,21,4,3,1,15,10,5,35,2819,1200,536,481,242,360
2021,"Enfield 017","E02000293",5222,3008,2879,2129,567,1562,215,47,168,535,267,268,129,56,39,31,26,5,0,0,0,8,6,2,17,2158,1323,271,282,94,188
2021,"Enfield 018","E02000294",7184,3880,3539,2848,1055,1793,130,48,82,561,271,290,341,175,128,117,95,22,2,2,0,9,9,0,47,3129,1090,627,605,332,475
2021,"Enfield 019","E02000295",6887,4115,3891,2942,787,2155,165,37,128,784,365,419,224,97,78,59,45,14,2,2,0,17,13,4,19,2675,1297,423,432,229,294
2021,"Enfield 020","E02000296",8270,4960,4636,3436,978,2458,188,64,124,1012,473,539,324,193,147,112,68,44,2,1,1,33,21,12,46,3117,1364,515,485,351,402
2021,"Enfield 021","E02000297",7736,4620,4391,3378,923,2455,195,60,135,818,350,468,229,141,122,102,79,23,6,2,4,14,8,6,19,2975,1813,364,356,190,252
2021,"Enfield 022","E02000298",6674,4293,4113,3078,735,2343,243,57,186,792,382,410,180,60,46,38,29,9,1,0,1,7,6,1,14,2321,1353,315,318,129,206
2021,"Enfield 023","E02000299",7143,3874,3536,2806,1154,1652,144,61,83,586,293,293,338,208,159,141,113,28,2,1,1,16,10,6,49,3061,916,661,637,369,478
2021,"Enfield 024","E02000300",6738,3662,3388,2611,928,1683,120,53,67,657,309,348,274,252,214,154,85,69,23,0,23,37,21,16,38,2824,921,513,577,340,473
2021,"Enfield 025","E02000301",7750,4154,3782,3075,1192,1883,105,48,57,602,301,301,372,243,190,167,121,46,3,3,0,20,13,7,53,3353,917,724,700,488,524
2021,"Enfield 026","E02000302",6994,4192,3931,2964,846,2118,159,39,120,808,338,470,261,119,94,84,64,20,4,1,3,6,6,0,25,2683,1305,392,430,219,337
2021,"Enfield 027","E02000303",6476,3356,3069,2359,892,1467,147,66,81,563,295,268,287,210,148,128,95,33,2,1,1,18,11,7,62,2910,808,590,636,428,448
2021,"Enfield 028","E02000304",6550,4003,3800,2776,732,2044,207,49,158,817,414,403,203,87,71,55,35,20,1,1,0,15,14,1,16,2460,1441,393,316,90,220
2021,"Enfield 029","E02000305",7311,4842,4555,3372,844,2528,160,42,118,1023,487,536,287,153,128,87,58,29,5,2,3,36,17,19,25,2316,1117,348,385,204,262
2021,"Enfield 030","E02000306",6840,3547,3171,2609,1024,1585,90,36,54,472,235,237,376,187,120,107,77,30,5,5,0,8,3,5,67,3106,750,630,688,536,502
2021,"Enfield 031","E02000307",7820,4640,4332,3279,1093,2186,190,68,122,863,486,377,308,176,133,116,84,32,1,0,1,16,11,5,43,3004,1123,665,576,242,398
2021,"Enfield 032","E02000308",7045,4477,4205,3157,822,2335,140,37,103,908,430,478,272,210,147,113,85,28,10,6,4,24,19,5,63,2358,963,396,433,258,308
2021,"Enfield 033","E02000309",8798,4949,4523,3578,1391,2187,146,59,87,799,392,407,426,288,204,179,140,39,3,3,0,22,14,8,84,3561,907,797,777,468,612
2021,"Enfield 035","E02000311",8515,5094,4577,3412,1128,2284,195,73,122,970,472,498,517,209,158,127,98,29,2,0,2,29,10,19,51,3212,1231,530,643,353,455
2021,"Enfield 036","E02000312",9318,6129,5709,4158,1031,3127,191,64,127,1360,611,749,420,228,194,155,98,57,12,7,5,27,21,6,34,2961,1313,483,480,270,415
2021,"Greenwich 001","E02000313",4862,2974,2667,2176,627,1549,92,18,74,399,152,247,307,181,138,121,70,51,3,3,0,14,8,6,43,1707,487,338,331,309,242
2021,"Greenwich 002","E02000314",10650,6457,5736,4602,1210,3392,164,49,115,970,415,555,721,390,317,270,177,93,8,4,4,39,26,13,73,3803,595,884,609,422,1293
2021,"Greenwich 003","E02000315",7288,4346,3999,3263,943,2320,117,33,84,619,270,349,347,234,179,162,109,53,1,0,1,16,10,6,55,2708,752,671,527,403,355
2021,"Greenwich 005","E02000317",5792,3448,3113,2592,715,1877,68,15,53,453,215,238,335,211,159,143,85,58,4,0,4,12,7,5,52,2133,583,402,440,343,365
2021,"Greenwich 006","E02000318",8719,5078,4648,3863,1045,2818,147,34,113,638,262,376,430,385,323,267,197,70,17,6,11,39,17,22,62,3256,1015,677,710,364,490
2021,"Greenwich 007","E02000319",8330,5387,4914,3983,1014,2969,129,44,85,802,328,474,473,250,206,181,124,57,4,1,3,21,16,5,44,2693,750,518,570,398,457
2021,"Greenwich 008","E02000320",5477,3441,3147,2555,621,1934,82,13,69,510,182,328,294,171,134,115,71,44,3,3,0,16,9,7,37,1865,666,332,320,259,288
2021,"Greenwich 009","E02000321",5983,3697,3323,2762,752,2010,101,29,72,460,176,284,374,208,139,118,75,43,1,0,1,20,12,8,69,2078,661,381,383,340,313
2021,"Greenwich 011","E02000323",9960,6386,5843,4802,1227,3575,164,45,119,877,411,466,543,413,287,249,180,69,8,4,4,30,18,12,126,3161,778,792,599,449,543
2021,"Greenwich 012","E02000324",6119,3670,3367,2741,727,2014,79,29,50,547,240,307,303,176,130,110,79,31,0,0,0,20,16,4,46,2273,783,448,403,365,274
2021,"Greenwich 014","E02000326",6275,4477,4245,3313,663,2650,113,30,83,819,373,446,232,134,96,82,60,22,3,1,2,11,7,4,38,1664,703,295,285,217,164
2021,"Greenwich 015","E02000327",5133,3278,2942,2472,549,1923,66,23,43,404,174,230,336,149,100,93,58,35,3,0,3,4,1,3,49,1706,390,372,368,306,270
2021,"Greenwich 016","E02000328",5351,3595,3429,2750,462,2288,76,11,65,603,285,318,166,79,55,45,26,19,1,1,0,9,9,0,24,1677,857,254,207,207,152
2021,"Greenwich 017","E02000329",5033,3079,2885,2287,574,1713,96,30,66,502,217,285,194,118,83,70,53,17,2,1,1,11,5,6,35,1836,824,278,278,256,200
2021,"Greenwich 019","E02000331",6483,4057,3737,3092,714,2378,102,24,78,543,255,288,320,153,124,105,76,29,1,0,1,18,10,8,29,2273,762,440,393,360,318
2021,"Greenwich 020","E02000332",5924,3800,3573,2813,637,2176,111,21,90,649,272,377,227,140,121,108,66,42,2,1,1,11,7,4,19,1984,1005,278,273,184,244
2021,"Greenwich 021","E02000333",5124,3417,3258,2572,407,2165,106,15,91,580,272,308,159,85,59,48,36,12,0,0,0,11,9,2,26,1622,924,181,254,127,136
2021,"Greenwich 022","E02000334",5322,3325,3105,2486,576,1910,111,26,85,508,222,286,220,112,78,68,50,18,0,0,0,10,6,4,34,1885,827,334,279,236,209
2021,"Greenwich 023","E02000335",5287,3429,3256,2673,606,2067,59,10,49,524,250,274,173,69,44,43,34,9,0,0,0,1,1,0,25,1789,1073,222,212,140,142
2021,"Greenwich 025","E02000337",6646,4045,3743,2998,768,2230,108,28,80,637,272,365,302,142,109,74,57,17,1,1,0,34,24,10,33,2459,1002,384,404,396,273
2021,"Greenwich 027","E02000339",5083,3075,2910,2278,558,1720,95,19,76,537,249,288,165,81,64,55,40,15,3,2,1,6,6,0,17,1927,1164,222,247,132,162
2021,"Greenwich 028","E02000340",5613,3463,3267,2620,575,2045,105,29,76,542,236,306,196,101,83,72,49,23,0,0,0,11,5,6,18,2049,1260,215,271,141,162
2021,"Greenwich 029","E02000341",6044,3608,3337,2695,762,1933,109,24,85,533,231,302,271,118,92,82,57,25,0,0,0,10,7,3,26,2318,810,399,393,451,265
2021,"Greenwich 030","E02000342",5107,2919,2728,2186,506,1680,77,27,50,465,198,267,191,263,167,156,123,33,1,1,0,10,9,1,96,1925,678,643,223,201,180
2021,"Greenwich 031","E02000343",5601,3366,3138,2502,614,1888,121,26,95,515,194,321,228,111,69,58,43,15,1,0,1,10,7,3,42,2124,1007,280,300,307,230
2021,"Greenwich 032","E02000344",5172,3213,3043,2425,565,1860,113,20,93,505,199,306,170,83,57,49,34,15,0,0,0,8,2,6,26,1876,1110,249,217,128,172
2021,"Hackney 001","E02000345",5365,3377,3183,2594,1644,950,106,60,46,483,266,217,194,50,38,30,29,1,2,1,1,6,5,1,12,1938,416,696,365,212,249
2021,"Hackney 002","E02000346",7514,4837,4418,3779,847,2932,78,25,53,561,277,284,419,183,122,107,68,39,0,0,0,15,14,1,61,2494,560,580,497,439,418
2021,"Hackney 003","E02000347",5501,3340,3133,2561,1393,1168,86,40,46,486,238,248,207,141,88,75,53,22,3,2,1,10,8,2,53,2020,483,651,358,247,281
2021,"Hackney 004","E02000348",5396,3178,2908,2450,1418,1032,68,37,31,390,212,178,270,107,63,55,46,9,0,0,0,8,8,0,44,2111,460,629,386,340,296
2021,"Hackney 006","E02000350",8131,5720,5350,4167,1241,2926,148,37,111,1035,467,568,370,156,118,94,70,24,0,0,0,24,20,4,38,2255,583,590,404,279,399
2021,"Hackney 007","E02000351",7942,5693,5388,4438,700,3738,100,22,78,850,394,456,305,227,169,141,108,33,2,1,1,26,22,4,58,2022,598,493,337,301,293
2021,"Hackney 008","E02000352",5264,3579,3374,2532,653,1879,89,26,63,753,309,444,205,70,50,39,24,15,1,1,0,10,10,0,20,1615,542,375,248,258,192
2021,"Hackney 009","E02000353",6484,4681,4421,3288,604,2684,144,36,108,989,460,529,260,133,95,73,59,14,1,1,0,21,17,4,38,1670,595,339,266,254,216
2021,"Hackney 010","E02000354",8001,5189,4800,3740,969,2771,112,25,87,948,401,547,389,186,137,123,87,36,0,0,0,14,10,4,49,2626,656,607,492,472,399
2021,"Hackney 011","E02000355",6786,4723,4393,3227,681,2546,104,21,83,1062,441,621,330,146,106,81,63,18,1,0,1,24,17,7,40,1917,701,387,303,261,265
2021,"Hackney 012","E02000356",5905,4404,4200,3106,525,2581,114,20,94,980,415,565,204,96,83,65,47,18,1,1,0,17,16,1,13,1405,465,330,231,191,188
2021,"Hackney 013","E02000357",5385,3061,2766,2273,702,1571,72,30,42,421,229,192,295,175,119,107,70,37,2,2,0,10,9,1,56,2149,614,448,381,350,356
2021,"Hackney 014","E02000358",9404,6625,6144,4742,962,3780,158,43,115,1244,548,696,481,235,185,153,107,46,2,1,1,30,23,7,50,2544,716,494,451,443,440
2021,"Hackney 015","E02000359",5388,3552,3302,2491,574,1917,97,25,72,714,341,373,250,109,80,67,49,18,2,2,0,11,10,1,29,1727,510,381,312,275,249
2021,"Hackney 016","E02000360",9222,5806,5307,4261,1094,3167,152,56,96,894,405,489,499,262,185,163,125,38,0,0,0,22,18,4,77,3154,721,715,634,617,467
2021,"Hackney 017","E02000361",6868,4995,4657,3589,706,2883,102,27,75,966,410,556,338,189,162,134,99,35,2,1,1,26,18,8,27,1684,411,411,267,293,302
2021,"Hackney 018","E02000362",5815,3789,3454,2705,613,2092,90,32,58,659,314,345,335,140,85,68,49,19,0,0,0,17,14,3,55,1886,460,403,314,415,294
2021,"Hackney 019","E02000363",9161,5464,4906,4061,1217,2844,116,41,75,729,321,408,558,312,203,179,121,58,1,1,0,23,19,4,109,3385,732,816,659,590,588
2021,"Hackney 020","E02000364",7783,5428,5049,3864,740,3124,160,39,121,1025,453,572,379,156,114,89,62,27,4,3,1,21,18,3,42,2199,759,467,321,314,338
2021,"Hackney 022","E02000366",6854,4314,3941,3053,690,2363,117,32,85,771,374,397,373,171,123,106,79,27,2,2,0,15,11,4,48,2369,716,506,374,469,304
2021,"Hackney 023","E02000367",8898,6621,6228,4875,787,4088,174,40,134,1179,483,696,393,241,160,133,98,35,2,1,1,25,17,8,81,2036,507,558,310,322,339
2021,"Hackney 024","E02000368",8182,5143,4693,3768,836,2932,112,45,67,813,358,455,450,200,122,91,64,27,5,5,0,26,21,5,78,2839,738,614,452,559,476
2021,"Hackney 025","E02000369",11252,7864,7374,6030,1066,4964,183,56,127,1161,525,636,490,281,210,177,140,37,0,0,0,33,25,8,71,3107,728,707,600,567,505
2021,"Hackney 026","E02000370",7451,4964,4627,3857,709,3148,126,38,88,644,275,369,337,258,183,139,97,42,4,1,3,40,22,18,75,2229,430,637,406,414,342
2021,"Hammersmith and Fulham 001","E02000372",8514,4862,4428,3671,786,2885,117,36,81,640,299,341,434,260,188,160,106,54,3,1,2,25,22,3,72,3392,760,1022,447,435,728
2021,"Hammersmith and Fulham 002","E02000373",5463,3125,2794,2340,717,1623,78,42,36,376,192,184,331,191,147,127,96,31,4,4,0,16,15,1,44,2147,504,572,443,285,343
2021,"Hammersmith and Fulham 003","E02000374",5627,3478,3221,2566,510,2056,92,26,66,563,265,298,257,192,119,97,66,31,0,0,0,22,22,0,73,1957,590,566,307,269,225
2021,"Hammersmith and Fulham 004","E02000375",6302,4108,3793,2988,595,2393,117,37,80,688,325,363,315,182,132,106,71,35,2,2,0,24,17,7,50,2012,498,534,340,318,322
2021,"Hammersmith and Fulham 005","E02000376",5833,4099,3796,3147,505,2642,90,19,71,559,241,318,303,129,102,81,48,33,0,0,0,21,15,6,27,1605,444,376,243,275,267
2021,"Hammersmith and Fulham 006","E02000377",6584,4335,4012,3153,627,2526,120,40,80,739,349,390,323,222,158,117,77,40,6,1,5,35,33,2,64,2027,603,563,308,311,242
2021,"Hammersmith and Fulham 007","E02000378",5581,3901,3630,2927,425,2502,102,28,74,601,277,324,271,156,101,83,46,37,1,0,1,17,17,0,55,1524,485,358,260,198,223
2021,"Hammersmith and Fulham 008","E02000379",5968,3932,3687,2846,521,2325,125,21,104,716,365,351,245,106,78,69,45,24,2,2,0,7,6,1,28,1930,735,394,269,303,229
2021,"Hammersmith and Fulham 009","E02000380",4569,3136,2956,2277,336,1941,101,24,77,578,278,300,180,95,73,59,38,21,3,0,3,11,11,0,22,1338,532,268,228,163,147
2021,"Hammersmith and Fulham 010","E02000381",6312,4284,4033,3149,472,2677,149,27,122,735,349,386,251,127,95,68,43,25,5,5,0,22,20,2,32,1901,641,389,370,251,250
2021,"Hammersmith and Fulham 011","E02000382",5257,3440,3233,2503,401,2102,93,19,74,637,311,326,207,122,90,81,57,24,0,0,0,9,9,0,32,1695,606,481,224,164,220
2021,"Hammersmith and Fulham 012","E02000383",7525,4680,4342,3560,604,2956,111,27,84,671,329,342,338,255,204,173,110,63,3,1,2,28,18,10,51,2590,910,790,334,239,317
2021,"Hammersmith and Fulham 013","E02000384",7138,4467,4156,3498,671,2827,83,22,61,575,265,310,311,230,172,145,93,52,2,2,0,25,21,4,58,2441,661,749,374,350,307
2021,"Hammersmith and Fulham 014","E02000385",5099,3642,3456,2892,320,2572,66,18,48,498,225,273,186,158,124,101,60,41,1,0,1,22,22,0,34,1299,376,501,142,125,155
2021,"Hammersmith and Fulham 015","E02000386",6443,4007,3655,3034,619,2415,85,26,59,536,248,288,352,234,174,130,98,32,0,0,0,44,39,5,60,2202,630,612,361,264,335
2021,"Hammersmith and Fulham 016","E02000387",5220,3295,3065,2606,444,2162,72,16,56,387,194,193,230,192,153,117,81,36,2,2,0,34,28,6,39,1733,501,584,221,220,207
2021,"Hammersmith and Fulham 017","E02000388",7593,5145,4885,4059,516,3543,131,21,110,695,304,391,260,209,143,105,68,37,8,6,2,30,24,6,66,2239,779,611,304,256,289
2021,"Hammersmith and Fulham 018","E02000389",7309,4767,4544,3591,464,3127,136,22,114,817,393,424,223,199,148,111,71,40,1,1,0,36,32,4,51,2343,913,711,395,124,200
2021,"Hammersmith and Fulham 019","E02000390",5288,3631,3425,2798,411,2387,86,12,74,541,274,267,206,131,104,84,53,31,0,0,0,20,17,3,27,1526,505,426,217,199,179
2021,"Hammersmith and Fulham 020","E02000391",6259,4208,3986,3074,401,2673,172,25,147,740,350,390,222,108,80,71,56,15,1,1,0,8,8,0,28,1943,696,401,378,203,265
2021,"Hammersmith and Fulham 021","E02000392",7693,5303,4995,4046,508,3538,155,24,131,794,359,435,308,210,161,127,77,50,4,4,0,30,21,9,49,2180,649,604,397,241,289
2021,"Hammersmith and Fulham 022","E02000393",4984,3572,3427,2764,278,2486,115,16,99,548,266,282,145,104,81,70,47,23,1,1,0,10,7,3,23,1308,477,373,243,86,129
2021,"Hammersmith and Fulham 023","E02000394",7723,5333,4968,3973,606,3367,201,47,154,794,355,439,365,153,96,80,57,23,2,1,1,14,10,4,57,2237,644,575,442,259,317
2021,"Hammersmith and Fulham 024","E02000395",4876,3234,3115,2423,297,2126,109,26,83,583,275,308,119,82,65,55,34,21,0,0,0,10,10,0,17,1560,728,338,271,81,142
2021,"Hammersmith and Fulham 025","E02000396",5474,3628,3415,2658,430,2228,136,28,108,621,281,340,213,108,84,72,38,34,1,0,1,11,7,4,24,1738,599,397,372,167,203
2021,"Haringey 001","E02000397",6543,4376,4021,2950,844,2106,126,34,92,945,460,485,355,182,163,123,82,41,4,3,1,36,28,8,19,1985,693,328,313,323,328
2021,"Haringey 002","E02000398",5924,3266,2861,2168,823,1345,98,38,60,595,268,327,405,193,125,104,74,30,5,4,1,16,10,6,68,2465,563,543,516,438,405
2021,"Haringey 004","E02000400",6356,4087,3784,2789,732,2057,131,46,85,864,429,435,303,161,114,99,68,31,0,0,0,15,12,3,47,2108,829,407,354,238,280
2021,"Haringey 005","E02000401",5608,3123,2799,2187,726,1461,90,31,59,522,261,261,324,169,124,103,70,33,1,1,0,20,10,10,45,2316,621,516,439,409,331
2021,"Haringey 006","E02000402",5187,2947,2654,2095,758,1337,77,24,53,482,235,247,293,150,98,85,62,23,0,0,0,13,10,3,52,2090,552,425,402,352,359
2021,"Haringey 007","E02000403",6219,4146,3839,2775,709,2066,100,31,69,964,422,542,307,178,143,120,72,48,1,0,1,22,11,11,35,1895,649,366,314,251,315
2021,"Haringey 008","E02000404",5907,3489,3178,2334,694,1640,98,40,58,746,344,402,311,224,188,149,112,37,5,0,5,34,24,10,36,2194,663,397,395,349,390
2021,"Haringey 009","E02000405",4983,3393,3243,2307,487,1820,137,25,112,799,414,385,150,66,49,38,26,12,1,1,0,10,9,1,17,1524,744,314,253,73,140
2021,"Haringey 010","E02000406",5745,3683,3321,2439,726,1713,102,41,61,780,377,403,362,152,106,90,65,25,0,0,0,16,9,7,46,1910,534,353,352,322,349
2021,"Haringey 011","E02000407",6173,3872,3515,2651,892,1759,107,40,67,757,315,442,357,174,137,119,84,35,1,1,0,17,13,4,37,2127,535,427,433,371,361
2021,"Haringey 012","E02000408",6476,3820,3494,2611,876,1735,112,45,67,771,370,401,326,185,137,121,79,42,0,0,0,16,10,6,48,2471,678,522,437,403,431
2021,"Haringey 013","E02000409",5016,2971,2702,2105,648,1457,72,29,43,525,242,283,269,145,110,88,56,32,5,3,2,17,14,3,35,1900,607,351,322,292,328
2021,"Haringey 014","E02000410",5203,3530,3343,2345,485,1860,144,27,117,854,424,430,187,140,80,63,55,8,0,0,0,17,13,4,60,1533,703,402,223,56,149
2021,"Haringey 015","E02000411",9370,5604,5174,3990,1077,2913,144,39,105,1040,440,600,430,600,411,299,231,68,19,5,14,93,44,49,189,3166,642,1210,539,369,406
2021,"Haringey 016","E02000412",6308,3910,3585,2774,800,1974,101,40,61,710,312,398,325,231,194,168,119,49,1,0,1,25,18,7,37,2167,589,477,340,395,366
2021,"Haringey 017","E02000413",6039,3928,3728,2723,556,2167,149,30,119,856,433,423,200,131,103,71,50,21,3,2,1,29,16,13,28,1980,859,412,338,183,188
2021,"Haringey 018","E02000414",5846,3885,3592,2585,705,1880,105,28,77,902,379,523,293,175,145,119,63,56,1,1,0,25,19,6,30,1786,585,382,320,224,275
2021,"Haringey 019","E02000415",6067,3944,3630,2756,779,1977,95,36,59,779,381,398,314,180,150,129,81,48,2,1,1,19,14,5,30,1943,670,376,306,236,355
2021,"Haringey 020","E02000416",7088,4888,4586,3617,747,2870,107,35,72,862,400,462,302,133,104,86,64,22,0,0,0,18,11,7,29,2067,710,379,355,349,274
2021,"Haringey 021","E02000417",5441,3666,3471,2498,509,1989,132,32,100,841,464,377,195,89,61,38,22,16,3,2,1,20,16,4,28,1686,904,288,223,97,174
2021,"Haringey 022","E02000418",4446,2920,2794,1967,339,1628,104,19,85,723,379,344,126,64,41,41,30,11,0,0,0,0,0,0,23,1462,819,232,154,114,143
2021,"Haringey 023","E02000419",7401,5254,4850,3791,816,2975,131,37,94,928,442,486,404,185,147,125,71,54,4,1,3,18,11,7,38,1962,627,385,369,256,325
2021,"Haringey 024","E02000420",6764,4506,4121,3069,880,2189,141,48,93,911,419,492,385,194,152,130,92,38,2,1,1,20,14,6,42,2064,722,366,328,319,329
2021,"Haringey 025","E02000421",7076,4281,3842,2974,969,2005,102,39,63,766,340,426,439,306,234,201,139,62,2,0,2,31,24,7,72,2489,511,672,411,433,462
2021,"Haringey 026","E02000422",6022,3749,3426,2569,783,1786,106,39,67,751,349,402,323,170,136,94,60,34,0,0,0,42,25,17,34,2103,588,385,383,299,448
2021,"Haringey 027","E02000423",5952,4122,3821,2991,725,2266,92,30,62,738,372,366,301,131,107,88,51,37,4,2,2,15,13,2,24,1699,501,306,265,279,348
2021,"Haringey 028","E02000424",5652,4029,3790,2868,537,2331,107,25,82,815,382,433,239,106,56,50,36,14,0,0,0,6,4,2,50,1517,609,292,194,226,196
2021,"Haringey 029","E02000425",5118,3271,3051,2494,1451,1043,98,34,64,459,236,223,220,81,67,61,51,10,0,0,0,6,5,1,14,1766,408,628,332,189,209
2021,"Haringey 030","E02000426",5324,3425,3232,2367,427,1940,140,19,121,725,356,369,193,79,65,52,36,16,1,0,1,12,11,1,14,1820,860,336,295,157,172
2021,"Haringey 031","E02000427",5779,4164,3881,2957,609,2348,96,26,70,828,390,438,283,163,136,106,74,32,1,1,0,29,24,5,27,1452,513,267,227,164,281
2021,"Haringey 032","E02000428",6847,4534,4098,3141,1051,2090,95,30,65,862,425,437,436,210,171,152,93,59,1,1,0,18,15,3,39,2103,496,500,357,342,408
2021,"Haringey 033","E02000429",5620,3940,3772,2807,438,2369,121,22,99,844,418,426,168,73,43,29,22,7,2,2,0,12,12,0,30,1607,829,242,225,128,183
2021,"Haringey 034","E02000430",5826,4406,4210,3170,496,2674,117,24,93,923,445,478,196,87,71,60,44,16,0,0,0,11,11,0,16,1333,607,244,180,155,147
2021,"Haringey 035","E02000431",5085,3751,3580,2616,383,2233,124,29,95,840,361,479,171,96,74,63,44,19,1,0,1,10,10,0,22,1238,574,268,165,98,133
2021,"Haringey 036","E02000432",5333,3871,3639,2869,494,2375,88,17,71,682,284,398,232,123,104,80,51,29,1,0,1,23,21,2,19,1339,481,252,172,219,215
2021,"Harrow 001","E02000433",7179,3987,3795,2691,666,2025,272,56,216,832,376,456,192,121,95,76,52,24,0,0,0,19,9,10,26,3071,1770,390,448,226,237
2021,"Harrow 002","E02000434",8104,5025,4761,3460,859,2601,254,49,205,1047,426,621,264,174,142,96,70,26,10,5,5,36,23,13,32,2905,1405,487,440,260,313
2021,"Harrow 003","E02000435",6577,3712,3474,2484,646,1838,256,53,203,734,346,388,238,160,113,92,71,21,5,1,4,16,15,1,47,2705,1254,495,431,281,244
2021,"Harrow 004","E02000436",4822,2844,2721,1952,470,1482,187,42,145,582,301,281,123,76,65,56,40,16,3,1,2,6,4,2,11,1902,1201,244,258,66,133
2021,"Harrow 005","E02000437",7064,4093,3867,2865,767,2098,159,42,117,843,347,496,226,138,111,93,70,23,0,0,0,18,14,4,27,2833,1380,465,437,279,272
2021,"Harrow 006","E02000438",6696,3889,3668,2842,758,2084,166,44,122,660,295,365,221,121,89,71,45,26,3,3,0,15,9,6,32,2686,1271,453,466,237,259
2021,"Harrow 007","E02000439",7350,4517,4272,2938,734,2204,208,61,147,1126,391,735,245,266,203,142,94,48,3,1,2,58,34,24,63,2567,1040,486,506,220,315
2021,"Harrow 008","E02000440",7698,4903,4671,3391,844,2547,260,56,204,1020,384,636,232,152,125,95,73,22,8,1,7,22,17,5,27,2643,1311,524,420,147,241
2021,"Harrow 009","E02000441",5985,3492,3299,2531,617,1914,168,51,117,600,260,340,193,135,112,90,69,21,3,2,1,19,5,14,23,2358,1165,342,418,223,210
2021,"Harrow 010","E02000442",7698,4891,4594,2928,892,2036,278,60,218,1388,418,970,297,281,216,147,95,52,11,6,5,58,28,30,65,2526,955,538,512,153,368
2021,"Harrow 011","E02000443",8388,4958,4621,3467,951,2516,205,57,148,949,359,590,337,261,200,160,113,47,7,1,6,33,15,18,61,3169,1135,705,651,274,404
2021,"Harrow 012","E02000444",6906,4242,4023,2746,718,2028,232,55,177,1045,334,711,219,164,137,111,69,42,5,1,4,21,17,4,27,2500,1205,448,466,127,254
2021,"Harrow 013","E02000445",9152,5520,5177,3791,1020,2771,188,67,121,1198,425,773,343,233,195,164,116,48,5,4,1,26,16,10,38,3399,1221,677,724,340,437
2021,"Harrow 015","E02000447",6472,4173,3961,3117,753,2364,174,35,139,670,287,383,212,126,94,78,53,25,0,0,0,16,9,7,32,2173,1109,425,307,145,187
2021,"Harrow 016","E02000448",5645,3341,3184,2453,578,1875,145,24,121,586,280,306,157,69,51,40,30,10,4,0,4,7,3,4,18,2235,1316,282,394,96,147
2021,"Harrow 017","E02000449",6808,4106,3901,2708,736,1972,195,49,146,998,304,694,205,218,183,141,109,32,5,0,5,37,13,24,35,2484,1102,449,444,199,290
2021,"Harrow 019","E02000451",5478,3348,3206,2475,512,1963,108,28,80,623,234,389,142,119,82,67,48,19,2,2,0,13,5,8,37,2011,1181,314,278,92,146
2021,"Harrow 020","E02000452",7527,4838,4536,3457,822,2635,127,24,103,952,383,569,302,256,198,150,96,54,6,1,5,42,16,26,58,2433,750,541,555,258,329
2021,"Harrow 021","E02000453",6694,4383,4142,3170,770,2400,141,31,110,831,388,443,241,152,127,107,77,30,0,0,0,20,8,12,25,2159,932,454,412,169,192
2021,"Harrow 022","E02000454",5731,3626,3492,2748,650,2098,157,38,119,587,258,329,134,89,68,63,49,14,0,0,0,5,1,4,21,2016,1217,336,261,78,124
2021,"Harrow 023","E02000455",9515,6242,5836,4693,829,3864,190,38,152,953,346,607,406,313,247,194,118,76,4,2,2,49,24,25,66,2960,1092,538,678,312,340
2021,"Harrow 024","E02000456",6396,4110,3828,2954,692,2262,146,23,123,728,308,420,282,174,137,113,75,38,4,2,2,20,15,5,37,2112,946,434,312,192,228
2021,"Harrow 025","E02000457",5775,3531,3335,2634,573,2061,131,31,100,570,248,322,196,103,86,77,55,22,1,1,0,8,3,5,17,2141,1082,375,339,141,204
2021,"Harrow 027","E02000459",7346,4580,4246,3313,946,2367,147,52,95,786,338,448,334,220,167,125,98,27,10,10,0,32,22,10,53,2546,926,511,545,259,305
2021,"Harrow 028","E02000460",5673,3493,3231,2681,727,1954,100,30,70,450,202,248,262,162,125,106,82,24,1,0,1,18,8,10,37,2018,646,437,476,230,229
2021,"Harrow 029","E02000461",5814,3543,3308,2485,499,1986,128,30,98,695,282,413,235,157,121,102,68,34,1,1,0,18,9,9,36,2114,769,714,289,111,231
2021,"Harrow 030","E02000462",5644,3385,3157,2468,643,1825,148,38,110,541,220,321,228,198,148,130,94,36,1,1,0,17,11,6,50,2061,879,379,408,157,238
2021,"Harrow 031","E02000463",6934,4093,3787,3049,847,2202,146,42,104,592,247,345,306,178,133,113,90,23,0,0,0,20,10,10,45,2663,1044,585,505,243,286
2021,"Havering 001","E02000464",6066,3653,3430,2702,728,1974,134,41,93,594,234,360,223,137,102,85,55,30,5,4,1,12,7,5,35,2276,1101,311,352,292,220
2021,"Havering 002","E02000465",7118,4610,4289,3411,916,2495,126,28,98,752,287,465,321,154,121,104,74,30,0,0,0,17,9,8,33,2354,912,363,455,379,245
2021,"Havering 003","E02000466",7132,4237,3947,3132,869,2263,107,25,82,708,296,412,290,126,91,81,63,18,3,1,2,7,3,4,35,2769,1407,334,412,331,285
2021,"Havering 004","E02000467",8363,4961,4618,3731,1114,2617,125,20,105,762,277,485,343,200,156,137,90,47,2,1,1,17,9,8,44,3202,1020,605,659,552,366
2021,"Havering 005","E02000468",6809,4093,3856,3064,857,2207,116,32,84,676,275,401,237,118,99,84,57,27,4,1,3,11,6,5,19,2598,1385,358,390,205,260
2021,"Havering 006","E02000469",5586,3337,3137,2478,682,1796,108,26,82,551,206,345,200,121,98,84,58,26,2,0,2,12,6,6,23,2128,969,298,317,314,230
2021,"Havering 007","E02000470",8047,5135,4932,4057,876,3181,127,28,99,748,282,466,203,124,74,66,42,24,2,1,1,6,3,3,50,2788,1799,281,352,164,192
2021,"Havering 008","E02000471",6486,3752,3611,2790,750,2040,133,39,94,688,272,416,141,97,75,69,60,9,2,1,1,4,4,0,22,2637,1817,260,277,126,157
2021,"Havering 009","E02000472",7573,4674,4436,3573,944,2629,129,28,101,734,258,476,238,141,108,91,76,15,1,0,1,16,6,10,33,2758,1640,324,380,212,202
2021,"Havering 010","E02000473",8382,5388,5141,4221,1009,3212,139,26,113,781,297,484,247,146,111,98,75,23,3,3,0,10,6,4,35,2848,1721,358,367,178,224
2021,"Havering 011","E02000474",7207,4468,4210,3355,865,2490,140,31,109,715,260,455,258,161,134,115,71,44,1,1,0,18,13,5,27,2578,1293,380,416,246,243
2021,"Havering 012","E02000475",7903,4813,4609,3700,842,2858,196,52,144,713,293,420,204,117,82,75,50,25,3,2,1,4,4,0,35,2973,1911,282,365,206,209
2021,"Havering 013","E02000476",7552,4898,4595,3704,807,2897,136,34,102,755,289,466,303,195,153,110,54,56,6,0,6,37,12,25,42,2459,1115,330,415,316,283
2021,"Havering 014","E02000477",7889,4923,4705,3863,922,2941,145,37,108,697,284,413,218,141,103,86,65,21,3,0,3,14,6,8,38,2825,1875,296,316,155,183
2021,"Havering 015","E02000478",5089,2805,2698,1989,587,1402,250,57,193,459,194,265,107,55,40,37,22,15,2,0,2,1,0,1,15,2229,1475,252,263,102,137
2021,"Havering 016","E02000479",7503,4916,4677,3788,889,2899,122,33,89,767,298,469,239,166,130,112,71,41,1,0,1,17,8,9,36,2421,1000,415,418,290,298
2021,"Havering 017","E02000480",10616,6839,6378,5217,1222,3995,191,65,126,970,381,589,461,335,265,199,126,73,11,5,6,55,23,32,70,3442,1415,569,687,340,431
2021,"Havering 018","E02000481",6657,3921,3768,3131,793,2338,87,23,64,550,233,317,153,95,65,57,50,7,2,1,1,6,6,0,30,2641,1807,266,279,138,151
2021,"Havering 019","E02000482",5411,3083,2979,2487,580,1907,91,11,80,401,179,222,104,69,43,37,30,7,2,1,1,4,4,0,26,2259,1628,252,242,53,84
2021,"Havering 020","E02000483",6647,4015,3812,3118,745,2373,112,20,92,582,241,341,203,88,55,51,40,11,1,0,1,3,0,3,33,2544,1672,236,284,177,175
2021,"Havering 021","E02000484",7004,4376,4180,3443,852,2591,108,26,82,629,239,390,196,139,113,102,85,17,3,0,3,8,5,3,26,2489,1556,296,297,161,179
2021,"Havering 022","E02000485",6884,4385,4211,3449,757,2692,123,28,95,639,240,399,174,83,54,44,29,15,2,0,2,8,8,0,29,2416,1553,266,307,131,159
2021,"Havering 023","E02000486",6168,3718,3543,2940,703,2237,91,15,76,512,194,318,175,79,43,38,27,11,1,0,1,4,0,4,36,2371,1529,236,253,189,164
2021,"Havering 024","E02000487",6597,3661,3572,2912,768,2144,133,27,106,527,232,295,89,82,59,56,44,12,1,1,0,2,2,0,23,2854,2115,265,274,83,117
2021,"Havering 025","E02000488",6345,3844,3701,3098,749,2349,78,17,61,525,214,311,143,75,55,52,36,16,0,0,0,3,2,1,20,2426,1795,202,230,95,104
2021,"Havering 026","E02000489",6865,4256,4029,3295,823,2472,103,26,77,631,231,400,227,126,95,81,56,25,0,0,0,14,11,3,31,2483,1430,320,319,198,216
2021,"Havering 027","E02000490",6780,4131,3889,3196,802,2394,108,23,85,585,215,370,242,152,111,99,67,32,1,1,0,11,2,9,41,2497,1475,304,334,186,198
2021,"Havering 028","E02000491",8249,5082,4716,3800,1011,2789,130,40,90,786,324,462,366,213,173,149,103,46,2,1,1,22,14,8,40,2954,1275,511,550,337,281
2021,"Havering 029","E02000492",5629,3293,3132,2506,639,1867,80,11,69,546,214,332,161,89,73,64,42,22,1,0,1,8,8,0,16,2247,1460,211,257,161,158
2021,"Havering 030","E02000493",5184,3253,3034,2444,628,1816,117,34,83,473,158,315,219,99,75,67,53,14,0,0,0,8,6,2,24,1832,829,299,319,150,235
2021,"Hillingdon 001","E02000494",6589,3808,3649,2784,596,2188,211,53,158,654,346,308,159,67,49,42,33,9,2,0,2,5,4,1,18,2714,1660,331,369,170,184
2021,"Hillingdon 002","E02000495",8387,5199,4942,3790,840,2950,172,35,137,980,430,550,257,162,137,114,82,32,1,0,1,22,13,9,25,3026,1735,428,418,194,251
2021,"Hillingdon 003","E02000496",6384,4011,3813,3104,743,2361,90,16,74,619,262,357,198,76,46,39,30,9,2,0,2,5,4,1,30,2297,1344,255,274,205,219
2021,"Hillingdon 004","E02000497",7608,4749,4512,3654,825,2829,144,33,111,714,296,418,237,116,87,68,50,18,2,1,1,17,10,7,29,2743,1551,351,355,253,233
2021,"Hillingdon 005","E02000498",5178,3083,2945,2422,564,1858,64,10,54,459,201,258,138,60,41,35,30,5,0,0,0,6,4,2,19,2035,1332,208,230,127,138
2021,"Hillingdon 006","E02000499",6368,3808,3637,2955,647,2308,91,25,66,591,242,349,171,103,78,69,51,18,1,1,0,8,8,0,25,2457,1647,308,267,106,129
2021,"Hillingdon 007","E02000500",6920,4131,3932,3184,715,2469,154,22,132,594,260,334,199,158,138,109,63,46,0,0,0,29,6,23,20,2631,1785,297,285,94,170
2021,"Hillingdon 008","E02000501",6808,4429,4234,3504,811,2693,117,25,92,613,243,370,195,101,81,59,45,14,1,0,1,21,14,7,20,2278,1435,290,245,123,185
2021,"Hillingdon 009","E02000502",7027,4702,4504,3747,763,2984,119,30,89,638,288,350,198,135,98,85,68,17,0,0,0,13,10,3,37,2190,1263,299,311,111,206
2021,"Hillingdon 010","E02000503",6949,4756,4541,3824,840,2984,99,22,77,618,238,380,215,103,75,64,50,14,1,1,0,10,8,2,28,2090,1236,273,281,109,191
2021,"Hillingdon 011","E02000504",6152,3849,3712,3011,666,2345,116,26,90,585,260,325,137,87,59,56,51,5,2,1,1,1,1,0,28,2216,1535,243,220,72,146
2021,"Hillingdon 013","E02000506",6577,3967,3818,2974,661,2313,209,58,151,635,261,374,149,96,72,64,47,17,1,0,1,7,6,1,24,2514,1589,320,294,142,169
2021,"Hillingdon 014","E02000507",6402,4149,3916,3232,731,2501,96,24,72,588,205,383,233,145,101,93,76,17,2,2,0,6,6,0,44,2108,1014,352,350,181,211
2021,"Hillingdon 015","E02000508",9805,5512,5178,4388,794,3594,126,34,92,664,275,389,334,669,374,318,256,62,11,8,3,45,40,5,295,3624,961,1622,500,233,308
2021,"Hillingdon 016","E02000509",8854,4113,3830,3177,701,2476,79,25,54,574,253,321,283,845,470,403,335,68,13,10,3,54,41,13,375,3896,852,2121,437,238,248
2021,"Hillingdon 017","E02000510",7315,4504,4231,3494,821,2673,119,33,86,618,234,384,273,199,155,134,101,33,4,4,0,17,9,8,44,2612,1287,474,365,225,261
2021,"Hillingdon 018","E02000511",7802,4839,4562,3681,989,2692,196,56,140,685,243,442,277,192,135,116,92,24,5,4,1,14,8,6,57,2771,1152,537,528,209,345
2021,"Hillingdon 019","E02000512",6813,4101,3789,3059,760,2299,132,47,85,598,243,355,312,171,121,110,86,24,0,0,0,11,10,1,50,2541,870,492,534,304,341
2021,"Hillingdon 020","E02000513",7177,4227,3840,3076,922,2154,153,58,95,611,258,353,387,209,139,124,99,25,4,2,2,11,7,4,70,2741,700,533,743,282,483
2021,"Hillingdon 021","E02000514",8232,4784,4403,3593,1076,2517,172,60,112,638,275,363,381,260,163,151,113,38,0,0,0,12,7,5,97,3188,1050,713,755,206,464
2021,"Hillingdon 022","E02000515",10424,6602,6154,5133,1138,3995,162,58,104,859,323,536,448,331,210,186,141,45,2,0,2,22,17,5,121,3491,1106,832,713,409,431
2021,"Hillingdon 023","E02000516",6709,4044,3711,2991,845,2146,142,54,88,578,239,339,333,160,120,104,84,20,0,0,0,16,10,6,40,2505,813,509,562,228,393
2021,"Hillingdon 024","E02000517",7945,4690,4352,3576,1019,2557,168,45,123,608,248,360,338,209,147,136,113,23,4,3,1,7,7,0,62,3046,970,610,687,354,425
2021,"Hillingdon 025","E02000518",7373,4417,4112,3395,858,2537,103,25,78,614,222,392,305,174,113,94,74,20,1,1,0,18,9,9,61,2782,998,614,555,300,315
2021,"Hillingdon 026","E02000519",7318,4036,3712,3035,861,2174,153,58,95,524,222,302,324,236,184,171,136,35,2,1,1,11,7,4,52,3046,971,633,745,312,385
2021,"Hillingdon 027","E02000520",10789,6487,5911,4869,1312,3557,211,63,148,831,341,490,576,333,232,214,166,48,1,1,0,17,11,6,101,3969,1149,796,1011,374,639
2021,"Hillingdon 028","E02000521",10054,6420,5900,4967,1181,3786,175,48,127,758,284,474,520,289,205,182,137,45,2,0,2,21,13,8,84,3345,896,726,905,371,447
2021,"Hillingdon 029","E02000522",7394,4663,4316,3527,840,2687,122,32,90,667,271,396,347,175,118,103,71,32,2,2,0,13,7,6,57,2556,1020,411,491,318,316
2021,"Hillingdon 030","E02000523",9031,5677,5193,4288,1177,3111,208,61,147,697,305,392,484,278,202,183,131,52,2,2,0,17,9,8,76,3076,881,725,761,198,511
2021,"Hillingdon 031","E02000524",6063,3980,3641,3044,757,2287,95,24,71,502,188,314,339,181,128,115,80,35,1,1,0,12,7,5,53,1902,736,273,372,201,320
2021,"Hillingdon 032","E02000525",7704,4909,4422,3765,1132,2633,125,42,83,532,214,318,487,199,145,131,93,38,3,2,1,11,5,6,54,2596,789,478,642,255,432
2021,"Hounslow 001","E02000526",7173,4766,4574,3462,522,2940,179,41,138,933,458,475,192,134,117,105,77,28,0,0,0,12,10,2,17,2273,1053,503,356,94,267
2021,"Hounslow 004","E02000529",7552,4417,4045,3278,986,2292,209,66,143,558,239,319,372,220,156,139,113,26,2,1,1,15,12,3,64,2915,958,539,767,256,395
2021,"Hounslow 005","E02000530",6038,3440,3118,2498,906,1592,130,42,88,490,257,233,322,195,128,110,92,18,4,4,0,14,9,5,67,2403,605,506,627,283,382
2021,"Hounslow 006","E02000531",9426,6278,5927,4552,865,3687,209,58,151,1166,534,632,351,210,167,135,90,45,2,2,0,30,25,5,43,2938,1203,538,475,365,357
2021,"Hounslow 007","E02000532",7285,4616,4361,3205,594,2611,205,30,175,951,479,472,255,101,76,61,46,15,0,0,0,15,10,5,25,2568,1291,405,433,208,231
2021,"Hounslow 008","E02000533",6761,4490,4269,3219,589,2630,176,50,126,874,410,464,221,91,74,61,42,19,0,0,0,13,12,1,17,2180,1042,386,339,172,241
2021,"Hounslow 009","E02000534",6939,4563,4285,3286,674,2612,178,38,140,821,362,459,278,177,129,101,70,31,2,2,0,26,16,10,48,2199,1048,391,380,141,239
2021,"Hounslow 010","E02000535",8113,4731,4337,3461,967,2494,208,73,135,668,290,378,394,217,164,127,92,35,9,6,3,28,15,13,53,3165,1253,572,630,230,480
2021,"Hounslow 011","E02000536",8698,5117,4747,3754,1011,2743,227,77,150,766,346,420,370,231,166,152,114,38,5,2,3,9,5,4,65,3350,1163,672,717,329,469
2021,"Hounslow 012","E02000537",8138,5012,4698,3570,856,2714,186,43,143,942,406,536,314,458,309,291,242,49,0,0,0,18,15,3,149,2668,1136,540,493,150,349
2021,"Hounslow 013","E02000538",8163,5018,4573,3875,1084,2791,141,44,97,557,243,314,445,214,142,132,95,37,2,1,1,8,4,4,72,2931,960,531,679,231,530
2021,"Hounslow 014","E02000539",9612,6545,6138,4971,1016,3955,155,44,111,1012,464,548,407,180,124,108,79,29,1,1,0,15,9,6,56,2887,1057,605,592,304,329
2021,"Hounslow 015","E02000540",9510,6223,5778,4678,1105,3573,179,47,132,921,379,542,445,267,198,164,100,64,0,0,0,34,16,18,69,3020,1096,529,682,283,430
2021,"Hounslow 016","E02000541",8451,5085,4603,3775,1061,2714,166,51,115,662,280,382,482,239,183,163,128,35,5,4,1,15,8,7,56,3127,1079,540,747,294,467
2021,"Hounslow 017","E02000542",9578,5891,5357,4456,1279,3177,167,49,118,734,314,420,534,286,200,181,136,45,2,1,1,17,12,5,86,3401,1083,643,854,375,446
2021,"Hounslow 018","E02000543",10896,7201,6625,5379,1262,4117,194,59,135,1052,462,590,576,351,261,227,166,61,5,0,5,29,20,9,90,3344,943,674,934,312,481
2021,"Hounslow 019","E02000544",7015,4422,4182,3237,805,2432,153,40,113,792,328,464,240,179,124,107,72,35,2,1,1,15,9,6,55,2414,1202,423,383,145,261
2021,"Hounslow 020","E02000545",7147,4461,4177,3362,816,2546,125,35,90,690,333,357,284,151,95,84,63,21,2,0,2,9,7,2,56,2535,947,496,472,349,271
2021,"Hounslow 021","E02000546",8183,4967,4602,3659,983,2676,171,45,126,772,321,451,365,283,214,201,145,56,3,3,0,10,3,7,69,2933,1024,538,684,260,427
2021,"Hounslow 022","E02000547",8638,5292,4926,4161,1091,3070,120,36,84,645,259,386,366,213,150,128,87,41,5,3,2,17,11,6,63,3133,1311,462,634,288,438
2021,"Hounslow 023","E02000548",8122,5130,4764,3989,1072,2917,144,48,96,631,276,355,366,197,159,145,104,41,0,0,0,14,10,4,38,2795,995,470,648,345,337
2021,"Hounslow 024","E02000549",10113,6348,5907,4823,1216,3607,196,61,135,888,349,539,441,300,232,196,151,45,20,16,4,16,9,7,68,3465,1404,649,670,285,457
2021,"Hounslow 025","E02000550",8228,5466,5054,4290,1054,3236,108,24,84,656,259,397,412,218,150,137,103,34,2,0,2,11,7,4,68,2544,751,487,619,300,387
2021,"Hounslow 026","E02000551",7426,4567,4200,3365,1048,2317,110,36,74,725,317,408,367,181,122,117,94,23,0,0,0,5,5,0,59,2678,871,473,575,349,410
2021,"Hounslow 027","E02000552",7189,4800,4484,3715,845,2870,103,30,73,666,283,383,316,152,113,98,69,29,0,0,0,15,7,8,39,2237,830,392,453,157,405
2021,"Hounslow 028","E02000553",5513,3449,3216,2568,719,1849,98,31,67,550,231,319,233,110,77,66,52,14,0,0,0,11,6,5,33,1954,880,278,373,200,223
2021,"Islington 001","E02000554",7635,4788,4415,3554,824,2730,98,32,66,763,343,420,373,170,118,89,61,28,4,1,3,25,19,6,52,2677,743,528,419,608,379
2021,"Islington 002","E02000555",7967,5125,4743,3818,753,3065,106,40,66,819,402,417,382,232,174,144,102,42,1,0,1,29,25,4,58,2610,836,606,419,405,344
2021,"Islington 003","E02000556",9788,6706,6272,5201,904,4297,127,36,91,944,413,531,434,275,205,161,117,44,2,0,2,42,31,11,70,2807,782,736,373,540,376
2021,"Islington 004","E02000557",7461,4941,4613,3691,714,2977,125,40,85,797,404,393,328,194,154,127,102,25,4,4,0,23,17,6,40,2326,761,478,306,444,337
2021,"Islington 005","E02000558",7617,4371,3872,3229,836,2393,88,33,55,555,301,254,499,272,176,144,110,34,4,4,0,28,17,11,96,2974,722,656,579,561,456
2021,"Islington 006","E02000559",7934,5752,5467,4450,644,3806,143,15,128,874,365,509,285,176,134,115,73,42,2,2,0,17,17,0,42,2006,647,473,315,289,282
2021,"Islington 007","E02000560",6404,4435,4130,3308,509,2799,93,27,66,729,313,416,305,283,209,168,114,54,0,0,0,41,33,8,74,1686,502,494,222,224,244
2021,"Islington 008","E02000561",6286,4245,4028,3028,474,2554,111,22,89,889,409,480,217,173,121,88,64,24,10,10,0,23,19,4,52,1868,723,535,190,239,181
2021,"Islington 009","E02000562",6640,4522,4232,3374,565,2809,109,20,89,749,340,409,290,108,93,79,60,19,0,0,0,14,12,2,15,2010,698,427,309,301,275
2021,"Islington 010","E02000563",7241,4409,4021,3335,712,2623,78,27,51,608,289,319,388,256,191,161,111,50,2,2,0,28,25,3,65,2576,675,607,400,539,355
2021,"Islington 011","E02000564",10811,7581,7128,6030,792,5238,133,23,110,965,428,537,453,335,238,202,144,58,1,0,1,35,28,7,97,2895,667,1060,410,436,322
2021,"Islington 012","E02000565",7116,4716,4285,3338,705,2633,111,31,80,836,373,463,431,203,140,118,99,19,0,0,0,22,17,5,63,2197,551,584,379,341,342
2021,"Islington 013","E02000566",7239,5119,4880,3944,513,3431,147,29,118,789,369,420,239,148,112,87,66,21,1,1,0,24,19,5,36,1972,725,476,270,299,202
2021,"Islington 014","E02000567",8948,6209,5836,4702,681,4021,146,21,125,988,412,576,373,143,108,82,49,33,3,2,1,23,20,3,35,2596,849,439,394,536,378
2021,"Islington 015","E02000568",9586,5474,4955,4166,790,3376,115,28,87,674,268,406,519,367,271,231,158,73,8,7,1,32,32,0,96,3745,784,1118,493,621,729
2021,"Islington 016","E02000569",8234,5290,4937,4010,649,3361,144,29,115,783,365,418,353,164,110,97,70,27,0,0,0,13,13,0,54,2780,948,519,478,480,355
2021,"Islington 017","E02000570",7151,5101,4820,3773,451,3322,167,24,143,880,400,480,281,150,115,87,51,36,3,1,2,25,21,4,35,1900,772,385,289,234,220
2021,"Islington 018","E02000571",7504,4888,4573,3796,626,3170,107,32,75,670,289,381,315,145,96,86,67,19,1,0,1,9,8,1,49,2471,705,598,368,451,349
2021,"Islington 019","E02000572",7146,4047,3640,3087,759,2328,71,25,46,482,241,241,407,361,252,221,174,47,0,0,0,31,29,2,109,2738,683,765,459,511,320
2021,"Islington 020","E02000573",9026,6188,5904,4798,568,4230,174,25,149,932,389,543,284,257,163,125,88,37,1,0,1,37,30,7,94,2581,815,686,364,380,336
2021,"Islington 021","E02000574",7026,4164,3887,3132,476,2656,114,22,92,641,286,355,277,313,185,147,110,37,3,1,2,35,30,5,128,2549,697,1027,224,355,246
2021,"Islington 022","E02000575",9879,5905,5508,4528,618,3910,156,26,130,824,390,434,397,442,253,204,160,44,5,5,0,44,33,11,189,3532,781,1573,443,435,300
2021,"Islington 023","E02000576",8977,5453,5007,4177,741,3436,118,36,82,712,329,383,446,309,193,153,109,44,1,1,0,39,38,1,116,3215,791,1091,481,474,378
2021,"Kensington and Chelsea 001","E02000577",6575,3608,3208,2546,793,1753,114,49,65,548,261,287,400,189,142,121,85,36,0,0,0,21,12,9,47,2778,711,761,464,469,373
2021,"Kensington and Chelsea 002","E02000578",4913,2491,2233,1747,526,1221,74,29,45,412,215,197,258,123,71,61,46,15,2,2,0,8,7,1,52,2299,685,464,391,466,293
2021,"Kensington and Chelsea 003","E02000579",7487,4617,4280,3148,701,2447,159,31,128,973,458,515,337,116,75,62,40,22,1,1,0,12,6,6,41,2754,964,560,502,403,325
2021,"Kensington and Chelsea 004","E02000580",6944,4356,3950,2923,615,2308,164,44,120,863,425,438,406,104,87,71,46,25,0,0,0,16,11,5,17,2484,891,408,368,438,379
2021,"Kensington and Chelsea 005","E02000581",6148,3271,2847,2274,674,1600,85,25,60,488,259,229,424,126,87,80,56,24,0,0,0,7,7,0,39,2751,899,515,497,496,344
2021,"Kensington and Chelsea 006","E02000582",5724,3600,3409,2509,320,2189,179,48,131,721,359,362,191,144,106,85,48,37,4,2,2,17,17,0,38,1980,808,476,324,137,235
2021,"Kensington and Chelsea 007","E02000583",5528,3555,3374,2351,318,2033,220,54,166,803,385,418,181,84,73,52,40,12,2,0,2,19,17,2,11,1889,686,447,367,179,210
2021,"Kensington and Chelsea 008","E02000584",6000,3798,3566,2519,348,2171,220,45,175,827,424,403,232,103,50,36,21,15,3,1,2,11,8,3,53,2099,745,547,452,87,268
2021,"Kensington and Chelsea 009","E02000585",6711,4094,3795,2711,455,2256,224,34,190,860,395,465,299,83,54,41,26,15,0,0,0,13,13,0,29,2534,810,608,546,170,400
2021,"Kensington and Chelsea 010","E02000586",5573,3108,2987,2135,274,1861,201,42,159,651,306,345,121,91,69,45,31,14,3,3,0,21,17,4,22,2374,675,895,411,48,345
2021,"Kensington and Chelsea 011","E02000587",5559,3358,3197,2314,333,1981,207,55,152,676,336,340,161,81,59,47,28,19,0,0,0,12,9,3,22,2120,752,591,487,63,227
2021,"Kensington and Chelsea 012","E02000588",5197,3019,2906,1985,254,1731,207,41,166,714,321,393,113,80,61,42,26,16,5,2,3,14,9,5,19,2098,726,566,476,70,260
2021,"Kensington and Chelsea 013","E02000589",6440,3761,3532,2709,315,2394,144,29,115,679,313,366,229,168,111,91,44,47,1,1,0,19,13,6,57,2511,559,1182,294,148,328
2021,"Kensington and Chelsea 014","E02000590",5230,2948,2719,2055,436,1619,113,25,88,551,269,282,229,125,56,45,22,23,0,0,0,11,9,2,69,2157,789,494,344,245,285
2021,"Kensington and Chelsea 015","E02000591",5447,3136,2916,2275,382,1893,113,33,80,528,250,278,220,149,106,78,59,19,4,2,2,24,21,3,43,2162,639,662,285,273,303
2021,"Kensington and Chelsea 016","E02000592",4942,3109,2974,2167,257,1910,192,39,153,615,274,341,135,117,84,63,41,22,0,0,0,21,16,5,33,1716,534,597,305,88,192
2021,"Kensington and Chelsea 017","E02000593",6460,3838,3630,2790,344,2446,122,27,95,718,339,379,208,142,93,73,44,29,2,2,0,18,12,6,49,2480,645,984,445,185,221
2021,"Kensington and Chelsea 018","E02000594",5764,3369,3222,2322,412,1910,190,32,158,710,349,361,147,59,38,28,19,9,1,1,0,9,5,4,21,2336,1257,369,395,113,202
2021,"Kensington and Chelsea 019","E02000595",5293,3064,2906,2019,241,1778,176,42,134,711,332,379,158,81,58,43,21,22,2,1,1,13,9,4,23,2148,827,458,408,194,261
2021,"Kensington and Chelsea 020","E02000596",5801,3674,3478,2579,334,2245,177,34,143,722,338,384,196,116,90,60,43,17,2,2,0,28,24,4,26,2011,642,665,357,133,214
2021,"Kensington and Chelsea 021","E02000597",5357,2930,2669,1973,475,1498,110,40,70,586,290,296,261,89,67,46,37,9,2,1,1,19,14,5,22,2338,827,437,382,375,317
2021,"Kingston upon Thames 001","E02000598",6193,3937,3762,2888,692,2196,129,36,93,745,371,374,175,86,71,65,47,18,0,0,0,6,6,0,15,2170,1188,418,338,88,138
2021,"Kingston upon Thames 002","E02000599",5787,3052,2914,2022,503,1519,219,62,157,673,342,331,138,152,106,88,79,9,7,4,3,11,8,3,46,2583,1268,510,481,140,184
2021,"Kingston upon Thames 003","E02000600",6545,4236,4067,3260,625,2635,117,32,85,690,350,340,169,197,141,123,103,20,0,0,0,18,11,7,56,2112,946,463,365,142,196
2021,"Kingston upon Thames 004","E02000601",9213,6203,5884,4831,862,3969,154,43,111,899,441,458,319,227,146,125,90,35,2,1,1,19,18,1,81,2783,1153,644,537,205,244
2021,"Kingston upon Thames 005","E02000602",8261,4685,4380,3596,797,2799,89,28,61,695,336,359,305,506,348,312,273,39,5,5,0,31,27,4,158,3070,914,1134,455,293,274
2021,"Kingston upon Thames 006","E02000603",6854,4092,3811,3066,812,2254,125,28,97,620,288,332,281,288,184,164,129,35,5,4,1,15,11,4,104,2474,860,675,437,254,248
2021,"Kingston upon Thames 007","E02000604",7286,4759,4529,3578,849,2729,148,45,103,803,392,411,230,142,118,104,78,26,2,0,2,12,8,4,24,2385,1136,448,442,138,221
2021,"Kingston upon Thames 008","E02000605",6743,4167,3975,3153,757,2396,122,24,98,700,347,353,192,100,80,75,57,18,1,0,1,4,2,2,20,2476,1291,394,384,214,193
2021,"Kingston upon Thames 009","E02000606",9126,5694,5463,4438,726,3712,139,24,115,886,385,501,231,551,383,344,288,56,6,5,1,33,25,8,168,2881,1082,1053,327,172,247
2021,"Kingston upon Thames 010","E02000607",5572,3340,3190,2561,478,2083,82,17,65,547,264,283,150,282,173,152,133,19,3,3,0,18,18,0,109,1950,808,734,193,115,100
2021,"Kingston upon Thames 011","E02000608",6242,4358,4157,3440,519,2921,98,24,74,619,278,341,201,252,156,132,99,33,3,2,1,21,15,6,96,1632,623,497,181,153,178
2021,"Kingston upon Thames 012","E02000609",6216,3553,3355,2576,697,1879,152,48,104,627,317,310,198,107,96,83,68,15,2,0,2,11,10,1,11,2556,1300,444,393,211,208
2021,"Kingston upon Thames 013","E02000610",6721,4540,4316,3567,594,2973,89,22,67,660,308,352,224,183,142,124,100,24,2,1,1,16,15,1,41,1998,930,338,268,234,228
2021,"Kingston upon Thames 014","E02000611",5950,3580,3438,2718,663,2055,124,22,102,596,288,308,142,101,73,66,54,12,0,0,0,7,2,5,28,2269,1389,395,264,93,128
2021,"Kingston upon Thames 015","E02000612",6762,4127,3951,3155,747,2408,154,34,120,642,294,348,176,98,75,65,56,9,0,0,0,10,5,5,23,2537,1548,340,346,149,154
2021,"Kingston upon Thames 016","E02000613",6339,4243,4037,3236,623,2613,122,31,91,679,312,367,206,116,91,83,64,19,1,0,1,7,6,1,25,1980,1018,310,309,179,164
2021,"Kingston upon Thames 017","E02000614",7393,4791,4542,3630,969,2661,141,40,101,771,365,406,249,209,158,140,111,29,1,0,1,17,9,8,51,2393,1056,484,404,177,272
2021,"Kingston upon Thames 018","E02000615",6293,4123,3940,3146,754,2392,110,31,79,684,320,364,183,149,108,95,78,17,0,0,0,13,13,0,41,2021,1205,276,258,135,147
2021,"Kingston upon Thames 019","E02000616",4876,3334,3224,2670,633,2037,70,14,56,484,184,300,110,100,74,66,53,13,0,0,0,8,8,0,26,1442,887,186,181,84,104
2021,"Kingston upon Thames 020","E02000617",7093,4612,4406,3594,939,2655,115,29,86,697,305,392,206,113,85,75,66,9,3,1,2,7,6,1,28,2368,1211,344,348,253,212
2021,"Lambeth 002","E02000619",7556,4942,4491,3718,776,2942,101,32,69,672,323,349,451,194,138,129,83,46,1,0,1,8,8,0,56,2420,788,557,361,350,364
2021,"Lambeth 003","E02000620",8517,5796,5416,4489,797,3692,132,37,95,795,350,445,380,244,173,141,102,39,1,1,0,31,20,11,71,2477,765,693,340,324,355
2021,"Lambeth 004","E02000621",11288,7743,7274,6123,868,5255,177,47,130,974,422,552,469,383,235,196,118,78,1,0,1,38,27,11,148,3162,763,1256,301,365,477
2021,"Lambeth 005","E02000622",7358,5294,4956,4217,628,3589,96,26,70,643,280,363,338,212,145,124,80,44,1,1,0,20,17,3,67,1852,580,486,251,251,284
2021,"Lambeth 006","E02000623",6652,4479,4108,3444,800,2644,110,19,91,554,267,287,371,191,145,131,94,37,1,0,1,13,13,0,46,1982,634,466,297,273,312
2021,"Lambeth 007","E02000624",8263,6027,5527,4708,735,3973,87,28,59,732,322,410,500,228,162,133,95,38,4,1,3,25,21,4,66,2008,546,515,299,342,306
2021,"Lambeth 008","E02000625",7696,5432,5000,4304,956,3348,106,36,70,590,272,318,432,268,205,184,118,66,0,0,0,21,14,7,63,1996,442,481,398,281,394
2021,"Lambeth 009","E02000626",6792,4445,4002,3333,961,2372,104,36,68,565,282,283,443,238,168,143,114,29,5,4,1,20,20,0,70,2109,488,533,322,360,406
2021,"Lambeth 010","E02000627",8251,5935,5585,4749,816,3933,101,42,59,735,324,411,350,260,187,163,118,45,0,0,0,24,23,1,73,2056,553,589,297,284,333
2021,"Lambeth 011","E02000628",9236,6164,5630,4794,1101,3693,124,40,84,712,342,370,534,416,262,229,163,66,4,4,0,29,18,11,154,2656,714,614,412,410,506
2021,"Lambeth 012","E02000629",8093,6195,5918,5081,606,4475,121,20,101,716,331,385,277,176,146,133,75,58,2,0,2,11,11,0,30,1722,509,372,271,279,291
2021,"Lambeth 013","E02000630",6609,4961,4744,3985,433,3552,96,16,80,663,263,400,217,113,86,72,41,31,0,0,0,14,11,3,27,1535,586,299,237,225,188
2021,"Lambeth 014","E02000631",7953,5751,5405,4416,796,3620,122,22,100,867,378,489,346,219,158,144,103,41,3,0,3,11,10,1,61,1983,666,565,276,225,251
2021,"Lambeth 015","E02000632",8902,7274,6974,6239,591,5648,103,21,82,632,265,367,300,187,153,139,84,55,2,1,1,12,11,1,34,1441,494,325,167,232,223
2021,"Lambeth 016","E02000633",7848,5468,5089,4373,777,3596,82,24,58,634,290,344,379,225,168,145,108,37,2,2,0,21,16,5,57,2155,569,522,362,321,381
2021,"Lambeth 017","E02000634",5892,4176,3933,3394,463,2931,61,14,47,478,214,264,243,139,102,84,58,26,4,3,1,14,11,3,37,1577,497,339,220,295,226
2021,"Lambeth 018","E02000635",8476,6268,5899,4832,723,4109,119,28,91,948,422,526,369,222,170,136,92,44,2,1,1,32,25,7,52,1986,574,499,256,374,283
2021,"Lambeth 019","E02000636",6508,5132,4953,4141,382,3759,130,24,106,682,316,366,179,93,69,52,34,18,1,1,0,16,13,3,24,1283,516,246,250,102,169
2021,"Lambeth 020","E02000637",7408,5781,5493,4578,645,3933,91,23,68,824,357,467,288,179,138,114,78,36,0,0,0,24,17,7,41,1448,514,322,193,168,251
2021,"Lambeth 021","E02000638",8756,6004,5596,4651,919,3732,113,37,76,832,384,448,408,224,152,125,95,30,4,3,1,23,13,10,72,2528,552,493,335,337,811
2021,"Lambeth 022","E02000639",7157,4972,4542,3827,836,2991,75,20,55,640,309,331,430,210,171,145,104,41,5,5,0,21,15,6,39,1975,513,486,323,277,376
2021,"Lambeth 023","E02000640",7712,5881,5622,4844,560,4284,120,34,86,658,308,350,259,130,97,86,55,31,3,1,2,8,6,2,33,1701,664,386,255,182,214
2021,"Lambeth 024","E02000641",6825,4389,4002,3357,926,2431,100,27,73,545,258,287,387,230,144,130,93,37,2,2,0,12,9,3,86,2206,569,554,378,353,352
2021,"Lambeth 025","E02000642",8014,5550,5250,4247,809,3438,119,28,91,884,427,457,300,146,96,84,57,27,0,0,0,12,10,2,50,2318,911,513,335,280,279
2021,"Lambeth 026","E02000643",7881,5774,5439,4388,731,3657,106,22,84,945,423,522,335,168,119,104,69,35,2,1,1,13,7,6,49,1939,576,514,326,266,257
2021,"Lambeth 027","E02000644",6916,5077,4785,3745,720,3025,128,37,91,912,383,529,292,118,89,79,55,24,0,0,0,10,10,0,29,1721,610,430,271,169,241
2021,"Lambeth 028","E02000645",7702,5395,5059,4026,777,3249,128,29,99,905,456,449,336,153,114,97,57,40,1,1,0,16,12,4,39,2154,707,382,321,379,365
2021,"Lambeth 029","E02000646",7964,5791,5486,4416,782,3634,142,36,106,928,454,474,305,136,114,94,62,32,1,1,0,19,11,8,22,2037,764,370,363,252,288
2021,"Lambeth 030","E02000647",6933,4683,4382,3377,757,2620,116,23,93,889,432,457,301,139,104,97,74,23,0,0,0,7,7,0,35,2111,915,384,261,274,277
2021,"Lambeth 031","E02000648",6074,3899,3556,2933,704,2229,89,36,53,534,242,292,343,185,107,101,79,22,0,0,0,6,3,3,78,1990,623,397,305,391,274
2021,"Lambeth 032","E02000649",10421,7755,7264,5682,1033,4649,184,48,136,1398,611,787,491,224,172,155,107,48,0,0,0,17,10,7,52,2442,706,465,455,405,411
2021,"Lambeth 033","E02000650",6164,4244,3922,3151,646,2505,86,20,66,685,325,360,322,124,80,70,54,16,1,1,0,9,6,3,44,1796,593,334,280,352,237
2021,"Lambeth 034","E02000651",7209,5016,4697,3634,747,2887,125,31,94,938,440,498,319,137,107,92,68,24,1,1,0,14,9,5,30,2056,870,388,337,200,261
2021,"Lambeth 035","E02000652",6166,4042,3763,2896,696,2200,130,33,97,737,326,411,279,178,120,97,82,15,2,1,1,21,16,5,58,1946,792,394,306,161,293
2021,"Lewisham 001","E02000653",10607,7372,6847,5949,988,4961,113,47,66,785,359,426,525,400,309,272,191,81,5,3,2,32,26,6,91,2835,553,856,501,436,489
2021,"Lewisham 002","E02000654",7017,4508,4053,3422,907,2515,81,21,60,550,251,299,455,329,233,212,164,48,0,0,0,21,14,7,96,2180,471,536,378,385,410
2021,"Lewisham 003","E02000655",8398,5539,5021,4205,962,3243,108,25,83,708,302,406,518,495,338,291,237,54,2,0,2,45,32,13,157,2364,495,787,351,317,414
2021,"Lewisham 005","E02000657",8350,5253,4855,3848,868,2980,105,24,81,902,420,482,398,445,287,232,193,39,2,2,0,53,50,3,158,2652,579,1096,345,282,350
2021,"Lewisham 006","E02000658",7293,5016,4625,3662,809,2853,105,28,77,858,441,417,391,276,190,158,127,31,0,0,0,32,25,7,86,2001,610,509,258,302,322
2021,"Lewisham 007","E02000659",6672,4560,4267,3519,622,2897,93,28,65,655,323,332,293,170,123,98,75,23,3,2,1,22,13,9,47,1942,684,422,382,228,226
2021,"Lewisham 008","E02000660",6897,5103,4800,3833,713,3120,107,30,77,860,432,428,303,230,157,125,87,38,2,0,2,30,24,6,73,1564,486,413,232,218,215
2021,"Lewisham 009","E02000661",5415,3752,3478,2800,507,2293,77,19,58,601,292,309,274,135,95,78,52,26,2,1,1,15,12,3,40,1528,771,244,210,149,154
2021,"Lewisham 010","E02000662",6598,4585,4266,3425,818,2607,97,25,72,744,349,395,319,203,144,121,96,25,3,2,1,20,15,5,59,1810,507,411,307,295,290
2021,"Lewisham 011","E02000663",5654,3903,3641,2874,553,2321,78,17,61,689,304,385,262,188,135,119,92,27,1,1,0,15,15,0,53,1563,615,317,262,154,215
2021,"Lewisham 013","E02000665",6570,4493,4207,3389,703,2686,94,16,78,724,342,382,286,141,112,93,68,25,5,3,2,14,8,6,29,1936,824,347,294,204,267
2021,"Lewisham 014","E02000666",5764,3947,3710,2977,684,2293,75,19,56,658,301,357,237,146,111,97,79,18,1,1,0,13,10,3,35,1671,624,339,241,254,213
2021,"Lewisham 015","E02000667",5334,3775,3588,2842,605,2237,89,23,66,657,293,364,187,108,82,67,58,9,1,1,0,14,10,4,26,1451,646,349,155,108,193
2021,"Lewisham 016","E02000668",5293,3531,3301,2649,562,2087,82,21,61,570,274,296,230,141,106,96,71,25,2,0,2,8,7,1,35,1621,759,297,277,136,152
2021,"Lewisham 017","E02000669",6442,4512,4175,3379,714,2665,101,21,80,695,314,381,337,152,121,95,67,28,4,3,1,22,17,5,31,1778,599,285,293,312,289
2021,"Lewisham 018","E02000670",5389,3557,3311,2694,755,1939,70,17,53,547,241,306,246,125,99,86,53,33,0,0,0,13,7,6,26,1707,601,322,282,242,260
2021,"Lewisham 019","E02000671",6991,5081,4779,3756,745,3011,91,15,76,932,439,493,302,146,114,92,68,24,0,0,0,22,15,7,32,1764,739,320,269,232,204
2021,"Lewisham 020","E02000672",8217,5626,5202,4171,962,3209,172,56,116,859,403,456,424,184,140,107,75,32,10,1,9,23,16,7,44,2407,729,453,401,487,337
2021,"Lewisham 021","E02000673",6630,4887,4593,3524,642,2882,114,28,86,955,446,509,294,135,99,83,57,26,3,3,0,13,13,0,36,1608,726,308,220,155,199
2021,"Lewisham 022","E02000674",6793,4442,4111,3311,798,2513,104,30,74,696,306,390,331,136,107,97,67,30,0,0,0,10,5,5,29,2215,928,463,285,265,274
2021,"Lewisham 023","E02000675",6832,4468,4186,3351,792,2559,133,35,98,702,312,390,282,143,101,80,54,26,0,0,0,21,12,9,42,2221,1088,350,296,250,237
2021,"Lewisham 024","E02000676",6250,4509,4268,3410,694,2716,95,23,72,763,353,410,241,133,93,72,54,18,1,0,1,20,16,4,40,1608,683,288,235,188,214
2021,"Lewisham 025","E02000677",5868,3744,3477,2794,658,2136,122,25,97,561,271,290,267,139,114,104,90,14,1,1,0,9,9,0,25,1985,916,302,298,230,239
2021,"Lewisham 026","E02000678",5332,3300,3035,2417,674,1743,82,24,58,536,234,302,265,137,101,97,67,30,0,0,0,4,4,0,36,1895,616,405,320,272,282
2021,"Lewisham 027","E02000679",6406,4328,4000,3176,714,2462,110,29,81,714,342,372,328,145,119,97,72,25,4,3,1,18,12,6,26,1933,776,326,297,290,244
2021,"Lewisham 028","E02000680",5508,3704,3431,2736,616,2120,85,26,59,610,297,313,273,132,104,88,66,22,5,3,2,11,7,4,28,1672,633,305,308,212,214
2021,"Lewisham 029","E02000681",6673,4105,3808,3080,800,2280,123,32,91,605,303,302,297,181,125,110,83,27,1,1,0,14,10,4,56,2387,924,445,351,313,354
2021,"Lewisham 030","E02000682",6834,4085,3711,2990,966,2024,144,53,91,577,242,335,374,189,128,122,98,24,1,1,0,5,5,0,61,2560,873,574,465,307,341
2021,"Lewisham 031","E02000683",5416,3412,3112,2520,691,1829,89,32,57,503,199,304,300,130,108,94,74,20,0,0,0,14,9,5,22,1874,699,314,291,276,294
2021,"Lewisham 033","E02000685",6456,4216,3932,3165,767,2398,88,22,66,679,327,352,284,169,121,103,70,33,2,1,1,16,10,6,48,2071,862,378,274,274,283
2021,"Lewisham 034","E02000686",5742,3541,3212,2699,801,1898,81,29,52,432,207,225,329,173,132,107,83,24,5,5,0,20,16,4,41,2028,535,400,411,367,315
2021,"Lewisham 035","E02000687",6620,4433,4124,3216,712,2504,109,37,72,799,411,388,309,133,104,93,55,38,1,0,1,10,7,3,29,2054,936,295,330,248,245
2021,"Merton 001","E02000689",7031,5028,4838,3930,579,3351,161,34,127,747,366,381,190,113,83,63,41,22,2,1,1,18,12,6,30,1890,807,368,424,104,187
2021,"Merton 002","E02000690",4580,2400,2300,1597,308,1289,149,32,117,554,300,254,100,37,24,20,19,1,1,1,0,3,2,1,13,2143,1257,295,387,70,134
2021,"Merton 003","E02000691",6015,4336,4151,3338,517,2821,135,25,110,678,312,366,185,98,76,68,49,19,1,0,1,7,3,4,22,1581,728,295,295,108,155
2021,"Merton 004","E02000692",6463,4296,4150,3211,394,2817,151,32,119,788,362,426,146,82,52,39,28,11,3,3,0,10,6,4,30,2085,1159,286,376,69,195
2021,"Merton 005","E02000693",8445,6373,6061,4935,709,4226,138,33,105,988,428,560,312,190,161,132,94,38,5,3,2,24,20,4,29,1882,761,357,303,186,275
2021,"Merton 006","E02000694",7344,5558,5328,4420,610,3810,121,30,91,787,373,414,230,99,75,62,44,18,2,1,1,11,8,3,24,1687,737,293,311,165,181
2021,"Merton 007","E02000695",7129,4681,4422,3298,822,2476,161,42,119,963,416,547,259,172,143,122,98,24,5,0,5,16,10,6,29,2276,1008,424,397,183,264
2021,"Merton 008","E02000696",7073,5056,4726,3574,784,2790,159,38,121,993,387,606,330,210,172,141,112,29,3,3,0,28,20,8,38,1807,594,322,403,183,305
2021,"Merton 009","E02000697",7164,5560,5347,4371,631,3740,121,20,101,855,374,481,213,100,74,62,48,14,1,1,0,11,11,0,26,1504,690,303,291,59,161
2021,"Merton 010","E02000698",6465,4031,3894,2928,557,2371,176,33,143,790,414,376,137,93,63,56,39,17,1,0,1,6,4,2,30,2341,1284,390,437,70,160
2021,"Merton 011","E02000699",6442,4636,4440,3573,581,2992,111,24,87,756,391,365,196,81,56,43,30,13,0,0,0,13,9,4,25,1725,935,286,298,64,142
2021,"Merton 012","E02000700",6865,4517,4189,3290,874,2416,141,55,86,758,366,392,328,162,132,119,92,27,0,0,0,13,5,8,30,2186,669,434,505,280,298
2021,"Merton 013","E02000701",7216,4667,4355,3318,925,2393,137,44,93,900,410,490,312,225,176,154,119,35,0,0,0,22,14,8,49,2324,891,449,481,198,305
2021,"Merton 014","E02000702",7126,4529,4195,3320,877,2443,92,24,68,783,352,431,334,213,158,138,100,38,3,2,1,17,10,7,55,2384,812,498,501,266,307
2021,"Merton 015","E02000703",6379,4028,3872,2976,663,2313,154,35,119,742,372,370,156,115,86,70,47,23,3,3,0,13,10,3,29,2236,1337,320,337,88,154
2021,"Merton 016","E02000704",7026,4894,4656,3746,641,3105,123,14,109,787,361,426,238,140,105,83,53,30,1,1,0,21,18,3,35,1992,955,300,355,169,213
2021,"Merton 017","E02000705",7520,4889,4601,3483,888,2595,165,40,125,953,379,574,288,172,126,111,88,23,2,0,2,13,12,1,46,2459,1069,480,408,236,266
2021,"Merton 018","E02000706",7652,4825,4510,3550,1044,2506,118,41,77,842,378,464,315,215,168,161,110,51,1,0,1,6,6,0,47,2612,741,531,571,355,414
2021,"Merton 019","E02000707",6493,4006,3693,2949,881,2068,120,37,83,624,283,341,313,201,151,137,109,28,0,0,0,14,10,4,50,2286,751,508,452,255,320
2021,"Merton 020","E02000708",7079,4704,4503,3614,807,2807,136,27,109,753,332,421,201,150,119,105,82,23,1,1,0,13,5,8,31,2225,1173,422,330,113,187
2021,"Merton 021","E02000709",6405,3999,3824,2996,706,2290,111,39,72,717,311,406,175,126,94,87,67,20,1,1,0,6,4,2,32,2280,1367,335,294,118,166
2021,"Merton 022","E02000710",7376,4499,4190,3248,868,2380,152,47,105,790,367,423,309,183,151,126,106,20,0,0,0,25,18,7,32,2694,1186,391,467,308,342
2021,"Merton 023","E02000711",7533,4966,4664,3566,894,2672,143,38,105,955,425,530,302,201,167,137,93,44,10,6,4,20,13,7,34,2366,819,434,523,288,302
2021,"Merton 024","E02000712",7651,4704,4442,3542,968,2574,128,35,93,772,336,436,262,193,149,128,104,24,5,5,0,16,11,5,44,2754,1097,471,567,308,311
2021,"Merton 025","E02000713",6306,4034,3865,3151,759,2392,97,28,69,617,259,358,169,125,99,93,71,22,2,1,1,4,4,0,26,2147,1257,303,279,129,179
2021,"Newham 001","E02000714",6068,3882,3566,2682,729,1953,104,31,73,780,325,455,316,200,145,120,81,39,3,0,3,22,14,8,55,1986,521,454,498,214,299
2021,"Newham 002","E02000715",5318,2782,2535,1878,754,1124,104,41,63,553,251,302,247,234,167,146,114,32,1,0,1,20,10,10,67,2302,468,571,745,229,289
2021,"Newham 003","E02000716",5591,3137,2868,2191,795,1396,105,36,69,572,246,326,269,214,175,152,133,19,7,4,3,16,7,9,39,2240,557,508,607,218,350
2021,"Newham 004","E02000717",6208,3320,3040,2399,964,1435,102,37,65,539,254,285,280,275,210,174,135,39,9,5,4,27,19,8,65,2613,537,587,826,267,396
2021,"Newham 005","E02000718",5412,2885,2632,2051,811,1240,97,28,69,484,209,275,253,263,146,131,107,24,0,0,0,15,12,3,117,2264,414,611,666,259,314
2021,"Newham 006","E02000719",6571,4217,3861,2936,805,2131,151,38,113,774,286,488,356,276,214,172,115,57,11,7,4,31,19,12,62,2078,491,497,499,262,329
2021,"Newham 007","E02000720",5844,3417,3093,2332,759,1573,145,53,92,616,286,330,324,261,213,180,149,31,1,1,0,32,22,10,48,2166,592,499,592,174,309
2021,"Newham 008","E02000721",7284,3939,3553,2749,1029,1720,141,51,90,663,269,394,386,322,234,197,149,48,4,4,0,33,22,11,88,3023,631,660,895,311,526
2021,"Newham 009","E02000722",6749,4383,3968,2997,826,2171,138,36,102,833,321,512,415,300,238,195,135,60,4,1,3,39,17,22,62,2066,525,449,465,268,359
2021,"Newham 010","E02000723",8775,4788,4398,3476,1172,2304,184,63,121,738,281,457,390,466,351,308,241,67,9,8,1,34,21,13,115,3521,900,726,1050,338,507
2021,"Newham 011","E02000724",7501,3918,3580,2800,1000,1800,139,46,93,641,312,329,338,361,278,236,168,68,8,7,1,34,18,16,83,3222,690,703,1101,276,452
2021,"Newham 012","E02000725",8299,5489,5043,4083,947,3136,146,52,94,814,319,495,446,329,256,207,145,62,2,2,0,47,32,15,73,2481,580,769,499,252,381
2021,"Newham 014","E02000727",6488,3442,3136,2442,916,1526,108,38,70,586,270,316,306,289,203,171,124,47,6,4,2,26,10,16,86,2757,532,693,851,279,402
2021,"Newham 015","E02000728",6658,3817,3519,2533,933,1600,186,52,134,800,312,488,298,345,262,206,152,54,6,0,6,50,30,20,83,2496,542,588,830,184,352
2021,"Newham 016","E02000729",5758,3414,3127,2349,675,1674,114,35,79,664,259,405,287,223,178,141,94,47,7,0,7,30,13,17,45,2121,647,394,520,248,312
2021,"Newham 017","E02000730",7723,4327,3862,2906,970,1936,156,56,100,800,350,450,465,426,234,208,143,65,3,3,0,23,17,6,192,2970,748,634,902,253,433
2021,"Newham 018","E02000731",7640,4096,3753,2866,1006,1860,176,66,110,711,298,413,343,355,235,204,162,42,2,2,0,29,19,10,120,3189,722,737,960,279,491
2021,"Newham 019","E02000732",6817,3662,3282,2651,900,1751,101,31,70,530,253,277,380,330,257,220,162,58,4,4,0,33,14,19,73,2825,537,635,841,311,501
2021,"Newham 020","E02000733",8196,5035,4585,3616,1052,2564,160,49,111,809,313,496,450,337,243,199,133,66,10,3,7,34,24,10,94,2824,693,707,569,391,464
2021,"Newham 021","E02000734",5891,3641,3316,2543,751,1792,108,26,82,665,260,405,325,207,152,137,87,50,0,0,0,15,11,4,55,2043,520,466,488,251,318
2021,"Newham 022","E02000735",6665,3793,3486,2665,907,1758,144,43,101,677,279,398,307,327,234,199,155,44,10,8,2,25,16,9,93,2545,642,606,682,254,361
2021,"Newham 023","E02000736",6795,3776,3423,2634,962,1672,136,52,84,653,280,373,353,295,222,194,141,53,3,1,2,25,12,13,73,2724,524,685,777,324,414
2021,"Newham 024","E02000737",7833,4542,4101,3102,1008,2094,155,59,96,844,349,495,441,338,236,205,154,51,2,1,1,29,20,9,102,2953,664,725,766,345,453
2021,"Newham 025","E02000738",7228,4497,4182,3188,912,2276,177,49,128,817,323,494,315,285,211,180,125,55,6,5,1,25,12,13,74,2446,546,614,727,229,330
2021,"Newham 026","E02000739",6097,3650,3372,2503,742,1761,136,43,93,733,284,449,278,275,200,142,91,51,7,0,7,51,41,10,75,2172,486,580,509,275,322
2021,"Newham 027","E02000740",5484,3439,3073,2388,693,1695,91,39,52,594,279,315,366,233,168,136,99,37,7,6,1,25,15,10,65,1812,423,422,389,248,330
2021,"Newham 028","E02000741",6294,3804,3483,2657,789,1868,153,39,114,673,278,395,321,226,166,126,90,36,7,0,7,33,18,15,60,2264,565,492,614,244,349
2021,"Newham 029","E02000742",6454,3793,3499,2598,881,1717,152,47,105,749,244,505,294,279,196,163,104,59,6,3,3,27,12,15,83,2382,501,557,680,283,361
2021,"Newham 030","E02000743",8227,5081,4561,3672,1028,2644,140,34,106,749,296,453,520,350,248,197,144,53,6,3,3,45,24,21,102,2796,548,755,621,385,487
2021,"Newham 031","E02000744",7076,4409,4058,3115,881,2234,158,57,101,785,286,499,351,323,229,179,102,77,5,3,2,45,26,19,94,2344,560,526,553,305,400
2021,"Newham 032","E02000745",6806,4265,3926,2865,832,2033,162,35,127,899,301,598,339,300,242,187,129,58,11,11,0,44,33,11,58,2241,544,581,504,304,308
2021,"Newham 033","E02000746",7631,4754,4380,3469,833,2636,140,37,103,771,306,465,374,370,228,202,160,42,4,4,0,22,16,6,142,2507,510,779,506,345,367
2021,"Newham 034","E02000747",10979,7596,7082,5950,947,5003,192,54,138,940,355,585,514,432,318,256,165,91,18,6,12,44,24,20,114,2951,672,735,618,441,485
2021,"Newham 035","E02000748",4964,3103,2875,2012,597,1415,123,20,103,740,280,460,228,289,213,164,103,61,8,0,8,41,24,17,76,1572,446,425,293,215,193
2021,"Newham 036","E02000749",7535,4504,4066,3190,921,2269,124,32,92,752,282,470,438,332,268,232,155,77,4,0,4,32,19,13,64,2699,593,647,547,459,453
2021,"Redbridge 001","E02000751",9138,5382,5093,3817,839,2978,257,61,196,1019,482,537,289,109,86,68,50,18,4,0,4,14,9,5,23,3647,2255,499,446,174,273
2021,"Redbridge 002","E02000752",6784,4360,4114,3146,828,2318,158,39,119,810,324,486,246,159,127,105,78,27,3,1,2,19,15,4,32,2265,819,413,435,343,255
2021,"Redbridge 003","E02000753",5381,3385,3157,2335,644,1691,129,30,99,693,279,414,228,117,90,64,52,12,1,1,0,25,16,9,27,1879,786,336,363,219,175
2021,"Redbridge 004","E02000754",5456,3606,3413,2664,597,2067,96,16,80,653,256,397,193,109,81,59,43,16,5,3,2,17,11,6,28,1741,887,291,244,156,163
2021,"Redbridge 005","E02000755",4411,2888,2745,2074,512,1562,91,23,68,580,252,328,143,93,74,60,36,24,0,0,0,14,10,4,19,1430,746,216,189,148,131
2021,"Redbridge 006","E02000756",11507,7196,6805,4959,1307,3652,362,106,256,1484,547,937,391,335,276,193,131,62,17,9,8,66,30,36,59,3976,1687,757,746,328,458
2021,"Redbridge 007","E02000757",10017,6841,6479,5141,970,4171,226,52,174,1112,495,617,362,195,160,123,87,36,5,2,3,32,24,8,35,2981,1600,467,463,208,243
2021,"Redbridge 008","E02000758",5452,3148,2956,2278,673,1605,165,50,115,513,253,260,192,151,112,91,74,17,4,3,1,17,12,5,39,2153,921,411,400,183,238
2021,"Redbridge 009","E02000759",10252,6683,6351,4948,1122,3826,237,67,170,1166,474,692,332,248,204,161,120,41,1,1,0,42,20,22,44,3321,1402,672,574,282,391
2021,"Redbridge 010","E02000760",5917,3436,3245,2436,681,1755,162,45,117,647,284,363,191,150,123,99,74,25,4,0,4,20,10,10,27,2331,997,467,429,203,235
2021,"Redbridge 012","E02000762",5405,3149,2983,2245,611,1634,182,43,139,556,238,318,166,155,125,107,83,24,1,0,1,17,9,8,30,2101,1038,399,365,100,199
2021,"Redbridge 013","E02000763",6337,3954,3685,2823,824,1999,184,36,148,678,240,438,269,188,156,135,100,35,0,0,0,21,8,13,32,2195,859,454,388,169,325
2021,"Redbridge 014","E02000764",10251,6622,6295,4813,904,3909,302,79,223,1180,586,594,327,155,118,102,63,39,4,2,2,12,10,2,37,3474,2062,435,473,219,285
2021,"Redbridge 015","E02000765",5839,3511,3305,2402,667,1735,160,42,118,743,308,435,206,175,148,117,77,40,4,1,3,27,16,11,27,2153,797,450,568,140,198
2021,"Redbridge 017","E02000767",6672,4083,3837,2977,802,2175,153,54,99,707,260,447,246,187,150,123,87,36,2,2,0,25,12,13,37,2402,911,448,520,263,260
2021,"Redbridge 018","E02000768",4612,2968,2826,2206,441,1765,115,29,86,505,238,267,142,54,35,27,17,10,1,0,1,7,7,0,19,1590,937,249,206,65,133
2021,"Redbridge 020","E02000770",6412,3745,3483,2619,758,1861,187,48,139,677,281,396,262,220,179,152,114,38,6,3,3,21,11,10,41,2447,857,548,536,203,303
2021,"Redbridge 022","E02000772",6402,3657,3369,2606,747,1859,151,48,103,612,243,369,288,219,169,140,106,34,3,0,3,26,9,17,50,2526,715,569,629,231,382
2021,"Redbridge 023","E02000773",8199,4663,4368,3434,1056,2378,186,69,117,748,307,441,295,272,184,151,113,38,14,6,8,19,15,4,88,3264,828,1056,747,283,350
2021,"Redbridge 024","E02000774",6157,3523,3245,2385,784,1601,162,56,106,698,284,414,278,236,179,144,115,29,8,6,2,27,18,9,57,2398,710,480,678,200,330
2021,"Redbridge 026","E02000776",5367,3139,2944,2188,667,1521,133,37,96,623,267,356,195,186,145,123,84,39,0,0,0,22,11,11,41,2042,596,437,540,193,276
2021,"Redbridge 027","E02000777",4774,2942,2782,2136,462,1674,118,28,90,528,241,287,160,81,63,54,42,12,0,0,0,9,5,4,18,1751,943,274,237,148,149
2021,"Redbridge 029","E02000779",6419,3651,3353,2527,891,1636,155,50,105,671,291,380,298,216,166,133,101,32,8,2,6,25,12,13,50,2552,654,467,780,257,394
2021,"Redbridge 031","E02000781",12330,7113,6615,4938,1502,3436,364,124,240,1313,573,740,498,411,307,257,201,56,14,6,8,36,21,15,104,4806,1591,1197,1164,321,533
2021,"Redbridge 032","E02000782",8469,4745,4369,3422,1109,2313,167,72,95,780,320,460,376,306,216,178,124,54,3,3,0,35,21,14,90,3418,648,815,1063,383,509
2021,"Redbridge 033","E02000783",5447,2971,2683,2031,765,1266,148,55,93,504,211,293,288,274,154,126,99,27,4,4,0,24,13,11,120,2202,438,484,740,224,316
2021,"Richmond upon Thames 001","E02000784",8209,4881,4626,3273,646,2627,225,34,191,1128,586,542,255,116,89,66,51,15,1,1,0,22,15,7,27,3212,1643,608,529,192,240
2021,"Richmond upon Thames 002","E02000785",7991,5186,4979,3807,549,3258,179,33,146,993,505,488,207,86,65,55,30,25,1,0,1,9,7,2,21,2719,1583,419,403,98,216
2021,"Richmond upon Thames 003","E02000786",8926,6158,5898,4438,761,3677,236,36,200,1224,629,595,260,104,82,63,51,12,2,1,1,17,12,5,22,2664,1324,417,469,216,238
2021,"Richmond upon Thames 004","E02000787",9591,6498,6166,4875,822,4053,186,48,138,1105,524,581,332,124,93,76,50,26,0,0,0,17,16,1,31,2969,1330,503,563,273,300
2021,"Richmond upon Thames 005","E02000788",6964,4718,4522,3380,671,2709,174,34,140,968,492,476,196,84,65,48,34,14,5,3,2,12,11,1,19,2162,1184,346,353,108,171
2021,"Richmond upon Thames 006","E02000789",5152,3319,3163,2366,356,2010,148,26,122,649,310,339,156,47,34,30,24,6,0,0,0,4,1,3,13,1786,965,281,306,107,127
2021,"Richmond upon Thames 007","E02000790",5161,3689,3553,2678,440,2238,144,21,123,731,364,367,136,63,42,36,22,14,2,1,1,4,4,0,21,1409,703,298,264,46,98
2021,"Richmond upon Thames 008","E02000791",5296,3513,3365,2429,316,2113,177,27,150,759,362,397,148,80,62,51,40,11,1,1,0,10,7,3,18,1703,900,275,341,47,140
2021,"Richmond upon Thames 009","E02000792",5782,3803,3642,2691,465,2226,117,20,97,834,424,410,161,57,39,30,22,8,2,2,0,7,4,3,18,1922,1104,335,278,79,126
2021,"Richmond upon Thames 010","E02000793",6560,4150,3929,3095,738,2357,118,26,92,716,327,389,221,87,67,60,43,17,0,0,0,7,6,1,20,2323,1278,388,307,170,180
2021,"Richmond upon Thames 011","E02000794",5552,3819,3659,2944,488,2456,117,29,88,598,279,319,160,87,64,55,40,15,1,0,1,8,8,0,23,1646,945,304,221,69,107
2021,"Richmond upon Thames 012","E02000795",5294,3126,3015,2149,472,1677,159,40,119,707,373,334,111,59,46,36,29,7,0,0,0,10,6,4,13,2109,1134,360,365,126,124
2021,"Richmond upon Thames 013","E02000796",8766,5211,4881,3936,1059,2877,148,37,111,797,356,441,330,204,165,148,118,30,1,0,1,16,11,5,39,3351,1635,559,544,294,319
2021,"Richmond upon Thames 014","E02000797",6282,4480,4297,3426,530,2896,109,21,88,762,354,408,183,111,76,64,58,6,0,0,0,12,10,2,35,1691,870,340,264,76,141
2021,"Richmond upon Thames 015","E02000798",8694,5821,5558,4375,924,3451,173,38,135,1010,477,533,263,131,110,94,82,12,1,1,0,15,12,3,21,2742,1374,555,378,207,228
2021,"Richmond upon Thames 016","E02000799",5473,2996,2867,2185,411,1774,102,22,80,580,330,250,129,307,179,158,145,13,0,0,0,21,20,1,128,2170,955,786,203,94,132
2021,"Richmond upon Thames 017","E02000800",4128,2517,2395,1820,512,1308,80,15,65,495,271,224,122,53,42,35,28,7,0,0,0,7,5,2,11,1558,774,255,236,166,127
2021,"Richmond upon Thames 018","E02000801",5614,3758,3574,2755,535,2220,106,26,80,713,362,351,184,110,87,75,57,18,1,0,1,11,8,3,23,1746,996,311,235,87,117
2021,"Richmond upon Thames 019","E02000802",5660,3687,3542,2730,584,2146,109,25,84,703,340,363,145,72,55,48,39,9,0,0,0,7,6,1,17,1901,1176,252,213,140,120
2021,"Richmond upon Thames 020","E02000803",7823,4686,4393,3468,844,2624,154,52,102,771,375,396,293,110,88,70,59,11,0,0,0,18,13,5,22,3027,1671,413,400,312,231
2021,"Richmond upon Thames 021","E02000804",5870,3725,3555,2811,506,2305,101,26,75,643,336,307,170,117,88,72,62,10,1,1,0,15,14,1,29,2028,1201,353,249,94,131
2021,"Richmond upon Thames 022","E02000805",8717,5468,5211,3987,860,3127,170,43,127,1054,534,520,257,152,119,101,74,27,3,2,1,15,12,3,33,3097,1653,519,401,270,254
2021,"Richmond upon Thames 023","E02000806",8342,5154,4942,3815,871,2944,176,31,145,951,453,498,212,107,90,74,56,18,1,1,0,15,7,8,17,3081,1846,410,392,221,212
2021,"Southwark 001","E02000807",7169,5532,5275,4517,536,3981,93,21,72,665,291,374,257,143,117,99,64,35,0,0,0,18,11,7,26,1494,588,332,264,130,180
2021,"Southwark 002","E02000808",9296,5590,5250,4452,471,3981,128,29,99,670,273,397,340,499,308,242,181,61,3,1,2,63,56,7,191,3207,617,1847,232,239,272
2021,"Southwark 004","E02000810",9887,6947,6509,5586,961,4625,137,50,87,786,345,441,438,259,189,165,114,51,3,3,0,21,12,9,70,2681,742,687,431,464,357
2021,"Southwark 006","E02000812",9117,5591,5220,4432,789,3643,126,29,97,662,305,357,371,457,296,252,182,70,4,4,0,40,32,8,161,3069,725,1174,377,379,414
2021,"Southwark 007","E02000813",8524,5863,5451,4667,855,3812,104,29,75,680,303,377,412,339,231,194,126,68,5,4,1,32,29,3,108,2322,594,630,407,360,331
2021,"Southwark 008","E02000814",8872,6761,6382,5405,688,4717,115,27,88,862,362,500,379,231,171,148,100,48,4,4,0,19,11,8,60,1880,587,469,322,229,273
2021,"Southwark 009","E02000815",6703,4196,3952,3438,545,2893,53,14,39,461,192,269,244,407,277,237,175,62,6,6,0,34,33,1,130,2100,259,1255,209,141,236
2021,"Southwark 010","E02000816",7953,5269,4851,4072,825,3247,117,40,77,662,306,356,418,218,176,149,105,44,4,4,0,23,21,2,42,2466,669,614,404,410,369
2021,"Southwark 011","E02000817",5598,3388,3099,2593,632,1961,65,17,48,441,164,277,289,162,120,110,80,30,1,1,0,9,7,2,42,2048,635,375,312,425,301
2021,"Southwark 012","E02000818",8441,5656,5257,4502,818,3684,108,28,80,647,271,376,399,338,210,180,140,40,1,0,1,29,24,5,128,2447,675,694,355,336,387
2021,"Southwark 013","E02000819",6958,4236,3838,3276,813,2463,69,22,47,493,221,272,398,301,226,201,155,46,3,0,3,22,17,5,75,2421,577,679,396,396,373
2021,"Southwark 014","E02000820",7860,5073,4687,3965,698,3267,92,28,64,630,269,361,386,309,202,173,135,38,1,1,0,28,21,7,107,2478,636,862,289,350,341
2021,"Southwark 015","E02000821",7392,4779,4226,3576,1307,2269,96,35,61,554,263,291,553,368,244,212,152,60,1,1,0,31,11,20,124,2245,543,621,408,247,426
2021,"Southwark 016","E02000822",5423,3433,3117,2665,698,1967,60,22,38,392,172,220,316,226,165,147,104,43,1,1,0,17,11,6,61,1764,412,474,311,238,329
2021,"Southwark 017","E02000823",7321,4786,4382,3632,812,2820,90,20,70,660,300,360,404,322,259,226,155,71,1,1,0,32,25,7,63,2213,651,555,339,316,352
2021,"Southwark 018","E02000824",7871,4950,4443,3738,1139,2599,105,47,58,600,304,296,507,296,217,197,147,50,1,1,0,19,13,6,79,2625,647,764,436,337,441
2021,"Southwark 019","E02000825",8230,5052,4536,3837,1048,2789,88,30,58,611,273,338,516,359,270,227,178,49,11,8,3,32,22,10,89,2819,629,811,477,414,488
2021,"Southwark 020","E02000826",8243,5429,4998,4141,955,3186,101,34,67,756,335,421,431,338,262,210,158,52,11,6,5,41,31,10,76,2476,677,745,323,311,420
2021,"Southwark 021","E02000827",9373,6287,5753,4882,1250,3632,112,34,78,759,365,394,534,327,230,207,151,56,0,0,0,23,20,3,97,2759,800,688,409,386,476
2021,"Southwark 022","E02000828",7287,4768,4374,3673,949,2724,103,37,66,598,277,321,394,309,212,175,125,50,4,3,1,33,25,8,97,2210,536,591,395,304,384
2021,"Southwark 023","E02000829",9075,6048,5634,4686,1045,3641,127,36,91,821,363,458,414,279,195,168,119,49,0,0,0,27,21,6,84,2748,824,507,367,562,488
2021,"Southwark 024","E02000830",7640,5550,5275,4221,722,3499,131,40,91,923,375,548,275,228,177,143,98,45,4,3,1,30,21,9,51,1862,653,492,220,238,259
2021,"Southwark 025","E02000831",7785,5718,5422,4342,809,3533,125,23,102,955,412,543,296,178,129,108,74,34,0,0,0,21,17,4,49,1889,688,402,238,278,283
2021,"Southwark 026","E02000832",8019,5202,4768,3887,870,3017,110,24,86,771,343,428,434,245,204,166,112,54,14,0,14,24,20,4,41,2572,897,456,330,445,444
2021,"Southwark 027","E02000833",5947,4084,3832,3252,704,2548,77,18,59,503,226,277,252,183,152,133,74,59,2,2,0,17,13,4,31,1680,524,392,251,266,247
2021,"Southwark 028","E02000834",7799,5732,5493,4456,588,3868,121,22,99,916,415,501,239,141,122,104,72,32,3,3,0,15,13,2,19,1926,775,470,240,233,208
2021,"Southwark 029","E02000835",5938,4217,4007,3168,646,2522,118,22,96,721,342,379,210,131,101,92,59,33,1,0,1,8,8,0,30,1590,614,326,215,218,217
2021,"Southwark 030","E02000836",6621,4904,4695,3720,617,3103,152,24,128,823,394,429,209,91,77,66,44,22,0,0,0,11,11,0,14,1626,750,299,250,180,147
2021,"Southwark 031","E02000837",6592,4352,4203,3131,532,2599,214,30,184,858,454,404,149,106,91,71,52,19,0,0,0,20,16,4,15,2134,1153,421,330,99,131
2021,"Southwark 032","E02000838",7636,5376,5090,3984,773,3211,152,40,112,954,440,514,286,171,115,98,70,28,1,0,1,16,9,7,56,2089,809,426,256,243,355
2021,"Southwark 033","E02000839",6616,4323,4035,3084,688,2396,165,35,130,786,354,432,288,127,93,79,57,22,4,4,0,10,9,1,34,2166,925,487,307,223,224
2021,"Sutton 001","E02000840",7062,4548,4250,3483,929,2554,100,16,84,667,274,393,298,103,74,71,52,19,0,0,0,3,1,2,29,2411,744,436,488,430,313
2021,"Sutton 002","E02000841",7149,4538,4269,3509,936,2573,108,30,78,652,283,369,269,172,128,116,91,25,3,2,1,9,4,5,44,2439,819,471,464,359,326
2021,"Sutton 003","E02000842",6672,4225,4047,3252,839,2413,123,31,92,672,277,395,178,124,96,88,69,19,2,2,0,6,3,3,28,2323,1350,347,294,132,200
2021,"Sutton 004","E02000843",7358,5373,5155,4366,850,3516,106,27,79,683,270,413,218,135,91,82,50,32,2,1,1,7,6,1,44,1850,841,273,339,216,181
2021,"Sutton 005","E02000844",6752,4409,4180,3369,861,2508,115,34,81,696,262,434,229,126,100,91,78,13,0,0,0,9,5,4,26,2217,981,383,376,259,218
2021,"Sutton 006","E02000845",7307,5020,4793,3876,840,3036,124,30,94,793,325,468,227,131,93,88,70,18,0,0,0,5,5,0,38,2156,1078,333,404,160,181
2021,"Sutton 007","E02000846",6058,3888,3739,2985,757,2228,115,34,81,639,277,362,149,119,90,76,67,9,0,0,0,14,11,3,29,2051,1160,322,287,111,171
2021,"Sutton 008","E02000847",7584,4757,4546,3628,869,2759,143,33,110,775,306,469,211,121,100,89,69,20,1,1,0,10,6,4,21,2706,1775,318,323,147,143
2021,"Sutton 009","E02000848",6387,4247,4103,3290,900,2390,119,29,90,694,282,412,144,142,108,98,80,18,1,0,1,9,6,3,34,1998,1148,327,271,112,140
2021,"Sutton 010","E02000849",6439,4207,4047,3335,857,2478,82,18,64,630,273,357,160,117,96,88,74,14,1,1,0,7,6,1,21,2115,1119,318,298,228,152
2021,"Sutton 011","E02000850",8661,5630,5374,4448,1148,3300,125,34,91,801,325,476,256,142,108,98,84,14,0,0,0,10,7,3,34,2889,1566,473,398,216,236
2021,"Sutton 012","E02000851",9040,6157,5796,4763,1010,3753,121,30,91,912,388,524,361,221,171,149,109,40,4,0,4,18,10,8,50,2662,1061,402,578,301,320
2021,"Sutton 013","E02000852",6427,4377,4196,3425,805,2620,105,33,72,666,280,386,181,107,86,69,57,12,1,0,1,16,12,4,21,1943,1073,274,286,141,169
2021,"Sutton 014","E02000853",6317,4222,4042,3277,750,2527,122,29,93,643,270,373,180,124,100,92,71,21,0,0,0,8,8,0,24,1971,997,305,335,168,166
2021,"Sutton 015","E02000854",6022,4004,3857,3140,730,2410,108,20,88,609,254,355,147,101,72,64,51,13,0,0,0,8,7,1,29,1917,1143,252,232,140,150
2021,"Sutton 016","E02000855",6629,4042,3888,3114,778,2336,135,29,106,639,310,329,154,120,98,91,75,16,1,1,0,6,5,1,22,2467,1569,309,290,126,173
2021,"Sutton 017","E02000856",7398,4776,4583,3732,869,2863,139,28,111,712,308,404,193,138,109,98,78,20,2,1,1,9,6,3,29,2484,1387,358,380,171,188
2021,"Sutton 018","E02000857",7279,4869,4621,3759,735,3024,119,33,86,743,309,434,248,103,73,62,42,20,0,0,0,11,4,7,30,2307,1279,288,348,159,233
2021,"Sutton 019","E02000858",6503,3808,3576,2947,873,2074,111,32,79,518,233,285,232,127,93,83,64,19,0,0,0,10,10,0,34,2568,850,452,494,456,316
2021,"Sutton 020","E02000859",6831,3931,3788,3059,769,2290,114,26,88,615,290,325,143,109,75,65,50,15,2,1,1,8,7,1,34,2791,1707,339,300,251,194
2021,"Sutton 021","E02000860",7009,4646,4379,3603,763,2840,110,34,76,666,286,380,267,96,73,61,34,27,4,2,2,8,4,4,23,2267,1002,262,408,352,243
2021,"Sutton 022","E02000861",6297,3717,3576,2825,714,2111,145,44,101,606,279,327,141,85,62,52,43,9,1,1,0,9,5,4,23,2495,1655,305,280,138,117
2021,"Sutton 024","E02000863",5461,3338,3212,2533,585,1948,118,20,98,561,252,309,126,93,62,55,47,8,0,0,0,7,6,1,31,2030,1245,303,238,111,133
2021,"Tower Hamlets 001","E02000864",9181,5981,5579,4640,877,3763,120,42,78,819,351,468,402,282,184,162,124,38,4,4,0,18,14,4,98,2918,684,650,687,465,432
2021,"Tower Hamlets 002","E02000865",6434,3901,3562,2917,696,2221,74,24,50,571,281,290,339,183,138,117,97,20,1,1,0,20,15,5,45,2350,483,472,564,363,468
2021,"Tower Hamlets 003","E02000866",8789,5904,5617,4580,845,3735,115,26,89,922,414,508,287,232,177,147,105,42,2,1,1,28,19,9,55,2653,792,587,565,332,377
2021,"Tower Hamlets 004","E02000867",9645,6849,6342,5363,852,4511,121,34,87,858,354,504,507,318,236,205,146,59,1,1,0,30,22,8,82,2478,510,650,565,349,404
2021,"Tower Hamlets 005","E02000868",6106,3992,3739,3006,599,2407,78,23,55,655,289,366,253,264,158,129,101,28,2,1,1,27,24,3,106,1850,365,520,462,249,254
2021,"Tower Hamlets 006","E02000869",4885,3109,2880,2238,443,1795,89,11,78,553,258,295,229,132,97,80,61,19,1,1,0,16,13,3,35,1644,418,343,387,277,219
2021,"Tower Hamlets 007","E02000870",5159,3216,2953,2417,590,1827,63,20,43,473,243,230,263,206,135,119,89,30,4,4,0,12,6,6,71,1737,421,418,430,227,241
2021,"Tower Hamlets 008","E02000871",8960,5506,5018,4351,1172,3179,105,42,63,562,281,281,488,402,275,249,187,62,1,1,0,25,20,5,127,3052,483,756,970,375,468
2021,"Tower Hamlets 009","E02000872",6809,4448,4102,3448,637,2811,76,25,51,578,277,301,346,228,170,134,98,36,2,1,1,34,25,9,58,2133,323,609,560,334,307
2021,"Tower Hamlets 010","E02000873",7972,3904,3576,3009,814,2195,69,24,45,498,247,251,328,621,336,303,272,31,1,1,0,32,31,1,285,3447,369,1813,635,300,330
2021,"Tower Hamlets 011","E02000874",5954,3371,3101,2623,690,1933,70,26,44,408,214,194,270,245,163,141,112,29,0,0,0,22,17,5,82,2338,319,773,633,281,332
2021,"Tower Hamlets 012","E02000875",10701,6486,5882,5103,1250,3853,95,44,51,684,352,332,604,428,306,273,222,51,4,3,1,29,24,5,122,3787,545,1025,1062,596,559
2021,"Tower Hamlets 013","E02000876",6036,3640,3361,2801,613,2188,92,46,46,468,234,234,279,271,178,153,115,38,0,0,0,25,16,9,93,2125,322,575,569,316,343
2021,"Tower Hamlets 014","E02000877",10928,6795,6208,5311,1257,4054,138,54,84,759,383,376,587,471,293,257,205,52,1,1,0,35,32,3,178,3662,548,1098,1055,438,523
2021,"Tower Hamlets 015","E02000878",9010,5307,4833,4084,781,3303,91,25,66,658,301,357,474,465,311,264,197,67,7,4,3,40,25,15,154,3238,476,1316,673,358,415
2021,"Tower Hamlets 016","E02000879",6670,3735,3427,2839,867,1972,84,35,49,504,271,233,308,303,216,195,158,37,1,1,0,20,17,3,87,2632,618,658,652,323,381
2021,"Tower Hamlets 017","E02000880",5200,3017,2787,2364,658,1706,59,29,30,364,192,172,230,255,186,163,118,45,1,1,0,22,19,3,69,1928,299,602,546,228,253
2021,"Tower Hamlets 018","E02000881",8329,5004,4564,3895,947,2948,82,38,44,587,310,277,440,337,246,221,168,53,3,3,0,22,16,6,91,2988,445,798,862,399,484
2021,"Tower Hamlets 019","E02000882",8884,4941,4525,3888,1075,2813,113,46,67,524,267,257,416,348,222,182,141,41,1,1,0,39,39,0,126,3595,582,916,1052,534,511
2021,"Tower Hamlets 020","E02000883",7066,3778,3433,2890,814,2076,75,34,41,468,249,219,345,293,231,208,162,46,8,8,0,15,10,5,62,2995,493,819,837,388,458
2021,"Tower Hamlets 021","E02000884",10818,6526,6126,5432,930,4502,105,32,73,589,291,298,400,595,382,339,250,89,0,0,0,43,35,8,213,3697,377,1776,819,254,471
2021,"Tower Hamlets 022","E02000885",5505,2955,2678,2272,757,1515,57,25,32,349,187,162,277,209,151,140,113,27,0,0,0,11,11,0,58,2341,485,527,687,335,307
2021,"Tower Hamlets 023","E02000886",7940,5436,5112,4368,771,3597,132,55,77,612,290,322,324,250,192,160,119,41,3,2,1,29,16,13,58,2254,424,539,609,265,417
2021,"Tower Hamlets 024","E02000887",8344,5065,4593,3890,1069,2821,124,42,82,579,280,299,472,309,190,171,117,54,3,2,1,16,10,6,119,2970,525,737,908,374,426
2021,"Tower Hamlets 025","E02000888",6931,4584,4263,3635,811,2824,95,27,68,533,243,290,321,245,152,139,92,47,2,2,0,11,10,1,93,2102,365,547,624,241,325
2021,"Tower Hamlets 026","E02000889",7439,5284,5002,4342,667,3675,94,37,57,566,263,303,282,206,133,105,66,39,3,1,2,25,16,9,73,1949,453,524,502,206,264
2021,"Tower Hamlets 027","E02000890",5171,3956,3782,3168,357,2811,80,20,60,534,213,321,174,97,62,47,29,18,1,1,0,14,9,5,35,1118,405,252,211,103,147
2021,"Tower Hamlets 030","E02000893",5978,3909,3558,2972,593,2379,91,25,66,495,251,244,351,207,146,126,103,23,3,3,0,17,17,0,61,1862,510,400,451,231,270
2021,"Tower Hamlets 031","E02000894",9019,6302,5885,4957,701,4256,117,33,84,811,339,472,417,365,274,240,195,45,0,0,0,34,26,8,91,2352,526,570,683,212,361
2021,"Waltham Forest 001","E02000895",6836,3870,3659,2846,764,2082,124,23,101,689,319,370,211,132,100,95,79,16,1,0,1,4,4,0,32,2834,1564,396,383,257,234
2021,"Waltham Forest 002","E02000896",7648,4805,4550,3523,827,2696,174,48,126,853,380,473,255,125,100,86,64,22,1,0,1,13,9,4,25,2718,1638,326,330,171,253
2021,"Waltham Forest 003","E02000897",6872,4196,3907,3071,793,2278,128,34,94,708,310,398,289,114,77,64,46,18,0,0,0,13,12,1,37,2562,1217,390,373,341,241
2021,"Waltham Forest 004","E02000898",6488,3875,3625,2835,708,2127,126,33,93,664,290,374,250,107,80,66,47,19,0,0,0,14,10,4,27,2506,1328,344,307,297,230
2021,"Waltham Forest 005","E02000899",7106,4325,4060,3010,838,2172,204,53,151,846,348,498,265,152,120,98,77,21,7,1,6,15,9,6,32,2629,1315,415,420,185,294
2021,"Waltham Forest 006","E02000900",7040,4269,3948,3060,954,2106,154,41,113,734,311,423,321,188,148,121,84,37,2,1,1,25,16,9,40,2583,1019,479,455,295,335
2021,"Waltham Forest 007","E02000901",8390,5536,5221,4121,888,3233,149,30,119,951,434,517,315,156,122,106,75,31,2,1,1,14,9,5,34,2698,1393,438,380,200,287
2021,"Waltham Forest 008","E02000902",7583,4967,4626,3611,946,2665,156,39,117,859,362,497,341,176,130,109,85,24,0,0,0,21,15,6,46,2440,852,499,507,249,333
2021,"Waltham Forest 009","E02000903",7977,4963,4543,3566,947,2619,159,47,112,818,319,499,420,264,178,134,82,52,4,4,0,40,16,24,86,2750,754,622,610,392,372
2021,"Waltham Forest 010","E02000904",6655,4532,4250,3230,775,2455,141,29,112,879,353,526,282,182,131,105,71,34,2,2,0,24,18,6,51,1941,700,403,399,176,263
2021,"Waltham Forest 011","E02000905",8009,5584,5273,3981,973,3008,168,38,130,1124,434,690,311,243,162,131,87,44,5,5,0,26,14,12,81,2182,757,488,457,195,285
2021,"Waltham Forest 012","E02000906",7600,5266,4918,3829,904,2925,130,43,87,959,412,547,348,177,124,97,80,17,2,1,1,25,16,9,53,2157,660,480,457,227,333
2021,"Waltham Forest 013","E02000907",8138,5125,4578,3556,1009,2547,136,34,102,886,401,485,547,205,150,118,83,35,5,1,4,27,19,8,55,2808,751,683,553,370,451
2021,"Waltham Forest 014","E02000908",10470,7352,6937,5449,998,4451,171,48,123,1317,541,776,415,415,278,225,155,70,7,6,1,46,30,16,137,2703,731,790,559,303,320
2021,"Waltham Forest 015","E02000909",7260,5053,4776,3646,788,2858,153,31,122,977,396,581,277,155,123,95,61,34,1,1,0,27,16,11,32,2052,775,407,408,214,248
2021,"Waltham Forest 016","E02000910",9280,6459,6061,4628,980,3648,210,58,152,1223,528,695,398,236,201,137,89,48,15,2,13,49,24,25,35,2585,914,461,553,246,411
2021,"Waltham Forest 017","E02000911",10370,7371,6849,5340,1188,4152,183,50,133,1326,520,806,522,249,199,142,104,38,15,6,9,42,29,13,50,2750,791,589,627,329,414
2021,"Waltham Forest 018","E02000912",7760,4996,4650,3504,854,2650,154,55,99,992,405,587,346,171,118,103,73,30,1,1,0,14,7,7,53,2593,805,537,578,333,340
2021,"Waltham Forest 019","E02000913",7543,4714,4434,3408,857,2551,164,49,115,862,352,510,280,179,135,117,92,25,2,1,1,16,7,9,44,2650,946,569,577,242,316
2021,"Waltham Forest 020","E02000914",9254,5560,4976,3712,1138,2574,175,48,127,1089,444,645,584,321,247,196,140,56,11,5,6,40,18,22,74,3373,791,658,831,453,640
2021,"Waltham Forest 021","E02000915",6698,4618,4331,3388,716,2672,130,34,96,813,357,456,287,181,140,109,64,45,7,5,2,24,12,12,41,1899,792,303,320,235,249
2021,"Waltham Forest 022","E02000916",8483,5706,5331,4027,965,3062,161,46,115,1143,437,706,375,264,166,133,85,48,7,2,5,26,19,7,98,2513,685,554,614,272,388
2021,"Waltham Forest 023","E02000917",7714,5410,5053,3759,772,2987,160,56,104,1134,427,707,357,261,219,156,92,64,8,4,4,55,32,23,42,2043,588,367,474,242,372
2021,"Waltham Forest 024","E02000918",7558,5118,4747,3599,878,2721,158,42,116,990,382,608,371,249,202,153,102,51,5,0,5,44,25,19,47,2191,729,426,446,315,275
2021,"Waltham Forest 025","E02000919",7622,5207,4858,3607,807,2800,131,35,96,1120,423,697,349,283,225,172,103,69,6,3,3,47,28,19,58,2132,724,378,456,241,333
2021,"Waltham Forest 026","E02000920",8373,5344,4932,3855,961,2894,148,40,108,929,353,576,412,289,238,188,125,63,8,3,5,42,21,21,51,2740,795,576,555,370,444
2021,"Waltham Forest 027","E02000921",9127,5911,5421,4101,1130,2971,203,62,141,1117,439,678,490,375,317,211,143,68,26,18,8,80,54,26,58,2841,815,578,555,416,477
2021,"Waltham Forest 028","E02000922",8327,5516,5150,3757,930,2827,208,59,149,1185,457,728,366,342,279,214,136,78,12,6,6,53,28,25,63,2469,841,566,458,275,329
2021,"Wandsworth 001","E02000923",6534,4468,4283,3354,448,2906,140,31,109,789,385,404,185,97,76,63,50,13,0,0,0,13,7,6,21,1969,1015,337,295,125,197
2021,"Wandsworth 003","E02000925",6480,4325,4047,3354,696,2658,103,37,66,590,304,286,278,178,120,97,53,44,1,0,1,22,21,1,58,1977,599,404,400,285,289
2021,"Wandsworth 004","E02000926",10059,7686,7332,6052,702,5350,188,45,143,1092,474,618,354,183,148,120,78,42,6,5,1,22,21,1,35,2190,794,453,376,222,345
2021,"Wandsworth 005","E02000927",6126,4351,4118,3482,466,3016,71,14,57,565,245,320,233,94,68,54,32,22,1,0,1,13,13,0,26,1681,669,302,240,274,196
2021,"Wandsworth 006","E02000928",6951,5010,4805,3833,453,3380,158,19,139,814,403,411,205,70,57,47,32,15,1,0,1,9,6,3,13,1871,955,334,294,106,182
2021,"Wandsworth 007","E02000929",6561,4191,3848,3256,677,2579,88,29,59,504,245,259,343,191,138,122,87,35,1,1,0,15,15,0,53,2179,653,483,360,337,346
2021,"Wandsworth 008","E02000930",8850,6876,6625,5725,574,5151,114,22,92,786,365,421,251,175,137,118,70,48,3,2,1,16,10,6,38,1799,562,630,244,144,219
2021,"Wandsworth 009","E02000931",7109,5725,5572,4654,409,4245,180,19,161,738,330,408,153,115,62,51,26,25,1,1,0,10,10,0,53,1269,510,269,266,90,134
2021,"Wandsworth 010","E02000932",11132,8859,8552,7179,676,6503,220,40,180,1153,493,660,307,157,117,91,59,32,2,1,1,24,17,7,40,2116,895,438,366,116,301
2021,"Wandsworth 011","E02000933",7535,5241,5021,4043,588,3455,187,37,150,791,374,417,220,116,88,72,56,16,1,1,0,15,13,2,28,2178,1064,387,395,151,181
2021,"Wandsworth 012","E02000934",7929,6261,6014,5128,473,4655,121,30,91,765,328,437,247,126,96,76,53,23,2,1,1,18,13,5,30,1542,636,302,230,180,194
2021,"Wandsworth 013","E02000935",5740,2656,2416,1858,604,1254,82,25,57,476,268,208,240,569,315,288,252,36,2,2,0,25,22,3,254,2515,561,1013,433,257,251
2021,"Wandsworth 014","E02000936",8150,5979,5742,4845,559,4286,124,28,96,773,374,399,237,121,102,85,55,30,1,1,0,16,9,7,19,2050,871,383,355,151,290
2021,"Wandsworth 015","E02000937",6388,4764,4592,3670,451,3219,184,20,164,738,341,397,172,64,47,35,26,9,0,0,0,12,12,0,17,1560,524,404,391,121,120
2021,"Wandsworth 016","E02000938",8596,5451,5114,4066,879,3187,185,51,134,863,421,442,337,225,170,142,103,39,1,1,0,27,18,9,55,2920,1182,562,532,346,298
2021,"Wandsworth 017","E02000939",5997,4210,4083,3172,392,2780,167,19,148,744,412,332,127,50,44,36,25,11,1,1,0,7,5,2,6,1737,804,351,373,84,125
2021,"Wandsworth 018","E02000940",7888,5950,5674,4847,693,4154,92,25,67,735,322,413,276,127,103,89,66,23,5,4,1,9,4,5,24,1811,584,390,358,220,259
2021,"Wandsworth 019","E02000941",8208,6236,5999,4909,650,4259,191,24,167,899,434,465,237,102,82,67,46,21,0,0,0,15,9,6,20,1870,798,319,348,166,239
2021,"Wandsworth 020","E02000942",7881,5730,5509,4449,637,3812,161,42,119,899,442,457,221,91,71,57,43,14,1,0,1,13,10,3,20,2060,998,418,363,95,186
2021,"Wandsworth 021","E02000943",7497,5803,5633,4796,498,4298,148,22,126,689,298,391,170,111,94,86,49,37,0,0,0,8,7,1,17,1583,687,317,237,138,204
2021,"Wandsworth 022","E02000944",6100,3858,3592,2870,619,2251,97,31,66,625,292,333,266,144,107,89,57,32,0,0,0,18,13,5,37,2098,540,422,435,442,259
2021,"Wandsworth 023","E02000945",6270,3587,3302,2451,678,1773,119,38,81,732,387,345,285,354,224,209,168,41,1,1,0,14,14,0,130,2329,672,657,401,326,273
2021,"Wandsworth 024","E02000946",7149,4860,4541,3817,506,3311,123,25,98,601,263,338,319,140,86,68,50,18,2,0,2,16,10,6,54,2149,550,359,309,235,696
2021,"Wandsworth 025","E02000947",7519,5805,5583,4661,588,4073,143,25,118,779,337,442,222,107,83,71,44,27,0,0,0,12,11,1,24,1607,735,311,281,118,162
2021,"Wandsworth 026","E02000948",8706,6920,6665,5773,544,5229,141,30,111,751,331,420,255,100,75,66,34,32,2,1,1,7,5,2,25,1686,761,305,262,165,193
2021,"Wandsworth 027","E02000949",8486,6381,6177,5087,527,4560,165,24,141,925,435,490,204,94,73,53,29,24,3,3,0,17,11,6,21,2011,913,363,392,153,190
2021,"Wandsworth 028","E02000950",6225,4232,3949,3073,559,2514,118,33,85,758,368,390,283,125,96,74,48,26,0,0,0,22,19,3,29,1868,756,405,358,152,197
2021,"Wandsworth 029","E02000951",5582,4162,3955,3328,406,2922,88,28,60,539,262,277,207,90,65,54,43,11,2,2,0,9,8,1,25,1330,518,236,220,197,159
2021,"Wandsworth 030","E02000952",5242,3906,3736,3150,337,2813,86,10,76,500,235,265,170,70,59,52,29,23,2,1,1,5,5,0,11,1266,546,222,199,151,148
2021,"Wandsworth 031","E02000953",6256,4645,4490,3878,460,3418,88,16,72,524,223,301,155,186,131,117,90,27,1,1,0,13,13,0,55,1425,448,482,218,130,147
2021,"Wandsworth 032","E02000954",5136,3562,3402,2892,355,2537,63,13,50,447,204,243,160,101,75,56,40,16,1,0,1,18,17,1,26,1473,644,299,242,122,166
2021,"Wandsworth 033","E02000955",5735,3874,3688,3088,541,2547,75,32,43,525,257,268,186,115,88,76,57,19,1,1,0,11,8,3,27,1746,654,375,323,186,208
2021,"Wandsworth 034","E02000956",6366,4278,4049,3394,573,2821,60,13,47,595,269,326,229,246,171,144,114,30,2,1,1,25,21,4,75,1842,474,647,270,234,217
2021,"Wandsworth 035","E02000957",9125,6401,6113,5052,829,4223,141,34,107,920,432,488,288,261,214,162,116,46,0,0,0,52,51,1,47,2463,856,558,470,282,297
2021,"Wandsworth 036","E02000958",6693,4210,3947,3002,666,2336,127,40,87,818,416,402,263,217,133,112,89,23,0,0,0,21,19,2,84,2266,944,606,322,150,244
2021,"Wandsworth 037","E02000959",6314,4352,4076,3226,696,2530,104,32,72,746,356,390,276,159,82,76,65,11,0,0,0,6,6,0,77,1803,615,332,303,268,285
2021,"Westminster 001","E02000960",5222,3022,2873,2186,316,1870,158,39,119,529,277,252,149,81,61,47,36,11,0,0,0,14,13,1,20,2119,740,510,463,138,268
2021,"Westminster 002","E02000961",8020,4864,4503,3509,619,2890,194,39,155,800,383,417,361,127,96,75,53,22,1,1,0,20,15,5,31,3029,810,763,775,308,373
2021,"Westminster 003","E02000962",6725,3753,3535,2778,372,2406,147,40,107,610,317,293,218,204,130,104,54,50,2,1,1,24,22,2,74,2768,999,708,540,251,270
2021,"Westminster 004","E02000963",8646,4898,4374,3483,964,2519,114,32,82,777,357,420,524,235,156,141,111,30,8,8,0,7,7,0,79,3513,957,780,590,674,512
2021,"Westminster 005","E02000964",10293,6231,5698,4577,1015,3562,136,42,94,985,480,505,533,219,167,133,97,36,2,1,1,32,22,10,52,3843,982,882,694,730,555
2021,"Westminster 006","E02000965",6798,4911,4619,3734,530,3204,129,34,95,756,335,421,292,142,104,89,54,35,0,0,0,15,15,0,38,1745,533,455,308,245,204
2021,"Westminster 007","E02000966",7961,5291,5011,3729,540,3189,235,48,187,1047,499,548,280,105,73,62,47,15,2,0,2,9,8,1,32,2565,898,589,400,320,358
2021,"Westminster 008","E02000967",5427,3205,3077,2415,265,2150,153,35,118,509,233,276,128,241,124,106,74,32,1,1,0,17,10,7,117,1981,608,797,324,72,180
2021,"Westminster 009","E02000968",12042,5586,4980,4166,1355,2811,122,51,71,692,374,318,606,426,287,257,202,55,4,4,0,26,17,9,139,6030,1423,1487,1208,1156,756
2021,"Westminster 010","E02000969",7838,4113,3688,3051,805,2246,93,33,60,544,277,267,425,235,158,128,101,27,6,4,2,24,23,1,77,3490,723,829,723,776,439
2021,"Westminster 011","E02000970",6121,3934,3788,2866,382,2484,225,33,192,697,350,347,146,122,83,58,31,27,5,3,2,20,17,3,39,2065,732,602,366,89,276
2021,"Westminster 012","E02000971",6748,4204,3974,3130,427,2703,190,24,166,654,287,367,230,222,154,130,96,34,0,0,0,24,19,5,68,2322,585,944,307,226,260
2021,"Westminster 013","E02000972",7270,4221,4000,3068,484,2584,214,42,172,718,311,407,221,242,154,125,84,41,4,3,1,25,21,4,88,2807,648,1257,246,317,339
2021,"Westminster 014","E02000973",8792,5971,5524,4227,670,3557,230,51,179,1067,545,522,447,154,102,77,51,26,2,2,0,23,17,6,52,2667,820,686,388,337,436
2021,"Westminster 015","E02000974",7689,4235,4023,3110,462,2648,236,56,180,677,291,386,212,265,157,126,87,39,4,0,4,27,22,5,108,3189,753,1250,521,238,427
2021,"Westminster 016","E02000975",6754,4409,4183,3259,358,2901,162,35,127,762,336,426,226,180,125,100,63,37,1,0,1,24,18,6,55,2165,598,892,301,135,239
2021,"Westminster 017","E02000976",7514,4708,4381,3529,490,3039,150,28,122,702,331,371,327,216,174,124,74,50,4,4,0,46,41,5,42,2590,742,882,368,271,327
2021,"Westminster 018","E02000977",5915,3456,3279,2489,385,2104,212,53,159,578,265,313,177,151,86,62,48,14,4,3,1,20,15,5,65,2308,642,864,271,172,359
2021,"Westminster 019","E02000978",6260,3168,3083,2137,281,1856,283,72,211,663,332,331,85,137,89,60,43,17,6,3,3,23,14,9,48,2955,787,1275,504,34,355
2021,"Westminster 020","E02000979",7085,4233,3985,3257,415,2842,149,29,120,579,290,289,248,192,112,87,56,31,4,1,3,21,18,3,80,2660,841,778,370,354,317
2021,"Westminster 021","E02000980",7653,4585,4225,3503,670,2833,135,42,93,587,303,284,360,208,164,146,115,31,0,0,0,18,14,4,44,2860,1039,683,405,398,335
2021,"Westminster 022","E02000981",7518,4956,4728,3757,494,3263,155,33,122,816,352,464,228,135,93,66,43,23,4,4,0,23,18,5,42,2427,752,508,279,542,346
2021,"Westminster 023","E02000982",6576,3778,3443,2681,539,2142,135,31,104,627,291,336,335,174,117,100,72,28,1,1,0,16,9,7,57,2624,822,663,436,358,345
2021,"Westminster 024","E02000983",6594,4003,3715,2981,534,2447,123,46,77,611,285,326,288,136,87,63,50,13,2,0,2,22,16,6,49,2455,893,576,409,339,238
2021,"Bromley 040","E02006782",6503,3968,3768,3009,769,2240,116,27,89,643,289,354,200,131,108,94,57,37,0,0,0,14,10,4,23,2404,1334,304,337,200,229
2021,"Lewisham 037","E02006783",5900,3688,3365,2697,762,1935,106,31,75,562,254,308,323,147,94,87,69,18,0,0,0,7,6,1,53,2065,626,447,385,335,272
2021,"Lewisham 038","E02006784",6348,3832,3521,2822,795,2027,132,40,92,567,234,333,311,141,116,106,87,19,0,0,0,10,7,3,25,2375,970,429,372,336,268
2021,"Bexley 029","E02006785",5400,3300,3101,2558,636,1922,98,23,75,445,170,275,199,91,63,54,44,10,1,1,0,8,8,0,28,2009,1127,243,264,190,185
2021,"Greenwich 033","E02006786",5863,3636,3358,2764,729,2035,84,32,52,510,211,299,278,160,125,110,74,36,5,5,0,10,9,1,35,2067,736,355,344,274,358
2021,"Bromley 041","E02006787",6149,4039,3876,3168,737,2431,97,11,86,611,287,324,163,80,66,60,47,13,1,0,1,5,3,2,14,2030,1196,296,288,118,132
2021,"Croydon 045","E02006788",5927,3857,3587,2950,757,2193,95,24,71,542,263,279,270,154,103,93,73,20,0,0,0,10,8,2,51,1916,723,385,301,280,227
2021,"Bromley 042","E02006789",5672,3105,2995,2242,610,1632,122,32,90,631,303,328,110,70,57,51,46,5,1,0,1,5,5,0,13,2497,1777,208,256,115,141
2021,"Ealing 040","E02006791",6324,4537,4296,3410,504,2906,127,20,107,759,356,403,241,101,68,48,29,19,0,0,0,20,14,6,33,1686,759,313,270,136,208
2021,"Hounslow 029","E02006792",7660,5067,4788,3735,490,3245,161,38,123,892,400,492,279,141,107,89,62,27,7,4,3,11,7,4,34,2452,1118,501,387,215,231
2021,"Enfield 037","E02006793",7324,3896,3447,2769,1033,1736,132,45,87,546,271,275,449,222,166,141,111,30,3,0,3,22,14,8,56,3206,740,684,766,518,498
2021,"Haringey 037","E02006794",6278,3647,3262,2519,957,1562,116,48,68,627,315,312,385,224,152,127,87,40,5,5,0,20,16,4,72,2407,582,491,523,378,433
2021,"Harrow 032","E02006795",6608,4141,3905,3033,809,2224,119,29,90,753,316,437,236,187,156,137,99,38,2,1,1,17,10,7,31,2280,1008,498,449,107,218
2021,"Hillingdon 033","E02006796",7721,5160,4892,4014,851,3163,155,40,115,723,270,453,268,110,79,78,46,32,1,1,0,0,0,0,31,2451,1237,356,400,209,249
2021,"Lewisham 039","E02006798",7415,4923,4517,3658,908,2750,106,34,72,753,374,379,406,318,215,170,131,39,2,1,1,43,34,9,103,2174,500,646,361,275,392
2021,"Barking and Dagenham 023","E02006799",8774,5262,4864,3803,1129,2674,163,44,119,898,369,529,398,295,232,184,136,48,9,4,5,39,21,18,63,3217,861,680,814,463,399
2021,"Redbridge 034","E02006800",11272,6650,6134,4612,1353,3259,273,83,190,1249,488,761,516,369,285,250,178,72,0,0,0,35,15,20,84,4253,1236,906,1164,371,576
2021,"Lambeth 036","E02006801",7751,4300,4011,3383,498,2885,88,19,69,540,265,275,289,420,250,202,157,45,3,1,2,45,37,8,170,3031,737,1580,203,229,282
2021,"Southwark 034","E02006802",8064,4785,4472,3806,654,3152,95,24,71,571,248,323,313,506,302,253,205,48,1,1,0,48,33,15,204,2773,504,1261,268,382,358
2021,"Sutton 025","E02006836",7014,4140,3986,3108,680,2428,222,58,164,656,302,354,154,94,75,63,47,16,2,1,1,10,7,3,19,2780,1736,346,337,200,161
2021,"Tower Hamlets 032","E02006853",9109,6406,6002,5283,767,4516,111,36,75,608,287,321,404,303,189,170,113,57,3,2,1,16,11,5,114,2400,348,734,664,290,364
2021,"Tower Hamlets 033","E02006854",6213,4577,4355,3791,402,3389,96,15,81,468,177,291,222,184,134,104,61,43,3,2,1,27,19,8,50,1452,237,502,350,140,223
2021,"Harrow 033","E02006882",11918,7218,6850,5008,1296,3712,334,74,260,1508,499,1009,368,292,244,195,131,64,3,3,0,46,23,23,48,4408,2320,696,713,265,414
2021,"Hackney 028","E02006918",6338,4139,3761,3041,906,2135,112,48,64,608,297,311,378,148,114,95,81,14,2,2,0,17,15,2,34,2051,399,549,425,330,348
2021,"Hackney 029","E02006921",5551,3272,3020,2467,1195,1272,111,50,61,442,242,200,252,115,92,80,61,19,1,1,0,11,8,3,23,2164,478,684,376,335,291
2021,"Redbridge 035","E02006924",10928,6341,5935,4424,1231,3193,331,108,223,1180,510,670,406,365,289,239,181,58,12,2,10,38,19,19,76,4222,1580,853,984,330,475
2021,"Redbridge 036","E02006925",11729,6835,6429,4802,1325,3477,387,90,297,1240,528,712,406,352,264,215,165,50,9,5,4,40,24,16,88,4542,1905,1157,793,284,403
2021,"Greenwich 034","E02006927",9907,6532,6152,4960,868,4092,201,34,167,991,446,545,380,194,140,116,79,37,0,0,0,24,19,5,54,3181,1455,540,524,367,295
2021,"Greenwich 035","E02006928",10281,6980,6603,5744,725,5019,125,23,102,734,318,416,377,608,370,312,247,65,5,3,2,53,42,11,238,2693,454,1232,424,315,268
2021,"Greenwich 037","E02006930",8120,6044,5719,4762,650,4112,110,27,83,847,366,481,325,287,234,204,144,60,3,3,0,27,20,7,53,1789,647,395,288,207,252
2021,"Greenwich 038","E02006931",7856,5320,5055,4149,681,3468,126,19,107,780,354,426,265,253,171,141,110,31,4,2,2,26,21,5,82,2283,969,544,304,235,231
2021,"Southwark 035","E02006941",5020,4050,3900,3355,208,3147,89,14,75,456,181,275,150,125,77,58,40,18,4,1,3,15,12,3,48,845,279,336,79,44,107
2021,"Southwark 036","E02006942",5862,4376,4161,3553,438,3115,82,13,69,526,201,325,215,182,136,118,67,51,3,2,1,15,15,0,46,1304,319,400,212,185,188
2021,"Barnet 042","E02006953",7511,4899,4527,3623,642,2981,141,44,97,763,340,423,372,379,240,208,136,72,6,4,2,26,19,7,139,2233,304,712,501,241,475
2021,"Barnet 043","E02006954",8054,5218,4899,3730,862,2868,169,39,130,1000,409,591,319,311,239,192,111,81,4,1,3,43,29,14,72,2525,696,622,589,245,373
2021,"Brent 035","E02006955",6412,3814,3560,3035,469,2566,88,31,57,437,179,258,254,565,283,241,187,54,3,0,3,39,27,12,282,2033,219,1124,340,133,217
2021,"Brent 036","E02006956",7383,4024,3732,2983,710,2273,112,26,86,637,218,419,292,533,307,274,223,51,2,1,1,31,25,6,226,2826,888,1020,470,154,294
2021,"Ealing 041","E02006968",6878,4340,4076,3189,514,2675,180,39,141,707,376,331,264,154,120,97,48,49,5,2,3,18,16,2,34,2384,1071,403,511,168,231
2021,"Ealing 042","E02006969",5480,3812,3600,2931,377,2554,100,26,74,569,256,313,212,139,103,88,59,29,0,0,0,15,15,0,36,1529,578,307,306,131,207
2021,"Ealing 043","E02006970",5660,3262,2919,2509,715,1794,100,47,53,310,138,172,343,157,104,97,78,19,3,3,0,4,3,1,53,2241,428,494,704,172,443
2021,"Ealing 044","E02006971",6501,3541,3181,2675,814,1861,138,46,92,368,161,207,360,190,129,120,97,23,2,0,2,7,7,0,61,2770,762,526,713,251,518
2021,"Hounslow 030","E02006972",4288,2788,2573,2075,410,1665,78,20,58,420,196,224,215,84,62,55,41,14,1,1,0,6,6,0,22,1416,420,252,363,186,195
2021,"Hounslow 031","E02006973",6813,4499,4148,3343,738,2605,114,38,76,691,325,366,351,162,124,111,85,26,1,0,1,12,5,7,38,2152,789,365,413,321,264
2021,"Croydon 046","E02006987",6327,4898,4581,3933,584,3349,69,15,54,579,255,324,317,172,139,118,78,40,3,0,3,18,11,7,33,1257,319,226,276,117,319
2021,"Croydon 047","E02006988",5714,3898,3636,2981,626,2355,68,19,49,587,281,306,262,104,81,77,50,27,1,1,0,3,3,0,23,1712,608,256,305,266,277
2021,"Greenwich 039","E02006991",5634,4571,4325,3690,371,3319,83,18,65,552,204,348,246,148,102,84,52,32,1,0,1,17,10,7,46,915,271,214,178,98,154
2021,"Greenwich 040","E02006992",6793,5003,4748,4090,533,3557,80,19,61,578,236,342,255,194,132,107,83,24,7,2,5,18,13,5,62,1596,472,339,362,248,175
2021,"Greenwich 041","E02006993",6850,5067,4814,4180,570,3610,84,19,65,550,239,311,253,306,204,168,112,56,3,2,1,33,24,9,102,1477,248,527,348,170,184
2021,"Greenwich 042","E02006994",6056,4022,3701,3069,719,2350,87,27,60,545,229,316,321,274,203,173,117,56,4,2,2,26,20,6,71,1760,420,360,438,228,314
2021,"Newham 038","E02006995",7287,5464,5217,4663,441,4222,75,21,54,479,183,296,247,337,221,199,132,67,5,2,3,17,10,7,116,1486,99,838,268,122,159
2021,"Newham 039","E02006996",7190,4749,4454,3773,598,3175,100,18,82,581,223,358,295,410,259,225,154,71,2,2,0,32,24,8,151,2031,342,969,338,159,223
2021,"Newham 040","E02006997",6006,4562,4257,3686,517,3169,78,21,57,493,178,315,305,245,177,157,108,49,0,0,0,20,14,6,68,1199,179,398,259,141,222
2021,"Newham 041","E02006998",5479,3668,3317,2622,700,1922,112,22,90,583,231,352,351,248,168,134,96,38,0,0,0,34,17,17,80,1563,325,388,403,186,261
2021,"Newham 042","E02006999",9345,7465,7082,6090,753,5337,189,47,142,803,312,491,383,324,232,200,110,90,6,1,5,26,15,11,92,1556,221,459,467,149,260
2021,"Lewisham 040","E02007008",4928,3693,3446,3039,427,2612,34,10,24,373,153,220,247,216,123,110,86,24,3,0,3,10,9,1,93,1019,137,456,198,93,135
2021,"Lewisham 041","E02007009",7570,5002,4566,3804,906,2898,82,27,55,680,330,350,436,254,192,156,96,60,6,5,1,30,24,6,62,2314,701,377,388,385,463
2021,"Redbridge 037","E02007017",6625,3945,3689,2955,833,2122,144,38,106,590,221,369,256,199,152,127,100,27,1,0,1,24,16,8,47,2481,970,592,487,177,255
2021,"Redbridge 038","E02007018",5373,3315,3094,2445,722,1723,113,32,81,536,209,327,221,172,136,117,85,32,1,1,0,18,9,9,36,1886,517,419,520,192,238
2021,"Redbridge 039","E02007019",5290,3082,2823,2203,656,1547,113,40,73,507,231,276,259,219,161,134,88,46,1,0,1,26,17,9,58,1989,386,398,675,214,316
2021,"Redbridge 040","E02007020",7394,4028,3737,2799,964,1835,191,62,129,747,340,407,291,231,176,158,124,34,1,0,1,17,11,6,55,3135,810,692,942,242,449
2021,"Wandsworth 038","E02007083",6741,5005,4739,3873,390,3483,183,33,150,683,262,421,266,195,150,118,73,45,5,5,0,27,14,13,45,1541,282,635,279,107,238
2021,"Wandsworth 039","E02007084",8290,5682,5230,4407,852,3555,105,30,75,718,296,422,452,261,176,145,99,46,6,3,3,25,15,10,85,2347,638,523,413,337,436
2021,"Hackney 030","E02007108",5311,4227,4023,3203,357,2846,100,18,82,720,262,458,204,82,66,55,42,13,2,1,1,9,9,0,16,1002,287,216,150,157,192
2021,"Hackney 031","E02007109",6485,4447,4151,3219,506,2713,139,33,106,793,332,461,296,112,89,72,49,23,1,1,0,16,11,5,23,1926,599,373,317,337,300
2021,"Hackney 032","E02007110",6361,4186,3930,3262,531,2731,143,20,123,525,227,298,256,258,171,125,89,36,2,1,1,44,39,5,87,1917,359,785,254,272,247
2021,"Hackney 033","E02007111",5462,3952,3729,3082,363,2719,95,18,77,552,198,354,223,258,151,118,84,34,2,1,1,31,22,9,107,1252,154,638,137,113,210
2021,"Tower Hamlets 034","E02007112",5235,4169,3898,3450,315,3135,60,14,46,388,135,253,271,145,100,79,52,27,2,1,1,19,16,3,45,921,104,389,227,53,148
2021,"Tower Hamlets 035","E02007113",6104,4477,4197,3714,487,3227,62,17,45,421,190,231,280,195,143,128,86,42,2,2,0,13,13,0,52,1432,178,424,448,154,228
2021,"Tower Hamlets 036","E02007114",6344,3895,3593,3076,445,2631,72,28,44,445,182,263,302,505,341,295,159,136,2,2,0,44,30,14,164,1944,285,873,375,170,241
2021,"Camden 029","E02007115",10384,4150,3694,2947,695,2252,117,27,90,630,334,296,456,772,471,335,264,71,7,6,1,129,111,18,301,5462,996,3025,473,531,437
