"date","geography","geography code","Occupation (current): Total: All usual residents aged 16 years and over in employment the week before the census","Occupation (current): 111 Chief Executives and Senior Officials","Occupation (current): 112 Production Managers and Directors","Occupation (current): 113 Functional Managers and Directors","Occupation (current): 114 Directors in Logistics, Warehousing and Transport","Occupation (current): 115 Managers and Directors in Retail and Wholesale","Occupation (current): 116 Senior Officers in Protective Services","Occupation (current): 117 Health and Social Services Managers and Directors","Occupation (current): 121 Managers and Proprietors in Agriculture Related Services","Occupation (current): 122 Managers and Proprietors in Hospitality and Leisure Services","Occupation (current): 123 Managers and Proprietors in Health and Care Services","Occupation (current): 124 Managers in Logistics, Warehousing and Transport","Occupation (current): 125 Managers and Proprietors in Other Services","Occupation (current): 211 Natural and Social Science Professionals","Occupation (current): 212 Engineering Professionals","Occupation (current): 213 Information Technology Professionals","Occupation (current): 214 Web and Multimedia Design Professionals","Occupation (current): 215 Conservation and Environment Professionals","Occupation (current): 216 Research and Development (R&D) and Other Research Professionals","Occupation (current): 221 Medical Practitioners","Occupation (current): 222 Therapy Professionals","Occupation (current): 223 Nursing and Midwifery Professionals","Occupation (current): 224 Veterinarians","Occupation (current): 225 Other Health Professionals","Occupation (current): 231 Teaching and other Educational Professionals","Occupation (current): 232 Other Educational Professionals","Occupation (current): 241 Legal Professionals","Occupation (current): 242 Finance Professionals","Occupation (current): 243 Business, Research and Administrative Professionals","Occupation (current): 244 Business and Financial Project Management Professionals","Occupation (current): 245 Architects, Chartered Architectural Technologists, Planning Officers, Surveyors and Construction Professionals","Occupation (current): 246 Welfare Professionals","Occupation (current): 247 Librarians and Related Professionals","Occupation (current): 248 Quality and Regulatory Professionals","Occupation (current): 249 Media Professionals","Occupation (current): 311 Science, Engineering and Production Technicians","Occupation (current): 312 CAD, Drawing and Architectural Technicians","Occupation (current): 313 Information Technology Technicians","Occupation (current): 321 Health Associate Professionals","Occupation (current): 322 Welfare and Housing Associate Professionals","Occupation (current): 323 Teaching and Childcare Associate Professionals","Occupation (current): 324 Veterinary nurses","Occupation (current): 331 Protective Service Occupations","Occupation (current): 341 Artistic, Literary and Media Occupations","Occupation (current): 342 Design Occupations","Occupation (current): 343 Sports and Fitness Occupations","Occupation (current): 351 Transport Associate Professionals","Occupation (current): 352 Legal Associate Professionals","Occupation (current): 353 Finance Associate Professionals","Occupation (current): 354 Business Associate Professionals","Occupation (current): 355 Sales, Marketing and Related Associate Professionals","Occupation (current): 356 Public Services Associate Professionals","Occupation (current): 357 HR, Training and Other Vocational Associate Guidance Professionals","Occupation (current): 358 Regulatory Associate Professionals","Occupation (current): 411 Administrative Occupations: Government and Related Organisations","Occupation (current): 412 Administrative Occupations: Finance","Occupation (current): 413 Administrative Occupations: Records","Occupation (current): 414 Administrative Occupations: Office Managers and Supervisors","Occupation (current): 415 Other Administrative Occupations","Occupation (current): 421 Secretarial and Related Occupations","Occupation (current): 511 Agricultural and Related Trades","Occupation (current): 521 Metal Forming, Welding and Related Trades","Occupation (current): 522 Metal Machining, Fitting and Instrument Making Trades","Occupation (current): 523 Vehicle Trades","Occupation (current): 524 Electrical and Electronic Trades","Occupation (current): 525 Skilled Metal, Electrical and Electronic Trades Supervisors","Occupation (current): 531 Construction and Building Trades","Occupation (current): 532 Building Finishing Trades","Occupation (current): 533 Construction and Building Trades Supervisors","Occupation (current): 541 Textiles and Garments Trades","Occupation (current): 542 Printing Trades","Occupation (current): 543 Food Preparation and Hospitality Trades","Occupation (current): 544 Other Skilled Trades","Occupation (current): 611 Teaching and Childcare Support Occupations","Occupation (current): 612 Animal Care and Control Services","Occupation (current): 613 Caring Personal Services","Occupation (current): 621 Leisure and Travel Services","Occupation (current): 622 Hairdressers and Related Services","Occupation (current): 623 Housekeeping and Related Services","Occupation (current): 624 Cleaning and Housekeeping Managers and Supervisors","Occupation (current): 625 Bed and Breakfast and Guest House Owners and Proprietors","Occupation (current): 631 Community and Civil Enforcement Occupations","Occupation (current): 711 Sales Assistants and Retail Cashiers","Occupation (current): 712 Sales Related Occupations","Occupation (current): 713 Shopkeepers and Sales Supervisors","Occupation (current): 721 Customer Service Occupations","Occupation (current): 722 Customer Service Supervisors","Occupation (current): 811 Process Operatives","Occupation (current): 812 Metal Working Machine Operatives","Occupation (current): 813 Plant and Machine Operatives","Occupation (current): 814 Assemblers and Routine Operatives","Occupation (current): 815 Construction Operatives","Occupation (current): 816 Production, Factory and Assembly Supervisors","Occupation (current): 821 Road Transport Drivers","Occupation (current): 822 Mobile Machine Drivers and Operatives","Occupation (current): 823 Other Drivers and Transport Operatives","Occupation (current): 911 Elementary Agricultural Occupations","Occupation (current): 912 Elementary Construction Occupations","Occupation (current): 913 Elementary Process Plant Occupations","Occupation (current): 921 Elementary Administration Occupations","Occupation (current): 922 Elementary Cleaning Occupations","Occupation (current): 923 Elementary Security Occupations","Occupation (current): 924 Elementary Sales Occupations","Occupation (current): 925 Elementary Storage Occupations","Occupation (current): 926 Other Elementary Services Occupations"
2021,"City of London 001","E02000001",5341,165,50,497,0,56,1,32,1,86,2,5,209,23,52,338,43,13,38,87,26,27,0,26,165,39,405,437,295,72,61,36,18,27,121,10,80,40,8,14,11,0,19,260,42,19,2,14,113,121,200,5,52,10,22,63,22,26,70,63,3,0,3,6,11,2,5,12,3,3,0,42,5,33,1,46,20,15,25,12,0,2,70,6,14,32,0,3,1,1,3,7,2,28,6,0,0,3,0,6,57,35,2,17,60
2021,"Barking and Dagenham 001","E02000002",3240,2,58,69,1,47,0,9,1,28,9,15,36,1,31,56,2,2,3,20,10,120,0,20,87,15,20,55,17,16,13,26,0,13,6,17,2,27,11,27,29,3,29,19,5,8,0,6,11,26,48,5,31,5,17,69,34,17,104,57,13,3,25,20,61,5,162,58,15,3,1,48,2,88,5,217,6,16,32,10,0,4,176,4,38,32,4,11,2,7,7,47,3,181,26,16,0,37,7,29,154,85,13,55,97
2021,"Barking and Dagenham 002","E02000003",5243,13,100,122,2,70,15,25,0,28,10,28,99,9,45,140,20,1,9,18,20,116,0,32,143,21,32,99,42,43,24,64,2,18,15,31,6,41,22,51,28,1,55,27,4,19,1,7,38,58,86,8,45,12,64,111,58,37,167,131,13,6,17,24,70,2,246,91,16,6,2,73,11,119,6,261,16,57,34,20,0,7,304,6,46,67,5,22,5,4,21,36,3,288,32,24,3,82,28,44,209,142,14,111,117
2021,"Barking and Dagenham 003","E02000004",3106,7,54,66,0,32,0,14,0,14,10,13,50,8,32,85,15,2,3,14,7,109,0,43,103,19,12,50,22,20,24,21,1,9,13,28,3,26,7,35,32,1,40,14,3,6,0,3,25,31,51,6,30,7,22,80,32,29,98,80,11,10,31,30,52,7,137,41,12,3,4,42,11,82,5,153,8,28,20,3,0,3,137,9,27,40,3,7,1,8,8,35,4,177,22,19,2,27,14,26,116,40,12,56,62
2021,"Barking and Dagenham 004","E02000005",4873,6,80,101,0,76,2,17,0,37,13,26,74,12,40,129,6,1,6,14,11,135,0,32,118,22,17,80,37,23,22,34,1,37,7,35,5,34,38,53,36,0,46,22,11,17,0,3,26,58,70,2,46,8,44,104,63,40,129,91,11,12,37,31,62,5,204,69,31,4,6,81,7,119,3,315,21,37,37,24,0,6,304,18,35,74,6,15,6,12,18,55,4,273,46,19,0,46,28,20,209,117,13,103,133
2021,"Barking and Dagenham 006","E02000007",4273,7,61,46,0,53,1,20,0,31,13,25,44,7,24,88,11,4,1,13,9,164,0,37,108,26,20,61,31,18,16,27,1,7,10,18,7,25,11,40,40,2,54,18,3,14,0,7,19,41,48,8,45,8,30,79,61,23,107,83,9,14,28,11,54,4,171,49,20,4,4,75,11,116,2,332,21,37,42,16,0,8,253,5,38,66,7,16,4,11,22,42,3,233,38,13,5,58,27,30,217,121,19,122,120
2021,"Barking and Dagenham 007","E02000008",5697,9,88,82,6,101,4,14,1,34,13,32,86,14,51,74,9,4,3,12,13,171,0,27,128,27,17,64,34,15,27,43,3,13,9,35,3,37,17,50,70,3,39,18,3,19,0,8,24,55,81,8,47,18,46,93,75,32,118,107,24,15,40,57,87,2,294,88,23,4,4,91,16,136,10,387,22,43,51,28,0,8,340,21,40,105,5,25,6,6,41,71,8,332,44,36,3,74,34,49,321,161,18,158,135
2021,"Barking and Dagenham 008","E02000009",5430,9,83,98,3,63,15,16,1,34,11,25,60,8,48,103,10,2,10,19,14,145,0,30,139,25,12,72,32,29,18,46,2,24,17,39,9,52,19,54,34,0,55,34,4,16,0,12,31,49,62,8,48,7,50,124,53,37,134,111,11,6,28,37,79,5,230,89,25,2,5,111,6,119,6,340,23,51,44,20,0,12,312,13,58,80,2,20,4,12,16,62,3,337,32,42,1,71,42,47,289,151,18,139,165
2021,"Barking and Dagenham 009","E02000010",4232,5,72,47,2,59,2,13,3,15,7,23,55,10,46,57,4,1,2,11,7,169,1,24,110,18,11,34,27,26,24,26,0,7,4,27,3,23,8,43,39,3,30,21,5,12,1,6,20,39,52,2,29,10,34,92,42,32,95,106,8,11,32,30,70,6,214,103,16,9,4,71,7,107,4,306,12,29,52,20,0,4,213,6,37,62,3,18,4,10,19,59,3,225,22,21,0,51,18,31,233,121,13,118,134
2021,"Barking and Dagenham 010","E02000011",3105,5,59,52,1,40,0,14,1,21,4,27,33,8,17,44,5,3,1,8,9,122,0,24,72,8,15,34,20,14,12,26,1,9,5,14,4,23,10,32,23,0,30,17,5,6,0,7,16,27,46,4,23,12,24,57,42,22,70,74,9,10,16,21,43,1,163,60,16,7,3,54,4,60,1,200,16,21,29,14,0,0,129,3,38,45,3,15,6,7,24,46,2,204,32,15,3,34,18,24,152,90,6,77,82
2021,"Barking and Dagenham 011","E02000012",5025,17,59,139,3,105,4,28,0,60,14,31,104,9,37,138,11,1,6,35,10,81,0,52,211,42,36,142,79,33,17,32,4,26,10,29,3,58,14,49,46,1,43,25,8,17,0,17,28,63,89,13,47,7,83,130,55,44,141,131,12,3,16,17,52,6,170,48,20,6,3,89,2,159,3,201,19,29,27,17,2,4,271,14,36,83,5,13,3,2,24,33,1,372,21,22,1,38,26,32,138,108,10,66,84
2021,"Barking and Dagenham 012","E02000013",4004,5,61,59,0,45,2,10,2,31,5,21,61,10,40,67,2,4,0,12,12,149,0,18,106,9,13,42,28,15,10,24,3,7,7,21,3,28,14,32,34,3,41,13,4,9,0,7,16,29,64,7,29,10,37,73,40,34,81,91,11,12,21,26,60,5,203,66,25,7,4,67,8,106,7,288,15,31,41,28,1,5,220,14,38,62,4,21,5,12,12,62,5,223,29,19,3,58,29,26,228,104,10,94,89
2021,"Barking and Dagenham 013","E02000014",4382,2,68,58,1,54,3,15,0,32,4,31,53,3,22,46,4,2,4,11,13,169,0,14,90,25,19,40,26,15,13,20,0,9,9,24,2,27,16,45,36,2,37,12,5,9,0,2,15,33,53,7,40,6,35,85,36,28,94,102,16,16,36,22,58,3,232,102,26,6,1,71,8,121,9,308,7,30,43,32,0,5,248,10,38,54,2,21,0,8,17,63,8,258,46,24,2,58,41,32,263,113,12,137,149
2021,"Barking and Dagenham 014","E02000015",3523,5,50,47,0,40,0,17,0,23,11,25,35,10,23,54,9,4,3,15,10,141,0,8,77,23,21,36,22,17,15,23,1,13,11,30,1,24,18,31,32,0,25,20,1,8,0,3,12,27,59,5,32,11,27,56,38,19,97,49,11,10,25,18,32,1,148,42,16,5,5,47,2,74,3,305,13,32,40,19,0,10,186,9,30,61,4,14,2,8,18,60,2,238,28,13,1,34,19,32,183,104,12,93,100
2021,"Barking and Dagenham 015","E02000016",4549,11,56,92,0,65,3,11,0,33,7,18,47,9,44,320,8,1,11,17,12,101,0,21,106,9,23,75,59,13,16,40,0,29,15,13,11,36,13,41,35,0,46,39,9,17,0,6,26,44,65,5,57,10,44,74,35,36,107,61,16,7,17,11,54,2,110,40,10,6,0,96,5,95,0,274,25,39,50,19,0,14,247,19,33,76,8,23,16,10,16,37,1,210,23,20,2,78,29,18,239,129,12,130,181
2021,"Barking and Dagenham 016","E02000017",4146,8,46,73,0,73,17,16,0,30,7,15,60,3,36,117,9,0,1,19,8,60,0,23,117,19,33,80,37,17,12,16,1,13,13,32,5,29,12,32,23,0,48,40,5,9,0,9,15,32,73,3,29,8,42,92,35,19,95,62,4,5,21,19,50,0,220,88,24,6,5,105,5,78,2,178,25,17,25,14,0,8,243,11,30,57,3,35,3,5,17,60,1,251,20,14,2,98,30,25,261,126,13,84,130
2021,"Barking and Dagenham 017","E02000018",3993,3,70,49,3,65,1,13,1,33,13,21,47,5,19,65,4,3,1,9,8,137,2,13,91,21,20,38,26,14,17,26,1,13,10,23,2,21,12,43,34,2,32,22,3,7,1,6,20,29,55,5,34,10,40,75,40,28,93,75,10,13,31,22,62,4,232,78,20,6,3,64,5,101,6,283,13,43,36,19,0,10,212,12,41,49,4,11,3,8,13,52,8,238,34,12,2,47,25,28,228,100,20,100,111
2021,"Barking and Dagenham 018","E02000019",4148,3,53,90,0,79,1,22,0,36,9,26,62,10,26,77,4,6,5,9,10,212,1,21,92,20,14,47,22,28,18,29,2,11,9,21,4,31,12,34,34,0,31,23,3,9,1,2,16,33,63,7,36,7,33,75,43,31,105,92,11,7,27,24,56,4,195,51,21,13,1,65,8,107,3,270,16,35,33,17,0,4,196,13,39,74,1,18,6,7,16,46,3,272,34,21,0,35,32,22,216,111,9,102,107
2021,"Barking and Dagenham 019","E02000020",6255,20,99,111,3,82,4,19,0,48,12,37,102,8,66,155,15,3,16,24,10,190,0,34,173,42,41,113,74,45,27,47,4,35,29,35,6,53,20,61,45,0,59,35,8,18,1,6,29,53,102,10,79,17,56,121,55,42,151,149,17,14,28,26,78,2,268,71,27,14,4,142,14,114,2,313,31,45,36,36,0,8,356,11,63,96,5,22,1,7,23,75,8,355,44,32,0,91,45,38,334,170,13,133,144
2021,"Barking and Dagenham 020","E02000021",3703,4,61,40,1,36,4,15,0,31,9,20,45,3,28,52,7,2,1,7,7,143,0,28,69,7,19,40,19,11,12,41,2,10,2,20,5,22,14,30,42,1,39,7,4,6,1,3,8,38,41,4,23,8,24,89,37,25,108,80,4,4,18,26,40,1,183,55,17,6,3,59,6,75,3,314,8,38,44,21,0,7,190,11,38,55,5,13,7,7,20,42,1,228,30,13,1,52,31,22,218,106,17,92,117
2021,"Barking and Dagenham 021","E02000022",3350,7,32,75,2,51,2,9,0,25,5,11,43,10,23,91,9,2,10,19,11,87,0,34,89,14,16,57,31,26,14,25,0,15,18,22,7,35,11,35,20,0,43,32,4,5,0,3,20,44,86,7,45,7,24,49,29,19,75,68,6,3,18,18,40,0,93,24,10,3,1,69,2,80,1,254,11,27,27,18,0,11,151,11,37,60,2,6,2,5,10,31,0,202,26,13,4,20,21,9,159,133,9,75,95
2021,"Barking and Dagenham 022","E02000023",3218,5,37,44,2,52,1,15,0,19,6,23,35,5,16,51,5,1,4,8,8,144,0,26,92,12,16,31,20,17,12,39,0,21,10,14,1,27,10,36,26,0,27,11,6,8,0,10,5,33,38,9,37,13,33,59,44,25,91,63,3,6,13,14,33,2,77,44,12,1,0,58,5,80,2,282,10,26,22,19,0,4,162,9,20,55,2,16,0,8,13,31,1,194,23,10,1,25,24,20,187,123,10,80,88
2021,"Barking and Dagenham 023","E02006799",5105,12,76,80,5,75,1,26,6,24,13,28,76,13,29,106,13,2,5,16,15,152,0,39,127,30,18,56,27,27,16,40,3,17,12,27,8,56,22,59,52,2,32,13,4,11,1,0,20,47,68,12,44,9,51,119,56,47,152,98,14,6,31,38,87,5,245,62,29,8,8,82,13,141,5,304,16,41,31,13,0,8,253,8,28,86,3,30,3,9,15,69,4,322,38,22,1,75,25,40,272,131,22,121,146
2021,"Barnet 001","E02000024",5325,45,117,388,1,80,1,21,4,73,8,30,193,28,64,206,37,7,42,114,80,151,5,48,342,75,123,126,126,53,61,21,11,25,79,27,15,39,18,38,47,6,57,210,31,55,1,11,65,43,180,9,52,10,39,86,38,49,98,125,33,1,17,6,40,2,83,18,9,6,0,43,15,93,7,151,24,23,23,5,0,5,136,5,39,31,2,5,2,6,6,28,0,91,9,7,1,10,1,9,49,23,5,22,100
2021,"Barnet 002","E02000025",4195,34,90,244,7,83,4,22,2,53,9,30,142,27,37,130,28,6,18,56,45,71,1,32,248,48,75,100,72,34,49,37,7,22,33,26,11,43,17,43,39,0,40,96,17,38,0,10,26,41,123,7,52,7,17,76,41,41,117,116,48,1,12,16,53,2,102,33,11,4,1,43,7,114,10,101,15,39,17,6,0,3,127,9,38,37,2,6,0,2,6,28,3,106,4,15,0,15,10,23,67,27,6,17,69
2021,"Barnet 003","E02000026",2974,26,61,180,1,67,0,10,2,38,16,16,125,14,31,105,16,2,7,56,26,39,4,37,170,26,54,108,48,30,18,13,2,12,23,18,8,21,20,15,25,0,25,66,10,22,2,7,35,30,110,4,33,7,28,85,22,34,86,76,14,2,8,13,43,2,66,16,2,6,0,34,4,71,2,84,11,35,11,1,0,0,89,2,29,27,1,5,1,1,8,13,0,65,6,6,0,6,1,11,39,15,2,11,39
2021,"Barnet 004","E02000027",4425,22,81,209,1,74,1,20,1,43,16,21,106,12,46,177,13,5,12,65,29,123,1,43,196,43,54,98,73,53,35,18,3,23,32,27,15,34,19,39,39,2,35,86,6,25,2,8,31,33,128,6,55,6,37,92,38,43,119,112,45,4,26,18,60,5,108,36,12,8,0,42,8,119,11,187,16,45,28,6,0,9,162,5,36,43,1,13,0,5,4,18,0,179,9,14,2,19,10,26,109,43,6,37,105
2021,"Barnet 005","E02000028",3259,15,81,194,5,71,1,22,2,40,10,14,102,13,32,126,17,4,3,46,36,50,0,34,154,32,67,134,76,30,46,23,4,23,32,23,9,34,10,29,15,3,20,75,11,27,2,7,30,41,121,1,38,6,21,49,30,31,89,76,14,2,15,7,32,3,83,24,5,7,1,32,9,77,3,88,16,32,21,3,0,4,113,6,26,20,0,6,1,0,1,19,1,75,3,4,1,4,4,11,59,19,5,17,49
2021,"Barnet 006","E02000029",4624,26,112,208,2,74,3,21,3,40,7,17,109,17,57,149,16,3,23,43,44,70,5,42,258,49,45,102,65,40,38,28,5,19,46,19,14,47,24,36,53,1,25,96,14,26,2,12,25,47,122,11,57,8,49,85,29,40,117,168,33,1,33,19,64,1,131,84,10,6,1,49,11,150,9,146,22,45,21,6,0,9,174,12,42,55,1,11,1,2,9,19,2,151,6,15,0,28,9,31,112,44,9,35,92
2021,"Barnet 007","E02000030",4358,89,142,349,1,129,5,22,4,58,20,15,267,14,31,131,14,7,6,107,31,66,3,77,159,29,142,140,84,54,44,26,3,17,41,27,5,24,20,26,32,0,18,104,24,29,2,7,58,41,128,2,50,10,18,75,18,49,114,122,35,1,4,13,39,3,81,15,8,4,2,40,9,84,13,105,17,27,26,3,2,0,102,8,32,32,1,5,1,2,5,15,0,86,9,4,2,19,3,13,54,26,6,20,52
2021,"Barnet 008","E02000031",4085,48,104,388,0,89,1,21,2,55,16,13,195,20,49,165,24,8,22,93,52,60,1,73,186,42,108,157,117,55,45,16,0,23,44,22,11,22,19,15,28,1,33,102,13,22,1,8,55,48,145,3,45,8,17,87,33,28,97,95,15,2,6,9,31,1,67,15,8,7,0,40,13,71,4,75,6,26,14,3,1,3,94,6,19,25,0,4,1,1,8,12,3,71,2,5,0,17,5,10,53,21,0,13,48
2021,"Barnet 009","E02000032",3789,30,106,219,2,93,0,17,1,55,10,13,160,13,28,131,24,3,13,87,46,42,1,53,190,53,63,135,79,42,33,16,2,15,32,28,10,37,22,23,33,0,35,60,10,22,2,7,37,42,96,11,35,4,30,121,26,45,109,99,16,2,11,22,59,3,87,16,8,7,4,31,8,95,9,66,11,42,17,5,0,0,121,9,36,30,0,2,3,5,6,19,1,97,5,9,2,11,5,9,42,30,3,16,58
2021,"Barnet 010","E02000033",4298,29,95,174,0,84,4,25,2,66,10,20,136,10,46,101,23,4,11,49,40,58,1,39,193,43,68,71,60,40,30,31,3,21,36,34,16,33,7,42,46,3,37,75,16,33,1,17,39,41,131,12,42,11,45,95,36,41,93,116,32,4,15,20,64,12,138,56,12,7,1,60,4,137,5,116,21,53,24,7,1,6,208,8,25,32,3,3,1,4,12,31,3,148,8,12,3,27,11,16,110,42,5,26,80
2021,"Barnet 011","E02000034",4438,43,84,235,2,91,1,22,1,41,12,24,171,15,31,129,19,5,16,65,32,63,4,55,234,53,74,114,92,40,54,20,6,15,46,33,14,45,31,31,38,2,34,117,21,37,1,6,38,26,134,7,48,4,38,101,22,39,114,95,25,3,17,20,48,3,121,35,8,6,4,67,17,107,4,118,15,41,22,5,0,0,194,9,27,34,3,2,0,3,8,32,1,127,11,6,3,24,4,11,115,38,7,21,87
2021,"Barnet 012","E02000035",4312,46,86,245,1,66,0,22,2,56,10,12,148,15,59,232,43,2,17,92,39,65,2,74,198,29,94,150,136,34,28,23,7,18,49,19,13,37,10,33,40,1,31,106,16,29,0,10,45,55,170,4,37,9,30,70,30,30,88,104,18,3,8,12,34,2,120,28,7,11,0,51,5,73,6,95,15,34,24,3,0,0,154,7,45,33,0,9,1,0,10,15,3,101,6,6,0,20,9,17,76,16,3,35,80
2021,"Barnet 013","E02000036",5255,25,104,275,1,87,2,19,3,47,10,22,159,21,43,145,16,0,6,83,49,82,0,77,249,42,80,145,93,38,42,38,8,25,35,27,9,45,15,39,51,0,33,66,14,31,3,7,48,42,152,6,62,10,52,115,39,50,139,143,21,5,10,35,55,3,173,64,18,3,2,71,11,139,10,175,13,58,28,13,0,0,212,9,56,40,1,9,4,2,18,47,0,212,10,9,0,50,11,26,173,75,7,28,80
2021,"Barnet 014","E02000037",4983,43,140,359,7,130,2,26,1,36,16,11,209,9,43,177,14,2,13,111,57,51,1,145,270,58,103,187,100,43,32,40,2,24,31,18,4,46,16,32,39,0,29,75,15,24,4,4,55,46,147,10,54,5,22,111,31,47,168,141,11,1,11,8,44,2,130,18,11,5,0,37,9,118,2,117,15,33,17,6,0,4,181,8,37,44,3,4,0,2,13,17,3,165,9,3,2,28,8,12,102,36,3,21,47
2021,"Barnet 015","E02000038",5246,40,115,326,2,104,3,30,2,64,15,19,189,20,50,180,29,3,14,65,42,83,0,63,292,48,65,107,95,37,44,21,4,19,80,28,12,41,27,41,37,2,35,143,20,50,1,7,36,42,172,7,59,9,38,115,31,36,156,123,21,3,11,10,49,2,143,58,7,8,4,74,12,138,10,157,19,51,24,10,0,7,225,8,50,38,4,7,1,0,15,28,2,163,9,10,0,25,2,20,120,32,5,25,101
2021,"Barnet 016","E02000039",3528,50,88,265,5,94,1,15,2,43,12,23,223,12,30,93,17,0,5,62,39,36,1,63,155,31,105,125,92,30,40,14,1,19,42,9,8,15,11,23,22,1,13,65,14,18,2,6,43,25,129,4,59,7,17,66,16,31,94,78,15,2,8,2,29,0,63,24,8,8,0,35,5,62,6,83,18,30,16,5,0,1,103,5,27,30,0,5,0,3,2,36,0,88,7,1,3,22,1,11,72,14,3,18,48
2021,"Barnet 017","E02000040",4341,75,95,282,0,107,6,15,5,64,13,14,203,18,44,160,14,5,26,92,45,51,4,74,192,32,100,129,125,63,31,22,5,24,43,21,4,31,16,31,30,0,21,95,28,47,3,9,51,54,195,5,51,5,19,75,29,39,86,90,24,4,9,13,38,5,79,18,4,3,0,45,4,86,6,104,13,35,19,7,0,4,151,8,35,35,1,7,2,3,7,20,4,121,8,3,1,13,2,7,72,33,1,20,54
2021,"Barnet 018","E02000041",4479,38,85,195,4,102,0,12,1,58,7,18,107,14,34,100,7,2,10,53,41,83,2,81,153,38,66,121,63,35,21,21,5,11,27,22,8,34,28,31,33,1,35,56,6,27,0,6,39,34,98,8,43,5,34,82,42,34,131,112,21,3,17,13,50,2,199,58,8,8,1,99,4,114,4,177,13,54,31,11,0,5,173,5,46,44,4,10,0,2,2,37,1,179,17,13,0,47,11,19,197,49,2,32,133
2021,"Barnet 019","E02000042",5576,29,91,300,1,106,2,16,2,89,17,37,172,25,55,237,64,4,35,76,47,71,0,69,285,49,80,146,130,59,38,27,7,23,84,34,16,51,31,52,39,3,28,187,25,41,1,11,36,49,168,13,44,8,30,101,44,64,131,112,30,3,12,10,53,3,131,76,8,14,1,100,9,90,7,136,22,42,24,11,0,1,205,9,43,47,5,6,1,3,8,41,3,172,6,10,2,42,4,38,150,42,5,24,135
2021,"Barnet 020","E02000043",3645,61,108,315,4,92,0,14,5,47,12,21,166,13,25,145,20,3,18,104,53,34,6,72,204,32,113,142,119,47,31,27,3,17,45,13,10,32,16,22,20,0,11,99,12,24,1,6,44,48,121,5,42,3,29,70,19,23,81,81,17,2,7,5,19,1,46,18,3,11,3,33,8,70,6,49,8,21,11,3,0,1,84,4,22,23,0,7,0,0,2,9,1,61,6,5,0,8,3,6,37,14,2,6,53
2021,"Barnet 021","E02000044",4193,10,65,141,0,87,0,15,1,44,14,14,104,21,41,87,7,4,9,43,22,93,1,36,129,20,70,70,65,29,24,16,1,21,24,35,10,24,18,47,40,0,33,58,10,20,2,7,21,41,89,3,40,1,19,97,42,27,95,92,20,4,18,12,54,1,172,52,22,8,3,71,5,124,4,233,16,36,41,7,0,3,210,9,38,47,4,12,2,1,15,31,4,213,19,12,0,61,17,25,159,65,6,26,112
2021,"Barnet 022","E02000045",4965,35,78,220,1,77,2,19,1,75,11,23,153,17,44,116,22,6,10,68,45,56,3,23,258,55,69,91,84,49,37,31,10,19,70,23,9,42,10,53,51,3,25,163,21,46,1,5,28,46,127,5,47,6,40,94,48,51,108,123,32,2,14,15,52,6,127,78,12,7,2,96,12,168,12,170,19,48,33,4,0,1,244,7,37,58,6,9,3,2,14,23,2,180,4,8,1,29,7,28,129,48,9,28,126
2021,"Barnet 023","E02000046",3817,41,70,217,3,69,1,26,0,49,4,10,105,17,48,200,27,5,16,80,45,48,4,39,183,32,90,113,114,25,32,20,2,16,63,23,10,26,15,25,20,2,22,127,11,28,0,6,27,42,135,2,47,4,24,70,24,34,78,66,13,3,20,7,43,0,97,34,7,6,4,67,7,91,3,87,15,34,12,6,0,1,108,6,38,36,4,7,11,0,6,15,0,61,2,3,0,23,5,16,90,26,4,23,94
2021,"Barnet 024","E02000047",5441,11,82,125,2,79,1,23,2,52,10,18,87,16,43,114,14,1,7,37,25,160,2,51,131,7,30,85,48,21,25,19,2,15,20,32,3,34,22,48,57,0,37,40,6,14,0,7,17,43,100,10,45,9,57,99,36,40,121,92,21,6,33,29,88,2,252,112,26,6,3,159,8,133,6,311,21,59,53,29,0,6,303,10,44,70,5,18,2,7,11,73,2,314,28,17,3,98,23,25,324,110,8,49,200
2021,"Barnet 025","E02000048",4834,85,113,342,0,121,3,28,4,57,20,14,200,19,34,159,21,3,20,122,68,57,3,60,228,30,142,169,106,38,42,38,4,16,75,18,12,16,21,51,35,1,16,91,16,39,0,7,45,40,217,7,47,4,32,93,26,40,140,120,17,0,11,16,32,1,113,28,10,5,1,52,6,123,8,120,17,50,23,13,0,0,142,14,38,29,1,7,2,0,4,30,4,124,2,4,1,19,0,10,68,29,3,20,62
2021,"Barnet 026","E02000049",4638,11,66,148,2,70,0,23,2,44,6,25,71,25,45,127,18,3,13,54,22,114,1,31,131,27,42,90,76,39,28,25,1,19,24,22,9,28,24,34,43,0,33,54,14,18,0,5,14,36,118,5,52,6,25,90,53,27,111,85,17,1,16,15,63,3,134,46,12,10,2,125,3,149,0,273,16,47,61,35,0,1,221,12,34,63,3,16,3,8,4,26,4,290,18,11,0,51,16,27,213,76,4,45,135
2021,"Barnet 027","E02000050",4915,51,72,264,1,82,1,28,1,64,16,17,141,18,49,171,28,5,31,87,63,69,1,32,316,41,90,109,105,52,36,31,10,20,83,34,9,38,16,51,30,11,23,162,12,34,0,4,48,52,157,8,54,8,38,69,33,35,109,105,18,2,15,15,48,3,113,36,6,7,1,77,13,123,5,159,23,40,22,11,0,0,223,14,40,34,1,6,1,4,5,22,2,130,9,5,1,19,7,17,116,38,8,29,122
2021,"Barnet 028","E02000051",4348,83,86,279,2,110,2,24,4,58,16,12,226,8,32,135,18,0,16,104,69,61,0,58,185,36,145,149,125,40,28,23,5,26,51,20,13,36,28,30,10,1,21,129,17,24,0,10,45,45,203,5,43,6,18,73,21,24,101,102,11,4,9,10,27,4,85,32,5,5,1,58,8,78,6,94,9,30,38,5,0,0,121,11,38,29,1,5,2,7,7,20,0,67,2,3,1,18,8,9,90,24,4,22,99
2021,"Barnet 029","E02000052",5129,50,76,355,4,74,2,30,2,58,11,9,170,25,46,177,64,8,30,118,96,90,4,41,309,54,143,100,134,77,42,31,12,24,130,27,17,42,20,45,36,1,41,254,32,42,3,12,34,56,178,3,66,2,31,82,32,46,81,105,26,2,11,8,42,3,88,15,8,13,5,58,10,100,10,136,27,37,20,7,0,2,135,7,30,42,1,7,1,9,6,9,1,98,3,11,0,14,1,13,59,38,9,12,111
2021,"Barnet 031","E02000054",3793,33,78,166,2,93,3,17,1,78,5,10,137,10,35,105,13,4,17,70,29,64,9,35,157,25,59,110,58,21,20,14,2,13,23,19,10,30,10,27,20,1,26,71,16,15,2,5,26,30,116,0,32,3,20,67,17,29,94,89,13,3,10,15,44,0,126,68,8,8,0,92,6,76,8,111,10,35,37,5,2,0,148,7,45,25,0,7,2,2,2,39,0,154,12,0,3,35,22,11,141,40,1,20,109
2021,"Barnet 032","E02000055",5776,64,92,219,1,114,5,20,0,99,16,13,192,15,36,144,21,2,18,91,51,91,0,63,224,35,108,152,97,32,32,29,1,23,47,27,13,47,29,40,47,1,24,112,17,18,1,6,37,32,172,8,49,6,29,106,40,25,121,144,18,1,26,7,50,4,218,54,21,12,3,133,10,163,3,185,15,62,96,10,0,0,247,9,58,54,6,17,1,1,4,68,4,184,17,11,0,48,24,11,228,72,0,72,251
2021,"Barnet 033","E02000056",4266,146,121,440,3,88,1,16,0,55,9,12,303,8,30,119,25,4,23,140,74,34,2,54,193,25,256,147,121,48,25,21,4,16,72,9,8,19,17,23,21,1,13,137,31,41,0,8,62,44,166,3,47,0,21,45,11,27,81,93,11,0,2,3,22,1,44,5,5,7,0,47,6,86,2,71,17,18,50,4,0,0,68,6,29,19,0,3,1,0,0,5,0,42,0,6,0,4,3,5,39,15,0,10,47
2021,"Barnet 034","E02000057",3529,16,67,158,0,94,1,8,0,58,7,2,170,23,26,62,13,1,7,63,54,60,3,38,220,33,74,128,56,14,29,26,2,20,23,7,8,17,22,19,18,2,8,53,15,15,2,2,34,21,103,3,21,3,12,64,28,35,131,82,17,4,7,6,26,0,117,35,7,8,3,77,3,112,1,73,10,27,30,8,0,0,150,7,28,33,0,18,1,0,5,16,2,102,7,6,0,24,8,7,90,29,3,23,118
2021,"Barnet 035","E02000058",4747,87,124,333,2,170,2,34,9,44,13,12,308,14,38,157,28,5,21,118,96,53,5,43,245,41,188,120,137,32,39,27,3,18,66,16,18,30,14,17,19,0,14,129,29,33,0,10,53,28,159,2,44,4,16,79,24,35,123,148,7,1,7,5,18,0,58,10,3,8,1,65,5,99,5,111,13,37,32,5,1,4,123,11,44,33,0,10,0,1,5,9,0,78,8,1,0,8,7,20,65,27,2,14,110
2021,"Barnet 036","E02000059",6053,39,133,216,2,122,1,16,1,70,6,36,125,17,64,199,22,5,11,71,13,89,3,57,169,32,63,132,115,42,31,37,3,30,30,25,21,62,16,42,41,2,32,81,22,28,0,10,38,55,173,6,45,7,24,126,51,46,131,109,17,12,30,15,60,1,288,78,24,8,7,132,9,125,1,174,22,43,59,14,0,6,336,11,57,78,4,22,4,7,12,53,5,292,16,23,1,110,55,44,296,77,17,52,161
2021,"Barnet 037","E02000060",4687,48,107,222,3,145,1,6,0,42,17,11,331,9,43,98,34,1,15,61,42,42,1,30,380,43,95,113,65,22,55,36,4,10,23,11,3,32,17,33,14,0,11,64,20,15,0,14,58,27,145,4,27,4,11,97,23,52,204,248,11,0,11,10,25,1,84,24,3,8,2,113,9,183,4,100,10,29,31,9,0,0,222,12,52,18,0,8,1,2,8,19,1,72,6,2,2,16,7,18,107,28,2,30,98
2021,"Barnet 038","E02000061",4204,117,79,284,2,95,0,17,4,84,11,10,239,13,42,188,36,4,38,80,66,46,3,48,211,29,146,121,148,44,28,19,5,18,47,15,16,28,16,22,19,0,19,128,12,27,2,9,49,45,147,6,41,5,13,52,25,19,80,86,7,3,5,2,28,2,49,11,7,8,1,70,3,93,3,104,9,29,45,3,0,2,102,2,34,36,2,6,0,4,4,11,1,61,2,0,0,16,7,6,75,28,1,5,114
2021,"Barnet 039","E02000062",3118,14,49,78,3,65,0,8,1,55,6,19,63,11,31,70,14,3,5,17,12,41,1,28,115,17,19,40,47,18,20,13,0,12,26,22,10,28,15,21,24,0,17,75,11,9,0,1,9,20,56,2,26,6,15,64,30,25,64,67,9,5,11,10,22,2,119,28,4,6,0,91,12,87,4,120,16,50,53,15,0,4,177,9,35,39,1,6,3,1,11,21,2,189,5,7,0,36,11,15,124,49,8,42,121
2021,"Barnet 040","E02000063",3432,23,69,120,3,76,0,16,0,63,9,12,121,9,34,98,19,1,10,48,26,47,0,29,102,26,54,64,68,31,16,11,1,19,29,20,9,25,8,13,24,0,12,91,10,14,1,7,21,28,103,7,20,3,23,64,27,21,94,78,9,1,6,13,36,0,115,30,4,6,0,85,12,75,7,130,16,54,50,9,0,1,168,8,31,37,1,6,1,2,5,28,0,140,11,5,2,21,7,12,131,43,4,27,106
2021,"Barnet 041","E02000064",3194,52,54,187,1,80,1,6,0,37,3,10,118,10,25,109,16,3,10,53,32,43,0,34,113,12,86,74,69,36,27,23,5,12,51,13,8,18,10,21,22,3,12,92,23,11,6,7,23,33,114,5,49,3,18,43,22,15,68,68,13,1,5,8,30,3,57,17,5,5,3,60,8,89,5,104,10,28,61,5,0,2,112,2,21,37,1,8,0,0,6,14,0,100,4,6,1,11,3,7,106,31,3,18,85
2021,"Barnet 042","E02006953",4763,34,90,212,1,101,2,26,2,84,8,15,111,30,61,313,36,6,29,78,32,79,1,43,123,25,64,146,128,56,28,15,2,34,51,31,19,41,14,21,27,0,47,86,20,27,3,42,44,53,192,2,54,13,19,85,47,39,103,100,9,4,9,7,38,3,123,30,13,4,0,92,5,79,3,137,17,39,30,14,0,2,187,8,48,55,1,7,0,6,1,26,3,135,8,9,0,40,12,18,130,39,10,26,141
2021,"Barnet 043","E02006954",5141,22,87,190,0,111,1,12,0,86,8,24,110,32,53,251,25,2,19,59,23,120,1,60,134,18,56,149,102,44,29,14,0,29,40,35,10,39,33,23,36,0,60,68,19,14,0,10,28,46,146,3,58,5,19,112,28,33,90,85,12,5,19,15,52,1,190,66,14,18,1,120,4,101,4,198,16,60,37,9,0,3,256,10,54,76,3,18,1,2,13,28,3,271,22,15,0,48,29,13,181,61,12,33,136
2021,"Bexley 001","E02000065",3575,10,45,59,1,27,0,14,0,33,18,15,40,6,27,81,9,1,3,20,10,179,0,33,82,16,19,56,41,24,20,42,0,13,11,25,4,31,8,30,31,0,36,31,6,4,0,7,18,27,46,6,26,10,37,69,31,31,79,56,8,7,20,12,46,0,82,47,5,0,2,73,4,93,1,359,13,35,36,16,0,7,211,7,25,45,3,32,2,1,14,37,4,185,14,17,0,26,25,21,136,121,12,72,95
2021,"Bexley 002","E02000066",4138,11,56,76,1,36,1,9,0,20,9,22,59,9,24,86,9,0,2,20,8,190,0,26,77,26,17,57,34,21,26,37,1,15,12,32,6,25,12,40,28,1,66,59,10,11,0,7,21,23,60,3,32,5,29,66,42,18,86,76,11,8,23,26,52,2,117,40,13,1,5,79,4,112,13,344,19,38,43,16,0,8,259,12,34,50,5,33,7,8,15,34,7,221,21,20,5,34,42,25,166,122,14,155,120
2021,"Bexley 003","E02000067",4964,6,73,125,5,57,2,27,4,59,20,34,97,9,54,128,19,4,7,12,23,142,2,28,108,31,16,80,51,40,22,30,1,28,20,45,4,44,18,49,41,0,82,34,14,13,0,9,29,51,99,9,60,18,64,101,75,27,112,119,15,11,37,24,80,7,167,52,13,4,3,61,7,123,6,252,20,51,25,22,0,7,260,7,67,70,3,59,4,9,16,62,19,226,32,33,1,50,53,37,127,75,23,171,92
2021,"Bexley 004","E02000068",3609,12,54,77,1,55,5,14,1,23,12,28,63,6,29,80,8,4,4,12,11,132,0,15,99,15,12,48,42,25,22,31,4,22,11,33,1,31,12,46,26,0,48,35,8,10,2,4,17,40,65,9,55,9,41,99,43,25,102,77,13,2,21,10,55,7,104,30,10,7,2,48,4,81,2,229,14,40,21,9,0,10,201,8,39,57,2,38,5,6,21,31,6,192,12,14,2,30,34,16,86,68,13,118,76
2021,"Bexley 005","E02000069",3468,7,58,104,0,48,5,14,0,30,7,23,65,7,29,117,19,6,2,14,13,89,0,32,99,22,24,70,42,32,27,29,0,18,12,25,4,26,13,39,25,0,55,30,5,19,1,10,34,37,79,7,30,6,36,68,46,38,105,105,7,8,22,29,63,2,96,41,11,7,2,46,3,99,7,177,14,28,27,4,0,4,167,5,26,53,1,13,5,8,9,36,5,132,17,23,2,21,27,22,81,42,11,74,84
2021,"Bexley 006","E02000070",3869,13,89,129,2,52,5,17,0,36,8,23,84,9,51,107,13,4,3,16,13,83,1,12,91,24,26,67,56,38,39,18,1,20,10,36,8,33,17,36,33,2,70,31,6,19,2,9,32,45,91,11,42,7,70,99,39,54,122,130,14,8,37,24,78,3,144,41,11,7,9,42,6,128,7,155,18,39,13,3,0,3,196,7,32,38,2,29,0,12,8,37,3,182,8,12,3,20,20,24,71,48,7,61,55
2021,"Bexley 007","E02000071",3603,6,81,106,1,49,3,12,0,31,4,24,76,3,45,88,6,1,6,9,16,68,0,17,95,23,15,46,45,39,33,26,2,17,10,23,5,44,10,33,28,1,65,19,9,11,1,9,28,34,83,5,34,10,50,101,52,41,135,134,12,10,42,23,94,7,143,42,11,1,4,44,3,105,6,139,17,26,13,10,0,1,181,3,35,53,2,28,0,4,6,29,4,151,13,28,2,22,17,23,79,49,15,63,75
2021,"Bexley 008","E02000072",5838,10,68,147,3,62,5,28,3,38,26,38,84,16,43,177,19,1,7,27,27,242,1,37,135,32,33,99,63,43,23,54,1,35,8,35,9,53,19,53,45,2,75,36,10,20,2,7,41,61,108,12,64,26,57,140,72,45,145,102,24,12,49,32,82,8,150,42,13,7,7,82,8,156,6,417,24,50,38,12,0,14,365,11,43,108,4,32,7,11,21,49,9,261,34,42,1,28,26,50,190,113,29,175,122
2021,"Bexley 009","E02000073",5343,27,116,265,2,83,7,24,2,33,9,31,110,12,75,216,13,4,7,19,17,88,0,42,173,36,31,119,60,57,50,27,4,26,24,35,11,54,11,41,47,2,118,31,8,19,0,17,56,70,126,13,69,17,68,190,68,51,175,229,14,11,65,31,120,3,184,44,15,6,4,32,13,158,12,150,15,53,23,5,0,8,263,16,49,57,2,15,4,14,16,30,3,171,8,18,2,27,16,35,75,66,18,67,70
2021,"Bexley 010","E02000074",4054,8,55,68,2,68,2,18,3,27,8,30,69,7,37,82,11,0,2,7,5,120,0,28,89,22,7,51,37,28,29,31,2,15,15,35,6,28,14,43,25,1,59,26,6,12,0,8,28,31,84,11,52,16,43,93,59,49,125,113,29,4,35,30,83,4,149,44,15,4,5,68,7,103,5,212,18,35,31,13,0,4,248,9,37,62,5,27,3,8,20,31,10,213,29,19,5,20,19,24,123,62,41,95,96
2021,"Bexley 011","E02000075",3765,25,104,164,0,44,5,20,1,30,8,14,74,8,47,156,10,5,7,8,10,68,0,32,116,29,17,79,47,51,37,12,2,18,18,24,7,34,17,45,23,3,77,40,6,16,1,7,45,37,91,7,34,11,65,120,50,48,128,175,17,3,36,29,96,7,140,24,10,3,8,44,8,107,8,107,12,31,16,3,0,8,156,7,23,33,1,11,2,14,4,40,6,122,9,20,0,16,9,19,44,34,10,40,51
2021,"Bexley 013","E02000077",3938,10,77,151,0,55,2,14,5,43,7,18,91,13,31,143,12,2,5,16,13,82,0,21,115,27,24,75,58,33,38,22,0,14,18,32,5,53,15,31,34,0,55,31,3,12,2,14,35,41,81,16,45,9,58,124,48,51,105,146,11,5,43,23,77,7,146,51,16,1,2,53,14,104,8,120,29,42,21,10,0,4,193,4,32,53,3,14,2,12,12,22,0,145,8,24,0,21,13,26,82,73,11,48,72
2021,"Bexley 014","E02000078",3947,12,89,168,3,63,3,18,6,22,13,30,85,4,45,119,19,4,8,6,12,83,1,30,117,35,24,75,52,38,41,19,2,20,21,28,5,42,11,33,21,0,91,29,3,19,0,10,52,57,91,8,53,13,58,110,56,53,143,147,17,5,39,31,98,7,158,25,13,4,5,33,7,98,5,113,11,33,12,5,0,5,165,11,33,42,1,15,0,12,14,29,5,132,16,34,2,11,13,28,69,46,14,51,60
2021,"Bexley 015","E02000079",4300,27,115,208,1,59,0,20,0,58,15,23,84,7,47,175,16,1,7,17,18,91,5,32,129,30,27,97,67,57,43,21,4,31,35,37,13,37,12,36,32,3,58,51,7,19,2,11,44,53,125,16,56,8,45,119,56,47,142,184,20,5,39,26,72,4,131,47,11,6,4,77,6,75,6,121,19,45,14,3,0,4,193,9,43,55,2,5,3,7,8,24,3,100,14,19,4,17,13,20,52,38,11,49,96
2021,"Bexley 016","E02000080",4949,18,99,211,1,85,5,22,1,54,12,27,103,16,50,181,14,3,8,25,15,93,0,27,142,26,24,113,75,38,44,16,4,28,25,43,11,50,21,53,31,5,81,43,11,23,4,11,64,64,103,13,48,15,73,158,74,51,172,196,12,15,47,34,114,7,181,47,22,7,3,78,11,128,10,137,21,58,34,9,0,0,206,10,38,42,3,16,3,14,9,39,3,153,10,16,1,29,15,30,79,71,8,60,96
2021,"Bexley 017","E02000081",3846,16,96,156,4,70,7,9,2,45,12,41,85,3,40,123,11,1,2,15,17,82,0,38,125,25,15,58,60,26,40,13,2,26,21,30,9,46,13,28,28,6,64,26,5,14,1,12,39,44,95,4,53,15,36,114,53,43,125,147,15,10,24,17,93,5,136,36,19,1,5,52,7,80,5,139,12,32,11,3,0,0,191,5,37,43,4,11,6,2,8,30,7,125,10,14,3,29,12,23,64,45,16,50,73
2021,"Bexley 018","E02000082",4852,15,129,171,3,69,3,21,1,39,11,23,84,12,63,139,17,1,11,29,20,75,2,28,154,51,32,84,65,44,39,22,2,26,13,29,16,49,19,41,45,1,73,46,8,18,2,19,56,47,124,13,56,19,65,146,77,43,166,232,21,5,46,42,119,4,207,47,18,4,3,53,5,140,8,127,15,44,26,11,0,7,215,11,39,49,4,12,5,4,9,44,5,204,11,27,1,28,11,42,69,80,6,35,81
2021,"Bexley 019","E02000083",5628,22,132,215,4,72,3,23,1,53,13,35,117,23,71,159,22,3,7,23,19,114,2,33,162,35,38,88,74,48,49,37,2,31,35,48,9,63,17,30,38,4,96,56,11,18,3,12,52,60,141,14,78,18,63,141,70,61,181,173,18,14,52,38,113,5,203,45,24,0,13,62,10,135,7,195,21,52,20,11,0,8,291,3,65,74,3,22,7,9,16,40,7,255,24,24,4,27,21,42,124,63,28,106,105
2021,"Bexley 020","E02000084",5500,29,163,279,0,84,3,25,1,50,18,31,134,10,80,217,21,10,11,51,22,87,0,39,193,38,48,122,81,79,57,31,1,36,34,33,6,54,14,53,30,3,96,50,15,34,2,11,66,63,148,9,79,17,68,161,59,60,201,241,16,7,51,22,108,3,228,50,9,10,7,54,13,122,7,125,15,67,16,4,0,6,201,13,53,56,1,10,4,5,4,40,2,163,5,21,3,19,8,41,64,50,15,37,87
2021,"Bexley 021","E02000085",4018,12,100,154,4,56,3,11,1,27,14,20,76,5,50,106,14,4,1,15,20,41,0,20,119,26,16,74,39,36,36,16,4,28,20,32,7,29,11,28,37,2,72,38,5,18,3,15,45,34,111,12,46,11,52,127,66,56,156,187,25,9,58,36,92,5,173,53,10,3,6,34,8,135,9,109,18,51,17,6,0,4,164,13,27,45,5,5,4,15,13,33,2,150,9,12,1,17,9,42,52,45,9,39,78
2021,"Bexley 022","E02000086",3610,15,105,187,1,55,3,23,1,34,8,20,99,3,39,91,7,1,3,16,13,55,3,13,120,21,34,60,42,48,36,14,2,14,19,20,12,34,13,29,22,0,66,37,11,17,0,17,51,61,73,8,47,7,58,109,64,51,149,170,14,9,41,29,96,7,126,36,13,1,8,33,8,113,2,73,14,31,15,3,0,0,122,6,25,44,0,4,1,6,8,33,3,114,7,12,0,18,9,32,44,32,4,32,51
2021,"Bexley 023","E02000087",3990,24,135,267,3,67,5,20,1,36,5,28,142,14,52,158,16,2,7,27,17,69,5,30,145,41,43,117,81,58,56,16,4,15,24,24,3,39,15,28,19,1,72,55,9,22,4,18,89,42,122,8,58,12,37,110,39,56,125,191,20,9,23,16,64,3,89,21,7,1,10,33,5,84,12,93,12,38,12,5,0,0,126,9,21,41,0,7,2,7,11,19,2,66,4,13,1,10,6,15,29,24,7,28,57
2021,"Bexley 024","E02000088",3898,24,100,195,1,51,5,14,4,30,6,21,105,7,46,128,21,3,13,19,16,62,0,35,114,49,27,78,59,54,47,12,1,26,27,31,7,34,12,34,30,4,73,41,8,30,1,15,64,42,118,7,59,9,60,119,61,57,129,196,19,7,29,19,94,8,141,42,10,8,3,28,5,102,9,78,16,34,13,1,0,3,124,13,21,38,2,10,3,10,7,23,2,107,4,15,3,7,9,35,32,38,5,34,46
2021,"Bexley 025","E02000089",3744,20,91,213,0,35,1,25,0,23,7,23,96,3,44,132,13,1,13,23,16,49,1,33,161,43,23,77,61,57,45,13,2,25,27,27,10,36,10,39,35,3,61,44,8,22,2,9,62,29,113,5,64,4,57,101,52,56,122,183,16,10,47,15,94,2,127,31,12,7,4,31,11,90,7,70,26,39,12,1,0,0,127,7,22,45,0,4,1,1,1,25,5,90,6,15,1,11,12,23,42,31,9,18,46
2021,"Bexley 026","E02000090",4723,22,105,280,5,55,5,21,4,51,7,20,112,9,54,161,12,8,7,21,22,95,3,27,186,59,38,106,87,74,65,13,2,28,36,37,10,46,20,33,42,3,75,94,9,36,2,21,92,76,143,15,64,11,58,113,71,48,151,215,21,4,28,19,88,0,126,33,13,4,8,62,6,99,7,154,20,37,9,6,0,4,150,3,45,46,3,8,2,6,9,24,2,91,6,15,0,19,12,26,57,34,5,27,100
2021,"Bexley 027","E02000091",4749,33,143,268,0,54,5,21,1,38,12,25,121,8,60,158,31,8,14,23,29,105,1,38,178,44,45,118,71,60,66,12,8,28,29,29,9,45,10,37,36,2,74,69,8,26,3,17,87,65,129,13,61,13,48,122,78,59,146,190,21,10,34,14,65,9,118,44,11,2,5,59,5,106,12,135,22,44,15,7,0,5,186,7,40,46,4,12,2,12,16,26,2,130,5,21,2,22,10,24,56,28,9,27,88
2021,"Bexley 028","E02000092",2922,3,55,98,1,40,4,21,3,34,5,18,57,11,27,60,10,1,6,9,16,73,2,18,105,23,15,43,27,30,15,17,1,15,15,18,1,25,13,23,25,1,33,32,6,10,0,9,36,35,51,7,27,9,38,68,43,32,84,92,14,5,40,26,49,0,100,35,8,2,3,42,7,73,11,136,15,39,21,14,0,7,160,4,18,28,4,6,2,2,8,29,8,130,14,13,1,16,6,22,73,27,11,41,56
2021,"Bexley 029","E02006785",3157,7,73,121,1,39,1,21,0,30,8,16,44,5,35,105,5,5,7,12,13,70,0,24,76,22,15,65,40,25,29,15,2,16,10,21,6,34,10,25,16,1,53,19,7,8,4,3,26,33,93,6,35,10,37,99,41,33,106,88,12,1,34,21,65,4,124,38,7,7,7,44,4,88,6,103,10,23,15,4,2,4,140,8,37,43,2,11,2,10,5,16,6,142,6,14,3,11,11,13,91,47,11,52,82
2021,"Brent 001","E02000093",5978,26,117,194,1,116,3,24,2,45,12,23,105,18,53,174,11,3,13,48,21,64,0,82,103,19,52,125,81,54,43,26,2,25,21,28,14,56,26,36,46,0,35,58,15,19,0,10,53,49,115,11,51,3,49,162,52,38,145,93,11,23,23,30,97,3,498,133,33,7,0,72,3,128,1,186,19,46,38,13,0,2,366,12,61,71,5,43,3,3,17,87,6,209,35,24,1,148,65,26,293,67,8,74,118
2021,"Brent 002","E02000094",5099,21,92,151,2,98,2,25,9,53,11,26,77,13,41,180,9,1,15,43,27,84,0,75,133,26,47,125,99,24,41,13,3,23,25,27,13,45,16,24,32,0,41,62,10,14,3,6,37,46,112,18,45,10,36,123,49,43,126,90,14,3,16,25,85,4,267,101,20,5,0,114,8,95,5,140,16,40,34,10,0,4,301,9,53,63,2,20,3,5,11,46,5,270,38,20,1,97,25,22,202,62,12,45,139
2021,"Brent 003","E02000095",5111,16,115,181,2,100,0,15,0,48,9,30,100,13,59,138,7,0,6,41,25,57,0,100,96,26,31,136,66,23,31,26,1,16,21,29,9,43,27,28,31,1,27,52,10,20,0,6,44,46,78,7,49,4,48,157,48,29,133,108,10,5,22,13,69,4,429,141,17,10,2,71,2,90,4,150,14,43,40,12,0,2,300,8,49,42,2,37,3,8,21,50,2,169,41,26,1,129,41,22,207,65,12,51,106
2021,"Brent 004","E02000096",3685,28,84,209,4,92,1,14,1,17,13,14,98,19,42,158,8,1,12,72,20,60,1,149,86,16,47,191,72,45,23,12,4,17,16,22,9,42,15,18,20,0,13,34,9,14,1,7,32,36,91,3,25,6,42,140,37,31,109,74,3,2,11,14,33,0,145,60,8,2,2,33,6,49,3,97,9,31,18,8,0,1,145,4,48,26,6,18,3,0,9,24,5,88,12,8,0,45,21,17,106,18,2,34,35
2021,"Brent 005","E02000097",4564,16,96,94,1,81,0,15,1,37,14,32,91,14,42,85,7,2,6,28,17,46,0,44,102,25,31,103,53,15,34,20,3,18,32,31,5,37,27,20,24,3,22,48,7,13,1,5,26,36,80,7,36,4,35,104,54,37,125,76,9,8,16,37,63,1,321,103,17,7,2,70,3,107,3,184,13,43,42,24,1,1,293,10,55,43,2,29,1,4,18,69,6,213,65,11,0,84,38,28,261,37,8,54,92
2021,"Brent 006","E02000098",3879,24,61,154,2,101,0,11,1,40,11,3,77,13,39,128,11,4,8,53,19,51,0,89,120,23,47,87,53,25,14,18,2,17,16,19,3,31,7,31,30,0,15,58,10,13,0,9,29,36,92,6,29,4,27,96,34,35,89,90,11,9,13,15,37,3,184,89,13,4,1,50,7,72,3,145,13,27,21,19,0,0,186,7,37,65,3,28,2,4,10,46,3,177,15,10,1,49,24,23,142,59,6,50,81
2021,"Brent 007","E02000099",4712,13,88,139,3,89,0,6,3,50,10,17,68,16,34,141,10,2,8,33,16,62,2,57,109,27,30,116,56,28,21,22,0,21,21,35,6,34,7,37,33,0,26,44,9,13,1,5,29,30,71,6,31,2,39,132,41,33,86,100,19,6,25,32,86,2,301,156,25,8,1,61,6,59,2,165,20,28,32,21,2,2,260,6,50,82,0,42,0,2,17,49,19,239,34,10,0,86,44,23,261,51,6,76,128
2021,"Brent 008","E02000100",4210,30,75,217,0,105,0,10,0,40,10,20,122,16,60,141,9,4,9,105,13,309,0,135,110,20,62,134,65,28,20,12,3,21,23,23,5,17,13,27,33,2,33,62,11,8,1,5,35,34,102,12,34,4,32,101,47,28,103,104,8,6,10,13,68,1,117,31,9,4,0,29,6,57,1,119,11,34,25,12,0,0,180,5,33,47,3,19,2,4,13,38,2,122,14,16,0,29,20,15,97,45,6,50,85
2021,"Brent 009","E02000101",4286,17,60,129,1,106,0,18,2,46,15,14,111,8,41,125,8,2,4,52,10,73,0,75,131,29,40,88,61,28,20,20,3,13,18,19,10,30,8,35,24,0,23,50,9,19,2,7,10,40,81,3,37,4,31,72,41,38,95,108,10,3,17,22,64,0,168,55,13,10,0,77,3,98,4,211,12,26,37,19,0,13,263,5,43,60,3,37,6,5,7,48,7,194,23,14,1,38,45,24,183,62,2,78,112
2021,"Brent 010","E02000102",3220,8,38,67,0,56,1,8,3,35,6,17,32,2,27,53,4,2,1,14,8,47,0,21,67,13,8,37,21,12,17,18,0,6,20,9,8,27,13,22,21,0,15,35,8,8,1,3,11,23,43,1,27,5,23,58,27,15,81,67,8,1,10,21,50,3,198,63,12,4,1,76,3,81,10,143,12,35,42,23,0,1,204,5,44,42,0,24,2,2,13,43,7,235,21,10,1,65,29,34,208,47,12,58,97
2021,"Brent 011","E02000103",4255,10,71,117,4,70,12,12,0,56,17,22,103,7,49,95,12,0,6,20,18,69,0,43,118,35,30,57,54,22,19,28,2,8,25,19,5,35,9,42,39,0,16,56,11,14,1,9,20,29,115,4,26,1,22,85,46,27,97,102,10,2,13,16,59,0,158,51,7,3,1,100,1,123,5,234,16,50,48,7,0,1,259,18,65,55,3,10,3,7,12,31,2,252,21,11,0,58,18,47,185,50,8,63,131
2021,"Brent 012","E02000104",3591,20,59,111,2,81,0,13,0,48,11,27,77,6,34,115,9,2,10,45,12,51,1,68,83,23,37,89,49,18,13,8,2,21,31,18,6,27,6,16,14,0,17,42,8,13,0,10,18,32,83,6,29,2,26,83,27,25,71,73,9,5,6,16,36,1,156,73,9,4,1,57,8,52,1,127,24,28,23,13,0,6,198,15,44,46,3,49,2,3,11,28,12,168,16,12,1,45,39,23,146,64,9,79,95
2021,"Brent 013","E02000105",4608,12,70,107,8,93,2,13,1,40,11,30,83,22,39,128,10,1,9,37,23,68,0,43,90,13,25,94,55,15,15,21,3,20,19,43,6,30,14,20,42,0,15,37,10,13,3,10,13,31,97,6,31,6,35,106,45,28,86,75,8,2,17,19,62,2,207,60,13,10,0,99,2,90,0,213,12,37,57,15,0,12,347,7,60,73,7,79,3,6,16,32,18,218,35,17,2,62,60,36,192,82,13,128,156
2021,"Brent 014","E02000106",4488,13,79,72,1,79,3,14,2,50,7,19,80,12,29,79,16,1,8,29,17,60,1,27,112,17,21,32,35,10,21,22,2,11,27,21,6,30,18,23,29,0,19,44,10,12,1,4,15,29,71,5,27,3,37,70,39,27,85,93,14,19,28,28,59,0,297,78,20,6,2,128,5,83,4,215,14,46,68,13,0,0,284,11,52,56,4,32,1,10,11,63,2,259,20,25,0,78,28,27,315,72,8,90,187
2021,"Brent 015","E02000107",5524,45,61,221,4,94,2,14,1,84,7,14,152,14,35,130,33,10,23,73,38,89,0,36,165,28,92,99,108,34,26,18,4,14,85,23,12,35,19,56,18,2,21,194,27,22,2,5,19,35,177,4,37,4,32,82,31,20,85,104,12,4,24,11,39,2,154,75,14,9,5,180,10,126,6,210,29,31,80,13,0,6,263,17,58,63,3,14,1,4,15,44,2,214,9,18,1,42,17,17,364,63,6,56,274
2021,"Brent 016","E02000108",3521,12,42,73,1,94,1,12,0,24,13,23,53,9,36,94,9,4,5,30,19,76,0,39,70,18,13,53,42,20,15,23,1,14,16,29,0,28,14,20,38,0,19,35,3,5,0,3,15,29,71,7,28,5,31,77,33,19,86,74,1,8,14,20,57,2,105,40,7,3,1,67,3,64,1,140,19,27,32,6,0,8,268,6,54,42,4,50,3,2,24,25,9,188,15,12,1,44,65,37,154,70,12,76,112
2021,"Brent 018","E02000110",3976,24,39,207,1,76,2,14,2,41,14,12,90,10,32,125,32,8,19,67,45,52,1,33,182,37,51,84,98,33,27,24,4,10,61,28,17,41,12,28,38,0,13,164,15,18,1,0,22,36,158,2,40,9,31,46,31,15,91,81,17,0,11,15,25,0,104,43,10,8,1,96,4,90,3,110,26,31,30,11,0,5,174,4,37,37,2,4,2,1,5,23,1,139,11,13,0,38,15,18,121,26,3,31,137
2021,"Brent 019","E02000111",5305,9,59,111,0,110,2,15,0,39,7,26,77,14,48,125,12,1,10,29,22,67,0,49,65,9,24,66,53,16,8,17,4,26,10,37,7,34,17,24,33,0,20,54,20,22,2,0,16,35,85,4,35,3,41,122,58,31,97,89,10,7,24,26,66,3,137,47,9,8,1,144,8,58,4,193,28,43,38,8,0,10,442,8,108,86,6,280,3,18,31,33,39,241,39,11,2,79,208,66,213,89,27,206,182
2021,"Brent 020","E02000112",6080,12,83,88,0,97,2,12,1,55,9,21,77,26,59,141,12,2,11,19,19,69,3,61,96,23,21,91,61,28,12,21,2,31,18,44,12,61,15,43,37,2,24,65,7,11,2,4,32,37,118,6,40,9,43,131,81,41,152,94,6,5,19,26,43,5,219,57,18,7,1,189,5,87,1,209,17,55,74,21,0,33,403,8,67,127,3,280,4,7,38,37,72,222,31,20,0,55,223,39,279,128,22,284,240
2021,"Brent 021","E02000113",3446,2,28,47,0,41,2,6,1,10,5,12,39,8,25,51,3,0,0,19,13,77,0,16,76,16,12,25,25,13,5,18,2,13,6,19,1,19,21,38,35,0,20,34,5,9,0,4,12,34,62,1,20,4,33,52,31,25,80,63,12,6,10,21,26,0,86,35,4,5,5,84,12,109,5,307,14,19,33,13,0,0,237,12,37,86,14,28,3,6,13,17,5,354,18,17,0,34,24,38,182,72,11,76,118
2021,"Brent 022","E02000114",4797,32,55,204,1,83,2,11,3,80,6,21,120,20,35,109,26,5,18,44,32,50,1,23,142,28,63,64,91,44,28,51,0,17,75,29,18,38,15,119,30,2,23,182,24,23,0,6,41,39,156,5,33,6,36,69,29,18,90,97,36,5,9,8,51,2,102,60,6,6,0,173,7,115,6,126,29,38,73,17,0,6,242,19,39,53,0,18,1,5,5,22,6,159,11,7,0,20,13,21,224,43,4,63,235
2021,"Brent 023","E02000115",4436,60,63,207,1,65,3,18,0,83,10,16,142,15,60,167,35,5,21,74,45,44,2,43,229,31,99,105,165,38,23,24,5,15,89,28,41,38,16,26,23,4,13,173,28,33,1,6,47,54,233,8,44,4,28,57,35,33,86,88,9,2,13,6,37,0,51,33,4,9,4,90,14,68,6,124,17,26,44,2,0,0,125,5,29,53,2,11,3,0,4,17,3,124,7,8,2,19,8,18,90,34,2,27,137
2021,"Brent 024","E02000116",3722,4,44,86,1,56,1,16,0,52,3,18,70,13,16,49,14,1,10,17,19,73,0,11,126,17,26,35,36,13,15,25,4,6,30,14,8,26,21,29,23,1,16,72,9,14,0,2,19,14,72,4,28,3,16,56,23,21,76,91,12,4,7,18,28,2,152,46,7,4,2,120,4,120,5,201,19,47,80,23,3,6,218,8,36,63,0,24,4,4,12,18,3,200,5,5,0,43,13,17,267,48,7,66,186
2021,"Brent 025","E02000117",5014,16,54,81,1,64,0,21,1,38,6,28,78,8,33,66,9,1,9,22,17,104,1,25,145,38,16,52,38,13,18,19,3,11,32,23,12,44,20,55,42,0,25,101,16,19,1,5,20,30,100,5,41,4,27,82,72,24,128,108,12,2,23,32,39,0,123,79,11,7,4,141,11,132,4,360,27,35,70,11,0,6,296,12,47,82,9,44,1,4,26,36,5,390,20,13,3,47,39,35,308,80,15,85,216
2021,"Brent 026","E02000118",5654,8,52,88,1,133,0,8,0,40,9,24,39,14,53,114,20,7,6,15,9,69,0,32,85,19,22,69,36,14,10,21,3,14,12,42,6,48,10,28,35,0,19,21,6,10,2,7,25,29,81,8,32,2,28,105,62,16,100,70,5,8,12,19,53,2,277,90,7,3,3,117,20,67,1,206,17,37,37,15,0,12,436,13,109,102,3,393,1,23,37,45,52,235,31,25,1,103,360,70,201,117,31,258,162
2021,"Brent 027","E02000119",4424,21,43,121,1,62,1,25,2,54,4,30,70,19,47,116,19,3,12,38,18,146,0,48,123,32,23,54,59,43,19,32,0,23,38,26,3,29,15,52,38,2,29,80,13,29,1,2,16,33,125,9,47,4,29,79,47,29,84,98,8,0,15,23,41,3,56,28,6,10,1,82,5,124,1,334,21,17,46,16,0,0,295,12,41,75,3,24,4,1,9,28,10,279,8,14,1,24,19,23,178,66,13,69,126
2021,"Brent 028","E02000120",5051,56,50,318,1,79,2,18,2,89,7,14,151,14,56,175,42,4,44,62,55,73,1,34,222,22,131,75,159,58,37,23,7,21,117,19,23,44,18,41,32,1,28,291,46,31,3,7,53,56,223,9,49,2,29,58,34,46,69,94,16,3,7,4,30,0,62,22,4,13,5,106,8,96,2,110,24,45,54,8,0,2,178,7,38,64,1,12,2,3,9,29,4,125,12,5,0,16,10,12,107,39,6,27,199
2021,"Brent 029","E02000121",5895,12,69,113,4,135,2,19,0,39,6,23,82,6,49,161,20,1,14,29,11,69,1,44,94,18,24,87,48,17,13,21,7,19,39,41,11,48,21,22,33,1,26,50,13,12,4,5,34,33,109,10,40,3,32,132,56,39,103,76,19,8,25,18,57,7,232,70,10,9,2,134,11,72,4,176,43,45,50,19,0,6,483,25,75,94,0,369,5,9,48,33,38,270,19,19,1,107,291,49,201,82,19,241,150
2021,"Brent 030","E02000122",4090,81,102,258,2,120,0,12,0,78,6,12,195,16,43,99,14,5,23,73,52,20,3,49,146,36,91,96,112,32,25,25,12,22,91,11,14,22,21,26,26,0,14,237,23,35,1,5,37,40,150,6,46,6,34,69,31,25,91,87,11,2,6,7,25,2,42,13,6,4,1,61,10,101,4,94,14,35,38,8,0,4,120,14,31,27,3,12,0,0,6,5,1,77,2,3,4,19,7,11,83,30,0,21,118
2021,"Brent 031","E02000123",6208,47,56,187,2,68,1,19,2,75,11,19,112,15,31,89,34,2,25,25,34,97,2,17,184,26,50,40,84,25,23,36,12,11,83,43,10,34,23,66,44,0,24,197,39,34,0,6,24,54,151,7,54,10,63,90,80,35,122,140,22,7,15,39,51,0,149,76,11,22,6,142,5,211,7,359,22,50,130,29,1,5,294,13,50,107,5,30,6,6,15,35,3,324,10,19,4,50,27,30,464,99,13,100,251
2021,"Brent 032","E02000124",5307,106,77,459,1,82,1,17,2,104,9,14,209,17,43,128,48,6,27,75,64,64,1,24,210,32,146,113,157,62,43,26,11,15,175,24,28,40,30,45,22,2,17,342,53,38,3,13,53,57,251,6,58,6,34,53,30,39,92,78,13,3,9,8,25,2,53,18,7,5,1,55,9,137,6,103,17,38,53,8,1,4,138,11,44,51,0,11,2,8,9,19,1,93,3,13,3,11,7,22,124,33,2,23,122
2021,"Brent 033","E02000125",5227,49,78,329,3,86,1,21,2,105,8,15,172,12,44,119,35,7,19,53,69,83,1,34,220,31,94,63,123,61,59,27,6,11,139,11,27,45,30,49,30,3,29,333,58,49,0,8,36,46,225,3,68,4,28,70,42,34,101,96,13,3,12,14,28,2,101,35,7,8,3,88,11,133,4,129,17,60,39,15,0,5,158,13,40,47,1,15,0,4,18,17,6,164,11,8,0,24,9,14,148,34,4,32,129
2021,"Brent 034","E02000126",3766,28,29,165,0,63,2,11,1,49,3,11,88,16,29,99,18,7,19,29,18,74,0,28,111,15,56,81,91,25,20,27,3,8,39,19,7,24,10,37,28,0,19,114,21,16,0,4,23,40,153,4,33,8,31,72,35,16,81,72,10,2,10,14,31,0,39,29,4,7,2,77,2,101,4,222,18,25,43,16,0,8,222,8,40,58,2,10,1,1,6,15,0,207,3,17,2,13,6,34,116,87,8,39,77
2021,"Brent 035","E02006955",3838,37,37,194,1,53,0,18,0,48,4,14,85,15,53,355,42,4,22,41,17,53,8,51,101,19,39,127,143,36,20,13,2,22,51,23,18,38,21,36,24,0,22,75,13,17,2,3,40,52,172,3,36,6,21,63,21,38,66,56,5,4,15,16,29,1,65,13,3,5,3,59,6,54,1,83,13,27,17,22,2,2,137,5,28,47,4,38,0,1,6,22,3,139,9,6,1,19,23,5,99,31,4,49,126
2021,"Brent 036","E02006956",4035,18,51,103,0,60,3,14,2,55,2,13,64,10,32,149,13,6,12,24,11,55,0,33,82,15,24,73,52,19,13,18,1,24,19,34,3,33,15,27,26,1,19,61,6,20,1,4,22,34,92,3,45,11,27,109,41,34,91,68,7,5,17,16,53,3,151,34,6,10,1,78,4,53,1,130,17,17,32,14,1,8,292,13,44,62,12,86,3,2,28,46,14,190,31,12,0,56,70,26,140,66,13,123,151
2021,"Bromley 001","E02000127",4257,15,79,156,10,55,5,22,2,44,15,19,121,12,36,117,21,0,7,32,18,95,2,24,127,35,45,79,52,35,24,24,2,16,23,21,7,31,11,36,36,5,57,46,6,29,0,9,27,35,108,7,40,4,43,99,53,34,110,123,24,11,32,26,63,10,180,55,23,1,9,81,8,112,16,187,16,59,34,3,0,10,197,10,42,57,0,3,5,18,10,32,2,140,11,14,6,35,6,19,131,71,14,28,100
2021,"Bromley 002","E02000128",3744,29,101,278,4,53,4,18,3,47,13,21,130,12,40,126,31,4,18,39,28,42,2,36,174,32,46,96,77,54,51,17,3,24,33,15,10,28,15,21,20,0,48,66,10,25,1,11,89,39,117,9,40,11,35,98,32,34,98,125,25,1,18,9,55,3,110,33,3,5,2,40,10,90,8,71,14,42,11,4,0,3,94,3,19,33,3,3,0,9,3,26,1,95,3,13,2,13,1,13,59,34,6,17,54
2021,"Bromley 004","E02000130",4556,42,73,364,1,52,11,35,2,48,12,17,149,20,38,146,47,8,34,42,51,100,1,36,244,47,66,95,138,48,38,34,6,22,94,18,11,49,12,43,33,1,45,242,39,27,0,12,61,49,186,9,48,11,43,65,40,44,99,84,15,3,14,10,35,2,55,26,6,10,4,69,9,66,8,115,20,21,25,5,0,2,146,10,35,51,2,3,6,3,7,8,3,75,2,8,1,9,5,17,72,36,5,19,81
2021,"Bromley 005","E02000131",6255,54,89,407,2,73,4,47,4,69,12,18,157,21,54,226,70,8,47,46,76,116,4,38,269,58,85,99,204,98,64,40,11,32,169,37,27,58,25,65,33,1,47,340,34,35,2,13,56,108,282,8,79,6,80,86,61,37,120,108,24,7,22,13,55,5,74,40,7,9,5,89,14,90,12,199,38,32,37,11,0,4,187,10,47,55,4,9,0,6,10,22,7,138,6,16,2,26,7,27,149,60,5,37,119
2021,"Bromley 006","E02000132",5533,47,99,416,1,71,7,27,6,55,15,28,180,13,52,250,38,6,29,56,43,112,2,30,249,52,79,159,158,86,55,27,21,56,75,35,18,84,17,34,37,3,64,146,35,30,4,19,99,70,225,10,95,10,62,77,48,46,110,160,19,0,13,12,74,2,82,32,18,8,4,54,8,97,11,151,27,39,21,7,0,2,138,9,45,56,4,1,2,2,6,25,2,96,9,12,4,16,5,19,78,39,8,18,120
2021,"Bromley 007","E02000133",5209,118,151,641,6,84,1,33,2,67,21,18,269,15,47,219,26,4,19,126,44,49,3,79,162,39,139,204,176,81,60,25,4,34,56,15,13,30,17,35,25,0,54,88,17,35,2,13,193,66,202,5,64,6,32,91,50,51,121,156,14,2,12,7,34,2,67,16,1,3,2,21,11,69,8,64,14,26,13,3,1,3,124,14,27,30,0,6,4,5,7,20,1,49,3,5,1,7,2,9,25,18,2,10,44
2021,"Bromley 008","E02000134",6149,51,127,376,0,99,9,36,2,77,16,26,179,20,61,298,66,6,27,92,52,139,2,55,283,37,78,128,141,68,68,45,8,25,87,30,13,52,32,58,46,2,71,166,34,40,6,21,94,78,210,11,82,8,73,118,62,74,122,178,35,5,20,16,59,4,96,50,8,5,5,87,13,125,12,149,27,59,23,11,1,1,171,5,47,58,2,3,5,3,9,31,4,142,2,21,2,18,4,27,90,38,9,14,168
2021,"Bromley 009","E02000135",4861,13,61,177,0,67,1,18,1,45,9,16,98,10,36,126,38,6,18,27,26,113,0,29,188,32,31,65,86,45,17,31,11,17,87,27,13,47,15,54,38,0,40,147,22,20,0,7,20,54,176,8,53,8,49,100,46,50,107,135,34,3,16,21,47,5,100,42,7,6,4,105,4,101,5,287,32,53,46,16,0,4,229,13,31,63,2,1,4,5,19,39,2,167,8,21,0,30,8,32,155,81,16,40,176
2021,"Bromley 010","E02000136",2497,25,72,159,1,59,0,10,4,35,12,5,96,2,24,74,10,3,4,52,10,52,0,27,79,18,34,56,39,39,25,11,1,8,15,21,6,13,8,22,19,2,21,37,4,11,1,8,43,18,51,1,33,5,22,57,28,28,63,95,19,5,19,8,36,0,70,24,4,1,1,23,7,60,7,72,10,32,11,7,0,5,97,3,21,30,2,4,3,3,3,13,0,49,4,3,6,5,4,15,35,30,7,6,55
2021,"Bromley 011","E02000137",4248,50,111,339,4,68,5,26,3,27,9,15,146,20,55,186,34,12,19,73,53,93,6,44,177,50,85,114,120,83,62,20,0,17,46,10,9,30,14,24,22,3,47,102,21,32,3,13,64,55,131,6,72,8,41,81,50,49,96,130,20,4,17,17,44,4,83,27,6,3,3,32,9,68,8,88,10,37,14,2,0,1,103,12,25,23,4,3,2,4,9,11,0,72,0,14,0,13,3,12,47,23,3,18,65
2021,"Bromley 012","E02000138",4367,68,98,378,3,62,2,32,6,46,7,12,181,10,52,185,28,12,12,84,44,58,2,38,196,52,83,139,127,70,47,23,7,27,71,19,15,43,12,37,19,1,53,89,28,29,1,11,80,50,185,7,54,6,49,82,36,45,108,141,16,2,8,4,35,6,71,34,10,11,5,39,6,62,3,72,19,37,7,1,2,0,94,9,30,42,1,2,1,4,7,13,3,67,5,10,1,10,7,11,38,31,3,8,58
2021,"Bromley 013","E02000139",4137,40,45,346,2,60,3,25,4,36,7,23,133,11,40,162,40,8,23,55,30,90,0,23,184,58,67,98,114,62,61,30,10,28,80,21,18,39,13,27,24,0,51,135,19,22,2,9,65,49,149,7,61,11,73,56,38,35,85,96,22,8,19,6,37,3,71,25,11,9,4,55,14,93,6,92,21,28,7,7,0,0,105,12,20,50,1,5,0,0,6,15,1,69,1,10,1,10,4,23,57,24,2,14,66
2021,"Bromley 014","E02000140",3817,7,73,111,1,62,3,22,0,39,12,15,77,10,33,86,5,4,7,15,15,94,1,19,103,19,17,68,30,21,20,24,2,25,10,26,2,33,10,27,40,1,39,24,10,20,3,6,30,25,90,7,48,6,41,96,39,45,80,103,32,7,29,26,96,5,144,40,14,4,3,72,9,124,7,196,23,33,37,11,0,5,215,7,43,49,2,7,3,12,13,40,4,169,10,25,0,32,8,35,102,54,10,39,120
2021,"Bromley 015","E02000141",3912,27,72,217,2,52,3,27,3,39,12,23,121,7,36,144,37,7,17,21,47,77,1,21,177,42,32,67,86,53,29,39,7,21,55,21,16,62,18,45,29,1,40,140,11,25,0,10,39,43,136,8,48,8,42,65,45,35,74,117,14,2,12,14,56,4,95,30,7,4,3,41,12,91,6,134,19,32,15,3,0,2,105,7,31,37,3,3,0,0,11,26,2,100,2,16,2,12,7,19,93,37,4,21,79
2021,"Bromley 016","E02000142",4409,53,99,354,2,67,5,31,2,37,7,18,156,15,39,179,19,2,19,107,47,117,0,57,178,43,76,108,110,58,55,24,0,26,50,23,16,40,15,28,26,3,58,97,17,33,2,9,91,60,139,10,64,8,42,80,39,43,118,143,27,1,22,10,56,7,100,26,11,0,5,37,6,86,7,72,14,38,12,4,1,0,112,6,33,41,1,13,0,3,3,18,0,63,3,8,2,14,3,12,43,28,5,20,72
2021,"Bromley 018","E02000144",5497,42,98,350,4,85,1,34,3,75,18,21,166,21,56,361,45,9,30,122,51,168,4,61,215,54,76,152,159,75,52,35,9,38,58,19,18,55,22,32,33,3,64,159,19,25,4,13,95,71,185,13,82,11,67,116,65,51,105,163,22,7,21,21,65,4,91,29,11,13,6,58,6,73,2,124,12,37,16,6,0,4,137,9,38,46,2,4,0,5,6,16,2,101,7,8,4,16,4,11,43,40,2,27,103
2021,"Bromley 019","E02000145",3946,18,80,117,4,64,3,27,3,35,13,16,64,7,37,111,15,1,7,34,14,145,1,19,96,21,22,60,37,30,30,24,3,20,23,25,9,29,21,28,35,4,49,42,8,20,0,12,31,35,79,11,38,9,43,83,50,37,119,109,37,5,33,31,57,3,132,36,13,15,2,74,3,101,15,207,11,38,31,14,0,3,219,7,34,57,3,4,3,8,10,32,5,161,9,15,4,16,5,25,113,53,19,52,104
2021,"Bromley 020","E02000146",5144,44,96,330,0,75,8,28,2,40,16,20,172,25,57,198,37,7,24,68,48,130,4,47,222,69,63,146,96,84,60,23,3,29,83,30,15,54,18,40,43,0,86,106,20,30,4,7,71,63,180,10,99,5,67,92,67,56,130,161,32,5,21,12,65,3,102,33,7,10,4,51,16,122,14,94,30,33,11,7,0,11,175,13,31,46,1,8,5,6,9,23,2,109,3,10,1,14,3,29,52,23,6,12,72
2021,"Bromley 021","E02000147",3763,53,119,336,2,61,2,20,2,34,11,11,152,8,43,183,21,4,14,90,34,54,2,54,159,39,74,117,116,56,52,10,4,33,32,25,9,40,14,26,32,0,39,57,10,22,2,11,82,36,108,7,47,9,35,85,43,38,106,131,18,6,12,14,49,3,59,9,5,1,3,22,4,69,8,50,16,25,6,3,0,2,88,2,33,32,0,1,0,3,1,11,0,60,2,7,1,2,2,10,24,14,3,10,57
2021,"Bromley 022","E02000148",3131,30,80,298,0,47,3,14,1,29,10,12,111,7,33,128,14,3,8,77,23,64,1,27,137,24,54,103,77,56,46,11,2,18,37,13,5,27,4,15,17,0,26,50,11,14,1,4,79,47,93,4,48,8,36,83,44,33,79,117,21,3,8,8,30,1,55,17,4,4,3,19,5,56,8,51,10,25,5,2,1,0,81,7,30,35,0,2,2,5,2,10,1,52,3,13,3,12,2,9,19,15,5,9,35
2021,"Bromley 023","E02000149",3979,30,86,164,1,64,5,14,3,48,16,22,74,9,42,134,17,5,10,34,20,109,1,16,140,31,33,71,52,31,45,13,2,24,17,30,7,40,18,31,30,2,49,55,12,18,1,4,52,38,98,6,44,19,47,87,67,44,104,127,29,11,25,20,62,6,144,38,9,5,6,51,4,118,7,144,25,48,27,4,0,1,175,5,21,48,1,6,2,4,14,29,3,128,4,16,1,16,3,33,81,43,9,34,106
2021,"Bromley 024","E02000150",4169,45,114,308,1,64,6,23,3,44,13,22,140,12,40,151,21,4,7,23,25,66,3,24,204,58,49,95,93,79,60,19,3,18,45,29,6,38,18,37,54,2,72,65,22,21,2,13,55,44,103,12,65,3,52,113,52,39,111,146,20,5,21,8,54,1,102,27,2,8,11,39,6,120,10,70,18,35,12,4,0,1,146,6,27,31,1,2,1,7,5,28,1,78,3,10,4,17,2,23,33,28,4,20,62
2021,"Bromley 025","E02000151",3506,61,78,405,1,48,3,21,4,26,9,17,111,9,34,184,15,1,7,52,22,42,0,31,115,25,51,142,110,75,43,13,5,39,39,13,10,23,10,15,29,0,34,57,5,21,3,12,89,50,109,5,46,5,32,77,32,34,80,144,16,2,11,13,43,2,74,25,6,3,6,23,5,60,7,59,16,21,8,3,0,1,87,4,19,17,1,2,1,4,5,11,3,51,1,7,0,6,1,9,26,14,6,8,46
2021,"Bromley 026","E02000152",3741,26,89,191,1,47,0,27,10,30,9,8,98,18,36,143,16,2,9,47,24,82,1,33,128,39,18,87,68,46,28,16,3,19,29,25,5,40,17,33,35,1,62,44,7,22,1,14,52,45,99,6,51,9,43,77,37,38,101,118,40,5,24,20,52,5,122,50,6,5,8,50,10,86,11,126,9,39,18,7,0,0,145,8,22,28,3,6,1,5,8,29,2,96,6,13,4,18,3,20,80,28,8,25,80
2021,"Bromley 027","E02000153",3949,55,98,302,2,59,12,20,4,37,8,18,140,11,38,130,20,2,11,31,27,64,0,35,195,39,30,94,55,66,55,18,5,14,46,20,9,33,15,25,45,1,52,59,11,36,3,11,68,39,125,7,52,14,51,82,53,44,106,149,34,4,27,21,58,3,120,32,2,8,6,24,9,112,19,74,15,46,11,3,0,2,132,6,20,29,3,1,0,5,7,16,0,86,7,14,0,5,1,15,18,30,3,18,52
2021,"Bromley 028","E02000154",4231,41,91,298,1,60,4,24,2,54,12,17,109,14,50,214,11,6,15,91,30,169,1,44,135,27,62,142,113,63,36,14,5,20,33,24,6,40,25,24,29,3,52,51,9,19,0,9,70,55,125,8,51,14,31,87,35,39,89,132,17,6,13,14,57,1,84,29,6,1,5,48,6,79,5,109,20,29,12,2,0,5,149,6,44,44,0,6,0,4,7,27,1,96,5,23,4,17,5,15,58,31,10,17,79
2021,"Bromley 029","E02000155",3284,14,70,122,2,65,0,11,1,26,13,22,69,7,33,112,15,4,6,34,18,101,2,28,91,22,26,71,43,33,32,18,1,23,19,22,6,27,14,34,27,1,41,33,4,10,5,10,39,39,74,6,38,6,33,93,45,34,98,103,31,7,22,20,73,2,104,31,9,6,11,40,4,82,7,117,20,29,19,9,0,4,152,7,26,25,1,8,2,3,5,18,6,128,2,11,3,15,8,23,64,40,10,14,70
2021,"Bromley 030","E02000156",5796,30,142,433,4,74,8,25,3,56,23,19,204,10,68,232,24,9,13,47,32,105,1,51,269,46,69,174,112,80,78,45,8,49,58,27,10,57,17,44,50,2,89,79,12,40,3,17,125,79,191,14,95,14,58,133,66,66,146,231,31,9,22,26,94,8,159,39,9,6,7,56,14,132,14,111,17,44,18,5,0,5,187,9,43,56,3,5,1,6,9,16,2,108,2,15,2,14,4,25,51,32,4,18,92
2021,"Bromley 031","E02000157",3915,44,100,300,2,49,5,24,6,28,8,17,104,9,43,219,22,3,14,57,35,74,2,35,177,36,41,111,89,67,42,9,3,30,38,20,15,39,11,29,34,0,49,63,9,27,4,11,74,61,108,13,44,6,55,105,50,41,101,151,29,3,20,6,75,4,75,24,6,5,7,34,6,100,7,71,18,23,11,1,0,0,127,4,20,32,1,5,5,2,5,16,1,56,1,17,1,9,3,17,22,21,13,9,40
2021,"Bromley 032","E02000158",3374,28,82,197,0,53,3,19,4,23,7,19,85,12,42,176,7,2,10,41,19,91,0,21,112,32,30,98,61,48,31,9,2,24,9,17,4,29,13,28,34,0,39,32,2,13,0,7,35,28,90,7,42,8,29,86,38,31,104,96,32,7,16,13,39,5,96,31,5,1,3,46,7,81,6,120,15,19,18,7,0,7,151,5,30,25,0,8,1,1,1,9,1,104,5,8,1,9,9,14,73,48,9,20,59
2021,"Bromley 033","E02000159",3358,51,155,241,0,84,1,16,4,37,22,6,172,8,30,93,15,1,9,60,17,76,3,41,89,24,29,72,48,49,35,21,1,16,29,13,6,26,10,19,30,0,41,48,11,27,5,10,85,37,106,6,42,8,18,84,31,32,126,123,19,4,18,12,38,2,82,28,7,9,1,25,7,73,5,53,10,40,11,1,1,1,104,6,31,19,3,1,6,1,5,15,0,58,2,3,2,9,3,21,32,23,1,10,57
2021,"Bromley 034","E02000160",3802,34,129,258,0,51,9,15,11,28,11,11,106,7,40,147,15,1,9,28,22,66,1,27,173,33,38,75,63,54,50,19,2,16,32,24,10,22,9,29,37,1,79,55,14,33,0,16,61,43,120,5,53,12,43,75,52,31,109,162,39,4,19,19,67,1,135,31,3,3,4,24,10,91,8,78,16,34,13,2,0,4,137,4,19,41,2,7,0,2,7,25,1,82,4,16,1,14,4,12,39,27,7,13,57
2021,"Bromley 035","E02000161",4132,55,99,317,4,56,8,21,6,25,8,19,106,13,52,255,17,2,15,64,35,76,0,48,166,26,40,132,103,56,41,13,6,28,22,25,9,55,19,25,32,2,70,47,9,18,5,10,60,51,122,5,59,13,43,111,62,50,105,148,30,7,23,14,76,8,82,28,0,2,3,27,6,113,10,78,13,21,5,5,0,0,163,2,26,16,3,1,1,5,2,13,1,83,0,13,1,12,5,17,26,37,7,17,41
2021,"Bromley 036","E02000162",3154,20,104,197,1,34,4,19,5,25,4,16,100,7,23,120,15,2,4,40,14,106,0,17,110,30,28,78,49,47,20,8,4,28,18,27,6,26,9,25,22,2,65,40,5,25,2,13,52,29,86,4,44,3,23,80,42,43,97,106,35,5,16,13,52,4,97,25,1,1,3,17,5,72,10,94,13,26,10,2,0,0,116,2,16,26,1,3,3,4,5,10,0,80,3,13,2,13,7,10,46,31,6,15,68
2021,"Bromley 037","E02000163",3687,39,116,303,3,58,7,20,3,30,10,12,141,10,30,165,16,8,13,66,23,54,1,40,127,30,44,116,85,47,33,10,2,27,28,24,3,37,10,16,37,4,55,59,12,19,1,8,84,35,116,2,53,11,37,70,43,38,85,154,42,4,19,29,57,3,92,23,5,4,4,25,3,85,12,66,12,19,8,3,0,4,112,6,21,27,3,3,1,2,2,20,1,64,1,16,0,12,1,10,35,20,13,10,58
2021,"Bromley 039","E02000165",3728,14,113,135,0,52,3,18,7,29,18,28,91,2,38,86,16,5,5,10,19,67,2,21,140,28,19,51,28,20,29,11,2,12,17,23,12,23,15,33,33,3,113,55,15,21,1,12,51,39,88,4,52,8,36,83,62,43,120,110,53,9,29,53,94,4,159,61,12,3,4,31,7,107,24,130,22,45,13,4,0,9,159,9,38,32,3,8,1,8,7,29,2,98,2,27,7,27,10,23,61,30,12,13,58
2021,"Bromley 040","E02006782",3881,25,84,206,1,65,4,32,1,45,8,13,130,10,32,129,23,4,12,40,23,90,1,43,133,28,35,92,66,50,40,24,7,19,28,16,8,37,13,31,31,0,46,56,14,23,1,10,45,30,109,7,52,9,41,91,39,36,88,109,18,4,17,13,57,3,98,33,9,5,1,48,6,109,8,147,21,39,17,5,0,4,190,15,36,42,3,5,4,10,4,17,2,106,10,13,0,32,4,20,73,41,9,27,71
2021,"Bromley 041","E02006787",3939,47,77,307,3,38,5,18,5,44,3,16,143,7,33,146,27,4,14,45,42,71,2,34,179,52,52,88,114,47,40,13,3,27,59,17,9,31,20,43,28,2,43,81,14,22,1,13,55,47,158,11,54,10,54,59,59,42,101,132,24,6,11,14,41,5,73,28,6,5,4,46,4,104,8,81,18,27,13,6,0,3,120,9,34,32,1,5,0,2,6,13,0,74,4,12,0,16,0,23,40,29,4,9,68
2021,"Bromley 042","E02006789",3052,20,135,175,6,65,16,12,6,46,10,13,119,5,33,60,17,1,5,17,12,34,4,21,110,31,17,47,31,19,30,10,2,17,19,19,7,19,11,27,20,1,53,37,5,29,4,4,37,20,76,2,36,10,31,61,36,47,103,117,40,6,20,21,52,4,131,34,6,6,3,26,10,67,19,87,11,38,9,2,0,3,112,6,22,31,0,3,4,4,4,13,1,89,6,12,5,11,4,15,44,17,2,12,63
2021,"Camden 001","E02000166",3676,83,51,222,1,42,3,13,3,52,5,10,139,14,31,127,29,14,33,79,74,45,2,20,186,19,136,68,123,38,44,27,7,14,139,14,49,23,17,37,25,0,17,318,29,24,4,6,28,42,118,8,27,1,35,24,25,23,62,75,18,0,6,4,24,1,30,13,2,6,7,26,9,90,3,73,23,18,30,1,0,0,70,5,24,31,1,4,0,3,4,13,1,54,3,4,5,6,1,21,21,29,4,8,56
2021,"Camden 002","E02000167",3814,194,63,410,1,50,0,15,1,43,7,2,198,26,21,153,32,4,31,125,85,51,1,21,185,22,235,137,159,47,33,15,7,17,117,8,24,25,18,16,14,0,14,320,28,23,2,8,88,48,121,3,49,1,14,27,9,14,44,53,4,1,2,2,10,0,11,5,0,4,1,21,8,36,2,35,6,8,30,4,2,0,40,4,19,6,2,8,1,1,4,3,1,12,1,2,0,1,0,3,7,3,1,3,21
2021,"Camden 003","E02000168",4331,101,53,290,1,64,2,22,0,65,10,10,128,22,39,166,35,7,23,106,77,29,1,19,213,30,190,84,186,42,52,20,6,20,171,25,41,44,17,42,27,0,22,365,48,25,1,8,38,64,159,10,43,4,30,46,23,18,65,58,23,1,6,1,20,0,33,11,3,4,6,54,13,82,9,82,11,26,21,3,0,5,90,13,22,29,1,6,0,3,2,9,0,46,3,8,0,4,0,12,40,23,0,13,86
2021,"Camden 004","E02000169",3574,173,72,492,3,60,1,6,0,40,6,10,221,20,26,143,18,7,28,82,59,27,3,25,143,33,201,126,184,61,25,8,8,15,59,5,23,20,13,14,13,0,5,151,30,30,1,11,66,43,136,1,27,2,14,38,17,18,62,33,6,0,2,4,11,0,18,4,3,1,2,15,3,52,3,33,12,14,40,1,1,0,38,1,18,15,3,2,2,1,0,3,3,28,1,0,3,5,0,4,20,5,0,5,34
2021,"Camden 005","E02000170",4461,101,55,389,0,82,4,23,0,70,11,9,185,17,46,167,35,5,24,103,71,51,3,42,210,33,203,149,197,75,44,16,8,17,110,13,23,31,14,27,14,0,11,205,29,31,0,16,59,61,220,3,45,5,19,46,30,24,61,58,9,0,3,3,19,0,43,11,1,5,1,58,3,78,2,77,23,32,30,2,0,0,99,5,33,39,3,13,2,1,6,13,0,41,1,3,0,14,4,4,54,17,3,17,89
2021,"Camden 006","E02000171",3957,92,43,285,0,51,3,13,2,48,3,7,139,26,34,173,28,8,31,108,63,70,2,22,234,34,167,116,169,66,36,27,9,15,118,17,39,30,12,39,25,3,19,284,37,26,1,5,53,33,169,9,31,3,27,30,22,11,52,61,11,2,5,3,16,0,23,12,1,2,3,41,10,68,2,60,16,12,12,3,1,2,86,13,29,29,3,4,2,0,2,4,0,60,0,5,1,6,1,9,27,13,1,13,64
2021,"Camden 007","E02000172",4316,51,46,218,3,61,0,28,1,69,6,14,111,18,37,150,42,9,31,53,42,70,0,21,191,33,79,80,122,38,33,22,7,15,89,27,38,24,12,42,52,1,19,207,36,26,0,10,30,55,147,8,43,3,34,49,39,34,73,76,11,1,11,10,26,5,31,19,5,9,1,71,2,134,10,133,19,26,35,6,0,6,211,13,34,35,2,4,1,3,8,26,6,154,8,13,0,12,2,22,93,48,5,35,135
2021,"Camden 008","E02000173",4119,166,61,447,0,62,3,19,2,63,4,8,185,36,43,201,31,8,40,113,50,215,2,36,134,33,170,169,186,64,18,25,4,12,78,19,34,18,23,27,10,1,9,186,25,14,1,12,86,66,138,2,34,0,19,40,29,19,55,45,4,0,5,2,9,0,11,4,1,3,1,26,2,59,2,58,11,18,17,2,2,0,67,8,26,29,3,5,1,1,3,5,3,22,0,1,0,10,2,6,17,14,1,6,52
2021,"Camden 009","E02000174",4079,49,36,262,1,54,4,22,0,48,6,13,144,21,37,159,29,8,43,64,45,56,7,20,218,29,127,78,168,45,41,21,14,21,126,17,38,20,9,37,37,3,19,274,30,23,0,5,28,54,169,5,47,4,20,45,36,19,81,68,8,4,10,5,17,5,25,8,1,9,6,51,15,96,1,103,11,31,27,3,0,0,125,9,30,47,4,7,0,1,4,6,2,81,4,8,1,9,2,20,47,30,3,21,78
2021,"Camden 010","E02000175",5319,94,92,461,2,70,2,16,2,67,1,12,159,25,51,242,35,8,46,121,69,50,4,47,218,29,232,241,299,78,63,13,7,27,129,21,36,41,23,35,13,2,25,215,33,38,5,8,79,96,306,6,67,3,31,75,39,37,63,76,9,0,5,2,17,0,34,18,8,4,7,52,3,87,6,75,27,28,27,5,1,1,147,13,38,30,1,6,0,2,2,9,5,60,0,4,0,7,3,12,54,17,2,3,103
2021,"Camden 011","E02000176",3463,110,55,415,2,55,0,6,2,27,6,3,168,17,16,175,27,3,31,83,56,32,1,24,158,28,157,160,147,60,31,15,2,23,118,15,33,21,3,22,13,0,13,185,30,23,1,8,69,51,157,1,29,3,11,40,12,19,38,48,1,0,6,0,14,0,10,8,1,7,2,25,3,41,3,35,16,15,20,5,0,0,47,2,14,18,0,0,0,1,8,4,2,18,2,2,0,1,0,6,9,7,1,5,46
2021,"Camden 012","E02000177",4041,57,36,212,2,46,4,13,2,42,11,6,113,24,41,181,29,5,35,64,29,58,1,22,110,31,115,94,163,53,34,16,6,11,91,23,24,37,15,43,42,1,14,203,26,27,1,11,32,60,176,4,42,3,33,50,33,27,69,72,15,2,4,5,29,2,39,12,2,2,3,73,8,106,5,125,16,28,29,3,1,11,178,19,28,61,1,5,2,2,9,14,2,116,5,3,3,14,2,24,58,35,4,13,98
2021,"Camden 013","E02000178",4832,53,49,317,0,62,4,23,0,62,8,22,127,26,54,185,40,5,49,63,66,56,4,35,226,25,141,168,216,64,33,22,10,19,93,23,29,38,13,44,34,0,23,166,32,28,2,9,48,61,238,5,73,4,36,64,22,32,78,82,11,3,13,4,23,2,36,15,4,14,2,99,4,110,9,125,21,38,32,7,1,0,176,6,38,51,3,6,1,5,7,17,2,105,3,7,1,13,4,13,96,39,4,14,137
2021,"Camden 014","E02000179",2857,90,43,250,1,38,5,13,1,30,5,8,104,12,28,109,12,5,22,66,36,21,1,20,109,20,118,107,126,36,21,7,9,17,58,12,21,16,14,16,11,1,14,141,27,20,2,2,55,40,148,3,20,1,9,35,19,14,35,39,6,0,5,3,15,1,12,4,2,4,0,21,1,48,3,54,8,18,19,7,1,2,80,5,40,16,1,3,0,0,1,11,0,68,0,6,1,2,0,8,26,24,2,13,53
2021,"Camden 015","E02000180",4051,65,30,216,0,52,3,11,2,60,2,17,129,28,48,188,40,8,44,77,42,60,1,24,204,22,86,70,162,39,50,15,17,8,101,29,52,23,12,32,24,1,23,266,55,23,1,5,39,56,160,5,42,2,31,46,27,14,63,72,12,1,6,0,19,3,36,15,3,4,3,60,9,78,5,96,17,19,26,5,0,3,121,16,23,45,0,9,0,3,6,15,3,97,2,4,2,7,4,11,52,33,1,22,131
2021,"Camden 016","E02000181",4844,137,84,508,2,57,9,23,0,49,6,16,158,28,53,233,39,14,50,117,73,39,1,49,210,35,229,230,279,74,50,12,7,32,114,20,31,35,20,28,18,1,21,211,38,31,3,19,85,77,258,8,56,4,40,56,28,27,61,48,5,3,5,5,12,2,27,10,1,3,2,39,3,55,5,38,15,23,19,1,0,5,87,6,20,35,1,5,2,3,1,7,0,36,0,4,1,5,4,7,23,12,3,9,54
2021,"Camden 017","E02000182",3388,129,52,344,1,66,2,13,0,43,5,11,137,13,32,123,21,5,19,61,26,36,2,32,100,19,112,156,168,64,20,27,0,12,61,12,22,21,3,15,11,0,18,142,20,20,0,13,70,64,132,5,34,1,21,53,19,13,49,64,5,0,4,4,14,0,11,6,2,4,1,38,5,67,3,59,13,23,31,4,0,2,88,12,17,29,1,4,1,0,2,7,2,44,2,5,0,9,0,8,30,17,0,7,73
2021,"Camden 018","E02000183",3851,155,43,309,1,53,4,16,0,55,1,9,176,24,38,160,32,11,26,79,60,49,2,22,146,18,175,132,170,62,25,25,7,10,118,10,21,18,11,31,25,1,10,250,33,28,2,7,64,53,155,7,26,3,15,35,25,16,54,55,9,0,3,1,12,3,18,4,1,4,2,39,7,69,7,79,15,25,29,6,0,0,81,11,16,29,1,4,1,1,2,6,5,52,4,5,0,9,1,11,31,14,3,5,58
2021,"Camden 019","E02000184",3943,47,38,170,0,38,5,17,1,46,10,9,96,23,42,202,41,5,40,50,27,61,0,22,173,31,66,95,173,34,17,15,7,17,80,25,32,30,16,44,36,2,14,202,28,18,1,8,34,51,127,8,36,1,31,51,49,23,74,58,8,0,7,4,22,4,37,13,8,5,4,84,5,95,7,120,20,14,36,6,0,5,182,13,35,60,2,2,0,2,2,17,1,118,7,5,3,10,5,21,70,40,2,20,125
2021,"Camden 020","E02000185",3898,54,41,185,1,48,1,14,4,33,4,10,100,12,41,113,18,11,23,50,47,61,0,23,138,19,82,104,133,37,23,16,2,15,67,24,22,21,7,44,34,0,18,155,25,27,4,6,35,43,138,5,37,3,25,57,35,28,72,68,17,2,8,12,26,1,46,18,5,6,4,81,3,84,7,123,25,23,50,10,0,2,194,20,33,49,5,1,1,4,5,25,1,174,2,3,1,10,8,14,100,43,12,32,145
2021,"Camden 021","E02000186",3116,76,38,185,1,47,26,18,0,50,5,17,123,18,42,153,28,7,25,69,23,44,2,17,116,20,102,95,126,20,22,12,3,14,82,10,24,22,19,26,21,2,27,157,20,19,0,9,33,47,149,2,36,2,16,38,16,21,51,44,5,1,2,1,15,1,18,9,2,2,4,38,4,54,2,61,17,23,25,3,0,1,98,8,17,35,3,4,3,3,2,8,2,62,2,5,0,2,4,5,43,18,0,3,64
2021,"Camden 022","E02000187",3601,33,30,126,0,50,1,13,1,37,5,8,85,19,37,142,30,8,24,42,14,78,0,40,125,11,66,65,99,23,21,14,13,25,49,18,19,30,10,45,32,0,10,104,14,13,2,9,19,39,93,7,31,3,29,45,40,22,65,76,12,1,4,8,27,1,26,19,4,9,1,86,5,77,6,165,21,29,47,9,0,3,228,7,32,66,2,8,0,1,3,24,1,180,2,11,1,9,2,24,98,59,3,27,144
2021,"Camden 023","E02000188",2692,15,20,77,0,25,0,15,0,37,5,7,46,6,17,87,15,4,15,22,21,159,1,20,102,10,29,50,58,13,12,16,9,6,14,13,4,26,13,40,31,0,27,71,7,10,0,2,15,34,67,6,35,3,23,45,21,14,67,48,6,2,2,7,12,1,18,15,3,3,3,67,1,77,1,147,8,11,15,15,0,2,151,8,29,54,4,5,0,0,4,17,0,173,4,6,0,5,3,15,71,55,5,15,97
2021,"Camden 026","E02000191",2148,44,30,127,0,21,0,11,0,54,2,6,76,16,18,100,22,3,25,57,18,137,0,18,108,19,73,118,84,24,13,13,1,4,40,9,16,12,12,15,17,0,10,111,19,8,0,3,17,31,58,4,18,0,13,23,22,5,29,35,0,0,3,2,7,0,8,4,1,2,0,35,3,27,0,35,5,11,14,5,0,0,46,7,14,20,0,3,0,0,2,2,0,26,3,1,0,2,2,5,15,7,1,7,54
2021,"Camden 027","E02000192",3144,47,22,144,0,38,2,15,0,50,4,9,100,23,29,122,34,3,31,39,23,46,0,9,128,19,138,127,129,34,21,14,8,9,55,4,26,17,13,24,15,0,14,159,19,16,2,17,32,40,105,7,29,3,17,49,24,19,59,48,5,0,2,1,17,0,26,8,1,4,3,62,6,56,1,84,23,17,22,3,2,1,138,10,36,38,2,3,0,3,5,11,0,112,1,3,0,3,2,21,43,44,3,14,78
2021,"Camden 028","E02000193",2822,58,22,192,0,46,3,10,0,75,6,4,102,11,17,110,14,3,18,51,19,86,0,17,127,23,125,131,141,25,14,9,7,10,67,8,23,11,16,9,11,0,16,164,23,15,1,8,23,49,90,7,25,3,19,21,18,9,48,47,7,0,11,1,7,1,14,4,0,3,0,37,1,55,1,59,15,22,18,2,1,1,89,6,19,41,1,3,2,0,2,3,0,50,1,4,0,1,1,14,25,22,2,14,55
2021,"Camden 029","E02007115",4167,48,22,139,0,46,3,20,0,93,7,7,75,25,32,164,40,4,46,79,31,65,0,36,236,31,95,113,172,39,22,18,10,8,68,25,16,34,16,51,27,1,16,167,16,19,1,9,23,68,141,3,35,6,27,54,53,17,91,104,21,0,3,6,23,2,38,18,1,7,1,86,8,89,8,126,20,30,31,9,0,0,180,9,36,58,2,7,0,3,4,16,3,139,0,11,1,10,8,17,73,57,6,32,154
2021,"Croydon 001","E02000194",5010,52,70,300,3,65,3,29,2,67,9,23,147,16,42,150,44,12,28,37,54,107,1,38,268,46,70,63,143,63,40,43,11,26,119,18,23,50,21,48,37,2,38,303,46,24,3,6,41,48,194,9,55,6,72,70,42,44,104,108,25,4,9,15,36,1,51,44,4,10,5,64,14,89,8,166,26,28,28,10,1,2,139,10,45,46,0,11,0,3,5,29,3,121,8,11,1,10,8,24,107,41,10,31,104
2021,"Croydon 002","E02000195",4583,42,71,231,6,78,1,25,2,74,11,37,160,16,29,114,24,5,22,56,38,98,1,67,198,54,49,97,100,52,39,38,4,13,68,28,11,50,22,41,40,0,33,111,26,24,1,11,22,53,137,12,56,10,75,107,39,37,99,95,22,1,9,23,49,0,117,40,9,7,3,64,7,90,6,144,9,38,27,7,0,3,182,13,51,61,1,3,1,1,7,20,0,140,4,10,3,18,11,18,148,34,7,28,87
2021,"Croydon 003","E02000196",3754,8,44,135,4,55,4,10,4,37,9,18,106,14,38,114,14,1,10,24,21,71,0,34,120,23,33,65,59,32,17,16,1,16,27,22,10,33,13,29,29,1,35,56,18,16,0,7,30,34,99,11,34,6,53,75,36,31,107,77,17,6,15,13,42,3,160,46,11,7,5,77,5,88,0,166,14,28,25,15,0,5,186,5,42,54,1,9,2,2,11,30,1,191,9,9,1,13,7,24,166,63,7,35,92
2021,"Croydon 004","E02000197",4458,10,64,157,0,78,1,23,2,37,17,11,101,7,41,118,25,1,7,34,19,97,2,37,132,28,40,81,67,41,34,32,2,15,26,27,9,53,21,42,36,0,34,58,18,21,2,6,35,43,99,13,53,5,47,92,42,29,122,105,16,4,17,20,52,1,204,66,7,7,4,85,3,97,5,210,17,41,36,16,0,5,221,10,45,63,1,9,2,3,7,28,3,231,11,10,2,30,11,22,232,50,11,44,100
2021,"Croydon 005","E02000198",4266,9,60,111,3,37,1,19,1,46,16,18,81,8,25,79,21,2,11,17,28,119,1,27,143,35,30,49,48,32,31,43,1,12,25,20,9,31,20,39,41,0,46,80,10,16,0,8,21,33,87,9,44,6,68,62,57,35,88,99,24,10,36,16,55,0,122,63,21,7,6,101,10,141,2,314,19,32,33,15,0,7,219,4,40,59,1,7,5,6,19,33,2,193,6,17,1,16,7,30,229,53,17,34,116
2021,"Croydon 006","E02000199",4255,14,66,144,1,48,2,30,3,29,21,21,83,17,32,97,12,4,6,17,30,123,0,24,161,44,24,65,63,49,34,52,3,15,34,24,11,39,18,61,46,0,34,102,9,19,0,4,16,51,68,13,55,6,82,74,51,37,84,91,21,2,22,17,46,5,123,51,10,8,3,73,9,125,5,255,17,30,28,15,0,3,186,8,35,66,2,11,3,6,12,28,2,196,8,25,0,21,11,21,173,49,11,46,104
2021,"Croydon 007","E02000200",4727,24,43,222,0,62,2,32,0,60,10,24,99,9,56,131,43,5,12,36,30,111,2,17,226,40,46,61,128,55,35,63,14,22,70,14,13,45,23,55,51,0,45,168,13,18,0,9,35,46,204,6,77,5,57,65,67,39,95,105,19,6,12,13,59,6,86,31,5,6,4,67,7,97,3,220,27,41,39,13,0,6,170,12,26,58,2,7,1,7,12,23,6,160,7,13,0,17,11,26,176,48,10,27,96
2021,"Croydon 008","E02000201",4192,11,54,159,0,56,1,23,1,49,9,18,74,6,36,101,20,2,17,24,34,104,0,18,115,32,33,58,71,44,28,48,7,16,47,23,9,31,13,48,42,1,41,122,15,18,2,8,24,41,108,8,59,8,65,60,55,29,92,85,20,8,18,22,59,2,97,33,16,4,3,71,9,94,1,291,25,47,27,4,1,4,174,13,40,59,5,10,2,1,12,37,1,163,10,12,0,29,6,25,172,58,7,49,128
2021,"Croydon 009","E02000202",4106,12,33,96,0,72,2,25,0,38,18,14,75,12,34,93,9,1,8,22,18,114,0,34,134,23,23,77,39,28,23,34,4,7,21,19,3,41,13,41,44,0,31,44,12,10,1,6,15,36,84,8,45,7,99,108,55,17,88,80,13,5,13,16,55,1,135,45,3,0,1,79,4,94,8,258,14,27,32,10,0,6,293,8,53,59,1,8,0,4,17,28,4,294,10,17,1,26,9,28,193,67,5,31,81
2021,"Croydon 010","E02000203",3714,5,33,103,1,52,2,16,0,23,17,12,72,7,28,56,12,1,7,15,15,113,1,24,111,24,23,55,38,20,8,53,3,12,17,29,10,32,15,45,40,11,40,51,7,12,0,4,19,41,69,4,35,2,64,67,29,26,81,86,9,4,16,20,40,15,134,23,9,6,0,71,4,76,6,278,21,23,44,16,0,20,190,12,48,65,0,12,1,2,11,33,3,156,10,19,1,26,11,24,232,72,5,46,102
2021,"Croydon 011","E02000204",4339,12,31,96,1,80,4,21,0,41,9,13,71,12,21,106,7,1,2,25,12,135,0,55,121,23,28,68,49,26,12,40,2,23,21,19,6,42,22,42,34,1,30,34,4,8,0,5,25,51,86,14,46,4,106,99,49,23,142,92,12,2,9,16,52,3,126,32,8,6,2,73,4,81,1,264,17,36,24,15,0,6,329,11,56,74,1,15,2,1,10,28,3,253,9,20,0,38,18,45,222,66,14,59,124
2021,"Croydon 013","E02000206",5112,9,58,145,1,47,1,30,1,55,18,15,125,8,41,110,31,2,13,16,27,142,0,25,160,30,22,78,61,41,19,58,5,25,35,34,13,46,21,80,37,0,71,88,18,16,0,7,25,45,117,9,56,5,62,92,67,36,99,100,14,11,11,21,73,1,154,49,12,6,2,120,6,130,10,323,39,37,30,13,0,11,260,11,44,79,3,16,4,4,22,50,2,236,8,28,1,36,26,24,251,77,7,79,173
2021,"Croydon 014","E02000207",4358,13,46,145,0,51,9,33,0,36,7,10,89,14,36,122,28,3,13,17,16,95,1,25,154,43,30,65,94,29,27,50,6,16,28,17,6,51,19,50,44,0,52,70,7,23,1,8,42,47,119,19,47,6,66,93,45,40,106,99,17,4,16,17,50,0,117,47,11,6,3,77,6,125,4,274,25,36,27,10,0,3,199,9,32,69,4,4,2,8,11,29,1,204,8,22,0,36,4,19,141,80,18,45,110
2021,"Croydon 015","E02000208",4715,9,47,93,1,71,0,27,3,51,12,21,57,21,36,104,9,0,3,34,16,206,1,29,135,19,17,83,35,20,12,46,1,21,27,42,10,35,16,39,54,1,24,50,11,15,0,8,21,41,80,9,48,5,85,94,39,22,102,79,12,2,5,30,42,4,132,39,5,5,1,102,14,122,3,392,27,42,25,17,1,7,290,7,60,84,2,29,5,4,18,29,2,298,12,13,1,29,13,31,262,55,16,67,162
2021,"Croydon 016","E02000209",4235,5,39,86,0,106,2,13,2,35,14,13,63,17,34,77,7,3,10,19,10,137,1,33,84,12,18,65,41,18,8,44,2,16,15,25,5,36,14,27,48,0,26,20,4,10,1,6,18,36,96,7,36,7,73,108,33,31,109,75,8,3,17,37,48,0,120,41,8,8,0,76,4,83,3,282,29,26,29,15,0,5,449,10,65,92,0,32,4,4,9,31,1,260,11,16,0,20,16,38,179,59,18,81,98
2021,"Croydon 017","E02000210",4577,19,61,181,0,63,1,16,4,36,14,17,96,16,49,160,19,1,15,26,31,114,1,28,154,39,32,111,84,40,28,46,5,32,44,22,4,44,13,54,45,0,45,71,14,20,0,5,48,73,127,11,58,11,74,90,67,43,90,94,21,14,22,15,61,4,151,40,10,5,2,88,4,133,11,213,19,31,24,6,0,5,169,10,39,55,3,8,3,8,8,31,6,157,17,15,1,31,11,30,150,49,23,57,111
2021,"Croydon 018","E02000211",4077,15,94,173,2,66,4,17,0,45,18,22,114,4,40,134,12,1,8,31,14,91,1,48,168,37,31,88,63,31,46,26,2,25,21,14,7,44,16,34,41,3,63,43,10,26,0,10,57,43,107,15,48,8,74,125,50,49,140,134,20,10,25,27,78,7,112,37,17,3,2,49,8,117,15,105,17,51,9,7,0,0,189,7,23,46,3,2,3,4,13,22,1,133,3,23,1,17,7,22,66,28,12,27,56
2021,"Croydon 019","E02000212",4220,2,35,75,0,69,0,16,0,28,12,16,56,13,38,76,7,2,2,11,13,183,1,30,92,14,24,49,35,14,25,22,3,13,7,35,5,34,23,35,40,0,38,27,4,13,1,10,16,35,68,6,34,3,83,73,43,43,96,81,6,2,6,26,43,1,148,32,10,8,1,68,1,99,7,332,15,24,34,23,0,3,413,9,56,82,2,26,2,1,18,30,4,248,15,21,0,19,23,44,186,64,19,89,131
2021,"Croydon 020","E02000213",5997,15,67,149,3,68,0,32,0,44,18,44,114,21,72,238,26,5,9,31,27,178,1,46,114,29,37,105,85,61,39,44,4,25,45,40,12,71,9,50,46,0,48,84,16,14,2,7,35,51,157,13,65,8,66,88,57,72,131,94,16,5,10,18,70,2,114,54,17,8,5,139,8,101,3,467,44,65,45,24,3,8,378,15,91,114,7,14,3,7,33,44,3,228,15,17,0,44,24,46,272,94,18,89,183
2021,"Croydon 021","E02000214",3094,12,56,172,0,43,0,26,2,20,9,19,89,6,25,114,13,3,12,35,24,55,2,38,140,30,21,69,80,38,29,27,6,22,34,15,8,38,11,38,27,2,34,63,4,14,0,7,24,35,91,9,42,9,67,74,52,29,74,76,14,7,8,15,52,2,77,25,4,5,3,24,5,76,1,81,13,22,14,5,0,4,130,5,38,38,1,5,0,1,5,15,2,86,6,16,0,9,5,19,43,28,8,26,37
2021,"Croydon 022","E02000215",6256,30,70,251,1,122,5,29,1,79,15,41,136,11,93,285,33,5,27,51,33,112,4,50,210,31,67,135,168,72,41,31,1,35,52,38,11,58,21,51,46,0,64,162,18,26,4,5,47,97,169,12,85,6,78,95,81,45,112,102,21,7,14,19,68,5,194,72,14,9,3,118,10,115,6,301,46,32,30,31,1,9,248,9,59,84,2,12,6,3,8,40,3,198,16,21,1,50,22,37,224,91,10,70,157
2021,"Croydon 023","E02000216",3476,39,56,223,0,52,3,14,0,26,16,18,113,12,81,397,18,8,12,73,27,56,0,55,127,21,34,77,92,51,22,24,8,34,34,21,7,41,10,14,21,0,25,51,2,8,3,1,46,61,89,7,26,3,48,73,22,29,84,53,6,2,6,18,24,0,64,20,10,3,5,53,3,54,5,111,14,12,17,2,0,0,93,5,19,52,3,5,1,1,8,11,1,81,2,6,2,16,0,7,63,30,7,23,43
2021,"Croydon 024","E02000217",6209,17,82,220,2,112,3,40,3,68,12,29,105,20,83,236,39,9,25,29,32,152,0,34,186,35,39,100,114,63,39,34,2,36,43,39,14,47,27,62,38,2,71,94,17,24,2,12,44,71,152,22,66,9,90,104,77,58,149,118,19,12,17,23,70,4,185,69,17,8,2,131,9,123,6,326,30,61,43,16,0,3,328,11,78,105,0,14,3,8,16,44,4,249,24,30,2,35,21,35,205,83,14,96,178
2021,"Croydon 025","E02000218",2794,8,52,101,2,44,3,13,0,31,6,13,65,8,25,90,12,1,5,14,15,75,4,16,75,22,19,45,29,21,14,22,1,9,13,20,4,27,14,27,27,4,53,23,3,14,0,6,26,26,57,9,28,4,52,58,36,30,77,79,14,3,16,13,63,2,72,18,5,4,1,44,2,75,3,174,17,30,18,3,0,0,153,2,31,44,1,3,0,5,5,20,2,108,6,6,1,10,9,19,85,34,11,18,67
2021,"Croydon 026","E02000219",3654,23,96,194,1,80,3,20,3,37,16,15,128,11,38,116,14,6,13,37,23,71,1,63,155,29,35,102,63,54,40,26,3,15,16,25,9,27,16,31,35,2,59,33,12,19,1,4,46,50,91,11,41,6,66,92,43,27,121,125,25,6,17,21,61,6,94,25,4,8,6,43,6,76,6,101,15,34,10,4,0,7,130,6,40,28,3,3,0,6,8,29,0,110,6,16,0,11,5,14,48,18,2,13,44
2021,"Croydon 028","E02000221",4990,17,66,152,1,78,6,31,0,47,28,18,96,14,48,154,12,3,13,39,20,129,0,56,160,35,26,116,67,43,31,59,1,17,23,26,6,39,23,53,45,2,62,46,7,23,2,5,50,58,118,11,50,4,76,114,70,40,130,103,22,5,27,28,65,4,135,48,9,7,2,90,4,138,7,324,25,24,22,12,0,8,279,11,55,95,5,9,2,5,9,28,0,221,5,20,2,21,14,42,129,82,15,68,98
2021,"Croydon 029","E02000222",4498,44,76,287,1,76,6,25,2,54,18,20,121,13,57,205,24,10,18,36,37,72,0,41,188,38,63,128,116,51,45,42,3,30,43,23,19,43,13,42,32,0,39,94,21,17,3,4,55,60,161,7,62,10,66,91,54,46,97,96,20,6,8,11,50,6,90,31,6,5,3,55,10,78,5,159,22,26,22,5,0,5,129,6,43,62,2,4,1,6,11,27,7,136,6,14,1,11,5,20,82,43,5,30,79
2021,"Croydon 030","E02000223",3199,4,35,53,2,32,2,16,1,24,15,18,38,4,32,42,3,1,1,5,1,108,0,23,52,13,9,23,23,8,7,29,1,7,5,16,0,11,12,35,44,1,24,15,0,14,0,3,12,27,47,5,19,5,33,57,32,20,70,47,25,6,15,24,29,5,84,32,8,9,1,68,7,120,1,344,13,24,21,11,0,4,224,2,39,73,6,5,0,3,20,38,0,202,8,20,1,27,13,29,158,66,15,82,131
2021,"Croydon 031","E02000224",4355,14,69,183,0,84,6,31,4,59,10,26,118,11,53,161,32,3,14,34,38,85,0,35,152,40,39,105,91,50,33,22,5,20,41,31,5,52,14,46,40,0,59,82,22,25,2,10,71,50,143,17,69,5,67,87,47,42,104,116,22,7,12,13,65,2,99,37,9,5,3,49,5,89,0,180,23,34,20,7,2,0,166,13,33,67,2,6,1,13,11,32,2,132,5,17,0,21,8,17,85,50,7,36,74
2021,"Croydon 032","E02000225",3395,5,50,61,0,38,1,9,2,18,13,18,45,12,30,53,8,1,1,8,8,100,0,14,85,17,11,21,20,10,17,25,1,12,4,15,3,19,8,44,30,2,40,11,8,12,2,5,21,31,57,8,26,5,29,80,39,28,91,87,27,6,18,36,63,1,157,42,15,5,4,56,1,108,8,269,20,29,27,19,0,5,204,6,33,49,2,7,2,7,9,65,4,180,10,19,3,30,21,36,118,55,17,85,98
2021,"Croydon 033","E02000226",3553,30,92,205,0,63,5,10,6,25,17,16,108,11,46,137,11,2,7,39,22,63,1,41,157,38,31,83,57,55,39,29,1,25,26,31,7,51,19,26,27,6,56,42,9,22,0,10,37,53,90,3,37,8,68,93,35,28,79,111,35,3,25,15,49,2,108,23,5,5,1,21,8,79,9,118,16,27,13,8,0,3,117,6,31,39,1,7,3,5,7,18,2,75,2,26,2,14,0,22,45,31,10,21,50
2021,"Croydon 034","E02000227",5712,8,105,161,4,91,0,27,3,36,20,20,117,14,51,134,22,4,6,20,23,135,0,34,237,56,32,68,63,53,33,48,10,28,21,32,7,58,21,52,75,8,124,45,14,30,1,10,73,86,147,10,69,8,103,126,88,62,163,154,43,12,25,42,95,7,200,46,12,4,7,67,10,177,18,284,24,72,26,9,0,7,290,7,46,87,4,17,5,12,15,42,4,239,16,35,2,39,5,49,121,64,12,51,113
2021,"Croydon 035","E02000228",3660,60,111,344,0,68,2,18,2,27,14,19,137,8,59,154,23,5,11,53,37,52,2,63,165,44,61,130,98,54,51,22,5,26,34,13,10,33,16,20,23,3,46,46,13,26,3,11,67,45,115,16,41,6,34,90,26,31,109,108,12,1,7,12,46,2,60,18,5,2,7,16,7,68,7,58,15,26,12,3,0,0,106,4,20,26,2,0,0,4,3,12,1,58,4,11,1,8,6,18,20,13,4,16,29
2021,"Croydon 036","E02000229",2546,2,44,42,1,34,1,6,3,27,8,11,36,8,21,41,7,2,2,2,6,89,1,11,48,15,7,35,19,8,13,22,1,5,6,16,2,24,4,21,23,0,28,17,3,4,2,2,20,19,36,10,26,3,32,29,22,20,52,45,23,13,7,27,46,4,102,26,11,1,1,70,4,94,3,204,10,20,19,4,0,6,144,4,24,39,2,9,2,4,13,32,0,142,11,15,1,17,11,30,122,44,11,54,76
2021,"Croydon 037","E02000230",5082,43,87,374,5,86,2,26,2,50,26,20,179,25,58,242,21,2,17,76,40,86,3,64,216,43,65,160,137,79,51,43,6,30,56,36,16,44,22,35,37,2,61,78,14,9,6,12,80,65,172,13,77,10,62,116,55,42,140,149,25,3,16,22,63,3,84,24,8,3,1,55,5,80,15,145,23,35,16,3,1,0,150,5,37,43,1,6,3,5,10,34,0,98,8,27,2,21,5,24,57,39,8,28,68
2021,"Croydon 038","E02000231",3855,71,97,350,3,103,1,16,3,46,35,10,172,18,41,174,14,5,4,109,22,49,2,74,147,32,64,159,100,60,31,20,0,17,29,23,6,25,16,25,29,1,36,46,9,33,8,13,52,50,124,1,53,4,36,91,36,27,95,103,24,2,9,8,30,0,77,18,3,3,2,26,0,78,3,90,12,32,11,1,1,0,98,5,30,31,3,4,4,7,4,13,1,51,0,5,1,5,6,10,41,16,8,19,43
2021,"Croydon 039","E02000232",2901,18,90,163,2,36,3,14,7,32,10,18,92,5,37,101,6,3,9,23,13,49,0,36,106,29,24,50,46,34,26,14,0,18,20,25,1,17,9,24,28,1,53,26,3,23,2,6,36,29,88,13,34,8,40,74,32,33,91,93,18,9,18,25,47,5,101,19,8,3,2,25,6,80,6,89,10,23,9,1,0,2,110,11,23,30,4,2,2,3,6,20,1,76,5,6,1,15,5,16,38,22,9,23,44
2021,"Croydon 040","E02000233",3178,21,57,194,1,61,0,20,0,32,8,15,98,10,34,127,17,7,12,29,24,56,0,43,151,25,36,75,72,40,37,24,2,21,21,18,8,40,16,36,18,4,54,44,11,11,0,5,43,34,121,7,43,3,43,74,42,41,83,76,17,6,13,17,44,2,72,20,5,4,4,32,4,65,11,100,15,27,23,7,0,1,100,11,24,35,0,6,3,2,4,11,0,66,2,13,2,11,2,7,47,21,8,23,46
2021,"Croydon 041","E02000234",4577,33,98,283,1,80,5,28,2,54,25,21,137,10,52,216,16,0,12,51,37,95,0,39,169,45,53,138,92,76,38,17,3,29,33,21,15,46,13,37,45,6,70,62,11,24,2,9,76,47,197,7,64,9,64,94,56,53,113,112,22,3,19,21,50,6,114,37,4,4,3,42,6,84,10,167,23,41,12,5,0,0,133,16,40,54,1,7,1,8,14,28,0,101,9,12,3,17,3,19,59,28,12,34,64
2021,"Croydon 042","E02000235",3460,30,83,264,2,59,6,16,4,32,11,12,135,7,52,160,20,3,14,33,12,51,0,26,119,33,39,96,72,44,34,16,3,22,33,22,7,39,11,25,29,2,60,64,8,21,2,5,54,43,119,9,54,10,45,73,44,32,86,96,20,4,17,16,56,5,71,25,6,1,3,17,8,65,7,104,12,20,8,2,1,1,109,11,36,47,5,2,2,4,7,21,3,70,2,10,5,5,6,15,45,20,7,16,40
2021,"Croydon 043","E02000236",4672,38,124,322,2,84,3,27,1,35,16,19,123,14,64,203,19,5,22,39,31,101,2,50,178,45,54,130,117,70,52,21,3,41,29,24,8,60,14,27,36,3,95,65,18,19,1,13,90,65,150,16,51,10,47,103,61,44,115,113,34,3,18,35,79,7,123,33,11,4,6,27,7,113,14,134,25,37,14,2,1,0,135,10,26,40,2,5,4,6,11,27,2,90,4,24,2,24,0,19,26,42,7,56,51
2021,"Croydon 044","E02000237",3504,21,94,206,1,47,5,17,5,26,8,18,85,7,48,116,13,5,6,21,28,66,3,22,134,33,30,70,49,34,49,23,5,28,24,21,11,30,13,27,21,2,84,44,5,18,1,5,46,30,112,6,44,6,33,72,61,52,107,94,27,2,21,28,64,1,131,20,5,2,5,33,6,103,7,125,18,24,20,7,0,4,131,6,25,33,2,6,0,5,9,25,3,102,4,10,0,14,2,14,62,29,5,20,52
2021,"Croydon 045","E02006788",3692,10,53,128,3,55,3,25,0,35,9,24,87,7,19,86,14,5,15,16,22,79,1,15,141,31,31,65,66,28,31,44,3,23,37,19,8,46,15,46,47,2,31,73,10,21,1,12,29,29,99,10,49,5,63,81,48,32,96,86,9,3,16,19,47,3,87,28,5,3,4,58,3,87,7,215,16,25,26,6,0,3,187,10,29,49,3,8,3,5,5,20,3,162,7,11,4,23,9,25,115,50,8,39,78
2021,"Croydon 046","E02006987",4724,33,57,238,2,61,0,14,0,74,10,20,105,20,108,358,40,4,27,44,43,110,3,39,117,10,55,149,174,52,33,23,0,31,59,36,26,71,13,44,17,0,54,103,31,21,5,13,50,92,225,8,91,5,56,72,45,50,87,75,7,9,14,12,49,0,57,15,8,17,0,77,5,73,4,167,34,42,24,18,0,0,125,6,32,70,1,11,0,2,4,25,5,80,8,8,0,16,5,14,94,41,4,18,120
2021,"Croydon 047","E02006988",3711,13,55,149,1,63,1,16,1,38,8,15,70,9,54,146,20,4,16,18,16,73,1,22,131,24,34,70,93,43,42,19,2,24,43,10,6,55,16,33,33,1,38,69,17,13,1,4,48,54,111,7,51,4,52,80,40,28,77,86,18,3,13,14,32,0,113,36,6,3,5,74,4,65,3,203,18,17,19,14,0,0,144,6,31,48,4,9,4,4,11,19,3,122,11,10,2,13,7,18,109,44,7,33,124
2021,"Ealing 001","E02000238",5509,12,130,149,1,109,0,14,0,59,13,40,61,12,57,129,31,1,17,49,21,113,1,48,138,41,30,84,63,39,27,23,3,28,25,54,4,52,30,44,36,1,35,43,9,25,1,8,20,47,139,8,40,13,28,134,65,43,116,126,15,8,29,36,67,5,314,75,28,11,1,78,11,97,7,201,21,48,50,23,0,8,343,11,57,97,5,34,6,10,26,41,7,289,24,25,0,44,47,46,234,122,18,105,96
2021,"Ealing 002","E02000239",4588,15,100,141,4,87,2,12,1,47,7,21,88,14,46,128,18,3,6,41,23,68,0,53,119,20,42,102,64,29,20,26,3,22,23,22,5,40,22,28,34,1,21,52,7,22,0,6,27,41,101,13,50,13,48,113,47,36,106,85,13,9,19,25,87,0,263,74,12,13,3,74,12,75,2,126,22,31,27,19,0,1,270,3,45,48,2,42,0,7,18,37,14,204,19,20,0,42,30,49,188,78,15,96,119
2021,"Ealing 003","E02000240",4931,10,88,102,1,94,1,16,0,38,14,37,59,10,58,118,6,2,7,32,25,139,0,42,113,34,21,60,40,16,17,14,2,15,25,32,3,36,18,31,45,0,28,49,7,21,1,6,23,49,81,4,37,9,30,99,45,43,122,98,16,3,20,33,74,5,241,71,13,10,0,107,4,121,8,255,28,49,65,13,0,3,294,9,46,80,7,37,4,4,23,28,7,300,21,17,0,27,34,53,218,164,11,92,143
2021,"Ealing 004","E02000241",3584,8,69,74,3,64,2,12,1,34,11,24,71,15,43,99,11,2,16,23,9,59,0,37,86,18,14,68,46,26,14,19,3,27,24,28,8,29,11,15,24,1,43,38,10,14,1,2,15,40,79,7,27,2,21,98,43,23,79,79,7,7,14,26,72,2,162,40,7,10,1,55,9,72,9,128,19,38,27,13,0,0,220,5,40,48,0,25,5,7,16,25,3,186,17,11,1,33,33,36,130,81,11,71,93
2021,"Ealing 005","E02000242",3286,15,75,79,1,51,1,6,0,45,7,24,65,8,34,81,11,1,3,24,13,25,2,42,62,11,21,51,38,13,20,10,2,10,23,24,4,35,13,14,15,0,13,30,7,9,0,3,27,27,67,6,25,2,18,102,36,21,83,72,8,10,19,24,56,1,185,46,8,12,5,67,8,59,2,76,14,33,25,10,0,0,226,11,61,47,4,62,0,12,16,23,10,173,11,11,0,22,42,17,132,49,12,56,94
2021,"Ealing 006","E02000243",4160,14,79,102,3,73,0,22,0,60,19,35,69,7,53,118,11,0,6,32,15,57,2,43,110,22,32,71,47,20,24,19,4,14,18,34,9,30,16,23,37,2,30,53,11,14,1,8,19,47,88,4,32,4,22,98,53,20,114,89,16,7,26,41,75,2,273,56,10,12,1,66,6,82,4,126,20,37,29,17,0,0,186,4,39,62,3,21,3,0,22,27,5,249,16,16,1,46,31,32,190,67,5,77,93
2021,"Ealing 007","E02000244",3770,13,103,119,1,61,0,1,2,34,6,17,82,9,60,127,10,1,11,41,21,41,0,29,117,17,22,60,49,26,25,17,2,13,31,28,8,40,17,22,33,0,19,60,14,18,0,4,14,31,95,2,26,6,22,68,32,34,90,77,14,9,17,29,73,3,256,60,16,11,1,67,7,69,1,84,18,66,38,6,0,3,167,3,42,43,1,24,2,3,15,24,2,219,27,14,2,25,13,23,153,44,10,47,91
2021,"Ealing 008","E02000245",3925,2,49,61,1,67,0,16,1,36,10,22,46,19,30,94,8,1,3,21,6,126,0,26,94,17,20,42,26,23,10,29,1,14,8,19,6,30,13,36,41,1,30,44,8,10,1,4,19,31,68,3,41,11,17,84,65,33,95,90,26,6,19,21,65,3,144,42,10,3,0,86,4,91,2,246,22,41,39,13,0,3,257,6,39,66,4,16,5,3,9,31,8,284,18,28,4,30,25,34,160,92,11,81,99
2021,"Ealing 009","E02000246",4066,3,81,78,1,89,1,17,3,29,13,27,59,7,51,91,5,0,12,15,5,70,1,33,82,17,23,47,25,21,11,20,0,19,15,36,4,37,15,28,37,0,34,35,6,21,2,8,8,21,76,5,27,4,33,79,54,24,91,81,13,5,20,41,71,4,148,55,17,7,1,50,14,82,2,232,26,41,23,12,0,0,271,12,45,99,6,28,4,6,17,30,2,307,23,27,0,22,33,27,183,107,10,88,118
2021,"Ealing 010","E02000247",4820,9,69,111,2,88,2,18,1,61,9,37,80,16,39,115,5,3,3,20,12,125,0,41,143,16,28,72,42,25,14,20,6,21,18,28,9,32,23,45,40,1,22,47,11,9,1,3,27,37,102,12,31,7,36,96,61,37,110,119,11,5,22,37,69,11,235,47,14,9,5,85,11,104,7,212,34,44,36,15,0,5,287,9,43,64,7,32,3,11,25,34,8,343,15,33,0,39,41,54,211,116,9,79,122
2021,"Ealing 011","E02000248",3721,28,91,200,5,68,0,10,1,67,4,15,97,35,46,110,20,2,25,82,20,53,1,46,102,21,41,67,80,39,23,5,1,12,19,18,12,25,18,11,14,0,21,78,18,20,2,5,22,40,96,3,41,5,21,64,34,17,78,88,10,4,17,17,53,2,170,40,8,7,1,79,12,59,3,92,22,33,30,7,0,3,138,8,31,35,4,20,0,3,16,18,7,156,8,10,0,22,15,13,145,37,2,61,116
2021,"Ealing 012","E02000249",3863,4,74,99,1,71,2,32,0,36,8,27,74,7,38,77,8,0,5,28,18,68,2,34,112,22,35,58,36,19,9,20,5,12,12,29,3,24,19,25,32,0,28,44,6,24,0,4,13,33,82,8,47,6,25,72,49,16,111,72,18,6,20,29,69,3,201,65,15,20,1,78,4,81,4,158,12,54,24,5,0,4,207,12,24,60,3,33,7,6,13,24,9,210,21,19,1,42,38,50,154,64,7,66,97
2021,"Ealing 013","E02000250",3170,55,83,289,3,37,2,15,0,42,5,22,120,15,57,187,17,4,24,76,38,37,2,41,161,46,72,78,126,45,18,12,5,28,58,9,17,17,22,18,30,0,14,116,13,19,0,6,26,38,117,0,36,4,33,35,19,33,44,64,9,2,8,5,22,0,49,14,4,3,1,28,4,51,3,42,15,21,10,2,0,1,65,7,18,18,0,2,0,3,3,9,1,54,1,6,2,7,1,6,34,17,2,18,52
2021,"Ealing 014","E02000251",3857,12,55,72,1,86,1,9,1,47,8,22,76,16,34,82,4,2,1,23,10,61,1,40,99,13,27,73,40,20,16,12,3,18,24,24,6,31,11,24,27,0,32,30,12,13,1,9,19,37,81,8,32,8,41,98,34,32,72,71,9,8,11,28,55,3,193,50,11,5,3,81,6,62,4,134,21,18,20,8,0,5,302,8,57,74,6,38,1,3,15,26,6,245,13,27,0,30,41,55,154,97,11,73,78
2021,"Ealing 015","E02000252",5411,16,57,157,2,86,2,19,1,80,5,26,139,27,58,187,34,8,42,42,22,143,1,34,207,37,46,78,113,31,23,21,0,18,51,39,15,46,19,36,39,2,31,159,17,28,2,4,36,42,164,7,51,6,27,98,56,27,100,116,15,18,29,25,51,4,151,64,19,14,6,142,8,105,8,198,19,74,57,20,0,3,273,15,47,75,2,46,3,6,15,29,7,202,17,18,0,27,27,25,193,65,8,68,233
2021,"Ealing 016","E02000253",4244,15,87,140,2,60,1,14,1,34,4,21,76,17,38,116,20,4,4,36,24,81,2,31,170,24,34,42,60,24,27,32,4,11,38,37,9,35,13,30,55,1,28,91,7,41,2,4,22,46,98,2,46,8,33,66,45,38,100,106,19,10,13,15,44,2,184,58,13,9,2,63,8,142,8,202,36,28,33,8,0,1,206,6,31,55,3,9,3,3,8,33,6,216,19,17,0,24,9,23,177,77,8,61,95
2021,"Ealing 017","E02000254",3998,8,59,74,1,97,1,8,0,25,13,29,63,8,30,71,6,0,5,16,7,34,0,34,86,13,22,66,44,12,10,18,3,15,8,30,3,36,22,29,30,0,47,25,6,10,2,5,18,44,75,8,32,3,31,78,66,17,84,55,4,9,14,33,33,4,163,24,9,5,0,86,5,63,1,147,23,15,21,7,0,10,307,10,47,67,2,55,6,4,20,30,11,284,25,42,0,60,133,50,188,141,13,89,96
2021,"Ealing 018","E02000255",4571,39,83,308,2,75,4,26,3,49,18,20,137,16,57,195,21,5,16,78,35,49,0,40,231,51,65,123,138,46,39,23,5,18,65,24,10,45,17,39,48,0,33,149,22,39,4,7,37,48,168,8,52,2,29,74,48,32,99,104,20,5,11,6,44,5,81,33,4,4,2,56,3,102,9,131,20,31,15,7,0,0,167,3,37,52,3,10,1,1,13,15,4,137,9,21,0,12,16,19,97,30,5,29,83
2021,"Ealing 019","E02000256",5196,74,88,418,3,87,1,24,0,61,9,34,149,33,94,246,39,5,47,114,52,73,1,50,223,50,107,125,166,56,50,31,4,32,82,38,14,38,15,35,39,0,36,233,32,29,4,5,52,83,217,4,67,6,44,72,30,42,93,83,7,4,11,8,39,2,91,28,2,4,2,78,3,93,5,98,24,24,19,10,0,1,128,5,35,49,5,20,4,0,12,10,4,118,4,5,0,12,4,19,89,42,4,34,101
2021,"Ealing 021","E02000258",3388,45,68,194,2,70,2,10,2,64,2,24,117,13,32,108,17,4,23,38,29,39,1,17,153,25,37,54,74,22,24,11,4,10,59,21,12,30,13,24,14,2,25,115,14,17,5,4,29,47,132,1,31,7,20,62,27,26,73,81,14,3,3,11,41,1,94,38,4,8,2,68,12,92,2,78,22,30,25,2,0,1,116,6,23,47,1,8,0,3,4,14,2,95,5,8,2,12,19,9,88,23,1,28,97
2021,"Ealing 022","E02000259",3303,29,60,168,2,52,3,27,0,23,5,16,81,9,37,99,12,3,14,44,37,108,0,15,152,34,38,57,77,38,42,19,7,11,36,14,11,25,3,25,36,3,16,123,16,22,1,3,23,42,83,11,53,3,22,66,26,21,63,55,14,4,13,10,41,2,138,57,6,5,4,46,3,81,1,90,15,17,28,4,0,4,121,5,20,44,4,12,0,2,6,18,1,74,6,5,2,13,5,10,135,26,3,27,60
2021,"Ealing 023","E02000260",3796,6,26,54,2,87,0,6,0,30,4,24,57,10,37,72,8,2,3,13,9,57,0,39,56,10,26,58,23,13,7,14,1,9,9,26,3,26,7,23,21,0,29,13,7,6,1,2,8,20,75,6,25,1,36,72,47,23,100,39,10,6,9,19,32,3,109,16,6,5,1,88,1,50,5,140,23,23,27,9,0,7,324,6,57,91,2,93,2,4,26,24,17,236,25,43,0,45,193,61,179,117,13,132,129
2021,"Ealing 024","E02000261",6519,49,87,304,5,118,7,24,1,114,9,34,184,16,62,240,47,9,55,80,35,132,1,46,238,54,70,98,189,44,36,38,7,29,87,33,14,47,20,35,32,2,46,224,28,41,5,13,31,40,251,8,58,18,38,93,61,34,125,149,21,2,15,24,53,2,159,66,6,14,2,212,5,137,6,162,38,55,64,18,0,1,287,19,49,92,2,19,5,4,34,51,6,224,9,21,0,26,15,16,192,62,7,65,257
2021,"Ealing 025","E02000262",4887,45,61,240,1,91,3,16,2,77,7,23,156,27,42,148,37,6,30,56,41,72,1,33,221,45,54,73,146,52,33,11,8,33,82,39,7,31,14,26,32,0,14,251,49,41,4,6,28,52,194,9,62,7,16,60,44,40,93,99,14,2,13,18,55,6,85,33,7,9,2,96,16,119,8,113,46,51,45,14,0,2,164,11,42,56,1,21,1,5,14,22,4,140,10,8,0,28,8,15,150,36,10,55,141
2021,"Ealing 026","E02000263",5529,8,50,66,1,89,0,12,0,51,10,31,74,9,34,87,8,2,2,13,5,63,0,53,89,19,39,62,44,16,8,20,2,20,21,37,1,52,7,18,43,0,37,24,6,4,4,5,11,31,84,7,34,5,59,94,66,28,90,68,4,7,26,31,29,3,153,25,8,13,1,148,5,71,7,199,33,27,27,12,0,17,500,22,70,138,2,154,7,6,24,46,29,331,41,70,1,67,297,93,330,194,22,196,220
2021,"Ealing 027","E02000264",4664,75,86,314,2,78,2,12,0,81,10,27,197,26,52,198,43,4,30,92,46,59,3,47,204,24,84,110,156,50,33,20,14,25,84,21,15,52,17,41,18,0,21,191,34,29,4,5,46,67,224,5,46,4,14,65,45,31,101,86,13,3,6,8,43,2,81,24,5,6,6,91,10,81,7,71,34,31,12,11,1,0,123,10,29,50,0,4,4,5,8,14,4,70,1,7,2,30,7,9,76,35,1,28,131
2021,"Ealing 028","E02000265",5534,49,104,302,7,75,0,21,1,73,10,27,148,34,64,231,54,4,32,69,50,75,1,39,310,48,62,79,139,80,51,40,6,18,91,36,16,54,16,45,52,1,34,222,26,23,3,13,35,66,191,9,70,10,40,104,63,41,131,86,13,9,21,18,51,0,107,41,12,4,2,113,4,110,13,171,33,36,28,4,0,1,154,5,28,83,7,7,3,3,14,20,5,140,7,19,1,26,13,34,143,51,4,40,155
2021,"Ealing 029","E02000266",5462,21,66,130,6,99,3,15,2,52,21,35,88,15,51,119,17,2,13,64,20,169,0,41,151,36,30,86,73,36,15,29,1,15,32,29,7,56,8,51,54,1,31,65,12,25,0,3,19,65,139,14,55,8,52,101,68,46,114,89,14,7,13,32,57,2,151,31,8,9,5,86,5,117,4,300,37,38,37,14,0,12,360,16,57,112,7,41,3,4,28,30,19,351,19,31,2,54,80,40,177,136,13,87,151
2021,"Ealing 030","E02000267",4191,18,74,209,1,52,0,24,2,57,7,28,116,11,43,132,25,5,19,28,47,95,1,24,227,45,59,49,82,38,37,28,17,27,67,19,17,39,20,39,35,0,25,177,21,35,1,2,25,50,134,5,39,9,37,62,37,34,73,90,20,8,15,8,51,4,180,75,24,10,0,50,9,118,6,112,19,40,20,7,0,4,122,4,29,41,6,14,1,2,9,15,6,111,10,10,1,13,13,18,113,45,2,30,77
2021,"Ealing 031","E02000268",4877,103,98,359,7,87,4,25,2,77,10,28,178,24,84,207,40,9,34,77,43,53,1,43,209,41,86,92,148,81,58,28,12,29,74,37,10,34,15,58,32,0,27,196,36,29,2,11,22,51,197,9,50,6,19,52,50,22,97,107,17,2,13,12,59,2,103,33,4,7,3,57,6,74,6,104,28,43,17,5,0,1,125,9,29,54,2,6,1,9,16,17,2,88,6,14,1,18,11,15,82,45,5,27,79
2021,"Ealing 032","E02000269",4423,59,84,425,2,75,1,23,3,47,10,12,159,24,67,197,30,2,27,82,46,72,0,26,243,58,111,95,133,55,55,25,13,33,89,30,18,29,10,23,22,0,24,241,22,21,6,10,44,49,182,3,68,8,20,53,37,30,84,108,12,5,12,7,28,3,90,18,2,3,3,39,8,68,3,66,29,23,15,6,2,2,72,5,25,31,1,5,3,3,8,3,2,73,4,10,3,4,7,5,63,30,1,18,78
2021,"Ealing 033","E02000270",5059,51,87,270,0,77,10,34,4,68,7,20,137,19,75,197,37,8,49,67,46,72,5,23,222,43,74,102,152,55,45,16,9,25,76,33,7,43,20,30,49,0,31,177,36,20,5,5,41,71,240,17,87,4,40,72,45,35,85,98,9,4,10,16,48,1,97,23,9,14,1,73,11,87,3,147,42,36,22,4,0,0,192,4,41,70,1,12,3,3,9,24,1,139,5,15,3,16,12,17,134,58,11,33,126
2021,"Ealing 034","E02000271",3736,117,76,478,2,58,4,23,2,49,3,10,159,7,41,148,26,3,22,87,41,21,1,21,137,19,120,92,158,52,38,11,6,15,95,9,15,23,13,24,10,0,24,196,38,29,4,9,53,42,175,1,42,4,24,45,22,24,57,73,11,1,11,4,18,0,37,11,3,5,3,32,2,73,2,46,23,19,18,3,1,0,60,8,22,20,1,9,1,0,7,7,1,38,2,15,0,5,2,6,34,14,1,10,52
2021,"Ealing 035","E02000272",3344,32,80,269,2,55,2,13,1,30,3,23,108,13,47,136,25,4,19,49,43,54,2,24,213,40,54,64,83,53,27,17,2,20,66,23,10,27,11,27,24,0,10,150,16,25,2,8,22,38,125,6,48,6,24,64,41,27,58,81,11,5,10,8,41,0,64,17,1,4,4,34,8,44,4,46,20,19,17,2,0,0,87,4,17,32,2,12,0,2,4,10,4,75,6,15,2,9,3,9,53,17,2,13,61
2021,"Ealing 038","E02000275",3390,9,39,66,3,114,0,10,0,33,11,26,63,8,29,78,3,1,6,22,5,37,0,52,58,10,32,55,37,12,14,15,3,10,10,45,6,19,10,23,27,2,24,25,5,12,0,2,11,25,71,4,28,4,20,57,42,15,81,61,6,5,13,18,25,0,78,13,2,5,1,67,0,58,0,113,22,13,18,7,1,6,252,9,49,67,2,35,1,4,19,27,11,207,17,32,1,35,102,58,127,127,19,112,116
2021,"Ealing 039","E02000276",3665,28,64,270,4,56,4,14,3,72,7,20,106,24,47,173,19,4,31,48,37,67,3,23,197,36,46,64,107,42,44,17,8,25,65,18,7,39,9,31,20,0,27,172,22,24,3,5,21,47,134,3,56,8,19,61,34,27,60,90,13,1,13,10,28,1,63,19,6,8,0,66,8,87,3,51,45,27,24,6,0,0,82,7,21,46,4,6,0,4,6,20,1,49,4,8,0,10,4,14,45,39,0,22,82
2021,"Ealing 040","E02006791",4366,81,77,423,2,69,4,14,4,62,7,21,178,22,53,209,42,8,39,70,43,33,0,26,189,24,112,129,156,44,35,14,6,18,94,22,17,30,26,23,34,4,26,189,38,29,8,9,44,56,244,8,60,4,19,42,32,39,55,92,17,1,6,7,27,4,37,11,5,4,1,67,3,89,6,61,23,31,23,5,0,1,107,12,22,36,1,9,0,2,0,11,2,79,2,7,1,9,4,10,55,24,7,13,66
2021,"Ealing 041","E02006968",4192,71,104,349,2,96,1,17,1,65,11,22,157,25,72,229,32,6,29,96,23,63,3,60,215,41,102,127,154,62,31,16,1,19,66,25,7,37,20,31,23,0,26,154,19,23,4,7,32,59,164,6,31,10,15,74,26,34,71,68,21,1,6,9,28,1,54,10,5,5,0,56,8,66,5,70,19,23,14,4,0,0,87,7,29,52,3,6,0,1,5,7,3,57,3,7,0,5,2,8,59,9,4,29,70
2021,"Ealing 042","E02006969",3697,52,102,287,2,74,2,14,0,53,5,31,111,36,77,241,25,1,34,77,23,34,3,23,157,18,50,101,110,49,35,13,5,38,48,13,10,38,11,23,20,0,18,155,22,19,2,4,36,78,197,5,43,4,14,59,23,33,45,51,9,2,9,7,17,2,44,26,3,3,2,58,5,44,1,57,31,37,10,8,0,4,89,4,29,35,0,11,3,1,12,8,4,48,4,4,1,12,3,11,46,28,1,24,86
2021,"Ealing 043","E02006970",3025,7,30,36,0,50,0,5,2,28,0,20,24,2,24,55,7,1,2,6,7,28,0,17,47,5,7,24,18,15,10,11,1,13,4,23,1,16,5,20,26,0,20,18,2,4,0,2,4,22,46,3,18,5,12,55,32,13,57,33,5,6,4,7,25,2,98,15,4,1,1,87,3,39,1,97,23,22,21,8,0,7,209,7,58,65,5,79,5,3,15,26,6,169,22,37,2,43,175,61,171,140,18,162,128
2021,"Ealing 044","E02006971",3316,1,30,49,1,59,0,5,0,18,3,22,41,7,19,55,4,0,0,9,4,27,0,27,53,3,17,40,24,10,8,11,0,6,9,14,0,29,8,23,17,0,28,11,2,5,2,2,12,24,49,6,17,2,25,43,52,19,68,36,3,4,7,11,26,2,140,14,7,1,0,79,5,41,4,131,17,26,17,8,0,8,277,16,57,93,5,75,6,3,12,40,14,211,29,41,2,75,162,66,135,115,18,127,130
2021,"Enfield 001","E02000277",3077,9,30,72,0,54,0,22,0,31,5,12,52,3,18,64,4,0,1,10,8,75,1,19,85,18,21,35,26,16,16,27,1,13,7,14,8,22,11,34,37,3,22,29,13,14,0,7,15,31,66,5,19,6,19,61,42,24,81,76,16,9,18,31,40,3,91,31,11,11,2,80,5,89,5,174,6,45,13,6,1,3,203,9,25,41,2,13,2,3,19,32,4,192,8,10,0,11,26,15,119,31,11,85,112
2021,"Enfield 002","E02000278",3521,9,37,61,2,87,0,10,0,33,17,12,58,12,22,42,7,1,5,14,10,76,1,22,89,11,29,40,16,11,14,25,4,14,10,18,0,29,10,37,37,0,22,40,7,19,0,7,12,22,62,9,23,5,27,70,35,27,99,64,20,5,20,33,52,2,104,28,5,15,1,104,3,113,5,252,14,53,28,9,0,12,257,10,38,51,4,24,1,5,15,28,2,220,12,11,3,23,17,23,155,49,11,90,112
2021,"Enfield 003","E02000279",5135,14,80,134,3,111,2,19,3,52,14,19,89,11,45,103,11,1,8,22,19,163,3,33,162,28,38,65,46,22,26,44,2,26,31,20,4,31,19,61,54,2,46,53,7,16,0,9,23,45,101,8,53,8,53,118,54,30,119,94,23,4,30,21,74,2,160,43,7,12,4,124,15,128,6,335,16,64,26,5,1,3,298,20,52,61,2,27,3,6,14,27,3,291,20,16,1,25,25,25,222,63,14,176,164
2021,"Enfield 004","E02000280",3973,18,84,211,4,87,3,24,14,43,6,19,119,9,26,99,18,5,16,19,38,72,0,33,240,48,32,49,55,45,23,29,4,19,42,19,10,35,13,44,31,3,44,73,16,28,4,4,25,28,119,10,55,4,32,79,45,43,134,117,34,8,17,31,62,3,97,36,11,4,2,49,9,102,11,131,9,32,14,4,0,1,160,11,49,36,2,5,2,4,6,22,2,120,8,12,2,21,8,19,88,28,12,45,76
2021,"Enfield 005","E02000281",4237,7,84,133,0,76,0,25,3,35,6,29,103,11,24,69,13,2,7,20,20,105,0,25,191,41,33,88,30,27,26,23,3,18,18,40,5,35,9,42,56,1,40,60,11,24,0,7,18,35,104,11,55,10,56,90,50,32,136,90,26,18,25,30,64,1,136,39,7,7,6,66,9,113,10,203,13,62,14,10,0,1,210,18,24,76,4,16,13,5,9,22,4,187,10,11,7,21,22,24,159,38,8,68,109
2021,"Enfield 006","E02000282",3476,4,44,50,1,79,0,18,2,44,12,22,60,6,23,40,6,4,4,9,11,94,0,18,85,12,21,50,21,9,10,20,2,12,7,11,2,21,11,32,42,1,21,17,8,12,0,3,8,18,48,7,33,6,24,63,29,20,83,87,13,7,10,25,42,0,107,38,6,10,0,84,6,98,1,279,13,71,25,10,0,4,277,5,42,44,0,22,3,9,8,20,6,212,7,6,3,13,16,33,204,54,13,117,106
2021,"Enfield 007","E02000283",3499,2,51,60,0,68,2,12,1,43,8,15,62,11,20,51,6,0,2,8,11,85,0,19,87,18,30,56,13,23,15,31,0,11,17,20,11,27,9,35,31,1,27,28,3,13,0,8,14,20,55,9,39,5,33,58,35,30,96,80,13,10,24,30,61,3,133,36,6,12,5,115,4,103,5,202,11,53,13,11,0,3,238,16,37,57,3,28,3,3,6,29,5,213,8,9,1,15,25,20,120,34,15,110,126
2021,"Enfield 008","E02000284",4234,26,78,235,2,63,1,32,2,44,6,17,113,22,38,160,31,7,23,32,35,103,2,25,258,50,53,70,81,30,53,34,9,20,43,26,11,35,16,49,37,5,38,88,13,14,0,13,38,45,129,8,51,8,40,81,42,38,106,121,25,14,15,10,70,2,106,40,7,2,3,57,7,84,6,149,15,39,16,7,0,0,141,12,34,37,2,12,0,4,9,26,2,108,7,13,1,41,9,17,80,20,3,49,83
2021,"Enfield 009","E02000285",3226,13,90,138,0,58,1,11,5,28,5,18,74,10,42,82,17,3,4,24,16,54,1,35,179,47,33,66,41,35,37,31,2,15,18,21,5,24,6,37,33,3,43,43,6,24,1,14,27,40,90,2,52,6,40,93,32,30,96,98,15,3,15,22,57,3,116,29,7,5,3,21,7,107,11,89,11,29,12,3,0,5,124,3,28,33,2,6,1,3,3,21,5,102,7,11,3,7,12,17,51,25,11,31,51
2021,"Enfield 010","E02000286",4193,25,83,272,5,72,2,33,1,32,17,23,149,25,48,162,26,3,15,58,36,83,1,42,241,44,45,100,73,44,54,25,4,26,40,22,8,41,18,40,26,1,58,85,12,32,2,11,43,40,142,9,59,7,30,96,44,42,92,145,24,6,13,15,50,1,100,40,10,6,3,45,9,74,7,131,14,48,21,6,0,0,127,6,32,38,2,8,2,5,4,12,1,91,3,4,3,12,4,8,64,25,2,43,60
2021,"Enfield 011","E02000287",3423,61,106,241,1,116,1,15,2,65,17,6,232,12,34,93,11,2,11,89,27,27,0,69,112,17,90,138,82,34,25,21,4,17,40,12,4,31,16,19,16,0,17,53,17,42,3,5,51,35,134,3,26,5,18,65,19,30,106,131,7,3,3,7,19,2,67,21,2,9,1,43,5,55,1,64,7,42,13,7,0,1,101,8,25,22,3,5,0,4,5,8,0,58,4,5,2,12,3,7,37,11,2,13,33
2021,"Enfield 012","E02000288",4895,6,66,92,0,89,2,17,1,61,12,25,63,16,37,74,13,0,3,15,9,93,2,19,138,15,25,69,32,14,14,25,4,19,12,53,4,64,12,45,44,1,29,37,3,20,2,2,20,35,65,11,37,11,37,90,66,27,100,77,8,4,20,32,55,1,142,45,17,18,5,147,9,140,8,392,23,76,33,8,1,6,380,11,67,79,4,29,4,6,26,34,4,308,31,12,3,26,32,24,236,78,50,102,185
2021,"Enfield 013","E02000289",3209,19,90,204,1,70,4,16,2,41,12,14,116,9,23,108,16,6,3,53,32,46,0,42,136,29,52,108,62,43,33,10,6,22,37,20,3,36,13,23,28,0,35,44,7,22,0,1,41,30,109,12,43,9,28,91,29,40,104,99,10,3,12,17,38,1,61,14,8,6,0,24,6,95,5,63,13,40,13,0,0,4,116,5,11,30,0,3,1,1,5,13,0,89,9,7,0,5,5,10,47,18,8,24,37
2021,"Enfield 014","E02000290",2533,5,24,38,1,53,0,14,1,25,4,7,37,3,11,34,6,0,1,9,6,86,1,13,69,19,26,36,17,13,7,20,0,8,11,14,4,16,9,24,22,0,12,26,6,5,0,4,10,27,47,7,23,3,21,41,14,17,51,56,10,5,7,24,29,4,51,24,7,7,1,74,1,54,2,216,9,27,17,9,0,3,195,12,31,28,5,21,4,3,20,14,0,157,8,5,1,8,11,13,109,54,14,87,88
2021,"Enfield 015","E02000291",4608,15,80,203,1,97,1,27,1,46,19,21,119,10,38,152,24,2,16,22,39,89,2,41,246,42,44,72,63,49,41,59,4,20,42,21,9,42,22,31,39,0,41,78,21,26,0,10,32,43,132,8,59,8,41,107,41,35,83,103,20,5,21,28,59,1,139,62,13,13,4,80,5,94,8,204,16,52,34,9,0,6,206,5,26,47,3,17,5,7,11,20,3,167,12,11,0,18,5,25,144,38,14,75,97
2021,"Enfield 016","E02000292",4480,17,75,123,2,86,5,31,1,38,8,19,97,13,42,117,21,2,17,19,41,85,0,31,235,39,35,81,59,45,31,32,6,21,29,21,18,43,22,44,53,0,31,54,18,23,2,13,29,39,104,11,53,5,48,93,43,47,101,123,25,2,22,27,77,3,164,46,7,12,1,86,8,131,4,187,14,51,37,5,0,3,219,7,34,53,4,9,2,10,16,16,1,206,18,9,0,34,8,29,135,42,16,67,92
2021,"Enfield 017","E02000293",2919,30,84,216,3,61,2,12,4,25,9,16,148,12,20,84,11,4,7,74,12,40,0,33,160,29,70,90,62,33,36,15,2,14,31,9,3,15,9,30,18,3,20,51,15,24,1,8,51,34,85,4,41,6,17,66,30,35,76,82,13,0,8,8,25,1,85,14,7,4,1,21,7,69,3,53,13,39,8,1,0,0,81,8,18,26,0,1,4,1,2,7,1,60,9,4,3,13,2,11,39,16,4,16,31
2021,"Enfield 018","E02000294",3675,7,43,38,2,80,2,16,0,56,19,17,58,9,24,54,11,5,3,8,7,88,0,16,111,21,33,49,14,18,6,27,0,8,12,22,4,28,10,43,42,0,18,24,4,12,3,7,11,29,60,8,38,3,45,89,33,34,96,75,12,7,14,34,50,2,91,44,10,10,8,141,5,109,5,229,9,36,15,12,0,6,249,8,33,41,9,19,5,3,10,26,2,247,18,13,1,21,23,25,158,68,13,107,127
2021,"Enfield 019","E02000295",3978,24,89,205,3,75,0,18,1,54,19,10,158,10,44,118,16,4,20,66,30,54,0,61,193,50,58,126,81,31,40,15,4,15,31,31,5,39,13,26,30,0,33,91,18,27,2,7,41,45,120,10,48,6,28,119,29,44,112,99,17,3,16,14,48,2,113,40,6,13,0,56,10,89,5,116,10,35,11,6,0,3,127,5,30,26,1,7,3,0,6,19,2,112,6,3,1,22,4,13,83,27,6,41,75
2021,"Enfield 020","E02000296",4776,24,94,210,2,111,2,21,2,70,10,20,157,18,38,153,23,7,22,65,35,54,2,71,192,40,42,101,83,38,32,25,2,26,50,23,12,24,22,45,38,2,31,107,18,26,1,4,30,64,113,6,51,8,37,113,39,39,122,109,17,5,21,14,53,2,198,57,11,7,2,94,6,100,2,160,10,74,32,11,1,3,183,6,35,34,4,7,3,4,10,54,3,150,16,7,0,33,9,13,187,32,5,36,139
2021,"Enfield 021","E02000297",4507,21,80,243,0,93,8,27,4,43,11,22,173,10,55,123,22,6,11,37,33,49,0,43,211,53,55,109,73,31,32,23,2,18,35,27,10,33,12,36,47,1,38,63,16,32,3,12,33,45,144,11,64,8,51,118,41,36,123,147,18,9,22,25,56,3,137,43,26,9,2,43,11,129,6,128,15,60,23,6,0,3,200,9,38,29,0,12,1,6,11,35,3,148,6,10,1,38,5,17,111,27,7,40,72
2021,"Enfield 022","E02000298",4151,53,94,385,3,86,2,21,2,65,16,19,236,10,39,132,20,4,14,72,33,38,0,42,180,33,101,138,99,60,51,16,6,25,50,15,11,20,9,34,34,2,26,104,29,20,4,18,59,45,154,4,71,2,23,101,27,37,114,127,16,1,14,9,33,4,95,25,10,8,0,41,15,73,1,66,13,32,10,7,0,1,95,7,43,41,2,9,1,3,5,8,1,67,6,4,1,10,6,12,46,9,2,14,50
2021,"Enfield 023","E02000299",3699,8,31,44,0,52,1,20,0,50,8,9,55,7,15,43,12,1,7,10,11,95,0,14,94,21,14,33,19,7,8,32,2,5,11,17,7,28,4,35,37,0,16,35,5,6,0,1,10,29,48,9,36,2,35,66,38,19,84,84,15,9,19,24,40,0,104,33,12,10,3,144,6,93,5,297,6,45,32,11,0,6,226,14,42,62,3,31,5,9,15,21,1,225,24,6,1,28,26,36,291,73,28,104,124
2021,"Enfield 024","E02000300",3613,6,30,51,1,72,0,15,0,33,4,20,68,4,27,61,6,2,11,32,10,70,0,18,104,10,9,52,22,12,10,33,2,11,16,18,4,24,8,36,29,0,15,46,4,19,0,5,18,22,60,10,22,6,38,88,32,28,95,69,23,3,21,24,53,2,145,65,12,14,12,85,8,99,3,230,11,46,29,20,0,3,224,15,42,43,1,19,0,5,12,32,1,218,25,8,2,24,19,23,211,67,8,69,119
2021,"Enfield 025","E02000301",3974,6,36,56,0,54,1,7,0,32,10,13,53,3,27,52,9,3,3,16,17,115,1,19,104,21,16,46,25,13,8,26,4,10,11,29,3,33,12,40,42,0,26,36,9,12,0,3,14,21,56,9,32,4,33,66,33,35,85,72,18,6,16,28,41,3,122,34,4,10,0,132,5,101,6,318,13,42,37,16,0,0,287,12,45,51,4,26,3,7,28,32,4,244,22,17,1,32,32,29,271,74,18,118,143
2021,"Enfield 026","E02000302",4019,22,83,177,0,72,1,15,3,49,15,13,104,1,42,107,29,2,8,31,21,65,1,29,192,39,68,81,65,31,26,29,1,20,32,24,11,33,11,29,47,2,26,70,12,19,0,20,30,42,92,6,49,10,35,103,30,28,96,81,10,3,13,26,53,4,172,72,9,9,6,68,3,107,6,135,14,42,21,2,0,7,167,18,34,40,0,22,3,4,12,51,3,136,11,13,1,18,6,20,117,42,16,34,89
2021,"Enfield 027","E02000303",3194,8,43,50,0,65,4,10,0,27,3,11,49,9,30,43,6,1,3,6,10,101,0,23,98,11,22,39,15,23,5,18,1,6,6,28,2,24,9,27,30,3,23,21,4,10,5,4,4,25,47,2,30,3,30,74,27,24,68,63,9,5,10,18,32,2,123,42,8,4,1,116,5,99,2,192,12,32,18,13,0,0,236,5,33,40,0,25,4,4,16,24,1,208,9,15,2,27,9,18,196,53,12,68,113
2021,"Enfield 028","E02000304",3873,41,73,277,1,100,2,20,3,45,9,20,178,5,38,142,15,2,8,70,40,45,6,58,250,51,94,127,83,37,45,19,2,31,68,15,13,27,4,34,27,3,29,104,15,18,3,10,45,38,125,7,50,5,18,89,19,29,88,100,18,1,10,7,33,1,107,28,7,6,2,46,8,70,4,69,11,44,33,6,0,1,101,4,27,32,1,6,1,1,2,16,1,58,4,2,0,10,4,12,53,18,3,14,71
2021,"Enfield 029","E02000305",4690,44,87,304,1,84,4,27,3,59,11,14,150,12,44,134,37,5,16,43,41,52,2,32,247,48,88,103,86,45,36,32,5,22,78,30,11,39,15,43,35,0,19,144,21,25,0,9,32,41,143,11,48,6,28,80,33,32,112,99,22,3,15,12,62,1,145,58,29,16,2,75,8,72,7,110,9,51,23,9,0,1,175,8,46,41,0,8,0,5,7,38,1,126,10,7,2,29,13,20,186,29,5,40,112
2021,"Enfield 030","E02000306",3297,6,21,48,1,44,0,18,0,25,15,12,34,7,21,41,7,2,1,11,10,117,0,19,84,12,17,35,26,8,9,30,0,10,13,22,4,34,10,40,27,0,23,23,9,13,0,4,6,25,44,6,29,5,34,56,23,21,77,43,10,9,6,16,45,0,99,28,3,8,0,126,1,96,7,297,9,33,29,7,0,4,244,10,30,46,2,16,3,2,8,17,3,226,16,4,0,24,9,24,217,68,15,67,131
2021,"Enfield 031","E02000307",4466,18,64,102,2,90,5,20,0,35,5,21,87,6,37,67,13,5,7,20,15,107,0,27,157,21,39,72,31,16,20,22,3,16,15,24,5,35,12,45,43,0,27,50,18,26,0,7,22,38,82,9,27,10,43,133,46,34,118,95,12,5,26,34,60,7,206,50,15,18,4,83,4,118,4,208,13,72,24,8,0,5,265,7,33,52,7,27,4,6,13,39,3,250,18,21,1,51,21,45,274,41,7,64,127
2021,"Enfield 032","E02000308",4347,27,66,158,1,73,1,20,1,43,9,16,122,16,28,119,28,6,13,32,30,71,3,33,197,32,56,96,72,28,27,24,1,15,42,23,15,44,17,37,29,0,31,138,14,30,2,17,30,40,106,2,46,4,37,96,28,50,120,89,11,4,8,15,54,0,159,69,10,6,1,88,11,61,7,165,10,45,25,9,0,3,201,6,33,42,4,19,2,3,18,28,2,139,15,9,0,52,6,16,179,33,8,61,159
2021,"Enfield 033","E02000309",4725,18,54,74,0,62,0,24,1,43,11,29,54,12,29,74,14,2,1,19,19,147,1,35,113,17,24,43,28,8,18,29,1,6,12,24,8,33,11,36,45,0,30,43,10,9,1,9,9,25,65,9,35,2,27,70,49,28,140,101,17,11,19,26,60,0,141,66,9,25,2,176,3,101,4,333,13,57,39,19,0,5,326,12,45,74,2,35,6,6,25,37,2,323,16,24,5,55,23,29,347,81,13,94,178
2021,"Enfield 035","E02000311",4742,8,74,99,3,80,0,20,0,59,11,25,104,12,30,95,17,2,15,39,24,81,1,28,164,34,57,75,52,27,25,32,1,12,26,37,5,34,13,63,42,0,22,65,19,29,1,12,19,44,101,4,42,8,36,111,39,27,93,106,17,7,18,31,73,3,203,79,10,17,3,142,7,112,8,184,8,70,35,11,0,5,272,8,45,54,2,23,1,3,16,41,0,238,12,19,0,66,19,41,233,44,13,59,186
2021,"Enfield 036","E02000312",5904,53,95,233,2,110,2,26,1,79,9,18,146,22,59,132,47,9,21,42,48,71,2,45,275,50,89,122,111,52,29,23,11,16,100,32,8,44,21,61,44,1,27,205,24,28,2,9,29,43,173,12,53,6,40,95,45,49,147,125,31,7,18,17,65,5,243,97,30,12,6,120,10,102,10,216,11,50,64,22,0,4,212,9,46,55,6,18,6,7,10,47,4,170,18,12,1,62,18,22,262,65,5,40,196
2021,"Enfield 037","E02006793",3620,9,40,33,1,57,0,15,0,33,12,11,48,9,42,38,6,1,5,32,12,192,0,23,93,14,18,47,21,9,10,31,0,5,7,12,2,17,19,42,37,0,22,29,4,10,4,1,11,23,53,13,25,7,32,59,52,25,79,76,10,6,13,25,32,2,125,32,11,26,2,131,2,76,3,285,10,32,25,19,0,15,219,10,51,41,2,33,0,2,13,20,4,231,31,18,1,32,23,17,178,61,8,72,143
2021,"Greenwich 001","E02000313",2808,17,30,36,0,26,2,14,0,13,10,8,30,6,21,36,7,1,4,10,5,122,0,16,53,14,10,19,18,11,11,20,1,11,3,17,4,16,12,37,35,2,34,28,3,13,1,4,8,17,25,1,20,2,19,40,43,15,63,41,6,2,11,10,31,0,61,25,11,12,7,60,1,77,2,266,13,18,45,11,0,7,160,5,19,48,18,12,3,6,4,38,3,159,24,46,0,35,21,19,135,126,13,75,78
2021,"Greenwich 002","E02000314",6052,35,68,141,1,74,6,27,0,55,18,33,97,18,51,151,17,3,8,40,14,263,0,45,133,23,37,116,70,50,25,78,0,38,29,39,9,59,20,60,40,2,103,69,26,9,0,12,31,59,106,9,50,15,50,116,54,43,130,104,5,7,19,32,56,2,148,50,14,10,3,127,11,106,1,552,24,53,55,15,0,13,285,13,60,115,6,16,2,5,13,57,7,272,25,28,2,56,48,20,240,175,14,124,187
2021,"Greenwich 003","E02000315",4166,10,32,89,0,67,2,29,1,30,8,28,64,4,34,89,9,4,10,21,9,190,1,19,69,16,24,51,36,25,13,34,4,11,5,23,6,28,14,45,42,0,39,43,3,10,1,1,15,26,60,7,32,5,32,41,55,23,100,66,48,8,31,14,63,4,87,64,17,2,6,79,13,131,0,333,28,36,60,7,0,10,252,4,44,63,5,28,2,6,12,43,2,208,28,31,1,42,30,19,173,139,14,97,127
2021,"Greenwich 005","E02000317",3275,10,37,82,0,35,5,18,0,29,11,10,49,4,23,91,15,0,5,16,16,110,0,13,81,20,32,45,54,29,11,22,2,7,29,22,6,33,19,29,29,0,27,63,3,7,0,6,24,30,72,7,41,8,24,37,27,19,56,44,12,5,17,10,21,0,81,28,5,3,2,81,8,87,3,259,12,33,36,15,0,7,200,11,27,57,1,14,3,2,8,26,1,146,4,15,2,21,14,19,147,100,9,55,124
2021,"Greenwich 006","E02000318",4967,15,61,93,0,54,2,16,0,52,17,12,72,11,28,61,9,3,7,16,27,138,2,19,107,19,15,51,38,25,17,31,0,16,35,24,8,35,12,24,30,0,59,55,9,8,0,5,15,25,89,7,38,5,42,71,53,46,71,80,12,10,27,14,51,3,150,45,13,3,1,182,8,117,4,356,17,45,49,23,0,12,362,8,43,71,2,47,0,12,26,39,7,202,22,9,7,60,103,26,230,266,23,139,241
2021,"Greenwich 007","E02000319",5129,15,49,139,2,85,5,21,1,66,19,13,95,12,38,120,27,3,7,23,13,114,4,27,149,27,34,80,70,36,21,35,8,20,41,27,15,51,19,42,36,0,50,107,13,17,0,6,26,66,114,10,52,17,56,89,56,30,104,75,13,6,28,20,46,2,151,47,6,9,5,108,11,105,5,320,26,58,65,9,0,10,252,15,49,104,6,26,9,2,16,35,6,220,21,17,3,44,50,19,179,217,20,116,156
2021,"Greenwich 008","E02000320",3281,14,43,75,0,48,1,9,0,14,9,15,43,8,35,68,16,3,11,12,18,83,0,20,92,17,24,45,40,25,31,29,5,16,19,19,9,24,9,26,40,1,32,48,8,7,0,8,16,37,59,5,27,4,43,49,37,18,79,71,10,2,17,9,58,1,106,44,11,6,9,60,4,87,1,211,12,17,35,13,0,4,167,4,31,47,2,20,3,3,10,25,10,167,12,11,1,41,49,20,117,89,8,73,90
2021,"Greenwich 009","E02000321",3458,5,31,77,1,36,0,11,0,31,12,16,57,9,28,51,12,7,5,8,13,94,0,8,73,16,16,35,41,17,14,18,1,11,28,17,9,44,10,35,32,0,34,58,7,14,1,6,25,28,72,7,29,10,21,41,33,14,77,67,9,2,26,10,45,1,88,30,11,2,1,66,5,109,3,285,22,47,48,13,0,5,190,7,17,53,2,17,1,9,11,44,5,161,10,13,2,28,33,13,180,129,13,91,128
2021,"Greenwich 011","E02000323",6136,19,76,154,4,94,4,28,2,56,12,23,88,19,37,192,28,4,18,32,29,221,0,31,158,28,41,128,101,66,41,33,6,35,42,36,9,41,21,48,47,1,54,149,14,34,2,9,42,74,128,7,64,12,41,88,42,29,96,84,11,16,36,15,42,2,138,45,14,9,3,170,3,143,3,411,23,66,71,18,1,11,321,8,78,89,2,42,6,10,15,44,7,208,29,19,5,44,60,21,306,209,11,131,198
2021,"Greenwich 012","E02000324",3496,29,44,103,1,53,8,13,0,40,3,11,58,2,27,105,18,6,9,32,16,121,3,15,110,27,19,53,61,27,21,27,4,12,35,14,5,36,17,31,28,0,22,80,10,17,1,13,25,32,72,8,36,8,25,56,45,37,64,53,8,0,22,10,47,1,72,34,11,4,4,88,6,91,7,186,15,26,22,10,1,3,209,10,27,46,0,10,5,6,5,21,2,135,7,14,1,26,7,12,144,80,15,60,138
2021,"Greenwich 014","E02000326",4340,47,72,291,3,63,0,16,3,47,3,10,116,16,36,193,26,9,17,34,46,80,1,34,209,25,69,105,109,47,49,16,6,17,83,20,12,46,28,29,41,1,30,176,16,21,2,5,44,43,172,3,49,12,32,74,43,32,68,91,13,1,9,7,37,2,93,43,5,7,6,47,11,68,8,157,14,32,21,8,0,3,140,9,49,45,2,16,0,10,4,39,2,83,6,12,0,21,7,14,100,45,6,46,104
2021,"Greenwich 015","E02000327",3039,12,26,99,0,28,27,8,1,20,9,14,46,7,9,89,16,2,8,20,18,140,0,21,89,12,25,44,35,19,17,24,3,10,12,10,6,18,21,34,26,1,212,70,14,14,3,3,19,53,61,7,36,5,30,45,27,18,54,52,10,5,10,9,27,3,64,17,13,3,0,57,7,65,2,209,15,22,23,13,0,0,135,8,16,46,6,6,3,4,4,20,1,91,10,15,0,23,6,10,118,71,5,35,83
2021,"Greenwich 016","E02000328",3477,59,37,344,0,36,3,16,3,30,2,11,110,13,37,132,24,9,21,45,39,46,4,12,179,23,119,124,146,63,35,24,8,23,82,14,18,41,10,23,19,0,27,155,13,22,2,11,70,54,126,1,52,11,24,41,23,26,57,56,8,0,5,5,18,5,39,13,8,2,4,31,8,62,5,74,13,10,29,2,0,0,63,6,23,29,1,8,0,1,4,13,3,46,1,1,1,12,10,9,63,26,1,11,49
2021,"Greenwich 017","E02000329",2973,7,48,100,0,46,3,16,0,30,9,20,65,10,39,65,5,3,22,7,22,66,3,10,121,20,14,41,35,15,19,22,4,14,20,15,10,33,12,42,29,1,38,68,12,10,0,3,15,32,57,8,30,8,42,48,28,28,62,76,11,6,27,8,45,5,90,39,16,0,2,47,4,81,3,135,14,24,27,11,0,0,146,7,25,43,2,7,5,7,7,27,6,103,5,9,1,35,16,14,105,66,7,48,59
2021,"Greenwich 019","E02000331",3859,26,47,155,0,54,4,17,2,56,7,14,73,10,32,113,23,3,16,35,31,112,4,35,138,31,25,67,88,40,19,25,1,18,44,27,10,54,13,43,33,2,26,80,15,19,2,8,26,32,96,6,33,8,30,73,45,25,79,74,8,0,22,11,55,1,81,45,10,1,3,96,3,101,4,178,19,55,33,12,0,6,168,8,40,55,4,9,0,2,10,30,3,135,14,13,2,18,14,18,107,89,9,52,91
2021,"Greenwich 020","E02000332",3707,17,62,174,0,64,4,22,0,43,16,21,109,10,30,111,20,3,10,25,27,84,1,24,201,42,37,63,69,34,29,39,6,28,48,16,14,41,15,38,39,1,58,99,13,16,0,6,26,44,99,6,46,14,38,61,35,21,97,92,26,7,27,11,37,3,90,30,16,4,5,44,5,82,11,124,9,34,30,5,1,1,116,10,31,39,1,3,1,4,11,28,0,119,9,26,1,29,4,18,70,40,4,44,89
2021,"Greenwich 021","E02000333",3329,48,55,318,0,35,4,20,0,38,4,13,144,13,31,124,21,6,21,94,30,59,2,29,158,29,120,105,116,44,27,17,8,27,64,10,12,27,13,30,15,0,22,167,18,19,3,4,65,60,116,4,45,8,35,39,27,22,51,72,13,1,8,4,31,1,25,13,5,1,1,26,7,36,2,51,17,15,17,7,0,1,82,6,18,29,4,2,0,0,1,1,3,26,3,0,3,8,6,8,29,37,2,18,53
2021,"Greenwich 022","E02000334",3181,24,56,154,0,50,2,12,4,50,14,10,80,13,41,121,14,3,12,41,15,74,3,27,129,20,35,82,66,33,34,30,4,19,27,18,7,28,14,37,18,1,34,53,11,16,1,5,24,41,76,7,28,8,21,54,42,29,57,71,12,4,20,11,37,2,71,28,6,2,2,44,2,95,3,116,14,35,26,9,1,0,124,8,26,33,1,7,0,4,6,22,3,86,11,7,2,13,7,17,90,50,5,35,84
2021,"Greenwich 023","E02000335",3292,21,63,241,0,43,3,24,0,34,6,20,88,10,34,118,19,3,9,7,23,52,1,21,179,35,28,50,62,45,40,12,5,19,43,17,7,26,14,30,21,2,57,74,15,11,2,9,39,40,75,6,36,12,40,73,47,38,92,118,13,4,24,12,46,4,80,31,5,6,5,31,6,85,11,86,11,17,12,4,0,0,112,2,32,24,2,6,3,3,10,24,4,99,5,12,1,13,9,14,45,32,11,24,53
2021,"Greenwich 025","E02000337",3849,17,67,133,0,49,4,15,1,29,9,24,80,14,35,113,16,5,10,23,14,68,3,18,97,28,22,64,39,40,15,20,0,22,15,11,6,35,14,35,32,2,53,48,10,25,0,6,28,39,83,3,42,7,33,68,58,30,82,101,26,8,44,21,59,3,144,46,10,4,4,88,4,138,6,140,19,35,47,6,0,5,194,5,25,44,2,5,5,9,10,51,2,164,19,8,1,36,15,28,170,69,9,46,115
2021,"Greenwich 027","E02000339",2980,28,60,203,0,38,4,11,2,37,3,15,96,8,28,112,14,1,12,25,24,53,3,19,145,46,34,68,65,40,31,10,3,18,42,12,14,33,10,23,28,1,36,67,12,27,3,8,40,34,101,7,35,7,35,54,36,24,74,77,17,8,11,4,45,1,89,16,4,4,2,24,7,79,1,86,12,15,18,4,1,0,87,6,24,26,1,4,4,1,5,22,0,80,8,7,1,9,5,8,44,27,4,10,53
2021,"Greenwich 028","E02000340",3350,27,98,185,1,44,0,16,0,44,3,17,99,10,29,133,20,4,12,24,14,55,1,25,122,22,26,83,61,35,36,27,6,16,42,30,9,33,11,33,27,2,27,60,6,22,2,4,52,39,102,3,31,5,25,90,31,36,76,129,20,7,17,12,66,6,74,32,5,2,2,47,5,69,9,100,13,34,17,5,0,5,96,7,26,44,2,2,0,4,2,22,0,95,5,11,2,12,11,17,66,51,10,21,75
2021,"Greenwich 029","E02000341",3441,12,63,97,0,44,2,13,3,39,11,20,82,7,30,67,8,4,6,21,16,85,2,18,77,15,16,55,42,22,22,25,4,13,14,17,4,28,8,31,40,3,33,42,11,8,0,4,10,28,67,5,25,5,41,65,47,23,74,87,25,4,31,12,43,0,119,52,18,3,1,64,7,118,4,200,17,58,36,13,0,3,180,6,30,52,0,5,1,10,13,53,3,153,12,17,3,30,9,24,110,69,12,48,112
2021,"Greenwich 030","E02000342",2896,21,55,142,1,38,2,8,2,31,6,15,64,6,21,104,14,2,8,14,12,73,7,18,92,22,26,51,47,28,25,10,6,17,28,19,5,26,13,23,19,2,45,50,13,14,1,8,38,33,59,0,31,4,30,69,29,27,69,97,25,3,22,11,37,3,96,32,3,0,4,50,4,86,8,107,11,20,15,15,0,5,123,6,27,34,0,5,3,3,4,22,1,86,3,17,0,14,4,16,77,35,4,34,81
2021,"Greenwich 031","E02000343",3213,14,62,142,0,59,2,9,1,39,21,17,78,11,33,120,12,4,8,25,23,49,0,16,79,26,24,81,47,34,42,19,4,10,14,13,11,30,7,26,24,0,37,42,8,11,0,3,26,24,72,4,31,8,37,61,34,38,90,86,37,4,28,15,49,0,115,41,6,5,3,54,8,79,7,121,13,30,25,6,0,0,131,9,39,33,3,7,2,15,6,28,4,108,9,10,2,14,7,23,98,58,8,33,72
2021,"Greenwich 032","E02000344",3097,21,69,193,2,41,2,11,3,25,8,10,83,9,31,104,7,4,9,14,9,42,1,17,110,29,35,79,53,37,25,24,4,30,26,13,6,37,7,22,18,0,39,46,10,13,0,13,45,33,93,6,33,9,26,91,32,25,93,133,16,6,17,15,57,2,109,31,11,5,3,32,5,89,7,96,17,38,23,6,0,5,101,1,27,28,0,7,0,4,3,18,0,104,8,7,1,18,3,13,54,29,2,13,56
2021,"Greenwich 033","E02006786",3481,9,42,86,3,51,0,19,1,41,6,13,57,6,26,84,14,4,7,15,19,114,1,21,96,24,19,60,42,22,22,25,2,13,19,28,4,37,14,39,38,3,30,56,12,11,1,6,25,38,67,9,25,7,45,66,41,24,71,78,13,3,14,21,43,1,106,33,5,4,3,86,3,61,5,190,16,28,44,16,0,3,189,8,29,43,2,23,7,4,1,53,3,127,18,17,1,16,38,19,147,108,12,67,93
2021,"Greenwich 034","E02006927",6288,74,124,461,0,95,4,18,2,71,12,20,182,16,75,352,54,6,45,88,51,116,1,42,225,29,122,189,172,90,58,35,12,41,88,39,18,53,14,49,51,2,51,186,37,37,0,9,103,102,217,6,89,10,47,96,50,43,107,125,9,3,30,11,57,5,118,30,14,6,7,90,9,106,8,170,25,43,39,12,0,0,175,11,39,53,11,6,2,3,7,31,5,146,18,15,2,24,11,29,139,65,7,48,138
2021,"Greenwich 035","E02006928",6980,139,58,564,2,60,1,19,4,60,7,18,160,22,86,496,74,4,54,72,56,102,2,55,245,47,223,341,347,120,54,26,9,51,133,22,34,55,27,46,43,4,54,199,34,31,0,17,129,126,323,9,118,7,46,89,61,41,81,95,11,2,16,7,54,3,48,20,8,10,4,69,6,90,3,213,25,43,38,11,0,1,197,15,26,62,1,15,3,3,7,22,2,99,7,10,3,11,8,15,118,64,6,44,158
2021,"Greenwich 037","E02006930",5952,94,81,519,0,55,14,29,1,71,10,17,153,12,74,321,37,18,42,67,50,73,3,36,234,49,194,230,271,106,65,26,14,33,106,29,43,53,13,42,32,0,55,242,38,31,5,24,113,80,258,5,70,5,50,72,36,42,78,92,12,1,12,3,65,3,56,34,4,2,8,68,10,75,7,145,23,29,15,11,4,2,159,4,64,75,3,2,1,2,7,19,1,74,6,16,2,17,15,14,63,49,5,25,127
2021,"Greenwich 038","E02006931",5225,89,64,494,0,61,1,18,0,68,3,13,149,17,41,209,29,9,24,71,40,63,2,30,197,36,240,200,186,92,47,29,16,37,117,19,31,51,9,36,23,0,36,207,29,26,3,16,93,63,181,6,59,4,44,65,38,43,69,79,11,2,13,5,25,2,44,20,4,4,1,69,5,90,6,173,29,33,23,12,2,5,136,12,39,61,2,6,0,1,6,20,2,89,15,12,2,6,5,7,108,46,7,23,120
2021,"Greenwich 039","E02006991",4431,57,52,336,1,87,0,18,0,58,4,18,115,15,64,373,42,5,21,81,31,63,0,34,157,23,111,209,202,78,46,14,2,44,73,19,21,54,12,24,9,0,57,156,29,15,8,10,87,74,215,6,72,6,53,64,35,37,77,60,4,3,13,6,34,1,24,11,8,2,4,46,7,27,0,87,14,21,8,12,0,1,94,8,30,58,1,4,1,2,1,10,3,38,3,4,0,5,7,9,38,30,4,37,77
2021,"Greenwich 040","E02006992",4882,109,67,444,1,51,3,20,2,42,11,14,119,15,56,380,41,7,42,52,33,52,0,32,134,29,138,249,250,94,39,18,5,49,72,21,19,45,12,30,21,2,30,124,24,20,3,15,107,82,222,4,53,7,28,86,35,28,81,87,3,3,8,4,24,0,34,18,6,5,2,48,5,77,2,124,28,29,30,3,0,0,107,12,28,48,1,7,1,2,7,12,3,60,6,6,0,14,7,11,70,50,6,28,87
2021,"Greenwich 041","E02006993",5016,84,35,388,0,69,2,19,0,64,6,20,132,16,74,411,57,4,37,72,32,74,1,46,126,27,80,257,254,75,36,20,1,50,66,24,24,68,9,27,26,0,36,139,36,22,1,18,64,77,223,6,89,10,38,94,44,20,71,81,1,4,6,5,33,4,35,15,7,4,5,87,3,57,10,118,19,36,15,4,0,6,179,7,30,43,3,3,1,1,11,14,1,52,3,7,1,7,6,20,66,33,5,29,138
2021,"Greenwich 042","E02006994",3907,19,42,119,4,47,2,18,1,43,8,19,62,11,39,139,22,9,8,23,14,109,2,19,99,17,27,89,72,25,24,25,2,32,32,20,5,28,12,36,23,0,40,65,11,11,2,5,23,45,110,1,40,3,26,64,51,26,81,73,6,2,17,12,31,3,72,29,13,7,2,120,4,66,1,265,17,48,38,13,0,10,206,5,30,57,3,11,0,8,10,31,1,137,10,15,2,20,20,22,170,114,8,66,161
2021,"Hackney 001","E02000345",3221,12,50,78,0,79,0,10,0,21,4,9,200,4,17,45,19,6,8,8,20,23,0,5,384,47,23,18,49,25,7,22,7,3,34,7,9,13,12,24,10,0,2,94,20,10,0,2,17,15,56,7,17,3,10,76,6,29,140,371,12,1,1,9,8,0,41,12,2,4,7,47,5,156,2,66,13,25,15,6,0,0,147,8,24,16,1,9,2,3,4,16,1,76,4,2,6,11,7,27,144,19,4,18,53
2021,"Hackney 002","E02000346",4540,26,58,220,0,63,1,13,1,51,3,17,110,37,42,320,50,4,41,39,45,86,1,29,154,24,73,84,157,42,53,29,7,19,87,22,35,37,15,47,51,1,24,161,33,24,1,12,30,56,208,6,52,6,47,56,25,27,54,79,6,0,6,6,38,3,53,16,14,7,3,81,5,93,2,181,16,39,25,7,0,4,169,10,24,44,1,12,1,3,5,12,0,131,9,7,0,13,8,11,152,70,7,22,129
2021,"Hackney 003","E02000347",3225,30,45,88,0,58,4,16,0,38,3,9,144,7,23,52,28,0,15,13,20,30,0,19,372,63,32,15,54,18,21,22,2,11,67,9,13,17,5,29,23,0,5,130,24,11,0,3,14,25,105,2,18,6,20,43,16,19,100,206,11,0,5,4,10,0,44,12,2,1,1,51,6,146,0,119,6,30,25,5,0,1,86,11,19,36,1,13,1,4,7,26,1,80,0,2,1,20,5,28,139,23,2,14,65
2021,"Hackney 004","E02000348",2974,10,40,68,1,42,0,13,0,21,8,7,115,2,12,52,21,1,10,23,25,30,0,1,319,41,24,20,39,14,10,25,3,8,40,4,7,22,5,25,18,0,6,91,25,15,1,6,10,12,63,4,15,1,16,49,14,17,116,251,6,1,7,7,18,1,33,12,0,13,4,48,4,142,4,127,6,31,23,13,0,4,147,9,32,21,1,7,3,3,6,8,4,80,5,10,3,9,11,17,109,46,5,17,79
2021,"Hackney 006","E02000350",5462,37,59,260,0,67,1,24,2,73,7,10,193,22,41,168,99,12,42,42,55,34,1,15,363,47,121,65,180,62,60,35,22,11,173,31,42,49,20,52,37,2,10,373,76,19,0,6,32,46,242,18,58,3,35,77,36,35,121,168,13,4,25,7,31,1,73,13,3,9,9,77,16,151,3,86,11,45,50,12,0,4,180,15,46,38,2,27,1,16,10,10,3,99,5,16,2,16,8,26,97,44,4,36,127
2021,"Hackney 007","E02000351",5556,60,64,351,0,80,0,32,0,67,4,13,145,29,67,255,71,13,73,70,65,73,2,27,266,37,189,115,287,90,61,30,17,24,187,16,43,46,18,77,34,1,17,333,59,24,1,7,31,97,271,5,74,9,33,57,43,22,67,71,5,3,12,3,38,0,71,9,1,9,5,89,14,74,6,105,29,36,20,9,0,1,154,16,34,60,2,20,1,4,6,19,2,73,0,7,5,17,5,17,100,30,6,15,104
2021,"Hackney 008","E02000352",3423,42,42,206,1,55,3,28,2,46,2,5,101,10,22,98,67,3,22,25,52,32,1,8,222,55,81,41,100,31,40,21,16,14,114,10,30,23,9,60,15,1,12,236,52,23,1,6,22,43,150,3,33,3,23,34,27,21,51,79,6,1,7,4,27,2,71,8,2,6,1,44,15,68,10,84,13,20,24,1,0,1,80,8,18,26,3,11,0,1,11,20,1,58,2,2,3,4,8,13,72,37,2,9,44
2021,"Hackney 009","E02000353",4510,68,34,292,0,48,0,31,2,68,5,13,169,7,40,147,84,11,32,43,62,41,3,26,224,41,159,62,166,44,37,23,7,12,208,23,40,35,12,43,32,0,13,388,76,25,1,9,26,61,216,6,49,1,29,31,26,28,80,75,20,2,6,5,30,2,45,21,1,12,7,70,14,72,11,76,15,29,17,0,1,3,97,16,26,48,2,4,1,3,7,7,3,65,4,13,2,10,3,14,62,25,7,8,90
2021,"Hackney 010","E02000354",4948,43,53,227,0,67,3,29,0,49,9,6,131,9,46,134,72,5,32,46,32,63,0,28,190,36,82,50,161,46,42,30,11,12,157,21,58,49,14,68,46,0,12,391,78,29,0,7,24,54,198,9,54,4,27,56,33,32,93,74,12,5,12,23,30,4,36,18,2,17,3,106,13,134,2,152,18,59,29,11,1,2,165,13,46,47,1,8,1,2,14,15,4,159,4,9,2,6,15,20,149,58,3,30,156
2021,"Hackney 011","E02000355",4496,55,53,225,1,78,3,19,3,60,10,8,140,9,43,111,94,9,38,52,62,46,2,28,223,31,76,44,120,47,41,27,15,9,150,17,37,33,12,53,24,0,16,469,99,30,0,7,19,48,214,5,50,3,30,50,28,26,60,51,18,2,8,6,35,2,34,11,2,11,5,59,20,79,6,119,12,39,21,7,0,1,133,15,31,42,0,12,2,7,10,17,4,97,4,7,1,8,0,17,88,49,4,19,119
2021,"Hackney 012","E02000356",4283,50,58,304,0,59,1,14,0,55,3,6,162,10,31,145,77,6,38,48,66,49,1,15,194,47,175,80,161,45,57,25,18,11,210,17,54,32,8,55,17,2,15,403,73,24,0,6,22,46,200,2,58,2,36,41,23,23,61,49,12,0,7,4,17,2,38,14,1,5,9,52,13,65,3,66,7,30,8,5,0,5,104,10,30,36,1,2,0,2,3,8,1,41,3,0,3,7,1,16,47,21,3,12,79
2021,"Hackney 013","E02000357",2883,7,22,65,0,35,0,16,0,32,5,9,73,4,19,64,16,8,10,18,16,122,0,24,65,33,19,27,48,22,21,17,3,4,41,17,7,22,14,33,40,0,9,117,10,9,0,5,7,50,67,3,26,4,27,50,26,19,53,46,16,2,6,17,26,3,30,9,4,6,3,67,5,74,0,213,8,29,27,9,0,2,118,7,23,43,4,3,3,3,4,18,4,122,8,10,2,12,7,18,187,81,4,28,92
2021,"Hackney 014","E02000358",6333,52,81,333,0,91,1,22,4,77,6,18,179,17,47,203,118,11,48,61,68,95,3,23,237,43,146,94,233,74,75,44,22,21,259,21,82,54,37,70,39,3,26,503,91,26,1,11,44,87,296,10,84,2,37,46,50,42,85,87,16,5,20,4,43,0,68,24,3,16,8,111,21,129,6,165,18,62,26,6,0,5,193,21,51,78,3,12,1,4,5,15,2,121,4,7,4,6,6,18,132,50,5,31,168
2021,"Hackney 015","E02000359",3379,40,44,172,0,49,0,19,0,43,3,6,114,8,24,68,50,6,19,45,36,45,0,17,164,39,59,29,91,28,19,28,13,12,120,16,26,34,17,52,37,0,12,318,75,19,0,4,17,41,131,4,33,0,23,36,29,16,43,45,7,0,5,5,12,1,33,10,3,12,7,62,9,76,7,88,11,24,10,3,0,3,115,17,21,44,1,5,0,2,5,6,5,73,1,4,0,23,2,16,73,36,3,22,79
2021,"Hackney 016","E02000360",5484,38,59,243,1,65,2,24,0,62,6,12,115,11,49,144,58,10,26,41,34,142,0,22,182,37,104,73,148,60,58,29,15,19,160,30,35,37,13,52,40,0,15,348,71,25,1,7,30,54,185,9,43,6,38,60,50,22,91,64,15,5,10,12,37,1,46,12,4,10,4,101,12,108,4,248,17,48,35,16,0,4,282,20,50,91,4,24,2,8,10,26,2,203,7,11,2,18,9,25,208,135,5,39,179
2021,"Hackney 017","E02000361",4823,41,46,225,1,63,2,16,0,58,6,15,136,21,55,150,103,7,56,75,54,73,4,35,204,25,99,66,140,52,47,26,16,12,168,24,48,34,11,46,24,0,10,399,84,25,0,12,30,58,222,5,39,3,39,41,42,34,68,69,11,2,7,3,22,2,57,13,3,21,12,83,13,81,8,126,11,66,17,10,1,1,125,30,21,59,0,2,3,0,14,9,1,97,2,7,0,7,22,13,132,54,8,24,159
2021,"Hackney 018","E02000362",3535,18,34,153,0,41,0,17,2,43,7,8,81,9,21,92,50,7,29,18,34,77,1,14,126,18,41,31,112,39,35,24,5,11,108,14,25,28,10,47,22,0,16,275,53,25,0,7,19,58,182,1,39,1,30,36,32,25,62,64,14,1,11,12,19,3,35,7,8,9,4,77,6,80,3,131,11,36,22,4,0,1,100,8,17,44,12,6,1,1,5,12,3,104,5,18,1,18,5,12,103,49,2,17,121
2021,"Hackney 019","E02000363",5112,38,40,161,0,54,1,30,1,62,13,21,86,19,30,88,65,10,29,34,38,136,0,22,140,34,54,51,116,53,32,33,9,13,123,22,24,39,21,59,58,0,15,249,59,35,0,8,21,46,164,5,50,2,45,41,48,77,90,93,14,3,6,15,25,4,44,20,8,14,6,116,9,116,3,318,25,63,54,18,0,7,251,21,52,67,2,10,3,2,11,8,2,161,14,6,2,15,13,36,259,140,6,44,192
2021,"Hackney 020","E02000364",5164,72,54,317,1,79,0,21,0,66,5,9,182,12,38,168,95,12,48,71,56,73,0,26,199,43,143,71,191,54,51,33,9,11,224,27,71,43,18,52,33,1,14,423,94,21,1,14,37,54,241,6,59,7,42,49,33,35,61,65,22,3,10,3,31,3,31,15,3,13,6,70,22,84,4,123,27,60,25,5,0,0,130,15,38,51,2,7,1,2,11,9,3,65,2,14,1,14,1,11,94,65,3,17,113
2021,"Hackney 022","E02000366",4058,43,60,225,1,63,1,24,2,65,1,11,106,8,35,99,61,5,17,43,55,56,3,15,157,37,87,63,83,27,38,30,9,13,119,14,45,42,15,50,22,2,14,265,64,17,1,10,40,45,184,8,29,1,26,43,30,21,58,72,12,1,6,9,25,1,41,23,5,7,9,58,13,99,10,169,17,39,26,9,0,1,116,12,26,49,2,5,3,2,10,15,4,106,5,12,2,14,6,19,115,67,7,16,85
2021,"Hackney 023","E02000367",6391,83,65,423,1,102,3,21,1,102,8,18,207,20,81,232,113,19,59,95,33,92,2,34,241,40,155,106,254,91,90,25,12,29,238,17,64,65,11,62,39,0,25,454,131,39,0,10,47,83,357,6,70,3,51,66,38,44,78,72,10,1,6,8,28,4,50,12,4,31,7,80,21,82,4,145,16,77,28,7,0,3,161,19,35,58,1,14,4,3,12,18,3,93,2,8,1,12,2,15,148,60,11,26,134
2021,"Hackney 024","E02000368",4807,44,36,201,2,55,2,21,0,65,2,17,117,20,43,147,70,10,36,26,48,87,2,27,168,18,103,80,163,64,59,29,9,19,118,20,48,36,9,58,51,1,14,272,65,27,0,11,35,66,218,3,31,6,31,75,25,28,66,84,14,3,6,20,41,1,34,16,3,16,0,80,14,109,2,161,21,63,26,15,0,4,178,9,37,57,4,9,2,3,8,18,2,165,7,10,1,17,9,14,166,94,2,17,141
2021,"Hackney 025","E02000369",7587,107,64,516,0,111,7,22,0,84,7,16,178,30,77,399,141,20,74,75,59,111,1,29,182,39,277,231,298,89,108,30,8,24,193,43,91,77,14,71,51,2,29,389,97,34,2,13,72,99,397,11,88,8,47,77,42,50,91,106,13,3,10,11,37,3,47,38,7,23,14,121,8,122,5,182,24,59,38,20,1,6,231,21,79,88,4,13,5,8,14,15,3,179,8,11,2,25,4,22,152,93,6,35,169
2021,"Hackney 026","E02000370",4815,87,39,302,0,63,1,8,0,60,4,14,110,22,39,222,59,11,38,40,33,70,1,18,129,21,146,164,226,75,51,21,8,21,109,21,52,42,22,33,36,0,13,228,48,16,2,13,65,61,220,10,49,4,17,63,31,31,84,78,4,1,7,10,31,0,38,13,3,7,5,60,5,81,8,136,14,60,32,16,1,8,154,16,43,50,0,12,1,3,0,17,1,99,8,4,1,12,6,26,145,69,3,29,125
2021,"Hackney 028","E02006918",3881,24,35,136,0,60,3,13,1,61,16,8,98,9,40,112,49,6,35,28,27,71,2,14,211,36,43,66,85,35,28,30,2,14,78,13,18,39,12,42,32,0,30,219,46,22,0,3,21,50,148,10,33,3,25,63,33,28,83,115,12,0,11,8,22,0,41,26,3,8,7,73,8,92,5,145,14,29,30,15,1,7,149,13,14,48,0,7,2,3,5,14,6,111,2,7,2,5,10,22,157,53,3,38,89
2021,"Hackney 029","E02006921",3108,13,38,67,1,46,2,12,0,20,1,7,118,9,17,46,22,6,9,10,16,56,0,5,305,27,41,27,54,9,12,24,4,5,45,24,8,33,8,43,18,1,18,113,16,12,0,4,11,24,69,6,21,5,16,50,33,18,103,233,7,3,5,3,19,2,40,14,4,5,1,45,3,113,5,132,18,30,21,7,0,3,131,10,13,45,1,6,1,1,5,8,1,111,3,4,1,8,9,40,144,35,4,15,71
2021,"Hackney 030","E02007108",4098,61,45,311,0,47,0,11,1,48,2,11,127,20,42,199,92,7,42,47,38,28,1,23,114,14,149,118,228,55,50,12,12,15,186,19,50,33,8,18,14,0,15,295,78,28,0,6,53,60,287,6,48,3,17,40,25,21,47,51,12,1,7,2,22,0,27,6,2,7,3,44,16,38,1,55,6,44,18,3,0,2,71,15,23,42,1,11,0,7,7,10,2,30,4,8,0,9,6,8,44,27,1,10,68
2021,"Hackney 031","E02007109",4243,64,37,318,0,56,0,16,0,59,8,15,141,14,46,170,68,14,37,36,50,46,1,27,130,26,178,85,175,46,55,19,10,15,153,31,43,31,18,37,25,0,17,288,78,25,0,16,36,67,183,2,38,2,27,39,31,37,70,56,11,1,4,9,21,0,27,5,2,8,3,50,12,51,2,108,12,40,23,7,0,4,95,17,29,31,0,6,2,3,4,11,2,87,6,7,1,9,1,23,65,38,6,12,76
2021,"Hackney 032","E02007110",4104,55,44,253,1,66,1,19,0,57,5,9,109,17,49,230,63,6,39,31,17,80,2,17,98,10,122,148,178,42,25,15,6,14,97,13,29,43,7,33,14,0,26,150,37,17,2,12,58,64,226,2,40,2,30,65,32,30,64,42,9,3,12,5,45,0,34,14,4,8,1,60,6,48,4,96,21,31,13,23,0,0,139,19,43,48,1,9,1,3,6,15,0,77,2,5,1,8,3,13,141,49,3,13,105
2021,"Hackney 033","E02007111",3869,79,35,309,0,67,0,10,0,81,3,9,115,8,38,243,62,2,28,27,14,29,0,21,89,16,143,237,215,44,35,8,14,23,115,23,39,35,5,12,12,0,16,212,42,18,2,10,101,63,214,1,42,2,11,36,22,25,29,34,0,3,1,5,8,0,17,6,2,8,2,43,1,38,0,70,7,30,8,5,0,0,93,8,22,36,2,7,2,3,6,8,0,47,1,4,1,2,3,12,81,34,3,14,101
2021,"Hammersmith and Fulham 001","E02000372",4614,28,62,154,0,60,4,22,0,44,7,17,98,28,41,119,24,2,62,83,33,292,2,50,163,25,41,66,125,33,26,21,7,22,56,23,7,29,25,34,36,2,17,111,19,25,0,6,23,45,137,6,42,7,25,71,41,27,81,120,16,2,10,21,53,4,79,31,7,16,3,124,15,131,2,190,20,26,37,14,0,1,207,6,29,60,2,14,1,4,4,15,8,156,6,5,0,16,6,34,156,60,4,48,195
2021,"Hammersmith and Fulham 002","E02000373",2944,16,31,77,1,37,3,4,2,35,3,6,56,10,18,60,11,1,13,15,8,64,0,13,80,18,17,32,44,20,10,11,0,12,30,12,4,30,12,31,47,0,14,56,9,16,0,4,16,23,72,6,32,2,17,46,27,17,74,61,1,1,9,9,26,1,38,21,4,3,4,72,2,121,4,205,15,16,48,5,0,0,203,5,27,51,1,7,4,2,4,12,4,173,7,9,1,8,6,17,128,73,4,42,165
2021,"Hammersmith and Fulham 003","E02000374",3346,50,37,149,0,66,1,7,4,56,7,18,82,24,15,116,32,5,29,29,25,66,0,22,133,21,34,48,90,29,20,13,2,20,75,14,14,21,8,30,29,0,16,147,30,21,2,10,20,34,146,3,38,5,26,58,39,22,63,78,21,2,6,15,30,0,57,15,6,5,5,90,7,101,7,94,22,25,28,4,0,0,123,7,25,41,4,3,1,3,8,12,1,83,11,10,1,13,2,13,75,46,1,25,99
2021,"Hammersmith and Fulham 004","E02000375",3919,57,68,196,1,68,3,15,2,53,4,8,131,15,43,125,34,4,41,51,22,61,2,21,145,12,70,112,107,36,29,11,3,15,68,24,15,28,5,27,24,0,21,147,27,28,2,6,36,54,206,7,46,1,16,48,37,31,85,80,5,2,9,8,28,0,47,28,4,3,2,80,7,110,7,115,16,28,31,10,2,1,163,10,42,49,1,6,1,1,7,17,0,105,4,10,1,19,2,13,100,39,2,22,128
2021,"Hammersmith and Fulham 005","E02000376",3904,48,52,224,3,57,4,5,2,88,9,12,96,12,35,152,44,6,31,55,40,73,3,19,133,17,71,89,122,37,28,20,5,14,85,23,13,34,12,22,27,0,21,169,37,20,5,9,33,68,181,7,38,4,21,65,37,28,56,90,11,7,8,5,21,1,35,22,5,5,3,110,5,93,6,97,19,29,33,10,3,2,134,11,44,33,1,5,1,2,8,13,0,103,2,11,0,9,3,12,75,40,2,16,138
2021,"Hammersmith and Fulham 006","E02000377",4166,63,45,221,2,84,2,18,3,74,3,15,146,15,30,122,34,6,28,46,31,53,3,26,161,29,65,83,97,45,30,19,11,9,93,28,27,37,8,32,24,0,14,243,31,25,1,4,42,54,193,4,47,0,21,57,30,25,82,89,14,5,7,5,29,2,55,23,5,6,5,97,6,147,3,131,22,35,37,10,0,2,140,14,37,49,3,9,4,2,10,16,3,89,5,10,0,10,6,17,78,31,5,33,119
2021,"Hammersmith and Fulham 007","E02000378",3739,67,45,273,1,59,3,10,0,53,0,13,122,23,42,150,28,4,34,62,26,56,2,20,143,25,82,106,150,37,46,10,5,17,99,27,20,33,15,16,19,0,6,147,29,24,0,7,58,59,199,2,45,9,17,45,22,27,61,78,8,2,8,3,22,1,17,18,2,0,1,81,2,77,7,73,19,32,21,14,1,2,151,14,38,44,6,7,0,3,7,5,2,55,2,3,0,8,3,12,69,20,4,17,80
2021,"Hammersmith and Fulham 008","E02000379",3767,68,61,304,3,54,6,7,1,56,2,14,138,23,38,137,20,4,25,60,40,54,4,31,186,39,95,85,144,38,26,13,6,23,70,14,14,35,10,16,19,0,16,209,39,25,0,10,41,45,205,6,60,5,18,49,28,26,53,76,17,3,8,6,18,0,50,15,3,7,1,56,7,82,5,84,22,27,22,4,1,1,100,7,29,28,2,2,3,1,4,4,1,73,3,3,3,6,3,11,51,27,1,5,67
2021,"Hammersmith and Fulham 009","E02000380",3021,75,40,255,0,60,2,11,3,51,0,8,131,14,31,126,31,2,23,55,38,42,2,19,116,25,82,84,117,39,25,10,7,20,88,8,12,21,4,21,12,1,10,154,26,25,2,7,52,38,147,1,30,2,22,43,24,11,45,65,8,0,10,3,16,2,19,17,3,2,3,48,10,59,2,48,11,12,20,2,1,0,56,5,34,28,0,1,0,1,1,7,0,33,0,5,0,1,0,0,36,21,3,18,60
2021,"Hammersmith and Fulham 010","E02000381",4132,88,61,434,0,83,3,13,2,61,2,12,146,18,47,117,35,6,27,49,41,42,5,28,150,26,148,123,182,75,39,26,6,16,94,18,29,24,27,25,24,3,13,164,45,23,0,14,96,45,223,1,46,1,18,49,37,33,47,84,5,2,3,6,21,0,19,10,2,8,0,49,5,87,6,53,23,26,25,9,2,1,119,8,22,34,2,2,1,0,6,10,0,53,4,7,1,9,3,14,52,30,2,15,82
2021,"Hammersmith and Fulham 011","E02000382",3327,54,44,312,0,42,5,10,2,52,2,16,128,21,31,152,24,4,19,55,31,40,0,13,146,28,90,91,148,41,28,17,7,13,83,10,15,27,9,26,18,0,17,175,25,28,3,8,42,50,166,5,37,4,21,37,31,33,35,80,11,1,5,3,13,0,26,7,4,5,1,62,7,73,4,49,11,15,22,14,0,1,91,7,22,22,0,2,2,3,0,2,0,35,0,3,0,9,2,6,31,11,2,12,80
2021,"Hammersmith and Fulham 012","E02000383",4548,81,45,309,0,81,1,11,1,58,4,10,136,35,50,188,36,7,50,98,44,102,1,38,154,41,82,142,189,47,33,11,8,18,95,21,30,33,18,37,20,1,15,160,37,21,3,7,65,76,244,6,48,5,31,68,40,31,74,93,8,1,8,8,18,3,29,18,1,9,4,76,3,117,5,87,29,36,46,6,0,3,149,15,39,40,4,4,4,1,3,11,2,74,0,4,0,6,5,8,71,39,7,16,141
2021,"Hammersmith and Fulham 013","E02000384",4334,55,53,258,1,73,4,17,0,86,9,18,103,21,53,175,23,6,26,83,44,72,1,37,153,36,66,107,166,54,31,17,7,14,65,29,21,41,5,31,40,0,26,119,24,38,3,4,55,52,230,12,47,5,28,59,34,31,64,95,11,5,8,8,29,3,40,14,5,6,0,96,7,123,3,130,37,17,32,6,0,1,163,11,35,43,4,9,1,7,6,15,5,90,3,8,1,8,6,16,78,41,7,22,147
2021,"Hammersmith and Fulham 014","E02000385",3578,55,31,274,1,48,1,9,1,53,6,9,108,18,41,155,33,11,29,83,29,67,4,23,130,20,120,137,191,41,45,7,5,19,89,20,19,34,13,20,22,1,15,119,36,23,1,14,64,68,254,5,42,6,30,47,26,19,48,63,2,0,4,1,16,2,16,9,2,0,0,62,5,60,1,55,9,20,15,4,0,2,78,6,29,19,1,6,0,3,3,6,1,48,1,15,0,4,2,11,40,18,1,8,91
2021,"Hammersmith and Fulham 015","E02000386",3838,28,35,182,0,53,4,13,1,68,8,17,101,16,17,114,19,9,21,52,16,92,3,21,114,9,65,92,129,44,35,13,3,18,65,19,20,28,14,26,30,0,17,111,24,16,1,8,38,50,179,8,37,6,25,49,49,25,68,84,11,0,12,7,27,5,36,23,4,5,1,112,2,105,13,139,30,29,42,11,0,4,164,6,34,63,3,8,0,2,7,19,2,142,9,6,0,8,6,21,93,46,6,28,138
2021,"Hammersmith and Fulham 016","E02000387",3219,38,40,178,0,53,2,14,0,45,8,5,79,18,34,91,14,5,23,62,18,244,2,47,97,21,43,91,100,22,19,10,2,9,46,22,9,29,8,27,29,1,16,93,14,16,1,1,38,37,146,8,38,1,22,36,40,17,53,69,7,3,10,6,16,1,39,20,1,4,0,52,4,86,6,109,10,24,34,9,0,2,132,9,22,24,4,3,1,1,8,14,1,61,0,14,0,5,1,8,69,25,2,15,106
2021,"Hammersmith and Fulham 017","E02000388",5026,148,75,407,1,85,7,17,3,64,6,18,183,20,44,179,26,7,16,68,29,92,0,44,158,30,145,219,248,76,51,18,5,27,120,18,30,32,14,36,19,0,23,156,41,27,2,9,108,89,359,5,80,1,20,70,35,32,56,106,15,2,12,3,16,2,33,13,4,6,2,74,3,111,5,72,31,30,32,9,1,2,121,16,32,36,2,10,0,1,9,10,2,68,4,11,1,7,3,7,49,28,1,17,109
2021,"Hammersmith and Fulham 018","E02000389",4696,131,68,447,3,85,5,20,2,72,7,25,201,31,42,188,26,7,42,113,46,62,2,34,193,32,122,162,194,58,42,18,5,20,87,22,25,36,21,32,24,0,18,164,44,41,2,10,86,75,267,5,68,4,23,51,21,33,64,95,11,3,4,1,37,1,33,11,2,4,4,59,2,101,6,77,27,23,21,1,1,1,97,13,36,49,4,6,1,1,4,9,1,43,1,5,0,5,2,13,40,19,0,10,84
2021,"Hammersmith and Fulham 019","E02000390",3538,79,60,304,0,45,2,13,3,61,1,17,123,10,28,113,21,5,19,43,38,35,1,32,120,23,104,141,149,53,42,9,4,20,93,10,19,21,14,18,17,0,17,115,31,31,1,8,79,43,238,3,56,0,13,51,16,19,35,76,13,0,3,6,15,0,37,12,4,4,6,48,3,75,6,64,16,18,25,3,0,1,106,10,19,38,3,5,2,4,4,8,1,43,3,0,1,6,1,10,54,17,3,9,90
2021,"Hammersmith and Fulham 020","E02000391",4066,136,62,510,0,67,4,17,2,52,4,15,200,24,37,117,14,5,23,69,29,42,7,24,97,23,156,197,169,59,45,8,4,17,85,11,17,24,11,28,14,0,8,138,32,32,3,8,140,56,248,1,52,3,17,51,30,15,58,83,0,0,2,1,16,1,17,6,0,5,1,38,3,86,8,48,23,18,32,1,2,1,89,5,28,29,0,5,0,3,1,1,0,37,5,7,0,8,2,5,29,20,10,11,62
2021,"Hammersmith and Fulham 021","E02000392",5160,114,72,523,2,82,4,22,2,63,3,26,227,22,38,140,16,5,32,68,54,70,3,36,173,29,176,235,209,76,55,14,7,22,123,21,12,28,18,29,34,0,18,159,53,36,4,13,151,53,337,10,61,5,29,60,36,29,69,118,14,1,6,3,13,3,29,12,4,4,6,59,9,127,8,83,22,29,29,6,0,0,144,7,26,56,2,9,2,2,5,9,6,68,0,13,0,14,2,6,63,28,0,15,90
2021,"Hammersmith and Fulham 022","E02000393",3509,94,59,412,0,50,5,13,3,54,5,7,174,15,36,111,26,10,30,68,33,41,2,20,128,20,140,131,155,60,45,4,5,13,98,8,17,17,9,16,14,1,6,121,35,36,1,10,90,55,254,3,42,5,15,46,18,29,50,80,5,0,2,2,10,3,15,6,4,3,1,23,2,63,1,33,7,8,12,1,0,0,56,10,17,35,0,3,2,0,3,2,2,23,1,3,0,5,3,5,24,6,3,9,51
2021,"Hammersmith and Fulham 023","E02000394",5064,136,79,476,3,112,3,28,3,71,7,24,232,14,52,161,23,3,45,70,30,95,0,64,150,28,136,178,193,71,56,18,2,20,98,24,19,22,23,21,30,2,35,135,56,62,1,10,94,73,317,7,61,2,29,61,52,35,84,124,4,0,7,4,21,4,36,15,5,8,4,66,4,116,2,99,22,40,24,4,0,1,115,13,34,33,5,3,0,3,3,8,5,70,7,1,0,7,4,9,57,27,9,21,84
2021,"Hammersmith and Fulham 024","E02000395",3181,95,56,345,1,51,6,14,4,39,2,4,151,16,21,89,20,6,14,65,31,28,1,20,114,14,111,151,145,43,44,8,9,7,87,11,13,22,12,15,12,1,13,129,37,25,4,9,84,48,172,3,54,3,14,41,17,23,37,63,4,0,7,4,15,0,21,5,0,4,2,31,3,59,6,37,17,19,25,2,1,2,44,10,20,11,0,8,1,4,1,8,0,23,1,3,0,2,1,4,25,4,1,3,69
2021,"Hammersmith and Fulham 025","E02000396",3510,111,46,369,3,67,6,12,0,44,8,11,162,10,16,77,15,8,13,46,25,39,1,38,109,24,95,111,106,51,35,13,3,22,68,11,18,20,10,19,24,0,15,103,33,29,2,8,84,28,228,4,40,2,21,41,30,25,49,91,8,2,7,5,11,0,17,7,2,7,1,47,1,122,3,62,11,8,23,4,0,1,88,8,27,35,3,1,0,6,6,6,1,75,4,3,1,5,5,6,46,20,9,24,83
2021,"Haringey 001","E02000397",4180,24,58,172,2,57,2,10,2,63,7,29,79,15,31,102,26,3,27,17,32,53,2,19,181,30,39,67,73,38,29,25,9,6,71,18,17,32,13,42,18,0,19,156,28,34,0,7,10,35,92,5,32,4,24,39,44,22,81,83,25,4,12,14,51,1,148,82,6,9,1,128,9,106,3,122,17,45,33,25,0,3,167,14,50,47,2,12,1,1,6,31,2,134,8,11,2,48,12,14,234,55,5,51,174
2021,"Haringey 002","E02000398",2986,6,14,34,0,37,3,7,0,20,3,10,37,5,20,35,7,1,3,9,10,62,0,13,72,6,12,24,18,12,8,12,1,6,14,12,4,14,8,36,26,2,15,39,7,11,0,1,6,13,29,4,24,3,21,43,36,6,49,45,9,3,6,8,47,0,122,48,6,8,3,95,3,65,3,222,13,39,30,22,0,3,186,4,31,56,2,14,1,2,9,38,8,170,16,9,2,56,18,17,358,67,7,60,125
2021,"Haringey 004","E02000400",3901,33,49,202,1,62,0,20,1,55,11,9,114,18,27,121,29,5,19,34,39,75,0,19,199,38,76,59,69,29,29,29,7,13,68,22,7,28,16,41,33,4,16,166,22,39,3,7,19,44,114,7,39,3,27,56,33,31,69,68,12,4,14,12,51,0,122,42,4,13,2,66,7,88,4,129,14,41,28,9,1,4,158,9,27,47,5,6,3,2,9,23,0,107,4,8,0,25,6,11,121,36,6,26,122
2021,"Haringey 005","E02000401",2925,5,34,53,0,37,0,11,0,28,8,15,47,8,30,37,10,3,10,19,12,63,1,13,92,19,17,30,28,17,14,20,2,7,29,19,7,26,11,26,29,1,16,50,9,16,0,2,12,26,60,5,26,5,28,50,36,17,62,58,14,6,11,19,27,2,118,45,7,7,1,94,7,99,2,141,19,35,24,10,0,7,202,11,31,39,8,10,1,0,10,21,2,127,9,10,1,34,7,21,151,61,5,38,115
2021,"Haringey 006","E02000402",2753,5,29,50,0,39,0,8,1,25,3,13,39,4,17,31,9,2,5,8,10,51,0,8,83,18,17,25,32,12,9,20,1,2,17,16,2,9,8,28,43,0,10,61,4,14,0,2,6,39,53,4,28,1,25,47,38,25,41,47,9,2,3,9,31,0,88,36,5,11,2,98,6,101,0,157,11,27,27,12,0,4,178,8,27,36,0,8,0,4,13,26,2,148,7,8,2,30,12,9,230,58,14,39,111
2021,"Haringey 007","E02000403",3978,14,43,154,0,43,0,26,3,59,5,14,62,12,35,84,41,3,22,17,40,45,0,15,144,23,35,60,64,45,34,27,9,8,73,18,13,36,14,28,18,1,26,175,19,17,0,2,15,22,128,3,31,14,30,42,55,33,61,57,31,2,13,5,48,2,157,68,12,12,4,134,4,77,3,127,14,45,36,17,1,0,155,4,29,36,2,12,2,5,7,38,3,112,13,5,0,74,13,11,220,39,6,34,229
2021,"Haringey 008","E02000404",3371,7,33,82,2,52,0,10,0,51,3,12,55,11,30,67,13,4,12,15,17,40,0,13,104,19,24,28,35,25,12,16,5,16,38,12,5,20,6,22,17,0,18,83,5,23,0,3,12,22,88,7,29,3,24,58,33,25,63,67,12,2,9,12,33,0,126,63,9,17,2,127,7,70,4,133,13,40,27,13,1,2,168,8,42,47,3,20,1,1,14,37,5,169,14,6,0,58,9,11,246,50,2,42,200
2021,"Haringey 009","E02000405",3296,59,48,287,2,54,4,32,2,48,6,9,139,8,27,111,33,8,16,63,86,35,4,25,217,43,122,61,112,40,39,19,11,12,116,9,23,33,13,40,19,0,15,230,21,33,0,7,33,35,122,6,28,7,21,29,17,14,50,72,16,0,8,2,22,1,43,21,3,3,4,27,7,46,9,43,15,13,8,5,0,0,50,4,15,11,3,8,2,1,3,5,0,19,4,2,2,5,2,8,18,18,2,9,34
2021,"Haringey 010","E02000406",3432,11,35,103,3,50,2,10,1,45,3,14,49,8,9,69,14,2,13,19,40,66,0,11,143,19,38,31,40,18,23,21,6,9,49,17,15,25,8,29,15,0,18,125,20,17,0,2,8,27,74,3,25,2,25,49,32,20,64,44,8,3,13,8,32,0,148,50,10,11,3,114,7,82,5,134,16,27,33,17,1,5,210,6,40,44,2,8,0,2,4,40,2,141,7,10,0,36,15,16,213,44,8,38,181
2021,"Haringey 011","E02000407",3650,7,58,83,0,42,2,11,0,37,3,2,64,8,14,57,18,3,24,15,8,69,0,6,99,13,21,25,47,22,18,34,3,6,48,18,5,31,13,45,30,1,7,100,19,13,1,0,8,28,72,4,23,4,23,43,34,26,57,66,7,5,5,10,33,1,147,61,9,14,2,151,8,84,3,182,14,39,47,20,0,2,148,15,37,58,3,21,2,4,12,38,3,130,35,18,2,53,28,16,338,69,8,51,179
2021,"Haringey 012","E02000408",3633,11,34,62,0,35,0,9,1,47,4,8,43,5,28,42,13,4,8,9,5,109,0,20,125,15,33,28,31,21,20,18,1,13,36,13,8,26,13,41,37,1,10,78,13,10,1,4,10,23,75,7,31,4,35,62,16,21,75,65,16,7,10,12,27,2,133,56,8,5,4,101,3,86,2,196,13,43,36,31,0,6,181,7,28,43,3,9,1,4,19,37,0,180,34,12,0,51,12,23,382,80,4,52,157
2021,"Haringey 013","E02000409",2803,16,23,94,0,42,0,13,0,32,8,9,44,6,14,53,14,3,12,24,22,51,1,15,120,18,23,34,48,24,26,25,7,9,40,6,6,19,10,17,27,1,13,114,14,10,1,0,10,29,67,5,30,2,18,37,16,13,48,40,10,3,7,12,35,2,75,29,2,5,3,75,6,73,2,127,11,35,30,10,0,0,150,5,27,35,2,11,0,0,9,10,3,117,12,10,0,22,9,6,188,60,7,39,106
2021,"Haringey 014","E02000410",3424,67,56,276,0,44,0,22,4,55,9,6,141,11,33,107,32,4,16,67,65,32,3,20,190,43,124,56,97,42,41,23,8,11,97,15,18,27,19,31,25,1,13,285,38,37,1,9,26,23,122,7,31,1,12,37,18,22,50,69,14,0,3,4,19,3,22,17,6,13,4,44,4,55,7,47,19,28,7,2,0,0,82,5,30,25,1,4,0,4,4,13,2,31,6,16,1,4,3,7,49,8,3,8,61
2021,"Haringey 015","E02000411",5590,18,53,179,3,81,1,21,0,42,7,12,67,23,47,152,38,4,26,23,33,107,2,25,193,37,48,72,133,46,29,34,5,16,66,39,17,30,23,60,47,1,38,191,25,20,0,4,30,49,126,9,52,6,57,70,44,29,99,92,11,13,26,9,48,1,231,76,22,13,6,127,6,110,7,195,26,48,50,25,0,8,296,11,34,87,10,34,2,4,17,44,5,203,19,15,2,104,30,31,379,86,17,60,241
2021,"Haringey 016","E02000412",3780,15,44,83,1,65,1,7,0,57,7,11,77,12,26,83,25,2,20,13,18,83,0,19,123,17,17,40,72,23,15,26,2,8,56,16,4,25,10,29,27,0,18,131,21,19,1,4,15,35,108,2,48,9,15,68,41,26,71,59,10,1,14,6,32,2,113,43,7,8,4,157,1,57,5,146,15,33,41,34,0,4,188,7,34,48,5,12,0,1,8,22,3,191,4,10,1,32,29,20,215,67,6,45,229
2021,"Haringey 017","E02000413",3832,80,66,276,1,52,0,27,3,42,7,18,165,12,34,150,36,5,25,74,79,47,2,21,211,35,150,76,132,41,59,21,9,18,102,11,21,38,20,28,29,0,13,219,48,23,1,7,37,36,142,3,51,2,27,32,19,20,71,68,23,3,6,8,25,0,41,17,4,5,3,39,3,90,7,65,18,17,9,4,0,0,84,3,17,38,0,4,1,4,5,16,2,51,0,2,0,9,0,9,60,22,1,7,68
2021,"Haringey 018","E02000414",3734,15,49,112,1,39,0,12,0,43,7,8,57,10,21,77,29,8,18,26,27,52,1,9,151,27,36,35,55,22,28,25,3,10,59,18,11,26,16,41,25,2,9,173,21,17,3,9,11,36,83,4,32,10,30,47,35,19,50,52,15,5,7,9,30,0,158,62,3,11,3,84,8,67,4,154,10,30,49,19,0,9,130,3,24,51,1,16,3,13,9,40,6,119,18,9,0,58,6,16,350,78,0,49,146
2021,"Haringey 019","E02000415",3779,27,49,129,0,45,0,13,1,57,3,10,71,10,14,91,32,2,15,29,36,39,0,20,175,24,52,68,90,19,22,25,5,17,57,13,13,33,9,36,36,0,19,179,20,18,0,6,6,32,111,7,40,2,26,40,37,16,74,76,11,7,12,3,36,1,140,47,4,16,2,137,5,74,3,97,10,27,28,9,0,0,166,7,39,42,0,12,2,1,19,20,2,106,10,8,0,48,8,22,226,35,4,40,197
2021,"Haringey 020","E02000416",4690,35,46,299,0,58,0,21,1,71,7,18,125,19,52,183,66,11,35,47,64,70,0,22,255,49,87,74,156,57,70,28,13,26,142,22,30,39,16,39,32,1,24,285,49,40,1,11,37,61,219,1,57,6,22,57,30,39,70,76,17,3,13,5,28,0,59,31,2,7,4,82,10,88,5,110,32,40,19,5,0,0,124,9,51,39,3,7,2,4,8,12,3,85,7,9,2,13,8,11,89,31,6,26,110
2021,"Haringey 021","E02000417",3538,84,66,305,0,48,3,18,2,63,3,6,137,27,25,140,23,5,17,79,73,28,4,31,217,36,141,81,108,40,25,18,8,12,93,22,18,26,22,37,20,3,10,281,47,30,5,13,50,36,111,5,35,1,17,37,21,21,51,62,21,2,6,4,21,3,27,15,7,3,2,35,0,55,4,27,10,18,10,2,0,3,72,8,30,31,1,4,1,2,4,5,2,22,1,2,0,4,3,4,30,15,0,13,62
2021,"Haringey 022","E02000418",2836,52,42,253,0,54,2,16,1,55,7,10,117,10,28,101,36,8,30,58,60,13,3,24,173,34,120,56,75,37,25,19,12,13,95,11,16,12,13,23,11,1,12,260,20,30,1,6,36,24,107,5,29,6,14,18,11,23,40,41,7,2,0,1,10,2,26,9,1,4,2,21,11,41,4,31,10,15,7,0,0,0,52,10,15,17,0,1,0,0,2,8,0,18,4,0,1,3,2,6,32,9,1,5,37
2021,"Haringey 023","E02000419",4997,30,44,212,1,72,0,19,1,80,8,9,119,13,40,183,42,9,27,53,52,74,3,20,224,36,67,61,127,46,33,17,14,21,127,25,29,40,11,48,23,0,18,284,40,18,0,13,24,75,180,6,58,2,27,51,52,30,75,88,13,0,16,9,40,1,124,41,6,16,0,159,11,96,5,145,21,39,36,24,1,6,198,23,52,62,5,17,4,5,15,24,1,81,9,2,2,26,13,14,237,33,10,35,219
2021,"Haringey 024","E02000420",4272,24,43,107,0,52,0,17,1,62,5,18,82,12,31,104,25,0,30,30,30,69,0,16,155,33,57,43,84,39,36,29,6,11,57,15,17,38,12,40,22,0,20,216,27,23,1,8,18,40,127,8,35,2,22,62,37,23,66,79,19,0,10,5,30,1,109,62,5,16,2,119,12,76,6,169,12,46,40,15,0,3,170,7,40,60,2,17,4,4,11,34,5,144,15,12,2,32,11,16,335,83,7,55,183
2021,"Haringey 025","E02000421",4067,10,24,94,1,60,1,14,0,57,13,16,43,13,24,56,31,2,13,17,17,58,0,41,125,15,20,43,55,24,24,30,3,7,53,24,12,23,18,48,33,0,18,161,34,21,0,4,10,43,85,5,33,3,27,44,38,21,72,78,6,2,12,16,28,1,126,53,13,20,4,139,14,83,3,187,19,49,54,24,1,6,221,10,35,46,0,16,1,2,9,30,0,162,9,8,0,45,7,18,381,83,6,58,201
2021,"Haringey 026","E02000422",3555,11,38,117,1,37,0,14,2,34,6,9,66,8,17,89,19,3,9,16,21,54,0,23,133,23,35,29,68,30,19,15,1,11,59,18,15,17,13,41,20,0,11,121,19,24,1,0,8,31,93,8,32,3,25,49,42,17,63,81,11,3,5,12,25,3,140,45,6,12,3,112,7,80,1,129,21,49,28,20,0,5,159,10,24,44,1,12,0,1,14,24,2,143,10,5,2,31,13,17,294,52,6,51,154
2021,"Haringey 027","E02000423",3926,25,37,133,0,67,0,20,2,76,7,8,91,8,24,77,43,6,24,30,36,35,2,21,185,22,53,43,109,35,28,20,8,9,102,13,16,27,19,46,19,0,15,226,24,19,0,9,11,46,128,5,40,4,23,41,27,33,56,62,13,2,6,11,30,3,106,24,1,10,4,140,7,74,6,86,20,27,40,13,0,0,153,10,22,54,10,12,0,6,15,35,1,98,5,5,0,24,11,9,213,50,4,28,243
2021,"Haringey 028","E02000424",3849,56,62,278,2,61,0,25,3,39,6,15,128,12,31,144,51,4,41,58,70,44,1,20,232,38,121,54,126,61,38,25,7,16,121,22,26,32,14,64,23,0,13,295,41,35,0,6,31,43,152,7,57,16,12,32,41,20,48,59,17,4,9,9,28,2,35,9,2,10,0,39,9,81,3,64,19,27,11,6,0,0,86,3,26,36,0,5,1,5,3,11,2,38,1,4,0,5,3,3,53,22,5,18,56
2021,"Haringey 029","E02000425",3110,8,55,57,0,55,0,11,0,21,4,8,130,4,16,34,13,0,7,4,12,26,0,14,277,30,18,31,22,15,9,23,1,6,19,16,4,9,14,24,12,0,5,77,11,13,1,5,13,8,50,3,19,5,17,53,31,25,125,258,8,3,7,2,17,1,93,20,5,8,0,70,9,134,1,95,10,13,17,6,0,4,153,11,21,31,1,13,11,1,12,21,3,84,6,3,8,20,8,15,264,36,3,42,92
2021,"Haringey 030","E02000426",3303,85,54,303,0,56,2,10,0,55,10,8,182,17,28,105,29,4,23,104,54,31,6,27,169,31,149,86,110,38,26,16,5,16,72,8,14,17,8,25,15,3,16,200,26,19,1,6,32,31,127,4,32,5,17,45,20,20,46,62,16,3,6,1,26,1,29,15,4,7,1,32,8,62,2,40,9,10,26,1,0,1,55,9,23,23,3,9,0,4,3,7,1,40,2,1,4,1,3,4,33,16,3,7,42
2021,"Haringey 031","E02000427",4016,31,50,198,0,57,1,17,2,64,5,11,98,21,39,148,40,12,45,27,43,38,3,8,251,43,88,39,129,42,24,20,12,16,114,13,21,31,21,38,24,1,20,259,53,25,0,9,21,58,145,7,43,5,36,39,20,24,78,55,13,12,4,10,33,0,74,20,6,9,2,95,12,55,2,84,19,21,31,14,0,3,103,14,30,45,0,10,1,2,9,14,0,63,9,7,1,26,4,11,138,27,4,20,177
2021,"Haringey 032","E02000428",4275,13,44,119,1,54,0,18,12,60,9,8,71,16,35,107,47,7,23,21,27,41,1,20,207,27,30,39,79,27,19,29,6,12,87,18,10,33,16,52,19,2,12,237,20,19,0,2,8,67,101,4,28,3,23,53,25,15,75,73,12,2,7,23,33,1,112,40,5,18,2,129,17,115,4,185,13,46,43,34,0,0,217,9,36,67,4,24,3,2,9,24,4,148,7,4,0,24,14,14,292,62,2,40,197
2021,"Haringey 033","E02000429",3827,73,62,334,0,39,4,28,0,43,9,7,159,25,34,168,53,6,40,106,74,32,3,16,217,38,165,99,172,38,54,33,6,21,157,11,29,23,26,25,13,1,16,283,32,25,2,17,40,34,151,3,48,3,15,35,27,21,56,59,16,0,4,2,17,0,32,5,1,6,2,30,7,52,15,57,11,15,11,3,1,2,62,2,15,15,0,15,1,1,1,1,0,27,4,1,0,5,4,5,29,11,1,7,21
2021,"Haringey 034","E02000430",4284,49,51,296,1,63,2,20,3,62,6,13,154,28,54,150,58,8,50,66,68,41,1,16,273,45,113,68,178,50,42,24,9,19,181,19,31,27,12,41,12,0,19,362,49,43,0,8,29,53,185,7,50,2,40,40,38,22,57,66,22,0,6,2,22,1,34,16,6,12,3,69,10,63,6,77,20,30,15,5,0,3,99,3,33,23,2,8,2,2,5,7,3,28,1,2,0,7,3,8,31,35,1,13,72
2021,"Haringey 035","E02000431",3656,75,56,297,0,48,3,15,0,59,5,4,162,23,31,173,51,5,39,69,56,44,1,28,228,25,159,79,161,59,41,11,10,14,131,16,37,29,20,17,17,1,17,309,34,19,0,3,50,51,139,3,54,2,23,40,27,26,47,55,6,0,7,1,10,0,40,4,1,3,0,28,6,37,1,33,19,14,6,1,0,2,44,3,20,26,0,3,2,1,5,5,0,20,1,5,1,3,2,0,33,13,0,7,45
2021,"Haringey 036","E02000432",3737,34,37,219,0,42,1,14,2,34,5,4,114,21,35,147,42,14,46,44,58,34,1,10,200,30,127,58,200,44,27,29,9,15,138,14,29,30,11,46,19,0,12,280,39,21,0,8,25,54,181,9,45,4,26,36,23,24,60,64,18,0,4,2,17,2,44,10,4,8,3,56,9,59,2,80,16,24,13,4,0,1,93,9,23,44,5,8,2,3,3,3,1,37,0,3,0,12,6,11,53,21,4,20,105
2021,"Haringey 037","E02006794",3413,6,41,56,2,41,0,17,1,29,4,20,47,12,17,45,17,4,7,5,10,85,0,16,117,18,18,22,19,11,12,36,3,9,16,13,1,30,5,34,23,1,24,74,4,12,0,7,10,20,62,10,35,1,23,42,33,18,44,61,17,6,16,9,24,2,110,43,1,14,0,99,3,93,4,226,13,41,41,18,0,0,184,5,21,41,2,19,2,3,14,42,2,155,15,11,2,35,15,21,386,91,17,67,133
2021,"Harrow 001","E02000433",3893,66,81,264,3,112,2,23,0,43,24,16,186,16,37,138,18,4,10,85,24,67,0,128,112,36,86,170,91,45,27,20,2,32,34,22,2,24,19,21,25,0,19,57,11,17,0,5,47,32,133,11,45,8,13,89,34,30,108,108,3,3,6,4,17,1,89,33,6,2,2,36,3,64,3,92,20,23,27,3,0,1,119,5,44,32,0,4,3,5,6,24,0,121,9,7,0,25,9,7,57,21,4,27,44
2021,"Harrow 002","E02000434",4910,49,89,335,2,108,1,19,1,41,12,23,160,17,58,222,16,0,19,101,40,54,0,166,184,38,103,217,108,48,40,19,3,24,35,24,11,22,24,18,30,2,18,55,10,22,1,9,53,42,131,8,49,6,26,136,38,35,116,110,16,2,6,13,36,1,164,61,15,3,0,57,6,70,4,151,19,32,26,10,0,0,178,8,49,58,2,5,4,3,9,32,3,147,13,14,0,55,11,9,120,33,2,35,80
2021,"Harrow 003","E02000435",3588,32,81,169,1,113,15,17,2,29,16,9,135,9,25,102,7,5,7,60,28,36,1,110,117,21,47,133,52,26,15,17,0,16,13,12,9,37,16,26,31,1,52,46,8,11,1,7,28,31,95,5,34,2,44,84,31,30,98,77,15,2,21,12,44,3,130,59,12,3,5,29,5,67,4,115,14,23,16,9,0,1,128,5,47,39,1,13,4,2,7,18,1,131,12,7,0,39,7,19,96,39,4,21,77
2021,"Harrow 004","E02000436",2787,35,99,205,3,75,2,16,1,29,14,9,128,8,28,140,9,1,7,75,22,19,1,120,93,22,54,148,91,27,25,6,3,21,26,20,4,31,19,23,20,1,19,33,3,14,1,3,39,33,78,4,21,0,19,61,27,23,104,77,7,2,4,5,18,0,58,8,5,1,0,12,4,42,5,36,8,13,2,1,0,0,88,7,28,25,4,4,0,4,3,15,0,47,4,1,1,9,4,2,24,9,0,6,32
2021,"Harrow 005","E02000437",3971,24,85,178,3,78,0,17,6,57,18,22,91,11,34,91,10,3,7,41,24,85,1,69,141,26,35,112,63,32,19,24,4,23,21,23,12,29,16,32,42,1,29,40,5,17,3,10,23,42,90,7,36,4,33,122,38,42,87,78,12,8,18,21,74,1,157,57,5,9,2,45,1,88,1,134,17,41,16,10,0,0,218,8,37,44,1,7,5,5,9,39,3,189,21,16,1,41,20,23,116,36,3,32,64
2021,"Harrow 006","E02000438",3753,21,87,218,2,78,2,19,2,46,13,19,106,12,32,130,14,4,10,60,22,69,2,85,115,23,46,112,54,44,32,15,2,34,25,29,4,21,19,30,38,2,17,33,18,16,1,8,25,37,106,6,32,5,33,94,40,34,104,94,12,2,6,19,49,5,92,48,13,1,2,59,3,99,1,126,10,21,27,4,0,0,174,4,24,43,1,14,2,2,8,23,3,150,17,8,0,22,14,17,84,33,7,30,73
2021,"Harrow 007","E02000439",4486,19,72,135,3,70,0,11,0,33,12,23,77,18,40,140,12,1,11,37,12,59,0,65,115,13,33,128,63,29,24,13,0,26,9,27,6,42,31,23,30,2,26,41,12,7,1,7,25,49,75,5,39,7,27,112,39,23,96,89,15,6,17,30,45,4,326,123,23,6,1,72,6,81,5,193,8,53,39,10,0,4,218,4,27,43,4,17,1,3,18,57,1,204,37,20,0,118,20,24,264,53,9,45,88
2021,"Harrow 008","E02000440",4786,28,130,270,1,102,7,20,0,37,9,22,144,14,49,202,13,2,9,58,29,36,0,162,141,34,54,222,81,53,43,17,1,27,25,27,6,39,24,29,33,0,24,37,11,16,1,9,48,52,132,10,46,7,48,197,49,37,135,105,10,2,11,19,53,3,222,58,15,3,1,26,3,80,2,99,13,29,20,7,0,9,235,10,35,48,2,8,0,1,21,38,3,155,16,11,0,56,12,26,115,37,13,39,56
2021,"Harrow 009","E02000441",3407,35,71,252,0,72,8,13,0,22,22,18,93,16,45,172,8,2,2,73,21,43,2,78,133,27,68,121,84,46,23,17,0,24,32,14,6,23,9,19,35,1,23,46,5,20,1,5,32,41,107,6,41,3,31,93,30,37,79,73,13,2,9,10,38,1,78,17,8,3,3,30,0,59,6,116,11,23,16,3,0,0,126,6,25,24,1,6,1,2,4,13,1,112,5,1,2,19,20,17,58,24,8,23,40
2021,"Harrow 010","E02000442",4814,13,107,111,2,110,2,14,1,33,6,15,75,14,41,93,5,1,8,30,15,39,0,62,84,16,27,84,39,21,29,10,0,8,8,34,2,34,24,19,22,0,17,26,5,11,1,5,35,38,84,10,31,7,37,130,37,19,107,87,4,4,15,40,84,7,493,148,18,7,2,62,5,77,3,145,12,48,44,16,0,0,336,7,80,49,3,29,3,8,29,63,5,256,41,13,0,151,43,21,304,40,12,57,85
2021,"Harrow 011","E02000443",4825,7,71,164,1,70,2,18,0,43,25,27,91,15,54,163,14,0,10,31,14,88,0,40,118,23,23,131,70,44,22,17,1,24,13,37,9,46,24,34,33,0,21,35,6,14,2,6,29,47,77,5,51,7,34,109,49,37,124,72,14,4,28,23,65,3,251,79,22,8,3,75,2,100,2,259,20,36,32,11,0,0,252,13,48,76,5,53,4,4,22,38,7,251,24,20,0,94,32,41,214,60,12,80,96
2021,"Harrow 012","E02000444",4168,12,82,174,3,90,1,17,0,23,9,14,90,8,53,153,10,2,5,42,23,29,0,94,77,13,24,160,75,41,20,8,1,14,19,27,7,35,19,17,34,1,14,24,5,7,2,5,26,46,94,11,32,6,34,160,40,37,90,81,13,6,17,19,49,3,319,93,23,2,3,38,4,81,0,98,6,32,15,9,0,1,240,6,39,42,1,28,1,8,14,51,5,163,26,15,0,88,28,29,158,30,14,45,66
2021,"Harrow 013","E02000445",5369,13,82,133,4,93,0,18,2,33,15,23,78,21,66,170,11,2,10,44,19,93,0,59,139,30,38,119,64,36,22,21,5,34,23,48,3,40,28,33,43,2,27,43,6,12,3,8,39,39,120,11,35,4,45,130,50,40,109,87,30,5,22,28,73,1,289,98,18,3,3,78,5,105,4,244,24,43,35,12,0,12,307,7,73,69,2,74,1,10,23,67,2,291,27,25,3,120,43,36,245,67,7,77,136
2021,"Harrow 015","E02000447",4069,25,82,246,4,86,2,21,2,29,13,23,122,20,57,242,20,1,16,60,32,74,1,85,140,34,40,178,82,49,24,16,7,22,32,31,1,45,12,17,40,0,25,46,8,13,5,4,48,52,108,13,30,4,33,143,46,41,119,99,9,4,10,17,44,3,96,45,10,4,4,43,4,77,0,96,11,20,8,3,1,5,152,2,33,40,1,19,0,7,11,24,1,121,9,12,0,20,3,21,88,36,1,27,57
2021,"Harrow 016","E02000448",3235,54,56,316,1,58,6,18,0,30,19,21,124,11,46,197,13,3,13,74,26,34,1,67,153,33,82,155,83,58,36,15,4,16,31,18,7,31,6,25,24,0,18,61,4,16,3,4,39,39,114,3,31,6,17,82,26,22,81,65,8,1,10,6,26,1,38,17,7,0,3,17,2,44,4,72,13,22,6,4,0,1,73,2,22,30,4,4,0,2,3,9,0,44,2,2,0,13,4,14,31,26,2,13,37
2021,"Harrow 017","E02000449",4083,9,111,104,1,83,1,7,0,19,11,24,62,10,46,105,6,1,4,20,13,38,1,32,60,9,16,127,37,26,25,12,2,14,10,27,8,50,16,25,29,0,17,19,11,6,0,8,23,36,70,4,33,6,30,126,35,24,119,86,6,6,15,30,74,3,363,112,20,7,3,50,3,86,1,128,14,31,27,11,0,0,253,5,23,48,0,32,3,5,26,47,3,159,27,14,1,107,36,24,230,46,18,55,77
2021,"Harrow 019","E02000451",3291,32,64,229,4,67,4,18,3,24,9,17,86,13,39,221,13,3,12,58,18,41,0,81,127,20,48,136,82,52,23,10,0,29,22,18,8,45,17,23,26,0,19,33,4,13,0,6,37,44,131,6,42,7,27,92,26,28,71,78,13,2,15,8,43,2,75,37,14,9,1,21,2,56,1,63,11,17,8,3,0,1,106,7,31,37,2,10,0,1,5,25,1,88,7,2,2,14,4,21,42,24,0,29,25
2021,"Harrow 020","E02000452",4738,27,65,176,0,84,0,10,2,51,5,15,76,12,73,250,21,3,19,48,24,123,0,54,149,22,49,123,95,38,27,21,4,20,34,42,10,44,16,30,25,2,33,81,7,16,2,8,39,40,126,4,49,4,24,96,39,32,95,86,7,15,19,10,49,4,205,82,13,4,3,69,6,76,6,175,24,47,28,16,0,4,209,6,42,49,6,35,0,7,13,38,6,177,21,19,6,80,29,28,168,62,7,72,126
2021,"Harrow 021","E02000453",4272,38,58,210,0,58,3,17,1,38,17,26,96,18,48,213,19,6,19,53,34,99,3,51,185,25,57,141,73,47,35,22,6,32,24,22,7,36,13,19,33,1,29,55,10,16,0,9,21,50,128,4,59,6,33,108,42,29,87,82,11,4,11,14,49,1,131,69,19,7,4,48,7,76,6,157,18,26,13,8,0,1,197,6,34,62,3,13,3,5,27,29,1,119,18,13,1,21,20,17,157,47,14,44,70
2021,"Harrow 022","E02000454",3559,36,70,328,2,63,3,14,2,29,8,9,109,18,46,284,9,4,6,96,28,29,0,82,159,26,43,182,94,54,31,19,2,28,24,19,9,56,17,20,33,0,25,29,7,15,2,7,35,54,127,10,41,5,28,95,33,20,92,100,8,2,9,15,36,6,62,21,8,1,1,18,5,67,1,51,10,17,13,2,0,1,102,7,33,24,1,7,1,2,5,4,1,68,3,10,0,7,10,18,24,21,2,12,27
2021,"Harrow 023","E02000455",6080,66,94,364,2,84,7,20,1,58,9,22,122,18,73,480,26,2,38,158,29,292,0,78,174,37,71,213,164,61,33,21,4,35,36,34,22,58,20,21,35,0,31,82,14,16,2,9,56,60,190,7,68,6,37,128,60,35,119,81,8,15,10,13,63,7,170,56,11,5,2,76,4,61,2,242,18,44,22,4,0,1,221,12,50,73,3,21,2,1,13,41,7,180,21,15,0,56,30,20,162,59,11,50,115
2021,"Harrow 024","E02000456",3962,23,66,174,0,63,1,11,2,28,12,37,90,9,41,178,10,0,15,50,19,69,0,70,151,26,49,144,86,41,46,20,2,25,22,20,9,51,16,36,31,2,29,57,8,20,1,3,35,59,75,6,46,7,30,109,49,24,79,76,19,10,13,13,69,1,154,42,12,8,1,46,3,82,4,138,21,30,26,17,0,2,167,6,29,49,3,7,1,1,11,16,6,118,9,11,0,42,13,16,119,66,7,32,64
2021,"Harrow 025","E02000457",3432,30,47,207,0,84,1,9,0,31,9,20,76,11,44,223,13,3,12,69,16,54,1,78,130,25,43,141,61,33,22,18,3,17,22,24,7,36,23,32,26,2,21,42,11,12,2,7,31,46,100,7,43,4,30,98,38,27,77,58,8,7,5,10,34,2,94,28,6,2,3,40,3,50,5,87,17,17,11,9,0,5,158,5,23,39,2,4,4,1,6,20,4,107,10,10,0,16,12,18,66,33,6,31,57
2021,"Harrow 027","E02000459",4415,22,67,130,0,97,2,33,2,35,8,30,72,13,42,174,12,2,4,51,19,102,0,44,136,22,33,117,59,27,11,21,1,28,24,27,9,50,17,42,31,0,26,48,7,12,1,8,28,43,93,4,41,10,43,118,55,38,132,86,18,3,17,15,59,1,150,45,13,2,3,83,5,74,2,185,16,26,26,16,0,5,291,8,40,61,1,35,4,6,11,34,4,197,24,14,0,28,29,34,185,60,4,59,113
2021,"Harrow 028","E02000460",3357,9,44,125,0,78,2,22,0,30,8,19,57,15,46,157,7,0,8,18,12,61,0,35,115,13,26,81,51,27,11,16,1,19,10,28,3,28,15,22,26,0,17,35,2,14,1,7,29,45,76,6,29,4,32,98,47,18,86,58,0,8,15,16,36,1,69,21,18,4,1,55,1,86,2,139,16,30,13,4,0,2,256,4,33,56,5,17,2,2,8,12,6,174,10,13,2,33,23,43,90,54,9,46,73
2021,"Harrow 029","E02000461",3425,24,59,226,4,63,4,15,3,39,16,10,127,15,33,143,15,6,12,85,33,72,0,51,241,23,59,85,73,35,24,17,8,21,32,11,5,35,16,18,16,0,24,62,10,18,0,6,30,39,98,5,25,4,18,62,27,28,70,69,12,4,10,10,28,4,106,37,7,4,2,36,1,46,1,84,11,17,20,3,0,1,137,3,32,28,3,10,0,3,8,19,4,96,7,10,1,18,13,5,81,32,6,36,60
2021,"Harrow 030","E02000462",3303,12,42,91,3,75,1,8,0,38,6,22,48,10,48,88,16,2,8,24,15,64,1,46,79,15,22,98,36,20,20,14,1,11,17,12,5,38,13,24,26,1,28,35,4,9,0,6,14,33,66,3,31,8,28,82,44,28,74,54,13,7,4,16,37,4,120,30,8,5,0,72,5,48,1,141,15,18,18,7,0,0,245,3,36,51,3,32,0,5,19,19,5,199,19,8,0,32,32,26,124,74,6,52,77
2021,"Harrow 031","E02000463",3917,12,54,102,1,95,1,13,2,26,9,18,64,10,50,120,9,2,6,27,6,53,0,38,123,32,25,104,51,21,14,15,5,17,17,21,6,49,18,26,31,1,30,25,7,7,1,5,35,33,71,5,37,11,36,113,45,26,113,71,19,10,20,25,62,0,133,53,16,11,5,66,7,84,0,167,18,29,26,7,0,8,299,8,35,60,6,17,0,3,12,21,3,226,13,21,0,36,26,69,104,61,14,71,81
2021,"Harrow 032","E02006795",4062,12,60,187,1,75,2,11,1,49,12,22,80,13,66,204,9,3,4,46,11,35,0,57,117,24,29,140,72,31,22,11,3,18,13,24,9,49,23,26,38,2,21,38,3,4,0,2,33,41,105,13,43,4,50,144,44,36,83,76,9,7,15,18,59,3,162,50,15,5,0,67,3,83,2,95,14,23,17,14,0,1,292,10,36,60,6,24,3,5,13,19,5,176,19,13,1,30,30,40,91,29,10,55,82
2021,"Harrow 033","E02006882",7097,22,132,291,5,160,0,20,2,47,19,44,151,32,89,233,10,5,11,48,31,86,0,189,152,39,48,280,96,63,47,18,1,35,20,44,8,69,42,39,36,0,34,48,16,32,3,14,71,76,166,12,56,6,56,297,82,47,196,148,10,9,17,40,111,5,385,126,26,8,2,77,7,123,4,207,22,49,30,16,0,7,403,9,79,84,6,39,4,8,28,71,1,295,40,21,1,108,41,49,242,72,15,88,88
2021,"Havering 001","E02000464",3534,5,77,81,5,42,5,9,5,27,8,23,51,10,43,67,5,1,2,13,11,128,1,21,91,20,25,47,20,13,32,29,3,15,9,24,5,20,15,32,32,1,40,14,7,15,1,7,23,34,49,8,36,9,25,86,39,34,102,105,15,5,33,33,70,8,178,70,19,3,4,49,8,86,11,199,11,45,15,11,0,7,169,10,36,53,5,15,3,14,17,35,2,156,20,22,2,29,12,33,100,61,24,55,74
2021,"Havering 002","E02000465",4403,7,89,98,1,68,1,22,1,31,11,36,74,4,45,115,15,1,3,12,17,110,2,21,106,22,19,72,36,24,35,24,1,30,11,40,7,44,19,34,43,1,58,20,2,26,0,9,36,54,76,6,46,6,30,82,52,29,136,140,31,10,36,34,89,0,213,74,24,6,3,60,6,106,6,227,14,47,26,17,0,1,226,7,41,57,8,20,4,9,19,51,7,213,19,20,3,53,15,37,155,61,8,69,111
2021,"Havering 003","E02000466",4045,6,96,109,3,66,3,20,3,34,20,31,67,5,36,44,13,0,4,17,16,87,0,19,112,26,11,55,25,23,31,44,4,23,5,29,1,28,16,38,29,1,63,28,6,12,2,9,32,42,89,11,52,12,36,90,46,38,124,137,27,17,34,40,100,10,207,48,17,7,4,51,9,128,8,209,20,42,25,4,0,3,216,12,32,51,2,8,2,16,21,41,2,185,16,18,1,26,17,25,111,63,13,59,69
2021,"Havering 004","E02000467",4767,9,94,81,1,67,0,20,2,44,16,26,67,9,35,64,7,2,1,9,17,160,2,22,90,25,19,54,34,23,28,50,2,14,3,26,1,31,28,38,38,2,41,23,11,16,1,4,25,37,73,8,41,12,47,108,61,49,115,110,30,15,42,33,87,7,239,88,26,5,7,75,12,147,17,338,22,36,45,16,0,10,269,14,54,82,3,25,1,5,12,63,4,216,29,14,2,55,18,31,179,107,23,80,141
2021,"Havering 005","E02000468",3956,7,84,114,4,72,2,18,2,22,11,36,68,4,29,67,14,5,3,10,11,65,2,18,127,28,15,49,33,31,28,27,1,16,9,29,2,31,8,31,28,2,51,24,0,22,1,11,33,36,74,13,49,12,29,116,55,40,132,138,31,11,39,43,84,9,213,73,21,12,10,49,10,107,12,164,11,28,24,12,0,6,196,8,36,54,3,8,4,12,19,47,3,176,18,16,1,30,10,33,117,42,10,60,85
2021,"Havering 006","E02000469",3232,8,65,56,2,46,0,22,0,26,12,19,48,10,34,50,3,3,3,18,9,97,1,12,77,15,14,30,25,15,21,22,0,5,6,23,4,27,13,30,16,3,45,19,4,14,0,7,24,35,48,2,30,5,37,71,53,22,85,93,20,11,32,34,71,7,160,39,19,5,3,54,4,77,14,168,7,38,31,8,0,5,146,14,31,55,4,14,4,8,16,39,0,161,22,15,2,24,11,22,123,58,8,68,96
2021,"Havering 007","E02000470",5007,24,111,234,1,75,8,20,3,50,11,23,113,7,55,196,23,1,15,41,24,89,2,48,166,49,46,148,88,67,57,25,5,40,28,33,10,55,16,29,23,4,88,50,11,28,0,13,96,57,139,17,76,14,45,148,69,46,153,204,22,13,30,28,103,6,189,51,17,2,6,32,13,100,15,144,12,59,21,10,0,3,168,8,38,55,4,9,0,11,12,43,2,125,8,22,6,29,10,30,81,38,9,38,68
2021,"Havering 008","E02000471",3685,23,123,124,9,68,5,14,1,31,8,30,100,6,42,92,11,4,5,26,12,56,0,30,136,22,17,86,29,30,34,13,2,24,11,30,6,34,14,23,28,3,56,32,4,21,0,8,69,40,89,9,49,7,32,102,63,35,120,157,16,8,25,31,98,5,159,44,11,4,2,39,4,82,12,98,21,43,13,6,0,4,142,9,33,39,0,2,2,6,11,26,2,162,9,13,0,17,7,24,63,42,5,41,50
2021,"Havering 009","E02000472",4548,11,115,120,3,71,5,23,1,35,11,24,80,8,56,113,12,4,3,28,7,94,0,35,162,34,17,87,44,40,40,24,3,21,15,26,3,41,23,43,41,2,85,25,7,20,5,15,60,48,95,8,58,10,43,126,65,55,161,170,25,11,32,47,110,10,212,65,18,7,15,53,12,118,8,144,18,38,23,5,0,1,203,12,38,53,3,9,6,11,13,43,7,155,16,22,0,28,18,34,108,68,12,49,87
2021,"Havering 010","E02000473",5262,21,152,246,2,77,3,27,1,37,15,26,120,9,44,164,24,4,6,40,26,84,0,51,199,38,40,132,89,59,67,26,1,39,25,33,8,56,21,38,33,3,77,40,8,28,3,18,96,69,124,10,86,18,40,164,80,62,159,244,16,19,29,25,111,11,175,49,12,3,8,45,6,121,14,128,24,48,15,12,1,0,198,14,44,64,3,15,5,15,25,34,5,174,13,19,2,22,12,34,72,51,12,60,85
2021,"Havering 011","E02000474",4352,12,77,122,2,63,0,34,1,40,9,27,98,4,49,97,9,1,6,23,19,95,1,30,149,47,19,75,29,36,41,36,3,14,17,27,3,31,14,39,35,3,58,31,5,15,3,11,36,59,95,6,67,3,26,112,76,64,127,158,15,10,20,29,94,8,199,63,20,5,8,63,12,112,11,192,18,45,17,11,0,4,187,13,27,59,5,9,3,8,15,47,3,177,19,25,2,48,9,34,99,60,13,53,92
2021,"Havering 012","E02000475",4693,31,144,255,4,90,2,23,2,42,22,30,129,12,45,149,20,3,4,76,14,83,0,46,156,30,61,130,56,56,65,13,4,35,32,28,10,52,12,32,35,1,54,44,9,23,0,19,172,49,113,11,81,21,38,122,66,49,145,225,10,10,37,21,74,4,152,44,13,8,7,29,8,83,7,120,23,41,12,6,1,7,140,7,39,39,3,5,0,4,11,29,2,123,7,18,1,15,9,18,77,46,10,32,66
2021,"Havering 013","E02000476",4745,19,96,159,8,72,2,21,5,40,16,27,90,13,45,154,28,7,13,58,14,124,1,38,171,33,32,109,65,39,35,40,1,23,28,22,8,44,13,46,37,8,61,51,10,19,1,12,58,66,103,3,63,20,49,113,65,58,99,144,13,8,24,21,82,3,169,55,20,6,2,64,7,76,1,205,20,48,30,12,0,4,167,8,49,65,4,9,9,7,23,56,1,160,15,13,1,38,17,28,147,66,12,66,115
2021,"Havering 014","E02000477",4807,20,167,270,1,71,2,12,4,30,12,30,107,4,51,152,21,4,7,52,20,77,5,42,167,51,37,116,81,62,68,16,5,24,21,30,4,40,16,40,27,1,77,41,8,27,2,21,124,47,128,10,75,10,45,154,65,42,165,226,19,5,27,27,116,4,146,39,15,6,2,30,9,115,5,114,19,44,19,6,0,5,157,18,37,56,0,12,2,9,9,45,3,160,9,19,4,28,9,23,57,43,10,35,56
2021,"Havering 015","E02000478",2738,31,144,143,4,57,1,12,1,41,25,26,147,7,29,60,3,1,6,149,7,31,1,76,65,12,47,76,33,23,32,9,1,19,9,8,2,17,9,17,17,1,26,19,1,15,1,16,54,36,62,4,24,9,18,80,43,27,123,127,9,2,14,13,40,0,62,20,2,3,2,15,3,32,0,41,11,27,11,4,0,5,79,5,24,20,0,4,0,6,8,17,1,49,4,4,0,16,6,11,30,14,2,14,24
2021,"Havering 016","E02000479",4806,19,96,166,1,76,6,18,1,45,13,18,72,9,41,130,25,4,12,23,31,109,4,25,181,31,29,96,63,39,37,32,4,20,26,29,15,38,13,30,35,4,76,43,11,26,1,12,50,58,126,9,58,10,44,123,82,53,142,156,20,10,22,26,78,7,193,69,22,7,8,78,11,94,13,198,17,28,24,13,0,3,207,15,34,69,5,9,0,10,30,57,1,181,26,15,1,43,14,23,148,66,12,50,103
2021,"Havering 017","E02000480",6639,13,104,170,6,86,4,42,1,65,25,37,103,14,64,175,21,2,6,156,28,382,0,62,165,35,39,135,63,38,33,41,3,31,29,48,8,41,31,69,35,6,65,46,9,30,1,12,49,71,129,17,64,14,57,164,108,70,190,180,21,8,46,38,111,7,273,94,20,13,4,118,8,132,3,301,29,57,35,14,0,6,316,16,56,87,7,18,6,11,27,54,2,258,29,27,1,57,36,52,214,94,24,85,132
2021,"Havering 018","E02000481",3828,14,105,168,2,62,2,19,0,26,11,21,87,9,56,116,9,4,4,6,9,49,1,12,196,37,21,79,48,47,42,18,5,13,24,24,9,33,5,42,40,2,90,27,4,20,0,16,70,45,92,9,50,5,38,140,62,43,142,157,20,8,21,30,86,5,131,39,18,4,5,44,7,95,14,113,13,36,10,1,0,1,161,8,33,32,0,6,5,5,8,17,0,119,10,12,1,18,7,22,55,35,4,33,49
2021,"Havering 019","E02000482",3026,26,98,240,2,38,4,18,1,14,17,15,93,9,29,109,10,4,4,22,17,29,2,23,130,27,31,92,53,60,42,13,4,17,25,16,6,20,11,21,31,1,31,28,6,22,1,13,140,44,76,7,37,9,26,104,61,28,106,143,9,6,21,17,57,5,68,13,6,3,5,13,3,62,2,37,9,8,8,4,0,0,67,9,23,28,0,2,3,4,2,17,2,60,3,6,3,8,4,19,27,36,1,10,30
2021,"Havering 020","E02000483",3858,14,108,161,0,57,1,18,0,36,5,11,67,2,42,98,10,6,2,15,13,63,1,25,161,25,24,74,53,29,36,16,1,24,19,26,2,40,11,34,27,3,67,32,8,19,3,11,76,44,107,9,52,13,35,108,59,42,132,157,19,10,32,23,92,2,154,51,17,5,6,43,7,79,9,122,15,44,20,2,0,0,155,8,27,49,3,5,5,8,9,32,2,154,13,17,2,33,4,21,56,40,10,38,81
2021,"Havering 021","E02000484",4299,11,137,163,1,67,5,24,1,28,9,28,72,12,54,100,12,4,3,28,19,85,1,34,132,37,17,79,42,33,42,23,4,31,9,29,4,40,16,43,38,1,89,32,4,34,2,16,67,60,92,9,62,7,55,128,61,54,177,187,17,13,40,40,110,4,138,46,13,4,7,34,12,118,8,119,16,41,20,2,0,10,160,7,33,64,7,7,1,8,15,32,3,162,12,23,0,23,9,40,59,36,8,51,73
2021,"Havering 022","E02000485",4260,23,114,186,1,50,7,25,0,35,16,30,91,10,54,131,15,5,3,26,22,58,4,22,145,39,22,107,65,59,50,12,3,25,31,38,9,38,22,22,25,1,58,43,15,31,0,13,119,57,106,9,77,15,49,137,70,54,133,205,19,19,29,21,102,10,143,43,13,0,9,36,12,88,6,120,15,42,14,3,1,3,139,8,21,52,2,7,0,3,13,30,4,91,15,26,1,24,8,30,54,49,1,43,59
2021,"Havering 023","E02000486",3597,21,79,131,1,37,4,17,1,23,7,18,86,10,42,87,12,3,1,12,20,77,0,19,134,26,22,65,36,32,49,16,3,26,16,29,5,34,13,34,29,2,69,22,6,12,0,10,51,41,51,8,48,11,59,117,63,39,130,145,19,12,47,23,95,4,144,46,15,2,6,31,3,74,6,105,9,31,16,4,0,3,142,13,28,40,2,10,1,12,6,25,2,139,13,22,2,19,11,38,73,54,7,40,42
2021,"Havering 024","E02000487",3635,35,120,289,3,45,2,11,2,16,5,18,99,6,44,124,12,2,3,20,11,46,2,17,151,38,31,109,58,57,50,11,3,27,19,15,4,26,10,20,24,2,62,30,10,24,1,14,155,60,86,2,51,8,47,124,67,32,149,177,22,12,21,8,83,2,91,29,6,3,6,21,9,79,9,58,11,28,11,2,0,2,95,11,24,27,3,7,2,7,4,15,2,68,5,11,0,13,7,18,22,29,8,21,37
2021,"Havering 025","E02000488",3753,10,88,157,1,36,0,19,1,15,5,23,80,8,46,124,14,2,7,17,16,71,0,20,126,28,28,88,41,42,39,14,0,28,19,21,5,40,13,30,38,2,73,25,4,25,2,17,61,55,97,10,56,4,42,129,81,45,134,172,17,10,31,15,99,5,138,39,15,3,9,29,9,106,3,99,13,32,20,6,0,5,146,6,20,40,1,7,2,9,15,31,2,134,3,19,1,14,9,25,42,48,2,35,45
2021,"Havering 026","E02000489",4123,8,91,153,0,53,3,18,2,24,10,30,81,7,50,107,11,6,9,19,10,105,3,24,121,32,20,80,44,39,35,21,3,18,9,36,1,42,11,45,34,3,63,26,6,13,1,8,47,49,88,12,54,10,48,116,61,54,121,154,17,12,24,25,80,9,160,47,9,2,7,40,6,113,12,152,14,28,16,6,0,10,180,11,39,47,1,8,0,11,18,39,5,196,24,14,4,52,15,39,95,60,10,53,64
2021,"Havering 027","E02000490",4003,12,85,101,3,41,3,12,0,34,3,47,72,6,46,90,6,3,4,11,10,96,0,29,106,32,21,50,31,22,31,23,1,23,4,33,3,31,10,52,40,3,62,15,4,15,1,13,34,29,84,11,54,10,36,135,86,40,130,143,24,16,47,30,80,7,156,61,16,1,5,43,11,111,4,158,11,35,22,7,0,7,200,12,30,55,3,10,6,5,26,43,3,199,18,17,3,39,14,33,87,52,14,73,77
2021,"Havering 028","E02000491",4885,10,99,109,2,82,1,18,1,40,13,24,81,7,37,105,6,3,10,21,12,134,0,28,149,33,28,70,40,28,30,26,0,21,11,34,6,53,13,42,42,4,76,24,8,13,1,9,33,31,85,5,50,14,57,118,63,50,154,153,21,11,31,53,99,5,197,60,20,9,9,59,11,131,7,235,17,40,26,12,0,3,265,29,38,62,7,14,3,14,17,48,5,263,24,23,4,42,25,45,154,96,20,118,96
2021,"Havering 029","E02000492",3208,13,72,89,0,47,8,15,4,17,8,23,65,5,39,65,12,1,1,15,11,63,2,13,88,15,8,48,29,22,24,19,2,14,5,19,1,36,10,26,27,2,40,21,2,15,1,13,38,44,53,3,39,9,29,100,69,43,122,146,25,14,30,31,79,1,161,24,14,5,4,27,4,92,3,107,8,34,9,6,2,0,133,4,18,31,1,7,9,10,10,48,5,165,18,6,2,23,18,33,60,46,7,62,42
2021,"Havering 030","E02000493",3102,18,53,57,2,49,0,14,3,23,8,31,63,5,32,67,4,2,4,8,11,70,0,21,73,9,24,46,32,18,14,14,0,9,8,24,1,18,15,21,24,2,33,21,2,10,0,3,20,26,57,6,27,4,25,95,42,33,100,82,10,12,29,32,61,2,121,53,14,4,9,31,8,63,7,145,10,36,17,7,0,1,179,7,37,40,3,12,6,10,7,33,4,168,30,18,0,24,17,38,99,43,14,95,63
2021,"Hillingdon 001","E02000494",3692,62,88,357,1,106,18,15,0,30,14,16,182,18,49,181,9,2,13,136,30,64,1,124,114,31,94,201,100,48,20,18,6,22,22,8,12,20,12,21,26,4,31,45,12,21,3,6,55,33,131,12,36,0,34,89,29,24,116,84,18,0,7,3,13,1,41,15,3,1,1,20,0,46,0,66,14,20,15,0,0,1,85,6,27,34,2,2,1,5,2,5,1,47,1,4,0,7,8,8,43,22,3,10,28
2021,"Hillingdon 002","E02000495",5070,47,118,330,3,94,19,30,3,40,21,35,136,20,43,198,16,5,15,80,54,102,1,77,200,37,61,141,96,52,31,24,4,30,27,24,11,50,28,20,24,2,41,80,11,20,6,11,50,63,133,4,60,7,32,116,51,41,129,127,98,5,18,25,40,0,116,49,13,11,0,69,8,107,8,171,24,32,23,10,0,5,174,7,44,57,5,10,1,1,8,25,4,142,9,10,1,43,15,30,148,39,6,33,95
2021,"Hillingdon 003","E02000496",3858,22,100,148,5,68,6,14,3,36,16,43,121,9,41,92,6,5,13,47,14,146,1,36,132,32,21,52,44,28,21,18,1,17,21,35,11,28,25,31,14,1,52,43,8,34,7,3,30,38,93,11,29,11,24,88,57,48,121,130,49,8,27,36,66,10,137,39,7,3,1,39,6,90,21,170,18,54,23,6,1,2,104,10,20,37,2,4,1,2,14,28,5,118,16,21,2,23,8,32,98,39,5,38,67
2021,"Hillingdon 004","E02000497",4601,27,95,301,0,79,6,21,0,37,21,33,123,20,58,220,16,4,22,63,19,55,4,79,184,46,62,145,100,75,41,20,6,26,35,30,11,38,22,31,35,2,59,55,10,26,1,10,47,49,170,2,54,14,33,108,51,47,107,123,34,0,14,24,70,5,140,41,8,4,1,35,14,132,5,138,25,33,18,8,0,3,137,7,41,48,2,7,2,5,10,19,1,108,16,5,5,8,13,22,54,50,9,25,77
2021,"Hillingdon 005","E02000498",2990,23,75,185,1,64,3,12,1,25,4,20,100,5,40,91,10,0,11,22,23,41,0,37,135,24,31,53,63,29,41,7,4,18,14,25,8,23,15,33,30,1,38,53,13,14,0,5,32,33,112,8,36,6,19,65,40,19,84,101,25,4,18,24,52,4,89,26,8,7,3,21,7,82,14,78,13,26,9,5,0,2,76,10,18,38,3,3,4,3,6,9,2,86,5,22,0,12,7,11,42,21,0,15,55
2021,"Hillingdon 006","E02000499",3709,30,82,248,3,51,7,17,0,25,12,27,82,15,52,227,12,3,18,51,20,60,4,55,162,18,40,134,78,62,43,14,2,20,24,22,9,51,14,37,25,2,48,53,14,13,1,10,36,42,118,6,47,13,41,85,38,38,100,98,8,4,14,26,67,1,97,27,7,7,1,34,6,81,4,72,19,36,12,4,0,3,111,9,34,33,2,5,1,3,5,18,4,101,6,16,0,15,7,20,30,22,1,22,55
2021,"Hillingdon 007","E02000500",4076,31,117,315,5,64,6,17,1,45,15,30,133,18,48,153,15,4,20,50,21,65,0,63,171,41,54,132,80,47,45,21,7,23,32,28,10,40,18,39,18,2,57,67,9,27,4,5,34,47,147,5,61,4,25,119,35,45,120,117,13,6,22,26,58,1,98,15,6,1,0,31,7,83,10,89,19,28,16,2,0,0,113,4,35,46,2,6,0,10,6,27,1,65,10,18,2,25,20,12,50,30,3,23,65
2021,"Hillingdon 008","E02000501",4312,25,112,255,2,72,7,33,2,40,7,40,126,25,51,207,18,5,26,45,26,61,2,51,182,34,43,121,83,64,44,17,5,40,24,25,4,41,18,30,35,5,57,50,8,31,1,5,44,48,139,4,51,11,47,99,50,51,134,134,12,5,24,30,94,9,99,39,8,4,4,30,9,127,13,85,19,36,12,3,0,2,138,4,29,44,6,7,1,3,9,15,1,110,10,31,2,15,9,25,50,31,5,21,65
2021,"Hillingdon 009","E02000502",4600,27,84,256,1,77,26,21,1,37,14,38,91,20,73,198,14,8,19,48,23,95,2,53,188,33,40,113,92,65,36,21,5,26,28,23,22,46,18,28,24,3,110,89,16,27,8,8,37,52,129,8,57,16,48,90,62,37,96,106,20,3,27,35,93,7,141,44,10,7,3,55,2,106,9,119,26,48,16,6,0,0,137,13,34,57,1,8,2,8,14,20,6,146,6,32,0,23,22,32,77,40,3,37,72
2021,"Hillingdon 010","E02000503",4617,13,96,214,3,71,34,27,3,27,10,35,97,12,72,191,17,4,22,37,26,66,1,40,180,52,34,102,73,62,55,18,3,26,36,38,15,40,15,28,33,3,94,80,13,30,4,2,37,48,162,6,64,7,56,113,69,54,128,154,10,5,26,42,102,10,145,40,13,9,2,29,8,142,7,132,25,49,9,1,0,0,148,7,33,59,5,8,2,7,7,28,8,136,11,31,2,19,10,32,65,40,5,33,63
2021,"Hillingdon 011","E02000504",3761,23,108,249,3,57,41,24,4,34,12,34,131,12,56,147,13,2,12,51,26,55,0,56,173,39,37,112,84,49,39,21,4,22,29,25,10,38,18,31,25,1,59,66,16,27,6,7,35,41,137,11,46,13,31,71,57,43,100,114,16,7,22,25,64,3,89,25,6,1,0,25,6,94,10,60,26,34,7,4,3,1,99,8,21,27,1,5,5,3,11,13,3,70,8,12,3,14,2,17,32,35,3,19,35
2021,"Hillingdon 013","E02000506",3887,24,137,234,3,99,7,21,2,44,20,28,151,10,62,177,13,7,13,78,19,67,1,71,142,41,53,144,74,48,25,21,1,27,29,27,16,34,19,21,15,2,51,64,12,20,4,4,50,52,146,10,43,10,31,91,33,27,94,86,14,4,13,17,57,5,110,13,8,1,0,27,4,60,5,70,19,30,5,5,1,3,111,8,33,66,4,4,2,3,8,11,1,99,6,17,0,24,7,22,42,28,2,23,40
2021,"Hillingdon 014","E02000507",4015,6,95,119,5,65,2,17,2,26,16,36,92,7,51,142,16,4,11,32,27,82,2,28,142,23,20,83,72,41,32,16,1,36,15,43,6,46,14,33,28,1,63,34,7,18,0,3,32,46,108,11,53,19,38,98,62,39,137,96,16,3,25,44,83,3,164,39,9,4,3,36,9,115,10,134,24,34,17,13,0,3,137,14,24,57,5,8,0,5,10,18,9,152,13,33,1,25,25,41,84,44,7,51,65
2021,"Hillingdon 015","E02000508",5551,39,96,251,3,94,53,22,7,55,11,43,124,21,87,272,28,6,36,72,41,160,1,57,253,39,54,109,107,56,32,29,3,35,34,53,12,65,30,43,38,4,94,90,11,39,6,10,46,65,187,8,83,10,55,114,96,42,102,90,11,8,25,27,68,5,128,40,10,4,3,62,4,98,10,164,38,50,21,10,0,0,233,9,45,88,3,17,4,2,8,26,0,164,15,32,0,17,20,35,77,57,16,46,128
2021,"Hillingdon 016","E02000509",4296,8,69,124,7,66,0,15,4,45,11,38,84,18,53,149,13,2,29,22,21,110,3,28,178,25,23,77,64,31,18,20,5,27,24,36,5,49,17,41,28,3,51,59,12,26,3,7,25,50,127,3,45,12,25,84,68,31,122,96,16,41,28,23,40,4,136,43,15,3,2,63,17,78,1,148,33,23,20,10,0,4,240,9,30,86,8,10,2,6,16,20,5,194,17,21,0,25,23,24,102,57,7,48,162
2021,"Hillingdon 017","E02000510",4384,9,85,152,3,73,6,24,5,32,13,41,89,14,77,152,8,4,13,60,21,206,1,49,142,37,32,70,49,40,21,21,5,32,15,36,7,37,20,44,30,2,30,56,7,25,2,9,15,42,113,12,35,9,40,117,76,40,140,127,15,5,29,36,63,3,141,31,12,4,2,48,6,106,6,180,30,37,20,4,0,7,159,15,27,64,5,8,5,2,9,25,3,174,12,36,1,21,19,28,103,72,8,49,82
2021,"Hillingdon 018","E02000511",4688,3,105,112,2,107,5,18,2,42,8,45,103,5,53,111,7,1,6,16,12,87,0,20,114,26,27,75,51,28,21,30,2,16,14,24,6,32,10,28,32,5,41,31,7,23,5,6,29,50,110,8,36,6,38,130,80,43,127,94,23,9,29,55,71,4,199,33,8,9,3,54,9,111,5,202,33,28,33,12,1,7,292,13,61,84,3,33,3,8,19,40,5,313,21,44,2,46,43,61,101,91,13,92,87
2021,"Hillingdon 019","E02000512",3918,3,71,106,0,80,1,21,4,41,9,35,89,11,39,97,14,1,6,22,10,111,1,19,115,32,20,57,25,20,16,26,4,17,10,36,6,44,18,38,22,1,33,28,4,17,0,4,15,27,82,5,39,8,26,74,67,30,95,70,13,5,22,28,48,8,143,40,12,5,3,49,14,103,5,195,31,44,25,13,0,7,196,8,45,71,5,16,4,3,19,45,6,236,15,23,5,39,28,33,135,86,12,60,93
2021,"Hillingdon 020","E02000513",3977,4,51,69,0,67,1,23,3,32,9,39,41,16,29,72,8,1,4,14,7,101,0,38,90,15,23,41,23,14,9,25,0,10,9,30,3,36,23,24,22,1,35,32,4,10,1,3,12,19,61,5,35,6,30,68,44,26,97,68,13,10,27,39,37,5,169,33,16,6,3,78,9,98,5,253,23,23,32,9,0,7,298,18,42,88,1,24,5,3,23,29,4,343,21,38,5,45,38,43,134,115,13,79,90
2021,"Hillingdon 021","E02000514",4574,8,65,92,6,115,1,6,1,36,7,29,62,16,50,97,4,0,5,15,11,100,0,48,86,15,22,87,29,17,10,15,1,21,6,43,3,51,16,29,28,1,36,22,7,6,2,2,14,45,100,9,38,6,27,107,65,28,121,67,9,8,33,37,42,4,189,35,9,1,4,90,10,67,5,215,27,20,26,8,0,5,418,10,67,85,3,33,3,1,29,39,11,321,27,36,0,64,76,53,165,101,16,88,128
2021,"Hillingdon 022","E02000515",6370,17,112,165,5,98,2,18,3,62,10,66,120,22,76,250,17,5,25,41,27,186,1,52,189,41,24,96,70,59,42,27,5,30,24,48,5,70,22,41,46,3,65,84,12,18,5,7,30,73,183,12,76,16,34,129,84,61,175,135,39,24,40,53,92,5,228,58,9,9,2,88,9,156,9,263,68,51,40,16,0,7,243,17,52,123,8,11,9,8,23,52,2,370,50,35,1,36,22,38,163,138,12,103,167
2021,"Hillingdon 023","E02000516",3827,5,57,80,5,96,0,10,0,53,12,33,69,10,42,92,5,1,9,13,8,69,0,30,87,14,16,48,27,16,12,19,1,14,9,16,3,36,6,26,23,0,40,31,11,10,3,6,18,30,68,3,38,4,36,77,55,20,102,76,12,7,24,32,53,4,150,27,9,7,2,59,9,77,4,150,37,34,27,11,0,3,264,15,61,59,5,35,4,2,16,27,9,254,22,30,2,51,52,60,129,126,18,66,82
2021,"Hillingdon 024","E02000517",4492,2,74,93,6,86,2,16,1,35,16,38,68,13,52,115,10,6,3,10,15,124,0,35,93,21,19,75,32,19,12,17,0,18,19,31,5,48,8,34,28,0,42,17,5,10,0,10,18,35,89,9,46,4,49,83,73,34,107,89,11,9,27,39,53,6,176,51,11,6,4,72,4,101,2,249,37,34,25,20,0,1,308,13,45,89,7,25,4,6,19,29,5,305,35,39,1,27,44,47,138,123,18,116,92
2021,"Hillingdon 025","E02000518",4225,7,84,79,1,59,0,17,3,38,9,39,68,12,47,114,10,7,7,22,8,140,2,21,105,37,19,59,33,38,18,22,1,13,15,39,5,43,10,45,27,3,51,26,9,27,1,9,14,49,97,6,30,5,23,92,66,34,117,79,21,16,20,35,61,8,158,55,9,2,3,56,11,127,7,265,31,31,26,7,1,4,166,7,46,74,4,22,9,7,16,47,7,249,11,33,3,35,22,35,145,86,10,60,116
2021,"Hillingdon 026","E02000519",3893,6,50,72,1,95,2,17,1,27,12,23,47,10,31,90,2,1,3,24,17,90,1,34,63,19,21,64,27,12,15,18,13,14,4,33,2,40,9,35,26,0,36,20,5,8,1,6,7,25,73,8,36,2,35,83,58,36,89,53,16,9,16,32,40,1,124,31,7,2,2,60,6,73,0,222,34,22,20,11,0,4,295,7,62,88,3,30,3,6,34,25,4,270,29,43,2,49,38,51,146,118,21,85,100
2021,"Hillingdon 027","E02000520",6147,10,93,125,5,147,4,24,0,57,12,44,91,8,85,214,16,2,9,28,17,119,0,34,125,19,30,83,68,39,19,17,2,18,20,55,6,65,17,38,31,0,55,43,10,13,3,4,23,53,147,8,43,10,42,100,87,43,141,109,6,21,24,50,56,5,181,28,12,6,4,117,3,95,9,290,53,37,40,13,2,13,362,29,83,138,3,47,1,4,31,43,16,402,42,52,5,87,93,95,258,191,27,170,173
2021,"Hillingdon 028","E02000521",6099,18,92,187,5,97,2,21,0,54,11,53,106,12,74,377,10,2,14,33,24,116,0,49,147,27,27,105,77,35,33,20,0,34,28,51,8,58,11,46,37,2,61,40,16,17,4,11,23,64,155,6,56,13,40,116,87,45,150,107,22,12,31,60,96,1,166,47,11,1,3,88,7,128,10,293,45,47,33,19,0,8,311,20,57,132,1,28,6,8,24,40,11,397,34,58,2,53,35,59,172,149,23,102,135
2021,"Hillingdon 029","E02000522",4448,8,74,157,5,72,1,15,2,39,4,45,79,14,46,171,12,2,6,25,11,90,1,26,95,27,15,77,51,28,17,28,4,25,19,46,8,44,11,23,21,0,49,41,7,16,4,5,23,50,116,6,40,3,30,83,80,46,113,77,16,7,40,36,85,4,147,40,9,2,6,69,12,112,6,184,50,34,21,15,0,3,198,16,48,83,6,11,9,9,22,37,2,252,21,55,3,26,32,30,151,97,5,82,122
2021,"Hillingdon 030","E02000523",5399,13,80,92,8,106,1,26,1,56,12,38,61,13,53,237,12,3,12,22,13,68,1,45,108,30,22,80,75,25,22,10,2,27,18,42,11,49,6,38,34,0,62,39,14,14,7,4,22,48,117,10,43,5,48,126,90,36,108,90,8,12,30,54,52,3,165,30,11,6,2,92,3,95,7,192,46,55,28,19,0,6,339,16,63,103,9,30,4,9,24,45,6,349,28,71,0,71,65,106,184,159,14,147,186
2021,"Hillingdon 031","E02000524",3776,8,51,71,5,53,0,9,0,51,8,49,59,5,41,80,6,3,3,15,9,60,1,15,57,16,19,27,17,22,16,16,0,22,9,26,4,32,9,28,13,1,42,27,6,14,11,5,13,32,88,2,34,7,17,81,69,49,91,95,10,12,15,34,39,4,114,27,16,7,0,96,3,64,8,125,54,30,23,26,0,8,157,11,42,121,3,9,3,3,14,31,8,261,31,67,5,31,38,44,182,95,9,111,166
2021,"Hillingdon 032","E02000525",4572,6,52,80,3,100,3,13,0,46,3,40,52,12,30,81,6,1,3,15,4,53,1,26,68,11,20,54,26,15,7,9,1,20,8,39,2,47,10,24,22,2,42,15,1,7,3,10,19,30,94,12,40,4,26,70,75,36,105,88,10,10,21,21,35,0,131,26,7,4,0,112,7,77,3,209,75,34,36,39,1,9,281,12,49,130,6,26,7,2,28,36,10,323,25,68,2,35,65,81,236,184,18,157,232
2021,"Hillingdon 033","E02006796",4976,26,100,196,5,100,47,16,2,48,4,43,98,26,57,178,11,2,12,41,24,69,0,45,154,36,38,101,81,42,42,23,1,26,25,36,18,61,20,39,33,3,144,59,7,28,13,6,40,52,146,12,70,4,44,117,58,59,130,150,23,8,33,40,100,6,187,46,12,8,7,41,9,128,11,124,31,34,16,11,0,5,214,8,37,71,7,8,4,6,20,37,7,175,22,33,1,21,15,39,98,56,15,53,81
2021,"Hounslow 001","E02000526",4688,157,94,518,1,86,5,24,6,76,8,16,210,18,44,189,31,7,42,79,46,54,1,15,169,35,151,119,201,63,38,13,10,29,105,15,17,34,21,16,15,1,27,233,36,32,4,4,67,55,217,12,46,6,38,51,27,27,71,88,7,2,4,8,14,0,25,21,3,7,2,52,5,80,8,60,25,41,15,4,0,1,124,11,27,38,1,2,0,4,6,11,12,51,2,9,0,6,0,9,36,29,4,22,80
2021,"Hounslow 004","E02000529",4206,14,65,84,6,176,0,17,0,47,8,42,73,6,40,162,6,1,5,28,9,40,0,54,79,10,32,100,34,14,15,19,1,11,8,21,3,40,9,23,45,0,40,34,6,14,4,9,18,24,93,6,43,6,40,97,67,25,134,74,8,7,15,32,42,2,101,18,1,6,2,71,3,72,2,129,32,27,31,11,0,0,312,11,56,102,2,30,4,4,16,21,7,260,16,45,0,27,50,55,144,136,16,72,127
2021,"Hounslow 005","E02000530",3240,5,31,51,2,89,2,7,0,27,7,20,45,4,25,59,7,2,2,11,8,26,0,25,56,18,13,35,24,7,7,11,0,3,7,16,2,22,5,26,28,0,41,23,2,16,3,3,12,24,50,7,25,6,23,60,51,13,91,52,7,7,4,28,21,0,107,20,1,2,0,60,2,62,4,183,21,14,18,12,0,6,280,10,53,83,2,19,1,4,17,26,3,318,15,28,0,30,42,71,138,97,16,71,100
2021,"Hounslow 006","E02000531",6079,45,110,298,3,98,5,34,2,101,7,44,184,25,80,264,31,8,34,72,38,101,3,40,267,53,45,113,128,80,55,19,11,23,93,27,22,51,26,39,43,1,40,244,35,43,5,12,38,52,289,20,62,8,33,118,76,58,125,119,33,9,23,19,63,1,133,44,16,11,5,90,13,137,6,141,53,36,46,10,1,5,175,10,42,81,0,25,1,4,13,29,4,200,10,21,2,14,8,36,139,58,10,48,154
2021,"Hounslow 007","E02000532",4436,96,96,449,2,66,7,21,4,70,8,28,203,14,39,192,19,6,35,92,32,48,2,29,148,40,97,89,147,49,46,16,5,23,74,15,16,41,15,30,22,1,23,227,28,36,11,5,62,58,185,4,62,4,17,60,40,45,75,77,19,5,9,8,25,3,52,19,8,2,3,44,7,98,14,80,26,25,23,6,1,0,96,11,32,19,2,6,2,4,7,6,3,88,1,5,0,7,1,15,59,32,8,19,85
2021,"Hounslow 008","E02000533",4346,108,70,425,1,96,2,24,4,74,12,19,186,20,34,170,30,5,28,94,41,44,0,23,219,40,122,109,141,45,40,19,6,19,100,11,21,37,19,25,25,0,25,247,28,29,7,4,36,49,214,6,45,7,15,52,32,38,53,88,12,0,6,15,29,0,40,32,1,3,3,46,4,50,4,86,37,29,20,2,1,0,81,5,39,37,1,8,0,3,7,8,2,56,2,3,0,13,3,7,57,24,3,15,69
2021,"Hounslow 009","E02000534",4417,34,66,274,5,77,1,15,1,40,13,32,142,15,51,234,16,2,17,83,28,93,3,59,155,32,42,96,91,53,34,9,3,34,54,33,13,46,7,30,38,1,37,77,11,27,3,8,34,47,149,7,46,5,41,90,38,31,105,91,20,8,15,17,49,2,132,39,7,7,0,69,8,63,3,103,36,27,27,11,1,1,147,10,30,63,3,10,1,2,9,26,1,151,5,18,2,22,11,26,120,44,23,41,88
2021,"Hounslow 010","E02000535",4505,11,50,124,5,127,0,11,2,46,12,43,79,14,38,138,9,0,15,22,13,40,0,70,84,24,31,96,55,26,6,6,1,20,10,47,1,50,22,16,32,0,50,30,2,6,0,5,20,37,98,6,38,4,57,115,60,33,117,72,0,4,16,29,41,1,172,25,8,8,0,84,5,61,2,140,44,27,21,14,0,17,288,7,74,110,15,21,4,6,14,25,3,244,27,53,0,48,51,62,161,161,10,130,126
2021,"Hounslow 011","E02000536",4914,12,55,134,3,133,1,10,2,63,4,28,80,12,37,235,10,4,6,40,10,58,0,45,108,29,50,90,47,28,10,20,0,16,26,19,5,46,7,31,46,0,53,31,9,8,5,5,17,66,116,7,64,7,42,114,76,42,112,96,13,3,19,37,61,4,152,42,10,19,0,92,2,86,3,152,42,30,34,19,0,14,332,12,67,111,9,17,3,3,21,28,5,235,8,38,0,53,55,62,198,115,13,120,145
2021,"Hounslow 012","E02000537",5010,28,56,193,1,91,3,24,2,51,9,30,100,16,58,282,6,2,14,52,17,70,1,52,132,22,56,115,65,47,24,11,4,22,28,34,8,87,11,15,33,0,19,47,5,18,1,7,32,75,109,4,32,5,41,114,52,29,133,79,8,6,14,20,36,2,213,50,8,8,1,93,6,55,1,129,41,37,43,14,2,13,284,10,53,84,6,11,3,1,11,41,4,208,6,44,3,38,26,70,249,134,11,101,138
2021,"Hounslow 013","E02000538",4717,11,39,85,3,82,7,6,0,53,8,39,55,6,35,96,2,1,5,23,9,34,0,27,70,8,18,69,31,27,9,17,2,18,14,15,6,38,11,25,33,0,81,29,5,7,2,3,14,39,84,8,30,2,41,100,86,29,108,81,6,4,15,24,30,4,131,36,5,4,2,137,6,40,4,171,63,31,38,21,1,18,252,10,66,143,8,26,0,3,35,29,14,294,23,65,0,33,95,103,266,194,18,210,253
2021,"Hounslow 014","E02000539",6254,21,105,343,4,96,5,32,4,105,16,46,159,23,67,353,28,6,19,64,49,199,0,35,246,58,38,96,117,65,43,28,10,45,62,23,13,53,31,39,53,1,63,175,23,39,6,13,28,72,219,6,52,10,41,101,74,53,128,128,31,8,17,27,56,5,152,51,12,13,6,102,7,155,17,203,39,39,39,13,1,6,198,13,59,77,6,9,6,8,21,29,3,274,14,15,0,23,7,37,158,86,8,57,116
2021,"Hounslow 015","E02000540",5972,21,83,197,4,113,2,30,2,83,12,44,95,17,58,332,12,6,13,38,29,128,3,49,211,30,38,88,79,60,38,18,4,22,35,42,12,66,15,39,73,1,42,78,20,19,1,7,29,44,176,6,43,5,35,111,46,48,101,119,20,10,30,24,69,4,174,56,12,10,0,174,6,93,8,217,46,56,46,27,0,18,305,14,59,99,12,22,2,5,18,30,7,244,17,41,2,40,38,66,250,122,6,100,201
2021,"Hounslow 016","E02000541",4789,10,61,94,0,80,1,14,3,40,10,28,57,5,36,157,7,1,3,20,10,57,0,43,68,13,16,60,44,18,12,13,3,22,5,22,7,25,6,32,36,0,37,31,5,3,0,7,16,39,62,2,35,7,29,98,76,29,92,87,8,4,13,44,45,2,161,27,12,7,2,129,5,80,5,193,52,26,36,17,2,16,298,9,38,135,7,27,2,6,25,19,9,308,18,48,0,35,79,92,260,190,12,248,244
2021,"Hounslow 017","E02000542",5563,11,41,124,2,92,1,11,1,71,16,52,81,12,47,296,10,2,10,20,14,91,0,34,99,13,19,75,48,27,16,20,3,22,11,34,3,55,16,22,44,0,48,29,7,10,3,6,23,52,117,6,30,6,47,127,78,40,148,107,11,7,22,28,37,1,211,44,20,7,4,169,6,86,3,227,50,40,42,24,1,15,382,9,61,143,3,29,5,8,27,24,7,248,15,55,1,28,76,96,236,197,9,183,216
2021,"Hounslow 018","E02000543",6880,19,62,208,1,110,0,19,3,70,12,33,114,12,64,585,11,0,10,35,25,137,1,30,154,20,35,95,70,52,23,25,4,35,25,55,12,75,22,38,51,3,56,65,2,15,3,7,37,69,175,4,63,5,32,112,79,54,160,115,9,12,36,33,65,4,244,66,14,13,2,227,7,92,4,240,69,61,64,22,0,22,349,12,77,142,9,29,0,0,25,68,9,278,18,30,1,59,58,88,320,151,9,174,260
2021,"Hounslow 019","E02000544",4306,18,83,169,1,62,2,19,2,57,7,27,108,15,48,194,12,0,10,35,18,64,0,44,174,29,33,69,64,34,22,16,4,15,20,36,4,55,13,27,36,0,44,49,12,16,4,5,35,44,106,4,34,3,38,92,57,33,92,91,17,8,18,46,47,4,181,53,10,5,0,80,6,101,3,108,42,36,21,5,0,4,198,9,47,52,1,9,3,19,17,17,1,176,37,25,1,33,12,52,160,82,20,46,89
2021,"Hounslow 020","E02000545",4273,26,69,234,0,75,5,19,4,65,8,33,115,16,47,155,20,5,13,31,28,96,0,28,165,32,43,67,78,38,22,19,3,14,44,28,10,45,10,20,45,0,35,104,22,29,6,4,22,43,158,5,50,9,30,63,43,39,64,74,14,8,11,21,29,6,97,31,8,10,0,80,4,122,2,191,41,42,24,14,0,0,179,11,31,59,3,8,3,1,7,24,2,209,10,18,2,16,6,22,108,54,14,50,106
2021,"Hounslow 021","E02000546",4815,12,53,161,1,84,12,8,2,40,19,32,62,9,45,176,7,0,8,25,5,66,0,33,116,17,24,82,54,18,10,21,3,26,9,34,3,42,12,21,37,0,110,31,3,6,2,5,20,44,127,6,49,8,46,95,66,41,122,85,9,7,17,22,50,7,196,53,5,3,0,119,6,100,1,159,34,33,30,12,0,6,293,8,44,101,6,17,6,5,26,30,10,304,16,21,1,31,38,75,207,139,18,123,172
2021,"Hounslow 022","E02000547",5078,5,62,88,5,90,1,15,1,49,8,69,58,6,36,157,8,4,19,13,13,105,2,18,86,14,23,43,36,16,22,18,2,19,13,28,1,58,18,32,41,2,60,43,7,21,4,3,19,55,118,6,39,7,42,96,113,40,113,84,27,11,27,34,60,4,152,40,15,5,4,97,3,110,7,254,55,44,32,20,0,7,277,9,44,133,8,13,5,0,23,35,5,324,27,65,1,44,42,55,205,248,24,134,175
2021,"Hounslow 023","E02000548",4917,2,71,71,5,94,4,10,1,60,13,63,59,13,46,97,8,0,4,13,9,84,0,22,63,13,13,53,23,30,11,25,4,25,9,37,7,41,6,49,42,1,59,30,7,19,3,3,18,43,104,4,50,3,34,118,119,47,127,83,24,18,32,43,55,8,148,36,5,7,2,103,9,109,11,237,60,51,37,14,0,4,291,11,36,122,4,20,2,5,23,32,4,340,27,61,5,39,36,63,191,189,14,155,162
2021,"Hounslow 024","E02000549",6133,16,88,125,4,103,0,12,4,67,12,54,99,13,63,232,13,2,12,21,15,116,1,35,122,29,17,77,50,30,17,15,1,26,12,39,9,37,19,35,49,0,77,25,10,23,9,6,31,70,109,7,60,12,36,139,120,54,137,138,30,19,31,40,83,3,209,96,9,5,4,132,15,139,11,237,57,42,66,13,1,12,358,14,57,95,4,19,4,2,29,44,7,404,25,53,3,36,43,79,267,190,27,169,196
2021,"Hounslow 025","E02000550",5203,14,60,103,3,75,2,12,0,46,12,52,62,10,74,366,9,4,8,8,13,99,0,13,106,15,15,62,29,20,15,16,5,23,15,31,5,62,16,29,42,2,59,30,7,26,5,6,29,58,114,6,43,6,33,113,90,55,114,85,23,14,17,43,68,4,146,63,12,7,2,105,10,111,7,210,43,54,51,20,0,3,293,8,37,122,2,16,5,6,26,36,7,279,20,48,2,40,36,57,211,142,21,165,179
2021,"Hounslow 026","E02000551",4320,10,44,64,0,90,4,9,0,37,14,46,72,10,35,95,18,1,1,12,5,75,1,17,82,20,20,34,25,8,13,19,4,15,6,23,0,46,10,36,37,2,46,34,4,14,0,2,11,52,93,3,29,7,22,66,59,22,82,82,28,10,26,43,41,2,192,75,8,14,3,126,1,129,8,223,32,41,43,17,0,3,291,11,37,90,2,13,6,10,22,27,5,311,22,26,4,33,16,49,224,108,34,94,132
2021,"Hounslow 027","E02000552",4596,7,96,112,1,81,4,14,4,45,19,51,60,19,56,164,8,1,4,7,6,85,0,18,92,20,16,71,39,27,18,13,0,20,12,33,8,43,14,34,49,2,78,38,5,24,1,2,29,63,91,9,33,5,46,115,100,39,105,84,28,6,26,51,68,10,168,53,18,5,0,88,7,116,11,178,44,37,26,14,0,9,222,13,31,86,5,9,2,10,17,27,8,288,14,41,0,26,17,36,178,106,18,118,121
2021,"Hounslow 028","E02000553",3295,4,57,105,4,62,1,14,1,34,7,35,80,10,39,89,6,3,3,14,12,46,0,16,83,19,11,25,23,17,10,14,1,16,7,24,8,35,9,28,26,1,42,28,7,24,3,5,14,31,82,3,23,4,28,73,55,32,66,59,22,12,18,40,50,8,138,44,7,6,0,58,4,103,9,149,16,25,28,16,0,8,156,6,27,47,4,6,5,5,14,23,5,204,10,23,1,18,16,41,109,70,11,73,82
2021,"Hounslow 029","E02006792",4890,83,102,420,2,84,4,23,1,96,6,20,188,9,65,251,41,6,45,112,37,54,1,42,190,30,105,118,173,61,43,27,11,16,91,22,14,53,14,30,23,0,28,228,38,23,1,7,50,76,264,3,61,7,20,63,46,31,67,96,17,2,6,7,27,1,53,20,3,9,7,59,4,84,8,62,24,26,13,8,0,0,124,3,51,45,3,7,1,9,4,10,2,78,5,6,1,12,6,14,63,33,3,24,124
2021,"Hounslow 030","E02006972",2639,44,46,177,1,43,0,8,1,37,4,24,86,11,44,115,17,0,20,38,23,32,1,24,85,12,28,50,81,35,21,13,2,14,49,16,9,30,6,13,33,1,11,78,11,29,0,3,17,35,111,0,22,3,10,40,25,26,33,51,11,0,9,10,26,0,50,11,3,6,2,46,2,63,1,83,13,18,15,6,0,0,88,3,24,28,3,10,2,1,8,12,2,82,4,8,2,13,7,8,44,44,3,31,38
2021,"Hounslow 031","E02006973",4272,27,74,211,1,60,2,22,1,59,7,31,108,17,57,205,33,6,24,31,29,79,2,28,176,32,41,69,100,40,36,20,4,17,65,23,11,42,9,24,27,2,25,134,14,29,2,4,29,58,151,8,50,5,20,62,59,35,92,76,9,4,11,27,34,4,86,28,4,7,4,66,7,110,5,145,28,34,42,2,1,0,181,6,29,68,4,4,1,3,8,15,2,163,13,26,0,25,12,24,109,62,8,30,116
2021,"Islington 001","E02000554",4530,28,51,208,0,57,0,16,1,55,2,10,95,23,34,134,53,9,33,36,50,110,1,30,218,34,104,47,132,53,38,22,9,12,98,18,28,36,16,53,46,0,28,271,38,18,1,16,26,60,165,10,44,4,43,51,37,22,88,87,18,2,9,14,34,2,65,19,7,10,8,88,9,111,5,173,19,34,44,8,0,3,154,13,28,57,1,3,1,0,5,33,0,117,7,13,3,14,3,28,101,53,6,33,166
2021,"Islington 002","E02000555",4922,58,48,290,1,57,2,22,1,55,8,20,142,15,56,213,48,11,51,68,67,82,2,25,246,46,121,81,172,53,40,23,19,22,135,36,34,50,18,43,42,0,20,280,50,27,2,9,29,61,195,7,59,11,40,51,34,42,70,90,18,3,8,4,37,1,37,17,8,7,6,74,6,109,8,140,20,38,25,10,0,3,171,13,40,54,0,2,1,3,2,13,3,102,5,8,3,16,7,22,82,42,2,10,142
2021,"Islington 003","E02000556",6487,56,69,338,2,89,10,28,1,75,9,16,172,41,60,277,78,11,64,101,74,95,1,37,297,42,158,154,274,67,63,33,16,37,230,56,64,52,18,87,42,3,32,367,76,30,2,14,46,102,331,10,96,8,56,78,37,30,111,81,14,1,8,8,39,2,50,21,7,9,4,94,19,141,9,111,22,52,34,6,0,7,187,8,60,72,7,6,3,4,19,14,5,106,5,11,0,14,5,26,130,44,9,30,160
2021,"Islington 004","E02000557",4758,42,44,257,0,48,1,29,3,59,8,12,134,39,33,244,57,6,33,89,55,94,3,26,236,49,93,82,176,49,33,22,19,13,126,24,40,50,14,51,37,2,15,266,46,24,6,6,34,64,163,10,54,3,34,66,45,25,121,88,13,3,20,3,31,1,55,12,4,4,5,78,21,106,5,119,27,31,29,4,0,6,126,9,32,59,5,3,1,4,6,22,3,94,3,10,1,18,0,21,81,36,5,17,123
2021,"Islington 005","E02000558",4038,22,41,130,0,44,0,16,0,51,4,17,60,18,52,136,44,8,28,27,24,78,3,19,144,22,59,76,106,34,28,27,5,13,94,18,21,51,11,57,46,1,21,147,30,14,0,2,18,46,132,4,58,3,35,65,23,18,59,86,8,1,21,9,37,3,53,12,3,3,3,92,8,118,2,181,19,30,30,19,0,5,182,12,34,50,2,6,0,3,7,20,3,162,8,17,0,20,3,25,174,71,11,23,152
2021,"Islington 006","E02000559",5604,95,82,469,1,57,0,28,3,70,5,16,185,34,68,247,49,9,42,89,61,52,5,36,233,45,281,159,272,95,59,25,8,24,203,20,49,51,9,44,22,0,31,284,51,24,2,14,67,93,261,9,76,7,40,69,46,26,70,97,8,1,7,6,31,3,27,4,4,7,5,60,9,88,3,97,8,25,13,8,0,1,159,9,29,57,0,5,1,1,6,16,4,76,13,7,0,8,4,16,71,47,1,15,75
2021,"Islington 007","E02000560",4334,30,40,222,0,69,2,26,0,71,3,16,87,22,47,210,66,2,35,69,38,55,4,25,188,25,84,90,193,55,40,24,11,18,135,20,46,44,11,46,25,1,34,276,57,24,0,11,41,74,197,5,42,6,35,39,41,30,63,73,9,2,8,6,28,2,40,16,3,11,2,93,13,68,4,91,14,35,23,8,0,0,104,9,24,43,0,6,0,1,4,17,1,64,2,2,1,13,6,23,86,28,3,14,164
2021,"Islington 008","E02000561",4150,85,46,264,2,49,4,13,1,69,3,7,152,28,42,145,58,8,46,126,77,41,1,16,253,38,166,109,174,38,43,16,15,13,126,16,43,55,21,37,26,2,11,352,52,23,0,6,35,57,143,3,55,7,29,35,34,24,60,57,15,1,5,2,24,3,34,13,1,12,7,31,12,79,5,52,12,17,7,4,0,0,67,7,20,26,1,3,0,2,5,11,1,43,5,11,0,15,1,9,44,15,2,12,57
2021,"Islington 009","E02000562",4324,75,39,339,3,53,1,19,1,43,0,15,128,22,31,173,53,5,39,68,53,33,4,15,159,26,228,85,191,58,49,21,15,19,143,19,52,25,19,35,26,0,16,245,40,33,0,22,53,75,190,6,73,4,16,49,38,26,60,57,11,1,9,8,12,2,33,12,7,3,7,70,5,84,5,89,20,24,19,0,0,4,121,8,25,37,1,7,1,2,4,11,1,82,4,4,1,4,3,19,43,35,4,18,79
2021,"Islington 010","E02000563",4213,33,29,170,1,61,1,30,1,47,6,11,97,22,40,170,47,11,38,57,34,56,2,24,178,26,86,64,131,37,35,24,9,16,96,14,38,49,12,60,42,0,28,220,28,38,1,9,22,47,176,11,32,4,30,53,24,21,78,80,17,3,5,10,28,1,44,7,6,8,3,75,9,101,1,123,25,22,24,14,0,0,165,9,32,60,2,5,2,4,8,15,4,145,4,7,1,20,7,23,105,54,1,26,181
2021,"Islington 011","E02000564",7370,80,73,478,1,93,1,30,0,74,6,15,191,50,79,430,90,17,68,118,72,193,5,44,320,69,226,223,342,78,87,38,14,37,190,37,77,54,20,72,50,3,49,351,67,35,0,18,77,121,388,31,106,6,37,92,51,38,102,112,13,3,9,11,50,3,61,20,10,13,7,82,13,125,10,141,31,39,36,10,1,1,166,10,51,69,5,11,3,5,8,14,3,90,10,10,2,16,4,25,75,63,2,25,188
2021,"Islington 012","E02000565",4425,47,47,248,1,48,2,20,4,52,5,11,154,14,31,128,71,7,35,38,44,56,1,15,155,33,122,65,180,37,57,27,10,7,137,18,54,41,13,38,29,1,20,287,64,36,0,17,41,49,207,3,62,3,17,55,30,27,75,75,8,2,3,4,23,3,41,24,1,8,8,74,12,75,8,115,15,30,19,7,0,1,138,11,42,42,1,6,2,4,7,22,0,120,2,7,1,10,13,31,101,49,3,22,139
2021,"Islington 013","E02000566",4999,113,58,455,2,61,3,19,0,50,4,10,169,21,60,194,60,19,68,114,65,42,1,22,213,31,270,156,280,64,39,29,8,19,171,19,45,41,11,42,23,0,14,265,45,32,1,11,82,89,217,10,53,2,32,62,33,38,67,57,6,1,2,3,12,4,25,6,2,7,5,38,8,83,2,71,9,24,18,2,1,0,107,4,24,54,1,3,0,2,5,11,1,75,4,5,0,4,3,18,40,26,0,14,88
2021,"Islington 014","E02000567",5955,94,66,426,2,75,2,21,4,66,10,18,229,26,58,236,62,11,69,75,55,63,2,17,191,51,310,133,264,80,51,21,9,29,236,25,77,43,21,48,31,0,23,374,71,31,0,26,77,99,288,7,55,2,44,55,35,38,77,100,24,1,5,8,23,0,48,18,8,8,7,58,11,112,7,100,35,37,29,10,0,0,154,22,33,46,2,15,2,3,6,17,2,75,3,9,0,6,10,31,97,46,12,17,89
2021,"Islington 015","E02000568",5232,42,46,264,2,67,0,30,0,67,3,16,83,35,65,262,50,7,67,67,38,73,1,25,183,45,104,127,162,45,46,20,6,15,98,46,46,48,28,55,59,0,27,189,22,28,0,5,35,74,217,12,69,10,35,68,46,39,91,109,12,2,14,10,40,0,56,23,11,9,11,85,9,114,6,144,17,44,28,11,0,1,233,12,31,70,2,7,0,4,18,28,3,159,12,8,2,26,7,28,128,53,8,61,166
2021,"Islington 016","E02000569",5045,102,49,379,0,50,2,22,3,57,2,17,147,25,55,182,38,14,42,72,52,53,4,26,180,27,283,174,234,67,54,24,16,18,133,22,43,41,14,36,31,0,29,222,44,32,2,18,58,77,231,6,46,4,42,56,40,31,72,87,7,3,17,9,24,0,48,22,5,9,4,74,12,106,4,97,20,18,30,2,0,1,138,7,39,51,2,8,4,5,3,18,1,86,6,9,1,5,3,28,61,46,1,28,96
2021,"Islington 017","E02000570",4939,139,54,461,1,63,3,13,3,47,7,11,195,32,43,229,49,5,36,89,59,40,3,19,192,35,357,224,274,67,56,15,8,21,131,18,41,35,10,30,37,1,10,262,42,28,1,19,74,85,223,7,52,6,24,63,22,33,67,71,11,0,6,1,14,1,38,14,2,3,5,21,6,52,11,51,12,27,10,2,0,0,89,3,37,30,2,6,3,5,4,16,2,47,6,10,0,7,5,8,31,22,0,9,68
2021,"Islington 018","E02000571",4660,68,63,387,0,53,1,17,3,45,6,13,114,23,56,217,34,9,33,51,22,51,3,14,140,25,247,178,212,63,60,21,9,28,122,17,37,20,11,29,31,0,22,196,36,25,2,17,68,62,210,3,42,3,33,40,39,29,71,77,3,1,10,7,34,2,52,10,1,6,3,51,4,93,7,93,17,28,24,9,1,1,121,15,33,61,1,7,2,1,3,13,1,95,3,8,0,8,5,32,76,71,1,25,113
2021,"Islington 019","E02000572",3889,21,38,135,0,73,0,14,2,30,6,11,62,15,46,157,33,1,43,57,20,45,5,30,119,22,80,70,118,27,40,31,1,14,52,21,16,36,6,30,70,0,21,125,21,13,1,8,20,62,135,3,41,3,34,53,44,29,82,61,11,2,10,9,36,0,47,31,3,5,3,87,9,115,6,154,23,54,30,11,0,2,200,5,43,64,3,3,2,4,7,13,2,167,1,11,2,6,3,23,118,70,10,17,114
2021,"Islington 020","E02000573",6068,145,70,603,1,65,3,19,3,67,7,12,191,29,66,272,49,12,52,99,47,44,0,26,187,41,456,294,343,86,60,21,8,28,185,21,50,52,9,58,26,3,15,289,55,23,5,20,117,98,339,5,57,5,26,68,37,33,65,85,6,1,16,7,29,3,40,24,4,4,4,52,5,65,4,67,14,17,20,7,0,2,139,19,33,33,3,10,1,2,7,6,2,84,2,5,1,3,8,18,36,28,2,12,71
2021,"Islington 021","E02000574",4064,82,37,309,0,45,1,20,0,48,6,2,128,30,51,233,36,5,59,58,39,40,3,16,167,19,160,131,196,44,36,30,10,14,107,21,37,39,9,31,26,1,18,179,24,23,1,9,58,72,178,5,46,1,24,44,37,31,63,80,5,0,10,2,22,2,29,19,2,4,2,50,7,64,4,57,15,25,14,3,0,1,117,8,26,32,1,8,2,4,1,15,3,92,3,6,2,5,1,18,45,30,1,11,77
2021,"Islington 022","E02000575",5764,129,51,452,0,70,4,21,2,76,9,18,156,25,56,341,47,13,40,72,27,53,4,31,166,24,346,278,341,69,50,31,12,26,128,18,62,36,23,38,24,0,26,239,41,25,5,18,74,85,256,12,56,4,27,71,41,34,82,88,10,2,17,6,36,3,37,12,1,4,7,60,5,82,5,83,23,26,30,9,0,1,150,11,30,71,2,5,2,9,3,21,5,120,7,9,0,10,4,20,94,42,2,14,121
2021,"Islington 023","E02000576",5201,98,46,344,1,59,0,17,1,48,6,14,114,30,58,285,38,4,26,40,29,66,1,28,148,22,246,292,225,50,40,19,6,20,76,27,42,31,15,43,40,0,22,169,41,23,3,15,79,93,223,9,50,4,38,64,40,47,83,89,9,3,16,7,30,4,37,23,6,6,8,71,5,104,5,125,21,30,39,18,0,8,151,13,33,58,3,7,2,4,6,22,3,135,7,16,1,17,4,31,119,59,4,20,124
2021,"Kensington and Chelsea 001","E02000577",3347,34,29,131,1,63,0,11,1,30,5,9,63,10,15,68,19,2,8,27,18,49,2,17,100,19,46,31,80,15,18,17,2,18,40,10,8,28,11,49,26,0,20,109,40,40,0,1,23,31,108,3,41,3,21,46,45,21,64,67,26,0,5,7,13,1,23,20,4,9,0,73,16,130,6,142,18,30,45,14,1,3,178,12,68,50,3,8,3,0,4,15,2,194,2,21,2,11,9,15,103,58,13,24,153
2021,"Kensington and Chelsea 002","E02000578",2301,33,38,84,1,53,4,7,2,33,1,8,65,5,16,46,9,1,6,15,15,31,0,10,66,15,19,40,34,15,7,10,0,6,36,6,13,21,12,35,17,0,12,63,16,21,1,3,12,14,61,2,16,6,15,29,12,9,57,68,8,0,5,9,17,1,25,13,5,4,1,50,5,103,4,101,16,19,35,4,1,0,140,11,19,30,3,4,0,3,4,18,0,126,2,8,1,5,2,13,78,41,1,24,90
2021,"Kensington and Chelsea 003","E02000579",4358,134,61,309,2,119,1,17,2,76,7,14,186,22,19,96,16,1,25,44,33,46,0,10,146,28,81,97,92,38,36,19,8,15,93,21,30,25,28,33,32,9,11,245,50,29,1,9,39,51,185,3,52,2,25,67,42,17,76,93,16,0,7,20,26,0,40,14,4,7,6,49,5,135,3,121,26,41,36,4,0,0,154,14,67,39,2,8,0,1,3,6,6,108,2,7,11,11,1,17,97,40,2,19,115
2021,"Kensington and Chelsea 004","E02000580",4047,74,66,272,1,77,6,8,3,75,6,5,143,12,33,127,34,7,16,41,34,26,0,12,114,14,79,92,132,38,19,19,14,8,99,15,19,25,17,35,26,1,15,267,57,21,3,3,53,57,168,7,43,5,27,29,37,25,65,108,13,0,7,5,14,2,36,14,19,9,2,74,7,97,9,88,22,30,39,17,0,0,171,28,36,60,2,5,0,2,5,12,0,120,3,8,2,3,5,22,59,44,6,14,102
2021,"Kensington and Chelsea 005","E02000581",2938,66,27,109,1,49,3,13,2,31,10,9,71,6,28,69,14,3,15,13,14,34,1,17,95,9,38,47,55,22,12,23,5,6,51,17,7,13,16,45,26,0,10,108,15,21,2,4,21,40,97,2,22,3,11,43,32,13,75,82,12,0,8,8,33,0,48,14,5,11,0,53,7,103,2,115,24,33,50,4,0,0,175,6,31,60,0,8,0,4,5,14,0,107,4,12,2,9,5,18,93,35,0,28,99
2021,"Kensington and Chelsea 006","E02000582",3519,156,56,420,1,85,11,11,3,46,7,13,182,18,24,108,14,2,21,44,36,19,0,22,104,22,137,201,175,46,13,12,3,7,85,10,17,14,17,25,9,0,9,179,38,16,0,6,85,43,184,1,23,3,20,46,13,18,35,57,10,0,3,1,8,0,7,3,1,5,2,49,9,52,4,37,6,12,43,7,0,0,78,10,21,15,0,7,0,1,2,6,1,25,0,4,0,7,2,4,19,8,1,6,71
2021,"Kensington and Chelsea 007","E02000583",3451,204,54,413,0,63,4,9,2,40,4,9,186,14,28,104,18,9,14,63,34,18,1,14,85,18,137,167,142,47,22,6,3,12,79,10,14,13,12,22,8,2,9,205,44,15,2,3,79,42,143,2,29,2,9,20,12,11,61,59,19,2,1,2,5,0,12,1,2,2,2,27,6,93,12,38,11,12,55,1,0,0,64,7,36,15,2,6,0,0,4,4,0,52,1,6,1,4,3,6,32,16,2,12,24
2021,"Kensington and Chelsea 008","E02000584",3618,241,74,464,0,69,1,5,0,56,1,7,225,16,17,88,27,2,34,72,21,8,0,25,74,22,164,194,154,52,25,15,7,14,102,7,17,15,3,19,21,0,10,149,29,14,5,15,88,43,185,5,27,0,16,45,10,35,43,53,6,0,3,0,13,1,5,5,2,1,0,28,3,45,6,34,21,13,60,8,0,0,64,10,27,14,1,6,1,1,2,3,1,23,0,1,1,0,0,10,22,11,0,8,28
2021,"Kensington and Chelsea 009","E02000585",3851,205,71,420,3,73,3,14,6,72,3,10,204,11,34,116,22,4,13,57,35,34,1,33,94,27,110,154,141,54,45,5,13,19,67,13,13,20,13,19,15,1,9,165,39,12,1,14,80,43,191,5,31,0,12,40,14,12,65,68,2,0,5,2,11,1,16,9,1,5,1,72,5,102,18,54,17,22,103,8,3,2,75,15,24,21,0,2,0,0,2,4,1,37,1,0,3,2,4,4,35,16,3,9,66
2021,"Kensington and Chelsea 010","E02000586",3048,226,60,448,0,47,5,9,1,51,4,8,198,8,22,72,11,6,19,46,17,15,1,21,80,21,125,184,113,55,13,4,6,17,45,7,14,8,11,11,14,0,4,113,25,14,1,5,88,32,133,1,23,2,14,35,16,19,36,31,0,1,8,0,8,0,18,3,0,4,2,19,2,77,0,14,14,11,46,3,0,0,58,7,18,10,0,2,1,3,1,2,2,23,1,1,0,1,0,1,20,8,1,9,34
2021,"Kensington and Chelsea 011","E02000587",3254,250,60,443,4,69,7,7,2,47,6,9,224,8,32,90,10,5,32,50,25,16,0,13,95,31,100,196,151,43,20,6,4,21,65,2,15,8,10,15,9,0,10,117,30,19,1,6,66,46,145,1,27,0,15,25,17,13,27,65,7,3,3,0,12,1,7,7,3,0,0,24,12,40,1,26,5,17,64,10,1,1,48,3,24,10,0,1,0,1,1,7,1,14,0,2,0,2,3,4,18,6,2,4,29
2021,"Kensington and Chelsea 012","E02000588",2969,246,57,427,1,59,4,10,1,46,0,5,227,5,20,65,4,3,15,36,16,6,1,10,52,20,133,206,116,34,20,9,2,7,54,4,14,8,9,10,9,0,1,104,42,12,0,2,85,40,132,2,19,0,8,40,14,13,24,36,1,0,0,0,5,0,13,4,1,1,0,9,4,30,2,28,7,15,122,3,4,0,35,7,16,8,0,1,0,4,3,6,0,22,0,0,0,1,0,7,21,7,0,7,30
2021,"Kensington and Chelsea 013","E02000589",3648,212,65,494,4,80,6,10,0,76,4,9,186,12,28,115,15,3,30,59,31,23,1,27,80,15,114,221,171,45,30,9,4,27,58,7,19,19,16,12,13,0,8,128,31,14,2,5,103,59,169,1,27,1,8,31,20,15,33,53,6,0,1,4,22,0,13,4,5,1,1,44,4,70,2,54,15,29,44,9,2,1,58,9,25,18,0,2,0,0,1,9,1,30,1,3,0,1,0,4,38,4,1,12,42
2021,"Kensington and Chelsea 014","E02000590",2780,135,36,251,2,63,5,9,3,32,5,11,175,16,13,64,8,4,21,41,17,17,1,13,90,11,102,130,98,27,7,12,3,9,60,3,11,23,9,22,15,1,12,81,31,22,0,5,52,32,119,3,18,2,12,28,16,14,48,47,4,0,4,1,7,2,11,8,1,0,1,45,4,44,6,64,11,23,72,2,1,1,106,5,18,26,0,5,1,1,2,5,1,55,0,3,2,6,2,12,25,14,1,12,49
2021,"Kensington and Chelsea 015","E02000591",3020,113,47,241,1,49,1,7,6,56,3,10,133,9,22,111,17,4,25,61,23,21,1,33,94,18,92,167,114,45,27,4,2,19,43,6,17,11,14,23,14,0,11,99,27,17,0,7,56,42,176,1,26,0,15,42,22,9,42,58,4,0,4,4,15,1,14,5,1,3,1,46,1,65,3,40,12,26,43,6,0,0,89,11,24,28,1,2,1,1,3,5,1,49,0,4,1,3,2,7,45,23,2,10,60
2021,"Kensington and Chelsea 016","E02000592",3059,190,46,479,2,46,3,9,1,36,7,7,169,6,16,62,8,3,14,55,17,12,0,24,87,31,144,247,156,51,22,8,0,9,52,6,16,14,11,11,7,0,1,85,34,18,1,4,109,45,133,1,28,2,17,22,12,11,27,37,6,0,2,1,6,0,13,5,1,2,1,21,2,51,0,22,8,10,51,9,2,1,43,2,24,13,0,2,0,0,0,2,2,9,0,0,0,0,0,1,20,1,2,4,49
2021,"Kensington and Chelsea 017","E02000593",3727,189,69,441,2,63,7,12,2,65,2,20,208,14,28,101,12,7,23,60,29,29,2,29,100,20,130,208,178,77,19,9,9,17,53,9,25,17,12,11,7,0,9,118,24,20,3,7,83,45,212,2,40,3,15,51,25,19,43,56,6,1,3,1,4,0,14,11,0,2,3,22,5,73,5,51,20,18,65,7,1,1,75,12,26,22,0,6,0,0,2,9,3,47,0,3,0,7,0,5,44,13,0,10,40
2021,"Kensington and Chelsea 018","E02000594",3253,216,61,395,1,56,7,13,3,31,3,2,188,4,13,53,7,2,15,49,18,26,2,23,73,24,125,194,108,53,11,14,16,29,53,3,14,9,5,34,3,0,7,120,37,11,4,4,72,41,148,0,29,0,15,42,38,18,27,52,8,1,1,1,6,0,26,6,0,5,1,41,0,80,0,54,5,13,106,1,0,0,58,8,22,13,1,3,0,0,1,3,4,42,0,1,0,0,0,4,59,7,1,8,42
2021,"Kensington and Chelsea 019","E02000595",2959,177,45,459,1,64,6,8,2,50,4,3,213,11,7,68,9,4,11,57,24,41,1,10,58,21,101,139,100,41,24,16,4,9,54,5,9,8,3,11,4,0,5,117,44,15,3,11,65,36,134,0,17,3,7,34,18,11,35,46,3,1,0,5,5,0,12,8,0,0,0,19,3,104,6,25,5,21,76,1,0,2,50,2,22,7,0,3,5,4,0,7,0,17,0,0,1,0,1,2,12,10,2,6,29
2021,"Kensington and Chelsea 020","E02000596",3566,172,32,447,0,81,6,10,4,70,0,5,206,14,18,75,12,3,18,61,22,129,1,23,81,26,123,198,148,56,33,6,6,7,78,8,15,7,10,24,17,0,12,145,45,15,3,11,111,55,209,3,23,3,15,29,14,22,37,78,3,0,1,1,7,0,7,3,0,1,0,21,4,70,1,32,8,22,37,3,0,1,56,7,22,16,0,5,0,1,3,4,2,37,0,1,0,3,0,7,16,3,2,4,73
2021,"Kensington and Chelsea 021","E02000597",2741,83,50,187,0,68,0,9,3,42,7,11,136,8,18,57,9,6,16,44,20,47,0,15,54,14,63,95,74,34,19,17,3,10,43,8,14,14,8,31,16,1,8,94,23,34,1,4,46,34,124,6,23,0,16,32,15,24,41,60,0,1,6,7,11,1,18,7,0,2,3,34,5,59,5,78,26,13,49,11,0,0,110,9,31,18,1,6,2,1,6,11,0,74,2,3,1,3,3,13,55,22,1,13,81
2021,"Kingston upon Thames 001","E02000598",3836,64,99,373,1,65,1,17,3,51,13,15,153,16,41,224,20,6,23,69,43,63,2,28,244,37,52,84,98,62,36,11,1,25,55,16,21,27,13,22,55,0,25,84,21,54,7,3,44,48,165,4,48,3,32,62,37,34,80,74,17,3,4,10,27,2,44,20,1,2,2,31,4,109,9,60,22,16,7,2,1,1,86,12,33,30,1,3,0,3,3,7,0,46,4,6,1,7,2,14,24,22,1,10,53
2021,"Kingston upon Thames 002","E02000599",3015,83,78,268,2,92,6,14,2,50,14,15,182,15,40,81,9,1,6,128,22,33,0,54,115,37,74,96,88,40,26,13,0,11,37,8,13,22,11,11,17,3,16,72,10,26,4,6,42,30,108,2,21,1,16,49,21,20,64,63,15,1,6,5,13,0,32,9,2,6,1,26,5,55,9,56,15,17,15,4,1,4,82,8,28,15,0,1,0,1,6,8,1,48,3,2,0,1,2,10,46,9,3,6,50
2021,"Kingston upon Thames 003","E02000600",4209,51,72,293,2,66,7,14,9,45,11,16,131,19,60,179,21,1,22,89,48,315,5,53,222,32,72,85,108,40,32,18,5,19,44,19,16,43,26,28,36,4,28,128,20,26,4,6,42,47,136,5,51,5,36,53,38,20,72,74,29,1,9,16,22,1,50,17,2,7,1,59,5,81,5,115,16,26,14,8,0,1,138,7,26,34,2,5,4,5,7,9,4,74,0,8,0,16,7,9,66,31,5,16,82
2021,"Kingston upon Thames 004","E02000601",6032,88,126,611,1,101,58,36,3,70,13,23,240,26,80,366,50,5,36,106,52,91,7,41,294,63,119,160,189,102,70,26,8,31,92,34,32,56,13,41,50,0,74,190,41,39,9,12,60,79,267,15,68,10,52,69,51,51,98,95,19,2,12,7,29,5,50,13,2,6,6,54,4,120,6,107,14,38,17,5,0,2,174,6,36,68,4,4,0,4,6,9,2,61,3,6,1,8,5,17,59,18,7,18,108
2021,"Kingston upon Thames 005","E02000602",4733,34,75,261,0,80,2,25,3,67,9,23,106,11,50,187,37,8,22,43,46,130,2,41,201,46,49,83,118,55,28,17,8,26,58,32,10,48,14,35,29,6,30,118,20,33,1,6,31,56,205,11,57,9,32,52,44,34,100,77,17,2,8,22,34,6,75,29,5,5,1,92,7,123,4,173,26,45,29,9,0,8,278,12,34,69,5,12,1,1,8,13,4,126,6,4,3,10,9,19,127,35,13,31,152
2021,"Kingston upon Thames 006","E02000603",3991,19,64,160,4,72,1,16,1,53,8,20,97,22,39,144,17,1,11,56,24,194,1,39,136,27,39,53,86,33,26,7,2,12,33,20,7,35,20,20,36,2,32,55,13,21,2,6,34,35,99,5,39,2,33,66,47,26,72,72,26,6,11,18,44,4,102,26,3,8,0,86,6,134,2,165,18,33,27,13,1,6,263,5,35,49,3,7,2,3,9,19,1,149,8,9,1,27,7,14,148,29,2,36,110
2021,"Kingston upon Thames 007","E02000604",4646,39,73,331,3,100,6,21,2,58,11,23,153,34,61,210,34,5,20,63,32,81,3,50,233,56,63,119,130,60,40,22,1,22,60,26,12,42,21,28,42,1,36,125,21,39,1,5,45,53,169,6,43,6,36,83,63,31,85,83,22,4,14,4,31,1,101,26,7,7,0,78,8,76,4,109,30,34,21,7,0,0,220,7,41,35,4,5,0,3,6,17,2,96,2,5,1,16,9,19,79,34,8,26,106
2021,"Kingston upon Thames 008","E02000605",4054,48,88,310,3,65,4,21,1,59,8,14,129,12,62,193,24,4,15,75,33,47,4,30,214,40,77,98,97,50,39,22,10,21,44,22,9,42,17,39,37,1,19,92,14,18,2,7,28,51,145,5,39,9,40,79,36,31,86,91,27,2,10,16,32,3,72,26,8,4,2,62,7,93,4,75,19,28,16,4,0,2,183,4,45,42,3,8,1,1,8,11,2,78,2,6,1,14,7,21,56,23,10,19,77
2021,"Kingston upon Thames 009","E02000606",5846,57,110,462,4,101,6,35,6,99,5,31,158,38,90,315,61,7,27,70,60,94,2,54,314,63,85,141,186,75,70,19,8,40,99,28,23,58,15,47,38,0,45,160,42,44,7,9,53,73,284,9,84,12,38,88,52,48,87,84,27,2,12,14,34,4,58,18,4,10,5,92,11,83,7,124,29,35,26,7,2,1,221,11,52,65,1,11,3,1,9,16,6,67,7,10,0,6,7,7,83,30,1,21,186
2021,"Kingston upon Thames 010","E02000607",3354,50,56,283,1,43,7,18,1,43,7,12,103,18,43,170,27,7,10,32,44,36,2,14,196,31,65,85,104,36,32,24,6,22,57,16,11,36,9,33,28,2,31,84,24,28,0,3,33,47,157,11,47,9,31,47,35,32,64,56,15,5,4,7,21,3,36,21,5,6,0,30,6,62,6,72,15,23,9,1,0,0,119,4,21,28,4,5,2,1,6,11,3,61,1,10,3,3,4,12,45,20,5,13,67
2021,"Kingston upon Thames 011","E02000608",4320,34,63,307,3,75,4,19,1,68,7,16,130,18,69,253,55,3,40,44,43,61,1,29,218,32,71,118,147,61,41,16,10,26,79,15,26,48,9,40,24,1,42,123,32,37,7,8,48,74,251,5,54,10,31,54,38,31,61,77,18,1,7,8,34,2,52,22,4,6,4,62,11,62,6,90,29,22,9,7,0,2,104,6,28,54,2,5,1,1,2,11,2,59,1,11,2,10,3,8,83,17,4,34,106
2021,"Kingston upon Thames 012","E02000609",3458,33,73,212,3,88,5,14,3,48,16,21,127,12,42,144,4,4,10,66,20,59,3,48,115,24,30,71,61,29,18,21,6,13,28,22,12,37,12,15,32,1,21,47,10,23,2,8,31,29,94,3,30,2,34,84,37,23,92,81,24,4,15,15,46,3,85,25,3,6,4,57,6,81,7,116,15,31,11,11,0,0,187,6,30,29,1,1,3,2,5,18,5,108,7,9,0,5,7,19,79,19,5,23,72
2021,"Kingston upon Thames 013","E02000610",4453,48,73,319,2,77,5,15,4,50,10,16,116,26,73,204,33,6,25,48,43,69,1,44,217,38,80,123,138,62,47,17,8,27,69,28,25,60,22,27,32,1,37,116,15,24,3,11,48,60,233,7,67,7,27,56,45,37,81,73,27,3,6,17,26,2,75,25,4,6,3,59,6,83,11,107,27,23,18,5,1,1,153,6,30,50,1,8,3,5,3,10,1,89,1,8,3,12,1,17,89,23,4,22,104
2021,"Kingston upon Thames 014","E02000611",3504,35,80,290,2,59,6,20,5,41,7,22,136,13,47,160,26,4,10,56,38,67,1,32,172,33,37,98,82,50,40,22,5,32,38,16,10,34,13,22,31,0,32,57,13,26,1,9,43,22,106,7,34,3,28,85,29,36,79,88,20,2,9,17,53,3,70,24,6,2,7,23,4,83,6,60,9,19,6,4,0,1,145,8,26,32,0,2,0,4,5,11,3,84,5,5,0,8,3,21,43,21,2,18,40
2021,"Kingston upon Thames 015","E02000612",4022,28,82,293,3,83,2,20,5,45,12,18,131,15,51,185,24,2,13,82,31,63,0,63,156,33,48,126,83,61,34,12,7,19,38,35,15,31,15,13,37,2,35,71,16,32,2,7,41,58,126,12,34,12,32,97,50,28,109,122,19,8,13,18,44,2,87,30,1,9,0,47,2,105,6,88,22,18,17,8,0,1,168,5,33,51,1,5,0,0,7,12,1,105,1,8,2,6,5,15,42,26,7,20,57
2021,"Kingston upon Thames 016","E02000613",4132,49,65,315,2,81,3,21,6,50,9,17,153,21,57,178,31,7,33,37,35,86,0,33,213,48,65,95,92,54,46,15,3,29,58,21,12,37,12,27,30,6,46,104,18,39,3,8,37,42,183,7,50,5,38,53,35,42,74,77,22,5,13,6,32,4,98,19,7,6,1,54,7,84,12,107,16,30,20,7,1,0,138,8,34,26,0,7,0,2,12,19,3,78,3,6,2,11,9,15,83,13,4,39,56
2021,"Kingston upon Thames 017","E02000614",4710,18,90,188,0,88,2,18,4,60,7,15,93,13,54,177,19,2,15,40,12,120,0,49,145,37,28,110,68,35,26,30,5,16,25,32,8,37,15,23,44,2,39,62,19,31,1,2,20,32,135,10,40,4,33,110,41,30,105,123,37,8,16,23,54,4,144,47,11,9,1,77,8,137,12,198,29,34,32,3,0,4,369,9,55,56,3,10,0,5,3,30,1,175,10,15,3,20,8,43,173,31,13,61,122
2021,"Kingston upon Thames 018","E02000615",4052,17,81,155,3,73,7,15,5,56,10,29,98,8,77,96,15,4,16,18,21,81,0,28,175,31,14,63,53,41,26,19,1,16,20,29,10,41,14,35,33,3,61,64,13,27,3,3,28,34,130,7,37,10,33,101,59,48,113,90,46,4,24,44,73,3,133,45,8,11,4,55,7,135,19,132,14,36,18,10,1,6,185,8,30,38,1,16,3,3,7,30,3,137,7,11,2,18,10,21,126,25,9,67,69
2021,"Kingston upon Thames 019","E02000616",3303,9,67,136,0,63,4,18,3,34,17,22,71,15,34,117,11,2,10,4,13,58,0,19,108,23,17,53,35,23,23,10,2,15,12,23,6,29,14,28,29,5,65,23,12,25,2,4,34,36,109,8,31,6,33,98,47,55,98,92,37,4,20,27,49,11,136,35,4,8,3,39,8,115,12,120,14,32,26,5,0,0,145,13,35,26,1,8,2,7,9,20,1,99,9,12,3,19,9,23,66,19,3,33,76
2021,"Kingston upon Thames 020","E02000617",4480,18,95,177,3,89,3,16,7,51,14,30,85,8,36,131,11,7,6,20,14,94,1,24,154,48,26,75,46,36,27,20,3,26,20,29,8,49,13,30,52,2,67,58,6,29,6,9,33,38,123,7,45,12,36,88,57,40,128,129,48,4,34,39,81,6,180,56,11,11,4,55,7,157,24,190,22,34,32,13,0,3,204,14,49,50,3,12,1,13,5,26,1,152,14,15,4,22,8,27,110,44,7,58,115
2021,"Lambeth 002","E02000619",4640,52,37,205,1,50,2,30,3,68,3,16,103,20,48,160,30,7,30,41,26,102,1,25,144,36,106,118,179,61,30,27,10,18,85,29,22,30,20,54,37,0,40,169,27,25,1,11,46,75,184,7,49,6,60,60,31,37,88,74,7,0,2,8,29,0,51,18,7,12,1,89,7,74,5,170,24,41,41,20,0,7,142,16,28,55,7,2,0,4,7,25,2,135,10,17,2,10,7,27,193,91,9,24,158
2021,"Lambeth 003","E02000620",5595,89,48,332,2,74,9,24,3,68,10,15,157,21,53,233,48,5,27,68,50,100,1,33,195,31,146,183,263,63,41,33,15,19,134,30,31,45,15,43,23,0,28,259,33,32,1,11,77,81,235,14,58,12,63,66,43,32,94,99,16,2,14,7,26,0,39,21,4,0,4,75,15,108,7,144,28,30,47,15,0,4,153,10,43,49,2,3,2,8,6,20,3,132,8,9,0,25,8,22,214,63,7,33,151
2021,"Lambeth 004","E02000621",7511,131,91,454,0,90,8,39,3,82,5,22,192,37,86,341,54,10,64,119,69,126,4,57,212,41,201,326,429,116,77,32,11,35,181,30,61,71,17,49,45,0,44,290,56,41,3,8,99,121,361,11,124,8,105,96,50,45,91,128,11,2,10,10,44,1,67,26,5,9,3,117,9,100,3,190,43,52,66,24,2,4,174,15,58,69,3,6,2,4,4,14,1,120,5,10,1,16,8,14,213,52,8,37,180
2021,"Lambeth 005","E02000622",5108,57,52,270,4,40,3,19,4,53,7,8,113,19,44,197,46,11,38,73,36,87,4,35,163,34,123,166,290,64,49,31,14,30,128,21,48,56,19,42,26,0,24,177,36,28,2,13,61,88,239,23,54,5,64,72,44,42,70,102,21,3,5,5,36,3,54,11,5,8,3,96,4,86,4,122,34,31,34,16,0,6,139,8,26,50,3,4,0,2,4,21,3,100,6,11,0,13,4,24,201,60,2,24,148
2021,"Lambeth 006","E02000623",4252,32,46,133,0,47,3,15,0,71,3,13,86,14,45,101,19,1,25,38,34,78,1,18,120,20,57,75,131,30,39,27,8,12,72,20,23,34,14,40,41,0,18,108,35,21,1,3,35,52,148,11,60,2,34,38,42,36,81,78,9,2,13,12,32,1,44,18,11,7,4,104,8,96,1,166,22,27,61,29,0,8,156,10,35,66,2,8,0,1,8,27,2,164,4,16,3,16,11,22,325,85,10,43,174
2021,"Lambeth 007","E02000624",5690,59,59,308,0,68,2,27,0,63,3,17,135,19,55,198,40,8,39,70,41,98,3,41,161,36,139,152,335,54,51,28,11,17,150,30,43,44,13,54,38,0,39,221,53,21,2,9,80,86,304,5,86,5,72,71,57,43,82,100,8,3,5,7,47,5,47,32,4,8,3,69,7,81,2,150,15,40,40,13,0,7,183,14,34,72,2,5,1,1,5,24,5,159,6,10,1,10,11,17,263,69,12,18,130
2021,"Lambeth 008","E02000625",5206,36,27,184,0,48,2,23,0,48,8,8,99,10,61,188,44,9,25,41,29,104,1,53,131,22,76,131,227,46,42,23,6,23,94,21,23,49,18,32,30,0,25,123,33,19,0,12,60,69,222,6,56,7,58,68,39,27,77,81,8,4,12,17,37,0,73,31,5,5,3,131,9,102,4,189,23,45,84,25,0,6,239,9,50,61,1,8,2,7,2,18,1,195,4,10,3,22,6,20,370,85,9,33,214
2021,"Lambeth 009","E02000626",4164,19,36,122,2,33,2,22,1,25,9,13,82,9,36,106,26,4,30,20,18,102,1,21,117,17,61,49,86,37,22,27,3,10,65,19,10,29,16,58,46,0,24,132,44,13,0,7,19,57,108,8,48,5,31,41,36,17,89,95,10,1,13,5,21,1,41,21,15,7,2,90,4,109,7,265,19,32,63,35,0,14,171,16,29,54,1,3,0,4,6,22,3,205,6,14,1,30,11,30,339,76,10,24,149
2021,"Lambeth 010","E02000627",5784,55,56,296,0,65,2,23,3,72,16,15,147,21,65,176,48,17,49,75,54,101,3,41,146,23,177,208,271,54,62,34,4,19,165,31,13,58,20,43,35,0,18,190,36,27,1,8,72,104,336,8,68,4,56,75,37,43,72,111,10,3,12,9,30,1,78,25,5,3,15,81,10,83,1,176,18,47,51,25,1,4,180,10,29,68,4,6,1,4,5,33,2,123,3,9,2,19,6,13,265,84,4,20,177
2021,"Lambeth 011","E02000628",5900,33,68,212,1,45,13,26,0,66,6,15,100,16,52,159,43,12,37,44,38,102,13,32,138,26,78,145,235,42,41,33,7,24,115,20,24,50,15,66,35,1,31,175,44,36,2,9,53,76,262,7,74,9,53,70,38,41,83,74,15,1,7,10,35,3,65,32,11,8,7,146,6,138,4,270,36,42,102,30,0,2,219,17,48,87,0,16,3,2,5,32,1,209,5,16,3,25,3,32,468,80,7,53,234
2021,"Lambeth 012","E02000629",6060,112,57,409,0,80,7,21,2,83,7,13,149,14,84,242,39,12,37,76,80,96,3,41,182,21,196,299,362,94,69,28,4,35,178,25,37,51,19,37,30,0,41,192,43,44,7,9,129,104,444,8,104,1,57,78,50,37,71,99,7,2,23,6,23,3,35,17,6,10,1,80,11,88,4,87,28,31,47,9,0,1,153,16,39,57,4,5,1,3,4,18,1,79,3,6,2,17,4,16,98,20,5,17,124
2021,"Lambeth 013","E02000630",4833,98,62,425,1,56,2,18,0,54,6,16,173,20,57,157,52,6,34,65,41,63,1,34,135,26,180,225,258,76,50,20,5,22,145,12,29,34,8,24,18,2,33,199,28,39,3,9,119,86,339,4,87,2,54,69,37,40,62,64,9,1,0,4,19,0,44,9,3,9,2,53,8,78,8,72,10,23,24,6,0,0,94,12,25,44,2,3,8,1,3,11,2,57,3,8,0,13,1,18,48,20,1,11,82
2021,"Lambeth 014","E02000631",5564,56,43,354,3,53,0,32,0,56,7,9,163,29,50,125,39,6,47,114,71,251,2,38,215,46,205,89,257,62,46,38,19,24,164,32,48,47,17,48,31,1,21,333,50,20,1,13,36,77,222,8,47,7,41,53,48,33,64,81,16,0,19,9,17,3,59,14,3,9,1,73,10,102,21,135,18,32,43,24,0,5,175,6,36,57,2,2,2,0,4,16,1,112,1,8,0,14,3,7,200,53,4,20,136
2021,"Lambeth 015","E02000632",7124,65,56,503,2,85,4,23,1,80,10,12,158,32,75,283,58,17,55,88,88,117,5,67,205,32,232,359,522,87,126,20,6,28,280,29,32,71,8,53,24,2,39,234,52,36,4,16,133,139,563,11,157,3,68,112,64,58,68,116,11,1,7,4,40,1,37,14,2,10,4,82,4,75,9,131,25,37,32,8,0,0,118,12,30,80,4,4,1,5,10,23,1,75,0,11,0,8,3,6,126,43,4,20,133
2021,"Lambeth 016","E02000633",5255,47,48,229,1,70,0,34,2,43,8,18,108,17,55,183,34,13,34,54,53,71,4,24,170,27,96,152,266,56,45,30,6,27,161,33,19,37,8,67,25,0,36,219,29,17,1,8,54,103,279,17,82,5,60,78,45,25,82,70,8,1,11,5,39,0,48,16,3,16,2,79,10,120,0,203,16,22,33,12,0,6,180,8,27,86,3,4,3,4,9,19,6,132,4,14,1,14,2,20,214,76,9,17,168
2021,"Lambeth 017","E02000634",4033,38,35,249,1,44,3,15,1,54,7,10,81,12,37,134,28,1,23,48,48,86,7,39,111,21,103,151,199,41,37,16,6,12,104,20,25,37,12,37,41,0,23,129,14,21,3,7,67,70,274,2,94,5,42,56,30,26,59,92,3,0,3,4,24,0,34,14,7,4,2,64,8,65,5,104,22,29,33,8,0,3,117,14,32,47,1,5,1,4,7,6,1,87,0,6,1,8,4,21,94,34,7,16,96
2021,"Lambeth 018","E02000635",6066,64,49,361,2,64,4,25,0,75,7,15,153,21,55,177,61,14,55,82,78,102,3,26,232,47,182,151,318,91,65,32,12,34,228,23,27,49,18,66,42,0,41,340,79,33,0,9,66,108,332,13,79,10,69,99,34,29,82,77,18,3,7,15,38,1,64,18,5,5,1,89,8,95,4,153,20,31,38,8,0,4,156,11,39,69,5,7,1,2,7,18,0,99,7,11,2,12,6,23,128,69,9,27,123
2021,"Lambeth 019","E02000636",5017,115,72,518,1,73,1,21,2,47,3,16,197,12,53,195,28,11,30,67,64,71,1,36,150,21,272,289,279,96,63,19,9,28,144,19,23,30,10,16,21,3,23,152,37,29,1,9,154,83,355,8,85,4,37,75,27,37,57,73,7,0,4,5,10,0,46,19,1,4,5,28,8,60,2,62,15,20,20,3,0,2,56,5,21,31,1,2,1,0,1,7,0,38,0,3,0,6,4,8,43,19,5,19,54
2021,"Lambeth 020","E02000637",5633,45,54,370,3,58,2,39,0,64,6,18,163,27,49,174,59,16,54,57,65,92,1,33,228,31,161,167,264,82,67,26,17,27,275,20,27,51,5,65,20,2,37,369,66,28,0,12,67,96,376,10,79,4,47,75,49,38,62,72,21,0,14,6,35,1,28,16,6,2,0,77,7,77,3,80,22,33,33,22,1,1,106,11,25,55,3,10,0,3,3,17,2,60,1,9,1,11,4,10,183,28,4,21,110
2021,"Lambeth 021","E02000638",5756,36,46,275,0,61,1,22,5,82,13,10,135,21,66,157,48,9,42,51,57,117,3,42,178,26,85,117,221,64,44,28,8,31,127,27,15,61,13,56,56,0,39,266,47,34,1,8,39,70,308,4,73,5,56,68,48,44,92,100,26,1,24,11,32,6,62,49,6,8,7,97,8,110,9,209,22,55,42,31,1,6,193,12,41,77,2,6,3,2,8,27,5,158,10,9,4,21,4,14,270,67,6,38,199
2021,"Lambeth 022","E02000639",4713,18,33,183,0,47,3,22,2,54,6,17,90,9,32,130,29,2,27,27,31,87,4,27,129,19,49,93,128,33,29,22,6,18,79,22,14,39,11,49,33,1,27,168,29,30,0,4,35,55,198,9,57,5,43,54,45,27,85,110,20,1,8,8,34,2,62,22,6,6,2,96,6,87,5,241,22,24,64,41,0,7,164,15,39,73,3,10,3,4,9,20,1,175,9,17,1,40,9,16,369,86,4,42,205
2021,"Lambeth 023","E02000640",5717,77,52,564,2,59,2,30,3,49,10,9,186,25,58,203,53,14,39,83,84,82,0,42,215,34,223,238,335,90,69,29,5,27,175,25,23,47,13,39,33,1,46,188,40,24,0,10,119,118,396,6,110,2,44,83,31,45,68,97,15,0,1,3,21,1,39,13,2,3,2,53,8,74,8,97,14,24,27,6,0,1,101,12,23,53,3,3,2,3,7,7,1,90,5,2,0,11,4,7,79,33,3,15,67
2021,"Lambeth 024","E02000641",4148,16,38,151,0,44,0,28,1,58,5,15,64,6,30,75,17,10,15,31,27,112,2,13,124,21,44,56,92,43,33,26,6,16,78,18,7,32,15,58,61,0,23,127,21,29,0,7,26,63,126,6,43,4,50,67,35,17,70,76,10,2,10,11,22,1,40,24,2,4,4,78,4,121,5,225,18,41,68,31,0,7,180,10,22,55,1,8,0,1,9,24,2,156,4,11,2,21,7,22,295,67,8,34,203
2021,"Lambeth 025","E02000642",5351,57,49,362,0,55,6,27,3,65,9,15,188,17,46,133,44,12,37,72,54,81,2,21,230,45,160,92,204,64,46,46,26,28,175,16,25,32,11,72,43,1,22,288,42,29,3,10,46,76,224,11,58,6,50,61,37,34,71,75,23,4,8,11,25,2,72,38,6,5,4,88,6,119,4,183,31,20,17,19,0,1,158,8,23,63,2,8,0,2,2,23,1,104,5,19,0,10,6,31,204,49,8,19,106
2021,"Lambeth 026","E02000643",5562,69,73,435,0,83,5,36,1,64,3,20,168,19,67,166,45,14,34,54,76,93,5,30,208,35,132,129,224,79,67,24,10,20,148,29,29,47,16,49,42,3,28,241,52,32,1,13,54,74,284,8,68,9,34,63,33,42,76,108,17,3,4,9,50,2,76,38,6,7,1,86,10,92,5,154,23,34,38,13,1,2,149,11,36,54,2,9,0,3,4,29,1,101,3,7,0,17,8,15,190,27,2,18,134
2021,"Lambeth 027","E02000644",4868,41,56,324,0,70,3,27,2,61,8,15,161,14,52,129,46,8,43,73,48,87,1,15,200,37,110,86,175,54,42,33,20,26,141,15,15,38,20,39,34,5,16,244,36,21,0,9,31,67,226,7,68,9,45,51,39,28,71,94,25,0,13,5,38,3,70,51,6,8,1,85,11,82,11,134,26,28,28,21,1,4,143,13,24,40,6,11,0,2,6,16,4,111,1,4,3,18,4,15,184,35,3,24,114
2021,"Lambeth 028","E02000645",5175,46,62,361,3,61,0,16,2,69,5,19,170,19,46,159,42,9,52,88,68,94,1,37,225,47,146,92,145,45,35,24,15,24,148,20,28,39,12,44,31,2,43,270,44,31,1,15,51,75,217,10,71,0,45,53,43,30,72,84,19,1,12,12,25,0,81,42,4,4,0,80,13,116,7,115,21,42,34,23,0,0,107,7,20,56,0,11,2,7,6,18,1,106,4,4,1,12,4,17,215,44,8,28,140
2021,"Lambeth 029","E02000646",5604,55,91,405,2,77,6,24,2,116,20,15,160,13,51,173,58,9,25,62,69,89,2,67,204,47,102,128,197,79,44,18,9,30,139,17,20,45,14,39,36,1,41,233,34,34,1,10,70,75,261,7,68,7,57,57,39,32,77,106,20,2,7,3,36,1,76,54,6,18,3,115,11,117,7,120,28,33,36,13,0,1,163,13,48,47,3,11,1,1,7,20,1,77,4,9,1,15,4,11,247,47,10,24,164
2021,"Lambeth 030","E02000647",4477,51,52,310,4,54,6,23,4,64,6,14,159,20,36,139,35,5,17,59,59,86,3,37,205,49,81,75,140,56,34,26,6,19,106,30,22,37,15,49,56,0,22,206,24,29,5,11,31,49,162,9,49,4,51,57,30,26,87,84,12,1,9,9,31,1,60,31,7,14,2,54,21,101,14,118,13,39,29,15,0,1,131,7,18,44,2,3,1,2,5,22,4,116,1,9,1,12,4,17,144,36,4,30,97
2021,"Lambeth 031","E02000648",3667,22,58,178,0,45,3,30,1,54,10,14,85,7,22,82,20,6,17,22,31,78,0,26,138,37,32,38,97,34,26,29,6,13,65,14,9,34,13,51,44,0,26,131,19,26,0,5,18,41,102,9,35,2,51,40,39,20,71,76,23,1,10,10,29,2,63,22,8,4,3,78,9,103,4,187,20,30,23,11,0,6,124,5,19,41,1,7,3,4,7,22,1,162,2,22,1,13,3,12,149,51,6,37,127
2021,"Lambeth 032","E02000649",7425,72,96,450,3,111,5,35,1,145,12,35,197,23,53,217,65,9,35,63,53,120,1,42,263,41,111,137,231,71,72,53,11,25,177,39,30,64,17,41,39,0,44,316,62,46,0,22,71,100,332,9,108,11,82,69,50,57,83,134,24,7,17,14,51,3,146,101,12,12,6,137,24,129,10,225,34,58,30,28,0,4,197,29,47,92,3,8,3,6,5,34,3,180,7,18,1,32,6,27,457,67,10,41,219
2021,"Lambeth 033","E02000650",4006,37,54,227,1,47,3,22,1,49,8,9,118,8,39,123,41,7,23,42,31,57,2,22,162,30,74,74,114,50,24,25,7,16,93,11,12,30,15,41,33,0,20,218,21,16,1,5,38,45,187,3,49,4,38,43,33,29,77,80,23,4,10,10,31,1,68,22,5,8,2,70,4,83,7,172,20,25,24,11,0,3,133,8,44,53,2,8,0,1,5,23,3,100,1,10,0,8,7,17,131,43,5,23,89
2021,"Lambeth 034","E02000651",4803,41,53,283,2,60,6,20,1,52,11,18,130,9,41,131,40,6,15,40,50,82,3,42,202,50,84,86,147,53,32,33,8,20,112,16,8,36,17,52,33,5,31,150,28,30,2,14,19,55,178,3,49,8,36,57,32,34,85,92,20,6,17,6,50,3,134,44,8,9,3,111,5,93,7,139,20,31,26,20,0,5,154,13,31,56,3,7,6,2,6,31,0,120,0,9,3,35,7,21,292,46,5,45,121
2021,"Lambeth 035","E02000652",3892,17,55,136,0,57,4,15,5,40,13,16,74,15,24,116,17,0,20,24,25,56,1,16,124,22,39,74,69,27,22,24,2,13,38,24,5,34,11,36,46,3,23,59,12,20,0,5,23,53,140,9,51,4,45,67,40,24,75,77,14,5,15,13,49,2,143,58,6,3,0,111,8,106,7,129,16,27,36,12,0,6,139,9,32,46,1,4,2,3,8,31,0,188,12,9,1,34,6,28,252,42,7,45,141
2021,"Lambeth 036","E02006801",4268,82,20,230,0,48,5,28,0,75,3,15,127,21,57,176,27,7,29,95,32,129,0,35,150,31,127,218,208,57,25,31,6,17,80,15,14,37,13,29,21,1,27,143,21,25,2,15,49,67,163,10,58,4,29,63,45,19,78,66,11,3,15,3,19,0,33,9,4,3,3,59,3,56,3,102,15,20,31,11,0,5,108,12,21,57,0,4,0,5,5,17,1,74,1,5,1,14,5,17,131,56,6,17,98
2021,"Lewisham 001","E02000653",7150,63,67,393,0,76,3,24,1,96,5,23,146,30,94,401,65,10,63,71,48,180,3,56,194,36,103,229,281,91,65,33,6,51,102,27,43,79,32,47,44,3,32,179,48,28,5,17,67,117,285,12,78,9,46,105,65,47,103,97,10,4,26,14,46,0,68,29,7,7,5,187,12,119,7,270,36,76,41,14,0,7,272,20,69,114,6,9,2,4,12,29,5,173,10,11,2,26,11,32,204,102,15,40,273
2021,"Lewisham 002","E02000654",4295,20,35,144,1,54,2,17,0,58,12,18,82,7,33,127,36,5,14,24,31,99,2,26,115,22,43,79,92,24,31,33,6,19,76,25,24,34,13,61,38,0,33,155,19,13,0,9,15,59,136,8,52,1,24,68,49,28,62,76,5,2,10,11,30,1,45,28,2,4,4,131,9,86,4,289,21,85,49,16,2,5,202,8,48,51,4,10,2,4,6,14,1,154,8,4,2,22,10,17,196,90,14,29,171
2021,"Lewisham 003","E02000655",5361,23,45,207,1,50,3,21,1,62,8,14,87,27,53,137,52,12,38,21,28,146,2,24,201,32,51,68,115,54,42,27,8,21,80,35,19,49,5,90,61,0,39,220,33,21,0,5,41,69,206,5,52,9,55,81,45,40,58,82,18,6,16,22,39,3,78,32,10,4,1,149,8,93,6,220,21,52,61,28,0,4,240,9,56,73,6,15,4,13,12,27,1,182,4,12,0,41,9,26,337,98,8,27,209
2021,"Lewisham 005","E02000657",5137,37,43,250,1,42,0,22,1,41,10,17,123,21,43,164,76,11,32,41,42,74,2,18,212,52,89,74,148,59,38,38,19,27,154,35,42,54,14,65,39,2,23,317,60,23,3,16,38,60,183,9,55,4,27,58,47,31,83,89,16,2,7,5,27,4,60,25,8,8,6,91,17,104,9,218,19,41,33,15,0,7,152,7,26,60,1,13,1,3,7,19,4,128,9,15,3,22,8,15,193,88,12,33,198
2021,"Lewisham 006","E02000658",4808,28,44,237,0,36,3,31,2,49,8,17,110,12,38,120,68,9,26,40,52,69,2,18,205,45,94,60,145,47,56,43,18,21,141,17,27,34,22,54,41,1,20,332,56,21,2,7,20,56,152,17,67,4,44,48,55,21,75,99,16,14,8,8,27,2,58,21,5,8,4,85,16,81,5,193,13,43,37,16,0,0,138,7,36,67,3,3,0,2,8,21,0,123,3,9,2,27,3,10,222,67,10,30,171
2021,"Lewisham 007","E02000659",4389,74,49,361,2,44,1,18,0,65,5,12,117,16,28,213,31,13,37,82,49,74,4,22,207,36,124,141,166,67,35,25,7,28,113,23,28,41,18,45,23,2,27,170,27,23,1,11,58,84,158,7,57,5,31,63,28,33,56,56,9,2,8,5,19,0,32,19,2,7,8,59,9,68,5,131,24,28,13,7,2,3,130,12,30,44,0,4,4,1,5,10,4,78,2,10,1,22,1,12,61,46,5,16,90
2021,"Lewisham 008","E02000660",4946,53,42,279,1,70,0,26,0,64,3,10,146,15,38,237,63,6,44,60,64,69,0,24,242,38,91,101,215,65,46,38,16,16,129,30,35,60,16,65,34,0,23,348,42,24,3,7,52,67,205,10,65,5,29,54,53,28,84,89,19,3,10,6,38,1,35,19,4,7,4,71,6,92,3,124,16,39,17,3,0,1,149,4,24,44,2,10,2,2,7,19,2,88,10,9,1,12,2,18,92,47,10,23,112
2021,"Lewisham 009","E02000661",3570,41,53,312,0,54,4,19,0,49,9,14,106,13,24,131,37,8,17,79,42,62,3,20,173,23,90,85,127,40,40,11,12,31,74,15,14,45,13,21,16,0,21,170,26,23,1,14,64,57,117,4,41,3,36,50,26,24,71,89,16,1,8,1,19,3,36,24,1,2,4,45,4,57,4,87,16,20,16,8,0,2,91,3,21,29,0,8,0,10,4,14,1,45,1,2,0,11,5,10,65,31,1,10,70
2021,"Lewisham 010","E02000662",4412,28,57,206,0,54,0,29,4,44,2,14,102,6,23,117,48,9,28,35,57,85,2,18,195,35,73,53,110,44,30,40,11,16,112,34,23,36,12,59,31,1,30,284,41,22,0,8,27,55,143,7,53,7,45,73,27,27,79,86,12,5,8,7,28,2,47,26,9,8,4,64,8,93,3,182,16,30,43,9,0,6,150,7,40,54,0,17,0,3,6,19,2,115,11,7,1,14,14,20,183,62,5,31,144
2021,"Lewisham 011","E02000663",3779,43,41,233,0,43,1,27,1,60,10,12,73,5,40,148,38,5,25,27,38,66,3,21,235,46,57,68,117,43,41,36,10,21,106,28,39,34,11,57,22,1,18,215,38,16,0,7,34,46,146,5,52,6,39,44,30,28,39,60,12,2,9,9,23,3,40,20,5,7,1,43,4,57,6,104,12,21,15,7,1,1,134,6,31,42,2,15,1,2,16,9,2,63,5,10,1,15,6,7,77,30,6,27,115
2021,"Lewisham 013","E02000665",4323,42,54,294,0,41,1,29,5,50,4,10,124,13,46,151,40,9,24,46,49,113,4,23,192,37,66,82,115,51,38,27,10,22,133,17,16,36,16,55,37,3,28,205,28,19,4,8,59,56,180,6,42,5,31,46,37,25,84,84,18,6,1,3,26,4,89,44,5,2,3,60,10,69,4,129,13,33,25,7,0,5,132,11,35,51,5,9,3,2,5,23,0,67,7,10,0,22,5,14,90,67,2,20,115
2021,"Lewisham 014","E02000666",3819,30,51,261,0,39,0,18,0,46,10,10,89,12,30,135,35,11,27,22,52,75,2,14,217,47,79,65,111,50,34,31,13,21,102,21,15,43,11,70,28,1,30,227,36,18,2,2,18,52,120,9,34,4,31,54,33,21,71,61,12,4,11,10,26,1,58,28,9,6,6,47,5,89,4,118,14,26,20,9,0,0,110,5,33,30,3,3,0,3,6,10,4,67,3,4,0,10,9,9,99,43,11,10,93
2021,"Lewisham 015","E02000667",3664,23,37,269,0,42,0,18,0,52,5,12,103,13,29,129,36,2,17,35,60,58,0,9,209,55,87,51,127,41,49,41,13,23,122,14,25,54,10,43,29,0,22,242,27,17,0,3,40,49,134,10,32,7,44,43,19,22,53,68,19,2,15,12,20,2,40,21,3,6,2,53,14,69,1,64,23,26,14,11,1,1,109,8,25,30,0,6,0,3,3,17,1,58,3,4,0,4,4,6,67,33,6,8,76
2021,"Lewisham 016","E02000668",3409,53,46,258,1,31,4,18,1,49,7,6,114,4,23,123,23,2,23,29,42,47,0,30,181,40,53,70,118,60,37,19,3,21,67,15,15,37,10,26,25,2,36,180,24,26,0,11,39,38,109,5,40,3,22,57,26,18,42,90,13,5,15,5,18,2,48,15,3,6,2,68,9,67,7,89,15,20,10,3,0,1,93,7,21,28,1,2,0,0,1,12,5,71,5,7,1,8,2,19,61,33,5,17,90
2021,"Lewisham 017","E02000669",4295,48,48,266,1,40,2,23,2,67,3,10,86,18,32,157,39,8,22,41,22,130,0,23,197,30,62,74,135,45,39,28,9,32,94,16,16,41,8,29,27,0,22,227,16,17,1,7,43,59,166,2,56,5,40,59,35,36,78,92,12,6,14,11,40,2,73,34,5,4,3,92,8,73,4,125,14,29,31,9,0,2,141,8,28,48,1,5,4,3,2,19,2,106,10,9,0,24,2,15,138,49,4,23,132
2021,"Lewisham 018","E02000670",3409,17,41,131,2,36,3,14,0,40,6,9,59,16,31,88,14,2,12,23,23,97,0,20,114,24,39,46,76,22,37,33,3,14,52,12,12,23,7,45,35,1,20,140,25,13,1,7,14,39,96,2,34,2,44,49,23,31,55,78,14,0,8,7,39,1,57,26,3,11,2,77,14,71,2,188,18,28,31,11,0,3,191,7,25,53,2,1,3,0,3,34,1,116,4,9,0,21,5,9,154,64,11,29,104
2021,"Lewisham 019","E02000671",4902,47,46,340,4,45,4,43,2,58,9,18,136,17,42,162,58,16,24,45,51,86,2,22,264,50,105,90,161,65,45,41,12,28,144,24,22,40,8,59,34,1,38,310,45,14,2,18,57,68,192,6,41,9,48,49,51,28,83,105,26,1,15,5,30,2,65,45,4,3,6,63,19,98,6,135,28,26,25,9,0,0,108,13,43,50,0,10,0,5,8,19,5,84,1,9,2,16,7,9,92,47,10,21,98
2021,"Lewisham 020","E02000672",5344,30,52,252,0,95,2,31,0,73,11,12,135,17,35,168,36,8,23,43,55,193,3,34,216,56,79,88,127,51,34,43,6,26,96,21,20,57,16,64,36,1,25,212,29,22,2,14,30,58,149,10,49,16,58,64,44,53,79,87,23,7,28,13,35,4,94,45,11,9,4,129,7,100,2,211,23,44,34,12,0,11,213,6,41,64,2,10,2,7,7,28,2,148,4,10,3,67,5,21,206,63,23,48,172
2021,"Lewisham 021","E02000673",4696,44,60,356,2,60,1,24,4,69,7,16,153,15,41,136,65,12,32,49,66,96,2,26,251,45,90,88,164,53,48,23,16,25,154,18,33,57,22,53,22,1,34,363,49,24,2,10,42,51,179,9,55,8,38,54,39,33,74,67,24,4,11,4,28,3,45,21,4,10,3,78,11,85,5,101,23,30,21,8,1,4,115,9,36,50,1,13,2,3,7,9,1,53,2,6,1,9,5,18,69,36,5,25,67
2021,"Lewisham 022","E02000674",4213,23,51,228,2,39,3,31,0,58,21,12,95,15,30,140,26,6,22,23,47,108,2,24,154,56,51,69,96,38,33,49,11,22,65,25,18,33,9,57,37,0,15,135,27,21,1,10,32,37,128,12,51,10,43,65,41,35,91,101,24,3,11,12,39,3,72,38,3,6,0,93,5,82,5,159,14,34,23,8,0,1,191,10,43,60,3,10,2,7,10,27,2,129,5,9,2,26,4,23,127,43,3,26,132
2021,"Lewisham 023","E02000675",4288,22,53,226,0,59,1,28,0,56,11,24,108,8,43,162,28,9,12,23,42,90,4,30,168,41,45,88,75,47,36,29,8,22,51,20,9,32,18,41,41,0,42,132,24,27,2,11,24,51,118,12,56,13,41,64,40,35,100,116,14,1,22,16,50,2,81,35,4,5,4,71,7,121,15,153,20,43,24,12,0,3,185,12,51,54,2,6,5,3,13,20,4,120,6,14,1,26,4,17,117,75,6,33,93
2021,"Lewisham 024","E02000676",4355,40,56,309,0,59,1,31,1,55,6,10,130,15,25,147,45,8,33,41,50,76,1,41,214,46,92,66,148,61,47,40,17,24,141,13,25,34,14,53,51,0,24,229,44,18,3,10,55,55,173,9,54,9,44,40,29,38,72,79,21,4,13,9,25,8,54,31,8,4,3,54,8,111,4,131,17,22,9,9,0,0,117,13,17,47,1,4,1,6,3,16,0,83,3,7,0,10,6,15,77,28,7,21,77
2021,"Lewisham 025","E02000677",3583,16,46,143,0,57,2,28,1,56,10,9,88,7,42,100,20,4,10,33,21,87,0,19,146,36,49,68,74,47,35,38,6,21,56,15,13,37,7,57,32,0,23,86,15,19,1,2,26,55,106,10,43,6,53,80,44,25,83,92,18,6,12,12,30,2,51,23,8,4,4,63,7,69,1,149,19,28,28,13,0,7,156,8,34,49,1,5,0,3,3,20,1,131,6,7,1,12,3,14,105,43,14,27,81
2021,"Lewisham 026","E02000678",3133,13,36,84,2,42,2,17,0,27,5,13,51,9,24,66,6,2,5,11,10,113,0,12,108,35,21,46,24,19,22,26,1,10,20,20,5,27,15,48,37,1,28,54,14,15,2,4,12,40,45,9,32,6,32,58,27,28,48,69,14,2,18,15,34,3,108,24,10,1,3,75,2,111,6,227,19,23,26,10,1,8,178,6,27,46,3,6,3,5,10,20,0,146,10,11,3,21,4,20,142,50,15,32,77
2021,"Lewisham 027","E02000679",4108,24,49,224,0,49,0,32,0,48,8,12,115,11,30,138,40,6,34,42,44,89,3,26,191,44,45,70,113,52,30,35,7,21,103,17,17,33,15,38,38,0,24,245,37,24,0,6,29,36,133,7,54,8,46,60,49,33,64,71,11,1,7,15,28,2,67,45,4,5,3,55,16,100,7,113,26,38,12,5,0,1,148,15,21,39,0,6,2,5,2,16,0,138,17,7,1,9,3,26,120,48,7,20,78
2021,"Lewisham 028","E02000680",3538,34,37,218,1,50,0,32,1,39,6,9,87,14,31,103,38,8,26,26,53,94,3,9,166,34,46,34,82,44,19,26,9,19,84,22,17,37,16,46,40,1,24,207,25,27,0,4,24,39,109,4,29,12,42,50,25,24,45,47,12,1,8,9,29,4,44,19,7,1,3,56,11,82,3,144,25,23,20,7,0,1,117,6,23,40,2,4,0,2,6,13,2,91,5,8,1,9,6,12,103,60,7,15,99
2021,"Lewisham 029","E02000681",3933,26,41,135,0,43,0,29,4,53,15,16,52,16,37,96,23,6,7,22,25,132,1,20,143,39,31,42,53,24,19,38,3,15,33,24,4,38,10,49,54,2,34,97,14,22,0,4,21,35,97,6,44,2,52,61,42,29,91,83,20,1,21,17,57,3,94,35,8,19,3,73,9,105,13,215,13,42,43,13,1,6,200,10,45,61,1,9,4,3,12,26,2,176,13,11,3,28,5,20,133,49,12,38,107
2021,"Lewisham 030","E02000682",3838,10,43,99,0,55,6,27,2,33,11,13,70,13,36,71,9,3,11,12,15,117,0,16,92,19,26,48,43,32,21,42,5,15,21,32,5,31,10,43,49,0,20,50,0,11,1,6,25,46,78,10,34,2,36,80,36,30,103,111,20,4,13,18,46,1,114,55,15,6,5,78,7,129,4,266,22,45,32,4,0,6,285,10,58,46,6,8,2,4,10,18,1,176,9,13,0,17,18,19,143,71,11,39,99
2021,"Lewisham 031","E02000683",3211,9,40,76,0,49,0,11,3,43,5,10,62,5,31,81,14,3,11,16,20,87,1,12,91,13,27,68,43,26,19,25,2,14,27,13,7,27,9,33,23,0,21,61,11,12,0,3,24,34,68,6,33,7,38,63,54,27,78,65,8,6,13,15,45,2,114,42,7,3,4,84,5,89,8,193,16,28,35,9,0,0,174,20,22,48,0,2,3,5,10,24,0,118,1,7,0,16,3,14,144,68,9,30,106
2021,"Lewisham 033","E02000685",4047,21,51,226,0,67,4,22,0,50,11,14,100,17,25,111,41,4,18,40,37,98,0,17,177,33,48,64,107,37,36,18,13,16,82,20,22,31,14,55,49,0,22,192,29,22,0,10,40,54,135,11,38,5,43,52,29,26,81,75,19,6,15,16,27,3,49,31,5,3,2,79,10,115,1,153,16,28,30,10,0,1,149,8,38,50,0,8,2,2,3,22,2,107,8,7,1,21,6,15,122,44,9,29,115
2021,"Lewisham 034","E02000686",3342,10,33,85,2,41,5,14,2,29,10,13,40,4,19,83,18,2,11,9,9,135,0,17,92,24,18,32,50,16,13,30,1,12,26,12,4,24,15,39,40,1,18,61,7,13,1,2,10,35,82,5,37,14,44,61,22,16,58,72,6,5,19,12,40,1,75,40,6,7,2,90,4,97,6,244,14,23,39,16,0,7,246,4,34,50,10,6,1,7,5,21,2,151,11,11,5,21,6,27,158,71,15,34,95
2021,"Lewisham 035","E02000687",4221,29,49,216,1,68,10,23,0,47,4,15,140,16,30,105,55,6,29,31,59,84,0,22,183,39,49,80,102,48,32,35,15,37,93,14,17,30,16,49,35,0,34,216,33,35,2,8,42,46,125,4,42,14,45,59,37,31,70,78,19,0,14,5,32,11,66,29,17,7,5,59,11,104,8,161,9,24,28,8,1,4,176,22,23,71,1,4,2,4,5,19,0,107,3,18,1,19,4,27,96,42,14,32,75
2021,"Lewisham 037","E02006783",3452,9,44,93,0,38,1,13,0,30,12,10,53,9,22,89,12,3,7,8,13,125,1,15,84,28,18,36,26,15,16,22,0,9,18,14,6,30,10,40,33,5,32,41,12,11,0,5,17,48,59,1,38,3,42,52,32,20,74,67,20,7,18,21,47,3,129,48,13,7,24,82,6,124,5,235,8,39,32,17,0,6,211,6,48,50,2,14,1,3,8,30,3,167,8,7,2,25,6,26,186,59,8,24,96
2021,"Lewisham 038","E02006784",3634,12,71,82,2,42,0,29,3,42,9,13,95,6,20,88,7,2,8,15,25,91,0,24,107,31,26,45,39,21,12,33,1,7,14,8,10,20,22,30,38,1,45,58,11,14,0,4,24,27,73,11,38,12,33,73,35,26,77,78,23,2,17,12,55,5,102,36,15,8,1,64,6,103,6,201,13,45,18,21,0,0,246,10,66,52,5,5,6,3,14,20,1,237,10,12,2,29,7,23,131,64,12,30,106
2021,"Lewisham 039","E02006798",4741,19,44,157,0,50,1,20,1,72,11,9,94,21,38,153,68,8,24,21,36,77,0,16,174,30,56,68,112,50,28,39,12,18,75,18,25,46,12,41,38,1,32,293,25,12,0,4,30,69,179,14,55,10,40,60,47,38,72,75,17,5,12,14,38,0,50,33,13,6,3,113,11,89,4,231,20,80,31,26,0,6,162,10,35,87,4,8,0,3,14,28,2,127,8,8,2,17,7,19,245,60,12,41,202
2021,"Lewisham 040","E02007008",3576,28,15,213,1,43,1,13,0,61,5,12,82,14,35,278,43,2,35,57,20,107,2,24,117,26,43,136,167,52,32,12,2,23,48,7,24,49,12,35,17,0,21,109,21,14,0,10,64,53,158,4,44,0,26,60,30,39,55,60,3,3,7,7,24,1,49,11,6,4,0,78,6,35,2,100,19,31,14,7,0,0,110,9,23,32,4,1,0,4,4,15,3,39,2,4,0,14,4,13,74,35,7,22,89
2021,"Lewisham 041","E02007009",4760,28,42,195,0,72,1,24,1,71,3,13,88,14,27,166,43,4,20,44,34,142,2,22,175,31,42,73,130,43,25,42,17,30,90,26,25,51,16,52,40,1,34,194,24,23,0,13,39,57,152,7,50,6,58,71,44,39,86,72,5,3,13,12,48,3,98,21,16,9,5,120,14,104,8,199,33,35,36,19,0,3,186,8,30,53,2,14,1,1,5,15,5,101,7,11,2,50,7,16,215,64,5,33,191
2021,"Merton 001","E02000689",4914,95,88,533,1,78,4,20,0,63,12,19,184,24,48,200,19,4,24,101,59,77,1,31,245,36,180,190,198,70,38,19,5,30,84,21,13,30,17,18,34,3,39,145,32,44,2,12,106,67,255,6,65,5,27,59,31,31,69,104,13,2,11,5,30,2,35,15,3,3,5,55,7,113,3,74,27,25,18,6,0,0,110,9,29,29,0,7,1,4,2,7,3,64,2,7,0,9,8,9,44,27,3,14,59
2021,"Merton 002","E02000690",2322,111,56,338,1,39,1,16,2,38,4,8,148,4,28,64,17,5,9,63,26,17,0,21,83,20,106,73,87,42,17,8,2,7,34,5,9,6,5,11,12,0,9,60,20,24,3,4,47,28,86,1,25,2,8,28,7,10,45,45,7,2,6,2,4,0,19,9,1,0,0,16,2,33,5,36,7,9,27,1,0,1,25,1,7,3,0,2,0,1,2,2,0,14,1,2,0,5,2,3,21,10,3,3,33
2021,"Merton 003","E02000691",4224,61,58,461,3,53,4,14,0,58,3,14,139,24,56,201,44,7,25,87,49,59,5,39,188,34,131,147,175,66,47,13,4,25,75,20,20,33,13,31,25,5,26,119,22,29,4,10,62,44,216,2,62,4,33,58,42,29,57,81,8,0,7,4,32,1,39,19,2,6,1,51,3,72,6,67,16,15,9,9,0,1,97,8,21,29,0,5,1,2,3,14,1,56,3,3,0,10,4,5,50,23,3,16,86
2021,"Merton 004","E02000692",4202,122,83,493,1,74,5,16,4,57,5,8,176,26,62,222,29,9,38,138,37,53,2,41,190,24,153,184,188,71,40,13,7,29,72,18,20,24,7,10,12,0,25,138,23,27,8,6,76,78,204,2,58,0,25,49,24,28,44,69,1,1,3,3,17,0,25,4,6,1,4,30,7,58,4,47,21,17,17,6,2,1,70,11,18,25,1,9,1,2,4,6,0,33,4,2,1,7,2,6,25,8,1,10,34
2021,"Merton 005","E02000693",6220,46,86,376,2,90,1,34,1,102,7,24,136,34,73,255,61,11,45,98,66,191,6,58,221,48,96,159,193,74,45,27,10,38,127,29,15,52,28,33,32,4,62,198,29,35,1,8,65,91,314,13,86,9,43,84,63,64,110,114,29,0,16,17,54,6,136,34,7,9,2,127,17,119,6,139,33,35,26,11,0,0,188,10,51,67,3,12,4,11,14,25,1,115,7,7,0,28,13,21,174,44,8,32,139
2021,"Merton 006","E02000694",5402,69,96,544,3,68,1,23,1,68,8,14,167,22,56,272,42,8,39,112,57,107,4,41,202,34,172,179,222,97,62,21,6,47,119,32,19,45,20,22,36,1,32,154,30,34,3,16,83,87,263,7,83,4,68,74,39,35,81,103,23,2,10,10,31,2,60,19,3,8,3,51,9,92,7,92,17,22,20,9,0,1,99,5,32,27,3,11,3,2,8,19,1,60,4,6,2,13,9,11,99,21,14,19,89
2021,"Merton 007","E02000695",4560,21,55,227,0,70,1,20,0,32,7,17,105,7,46,106,16,5,20,42,34,88,2,57,135,27,55,89,94,49,32,22,2,21,49,29,6,49,16,29,32,1,33,80,19,24,2,8,26,45,160,12,46,5,40,86,34,35,86,101,23,4,13,13,45,1,225,70,3,7,1,85,8,99,4,154,15,31,40,6,0,0,237,9,56,49,1,15,1,1,13,36,0,175,13,11,1,38,6,19,242,53,6,42,132
2021,"Merton 008","E02000696",4903,16,64,174,1,76,2,17,2,65,8,24,107,25,41,144,22,7,11,35,33,121,0,38,117,20,50,93,102,52,36,27,10,16,44,29,9,39,15,32,47,1,43,122,20,26,2,7,29,62,178,5,49,2,51,78,40,28,99,96,17,3,20,9,64,4,228,61,12,5,3,103,5,133,5,165,15,43,40,12,0,2,238,5,43,65,1,12,6,3,18,54,6,182,9,12,3,31,18,26,246,53,18,41,155
2021,"Merton 009","E02000697",5430,71,98,533,5,80,7,25,2,88,5,24,174,26,74,337,45,11,37,115,47,72,5,51,208,33,160,183,228,93,51,13,3,45,117,29,24,47,19,24,25,2,49,167,37,31,3,10,81,71,289,11,88,8,43,63,44,35,80,98,14,2,5,6,35,3,75,12,9,7,2,63,10,92,8,78,32,25,21,6,0,0,95,6,22,39,0,7,1,3,2,13,2,71,0,5,4,12,7,10,67,13,2,16,84
2021,"Merton 010","E02000698",3957,119,88,475,3,63,2,21,1,44,8,16,207,21,34,155,23,10,19,122,56,36,2,64,187,37,138,138,124,93,48,21,4,26,71,11,24,23,11,20,24,2,16,94,21,33,2,9,62,39,155,7,45,6,24,52,22,27,73,81,14,0,6,3,17,0,50,11,2,4,0,25,6,65,3,42,11,19,13,6,3,2,84,7,21,20,0,2,0,0,2,7,0,27,1,2,0,12,1,5,37,14,1,11,42
2021,"Merton 011","E02000699",4503,69,73,496,1,68,2,18,4,47,11,13,149,21,61,248,39,4,23,76,52,49,4,45,230,40,136,156,186,72,59,20,5,18,68,20,18,33,16,16,17,1,36,142,21,28,2,7,69,73,210,7,61,8,22,71,33,38,72,87,16,2,14,2,37,1,62,22,3,7,1,43,4,75,14,60,18,20,13,3,0,1,94,2,31,36,2,7,1,9,8,13,7,43,5,3,1,9,2,11,37,13,0,17,63
2021,"Merton 012","E02000700",4311,14,53,143,1,67,1,14,1,64,12,13,68,21,31,112,20,5,16,32,21,104,2,28,107,19,28,76,44,36,23,20,1,15,38,17,3,31,18,24,35,2,36,68,21,23,0,7,22,34,118,5,55,9,28,76,45,33,91,105,20,5,21,22,41,1,174,55,7,5,3,100,8,119,10,201,28,43,39,14,0,5,246,5,52,56,5,16,1,6,16,36,4,205,8,11,4,30,13,33,212,56,16,60,143
2021,"Merton 013","E02000701",4541,16,48,114,1,94,0,10,0,49,9,19,71,17,44,95,9,1,8,26,15,108,1,39,114,21,22,63,42,35,16,27,2,11,17,22,4,31,21,31,33,1,33,52,6,14,4,9,21,40,108,10,38,7,42,73,44,24,96,81,18,10,20,18,48,2,217,67,6,9,4,117,9,144,6,229,23,38,57,10,0,4,365,11,65,55,4,16,3,4,7,43,4,234,21,16,2,42,11,25,254,63,17,71,143
2021,"Merton 014","E02000702",4350,17,53,128,2,65,3,28,2,44,10,23,85,16,35,100,15,2,12,20,21,132,1,17,105,25,23,56,62,27,8,46,1,14,29,28,6,34,19,44,42,0,46,54,7,28,0,7,33,31,101,9,53,5,50,85,41,32,76,97,23,3,16,25,56,1,150,63,12,5,3,85,4,127,4,217,25,33,40,17,0,3,256,7,37,60,3,9,3,4,10,56,1,272,11,13,2,21,14,31,229,69,15,44,116
2021,"Merton 015","E02000703",3960,68,70,385,2,61,3,19,3,53,5,22,145,26,33,177,21,3,27,83,40,45,2,37,198,32,98,119,111,56,35,18,13,18,60,21,12,43,9,38,24,2,34,101,16,42,2,6,61,37,129,5,47,1,21,51,35,27,73,75,30,6,9,11,27,0,59,27,7,4,5,45,3,84,8,75,23,21,19,7,1,2,102,7,26,40,2,1,1,3,3,16,2,67,3,1,0,12,6,12,84,18,2,19,60
2021,"Merton 016","E02000704",4761,38,79,346,1,64,1,23,5,67,10,27,144,22,53,265,36,5,25,54,51,78,3,45,200,29,82,123,134,57,45,30,4,18,62,20,28,49,22,26,28,3,32,99,23,39,3,6,52,48,212,11,52,6,46,86,42,48,94,100,12,8,15,14,40,0,98,41,9,8,1,78,11,119,10,98,23,29,30,7,2,3,158,6,33,35,0,9,2,4,7,22,2,92,3,12,2,21,10,15,86,32,6,27,120
2021,"Merton 017","E02000705",4725,19,66,148,2,86,3,27,1,45,11,22,107,14,34,95,13,4,7,24,21,110,0,34,131,35,35,83,68,37,24,31,3,19,33,26,11,45,23,47,36,0,35,56,10,22,0,13,30,43,115,7,57,10,56,87,36,45,128,113,12,7,24,24,78,3,218,79,15,7,2,87,7,127,4,184,23,32,31,18,1,4,270,5,42,62,5,5,3,2,10,50,3,242,7,10,4,37,15,42,257,56,13,41,114
2021,"Merton 018","E02000706",4682,5,49,97,0,71,1,20,1,46,12,16,53,18,44,94,12,3,13,13,14,156,0,36,121,19,26,60,40,33,14,23,3,10,17,22,7,35,11,36,49,0,39,62,8,11,2,4,29,38,95,11,45,5,31,88,45,20,95,64,19,6,23,30,47,5,179,56,8,9,1,119,8,150,1,315,34,39,44,29,0,4,355,13,57,56,6,18,1,3,15,38,1,264,18,19,1,37,23,42,292,70,16,67,152
2021,"Merton 019","E02000707",3850,6,44,65,1,47,0,16,1,31,7,16,51,5,30,58,9,5,5,14,24,126,0,23,109,20,18,53,36,19,20,37,1,11,9,24,4,35,9,45,44,1,21,25,4,17,1,7,18,29,65,8,28,6,43,76,32,30,86,85,14,9,16,17,52,3,147,56,6,12,0,75,3,127,5,295,17,39,37,16,0,4,232,7,39,48,4,5,2,5,15,36,2,228,7,18,0,22,19,25,225,104,20,51,126
2021,"Merton 020","E02000708",4629,45,93,378,1,73,1,24,0,57,9,25,128,21,49,197,23,7,25,42,45,67,2,43,190,49,59,157,128,65,41,23,5,30,49,27,6,35,22,26,25,0,40,92,13,31,1,11,44,56,148,11,43,8,41,92,39,48,90,116,17,1,20,11,38,2,125,26,13,8,2,58,4,113,6,113,24,28,18,9,0,0,232,9,34,44,3,3,2,0,11,23,2,111,10,13,0,23,4,27,76,31,12,23,84
2021,"Merton 021","E02000709",3911,22,79,265,4,61,2,20,6,39,5,19,117,16,63,150,12,8,14,44,27,61,1,28,174,57,55,85,101,56,33,25,2,21,36,23,15,28,14,34,41,2,38,60,19,25,0,4,34,59,104,11,37,11,37,80,30,35,93,123,15,1,20,18,65,2,139,29,8,7,3,43,4,120,4,76,17,29,26,4,1,0,165,3,36,39,1,2,1,1,4,14,3,104,3,15,1,17,3,23,73,24,7,22,54
2021,"Merton 022","E02000710",4349,14,84,140,1,78,6,25,2,58,9,16,70,17,38,86,17,2,10,35,36,129,1,32,108,20,37,63,50,31,19,20,2,22,25,24,12,34,18,40,40,1,39,55,11,23,4,6,20,45,89,12,26,5,45,81,58,33,88,90,16,4,28,25,56,2,168,68,10,7,2,99,4,97,9,177,25,42,28,10,0,5,291,9,46,59,1,16,9,3,9,50,6,219,5,15,1,41,22,36,205,58,11,39,114
2021,"Merton 023","E02000711",4823,14,96,160,2,78,2,24,1,64,20,33,93,14,49,165,19,4,11,42,27,102,2,38,133,20,32,97,74,45,25,26,6,16,30,30,12,50,19,28,35,1,42,67,11,18,7,9,32,44,128,6,35,5,36,95,41,45,98,99,29,8,25,24,55,2,226,86,17,12,2,98,4,128,6,185,14,37,40,15,0,3,255,9,44,67,2,9,5,5,15,31,0,199,9,15,1,50,18,24,225,56,12,51,148
2021,"Merton 024","E02000712",4574,10,80,134,6,72,1,26,0,48,11,20,80,20,48,92,15,3,10,25,23,91,0,21,104,17,24,87,57,36,29,33,6,16,27,39,8,34,19,26,43,1,37,49,16,18,0,9,30,44,93,4,36,8,39,88,50,30,101,121,25,14,20,34,67,5,176,49,17,8,1,97,14,159,8,222,15,44,46,12,0,4,324,4,44,51,3,5,2,7,16,51,2,235,17,16,2,28,12,23,172,112,10,53,133
2021,"Merton 025","E02000713",3955,14,79,145,0,65,2,25,1,45,15,22,91,12,51,114,12,2,15,25,17,85,2,30,141,22,21,71,49,38,25,15,2,22,26,30,4,22,20,23,33,1,57,53,9,22,3,3,22,52,113,10,41,10,44,113,43,47,108,145,26,8,38,42,83,3,148,45,11,2,6,67,6,137,14,110,19,40,25,4,0,0,181,5,44,50,3,9,3,4,7,23,6,144,8,19,2,26,10,40,75,29,13,22,69
2021,"Newham 001","E02000714",3714,20,35,127,0,46,3,22,2,44,4,16,55,12,24,89,10,4,11,20,18,87,0,20,144,32,36,35,64,19,18,35,2,10,34,25,9,26,10,39,34,0,23,104,22,13,1,6,25,37,86,12,37,6,39,48,39,23,77,71,10,2,26,8,31,1,149,89,13,6,2,64,4,71,3,143,16,27,37,23,0,0,158,14,37,58,3,10,1,4,10,31,3,150,9,16,1,26,14,8,219,91,5,48,163
2021,"Newham 002","E02000715",2707,7,17,35,0,47,0,10,0,25,6,6,32,5,9,48,5,0,5,15,6,31,0,19,89,15,13,27,19,9,7,17,0,7,8,14,3,15,9,21,22,0,25,22,4,4,2,4,10,22,49,12,24,3,24,38,36,22,77,41,0,3,12,12,22,1,101,44,6,7,1,78,1,68,0,143,3,29,37,10,0,4,219,7,46,56,4,12,1,5,10,21,2,201,12,12,0,47,22,19,135,88,8,33,123
2021,"Newham 003","E02000716",3042,10,36,74,0,51,0,11,0,37,10,9,58,4,21,69,9,0,11,23,10,36,0,32,92,25,17,41,41,21,10,16,0,10,16,11,8,26,13,24,25,1,14,56,11,12,0,5,16,25,67,6,31,4,22,44,32,20,73,41,8,2,12,14,21,1,93,49,10,7,0,84,3,67,6,146,20,19,31,2,0,7,207,7,29,65,0,29,1,2,7,25,3,168,9,12,0,33,19,18,135,94,8,39,143
2021,"Newham 004","E02000717",3250,6,28,62,0,55,1,13,1,37,2,16,40,7,17,70,6,2,5,14,7,43,0,23,91,22,18,40,28,11,4,22,2,4,5,14,3,31,7,38,32,0,21,31,13,7,1,4,10,41,60,11,31,3,27,43,33,14,67,68,0,1,15,17,28,1,96,42,9,10,2,119,6,69,0,128,17,7,19,21,0,7,284,5,42,79,2,12,0,0,8,27,1,242,13,16,1,43,14,16,176,131,9,43,160
2021,"Newham 005","E02000718",2772,2,28,30,0,37,0,5,0,28,5,16,37,5,16,51,4,1,2,8,9,67,0,21,89,9,11,32,18,14,8,14,0,4,7,15,2,23,8,33,40,0,25,22,4,4,1,0,8,18,39,3,20,4,27,26,32,13,59,46,0,2,9,10,29,0,82,38,9,9,1,78,3,72,1,188,19,15,26,9,0,11,237,4,39,61,0,9,3,0,5,23,0,214,13,4,2,25,12,27,168,103,11,47,104
2021,"Newham 006","E02000719",4074,18,53,89,1,73,1,11,1,47,7,9,68,10,22,89,19,2,14,38,37,89,0,28,131,22,32,53,59,19,17,32,6,8,29,17,8,32,15,44,27,1,28,71,13,12,0,10,11,40,82,7,39,11,29,47,37,20,82,57,10,19,17,10,36,2,175,88,26,7,2,114,5,59,3,169,12,35,45,31,0,6,237,11,56,71,2,17,3,3,12,40,3,153,21,29,0,47,19,23,249,82,5,65,181
2021,"Newham 007","E02000720",3306,17,57,86,0,74,2,12,1,47,4,10,94,12,20,76,17,0,10,21,18,30,0,30,131,13,33,59,36,14,14,18,3,9,36,13,21,21,8,30,35,1,14,78,15,11,0,3,10,32,75,5,18,5,26,54,32,18,91,62,0,2,9,22,26,1,122,27,10,15,2,84,9,67,0,93,14,20,28,8,0,0,199,10,47,56,1,9,0,7,14,26,1,154,8,18,0,22,15,16,152,90,7,84,129
2021,"Newham 008","E02000721",3787,15,33,69,0,84,0,4,0,43,1,8,76,5,24,68,10,1,4,11,9,46,0,25,140,26,28,50,26,14,17,25,4,10,14,20,6,29,11,26,35,0,30,43,9,6,1,3,16,22,73,11,16,5,31,78,29,13,84,78,8,2,9,23,35,2,122,39,6,14,3,134,5,80,4,176,23,37,29,15,0,7,264,7,50,65,3,16,2,2,13,30,3,236,13,23,0,48,16,38,236,127,12,65,180
2021,"Newham 009","E02000722",4211,10,32,114,1,62,1,11,0,70,6,15,60,7,40,138,20,3,12,29,20,79,3,23,154,31,44,51,57,26,16,27,5,16,39,27,9,37,4,38,45,0,25,98,14,12,0,12,21,36,106,1,49,5,39,55,33,23,72,70,2,7,17,18,33,1,179,59,11,4,4,130,6,70,3,146,34,36,31,28,1,3,226,9,45,82,2,12,0,3,18,40,2,168,12,18,2,80,11,17,264,81,5,44,194
2021,"Newham 010","E02000723",4746,9,35,80,2,97,2,10,0,42,5,14,71,8,64,195,6,1,3,18,8,46,1,60,139,11,33,92,46,15,12,23,0,12,14,40,8,64,16,33,57,0,35,29,3,5,0,7,15,30,71,7,25,5,46,117,54,27,118,82,4,4,11,39,49,1,158,62,6,14,3,125,6,105,0,140,28,19,35,10,0,17,426,13,56,100,7,19,3,3,19,43,12,252,15,27,2,89,42,76,236,155,8,72,167
2021,"Newham 011","E02000724",3861,5,42,46,1,88,0,5,0,27,9,19,58,7,22,84,15,1,5,20,9,31,1,40,126,26,28,49,48,27,13,26,0,10,16,32,7,33,9,29,35,1,24,26,7,7,0,3,10,23,67,6,22,2,38,69,39,11,81,93,2,5,8,20,40,1,162,37,11,11,1,70,1,101,1,175,20,16,28,12,0,9,329,21,42,70,4,37,2,2,10,34,1,258,11,24,1,58,20,32,204,161,15,56,160
2021,"Newham 012","E02000725",5304,24,59,151,0,56,1,17,1,61,5,13,69,9,49,292,26,10,22,56,30,108,2,29,156,29,70,115,153,51,31,25,5,34,44,30,16,64,9,44,42,0,56,98,20,19,0,9,45,60,192,13,61,6,35,67,43,28,83,81,5,0,12,11,56,1,150,63,20,9,5,134,6,86,2,201,45,47,53,24,1,3,253,8,36,101,3,4,1,4,12,35,1,127,32,14,0,48,17,18,291,108,12,80,241
2021,"Newham 014","E02000727",3336,13,34,53,0,80,0,6,1,35,2,9,54,12,16,83,10,0,4,22,3,38,0,39,71,10,11,52,28,6,8,7,0,5,6,20,7,25,12,22,32,0,18,30,5,5,0,3,9,26,69,6,24,0,33,71,36,16,68,49,0,4,12,18,28,5,110,43,4,9,1,94,2,78,0,135,23,21,16,11,0,6,352,10,38,65,5,23,5,3,11,33,5,199,8,16,2,47,27,30,163,149,14,57,150
2021,"Newham 015","E02000728",3782,4,24,68,0,70,0,7,0,31,6,13,45,6,27,131,7,3,4,17,9,44,0,39,66,13,19,46,23,10,14,6,2,11,13,23,5,35,12,23,26,1,32,35,2,9,2,3,13,27,61,8,23,2,30,80,31,23,78,37,3,2,9,15,42,0,161,84,9,11,0,113,3,61,0,134,11,12,51,12,0,3,379,2,67,50,12,19,1,3,23,84,5,212,17,16,1,121,26,50,259,97,28,57,118
2021,"Newham 016","E02000729",3296,7,50,82,0,61,0,14,2,46,4,15,49,8,13,84,14,2,6,18,22,55,2,20,118,27,34,37,33,12,19,16,0,11,23,21,6,22,6,18,19,0,30,63,12,7,0,6,23,32,68,12,29,8,28,48,32,16,77,56,9,4,12,13,42,1,125,47,13,15,1,116,2,80,0,127,10,13,27,11,0,0,166,6,41,31,1,8,2,5,12,42,1,141,14,12,1,38,18,33,255,80,3,37,138
2021,"Newham 017","E02000730",4105,5,35,97,0,105,0,6,1,73,5,15,75,9,26,81,9,1,3,28,4,47,0,22,140,25,19,58,45,17,10,21,1,20,14,11,5,29,13,53,43,0,18,43,7,5,1,7,11,36,60,5,27,6,44,82,38,23,81,61,1,0,15,11,49,4,169,94,13,12,4,100,4,73,1,169,12,18,22,10,0,8,332,10,59,75,13,18,0,7,23,55,0,234,13,14,0,61,32,16,171,169,14,70,204
2021,"Newham 018","E02000731",3987,19,34,67,0,70,0,20,0,26,8,18,55,8,31,105,8,1,7,25,7,54,0,33,99,23,33,39,40,9,8,10,2,10,11,20,7,39,19,24,30,1,28,31,4,6,0,6,11,52,54,4,28,5,40,74,37,19,99,64,9,8,14,13,39,0,141,55,15,8,1,117,5,75,1,145,14,22,25,13,0,3,361,5,94,96,1,28,6,4,15,31,2,248,12,17,4,69,31,49,224,135,15,49,186
2021,"Newham 019","E02000732",3528,9,21,63,0,52,0,9,2,24,3,14,52,8,23,98,10,0,4,23,10,56,0,27,96,15,30,60,57,27,16,18,1,18,11,20,7,29,6,28,31,1,39,47,12,8,2,7,16,25,78,12,24,3,35,70,40,13,92,48,6,6,8,12,35,9,84,36,7,10,1,100,3,89,4,163,14,22,24,11,0,2,292,13,35,75,5,8,2,1,7,28,1,221,16,10,3,31,24,29,200,120,23,41,147
2021,"Newham 020","E02000733",4827,20,50,132,0,51,2,20,0,46,1,26,86,9,28,137,16,2,6,15,16,133,2,43,156,15,29,72,75,17,21,30,4,10,27,25,9,34,21,61,52,2,43,90,11,17,1,7,19,44,96,17,56,5,42,64,44,24,89,122,14,6,13,15,40,1,172,100,26,6,1,150,7,95,1,215,21,41,60,47,0,11,249,6,37,96,1,10,5,6,13,55,1,185,17,14,2,74,16,24,247,129,8,55,243
2021,"Newham 021","E02000734",3460,5,37,51,1,62,1,12,1,35,3,10,62,5,16,114,12,0,6,21,7,99,0,18,97,19,20,45,52,28,3,14,3,9,14,16,2,16,14,32,25,0,23,73,14,10,0,1,18,27,61,3,33,11,37,55,28,20,65,57,1,4,18,10,38,0,134,60,6,5,3,102,4,63,0,153,12,26,46,12,0,5,211,9,31,55,2,14,2,0,12,46,1,169,32,8,0,68,22,21,201,106,10,55,160
2021,"Newham 022","E02000735",3720,9,36,64,0,65,1,10,1,38,4,8,65,7,22,86,11,2,5,18,8,61,0,26,133,17,32,37,37,18,14,14,2,17,20,15,6,24,14,34,34,0,18,44,6,7,0,3,6,38,80,9,32,4,30,53,41,24,69,84,5,4,11,12,34,0,142,77,12,4,0,111,9,64,2,170,15,25,37,15,0,0,286,5,42,69,3,20,1,3,16,39,4,186,15,18,0,48,26,32,226,111,19,64,175
2021,"Newham 023","E02000736",3648,7,26,63,1,71,0,10,0,27,4,14,43,18,32,72,15,0,7,8,8,56,0,31,102,23,15,51,22,13,4,18,1,10,3,33,7,35,14,33,31,0,24,32,5,9,0,0,14,15,63,1,34,9,29,67,36,23,66,49,7,8,17,18,52,2,146,47,15,7,2,105,6,80,5,182,12,22,32,15,0,3,322,12,39,66,7,13,3,1,9,41,3,246,8,9,0,59,26,32,225,118,11,62,149
2021,"Newham 024","E02000737",4337,8,34,65,3,68,0,22,2,37,7,18,62,14,15,88,16,0,5,17,21,97,0,34,144,25,28,47,35,17,8,36,1,8,16,22,3,46,11,42,46,3,22,49,3,13,1,7,16,48,61,5,23,6,45,76,45,24,98,85,14,10,11,17,39,0,202,71,17,16,0,127,4,98,2,186,19,36,39,19,0,5,352,9,40,77,3,17,5,4,15,41,14,260,35,18,3,60,32,41,214,142,9,54,162
2021,"Newham 025","E02000738",4389,18,40,84,0,80,1,13,0,41,3,11,79,10,30,109,16,4,9,15,14,90,0,31,158,29,38,61,45,20,18,23,3,11,23,22,10,40,15,39,28,0,33,69,12,15,1,2,24,45,91,3,35,3,47,88,44,31,83,89,4,11,13,27,39,3,161,59,11,7,3,99,3,91,7,172,16,31,83,22,0,10,269,10,59,72,1,16,1,17,11,40,2,224,23,23,0,62,30,17,248,129,7,76,184
2021,"Newham 026","E02000739",3569,8,37,57,2,37,3,16,0,40,5,11,38,8,18,77,9,2,5,13,15,96,0,20,73,16,20,49,37,24,9,25,3,11,11,20,4,20,14,31,28,0,20,37,10,8,0,4,8,21,52,5,40,5,25,54,36,18,65,44,4,1,14,12,42,3,174,76,10,5,2,119,7,75,2,210,11,31,75,26,0,8,188,9,31,50,3,9,3,2,10,59,3,200,10,15,0,45,20,26,269,97,10,54,185
2021,"Newham 027","E02000740",3240,17,30,59,0,37,0,9,0,34,6,16,43,5,26,89,10,2,6,11,8,83,0,14,77,18,17,38,47,16,9,31,4,3,20,16,9,22,16,41,23,0,28,50,2,11,0,9,20,38,59,7,41,3,26,44,26,15,69,70,6,10,17,10,37,2,149,36,13,5,4,91,7,62,3,146,19,39,43,11,0,6,183,7,25,41,2,16,0,10,12,34,4,157,10,17,1,40,12,16,225,110,5,23,144
2021,"Newham 028","E02000741",3659,10,31,69,0,51,1,6,1,29,10,20,54,10,28,71,11,2,9,13,13,109,1,17,112,25,14,39,46,11,20,22,4,7,29,13,6,32,11,39,36,1,18,49,12,8,0,9,19,34,63,13,33,5,34,51,38,23,76,75,7,9,19,12,34,1,152,86,14,7,1,113,2,65,3,153,12,21,62,13,0,1,198,9,43,44,0,14,3,4,6,51,4,192,12,11,0,69,19,26,271,103,10,61,129
2021,"Newham 029","E02000742",3694,8,35,61,0,58,0,13,0,37,10,14,52,9,21,64,13,3,6,10,10,78,0,15,106,28,18,47,27,9,14,18,4,11,8,11,3,32,13,26,30,1,15,32,15,5,0,9,14,24,53,3,30,3,30,62,31,26,80,73,4,9,16,18,44,0,178,72,19,7,4,126,3,79,0,160,19,28,50,16,1,3,225,10,35,58,3,13,1,6,7,45,5,235,24,19,0,65,22,25,270,87,16,85,154
2021,"Newham 030","E02000743",4799,25,48,117,0,45,2,10,0,54,4,24,61,10,54,160,17,1,12,18,13,137,1,28,98,23,33,109,88,30,18,34,0,15,26,26,8,45,18,43,39,2,35,63,9,11,0,5,28,33,106,9,35,11,33,79,44,25,104,86,10,8,12,13,36,4,166,58,16,9,0,133,7,124,4,218,17,39,59,42,0,6,247,8,35,80,8,22,4,2,14,50,2,197,20,13,1,52,17,26,327,154,19,75,233
2021,"Newham 031","E02000744",4281,16,44,107,1,51,2,8,0,49,3,17,55,12,29,93,17,1,16,11,13,122,0,26,99,27,21,50,52,30,14,26,2,16,22,19,4,33,11,33,31,0,30,46,14,12,1,5,21,39,87,12,31,4,33,65,49,36,94,93,7,10,24,11,41,5,206,83,21,5,2,114,4,97,4,220,14,41,55,20,0,8,223,5,30,62,4,23,0,4,13,47,7,201,28,31,1,86,18,14,288,106,13,61,169
2021,"Newham 032","E02000745",4168,7,63,63,2,49,6,6,0,41,8,26,57,9,25,86,16,2,9,18,11,84,0,28,95,20,31,56,30,25,21,26,0,15,12,24,7,29,17,39,31,0,31,31,9,6,0,8,18,37,59,10,32,19,29,57,29,29,85,79,10,4,34,17,50,4,241,87,36,8,1,91,6,110,2,202,20,46,43,26,0,3,191,8,27,53,2,18,3,6,17,56,2,200,29,18,1,80,26,23,306,115,14,93,177
2021,"Newham 033","E02000746",4611,22,77,162,0,60,0,15,1,63,6,25,85,13,42,198,19,0,9,51,17,85,0,23,122,29,37,112,116,65,31,26,2,33,35,39,13,48,21,37,45,2,37,53,16,17,0,7,50,56,126,6,50,2,42,66,35,35,97,97,5,4,28,15,52,2,153,42,22,4,4,86,3,104,2,170,18,37,43,22,0,0,213,9,29,59,11,13,0,5,17,43,3,174,23,16,3,43,27,24,188,87,11,54,165
2021,"Newham 034","E02000747",7409,105,65,377,3,99,5,14,1,110,4,22,133,15,74,564,39,8,37,59,34,130,1,55,156,33,79,324,292,90,41,25,4,43,51,45,18,74,19,54,33,0,64,100,31,22,3,19,135,104,264,9,114,11,47,131,72,44,129,114,12,6,16,12,69,2,181,72,21,6,9,125,7,96,8,221,51,57,69,30,1,9,255,13,63,87,2,30,5,6,16,44,7,191,20,30,3,45,14,22,269,138,8,74,239
2021,"Newham 035","E02000748",3087,9,82,63,2,35,3,8,0,35,5,12,55,4,25,63,4,1,1,15,12,35,0,16,46,21,13,45,30,26,11,21,1,9,16,12,2,22,10,23,26,0,20,28,10,14,2,3,13,27,52,6,26,6,15,52,27,22,78,70,9,4,15,30,44,1,192,84,24,5,1,70,14,60,2,105,20,25,35,25,0,2,154,5,26,37,0,27,2,2,8,61,7,120,12,11,0,55,20,16,236,59,16,50,106
2021,"Newham 036","E02000749",4329,6,53,97,0,43,1,10,1,36,8,18,61,6,28,89,13,2,6,9,10,115,0,16,110,24,19,72,52,35,16,24,1,22,16,27,3,38,8,37,58,0,30,47,11,22,3,8,23,28,81,6,43,4,29,80,36,26,66,79,6,4,14,11,51,2,168,78,22,9,2,123,7,100,1,264,18,36,54,50,1,7,253,20,28,69,1,18,2,7,16,54,0,228,24,24,3,54,11,17,284,105,12,75,184
2021,"Newham 038","E02006995",5438,61,37,378,0,72,2,30,2,62,5,20,129,25,62,504,63,9,44,131,33,93,1,55,171,25,183,305,329,82,59,11,3,36,100,30,32,80,14,27,16,1,39,167,53,29,3,11,104,121,276,5,103,7,22,84,39,30,58,60,2,2,6,5,37,1,37,9,3,4,3,43,1,46,1,79,22,32,12,8,0,1,119,10,31,67,0,8,3,3,7,5,7,71,8,4,0,9,3,3,42,45,3,18,85
2021,"Newham 039","E02006996",4707,39,38,245,2,66,3,15,1,61,1,21,99,13,64,391,35,8,22,72,27,90,1,42,128,20,130,232,200,52,32,16,2,18,65,27,17,42,17,42,18,1,32,101,31,16,0,14,71,70,186,1,57,5,21,65,36,34,64,63,7,5,17,2,40,2,89,32,8,10,2,83,4,55,1,98,25,20,26,18,0,0,166,8,35,67,2,6,0,1,14,12,1,97,12,8,1,33,10,20,139,67,6,30,146
2021,"Newham 040","E02006997",4430,42,57,223,2,45,0,11,0,81,7,14,77,14,62,336,45,8,22,77,31,93,1,39,145,24,80,170,167,69,43,22,3,28,81,16,14,70,10,33,21,0,33,89,30,19,1,9,61,73,195,4,63,4,39,80,42,42,60,70,1,3,9,7,25,0,43,16,10,4,14,84,1,50,1,122,25,23,24,14,0,4,117,9,34,49,14,5,0,1,18,23,9,95,12,5,2,14,5,12,85,63,2,31,148
2021,"Newham 041","E02006998",3486,18,45,93,1,54,3,8,0,38,2,18,60,3,44,117,11,0,2,25,10,71,0,17,82,9,22,60,53,33,19,21,2,12,22,18,4,32,20,22,26,1,26,44,5,12,3,6,20,39,78,2,41,5,38,60,33,24,77,71,0,4,21,8,39,0,107,48,13,11,1,83,4,58,5,190,18,38,56,19,0,0,181,10,34,55,3,13,1,2,8,41,3,151,17,8,2,38,16,16,187,91,8,51,145
2021,"Newham 042","E02006999",7321,133,96,524,5,118,3,30,1,91,11,25,182,22,100,679,55,7,37,91,42,107,4,44,144,38,126,400,311,127,54,30,4,56,82,29,25,94,19,50,23,0,60,150,48,27,3,19,132,140,387,6,105,10,41,153,60,65,92,127,8,2,12,10,49,2,87,21,17,8,2,114,4,52,0,154,33,55,36,24,1,1,176,16,48,88,5,9,4,3,12,18,8,117,13,11,0,17,8,14,146,71,7,40,154
2021,"Redbridge 001","E02000751",5190,76,154,418,7,90,2,26,2,44,18,38,188,11,38,193,31,2,11,183,34,63,2,86,241,44,130,171,112,73,53,24,3,46,42,17,10,37,15,29,27,2,25,105,22,29,1,20,133,69,174,6,58,3,35,125,34,41,131,175,20,7,15,8,65,1,100,42,6,5,2,50,12,94,5,84,21,49,25,6,0,1,109,9,37,30,3,8,4,6,10,20,1,81,8,6,7,25,8,15,72,39,7,20,68
2021,"Redbridge 002","E02000752",4237,12,103,156,1,61,1,19,0,41,19,22,95,3,32,145,10,1,3,35,15,83,1,39,132,23,32,79,40,23,28,28,0,16,13,19,5,36,14,26,36,3,30,29,7,30,1,10,34,34,107,5,53,3,31,78,45,40,136,124,21,16,29,30,80,6,225,69,28,3,3,88,6,101,12,178,13,38,30,24,0,0,175,13,30,52,1,13,4,6,9,42,3,171,19,19,3,36,12,32,167,49,12,41,81
2021,"Redbridge 003","E02000753",3255,14,69,95,3,52,0,24,0,35,13,8,56,2,39,89,11,5,7,23,10,61,1,30,98,25,20,81,31,28,16,18,0,18,8,17,2,35,6,32,18,2,34,24,4,15,1,10,26,25,77,9,27,7,28,63,29,28,85,93,15,7,10,17,71,1,206,57,29,8,2,35,6,76,1,121,13,33,16,15,0,0,147,8,38,40,4,12,3,5,5,26,2,143,11,16,0,36,9,20,155,39,6,30,74
2021,"Redbridge 004","E02000754",3495,24,75,192,0,51,0,24,0,27,9,8,85,8,37,138,14,1,6,36,21,55,0,24,156,36,46,92,63,48,40,16,1,25,44,24,5,19,11,29,26,3,28,74,11,16,0,11,53,37,112,5,49,7,37,80,26,33,94,113,17,2,22,11,56,1,121,38,9,5,6,36,9,69,7,97,15,17,18,4,0,1,134,7,33,33,0,7,3,6,6,31,3,108,9,5,0,29,6,19,77,42,1,14,56
2021,"Redbridge 005","E02000755",2821,20,71,113,0,40,0,12,1,25,5,24,58,6,23,81,9,3,11,22,23,44,2,19,104,18,29,73,40,18,30,17,2,18,16,14,8,19,17,28,26,0,32,51,5,11,0,5,33,28,84,7,38,7,26,90,25,33,63,102,20,3,15,20,50,2,102,52,20,3,2,37,5,67,4,67,13,35,14,6,1,6,102,2,22,25,4,2,3,3,7,25,2,109,6,14,0,19,4,17,73,32,4,21,52
2021,"Redbridge 006","E02000756",7077,38,140,282,6,151,2,30,0,70,23,48,179,12,63,290,20,1,8,66,36,92,0,82,243,54,59,163,97,48,47,33,5,49,26,28,5,71,33,53,39,3,66,58,18,28,3,18,65,66,150,10,82,12,53,190,66,62,166,194,24,19,36,20,111,5,377,118,41,9,7,92,16,139,7,232,39,70,42,20,0,6,340,17,77,79,9,13,5,8,14,63,3,285,28,22,0,98,27,39,240,92,8,66,112
2021,"Redbridge 007","E02000757",6637,61,120,473,0,89,7,35,2,66,12,36,203,12,86,300,35,6,23,125,53,105,1,74,374,87,139,218,187,109,64,34,2,43,98,39,20,69,13,43,26,1,53,149,24,37,2,22,131,68,242,8,100,8,60,125,69,71,146,172,28,3,14,33,71,3,156,61,13,8,6,70,12,103,5,109,24,48,28,5,0,3,145,17,34,58,3,10,3,1,17,24,6,136,8,18,2,35,9,11,121,63,8,35,93
2021,"Redbridge 008","E02000758",3060,8,54,122,1,75,0,14,0,31,9,10,80,12,29,81,7,0,1,63,13,38,1,52,131,20,39,84,49,28,20,15,2,12,11,16,5,38,6,26,18,1,24,30,5,11,4,10,24,22,58,13,30,6,25,108,28,38,106,92,7,3,15,9,52,0,73,20,8,4,5,41,7,69,2,76,11,21,11,2,0,1,190,8,42,36,3,4,3,4,9,15,1,157,6,5,0,16,6,32,80,76,6,25,43
2021,"Redbridge 009","E02000759",6558,34,125,411,1,112,6,38,3,83,19,34,161,20,63,239,23,5,18,129,55,111,4,72,306,68,114,169,136,82,58,41,6,33,50,28,13,50,28,40,40,0,79,105,25,30,1,17,99,61,207,8,83,15,50,145,50,70,130,174,16,9,32,25,64,3,196,77,30,10,5,95,13,130,7,154,25,46,31,16,1,2,240,15,47,55,2,7,3,6,12,44,6,211,20,15,1,40,8,27,164,69,8,32,162
2021,"Redbridge 010","E02000760",3363,9,53,129,0,72,3,11,0,36,10,22,65,6,29,134,9,1,4,29,19,43,0,44,139,25,26,80,43,25,22,9,2,18,10,18,4,42,13,30,21,2,24,24,6,13,3,10,31,31,75,9,39,6,28,73,39,25,91,105,6,1,11,16,33,0,134,44,17,3,7,42,3,68,6,126,11,35,15,6,0,5,161,18,43,48,1,4,2,5,6,28,4,173,13,23,2,21,8,21,113,60,6,40,85
2021,"Redbridge 012","E02000762",3118,17,44,141,1,72,4,17,2,33,9,8,82,16,23,151,11,2,8,79,11,45,2,83,134,17,45,118,43,32,18,14,3,18,13,11,6,19,15,35,21,0,16,35,11,4,0,4,17,32,67,6,37,5,45,106,25,27,114,79,10,2,13,10,31,0,99,35,4,8,3,34,1,46,0,78,9,10,6,4,0,2,168,9,33,44,5,3,0,1,10,20,0,124,8,4,1,17,5,23,70,40,0,28,47
2021,"Redbridge 013","E02000763",3839,13,70,135,0,76,2,15,5,32,5,16,68,11,34,155,10,1,6,60,13,48,0,62,148,26,47,107,75,32,27,33,0,20,15,22,4,43,13,33,17,1,33,26,5,12,3,3,31,29,62,2,45,3,36,133,33,32,110,68,11,2,7,12,45,1,179,68,11,20,1,43,4,80,0,135,16,31,11,9,0,0,269,8,65,34,3,6,0,2,12,20,3,154,24,10,4,28,12,29,108,72,11,21,92
2021,"Redbridge 014","E02000764",6411,67,127,486,3,112,2,29,0,82,18,21,215,24,66,266,38,10,29,193,70,87,10,80,343,75,184,187,144,98,73,17,11,39,119,26,12,62,30,47,19,2,52,195,28,35,6,17,126,88,246,19,95,10,48,102,43,71,127,167,34,0,11,10,40,2,121,42,15,5,2,57,14,84,6,100,20,42,29,7,0,8,145,11,56,55,2,8,2,1,17,25,2,116,13,5,6,28,7,15,96,39,3,18,94
2021,"Redbridge 015","E02000765",3466,20,40,138,0,50,3,19,0,20,8,16,82,12,40,210,13,2,10,46,15,38,0,44,130,22,41,103,70,40,29,7,1,20,23,33,4,43,10,25,23,0,15,18,5,17,1,10,24,33,82,11,23,10,46,101,22,27,83,68,10,4,11,5,45,1,163,54,14,4,3,64,2,50,2,86,10,37,9,6,2,3,203,5,33,47,3,5,4,16,6,23,3,136,6,14,0,36,11,29,103,47,6,23,76
2021,"Redbridge 017","E02000767",3985,31,61,173,0,75,2,13,1,35,10,12,51,18,53,278,8,1,9,55,10,56,0,79,118,18,42,144,53,47,14,21,3,30,11,19,3,33,18,21,31,2,37,33,7,12,2,8,39,36,90,6,39,6,37,108,30,28,112,90,7,2,12,10,41,0,143,55,15,3,2,38,6,81,3,126,23,27,25,7,0,4,250,7,46,48,0,17,4,5,11,30,4,174,9,14,1,47,14,31,114,50,6,35,59
2021,"Redbridge 018","E02000768",2862,37,51,225,1,44,2,21,1,20,7,10,122,8,35,107,16,4,13,68,30,55,3,58,146,35,98,81,74,52,27,14,3,24,43,9,5,17,11,22,14,1,33,75,9,17,3,11,44,37,90,5,46,6,35,58,25,19,65,75,8,4,7,8,20,1,38,12,7,6,2,27,5,37,7,63,8,17,10,4,0,2,65,3,22,23,2,3,3,1,3,12,2,51,3,6,0,10,0,1,20,21,2,12,37
2021,"Redbridge 020","E02000770",3664,13,54,92,0,79,3,16,0,30,6,11,73,10,46,136,14,0,5,62,22,46,0,58,136,27,38,96,47,34,13,15,6,20,12,24,6,37,10,26,22,0,16,18,6,13,0,6,22,37,75,9,30,5,40,109,35,27,93,83,3,0,12,14,43,0,173,48,11,7,1,47,4,83,3,107,12,21,19,9,0,0,234,4,58,41,3,8,4,1,11,37,3,189,13,11,0,34,20,36,129,81,4,67,90
2021,"Redbridge 022","E02000772",3546,18,53,119,0,63,0,12,0,35,10,14,63,8,45,166,5,1,5,57,10,130,0,32,120,17,24,76,45,23,14,18,4,21,12,15,4,52,14,28,19,0,33,23,6,7,1,13,21,35,77,5,34,5,30,89,30,19,93,84,5,6,9,10,36,2,137,37,11,6,0,59,3,80,1,158,10,18,16,9,1,7,205,9,32,51,5,9,3,4,8,35,0,186,8,7,2,46,13,14,119,69,10,47,86
2021,"Redbridge 023","E02000773",4546,20,66,154,2,99,2,17,0,54,10,19,68,10,32,233,11,2,7,59,10,74,0,107,166,20,35,114,73,47,35,40,4,63,11,32,7,54,19,41,54,2,24,49,7,9,1,5,30,45,89,8,46,12,66,139,50,21,120,87,5,3,8,14,49,0,125,34,13,13,2,53,3,102,0,149,17,29,26,4,0,5,277,13,41,63,3,11,2,4,14,26,4,212,7,15,0,62,22,73,110,102,12,46,92
2021,"Redbridge 024","E02000774",3424,11,45,87,2,69,0,13,0,27,11,10,51,4,37,130,6,0,4,27,6,30,2,49,122,28,30,76,48,20,10,11,3,19,11,11,9,32,8,22,22,1,21,28,10,7,2,6,21,33,61,11,27,5,39,80,26,24,81,61,3,10,11,26,31,1,166,71,17,7,0,51,9,70,2,114,18,25,19,4,0,6,227,5,45,52,1,14,4,5,13,37,1,183,29,10,0,58,14,43,131,86,7,46,105
2021,"Redbridge 026","E02000776",3088,14,40,97,2,51,2,14,0,21,7,9,88,7,35,141,6,0,2,33,16,35,1,65,124,25,37,77,35,18,14,20,3,14,19,16,8,42,8,18,12,0,21,34,6,7,0,6,28,41,54,10,39,6,34,97,25,19,73,58,6,2,12,9,42,3,76,42,7,7,2,57,2,87,1,106,7,14,26,5,2,1,155,6,26,53,0,9,3,0,30,39,0,145,11,19,0,37,15,33,100,71,4,28,54
2021,"Redbridge 027","E02000777",2854,33,56,216,0,37,0,22,0,33,5,11,100,8,30,89,16,4,16,49,29,39,5,25,207,47,74,70,47,38,29,27,4,13,43,14,5,29,6,32,25,0,16,88,18,12,1,12,24,33,60,7,38,7,22,56,23,30,71,70,10,2,20,3,21,3,64,28,4,4,4,29,4,52,4,61,10,10,11,4,0,3,67,6,23,21,0,5,1,2,2,17,3,73,1,4,1,10,2,7,43,36,3,11,44
2021,"Redbridge 029","E02000779",3514,16,39,81,1,71,4,15,0,31,15,16,104,6,31,213,6,0,6,44,8,32,0,35,102,15,26,84,37,16,13,19,2,23,9,24,4,31,13,29,19,0,30,27,4,10,0,6,20,38,65,4,26,6,35,77,31,27,93,63,6,5,13,14,34,1,124,44,7,4,3,79,4,51,2,129,14,28,29,11,0,0,210,7,41,55,2,11,1,0,12,39,2,159,10,10,1,54,15,26,157,105,7,50,136
2021,"Redbridge 031","E02000781",6920,16,109,227,3,166,5,33,2,87,22,31,227,23,64,202,10,2,7,56,22,73,0,115,262,48,66,136,82,53,40,35,1,32,21,40,8,62,31,59,61,0,65,41,7,12,0,16,41,63,149,14,64,10,92,171,74,61,224,143,9,5,25,39,70,3,224,52,17,19,4,80,7,144,1,220,21,49,26,22,0,3,439,15,76,112,5,29,9,3,20,59,3,476,37,23,2,103,28,41,191,184,18,95,126
2021,"Redbridge 032","E02000782",4580,10,46,85,1,95,1,14,1,41,10,20,96,7,45,295,13,5,8,34,16,73,0,38,139,23,23,81,55,27,15,27,1,19,20,22,5,67,27,32,35,0,39,33,0,14,2,9,22,60,82,8,32,2,64,101,33,33,108,76,0,7,12,16,47,2,137,58,9,9,3,103,5,82,1,201,14,20,22,11,0,5,318,18,50,90,3,15,1,3,14,30,3,284,22,11,0,72,33,45,159,132,21,65,137
2021,"Redbridge 033","E02000783",2831,2,38,39,0,66,0,6,0,28,8,10,46,7,15,67,5,0,2,11,9,43,0,34,77,13,18,39,31,12,12,12,2,7,12,19,4,25,10,18,25,1,20,8,3,5,0,3,14,20,38,6,28,3,26,65,22,16,83,41,7,7,5,23,27,1,103,36,7,8,0,92,3,64,1,141,13,11,12,6,0,12,217,8,28,61,1,12,2,3,10,32,1,215,13,17,0,46,17,29,137,87,4,52,86
2021,"Redbridge 034","E02006800",6407,21,97,207,3,144,2,17,3,64,15,35,113,19,56,248,14,2,8,49,21,77,0,69,216,20,49,133,60,47,35,17,1,33,14,32,10,80,21,67,51,2,52,40,10,9,2,19,40,67,118,6,72,11,63,133,56,47,196,134,5,19,21,31,66,3,267,70,17,15,2,100,11,130,2,243,19,53,34,19,0,11,385,21,64,96,1,33,4,9,27,55,3,383,47,30,0,124,36,45,218,161,11,95,174
2021,"Redbridge 035","E02006924",6219,32,107,228,1,146,2,35,1,79,15,29,186,18,59,335,17,2,15,99,21,67,0,96,224,41,100,180,88,59,37,35,3,38,24,26,12,66,29,61,41,1,45,57,16,15,0,19,48,76,137,5,60,9,93,169,49,41,138,134,2,11,17,16,51,1,196,80,23,8,4,91,7,123,2,157,26,45,42,15,4,13,307,13,56,87,4,22,5,6,12,53,5,294,15,25,1,50,20,39,171,111,12,69,142
2021,"Redbridge 036","E02006925",6690,37,111,305,4,183,0,58,5,80,20,30,201,25,51,277,7,4,15,189,19,60,1,163,230,50,94,225,115,61,41,32,4,49,33,32,11,76,28,63,53,2,43,48,7,16,2,16,62,76,154,26,76,8,102,219,73,53,194,149,7,8,17,21,68,1,186,48,15,7,3,48,10,156,5,157,16,37,20,13,0,1,398,11,104,79,3,16,6,1,12,30,5,277,12,23,1,48,14,63,133,99,13,30,100
2021,"Redbridge 037","E02007017",3837,8,66,117,1,57,3,18,0,27,8,15,74,9,47,164,12,1,2,42,8,110,3,49,159,29,36,102,49,27,24,27,1,18,12,26,4,46,7,42,47,2,37,24,3,9,1,2,38,40,74,14,54,10,52,103,40,38,127,96,3,7,25,19,37,3,117,41,9,6,1,49,5,103,3,130,14,14,15,7,0,11,203,8,34,52,2,3,1,6,10,19,3,205,12,20,3,37,9,27,103,79,8,42,71
2021,"Redbridge 038","E02007018",3237,11,46,88,2,49,1,18,0,23,9,13,49,8,21,140,3,1,3,22,11,79,0,27,119,22,25,65,43,26,10,16,0,20,10,17,2,38,9,31,37,0,34,28,7,8,1,7,32,38,62,6,23,1,45,99,51,16,81,95,5,4,13,17,43,1,147,54,7,7,2,49,4,67,1,144,3,20,18,13,0,4,164,3,21,46,1,8,1,1,9,22,3,164,9,10,1,39,8,35,104,81,4,46,86
2021,"Redbridge 039","E02007019",2981,23,32,75,2,50,0,18,0,24,6,5,42,0,31,362,2,1,8,24,9,48,0,35,59,13,26,59,43,21,10,10,0,40,5,23,5,41,9,13,17,0,8,21,7,9,0,11,11,41,43,4,20,2,23,53,30,15,76,49,0,3,7,10,34,2,93,31,6,10,1,62,5,36,0,90,8,21,17,11,0,0,177,11,34,34,1,10,4,1,4,24,1,140,8,12,0,44,16,12,124,96,9,50,108
2021,"Redbridge 040","E02007020",3917,4,49,80,2,130,0,10,1,44,14,14,70,7,23,111,4,1,3,22,9,42,0,39,124,9,31,65,30,22,9,20,0,17,7,36,4,42,15,26,41,1,35,25,3,8,0,6,22,31,54,4,29,3,54,79,38,15,113,68,4,11,13,15,45,3,175,52,11,8,3,74,4,67,3,141,17,45,15,5,0,5,303,13,58,70,1,26,5,3,20,37,2,302,9,21,0,62,34,40,135,117,15,71,92
2021,"Richmond upon Thames 001","E02000784",4712,186,103,565,0,102,5,18,3,60,9,15,275,18,41,138,23,10,16,88,60,48,5,30,233,53,205,151,136,44,45,23,11,21,84,16,15,32,15,29,28,1,30,214,30,46,7,13,83,48,181,2,58,3,24,53,32,21,77,80,6,2,4,5,15,1,53,16,4,6,0,28,9,92,9,81,28,24,24,3,2,1,100,4,33,20,1,3,0,1,6,5,1,37,2,5,1,5,2,8,25,18,2,9,49
2021,"Richmond upon Thames 002","E02000785",5045,180,120,651,2,76,6,31,2,69,11,14,260,24,72,213,32,10,39,123,59,41,5,35,257,37,179,161,201,74,48,16,8,38,112,19,40,45,13,19,25,0,22,218,44,42,11,13,74,67,236,5,80,3,30,60,21,37,64,82,19,1,6,4,23,2,33,7,0,3,2,29,10,62,3,43,12,14,11,1,3,0,61,11,33,27,1,3,1,2,3,4,0,27,0,4,1,3,4,5,20,10,1,8,52
2021,"Richmond upon Thames 003","E02000786",5986,184,108,707,1,114,4,31,1,93,9,24,303,32,48,215,44,12,42,70,84,43,5,53,256,48,216,152,214,66,73,24,12,34,145,26,21,31,18,24,37,0,28,297,46,74,2,8,110,62,262,7,73,8,36,75,41,48,75,123,17,2,7,5,25,1,42,23,6,4,0,47,12,125,20,85,23,36,26,3,0,4,127,10,29,34,2,11,0,2,9,11,3,51,5,4,3,10,0,13,34,15,2,13,86
2021,"Richmond upon Thames 004","E02000787",6260,137,123,632,3,108,5,32,9,115,10,22,243,36,89,315,43,11,37,113,67,46,3,49,266,53,150,172,262,113,55,20,15,47,123,29,34,53,18,39,44,3,35,208,36,53,11,16,75,78,306,8,63,9,45,88,41,52,101,120,24,3,14,9,36,1,68,29,2,10,3,50,9,138,13,89,32,56,19,6,1,5,135,5,38,42,0,6,4,2,0,17,8,85,6,13,0,7,3,17,44,26,0,17,79
2021,"Richmond upon Thames 005","E02000788",4592,119,94,552,0,71,6,20,1,71,13,16,237,23,41,149,29,8,34,60,53,44,4,35,238,52,160,137,143,76,54,10,7,30,104,13,20,32,16,20,31,0,25,205,32,37,5,9,74,49,193,6,48,3,28,59,30,35,74,100,22,4,3,4,18,2,42,5,1,4,3,45,9,122,10,65,28,23,11,3,1,2,64,4,34,22,0,1,1,2,5,7,0,37,2,5,0,3,6,7,42,14,3,8,63
2021,"Richmond upon Thames 006","E02000789",3194,112,81,383,2,55,2,17,3,35,6,15,156,26,35,154,22,4,20,69,49,17,3,28,136,25,136,104,120,49,28,8,7,24,64,19,15,18,10,12,9,0,18,122,16,25,4,5,54,46,142,7,37,3,25,35,7,19,37,54,10,0,2,7,22,0,28,11,0,3,1,14,5,41,4,45,13,15,11,2,0,0,56,6,12,20,0,2,0,1,3,3,0,33,0,8,2,6,1,2,16,9,1,10,35
2021,"Richmond upon Thames 007","E02000790",3580,100,86,461,3,53,4,17,3,49,6,19,164,11,35,156,21,5,24,43,49,27,2,22,183,23,114,85,145,55,40,9,8,23,107,8,17,31,8,24,23,1,17,196,31,25,9,9,39,43,199,2,57,1,17,41,24,27,46,58,13,1,5,3,18,0,33,5,3,8,2,19,7,53,6,40,20,19,10,0,1,5,46,4,24,24,3,1,2,1,5,5,1,20,0,4,0,0,0,5,17,13,2,3,24
2021,"Richmond upon Thames 008","E02000791",3423,142,76,442,0,61,1,9,4,74,4,6,201,24,34,161,18,7,27,74,32,15,4,35,167,30,127,97,168,53,39,10,6,15,75,7,14,14,12,19,10,1,21,163,40,23,7,9,58,58,169,0,42,5,16,21,18,17,38,51,7,2,3,2,8,1,19,3,0,1,3,25,6,29,4,25,9,10,12,0,0,1,32,5,9,19,0,4,1,2,2,2,1,28,1,3,0,4,5,3,14,4,1,8,34
2021,"Richmond upon Thames 009","E02000792",3686,101,74,474,0,59,4,11,0,48,10,8,170,23,53,166,27,10,31,51,50,29,2,23,181,35,121,93,147,53,39,17,5,22,90,11,22,24,15,29,11,1,20,197,28,41,10,2,43,44,198,4,43,10,22,37,15,22,55,66,16,1,3,1,5,2,18,7,3,3,2,30,3,50,4,45,21,14,9,2,0,1,51,8,44,25,0,2,1,1,1,4,3,20,2,3,0,3,1,8,14,11,0,5,42
2021,"Richmond upon Thames 010","E02000793",3988,26,93,290,7,87,16,18,5,48,9,24,116,19,49,139,18,7,18,12,28,57,0,29,213,40,39,72,86,52,28,15,9,27,58,21,12,32,11,27,40,4,45,84,9,29,2,5,48,46,148,8,37,8,46,77,46,40,79,87,20,3,14,26,49,3,108,25,20,4,1,33,6,97,8,85,24,34,17,7,0,1,127,6,33,51,0,6,1,3,9,15,3,107,7,12,3,23,6,24,81,36,2,28,75
2021,"Richmond upon Thames 011","E02000794",3734,61,89,381,1,81,2,27,2,52,4,20,164,10,39,186,23,5,34,45,47,41,2,27,213,40,82,85,142,63,42,14,4,18,52,25,11,33,8,26,31,3,35,106,12,41,8,7,30,50,163,4,51,5,34,64,24,25,51,73,13,0,10,7,15,0,51,16,7,8,0,28,6,81,7,51,32,21,11,4,0,1,80,9,17,22,2,6,2,3,4,10,4,36,3,4,2,6,4,12,25,19,2,13,62
2021,"Richmond upon Thames 012","E02000795",3054,121,70,356,2,53,3,17,2,52,6,12,201,10,35,103,17,7,12,64,45,21,2,17,138,32,112,92,75,40,22,10,8,12,43,8,24,18,16,24,21,2,16,142,20,27,1,7,56,20,122,6,30,2,21,29,14,22,50,61,9,2,2,2,7,2,20,9,1,3,0,26,7,50,2,48,8,11,20,1,0,0,55,5,17,14,0,3,2,0,0,9,1,44,1,3,2,6,0,9,20,13,2,7,40
2021,"Richmond upon Thames 013","E02000796",5048,38,92,273,0,98,3,22,3,57,18,34,121,24,65,179,26,3,15,44,28,85,0,48,203,34,42,71,87,46,34,23,4,19,38,38,11,42,16,33,60,2,57,59,13,28,4,5,29,41,132,12,53,9,43,94,61,47,125,126,27,5,14,33,56,6,157,25,12,8,2,84,3,141,8,189,29,43,28,11,0,4,273,12,45,57,4,3,3,3,19,25,1,203,18,31,2,24,12,54,121,70,11,51,104
2021,"Richmond upon Thames 014","E02000797",4368,82,69,468,6,42,4,22,3,54,13,21,159,25,63,243,39,14,36,54,57,46,6,35,262,45,93,102,165,61,37,25,8,28,100,26,25,39,7,23,26,2,35,182,33,40,7,8,42,54,220,2,68,10,30,48,23,33,69,62,14,1,7,8,35,1,37,17,4,5,4,45,3,86,9,48,45,22,15,4,0,1,68,4,33,30,2,2,1,2,1,5,2,49,2,2,2,4,5,3,29,23,5,17,65
2021,"Richmond upon Thames 015","E02000798",5670,60,128,473,2,96,3,45,7,76,12,36,228,33,69,257,36,5,32,48,66,58,1,36,354,68,73,90,156,67,55,28,14,38,98,36,16,51,18,49,47,2,43,200,35,48,6,9,47,50,249,9,71,6,59,83,54,50,110,116,33,4,24,20,43,3,105,23,10,4,4,56,13,153,12,98,33,33,16,2,0,2,150,7,30,45,6,6,3,4,9,18,3,112,6,12,0,6,7,26,57,39,10,17,94
2021,"Richmond upon Thames 016","E02000799",3044,67,60,335,1,57,2,11,1,30,9,15,109,17,37,138,28,4,10,36,39,25,1,35,163,34,69,88,94,42,35,14,4,20,69,21,10,19,11,23,9,1,24,112,13,31,7,8,29,28,160,0,43,4,20,26,21,23,41,65,17,0,7,10,16,0,36,5,0,5,1,27,6,82,3,44,28,8,10,3,0,1,70,7,16,28,1,3,0,0,3,3,3,24,0,2,0,2,3,10,17,12,3,8,72
2021,"Richmond upon Thames 017","E02000800",2442,31,46,132,3,38,3,8,1,35,7,9,78,20,32,92,17,9,18,35,33,42,4,21,130,20,36,33,58,25,24,17,4,8,35,5,10,23,7,30,18,3,18,81,14,27,4,7,15,32,75,6,22,5,15,38,20,22,48,54,18,1,9,10,12,4,46,13,2,4,3,39,7,80,9,54,12,21,15,4,0,0,81,5,16,20,1,3,3,4,5,19,2,65,2,9,3,5,1,10,34,13,5,11,59
2021,"Richmond upon Thames 018","E02000801",3659,66,67,418,1,63,4,20,1,48,4,23,191,31,40,136,17,7,21,30,59,32,1,19,213,40,79,74,109,66,33,14,8,25,72,20,11,29,12,25,24,2,38,161,28,48,7,7,40,33,190,7,41,3,33,37,34,37,55,63,20,0,6,7,23,3,38,11,3,6,3,17,9,85,9,43,21,17,9,1,0,0,65,11,24,22,1,0,0,2,2,9,0,44,0,7,3,4,2,9,20,20,3,15,48
2021,"Richmond upon Thames 019","E02000802",3605,62,83,350,0,57,4,21,3,38,10,18,169,45,41,125,22,11,15,27,42,38,2,20,255,43,68,68,92,49,33,16,4,30,69,19,18,32,14,30,29,0,32,129,31,40,8,3,30,48,157,3,42,4,23,46,25,17,68,66,24,6,5,12,21,1,45,26,4,7,4,30,13,72,8,68,24,16,8,2,0,2,79,8,30,33,1,5,1,0,6,3,0,46,5,4,0,5,2,11,30,26,1,13,54
2021,"Richmond upon Thames 020","E02000803",4482,28,83,280,0,89,5,27,8,57,11,31,155,34,58,180,21,4,18,42,36,33,2,33,244,50,50,74,94,50,33,24,4,19,43,32,18,36,13,38,42,5,38,106,19,40,5,8,24,43,149,2,47,14,31,77,33,25,122,101,30,2,18,30,44,7,107,30,9,1,3,57,14,138,13,144,31,33,20,13,0,6,147,9,31,57,2,7,4,1,15,22,1,152,9,17,3,11,9,23,74,27,7,55,61
2021,"Richmond upon Thames 021","E02000804",3643,74,68,384,2,46,1,13,3,66,8,20,154,36,49,149,25,10,17,38,46,33,1,19,191,37,87,89,128,60,35,14,13,30,58,17,17,34,16,22,24,2,28,161,17,40,7,5,30,47,153,5,46,10,28,44,19,34,53,84,28,1,4,5,20,4,37,13,2,6,0,46,11,79,7,46,34,18,15,2,1,0,84,5,18,30,0,2,0,5,2,6,1,29,0,6,1,6,1,6,20,12,4,13,66
2021,"Richmond upon Thames 022","E02000805",5320,127,114,556,1,91,9,36,12,75,13,19,239,36,61,219,35,13,25,57,78,46,4,27,279,60,108,103,176,88,56,27,8,39,109,24,31,43,24,44,33,0,60,216,33,54,11,8,47,53,211,9,76,10,38,50,38,40,95,121,48,2,5,8,16,2,64,11,6,4,3,37,11,107,15,87,29,30,21,3,2,0,122,12,33,40,2,6,1,2,2,6,0,50,4,9,0,15,2,10,49,26,3,15,85
2021,"Richmond upon Thames 023","E02000806",5028,86,123,490,6,63,7,33,8,82,14,24,197,27,60,207,35,4,13,59,43,56,0,44,300,54,98,94,134,62,40,17,6,27,100,19,17,47,19,36,40,3,38,194,39,45,7,6,31,58,239,7,48,13,41,71,41,54,90,114,48,4,13,17,32,3,81,19,2,9,5,43,12,106,11,70,35,31,21,3,2,2,129,4,32,47,2,1,4,2,7,10,3,78,3,20,1,9,5,12,37,32,5,21,65
2021,"Southwark 001","E02000807",5392,64,61,357,0,49,1,20,0,73,4,20,142,27,82,451,42,7,50,96,38,98,3,42,161,39,149,253,257,117,47,13,2,39,110,30,27,66,14,30,29,1,36,140,38,29,3,17,102,102,232,1,65,4,34,96,52,50,96,102,5,3,18,5,49,3,37,9,2,8,3,71,6,83,2,60,25,25,15,7,1,2,113,12,36,47,2,0,2,2,11,26,2,84,2,14,2,10,6,15,69,42,8,18,120
2021,"Southwark 002","E02000808",5559,164,74,466,1,54,0,40,3,78,5,14,146,17,63,304,42,10,65,88,24,74,2,49,184,19,220,365,350,80,46,22,11,28,105,18,36,50,16,37,26,0,24,197,29,26,4,15,120,87,273,7,57,2,38,67,36,32,73,87,7,1,11,4,22,3,26,12,3,6,6,43,4,51,4,76,16,19,26,6,0,3,125,20,37,45,1,3,1,6,17,16,0,75,3,12,0,9,2,11,75,48,3,14,117
2021,"Southwark 004","E02000810",6693,91,72,415,0,78,0,19,0,82,10,14,155,26,57,299,36,13,59,101,33,121,2,58,139,25,173,251,323,79,52,32,12,29,117,24,30,41,19,46,60,0,37,181,44,30,2,15,91,118,317,10,91,8,54,99,61,47,98,131,15,2,18,8,64,0,61,22,10,6,4,126,6,123,7,198,40,39,56,23,0,9,223,17,34,97,2,18,1,7,7,29,5,169,9,18,1,18,4,41,201,85,6,40,197
2021,"Southwark 006","E02000812",5515,92,47,353,1,48,0,21,0,82,10,22,124,22,51,226,37,5,40,59,30,147,3,38,150,25,150,221,247,78,34,28,4,17,85,29,23,43,27,41,44,0,31,133,30,15,0,12,60,88,190,7,73,10,55,104,45,28,98,85,13,2,25,6,25,2,38,19,10,7,5,86,7,93,3,231,23,20,51,22,0,6,206,11,38,65,2,7,3,4,10,14,1,148,3,8,0,13,2,29,191,97,6,26,169
2021,"Southwark 007","E02000813",5681,60,54,275,3,74,4,21,1,75,10,19,137,14,87,322,40,11,54,68,38,118,0,31,136,26,98,220,230,56,41,37,7,40,89,25,17,40,8,36,40,1,29,152,28,24,3,12,68,78,227,7,70,9,44,76,59,48,99,112,15,3,14,12,29,3,70,20,6,6,8,122,7,111,7,189,30,40,39,21,0,2,198,21,56,64,2,9,4,8,10,30,2,153,5,8,0,29,11,18,189,87,4,30,181
2021,"Southwark 008","E02000814",6554,90,104,430,2,70,2,24,0,112,13,23,190,28,93,459,65,11,61,103,56,106,0,38,176,44,143,265,336,119,54,24,4,53,112,27,34,87,8,45,34,1,39,213,40,28,5,19,75,131,293,9,83,7,42,108,65,51,99,119,8,7,13,9,53,7,70,18,7,8,7,101,8,80,3,140,17,36,27,15,1,1,142,15,37,67,3,5,3,3,11,24,1,112,3,12,4,11,4,20,85,65,4,35,180
2021,"Southwark 009","E02000815",4232,58,36,239,0,42,3,19,4,45,4,11,102,16,43,215,26,5,20,76,36,104,3,36,112,26,152,184,241,53,33,27,5,19,77,26,34,30,15,28,22,0,22,115,21,25,1,15,56,70,199,0,57,4,45,72,32,20,50,76,3,0,5,1,16,0,13,9,3,8,0,69,3,53,3,123,15,21,28,9,0,3,127,8,25,43,3,2,0,2,3,13,0,74,4,9,1,5,6,15,180,60,3,12,145
2021,"Southwark 010","E02000816",5040,40,57,227,2,62,3,17,1,90,6,22,81,22,56,217,33,6,28,29,30,96,0,12,117,18,78,111,152,60,29,38,7,34,62,24,29,41,12,46,37,2,29,126,25,23,2,7,55,66,162,12,59,3,56,73,43,38,123,103,9,2,32,10,38,2,56,33,6,11,6,123,12,104,11,175,37,42,47,16,0,4,172,17,58,52,1,6,0,6,11,31,3,196,13,10,2,20,10,35,221,94,7,39,221
2021,"Southwark 011","E02000817",3215,17,26,121,0,33,0,9,2,54,5,16,41,10,37,89,23,0,21,14,19,78,2,15,61,6,47,65,85,39,12,17,2,16,35,14,15,30,15,38,31,1,25,72,11,9,1,10,27,51,87,6,29,5,25,48,34,25,58,57,11,0,14,12,25,0,45,15,6,8,3,67,4,87,8,144,10,20,41,17,0,3,157,7,27,53,2,5,1,2,7,28,3,145,7,10,1,16,8,23,157,76,10,42,147
2021,"Southwark 012","E02000818",5467,64,58,291,0,57,8,25,3,71,4,15,107,31,67,269,43,11,34,62,37,145,0,34,134,26,96,202,241,79,45,25,4,27,110,27,40,48,17,45,34,1,29,178,27,24,0,18,64,90,217,9,59,3,49,61,63,38,73,89,8,3,11,9,35,2,54,19,6,9,5,99,6,90,1,186,14,25,46,12,1,8,168,9,40,76,7,7,1,3,2,27,1,133,3,9,3,20,9,22,251,86,7,28,178
2021,"Southwark 013","E02000819",4071,18,28,114,0,21,2,35,1,59,6,11,78,11,33,106,27,4,16,16,22,133,3,21,89,21,41,86,132,37,14,21,4,15,59,18,14,32,11,37,39,0,26,90,16,12,0,6,20,45,123,6,50,4,44,51,41,30,78,66,7,1,14,6,24,1,60,21,9,5,2,96,6,89,6,212,11,24,57,34,0,0,185,13,22,66,5,4,2,5,7,22,7,153,4,8,0,22,7,38,321,100,10,38,204
2021,"Southwark 014","E02000820",4890,52,49,219,1,57,5,19,1,71,8,16,120,16,44,214,44,8,37,72,28,109,0,27,160,27,108,148,235,56,48,24,13,23,102,19,27,34,20,53,29,0,31,164,31,21,0,5,40,72,188,8,61,7,53,60,44,29,75,87,11,4,12,12,17,0,42,18,5,3,5,86,4,65,3,190,26,32,35,17,0,4,181,14,27,70,3,6,0,5,4,29,2,116,7,9,2,14,8,17,179,91,9,28,159
2021,"Southwark 015","E02000821",4476,16,27,118,0,69,0,17,5,44,3,9,81,10,31,94,21,1,17,25,20,109,2,25,72,27,46,90,87,19,17,22,5,8,50,23,34,19,9,31,27,0,19,119,29,11,1,4,16,47,91,18,29,5,32,54,39,16,64,61,9,2,14,5,26,0,66,27,8,3,7,154,5,85,6,279,11,43,74,60,0,4,209,15,24,53,4,5,11,2,25,27,1,188,5,10,2,22,23,22,597,92,8,54,204
2021,"Southwark 016","E02000822",3281,6,25,83,0,31,0,23,0,43,3,10,43,5,23,79,21,3,19,25,9,106,1,14,87,19,39,57,83,25,16,14,7,12,51,20,17,31,8,28,32,0,22,95,15,17,1,3,21,45,89,5,33,4,29,42,39,19,75,75,6,4,9,8,16,0,31,20,5,9,4,86,4,89,3,181,14,21,46,20,0,5,164,9,28,48,6,8,1,2,5,11,2,98,6,3,1,15,7,17,230,82,7,26,177
2021,"Southwark 017","E02000823",4639,36,31,162,3,40,2,22,0,65,7,15,82,14,33,136,29,5,21,47,42,146,1,18,131,23,73,96,146,32,32,21,15,20,82,26,30,42,24,34,38,0,21,186,33,20,0,12,33,54,171,9,46,3,43,63,34,31,77,92,9,2,7,5,26,0,47,17,3,4,6,117,11,69,4,228,24,44,33,30,1,3,181,13,34,65,0,8,2,3,6,22,1,172,7,12,0,17,6,19,314,88,11,32,186
2021,"Southwark 018","E02000824",4664,21,24,104,0,49,3,13,0,63,10,14,48,15,35,124,19,3,24,30,19,177,0,20,120,20,34,47,76,26,23,35,1,10,43,31,19,34,17,53,52,0,24,127,21,30,0,5,32,51,108,8,39,10,47,53,45,24,75,86,6,2,6,11,27,2,54,30,9,8,1,129,2,112,9,323,22,51,75,32,0,11,224,9,33,86,2,9,0,4,14,28,2,225,8,10,0,24,7,26,442,119,9,38,182
2021,"Southwark 019","E02000825",4797,16,31,128,1,72,0,18,1,42,7,15,81,8,25,81,41,4,17,39,20,209,2,21,130,23,43,81,114,38,23,49,7,9,65,35,23,37,17,62,63,1,26,114,22,25,0,2,14,48,116,6,40,6,40,81,46,26,97,80,6,5,10,13,36,1,36,16,3,6,1,129,4,114,7,366,24,49,76,46,1,12,216,12,35,73,4,9,1,1,6,32,3,171,15,22,1,24,3,33,306,140,6,37,198
2021,"Southwark 020","E02000826",5256,31,48,241,0,67,0,29,0,54,3,13,113,9,39,133,50,11,31,39,42,175,1,37,157,15,69,74,163,62,47,41,14,13,104,28,52,44,21,68,31,0,30,279,35,22,0,1,39,56,155,11,58,6,45,52,33,34,86,95,12,12,20,11,22,1,38,30,6,8,3,88,11,108,6,235,33,43,41,38,0,10,194,10,37,65,1,18,1,6,2,23,4,142,3,20,3,44,6,22,332,93,4,39,205
2021,"Southwark 021","E02000827",5985,32,51,221,2,87,1,31,1,52,5,18,95,23,44,149,53,10,19,48,48,254,0,28,172,48,87,92,166,54,37,28,6,15,104,22,43,48,23,63,39,1,35,206,42,25,2,5,40,72,202,11,72,5,56,62,48,41,96,103,13,4,9,7,34,0,45,21,7,8,5,133,5,124,5,329,24,58,84,30,0,7,184,13,46,62,2,12,3,2,4,37,1,208,1,16,0,31,11,25,494,149,12,39,238
2021,"Southwark 022","E02000828",4592,17,33,138,0,36,2,21,1,45,4,12,76,13,30,106,27,8,17,30,22,182,2,20,136,20,48,54,131,46,37,34,4,11,98,25,32,39,12,49,42,1,19,138,34,26,0,4,27,61,156,9,50,8,49,43,32,25,69,90,14,2,14,23,25,3,51,37,6,19,2,121,10,113,1,260,10,39,59,26,0,7,204,13,25,76,1,13,5,6,10,20,3,152,5,9,0,21,7,18,357,97,14,27,166
2021,"Southwark 023","E02000829",5833,47,55,281,0,75,4,27,1,66,12,19,120,14,60,163,65,10,30,59,38,135,2,25,205,43,105,83,165,83,37,50,14,17,134,31,24,55,17,47,77,0,24,306,64,17,1,8,57,77,227,13,62,7,57,65,62,38,105,99,12,2,14,9,32,2,63,26,8,17,7,77,20,97,5,270,35,39,43,25,0,4,199,18,47,72,3,17,1,4,11,23,3,163,6,12,3,21,9,17,269,108,9,34,193
2021,"Southwark 024","E02000830",5455,73,67,319,0,57,5,26,1,81,7,10,166,30,50,142,67,6,41,104,52,155,0,44,211,44,194,101,228,68,50,32,14,20,181,30,42,44,17,63,21,2,17,391,56,18,1,14,53,71,195,7,62,3,54,45,35,33,66,74,19,3,11,6,27,0,40,24,1,9,9,79,18,97,1,136,11,19,49,18,0,0,116,12,41,60,0,15,3,1,2,14,0,97,12,8,1,20,3,18,173,57,9,19,137
2021,"Southwark 025","E02000831",5554,74,53,330,1,59,1,27,2,81,7,11,153,14,51,174,84,11,29,70,58,89,3,21,248,47,178,115,230,62,57,38,16,19,191,28,41,36,15,48,38,1,22,385,76,25,1,9,73,92,261,11,58,8,59,45,45,27,78,79,13,5,8,8,20,3,41,19,7,8,8,76,18,99,5,159,21,40,19,13,0,4,148,12,28,67,2,7,1,4,3,20,0,73,3,8,0,16,7,18,154,61,3,36,124
2021,"Southwark 026","E02000832",4970,45,59,270,2,41,3,30,2,35,7,15,135,13,41,121,54,12,29,45,48,122,1,27,154,37,96,68,144,58,35,38,10,18,165,32,38,35,15,80,40,3,23,237,51,28,1,13,33,57,163,10,65,2,49,64,37,31,84,80,15,5,7,16,32,2,64,28,5,11,4,54,12,106,8,235,18,42,36,13,0,3,203,10,26,68,5,11,0,5,11,26,1,134,8,10,3,11,8,29,182,76,7,28,141
2021,"Southwark 027","E02000833",3985,29,31,184,1,33,1,16,2,30,2,8,82,16,26,100,43,6,33,75,36,309,2,35,148,29,78,50,133,48,36,32,14,18,78,19,22,39,18,36,41,0,23,121,28,23,0,8,24,47,105,5,43,5,24,39,34,23,61,54,15,2,11,5,23,1,35,13,2,6,1,68,8,88,1,179,14,22,29,14,0,7,128,8,31,32,3,7,3,2,3,20,3,101,5,5,1,18,7,21,217,71,11,19,119
2021,"Southwark 028","E02000834",5617,66,82,494,2,57,7,28,3,87,6,5,187,23,64,182,77,15,50,87,67,169,3,33,235,42,202,147,275,99,49,27,21,27,215,16,40,48,21,45,25,0,26,354,67,28,1,13,81,81,298,7,65,7,47,47,39,29,66,84,23,4,10,2,17,4,49,21,2,11,6,71,17,93,2,73,16,27,19,6,1,0,101,7,44,45,0,3,3,4,4,11,0,59,4,7,0,5,6,10,42,24,5,9,82
2021,"Southwark 029","E02000835",4108,44,54,289,1,56,0,29,5,50,7,3,121,14,35,90,42,6,36,51,63,72,1,21,229,46,104,41,121,48,27,31,10,14,136,12,39,31,9,48,22,1,22,275,32,33,1,11,43,61,141,5,48,3,42,42,34,39,67,74,16,5,7,7,22,2,43,16,4,10,6,65,14,96,11,112,15,25,24,9,0,1,113,8,22,42,0,4,0,5,6,12,3,87,4,7,0,14,3,15,96,40,1,12,72
2021,"Southwark 030","E02000836",4777,77,59,491,0,44,5,21,6,48,5,9,198,14,41,166,47,5,37,114,56,108,0,30,219,43,214,120,188,74,50,19,15,27,167,21,23,39,14,53,23,0,15,285,29,31,1,10,90,65,208,8,47,7,39,49,26,30,61,77,23,2,18,5,21,3,33,20,2,4,7,40,4,62,8,52,16,21,15,6,0,0,75,13,26,30,7,4,2,3,2,9,1,68,4,4,1,10,5,9,62,19,8,15,70
2021,"Southwark 031","E02000837",4281,134,67,492,0,52,1,35,2,51,7,6,190,14,44,101,34,7,24,171,74,50,2,26,228,49,278,139,155,69,49,21,10,25,145,19,29,22,5,29,19,0,12,220,32,43,0,7,76,61,128,4,48,4,33,49,24,20,68,66,9,0,9,2,11,0,24,7,1,7,3,24,3,78,2,47,7,11,7,9,0,0,48,5,19,20,0,5,1,3,3,7,0,29,2,3,0,3,0,9,32,21,5,1,34
2021,"Southwark 032","E02000838",5210,61,63,405,3,63,4,31,8,81,6,11,188,17,59,168,46,7,43,87,76,151,2,36,230,39,142,114,186,76,44,25,12,26,169,19,37,42,16,52,51,0,26,294,46,28,3,13,52,72,201,10,47,5,49,56,33,26,68,71,24,1,13,11,32,3,37,30,2,11,13,61,12,119,6,124,15,25,17,28,0,1,133,12,24,35,3,9,0,4,5,13,2,69,3,4,1,12,3,20,114,45,5,22,91
2021,"Southwark 033","E02000839",4125,64,49,282,0,55,6,27,2,59,12,14,141,14,26,113,30,6,29,99,50,82,0,41,227,34,130,79,132,42,41,22,13,21,91,12,26,27,16,45,24,1,16,210,34,25,1,7,34,51,126,7,43,1,44,46,30,34,68,82,11,0,14,3,36,2,74,26,8,5,6,72,3,65,14,127,11,25,27,10,0,3,98,7,28,34,1,7,0,4,4,10,1,95,3,6,0,12,5,10,71,45,7,18,74
2021,"Southwark 034","E02006802",4780,71,46,316,0,47,1,18,1,59,9,5,130,22,45,250,29,6,21,68,27,77,1,37,142,27,144,222,249,68,38,34,3,23,95,31,34,43,12,38,32,0,29,168,27,15,2,18,66,75,191,9,44,6,49,69,28,39,92,79,3,0,6,6,24,1,20,11,4,5,9,54,3,72,5,106,39,24,26,14,0,4,177,10,34,62,4,2,1,5,9,22,2,88,2,14,1,15,5,22,123,61,7,17,134
2021,"Southwark 035","E02006941",3980,129,26,563,1,34,0,17,0,42,3,15,141,9,49,214,29,15,30,100,33,34,0,28,80,10,233,363,278,78,31,6,4,41,96,11,22,30,7,15,6,1,13,139,29,20,6,18,134,71,198,3,41,5,17,46,22,15,41,49,5,1,4,2,21,2,7,1,2,0,3,24,6,14,1,22,5,5,9,0,0,1,26,7,2,14,2,5,1,0,4,7,0,13,2,0,2,0,0,2,16,7,1,4,39
2021,"Southwark 036","E02006942",4289,90,42,348,0,43,5,19,1,42,5,8,117,15,40,229,33,12,37,82,30,51,1,36,88,17,196,296,323,75,39,8,10,23,96,13,24,33,9,20,11,0,19,116,31,16,1,14,92,78,182,6,50,3,24,62,32,22,59,63,6,0,10,7,15,2,26,9,4,2,1,50,3,53,2,88,15,30,17,10,0,2,104,11,18,33,3,8,1,0,5,6,4,58,3,11,1,5,1,13,65,51,0,11,88
2021,"Sutton 001","E02000840",4328,8,74,105,1,81,1,21,1,42,17,35,79,4,32,92,4,2,8,13,6,192,0,28,93,27,17,54,41,23,20,17,2,10,17,34,5,34,23,31,50,2,29,29,8,17,1,7,20,30,93,6,35,9,28,101,53,43,106,94,38,11,30,33,72,5,184,66,9,8,5,82,8,152,12,265,31,42,33,7,0,7,211,6,52,54,6,17,6,12,10,58,5,225,8,19,2,27,8,37,163,66,17,51,113
2021,"Sutton 002","E02000841",4390,8,61,79,2,77,0,26,4,44,12,31,38,19,44,79,14,1,6,38,21,214,0,37,65,19,13,51,24,20,14,24,4,8,17,23,8,39,19,33,37,1,43,29,6,8,3,5,23,41,53,7,38,10,32,101,57,33,105,104,31,9,35,36,73,4,197,62,20,7,6,85,9,135,5,293,26,27,34,16,0,7,299,7,49,51,3,8,1,6,15,56,6,213,11,19,3,26,15,54,164,72,24,46,153
2021,"Sutton 003","E02000842",4146,12,85,126,0,65,3,32,4,44,16,15,77,11,53,145,12,4,6,27,18,126,0,40,108,32,24,82,42,25,30,22,3,13,17,26,11,30,19,21,28,3,58,42,11,20,0,5,38,46,96,17,38,7,45,107,59,36,124,140,23,11,20,37,85,10,167,53,16,4,8,59,7,142,9,164,20,39,20,1,0,0,214,10,51,49,2,9,4,12,10,37,1,173,10,18,2,15,9,28,89,48,11,30,73
2021,"Sutton 004","E02000843",5247,18,77,214,3,101,3,42,1,60,20,42,100,10,54,201,44,6,23,31,37,133,0,41,182,46,33,110,89,55,49,25,4,31,55,46,13,73,22,39,40,3,89,71,10,17,0,6,45,67,168,9,66,12,59,139,80,63,150,146,29,11,23,29,115,4,151,51,11,7,6,57,7,130,12,203,27,45,32,10,1,6,190,13,25,62,3,12,2,7,8,42,3,157,12,23,3,25,10,38,94,49,9,38,82
2021,"Sutton 005","E02000844",4284,16,80,140,3,56,5,22,0,46,17,20,84,14,40,102,14,3,10,13,20,135,1,32,121,30,24,47,47,39,22,18,0,15,24,31,4,29,22,31,45,2,58,37,9,20,0,4,32,40,99,9,56,11,29,96,41,45,118,88,27,8,29,43,101,9,191,74,11,3,6,62,9,142,8,209,25,32,21,7,0,7,207,20,52,55,3,8,2,2,9,49,4,182,8,24,0,33,12,46,110,48,14,54,102
2021,"Sutton 006","E02000845",4880,39,109,340,2,85,2,18,4,36,10,22,126,12,43,233,26,5,23,47,27,89,2,36,223,56,37,94,108,60,34,21,2,30,55,34,14,54,23,30,35,5,70,77,12,42,2,7,42,73,166,7,51,4,37,116,51,49,100,134,32,6,26,26,75,4,160,48,8,6,5,58,11,130,9,114,20,45,26,6,1,1,176,6,27,44,5,6,2,3,9,34,1,140,7,17,4,15,9,26,91,29,14,21,86
2021,"Sutton 007","E02000846",3824,12,98,169,0,62,3,12,5,44,15,26,96,15,44,163,17,3,6,30,20,118,1,27,147,25,22,73,54,36,23,15,3,30,26,22,12,41,17,22,31,3,61,56,10,25,1,6,28,27,95,6,44,7,39,94,54,35,86,103,33,8,21,22,67,2,118,34,8,4,3,56,3,100,6,142,17,26,14,9,0,5,196,7,31,35,6,9,5,1,6,25,0,128,11,15,1,17,4,27,72,32,9,27,97
2021,"Sutton 008","E02000847",4646,29,115,283,4,73,3,34,4,43,15,22,125,18,69,197,33,4,20,53,26,80,0,34,179,37,31,112,75,48,39,20,7,20,37,39,6,65,19,23,31,2,57,51,14,28,3,6,49,60,128,8,42,9,41,121,59,39,127,127,32,5,21,30,107,1,163,43,14,6,4,48,9,126,9,128,16,59,24,0,0,5,180,7,39,58,4,7,3,7,4,31,6,135,6,15,0,16,7,24,67,42,8,18,69
2021,"Sutton 009","E02000848",4205,13,85,159,1,73,7,21,3,32,6,29,95,6,53,147,12,3,7,30,13,99,1,44,150,40,16,86,46,36,34,20,1,23,20,28,7,44,18,23,46,0,64,44,7,22,0,8,38,49,115,9,49,12,42,132,61,48,132,121,24,4,16,29,95,7,190,41,13,0,5,62,5,143,16,118,17,57,21,5,0,1,225,7,37,42,2,9,4,9,11,20,2,138,10,15,4,19,9,28,58,29,16,27,85
2021,"Sutton 010","E02000849",4147,8,93,181,1,80,2,42,4,41,17,23,102,17,43,133,25,6,16,24,25,107,1,26,159,33,25,61,73,39,32,27,2,17,31,22,17,33,13,36,28,4,81,61,11,26,0,10,45,42,101,7,44,6,44,95,53,41,102,138,36,9,18,22,71,4,138,41,7,5,5,57,9,123,12,174,21,26,23,4,0,0,181,11,39,47,3,3,2,0,10,25,3,122,6,14,0,20,14,23,81,50,9,25,78
2021,"Sutton 011","E02000850",5477,25,102,227,3,88,5,32,0,44,17,31,114,17,55,161,9,3,16,52,20,116,0,59,230,53,30,118,65,55,40,40,3,27,23,32,11,54,24,59,42,1,105,50,13,28,2,11,51,65,131,16,70,17,79,154,85,51,154,138,29,8,28,42,126,3,171,51,12,6,9,61,5,158,9,199,28,45,23,5,0,2,295,12,71,80,4,12,4,7,11,43,3,195,9,27,5,27,3,47,71,42,16,57,93
2021,"Sutton 012","E02000851",5961,19,100,218,3,109,1,24,2,81,13,42,110,32,75,271,27,4,20,67,29,181,4,39,172,50,30,142,123,42,39,18,4,29,39,47,22,50,21,42,45,4,82,75,15,25,4,16,40,60,166,8,67,9,44,109,82,53,136,125,38,12,26,34,77,4,212,66,10,7,3,128,9,132,6,277,19,57,30,16,0,8,269,11,48,99,3,8,3,7,15,41,3,190,13,16,3,34,14,29,186,65,18,48,161
2021,"Sutton 013","E02000852",4291,24,87,175,4,60,2,21,4,37,9,25,80,17,56,188,19,7,19,31,31,100,1,27,191,44,32,83,75,40,33,27,0,26,26,32,18,42,22,33,50,2,69,63,8,10,2,9,40,59,137,13,44,10,42,101,45,41,123,128,23,3,22,26,64,12,148,40,19,8,6,52,3,110,10,157,25,46,21,4,0,7,150,13,49,43,1,5,0,8,5,22,2,125,5,22,3,21,1,31,81,31,12,36,75
2021,"Sutton 014","E02000853",4141,20,77,186,2,82,1,27,1,40,17,22,92,17,59,175,15,5,20,20,29,105,2,29,153,42,22,67,69,26,28,23,4,13,21,32,4,44,26,28,25,3,75,40,10,17,2,8,38,45,100,5,44,11,37,101,54,36,109,104,33,6,18,30,75,5,161,44,11,2,1,68,6,93,11,178,14,39,23,6,0,0,159,10,30,56,2,12,4,6,15,26,0,149,7,12,1,20,3,26,103,45,13,30,79
2021,"Sutton 015","E02000854",3936,36,66,244,3,56,4,25,9,39,9,27,110,19,49,147,23,5,18,47,48,84,1,41,215,33,36,90,100,46,49,21,5,22,56,30,9,38,16,30,28,3,50,80,20,19,3,3,42,58,134,7,59,12,40,62,41,50,98,108,31,8,8,13,56,5,108,32,7,6,7,29,5,76,7,109,11,26,13,4,0,1,131,9,30,34,5,3,2,10,12,18,4,76,4,14,0,11,2,18,48,32,8,21,59
2021,"Sutton 016","E02000855",3981,36,115,294,0,66,4,16,10,42,11,18,124,17,61,139,22,4,11,53,33,66,0,52,164,54,36,101,85,40,26,9,3,29,32,30,2,40,15,23,36,5,55,57,10,26,0,10,54,40,119,11,42,7,33,116,47,45,90,123,33,4,12,6,59,0,119,27,8,4,3,39,9,97,9,91,20,38,9,2,1,1,152,7,35,47,0,8,1,6,7,19,1,96,3,12,0,8,3,23,45,26,3,21,58
2021,"Sutton 017","E02000856",4680,32,100,223,1,83,4,16,5,45,12,24,112,24,64,184,21,6,17,58,21,120,1,51,216,43,37,101,92,49,35,27,2,31,34,31,10,50,17,28,43,2,81,77,13,34,1,12,53,62,126,16,42,6,49,125,53,39,124,128,28,9,19,19,90,6,141,53,6,7,3,63,14,127,5,167,13,41,15,1,0,1,163,9,38,40,5,13,0,8,8,27,4,122,4,18,2,24,3,28,80,37,12,26,68
2021,"Sutton 018","E02000857",4694,26,72,206,0,73,4,23,2,50,18,24,119,32,83,293,20,3,21,65,27,148,1,55,199,34,23,112,99,52,29,26,1,25,45,33,13,50,11,33,29,5,57,73,16,21,1,6,39,56,122,8,48,15,46,107,53,37,106,102,20,6,22,13,66,4,137,39,15,7,2,65,2,82,2,194,13,42,23,7,0,6,165,10,44,51,0,7,2,3,6,23,5,150,15,14,1,21,5,18,121,39,12,26,92
2021,"Sutton 019","E02000858",3669,9,49,121,0,56,0,16,2,43,8,22,60,11,36,104,13,0,2,17,18,76,0,33,120,23,22,49,40,28,14,20,3,13,4,9,4,40,11,20,52,5,48,25,6,13,1,6,24,34,81,7,36,4,59,78,31,30,92,81,26,7,21,26,61,6,99,42,3,1,2,59,8,116,6,213,9,35,32,7,0,0,233,11,62,34,0,6,4,10,14,42,4,181,14,19,5,27,8,41,123,48,16,75,84
2021,"Sutton 020","E02000859",3865,21,92,221,1,65,6,19,3,31,12,20,109,16,52,154,12,4,10,41,26,99,3,32,161,30,27,81,68,48,36,19,3,22,31,22,9,28,22,32,29,2,44,45,4,23,0,6,45,48,116,11,47,11,41,84,50,46,107,98,33,2,12,17,72,3,108,33,5,5,3,36,4,106,2,144,17,34,24,5,0,0,145,6,36,49,1,3,0,7,11,21,2,122,5,15,3,13,3,26,55,38,11,33,50
2021,"Sutton 021","E02000860",4449,18,76,165,1,76,4,17,0,38,14,24,84,24,74,262,21,4,25,62,22,116,0,39,145,15,32,88,93,39,30,21,3,30,28,34,6,45,24,27,33,3,59,56,6,19,2,7,25,45,142,5,51,8,34,100,59,25,99,113,19,5,17,12,62,8,126,62,14,8,2,69,6,94,12,224,20,35,39,3,0,5,167,9,36,56,0,12,3,5,6,24,5,177,8,12,1,30,8,25,111,34,11,33,117
2021,"Sutton 022","E02000861",3639,64,109,331,5,47,3,30,1,30,18,23,114,13,48,204,15,3,10,98,19,56,1,49,159,34,52,108,86,53,44,23,2,22,31,27,7,32,13,23,29,1,53,59,5,23,3,4,24,41,108,7,39,6,35,104,33,35,95,116,29,4,9,16,45,2,75,18,6,3,1,32,5,64,6,74,13,24,8,1,0,1,101,4,15,19,0,1,2,3,9,8,0,62,5,13,0,7,2,18,44,16,2,10,35
2021,"Sutton 024","E02000863",3271,26,88,205,0,62,6,24,4,35,17,15,119,9,39,137,15,3,9,62,14,55,1,67,126,21,32,101,65,35,26,13,0,22,13,17,9,26,9,17,18,3,47,34,8,18,1,5,32,35,103,11,29,7,33,102,28,37,102,82,40,5,14,18,48,3,85,25,3,1,2,35,11,78,8,94,12,19,9,4,0,5,106,6,23,28,4,2,1,2,15,14,1,95,2,12,1,10,3,19,33,23,5,27,41
2021,"Sutton 025","E02006836",4064,51,111,340,4,93,1,32,6,34,13,19,186,28,72,205,12,5,14,170,32,71,3,86,170,42,48,143,105,40,46,20,3,26,33,20,10,49,9,19,21,0,38,55,4,33,1,4,52,51,118,11,49,6,40,96,27,34,108,92,23,3,8,13,44,3,100,24,2,2,2,24,1,59,13,82,15,18,11,6,1,0,101,4,23,28,3,2,2,6,0,13,3,52,3,10,2,9,0,12,41,30,0,14,41
2021,"Tower Hamlets 001","E02000864",5774,46,68,350,2,88,5,32,1,87,6,18,141,20,67,212,83,9,45,59,60,73,3,34,227,37,108,113,207,70,72,25,9,25,148,38,53,45,11,52,45,1,35,254,52,32,0,15,53,85,296,7,71,5,38,67,58,35,93,95,13,2,9,1,43,5,59,11,2,6,5,108,9,129,2,155,29,37,35,9,1,8,209,17,36,59,3,11,2,2,12,25,2,195,4,11,1,15,8,22,84,77,7,41,167
2021,"Tower Hamlets 002","E02000865",3707,42,29,148,0,49,2,22,1,52,6,8,74,14,30,134,40,8,23,29,38,64,0,24,143,24,59,67,109,40,33,21,9,8,96,10,31,36,5,48,42,1,17,178,40,21,0,4,21,59,155,10,46,2,23,44,32,31,71,76,7,3,9,6,16,1,31,8,2,10,4,85,8,93,1,121,9,26,11,14,0,1,170,7,33,65,8,6,3,6,4,21,2,141,5,6,5,6,5,21,62,67,2,15,132
2021,"Tower Hamlets 003","E02000866",5791,58,46,322,1,67,2,28,1,66,4,20,146,9,55,211,83,16,35,86,66,64,3,47,272,40,182,133,237,74,52,43,12,30,170,33,53,63,10,74,61,1,21,327,55,35,2,22,49,121,261,8,55,3,52,75,63,32,113,98,10,5,10,6,38,0,50,20,5,7,4,99,9,98,2,105,17,32,15,4,0,1,170,13,34,58,2,12,0,6,5,14,2,156,6,10,1,11,3,22,76,75,5,17,188
2021,"Tower Hamlets 004","E02000867",6570,72,68,426,0,85,2,29,1,74,4,22,162,27,69,324,106,12,68,93,43,82,0,46,266,34,159,186,273,81,54,32,6,32,164,20,66,91,13,49,37,1,33,300,65,31,1,16,65,94,333,6,95,14,45,71,61,44,94,88,6,1,11,5,30,2,46,12,4,7,5,138,9,110,8,137,27,35,30,10,0,1,235,15,54,92,0,12,3,5,12,22,3,148,4,7,0,16,4,21,101,75,5,32,235
2021,"Tower Hamlets 005","E02000868",3890,31,34,214,0,37,1,19,0,62,1,10,103,8,27,163,65,14,46,49,19,40,1,22,134,17,107,74,150,37,35,16,7,11,138,11,50,38,10,31,26,0,21,273,63,23,0,7,26,64,189,4,28,5,36,38,28,22,62,62,7,0,7,3,25,1,16,8,0,7,2,62,5,63,5,90,18,31,14,5,1,3,143,10,20,50,2,11,2,1,6,9,1,156,3,7,0,10,2,13,50,53,3,19,137
2021,"Tower Hamlets 006","E02000869",2966,35,30,159,0,29,1,12,0,50,2,8,75,4,19,175,33,4,28,25,24,27,0,15,127,17,89,71,109,31,35,9,4,11,93,6,33,35,8,29,20,0,11,201,37,14,0,6,27,36,137,3,22,5,28,31,14,20,40,45,0,0,7,3,14,0,15,14,6,3,4,48,5,51,3,60,7,19,16,4,0,5,107,6,21,34,0,4,1,1,4,18,0,110,2,6,3,8,1,15,34,37,0,11,100
2021,"Tower Hamlets 007","E02000870",3088,19,30,150,1,25,0,16,0,42,2,5,70,6,27,94,44,6,21,46,33,27,2,11,129,24,57,58,93,26,25,22,8,9,76,27,18,26,17,27,29,0,9,162,22,12,0,6,26,43,142,5,34,4,29,40,40,20,65,64,5,2,13,8,17,1,25,6,1,3,1,84,5,80,6,70,13,27,11,2,0,2,147,10,19,51,1,8,0,0,9,10,3,111,2,7,0,7,4,16,44,55,3,22,106
2021,"Tower Hamlets 008","E02000871",5293,30,31,199,1,72,0,21,0,63,10,19,69,6,42,283,39,11,21,56,29,96,1,38,161,36,68,163,147,57,23,30,3,23,71,23,30,43,14,71,38,2,27,107,31,13,0,9,53,89,156,8,76,2,42,72,56,39,116,88,10,3,10,16,31,1,28,13,11,18,3,162,7,115,4,205,26,33,30,4,0,5,332,13,50,113,4,9,1,13,8,19,3,261,8,11,1,11,5,20,100,113,6,66,267
2021,"Tower Hamlets 009","E02000872",4282,54,50,247,0,61,3,14,2,80,0,6,76,20,41,243,53,10,22,31,25,40,1,29,139,19,126,191,206,54,38,12,4,18,82,14,32,42,12,33,26,0,15,175,39,14,3,15,61,75,218,5,56,3,35,52,30,24,75,54,9,3,6,6,17,1,21,11,0,5,2,106,8,70,1,102,12,22,16,5,0,0,172,11,31,67,0,7,3,6,4,5,1,145,1,8,1,8,3,12,35,70,5,18,141
2021,"Tower Hamlets 010","E02000873",3918,32,31,177,0,43,0,20,1,79,3,5,64,19,28,161,39,6,35,51,31,61,1,29,159,22,96,79,104,35,30,14,3,17,70,16,17,38,9,39,27,0,14,130,36,19,0,5,33,61,143,7,51,4,50,44,36,23,67,65,1,1,10,6,21,1,23,9,2,9,0,119,2,94,1,137,16,21,15,8,0,4,260,10,30,67,4,8,0,4,6,6,2,176,1,5,0,9,4,16,46,67,6,18,194
2021,"Tower Hamlets 011","E02000874",3259,27,24,133,1,34,1,9,0,33,6,8,57,5,30,131,22,3,15,38,16,55,1,17,122,25,45,65,123,40,17,24,6,14,55,17,16,36,4,33,24,0,22,86,25,4,0,3,15,32,150,8,33,1,27,43,38,18,71,67,4,0,3,7,15,3,28,14,9,4,0,125,0,62,1,102,11,18,13,6,0,6,219,8,32,54,5,10,1,5,6,7,1,163,4,5,0,7,5,14,57,75,12,20,143
2021,"Tower Hamlets 012","E02000875",6188,41,41,261,0,81,2,16,1,89,6,12,81,17,45,301,57,4,32,51,42,98,0,60,218,49,98,153,190,56,25,37,5,32,96,28,27,77,11,75,43,0,42,157,40,27,2,23,72,95,232,16,83,7,58,104,67,38,120,93,6,1,17,9,40,3,40,22,5,9,3,201,8,123,3,240,30,45,35,7,0,7,352,16,42,114,4,18,0,9,14,22,5,268,5,12,1,17,9,22,108,154,11,33,264
2021,"Tower Hamlets 013","E02000876",3536,20,24,148,3,43,0,9,4,56,1,5,69,14,29,162,43,10,28,33,22,67,1,35,114,13,72,93,143,36,24,13,0,15,76,13,20,39,8,27,18,0,13,162,46,8,0,6,35,69,150,0,36,2,37,38,32,22,71,48,1,0,7,1,18,0,29,10,1,3,2,108,9,60,1,83,11,20,11,6,1,0,178,12,31,61,2,10,0,3,7,9,1,151,3,6,1,8,3,12,66,61,4,11,189
2021,"Tower Hamlets 014","E02000877",6510,54,34,302,2,54,3,20,1,87,11,11,130,18,46,306,51,16,60,51,42,76,2,51,245,40,172,171,224,79,37,34,7,39,119,24,40,60,19,72,64,1,43,163,30,21,0,24,55,123,270,8,82,5,54,89,75,38,120,103,8,4,17,7,36,1,59,17,13,7,1,202,16,152,4,221,28,43,17,16,0,4,333,16,43,90,5,7,1,2,8,18,2,301,3,11,3,11,8,13,98,128,9,38,311
2021,"Tower Hamlets 015","E02000878",5141,72,34,254,0,61,1,14,0,51,5,13,133,13,56,312,41,7,55,46,30,51,2,34,136,27,199,280,236,72,26,16,8,17,86,13,33,52,15,48,35,0,18,203,44,15,1,14,101,101,244,7,54,1,26,67,54,25,95,56,7,1,7,12,33,2,28,11,2,10,0,119,6,76,1,108,21,19,21,7,0,4,225,15,34,74,0,6,1,4,6,10,5,148,4,18,0,13,6,16,44,77,9,15,206
2021,"Tower Hamlets 016","E02000879",3647,34,30,125,0,39,3,12,0,49,6,4,58,9,34,131,21,4,18,34,21,43,0,12,136,19,65,72,87,39,17,13,7,14,62,16,29,36,12,37,26,1,14,110,19,9,0,3,33,48,123,10,49,2,37,49,35,32,81,64,12,2,6,9,23,1,29,10,3,2,4,149,10,92,4,158,15,25,17,8,0,0,203,10,29,80,1,6,1,1,4,14,2,191,2,6,0,6,8,18,80,84,7,29,193
2021,"Tower Hamlets 017","E02000880",2975,17,18,94,2,37,3,14,0,47,2,5,52,11,29,125,29,2,19,39,14,67,1,17,109,17,33,61,95,21,18,19,0,8,49,8,7,28,12,20,25,0,12,107,16,9,0,13,18,38,122,10,32,15,39,43,28,14,79,61,4,0,2,2,9,0,16,4,1,3,1,103,2,62,1,115,13,16,16,8,0,2,144,8,37,57,2,2,0,2,6,12,0,151,2,6,0,8,3,11,59,56,2,16,181
2021,"Tower Hamlets 018","E02000881",4814,44,37,209,0,49,2,12,2,79,1,11,103,13,46,273,36,8,13,28,16,61,0,19,130,22,56,194,167,54,19,24,3,20,59,19,16,54,11,44,41,0,19,120,23,12,0,11,71,102,189,6,63,10,50,79,44,35,93,101,0,16,14,4,20,2,62,14,8,3,3,153,3,95,4,172,23,30,24,7,1,2,241,14,42,74,4,8,3,5,10,16,2,223,6,15,2,11,9,19,93,73,7,34,220
2021,"Tower Hamlets 019","E02000882",4748,37,37,170,0,46,1,23,0,58,3,13,75,20,57,198,37,5,25,44,39,84,1,58,231,29,81,120,145,46,28,27,4,14,53,21,20,47,21,71,52,0,26,96,40,9,0,19,47,86,174,6,54,14,50,57,48,32,130,87,3,4,4,7,29,3,43,21,7,9,3,126,3,119,3,174,20,16,18,3,0,0,270,11,28,77,3,4,0,5,6,17,1,238,6,15,0,7,7,9,70,107,6,31,199
2021,"Tower Hamlets 020","E02000883",3661,21,30,136,1,39,0,8,1,38,4,8,69,5,23,126,12,4,8,27,13,45,0,23,108,12,50,106,73,25,12,27,1,16,49,16,15,37,8,36,34,0,15,73,16,15,0,8,44,48,104,6,50,4,23,61,42,21,81,79,7,6,11,9,25,0,45,13,3,4,2,153,2,81,2,163,18,25,35,12,0,1,228,7,31,65,0,11,0,2,7,9,0,230,3,11,1,17,11,14,83,101,1,38,218
2021,"Tower Hamlets 021","E02000884",6501,94,59,391,2,78,1,20,1,82,6,16,99,31,86,450,43,7,36,97,28,113,2,55,162,24,239,458,349,100,34,14,3,31,94,22,65,68,12,47,30,0,38,133,38,21,0,15,158,136,321,6,79,5,42,101,54,42,88,82,7,1,4,2,30,1,20,8,2,10,4,156,12,84,0,128,11,36,16,8,0,3,242,21,46,83,6,9,0,4,9,11,1,161,2,6,0,7,4,13,81,82,21,16,225
2021,"Tower Hamlets 022","E02000885",2824,12,18,82,1,23,1,6,0,37,2,4,39,11,23,118,9,5,13,18,8,33,3,22,94,23,44,55,69,20,13,18,1,12,26,9,9,22,16,48,25,1,5,60,17,9,2,6,16,43,71,8,33,4,36,39,21,24,62,64,0,0,3,4,18,0,16,8,3,4,4,125,1,71,1,125,16,19,18,8,0,9,190,10,31,49,1,3,1,4,8,13,0,169,1,3,2,6,4,19,74,72,4,17,177
2021,"Tower Hamlets 023","E02000886",5309,78,41,325,2,57,1,14,3,78,6,13,130,15,52,387,41,2,42,48,43,40,2,15,141,13,138,246,247,94,24,20,5,41,93,21,22,40,11,45,22,1,36,153,25,21,5,9,126,82,191,11,98,7,40,87,44,36,102,67,11,0,8,4,14,0,29,6,1,7,3,142,1,77,2,113,19,51,23,9,0,3,194,9,35,60,2,5,3,3,3,10,1,155,3,6,2,51,4,9,74,63,5,28,262
2021,"Tower Hamlets 024","E02000887",4784,43,34,219,0,51,0,13,2,65,8,10,77,12,33,271,30,10,19,46,17,52,0,21,144,37,81,144,121,52,27,29,5,26,47,17,12,52,26,46,48,0,31,106,21,13,0,22,66,62,168,15,66,9,35,62,47,30,89,107,9,3,14,8,31,2,51,16,5,7,3,170,3,104,1,169,19,29,27,8,0,5,257,12,37,61,4,4,3,2,8,22,3,254,6,9,2,23,8,11,100,100,11,30,237
2021,"Tower Hamlets 025","E02000888",4412,70,49,297,0,38,1,15,2,57,1,25,86,15,38,262,22,6,44,61,23,51,1,30,117,28,127,198,162,77,35,28,5,20,63,9,30,58,13,25,28,0,19,117,24,7,4,7,84,82,187,15,62,10,35,73,37,30,85,70,2,0,8,1,12,3,23,11,3,9,3,140,4,47,0,113,21,17,16,4,0,1,219,6,31,44,2,2,2,5,3,5,4,144,4,10,1,12,4,13,45,52,2,17,182
2021,"Tower Hamlets 026","E02000889",5138,107,53,383,0,58,3,18,0,58,3,17,134,22,54,360,45,7,26,49,28,52,1,22,133,31,216,366,273,89,41,19,3,29,77,16,25,62,6,34,27,0,23,102,16,13,3,15,139,104,231,9,65,7,32,76,66,31,75,69,5,0,7,4,27,2,22,7,1,7,2,95,4,68,1,87,14,16,19,4,1,1,157,13,22,55,3,5,1,0,6,10,2,144,2,6,0,6,2,10,47,57,4,23,146
2021,"Tower Hamlets 027","E02000890",3834,111,49,425,0,48,1,12,0,36,2,10,110,7,34,272,31,10,19,51,22,32,3,20,103,16,204,219,238,97,28,11,4,35,84,13,27,36,7,43,15,0,20,124,30,20,0,18,102,63,193,4,57,4,15,42,30,20,49,49,5,0,3,0,14,1,13,7,2,3,3,38,2,50,4,31,15,8,5,3,1,1,46,5,12,23,3,3,0,0,0,5,1,54,0,3,1,3,2,13,11,45,0,5,65
2021,"Tower Hamlets 030","E02000893",3699,58,48,240,0,29,4,11,1,44,2,6,96,7,41,273,36,3,11,31,16,30,1,14,109,19,60,125,115,59,24,9,5,31,40,17,11,47,9,32,35,0,27,67,15,24,2,5,75,60,129,5,49,3,27,80,36,24,69,72,8,2,6,6,41,2,30,16,6,5,4,72,7,94,2,72,15,20,31,8,1,0,150,8,29,49,1,5,1,4,3,22,0,133,5,9,3,15,7,20,55,54,5,20,135
2021,"Tower Hamlets 031","E02000894",6162,120,60,489,3,62,0,16,0,71,7,21,154,10,63,599,50,13,40,59,24,57,0,40,167,40,110,279,264,149,46,14,3,40,76,33,17,64,18,49,25,0,48,155,22,27,1,22,112,88,238,6,84,11,37,104,44,35,104,124,12,2,14,11,53,0,56,18,13,4,5,109,5,84,0,76,23,29,35,9,0,1,204,13,38,105,3,6,3,3,4,20,2,147,0,9,1,14,5,22,74,70,7,30,209
2021,"Tower Hamlets 032","E02006853",6189,164,38,501,1,58,2,13,0,63,8,6,123,18,89,620,34,5,28,65,16,52,1,35,135,18,134,572,360,116,21,14,4,45,41,22,25,65,16,40,33,1,44,88,24,29,8,33,167,135,213,5,65,7,30,163,41,30,82,86,7,1,7,5,30,1,41,10,4,9,3,88,4,91,3,103,16,24,27,7,0,5,242,15,25,51,3,8,1,3,2,13,2,135,3,11,0,11,6,11,54,64,5,28,158
2021,"Tower Hamlets 033","E02006854",4481,140,51,470,3,43,3,9,0,57,4,5,130,13,51,436,21,5,21,75,12,26,1,42,71,21,124,450,288,88,18,11,3,40,44,12,36,42,12,14,14,2,24,83,14,17,4,25,133,93,224,6,53,1,18,104,26,26,47,56,1,0,1,3,19,1,12,7,2,1,1,47,1,27,1,50,8,24,9,1,0,1,96,12,19,44,0,5,0,0,2,8,2,54,4,6,1,18,5,6,19,25,3,9,64
2021,"Tower Hamlets 034","E02007112",4000,110,33,372,0,38,0,6,0,36,2,11,102,15,47,442,36,5,24,43,13,36,2,46,69,7,97,350,257,76,25,7,2,34,55,19,31,44,8,11,6,0,24,83,15,30,2,10,128,93,219,5,52,4,21,98,29,32,48,38,2,0,8,3,24,1,8,9,3,0,0,42,3,21,3,28,13,14,10,4,0,5,93,7,30,44,3,1,0,0,5,4,1,47,0,3,0,6,1,8,24,13,0,6,55
2021,"Tower Hamlets 035","E02007113",4344,117,30,354,1,58,3,13,1,48,2,11,106,13,44,407,31,3,17,65,19,55,2,29,90,12,89,365,224,94,21,14,3,27,40,18,16,63,8,27,20,0,20,71,19,14,0,7,127,95,183,2,52,6,20,85,22,14,57,64,0,1,1,4,22,0,16,5,4,5,4,65,4,47,3,74,13,21,15,4,0,0,144,12,27,66,0,4,0,5,4,7,5,90,0,6,0,10,7,7,37,45,3,8,131
2021,"Tower Hamlets 036","E02007114",3932,96,32,298,1,34,4,9,1,32,1,12,73,5,41,322,28,4,25,24,15,30,0,22,82,8,71,262,201,64,38,16,1,22,39,14,13,38,12,33,34,0,13,86,27,17,0,5,83,82,200,2,46,1,20,76,40,21,58,71,0,0,6,4,26,0,32,8,6,2,6,83,3,72,0,80,22,15,20,4,0,0,146,4,33,55,2,6,1,3,6,16,1,93,2,6,2,14,1,7,49,37,1,19,134
2021,"Waltham Forest 001","E02000895",3762,10,88,124,2,85,5,15,5,35,6,18,92,7,45,97,13,3,9,19,21,58,0,19,142,41,42,53,50,25,36,25,6,18,20,22,8,25,18,40,34,1,35,51,8,21,3,16,46,40,87,12,44,3,31,109,46,24,115,130,14,5,23,19,71,6,154,41,9,3,3,39,8,110,6,107,13,42,14,8,0,8,177,12,36,50,1,7,1,13,15,31,1,183,13,11,1,22,12,23,104,42,9,31,61
2021,"Waltham Forest 002","E02000896",4652,37,98,314,2,83,2,25,4,51,14,18,175,8,37,126,26,3,15,31,39,53,7,26,246,48,68,93,82,50,50,23,4,26,43,20,7,46,18,47,30,3,57,84,15,34,4,14,72,54,151,6,67,14,37,115,54,64,110,186,20,8,24,20,64,4,153,43,4,6,4,45,13,80,9,113,16,41,22,8,1,1,132,11,49,39,1,4,2,1,5,32,1,135,6,13,1,17,4,15,74,43,8,29,95
2021,"Waltham Forest 003","E02000897",3980,10,79,177,2,72,3,21,3,42,8,21,112,8,31,92,19,5,7,20,14,65,5,27,209,37,34,50,46,31,31,18,4,22,31,23,8,30,15,49,33,2,48,53,11,24,3,11,43,32,81,7,47,10,43,96,39,47,123,141,16,7,23,16,54,4,160,55,15,2,10,59,5,110,14,134,15,34,22,9,1,1,144,9,32,32,5,7,1,6,10,28,6,181,15,10,1,34,5,25,113,67,8,31,69
2021,"Waltham Forest 004","E02000898",3701,7,82,158,2,59,4,13,0,42,13,20,90,3,26,92,14,3,9,20,33,55,1,17,206,37,29,64,47,32,28,20,2,19,30,18,11,42,9,50,25,1,45,68,5,17,1,7,38,38,88,3,50,5,29,101,43,50,99,139,26,8,20,15,85,5,141,46,6,11,3,41,6,94,9,123,19,34,23,5,0,4,139,10,27,46,1,13,1,8,8,26,1,133,9,10,0,20,1,18,81,54,10,38,64
2021,"Waltham Forest 005","E02000899",4192,14,103,135,0,94,5,21,3,51,10,15,91,2,40,86,16,2,9,14,22,53,3,25,176,37,24,62,38,34,36,26,2,15,16,23,3,34,17,35,31,1,40,58,3,18,1,14,44,34,82,10,53,5,40,77,37,35,105,142,21,8,25,28,81,2,235,48,10,6,9,76,4,108,6,119,22,43,17,9,0,1,218,11,44,53,6,11,2,6,11,34,4,216,17,13,3,38,11,23,169,62,10,40,90
2021,"Waltham Forest 006","E02000900",4093,12,71,92,1,84,1,10,0,52,12,24,90,6,27,69,19,5,10,18,20,82,1,30,142,30,22,61,46,21,21,25,1,11,18,28,5,25,12,36,39,1,44,51,16,24,0,4,23,37,77,4,54,5,40,104,30,36,108,122,9,5,24,25,67,0,186,49,7,7,6,70,4,104,8,181,18,32,33,10,0,6,243,12,34,49,1,9,1,10,16,50,4,219,19,23,4,31,9,26,162,71,24,69,97
2021,"Waltham Forest 007","E02000901",5333,25,93,273,0,75,5,30,1,54,25,22,154,14,70,162,30,14,18,37,56,79,2,22,304,54,63,94,115,68,68,40,12,29,77,34,13,48,25,58,34,4,57,150,27,26,2,18,77,53,179,7,65,11,65,92,60,53,135,151,34,5,17,19,65,6,157,74,14,5,11,74,10,128,11,101,18,44,29,6,0,0,162,12,40,49,3,6,2,6,14,26,4,174,13,18,2,21,8,19,87,62,6,34,108
2021,"Waltham Forest 008","E02000902",4745,18,77,167,0,71,4,26,4,42,6,18,105,7,47,124,18,2,13,26,30,89,1,28,188,41,30,73,72,45,35,40,6,26,56,38,8,43,21,38,32,1,38,109,19,27,3,11,51,52,105,10,58,11,43,97,48,51,102,122,12,8,22,26,62,1,160,56,15,7,0,81,7,114,8,175,33,41,27,16,1,6,267,9,43,69,3,7,0,3,9,38,4,232,25,15,2,30,13,25,157,87,14,36,106
2021,"Waltham Forest 009","E02000903",4715,20,82,159,2,99,4,19,3,54,4,25,97,15,55,106,35,3,16,23,34,121,0,20,175,38,37,41,83,45,21,24,7,16,77,22,9,40,9,55,47,0,34,132,33,26,0,9,20,48,118,12,47,14,33,80,34,26,91,74,15,6,16,20,48,3,144,59,24,9,3,86,9,115,7,164,22,47,42,20,1,8,249,14,49,78,4,6,6,3,11,46,3,212,16,27,7,36,15,22,184,87,11,55,133
2021,"Waltham Forest 010","E02000904",4392,16,72,199,1,72,5,27,3,41,6,13,116,9,31,102,51,4,27,37,52,77,2,13,210,46,65,65,83,42,28,39,8,13,79,25,10,39,18,59,31,2,28,140,31,20,1,7,23,49,135,12,38,7,39,57,43,19,82,97,13,6,14,20,58,0,151,67,17,11,3,61,7,103,11,117,12,45,29,13,0,6,151,6,45,56,3,3,1,5,11,31,4,159,19,24,2,40,11,14,152,80,11,32,102
2021,"Waltham Forest 011","E02000905",5436,40,75,264,3,62,2,27,3,58,7,29,134,18,48,147,62,4,35,29,42,85,0,39,257,53,64,82,102,61,34,42,17,31,127,26,17,61,17,54,48,0,38,273,50,23,0,8,24,58,133,10,41,11,54,69,28,48,94,88,14,4,28,17,40,2,174,78,29,9,5,107,8,97,6,135,21,47,33,16,0,1,191,15,45,63,6,15,0,8,20,34,2,194,19,16,1,64,19,21,178,87,15,45,151
2021,"Waltham Forest 012","E02000906",5042,35,85,235,1,61,1,22,2,56,4,17,119,18,31,149,65,6,43,31,43,75,2,22,249,43,64,58,121,64,34,34,8,15,144,19,22,57,14,52,36,1,33,244,48,14,0,10,26,64,163,11,47,12,41,86,33,28,69,104,15,9,13,20,53,6,132,51,12,10,6,105,8,82,4,143,19,45,35,18,1,4,238,10,44,45,6,15,4,3,8,26,1,147,12,12,1,34,8,12,179,80,8,54,113
2021,"Waltham Forest 013","E02000907",4730,24,50,175,0,55,1,35,0,47,13,10,102,8,39,116,49,7,24,34,39,101,3,41,197,35,53,58,87,47,22,28,11,16,107,23,14,30,8,60,44,2,27,168,36,15,0,2,23,42,131,17,50,17,52,69,50,29,76,72,13,2,10,15,48,5,132,54,9,14,5,117,7,96,4,193,18,46,31,13,0,5,206,9,39,64,3,12,5,9,12,42,4,213,12,19,1,43,9,27,203,87,10,42,131
2021,"Waltham Forest 014","E02000908",7212,31,77,371,1,94,5,36,0,82,16,26,155,22,67,288,84,13,47,45,63,146,2,38,288,47,87,114,204,79,50,45,11,25,191,34,38,72,22,74,38,4,53,328,73,30,1,20,57,81,260,15,77,7,84,94,63,41,119,95,18,7,28,15,66,2,214,88,16,17,16,126,11,116,10,193,32,52,55,19,0,5,243,17,58,105,6,14,1,11,16,64,4,192,14,18,0,51,14,29,284,97,16,53,169
2021,"Waltham Forest 015","E02000909",4894,53,69,324,0,69,5,38,2,59,9,18,152,20,32,149,54,6,32,55,63,74,1,20,261,49,87,67,136,45,47,31,10,20,145,17,14,45,15,58,33,0,39,251,69,22,0,9,29,53,155,8,58,5,25,58,36,28,72,83,18,6,22,11,35,3,106,49,14,8,7,67,11,68,4,121,14,31,25,6,2,5,156,8,37,49,0,10,2,7,10,29,1,125,10,22,0,46,11,12,134,59,4,28,117
2021,"Waltham Forest 016","E02000910",6259,44,67,358,0,101,4,32,1,70,10,18,139,33,42,167,39,10,35,59,59,77,0,35,296,48,118,126,151,51,29,38,10,25,165,26,20,51,20,54,25,2,36,317,54,18,0,10,63,73,217,6,70,13,50,70,51,57,104,71,20,7,19,13,51,4,198,89,16,30,7,140,13,78,2,173,24,32,42,13,0,6,235,11,50,66,2,18,4,13,11,54,7,169,12,28,0,50,23,15,254,107,8,44,166
2021,"Waltham Forest 017","E02000911",7039,30,74,297,1,98,4,28,1,93,11,21,130,27,78,210,75,16,43,65,47,98,1,36,312,48,88,93,168,64,56,27,17,16,177,38,27,85,11,53,44,1,44,295,57,34,0,5,37,81,247,10,77,13,63,110,59,48,122,113,14,8,17,11,70,4,204,99,23,19,7,142,9,100,15,197,37,62,45,24,1,1,279,22,61,110,1,15,4,7,19,46,6,200,29,20,2,68,22,24,372,138,10,78,173
2021,"Waltham Forest 018","E02000912",4758,22,67,175,2,58,0,32,4,42,8,17,115,24,39,128,31,7,21,34,40,74,2,27,203,39,50,50,83,44,32,33,5,25,91,34,19,50,12,54,37,1,16,142,30,25,0,7,22,47,136,10,54,7,40,83,46,33,83,66,5,7,14,18,51,2,174,56,11,18,5,94,9,78,3,141,25,28,32,10,0,7,219,22,53,60,4,23,1,7,16,49,1,188,16,10,2,40,15,27,238,107,22,49,123
2021,"Waltham Forest 019","E02000913",4576,26,69,163,0,93,0,25,0,68,11,25,112,11,34,97,22,1,15,37,42,117,0,45,213,36,46,48,74,31,42,35,6,20,64,18,17,46,21,66,35,1,33,140,29,9,0,9,25,29,140,6,39,7,48,82,44,39,100,100,9,3,21,25,62,1,168,51,12,10,6,94,7,82,3,145,17,35,31,15,0,5,182,12,48,43,0,27,2,7,12,42,3,162,14,14,0,49,17,19,187,67,11,33,112
2021,"Waltham Forest 020","E02000914",5229,17,62,170,3,89,0,14,2,56,8,15,112,12,35,97,29,7,17,31,23,70,1,26,172,29,34,63,66,29,17,33,2,24,65,30,11,33,11,56,42,0,48,143,29,23,1,5,11,53,105,7,29,9,46,78,46,26,85,105,18,9,24,14,53,3,207,77,11,13,7,113,10,102,3,205,22,45,44,28,0,7,307,10,60,110,7,21,0,4,15,79,3,261,14,13,2,107,20,20,299,135,14,68,183
2021,"Waltham Forest 021","E02000915",4468,34,48,245,0,65,1,18,1,74,12,15,114,11,33,164,42,7,30,55,43,96,3,47,207,45,60,73,94,50,36,43,4,23,85,25,21,39,10,54,25,2,30,166,26,23,0,7,39,38,155,13,53,8,40,64,45,34,64,89,13,7,10,12,34,1,126,45,9,9,5,69,8,69,3,137,24,29,26,12,0,1,157,6,53,45,1,8,5,14,11,29,3,123,12,8,0,29,6,11,126,68,6,32,118
2021,"Waltham Forest 022","E02000916",5497,20,64,178,1,85,2,25,1,74,6,27,135,26,38,140,56,8,24,27,32,99,1,58,216,23,46,78,75,63,39,37,7,16,98,24,26,54,12,74,38,0,22,229,52,30,0,7,29,63,175,13,37,7,61,74,52,35,96,104,15,11,26,23,63,5,201,77,9,21,4,116,16,103,5,154,15,57,38,22,0,6,239,8,42,50,2,28,3,6,13,60,6,209,22,11,4,60,21,26,237,118,17,55,134
2021,"Waltham Forest 023","E02000917",5283,28,81,267,5,78,2,26,1,92,10,21,106,15,55,135,60,2,26,23,40,102,3,27,241,38,56,60,114,45,39,31,12,26,96,26,23,50,20,56,26,0,20,216,47,20,1,14,27,40,144,21,46,5,46,65,47,45,85,94,6,5,19,14,51,2,210,73,22,10,7,94,17,75,5,150,17,39,47,28,0,4,157,17,50,60,2,10,0,6,12,50,9,155,25,19,0,60,17,17,252,101,9,47,166
2021,"Waltham Forest 024","E02000918",4950,27,81,203,1,67,11,21,3,65,6,9,106,11,39,116,52,4,21,42,50,75,1,45,204,42,63,81,99,33,29,31,11,23,102,28,17,46,7,50,27,1,38,164,36,17,0,12,19,53,145,8,52,7,46,104,38,34,76,92,8,2,16,14,65,1,220,51,11,4,5,96,6,78,3,145,14,32,42,18,0,7,173,15,52,65,3,13,7,5,10,87,4,145,15,19,2,43,21,27,181,98,5,48,183
2021,"Waltham Forest 025","E02000919",5080,23,63,198,2,80,1,25,1,80,5,12,108,11,39,131,35,5,19,32,34,107,2,34,193,32,75,82,92,35,36,32,6,20,93,24,22,47,15,38,41,2,17,188,34,14,2,9,36,40,156,6,46,9,61,76,43,35,84,72,15,10,22,8,61,4,205,84,17,20,3,114,12,80,11,128,25,32,25,24,0,4,192,13,43,63,1,15,4,3,12,55,5,134,22,19,3,69,22,23,280,96,10,48,184
2021,"Waltham Forest 026","E02000920",5177,19,54,181,1,68,2,16,0,85,11,20,77,11,53,124,38,2,14,22,34,109,0,33,178,29,46,62,89,45,29,27,6,23,66,33,19,51,15,47,33,2,31,158,31,23,0,5,20,49,132,11,50,8,58,90,65,42,77,85,10,8,14,21,43,3,206,67,9,10,3,157,7,96,5,209,37,36,40,13,0,8,225,10,40,102,5,17,3,1,10,51,3,205,14,19,2,55,14,32,263,127,26,57,185
2021,"Waltham Forest 027","E02000921",5740,13,42,167,3,66,2,25,2,66,3,21,120,12,41,134,35,2,19,21,43,106,0,26,165,39,53,77,73,51,31,20,9,18,58,22,14,47,12,51,57,1,29,156,27,26,1,13,22,45,161,5,56,5,41,90,40,27,121,93,8,10,19,25,46,3,302,124,18,10,4,163,11,146,6,232,35,62,52,25,0,6,254,22,53,92,5,21,0,8,18,66,6,226,27,18,1,77,15,23,326,152,13,66,219
2021,"Waltham Forest 028","E02000922",5416,22,82,214,3,58,1,23,3,70,8,19,104,16,51,116,40,7,42,21,42,107,2,29,204,38,60,58,84,50,33,35,10,13,93,20,19,50,29,56,39,0,23,191,29,14,0,10,14,58,125,1,34,9,40,65,56,28,92,95,7,5,17,14,68,8,236,123,15,11,8,105,16,81,4,186,23,47,40,20,1,5,265,8,53,72,1,11,4,2,5,57,4,193,16,22,3,73,16,26,309,90,4,89,198
2021,"Wandsworth 001","E02000923",4351,118,68,409,0,79,8,14,3,63,4,18,179,10,30,126,27,6,23,52,38,173,1,22,142,36,119,173,197,51,45,12,11,16,80,9,40,20,10,19,23,0,31,174,54,35,3,5,80,56,227,2,41,3,33,46,28,29,43,69,7,0,6,5,14,0,27,11,6,6,2,71,9,99,11,77,20,26,56,14,0,2,99,6,22,37,0,3,0,1,4,9,1,76,3,6,0,5,1,9,52,15,2,18,80
2021,"Wandsworth 003","E02000925",4170,54,33,241,0,70,1,7,2,54,3,12,89,10,40,114,30,8,19,30,36,67,1,32,117,28,69,102,145,38,43,23,3,17,77,16,25,25,29,30,42,1,15,123,32,27,1,5,49,34,215,8,52,2,41,62,31,41,60,100,9,3,9,8,24,0,41,20,4,8,3,90,8,117,3,172,22,39,43,13,0,0,178,8,30,63,3,3,2,3,4,12,4,141,10,7,0,19,4,17,103,45,9,21,167
2021,"Wandsworth 004","E02000926",7477,134,112,653,3,121,16,38,2,117,14,28,284,30,116,276,51,16,56,135,76,147,7,68,251,50,150,259,307,107,111,20,8,29,157,25,63,59,29,42,29,1,31,274,81,45,7,17,139,122,506,3,100,7,63,85,53,52,111,147,9,4,12,11,30,5,57,26,2,5,0,122,7,106,12,102,28,51,64,7,0,1,191,14,45,49,0,17,4,4,8,16,1,102,8,5,1,12,9,17,62,35,2,16,158
2021,"Wandsworth 005","E02000927",4184,57,37,290,0,55,1,17,3,41,3,16,124,13,58,141,23,9,17,50,44,79,4,29,121,36,112,160,180,51,63,14,8,18,104,10,27,23,19,37,26,4,17,129,41,28,2,10,90,61,287,2,66,7,49,56,33,45,68,86,11,3,9,13,17,0,40,9,4,2,6,62,6,92,6,91,17,18,20,7,0,0,110,8,24,35,1,10,0,3,9,11,1,83,3,10,1,15,4,20,64,35,2,17,84
2021,"Wandsworth 006","E02000928",4867,114,82,562,1,64,5,19,2,68,6,23,214,24,58,153,36,13,35,80,59,61,0,43,227,35,217,164,241,70,59,18,9,37,125,17,23,28,10,33,23,0,23,193,39,47,2,10,94,90,257,1,70,2,49,59,24,46,68,95,11,0,7,2,17,0,20,10,2,1,2,61,6,83,8,41,16,14,13,2,0,0,66,9,25,27,2,6,0,1,5,4,0,38,1,4,2,12,2,4,30,16,1,12,57
2021,"Wandsworth 007","E02000929",3994,23,27,195,0,50,4,13,1,57,6,10,92,24,44,108,16,5,10,28,32,126,1,28,96,20,44,96,119,33,24,27,0,13,47,18,21,42,13,41,33,0,21,65,22,21,6,4,52,50,181,3,65,2,47,68,37,38,63,90,5,2,10,3,24,2,39,32,4,5,3,78,6,137,6,190,16,37,33,11,0,5,172,6,21,58,2,6,0,3,4,23,3,177,6,7,3,25,7,29,105,63,3,17,184
2021,"Wandsworth 008","E02000930",6766,107,80,593,1,93,13,19,5,84,7,23,213,36,91,243,52,19,50,97,69,100,6,44,252,35,238,353,386,95,109,19,3,27,174,24,33,49,18,59,22,2,29,213,60,35,5,12,148,130,558,4,119,6,52,89,47,50,82,134,9,0,10,6,29,1,33,9,2,8,2,98,6,105,6,87,18,34,20,20,0,0,112,16,40,53,3,6,2,3,4,14,3,61,3,10,0,22,1,13,39,23,3,12,104
2021,"Wandsworth 009","E02000931",5632,121,71,743,2,69,5,24,4,45,4,14,221,23,69,213,43,16,36,77,53,58,5,32,163,30,275,312,320,86,84,21,1,21,155,15,28,28,16,20,11,0,39,166,57,32,6,19,198,107,442,8,89,6,46,76,40,44,54,89,7,1,8,5,14,3,29,7,2,8,1,39,13,79,4,35,19,10,5,4,0,0,60,17,28,34,2,5,1,3,2,8,1,28,0,4,1,8,3,8,25,13,2,8,26
2021,"Wandsworth 010","E02000932",8662,161,122,1015,2,125,13,33,4,132,10,22,302,44,113,390,63,24,49,153,106,112,8,65,340,46,266,341,503,144,124,19,14,64,216,34,53,62,32,32,30,1,65,278,61,59,11,19,190,151,638,4,142,7,68,92,45,55,110,150,19,4,5,6,32,0,50,12,3,7,5,84,14,125,1,81,37,37,24,3,1,2,147,16,51,49,3,3,4,0,6,10,2,72,4,9,0,11,2,1,41,16,2,11,116
2021,"Wandsworth 011","E02000933",5117,114,79,520,2,60,9,20,1,71,13,14,189,18,60,208,25,12,37,89,53,63,0,52,191,33,203,171,223,75,50,23,9,23,96,20,33,37,11,41,15,3,62,184,21,43,6,10,96,71,271,7,68,5,53,71,28,41,77,101,11,3,8,4,20,0,37,16,4,6,4,53,1,94,10,84,20,28,26,7,1,2,105,15,33,38,0,1,1,4,6,8,2,70,1,4,2,12,0,15,40,15,6,19,100
2021,"Wandsworth 012","E02000934",6110,90,95,625,4,92,3,22,2,79,6,15,184,24,95,207,62,15,38,72,67,104,10,44,199,34,163,253,319,97,107,27,8,25,162,19,32,46,17,37,22,1,35,187,61,37,5,10,156,114,419,6,118,3,41,65,46,48,87,128,17,4,3,6,35,1,35,14,5,4,2,73,5,111,9,81,21,20,34,19,0,1,87,9,37,48,2,4,1,5,6,17,2,73,1,7,3,17,1,18,39,28,4,8,104
2021,"Wandsworth 013","E02000935",2730,21,31,107,0,26,2,11,0,21,7,11,58,4,16,51,6,3,3,11,14,48,0,9,74,12,16,24,24,13,10,7,2,5,18,17,6,12,9,21,33,2,15,57,8,23,0,2,6,20,61,8,23,1,6,36,20,17,53,79,20,6,10,3,13,2,67,24,8,4,1,63,3,123,8,155,16,28,27,12,0,0,204,7,42,35,2,8,2,1,9,14,1,158,3,7,0,22,6,18,143,38,5,30,182
2021,"Wandsworth 014","E02000936",5840,94,84,539,0,83,15,28,3,86,3,26,201,31,83,270,41,12,45,121,104,107,5,49,233,52,151,209,287,96,62,16,4,35,120,16,19,30,15,34,34,2,26,139,39,39,8,14,94,90,346,6,73,1,60,86,49,50,85,122,9,3,13,5,23,0,36,12,3,8,2,79,7,95,7,88,26,20,46,7,0,1,131,11,26,33,1,8,1,7,6,13,1,90,0,6,1,6,2,11,58,28,2,14,122
2021,"Wandsworth 015","E02000937",4644,125,78,596,4,54,0,10,0,48,2,17,197,11,50,147,26,12,23,108,61,52,3,31,158,32,220,219,232,77,58,15,2,22,121,11,26,20,12,24,11,0,18,142,33,36,10,9,126,76,292,2,72,7,39,59,29,32,58,91,10,1,3,3,15,0,19,7,2,2,2,36,3,95,3,51,14,11,13,3,0,2,60,4,25,22,1,5,3,0,3,11,1,42,2,4,0,9,4,7,35,13,0,7,45
2021,"Wandsworth 016","E02000938",5284,67,71,331,1,96,1,23,3,83,15,27,191,13,50,158,28,4,16,70,55,104,2,48,189,36,93,117,124,63,46,18,5,21,61,14,21,45,14,30,30,2,36,107,31,40,3,13,61,54,221,8,72,4,37,71,40,37,89,106,34,1,23,13,45,1,86,29,4,8,0,105,12,180,8,166,24,32,65,13,0,0,193,13,45,42,0,9,0,5,10,31,3,179,7,8,1,23,6,21,155,41,8,27,192
2021,"Wandsworth 017","E02000939",4129,112,89,583,0,47,4,20,0,31,4,16,222,10,37,126,24,12,25,86,58,30,2,27,152,38,216,202,209,74,59,15,3,20,110,6,26,17,13,27,12,0,18,166,27,21,2,13,154,65,225,4,40,4,24,42,10,22,45,80,5,1,3,2,14,1,11,5,2,1,1,17,6,81,1,30,6,17,5,5,0,2,42,12,17,20,1,3,0,3,0,2,0,22,0,1,0,1,2,5,21,8,1,3,23
2021,"Wandsworth 018","E02000940",5779,63,75,415,2,89,5,25,0,84,7,33,178,22,56,252,56,19,28,72,55,79,4,62,219,41,89,144,237,92,67,17,5,29,133,24,36,60,14,31,30,1,38,154,30,58,3,10,97,87,366,3,95,9,47,71,40,40,109,132,10,4,6,11,23,3,48,30,7,9,3,82,19,128,3,115,26,41,22,11,0,4,164,14,49,55,1,6,0,1,18,19,0,149,3,6,3,13,4,31,87,36,7,26,143
2021,"Wandsworth 019","E02000941",6091,127,83,634,2,87,12,29,6,81,10,17,292,16,75,169,35,11,18,67,59,77,4,36,243,41,190,186,226,87,84,29,10,36,153,23,26,31,24,43,30,0,42,210,50,43,3,13,168,82,380,8,100,10,49,88,38,57,90,127,16,1,6,8,17,1,42,12,8,5,2,103,15,161,9,68,20,23,21,5,1,6,115,6,41,33,2,7,1,2,4,14,3,95,5,6,0,30,3,8,61,35,2,20,81
2021,"Wandsworth 020","E02000942",5577,128,105,600,0,97,43,26,5,68,7,24,225,19,57,211,40,12,40,109,70,68,4,43,273,46,186,185,230,89,60,25,7,39,137,14,18,46,17,27,18,3,26,188,39,43,7,7,121,67,316,5,77,5,40,83,39,26,97,137,12,2,5,3,24,0,41,16,2,5,3,45,5,115,2,50,28,22,23,3,0,2,103,6,26,33,1,7,2,4,9,9,3,54,1,6,1,7,2,5,37,13,5,15,76
2021,"Wandsworth 021","E02000943",5723,96,70,604,0,83,5,20,1,53,8,16,181,19,65,221,35,13,51,88,71,65,2,48,186,27,240,278,350,97,74,14,7,28,199,22,20,43,20,32,32,1,40,195,51,26,2,16,167,95,415,6,98,7,67,80,34,37,68,79,7,0,8,3,16,0,23,7,2,7,1,50,8,73,3,67,26,21,14,3,0,1,81,14,39,43,4,4,0,1,4,3,1,39,4,4,1,6,3,11,63,11,3,13,63
2021,"Wandsworth 022","E02000944",3700,30,51,221,2,59,2,9,2,56,9,15,80,5,35,118,19,5,23,31,27,129,2,25,138,25,47,55,104,29,18,16,2,14,43,14,10,33,12,27,25,0,26,82,18,23,5,4,21,34,140,1,42,1,23,43,29,24,74,73,17,3,9,14,29,2,64,34,4,3,2,79,5,145,7,144,18,30,24,7,2,1,165,4,29,41,1,6,1,2,4,15,2,225,4,3,0,10,3,13,105,39,5,25,125
2021,"Wandsworth 023","E02000945",3527,20,44,88,0,43,0,10,1,48,5,12,60,9,27,62,8,1,6,28,22,89,0,14,87,14,23,40,40,21,18,22,1,8,47,21,3,27,15,30,29,2,23,76,9,21,0,0,8,20,86,5,36,5,17,33,37,27,55,75,35,0,7,14,24,0,101,46,14,7,2,108,7,134,5,153,27,37,45,17,0,0,220,11,34,64,3,9,2,4,9,25,2,202,6,6,5,25,9,23,218,48,6,29,206
2021,"Wandsworth 024","E02000946",4637,62,62,476,4,49,5,19,5,56,6,22,118,21,47,173,26,7,22,51,45,68,2,30,187,32,120,155,193,66,69,19,6,26,107,11,22,41,17,26,32,2,49,150,22,28,3,9,84,71,292,7,74,11,31,48,29,48,73,85,9,2,10,5,31,0,53,16,2,2,0,53,4,105,5,90,27,22,16,9,0,0,122,7,30,37,0,4,1,2,2,10,0,83,2,9,0,18,4,13,56,32,3,20,100
2021,"Wandsworth 025","E02000947",5662,99,94,636,2,80,8,24,7,74,9,18,249,18,73,215,40,9,39,94,69,66,3,48,221,52,201,213,259,74,68,22,6,42,153,25,14,48,17,39,37,0,36,165,43,30,3,14,117,79,361,4,75,10,50,78,43,33,77,106,11,0,11,6,21,0,47,9,3,3,3,41,5,99,3,72,18,20,19,4,1,0,81,9,44,40,3,9,0,4,4,15,3,62,4,6,0,16,3,16,40,18,3,14,83
2021,"Wandsworth 026","E02000948",6746,99,92,629,2,93,7,31,3,74,7,14,174,25,78,268,44,14,51,111,100,81,3,59,216,41,217,347,420,124,95,29,2,40,243,21,32,45,23,33,19,2,53,233,45,43,1,6,175,123,517,6,151,11,54,94,50,62,85,119,11,1,9,2,29,2,47,10,2,3,0,60,6,88,9,74,23,22,13,6,0,0,108,14,20,43,2,7,2,4,1,9,2,59,3,10,2,10,5,8,58,22,9,19,76
2021,"Wandsworth 027","E02000949",6249,137,100,722,5,84,5,33,6,50,4,14,237,15,65,221,49,14,45,108,112,84,4,51,221,32,269,285,309,104,84,20,22,49,182,16,20,39,18,41,23,1,31,207,58,48,2,21,171,105,402,6,123,5,48,64,55,39,92,114,12,1,6,3,12,1,37,12,4,4,2,54,15,92,6,74,14,18,17,3,2,1,74,7,24,40,1,4,0,2,4,11,1,46,6,8,0,6,3,7,38,20,1,7,58
2021,"Wandsworth 028","E02000950",4051,58,59,259,1,62,2,21,1,85,7,16,138,15,47,155,25,5,21,55,51,54,0,40,167,31,76,77,106,49,30,29,3,18,60,16,10,30,14,21,32,3,32,112,23,47,2,6,32,45,192,10,46,2,30,49,31,33,76,83,20,2,11,9,24,3,77,24,2,4,0,77,4,127,6,102,28,24,20,9,0,0,130,6,22,37,2,3,6,4,14,14,1,155,2,13,0,16,4,13,69,31,5,25,106
2021,"Wandsworth 029","E02000951",4017,53,44,350,2,40,1,29,3,49,6,12,127,16,46,144,28,12,25,55,40,72,1,30,128,31,128,155,231,68,52,19,6,24,137,17,10,40,10,18,16,0,40,131,29,23,4,4,73,65,282,5,83,1,31,50,43,28,62,84,14,2,4,5,21,2,41,9,3,4,0,32,4,65,5,84,15,18,10,4,0,3,75,9,16,40,1,6,0,3,3,12,0,56,2,8,1,13,2,4,33,12,1,10,52
2021,"Wandsworth 030","E02000952",3801,68,47,360,1,52,6,19,0,36,2,13,124,18,36,111,32,10,23,74,44,58,0,20,113,22,138,184,180,64,48,10,7,20,109,18,11,24,9,29,24,3,24,140,30,14,2,13,93,46,259,6,61,5,45,52,31,26,55,66,9,0,8,3,12,1,31,15,2,3,2,33,6,63,5,63,11,17,9,5,1,0,69,6,24,35,1,2,0,1,2,11,0,55,3,4,1,8,1,8,47,19,6,9,55
2021,"Wandsworth 031","E02000953",4614,57,57,461,3,56,4,25,4,61,2,14,126,27,55,130,25,10,30,79,59,365,2,56,159,23,121,138,189,71,64,19,3,12,103,17,19,35,29,22,23,0,24,133,21,31,3,4,89,61,261,3,76,6,38,52,38,27,62,87,11,1,9,3,20,0,38,13,2,5,0,47,3,89,6,122,16,17,23,2,0,2,89,6,23,33,0,3,1,4,3,10,1,72,1,4,1,8,2,12,38,11,5,16,71
2021,"Wandsworth 032","E02000954",3476,34,28,272,0,42,0,20,1,35,2,11,110,13,40,125,21,7,21,52,46,67,0,41,138,31,96,126,164,63,43,19,3,23,102,17,12,35,10,27,18,2,26,114,18,18,0,4,52,55,255,10,49,5,36,53,19,19,51,60,9,1,6,4,16,1,40,12,0,5,1,39,4,67,4,61,9,12,11,2,1,0,77,7,19,35,1,6,2,1,3,7,1,71,0,2,0,10,14,3,54,12,2,14,69
2021,"Wandsworth 033","E02000955",3786,23,30,234,4,41,1,17,0,44,9,8,92,15,52,105,24,7,13,46,46,105,2,29,133,22,77,112,171,54,40,25,3,27,85,15,11,43,10,26,26,1,24,92,17,24,0,7,78,80,207,11,60,3,44,67,29,27,67,68,5,0,4,4,25,1,42,14,4,5,2,81,2,76,8,109,7,19,15,6,0,0,141,6,46,46,3,11,0,3,1,8,3,101,6,5,0,14,2,13,77,25,10,22,81
2021,"Wandsworth 034","E02000956",4220,19,41,220,1,53,2,26,1,47,9,6,90,20,38,113,30,4,20,87,63,185,2,47,137,24,57,92,136,41,35,18,7,27,102,16,15,28,22,31,28,3,29,132,20,18,3,4,49,73,251,4,55,6,27,57,37,37,69,84,7,1,8,9,20,0,71,24,3,7,2,76,4,86,7,157,12,21,14,7,0,0,165,6,27,51,0,12,4,2,5,10,3,104,6,4,4,13,6,13,156,38,8,30,119
2021,"Wandsworth 035","E02000957",6322,54,67,398,2,78,4,31,1,78,10,16,141,24,63,183,41,5,30,88,82,194,3,71,203,41,118,172,244,67,73,49,5,23,154,29,16,73,23,38,39,0,48,198,31,31,0,13,87,88,423,7,113,4,59,80,62,46,97,117,21,4,16,7,29,2,89,39,6,7,5,116,4,135,6,159,30,37,31,5,0,4,225,22,48,64,4,7,0,4,8,22,1,169,5,10,0,17,3,13,165,41,12,36,159
2021,"Wandsworth 036","E02000958",4080,40,61,251,2,51,2,18,5,53,9,10,119,33,28,127,27,3,21,58,63,70,3,41,206,52,90,66,110,47,44,25,6,15,87,27,15,32,19,42,41,0,31,160,26,24,0,8,45,56,187,2,37,3,39,63,28,37,52,64,14,1,5,11,25,3,71,34,5,2,7,48,11,100,6,107,11,24,19,3,0,0,151,6,31,31,0,6,0,3,5,20,0,121,1,6,1,15,4,22,118,31,4,22,94
2021,"Wandsworth 037","E02000959",4153,27,59,210,2,59,4,26,3,64,6,10,106,13,46,109,25,7,15,28,42,76,2,31,159,32,82,71,114,40,37,29,10,12,77,30,17,42,14,30,29,0,46,123,16,28,2,8,34,35,193,7,49,1,27,56,27,24,69,80,48,3,12,4,33,2,116,33,5,5,2,71,3,99,3,144,16,32,24,22,0,1,152,8,37,46,2,5,1,3,5,16,2,128,8,4,0,22,5,18,193,26,4,38,132
2021,"Wandsworth 038","E02007083",4891,190,104,516,3,96,5,28,0,57,4,24,192,35,45,254,22,6,44,69,28,44,2,51,93,36,145,271,268,86,50,8,7,25,65,9,51,28,16,22,6,1,20,117,50,30,0,11,125,90,329,5,68,4,57,52,25,33,57,78,7,0,7,2,13,1,18,4,3,3,4,53,1,67,2,76,17,19,25,7,0,0,102,11,26,27,0,4,1,7,1,10,3,48,2,3,1,8,1,4,67,15,2,5,57
2021,"Wandsworth 039","E02007084",5401,55,45,243,1,68,8,25,0,93,12,14,113,17,59,165,27,9,29,40,31,101,4,37,151,37,72,152,218,54,50,16,4,18,98,21,35,41,20,38,45,0,32,123,26,28,0,9,90,72,276,7,93,4,60,51,35,29,78,111,11,1,9,5,40,0,61,32,7,9,0,158,3,151,4,191,35,39,62,23,0,5,247,10,42,73,1,8,1,3,8,26,4,162,6,15,1,22,10,22,178,65,11,31,219
2021,"Westminster 001","E02000960",2931,186,54,344,3,91,6,18,0,38,3,6,163,11,19,108,12,2,16,50,21,28,1,17,99,21,88,161,143,48,18,5,3,12,47,6,19,15,10,15,6,0,3,87,23,15,0,7,52,50,132,2,26,4,21,49,6,20,63,50,4,0,3,1,4,0,4,5,2,0,0,20,5,39,3,31,10,16,37,4,0,1,47,11,12,14,0,6,2,1,1,2,2,25,2,2,0,2,3,7,23,6,0,9,42
2021,"Westminster 002","E02000961",4603,167,81,476,0,75,4,12,1,66,9,8,232,16,28,161,23,4,37,82,34,34,0,27,178,25,135,172,179,62,40,12,6,16,78,10,13,29,10,28,31,0,20,167,30,19,4,8,90,63,206,4,36,2,18,56,31,24,87,84,3,1,8,6,16,0,25,7,3,2,0,65,3,105,3,82,15,29,59,5,0,0,163,6,30,47,3,5,2,1,2,11,5,73,1,5,0,10,0,13,67,27,2,15,128
2021,"Westminster 003","E02000962",3670,154,74,423,8,56,10,15,0,64,4,6,214,8,24,159,13,3,24,86,18,48,2,22,108,28,110,195,203,47,20,14,2,13,67,15,13,17,8,18,12,1,23,108,26,20,0,13,84,58,169,4,26,1,18,39,17,22,49,77,7,1,4,2,10,0,11,7,2,1,3,25,7,41,0,53,11,14,50,7,0,1,81,4,26,22,0,5,0,1,0,6,0,52,0,2,0,2,0,6,28,15,1,15,67
2021,"Westminster 004","E02000963",4527,50,41,176,1,67,1,22,0,65,5,11,121,16,58,93,27,3,16,41,25,53,0,37,143,17,62,70,88,35,30,26,6,12,82,26,20,30,19,54,57,2,15,153,32,26,2,8,39,36,155,24,65,1,30,55,27,31,100,130,12,1,17,7,36,1,77,23,7,3,1,100,7,143,8,168,33,41,74,12,0,4,300,17,50,73,5,4,3,0,4,17,1,188,4,6,1,12,6,20,123,64,6,38,173
2021,"Westminster 005","E02000964",5858,84,71,344,1,91,2,16,1,84,9,10,163,23,49,181,37,13,38,47,50,99,2,34,159,22,94,143,200,55,34,20,6,21,113,26,27,47,23,61,60,1,27,239,38,53,1,12,61,71,213,8,77,9,38,109,51,42,126,175,14,2,29,8,55,2,67,13,3,4,2,120,5,150,6,179,31,41,69,10,0,3,251,11,38,81,2,8,15,2,9,17,3,210,11,11,1,7,4,21,137,47,8,20,220
2021,"Westminster 006","E02000965",4725,122,69,484,3,77,2,34,0,65,4,14,183,25,37,215,31,15,40,63,41,38,0,21,145,31,178,205,232,93,49,24,3,18,95,19,24,29,12,18,22,0,23,186,63,26,3,15,77,82,262,2,54,3,29,42,21,30,82,78,9,0,16,6,26,2,20,11,2,4,3,48,2,61,2,68,16,13,22,9,0,4,113,6,42,33,2,2,1,1,2,12,1,73,5,3,2,5,2,10,49,22,2,12,123
2021,"Westminster 007","E02000966",5089,221,83,598,0,71,5,21,1,74,0,11,230,17,35,205,26,9,48,76,53,42,2,28,140,39,178,231,216,84,41,14,7,27,125,14,19,31,10,21,9,1,32,247,38,30,3,16,141,68,261,12,50,3,19,45,30,24,62,83,15,0,4,1,15,1,24,19,0,6,1,45,1,91,2,62,11,40,55,17,0,0,119,23,37,21,0,4,1,3,4,7,0,69,2,2,0,6,0,4,48,13,2,8,79
2021,"Westminster 008","E02000967",3202,167,50,364,0,66,1,5,2,54,2,8,127,9,18,135,25,7,14,70,32,27,2,21,93,13,121,289,175,54,26,9,0,14,44,10,25,39,5,7,7,0,3,94,23,17,0,19,95,63,158,2,20,1,8,38,17,12,58,72,2,0,5,1,7,0,11,2,0,3,1,17,0,31,2,29,8,7,31,2,1,0,48,6,20,13,0,4,1,1,0,6,1,18,0,1,0,0,0,3,29,7,1,5,41
2021,"Westminster 009","E02000968",5274,71,45,223,1,69,3,20,0,82,4,19,103,21,42,138,16,0,16,58,14,87,1,36,149,39,79,129,155,32,16,18,1,16,36,46,15,44,14,30,65,0,23,100,17,16,3,7,29,58,189,7,70,5,31,70,54,41,123,159,4,0,22,6,31,2,49,23,6,10,1,189,6,173,2,170,29,49,66,14,0,0,414,23,55,74,3,7,0,2,5,21,0,233,10,7,2,18,7,35,150,109,6,48,238
2021,"Westminster 010","E02000969",3846,44,39,145,0,70,1,14,0,71,7,13,63,10,38,135,17,6,19,30,15,144,0,35,127,21,65,84,109,28,16,14,6,12,59,16,23,44,10,32,32,0,19,102,19,18,0,9,33,41,118,3,30,1,22,47,41,25,79,95,2,3,11,18,12,0,27,22,4,6,1,91,7,111,6,142,25,43,35,6,0,3,248,8,32,55,3,6,2,3,5,17,12,181,3,5,1,11,4,19,108,45,3,28,156
2021,"Westminster 011","E02000970",3872,250,85,456,3,121,9,12,1,113,3,19,269,13,32,137,16,4,17,65,36,32,1,20,78,16,118,280,156,66,17,13,3,9,43,11,11,21,16,12,4,1,9,131,38,11,0,6,94,58,175,2,26,6,18,29,26,13,38,62,3,0,1,2,2,1,15,3,2,4,1,31,3,37,2,31,16,18,77,9,0,0,38,7,21,14,0,16,0,1,1,4,0,25,1,4,0,2,1,5,72,11,0,7,53
2021,"Westminster 012","E02000971",4125,188,63,408,1,79,6,27,3,78,4,6,215,20,47,149,24,3,36,77,26,59,1,53,128,16,133,358,193,51,21,11,11,14,65,8,19,23,9,12,10,0,12,129,40,19,0,8,104,69,181,3,37,2,15,52,17,14,37,76,2,0,1,1,7,0,7,3,4,2,1,36,2,36,1,29,13,23,56,3,0,0,119,12,37,31,0,4,26,1,3,9,0,44,0,3,0,3,1,5,34,16,1,10,69
2021,"Westminster 013","E02000972",4146,161,64,374,1,85,5,14,0,138,7,7,185,14,32,187,33,2,48,70,42,107,0,27,101,29,131,229,157,48,30,33,8,17,77,10,28,16,14,20,12,1,13,201,29,21,0,6,64,67,152,1,40,4,16,50,22,30,42,61,5,0,6,2,11,1,12,3,3,3,4,50,4,43,3,54,5,38,25,7,0,0,110,17,60,36,2,4,3,2,3,3,0,46,1,2,0,3,4,3,31,42,0,7,105
2021,"Westminster 014","E02000973",5629,241,90,612,1,92,3,25,4,109,4,10,202,20,59,187,39,6,44,66,52,52,4,24,135,26,174,256,237,71,34,26,7,16,129,15,25,46,18,40,35,0,21,275,58,37,1,17,104,78,288,6,48,2,30,50,29,30,65,132,8,0,3,6,12,2,28,31,1,5,2,63,6,83,6,92,35,28,51,27,1,13,153,19,54,38,4,6,3,2,1,13,7,62,0,5,0,8,19,7,60,37,1,31,89
2021,"Westminster 015","E02000974",4181,154,71,398,0,87,2,10,0,113,3,8,220,22,42,175,18,3,35,144,20,49,1,33,93,39,147,260,201,55,34,12,3,12,50,15,19,27,10,25,11,0,14,125,24,11,0,16,75,73,180,3,35,4,16,57,18,17,43,75,3,0,9,2,15,0,12,6,2,4,0,53,0,44,0,46,19,24,57,2,1,1,98,9,22,26,2,4,0,9,2,11,2,101,2,0,0,5,3,15,59,13,2,14,75
2021,"Westminster 016","E02000975",4309,148,62,410,1,88,0,17,0,79,2,18,185,12,65,209,19,11,45,69,27,27,2,32,105,33,135,288,232,70,31,6,5,25,70,11,22,34,7,15,6,1,9,154,46,24,0,11,98,74,221,3,51,4,17,47,23,24,48,82,17,0,6,0,5,2,29,4,3,4,1,53,8,61,4,46,26,36,28,9,0,0,102,4,33,30,1,5,0,3,2,9,0,31,0,3,1,6,5,5,44,14,3,5,101
2021,"Westminster 017","E02000976",4551,137,77,377,2,86,4,16,2,62,10,13,185,18,38,231,41,6,37,102,27,40,1,36,142,20,135,276,258,69,25,18,6,18,80,19,24,36,14,13,16,1,14,135,34,25,1,10,80,90,275,3,36,3,15,67,16,35,76,91,2,1,3,4,18,1,12,2,2,6,2,57,3,46,5,43,27,37,37,6,2,0,125,5,27,33,1,5,2,3,3,10,2,48,0,4,0,4,7,9,47,21,3,17,135
2021,"Westminster 018","E02000977",3361,145,60,294,1,77,15,8,3,99,4,6,165,6,16,107,13,4,13,49,24,18,1,29,66,16,134,188,146,37,9,15,6,12,68,7,18,24,17,18,6,0,181,134,20,15,4,5,73,30,107,0,18,1,8,25,16,16,46,59,4,0,2,2,21,2,14,5,6,3,1,55,4,54,3,35,12,19,71,9,0,0,54,7,26,40,0,5,0,0,2,5,1,28,1,2,2,8,3,3,40,19,1,4,86
2021,"Westminster 019","E02000978",3169,292,56,351,6,79,26,16,0,43,3,9,221,11,15,46,8,0,12,64,19,8,2,18,67,14,112,138,94,27,14,6,1,8,52,15,6,8,11,7,7,0,144,97,32,11,3,4,67,52,101,0,10,2,11,31,8,8,27,51,0,1,1,2,6,0,16,0,1,1,0,39,0,56,5,27,3,9,123,22,1,2,31,5,14,17,0,2,1,2,0,1,3,48,0,0,1,2,0,3,85,12,0,18,58
2021,"Westminster 020","E02000979",4101,193,52,373,0,68,13,10,3,50,4,19,145,21,36,118,12,9,21,71,19,36,0,21,113,21,149,362,195,71,29,32,9,14,55,13,15,21,10,21,18,0,69,133,12,17,5,7,93,68,173,4,31,2,55,46,26,24,42,79,15,3,8,5,20,0,20,4,0,6,1,47,8,44,16,58,16,17,42,10,0,0,89,4,23,30,1,2,2,2,1,3,1,40,2,7,0,6,2,8,62,36,3,10,99
2021,"Westminster 021","E02000980",4386,132,47,289,2,75,7,24,0,55,7,20,132,23,30,151,21,4,24,61,30,47,0,21,160,25,136,255,219,46,27,15,2,16,92,13,19,24,14,26,27,0,23,129,15,14,0,13,79,71,166,5,32,6,77,73,25,18,65,109,3,0,5,3,15,0,12,6,4,6,2,61,4,80,2,94,30,27,42,4,0,0,184,10,43,51,3,4,3,4,3,8,1,133,2,5,0,7,1,9,105,37,1,8,126
2021,"Westminster 022","E02000981",4820,184,52,393,1,72,14,18,1,88,23,16,167,18,58,140,27,9,32,62,38,43,1,24,140,32,215,350,267,72,40,10,9,17,104,19,20,28,7,21,15,1,13,145,64,23,2,9,110,78,251,10,39,18,63,43,38,28,65,85,10,1,10,3,25,2,36,12,3,8,3,67,5,58,0,52,24,18,45,7,1,2,121,7,45,29,3,5,1,1,3,18,1,71,2,11,1,13,4,10,31,25,0,10,84
2021,"Westminster 023","E02000982",3562,116,44,264,1,65,1,13,3,48,4,15,139,10,26,110,19,5,16,53,17,46,4,18,91,17,91,145,152,53,29,18,4,16,55,10,14,17,7,25,18,1,17,101,28,18,1,6,53,59,129,3,25,2,43,42,32,23,52,58,10,1,2,5,16,1,25,16,2,4,1,63,5,79,3,77,15,29,64,11,0,3,129,9,42,41,1,6,1,3,3,24,0,105,2,10,0,17,5,8,88,30,14,11,89
2021,"Westminster 024","E02000983",3807,95,56,267,1,54,2,18,0,54,8,9,115,12,43,141,14,6,21,53,21,58,2,17,115,16,97,192,186,53,21,15,10,10,69,13,31,19,15,24,12,0,22,116,24,14,3,13,66,66,141,9,50,8,47,53,26,29,75,101,5,1,11,7,29,0,29,12,3,4,1,66,5,79,1,59,16,20,65,7,1,2,103,4,22,37,1,4,1,2,6,13,0,112,3,5,0,8,1,12,82,30,1,9,100
