"date","geography","geography code","Industry (current): Total: All usual residents aged 16 years and over in employment the week before the census","Industry (current): A: Agriculture, Forestry and fishing","Industry (current): 01 Crop and animal production, hunting and related service activities","Industry (current): 02 Forestry and logging","Industry (current): 03 Fishing and aquaculture","Industry (current): B: Mining and quarrying","Industry (current): 05 Mining of coal and lignite","Industry (current): 06 Extraction of crude petroleum and natural gas","Industry (current): 07 Mining of metal ores","Industry (current): 08 Other mining and quarrying","Industry (current): 09 Mining support service activities","Industry (current): C: Manufacturing","Industry (current): 10 Manufacture of food products","Industry (current): 11 Manufacture of beverages","Industry (current): 12 Manufacture of tobacco products","Industry (current): 13 Manufacture of textiles","Industry (current): 14 Manufacture of wearing apparel","Industry (current): 15 Manufacture of leather and related products","Industry (current): 16 Manufacture of wood and of products of wood and cork, except furniture; manufacture of articles of straw and plaiting materials","Industry (current): 17 Manufacture of paper and paper products","Industry (current): 18 Printing and reproduction of recorded media","Industry (current): 19 Manufacture of coke and refined petroleum products","Industry (current): 20 Manufacture of chemicals and chemical products","Industry (current): 21 Manufacture of basic pharmaceutical products and pharmaceutical preparations","Industry (current): 22 Manufacture of rubber and plastic products","Industry (current): 23 Manufacture of other non-metallic mineral products","Industry (current): 24 Manufacture of basic metals","Industry (current): 25 Manufacture of fabricated metal products, except machinery and equipment","Industry (current): 26 Manufacture of computer, electrical and optical products","Industry (current): 27 Manufacture of electrical equipment","Industry (current): 28 Manufacture of machinery and equipment not otherwise specified","Industry (current): 29 Manufacture of motor vehicles, trailers and semi-trailers","Industry (current): 30 Manufacture of other transport equipment","Industry (current): 31 Manufacture of furniture","Industry (current): 32 Other Manufacturing","Industry (current): 33 Repair and installation of machinery and equipment","Industry (current): D: Electricity, gas, steam and air conditioning supply","Industry (current): 35 Electricity, gas, steam and air conditioning supply","Industry (current): E:  Water supply; Sewerage, Waste management and Remediation activities","Industry (current): 36 Water collection, treatment and supply","Industry (current): 37 Sewerage","Industry (current): 38 Waste collection, treatment and disposal activities; materials recovery","Industry (current): 39 Remediation activities and other waste management services","Industry (current): F: Construction","Industry (current): 41 Construction of buildings; 42 Civil engineering; 43 Specialised construction activities","Industry (current): G: Wholesale and retail trade; repair of motor vehicles and motorcycles","Industry (current): 45 Wholesale and retail trade and repair of motor vehicles and motorcycles","Industry (current): 46 Wholesale trade, except of motor vehicles and motorcycles","Industry (current): 47 Retail trade, except of motor vehicles and motorcycles","Industry (current): 48 Wholesale and retail not otherwise specified","Industry (current): H: Transport and storage","Industry (current): 49 Land transport and transport via pipelines","Industry (current): 50 Water transport","Industry (current): 51 Air transport","Industry (current): 52 Warehousing and support activities for transportation","Industry (current): 53 Postal and courier activities","Industry (current): I: Accommodation and food service activities","Industry (current): 55 Accommodation","Industry (current): 56 Food and beverage service activities","Industry (current): J: Information and communication","Industry (current): 58 Publishing activities","Industry (current): 59 Motion picture, video and television production, sound recording and music publishing activities","Industry (current): 60 Programming and broadcasting activities","Industry (current): 61 Telecommunications","Industry (current): 62 Computer programming, consultancy and related activities","Industry (current): 63 Information service activities","Industry (current): K: Financial and insurance activities","Industry (current): 64 Financial service activities, except insurance and pension funding","Industry (current): 65 Insurance, reinsurance and pension funding, except compulsory social security","Industry (current): 66 Activities auxiliary to financial services and insurance activities","Industry (current): L: Real estate activities","Industry (current): 68 Real estate activities","Industry (current): M: Professional, scientific and technical activities","Industry (current): 69 Legal and accounting activities","Industry (current): 70 Activities of head offices; management consultancy activities","Industry (current): 71 Architectural and engineering activities; technical testing and analysis","Industry (current): 72 Scientific research and development","Industry (current): 73 Advertising and market research","Industry (current): 74 Other professional, scientific and technical activities","Industry (current): 75 Veterinary activities","Industry (current): N: Administrative and support service activities","Industry (current): 77 Rental and leasing activities","Industry (current): 78 Employment activities","Industry (current): 79 Travel agency, tour operator and other reservation service and related activities","Industry (current): 80 Security and investigation activities","Industry (current): 81 Services to buildings and landscape activities","Industry (current): 82 Office administrative, office support and other business support activities","Industry (current): O: Public administration and defence; compulsory social security","Industry (current): 84 Public administration and defence; compulsory social security","Industry (current): P: Education","Industry (current): 85 Education","Industry (current): Q: Human health and social work activities","Industry (current): 86 Human health activities","Industry (current): 87 Residential care activities","Industry (current): 88 Social work activities without accommodation","Industry (current): R, S, T, U Other","Industry (current): 90 Creative, arts and entertainment activities","Industry (current): 91 Libraries, archives, museums and other cultural activities","Industry (current): 92 Gambling and betting activities","Industry (current): 93 Sports activities and amusement and recreation activities","Industry (current): 94 Activities of membership organisations","Industry (current): 95 Repair of computers and personal and household goods","Industry (current): 96 Other personal service activities","Industry (current): 97 Activities of households as employers of domestic personnel","Industry (current): 98 Undifferentiated goods- and services-producing activities of private households for own use","Industry (current): 99 Activities of extraterritorial organisations and bodies"
2021,"City of London 001","E02000001",5352,0,0,0,0,1,0,1,0,0,0,107,7,8,1,3,10,0,2,1,14,2,1,13,1,3,0,0,7,2,0,14,2,1,15,0,2,2,2,1,0,1,0,118,118,309,7,43,253,6,68,29,9,4,14,12,178,21,157,589,44,68,32,27,381,37,1063,601,86,376,88,88,1265,545,192,219,65,135,108,1,194,3,37,26,23,67,38,220,220,375,375,340,271,5,64,433,230,39,14,20,83,1,31,5,0,10
2021,"Barking and Dagenham 001","E02000002",3237,1,0,0,1,1,0,1,0,0,0,89,14,1,0,2,4,0,0,1,3,0,3,11,1,1,1,5,8,2,6,16,0,2,5,3,8,8,19,2,5,12,0,503,503,467,29,72,357,9,213,142,5,2,24,40,193,21,172,106,3,13,5,15,68,2,98,56,22,20,51,51,156,86,16,19,3,19,9,4,216,8,26,5,50,107,20,164,164,289,289,586,345,66,175,77,12,1,7,19,11,2,25,0,0,0
2021,"Barking and Dagenham 002","E02000003",5241,2,1,1,0,1,0,1,0,0,0,137,18,3,0,6,8,1,1,1,10,1,1,13,5,4,0,8,8,0,4,22,1,7,10,5,9,9,35,4,1,29,1,740,740,717,43,113,549,12,402,238,3,2,66,93,269,47,222,231,9,10,6,33,170,3,200,113,33,54,102,102,289,156,26,40,4,35,23,5,378,9,43,12,99,184,31,293,293,468,468,749,456,74,219,219,27,15,15,26,36,1,91,6,0,2
2021,"Barking and Dagenham 003","E02000004",3113,0,0,0,0,0,0,0,0,0,0,119,7,1,0,1,3,3,2,0,12,0,3,10,5,2,3,10,4,3,1,27,0,7,12,3,7,7,32,6,4,21,1,444,444,397,43,65,285,4,239,154,3,1,29,52,121,13,108,122,3,3,5,32,75,4,122,68,29,25,50,50,169,83,19,16,7,27,14,3,194,13,24,6,27,99,25,190,190,289,289,517,343,45,129,101,13,3,5,23,20,2,32,2,0,1
2021,"Barking and Dagenham 004","E02000005",4867,0,0,0,0,1,0,1,0,0,0,157,15,4,0,2,7,1,0,0,14,1,4,9,3,5,5,15,8,1,3,33,1,4,20,2,16,16,29,8,5,14,2,633,633,730,59,124,533,14,359,234,6,1,47,71,263,27,236,213,3,5,1,38,162,4,171,103,36,32,77,77,225,98,26,42,11,28,20,0,349,23,42,7,77,166,34,249,249,415,415,817,503,105,209,163,17,7,19,34,22,7,54,3,0,0
2021,"Barking and Dagenham 006","E02000007",4265,1,1,0,0,1,0,0,0,1,0,129,21,5,0,1,9,2,0,0,11,1,2,10,7,3,1,8,5,1,4,15,1,4,14,4,13,13,28,2,7,19,0,546,546,639,37,122,472,8,315,196,6,4,45,64,245,39,206,124,7,1,4,20,90,2,133,72,33,28,49,49,157,68,17,31,4,22,11,4,360,16,33,13,89,183,26,207,207,398,398,777,471,99,207,143,17,8,8,22,26,3,53,5,0,1
2021,"Barking and Dagenham 007","E02000008",5696,1,0,0,1,0,0,0,0,0,0,225,42,1,1,6,21,1,2,0,16,0,6,8,5,12,2,12,14,1,8,34,3,9,16,5,16,16,38,5,5,25,3,838,838,846,74,157,605,10,492,295,8,4,77,108,297,37,260,153,10,11,2,30,96,4,146,63,42,41,60,60,184,98,24,15,7,20,17,3,515,33,43,6,100,290,43,262,262,526,526,871,548,92,231,226,21,9,13,42,44,10,79,4,0,4
2021,"Barking and Dagenham 008","E02000009",5430,1,1,0,0,2,0,1,0,1,0,142,27,1,0,0,2,0,1,0,18,0,3,12,6,4,9,11,7,0,5,20,3,1,9,3,14,14,25,7,1,16,1,772,772,822,64,149,597,12,474,284,8,5,74,103,312,39,273,183,3,12,2,35,122,9,184,111,31,42,72,72,220,101,27,27,18,21,22,4,438,20,42,10,92,236,38,230,230,461,461,867,548,99,220,211,29,9,24,24,39,0,81,3,0,2
2021,"Barking and Dagenham 009","E02000010",4230,1,0,0,1,0,0,0,0,0,0,147,18,4,0,2,10,0,0,0,9,0,3,9,5,2,4,16,3,0,9,23,1,10,13,6,11,11,28,12,2,13,1,702,702,584,44,115,416,9,301,172,5,3,55,66,238,28,210,96,7,10,3,18,56,2,93,51,17,25,35,35,166,84,20,23,6,16,14,3,322,10,27,8,61,186,30,198,198,420,420,752,480,83,189,136,21,5,12,27,22,3,41,5,0,0
2021,"Barking and Dagenham 010","E02000011",3098,3,2,1,0,1,0,1,0,0,0,96,16,1,0,3,7,0,1,0,8,1,2,7,1,3,4,7,2,2,3,13,0,3,9,3,3,3,20,1,1,17,1,500,500,381,26,83,266,6,289,179,5,2,46,57,177,22,155,95,7,10,2,17,57,2,87,55,16,16,41,41,135,69,13,19,3,23,8,0,251,7,30,5,58,133,18,154,154,239,239,523,323,73,127,103,17,2,9,16,22,3,29,4,0,1
2021,"Barking and Dagenham 011","E02000012",5027,2,1,0,1,1,0,1,0,0,0,133,27,5,0,3,20,0,1,0,11,0,3,5,5,1,2,7,5,0,1,20,3,7,7,0,13,13,17,0,1,15,1,480,480,709,49,96,548,16,447,327,9,6,37,68,275,41,234,191,12,9,6,39,121,4,232,144,24,64,110,110,281,146,42,30,17,31,11,4,297,22,35,16,71,117,36,338,338,658,658,679,416,60,203,164,24,9,13,22,18,8,68,2,0,0
2021,"Barking and Dagenham 012","E02000013",3999,0,0,0,0,0,0,0,0,0,0,148,30,2,0,4,9,1,4,1,11,0,2,6,1,5,5,9,4,0,5,20,5,5,18,1,7,7,31,4,4,22,1,620,620,540,37,79,410,14,284,178,6,2,43,55,238,39,199,96,3,6,0,13,70,4,105,60,25,20,61,61,132,54,21,30,2,11,9,5,369,15,30,10,74,207,33,192,192,339,339,678,426,75,177,159,23,11,17,25,19,1,52,11,0,0
2021,"Barking and Dagenham 013","E02000014",4388,3,3,0,0,1,0,1,0,0,0,133,26,4,0,2,4,3,2,2,2,0,2,9,0,5,5,14,4,2,6,16,3,8,9,5,16,16,28,3,5,20,0,691,691,628,45,125,451,7,364,208,11,1,67,77,259,35,224,84,2,6,2,17,51,6,92,50,11,31,56,56,138,70,16,18,2,16,12,4,411,16,31,7,87,246,24,183,183,399,399,753,447,96,210,149,17,4,6,26,26,6,53,7,0,4
2021,"Barking and Dagenham 014","E02000015",3516,2,2,0,0,1,0,1,0,0,0,112,14,2,0,2,3,3,1,0,15,0,6,7,0,4,2,6,2,2,5,23,2,2,10,1,17,17,33,4,6,21,2,477,477,478,25,80,357,16,292,191,3,5,41,52,193,21,172,104,8,9,4,18,62,3,88,59,11,18,66,66,120,53,10,24,9,12,10,2,302,14,21,9,64,172,22,160,160,269,269,666,379,107,180,136,21,8,17,19,24,3,43,1,0,0
2021,"Barking and Dagenham 015","E02000016",4551,0,0,0,0,1,0,1,0,0,0,137,35,4,0,2,9,5,0,0,6,0,8,4,4,3,2,20,2,1,4,12,1,1,13,1,5,5,10,3,1,6,0,460,460,627,20,100,491,16,296,180,4,3,60,49,345,56,289,393,8,10,6,26,335,8,210,134,17,59,49,49,227,89,38,27,12,44,17,0,408,8,39,14,105,202,40,197,197,345,345,655,394,67,194,186,41,10,16,28,18,2,60,5,0,6
2021,"Barking and Dagenham 016","E02000017",4147,1,1,0,0,0,0,0,0,0,0,139,31,0,0,5,14,0,1,0,6,0,9,9,3,1,2,10,6,5,3,11,3,4,11,5,2,2,15,4,1,10,0,665,665,594,31,106,442,15,303,192,3,5,37,66,286,39,247,183,9,16,6,30,118,4,151,93,19,39,65,65,225,123,44,19,7,19,13,0,397,10,19,21,83,227,37,225,225,337,337,454,274,45,135,105,24,4,10,14,17,2,32,1,0,1
2021,"Barking and Dagenham 017","E02000018",3997,3,2,1,0,1,0,0,0,1,0,120,16,2,0,2,4,0,2,0,9,0,2,5,2,3,2,13,6,1,6,22,6,2,7,8,7,7,23,2,2,17,2,625,625,552,43,93,407,9,330,228,5,4,46,47,225,34,191,118,5,5,4,28,70,6,111,70,15,26,54,54,152,83,11,14,8,16,14,6,339,16,29,8,60,197,29,200,200,341,341,636,391,67,178,160,18,8,15,22,17,4,70,6,0,0
2021,"Barking and Dagenham 018","E02000019",4152,0,0,0,0,1,0,1,0,0,0,138,19,1,1,3,9,2,2,0,14,2,1,8,1,9,6,7,4,1,0,19,3,10,12,4,12,12,25,5,2,13,5,549,549,607,37,118,442,10,329,202,12,2,50,63,210,28,182,139,6,13,3,30,81,6,104,62,19,23,53,53,156,67,19,27,11,20,9,3,365,14,26,13,75,206,31,189,189,338,338,777,514,87,176,160,18,10,16,29,20,4,58,4,0,1
2021,"Barking and Dagenham 019","E02000020",6266,5,5,0,0,1,0,1,0,0,0,173,37,2,0,2,17,0,0,3,7,0,8,10,7,7,3,13,8,1,2,17,0,6,19,4,19,19,31,6,3,18,4,819,819,889,54,152,666,17,484,318,7,5,74,80,393,68,325,249,17,21,9,34,163,5,216,145,26,45,115,115,345,157,47,62,24,36,17,2,539,20,44,24,101,310,40,294,294,569,569,913,614,76,223,212,39,7,26,30,32,6,69,0,0,3
2021,"Barking and Dagenham 020","E02000021",3708,0,0,0,0,1,0,0,0,1,0,119,14,0,0,0,10,0,4,1,14,0,4,4,0,0,3,14,2,5,2,16,2,7,14,3,8,8,19,2,2,15,0,514,514,526,33,99,384,10,301,190,10,2,47,52,215,31,184,97,4,12,4,15,60,2,105,60,22,23,51,51,111,60,5,21,4,10,9,2,354,6,26,5,74,211,32,178,178,275,275,693,430,103,160,141,9,7,11,21,22,8,61,2,0,0
2021,"Barking and Dagenham 021","E02000022",3352,2,2,0,0,0,0,0,0,0,0,79,17,1,1,0,2,0,1,0,5,1,6,5,0,1,1,7,2,0,2,10,1,7,7,2,8,8,21,2,2,16,1,305,305,429,31,69,325,4,258,170,0,3,50,35,222,39,183,147,6,7,5,25,96,8,135,90,11,34,48,48,188,84,23,24,5,41,11,0,282,13,38,4,85,120,22,173,173,313,313,610,372,70,168,132,30,14,11,14,8,12,38,1,0,4
2021,"Barking and Dagenham 022","E02000023",3227,3,3,0,0,0,0,0,0,0,0,93,19,3,0,1,6,0,0,0,6,0,3,9,2,5,1,6,3,2,3,7,3,6,7,1,4,4,25,2,4,16,3,315,315,434,20,82,326,6,286,188,5,1,43,49,167,24,143,99,4,4,3,13,74,1,88,50,16,22,53,53,119,62,11,15,8,15,5,3,289,5,36,6,93,128,21,166,166,301,301,694,439,91,164,91,17,2,9,17,10,3,32,1,0,0
2021,"Barking and Dagenham 023","E02006799",5095,6,6,0,0,0,0,0,0,0,0,152,23,3,0,1,13,0,1,0,18,0,5,17,4,5,2,10,8,2,7,9,0,7,13,4,11,11,35,6,2,26,1,705,705,751,61,134,541,15,411,258,4,4,63,82,277,30,247,183,10,12,5,25,122,9,165,94,33,38,65,65,210,96,24,24,13,36,12,5,387,17,28,10,84,215,33,246,246,486,486,827,515,94,218,178,16,7,20,26,27,11,68,3,0,0
2021,"Barnet 001","E02000024",5321,2,2,0,0,4,0,3,0,0,1,130,10,3,0,2,9,0,1,0,15,0,2,17,3,3,0,3,18,3,0,13,2,3,21,2,8,8,15,3,1,9,2,376,376,530,42,80,395,13,148,85,1,8,25,29,196,19,177,481,43,101,37,42,246,12,314,155,47,112,145,145,651,255,98,73,42,114,61,8,195,12,43,19,12,78,31,250,250,744,744,780,530,47,203,352,135,26,14,71,53,5,42,4,0,2
2021,"Barnet 002","E02000025",4196,7,7,0,0,11,0,8,2,0,1,100,8,3,0,2,7,0,0,1,5,1,3,14,2,5,0,13,7,3,0,8,2,6,6,4,36,36,8,2,1,5,0,350,350,439,31,82,305,21,152,104,1,5,11,31,158,9,149,293,30,34,29,26,162,12,210,90,52,68,99,99,456,186,59,61,36,74,35,5,232,3,37,27,24,113,28,177,177,588,588,589,375,37,177,291,90,10,9,43,40,4,92,1,0,2
2021,"Barnet 003","E02000026",2981,0,0,0,0,0,0,0,0,0,0,116,12,2,1,1,11,2,0,0,6,0,5,17,3,1,3,5,6,2,5,8,2,3,18,3,12,12,5,2,0,3,0,232,232,366,29,79,241,17,94,55,3,2,10,24,110,14,96,206,26,31,12,26,106,5,182,79,34,69,109,109,323,144,50,39,16,46,25,3,138,5,29,17,12,52,23,145,145,382,382,375,248,20,107,186,52,8,5,25,34,1,60,1,0,0
2021,"Barnet 004","E02000027",4431,1,1,0,0,5,0,4,1,0,0,137,8,3,0,2,14,1,1,0,10,0,7,20,0,2,4,6,8,5,7,10,3,8,13,5,6,6,11,3,3,5,0,391,391,507,33,81,380,13,214,135,4,4,22,49,190,13,177,324,19,32,16,37,210,10,198,108,35,55,78,78,400,158,71,69,18,56,23,5,256,6,41,18,30,135,26,192,192,556,556,719,466,64,189,246,79,11,11,32,30,9,65,3,0,6
2021,"Barnet 005","E02000028",3265,3,2,0,1,1,0,1,0,0,0,106,11,6,0,5,11,0,0,0,3,2,1,14,4,3,2,6,7,2,1,7,2,5,14,0,12,12,9,1,0,7,1,295,295,394,19,76,290,9,101,62,1,1,23,14,125,14,111,245,22,35,14,22,141,11,201,92,38,71,94,94,350,149,51,46,28,48,22,6,172,2,36,17,13,83,21,141,141,401,401,449,285,40,124,166,46,6,7,34,25,2,43,2,0,1
2021,"Barnet 006","E02000029",4617,3,3,0,0,5,0,1,1,3,0,158,16,8,1,0,23,0,1,2,8,1,3,18,4,0,1,7,8,3,18,10,1,6,17,2,16,16,6,3,0,3,0,543,543,554,37,85,418,14,214,141,4,4,17,48,222,14,208,292,19,35,14,39,175,10,197,98,35,64,91,91,399,155,46,55,25,60,41,17,256,6,31,20,27,144,28,199,199,630,630,597,357,33,207,235,59,8,9,33,46,5,69,4,0,2
2021,"Barnet 007","E02000030",4375,5,5,0,0,6,0,6,0,0,0,152,19,1,1,16,13,3,2,0,4,0,5,16,4,4,2,9,9,3,1,8,3,3,26,0,14,14,8,3,1,3,1,369,369,522,37,147,327,11,112,67,9,5,11,20,161,21,140,300,26,45,17,24,180,8,325,176,43,106,210,210,594,276,100,68,25,87,36,2,199,10,39,21,18,82,29,132,132,430,430,606,413,46,147,230,69,5,10,44,34,6,57,4,0,1
2021,"Barnet 008","E02000031",4091,6,4,0,2,5,0,5,0,0,0,144,20,8,0,2,15,0,3,0,5,1,4,19,4,3,3,7,16,1,1,11,2,3,16,0,12,12,4,2,1,1,0,311,311,422,25,63,316,18,97,61,6,0,12,18,139,19,120,349,31,43,20,39,210,6,364,195,62,107,150,150,571,275,95,55,22,92,31,1,179,4,50,20,9,62,34,150,150,431,431,534,385,34,115,223,68,11,6,30,44,6,50,3,0,5
2021,"Barnet 009","E02000032",3798,8,8,0,0,4,0,4,0,0,0,109,7,1,1,7,11,0,0,0,15,0,6,13,6,1,1,4,5,0,2,5,1,7,16,0,16,16,14,8,0,6,0,307,307,483,51,80,337,15,124,81,2,11,10,20,133,23,110,265,14,30,16,50,146,9,215,114,31,70,145,145,441,217,76,39,26,46,34,3,148,5,25,15,17,58,28,184,184,516,516,492,336,27,129,194,48,10,6,24,23,4,73,2,0,4
2021,"Barnet 010","E02000033",4287,4,4,0,0,3,0,3,0,0,0,93,12,2,0,3,11,1,1,1,8,0,3,10,3,2,1,7,7,0,3,2,3,3,10,0,19,19,20,7,1,7,5,469,469,574,54,88,423,9,190,133,8,5,18,26,211,22,189,239,22,23,19,38,130,7,164,87,32,45,111,111,402,157,57,64,18,73,26,7,225,5,28,23,24,125,20,232,232,561,561,540,340,34,166,230,67,7,3,44,28,3,70,5,0,3
2021,"Barnet 011","E02000034",4439,3,3,0,0,5,0,5,0,0,0,109,11,3,0,5,9,2,3,0,5,1,2,13,4,1,5,7,6,2,1,5,3,4,12,5,13,13,13,3,1,8,1,398,398,548,37,90,409,12,164,92,7,7,15,43,211,21,190,274,31,27,12,26,167,11,229,119,24,86,138,138,515,194,71,79,30,78,55,8,237,11,38,27,19,120,22,177,177,570,570,575,344,57,174,260,91,6,7,43,26,4,72,3,0,8
2021,"Barnet 012","E02000035",4321,2,1,0,1,1,0,1,0,0,0,154,13,10,0,1,24,3,0,3,6,2,5,15,4,0,3,1,22,1,0,20,3,4,11,3,4,4,6,2,0,4,0,346,346,494,26,79,372,17,129,67,13,1,16,32,204,22,182,352,38,42,19,24,204,25,277,153,43,81,120,120,530,206,86,75,38,86,34,5,215,6,42,27,16,98,26,164,164,453,453,604,398,55,151,266,91,10,14,28,38,4,68,5,0,8
2021,"Barnet 013","E02000036",5258,3,3,0,0,6,0,5,1,0,0,141,19,5,0,4,8,1,0,0,7,0,8,21,2,8,2,10,4,1,3,6,1,4,26,1,18,18,12,5,1,6,0,579,579,712,71,115,502,24,233,151,5,6,16,55,210,30,180,290,22,38,28,27,163,12,240,129,41,70,159,159,481,241,69,49,21,62,33,6,316,4,37,24,35,179,37,206,206,666,666,719,467,47,205,267,37,10,7,33,71,5,94,4,0,6
2021,"Barnet 014","E02000037",4983,4,4,0,0,3,0,2,1,0,0,198,27,7,0,1,17,0,1,0,8,1,5,31,7,5,3,16,9,1,5,8,4,5,36,1,12,12,12,4,1,7,0,406,406,644,34,119,475,16,200,145,2,11,17,25,110,16,94,313,17,22,13,29,220,12,315,179,44,92,173,173,628,343,107,53,23,56,42,4,250,12,37,28,45,91,37,158,158,619,619,720,487,37,196,218,50,11,9,33,48,4,59,3,0,1
2021,"Barnet 015","E02000038",5245,6,6,0,0,4,0,4,0,0,0,142,15,3,0,2,17,4,3,0,7,0,7,12,3,3,4,8,8,2,7,13,1,8,14,1,8,8,9,1,1,7,0,465,465,689,44,120,504,21,187,110,8,11,13,45,249,33,216,373,46,54,20,39,206,8,267,147,40,80,145,145,551,183,103,84,30,88,61,2,285,8,46,20,27,148,36,204,204,630,630,701,446,41,214,330,115,13,9,54,32,6,86,7,0,8
2021,"Barnet 016","E02000039",3530,3,3,0,0,4,0,4,0,0,0,108,15,2,0,5,10,3,0,3,4,0,4,14,1,2,1,5,8,4,2,8,1,2,14,0,9,9,6,4,2,0,0,313,313,440,13,75,340,12,105,61,2,6,13,23,145,16,129,216,25,28,12,22,124,5,259,128,35,96,185,185,498,223,90,49,24,84,25,3,193,6,49,18,10,86,24,103,103,364,364,412,284,17,111,167,38,4,20,23,24,2,48,2,0,6
2021,"Barnet 017","E02000040",4327,5,5,0,0,9,0,7,1,1,0,149,21,5,1,3,20,0,1,0,7,1,3,21,1,5,2,7,9,2,3,6,1,3,26,1,27,27,6,4,0,2,0,299,299,525,27,108,365,25,138,95,6,5,13,19,156,23,133,323,31,33,18,30,196,15,312,177,40,95,174,174,515,202,76,61,40,81,47,8,223,5,44,24,25,97,28,155,155,466,466,560,395,32,133,285,79,12,9,45,50,5,67,4,0,14
2021,"Barnet 018","E02000041",4479,0,0,0,0,7,0,6,0,1,0,108,24,1,1,1,5,1,1,1,4,0,2,12,5,3,1,11,4,4,1,5,3,3,14,1,19,19,11,2,5,4,0,531,531,581,44,102,416,19,203,141,2,6,20,34,296,31,265,221,17,21,13,25,138,7,197,108,22,67,106,106,403,213,55,42,21,43,24,5,321,9,43,19,28,199,23,173,173,462,462,626,419,51,156,214,37,3,15,26,32,8,83,3,0,7
2021,"Barnet 019","E02000042",5576,2,2,0,0,4,0,3,1,0,0,154,16,11,2,3,19,2,2,2,5,0,6,15,1,1,4,5,17,2,2,7,4,0,26,2,16,16,8,2,0,6,0,475,475,672,28,106,515,23,208,103,13,13,27,52,330,44,286,508,46,94,30,49,273,16,305,164,38,103,138,138,581,188,73,75,55,118,64,8,338,8,37,34,18,207,34,201,201,631,631,653,426,45,182,352,117,15,15,52,65,5,65,7,0,11
2021,"Barnet 020","E02000043",3635,2,1,0,1,6,0,4,0,0,2,122,12,5,2,4,12,2,3,0,3,1,3,12,4,5,8,3,5,4,3,13,1,5,10,2,13,13,4,1,0,3,0,223,223,382,20,96,257,9,88,52,5,4,11,16,130,20,110,317,25,48,19,16,191,18,310,194,42,74,114,114,542,206,104,60,31,89,46,6,144,3,29,18,12,57,25,155,155,411,411,466,323,18,125,206,60,11,8,23,42,4,44,4,0,10
2021,"Barnet 021","E02000044",4204,3,3,0,0,0,0,0,0,0,0,113,21,1,0,1,10,2,0,1,5,0,7,12,4,3,1,4,7,1,0,3,0,7,22,1,11,11,16,3,8,5,0,533,533,577,41,91,426,19,261,193,3,10,11,44,240,20,220,179,8,19,13,25,106,8,164,74,20,70,92,92,332,158,47,34,26,38,26,3,267,13,31,19,49,128,27,140,140,392,392,680,429,73,178,204,43,10,15,36,26,8,57,5,0,4
2021,"Barnet 022","E02000045",4963,3,3,0,0,2,0,2,0,0,0,108,15,4,0,4,11,2,2,0,4,0,5,15,0,1,4,3,4,0,7,8,1,3,14,1,9,9,20,5,3,10,2,446,446,688,51,98,512,27,208,142,0,2,12,52,271,27,244,294,40,58,24,23,145,4,194,102,24,68,106,106,440,151,61,63,41,82,37,5,274,7,39,19,34,140,35,189,189,637,637,682,371,42,269,392,130,21,18,56,48,4,92,11,0,12
2021,"Barnet 023","E02000046",3824,4,4,0,0,2,0,2,0,0,0,84,10,0,1,3,7,0,0,0,7,0,3,10,0,3,1,5,4,1,3,6,2,2,16,0,12,12,6,3,0,3,0,319,319,424,17,58,333,16,94,47,4,6,13,24,208,23,185,350,42,39,17,25,214,13,220,114,28,78,85,85,480,192,64,51,28,100,39,6,195,6,34,22,18,85,30,145,145,437,437,495,333,29,133,264,106,12,7,36,34,4,52,9,0,4
2021,"Barnet 024","E02000047",5445,3,3,0,0,1,0,1,0,0,0,142,26,4,0,2,6,0,0,0,9,0,6,22,4,5,1,7,5,0,7,6,0,8,19,5,16,16,12,4,1,7,0,836,836,760,55,124,564,17,333,232,1,8,26,66,382,35,347,199,7,21,11,24,127,9,122,70,17,35,90,90,285,133,35,31,15,43,27,1,433,22,37,21,63,263,27,224,224,469,469,882,556,100,226,256,36,14,17,29,44,4,91,11,0,10
2021,"Barnet 025","E02000048",4830,3,3,0,0,4,0,3,0,0,1,142,23,1,1,5,12,0,0,0,7,2,3,20,1,3,1,6,9,2,6,8,3,4,25,0,15,15,4,0,0,4,0,379,379,564,23,111,405,25,137,91,3,4,12,27,190,22,168,337,27,43,20,36,186,25,285,164,36,85,188,188,620,273,103,61,39,104,35,5,221,8,52,25,24,82,30,189,189,547,547,684,463,48,173,321,93,9,16,36,58,6,86,9,0,8
2021,"Barnet 026","E02000049",4655,1,1,0,0,1,0,1,0,0,0,120,26,2,0,4,4,0,1,0,9,0,4,14,3,5,1,4,6,1,3,9,0,7,17,0,24,24,18,7,1,9,1,490,490,589,33,87,455,14,294,209,5,5,19,56,301,39,262,246,5,25,19,33,156,8,167,93,23,51,71,71,315,122,49,50,20,46,25,3,368,15,45,30,44,212,22,178,178,456,456,780,475,84,221,236,36,21,21,31,34,6,76,4,0,7
2021,"Barnet 027","E02000050",4920,1,1,0,0,7,0,6,1,0,0,131,16,11,0,1,10,0,1,0,5,1,11,16,1,5,4,0,9,0,4,13,1,4,18,0,18,18,7,2,0,5,0,356,356,607,32,99,462,14,151,97,4,5,12,33,247,18,229,382,54,65,27,22,198,16,206,118,21,67,86,86,589,184,82,77,45,122,76,3,250,7,30,29,29,115,40,222,222,629,629,667,407,52,208,364,143,25,11,29,64,3,70,10,0,9
2021,"Barnet 028","E02000051",4347,5,5,0,0,4,1,3,0,0,0,108,12,5,0,0,16,0,0,1,9,0,1,16,1,6,0,3,7,1,1,7,0,4,18,0,11,11,17,4,1,11,1,292,292,530,16,126,362,26,102,57,10,5,14,16,208,29,179,337,36,51,16,27,189,18,259,135,41,83,216,216,619,276,102,56,40,104,40,1,218,6,40,18,26,90,38,122,122,418,418,599,410,43,146,282,93,11,11,27,49,2,62,10,0,17
2021,"Barnet 029","E02000052",5127,1,1,0,0,1,0,0,0,1,0,114,15,5,0,3,13,0,0,1,13,0,4,14,7,3,3,2,12,0,3,4,1,4,7,0,8,8,11,6,1,4,0,276,276,483,19,64,380,20,125,82,2,8,6,27,256,27,229,525,63,127,46,26,240,23,240,124,35,81,112,112,689,211,101,70,67,147,85,8,240,10,43,41,23,86,37,221,221,666,666,759,497,40,222,400,200,32,10,45,54,4,50,1,0,4
2021,"Barnet 031","E02000054",3796,1,1,0,0,2,0,1,0,0,1,140,30,9,1,0,15,0,0,1,4,0,3,14,3,4,1,13,14,0,1,2,5,6,14,0,5,5,6,1,0,5,0,406,406,530,31,125,361,13,144,97,4,1,10,32,294,32,262,223,18,25,9,27,132,12,182,98,22,62,122,122,352,140,59,43,17,45,37,11,257,2,18,17,32,151,37,95,95,361,361,474,318,28,128,202,50,9,7,30,23,2,65,2,0,14
2021,"Barnet 032","E02000055",5783,1,1,0,0,3,0,1,1,1,0,178,50,7,2,5,13,1,0,1,8,0,3,11,3,14,3,5,13,1,3,8,3,3,18,3,10,10,15,2,0,12,1,601,601,758,29,159,548,22,195,126,5,4,22,38,478,54,424,298,15,43,15,40,175,10,235,126,35,74,202,202,582,266,115,59,22,66,53,1,365,8,36,25,40,221,35,145,145,570,570,785,495,81,209,362,84,11,14,38,60,14,95,16,0,30
2021,"Barnet 033","E02000056",4268,4,3,1,0,2,0,1,0,0,1,116,15,6,2,4,17,0,0,1,5,0,1,13,1,0,0,0,6,2,2,10,4,6,21,0,21,21,8,3,0,5,0,248,248,407,7,101,273,26,78,39,6,4,15,14,173,20,153,342,39,58,23,16,192,14,401,206,39,156,233,233,740,372,133,45,26,102,59,3,158,0,51,21,9,39,38,120,120,403,403,544,371,34,139,270,100,16,8,38,38,2,31,21,0,16
2021,"Barnet 034","E02000057",3539,1,1,0,0,2,0,2,0,0,0,99,18,3,0,1,7,1,0,1,6,0,6,11,2,6,4,2,4,1,0,1,1,4,20,0,7,7,4,1,0,3,0,339,339,458,19,109,312,18,89,58,1,3,10,17,245,24,221,144,10,16,6,15,89,8,155,71,28,56,188,188,406,210,42,31,36,52,31,4,205,7,18,22,24,103,31,61,61,446,446,490,328,24,138,200,34,1,7,21,69,7,47,7,0,7
2021,"Barnet 035","E02000058",4756,1,1,0,0,4,1,3,0,0,0,139,15,9,0,4,21,1,1,0,4,0,2,19,1,6,1,3,8,4,0,3,1,8,26,2,20,20,8,2,4,2,0,229,229,551,16,152,366,17,107,60,3,4,11,29,247,39,208,336,27,47,19,19,211,13,314,145,37,132,254,254,696,297,128,61,38,110,49,13,240,8,39,24,21,106,42,125,125,535,535,642,449,37,156,308,105,11,14,36,47,7,68,10,0,10
2021,"Barnet 036","E02000059",6046,3,3,0,0,2,0,2,0,0,0,235,49,7,0,5,11,4,3,0,12,0,8,18,3,6,4,14,11,2,2,14,4,8,50,0,26,26,20,8,0,12,0,861,861,942,54,177,682,29,339,211,6,8,25,89,362,43,319,329,30,34,30,32,191,12,301,187,37,77,132,132,460,182,71,55,27,69,50,6,411,10,34,32,47,234,54,219,219,517,517,645,399,43,203,242,48,17,15,32,24,2,84,8,0,12
2021,"Barnet 037","E02000060",4676,0,0,0,0,2,0,1,0,0,1,145,27,5,0,5,15,1,0,1,6,0,5,12,2,3,2,6,4,3,7,3,2,9,24,3,5,5,8,1,2,5,0,361,361,671,27,143,478,23,74,43,5,4,5,17,249,30,219,207,8,30,10,15,138,6,229,110,35,84,381,381,527,264,89,48,30,59,36,1,238,7,17,10,21,131,52,94,94,780,780,484,267,56,161,221,62,7,3,20,69,0,45,12,0,3
2021,"Barnet 038","E02000061",4192,3,3,0,0,5,0,3,0,1,1,131,25,5,0,2,13,1,1,0,11,0,5,10,0,1,3,3,16,1,3,6,0,5,18,2,12,12,10,3,1,5,1,213,213,402,17,90,279,16,73,48,1,3,7,14,278,44,234,295,18,36,15,17,197,12,417,230,28,159,168,168,597,225,111,48,47,112,50,4,182,7,24,20,30,59,42,112,112,444,444,536,360,35,141,314,118,17,18,32,38,2,51,15,0,23
2021,"Barnet 039","E02000062",3116,3,3,0,0,0,0,0,0,0,0,79,14,1,0,0,8,0,0,0,6,0,2,8,2,0,2,4,8,0,0,7,2,3,11,1,13,13,8,1,0,7,0,317,317,515,39,83,384,9,206,144,2,8,15,37,288,58,230,150,10,21,12,20,81,6,87,48,12,27,75,75,204,61,28,43,14,37,18,3,198,1,14,13,23,129,18,97,97,318,318,355,216,24,115,203,57,8,12,19,24,2,65,13,0,3
2021,"Barnet 040","E02000063",3432,0,0,0,0,2,0,1,0,1,0,91,6,3,0,3,9,0,0,0,9,1,0,11,2,0,4,3,9,2,0,11,3,8,6,1,3,3,13,4,0,9,0,348,348,496,30,67,388,11,152,106,1,4,15,26,274,42,232,203,13,20,12,19,131,8,140,92,12,36,124,124,332,126,54,38,23,50,36,5,201,9,15,13,31,117,16,80,80,301,301,442,266,48,128,230,66,9,9,21,16,2,76,17,0,14
2021,"Barnet 041","E02000064",3194,2,2,0,0,1,0,1,0,0,0,95,9,6,0,2,12,1,1,0,5,1,5,14,1,4,2,2,6,1,1,8,0,2,12,0,14,14,8,0,0,8,0,204,204,399,32,49,295,23,128,75,5,6,9,33,193,26,167,226,18,30,12,21,130,15,214,132,14,68,116,116,362,121,72,49,19,64,33,4,177,4,43,15,11,89,15,88,88,309,309,414,267,23,124,244,87,12,17,31,34,5,41,8,0,9
2021,"Barnet 042","E02006953",4770,2,2,0,0,4,0,3,1,0,0,154,23,2,3,4,11,1,0,0,4,1,6,33,3,5,3,0,13,0,3,14,3,1,17,4,8,8,10,5,0,5,0,362,362,577,30,106,423,18,189,123,9,9,22,26,359,58,301,502,19,46,26,44,308,59,304,163,42,99,112,112,501,189,89,69,25,90,38,1,270,4,30,30,31,140,35,198,198,408,408,585,430,41,114,225,59,10,19,27,20,2,56,27,0,5
2021,"Barnet 043","E02006954",5129,0,0,0,0,3,0,2,0,1,0,111,26,0,1,0,12,0,0,0,2,0,5,13,3,5,0,0,11,5,3,8,0,6,9,2,15,15,11,5,0,6,0,561,561,766,42,128,576,20,276,187,4,6,24,55,344,31,313,357,26,42,23,29,206,31,311,186,34,91,103,103,410,170,51,65,33,54,35,2,334,7,30,34,44,170,49,198,198,394,394,676,486,55,135,259,63,10,15,29,17,4,107,10,0,4
2021,"Bexley 001","E02000065",3565,0,0,0,0,0,0,0,0,0,0,98,24,2,0,1,4,2,0,1,5,0,5,5,3,0,2,5,2,3,3,6,0,4,21,0,5,5,7,0,0,7,0,336,336,490,27,109,345,9,266,171,2,1,42,50,196,24,172,150,6,11,6,23,100,4,101,59,15,27,69,69,145,78,15,11,7,14,18,2,303,15,36,8,80,130,34,216,216,274,274,770,464,110,196,139,21,7,6,14,36,0,52,1,0,2
2021,"Bexley 002","E02000066",4143,5,5,0,0,2,0,2,0,0,0,140,50,1,0,0,8,1,1,6,7,0,2,11,0,4,1,10,7,4,2,5,0,1,10,9,6,6,21,7,2,12,0,414,414,631,31,111,476,13,326,210,4,0,56,56,238,34,204,163,12,21,4,22,94,10,125,68,18,39,81,81,165,63,18,17,13,30,21,3,331,16,30,8,78,160,39,209,209,307,307,808,474,99,235,171,52,8,12,18,25,3,51,1,0,1
2021,"Bexley 003","E02000067",4955,6,6,0,0,8,0,8,0,0,0,266,90,2,1,4,5,2,0,4,18,0,7,7,5,7,3,29,11,4,7,8,4,14,20,14,5,5,29,2,5,20,2,542,542,807,40,150,601,16,349,200,7,0,75,67,218,31,187,218,12,16,7,39,139,5,215,129,35,51,79,79,249,100,32,46,9,37,22,3,290,10,47,13,56,139,25,319,319,383,383,749,436,78,235,223,40,16,18,32,42,1,69,4,0,1
2021,"Bexley 004","E02000068",3597,3,3,0,0,0,0,0,0,0,0,149,59,6,1,0,9,0,1,4,7,0,4,5,4,1,2,6,4,6,2,10,1,3,11,3,13,13,21,7,1,13,0,366,366,575,29,111,420,15,268,168,3,6,49,42,155,24,131,115,3,7,9,23,69,4,134,74,31,29,77,77,161,60,22,27,3,36,13,0,251,10,55,11,43,98,34,240,240,302,302,636,377,75,184,131,21,6,11,21,18,4,50,0,0,0
2021,"Bexley 005","E02000069",3462,1,1,0,0,0,0,0,0,0,0,148,28,4,0,4,5,1,0,3,12,1,4,7,5,5,3,5,5,6,4,12,1,5,17,11,18,18,23,4,1,16,2,395,395,507,52,84,354,17,196,109,4,9,36,38,159,12,147,152,9,15,5,20,97,6,151,85,28,38,80,80,216,115,25,28,4,27,13,4,181,9,32,14,31,70,25,245,245,337,337,506,288,55,163,147,31,4,8,31,27,0,45,0,0,1
2021,"Bexley 006","E02000070",3867,2,2,0,0,2,0,1,0,1,0,151,32,2,2,1,6,1,3,0,17,0,4,5,7,4,2,8,10,5,5,10,2,3,15,7,14,14,24,8,4,11,1,464,464,543,51,110,375,7,218,144,6,1,21,46,142,6,136,169,15,11,7,35,98,3,215,113,35,67,70,70,275,116,41,45,7,39,22,5,170,14,40,15,23,67,11,331,331,396,396,506,322,34,150,175,38,9,3,30,25,2,62,3,0,3
2021,"Bexley 007","E02000071",3613,1,1,0,0,4,0,4,0,0,0,165,40,2,0,4,1,2,0,4,15,2,0,4,4,1,2,16,10,9,6,14,3,2,13,11,12,12,19,3,1,15,0,491,491,512,44,92,362,14,238,155,2,2,26,53,146,18,128,163,10,15,11,30,94,3,183,96,39,48,63,63,190,95,22,29,6,24,5,9,210,9,39,10,43,97,12,268,268,354,354,453,261,31,161,141,17,4,8,23,28,3,55,1,0,2
2021,"Bexley 008","E02000072",5840,3,3,0,0,4,0,4,0,0,0,193,45,2,0,0,8,0,0,1,16,1,3,9,7,10,2,16,6,4,9,16,4,4,14,16,24,24,46,10,2,31,3,557,557,929,68,200,640,21,433,274,4,6,63,86,257,15,242,238,5,10,12,35,169,7,256,148,49,59,103,103,309,124,47,47,11,48,24,8,338,13,37,15,68,165,40,365,365,456,456,1124,734,108,282,205,25,11,33,32,37,3,61,2,0,1
2021,"Bexley 009","E02000073",5352,5,5,0,0,5,0,3,0,1,1,184,24,7,0,1,8,1,0,2,25,1,4,9,7,2,4,13,13,2,10,13,2,4,16,16,37,37,39,12,3,24,0,617,617,718,66,133,504,15,265,168,3,3,36,55,152,15,137,299,16,19,11,58,188,7,433,280,66,87,121,121,405,234,30,57,10,54,14,6,265,8,66,20,46,96,29,437,437,536,536,633,403,38,192,201,36,12,10,32,33,3,71,3,0,1
2021,"Bexley 010","E02000074",4054,1,1,0,0,4,0,2,0,2,0,170,34,14,0,2,7,0,0,9,10,1,1,3,3,3,3,10,11,4,12,12,1,5,14,11,18,18,29,6,6,14,3,474,474,686,55,138,483,10,260,163,2,1,41,53,190,30,160,142,9,8,6,23,92,4,150,85,29,36,74,74,188,92,26,29,6,18,15,2,280,9,44,11,56,132,28,245,245,313,313,657,373,64,220,173,24,10,12,34,21,2,66,1,0,3
2021,"Bexley 011","E02000075",3761,4,4,0,0,6,0,5,0,1,0,145,23,4,1,1,5,0,1,3,21,2,4,5,8,1,3,7,5,7,4,5,8,3,7,17,33,33,32,19,2,10,1,484,484,471,41,79,340,11,176,118,8,0,16,34,115,9,106,202,9,13,3,35,134,8,303,185,44,74,92,92,304,166,32,36,7,37,20,6,152,6,29,10,23,63,21,281,281,368,368,434,283,20,131,159,28,4,5,37,28,2,53,1,0,1
2021,"Bexley 013","E02000077",3927,4,4,0,0,3,0,1,1,1,0,116,20,3,1,0,2,0,3,1,13,1,4,6,3,5,3,7,4,3,5,6,2,7,7,10,27,27,17,7,2,7,1,491,491,516,42,100,366,8,203,119,6,4,31,43,183,21,162,211,17,24,9,31,127,3,252,156,39,57,76,76,299,152,34,41,5,40,21,6,220,6,38,26,42,91,17,265,265,376,376,508,323,31,154,160,21,3,17,26,30,3,57,0,0,3
2021,"Bexley 014","E02000078",3944,2,2,0,0,4,0,3,0,0,1,166,21,8,1,1,2,0,0,3,25,0,6,4,1,7,2,11,14,9,9,12,2,2,16,10,25,25,35,11,4,18,2,464,464,496,56,76,350,14,210,136,4,3,35,32,126,10,116,193,16,19,11,36,105,6,272,155,60,57,84,84,307,144,48,50,6,38,16,5,234,8,50,13,34,107,22,324,324,370,370,471,297,28,146,161,26,16,4,37,23,6,46,0,0,3
2021,"Bexley 015","E02000079",4293,2,2,0,0,6,0,4,1,0,1,128,11,3,0,0,8,0,1,4,15,0,6,7,2,5,2,16,5,5,8,3,1,3,11,12,13,13,19,12,0,6,1,486,486,533,41,92,387,13,175,118,10,3,16,28,232,15,217,262,30,22,12,37,155,6,336,192,53,91,83,83,355,155,38,59,11,61,20,11,185,10,39,18,27,69,22,323,323,398,398,521,344,41,136,236,43,15,24,39,40,5,63,2,0,5
2021,"Bexley 016","E02000080",4953,4,4,0,0,6,1,5,0,0,0,169,22,2,4,5,9,1,0,4,19,0,6,9,4,1,0,6,14,5,10,2,5,5,20,16,24,24,34,12,6,16,0,620,620,586,58,94,423,11,259,153,11,4,38,53,245,21,224,273,15,23,10,47,168,10,368,202,71,95,116,116,392,185,48,58,11,50,29,11,246,13,32,16,45,104,36,363,363,444,444,585,376,34,175,219,38,19,10,34,30,3,85,0,0,0
2021,"Bexley 017","E02000081",3843,3,3,0,0,1,0,1,0,0,0,128,20,3,1,1,3,0,0,2,10,1,6,1,2,4,1,10,11,3,13,7,4,5,13,7,19,19,20,6,0,14,0,496,496,526,33,90,383,20,212,139,5,0,33,35,169,15,154,230,22,15,3,34,138,18,236,130,45,61,72,72,302,143,38,38,8,45,19,11,206,6,36,22,39,80,23,249,249,341,341,459,302,41,116,174,32,4,9,41,19,4,60,5,0,0
2021,"Bexley 018","E02000082",4855,1,1,0,0,3,0,3,0,0,0,186,22,3,0,2,3,0,2,4,23,4,4,10,4,4,5,15,15,4,11,10,1,4,18,18,31,31,29,7,4,17,1,666,666,563,75,95,378,15,276,181,7,6,23,59,190,19,171,244,15,20,17,43,141,8,326,175,74,77,101,101,365,180,35,57,11,58,17,7,207,12,37,17,36,77,28,353,353,541,541,584,365,39,180,189,43,5,2,35,24,0,72,4,0,4
2021,"Bexley 019","E02000083",5633,9,8,0,1,3,0,2,0,1,0,260,31,6,0,9,4,2,1,3,33,1,9,22,11,6,4,12,11,8,14,16,1,5,30,21,44,44,43,22,1,15,5,677,677,812,66,136,589,21,392,230,9,6,70,77,219,25,194,271,18,29,18,60,138,8,353,196,80,77,102,102,386,169,46,65,13,67,16,10,323,22,66,19,45,141,30,370,370,477,477,668,398,63,207,224,53,16,15,31,28,3,73,3,0,2
2021,"Bexley 020","E02000084",5502,6,6,0,0,3,0,3,0,0,0,173,10,8,1,4,8,0,0,3,23,0,5,6,6,5,2,6,11,7,12,10,1,5,20,20,22,22,15,6,1,8,0,722,722,629,59,96,464,10,253,168,3,2,24,56,196,12,184,318,30,26,11,62,181,8,494,290,82,122,127,127,456,233,47,72,11,61,29,3,212,12,48,11,40,74,27,406,406,558,558,610,393,44,173,302,64,19,12,52,47,7,97,3,0,1
2021,"Bexley 021","E02000085",4027,5,5,0,0,5,0,3,0,2,0,139,16,7,4,6,5,0,0,2,16,0,4,4,5,1,3,8,8,5,18,3,0,4,6,14,22,22,18,9,2,7,0,591,591,467,60,93,300,14,220,131,8,3,26,52,158,13,145,169,20,10,5,31,97,6,292,154,69,69,111,111,301,165,22,45,12,37,13,7,205,23,44,7,28,76,27,278,278,426,426,441,280,24,137,179,23,8,8,35,21,1,77,4,0,2
2021,"Bexley 022","E02000086",3612,2,2,0,0,4,0,3,0,1,0,140,11,8,1,5,7,1,1,1,13,0,0,4,7,2,0,11,15,1,17,4,2,5,7,17,34,34,21,6,4,11,0,494,494,408,45,70,279,14,157,102,3,0,14,38,121,16,105,187,16,16,13,49,88,5,308,172,62,74,109,109,295,153,23,52,10,38,17,2,174,7,45,11,20,65,26,282,282,351,351,358,211,21,126,167,21,9,7,42,30,1,54,1,0,2
2021,"Bexley 023","E02000087",3988,2,2,0,0,5,0,3,1,1,0,132,17,6,1,1,5,1,1,4,15,0,1,12,3,2,3,5,13,2,6,5,4,1,12,12,19,19,23,10,0,13,0,418,418,416,55,74,276,11,151,72,7,3,29,40,140,16,124,244,21,20,12,27,160,4,445,229,88,128,101,101,428,201,51,61,12,62,31,10,181,6,41,15,22,72,25,249,249,409,409,418,286,17,115,207,36,10,5,46,26,4,70,5,0,5
2021,"Bexley 024","E02000088",3893,5,3,1,1,4,1,2,0,1,0,123,17,8,1,3,2,0,1,2,11,0,1,5,1,3,2,7,11,5,6,5,3,4,13,12,23,23,20,6,0,13,1,489,489,413,46,63,287,17,188,110,5,4,16,53,107,12,95,226,25,25,15,42,115,4,365,183,90,92,90,90,368,186,41,53,6,54,20,8,192,12,48,10,23,78,21,282,282,408,408,415,263,17,135,175,27,6,9,37,33,3,54,4,0,2
2021,"Bexley 025","E02000089",3747,5,5,0,0,4,1,3,0,0,0,105,10,4,1,1,2,1,0,0,13,0,2,5,4,0,0,7,7,4,13,7,3,3,10,8,17,17,27,5,0,20,2,477,477,387,39,68,268,12,159,103,4,6,19,27,101,10,91,232,23,20,11,45,130,3,377,192,88,97,101,101,348,154,44,63,10,56,17,4,157,6,40,14,20,57,20,253,253,457,457,389,264,17,108,151,29,6,6,36,17,2,52,0,0,3
2021,"Bexley 026","E02000090",4717,2,2,0,0,6,0,4,0,1,1,137,12,6,1,2,8,2,1,1,18,0,2,8,11,1,1,6,10,1,8,9,0,7,9,13,34,34,21,7,1,10,3,457,457,485,39,75,356,15,183,113,7,5,19,39,208,17,191,276,32,24,13,33,168,6,434,201,118,115,124,124,514,222,50,94,14,83,37,14,206,7,63,11,17,78,30,314,314,489,489,560,368,41,151,267,102,17,7,40,26,3,69,3,0,0
2021,"Bexley 027","E02000091",4754,5,4,0,1,1,0,0,0,1,0,169,9,7,2,3,14,0,0,1,31,0,3,8,4,4,2,9,10,2,14,13,0,1,16,16,19,19,23,5,3,14,1,515,515,503,37,90,352,24,208,124,9,7,24,44,183,14,169,282,20,31,19,38,165,9,453,228,118,107,109,109,434,203,50,53,12,68,38,10,227,12,59,14,30,95,17,331,331,474,474,600,406,45,149,218,50,9,8,45,39,3,63,1,0,0
2021,"Bexley 028","E02000092",2913,6,5,0,1,4,0,3,0,1,0,126,13,4,0,4,4,1,0,1,10,0,6,10,2,3,0,9,7,3,10,4,0,9,10,16,16,16,16,3,2,11,0,325,325,379,37,65,272,5,180,121,1,2,25,31,150,13,137,122,7,10,5,30,68,2,130,61,27,42,46,46,188,98,21,24,7,17,17,4,186,8,31,13,19,99,16,178,178,300,300,426,250,37,139,135,28,9,11,21,8,3,51,1,0,3
2021,"Bexley 029","E02006785",3169,0,0,0,0,2,0,1,0,1,0,101,15,0,0,7,5,0,1,4,11,0,4,3,8,5,1,11,7,1,3,9,0,1,2,3,13,13,17,8,1,8,0,402,402,433,32,90,298,13,175,110,9,3,21,32,175,16,159,176,12,18,8,19,116,3,182,89,34,59,62,62,216,113,24,27,6,27,15,4,193,15,26,7,47,83,15,197,197,275,275,414,263,29,122,136,23,9,11,23,21,1,40,5,0,3
2021,"Brent 001","E02000093",5981,3,3,0,0,0,0,0,0,0,0,201,47,4,0,0,7,2,1,2,7,1,8,25,7,9,6,19,10,1,2,15,1,11,14,2,22,22,17,4,0,13,0,1238,1238,933,62,158,697,16,305,186,2,8,46,63,300,74,226,318,19,23,10,36,220,10,264,152,34,78,95,95,361,169,61,41,26,34,28,2,410,12,22,16,43,269,48,234,234,418,418,625,396,50,179,237,53,13,11,28,23,10,73,11,0,15
2021,"Brent 002","E02000094",5098,15,13,1,1,1,0,1,0,0,0,159,40,1,2,2,7,0,3,0,6,1,8,13,6,5,2,2,11,2,3,8,4,6,25,2,21,21,11,2,0,9,0,812,812,797,49,120,604,24,328,227,3,5,37,56,282,33,249,277,12,22,16,38,172,17,216,124,24,68,87,87,353,142,43,54,33,51,27,3,317,11,26,19,46,186,29,218,218,407,407,588,402,42,144,209,49,9,11,18,29,7,60,9,0,17
2021,"Brent 003","E02000095",5107,2,2,0,0,5,0,5,0,0,0,212,49,4,1,2,12,0,2,1,12,0,4,27,4,4,4,9,19,6,3,11,2,9,23,4,10,10,8,1,1,6,0,1047,1047,769,28,142,581,18,240,150,2,4,37,47,240,37,203,277,15,29,13,41,174,5,203,125,27,51,101,101,348,188,45,31,15,41,26,2,346,11,31,17,46,210,31,204,204,349,349,532,355,47,130,214,23,13,13,23,27,8,84,18,0,5
2021,"Brent 004","E02000096",3669,0,0,0,0,1,0,1,0,0,0,129,30,1,0,1,1,0,0,0,3,0,1,28,9,0,0,6,6,2,4,9,5,3,17,3,21,21,7,2,2,3,0,464,464,560,41,104,407,8,149,84,1,8,16,40,111,19,92,245,11,16,7,28,179,4,292,193,27,72,98,98,382,212,53,45,15,28,27,2,162,7,14,11,8,101,21,149,149,254,254,524,412,38,74,121,19,5,11,15,15,3,42,6,0,5
2021,"Brent 005","E02000097",4568,1,1,0,0,5,0,2,1,1,1,154,33,1,0,3,12,0,2,1,6,1,8,22,7,5,3,8,4,0,4,4,3,6,15,6,11,11,18,5,3,10,0,946,946,725,68,139,503,15,264,185,5,5,18,51,222,31,191,174,7,24,4,31,104,4,135,84,18,33,87,87,262,129,28,36,12,29,26,2,333,15,17,16,32,229,24,154,154,368,368,545,319,50,176,164,30,5,6,20,17,5,67,6,0,8
2021,"Brent 006","E02000098",3886,1,1,0,0,6,1,4,0,0,1,125,24,1,0,1,5,0,2,1,13,1,2,10,2,6,4,9,14,0,2,5,1,14,7,1,10,10,20,3,0,17,0,565,565,576,40,113,413,10,235,148,1,7,21,58,205,46,159,216,10,18,8,27,148,5,176,109,12,55,72,72,292,124,48,26,21,43,27,3,241,7,24,20,31,131,28,136,136,343,343,516,346,43,127,151,37,10,10,21,15,2,48,3,0,5
2021,"Brent 007","E02000099",4717,0,0,0,0,3,0,3,0,0,0,175,65,4,0,2,5,0,0,0,4,0,3,22,1,7,3,9,6,9,1,8,3,4,16,3,9,9,11,3,0,8,0,870,870,704,48,133,506,17,269,155,3,10,31,70,262,66,196,289,19,28,26,41,171,4,174,112,25,37,63,63,323,152,39,39,30,43,18,2,385,15,28,12,37,245,48,183,183,293,293,533,350,48,135,171,26,1,23,18,21,5,62,9,0,6
2021,"Brent 008","E02000100",4204,1,1,0,0,5,0,4,0,1,0,147,29,3,0,3,1,1,0,2,7,0,4,30,5,8,3,10,9,2,7,4,6,2,9,2,22,22,18,5,2,11,0,414,414,573,29,123,411,10,182,87,0,11,39,45,189,39,150,250,11,28,13,37,158,3,217,128,19,70,114,114,334,154,48,44,27,36,25,0,214,10,38,15,19,102,30,179,179,315,315,865,739,29,97,165,52,7,7,15,14,2,64,2,0,2
2021,"Brent 009","E02000101",4298,0,0,0,0,5,0,5,0,0,0,163,51,7,0,2,9,1,0,2,4,0,4,14,3,1,2,10,8,0,3,6,4,7,23,2,22,22,5,3,0,2,0,469,469,730,63,142,506,19,264,158,3,13,33,57,253,50,203,245,11,20,20,40,148,6,156,106,19,31,113,113,252,98,36,36,15,32,32,3,320,14,29,17,42,183,35,169,169,378,378,583,367,54,162,171,30,13,8,19,24,3,57,8,0,9
2021,"Brent 010","E02000102",3220,3,2,0,1,0,0,0,0,0,0,90,26,0,0,2,7,1,0,0,4,0,3,7,1,4,0,2,7,3,2,5,2,3,10,1,13,13,18,3,2,13,0,519,519,581,34,105,435,7,296,198,2,3,27,66,204,33,171,114,8,12,7,29,55,3,72,43,6,23,45,45,142,56,18,18,6,22,22,0,272,12,20,10,26,183,21,91,91,235,235,379,228,27,124,146,22,1,9,16,15,8,61,11,0,3
2021,"Brent 011","E02000103",4256,1,1,0,0,2,0,1,0,1,0,90,19,2,0,2,5,0,1,0,9,0,5,8,2,2,0,1,10,0,5,6,3,1,8,1,19,19,20,5,0,15,0,498,498,704,56,102,521,25,309,196,1,9,17,86,310,48,262,191,25,24,5,35,92,10,117,66,11,40,90,90,253,93,37,36,14,47,23,3,310,8,31,15,36,176,44,119,119,403,403,596,328,56,212,224,42,5,18,29,27,2,84,12,0,5
2021,"Brent 012","E02000104",3591,0,0,0,0,4,0,4,0,0,0,177,58,1,0,3,7,0,0,0,6,1,8,20,2,4,3,10,6,3,3,10,0,7,24,1,14,14,16,3,1,12,0,452,452,610,38,98,465,9,233,150,1,6,27,49,226,39,187,202,15,25,9,29,116,8,143,85,17,41,66,66,261,116,39,29,17,35,19,6,233,7,12,17,36,114,47,136,136,246,246,434,293,39,102,138,29,4,12,15,23,5,45,1,0,4
2021,"Brent 013","E02000105",4608,0,0,0,0,0,0,0,0,0,0,254,114,3,0,2,5,0,0,2,9,2,6,35,8,8,0,8,6,3,4,7,5,7,16,4,9,9,13,5,0,8,0,530,530,892,49,175,644,24,341,193,0,11,57,80,318,49,269,234,14,12,13,32,158,5,109,71,12,26,104,104,254,123,36,29,13,33,20,0,306,6,22,16,41,160,61,170,170,309,309,599,378,57,164,166,33,8,11,21,20,1,62,0,0,10
2021,"Brent 014","E02000106",4490,2,2,0,0,1,0,1,0,0,0,145,32,5,0,1,5,0,1,0,4,0,3,27,8,4,5,8,6,4,1,6,3,8,14,0,15,15,14,0,0,14,0,796,796,714,53,129,519,13,283,186,3,2,30,62,379,53,326,165,20,20,6,30,83,6,96,61,6,29,86,86,196,53,29,22,15,48,27,2,414,4,23,8,40,301,38,105,105,316,316,540,308,56,176,223,58,14,10,27,26,5,64,8,0,11
2021,"Brent 015","E02000107",5528,1,1,0,0,4,1,2,0,1,0,137,38,1,2,0,10,0,1,1,10,2,6,12,1,3,1,6,6,3,3,8,2,8,12,1,13,13,14,1,1,12,0,462,462,732,33,102,573,24,260,169,3,7,14,67,549,89,460,339,35,82,32,22,152,16,222,125,23,74,136,136,513,159,83,74,26,107,60,4,481,22,35,25,35,310,54,172,172,441,441,704,427,57,220,348,147,13,14,33,43,8,60,20,0,10
2021,"Brent 016","E02000108",3513,1,1,0,0,0,0,0,0,0,0,195,85,1,0,2,7,0,0,2,4,1,1,21,6,4,3,8,12,0,2,8,1,10,16,1,13,13,10,5,0,4,1,355,355,714,33,152,516,13,264,146,0,7,39,72,228,56,172,178,7,20,3,30,116,2,84,55,7,22,52,52,194,70,36,24,18,29,17,0,250,8,12,10,45,126,49,128,128,255,255,466,307,43,116,126,22,3,8,20,21,1,41,9,0,1
2021,"Brent 018","E02000110",3974,6,6,0,0,0,0,0,0,0,0,91,23,3,1,4,11,0,1,0,3,0,1,10,2,1,1,4,8,1,0,4,3,3,6,1,7,7,8,4,1,3,0,322,322,506,21,80,394,11,158,96,4,6,23,29,306,52,254,314,19,84,20,20,155,16,188,110,25,53,67,67,398,104,62,63,26,87,49,7,237,13,23,18,26,126,31,149,149,415,415,511,339,15,157,291,120,12,12,30,42,3,57,9,0,6
2021,"Brent 019","E02000111",5304,3,3,0,0,3,0,2,0,0,1,525,339,3,0,3,10,1,2,3,11,0,3,41,5,12,2,15,8,2,7,11,0,5,39,3,14,14,12,5,0,7,0,510,510,1281,57,312,900,12,364,160,3,10,85,106,367,56,311,235,14,25,7,27,159,3,138,81,19,38,60,60,224,95,32,23,21,30,23,0,380,14,31,29,63,166,77,171,171,252,252,573,360,68,145,192,32,4,22,32,25,3,70,1,0,3
2021,"Brent 020","E02000112",6084,8,8,0,0,1,0,1,0,0,0,589,381,5,0,5,23,0,0,1,31,0,6,41,13,8,0,7,15,1,4,6,6,7,26,3,6,6,10,2,0,8,0,615,615,1292,54,313,907,18,408,184,3,7,115,99,480,117,363,237,8,33,13,18,161,4,166,108,18,40,76,76,302,89,64,37,32,55,20,5,487,12,42,17,86,210,120,183,183,307,307,692,434,80,178,225,63,11,28,28,15,2,70,5,0,3
2021,"Brent 021","E02000113",3439,1,1,0,0,1,0,1,0,0,0,111,49,0,0,1,8,0,0,0,4,0,1,4,2,0,1,6,1,9,2,4,0,6,9,4,9,9,10,4,0,6,0,276,276,611,26,106,464,15,385,266,3,9,33,74,203,33,170,125,8,20,8,24,64,1,62,39,5,18,49,49,124,46,12,22,7,21,15,1,281,16,22,9,36,158,40,145,145,316,316,618,317,73,228,112,27,5,5,15,23,3,29,3,0,2
2021,"Brent 022","E02000114",4794,9,3,6,0,4,0,4,0,0,0,145,32,7,3,4,17,1,1,0,3,0,6,9,0,2,2,5,10,5,3,6,0,6,20,3,16,16,9,3,1,5,0,332,332,632,17,93,505,17,207,119,5,5,20,58,517,87,430,337,25,80,45,31,149,7,198,115,17,66,95,95,429,111,68,72,26,95,50,7,371,18,24,17,33,233,46,161,161,367,367,540,319,32,189,425,133,28,22,34,129,3,59,9,0,8
2021,"Brent 023","E02000115",4432,4,4,0,0,7,0,3,0,1,3,158,22,9,0,0,14,0,0,0,10,2,3,33,1,2,2,2,18,0,3,7,6,5,18,1,15,15,6,0,0,6,0,231,231,506,20,82,392,12,146,83,5,12,10,36,311,55,256,416,43,79,28,31,222,13,241,140,26,75,124,124,587,163,120,90,38,126,47,3,209,9,27,30,23,87,33,155,155,452,452,517,344,29,144,347,150,17,14,36,47,6,60,9,0,8
2021,"Brent 024","E02000116",3715,0,0,0,0,0,0,0,0,0,0,116,31,0,0,1,16,1,0,0,5,0,2,20,0,4,0,2,6,3,1,7,0,4,12,1,10,10,8,2,0,6,0,381,381,553,34,80,426,13,223,127,4,7,24,61,353,60,293,143,15,30,6,19,65,8,94,50,22,22,73,73,209,63,32,26,13,35,36,4,352,7,23,12,40,248,22,106,106,344,344,519,311,34,174,231,66,11,12,28,24,1,65,18,0,6
2021,"Brent 025","E02000117",5018,4,3,1,0,1,0,1,0,0,0,161,66,7,0,4,11,1,0,0,5,1,4,8,0,5,5,5,2,1,2,5,0,6,18,5,15,15,16,2,0,14,0,458,458,819,68,151,587,13,398,261,4,1,32,100,336,46,290,190,10,46,20,19,88,7,110,60,8,42,93,93,196,52,28,28,9,48,28,3,447,20,21,19,64,282,41,197,197,489,489,829,481,90,258,259,61,14,29,41,29,2,65,10,0,8
2021,"Brent 026","E02000118",5651,0,0,0,0,3,0,3,0,0,0,717,470,1,0,3,15,0,1,16,12,1,7,35,10,18,2,8,9,4,3,9,5,24,59,5,10,10,11,5,0,6,0,730,730,1316,46,363,896,11,448,181,5,18,125,119,346,41,305,186,4,15,5,27,124,11,116,70,10,36,66,66,184,79,23,28,10,33,11,0,388,7,32,10,60,162,117,161,161,312,312,513,324,76,113,144,25,9,11,18,11,3,58,8,0,1
2021,"Brent 027","E02000119",4428,8,7,1,0,3,0,2,0,0,1,178,49,6,0,5,10,0,0,0,6,0,6,19,13,4,2,0,8,1,3,16,1,13,12,4,17,17,16,5,0,11,0,270,270,711,43,118,538,12,335,244,2,14,29,46,240,44,196,300,9,49,29,30,176,7,130,70,21,39,76,76,234,53,45,29,21,51,32,3,309,14,21,20,42,180,32,166,166,421,421,793,498,66,229,221,63,6,16,42,21,1,56,10,0,6
2021,"Brent 028","E02000120",5052,7,6,0,1,2,0,2,0,0,0,149,18,12,3,2,21,1,1,0,5,1,4,18,0,1,0,8,10,4,3,6,2,7,20,2,10,10,8,2,0,6,0,253,253,587,19,63,494,11,175,115,8,12,11,29,385,63,322,513,51,114,29,28,281,10,276,157,21,98,117,117,669,175,126,72,40,157,95,4,215,3,26,28,23,117,18,161,161,451,451,619,424,23,172,455,241,18,19,51,41,3,67,9,0,6
2021,"Brent 029","E02000121",5892,1,1,0,0,4,0,3,0,0,1,677,463,3,0,7,11,1,1,0,6,1,4,34,20,11,3,11,14,2,9,12,5,13,40,6,12,12,18,3,0,15,0,653,653,1354,54,386,884,30,393,181,4,22,83,103,352,64,288,250,8,33,13,26,159,11,176,117,22,37,81,81,299,100,53,40,19,60,21,6,450,12,24,43,50,184,137,150,150,301,301,532,345,61,126,189,31,20,12,17,25,4,69,8,0,3
2021,"Brent 030","E02000122",4095,2,2,0,0,4,0,3,0,1,0,128,11,10,1,5,23,0,0,0,6,0,8,18,1,1,3,2,6,3,2,5,6,2,14,1,15,15,5,1,1,3,0,235,235,506,26,76,387,17,101,72,7,4,6,12,253,37,216,380,42,106,43,16,161,12,225,121,16,88,153,153,511,133,102,68,23,118,64,3,202,10,35,19,25,90,23,148,148,384,384,476,304,15,157,367,163,28,15,27,44,2,65,13,0,10
2021,"Brent 031","E02000123",6214,3,3,0,0,2,0,2,0,0,0,233,61,3,0,5,28,0,0,1,7,0,9,18,1,5,10,3,20,2,1,24,2,12,18,3,11,11,20,3,1,16,0,477,477,844,68,113,646,17,401,228,2,13,50,108,469,87,382,329,25,120,29,21,119,15,132,73,13,46,123,123,415,90,58,42,28,102,90,5,604,13,40,22,55,433,41,227,227,618,618,891,512,61,318,415,156,26,13,57,46,5,82,28,0,2
2021,"Brent 032","E02000124",5308,4,4,0,0,7,0,7,0,0,0,183,19,17,0,2,36,0,0,0,10,0,13,12,1,5,6,5,15,3,2,10,1,4,20,2,15,15,13,3,0,10,0,234,234,584,15,58,499,12,150,98,1,3,19,29,291,47,244,575,64,182,65,44,208,12,355,203,37,115,110,110,778,171,149,97,40,221,98,2,267,8,44,18,26,128,43,192,192,487,487,618,381,24,213,445,228,26,15,34,53,2,63,14,0,10
2021,"Brent 033","E02000125",5240,3,2,0,1,8,0,6,2,0,0,186,31,15,0,5,24,0,1,0,7,0,8,22,2,3,5,5,14,0,1,10,4,4,21,4,24,24,9,1,0,8,0,303,303,645,28,74,520,23,200,116,5,2,23,54,312,34,278,520,70,181,52,33,170,14,218,120,22,76,128,128,659,142,108,102,37,176,91,3,267,13,48,18,23,124,41,177,177,497,497,665,414,24,227,419,195,18,10,56,31,4,92,8,0,5
2021,"Brent 034","E02000126",3770,0,0,0,0,3,0,3,0,0,0,87,14,7,4,4,5,0,0,0,0,1,4,10,0,4,0,0,5,0,3,6,3,2,15,0,12,12,13,3,0,10,0,162,162,544,23,59,449,13,265,172,1,9,28,55,253,37,216,272,16,52,14,39,143,8,168,102,10,56,93,93,371,103,53,65,29,83,37,1,253,7,35,11,55,115,30,135,135,365,365,557,297,57,203,217,80,15,12,28,19,3,44,8,0,8
2021,"Brent 035","E02006955",3853,3,3,0,0,5,0,4,0,0,1,161,63,2,0,1,6,2,0,0,5,0,4,15,0,5,1,4,11,1,6,5,2,8,17,3,46,46,16,3,0,12,1,223,223,564,18,98,433,15,157,98,0,4,25,30,219,45,174,500,20,56,20,27,349,28,257,172,19,66,64,64,443,141,72,56,36,86,42,10,240,11,32,12,29,118,38,96,96,240,240,409,283,21,105,210,60,1,19,41,26,17,38,2,0,6
2021,"Brent 036","E02006956",4045,4,4,0,0,0,0,0,0,0,0,270,139,1,1,4,8,0,0,0,3,0,3,31,6,9,2,4,6,1,4,10,1,7,28,2,9,9,7,1,0,6,0,430,430,771,33,148,565,25,265,147,0,7,51,60,301,77,224,251,9,24,12,41,156,9,125,84,12,29,65,65,260,108,36,21,17,53,23,2,281,8,31,23,51,128,40,165,165,262,262,418,271,36,111,161,41,6,22,31,16,4,31,3,0,7
2021,"Bromley 001","E02000127",4270,3,3,0,0,4,1,2,0,0,1,127,12,7,0,2,7,1,2,2,11,1,6,6,2,4,3,6,15,1,15,6,0,4,9,5,10,10,17,4,4,9,0,509,509,498,40,68,380,10,204,128,5,1,36,34,214,29,185,233,20,13,8,57,120,15,254,140,52,62,103,103,307,147,49,32,10,45,15,9,272,15,46,12,38,144,17,231,231,429,429,624,374,61,189,231,37,10,12,45,30,5,86,3,0,3
2021,"Bromley 002","E02000128",3744,2,2,0,0,5,0,5,0,0,0,90,6,6,0,1,8,0,1,0,7,0,2,7,6,7,0,1,5,5,3,6,2,3,9,5,17,17,11,7,1,0,3,393,393,353,27,49,267,10,141,92,5,3,11,30,140,15,125,238,22,19,13,37,138,9,394,197,86,111,94,94,410,160,56,53,14,79,44,4,187,9,44,10,15,87,22,201,201,431,431,415,267,27,121,222,50,9,8,46,28,8,69,0,0,4
2021,"Bromley 004","E02000130",4559,2,2,0,0,2,0,2,0,0,0,124,17,9,0,2,14,0,1,0,9,2,3,9,1,2,4,0,11,0,4,5,2,4,20,5,14,14,8,4,0,4,0,220,220,397,13,57,318,9,142,93,4,4,11,30,203,15,188,356,43,90,29,18,165,11,319,151,54,114,91,91,563,128,77,100,35,132,88,3,218,6,30,32,23,83,44,328,328,541,541,660,401,39,220,371,179,37,19,37,45,8,43,1,0,2
2021,"Bromley 005","E02000131",6230,0,0,0,0,4,0,3,1,0,0,171,18,11,0,3,25,2,1,3,15,1,7,14,3,2,3,0,17,4,2,1,1,13,21,4,15,15,21,9,1,11,0,318,318,606,25,89,480,12,195,128,1,6,27,33,253,27,226,591,101,111,44,38,284,13,346,188,57,101,80,80,796,184,120,130,45,230,82,5,369,11,65,55,39,155,44,425,425,594,594,904,528,60,316,542,273,56,18,51,77,2,57,2,0,6
2021,"Bromley 006","E02000132",5539,3,3,0,0,10,0,7,1,2,0,118,9,7,2,3,9,3,0,0,14,0,3,9,1,2,2,2,5,2,2,11,3,8,17,4,26,26,15,1,2,11,1,414,414,494,25,83,361,25,188,116,6,4,28,34,235,25,210,429,49,47,23,31,269,10,532,256,96,180,139,139,640,226,102,99,25,122,57,9,283,12,58,36,21,114,42,359,359,604,604,716,468,39,209,334,101,22,17,39,63,5,74,3,0,10
2021,"Bromley 007","E02000133",5204,6,6,0,0,4,0,4,0,0,0,123,10,2,0,0,10,1,0,1,14,3,5,10,0,3,5,5,8,3,2,9,3,6,14,9,15,15,18,6,5,7,0,368,368,412,26,57,310,19,101,55,9,3,16,18,149,21,128,383,43,38,24,29,239,10,959,485,208,266,186,186,771,294,158,97,22,146,49,5,186,8,74,12,14,47,31,242,242,422,422,580,448,25,107,279,88,13,10,53,53,4,50,4,0,4
2021,"Bromley 008","E02000134",6142,3,2,1,0,3,0,3,0,0,0,142,8,5,0,7,15,3,0,0,7,1,9,7,3,4,0,3,9,5,6,5,6,7,23,9,16,16,23,3,1,19,0,449,449,614,33,69,485,27,191,114,4,6,13,54,302,45,257,520,48,67,34,26,328,17,534,238,142,154,149,149,648,226,94,95,22,133,69,9,290,9,61,34,28,123,35,394,394,636,636,824,534,54,236,404,110,16,39,71,53,6,99,5,0,5
2021,"Bromley 009","E02000135",4872,4,3,0,1,1,0,1,0,0,0,87,10,1,2,1,8,1,0,0,12,0,4,3,2,2,1,4,3,3,3,3,2,4,11,7,10,10,9,0,3,6,0,353,353,603,40,87,466,10,243,166,1,8,21,47,303,34,269,294,31,58,23,23,143,16,195,110,38,47,107,107,397,108,63,55,18,115,38,0,376,14,50,25,57,191,39,250,250,491,491,817,472,100,245,332,124,27,16,40,35,3,78,8,0,1
2021,"Bromley 010","E02000136",2500,0,0,0,0,3,0,3,0,0,0,68,10,4,0,3,3,0,1,1,6,0,1,2,0,0,1,3,6,2,3,2,1,0,13,6,9,9,3,0,0,3,0,263,263,334,33,71,224,6,76,43,3,1,14,15,113,14,99,129,8,6,6,24,79,6,209,120,50,39,70,70,227,100,28,33,10,35,17,4,146,1,26,12,20,68,19,112,112,244,244,351,229,28,94,143,28,5,3,30,28,3,43,3,0,0
2021,"Bromley 011","E02000137",4257,2,2,0,0,3,0,2,0,1,0,91,5,2,0,2,6,0,1,1,5,0,8,5,2,1,1,7,3,4,3,11,1,5,17,1,13,13,19,5,3,10,1,340,340,384,29,51,287,17,146,94,5,8,11,28,116,13,103,362,27,34,19,43,226,13,417,199,91,127,107,107,529,193,97,64,27,87,47,14,206,6,53,21,16,80,30,257,257,436,436,573,396,28,149,256,80,17,12,34,49,0,62,1,0,1
2021,"Bromley 012","E02000138",4364,5,4,1,0,7,0,7,0,0,0,78,8,5,0,0,2,0,1,0,12,0,4,6,1,0,1,2,14,4,3,4,5,2,3,1,21,21,7,3,0,4,0,300,300,391,22,67,288,14,137,81,5,7,24,20,146,20,126,401,47,52,20,35,237,10,466,217,94,155,110,110,600,201,102,101,16,119,56,5,183,5,38,30,21,58,31,280,280,462,462,516,363,26,127,254,72,11,9,45,52,4,53,4,0,4
2021,"Bromley 013","E02000139",4145,1,1,0,0,1,0,0,0,1,0,95,5,2,0,1,8,0,0,0,15,2,4,9,0,2,0,5,6,3,5,5,2,5,14,2,5,5,14,1,2,10,1,265,265,366,22,57,269,18,128,69,8,5,15,31,146,12,134,382,61,69,28,36,173,15,397,193,76,128,87,87,497,138,91,86,27,113,40,2,204,12,49,24,20,81,18,291,291,449,449,558,338,23,197,259,90,19,6,32,43,5,60,2,0,2
2021,"Bromley 014","E02000140",3824,0,0,0,0,3,0,3,0,0,0,100,15,4,1,2,7,0,0,1,6,1,1,2,2,0,1,7,10,2,13,6,0,2,12,5,25,25,22,7,3,10,2,485,485,537,49,77,401,10,244,153,4,7,25,55,235,23,212,155,13,19,8,26,86,3,199,86,55,58,68,68,209,109,17,26,8,28,16,5,243,6,35,24,27,120,31,181,181,382,382,583,363,41,179,153,24,3,8,30,23,4,53,2,0,6
2021,"Bromley 015","E02000141",3912,2,1,0,1,0,0,0,0,0,0,96,8,4,1,3,4,0,0,0,12,0,4,5,1,3,4,3,5,4,4,3,6,5,13,4,14,14,8,4,0,3,1,305,305,397,30,62,290,15,140,88,2,6,5,39,154,11,143,328,48,56,21,20,167,16,218,104,66,48,75,75,393,98,57,67,16,103,45,7,210,8,33,19,17,105,28,263,263,457,457,559,303,52,204,293,124,14,7,36,45,5,57,3,0,2
2021,"Bromley 016","E02000142",4411,6,5,1,0,2,0,2,0,0,0,92,10,3,0,3,6,0,0,2,7,1,1,7,0,0,1,3,6,2,5,11,1,4,12,7,18,18,6,1,2,3,0,370,370,392,24,55,305,8,114,73,2,3,15,21,146,15,131,317,31,34,24,25,193,10,549,273,112,164,124,124,484,172,70,81,22,92,43,4,195,6,50,20,20,79,20,288,288,443,443,620,440,26,154,245,60,13,9,43,44,4,67,0,0,5
2021,"Bromley 018","E02000144",5504,3,2,0,1,0,0,0,0,0,0,119,10,8,1,1,12,0,0,0,7,0,6,11,3,1,4,7,11,5,2,5,4,6,10,5,21,21,22,7,4,11,0,391,391,511,34,81,370,26,161,104,13,3,16,25,245,22,223,541,41,77,30,31,347,15,529,240,160,129,105,105,620,201,103,93,27,133,52,11,239,9,60,20,27,85,38,351,351,537,537,787,580,37,170,322,102,21,12,48,56,4,65,7,0,7
2021,"Bromley 019","E02000145",3930,19,18,0,1,1,0,1,0,0,0,121,22,1,0,6,9,3,1,0,13,0,5,5,0,1,0,3,7,4,5,6,0,5,12,13,11,11,17,2,1,14,0,433,433,575,61,86,424,4,198,122,3,4,18,51,194,20,174,181,6,9,12,31,118,5,200,97,49,54,56,56,239,101,30,41,10,31,17,9,237,10,29,11,42,131,14,209,209,352,352,686,431,64,191,201,31,19,12,46,27,0,56,6,0,4
2021,"Bromley 020","E02000146",5151,3,2,1,0,5,0,4,0,1,0,122,5,4,0,7,8,2,0,1,15,0,6,8,3,0,0,11,7,2,7,8,1,4,14,9,18,18,13,3,4,6,0,425,425,539,37,75,401,26,151,85,2,15,9,40,183,26,157,389,39,50,31,39,220,10,454,195,109,150,120,120,532,194,77,71,19,123,45,3,261,14,76,27,21,84,39,375,375,607,607,699,467,32,200,255,72,17,6,38,41,3,71,1,0,6
2021,"Bromley 021","E02000147",3768,5,5,0,0,6,0,5,0,1,0,91,7,0,0,1,3,0,1,0,8,0,12,11,3,1,0,7,16,0,3,4,0,3,7,4,8,8,8,3,2,3,0,314,314,358,32,59,252,15,100,63,7,11,5,14,106,9,97,315,26,30,13,26,217,3,519,262,97,160,95,95,391,152,66,75,16,53,27,2,152,6,45,17,9,51,24,210,210,396,396,520,379,14,127,174,57,0,6,37,20,3,41,8,0,2
2021,"Bromley 022","E02000148",3125,3,3,0,0,3,0,2,0,1,0,71,7,0,0,3,4,2,0,1,5,1,6,2,0,2,2,4,5,1,5,5,2,2,9,3,15,15,12,2,0,10,0,248,248,284,25,48,198,13,115,81,5,4,14,11,91,16,75,229,19,22,15,28,138,7,444,230,106,108,68,68,381,150,57,64,10,67,30,3,137,4,40,12,10,51,20,178,178,332,332,373,283,16,74,141,33,7,1,19,31,5,43,1,0,1
2021,"Bromley 023","E02000149",3981,5,4,1,0,6,0,6,0,0,0,128,12,3,0,4,4,0,0,0,13,0,7,6,3,2,3,5,14,8,8,3,2,4,20,7,14,14,19,1,2,16,0,436,436,481,53,74,345,9,205,129,4,8,18,46,185,9,176,230,19,21,17,26,139,8,302,144,73,85,83,83,315,140,37,56,9,41,27,5,236,12,30,26,35,103,30,185,185,409,409,573,388,39,146,169,35,7,5,38,16,1,62,3,0,2
2021,"Bromley 024","E02000150",4164,1,1,0,0,3,0,3,0,0,0,125,5,2,0,5,8,2,0,0,21,1,4,15,5,3,0,7,15,2,2,3,2,4,12,7,16,16,17,8,3,5,1,366,366,421,42,54,317,8,125,72,4,3,15,31,142,21,121,245,30,26,14,34,139,2,407,205,92,110,109,109,425,173,71,60,11,73,32,5,173,7,52,16,15,64,19,306,306,564,564,470,294,32,144,249,64,11,7,56,36,3,71,0,0,1
2021,"Bromley 025","E02000151",3506,8,8,0,0,4,0,4,0,0,0,94,7,3,0,1,7,1,0,1,17,2,4,8,4,0,0,6,5,2,2,4,2,2,13,3,21,21,11,2,3,6,0,260,260,285,16,46,211,12,98,54,8,6,16,14,89,2,87,297,21,27,23,32,186,8,639,360,135,144,77,77,419,186,65,49,17,71,30,1,136,2,39,15,7,52,21,190,190,331,331,387,274,13,100,160,49,15,2,30,24,3,36,1,0,0
2021,"Bromley 026","E02000152",3742,1,1,0,0,2,0,2,0,0,0,105,3,2,0,4,6,1,1,0,10,1,4,6,3,6,0,9,8,5,4,3,0,6,9,14,17,17,14,7,1,6,0,386,386,390,49,51,284,6,150,91,3,3,15,38,156,9,147,253,20,25,10,38,151,9,319,155,72,92,72,72,297,112,57,38,14,48,22,6,235,6,40,19,27,121,22,231,231,382,382,549,358,38,153,183,38,7,3,42,31,2,58,0,0,2
2021,"Bromley 027","E02000153",3950,3,2,1,0,4,0,2,0,0,2,116,4,0,0,3,6,1,0,0,18,0,4,7,0,5,1,10,13,6,4,10,1,5,12,6,12,12,10,2,4,4,0,403,403,380,33,48,285,14,116,73,5,4,14,20,100,5,95,257,26,20,21,36,149,5,411,205,86,120,90,90,404,144,53,75,14,76,37,5,188,8,51,18,15,72,24,275,275,520,520,439,289,23,127,222,49,8,3,54,31,4,70,0,0,3
2021,"Bromley 028","E02000154",4225,4,4,0,0,5,0,5,0,0,0,87,6,5,0,2,1,1,2,1,8,0,8,10,1,1,3,3,6,3,2,4,0,5,11,4,26,26,9,4,1,4,0,349,349,455,33,62,347,13,141,93,3,1,13,31,170,9,161,328,30,25,13,30,216,14,515,268,111,136,104,104,378,156,49,67,21,53,26,6,219,8,55,25,19,90,22,222,222,366,366,653,508,27,118,194,41,13,8,31,36,2,60,0,0,3
2021,"Bromley 029","E02000155",3287,3,2,1,0,1,0,1,0,0,0,108,12,5,0,4,5,0,1,0,14,0,5,8,1,2,1,6,9,4,2,4,0,7,11,7,17,17,15,4,1,10,0,365,365,411,38,51,318,4,170,118,2,5,15,30,128,13,115,202,18,12,5,38,124,5,224,102,66,56,74,74,237,112,29,43,9,27,12,5,177,13,25,14,19,87,19,209,209,312,312,474,338,27,109,160,25,12,9,21,31,4,55,1,0,2
2021,"Bromley 030","E02000156",5778,3,0,1,2,4,0,2,0,1,1,139,10,3,0,4,6,2,2,0,19,0,4,8,5,1,1,12,18,2,4,8,1,6,21,2,22,22,21,6,6,8,1,529,529,545,47,95,391,12,188,113,5,7,25,38,186,14,172,411,40,38,12,45,268,8,646,288,175,183,142,142,577,240,92,87,20,98,33,7,280,11,81,30,21,106,31,399,399,711,711,686,467,33,186,289,66,11,5,61,54,4,79,4,0,5
2021,"Bromley 031","E02000157",3924,4,4,0,0,3,0,3,0,0,0,120,12,8,1,4,5,0,1,3,10,1,1,9,4,1,1,12,9,2,5,8,3,6,10,4,22,22,11,1,2,8,0,309,309,367,22,56,281,8,116,75,4,6,12,19,93,5,88,335,20,30,13,48,215,9,552,296,118,138,84,84,366,144,56,60,18,58,23,7,157,8,42,12,17,58,20,227,227,455,455,496,349,24,123,207,57,10,3,51,37,2,46,1,0,0
2021,"Bromley 032","E02000158",3378,4,3,1,0,6,0,6,0,0,0,60,8,1,0,3,2,0,0,2,6,0,3,3,0,1,0,5,5,0,4,2,0,2,6,7,13,13,26,4,5,16,1,313,313,389,25,58,294,12,143,99,5,1,21,17,113,7,106,250,25,18,4,19,176,8,328,162,84,82,68,68,290,130,45,47,9,33,23,3,208,6,30,16,26,110,20,180,180,345,345,504,351,25,128,138,24,2,7,31,22,3,44,3,0,2
2021,"Bromley 033","E02000159",3350,3,3,0,0,5,0,4,0,1,0,112,9,5,0,1,7,0,0,0,11,0,4,2,0,1,3,9,11,6,9,7,1,9,8,9,5,5,10,2,1,7,0,403,403,362,33,56,263,10,90,50,3,5,9,23,123,14,109,187,13,23,8,24,114,5,328,153,67,108,119,119,327,122,50,51,7,62,29,6,191,8,59,14,18,67,25,151,151,322,322,446,313,18,115,166,25,8,4,36,29,6,55,2,0,1
2021,"Bromley 034","E02000160",3809,8,8,0,0,1,0,1,0,0,0,113,13,5,0,1,8,1,0,1,20,0,4,6,1,2,1,5,11,2,8,7,1,3,7,6,17,17,5,0,1,4,0,471,471,354,35,47,261,11,97,70,0,6,10,11,107,2,105,228,24,21,14,33,127,9,351,172,89,90,84,84,356,122,55,76,10,57,33,3,182,5,38,18,19,88,14,278,278,491,491,458,301,30,127,208,50,8,6,41,28,4,63,2,0,6
2021,"Bromley 035","E02000161",4138,3,3,0,0,5,0,4,0,1,0,105,7,1,2,0,4,1,1,0,20,2,0,5,0,0,1,6,12,3,3,6,5,10,13,3,23,23,10,4,1,5,0,341,341,437,36,62,334,5,132,93,4,6,10,19,88,16,72,367,20,17,13,43,266,8,533,299,99,135,79,79,396,163,71,74,17,44,25,2,160,3,34,15,18,68,22,274,274,445,445,544,389,13,142,196,44,19,6,37,37,2,50,0,0,1
2021,"Bromley 036","E02000162",3150,10,10,0,0,5,0,4,0,1,0,111,6,2,0,1,7,1,0,0,11,1,1,8,0,4,6,15,7,7,5,3,2,3,13,8,16,16,20,4,3,11,2,319,319,329,38,52,225,14,126,88,3,8,9,18,95,8,87,203,26,13,6,24,129,5,300,132,77,91,59,59,278,112,49,40,10,41,21,5,166,2,27,9,19,90,19,189,189,341,341,444,321,23,100,139,31,6,6,20,21,1,53,1,0,0
2021,"Bromley 037","E02000163",3699,14,13,1,0,7,0,5,1,0,1,101,6,2,0,5,2,0,0,1,10,1,2,6,3,4,4,9,7,4,4,4,5,5,10,7,24,24,26,5,3,17,1,341,341,372,49,54,263,6,125,78,7,11,9,20,111,7,104,283,24,25,13,44,170,7,443,231,94,118,89,89,392,154,74,51,15,61,25,12,198,6,38,19,26,81,28,202,202,341,341,463,333,29,101,167,46,8,4,35,30,4,39,0,0,1
2021,"Bromley 039","E02000165",3718,16,15,0,1,4,0,2,1,1,0,173,13,5,0,2,3,0,0,0,17,0,1,6,10,5,2,12,13,12,18,8,11,3,19,13,13,13,19,7,0,12,0,514,514,447,65,59,320,3,177,92,2,19,34,30,98,6,92,155,20,14,6,36,78,1,236,70,85,81,75,75,238,86,33,42,4,30,33,10,238,10,45,14,16,137,16,274,274,397,397,431,267,32,132,213,35,12,3,52,21,4,86,0,0,0
2021,"Bromley 040","E02006782",3881,1,1,0,0,3,0,2,0,1,0,103,10,2,1,1,9,0,0,0,8,0,3,10,1,2,2,10,8,5,2,4,0,9,13,3,4,4,9,4,1,4,0,362,362,477,45,55,367,10,156,105,0,5,20,26,175,17,158,224,23,29,10,22,131,9,300,155,65,80,86,86,280,117,33,50,12,44,23,1,222,13,31,19,32,100,27,259,259,401,401,578,374,32,172,241,61,8,9,34,49,7,67,3,0,3
2021,"Bromley 041","E02006787",3942,1,1,0,0,6,1,4,0,1,0,104,6,1,1,0,12,0,0,1,11,5,6,10,3,0,1,5,14,1,1,7,5,3,10,1,7,7,11,2,2,6,1,289,289,409,43,58,295,13,147,92,4,4,11,36,162,16,146,332,44,28,25,31,197,7,352,168,76,108,76,76,420,143,69,69,18,86,32,3,179,3,43,24,9,72,28,277,277,445,445,501,323,16,162,224,70,14,10,39,37,1,44,4,0,5
2021,"Bromley 042","E02006789",3046,5,5,0,0,4,0,4,0,0,0,123,11,0,0,5,6,0,0,2,15,0,2,3,4,4,4,7,13,4,5,4,7,4,16,7,8,8,19,5,2,12,0,456,456,366,55,70,230,11,130,75,1,12,16,26,111,6,105,143,20,12,3,14,88,6,208,90,65,53,66,66,226,78,27,58,3,29,23,8,180,8,34,11,17,92,18,190,190,295,295,314,199,21,94,202,26,8,3,63,27,6,67,2,0,0
2021,"Camden 001","E02000166",3674,5,4,0,1,7,0,7,0,0,0,83,4,5,0,1,14,4,0,0,6,0,5,11,0,2,1,0,8,0,2,2,0,4,14,0,15,15,6,3,0,3,0,139,139,270,8,33,218,11,86,45,2,5,9,25,129,17,112,415,62,115,41,21,164,12,198,112,20,66,95,95,621,171,94,135,50,103,66,2,130,5,24,11,22,56,12,158,158,398,398,510,320,16,174,409,255,25,6,31,45,2,32,10,0,3
2021,"Camden 002","E02000167",3829,4,2,1,1,7,0,7,0,0,0,113,11,9,1,4,16,1,0,0,9,2,2,11,1,0,0,2,11,2,0,6,0,2,22,1,16,16,5,1,1,3,0,88,88,262,8,43,202,9,35,16,2,5,7,5,107,24,83,441,53,84,31,12,232,29,510,293,33,184,101,101,737,290,139,83,53,110,60,2,85,3,23,14,6,18,21,112,112,353,353,456,347,13,96,397,250,23,9,29,36,3,25,8,0,14
2021,"Camden 003","E02000168",4333,0,0,0,0,4,0,3,0,1,0,106,5,11,1,0,20,0,0,0,3,1,4,19,0,3,1,2,6,0,2,9,0,2,16,1,10,10,8,1,0,7,0,163,163,375,4,44,311,16,92,50,6,6,10,20,180,12,168,507,74,155,27,21,204,26,258,127,33,98,71,71,793,228,103,136,62,180,80,4,158,5,20,24,26,57,26,214,214,437,437,540,339,18,183,417,265,24,6,34,33,2,47,2,0,4
2021,"Camden 004","E02000169",3574,3,3,0,0,8,0,8,0,0,0,87,8,8,3,0,6,1,0,0,2,1,3,12,0,0,3,0,8,2,1,7,2,1,19,0,17,17,6,2,0,4,0,112,112,269,8,64,176,21,45,21,1,3,11,9,115,19,96,386,37,59,14,21,234,21,601,348,36,217,131,131,689,250,151,85,42,99,58,4,95,0,19,13,10,32,21,78,78,306,306,346,249,6,91,280,138,14,6,34,23,2,33,15,0,15
2021,"Camden 005","E02000170",4448,2,2,0,0,3,0,2,0,0,1,122,17,10,0,2,12,0,0,0,3,1,3,19,0,1,2,1,15,0,2,8,5,1,18,2,9,9,6,5,0,1,0,149,149,442,14,60,349,19,95,47,6,8,18,16,243,39,204,474,64,82,34,33,242,19,469,275,38,156,111,111,745,264,146,84,38,128,77,8,151,3,36,17,14,52,29,161,161,436,436,505,352,19,134,325,161,19,8,30,35,0,48,14,0,10
2021,"Camden 006","E02000171",3962,4,4,0,0,3,0,2,0,1,0,61,3,6,1,0,5,0,2,2,2,0,0,9,0,1,2,1,4,2,0,7,2,2,10,0,11,11,6,3,1,2,0,140,140,340,7,47,275,11,86,54,1,5,6,20,137,19,118,480,52,129,40,21,213,25,348,202,24,122,72,72,704,199,121,121,51,122,81,9,126,5,22,19,17,44,19,142,142,462,462,511,364,13,134,329,193,25,10,21,42,2,26,4,0,6
2021,"Camden 007","E02000172",4308,0,0,0,0,0,0,0,0,0,0,87,9,7,1,1,19,1,0,0,6,0,3,9,0,2,0,1,4,1,2,6,0,1,13,1,11,11,6,2,0,4,0,213,213,544,22,55,455,12,178,114,2,3,14,45,252,29,223,390,57,92,24,20,179,18,203,125,14,64,58,58,555,127,67,101,62,125,70,3,201,12,27,20,34,83,25,199,199,513,513,576,356,23,197,322,153,22,14,29,46,1,48,3,0,6
2021,"Camden 008","E02000173",4126,3,3,0,0,7,0,5,1,1,0,113,15,9,0,1,13,1,1,1,1,1,2,20,0,0,3,1,8,2,0,9,3,3,19,0,15,15,4,2,0,2,0,95,95,330,10,66,231,23,57,33,1,8,8,7,142,23,119,473,26,87,17,24,300,19,646,385,44,217,102,102,701,235,145,87,66,111,52,5,101,2,20,22,11,21,25,107,107,318,318,622,511,12,99,290,147,20,6,29,31,3,37,4,0,13
2021,"Camden 009","E02000174",4085,0,0,0,0,3,0,2,0,1,0,106,12,1,1,3,6,1,1,0,7,0,5,15,0,4,2,5,19,0,2,5,1,5,10,1,16,16,4,2,0,2,0,152,152,390,7,36,331,16,112,71,1,1,1,38,178,16,162,430,47,109,27,21,202,24,192,102,18,72,60,60,684,162,99,124,65,140,82,12,168,7,23,24,16,73,25,186,186,515,515,507,311,11,185,382,219,33,8,24,43,4,41,2,0,8
2021,"Camden 010","E02000175",5323,7,7,0,0,10,0,7,0,2,1,159,19,13,2,1,17,0,0,0,11,3,10,24,0,0,2,2,13,1,0,8,6,4,20,3,21,21,6,0,0,6,0,209,209,533,6,71,441,15,103,54,3,7,14,25,252,40,212,561,64,95,29,37,313,23,621,383,59,179,113,113,977,342,161,143,63,204,55,9,205,4,41,49,22,52,37,186,186,463,463,537,382,17,138,360,158,20,16,51,42,0,51,11,0,11
2021,"Camden 011","E02000176",3460,3,3,0,0,6,0,5,0,0,1,79,1,7,3,1,11,2,0,1,4,1,3,14,1,0,3,0,11,0,0,5,0,4,7,0,14,14,1,0,0,1,0,112,112,256,7,37,207,5,30,18,0,6,2,4,104,21,83,426,46,52,24,20,249,35,553,327,40,186,86,86,684,214,139,85,53,133,59,1,84,0,14,25,12,17,16,92,92,326,326,355,261,8,86,249,139,17,4,19,28,0,34,4,0,4
2021,"Camden 012","E02000177",4042,0,0,0,0,6,0,4,1,1,0,85,10,6,2,3,6,0,1,0,2,0,3,13,3,0,1,2,6,1,2,4,6,2,8,4,8,8,11,5,0,6,0,176,176,487,10,46,420,11,140,87,0,6,11,36,200,30,170,407,52,67,38,14,201,35,253,147,31,75,82,82,616,170,87,94,54,145,58,8,186,3,38,25,24,68,28,172,172,382,382,530,330,29,171,301,151,24,8,35,27,2,41,5,0,8
2021,"Camden 013","E02000178",4829,3,3,0,0,2,0,1,0,1,0,115,19,8,1,1,10,0,0,0,0,1,2,24,0,1,3,5,8,1,0,8,2,6,14,1,15,15,3,0,0,3,0,197,197,548,19,71,436,22,140,89,7,8,13,23,329,49,280,498,41,89,27,39,276,26,387,226,28,133,106,106,689,218,155,92,43,119,56,6,212,7,43,21,36,75,30,202,202,490,490,569,337,31,201,324,143,22,12,29,46,4,52,5,0,11
2021,"Camden 014","E02000179",2852,4,3,1,0,4,1,1,1,1,0,61,7,1,1,0,13,0,0,0,2,0,3,8,0,0,1,3,8,0,0,3,1,0,7,3,10,10,6,2,0,4,0,81,81,308,5,41,252,10,88,58,3,3,8,16,101,22,79,310,26,52,19,10,178,25,348,203,23,122,87,87,506,164,93,68,39,95,44,3,122,3,25,17,22,36,19,76,76,226,226,321,219,10,92,193,101,14,0,23,17,1,30,1,0,6
2021,"Camden 015","E02000180",4056,5,4,1,0,4,0,3,0,1,0,77,8,1,1,4,16,0,1,0,2,0,6,7,0,0,0,3,6,2,2,3,1,4,10,0,5,5,3,1,0,2,0,144,144,397,5,45,335,12,115,86,1,4,4,20,235,20,215,472,56,111,21,16,239,29,223,133,26,64,80,80,676,126,95,149,71,157,71,7,167,10,21,25,23,57,31,181,181,459,459,476,313,25,138,337,192,21,8,34,35,2,36,7,0,2
2021,"Camden 016","E02000181",4842,3,2,1,0,17,0,11,1,4,1,181,25,12,0,4,19,2,0,1,10,3,10,30,2,1,4,2,20,0,2,9,3,7,15,0,27,27,7,2,0,5,0,151,151,413,8,81,314,10,96,57,6,7,6,20,148,23,125,569,41,94,41,39,316,38,676,414,38,224,96,96,924,305,191,125,70,164,68,1,149,12,39,23,16,40,19,179,179,414,414,499,378,8,113,293,140,17,14,25,33,3,41,3,0,17
2021,"Camden 017","E02000182",3390,1,1,0,0,3,0,2,0,0,1,103,7,5,1,3,17,2,0,0,8,3,1,13,0,0,3,0,9,0,0,7,0,4,17,3,12,12,6,1,0,5,0,106,106,332,17,65,235,15,75,44,6,4,10,11,198,27,171,312,31,36,29,15,167,34,499,320,33,146,97,97,531,191,107,67,38,92,35,1,127,1,27,19,16,34,30,114,114,253,253,374,242,10,122,247,100,15,9,22,30,1,37,7,0,26
2021,"Camden 018","E02000183",3845,7,6,1,0,8,0,7,0,1,0,111,7,7,1,3,18,1,1,0,2,1,0,23,0,2,0,3,9,0,0,8,6,4,12,3,15,15,10,3,0,7,0,105,105,324,10,46,260,8,88,53,6,4,8,17,151,25,126,428,43,90,25,23,206,41,379,211,25,143,109,109,673,208,113,90,58,133,64,7,150,9,38,25,16,39,23,124,124,373,373,409,271,15,123,381,218,28,10,28,39,1,41,4,0,12
2021,"Camden 019","E02000184",3946,2,2,0,0,1,0,1,0,0,0,73,10,9,0,2,10,2,0,0,3,0,0,5,0,1,0,2,4,1,3,5,1,4,11,0,5,5,5,0,1,4,0,166,166,449,11,40,386,12,141,82,2,2,12,43,275,33,242,412,32,80,18,23,233,26,212,121,26,65,75,75,557,129,68,87,82,122,67,2,168,14,29,16,21,60,28,210,210,453,453,455,303,25,127,287,152,22,11,28,34,2,31,5,0,2
2021,"Camden 020","E02000185",3911,0,0,0,0,7,1,4,0,2,0,99,17,2,1,1,10,3,0,0,5,0,3,15,0,1,1,2,7,2,2,6,5,5,11,0,15,15,6,1,0,5,0,187,187,513,20,66,413,14,187,124,11,7,11,34,261,64,197,320,32,58,32,14,167,17,259,148,29,82,85,85,476,142,92,64,30,92,49,7,235,5,21,30,29,119,31,121,121,359,359,493,308,21,164,288,116,14,11,39,42,3,45,12,0,6
2021,"Camden 021","E02000186",3113,2,2,0,0,4,0,4,0,0,0,87,5,5,0,3,20,1,0,0,3,0,2,15,0,4,1,3,9,0,2,2,1,2,9,0,7,7,3,2,0,1,0,89,89,318,7,34,257,20,84,52,2,4,8,18,165,15,150,344,41,70,22,16,173,22,244,132,14,98,73,73,505,127,91,76,53,105,51,2,123,5,22,17,16,42,21,161,161,294,294,357,252,10,95,253,132,24,10,16,29,1,35,5,0,1
2021,"Camden 022","E02000187",3605,4,4,0,0,1,0,1,0,0,0,79,11,3,0,1,11,0,0,0,2,1,2,11,1,1,4,2,2,1,2,5,1,1,16,1,13,13,5,2,1,2,0,150,150,489,10,41,429,9,220,159,0,4,15,42,271,29,242,276,29,37,14,19,160,17,171,98,14,59,62,62,360,100,46,55,53,69,33,4,210,8,21,17,36,96,32,149,149,398,398,510,350,31,129,237,80,22,17,24,39,2,42,7,0,4
2021,"Camden 023","E02000188",2689,0,0,0,0,4,0,3,0,0,1,53,7,3,0,1,5,0,0,0,2,1,3,7,0,3,2,1,6,0,1,3,1,1,4,2,5,5,3,1,0,2,0,89,89,348,11,35,295,7,213,150,1,3,13,46,188,26,162,147,11,26,7,6,91,6,118,74,11,33,50,50,204,52,23,23,40,44,21,1,165,6,29,12,31,65,22,136,136,319,319,501,354,24,123,146,50,19,8,14,24,3,21,2,0,5
2021,"Camden 026","E02000191",2144,3,3,0,0,5,0,4,0,1,0,55,6,1,0,1,5,0,0,0,4,2,6,6,2,0,1,0,2,1,0,3,5,1,7,2,7,7,5,1,0,4,0,45,45,169,2,17,144,6,37,24,0,2,4,7,123,14,109,193,10,41,5,14,111,12,197,123,12,62,48,48,345,103,73,46,35,57,30,1,65,5,13,7,7,17,16,77,77,255,255,340,296,5,39,175,103,11,2,9,20,2,21,2,0,5
2021,"Camden 027","E02000192",3148,3,3,0,0,4,0,4,0,0,0,80,10,5,1,1,15,1,0,0,2,0,5,10,0,0,0,1,2,1,0,3,3,4,15,1,6,6,4,2,0,2,0,93,93,353,5,31,308,9,129,87,2,2,3,35,192,20,172,276,21,49,22,14,154,16,269,154,19,96,67,67,536,192,91,71,46,88,48,0,121,7,25,18,19,35,17,116,116,312,312,331,220,16,95,256,142,18,8,22,24,3,27,6,0,6
2021,"Camden 028","E02000193",2825,1,1,0,0,4,0,3,0,1,0,56,7,2,1,4,7,2,0,0,0,0,4,7,0,1,0,2,2,0,0,5,1,2,9,0,12,12,4,1,0,3,0,52,52,268,6,38,221,3,77,40,1,6,8,22,168,32,136,276,30,48,14,8,156,20,254,135,28,91,49,49,457,168,88,47,34,84,36,0,72,6,7,10,13,27,9,118,118,303,303,343,259,9,75,311,154,30,6,17,34,2,41,4,0,23
2021,"Camden 029","E02007115",4170,4,4,0,0,8,0,7,0,1,0,81,7,5,1,0,17,3,0,0,2,0,5,11,0,4,0,2,5,0,5,4,3,1,6,0,13,13,5,1,0,4,0,152,152,447,11,45,385,6,163,106,5,4,13,35,353,53,300,298,21,58,17,16,176,10,201,119,18,64,70,70,528,167,76,67,88,85,42,3,212,11,23,17,45,88,28,164,164,562,562,574,373,26,175,335,164,27,6,21,55,2,54,1,0,5
2021,"Croydon 001","E02000194",5004,2,1,1,0,2,0,1,0,0,1,118,19,10,0,6,12,1,0,1,10,0,2,9,2,2,1,4,4,1,3,4,2,2,19,4,10,10,14,5,1,7,1,268,268,507,17,64,407,19,177,106,2,10,22,37,203,25,178,438,60,116,44,33,174,11,232,110,61,61,85,85,599,117,98,98,40,149,91,6,269,8,38,30,38,119,36,312,312,631,631,721,408,56,257,416,204,37,9,41,57,1,50,3,0,14
2021,"Croydon 002","E02000195",4586,3,3,0,0,3,0,1,0,1,1,92,11,5,0,2,11,0,2,0,5,0,6,2,2,2,0,1,7,3,2,4,2,6,17,2,12,12,9,2,0,7,0,354,354,589,39,79,456,15,219,122,0,7,20,70,221,23,198,251,38,41,21,26,117,8,216,117,40,59,157,157,420,127,67,51,18,98,58,1,278,7,40,19,31,155,26,311,311,516,516,639,401,54,184,296,85,20,13,26,53,7,75,6,0,11
2021,"Croydon 003","E02000196",3758,1,0,0,1,6,1,4,0,0,1,105,12,1,3,6,6,2,1,0,10,1,0,7,10,3,0,6,5,0,1,8,4,9,9,1,7,7,9,0,1,8,0,372,372,510,26,71,400,13,237,145,1,4,22,65,218,24,194,181,10,22,3,29,109,8,144,79,30,35,86,86,263,101,37,41,15,43,22,4,281,8,23,21,49,155,25,258,258,360,360,520,321,48,151,200,56,5,14,23,28,12,56,4,0,2
2021,"Croydon 004","E02000197",4458,1,1,0,0,4,0,4,0,0,0,118,11,1,1,4,4,0,0,0,19,2,6,15,5,1,0,5,5,2,1,12,6,1,13,4,6,6,12,6,1,4,1,472,472,622,42,96,470,14,244,144,1,7,14,78,235,30,205,230,20,26,8,36,137,3,183,97,34,52,81,81,297,94,42,57,12,62,27,3,353,6,31,23,47,227,19,275,275,401,401,685,419,85,181,239,51,16,10,32,42,2,69,13,0,4
2021,"Croydon 005","E02000198",4262,0,0,0,0,2,0,2,0,0,0,83,10,1,2,0,4,0,1,0,7,1,4,7,5,1,1,10,5,1,5,4,0,0,13,1,9,9,5,0,0,5,0,419,419,537,28,77,424,8,250,163,2,4,20,61,241,24,217,189,19,35,17,30,85,3,122,43,33,46,64,64,258,100,29,39,11,48,28,3,346,6,31,15,42,229,23,256,256,427,427,859,513,87,259,195,56,9,13,26,29,6,43,10,0,3
2021,"Croydon 006","E02000199",4257,3,3,0,0,0,0,0,0,0,0,97,15,3,0,2,10,0,0,0,11,0,3,5,3,2,0,7,7,0,0,4,0,9,12,4,9,9,11,1,1,9,0,349,349,488,29,72,378,9,247,159,4,5,28,51,207,25,182,212,22,41,21,23,101,4,158,70,44,44,74,74,257,87,36,50,16,43,24,1,316,9,33,27,38,185,24,316,316,498,498,791,437,89,265,224,69,13,5,29,46,4,55,3,0,0
2021,"Croydon 007","E02000200",4736,5,4,0,1,4,0,3,1,0,0,93,10,4,0,3,7,1,0,0,3,0,1,4,6,2,2,6,8,2,2,9,1,5,15,2,14,14,12,5,0,7,0,284,284,504,23,57,412,12,240,155,2,12,15,56,228,27,201,321,36,55,25,35,162,8,217,102,59,56,80,80,451,109,69,77,21,124,49,2,320,10,46,24,39,170,31,342,342,545,545,747,428,61,258,329,128,24,18,33,49,1,70,2,0,4
2021,"Croydon 008","E02000201",4189,1,1,0,0,5,0,4,0,1,0,91,11,4,0,0,3,1,0,0,8,0,7,9,2,2,2,11,7,1,3,5,2,5,6,2,13,13,13,4,1,8,0,333,333,509,30,67,397,15,244,173,0,2,21,48,230,22,208,234,20,34,16,33,126,5,159,65,45,49,73,73,287,91,37,61,11,58,26,3,308,4,40,21,47,166,30,305,305,396,396,734,414,94,226,254,98,15,8,30,31,2,66,2,0,2
2021,"Croydon 009","E02000202",4119,1,0,1,0,2,0,2,0,0,0,71,10,1,0,1,4,1,0,0,6,0,7,4,7,1,1,1,4,2,1,3,2,5,10,0,5,5,6,2,0,3,1,376,376,649,26,81,531,11,319,197,4,1,30,87,193,28,165,158,11,21,5,30,89,2,119,65,29,25,82,82,215,91,32,33,10,31,18,0,329,8,29,17,52,182,41,289,289,399,399,723,417,76,230,183,35,9,11,19,32,7,55,10,0,5
2021,"Croydon 010","E02000203",3717,0,0,0,0,1,0,1,0,0,0,87,11,3,1,4,7,0,0,0,1,1,1,6,6,0,2,9,2,1,4,4,1,5,17,1,5,5,8,5,0,3,0,324,324,476,25,77,362,12,234,156,2,3,16,57,213,31,182,145,9,22,7,34,70,3,109,60,23,26,61,61,198,73,26,31,7,33,12,16,364,13,27,17,48,219,40,238,238,335,335,749,416,97,236,170,44,8,10,23,24,2,48,8,0,3
2021,"Croydon 011","E02000204",4338,0,0,0,0,3,0,3,0,0,0,93,10,2,2,1,10,0,0,0,4,0,5,15,11,0,0,5,9,2,1,3,1,3,9,0,8,8,9,2,2,5,0,349,349,806,39,113,640,14,318,220,3,5,17,73,253,31,222,151,10,10,3,30,89,9,162,93,32,37,64,64,222,107,28,32,13,31,10,1,324,13,27,17,46,174,47,325,325,329,329,763,465,88,210,159,24,9,6,9,38,2,64,5,0,2
2021,"Croydon 013","E02000206",5106,1,1,0,0,2,0,1,0,1,0,143,17,3,0,3,6,0,0,1,12,0,7,5,5,4,3,9,5,4,0,8,3,4,41,3,12,12,11,0,1,10,0,442,442,664,34,101,522,7,293,192,1,1,23,76,312,35,277,235,18,29,21,46,115,6,192,83,48,61,110,110,331,115,36,64,14,66,33,3,400,16,39,44,62,211,28,337,337,463,463,908,474,118,316,250,66,16,21,39,35,1,66,5,0,1
2021,"Croydon 014","E02000207",4367,2,1,1,0,2,0,2,0,0,0,124,9,1,0,5,9,1,1,0,9,0,2,11,7,2,4,8,9,3,9,11,3,6,10,4,19,19,17,4,2,10,1,346,346,510,26,73,405,6,245,162,2,8,19,54,206,23,183,202,11,32,21,30,104,4,192,90,54,48,113,113,306,104,39,39,20,66,37,1,296,8,48,17,51,131,41,349,349,457,457,750,372,108,270,231,66,10,11,35,45,4,53,2,0,5
2021,"Croydon 015","E02000208",4716,2,1,1,0,0,0,0,0,0,0,145,25,2,0,4,9,0,0,0,7,1,7,12,15,5,0,9,5,1,3,5,6,5,19,5,7,7,7,4,1,2,0,352,352,752,37,108,596,11,328,209,2,3,27,87,287,36,251,171,13,13,12,27,105,1,139,73,30,36,58,58,225,86,30,45,10,28,24,2,352,13,41,9,30,232,27,292,292,389,389,1025,625,145,255,185,45,4,14,38,25,1,52,5,0,1
2021,"Croydon 016","E02000209",4234,2,2,0,0,0,0,0,0,0,0,135,15,0,0,2,6,0,3,1,7,1,7,18,21,0,2,10,8,2,2,5,1,5,16,3,9,9,4,0,0,4,0,325,325,966,58,179,718,11,313,197,1,4,29,82,208,18,190,138,8,5,4,24,94,3,155,81,40,34,69,69,201,101,22,23,14,22,18,1,290,10,30,11,32,168,39,242,242,283,283,754,468,101,185,140,14,7,9,28,29,3,44,0,0,6
2021,"Croydon 017","E02000210",4582,2,2,0,0,2,0,1,0,0,1,115,14,3,0,2,13,1,0,0,8,0,5,7,5,0,0,9,9,4,3,12,4,1,10,5,16,16,17,5,0,12,0,420,420,547,27,85,417,18,255,147,2,13,20,73,244,32,212,264,27,35,13,26,157,6,260,111,77,72,97,97,318,100,53,56,21,52,28,8,297,12,53,20,21,155,36,353,353,440,440,693,384,83,226,242,57,11,7,33,50,8,65,5,0,6
2021,"Croydon 018","E02000211",4079,3,1,0,2,4,0,3,0,1,0,81,4,0,1,2,5,0,0,0,9,0,2,8,3,1,1,8,4,3,4,6,4,2,11,3,16,16,25,6,6,11,2,433,433,527,62,67,380,18,201,133,0,8,15,45,130,12,118,237,21,12,8,35,158,3,283,105,95,83,87,87,307,137,37,36,11,49,29,8,167,3,35,25,20,67,17,342,342,473,473,545,327,50,168,218,26,11,6,41,38,12,83,1,0,0
2021,"Croydon 019","E02000212",4233,1,0,0,1,3,0,3,0,0,0,144,20,1,1,8,5,1,3,0,5,1,8,8,25,3,0,3,9,6,3,2,7,3,19,3,5,5,10,2,0,8,0,355,355,821,46,97,667,11,298,181,0,10,33,74,247,31,216,135,2,9,5,28,87,4,128,57,41,30,63,63,195,74,24,32,14,30,18,3,282,3,37,20,43,149,30,266,266,307,307,844,506,123,215,129,13,9,6,19,19,6,43,10,0,4
2021,"Croydon 020","E02000213",5995,5,5,0,0,0,0,0,0,0,0,117,13,0,0,1,3,0,0,0,4,0,6,10,9,2,11,10,11,6,4,6,2,5,13,1,26,26,22,8,1,13,0,471,471,911,56,167,659,29,355,198,2,22,41,92,344,43,301,383,16,34,13,33,272,15,272,125,74,73,108,108,452,120,68,101,25,92,42,4,436,14,47,13,69,251,42,336,336,377,377,1109,635,172,302,271,66,14,17,40,31,2,92,7,0,2
2021,"Croydon 021","E02000214",3095,4,3,0,1,4,0,3,1,0,0,80,5,4,2,6,5,0,0,0,6,0,2,7,0,0,1,1,2,2,6,6,0,2,15,8,12,12,7,3,0,4,0,256,256,358,29,55,264,10,164,99,4,8,20,33,99,18,81,193,15,14,16,22,120,6,217,85,64,68,68,68,246,83,35,45,16,43,20,4,134,2,25,14,15,61,17,288,288,365,365,439,273,27,139,161,48,12,3,27,33,5,31,1,0,1
2021,"Croydon 022","E02000215",6265,6,6,0,0,1,0,0,0,0,1,168,33,7,0,3,8,1,2,0,7,1,10,13,7,2,3,6,13,6,6,6,4,9,18,3,13,13,24,6,0,18,0,577,577,785,39,119,602,25,326,192,3,21,45,65,346,58,288,498,42,48,32,32,333,11,329,159,89,81,110,110,525,170,97,87,34,72,58,7,414,7,55,38,53,214,47,414,414,533,533,893,514,97,282,303,113,16,20,34,37,5,63,13,0,2
2021,"Croydon 023","E02000216",3467,4,3,0,1,3,0,3,0,0,0,69,17,1,0,0,3,0,0,0,2,1,2,6,3,1,3,3,6,1,5,3,1,0,10,1,10,10,17,3,1,12,1,238,238,351,16,51,275,9,139,87,2,5,14,31,122,11,111,453,23,21,8,22,371,8,354,172,92,90,76,76,356,114,69,83,21,47,19,3,164,4,24,18,27,69,22,203,203,306,306,459,297,50,112,143,41,17,8,14,28,2,17,5,0,11
2021,"Croydon 024","E02000217",6208,2,2,0,0,8,0,7,0,0,1,146,17,4,1,4,5,0,1,2,12,0,13,18,6,0,1,6,10,5,3,3,2,8,22,3,22,22,20,3,0,17,0,562,562,901,57,152,668,24,349,203,6,11,50,79,398,54,344,422,36,35,19,45,279,8,263,116,82,65,88,88,446,125,66,89,26,81,55,4,401,7,60,25,71,196,42,403,403,533,533,940,574,88,278,304,83,14,16,26,44,12,97,10,0,2
2021,"Croydon 025","E02000218",2796,2,2,0,0,2,0,2,0,0,0,66,9,0,0,1,4,2,0,0,5,0,3,3,2,3,2,4,8,3,2,2,1,6,4,2,5,5,8,1,2,5,0,245,245,383,36,54,283,10,149,93,2,4,14,36,127,7,120,126,2,10,7,29,75,3,173,67,65,41,54,54,179,59,29,31,11,30,12,7,163,9,26,9,24,82,13,196,196,292,292,501,295,51,155,125,15,3,4,26,21,5,45,5,0,1
2021,"Croydon 026","E02000219",3649,4,3,1,0,0,0,0,0,0,0,106,5,4,0,1,10,0,2,0,12,0,2,1,3,4,0,14,9,3,2,14,1,1,16,2,13,13,22,5,0,16,1,367,367,446,46,79,307,14,135,76,1,11,14,33,130,12,118,186,18,14,10,34,107,3,260,113,69,78,101,101,308,127,43,57,12,49,14,6,153,12,30,16,11,68,16,313,313,407,407,518,352,37,129,180,31,11,4,39,37,1,52,4,0,1
2021,"Croydon 028","E02000221",4987,3,3,0,0,5,0,3,1,1,0,152,16,1,0,1,8,1,0,1,19,0,8,8,11,2,0,11,12,2,7,10,1,8,17,8,12,12,21,6,3,11,1,404,404,719,50,120,536,13,291,180,1,12,38,60,220,21,199,248,18,16,3,38,164,9,256,100,89,67,124,124,331,123,37,67,19,47,30,8,289,11,30,19,67,128,34,337,337,487,487,897,512,110,275,191,36,10,6,43,29,8,51,5,0,3
2021,"Croydon 029","E02000222",4493,4,3,0,1,5,0,4,0,0,1,115,9,5,0,5,8,0,0,5,11,0,2,18,6,0,1,7,8,6,3,4,1,1,9,6,19,19,12,5,3,3,1,317,317,509,35,80,383,11,223,129,2,11,23,58,172,21,151,343,34,34,29,31,208,7,377,154,119,104,103,103,465,136,73,100,29,86,38,3,246,7,59,25,18,97,40,345,345,440,440,563,320,63,180,235,73,12,6,38,43,6,54,3,0,0
2021,"Croydon 030","E02000223",3202,1,1,0,0,3,0,2,0,1,0,79,12,0,0,1,3,0,2,4,5,0,4,7,5,2,1,5,3,4,5,3,1,2,9,1,5,5,7,2,2,3,0,286,286,551,37,89,421,4,274,181,3,3,41,46,184,14,170,69,2,5,2,17,38,5,90,44,30,16,46,46,94,40,9,15,4,11,14,1,246,12,27,5,32,151,19,172,172,338,338,649,294,125,230,108,11,4,12,14,11,5,47,3,0,1
2021,"Croydon 031","E02000224",4345,2,2,0,0,3,0,2,1,0,0,117,9,6,2,0,8,1,1,0,13,0,2,13,5,5,0,6,8,0,3,4,2,6,17,6,23,23,22,9,4,9,0,363,363,529,42,86,390,11,218,154,5,10,13,36,176,24,152,273,32,28,14,41,152,6,294,114,99,81,103,103,365,107,57,67,18,82,33,1,272,12,52,35,33,101,39,317,317,459,459,598,330,75,193,211,58,9,11,42,40,3,43,4,0,1
2021,"Croydon 032","E02000225",3381,4,2,2,0,0,0,0,0,0,0,106,14,1,0,2,3,0,0,0,13,0,2,3,12,3,3,9,5,4,9,3,0,4,12,4,18,18,26,9,5,12,0,469,469,487,43,86,348,10,243,157,0,4,23,59,152,14,138,79,1,7,6,20,41,4,97,48,37,12,46,46,126,63,12,20,8,9,11,3,216,13,17,5,41,121,19,207,207,334,334,622,307,88,227,149,17,6,12,37,16,1,60,0,0,0
2021,"Croydon 033","E02000226",3551,1,1,0,0,5,0,4,0,1,0,119,5,6,0,0,5,0,1,1,8,0,3,14,7,1,2,6,10,2,10,7,3,2,18,8,19,19,11,5,2,4,0,356,356,390,39,47,295,9,158,97,2,8,18,33,88,8,80,212,13,14,12,27,140,6,281,124,70,87,74,74,304,96,55,68,11,39,23,12,171,5,25,11,19,84,27,267,267,442,442,478,323,41,114,175,34,8,4,36,35,3,53,1,0,1
2021,"Croydon 034","E02000227",5721,7,2,3,2,2,0,2,0,0,0,173,28,5,0,2,3,2,1,1,21,0,2,16,8,3,1,11,11,6,8,9,4,7,16,8,30,30,33,13,1,19,0,609,609,762,79,124,533,26,333,214,1,12,26,80,205,13,192,229,25,14,12,46,126,6,300,103,135,62,110,110,291,113,45,57,5,37,21,13,287,10,43,25,41,129,39,509,509,692,692,850,536,59,255,299,43,13,14,56,54,8,108,3,0,0
2021,"Croydon 035","E02000228",3656,0,0,0,0,10,0,10,0,0,0,122,18,1,1,1,6,1,0,0,16,0,2,10,2,1,3,5,10,4,9,8,1,2,13,8,16,16,17,9,1,7,0,298,298,380,19,67,280,14,116,69,0,5,16,26,67,8,59,262,17,26,13,31,169,6,410,180,97,133,89,89,400,148,75,87,6,44,35,5,169,7,34,18,17,56,37,275,275,420,420,415,309,19,87,190,45,6,5,49,28,3,51,2,0,1
2021,"Croydon 036","E02000229",2539,0,0,0,0,2,0,1,0,0,1,102,17,2,0,3,0,0,0,2,6,0,4,13,6,2,2,8,5,2,4,7,1,1,9,8,3,3,16,6,2,8,0,291,291,394,44,85,252,13,193,123,1,2,19,48,141,15,126,81,9,8,3,23,37,1,63,29,19,15,28,28,93,37,15,19,5,10,7,0,175,13,15,6,24,101,16,146,146,272,272,439,229,68,142,100,19,2,8,15,15,6,32,2,0,1
2021,"Croydon 037","E02000230",5083,4,3,1,0,5,0,4,0,0,1,129,19,2,1,2,7,1,1,3,5,1,9,8,8,5,3,4,4,3,4,11,5,4,18,1,18,18,11,2,2,7,0,365,365,529,49,70,396,14,197,111,7,18,25,36,160,20,140,398,30,30,19,44,265,10,524,211,158,155,129,129,596,206,118,107,25,88,40,12,243,9,51,33,22,87,41,329,329,506,506,710,450,66,194,230,64,12,8,35,40,0,63,3,0,5
2021,"Croydon 038","E02000231",3856,2,1,1,0,5,0,4,0,1,0,95,5,0,0,2,4,1,2,0,6,0,3,15,5,2,1,5,8,2,2,10,6,0,9,7,14,14,5,3,0,2,0,293,293,447,27,84,326,10,103,59,4,11,6,23,127,26,101,296,22,14,8,31,219,2,417,195,113,109,118,118,492,210,74,91,27,59,29,2,161,7,45,20,14,51,24,196,196,384,384,540,354,43,143,161,43,8,6,34,22,3,42,3,0,0
2021,"Croydon 039","E02000232",2895,1,1,0,0,0,0,0,0,0,0,115,9,3,0,2,6,0,1,0,19,2,5,5,9,2,5,6,5,5,6,6,0,1,13,5,12,12,14,3,4,7,0,321,321,375,60,61,247,7,123,77,4,3,7,32,98,9,89,148,11,8,9,34,85,1,221,92,74,55,65,65,209,76,33,33,6,41,14,6,135,8,19,10,17,67,14,191,191,345,345,391,247,28,116,131,25,6,3,37,20,4,33,1,0,2
2021,"Croydon 040","E02000233",3173,2,2,0,0,0,0,0,0,0,0,97,7,0,1,3,6,1,0,0,8,1,4,11,3,0,0,10,11,1,2,7,0,3,16,2,12,12,21,10,4,7,0,241,241,380,39,61,266,14,121,80,3,11,7,20,96,7,89,233,18,11,14,30,153,7,261,114,68,79,73,73,308,107,52,55,14,50,26,4,195,11,30,28,20,74,32,202,202,369,369,391,253,32,106,171,34,8,4,18,31,4,68,1,0,3
2021,"Croydon 041","E02000234",4562,0,0,0,0,9,0,8,1,0,0,112,7,2,0,0,3,1,0,0,15,0,1,15,7,3,1,5,8,2,2,7,3,6,18,6,19,19,20,7,4,7,2,399,399,519,39,72,387,21,146,94,0,7,7,38,153,12,141,361,26,22,15,45,247,6,422,178,115,129,103,103,468,175,77,81,15,80,28,12,229,9,52,33,31,79,25,281,281,444,444,658,405,55,198,219,48,8,11,31,37,8,70,2,0,4
2021,"Croydon 042","E02000235",3452,4,4,0,0,13,0,12,1,0,0,111,4,2,2,6,3,1,1,4,10,2,3,8,7,6,1,6,6,1,5,10,3,1,13,6,15,15,15,5,0,10,0,322,322,399,37,67,283,12,131,73,3,14,14,27,87,2,85,238,26,18,13,23,153,5,342,138,102,102,97,97,326,122,62,63,5,51,22,1,192,8,41,18,24,76,25,248,248,352,352,394,241,38,115,166,50,6,1,27,24,4,52,2,0,0
2021,"Croydon 043","E02000236",4660,5,3,0,2,8,0,6,0,1,1,122,13,1,0,5,3,1,0,1,12,2,4,9,3,2,1,9,18,5,3,5,4,5,10,6,37,37,17,8,2,7,0,439,439,510,60,83,348,19,196,112,5,14,33,32,117,11,106,340,27,19,21,34,226,13,517,209,153,155,90,90,413,173,56,81,25,41,27,10,257,13,53,36,32,87,36,330,330,482,482,594,365,51,178,186,47,10,6,34,22,3,57,4,0,3
2021,"Croydon 044","E02000237",3510,6,3,2,1,4,1,3,0,0,0,107,5,2,1,2,3,0,0,1,16,1,2,11,5,3,1,6,4,5,5,9,2,9,11,3,18,18,17,2,5,10,0,425,425,426,43,65,307,11,153,93,4,10,15,31,96,8,88,202,13,14,9,40,118,8,261,80,97,84,60,60,245,93,34,52,3,36,14,13,183,4,27,25,21,86,20,262,262,401,401,478,291,43,144,166,38,7,7,33,24,6,45,4,0,2
2021,"Croydon 045","E02006788",3680,1,1,0,0,7,0,7,0,0,0,99,19,0,0,0,5,1,2,0,7,1,4,4,6,4,1,8,7,2,0,8,3,5,4,8,11,11,9,2,2,4,1,272,272,448,35,57,344,12,217,134,1,3,22,57,173,16,157,203,23,30,19,32,94,5,163,74,47,42,72,72,290,102,40,36,15,55,35,7,217,8,31,13,40,103,22,297,297,415,415,586,302,58,226,200,47,22,6,35,37,5,43,4,0,1
2021,"Croydon 046","E02006987",4722,3,2,1,0,9,0,7,1,0,1,123,15,2,0,1,20,0,0,2,3,0,7,25,3,4,1,4,12,0,4,4,2,1,12,1,29,29,13,2,3,8,0,272,272,489,20,75,372,22,169,93,2,27,23,24,294,66,228,565,26,38,20,27,435,19,376,173,95,108,89,89,569,162,82,100,33,150,34,8,291,8,66,53,29,97,38,268,268,344,344,582,417,42,123,237,86,6,16,30,26,4,58,8,0,3
2021,"Croydon 047","E02006988",3723,5,3,2,0,3,0,3,0,0,0,100,17,3,0,2,1,1,0,0,10,1,6,7,2,0,2,3,6,1,4,11,1,5,14,3,23,23,16,4,1,11,0,293,293,458,24,49,372,13,179,104,2,11,18,44,227,27,200,260,26,28,18,22,159,7,209,86,54,69,80,80,327,93,54,80,16,49,28,7,250,10,37,15,38,117,33,280,280,332,332,510,279,74,157,171,55,9,12,24,27,4,37,3,0,0
2021,"Ealing 001","E02000238",5503,4,4,0,0,2,0,1,0,0,1,228,51,4,2,5,11,2,1,2,9,0,8,31,8,5,3,12,6,5,7,9,5,6,28,8,14,14,26,7,2,15,2,800,800,870,53,169,621,27,450,256,3,31,67,93,278,41,237,285,7,22,30,37,180,9,162,102,28,32,75,75,316,110,55,39,22,61,25,4,388,26,22,23,59,207,51,200,200,452,452,720,504,71,145,233,39,8,16,41,38,7,62,10,0,12
2021,"Ealing 002","E02000239",4591,1,1,0,0,6,1,5,0,0,0,238,65,2,1,4,5,0,1,0,13,0,8,29,6,5,3,8,15,5,0,16,6,11,30,5,11,11,12,1,0,11,0,651,651,743,46,141,533,23,322,161,4,26,50,81,248,35,213,257,11,34,19,38,144,11,146,83,21,42,76,76,290,129,44,33,14,38,28,4,335,10,35,19,49,193,29,197,197,352,352,500,352,39,109,206,45,8,8,36,26,5,57,3,0,18
2021,"Ealing 003","E02000240",4924,1,1,0,0,4,0,2,0,2,0,198,56,2,0,0,13,0,0,1,10,0,0,26,5,4,0,9,15,3,2,13,3,7,27,2,12,12,13,4,0,9,0,619,619,782,62,147,565,8,437,233,1,29,72,102,277,40,237,217,5,17,22,33,132,8,106,55,18,33,71,71,235,92,36,27,12,46,21,1,417,14,31,19,99,207,47,169,169,415,415,733,448,85,200,218,42,13,12,36,23,5,77,7,0,3
2021,"Ealing 004","E02000241",3586,1,1,0,0,3,0,2,0,1,0,165,50,1,0,3,5,0,1,3,8,0,5,16,3,4,0,9,5,0,7,9,3,8,19,6,13,13,9,6,2,1,0,456,456,569,43,123,393,10,285,141,1,16,57,70,194,30,164,216,8,15,22,46,118,7,100,46,14,40,66,66,207,79,26,42,18,18,23,1,291,14,24,19,67,130,37,140,140,287,287,432,277,43,112,152,26,7,10,16,22,1,59,7,0,4
2021,"Ealing 005","E02000242",3283,2,2,0,0,2,0,2,0,0,0,212,71,4,0,7,12,0,0,1,6,1,7,18,12,5,4,5,7,0,3,9,3,10,24,3,6,6,15,3,1,11,0,447,447,663,45,137,467,14,213,130,0,11,37,35,207,28,179,156,13,15,17,14,94,3,87,62,6,19,65,65,217,83,33,31,10,37,22,1,231,11,22,13,23,129,33,99,99,204,204,328,224,20,84,129,23,6,10,11,13,2,50,6,0,8
2021,"Ealing 006","E02000243",4157,2,2,0,0,2,0,2,0,0,0,203,47,4,0,3,11,2,2,0,4,0,3,23,11,11,1,14,8,1,4,10,8,7,26,3,11,11,14,2,0,12,0,620,620,600,43,136,412,9,336,184,2,24,49,77,226,46,180,214,23,23,19,34,111,4,128,68,16,44,62,62,223,81,36,38,13,31,21,3,371,25,20,35,40,211,40,158,158,350,350,472,301,37,134,165,29,5,7,26,12,4,62,11,0,9
2021,"Ealing 007","E02000244",3765,4,4,0,0,3,0,2,0,0,1,157,28,9,2,1,8,1,4,0,7,0,6,26,1,4,2,6,11,7,3,5,3,7,16,0,10,10,16,4,0,12,0,583,583,533,44,97,373,19,274,178,2,13,36,45,204,31,173,298,7,48,47,35,150,11,114,62,21,31,72,72,252,81,33,49,17,43,27,2,245,13,14,17,37,146,18,130,130,302,302,378,256,19,103,190,38,3,8,23,21,3,75,12,0,7
2021,"Ealing 008","E02000245",3926,1,1,0,0,4,0,3,0,1,0,159,39,3,0,8,0,0,3,1,6,0,13,24,2,9,0,7,6,3,4,6,8,5,11,1,8,8,9,2,0,7,0,406,406,623,44,102,462,15,419,229,1,31,81,77,236,33,203,172,5,22,18,18,105,4,80,49,12,19,64,64,173,71,19,21,19,26,12,5,306,11,28,19,58,150,40,142,142,353,353,628,391,61,176,143,23,6,8,17,22,5,55,2,0,5
2021,"Ealing 009","E02000246",4076,1,1,0,0,2,0,1,0,0,1,185,48,3,1,1,7,2,1,0,6,1,4,32,4,9,3,11,9,1,2,8,6,7,17,2,18,18,18,3,0,15,0,475,475,774,76,157,530,11,447,226,5,43,80,93,198,24,174,173,5,18,19,30,97,4,104,62,11,31,56,56,180,69,26,26,8,30,18,3,322,15,24,23,59,163,38,146,146,338,338,507,298,67,142,132,15,4,10,24,12,4,57,0,0,6
2021,"Ealing 010","E02000247",4827,0,0,0,0,1,0,0,0,1,0,206,53,8,0,3,6,0,0,0,11,2,5,27,5,7,1,18,6,2,6,12,4,7,17,6,24,24,20,6,1,13,0,545,545,790,65,156,556,13,483,274,2,22,86,99,308,33,275,225,9,21,28,36,123,8,123,76,16,31,75,75,210,86,35,17,22,38,10,2,388,15,35,27,70,195,46,179,179,407,407,668,422,74,172,175,18,8,11,21,23,4,66,19,0,5
2021,"Ealing 011","E02000248",3712,0,0,0,0,0,0,0,0,0,0,188,39,5,0,1,8,2,0,0,6,0,11,18,5,3,1,13,6,1,9,11,6,14,25,4,8,8,8,2,1,5,0,427,427,556,43,126,373,14,213,119,7,12,35,40,231,47,184,248,14,42,27,26,136,3,175,91,18,66,89,89,326,97,41,51,51,52,33,1,257,5,19,19,32,150,32,98,98,287,287,437,314,26,97,164,53,11,7,19,11,6,47,1,0,9
2021,"Ealing 012","E02000249",3863,3,3,0,0,4,0,4,0,0,0,185,54,7,2,4,11,1,0,0,5,1,4,17,7,11,0,7,7,2,5,10,6,4,19,1,19,19,14,5,0,9,0,518,518,621,66,112,425,18,302,163,2,28,43,66,194,29,165,192,6,30,23,26,103,4,92,51,13,28,61,61,200,88,20,26,14,26,25,1,276,11,34,7,29,166,29,169,169,327,327,481,282,56,143,205,41,7,13,30,17,7,74,6,0,10
2021,"Ealing 013","E02000250",3158,1,1,0,0,9,0,7,1,1,0,123,33,5,0,4,3,0,1,0,8,1,1,26,1,0,0,3,7,1,2,5,2,1,18,1,11,11,11,2,0,9,0,194,194,302,13,53,223,13,95,48,4,11,24,8,137,24,113,404,29,62,58,36,204,15,196,117,15,64,96,96,439,140,102,54,30,79,29,5,132,7,29,18,17,44,17,117,117,370,370,322,232,7,83,199,82,9,3,37,24,0,33,5,0,6
2021,"Ealing 014","E02000251",3848,0,0,0,0,3,0,2,0,1,0,182,54,1,1,0,5,0,0,0,7,0,2,24,5,8,1,9,7,2,4,11,8,9,23,1,6,6,14,1,0,13,0,462,462,699,59,134,494,12,391,161,2,36,84,108,242,24,218,187,13,19,19,40,91,5,102,60,12,30,66,66,200,78,32,30,18,31,9,2,270,12,20,19,54,123,42,173,173,275,275,444,290,32,122,132,23,13,5,20,14,6,40,9,0,2
2021,"Ealing 015","E02000252",5409,3,3,0,0,8,0,7,0,0,1,229,65,2,2,3,14,0,1,1,7,3,3,20,10,3,0,22,12,2,5,10,5,9,25,5,12,12,14,1,0,13,0,442,442,835,43,155,614,23,253,142,2,9,50,50,458,82,376,381,20,71,52,42,179,17,168,99,17,52,125,125,436,111,56,55,50,104,51,9,340,17,28,24,42,179,50,166,166,519,519,700,455,41,204,320,90,9,14,39,26,3,104,15,0,20
2021,"Ealing 016","E02000253",4247,2,2,0,0,6,1,3,1,0,1,140,32,4,0,2,6,0,0,0,7,0,2,23,3,6,1,6,7,4,2,11,3,5,13,3,13,13,20,4,2,14,0,449,449,547,28,101,403,15,298,185,2,20,41,50,187,18,169,297,14,53,35,36,150,9,101,63,12,26,59,59,276,73,50,41,23,52,33,4,298,11,21,23,57,161,25,179,179,501,501,642,406,41,195,232,55,10,12,52,28,4,58,9,0,4
2021,"Ealing 017","E02000254",4005,2,2,0,0,3,0,3,0,0,0,246,94,2,0,1,12,0,0,0,5,2,8,19,7,11,2,20,7,4,4,6,8,8,23,3,9,9,5,0,0,5,0,372,372,810,47,191,561,11,464,202,2,56,109,95,238,30,208,139,3,6,10,34,84,2,128,76,24,28,67,67,161,72,26,13,13,26,10,1,379,39,51,17,77,111,84,179,179,294,294,413,243,72,98,96,20,7,8,14,14,3,28,2,0,0
2021,"Ealing 018","E02000255",4592,4,4,0,0,7,0,7,0,0,0,196,30,7,1,4,4,0,0,1,11,1,10,48,4,1,1,7,18,2,2,23,0,4,16,1,13,13,8,3,0,5,0,312,312,488,15,81,375,17,236,113,7,26,39,51,193,33,160,479,31,80,59,52,243,14,232,120,31,81,108,108,506,147,127,49,30,109,42,2,239,11,34,18,23,106,47,192,192,547,547,565,372,32,161,267,97,8,6,47,37,3,61,4,0,4
2021,"Ealing 019","E02000256",5195,1,1,0,0,5,0,3,0,1,1,195,33,16,3,0,8,0,1,0,2,1,6,57,3,1,1,2,10,2,1,11,2,4,29,2,16,16,13,5,0,8,0,295,295,564,14,110,421,19,233,98,11,32,45,47,246,36,210,667,39,119,86,71,334,18,316,169,38,109,146,146,639,170,100,113,63,138,52,3,249,9,49,27,40,93,31,190,190,523,523,579,406,30,143,318,151,16,7,34,39,2,52,7,0,10
2021,"Ealing 021","E02000258",3389,3,1,1,1,4,0,3,0,1,0,116,20,1,2,3,4,1,2,0,2,0,5,22,2,3,2,0,9,5,2,8,1,6,13,3,11,11,9,3,0,5,1,263,263,459,24,85,329,21,129,61,4,15,26,23,234,37,197,289,26,61,36,32,131,3,202,110,27,65,87,87,316,75,61,40,22,81,32,5,218,10,19,24,28,99,38,99,99,346,346,360,214,17,129,244,91,10,3,25,31,7,56,6,0,15
2021,"Ealing 022","E02000259",3309,6,4,2,0,9,2,5,1,0,1,119,22,5,0,3,5,0,1,2,2,0,1,19,1,0,2,4,9,5,0,14,1,6,15,2,9,9,10,3,0,7,0,356,356,338,20,48,265,5,141,89,1,13,22,16,149,16,133,296,21,62,49,21,132,11,109,52,21,36,77,77,343,78,52,70,27,74,40,2,185,3,15,17,18,114,18,122,122,397,397,455,305,21,129,188,62,16,6,33,24,1,41,3,0,2
2021,"Ealing 023","E02000260",3816,4,4,0,0,2,0,2,0,0,0,253,139,3,1,5,6,0,0,0,3,0,6,20,4,5,0,9,7,1,1,5,14,6,18,0,9,9,9,2,0,5,2,278,278,871,32,236,596,7,449,149,3,61,128,108,297,31,266,131,0,11,20,25,72,3,83,56,6,21,59,59,142,64,19,22,9,22,5,1,345,13,21,13,73,120,105,157,157,191,191,422,273,50,99,114,13,11,8,16,10,7,46,2,0,1
2021,"Ealing 024","E02000261",6516,4,4,0,0,5,0,5,0,0,0,253,56,5,1,0,23,0,2,13,2,0,7,25,7,5,1,7,26,7,3,15,5,10,33,0,21,21,20,1,0,19,0,424,424,938,43,161,710,24,265,166,5,24,32,38,613,76,537,606,49,132,96,51,263,15,259,132,44,83,139,139,590,153,103,73,36,149,67,9,388,17,51,42,36,196,46,203,203,562,562,737,482,37,218,489,155,26,16,56,57,3,107,12,0,57
2021,"Ealing 025","E02000262",4888,0,0,0,0,17,0,14,0,1,2,186,42,6,1,4,7,0,1,1,3,0,5,28,1,3,2,4,6,16,0,10,11,5,27,3,23,23,16,4,1,11,0,296,296,630,33,117,461,19,207,119,5,25,28,30,338,52,286,511,44,142,59,36,216,14,203,90,39,74,134,134,495,91,84,63,39,138,73,7,263,10,30,35,26,134,28,138,138,493,493,533,327,27,179,405,143,28,18,62,33,5,89,14,0,13
2021,"Ealing 026","E02000263",5523,0,0,0,0,3,0,2,0,1,0,387,223,0,1,1,18,1,0,0,6,1,1,30,10,4,3,10,14,2,3,10,5,10,31,3,9,9,7,4,0,3,0,403,403,1253,51,368,819,15,659,232,6,94,188,139,413,34,379,182,6,14,12,28,120,2,106,72,11,23,87,87,207,87,19,25,19,47,8,2,610,24,54,24,114,223,171,217,217,303,303,519,299,83,137,158,18,2,14,18,28,5,70,0,0,3
2021,"Ealing 027","E02000264",4660,0,0,0,0,2,0,1,0,0,1,211,38,11,5,1,9,0,0,0,7,3,6,40,1,0,3,6,17,1,6,14,5,5,31,2,19,19,5,1,0,4,0,305,305,514,15,105,378,16,140,57,9,27,34,13,286,51,235,523,32,118,73,23,259,18,277,155,35,87,132,132,585,152,118,74,45,139,54,3,246,8,46,44,29,78,41,130,130,438,438,513,362,20,131,334,144,14,9,42,39,3,56,11,0,16
2021,"Ealing 028","E02000265",5539,1,0,0,1,7,0,6,0,0,1,201,34,12,0,2,9,1,1,0,10,2,6,40,1,2,2,9,8,3,3,10,7,11,25,3,24,24,13,4,0,9,0,386,386,583,29,109,430,15,295,142,5,54,45,49,308,38,270,648,41,154,90,63,282,18,180,87,33,60,123,123,558,124,69,80,46,152,78,9,344,16,43,32,37,155,61,241,241,653,653,619,414,26,179,355,136,30,23,41,42,3,72,6,0,2
2021,"Ealing 029","E02000266",5466,5,4,0,1,3,0,3,0,0,0,266,90,7,2,3,15,0,0,1,15,1,5,11,5,2,2,8,15,1,8,12,6,10,35,12,5,5,11,3,1,7,0,402,402,950,50,189,694,17,546,296,2,63,90,95,304,44,260,308,14,31,24,54,178,7,133,79,21,33,74,74,287,96,52,44,20,49,22,4,395,18,42,34,86,149,66,226,226,468,468,834,558,65,211,249,55,12,16,42,24,6,84,4,0,6
2021,"Ealing 030","E02000267",4182,1,1,0,0,0,0,0,0,0,0,163,31,7,1,1,11,0,0,1,1,1,6,35,1,1,1,4,9,2,3,6,4,12,18,7,8,8,4,1,0,3,0,465,465,436,18,73,328,17,203,105,2,16,47,33,193,20,173,403,26,89,83,32,158,15,111,48,24,39,71,71,385,88,52,75,20,98,52,0,233,14,20,16,23,130,30,201,201,502,502,511,329,21,161,292,107,22,13,41,37,4,57,7,0,4
2021,"Ealing 031","E02000268",4871,3,3,0,0,0,0,0,0,0,0,195,30,11,1,1,11,0,2,0,5,2,12,44,2,4,0,7,15,0,3,10,10,3,18,4,23,23,15,4,3,8,0,347,347,533,30,90,395,18,186,82,8,29,38,29,229,32,197,599,47,145,93,38,266,10,264,129,26,109,139,139,590,141,120,98,46,117,63,5,244,9,47,26,29,96,37,186,186,519,519,485,308,32,145,314,123,25,11,53,34,0,62,2,0,4
2021,"Ealing 032","E02000269",4433,0,0,0,0,9,0,5,1,3,0,208,20,17,0,1,6,3,1,1,8,0,5,54,0,5,0,8,16,5,5,2,3,5,40,3,20,20,8,1,1,6,0,260,260,390,23,63,292,12,158,83,1,38,24,12,174,24,150,594,37,138,93,73,236,17,232,122,36,74,96,96,592,159,104,81,45,147,55,1,226,16,47,32,23,73,35,161,161,538,538,457,319,10,128,310,137,10,13,52,43,2,46,4,0,3
2021,"Ealing 033","E02000270",5066,6,6,0,0,16,0,13,0,1,2,190,28,12,3,3,14,2,0,3,7,1,6,29,1,2,1,7,8,0,11,15,3,6,23,5,22,22,14,2,0,12,0,310,310,639,31,100,484,24,226,132,5,36,25,28,289,38,251,541,30,93,67,56,275,20,226,113,41,72,100,100,529,119,104,62,41,127,63,13,331,6,57,59,43,125,41,202,202,483,483,591,380,40,171,351,142,13,16,60,30,2,66,11,0,11
2021,"Ealing 034","E02000271",3726,3,3,0,0,13,0,9,3,0,1,163,22,9,2,3,10,0,0,1,10,1,5,44,0,0,4,7,11,0,1,7,2,3,17,4,18,18,5,1,1,3,0,159,159,322,11,65,233,13,98,34,3,18,29,14,143,25,118,465,47,84,40,41,233,20,350,176,40,134,89,89,623,160,142,78,31,138,70,4,175,6,34,39,21,44,31,133,133,326,326,357,233,10,114,284,142,14,10,40,33,1,34,2,0,8
2021,"Ealing 035","E02000272",3343,1,1,0,0,3,0,3,0,0,0,145,15,7,1,5,3,1,0,1,7,0,3,38,4,0,3,6,8,4,4,4,3,8,18,2,6,6,8,2,1,5,0,227,227,352,17,41,276,18,142,78,4,25,22,13,106,8,98,420,25,91,65,37,187,15,164,73,23,68,74,74,385,96,67,71,26,83,37,5,159,3,28,21,19,64,24,147,147,435,435,342,223,8,111,227,97,22,8,34,31,1,31,1,0,2
2021,"Ealing 038","E02000275",3398,0,0,0,0,2,0,1,1,0,0,187,71,1,0,3,8,0,1,0,2,0,3,24,8,1,1,11,6,1,4,6,5,3,12,16,12,12,19,2,0,14,3,242,242,738,31,182,514,11,423,128,2,54,143,96,215,30,185,158,5,8,17,26,96,6,116,74,18,24,66,66,143,53,19,23,10,19,17,2,280,10,29,18,70,81,72,129,129,221,221,341,222,30,89,106,12,2,17,19,14,3,36,1,0,2
2021,"Ealing 039","E02000276",3667,0,0,0,0,11,0,8,1,1,1,156,32,8,3,0,6,0,0,1,9,5,5,36,3,0,0,4,8,1,3,7,0,6,19,0,25,25,7,1,0,6,0,232,232,345,9,57,264,15,155,66,3,28,43,15,220,48,172,452,34,90,77,33,210,8,159,75,25,59,88,88,402,91,70,58,38,102,42,1,184,7,29,35,18,66,29,145,145,445,445,386,259,19,108,255,123,19,12,34,27,1,32,2,0,5
2021,"Ealing 040","E02006791",4372,0,0,0,0,16,0,12,1,1,2,214,33,16,8,6,9,2,0,0,5,0,6,62,1,1,1,3,13,0,0,10,4,11,22,1,12,12,9,3,0,6,0,175,175,478,13,93,358,14,160,68,5,37,32,18,208,30,178,591,53,110,73,52,289,14,309,157,47,105,113,113,603,156,127,70,51,127,69,3,176,5,26,35,20,62,28,152,152,440,440,392,253,6,133,324,149,20,8,53,25,1,55,7,0,6
2021,"Ealing 041","E02006968",4196,7,7,0,0,19,0,18,0,1,0,196,26,11,0,1,5,0,0,0,7,1,3,50,2,1,5,2,16,2,4,12,5,8,32,3,21,21,9,1,0,8,0,216,216,450,16,99,324,11,163,66,16,34,27,20,211,24,187,472,37,78,56,41,247,13,307,203,19,85,124,124,512,167,108,63,42,80,48,4,181,7,39,24,24,65,22,106,106,461,461,468,342,26,100,273,120,13,14,22,35,3,43,3,0,20
2021,"Ealing 042","E02006969",3694,3,3,0,0,10,0,6,1,1,2,226,27,7,2,7,7,0,0,0,0,10,13,67,1,0,3,4,26,2,6,6,7,2,28,1,12,12,12,3,0,9,0,264,264,404,12,78,303,11,173,46,11,67,31,18,198,37,161,489,28,71,65,41,263,21,224,124,35,65,70,70,450,102,86,67,57,103,32,3,164,7,22,33,22,53,27,104,104,334,334,318,226,13,79,239,91,15,8,34,25,0,51,8,0,7
2021,"Ealing 043","E02006970",3027,2,2,0,0,1,0,1,0,0,0,216,127,3,0,2,3,0,1,0,6,0,1,14,5,4,2,7,3,8,2,6,2,3,17,0,2,2,4,0,0,4,0,260,260,657,14,201,436,6,417,133,2,53,141,88,259,40,219,114,3,17,11,18,60,5,68,39,12,17,31,31,86,32,18,13,5,13,4,1,331,7,27,18,82,119,78,92,92,140,140,252,139,31,82,95,10,2,12,12,13,3,41,0,0,2
2021,"Ealing 044","E02006971",3309,1,1,0,0,4,0,3,0,1,0,186,100,0,0,1,5,0,0,1,3,0,3,15,6,1,1,7,10,0,1,7,4,3,17,1,7,7,6,2,0,4,0,337,337,714,37,177,495,5,463,156,2,62,145,98,265,24,241,113,7,4,14,23,61,4,74,37,16,21,24,24,102,41,9,11,11,20,10,0,321,14,28,9,76,93,101,129,129,172,172,297,173,36,88,94,14,2,7,16,6,0,47,1,0,1
2021,"Enfield 001","E02000277",3094,1,1,0,0,0,0,0,0,0,0,118,23,3,0,4,17,2,0,1,7,0,1,6,2,3,5,9,8,4,3,7,0,5,7,1,8,8,13,3,1,9,0,304,304,571,48,144,366,13,215,129,2,1,36,47,199,12,187,109,15,14,6,20,51,3,77,41,16,20,60,60,172,67,23,30,3,33,11,5,189,8,27,8,18,109,19,142,142,293,293,481,259,48,174,142,20,6,7,24,19,1,62,3,0,0
2021,"Enfield 002","E02000278",3532,0,0,0,0,0,0,0,0,0,0,160,43,3,1,5,15,2,4,0,9,0,6,9,6,2,6,10,4,4,4,8,3,4,8,4,8,8,15,5,0,9,1,309,309,699,66,129,497,7,250,152,0,3,41,54,230,14,216,102,6,7,5,16,62,6,84,52,13,19,51,51,175,96,19,19,9,17,12,3,225,11,22,6,31,129,26,154,154,334,334,553,302,74,177,183,39,8,12,21,17,5,76,3,0,2
2021,"Enfield 003","E02000279",5130,3,2,1,0,2,0,1,0,0,1,200,51,10,0,3,18,2,2,0,12,1,5,10,1,2,6,31,6,2,5,7,3,10,13,0,17,17,14,1,1,12,0,441,441,917,50,200,631,36,349,199,2,2,79,67,305,19,286,208,9,15,11,48,118,7,152,82,24,46,104,104,238,112,24,25,14,40,16,7,351,19,34,19,49,198,32,243,243,469,469,878,488,86,304,239,62,7,16,29,20,2,97,3,0,3
2021,"Enfield 004","E02000280",3955,11,10,1,0,3,0,2,0,1,0,116,14,13,0,3,11,2,1,0,11,0,0,8,5,3,0,5,6,2,0,5,4,8,9,6,14,14,17,2,0,15,0,360,360,570,47,103,406,14,147,89,2,7,18,31,152,22,130,235,22,29,18,35,121,10,165,72,42,51,94,94,332,114,57,55,13,61,25,7,205,5,28,13,25,112,22,234,234,557,557,527,336,37,154,216,49,11,8,39,41,4,55,6,0,3
2021,"Enfield 005","E02000281",4246,4,4,0,0,4,0,4,0,0,0,144,17,6,0,1,12,0,1,0,10,1,5,3,5,5,9,18,6,3,9,11,1,8,8,5,18,18,22,10,0,10,2,453,453,670,65,146,433,26,244,151,1,6,30,56,182,10,172,162,11,19,13,29,88,2,127,60,37,30,98,98,211,92,19,28,9,36,21,6,284,12,34,15,45,151,27,217,217,514,514,660,388,75,197,232,53,7,9,38,25,3,94,1,0,2
2021,"Enfield 006","E02000282",3471,2,2,0,0,2,0,2,0,0,0,119,26,4,0,1,10,2,1,0,5,0,4,7,4,1,2,13,8,2,2,10,4,7,5,1,8,8,8,1,1,4,2,276,276,744,43,171,519,11,265,144,2,3,48,68,239,16,223,76,6,7,4,13,45,1,65,44,7,14,53,53,139,84,12,13,1,11,16,2,228,7,25,8,37,125,26,141,141,309,309,626,333,84,209,171,15,12,3,22,16,5,94,2,0,2
2021,"Enfield 007","E02000283",3498,0,0,0,0,0,0,0,0,0,0,153,40,5,0,3,14,3,0,2,15,0,5,4,5,2,3,11,5,4,3,12,0,4,13,0,11,11,17,4,0,13,0,358,358,667,45,135,467,20,208,124,1,2,36,45,259,18,241,112,3,10,8,30,56,5,94,47,20,27,53,53,161,80,16,24,7,20,11,3,207,8,31,10,35,102,21,170,170,340,340,535,313,49,173,153,31,3,7,22,16,5,68,1,0,0
2021,"Enfield 008","E02000284",4238,10,5,0,5,3,0,1,0,2,0,115,16,2,0,2,7,0,0,0,9,0,2,7,20,0,1,6,7,1,6,3,3,7,13,3,18,18,12,3,0,9,0,401,401,450,24,83,327,16,154,85,0,4,16,49,191,22,169,295,27,33,17,36,170,12,181,95,26,60,100,100,419,139,65,57,28,76,46,8,193,6,30,22,18,94,23,287,287,575,575,591,382,39,170,243,58,15,15,27,46,1,76,2,0,3
2021,"Enfield 009","E02000285",3236,3,3,0,0,2,0,2,0,0,0,116,10,7,1,2,11,1,1,0,12,0,4,7,2,1,2,5,7,2,9,9,1,5,13,4,7,7,14,3,1,8,2,328,328,392,29,78,279,6,153,89,1,4,19,40,109,11,98,168,14,21,10,29,85,9,146,82,37,27,80,80,253,115,22,39,8,38,21,10,141,6,30,10,17,62,16,276,276,461,461,408,258,23,127,179,35,12,6,42,30,4,48,1,0,1
2021,"Enfield 010","E02000286",4196,3,3,0,0,4,0,1,0,1,2,139,23,7,0,6,16,3,3,0,10,1,5,16,4,4,1,4,4,1,1,3,3,4,15,5,17,17,25,5,3,16,1,338,338,453,35,76,326,16,150,94,3,6,21,26,125,14,111,320,21,30,20,59,181,9,258,138,49,71,127,127,402,144,68,69,19,69,31,2,199,5,35,18,23,83,35,239,239,518,518,599,434,26,139,280,66,10,13,53,62,1,72,2,0,1
2021,"Enfield 011","E02000287",3427,3,2,1,0,2,0,2,0,0,0,131,8,1,0,1,22,5,1,0,9,0,2,16,2,5,0,8,7,1,3,10,1,3,24,2,12,12,26,7,3,16,0,244,244,449,35,84,315,15,101,63,4,5,15,14,154,27,127,213,14,29,9,30,129,2,263,137,39,87,170,170,471,230,75,45,23,59,36,3,147,4,41,18,12,42,30,118,118,287,287,414,312,21,81,222,47,3,11,57,31,2,63,6,0,2
2021,"Enfield 012","E02000288",4902,2,1,0,1,1,0,0,1,0,0,196,32,7,0,1,27,1,4,3,16,0,7,13,2,1,2,15,13,2,3,6,1,5,19,16,35,35,22,1,3,18,0,383,383,995,52,175,754,14,373,244,2,0,57,70,398,12,386,179,9,15,10,38,98,9,95,57,13,25,70,70,246,92,40,43,15,25,25,6,337,35,28,11,60,176,27,221,221,436,436,707,418,79,210,206,27,10,9,31,24,3,92,5,0,5
2021,"Enfield 013","E02000289",3201,2,2,0,0,2,0,0,0,1,1,93,14,6,0,2,15,1,2,1,8,0,2,4,0,3,1,3,6,0,2,4,4,7,7,1,8,8,12,3,4,5,0,269,269,386,35,64,267,20,138,91,4,3,11,29,110,18,92,206,17,16,14,26,127,6,214,121,31,62,94,94,376,184,53,35,21,57,24,2,138,3,33,17,14,50,21,185,185,390,390,410,299,18,93,168,34,4,4,31,25,5,59,3,0,3
2021,"Enfield 014","E02000290",2537,0,0,0,0,1,0,1,0,0,0,106,27,5,0,3,11,1,1,1,7,1,3,3,4,5,4,5,3,2,2,4,2,5,5,2,3,3,16,2,1,13,0,178,178,544,39,94,395,16,177,105,1,1,27,43,172,14,158,66,4,10,2,11,37,2,62,28,11,23,40,40,108,48,11,13,3,20,12,1,185,10,24,6,34,99,12,97,97,241,241,442,253,52,137,99,24,3,13,15,6,0,38,0,0,0
2021,"Enfield 015","E02000291",4615,2,2,0,0,3,0,2,1,0,0,142,33,3,0,1,12,2,0,0,9,0,2,10,4,0,0,13,10,6,2,3,3,7,14,8,23,23,23,3,0,20,0,472,472,656,45,122,466,23,200,112,5,4,25,54,223,23,200,274,23,32,19,30,163,7,179,98,26,55,106,106,401,145,48,53,26,82,43,4,252,9,42,12,30,129,30,236,236,539,539,645,393,68,184,239,49,16,13,42,37,4,69,4,0,5
2021,"Enfield 016","E02000292",4480,2,2,0,0,2,0,2,0,0,0,123,25,3,0,3,6,1,1,1,9,0,2,6,1,3,6,9,6,6,3,11,3,3,11,4,15,15,17,4,2,10,1,457,457,639,52,111,464,12,251,144,3,2,27,75,192,15,177,214,19,23,6,37,127,2,178,99,27,52,95,95,303,113,44,55,12,42,36,1,240,11,36,14,16,141,22,282,282,614,614,627,391,59,177,229,64,14,12,27,25,7,70,4,0,6
2021,"Enfield 017","E02000293",2926,3,3,0,0,1,0,0,0,1,0,77,11,2,0,2,10,0,0,0,6,3,2,7,3,0,2,1,6,4,0,3,3,2,7,3,7,7,9,2,0,7,0,301,301,310,21,50,232,7,105,60,5,4,16,20,82,22,60,173,10,21,10,21,105,6,224,112,45,67,120,120,384,167,57,59,14,50,33,4,125,7,21,11,9,54,23,128,128,367,367,332,227,17,88,178,33,7,6,35,29,5,62,0,0,1
2021,"Enfield 018","E02000294",3676,2,2,0,0,3,0,2,0,1,0,125,25,5,0,1,22,2,1,0,10,0,1,6,5,0,1,5,8,2,0,13,3,9,6,0,27,27,13,5,0,7,1,296,296,722,61,150,499,12,281,183,4,1,32,61,282,26,256,108,4,8,5,22,62,7,88,61,8,19,55,55,178,94,20,25,8,19,12,0,223,11,13,11,44,122,22,169,169,384,384,576,336,62,178,144,25,5,17,23,16,4,50,3,0,1
2021,"Enfield 019","E02000295",3977,2,2,0,0,2,0,1,0,1,0,127,19,3,0,2,17,0,2,1,4,0,6,15,0,3,0,4,10,8,2,6,1,7,13,4,9,9,16,0,1,15,0,366,366,479,27,80,352,20,134,82,2,3,17,30,162,20,142,274,22,29,12,32,172,7,242,126,43,73,134,134,410,167,64,53,22,54,48,2,194,5,33,25,24,84,23,192,192,486,486,516,338,45,133,232,62,9,13,29,31,7,69,6,0,6
2021,"Enfield 020","E02000296",4781,1,1,0,0,3,0,2,0,0,1,121,16,3,0,2,18,2,0,0,1,1,5,5,4,4,4,7,8,1,5,7,2,6,19,1,6,6,11,3,0,8,0,542,542,605,46,105,440,14,203,133,3,5,20,42,278,41,237,326,29,46,24,33,185,9,209,113,28,68,140,140,411,178,56,52,25,57,35,8,318,10,38,27,24,180,39,198,198,498,498,616,396,52,168,295,75,10,16,36,49,5,94,5,0,5
2021,"Enfield 021","E02000297",4510,4,3,1,0,2,0,2,0,0,0,139,19,5,0,2,26,3,4,0,6,0,4,6,3,3,1,9,6,1,4,12,4,4,17,0,24,24,22,4,2,15,1,491,491,621,53,117,432,19,175,103,0,4,25,43,181,17,164,265,27,25,17,38,153,5,245,129,41,75,138,138,396,173,37,65,19,63,36,3,208,16,36,19,18,103,16,277,277,562,562,549,340,32,177,211,44,8,8,36,21,2,88,3,0,1
2021,"Enfield 022","E02000298",4161,1,1,0,0,3,0,3,0,0,0,120,15,4,0,2,19,1,0,0,9,0,3,14,2,4,4,6,8,4,3,5,1,3,11,2,10,10,15,4,2,9,0,357,357,436,23,91,308,14,129,75,5,9,22,18,146,12,134,322,29,49,22,31,187,4,389,200,79,110,183,183,566,260,79,81,13,83,47,3,216,7,74,16,17,72,30,194,194,442,442,408,274,32,102,224,68,12,4,32,45,3,57,3,0,0
2021,"Enfield 023","E02000299",3694,0,0,0,0,0,0,0,0,0,0,138,41,4,0,5,18,0,0,0,10,0,0,4,3,2,1,10,4,1,6,6,0,8,13,2,6,6,9,4,1,4,0,322,322,679,56,131,480,12,236,138,1,2,29,66,302,32,270,109,7,14,5,18,63,2,72,45,6,21,59,59,148,54,28,12,10,23,21,0,315,12,18,4,49,205,27,168,168,351,351,617,379,84,154,163,33,5,11,18,21,6,62,4,0,3
2021,"Enfield 024","E02000300",3601,0,0,0,0,2,0,1,1,0,0,118,23,1,0,4,21,4,2,0,10,0,1,9,1,0,1,6,2,3,4,7,2,5,11,1,8,8,13,3,0,10,0,434,434,626,43,139,429,15,255,148,2,4,24,77,232,28,204,134,14,16,7,23,68,6,84,46,17,21,70,70,161,63,28,15,8,32,14,1,263,9,14,10,26,182,22,159,159,344,344,541,333,52,156,157,30,3,9,21,24,5,63,2,0,0
2021,"Enfield 025","E02000301",3977,2,2,0,0,1,0,1,0,0,0,127,29,2,0,6,27,1,0,0,7,2,1,6,3,2,1,4,12,2,6,5,2,4,3,2,10,10,22,4,1,17,0,354,354,740,48,132,549,11,273,171,3,2,35,62,303,29,274,108,9,7,8,20,58,6,73,44,9,20,72,72,155,68,13,12,10,25,26,1,350,11,41,20,52,206,20,161,161,372,372,690,408,83,199,164,24,5,11,28,28,5,59,2,0,2
2021,"Enfield 026","E02000302",4028,4,4,0,0,1,0,1,0,0,0,144,21,10,0,8,15,2,2,1,6,0,4,11,7,2,2,8,6,2,4,7,4,7,13,2,9,9,11,1,0,10,0,487,487,537,49,115,356,17,177,110,2,13,20,32,221,20,201,215,24,25,14,20,119,13,190,109,29,52,95,95,374,168,38,56,16,57,35,4,204,2,35,18,20,114,15,197,197,479,479,480,249,39,192,203,53,8,12,33,20,3,65,5,0,4
2021,"Enfield 027","E02000303",3214,4,3,0,1,0,0,0,0,0,0,92,27,3,0,2,9,0,0,0,5,0,4,6,3,0,3,8,3,2,1,4,1,3,6,2,5,5,14,1,1,12,0,322,322,598,33,108,444,13,239,156,0,8,26,49,223,20,203,83,6,8,2,15,48,4,61,39,14,8,45,45,159,79,15,12,8,19,24,2,247,13,26,5,34,153,16,146,146,335,335,500,312,58,130,141,14,5,11,27,16,3,61,3,0,1
2021,"Enfield 028","E02000304",3869,5,5,0,0,0,0,0,0,0,0,98,13,1,0,3,11,3,0,0,5,1,4,11,0,1,1,7,10,0,2,3,1,1,18,2,8,8,9,4,1,4,0,324,324,402,22,71,290,19,85,46,6,7,13,13,185,38,147,291,31,39,33,30,156,2,268,141,51,76,157,157,532,227,74,66,22,96,38,9,166,6,27,20,16,70,27,171,171,539,539,436,280,23,133,193,67,10,4,22,26,10,53,0,0,1
2021,"Enfield 029","E02000305",4683,3,3,0,0,1,0,1,0,0,0,133,16,5,0,2,25,1,0,0,5,0,1,13,6,2,5,5,6,5,3,7,3,4,18,1,9,9,7,1,1,5,0,500,500,564,25,91,437,11,144,79,4,2,28,31,265,29,236,374,41,72,27,39,186,9,229,125,32,72,127,127,534,178,78,82,34,106,54,2,291,4,28,14,27,185,33,213,213,519,519,501,308,25,168,269,95,12,1,24,43,5,79,5,0,5
2021,"Enfield 030","E02000306",3294,2,2,0,0,0,0,0,0,0,0,89,30,1,0,1,7,0,0,0,4,0,2,4,3,1,4,3,4,1,1,5,1,7,8,2,6,6,9,3,0,6,0,252,252,583,27,118,423,15,228,146,0,2,41,39,252,16,236,109,9,13,9,27,47,4,65,38,14,13,35,35,164,60,14,26,10,38,16,0,271,12,23,6,39,170,21,163,163,283,283,650,357,85,208,133,21,4,13,14,20,3,52,5,0,1
2021,"Enfield 031","E02000307",4472,2,2,0,0,1,0,1,0,0,0,139,23,4,0,2,30,3,0,2,7,0,5,2,6,2,3,13,3,6,3,5,4,3,12,1,8,8,24,3,0,21,0,517,517,725,55,143,518,9,286,183,2,3,26,72,245,23,222,160,13,20,11,27,81,8,152,97,19,36,96,96,279,120,38,35,12,42,30,2,300,7,18,12,29,214,20,235,235,456,456,616,383,57,176,231,38,8,13,30,31,7,94,6,0,4
2021,"Enfield 032","E02000308",4354,1,1,0,0,5,0,4,0,1,0,96,18,2,0,2,10,0,0,0,9,1,0,7,3,2,0,1,8,0,3,6,2,9,13,0,7,7,57,4,0,53,0,486,486,593,31,109,441,12,189,114,1,4,28,42,279,43,236,264,22,65,18,18,133,8,167,92,25,50,109,109,418,175,43,59,28,65,39,9,263,5,38,20,30,142,28,174,174,430,430,555,363,44,148,261,95,11,9,35,36,5,63,3,0,4
2021,"Enfield 033","E02000309",4737,4,3,1,0,0,0,0,0,0,0,170,38,2,0,5,29,14,12,0,10,1,7,5,3,2,1,8,6,1,2,3,1,7,11,2,13,13,25,4,0,21,0,475,475,790,47,150,574,19,345,244,0,4,36,61,403,53,350,129,9,7,6,18,84,5,84,55,12,17,50,50,197,80,16,29,11,36,23,2,402,8,31,14,61,259,29,189,189,445,445,826,507,87,232,190,37,2,11,24,25,1,81,6,0,3
2021,"Enfield 035","E02000311",4738,1,1,0,0,1,0,1,0,0,0,159,37,3,0,5,16,2,0,0,6,2,5,6,2,0,0,15,11,2,3,15,10,4,10,5,8,8,12,2,0,10,0,582,582,721,49,150,510,12,282,194,1,5,33,49,391,39,352,165,17,24,15,23,82,4,125,68,18,39,106,106,341,143,36,53,22,43,39,5,332,7,20,8,30,236,31,197,197,446,446,600,345,58,197,269,47,11,15,42,32,7,106,8,0,1
2021,"Enfield 036","E02000312",5906,8,7,1,0,3,0,3,0,0,0,129,24,4,0,4,19,2,1,0,13,0,0,13,1,1,6,5,6,0,1,2,6,9,11,1,18,18,23,4,1,18,0,671,671,685,34,95,537,19,219,125,3,0,38,53,424,53,371,435,53,112,51,32,174,13,207,100,43,64,104,104,572,173,79,80,54,115,66,5,434,6,46,28,39,273,42,257,257,598,598,740,423,49,268,379,140,23,13,49,50,11,83,6,0,4
2021,"Enfield 037","E02006793",3612,6,6,0,0,2,0,1,0,0,1,142,45,0,0,7,23,11,2,0,7,0,4,7,2,2,3,3,1,2,1,1,4,1,15,1,17,17,9,1,2,6,0,359,359,582,39,115,415,13,263,165,1,5,34,58,299,34,265,86,7,7,5,13,53,1,53,35,9,9,58,58,134,65,14,16,6,17,15,1,248,7,20,4,50,145,22,136,136,300,300,788,543,70,175,130,23,6,8,27,12,2,50,1,0,1
2021,"Greenwich 001","E02000313",2806,2,2,0,0,1,0,1,0,0,0,93,34,1,0,1,6,0,0,0,9,1,1,7,0,4,1,3,4,1,2,4,1,4,5,4,7,7,16,4,1,11,0,312,312,346,15,58,270,3,223,140,4,4,31,44,144,11,133,81,3,8,4,5,58,3,54,33,6,15,71,71,92,29,16,19,4,16,4,4,280,6,33,5,99,102,35,157,157,225,225,598,334,82,182,104,18,6,5,15,20,2,34,2,0,2
2021,"Greenwich 002","E02000314",6049,3,3,0,0,5,0,5,0,0,0,126,26,1,0,1,16,0,0,1,10,1,5,12,0,3,2,6,5,2,7,4,1,6,15,2,12,12,12,2,0,9,1,537,537,816,45,167,590,14,414,293,6,4,48,63,354,57,297,269,17,32,7,21,181,11,211,120,33,58,141,141,319,118,53,45,27,46,28,2,481,16,45,21,148,202,49,386,386,441,441,1269,761,145,363,253,70,11,14,36,48,3,65,2,0,4
2021,"Greenwich 003","E02000315",4175,2,2,0,0,1,0,0,0,1,0,128,34,3,0,0,2,0,2,2,12,0,0,4,4,3,2,16,5,3,1,5,2,4,18,6,4,4,14,3,2,9,0,416,416,648,37,99,503,9,328,224,1,4,54,45,219,24,195,144,7,17,10,12,92,6,114,63,11,40,76,76,168,65,19,29,9,24,22,0,383,17,29,12,108,179,38,223,223,338,338,819,494,88,237,150,31,8,12,19,29,3,33,15,0,0
2021,"Greenwich 005","E02000317",3273,0,0,0,0,4,1,3,0,0,0,67,13,1,0,0,5,0,0,1,6,0,0,3,1,2,0,13,1,1,4,5,0,2,7,2,10,10,15,1,0,14,0,278,278,438,13,75,342,8,166,102,0,2,26,36,245,44,201,144,7,12,9,13,94,9,134,79,17,38,55,55,195,62,40,21,13,37,22,0,282,7,30,12,62,144,27,183,183,282,282,615,366,73,176,160,46,10,9,25,16,2,51,0,0,1
2021,"Greenwich 006","E02000318",4971,3,3,0,0,1,0,0,0,0,1,149,54,5,0,2,11,1,0,2,3,0,2,3,7,1,1,3,19,2,1,3,1,4,14,10,8,8,9,3,0,6,0,452,452,873,28,165,670,10,306,168,0,3,74,61,517,55,462,154,13,20,7,24,84,6,114,73,11,30,56,56,215,64,36,27,15,50,20,3,488,13,37,10,176,196,56,253,253,389,389,787,511,76,200,197,48,15,4,21,35,3,57,12,0,2
2021,"Greenwich 007","E02000319",5119,0,0,0,0,5,0,5,0,0,0,134,42,4,0,6,8,0,0,0,2,0,4,4,9,2,2,7,10,3,4,4,2,6,11,4,11,11,19,2,1,14,2,469,469,738,23,155,548,12,331,197,6,5,66,57,347,42,305,255,23,31,13,31,147,10,199,106,42,51,77,77,289,97,46,45,10,55,32,4,443,9,65,17,155,146,51,322,322,428,428,757,447,73,237,295,84,26,19,26,44,3,80,8,0,5
2021,"Greenwich 008","E02000320",3283,5,5,0,0,0,0,0,0,0,0,113,33,0,0,1,7,0,0,1,15,0,10,10,0,2,2,8,4,1,3,2,0,4,8,2,11,11,15,3,1,11,0,357,357,433,14,79,333,7,209,123,0,2,36,48,176,19,157,130,10,19,9,22,64,6,125,54,32,39,55,55,206,72,31,39,12,37,14,1,250,7,25,6,66,116,30,195,195,321,321,538,341,45,152,144,46,13,7,20,23,2,23,7,0,3
2021,"Greenwich 009","E02000321",3463,1,1,0,0,0,0,0,0,0,0,100,20,5,0,2,4,1,0,2,5,0,2,5,3,2,1,14,7,5,1,8,1,3,6,3,13,13,17,1,0,15,1,314,314,437,12,89,331,5,216,137,2,2,44,31,237,37,200,141,12,24,5,20,74,6,116,69,15,32,63,63,162,44,30,22,10,39,14,3,305,9,24,8,87,150,27,219,219,308,308,614,343,66,205,200,58,18,14,21,24,2,57,4,0,2
2021,"Greenwich 011","E02000323",6133,10,9,0,1,3,0,1,0,2,0,185,45,10,0,2,9,0,0,0,10,0,6,7,2,5,1,16,16,4,3,9,2,7,27,4,19,19,21,1,0,19,1,519,519,798,27,136,623,12,312,203,6,3,58,42,428,50,378,351,28,41,16,39,207,20,253,130,39,84,93,93,403,135,62,67,28,73,34,4,538,6,59,15,142,235,81,351,351,496,496,1067,659,114,294,286,94,16,17,31,37,5,80,4,0,2
2021,"Greenwich 012","E02000324",3498,0,0,0,0,3,0,3,0,0,0,80,15,1,1,0,11,0,0,0,8,0,1,6,3,1,1,4,2,2,1,2,1,4,9,7,7,7,18,3,2,13,0,283,283,502,21,55,408,18,144,86,1,2,27,28,237,32,205,238,20,29,13,36,131,9,171,113,17,41,59,59,205,59,36,26,13,41,26,4,278,9,27,17,63,137,25,176,176,322,322,592,351,57,184,183,59,16,7,30,23,2,43,3,0,0
2021,"Greenwich 014","E02000326",4340,1,1,0,0,4,0,3,0,1,0,85,17,5,1,3,9,3,0,0,5,0,0,5,2,0,0,1,6,2,0,7,2,5,12,0,16,16,19,4,2,12,1,342,342,470,10,67,374,19,129,82,6,0,21,20,226,30,196,391,35,81,22,41,198,14,333,206,38,89,76,76,464,145,86,67,18,98,45,5,235,4,35,18,35,99,44,243,243,473,473,534,311,39,184,299,138,34,10,35,30,3,47,1,0,1
2021,"Greenwich 015","E02000327",3043,2,2,0,0,1,0,1,0,0,0,73,10,2,0,0,6,0,0,2,2,1,1,6,0,0,0,11,6,3,1,4,0,6,10,2,9,9,10,2,1,7,0,221,221,313,10,43,256,4,141,96,3,3,19,20,160,17,143,163,10,18,5,11,114,5,130,70,26,34,40,40,197,71,27,24,10,38,25,2,224,4,23,6,63,107,21,394,394,262,262,555,339,54,162,148,49,11,6,26,16,4,36,0,0,0
2021,"Greenwich 016","E02000328",3490,0,0,0,0,3,0,2,0,1,0,73,13,4,0,2,8,0,0,1,5,0,3,4,1,3,1,1,8,0,1,5,1,2,10,0,14,14,12,2,1,9,0,168,168,257,5,37,209,6,75,36,4,4,12,19,112,14,98,349,38,40,28,28,201,14,495,296,63,136,71,71,506,172,91,78,26,88,48,3,166,3,25,21,21,71,25,166,166,385,385,365,233,26,106,273,122,29,5,27,47,2,31,4,0,6
2021,"Greenwich 017","E02000329",2969,2,2,0,0,3,0,1,1,1,0,89,24,4,0,2,3,1,0,0,6,0,1,5,3,3,0,8,5,1,4,2,0,4,6,7,4,4,10,3,2,5,0,348,348,379,18,73,279,9,148,95,4,1,22,26,130,5,125,127,12,26,7,18,60,4,106,59,15,32,61,61,201,64,47,25,11,27,20,7,209,7,22,15,53,96,16,230,230,345,345,427,259,34,134,150,46,14,14,18,25,0,31,0,0,2
2021,"Greenwich 019","E02000331",3867,4,4,0,0,0,0,0,0,0,0,98,16,4,1,0,7,0,0,0,11,0,1,12,1,4,0,7,10,0,3,7,0,6,5,3,16,16,6,0,0,6,0,303,303,480,16,80,375,9,172,112,2,2,19,37,252,22,230,244,15,24,9,35,153,8,217,125,32,60,85,85,307,95,62,50,16,47,32,5,263,9,46,19,58,106,25,208,208,401,401,592,386,54,152,219,70,19,4,29,26,1,66,3,0,1
2021,"Greenwich 020","E02000332",3703,1,1,0,0,2,0,2,0,0,0,106,11,4,1,2,6,0,2,0,14,0,3,3,1,0,2,10,7,1,6,9,0,2,16,6,14,14,8,0,1,7,0,338,338,389,22,53,293,21,165,102,1,5,18,39,194,25,169,210,21,33,18,25,109,4,195,108,28,59,76,76,273,84,41,50,13,47,34,4,184,5,34,7,30,86,22,277,277,472,472,539,322,40,177,260,83,25,13,36,38,1,59,4,0,1
2021,"Greenwich 021","E02000333",3316,1,1,0,0,3,0,3,0,0,0,79,17,5,0,1,6,0,0,0,8,0,1,7,2,3,0,3,10,0,2,2,0,4,7,1,8,8,11,2,0,9,0,139,139,264,8,43,197,16,70,40,4,3,12,11,118,28,90,301,37,50,23,18,162,11,416,215,63,138,59,59,493,185,88,62,38,78,38,4,154,4,40,16,24,41,29,193,193,320,320,418,291,25,102,269,130,38,1,32,36,1,23,3,0,5
2021,"Greenwich 022","E02000334",3184,3,2,0,1,0,0,0,0,0,0,72,12,6,0,1,5,1,0,2,8,2,3,8,1,2,1,3,4,0,3,3,0,2,4,1,12,12,7,1,0,6,0,294,294,346,18,55,259,14,133,89,4,4,15,21,160,24,136,195,23,19,9,19,118,7,219,124,25,70,81,81,278,107,36,44,14,55,17,5,193,7,26,16,27,87,30,171,171,371,371,490,311,28,151,159,40,16,8,24,24,2,40,3,0,2
2021,"Greenwich 023","E02000335",3301,4,4,0,0,6,0,5,0,1,0,82,9,5,1,2,5,0,0,2,7,2,3,2,0,2,0,3,4,3,5,6,1,4,12,4,19,19,24,5,1,18,0,299,299,349,13,58,267,11,118,73,5,2,13,25,132,15,117,220,26,23,25,21,114,11,243,123,50,70,76,76,306,123,42,44,9,49,31,8,172,8,38,18,34,59,15,265,265,406,406,382,248,20,114,198,54,30,6,37,30,1,33,2,0,5
2021,"Greenwich 025","E02000337",3853,7,6,0,1,1,0,1,0,0,0,124,15,1,0,2,7,2,0,2,14,1,3,6,5,4,3,8,5,1,7,8,3,5,10,12,15,15,26,1,5,20,0,454,454,474,22,74,371,7,208,116,4,2,29,57,227,14,213,189,11,20,5,25,122,6,216,125,39,52,99,99,210,84,25,33,6,25,29,8,306,9,29,21,59,170,18,209,209,407,407,489,295,36,158,192,50,17,12,21,31,3,55,2,0,1
2021,"Greenwich 027","E02000339",2972,4,4,0,0,6,0,5,0,0,1,70,3,3,0,0,9,1,0,0,5,2,2,6,0,2,1,5,7,1,0,6,1,4,10,2,24,24,15,3,1,8,3,269,269,290,13,48,224,5,87,64,2,2,6,13,115,16,99,225,26,23,13,26,128,9,250,134,33,83,59,59,305,107,56,56,12,48,23,3,137,4,22,13,18,56,24,184,184,385,385,375,244,22,109,172,64,13,5,20,34,1,28,5,0,2
2021,"Greenwich 028","E02000340",3342,1,0,1,0,1,0,1,0,0,0,99,20,0,0,2,5,1,0,0,9,1,3,6,0,4,0,3,9,2,8,5,1,2,17,1,14,14,15,2,3,9,1,356,356,331,17,47,257,10,139,87,6,4,13,29,174,21,153,194,17,14,5,30,111,17,299,168,56,75,94,94,309,131,37,48,8,61,21,3,182,8,18,8,25,94,29,184,184,328,328,405,251,26,128,217,60,26,7,35,30,1,54,1,0,3
2021,"Greenwich 029","E02000341",3426,3,3,0,0,1,0,1,0,0,0,76,7,3,0,1,4,2,1,1,4,0,4,3,2,2,1,6,4,0,3,4,0,5,11,8,16,16,22,3,2,16,1,438,438,423,22,81,311,9,181,119,5,0,18,39,223,30,193,141,5,18,10,19,82,7,136,74,25,37,74,74,170,60,27,21,8,34,12,8,235,9,34,17,43,117,15,187,187,355,355,547,326,50,171,198,33,11,16,18,32,4,79,3,0,2
2021,"Greenwich 030","E02000342",2902,1,1,0,0,3,0,2,0,1,0,80,13,1,2,1,2,0,0,0,11,0,4,2,0,3,0,7,3,1,2,4,2,1,13,8,7,7,6,1,1,4,0,311,311,334,20,48,259,7,124,84,1,1,13,25,187,14,173,164,19,17,6,19,97,6,226,105,61,60,52,52,234,74,45,27,15,37,27,9,200,3,28,11,23,112,23,152,152,303,303,367,222,30,115,151,34,8,9,34,22,0,42,2,0,0
2021,"Greenwich 031","E02000343",3209,2,1,0,1,2,0,2,0,0,0,110,10,2,0,1,8,0,0,1,12,1,6,7,3,4,0,10,14,3,5,5,0,4,8,6,6,6,20,5,1,14,0,392,392,398,24,63,298,13,144,85,5,3,15,36,192,14,178,181,12,12,5,22,127,3,215,122,38,55,91,91,216,80,37,37,11,31,17,3,198,0,21,14,35,111,17,175,175,301,301,400,252,28,120,166,37,17,10,19,21,4,55,2,0,1
2021,"Greenwich 032","E02000344",3097,0,0,0,0,2,0,1,0,1,0,89,13,2,0,1,7,0,0,1,11,0,1,5,1,1,0,5,5,2,7,6,0,5,8,8,9,9,16,4,1,11,0,363,363,293,22,38,224,9,121,82,5,2,10,22,125,24,101,187,15,19,12,26,110,5,290,174,54,62,84,84,282,133,37,42,8,43,18,1,182,4,34,13,15,93,23,189,189,325,325,351,226,22,103,189,38,16,8,29,29,2,65,0,0,2
2021,"Greenwich 033","E02006786",3492,4,4,0,0,1,0,1,0,0,0,91,31,1,0,3,7,0,0,0,7,0,0,6,0,2,0,1,4,3,3,6,0,4,8,5,25,25,14,2,0,10,2,328,328,491,28,74,378,11,200,132,0,3,28,37,201,21,180,159,8,28,8,20,85,10,144,73,27,44,55,55,210,72,33,32,20,34,8,11,288,8,23,11,84,139,23,208,208,313,313,588,377,54,157,172,45,13,8,22,31,4,38,4,0,7
2021,"Greenwich 034","E02006927",6286,3,2,0,1,8,0,7,0,1,0,148,15,8,0,2,10,1,0,2,10,0,3,10,1,2,1,12,13,4,6,8,4,5,18,13,14,14,32,2,2,27,1,460,460,593,22,106,456,9,203,137,8,5,15,38,295,35,260,544,43,63,28,45,340,25,670,351,108,211,143,143,774,272,119,115,44,135,80,9,338,11,71,25,49,138,44,292,292,578,578,791,536,45,210,400,157,27,18,52,51,2,86,4,0,3
2021,"Greenwich 035","E02006928",6963,3,3,0,0,9,0,8,0,1,0,127,13,12,7,3,10,1,0,0,7,2,6,13,0,1,1,3,9,4,4,8,3,5,12,3,34,34,18,5,1,12,0,251,251,594,25,70,482,17,170,111,4,1,24,30,313,45,268,804,47,72,23,57,557,48,1041,612,113,316,113,113,1075,414,221,117,57,187,72,7,335,6,63,38,51,129,48,337,337,599,599,755,501,42,212,385,137,51,21,41,63,3,64,1,0,4
2021,"Greenwich 037","E02006930",5954,4,4,0,0,5,0,4,0,0,1,145,17,10,0,1,8,8,0,0,6,2,3,17,3,0,3,3,15,1,3,12,5,5,21,2,14,14,10,1,1,8,0,304,304,535,11,56,451,17,151,89,2,13,24,23,268,42,226,602,66,84,30,41,356,25,819,476,114,229,100,100,880,294,163,145,27,167,79,5,267,7,49,37,43,75,56,304,304,509,509,632,433,25,174,405,186,47,18,39,52,2,48,6,0,7
2021,"Greenwich 038","E02006931",5229,0,0,0,0,21,0,21,0,0,0,118,9,11,3,6,4,1,0,1,12,4,3,9,1,0,0,1,10,2,6,12,1,7,11,4,14,14,15,3,0,12,0,217,217,453,10,66,361,16,144,103,6,4,14,17,247,25,222,522,44,85,33,42,284,34,653,379,90,184,89,89,788,316,132,105,32,143,59,1,211,9,30,16,40,84,32,259,259,480,480,633,393,38,202,365,150,46,19,39,54,3,44,6,0,4
2021,"Greenwich 039","E02006991",4419,0,0,0,0,6,0,5,0,0,1,85,14,4,2,2,5,2,1,0,3,0,2,17,2,1,0,4,8,1,3,3,2,1,7,1,19,19,16,4,0,12,0,195,195,434,19,52,342,21,130,87,4,7,21,11,203,36,167,539,25,47,28,40,379,20,585,331,80,174,70,70,662,249,123,82,22,120,66,0,186,4,64,13,30,51,24,264,264,310,310,455,310,21,124,260,131,15,15,24,40,4,29,0,0,2
2021,"Greenwich 040","E02006992",4885,2,2,0,0,6,1,5,0,0,0,96,13,3,0,0,5,0,0,0,9,0,3,13,0,2,2,5,11,0,7,7,0,0,13,3,20,20,13,4,1,7,1,212,212,432,8,65,340,19,144,77,9,4,17,37,195,34,161,588,30,40,20,45,418,35,784,472,81,231,66,66,718,264,135,92,28,145,51,3,244,7,53,34,41,64,45,227,227,365,365,506,326,23,157,267,108,14,14,41,33,3,48,2,0,4
2021,"Greenwich 041","E02006993",5026,1,1,0,0,6,0,5,0,1,0,109,28,6,3,2,18,0,0,1,1,0,2,12,0,0,1,3,8,3,7,2,2,1,8,1,11,11,9,1,0,8,0,173,173,525,9,85,418,13,137,85,4,3,17,28,314,38,276,601,34,56,30,41,412,28,731,438,77,216,91,91,692,204,166,64,30,147,78,3,222,1,70,16,41,65,29,231,231,341,341,559,380,34,145,273,122,11,13,38,31,3,51,1,0,3
2021,"Greenwich 042","E02006994",3910,3,3,0,0,2,0,1,1,0,0,80,23,2,0,0,6,0,0,0,3,0,0,10,0,1,0,7,4,1,1,3,1,6,7,5,13,13,23,5,1,16,1,303,303,524,16,89,408,11,215,129,5,10,26,45,327,45,282,230,17,24,8,21,151,9,211,130,17,64,69,69,258,78,33,41,10,65,27,4,339,7,38,11,89,150,44,187,187,298,298,608,367,70,171,220,68,10,15,27,30,4,55,8,0,3
2021,"Hackney 001","E02000345",3220,5,5,0,0,3,0,2,0,1,0,83,23,2,0,1,8,2,2,0,11,0,1,2,2,3,2,0,2,1,0,5,2,3,11,0,12,12,5,1,0,4,0,210,210,433,14,101,312,6,69,41,0,1,7,20,126,20,106,136,26,41,9,7,49,4,60,24,14,22,315,315,208,62,25,34,21,37,29,0,223,5,5,14,16,146,37,80,80,761,761,325,142,13,170,166,75,11,4,9,21,1,45,0,0,0
2021,"Hackney 002","E02000346",4535,1,1,0,0,0,0,0,0,0,0,138,17,8,2,5,19,0,5,0,8,0,1,13,3,3,0,3,10,0,1,6,11,8,9,6,17,17,10,3,1,6,0,214,214,496,17,63,402,14,141,88,0,4,13,36,261,63,198,524,42,80,13,20,337,32,208,119,20,69,75,75,602,122,97,107,66,142,67,1,302,7,33,31,62,147,22,234,234,457,457,579,356,31,192,276,112,24,15,43,28,0,49,1,0,4
2021,"Hackney 003","E02000347",3224,1,1,0,0,2,0,2,0,0,0,82,20,6,0,2,9,1,0,0,3,0,4,3,0,3,1,3,3,0,0,1,2,4,17,0,8,8,7,0,3,4,0,180,180,339,7,70,242,20,73,46,2,1,5,19,144,6,138,152,26,39,7,6,64,10,76,40,15,21,182,182,315,69,31,52,22,87,53,1,240,2,28,9,19,124,58,93,93,790,790,321,136,29,156,219,100,11,4,6,49,0,46,3,0,0
2021,"Hackney 004","E02000348",2977,4,4,0,0,0,0,0,0,0,0,89,15,3,0,3,15,1,0,0,6,0,0,4,0,1,1,5,4,1,2,3,0,7,16,2,4,4,5,1,2,2,0,164,164,376,12,65,287,12,106,63,1,5,9,28,144,13,131,144,19,38,14,7,59,7,56,24,15,17,176,176,209,52,16,36,14,48,41,2,190,9,10,4,25,114,28,88,88,697,697,365,163,33,169,160,58,9,6,11,21,6,48,1,0,0
2021,"Hackney 006","E02000350",5468,2,2,0,0,2,0,2,0,0,0,224,21,14,0,5,60,0,2,0,24,1,3,6,0,2,3,4,29,0,12,6,0,17,13,2,26,26,10,2,0,8,0,222,222,545,12,69,444,20,131,79,2,3,13,34,260,24,236,537,61,174,37,24,212,29,174,84,30,60,169,169,824,161,98,129,73,207,152,4,247,6,22,19,35,122,43,237,237,811,811,560,289,18,253,487,265,41,14,31,73,1,57,2,0,3
2021,"Hackney 007","E02000351",5560,4,3,1,0,2,0,2,0,0,0,175,17,11,0,7,20,5,0,1,14,0,6,26,4,1,0,5,17,3,1,8,7,6,14,2,19,19,9,3,0,6,0,233,233,553,7,58,463,25,108,55,4,6,8,35,280,24,256,652,88,151,39,36,311,27,283,147,34,102,85,85,965,226,152,152,81,227,123,4,217,11,31,34,27,89,25,258,258,635,635,654,368,28,258,428,230,35,9,31,61,1,52,3,0,6
2021,"Hackney 008","E02000352",3423,1,1,0,0,0,0,0,0,0,0,103,16,7,0,1,15,2,1,2,5,0,3,5,0,2,5,1,10,2,0,4,3,9,10,0,8,8,14,0,0,3,11,165,165,328,10,51,255,12,83,58,1,1,4,19,120,12,108,377,48,111,41,17,141,19,136,68,16,52,52,52,539,101,62,112,27,155,81,1,158,3,20,11,26,71,27,159,159,486,486,414,216,34,164,280,156,27,3,24,28,2,36,1,0,3
2021,"Hackney 009","E02000353",4509,2,2,0,0,0,0,0,0,0,0,141,20,13,0,5,29,0,0,1,10,1,4,8,0,3,2,4,12,1,3,6,1,8,8,2,18,18,5,0,0,5,0,164,164,439,3,43,377,16,83,48,1,5,8,21,196,14,182,525,63,181,38,21,185,37,225,110,32,83,84,84,851,196,106,135,32,213,166,3,167,11,26,31,12,62,25,219,219,457,457,471,261,18,192,462,259,37,12,38,63,0,49,1,0,3
2021,"Hackney 010","E02000354",4937,5,5,0,0,2,0,1,0,1,0,159,22,10,0,2,44,2,1,0,18,2,5,3,3,6,2,5,7,1,0,6,2,10,6,2,10,10,12,1,0,11,0,172,172,553,12,62,458,21,163,103,0,8,11,41,273,17,256,512,57,170,44,19,201,21,197,114,33,50,83,83,703,130,78,126,42,169,157,1,265,11,27,23,40,121,43,208,208,524,524,640,355,30,255,456,261,26,12,28,52,3,70,1,0,3
2021,"Hackney 011","E02000355",4496,5,4,1,0,0,0,0,0,0,0,159,14,10,1,3,37,2,0,1,9,0,5,12,0,4,0,3,18,4,3,5,0,7,20,1,16,16,19,1,0,18,0,119,119,465,10,54,374,27,109,76,1,1,11,20,229,20,209,498,73,204,32,13,169,7,150,82,20,48,79,79,770,109,98,132,48,173,208,2,173,4,17,8,34,84,26,196,196,478,478,542,300,28,214,489,298,30,12,35,55,4,48,3,0,4
2021,"Hackney 012","E02000356",4287,6,5,0,1,0,0,0,0,0,0,126,14,6,1,3,28,3,0,0,9,0,2,4,1,3,3,1,17,0,3,4,1,8,15,0,12,12,5,0,0,5,0,127,127,425,9,44,353,19,67,39,0,0,6,22,174,8,166,558,99,162,43,23,201,30,193,103,25,65,62,62,880,211,111,156,46,198,153,5,144,6,28,13,19,46,32,205,205,447,447,451,261,20,170,405,267,25,9,26,39,0,36,1,0,2
2021,"Hackney 013","E02000357",2886,1,1,0,0,3,1,2,0,0,0,65,6,4,0,2,12,1,0,0,5,0,3,4,0,3,1,4,5,0,0,4,2,3,5,1,1,1,15,0,1,14,0,137,137,353,24,44,280,5,152,105,0,4,8,35,185,16,169,178,24,57,12,10,68,7,76,52,11,13,36,36,226,50,21,39,8,69,39,0,233,7,10,8,63,124,21,147,147,314,314,588,357,51,180,176,84,8,22,9,15,0,35,1,0,2
2021,"Hackney 014","E02000358",6341,5,3,2,0,7,0,6,0,0,1,217,32,17,0,4,51,4,0,0,15,0,11,10,0,4,5,1,9,2,5,8,0,19,20,0,15,15,7,1,0,6,0,232,232,644,12,89,527,16,167,91,2,5,18,51,320,19,301,734,116,243,36,26,273,40,283,138,47,98,104,104,1122,196,136,193,65,321,205,6,296,9,59,23,34,122,49,269,269,605,605,758,428,35,295,556,307,30,18,27,71,6,84,5,0,8
2021,"Hackney 015","E02000359",3388,1,1,0,0,1,0,1,0,0,0,94,13,11,0,3,17,3,2,0,8,0,3,3,0,2,3,3,7,1,2,1,0,8,4,0,11,11,3,1,0,2,0,118,118,353,8,45,286,14,101,64,1,2,8,26,166,6,160,365,48,134,28,14,129,12,98,55,16,27,57,57,526,71,56,80,28,152,139,0,155,4,31,11,21,65,23,150,150,415,415,458,259,20,179,316,194,28,2,12,33,1,43,3,0,0
2021,"Hackney 016","E02000360",5485,1,1,0,0,2,0,1,0,1,0,180,33,19,0,7,37,5,1,1,7,0,10,8,1,3,2,7,13,1,1,6,0,8,10,0,10,10,6,3,0,3,0,222,222,683,12,86,567,18,217,152,3,3,12,47,308,15,293,430,50,131,29,17,188,15,195,113,24,58,97,97,777,159,97,134,51,195,141,0,391,9,37,11,88,189,57,245,245,509,509,770,490,47,233,442,235,32,18,26,46,0,81,4,0,0
2021,"Hackney 017","E02000361",4825,5,5,0,0,1,0,0,0,1,0,189,18,21,0,4,53,5,0,1,9,2,4,10,2,3,3,2,11,2,2,10,1,6,20,0,4,4,8,1,1,6,0,190,190,524,11,54,441,18,129,75,3,1,15,35,281,12,269,470,40,170,26,14,206,14,200,98,43,59,66,66,793,127,90,153,47,239,132,5,231,3,35,10,53,103,27,183,183,433,433,607,391,34,182,511,302,41,8,27,52,1,74,3,0,3
2021,"Hackney 018","E02000362",3542,2,2,0,0,0,0,0,0,0,0,132,16,21,1,0,38,2,0,0,8,0,7,2,2,0,3,1,4,2,2,3,1,3,15,1,6,6,0,0,0,0,0,149,149,371,14,57,292,8,138,97,0,3,10,28,206,21,185,339,40,112,25,21,133,8,134,67,26,41,49,49,469,68,71,74,25,129,101,1,185,10,22,5,39,73,36,149,149,376,376,534,309,30,195,303,170,15,8,30,22,4,49,3,0,2
2021,"Hackney 019","E02000363",5105,4,4,0,0,3,0,3,0,0,0,141,24,17,0,1,24,3,2,1,8,0,1,4,4,6,1,2,6,3,3,6,1,5,19,0,7,7,5,2,0,3,0,204,204,661,21,91,523,26,212,126,0,3,29,54,343,36,307,336,30,116,24,12,144,10,120,63,13,44,79,79,518,91,64,100,35,123,102,3,419,9,34,29,92,227,28,232,232,516,516,886,539,71,276,419,204,25,27,31,51,0,75,3,0,3
2021,"Hackney 020","E02000364",5164,2,2,0,0,3,0,3,0,0,0,163,8,13,0,6,50,1,4,0,5,0,1,16,1,3,3,0,10,1,1,9,3,9,19,0,10,10,3,0,0,3,0,182,182,530,8,57,447,18,119,73,1,10,9,26,215,22,193,566,70,174,42,23,233,24,294,163,33,98,74,74,947,176,125,192,40,229,183,2,231,4,40,22,38,91,36,225,225,489,489,588,353,19,216,523,315,40,18,31,37,2,72,3,0,5
2021,"Hackney 022","E02000366",4066,5,4,0,1,1,0,1,0,0,0,108,7,9,0,1,34,2,0,0,8,0,1,6,2,2,3,1,3,2,1,5,0,4,16,1,11,11,3,0,0,3,0,181,181,448,15,68,352,13,134,85,4,2,14,29,211,26,185,337,47,105,20,15,140,10,222,118,40,64,89,89,563,123,53,118,23,116,122,8,237,8,19,17,40,116,37,174,174,457,457,547,342,17,188,338,172,31,10,32,29,2,55,1,0,6
2021,"Hackney 023","E02000367",6389,4,3,1,0,0,0,0,0,0,0,216,21,25,0,7,62,3,1,0,16,0,4,10,3,8,4,1,13,0,0,10,1,6,21,0,16,16,13,3,0,10,0,209,209,655,17,71,538,29,138,84,3,4,12,35,312,25,287,740,74,206,57,27,340,36,368,189,51,128,87,87,1247,205,165,218,62,347,248,2,249,4,34,30,36,104,41,263,263,591,591,687,436,26,225,594,336,43,16,32,72,7,79,4,0,5
2021,"Hackney 024","E02000368",4817,1,1,0,0,3,0,2,0,1,0,160,16,10,0,4,40,6,2,0,10,0,1,9,2,2,4,6,10,1,3,6,1,6,19,2,10,10,6,2,1,3,0,181,181,510,26,67,403,14,207,149,1,3,20,34,260,26,234,418,41,125,19,17,195,21,242,143,34,65,98,98,749,166,89,156,45,177,113,3,333,11,48,22,71,147,34,182,182,477,477,589,344,31,214,391,204,27,15,33,39,1,68,2,0,2
2021,"Hackney 025","E02000369",7592,2,2,0,0,6,0,4,0,0,2,206,17,18,0,5,49,4,3,1,11,2,5,12,0,2,2,10,19,2,3,9,0,8,23,1,20,20,15,3,0,12,0,274,274,849,29,116,677,27,255,155,5,4,24,67,337,33,304,862,57,159,39,45,512,50,610,367,66,177,109,109,1415,384,167,261,82,314,201,6,384,9,60,36,82,135,62,285,285,615,615,828,522,41,265,520,265,31,16,53,53,5,89,1,0,7
2021,"Hackney 026","E02000370",4806,2,2,0,0,4,0,3,0,0,1,113,15,7,2,0,19,0,0,0,7,3,1,15,0,1,1,3,12,2,0,5,0,3,17,0,22,22,9,1,0,8,0,184,184,515,11,70,421,13,143,83,4,6,13,37,255,21,234,508,36,83,12,26,321,30,473,302,32,139,75,75,862,223,158,161,55,165,98,2,261,5,37,30,44,116,29,154,154,392,392,498,315,22,161,336,156,16,11,27,37,1,74,6,0,8
2021,"Hackney 028","E02006918",3872,4,4,0,0,1,0,1,0,0,0,103,10,11,0,4,13,0,0,0,9,1,0,15,0,2,0,5,6,2,1,6,2,6,10,0,5,5,3,1,0,2,0,146,146,456,10,62,370,14,149,78,1,0,28,42,222,24,198,294,31,84,16,10,143,10,125,70,21,34,80,80,462,120,53,65,24,111,87,2,282,5,42,12,41,154,28,203,203,520,520,536,278,25,233,281,140,16,4,29,35,2,53,2,0,0
2021,"Hackney 029","E02006921",3122,3,3,0,0,2,0,2,0,0,0,51,15,1,0,1,9,0,0,0,3,0,3,1,0,2,0,1,4,0,1,0,2,2,4,2,9,9,8,2,0,6,0,183,183,397,8,75,305,9,136,80,1,11,8,36,134,13,121,146,20,51,9,7,53,6,58,28,5,25,173,173,252,64,31,39,18,58,41,1,225,5,25,5,34,130,26,153,153,645,645,395,209,22,164,152,65,8,6,16,18,0,35,4,0,0
2021,"Hackney 030","E02007108",4081,1,0,1,0,1,0,0,0,1,0,133,10,4,1,2,38,1,0,1,5,0,7,9,0,0,7,4,9,0,1,7,2,4,21,0,22,22,16,6,0,10,0,132,132,400,6,50,324,20,63,28,3,0,12,20,183,22,161,586,51,137,38,30,293,37,335,192,40,103,61,61,914,190,123,164,42,257,138,0,171,3,35,14,24,51,44,125,125,284,284,322,197,12,113,332,194,20,12,21,24,5,50,2,0,4
2021,"Hackney 031","E02007109",4243,4,4,0,0,4,0,4,0,0,0,103,6,11,1,1,22,0,0,1,0,0,4,10,1,3,4,1,9,0,0,4,1,5,15,4,13,13,10,3,0,7,0,133,133,401,7,43,332,19,115,68,4,3,14,26,172,11,161,498,48,144,20,27,242,17,289,158,41,90,85,85,896,230,136,143,43,206,138,0,180,4,35,11,20,78,32,176,176,345,345,466,293,19,154,353,206,21,14,32,32,0,45,0,0,3
2021,"Hackney 032","E02007110",4102,2,2,0,0,7,0,7,0,0,0,117,18,10,0,1,23,0,0,0,3,0,2,7,2,0,1,1,8,1,3,6,0,3,28,0,17,17,9,0,1,8,0,144,144,458,8,70,367,13,81,50,2,0,10,19,225,25,200,507,25,71,18,30,336,27,399,235,46,118,71,71,701,208,124,104,34,151,76,4,263,4,40,19,35,126,39,149,149,281,281,412,261,21,130,259,108,28,13,24,39,2,41,2,0,2
2021,"Hackney 033","E02007111",3881,3,2,0,1,4,1,2,0,1,0,84,5,7,1,0,19,3,0,0,3,1,5,8,0,0,1,3,9,1,0,1,4,4,9,0,20,20,18,5,2,11,0,87,87,396,3,46,324,23,74,33,4,5,10,22,230,24,206,531,38,88,17,25,335,28,506,284,49,173,74,74,779,206,144,114,43,213,58,1,149,5,30,15,23,58,18,112,112,262,262,287,185,13,89,265,164,14,6,25,17,4,32,1,0,2
2021,"Hammersmith and Fulham 001","E02000372",4618,1,1,0,0,9,1,6,0,1,1,112,17,2,2,4,10,0,0,1,4,1,4,17,0,7,0,4,6,3,4,5,2,5,12,2,13,13,18,4,1,13,0,250,250,570,28,96,423,23,222,132,2,11,22,55,365,60,305,284,22,52,38,30,130,12,181,105,23,53,116,116,389,105,41,47,57,82,51,6,251,6,20,15,41,148,21,134,134,482,482,945,726,29,190,276,99,20,16,42,18,7,53,8,0,13
2021,"Hammersmith and Fulham 002","E02000373",2938,0,0,0,0,0,0,0,0,0,0,67,11,0,0,4,7,2,0,0,6,0,2,5,1,2,0,1,2,1,5,3,1,0,13,1,9,9,2,1,0,1,0,149,149,454,19,54,371,10,199,122,4,13,21,39,264,39,225,157,10,24,21,11,81,10,91,58,7,26,50,50,179,37,23,20,21,52,26,0,227,14,22,12,40,115,24,95,95,332,332,501,287,35,179,162,49,9,5,27,24,0,33,7,0,8
2021,"Hammersmith and Fulham 003","E02000374",3343,0,0,0,0,2,1,1,0,0,0,102,10,9,0,2,9,1,0,0,5,0,4,15,0,2,6,4,7,4,1,7,2,7,6,1,10,10,4,1,0,3,0,179,179,405,24,46,323,12,135,83,3,9,17,23,275,45,230,303,21,87,29,14,139,13,146,78,19,49,61,61,368,80,72,44,36,86,48,2,194,7,30,19,28,82,28,115,115,357,357,428,289,12,127,259,99,10,14,28,32,2,46,18,0,10
2021,"Hammersmith and Fulham 004","E02000375",3925,3,3,0,0,20,1,18,1,0,0,111,15,6,2,0,17,1,0,0,6,0,2,19,0,0,1,2,10,1,1,8,1,3,15,1,12,12,12,2,0,10,0,214,214,517,7,62,433,15,151,102,1,10,14,24,276,46,230,359,36,82,35,22,169,15,231,120,19,92,110,110,486,103,88,71,41,123,56,4,205,4,29,19,33,85,35,115,115,369,369,467,296,19,152,267,107,12,3,54,26,0,46,11,0,8
2021,"Hammersmith and Fulham 005","E02000376",3895,1,1,0,0,6,0,6,0,0,0,106,14,7,8,1,4,3,0,0,5,0,6,16,2,0,0,2,14,1,0,2,3,3,14,1,13,13,8,2,0,6,0,162,162,506,10,66,407,23,123,71,4,5,10,33,331,48,283,423,42,101,35,36,194,15,207,100,26,81,79,79,475,125,75,58,33,114,64,6,208,8,31,33,29,79,28,136,136,336,336,487,317,23,147,288,119,18,8,44,29,3,41,12,0,14
2021,"Hammersmith and Fulham 006","E02000377",4178,3,3,0,0,4,0,3,1,0,0,117,12,10,1,4,15,3,2,0,3,0,1,19,0,0,4,3,11,3,6,7,0,2,11,0,16,16,0,0,0,0,0,213,213,524,9,78,416,21,129,71,4,11,15,28,276,42,234,417,35,130,54,26,158,14,215,117,25,73,100,100,507,95,82,86,39,136,63,6,222,8,32,20,31,104,27,135,135,422,422,521,298,29,194,357,166,20,13,49,34,4,52,12,0,7
2021,"Hammersmith and Fulham 007","E02000378",3734,4,2,0,2,6,0,6,0,0,0,115,18,4,5,3,11,1,0,0,3,2,8,19,1,0,3,1,10,1,0,9,0,3,13,0,20,20,6,3,0,3,0,125,125,468,9,60,386,13,101,51,5,11,17,17,236,46,190,380,37,79,30,28,190,16,291,143,38,110,98,98,550,122,109,70,56,128,59,6,202,4,39,25,21,85,28,110,110,362,362,407,283,14,110,253,101,19,10,24,17,1,59,12,0,10
2021,"Hammersmith and Fulham 008","E02000379",3765,1,1,0,0,7,0,5,1,1,0,127,14,16,1,2,9,0,0,2,4,3,6,16,2,1,4,2,7,2,3,8,1,4,17,3,25,25,7,2,0,5,0,185,185,387,8,61,305,13,127,72,5,16,15,19,175,24,151,408,39,93,51,37,176,12,262,144,32,86,104,104,537,132,87,87,42,122,64,3,168,3,32,23,23,59,28,138,138,398,398,420,277,13,130,289,149,17,7,29,28,2,44,5,0,8
2021,"Hammersmith and Fulham 009","E02000380",3032,2,2,0,0,3,0,3,0,0,0,108,9,7,3,0,15,3,0,0,1,2,3,21,0,2,1,0,10,1,1,6,2,6,13,2,9,9,5,1,1,3,0,120,120,304,13,58,224,9,66,31,5,8,8,14,153,31,122,377,44,81,45,28,161,18,255,128,30,97,93,93,480,122,98,85,20,90,61,4,134,9,22,19,20,37,27,92,92,301,301,311,224,4,83,219,119,11,8,26,21,1,21,3,0,9
2021,"Hammersmith and Fulham 010","E02000381",4126,2,2,0,0,17,0,15,0,1,1,156,12,9,2,5,17,0,0,0,8,0,4,23,0,1,2,0,17,2,0,18,2,2,29,3,27,27,8,2,4,1,1,143,143,438,11,63,336,28,102,42,8,16,18,18,217,33,184,411,43,82,38,23,215,10,471,248,48,175,107,107,688,198,138,96,55,128,65,8,162,4,24,24,24,44,42,103,103,370,370,394,270,18,106,310,137,29,13,30,27,2,50,9,0,13
2021,"Hammersmith and Fulham 011","E02000382",3326,3,3,0,0,12,0,12,0,0,0,108,13,7,2,2,10,0,0,0,4,2,4,19,0,1,3,2,8,1,1,3,2,4,20,0,9,9,7,1,0,6,0,114,114,323,8,57,246,12,73,41,4,11,7,10,198,42,156,398,30,74,35,29,214,16,243,105,27,111,80,80,509,120,111,75,31,103,63,6,130,0,21,17,10,54,28,140,140,361,361,355,222,16,117,263,129,23,13,36,28,0,27,3,0,4
2021,"Hammersmith and Fulham 012","E02000383",4549,2,1,1,0,7,0,5,0,1,1,132,17,12,3,3,14,0,1,0,4,1,5,20,0,0,1,0,16,2,2,7,6,0,18,0,21,21,9,2,0,7,0,147,147,541,14,76,427,24,115,66,5,19,12,13,286,45,241,463,48,84,22,28,259,22,364,205,35,124,119,119,594,138,120,97,53,122,59,5,217,11,32,19,36,80,39,161,161,430,430,569,395,20,154,372,131,25,23,33,37,4,76,18,0,25
2021,"Hammersmith and Fulham 013","E02000384",4330,1,1,0,0,6,0,5,0,0,1,142,18,6,11,6,8,1,1,0,3,0,6,23,0,1,5,4,13,2,2,9,2,4,16,1,20,20,7,4,0,3,0,187,187,514,11,86,399,18,151,66,5,31,19,30,335,46,289,404,34,65,42,25,226,12,296,148,31,117,77,77,536,120,96,90,69,120,38,3,226,2,35,38,36,86,29,151,151,425,425,569,374,29,166,283,107,26,19,52,39,2,25,5,0,8
2021,"Hammersmith and Fulham 014","E02000385",3587,1,1,0,0,6,0,4,1,1,0,117,16,9,7,1,10,0,1,1,3,0,2,19,0,0,1,1,13,1,1,8,3,9,10,1,18,18,9,2,1,6,0,103,103,350,7,51,274,18,108,68,8,10,10,12,217,45,172,373,37,49,24,35,209,19,327,152,46,129,99,99,596,176,137,66,36,119,61,1,167,11,46,28,11,42,29,146,146,316,316,409,297,8,104,225,95,16,9,30,23,3,35,2,0,12
2021,"Hammersmith and Fulham 015","E02000386",3829,2,1,0,1,4,0,3,1,0,0,103,16,10,0,1,13,0,0,0,3,3,6,14,1,1,0,1,11,1,2,7,3,2,7,1,13,13,4,1,0,3,0,176,176,475,13,64,383,15,190,104,2,17,21,46,327,65,262,306,32,48,25,13,175,13,224,116,20,88,112,112,443,120,104,59,31,86,40,3,204,9,28,25,21,93,28,142,142,340,340,522,356,11,155,242,82,14,9,39,27,0,55,13,0,3
2021,"Hammersmith and Fulham 016","E02000387",3214,1,1,0,0,2,0,1,0,0,1,90,9,7,0,0,8,2,0,0,1,4,4,8,1,1,4,5,9,3,4,4,3,3,10,0,15,15,9,4,0,5,0,148,148,358,11,53,283,11,99,56,4,10,11,18,194,31,163,233,23,42,18,22,112,16,201,92,25,84,86,86,329,85,62,42,36,61,40,3,176,7,37,26,13,71,22,106,106,293,293,673,548,22,103,201,56,14,12,29,26,6,37,10,0,11
2021,"Hammersmith and Fulham 017","E02000388",5027,2,2,0,0,10,1,6,1,1,1,167,30,16,2,0,13,0,0,1,7,6,11,19,0,0,3,7,11,1,2,11,6,5,15,1,31,31,7,1,0,6,0,206,206,551,11,86,428,26,123,64,9,19,13,18,227,34,193,419,23,58,28,33,261,16,647,322,63,262,197,197,796,211,190,83,50,180,78,4,240,8,68,37,27,57,43,142,142,373,373,544,392,15,137,345,127,14,12,47,41,5,64,21,0,14
2021,"Hammersmith and Fulham 018","E02000389",4685,6,5,1,0,17,0,7,4,4,2,150,15,16,2,4,14,2,0,0,7,1,5,22,1,4,3,3,14,3,0,8,3,4,18,1,23,23,5,2,0,3,0,176,176,449,14,70,341,24,122,49,9,21,25,18,238,39,199,490,30,81,44,35,285,15,470,224,58,188,146,146,757,187,185,95,53,149,83,5,206,6,48,39,22,52,39,158,158,420,420,522,380,12,130,330,127,30,18,39,40,4,53,8,0,11
2021,"Hammersmith and Fulham 019","E02000390",3531,3,3,0,0,8,0,3,3,2,0,95,16,4,2,7,11,0,0,0,7,0,3,12,0,3,0,1,5,2,0,1,1,3,16,1,14,14,7,1,0,3,3,145,145,352,13,42,278,19,77,34,5,11,10,17,213,28,185,314,20,46,18,18,196,16,420,187,41,192,137,137,552,173,109,61,35,122,49,3,181,4,42,16,21,68,30,112,112,274,274,353,238,10,105,274,101,16,12,38,27,0,52,9,0,19
2021,"Hammersmith and Fulham 020","E02000391",4061,2,2,0,0,14,0,8,2,2,2,107,11,11,3,6,13,0,1,0,1,3,5,14,0,1,0,1,6,1,3,7,3,4,13,0,33,33,4,0,0,4,0,147,147,391,8,51,306,26,96,33,10,16,17,20,164,28,136,365,37,46,17,19,238,8,675,355,57,263,161,161,724,233,184,77,26,124,74,6,188,3,70,33,21,28,33,97,97,266,266,369,257,13,99,258,102,13,6,45,22,3,42,11,0,14
2021,"Hammersmith and Fulham 021","E02000392",5155,3,3,0,0,9,0,6,0,3,0,127,13,12,3,2,16,2,0,0,3,3,5,19,0,4,0,2,10,1,5,4,5,5,12,1,30,30,16,2,0,14,0,182,182,570,10,83,446,31,132,77,9,11,24,11,214,36,178,399,24,82,31,32,205,25,710,354,78,278,180,180,883,262,206,77,38,203,92,5,231,4,67,37,26,56,41,144,144,448,448,545,358,21,166,332,135,20,11,55,38,1,58,9,0,5
2021,"Hammersmith and Fulham 022","E02000393",3508,4,4,0,0,13,1,8,2,2,0,102,9,9,3,4,7,0,0,0,6,0,2,16,0,0,1,3,18,1,0,3,1,5,13,1,17,17,5,1,0,4,0,128,128,332,5,55,254,18,52,23,4,7,10,8,139,18,121,356,38,59,32,22,186,19,466,240,48,178,172,172,667,208,148,83,34,121,69,4,128,8,34,17,12,29,28,94,94,286,286,303,217,8,78,244,84,21,10,41,37,2,27,10,0,12
2021,"Hammersmith and Fulham 023","E02000394",5069,3,3,0,0,12,0,11,0,1,0,194,17,16,2,7,24,0,0,0,7,1,12,23,4,2,3,5,14,3,5,10,4,6,29,0,18,18,8,4,0,4,0,220,220,535,15,78,409,33,146,90,7,19,15,15,248,26,222,452,37,70,27,27,271,20,512,279,58,175,226,226,755,207,184,83,39,152,87,3,224,7,60,30,22,54,51,143,143,411,411,588,429,20,139,374,117,18,8,109,19,1,68,16,0,18
2021,"Hammersmith and Fulham 024","E02000395",3181,4,4,0,0,20,0,14,0,2,4,104,11,11,3,2,10,0,0,0,4,1,6,15,0,1,0,5,12,3,0,5,3,1,11,0,19,19,4,1,0,3,0,128,128,301,7,40,234,20,62,23,7,8,9,15,143,22,121,271,27,52,27,26,123,16,438,220,62,156,118,118,546,171,137,78,16,94,46,4,144,1,51,23,8,36,25,104,104,261,261,279,201,11,67,235,95,14,6,37,32,2,33,4,0,12
2021,"Hammersmith and Fulham 025","E02000396",3494,1,1,0,0,4,0,2,2,0,0,143,16,8,4,1,17,0,0,0,9,4,2,15,1,0,3,1,16,1,3,10,3,9,20,0,15,15,11,4,0,7,0,107,107,411,9,72,309,21,96,64,3,8,12,9,165,27,138,262,24,42,23,18,140,15,454,221,40,193,126,126,554,149,109,77,31,116,70,2,140,5,37,13,11,48,26,103,103,304,304,383,225,12,146,215,68,16,5,41,26,1,38,6,0,14
2021,"Haringey 001","E02000397",4185,1,1,0,0,1,0,1,0,0,0,94,18,0,1,1,12,1,1,0,4,0,5,5,2,1,0,5,9,2,2,9,2,3,9,2,6,6,10,2,0,8,0,428,428,478,18,61,382,17,166,113,1,0,15,37,387,57,330,282,27,67,16,32,128,12,115,45,26,44,87,87,369,114,66,45,27,77,37,3,332,7,25,12,34,220,34,181,181,448,448,476,259,30,187,324,142,20,13,25,35,2,82,1,0,4
2021,"Haringey 002","E02000398",2993,1,1,0,0,2,0,2,0,0,0,76,16,1,0,2,8,3,0,0,5,0,6,4,1,0,0,5,1,1,2,2,2,2,14,1,8,8,4,0,0,4,0,348,348,480,25,80,371,4,195,132,1,2,22,38,240,38,202,88,8,18,9,13,39,1,47,31,4,12,50,50,97,27,10,14,5,27,12,2,392,5,25,5,45,294,18,124,124,223,223,451,236,58,157,167,34,11,14,21,16,4,59,6,0,2
2021,"Haringey 004","E02000400",3897,3,3,0,0,2,0,2,0,0,0,100,16,7,0,6,16,0,0,1,3,0,2,6,3,1,2,5,5,0,1,5,2,4,12,3,9,9,10,2,0,8,0,324,324,445,20,63,354,8,148,97,3,4,15,29,251,31,220,282,25,62,27,26,128,14,139,71,30,38,80,80,412,116,53,66,20,92,58,7,210,7,20,13,24,115,31,179,179,478,478,523,306,43,174,302,131,14,13,34,39,4,61,5,0,1
2021,"Haringey 005","E02000401",2926,0,0,0,0,0,0,0,0,0,0,70,17,2,0,3,6,1,2,0,3,0,1,6,0,2,0,7,6,0,2,1,3,5,3,0,4,4,4,1,0,2,1,312,312,453,17,76,349,11,160,95,3,4,15,43,227,22,205,111,13,23,12,12,42,9,58,29,6,23,54,54,157,56,18,26,9,29,18,1,230,3,14,7,30,154,22,144,144,352,352,426,240,45,141,164,40,11,19,22,17,0,54,1,0,0
2021,"Haringey 006","E02000402",2759,1,1,0,0,2,0,2,0,0,0,71,15,4,0,0,16,1,0,0,3,0,2,5,0,1,3,5,0,0,0,3,1,2,9,1,5,5,9,1,1,7,0,284,284,413,18,86,295,14,168,108,1,2,19,38,241,24,217,111,13,28,12,20,38,0,54,23,9,22,47,47,137,39,21,19,11,17,29,1,279,15,11,3,44,183,23,109,109,311,311,377,215,27,135,140,31,4,19,22,13,2,46,3,0,0
2021,"Haringey 007","E02000403",3984,2,1,1,0,0,0,0,0,0,0,121,32,1,0,2,15,2,0,0,9,0,3,6,4,3,3,2,5,2,3,3,2,5,12,7,9,9,4,1,0,3,0,488,488,448,11,75,340,22,135,73,8,2,18,34,411,43,368,299,38,82,24,13,128,14,101,52,14,35,54,54,332,78,42,49,27,96,38,2,338,5,26,20,34,228,25,154,154,351,351,440,253,33,154,297,135,16,7,22,33,2,69,8,0,5
2021,"Haringey 008","E02000404",3369,1,1,0,0,1,0,1,0,0,0,105,20,4,1,2,19,0,1,0,10,0,1,2,4,0,0,5,3,1,1,7,4,13,7,0,9,9,9,4,0,5,0,391,391,456,16,68,363,9,173,112,3,3,19,36,376,45,331,198,17,41,20,18,95,7,78,38,9,31,49,49,191,62,23,34,13,39,19,1,319,6,14,16,37,220,26,133,133,299,299,370,209,25,136,211,67,12,17,27,20,1,61,5,0,1
2021,"Haringey 009","E02000405",3301,5,5,0,0,2,0,1,0,0,1,69,7,1,1,3,5,6,0,0,6,0,1,12,2,1,1,1,6,0,3,3,4,4,2,0,11,11,0,0,0,0,0,145,145,243,9,37,190,7,45,23,4,3,5,10,110,14,96,408,66,103,37,22,154,26,223,115,24,84,73,73,533,148,95,86,32,109,56,7,122,7,24,18,20,33,20,180,180,417,417,437,285,15,137,278,146,15,2,36,42,2,29,3,0,3
2021,"Haringey 010","E02000406",3426,1,1,0,0,1,0,1,0,0,0,79,18,3,0,3,13,0,0,0,5,0,0,7,0,1,5,5,6,1,0,2,1,4,4,1,3,3,7,1,0,6,0,360,360,506,15,80,392,19,159,101,1,3,17,37,341,41,300,177,21,48,20,17,67,4,75,43,10,22,56,56,229,64,24,41,11,54,35,0,270,8,23,14,32,180,13,146,146,360,360,432,244,32,156,224,102,12,17,17,28,0,41,5,0,2
2021,"Haringey 011","E02000407",3648,4,4,0,0,2,1,0,1,0,0,131,35,3,0,1,35,0,0,0,5,0,4,6,1,5,1,3,7,1,3,6,0,4,9,2,6,6,12,4,0,7,1,457,457,435,16,69,338,12,184,102,1,3,20,58,347,41,306,172,25,50,9,10,73,5,73,49,3,21,69,69,186,44,21,23,16,41,38,3,388,7,14,13,41,291,22,132,132,338,338,484,266,65,153,228,81,14,9,27,32,3,52,6,0,4
2021,"Haringey 012","E02000408",3625,0,0,0,0,1,0,0,0,1,0,86,13,4,0,0,14,0,0,0,5,0,2,10,1,0,1,5,5,0,2,5,4,5,10,0,7,7,17,1,1,15,0,405,405,432,18,66,319,29,214,128,0,2,34,50,315,43,272,132,20,28,11,16,54,3,68,40,11,17,59,59,225,63,28,30,14,41,46,3,408,5,15,11,34,316,27,192,192,321,321,548,333,53,162,195,58,9,11,24,27,0,57,8,0,1
2021,"Haringey 013","E02000409",2814,0,0,0,0,2,0,1,0,1,0,75,18,4,1,5,10,0,0,0,5,0,2,2,0,1,2,2,5,1,0,6,1,2,8,0,2,2,8,1,0,7,0,217,217,375,18,64,286,7,142,98,2,3,11,28,209,35,174,165,20,54,11,11,63,6,71,38,10,23,40,40,202,49,31,29,15,49,23,6,240,7,26,7,38,148,14,119,119,318,318,437,245,39,153,192,81,8,6,16,26,2,47,3,0,3
2021,"Haringey 014","E02000410",3423,0,0,0,0,2,0,1,0,1,0,99,20,4,0,3,12,3,0,0,5,0,2,4,1,1,3,2,9,1,2,5,3,3,14,2,6,6,9,4,0,5,0,148,148,294,7,41,238,8,66,47,0,4,6,9,136,16,120,353,65,95,29,14,141,9,179,98,24,57,79,79,590,172,101,90,31,116,72,8,148,7,26,23,8,66,18,110,110,407,407,423,287,21,115,374,203,20,15,37,44,2,50,2,0,1
2021,"Haringey 015","E02000411",5583,4,4,0,0,5,0,4,1,0,0,190,34,7,2,14,29,0,0,2,11,0,7,19,3,5,2,21,5,2,3,5,0,5,11,3,3,3,14,3,0,11,0,599,599,665,17,99,545,4,277,186,1,9,25,56,430,63,367,369,35,78,24,27,188,17,166,108,23,35,75,75,426,111,49,57,37,116,54,2,536,14,33,11,64,372,42,277,277,540,540,691,411,43,237,316,104,17,23,31,46,3,68,20,0,4
2021,"Haringey 016","E02000412",3765,2,2,0,0,0,0,0,0,0,0,95,21,3,0,5,14,0,0,1,0,0,0,7,0,0,0,6,3,1,2,4,1,6,19,2,10,10,9,1,0,8,0,317,317,578,20,79,468,11,211,132,0,2,31,46,467,40,427,226,26,64,17,14,100,5,86,55,11,20,38,38,259,62,40,39,14,69,32,3,300,8,28,14,36,189,25,135,135,307,307,488,269,46,173,237,101,12,14,29,23,3,50,1,0,4
2021,"Haringey 017","E02000413",3829,3,3,0,0,3,0,1,1,0,1,100,4,8,0,5,13,1,0,1,5,0,2,8,1,2,2,2,17,1,3,2,1,5,16,1,13,13,10,1,0,9,0,185,185,300,15,44,229,12,82,48,1,7,7,19,156,16,140,374,57,79,31,25,173,9,244,120,26,98,96,96,639,203,96,86,60,117,76,1,169,3,52,17,20,62,15,189,189,468,468,492,312,24,156,306,172,15,13,30,36,0,28,4,0,8
2021,"Haringey 018","E02000414",3734,1,1,0,0,1,0,0,1,0,0,105,20,5,0,4,19,1,1,0,6,0,4,5,0,2,2,3,6,0,2,1,3,8,12,1,16,16,14,1,0,13,0,435,435,420,22,84,302,12,166,102,1,3,17,43,284,42,242,218,30,77,13,14,80,4,87,52,9,26,50,50,273,70,24,37,13,66,58,5,414,7,18,8,44,320,17,150,150,368,368,469,257,59,153,263,113,21,5,13,34,4,58,14,0,1
2021,"Haringey 019","E02000415",3786,1,1,0,0,2,0,2,0,0,0,97,17,1,0,7,10,1,2,0,4,0,4,7,2,1,1,6,4,1,1,5,2,10,10,1,4,4,7,3,0,3,1,358,358,491,21,88,367,15,131,67,3,3,16,42,376,50,326,281,42,89,17,22,103,8,95,55,12,28,51,51,337,83,50,39,32,74,56,3,282,4,25,16,24,186,27,172,172,412,412,425,235,30,160,264,131,28,9,23,35,5,26,2,0,5
2021,"Haringey 020","E02000416",4692,2,2,0,0,3,0,3,0,0,0,155,22,9,0,3,34,0,0,0,5,0,3,19,2,1,1,3,8,3,3,11,4,6,14,4,9,9,4,2,0,1,1,220,220,478,9,56,398,15,139,101,0,8,11,19,242,24,218,505,71,119,43,31,227,14,213,116,23,74,102,102,642,145,90,117,54,153,83,0,209,4,38,27,20,85,35,206,206,548,548,569,335,36,198,446,239,26,18,41,68,2,46,1,0,5
2021,"Haringey 021","E02000417",3536,3,2,1,0,1,0,1,0,0,0,90,12,2,0,4,9,1,1,1,6,1,4,14,1,1,0,2,11,1,0,7,1,2,6,3,7,7,9,1,0,8,0,132,132,298,8,73,212,5,56,33,0,5,9,9,137,9,128,409,54,112,32,21,172,18,235,118,46,71,54,54,614,192,102,79,47,112,76,6,118,3,21,14,10,45,25,136,136,459,459,412,278,14,120,366,223,19,5,30,43,2,35,5,0,4
2021,"Haringey 022","E02000418",2833,0,0,0,0,3,0,3,0,0,0,74,8,4,1,0,13,1,0,0,3,0,4,8,1,3,1,2,9,1,0,4,1,4,5,1,6,6,10,2,0,8,0,115,115,210,4,30,166,10,49,26,6,5,9,3,72,8,64,360,47,129,29,19,126,10,182,91,22,69,54,54,462,139,75,70,21,103,49,5,87,4,22,13,7,27,14,132,132,375,375,335,221,13,101,307,191,17,3,31,38,1,21,0,0,5
2021,"Haringey 023","E02000419",4993,2,1,1,0,4,0,3,1,0,0,139,33,9,0,5,23,0,0,4,9,1,0,13,2,0,5,3,8,5,1,3,0,3,10,2,20,20,8,5,0,2,1,330,330,612,19,97,482,14,133,68,6,2,21,36,462,63,399,434,51,110,35,28,192,18,164,85,18,61,79,79,533,106,67,96,65,128,67,4,350,6,39,28,32,212,33,190,190,496,496,598,358,36,204,439,248,33,12,28,38,2,71,4,0,3
2021,"Haringey 024","E02000420",4276,0,0,0,0,4,0,3,0,1,0,108,16,4,0,7,25,2,0,0,2,0,3,9,0,2,2,5,4,1,2,7,0,10,7,0,13,13,7,1,1,5,0,334,334,519,20,82,400,17,164,94,4,2,28,36,381,56,325,277,33,85,21,11,118,9,98,51,15,32,61,61,394,90,42,72,35,79,76,0,454,4,26,19,51,320,34,180,180,389,389,551,326,38,187,342,153,12,5,35,36,5,87,7,0,2
2021,"Haringey 025","E02000421",4074,0,0,0,0,2,0,1,0,0,1,118,23,7,1,1,23,2,1,0,1,0,6,9,3,0,4,6,2,0,0,8,0,13,8,0,8,8,6,0,0,5,1,374,374,612,15,84,497,16,193,119,1,0,20,53,386,37,349,199,16,74,22,3,77,7,85,57,9,19,60,60,249,51,33,39,17,55,54,0,456,7,30,12,60,322,25,152,152,335,335,552,313,52,187,287,118,15,16,35,30,2,62,7,0,2
2021,"Haringey 026","E02000422",3567,1,0,1,0,1,0,0,0,1,0,84,16,3,0,2,17,0,0,0,10,0,0,4,2,1,0,6,4,1,1,1,1,6,8,1,11,11,10,2,1,7,0,321,321,429,11,82,322,14,178,99,0,5,21,53,295,35,260,220,27,60,19,10,97,7,71,36,10,25,38,38,276,74,42,48,17,59,35,1,384,8,21,9,33,290,23,171,171,349,349,477,265,34,178,251,93,12,8,29,33,3,58,10,0,5
2021,"Haringey 027","E02000423",3933,4,4,0,0,4,0,3,0,0,1,109,27,5,1,3,30,2,0,0,6,0,2,5,2,3,1,1,5,0,0,7,0,2,7,0,9,9,2,1,0,1,0,253,253,472,18,91,353,10,110,58,4,5,13,30,451,48,403,312,42,88,25,15,135,7,98,44,15,39,71,71,406,89,54,59,42,92,64,6,301,17,23,21,33,179,28,158,158,401,401,447,262,41,144,325,172,22,11,25,40,1,46,7,0,1
2021,"Haringey 028","E02000424",3843,0,0,0,0,3,0,2,0,1,0,107,11,5,0,3,21,3,1,1,10,0,0,7,0,1,1,1,5,2,1,9,2,8,15,0,10,10,7,3,0,4,0,144,144,356,10,45,293,8,66,37,1,6,13,9,139,15,124,454,63,142,46,23,167,13,203,102,29,72,82,82,558,128,85,89,45,122,86,3,137,5,20,16,15,65,16,160,160,518,518,532,298,17,217,367,204,22,12,41,43,0,39,3,0,3
2021,"Haringey 029","E02000425",3117,1,1,0,0,0,0,0,0,0,0,80,22,1,0,3,10,0,1,0,7,0,1,0,4,4,0,0,3,3,0,2,0,7,12,0,2,2,7,0,0,7,0,289,289,445,15,109,312,9,119,60,0,2,20,37,157,23,134,96,12,37,9,13,22,3,60,35,9,16,214,214,148,53,10,20,6,29,30,0,325,5,10,11,24,244,31,89,89,632,632,309,138,26,145,144,45,8,3,12,33,3,38,2,0,0
2021,"Haringey 030","E02000426",3299,5,5,0,0,3,0,1,0,1,1,83,8,4,0,1,13,3,3,0,2,0,3,8,1,1,1,0,7,1,4,10,1,1,9,2,10,10,11,2,1,8,0,138,138,297,8,63,216,10,57,31,4,2,8,12,123,20,103,359,45,96,19,16,169,14,256,148,24,84,91,91,586,195,104,87,37,88,66,9,120,3,28,12,12,37,28,130,130,352,352,399,278,13,108,279,148,14,9,30,36,1,25,7,0,9
2021,"Haringey 031","E02000427",4018,3,3,0,0,3,0,2,0,0,1,124,14,4,0,3,18,3,0,0,8,0,5,16,2,1,0,4,5,0,0,9,2,8,18,4,8,8,9,2,0,7,0,242,242,405,9,47,341,8,97,57,3,0,11,26,322,37,285,391,50,111,27,26,156,21,136,67,23,46,69,69,505,115,76,87,37,102,82,6,243,3,29,13,22,145,31,191,191,468,468,423,244,18,161,379,209,21,16,26,51,2,42,8,0,4
2021,"Haringey 032","E02000428",4276,12,12,0,0,3,1,0,0,1,1,136,24,3,0,2,24,1,1,1,9,0,4,13,4,1,1,2,8,1,0,4,4,15,10,4,4,4,12,3,0,9,0,288,288,569,33,89,439,8,159,95,3,2,12,47,396,33,363,309,32,100,22,13,138,4,78,43,9,26,60,60,315,65,31,53,16,69,77,4,398,9,32,8,32,275,42,154,154,496,496,537,266,32,239,350,159,26,11,26,57,3,51,15,0,2
2021,"Haringey 033","E02000429",3817,2,2,0,0,4,0,3,0,1,0,102,17,4,0,3,9,2,0,0,5,2,2,21,0,1,4,1,8,2,0,5,2,3,10,1,17,17,8,1,1,5,1,130,130,243,3,33,203,4,53,28,0,2,13,10,95,11,84,480,60,119,40,21,218,22,311,152,42,117,71,71,742,214,133,112,57,145,76,5,119,5,30,17,8,44,15,175,175,446,446,491,326,20,145,328,205,14,6,23,36,0,35,2,0,7
2021,"Haringey 034","E02000430",4280,4,4,0,0,4,0,3,0,0,1,121,14,11,1,5,19,1,1,0,7,0,4,14,0,6,1,1,12,0,5,1,1,1,14,2,15,15,6,2,0,4,0,153,153,359,6,33,308,12,50,25,1,1,10,13,198,25,173,517,57,179,47,15,198,21,212,107,28,77,88,88,713,150,110,118,59,184,89,3,167,4,31,19,29,54,30,201,201,539,539,493,309,16,168,440,265,23,9,45,44,3,47,4,0,0
2021,"Haringey 035","E02000431",3653,3,3,0,0,2,0,0,0,1,1,79,10,10,1,1,12,0,0,0,2,0,1,9,1,3,1,0,10,2,0,6,3,2,4,1,15,15,10,3,0,7,0,121,121,250,3,29,215,3,47,25,1,4,12,5,125,13,112,450,52,110,37,20,212,19,329,182,39,108,63,63,694,195,137,116,47,120,79,0,119,4,30,23,8,32,22,158,158,399,399,421,273,9,139,368,249,31,3,26,35,0,22,1,0,1
2021,"Haringey 036","E02000432",3739,1,1,0,0,1,0,1,0,0,0,110,9,5,0,3,23,4,1,1,3,0,3,18,0,0,1,3,13,2,1,6,3,1,10,0,8,8,9,4,0,5,0,154,154,355,5,59,286,5,72,40,2,3,8,19,183,14,169,463,84,127,37,17,179,19,178,84,24,70,64,64,601,164,84,78,48,153,71,3,153,5,27,15,19,68,19,178,178,396,396,447,262,24,161,366,195,24,13,31,53,2,42,3,0,3
2021,"Haringey 037","E02006794",3418,3,3,0,0,3,0,3,0,0,0,66,12,0,0,0,14,1,0,1,5,0,2,3,2,0,1,6,1,0,4,5,0,3,5,1,7,7,7,3,0,4,0,365,365,484,19,91,363,11,198,111,2,4,20,61,263,37,226,128,8,27,16,14,59,4,57,35,6,16,40,40,177,57,24,23,11,42,19,1,433,3,23,6,61,319,21,139,139,321,321,558,298,68,192,169,40,3,21,25,16,1,54,7,0,2
2021,"Harrow 001","E02000433",3902,1,1,0,0,7,0,3,1,1,2,99,8,2,0,3,8,1,0,0,5,0,10,15,0,11,0,6,4,1,0,9,6,1,6,3,18,18,4,1,2,1,0,331,331,557,26,148,366,17,169,106,5,11,18,29,120,22,98,256,17,31,13,35,155,5,323,166,47,110,161,161,494,245,88,50,13,63,35,0,170,4,25,31,19,65,26,111,111,319,319,604,436,46,122,158,31,9,8,21,29,1,48,8,0,3
2021,"Harrow 002","E02000434",4902,1,1,0,0,7,0,7,0,0,0,146,17,6,3,1,12,0,0,2,9,0,7,28,0,5,1,6,3,1,2,17,6,0,18,2,23,23,11,1,3,7,0,539,539,666,40,133,482,11,196,136,0,11,17,32,167,23,144,327,23,19,13,36,230,6,382,207,44,131,131,131,579,297,95,69,26,62,28,2,228,12,37,29,21,103,26,170,170,449,449,694,497,41,156,186,45,7,12,23,31,3,52,8,0,5
2021,"Harrow 003","E02000435",3584,4,4,0,0,4,0,3,1,0,0,153,37,0,0,1,5,0,12,1,11,0,3,21,4,10,3,5,3,4,1,8,4,2,16,2,5,5,5,2,0,3,0,428,428,523,33,122,359,9,150,82,5,10,16,37,145,18,127,191,6,6,12,30,131,6,207,117,30,60,117,117,319,153,47,33,18,39,25,4,202,8,27,12,33,104,18,213,213,297,297,483,336,44,103,138,31,5,6,27,19,3,38,4,0,5
2021,"Harrow 004","E02000436",2784,2,2,0,0,5,1,4,0,0,0,90,7,0,0,3,0,1,0,0,7,2,4,21,2,1,1,3,9,3,1,4,2,1,18,0,15,15,6,1,2,3,0,250,250,358,21,83,243,11,84,51,2,8,13,10,76,19,57,236,8,14,5,25,181,3,245,133,34,78,88,88,345,179,63,27,16,43,13,4,112,10,22,20,10,26,24,124,124,253,253,397,305,14,78,98,30,5,3,13,18,2,24,3,0,0
2021,"Harrow 005","E02000437",3986,2,2,0,0,3,0,3,0,0,0,132,13,2,0,0,14,2,0,0,8,0,4,17,7,6,4,9,11,2,1,9,4,3,13,3,14,14,15,6,2,7,0,498,498,597,54,114,418,11,228,140,6,11,25,46,175,21,154,206,6,20,16,37,118,9,165,84,25,56,68,68,371,169,66,37,26,49,20,4,209,16,32,24,16,96,25,169,169,395,395,553,380,49,124,186,27,11,8,30,29,5,70,5,0,1
2021,"Harrow 006","E02000438",3759,10,10,0,0,6,0,4,0,2,0,134,22,0,1,2,6,0,0,1,13,0,8,24,4,3,3,6,11,1,1,7,0,1,16,4,11,11,15,1,2,12,0,360,360,531,36,107,366,22,216,132,1,12,20,51,178,17,161,242,6,19,15,23,174,5,214,123,32,59,77,77,330,160,60,32,17,36,20,5,206,17,31,16,26,84,32,155,155,382,382,550,365,48,137,142,29,8,13,27,20,5,37,3,0,0
2021,"Harrow 007","E02000439",4479,3,3,0,0,4,0,4,0,0,0,147,31,5,0,3,7,0,1,2,4,0,3,30,5,4,4,8,8,0,4,7,3,6,10,2,18,18,12,3,1,8,0,912,912,646,49,117,457,23,270,182,2,6,31,49,205,33,172,217,15,17,7,23,153,2,185,109,25,51,70,70,292,145,40,25,19,38,23,2,338,13,25,12,28,230,30,154,154,326,326,533,353,46,134,147,22,2,7,17,19,4,66,5,0,5
2021,"Harrow 008","E02000440",4797,2,2,0,0,1,0,1,0,0,0,174,17,6,2,5,10,0,1,0,11,2,5,33,10,9,1,4,11,0,5,9,5,3,24,1,7,7,9,2,1,6,0,643,643,747,51,129,546,21,224,119,2,9,36,58,143,28,115,308,13,16,18,49,206,6,340,203,47,90,130,130,501,263,67,61,17,62,29,2,220,15,28,23,22,111,21,229,229,403,403,563,410,30,123,153,27,2,8,28,32,0,49,4,0,3
2021,"Harrow 009","E02000441",3415,7,5,1,1,1,0,1,0,0,0,126,14,1,0,0,7,0,0,0,19,0,5,30,7,0,5,2,6,3,0,4,0,3,18,2,7,7,6,4,0,2,0,251,251,434,28,91,306,9,160,95,2,6,20,37,121,11,110,299,16,22,19,30,209,3,251,136,29,86,84,84,383,181,74,38,21,42,23,4,156,6,26,12,9,77,26,146,146,337,337,506,337,45,124,140,24,5,14,22,23,4,40,0,0,8
2021,"Harrow 010","E02000442",4818,0,0,0,0,6,1,5,0,0,0,181,28,4,0,3,9,0,1,1,6,0,6,32,10,8,1,7,9,2,4,11,6,4,26,3,8,8,13,7,0,6,0,1162,1162,835,86,127,604,18,325,208,3,11,27,76,211,37,174,167,7,10,10,31,104,5,158,93,23,42,61,61,235,116,38,25,15,21,18,2,374,7,22,11,34,259,41,154,154,283,283,477,316,53,108,168,16,4,9,25,21,3,64,21,0,5
2021,"Harrow 011","E02000443",4819,2,1,1,0,8,1,7,0,0,0,187,59,0,0,5,10,1,0,2,8,0,1,20,7,8,5,8,11,1,0,4,1,11,21,4,19,19,13,6,0,7,0,699,699,670,48,131,482,9,349,211,0,9,42,87,227,30,197,248,8,14,21,44,153,8,207,112,25,70,65,65,347,170,48,39,18,39,31,2,342,24,35,20,33,191,39,157,157,379,379,700,415,90,195,200,34,10,12,32,34,3,67,6,0,2
2021,"Harrow 012","E02000444",4161,0,0,0,0,8,0,8,0,0,0,139,33,0,0,1,3,1,0,1,8,0,9,20,6,7,1,3,11,0,5,5,2,4,18,1,11,11,14,7,0,7,0,810,810,706,41,138,513,14,209,113,2,7,27,60,148,26,122,223,11,13,10,35,150,4,238,134,38,66,94,94,323,162,50,36,11,38,24,2,224,7,19,18,20,142,18,163,163,287,287,436,319,39,78,128,14,5,16,10,19,4,51,3,0,6
2021,"Harrow 013","E02000445",5380,0,0,0,0,5,0,5,0,0,0,219,62,5,0,5,9,1,0,3,13,1,5,26,7,3,5,4,12,1,0,15,4,4,23,11,18,18,12,5,0,7,0,881,881,848,61,148,622,17,339,202,3,16,40,78,268,38,230,260,13,22,17,33,168,7,183,105,38,40,89,89,330,155,46,39,27,42,17,4,360,23,28,22,38,211,38,212,212,457,457,699,431,105,163,200,34,13,12,38,28,6,64,3,0,2
2021,"Harrow 015","E02000447",4056,2,1,0,1,7,0,5,2,0,0,124,24,1,0,1,2,2,0,0,7,1,1,28,3,3,3,6,5,0,2,5,5,5,15,5,19,19,5,4,0,1,0,370,370,533,48,98,371,16,201,112,5,20,28,36,123,10,113,416,19,39,11,48,291,8,282,187,29,66,68,68,400,188,53,53,24,53,25,4,199,12,35,20,17,86,29,192,192,412,412,580,415,44,121,123,28,7,8,16,26,1,34,1,0,2
2021,"Harrow 016","E02000448",3235,2,2,0,0,11,2,9,0,0,0,100,6,0,0,2,2,1,0,0,13,1,3,19,3,5,3,6,7,2,7,2,1,0,16,1,14,14,9,6,1,2,0,195,195,340,26,51,253,10,108,51,2,10,14,31,87,11,76,289,12,24,16,27,206,4,332,190,38,104,86,86,468,198,100,46,24,68,29,3,120,3,21,17,10,45,24,138,138,351,351,443,310,27,106,142,44,12,7,22,19,1,35,0,0,2
2021,"Harrow 017","E02000449",4083,1,1,0,0,5,0,5,0,0,0,168,37,3,0,3,7,0,0,0,8,0,3,22,4,8,2,8,16,5,3,9,1,6,22,1,7,7,8,1,1,6,0,929,929,679,59,136,465,19,212,125,1,12,26,48,174,31,143,173,5,8,9,30,119,2,149,91,21,37,63,63,259,140,33,27,15,25,16,3,321,10,21,19,38,201,32,148,148,257,257,403,248,46,109,127,20,5,10,14,16,3,46,9,0,4
2021,"Harrow 019","E02000451",3290,3,3,0,0,7,0,6,0,0,1,105,13,0,2,0,5,0,0,0,5,3,2,29,1,3,4,2,3,4,2,6,4,1,15,1,12,12,11,4,0,7,0,320,320,383,16,64,287,16,141,62,4,12,18,45,83,11,72,333,12,20,17,52,227,5,301,186,34,81,68,68,344,159,54,45,21,50,12,3,137,9,25,13,11,56,23,171,171,344,344,410,308,30,72,117,26,2,8,17,17,7,35,3,0,2
2021,"Harrow 020","E02000452",4730,0,0,0,0,4,0,3,1,0,0,196,51,6,1,3,8,0,0,0,12,0,3,27,2,5,4,17,11,3,4,8,7,3,19,2,11,11,11,1,1,9,0,630,630,640,27,120,480,13,231,132,1,10,27,61,280,57,223,382,17,34,18,26,281,6,208,121,22,65,63,63,389,145,78,81,16,50,15,4,265,13,24,16,29,147,36,167,167,379,379,638,429,72,137,236,51,11,15,31,40,3,76,7,0,2
2021,"Harrow 021","E02000453",4256,2,2,0,0,6,1,4,0,1,0,145,27,2,0,0,7,1,1,0,12,0,4,23,3,6,2,5,12,3,3,5,0,3,26,0,10,10,10,3,3,4,0,478,478,521,25,101,386,9,211,115,3,12,22,59,178,27,151,364,26,19,22,35,249,13,215,138,27,50,77,77,369,158,59,48,22,53,25,4,259,7,32,25,26,147,22,190,190,434,434,610,410,49,151,177,44,14,13,26,26,0,41,12,0,1
2021,"Harrow 022","E02000454",3565,0,0,0,0,5,0,5,0,0,0,126,20,3,0,0,5,0,0,0,5,2,3,32,2,3,3,8,7,2,2,5,4,2,16,2,10,10,7,3,0,4,0,239,239,401,24,82,278,17,121,57,3,11,15,35,88,13,75,395,11,13,17,50,294,10,379,237,52,90,67,67,427,190,76,66,15,54,23,3,109,6,22,20,12,35,14,181,181,408,408,486,385,20,81,116,31,7,8,14,23,2,30,1,0,0
2021,"Harrow 023","E02000455",6089,3,3,0,0,10,0,7,0,1,2,175,24,5,2,0,5,0,0,1,2,2,6,49,6,3,2,17,9,2,3,6,3,2,22,4,32,32,27,4,0,23,0,577,577,688,40,102,524,22,247,134,9,10,34,60,241,43,198,680,23,35,28,42,528,24,441,269,40,132,96,96,635,232,106,95,42,125,35,0,327,11,38,34,49,156,39,236,236,433,433,1018,784,68,166,223,49,9,20,31,35,8,60,5,0,6
2021,"Harrow 024","E02000456",3969,2,2,0,0,2,0,2,0,0,0,140,19,4,1,1,5,0,0,0,7,0,4,27,6,4,1,0,10,1,4,4,9,4,25,4,29,29,14,2,1,11,0,457,457,465,21,64,369,11,207,98,2,33,24,50,170,40,130,297,16,27,19,36,197,2,200,108,19,73,69,69,384,200,56,38,23,47,17,3,264,7,26,20,50,132,29,161,161,415,415,512,321,58,133,181,48,10,5,14,34,8,54,6,0,2
2021,"Harrow 025","E02000457",3425,2,2,0,0,2,1,1,0,0,0,140,21,0,2,3,9,1,0,1,4,0,2,22,5,3,4,4,13,3,2,7,5,3,19,7,10,10,14,1,2,11,0,289,289,490,25,93,355,17,167,86,2,15,27,37,134,24,110,333,13,22,24,28,238,8,238,136,30,72,57,57,318,134,56,40,18,45,22,3,153,8,20,19,20,65,21,156,156,355,355,444,329,22,93,123,17,10,12,19,22,3,35,1,0,4
2021,"Harrow 027","E02000459",4415,0,0,0,0,3,0,3,0,0,0,186,63,0,0,1,7,0,2,2,8,1,8,26,3,13,0,8,10,3,0,3,4,4,14,6,6,6,6,1,0,5,0,470,470,715,40,139,526,10,270,144,1,16,37,72,234,29,205,277,12,24,13,28,188,12,167,109,20,38,64,64,342,141,58,48,21,53,21,0,286,22,27,19,35,162,21,185,185,402,402,653,451,62,140,149,36,11,8,17,32,3,38,0,0,4
2021,"Harrow 028","E02000460",3362,0,0,0,0,6,0,6,0,0,0,131,28,4,3,0,5,0,0,2,9,0,5,23,3,3,0,5,8,3,1,5,4,2,14,4,8,8,3,3,0,0,0,267,267,618,42,104,459,13,267,144,2,12,46,63,173,26,147,230,9,17,9,26,163,6,140,81,18,41,50,50,256,123,32,24,25,32,19,1,180,12,18,21,30,67,32,141,141,304,304,450,304,29,117,138,25,7,8,16,19,2,55,4,0,2
2021,"Harrow 029","E02000461",3432,2,1,1,0,5,0,4,1,0,0,135,25,4,0,2,11,1,0,0,6,0,1,35,5,1,1,5,12,1,3,6,4,3,9,0,10,10,15,6,0,9,0,312,312,435,33,73,315,14,143,86,2,9,26,20,150,19,131,257,14,39,18,28,155,3,197,114,24,59,88,88,336,117,75,33,28,53,29,1,169,11,22,19,14,87,16,125,125,461,461,454,352,30,72,138,39,9,8,20,24,2,32,1,0,3
2021,"Harrow 030","E02000462",3309,1,1,0,0,6,0,6,0,0,0,144,51,0,0,3,7,0,0,2,3,3,3,18,2,4,1,6,6,2,3,15,6,0,8,1,7,7,6,2,0,3,1,353,353,607,40,116,438,13,266,159,3,14,41,49,212,21,191,165,11,16,7,35,92,4,117,71,7,39,56,56,224,107,27,22,15,38,12,3,227,8,18,7,52,119,23,141,141,267,267,404,264,45,95,106,16,6,7,17,21,4,31,3,0,1
2021,"Harrow 031","E02000463",3921,0,0,0,0,1,0,1,0,0,0,176,49,1,3,0,1,0,3,0,14,1,1,33,4,4,2,5,13,0,2,10,3,8,16,3,11,11,21,5,1,15,0,408,408,740,48,142,537,13,315,185,1,16,39,74,194,12,182,216,5,16,15,34,138,8,132,77,20,35,55,55,268,137,29,38,16,34,11,3,242,8,34,24,38,100,38,173,173,366,366,460,294,43,123,143,21,5,12,21,17,9,52,4,0,2
2021,"Harrow 032","E02006795",4057,0,0,0,0,0,0,0,0,0,0,155,43,2,1,2,7,0,0,0,4,2,3,30,4,3,2,6,9,1,2,5,5,2,21,1,9,9,5,2,0,3,0,429,429,717,37,139,530,11,257,138,2,15,30,72,232,39,193,305,3,13,7,34,241,7,208,140,15,53,67,67,331,151,44,51,21,39,22,3,221,15,17,28,18,95,48,191,191,363,363,431,280,35,116,136,25,11,16,12,20,4,43,3,0,2
2021,"Harrow 033","E02006882",7105,7,7,0,0,3,0,3,0,0,0,268,51,5,0,10,6,0,1,0,11,2,13,47,7,14,2,9,18,5,5,15,4,7,31,5,20,20,18,3,3,12,0,1142,1142,1294,106,245,908,35,396,200,4,17,51,124,203,47,156,376,12,20,13,74,251,6,385,234,61,90,118,118,557,301,60,65,32,63,36,0,402,18,39,36,43,229,37,280,280,527,527,858,584,76,198,251,40,12,12,46,23,11,92,8,0,7
2021,"Havering 001","E02000464",3531,4,4,0,0,1,0,1,0,0,0,168,4,3,0,2,3,1,2,3,12,0,5,24,10,5,9,12,10,4,4,20,6,5,13,11,14,14,37,8,9,19,1,546,546,500,71,78,338,13,245,134,2,1,48,60,150,13,137,99,5,8,4,31,51,0,134,75,35,24,40,40,188,89,19,28,8,27,16,1,232,17,35,9,37,113,21,175,175,327,327,525,317,51,157,146,15,3,9,31,29,2,56,0,0,1
2021,"Havering 002","E02000465",4407,3,3,0,0,1,0,1,0,0,0,143,15,3,0,0,6,0,2,1,15,0,4,24,6,6,2,10,5,4,4,9,4,5,14,4,15,15,18,3,1,14,0,698,698,606,64,90,434,18,280,161,6,3,38,72,196,27,169,184,3,12,5,28,133,3,226,113,47,66,71,71,224,117,28,27,10,28,9,5,307,29,42,13,38,149,36,239,239,376,376,648,403,66,179,172,19,5,10,43,18,4,71,0,0,2
2021,"Havering 003","E02000466",4037,4,4,0,0,1,0,0,0,0,1,167,13,5,0,5,4,2,0,1,14,2,3,9,7,9,2,14,12,5,6,21,3,10,16,4,10,10,36,9,2,24,1,586,586,566,76,88,392,10,250,147,10,4,32,57,159,6,153,110,8,17,6,27,44,8,209,83,60,66,58,58,196,93,24,29,6,25,16,3,234,11,44,10,41,112,16,211,211,427,427,595,352,69,174,218,28,11,9,42,36,6,82,3,0,1
2021,"Havering 004","E02000467",4776,5,5,0,0,5,0,4,0,1,0,176,16,5,1,3,5,1,0,1,8,0,7,30,11,8,3,13,7,7,5,18,4,6,13,4,24,24,52,22,9,21,0,720,720,711,56,132,509,14,308,188,7,7,34,72,246,23,223,149,3,14,6,35,86,5,164,70,57,37,65,65,188,91,16,20,9,21,15,16,320,13,46,13,58,167,23,213,213,386,386,821,463,110,248,223,16,6,23,48,41,5,79,3,0,2
2021,"Havering 005","E02000468",3965,5,5,0,0,7,0,4,0,1,2,152,19,0,0,5,6,0,3,4,14,0,6,3,5,5,3,15,7,4,1,13,2,12,18,7,17,17,26,12,3,10,1,609,609,577,89,89,383,16,265,167,8,1,33,56,148,15,133,124,8,7,1,22,82,4,208,101,55,52,63,63,224,126,16,35,4,21,8,14,238,19,32,9,37,127,14,228,228,394,394,505,303,49,153,175,20,7,14,34,42,2,55,0,0,1
2021,"Havering 006","E02000469",3238,7,4,0,3,1,0,1,0,0,0,134,5,2,0,2,6,1,0,0,11,0,6,16,3,9,0,12,6,5,6,13,2,4,18,7,10,10,18,4,2,11,1,476,476,459,48,75,322,14,212,138,6,2,21,45,149,15,134,93,5,7,2,19,55,5,114,48,48,18,48,48,170,93,21,17,10,12,8,9,224,21,25,2,25,134,17,203,203,273,273,512,303,52,157,135,22,4,8,29,12,3,53,1,0,3
2021,"Havering 007","E02000470",5009,4,3,0,1,2,0,1,0,1,0,180,8,3,0,3,9,0,0,0,19,0,8,18,12,12,3,13,14,4,8,21,1,3,15,6,22,22,23,12,3,6,2,593,593,543,58,74,389,22,236,151,6,4,31,44,149,16,133,312,22,18,8,59,194,11,525,262,141,122,97,97,442,210,52,67,13,63,28,9,259,23,64,21,20,105,26,317,317,464,464,611,420,29,162,230,40,10,8,42,31,12,82,2,0,3
2021,"Havering 008","E02000471",3692,1,1,0,0,0,0,0,0,0,0,149,14,4,0,1,4,2,1,1,17,1,4,13,6,6,3,7,7,5,3,18,7,8,11,6,14,14,19,10,2,6,1,520,520,443,62,79,296,6,251,154,16,8,35,38,111,6,105,157,9,13,4,35,90,6,334,157,97,80,63,63,268,150,22,36,5,34,14,7,191,12,42,13,23,78,23,226,226,368,368,408,275,22,111,169,20,7,9,37,26,1,64,3,0,2
2021,"Havering 009","E02000472",4531,3,3,0,0,1,0,1,0,0,0,197,17,4,0,2,5,1,1,1,26,0,8,11,9,6,3,16,8,3,8,23,2,12,19,12,13,13,31,13,4,14,0,687,687,569,78,87,393,11,254,148,10,8,42,46,190,14,176,168,17,14,8,29,93,7,264,122,74,68,80,80,258,157,20,37,7,20,10,7,256,11,49,11,41,113,31,300,300,479,479,570,378,32,160,211,20,18,13,43,30,7,77,2,0,1
2021,"Havering 010","E02000473",5247,6,5,0,1,5,0,4,0,1,0,240,14,5,3,6,6,2,4,0,22,2,5,18,14,7,5,20,6,5,14,46,6,6,21,3,24,24,25,9,2,14,0,609,609,605,66,105,418,16,267,165,8,3,33,58,160,19,141,270,17,15,13,54,165,6,540,241,174,125,91,91,437,224,58,66,10,52,20,7,249,15,68,18,26,97,25,335,335,549,549,606,408,33,165,229,39,4,10,48,36,0,90,2,0,0
2021,"Havering 011","E02000474",4345,0,0,0,0,2,0,0,0,2,0,145,16,0,0,3,3,0,1,4,17,0,3,8,10,0,6,9,8,3,3,23,1,1,22,4,12,12,30,10,5,14,1,659,659,536,58,97,369,12,280,172,11,2,31,64,182,21,161,168,10,8,14,46,84,6,243,126,69,48,84,84,255,146,33,30,7,23,12,4,228,12,31,17,31,111,26,260,260,442,442,666,429,40,197,153,22,7,12,30,19,6,55,1,0,1
2021,"Havering 012","E02000475",4694,3,2,0,1,7,0,4,0,3,0,172,9,0,1,3,10,6,1,0,15,0,1,14,14,7,4,7,10,3,20,21,1,2,17,6,28,28,26,5,5,15,1,548,548,497,39,90,346,22,220,138,15,3,22,42,139,17,122,242,13,16,12,37,159,5,621,289,176,156,96,96,420,203,54,71,10,56,22,4,235,11,67,10,39,81,27,245,245,423,423,583,427,48,108,189,40,2,4,34,33,5,69,2,0,0
2021,"Havering 013","E02000476",4744,1,0,1,0,4,0,3,0,1,0,127,11,1,0,4,6,1,1,0,13,0,1,10,7,1,4,12,8,1,4,21,1,4,13,3,13,13,23,11,0,11,1,594,594,550,47,88,408,7,275,150,6,3,47,69,227,34,193,256,24,18,16,33,161,4,339,174,82,83,80,80,315,151,35,34,11,52,21,11,280,6,40,26,48,130,30,258,258,432,432,736,481,64,191,234,46,11,16,43,45,6,64,1,0,2
2021,"Havering 014","E02000477",4804,8,7,1,0,2,0,2,0,0,0,185,12,1,0,5,9,0,5,2,16,0,5,14,6,5,8,8,9,4,10,31,3,8,20,4,15,15,21,10,6,5,0,605,605,519,53,79,370,17,255,170,6,4,36,39,111,11,100,247,16,14,13,54,141,9,558,275,155,128,96,96,422,214,56,50,7,59,28,8,221,8,48,13,39,90,23,272,272,502,502,563,419,27,117,202,32,11,6,53,34,2,63,1,0,0
2021,"Havering 015","E02000478",2737,5,4,0,1,1,0,0,0,1,0,104,1,3,0,2,7,0,0,0,6,0,7,14,4,5,5,8,3,4,4,19,0,5,2,5,12,12,10,5,0,5,0,332,332,335,37,66,222,10,103,58,9,0,16,20,83,5,78,112,3,7,11,19,69,3,300,121,92,87,95,95,246,144,24,43,9,15,8,3,151,9,43,11,13,47,28,113,113,203,203,424,332,30,62,108,13,4,2,29,15,3,40,1,0,1
2021,"Havering 016","E02000479",4808,2,2,0,0,0,0,0,0,0,0,169,9,3,0,5,8,3,5,3,11,0,5,12,4,6,2,10,15,2,13,15,3,13,16,6,16,16,15,1,2,11,1,641,641,611,46,104,437,24,251,159,8,5,32,47,205,23,182,200,23,18,11,24,115,9,345,161,94,90,95,95,359,150,31,54,13,68,29,14,303,16,43,16,48,155,25,281,281,460,460,664,402,74,188,191,37,11,14,37,27,4,57,2,0,2
2021,"Havering 017","E02000480",6644,5,4,1,0,4,0,2,0,2,0,175,18,2,0,5,13,1,0,1,14,0,6,19,4,0,4,7,6,3,11,21,2,12,23,3,22,22,33,9,3,20,1,839,839,818,74,115,615,14,415,269,7,6,49,84,309,46,263,296,10,28,7,55,182,14,323,150,97,76,109,109,373,175,49,48,11,56,24,10,391,21,69,13,66,176,46,351,351,520,520,1396,1059,86,251,265,37,13,19,56,34,5,93,4,0,4
2021,"Havering 018","E02000481",3834,8,6,1,1,2,0,2,0,0,0,175,15,0,0,2,3,1,0,1,16,1,9,7,8,6,4,17,13,5,5,31,3,3,13,12,25,25,24,9,2,10,3,442,442,439,45,66,315,13,196,124,11,0,38,23,118,6,112,158,14,11,4,28,97,4,418,181,144,93,62,62,298,153,32,51,4,40,11,7,195,10,42,20,22,86,15,248,248,486,486,376,217,31,128,164,24,6,6,39,28,3,56,1,0,1
2021,"Havering 019","E02000482",3024,7,7,0,0,4,0,3,0,0,1,99,3,1,0,2,3,0,0,2,17,0,0,8,5,1,1,7,1,4,2,24,1,1,12,4,14,14,23,5,6,11,1,323,323,255,29,31,186,9,123,83,6,3,12,19,58,4,54,156,11,14,9,23,96,3,534,226,185,123,58,58,319,165,35,34,8,44,28,5,129,7,36,9,17,43,17,178,178,355,355,294,203,17,74,95,14,5,5,25,22,2,22,0,0,0
2021,"Havering 020","E02000483",3860,0,0,0,0,0,0,0,0,0,0,132,8,2,0,5,2,0,1,0,18,0,2,6,2,4,3,12,9,4,2,21,3,5,14,9,11,11,25,9,4,10,2,531,531,445,39,69,311,26,228,156,6,3,29,34,131,6,125,189,22,16,8,48,89,6,362,153,129,80,65,65,270,128,35,38,7,46,10,6,202,9,40,6,49,79,19,242,242,397,397,445,274,31,140,185,33,7,5,44,23,3,66,1,0,3
2021,"Havering 021","E02000484",4293,2,2,0,0,1,0,1,0,0,0,173,12,2,0,4,6,0,1,1,15,1,7,10,5,1,1,22,14,2,12,22,2,11,13,9,17,17,21,8,1,11,1,533,533,526,60,100,345,21,263,155,14,6,37,51,126,14,112,180,8,14,6,47,97,8,354,169,109,76,70,70,301,162,29,40,7,33,21,9,201,6,54,12,35,74,20,319,319,449,449,567,394,33,140,190,24,7,9,54,29,6,60,1,0,0
2021,"Havering 022","E02000485",4266,4,3,0,1,3,0,3,0,0,0,160,20,1,0,3,7,0,0,3,14,1,8,9,7,3,9,12,7,3,5,24,2,4,11,7,12,12,13,4,4,5,0,546,546,428,51,67,296,14,225,146,17,4,27,31,137,7,130,216,20,25,11,31,121,8,523,219,172,132,57,57,400,207,52,54,9,48,23,7,206,13,52,21,28,73,19,263,263,416,416,485,295,34,156,172,28,8,15,41,22,2,55,1,0,0
2021,"Havering 023","E02000486",3585,3,3,0,0,3,0,2,0,1,0,122,7,2,1,2,0,0,0,3,12,0,3,12,6,1,1,11,6,4,7,22,1,3,11,7,16,16,37,15,3,18,1,491,491,389,37,59,281,12,253,173,14,0,28,38,106,20,86,118,9,14,6,33,49,7,324,152,91,81,71,71,265,144,31,38,6,31,11,4,199,9,39,13,27,86,25,274,274,377,377,412,262,27,123,125,19,9,7,26,13,4,46,0,0,1
2021,"Havering 024","E02000487",3628,5,3,1,1,3,0,1,0,2,0,133,8,3,1,4,5,1,2,1,16,0,7,5,8,2,0,8,3,3,8,18,2,1,21,6,22,22,25,6,4,13,2,422,422,323,34,55,221,13,148,87,9,2,26,24,71,5,66,182,13,17,4,36,109,3,636,254,188,194,64,64,352,183,47,66,4,30,18,4,153,12,46,7,21,55,12,208,208,417,417,315,207,23,85,149,27,0,7,46,24,1,44,0,0,0
2021,"Havering 025","E02000488",3760,3,2,0,1,1,0,1,0,0,0,170,16,3,0,1,8,0,0,0,22,2,7,10,3,5,1,17,8,4,6,29,3,6,16,3,16,16,20,6,2,11,1,482,482,396,42,63,284,7,243,160,15,5,22,41,89,11,78,182,14,10,7,43,107,1,344,149,104,91,55,55,318,179,34,45,7,34,16,3,178,12,46,14,28,55,23,270,270,406,406,431,279,15,137,156,24,7,8,47,18,1,50,0,0,1
2021,"Havering 026","E02000489",4125,1,1,0,0,0,0,0,0,0,0,127,10,2,1,1,6,0,0,0,9,0,6,9,2,3,4,6,4,0,8,32,0,5,8,11,15,15,32,10,4,16,2,562,562,505,55,91,347,12,315,216,5,4,38,52,133,12,121,162,6,14,2,35,101,4,287,140,90,57,72,72,275,134,35,36,11,27,19,13,202,10,31,14,27,100,20,301,301,419,419,558,356,32,170,159,18,9,25,19,37,4,45,2,0,0
2021,"Havering 027","E02000490",3998,5,3,0,2,0,0,0,0,0,0,157,13,1,0,1,5,0,0,1,14,2,17,7,9,4,5,11,4,0,7,32,1,7,11,5,16,16,53,10,16,21,6,566,566,517,47,105,347,18,328,204,15,2,54,53,151,15,136,148,5,10,5,36,89,3,280,119,85,76,59,59,219,126,11,43,6,18,8,7,217,15,44,8,30,99,21,253,253,381,381,521,324,47,150,127,13,6,8,32,22,4,42,0,0,0
2021,"Havering 028","E02000491",4882,5,5,0,0,1,0,1,0,0,0,194,29,4,0,6,12,1,3,2,14,4,5,12,4,6,2,16,4,3,7,32,2,4,16,6,14,14,31,10,7,12,2,633,633,767,83,139,527,18,361,226,8,4,54,69,201,15,186,168,7,9,7,26,110,9,250,129,78,43,75,75,289,161,43,30,10,22,18,5,258,10,30,17,52,128,21,270,270,499,499,709,441,63,205,157,19,4,17,32,22,1,59,2,0,1
2021,"Havering 029","E02000492",3206,10,7,3,0,4,0,3,0,1,0,122,11,1,0,2,3,0,0,1,9,0,2,2,2,6,0,20,4,3,7,17,0,9,14,9,16,16,34,8,7,19,0,491,491,413,55,83,262,13,220,116,15,5,48,36,107,11,96,112,7,9,4,24,67,1,237,110,88,39,59,59,213,119,19,30,3,26,11,5,156,6,17,9,22,91,11,202,202,324,324,371,237,19,115,115,14,3,7,21,13,1,56,0,0,0
2021,"Havering 030","E02000493",3111,4,4,0,0,0,0,0,0,0,0,121,16,2,1,2,4,0,2,2,14,1,1,6,0,2,2,14,10,6,8,11,2,1,11,3,11,11,21,2,1,16,2,429,429,504,53,65,376,10,274,153,14,1,45,61,127,16,111,105,8,7,3,24,60,3,161,74,51,36,51,51,175,98,13,25,3,21,11,4,198,12,25,10,36,96,19,155,155,255,255,389,248,42,99,131,16,5,16,24,17,3,47,1,0,2
2021,"Hillingdon 001","E02000494",3694,2,2,0,0,0,0,0,0,0,0,139,14,7,2,3,6,0,1,0,3,3,3,31,10,1,1,4,6,1,3,10,5,6,18,1,13,13,20,6,2,12,0,185,185,454,20,124,299,11,94,48,2,14,14,16,68,17,51,360,13,33,12,34,260,8,381,220,43,118,104,104,517,247,102,57,22,59,27,3,171,9,32,30,25,51,24,164,164,311,311,568,458,29,81,143,26,9,9,32,22,3,36,1,0,5
2021,"Hillingdon 002","E02000495",5077,2,1,1,0,9,0,8,1,0,0,146,16,6,0,7,6,0,1,0,7,0,1,34,5,1,0,6,10,4,3,3,9,4,22,1,16,16,20,3,2,14,1,464,464,651,49,128,452,22,218,113,5,18,34,48,228,40,188,372,21,29,28,39,246,9,322,188,47,87,86,86,474,198,75,61,32,70,32,6,352,12,43,28,18,225,26,231,231,507,507,713,477,70,166,266,47,17,12,46,51,8,65,15,0,5
2021,"Hillingdon 003","E02000496",3869,18,16,1,1,2,0,2,0,0,0,168,8,5,0,0,5,1,2,1,8,1,6,25,7,4,1,12,13,3,11,7,13,7,26,2,13,13,64,16,10,37,1,439,439,464,65,107,277,15,242,119,3,35,47,38,117,19,98,226,11,43,19,27,121,5,89,47,12,30,66,66,233,70,32,47,12,37,22,13,223,17,28,14,25,120,19,180,180,393,393,709,521,68,120,223,28,15,8,56,24,12,80,0,0,0
2021,"Hillingdon 004","E02000497",4586,4,3,0,1,2,0,1,0,1,0,150,13,3,2,1,8,0,0,0,8,0,4,32,5,9,2,7,12,0,4,9,3,4,23,1,23,23,18,5,1,12,0,438,438,531,39,101,375,16,194,93,5,21,35,40,133,21,112,383,12,40,22,50,249,10,332,195,40,97,98,98,469,171,65,80,33,88,24,8,221,17,36,31,25,93,19,233,233,548,548,589,393,40,156,220,35,12,14,42,31,8,70,1,0,7
2021,"Hillingdon 005","E02000498",2982,1,1,0,0,4,0,3,0,0,1,141,9,4,2,0,4,0,0,0,13,1,6,30,4,3,1,7,8,1,6,4,7,9,18,4,15,15,17,3,2,12,0,329,329,354,39,46,256,13,175,82,0,35,34,24,81,7,74,243,11,35,32,27,136,2,148,84,22,42,64,64,224,92,25,36,18,40,9,4,149,10,18,17,18,68,18,156,156,373,373,358,234,20,104,150,34,7,7,30,21,1,48,1,0,1
2021,"Hillingdon 006","E02000499",3720,5,5,0,0,5,0,4,1,0,0,173,20,7,1,1,5,2,0,1,19,0,3,37,5,2,0,5,9,7,6,8,2,2,25,6,13,13,15,2,4,8,1,320,320,463,43,74,332,14,206,115,1,21,37,32,114,14,100,346,20,37,27,48,204,10,280,172,33,75,62,62,347,134,46,50,25,59,24,9,127,13,18,16,21,39,20,220,220,417,417,440,321,25,94,167,37,16,9,23,20,2,59,1,0,0
2021,"Hillingdon 007","E02000500",4069,7,7,0,0,9,0,6,2,1,0,161,14,8,0,2,7,0,1,0,11,3,3,31,6,4,1,11,12,2,2,7,7,7,18,4,13,13,22,7,2,13,0,348,348,470,47,95,307,21,189,106,3,25,38,17,133,26,107,383,16,47,47,56,212,5,283,149,32,102,102,102,379,143,51,52,34,74,21,4,176,14,38,18,21,59,26,205,205,474,474,487,340,28,119,228,47,13,15,48,45,5,53,1,0,1
2021,"Hillingdon 008","E02000501",4313,2,2,0,0,3,0,3,0,0,0,207,26,8,0,0,9,0,0,0,15,0,8,44,10,1,3,5,18,5,4,7,9,7,22,6,17,17,26,5,3,16,2,401,401,498,51,92,344,11,266,142,5,36,35,48,137,23,114,390,20,39,31,41,250,9,244,151,26,67,68,68,342,126,62,47,22,51,25,9,176,9,32,18,26,60,31,269,269,549,549,507,348,28,131,211,45,22,15,36,25,7,60,0,0,1
2021,"Hillingdon 009","E02000502",4600,2,2,0,0,8,0,7,1,0,0,170,24,5,1,0,5,0,0,0,8,1,7,37,4,3,1,10,9,3,2,7,4,7,27,5,15,15,29,10,4,15,0,476,476,548,49,93,391,15,276,146,0,32,36,62,163,20,143,385,24,47,38,41,222,13,263,160,30,73,65,65,361,134,52,47,35,60,25,8,223,13,24,26,31,82,47,363,363,516,516,488,348,25,115,249,47,17,21,43,33,2,84,1,0,1
2021,"Hillingdon 010","E02000503",4622,5,5,0,0,3,0,3,0,0,0,210,32,7,3,2,6,0,2,1,17,2,2,25,5,8,2,9,17,6,10,5,7,7,25,10,23,23,31,11,1,19,0,519,519,549,62,91,375,21,293,160,1,34,45,53,123,16,107,370,13,66,47,47,192,5,217,132,30,55,92,92,337,121,47,56,27,50,28,8,197,12,31,19,37,63,35,343,343,597,597,519,337,30,152,194,41,15,9,35,21,5,64,0,0,4
2021,"Hillingdon 011","E02000504",3775,3,3,0,0,5,0,4,0,1,0,209,11,11,0,3,2,2,0,0,9,0,4,46,10,1,0,14,22,7,7,12,10,8,29,1,12,12,20,7,4,9,0,389,389,409,43,80,269,17,199,90,5,40,35,29,110,13,97,338,13,41,28,50,199,7,183,97,31,55,65,65,321,113,62,54,21,48,21,2,146,7,27,18,22,52,20,288,288,459,459,433,325,27,81,186,38,20,11,31,25,5,53,2,0,1
2021,"Hillingdon 013","E02000506",3890,2,2,0,0,9,0,8,0,0,1,187,14,8,9,2,1,0,1,1,7,1,4,34,5,8,1,10,18,2,2,15,11,2,29,2,18,18,28,6,2,20,0,373,373,513,48,102,344,19,207,82,2,31,51,41,114,20,94,322,13,30,38,37,194,10,232,147,25,60,96,96,349,133,64,47,26,45,29,5,191,28,28,10,22,74,29,219,219,374,374,470,339,29,102,186,35,8,11,37,40,0,54,1,0,0
2021,"Hillingdon 014","E02000507",4016,3,3,0,0,5,0,5,0,0,0,198,20,8,1,0,4,0,0,0,15,0,5,39,7,5,1,7,13,4,8,15,9,7,20,10,23,23,23,7,6,10,0,462,462,533,73,118,325,17,338,142,4,56,69,67,135,19,116,276,14,34,17,35,172,4,133,64,24,45,57,57,252,67,45,49,23,40,23,5,232,34,31,15,39,91,22,229,229,443,443,501,323,54,124,173,26,18,10,34,14,8,56,5,0,2
2021,"Hillingdon 015","E02000508",5550,9,9,0,0,10,0,9,0,1,0,295,40,11,0,1,4,1,2,0,9,0,4,70,4,1,2,20,15,5,6,19,8,17,48,8,19,19,26,11,3,12,0,417,417,724,42,128,536,18,383,162,10,56,87,68,285,40,245,530,18,64,39,60,341,8,189,96,28,65,86,86,374,121,47,52,42,68,38,6,272,19,43,32,50,82,46,327,327,620,620,740,534,48,158,244,57,24,10,39,21,6,78,0,0,9
2021,"Hillingdon 016","E02000509",4297,2,2,0,0,2,0,2,0,0,0,205,18,8,0,2,2,0,1,0,9,2,3,45,3,8,0,15,16,1,8,14,14,5,29,2,8,8,9,2,2,5,0,437,437,615,39,114,452,10,361,154,4,43,104,56,268,30,238,307,13,53,23,41,171,6,108,56,20,32,69,69,256,89,29,27,29,54,21,7,266,18,38,21,53,100,36,149,149,498,498,536,366,38,132,201,47,18,11,35,33,9,44,1,0,3
2021,"Hillingdon 017","E02000510",4388,2,2,0,0,0,0,0,0,0,0,199,20,4,3,5,7,1,1,0,10,1,6,29,9,1,2,15,18,0,8,22,13,2,17,5,15,15,16,2,3,11,0,405,405,574,78,109,371,16,365,156,3,68,86,52,157,23,134,304,17,27,16,44,190,10,119,64,25,30,63,63,241,104,31,29,19,32,19,7,266,26,33,27,41,102,37,217,217,463,463,815,639,45,131,167,29,14,5,32,16,1,61,3,0,6
2021,"Hillingdon 018","E02000511",4694,3,3,0,0,3,0,3,0,0,0,267,57,6,0,2,3,3,0,0,9,2,2,31,17,4,3,14,26,1,3,14,13,9,42,6,12,12,15,4,0,11,0,547,547,824,83,171,554,16,539,229,6,79,120,105,201,32,169,217,5,24,15,41,128,4,120,70,18,32,77,77,234,94,31,33,15,34,17,10,276,22,36,21,68,84,45,207,207,460,460,535,351,48,136,157,22,7,7,27,22,4,64,1,0,3
2021,"Hillingdon 019","E02000512",3913,6,5,1,0,4,0,4,0,0,0,187,30,9,1,5,2,0,2,0,9,1,2,20,4,1,4,14,15,2,6,14,7,8,23,8,14,14,25,5,5,15,0,449,449,592,64,101,415,12,390,176,3,63,92,56,178,23,155,202,7,25,16,32,116,6,99,54,13,32,25,25,214,84,34,33,13,25,21,4,252,21,29,9,43,107,43,158,158,378,378,589,389,58,142,151,18,7,11,28,11,4,68,2,0,2
2021,"Hillingdon 020","E02000513",3983,0,0,0,0,2,0,1,0,0,1,200,47,0,0,7,3,0,2,0,7,0,3,25,7,2,6,13,10,3,5,12,12,10,22,4,10,10,18,4,3,8,3,423,423,733,61,147,512,13,479,224,6,55,104,90,237,28,209,146,4,15,11,23,90,3,72,52,3,17,36,36,143,69,14,17,6,22,10,5,312,18,31,18,74,129,42,161,161,313,313,584,354,68,162,114,11,6,18,12,8,16,37,2,0,4
2021,"Hillingdon 021","E02000514",4569,1,1,0,0,5,1,3,0,1,0,223,67,2,0,3,2,0,1,1,4,1,6,23,14,8,4,8,6,2,6,11,12,6,32,4,8,8,11,3,1,7,0,471,471,995,69,179,728,19,521,233,3,69,111,105,258,24,234,186,3,21,15,34,107,6,87,54,11,22,49,49,220,100,14,36,17,32,18,3,360,17,42,33,72,139,57,182,182,317,317,555,359,85,111,120,18,9,11,14,4,16,43,1,0,4
2021,"Hillingdon 022","E02000515",6361,4,4,0,0,4,0,2,0,1,1,303,39,15,0,7,8,1,0,0,11,0,12,43,8,7,3,24,14,6,8,24,12,11,42,8,28,28,63,7,13,43,0,672,672,854,93,161,573,27,650,266,13,100,160,111,374,73,301,469,12,45,33,52,322,5,147,81,26,40,76,76,315,113,45,46,24,44,33,10,407,35,61,29,90,152,40,243,243,654,654,846,576,88,182,252,48,17,23,50,23,11,77,0,0,3
2021,"Hillingdon 023","E02000516",3826,0,0,0,0,0,0,0,0,0,0,233,87,6,0,3,4,0,1,0,4,0,4,19,9,7,3,10,14,4,1,9,13,13,20,2,8,8,15,3,0,12,0,422,422,719,40,123,535,21,454,180,3,81,82,108,211,27,184,194,3,22,9,39,116,5,63,37,9,17,43,43,157,68,15,23,18,25,8,0,302,24,29,23,72,111,43,157,157,298,298,435,279,40,116,115,20,5,8,17,13,6,41,5,0,0
2021,"Hillingdon 024","E02000517",4499,1,1,0,0,3,0,3,0,0,0,228,45,6,0,4,5,0,0,0,5,1,9,23,15,5,2,12,11,0,18,17,12,11,25,2,13,13,12,4,3,5,0,454,454,826,73,135,599,19,538,207,4,79,135,113,231,46,185,246,8,27,13,30,162,6,104,57,17,30,58,58,170,80,28,25,9,16,11,1,301,26,28,29,70,106,42,201,201,351,351,637,399,71,167,125,18,12,10,18,14,1,47,4,0,1
2021,"Hillingdon 025","E02000518",4225,10,9,0,1,2,0,2,0,0,0,203,34,3,0,5,1,0,0,1,8,1,5,26,10,5,6,10,14,6,3,13,9,7,29,7,20,20,54,19,15,20,0,489,489,543,66,106,361,10,464,193,2,70,118,81,232,33,199,215,2,25,15,22,144,7,69,34,10,25,58,58,198,71,24,31,14,37,16,5,266,28,31,19,43,125,20,164,164,456,456,661,411,86,164,121,17,8,10,22,11,2,50,0,0,1
2021,"Hillingdon 026","E02000519",3906,3,2,0,1,4,0,4,0,0,0,191,49,4,0,1,8,2,1,0,7,1,10,15,17,4,1,8,7,3,5,17,7,3,19,2,5,5,12,3,0,8,1,347,347,742,50,138,540,14,496,204,1,75,121,95,245,33,212,177,6,18,14,25,111,3,73,46,8,19,45,45,168,84,18,19,8,25,13,1,306,16,22,14,91,122,41,177,177,291,291,516,328,57,131,108,11,11,10,14,20,4,35,0,0,3
2021,"Hillingdon 027","E02000520",6145,5,5,0,0,4,1,3,0,0,0,299,71,6,0,4,6,0,2,0,11,2,8,35,18,12,6,12,15,2,7,14,21,10,29,8,16,16,13,8,1,4,0,558,558,1118,72,225,805,16,848,330,10,105,227,176,409,77,332,333,10,27,15,34,241,6,150,97,24,29,57,57,315,116,37,35,17,77,28,5,520,44,34,36,146,192,68,220,220,371,371,732,470,96,166,177,22,10,14,30,15,8,72,3,0,3
2021,"Hillingdon 028","E02000521",6109,6,6,0,0,4,0,4,0,0,0,287,49,1,0,3,9,0,1,0,16,1,4,53,8,7,2,17,19,3,10,19,15,13,33,4,16,16,44,5,12,27,0,565,565,927,87,145,676,19,725,295,5,117,181,127,340,69,271,586,12,39,27,65,429,14,177,102,31,44,68,68,288,89,53,50,23,48,23,2,418,43,39,52,81,143,60,246,246,487,487,746,480,67,199,179,26,12,12,32,17,7,70,2,0,1
2021,"Hillingdon 029","E02000522",4433,0,0,0,0,6,1,3,0,2,0,217,20,2,0,3,4,1,2,0,15,1,5,41,7,2,2,9,16,12,9,9,11,5,33,8,16,16,31,6,5,20,0,436,436,654,64,127,452,11,537,205,7,96,151,78,282,66,216,327,12,38,21,36,212,8,103,53,9,41,50,50,231,64,48,35,24,34,22,4,298,24,28,19,63,130,34,156,156,385,385,531,319,73,139,173,20,19,12,32,23,6,57,2,1,1
2021,"Hillingdon 030","E02000523",5397,4,4,0,0,4,0,4,0,0,0,242,50,4,1,3,8,1,2,2,6,0,6,27,14,4,4,10,18,2,3,10,11,12,38,6,17,17,18,3,2,13,0,496,496,919,70,178,661,10,732,237,7,141,179,168,394,69,325,414,9,23,20,45,298,19,131,75,20,36,29,29,239,92,34,30,22,40,17,4,425,20,29,40,110,154,72,242,242,392,392,535,353,53,129,164,26,7,14,24,14,7,69,3,0,0
2021,"Hillingdon 031","E02000524",3766,2,2,0,0,0,0,0,0,0,0,162,27,2,2,6,3,0,0,0,8,0,4,24,8,3,1,13,8,1,4,16,8,3,19,2,12,12,20,3,4,13,0,363,363,473,55,92,316,10,639,182,7,123,208,119,379,111,268,210,5,19,14,16,151,5,80,39,20,21,51,51,141,56,13,24,9,22,11,6,379,30,34,36,61,160,58,140,140,215,215,372,235,31,106,128,19,6,8,16,12,8,55,3,0,1
2021,"Hillingdon 032","E02000525",4563,5,4,0,1,4,0,3,0,1,0,207,61,6,0,2,8,2,0,1,4,0,10,22,6,3,4,15,8,0,6,14,3,7,24,1,6,6,13,2,1,10,0,387,387,776,45,148,569,14,761,230,3,145,242,141,498,114,384,162,3,11,9,15,120,4,81,46,14,21,45,45,153,64,17,25,4,26,13,4,476,25,27,28,112,207,77,163,163,261,261,480,296,58,126,85,9,5,5,14,5,1,45,0,0,1
2021,"Hillingdon 033","E02006796",4972,3,3,0,0,6,0,6,0,0,0,242,29,7,1,5,16,1,1,1,14,0,5,49,6,5,5,14,10,6,10,7,6,3,35,6,19,19,20,2,4,14,0,563,563,673,66,142,451,14,340,174,2,33,57,74,173,37,136,353,7,45,36,57,200,8,214,122,30,62,90,90,354,142,56,51,35,39,23,8,267,18,35,27,44,103,40,412,412,508,508,539,362,38,139,196,29,7,17,36,41,7,54,1,0,4
2021,"Hounslow 001","E02000526",4693,4,4,0,0,16,0,13,2,0,1,218,23,22,4,0,17,0,1,2,5,0,8,55,0,1,1,3,22,3,1,10,4,4,32,0,22,22,12,5,1,6,0,177,177,484,14,74,377,19,141,62,6,30,27,16,216,39,177,565,48,109,56,46,288,18,396,190,48,158,140,140,726,209,174,76,35,161,68,3,213,7,45,44,27,51,39,147,147,427,427,419,289,31,99,370,181,26,15,47,27,1,59,5,0,9
2021,"Hounslow 004","E02000529",4204,2,2,0,0,3,0,3,0,0,0,158,40,3,0,8,2,2,0,0,1,0,7,20,4,3,2,3,10,2,8,7,6,11,17,2,8,8,16,9,0,7,0,293,293,901,53,177,656,15,507,194,3,89,118,103,287,56,231,275,3,10,13,42,204,3,133,65,31,37,72,72,176,71,25,17,22,21,18,2,337,15,38,25,89,121,49,161,161,302,302,431,269,43,119,142,24,7,11,19,21,4,47,1,0,8
2021,"Hounslow 005","E02000530",3245,1,1,0,0,4,0,3,0,1,0,104,28,6,1,2,6,0,0,0,0,0,4,13,7,1,0,5,6,2,3,0,1,3,11,5,5,5,10,1,0,9,0,240,240,673,42,133,491,7,526,202,0,70,134,120,257,41,216,131,3,13,13,13,89,0,54,35,9,10,49,49,122,60,16,13,10,17,6,0,259,13,22,23,49,111,41,112,112,235,235,385,219,44,122,78,11,6,2,22,6,3,26,2,0,0
2021,"Hounslow 006","E02000531",6088,4,4,0,0,23,1,19,0,1,2,258,24,15,2,3,12,0,0,0,5,2,6,72,5,2,4,10,15,4,13,10,8,5,37,4,25,25,33,17,1,14,1,443,443,662,44,119,481,18,382,171,7,73,67,64,360,42,318,685,43,142,106,59,313,22,208,111,39,58,103,103,528,124,85,86,52,134,43,4,361,21,51,49,31,156,53,228,228,642,642,692,439,39,214,451,171,35,11,84,45,3,79,12,0,11
2021,"Hounslow 007","E02000532",4440,0,0,0,0,2,0,1,0,0,1,182,17,18,3,2,8,1,0,1,7,2,4,61,2,4,2,4,14,2,3,8,0,0,17,2,12,12,11,2,0,8,1,231,231,440,19,83,315,23,164,83,6,26,19,30,206,33,173,553,34,97,69,48,291,14,321,152,41,128,126,126,600,135,149,91,35,124,64,2,208,13,39,29,28,71,28,161,161,453,453,446,288,21,137,324,143,20,7,57,32,1,48,4,0,12
2021,"Hounslow 008","E02000533",4350,4,3,0,1,16,0,13,0,1,2,179,19,12,3,2,10,1,0,2,3,3,10,44,1,2,1,8,12,3,1,9,3,3,25,2,19,19,12,5,2,5,0,217,217,466,19,79,347,21,144,60,5,32,32,15,172,18,154,549,46,99,88,42,251,23,259,123,41,95,100,100,600,153,129,90,40,122,64,2,191,8,32,20,16,77,38,142,142,451,451,468,314,23,131,361,162,26,14,51,36,1,53,6,0,12
2021,"Hounslow 009","E02000534",4412,3,3,0,0,5,0,5,0,0,0,151,19,3,0,0,8,4,0,0,5,1,1,42,0,3,1,3,14,1,3,9,9,8,12,5,14,14,8,0,0,8,0,362,362,498,42,89,354,13,302,119,8,53,57,65,237,42,195,504,15,42,73,70,295,9,188,112,26,50,101,101,381,113,95,47,18,71,31,6,263,10,27,28,30,134,34,210,210,406,406,531,393,25,113,248,67,23,14,39,28,9,52,7,0,9
2021,"Hounslow 010","E02000535",4501,2,2,0,0,3,0,2,0,0,1,201,42,4,0,1,4,0,3,0,8,0,4,28,7,1,0,9,8,0,1,5,9,6,60,1,7,7,7,2,1,4,0,369,369,825,42,117,642,24,635,190,3,120,182,140,338,61,277,270,8,9,21,36,189,7,140,73,27,40,63,63,235,120,33,21,12,30,19,0,368,24,25,28,98,141,52,189,189,278,278,429,295,39,95,142,22,7,11,21,14,4,52,4,0,7
2021,"Hounslow 011","E02000536",4914,3,3,0,0,1,0,1,0,0,0,185,46,0,0,2,15,2,0,0,4,1,5,19,6,2,1,8,11,2,3,11,3,16,22,6,15,15,15,9,0,6,0,401,401,847,50,135,652,10,543,187,0,95,145,116,355,80,275,367,13,13,31,33,266,11,182,98,27,57,80,80,262,108,47,32,14,34,23,4,427,9,55,32,84,178,69,220,220,332,332,498,314,42,142,181,24,20,15,34,16,12,48,6,0,6
2021,"Hounslow 012","E02000537",5011,4,4,0,0,4,1,2,1,0,0,154,27,1,1,0,10,0,0,0,10,0,1,32,7,3,5,5,10,1,5,7,4,6,15,4,8,8,11,3,0,8,0,487,487,727,36,122,551,18,497,158,7,84,117,131,350,70,280,458,16,14,41,48,333,6,221,120,26,75,91,91,336,130,56,48,33,47,20,2,413,17,29,23,90,219,35,188,188,317,317,513,360,52,101,232,52,16,29,23,26,5,56,10,0,15
2021,"Hounslow 013","E02000538",4715,1,1,0,0,0,0,0,0,0,0,185,56,3,4,1,6,0,1,0,4,3,3,17,8,3,3,6,6,4,5,7,7,7,21,10,11,11,19,3,1,14,1,328,328,729,54,140,522,13,811,204,4,140,292,171,569,124,445,187,7,11,23,23,118,5,111,57,22,32,52,52,161,71,19,30,7,25,7,2,516,12,41,22,132,210,99,254,254,239,239,428,273,51,104,114,13,5,16,13,7,5,46,7,0,2
2021,"Hounslow 014","E02000539",6263,3,1,1,1,14,0,11,0,1,2,218,22,13,1,3,13,0,0,0,15,1,11,44,1,5,1,14,10,1,8,25,4,6,16,4,17,17,20,9,1,10,0,459,459,711,51,127,512,21,433,194,8,83,79,69,375,53,322,723,38,98,94,49,428,16,211,118,36,57,110,110,459,106,73,80,44,110,45,1,357,13,39,49,48,157,51,269,269,669,669,872,583,60,229,343,97,40,10,51,46,12,69,9,0,9
2021,"Hounslow 015","E02000540",5975,4,4,0,0,13,0,12,1,0,0,189,42,6,1,1,9,0,1,1,6,1,3,31,1,1,1,7,6,3,11,11,6,11,21,8,8,8,8,1,2,5,0,524,524,813,40,125,636,12,494,181,2,71,126,114,522,93,429,620,17,46,71,68,411,7,184,113,39,32,84,84,373,107,60,60,28,84,30,4,463,6,35,37,79,254,52,210,210,484,484,696,437,74,185,286,62,17,22,52,24,6,88,9,0,6
2021,"Hounslow 016","E02000541",4789,6,5,0,1,1,0,1,0,0,0,172,45,2,0,0,3,0,1,1,6,2,3,21,11,1,1,4,5,0,8,19,6,5,25,3,13,13,17,1,0,11,5,386,386,738,51,132,533,22,756,219,6,109,245,177,518,110,408,267,6,22,16,19,200,4,132,78,19,35,62,62,176,49,25,29,15,42,14,2,495,15,33,18,107,222,100,170,170,266,266,473,317,56,100,141,24,4,22,19,8,8,48,4,0,4
2021,"Hounslow 017","E02000542",5554,3,3,0,0,5,0,5,0,0,0,204,54,1,0,3,8,1,2,0,8,1,1,28,8,4,0,7,11,4,4,11,11,6,21,10,7,7,10,1,0,9,0,412,412,895,48,160,677,10,691,220,5,104,223,139,566,143,423,450,9,8,17,35,373,8,156,75,31,50,63,63,229,85,30,41,12,31,28,2,517,20,37,36,108,209,107,202,202,351,351,602,396,94,112,191,31,6,31,24,22,8,54,9,0,6
2021,"Hounslow 018","E02000543",6884,3,3,0,0,8,0,6,0,2,0,249,56,2,0,1,12,0,2,1,7,0,4,41,16,0,1,11,18,3,12,10,5,13,25,9,8,8,9,2,1,6,0,604,604,952,59,154,724,15,657,229,7,95,169,157,634,121,513,817,16,32,31,52,675,11,228,144,45,39,116,116,311,99,59,43,21,61,23,5,599,13,46,39,114,292,95,235,235,462,462,737,488,87,162,255,45,23,24,27,26,6,88,8,0,8
2021,"Hounslow 019","E02000544",4309,2,2,0,0,4,0,4,0,0,0,127,19,2,0,1,4,0,0,0,7,2,1,23,3,3,3,7,5,1,3,11,4,7,16,5,18,18,13,7,1,5,0,484,484,574,53,82,428,11,423,167,2,72,83,99,236,43,193,371,24,20,30,39,250,8,158,86,27,45,70,70,263,73,49,45,24,54,18,0,315,11,17,22,48,182,35,217,217,450,450,406,255,34,117,178,25,20,10,37,23,4,46,8,0,5
2021,"Hounslow 020","E02000545",4274,0,0,0,0,9,0,9,0,0,0,147,16,2,2,0,14,0,0,2,4,0,5,15,3,3,1,9,9,1,4,13,5,7,27,5,15,15,16,5,4,7,0,294,294,555,47,80,410,18,325,166,0,40,71,48,238,41,197,406,22,71,64,46,195,8,136,73,28,35,75,75,367,88,47,65,31,89,46,1,255,10,28,22,36,115,44,170,170,435,435,569,334,44,191,262,58,25,12,67,31,1,63,1,0,4
2021,"Hounslow 021","E02000546",4810,4,4,0,0,6,0,6,0,0,0,155,30,1,1,1,4,0,0,0,1,1,5,18,6,0,6,7,5,2,12,11,4,7,29,4,5,5,12,4,0,8,0,431,431,764,44,148,555,17,570,205,2,80,138,145,359,68,291,320,8,12,15,35,242,8,143,91,32,20,54,54,252,107,44,43,17,26,15,0,419,16,28,17,93,188,77,285,285,346,346,491,283,74,134,194,34,10,12,16,26,18,67,6,0,5
2021,"Hounslow 022","E02000547",5083,2,2,0,0,6,0,6,0,0,0,184,32,4,0,6,8,1,2,1,3,1,4,17,16,3,0,14,9,0,5,11,6,5,19,17,12,12,15,3,1,11,0,425,425,790,52,153,574,11,756,219,2,136,268,131,382,54,328,286,14,20,14,23,199,16,105,52,27,26,47,47,187,57,20,31,26,27,15,11,488,8,38,25,159,208,50,272,272,349,349,609,338,89,182,168,32,9,12,31,15,0,63,5,0,1
2021,"Hounslow 023","E02000548",4924,7,5,1,1,0,0,0,0,0,0,178,34,1,0,1,6,3,0,0,4,0,3,22,6,2,4,8,5,0,7,14,11,9,28,10,18,18,24,2,3,19,0,461,461,773,67,150,537,19,812,240,4,128,288,152,325,66,259,192,8,14,18,27,124,1,103,47,31,25,59,59,184,54,33,28,10,37,16,6,451,26,26,21,129,192,57,196,196,361,361,568,308,62,198,212,34,10,20,54,7,7,72,6,0,2
2021,"Hounslow 024","E02000549",6137,2,2,0,0,9,0,9,0,0,0,229,37,6,1,6,5,1,0,1,4,0,2,27,14,1,2,17,14,4,19,17,10,6,25,10,17,17,26,10,0,16,0,615,615,957,80,198,661,18,801,250,7,128,226,190,466,66,400,349,11,14,24,49,244,7,172,95,39,38,88,88,245,79,45,44,24,29,19,5,535,21,37,30,134,256,57,257,257,459,459,678,399,92,187,232,29,8,14,49,25,9,87,9,0,2
2021,"Hounslow 025","E02000550",5204,3,3,0,0,17,0,16,0,0,1,187,28,8,1,5,3,1,1,0,4,2,2,17,11,1,4,15,11,6,3,22,7,4,22,9,20,20,22,3,2,17,0,454,454,773,71,145,538,19,681,237,6,91,208,139,370,51,319,543,12,16,19,38,448,10,152,89,28,35,52,52,182,62,35,29,11,23,19,3,433,19,36,27,82,217,52,203,203,362,362,570,324,82,164,180,21,15,18,30,13,2,76,3,0,2
2021,"Hounslow 026","E02000551",4316,6,5,0,1,3,0,3,0,0,0,169,21,3,0,1,10,0,2,0,5,1,1,16,7,0,5,27,6,3,5,17,9,7,19,4,16,16,22,7,1,12,2,487,487,788,73,129,572,14,521,210,3,66,143,99,287,29,258,178,3,22,21,18,108,6,74,42,15,17,55,55,142,49,16,20,9,22,21,5,344,28,19,13,42,211,31,164,164,347,347,525,274,73,178,188,28,6,8,40,14,2,78,9,0,3
2021,"Hounslow 027","E02000552",4606,2,2,0,0,10,0,10,0,0,0,188,22,7,4,1,4,0,0,1,8,1,7,10,6,5,1,11,26,2,10,14,11,8,20,9,19,19,22,4,3,15,0,460,460,697,84,147,449,17,636,222,9,87,180,138,257,39,218,312,5,22,25,39,212,9,118,65,31,22,48,48,188,63,25,34,15,26,19,6,380,16,36,37,79,176,36,237,237,372,372,497,285,57,155,163,22,12,11,43,11,1,58,4,0,1
2021,"Hounslow 028","E02000553",3297,0,0,0,0,5,0,4,0,0,1,118,4,2,0,0,4,0,3,0,5,2,0,17,8,2,1,16,5,3,12,5,4,9,15,1,17,17,27,10,3,14,0,356,356,504,68,85,341,10,396,157,3,58,98,80,169,20,149,177,6,14,22,21,111,3,77,45,20,12,48,48,159,46,19,39,12,33,9,1,253,20,24,9,35,140,25,127,127,309,309,380,188,35,157,175,29,14,8,48,22,1,48,3,0,2
2021,"Hounslow 029","E02006792",4901,4,4,0,0,16,0,15,0,1,0,251,26,17,10,1,17,2,0,0,7,5,15,56,0,2,3,2,20,3,4,12,7,8,30,4,20,20,26,10,2,13,1,221,221,494,16,87,376,15,154,61,7,33,27,26,285,47,238,677,39,127,74,50,371,16,329,177,38,114,131,131,662,167,152,81,44,156,58,4,234,8,43,34,27,72,50,162,162,416,416,448,319,12,117,371,170,27,19,42,45,1,51,7,0,9
2021,"Hounslow 030","E02006972",2639,4,3,0,1,15,1,12,1,1,0,127,11,5,7,1,4,0,1,0,2,0,3,36,2,0,0,5,7,0,5,5,3,5,20,5,16,16,10,4,1,3,2,180,180,313,26,70,203,14,151,76,1,15,29,30,127,22,105,323,15,53,55,20,169,11,121,65,21,35,66,66,263,59,44,40,21,71,25,3,152,11,13,17,25,65,21,68,68,243,243,295,191,18,86,165,58,8,8,28,15,10,29,7,0,2
2021,"Hounslow 031","E02006973",4273,0,0,0,0,9,0,9,0,0,0,167,23,6,2,1,1,1,2,0,6,0,2,46,1,1,2,8,9,0,2,10,6,7,26,5,18,18,11,2,1,8,0,280,280,545,48,98,381,18,274,146,5,38,42,43,278,46,232,473,35,70,77,34,242,15,158,81,34,43,83,83,399,98,54,67,30,100,45,5,227,4,33,30,29,104,27,145,145,434,434,517,319,41,157,255,78,19,15,44,29,2,52,7,0,9
2021,"Islington 001","E02000554",4536,0,0,0,0,4,0,4,0,0,0,78,4,7,0,0,16,0,1,0,9,0,0,3,0,2,1,2,11,0,2,3,3,5,9,0,15,15,7,2,0,5,0,226,226,474,14,41,405,14,188,121,1,3,16,47,304,27,277,409,54,104,26,21,188,16,138,73,22,43,74,74,596,142,74,100,37,152,87,4,223,8,25,20,31,110,29,207,207,520,520,695,428,17,250,378,180,25,12,45,49,4,54,5,0,4
2021,"Islington 002","E02000555",4919,2,1,1,0,4,0,4,0,0,0,92,11,6,0,2,17,0,0,0,5,0,4,10,0,1,2,2,8,2,2,4,1,2,12,1,22,22,13,4,1,8,0,184,184,470,13,58,385,14,160,114,1,3,13,29,267,24,243,549,67,135,39,24,264,20,228,110,27,91,82,82,743,167,91,137,78,176,90,4,214,5,31,25,29,82,42,216,216,553,553,699,429,35,235,421,200,49,14,48,47,0,58,1,0,4
2021,"Islington 003","E02000556",6476,6,6,0,0,2,0,2,0,0,0,145,16,9,0,3,14,0,1,0,10,0,15,19,3,4,3,7,9,3,1,5,3,6,14,0,25,25,22,15,1,6,0,248,248,649,16,66,560,7,174,104,1,3,22,44,344,40,304,785,111,186,60,30,372,26,270,135,45,90,130,130,1060,242,162,167,102,269,111,7,270,7,51,22,31,119,40,328,328,655,655,819,512,28,279,544,288,39,24,47,68,1,67,8,0,2
2021,"Islington 004","E02000557",4763,4,4,0,0,3,0,2,0,0,1,109,23,6,0,4,11,1,0,0,4,0,5,12,0,0,0,2,9,1,0,10,1,5,13,2,17,17,11,6,0,5,0,224,224,433,12,39,366,16,152,90,2,4,11,45,254,25,229,538,77,100,32,22,272,35,234,104,46,84,78,78,653,171,106,98,59,147,66,6,191,7,20,30,20,77,37,208,208,575,575,711,478,21,212,368,187,43,16,24,40,2,48,3,0,5
2021,"Islington 005","E02000558",4045,0,0,0,0,2,0,1,0,1,0,97,11,6,1,0,11,1,0,0,5,0,7,7,1,3,0,6,6,1,3,4,1,3,14,6,11,11,7,4,0,3,0,205,205,479,14,57,398,10,223,150,1,0,14,58,299,30,269,351,41,71,28,17,174,20,134,82,14,38,56,56,476,115,82,81,37,92,67,2,260,6,33,18,47,131,25,157,157,419,419,612,301,37,274,257,103,13,15,31,50,1,37,3,0,4
2021,"Islington 006","E02000559",5600,3,3,0,0,11,0,8,1,1,1,152,22,10,0,1,24,3,1,1,3,1,5,20,0,0,2,1,22,0,1,7,8,1,16,3,19,19,13,2,0,11,0,169,169,455,5,46,391,13,142,87,3,3,14,35,201,20,181,669,92,121,58,41,322,35,471,245,71,155,82,82,1071,357,193,160,54,212,89,6,238,17,32,27,29,94,39,267,267,577,577,587,383,22,182,473,265,26,16,42,68,3,48,2,0,3
2021,"Islington 007","E02000560",4336,1,1,0,0,2,0,2,0,0,0,116,12,7,0,3,22,1,1,1,8,0,3,13,0,0,4,1,10,5,4,4,1,3,13,0,16,16,4,2,0,2,0,162,162,423,9,52,347,15,124,65,3,1,11,44,302,30,272,484,64,113,30,27,238,12,215,120,30,65,73,73,651,141,105,114,55,149,84,3,186,4,19,27,18,85,33,219,219,421,421,519,307,21,191,418,236,23,19,30,43,1,53,5,0,8
2021,"Islington 008","E02000561",4151,0,0,0,0,3,0,2,1,0,0,105,4,7,2,0,27,0,1,1,3,0,3,10,0,2,6,0,11,2,0,3,1,2,20,0,12,12,8,1,1,6,0,151,151,320,3,35,276,6,69,45,1,4,6,13,142,18,124,513,84,150,47,19,192,21,261,119,38,104,53,53,758,188,116,136,61,147,107,3,133,0,35,24,12,37,25,186,186,537,537,510,348,9,153,390,236,30,13,27,37,5,40,0,0,2
2021,"Islington 009","E02000562",4320,4,4,0,0,3,0,3,0,0,0,103,14,12,0,3,13,1,0,0,10,0,1,8,2,1,1,1,10,0,3,4,0,6,12,1,15,15,10,1,0,9,0,146,146,399,9,41,339,10,123,78,2,5,10,28,198,30,168,521,65,144,32,12,248,20,329,192,33,104,69,69,821,276,123,123,46,172,73,8,176,4,30,34,25,59,24,170,170,404,404,468,259,17,192,361,191,25,11,32,48,8,41,3,0,2
2021,"Islington 010","E02000563",4207,5,5,0,0,2,0,2,0,0,0,85,8,7,1,1,11,2,0,0,1,0,4,8,2,1,4,1,8,3,0,4,0,3,15,1,20,20,9,0,2,6,1,168,168,442,11,61,356,14,168,122,0,1,8,37,304,27,277,384,52,99,22,20,175,16,152,95,18,39,71,71,563,124,95,109,54,113,68,0,212,7,23,26,27,103,26,205,205,488,488,594,352,21,221,335,170,30,15,35,40,0,38,4,0,3
2021,"Islington 011","E02000564",7369,3,3,0,0,7,1,4,2,0,0,212,23,13,0,2,33,2,2,0,11,0,2,33,0,3,7,6,22,3,1,13,5,4,26,1,21,21,10,4,2,4,0,286,286,694,13,85,578,18,161,111,1,3,9,37,328,46,282,889,80,152,44,47,511,55,506,261,62,183,104,104,1282,353,201,205,113,272,130,8,283,8,64,35,37,97,42,341,341,743,743,992,676,33,283,507,246,37,22,60,83,1,49,1,0,8
2021,"Islington 012","E02000565",4426,3,3,0,0,0,0,0,0,0,0,146,16,23,0,2,33,0,0,0,4,0,2,5,1,2,2,5,11,2,1,8,3,7,17,2,10,10,9,5,0,4,0,172,172,473,9,60,380,24,148,95,3,3,11,36,265,17,248,491,73,122,53,20,197,26,210,134,20,56,79,79,717,162,107,123,39,187,95,4,203,9,36,14,27,84,33,194,194,415,415,513,274,30,209,378,205,21,12,35,54,3,42,3,0,3
2021,"Islington 013","E02000566",5001,3,3,0,0,5,0,3,1,1,0,152,10,20,0,2,15,1,0,0,7,3,2,27,0,6,2,0,14,1,4,5,3,2,28,0,21,21,6,0,0,6,0,127,127,407,9,39,349,10,128,78,1,7,12,30,157,22,135,598,67,100,46,23,320,42,503,288,46,169,101,101,976,330,176,125,57,201,84,3,144,2,32,24,19,43,24,247,247,468,468,544,335,17,192,414,219,38,9,40,53,4,43,2,0,6
2021,"Islington 014","E02000567",5949,6,5,0,1,2,0,0,1,0,1,179,12,23,1,2,34,1,1,0,9,0,6,18,0,0,3,4,20,0,3,7,0,5,28,2,14,14,5,2,0,2,1,217,217,558,7,69,461,21,142,86,6,2,15,33,194,17,177,692,98,166,41,22,325,40,499,292,49,158,115,115,1219,383,158,174,72,302,128,2,294,10,47,26,30,142,39,244,244,513,513,589,355,25,209,467,260,41,25,30,35,2,61,2,0,11
2021,"Islington 015","E02000568",5230,0,0,0,0,1,0,1,0,0,0,142,20,6,2,1,15,1,0,0,18,0,6,17,2,2,2,6,3,2,3,6,3,5,19,3,14,14,15,5,0,9,1,264,264,611,13,84,501,13,192,122,1,4,21,44,293,34,259,558,45,92,33,19,334,35,281,171,35,75,79,79,720,194,89,131,82,161,61,2,244,6,39,18,34,115,32,233,233,532,532,701,479,27,195,350,165,17,11,40,38,0,74,1,0,4
2021,"Islington 016","E02000569",5053,7,7,0,0,7,0,6,0,1,0,130,11,6,2,2,18,1,0,0,6,1,4,12,2,4,2,6,11,2,3,8,6,2,17,4,21,21,15,1,2,12,0,218,218,465,8,46,393,18,151,87,3,3,17,41,218,27,191,553,73,107,26,34,280,33,484,266,57,161,106,106,921,329,159,119,65,171,75,3,206,12,43,25,23,73,30,241,241,448,448,515,349,14,152,347,168,34,9,44,47,1,34,6,0,4
2021,"Islington 017","E02000570",4936,4,4,0,0,4,1,3,0,0,0,136,10,11,0,2,18,3,2,1,9,2,3,23,1,0,2,3,12,0,1,9,1,6,15,2,13,13,12,4,0,8,0,163,163,396,3,49,332,12,90,50,8,5,13,14,129,14,115,621,83,108,31,28,338,33,605,352,51,202,100,100,1104,439,193,140,67,173,85,7,135,3,39,21,15,37,20,176,176,427,427,415,287,9,119,406,214,27,20,37,52,2,50,1,0,3
2021,"Islington 018","E02000571",4668,1,1,0,0,13,0,13,0,0,0,126,5,14,0,1,13,0,0,0,8,2,4,29,0,2,4,2,6,1,0,8,3,10,14,0,13,13,15,6,1,8,0,177,177,392,11,36,337,8,166,90,4,4,19,49,236,44,192,499,41,88,32,26,271,41,488,293,48,147,67,67,950,327,146,150,61,180,82,4,210,4,24,24,55,70,33,189,189,375,375,447,264,17,166,304,141,25,11,24,36,2,52,2,0,11
2021,"Islington 019","E02000572",3888,3,2,0,1,1,0,0,0,0,1,120,19,3,0,2,14,10,0,0,6,0,3,17,0,0,1,5,9,2,2,2,0,3,21,1,13,13,9,4,1,4,0,175,175,493,13,43,429,8,201,144,2,12,8,35,255,24,231,317,24,44,14,23,189,23,190,95,24,71,67,67,437,127,60,65,39,83,59,4,234,8,28,16,34,121,27,182,182,434,434,522,281,27,214,235,98,17,8,20,25,2,59,4,0,2
2021,"Islington 020","E02000573",6054,0,0,0,0,7,0,5,0,2,0,149,14,15,0,1,25,1,1,2,3,2,6,21,1,1,2,2,12,1,2,7,5,13,9,3,18,18,12,5,1,6,0,178,178,523,5,54,440,24,120,65,5,11,12,27,189,26,163,743,72,104,28,37,463,39,790,428,80,282,110,110,1332,537,235,154,75,249,78,4,218,6,63,41,22,45,41,214,214,453,453,526,338,14,174,472,275,26,11,59,52,0,33,4,0,12
2021,"Islington 021","E02000574",4067,3,1,1,1,4,0,3,0,0,1,113,16,4,2,4,8,2,0,0,2,0,7,24,2,2,1,5,7,4,3,5,4,2,9,0,13,13,10,3,0,7,0,135,135,350,4,37,295,14,140,97,1,5,11,26,183,23,160,526,54,69,20,20,325,38,393,231,35,127,69,69,748,212,143,116,67,142,64,4,151,3,30,32,19,51,16,136,136,414,414,389,261,10,118,290,142,32,5,29,30,1,45,3,0,3
2021,"Islington 022","E02000575",5757,4,3,0,1,6,0,6,0,0,0,148,11,7,3,1,23,0,0,0,9,0,4,17,2,3,2,1,17,3,2,10,3,6,20,4,22,22,11,2,1,8,0,188,188,485,10,51,403,21,170,109,2,7,16,36,269,41,228,669,52,88,24,31,426,48,728,430,74,224,81,81,1222,466,239,149,78,209,76,5,234,8,38,33,30,85,40,193,193,445,445,505,338,16,151,377,204,20,18,39,43,3,40,4,0,6
2021,"Islington 023","E02000576",5204,3,3,0,0,3,0,3,0,0,0,96,11,7,4,0,19,1,0,0,9,1,0,4,3,2,0,2,9,1,0,3,2,1,16,1,13,13,12,4,2,6,0,218,218,479,10,62,385,22,176,110,3,7,12,44,249,37,212,573,47,70,21,37,368,30,631,420,40,171,94,94,910,357,156,118,52,161,62,4,283,5,36,34,44,130,34,199,199,451,451,531,334,25,172,283,121,22,10,38,29,3,49,7,0,4
2021,"Kensington and Chelsea 001","E02000577",3352,3,2,0,1,3,1,2,0,0,0,95,11,3,2,4,19,1,0,0,3,1,4,10,2,4,1,1,5,0,3,4,0,7,8,2,5,5,5,0,0,5,0,115,115,543,15,66,452,10,218,170,3,8,9,28,268,34,234,225,12,37,6,14,147,9,134,65,22,47,60,60,323,73,67,33,18,67,63,2,223,5,19,17,33,125,24,112,112,367,367,388,211,33,144,265,89,10,9,42,25,4,51,16,0,19
2021,"Kensington and Chelsea 002","E02000578",2302,1,1,0,0,4,1,2,1,0,0,38,3,1,0,0,4,0,0,0,2,0,1,2,0,0,1,3,5,0,1,1,0,6,8,0,6,6,10,3,0,7,0,109,109,335,27,25,274,9,140,103,1,5,9,22,179,40,139,148,8,29,10,5,93,3,104,52,6,46,83,83,181,36,31,30,6,37,39,2,143,3,6,7,26,80,21,71,71,254,254,324,184,21,119,172,53,6,10,23,20,2,44,11,0,3
2021,"Kensington and Chelsea 003","E02000579",4359,4,4,0,0,3,0,1,2,0,0,110,10,17,1,1,20,0,0,0,3,0,5,9,1,0,2,1,9,1,0,8,1,1,18,2,11,11,5,1,0,4,0,187,187,595,70,68,432,25,156,92,6,9,18,31,213,44,169,380,42,118,26,18,162,14,340,200,21,119,130,130,564,127,116,81,22,116,93,9,198,7,33,29,24,66,39,112,112,417,417,521,277,29,215,413,187,39,11,37,28,1,67,31,0,12
2021,"Kensington and Chelsea 004","E02000580",4033,7,7,0,0,2,0,2,0,0,0,104,18,10,0,3,22,2,0,0,3,1,3,9,0,0,3,2,7,1,0,5,0,5,10,0,8,8,1,0,0,1,0,151,151,547,16,66,451,14,144,87,2,5,15,35,236,43,193,417,30,136,22,28,186,15,291,162,30,99,103,103,562,112,137,88,32,116,75,2,191,1,24,30,28,75,33,117,117,313,313,436,253,18,165,403,191,29,16,40,20,14,60,19,0,14
2021,"Kensington and Chelsea 005","E02000581",2931,3,3,0,0,3,0,2,0,1,0,77,3,5,0,2,10,0,0,0,3,0,1,5,2,14,2,3,16,0,0,3,1,5,2,0,9,9,2,1,0,1,0,149,149,408,24,48,328,8,155,104,1,17,9,24,191,35,156,170,10,37,19,8,93,3,174,99,17,58,60,60,306,71,67,35,32,61,32,8,165,3,23,13,31,67,28,98,98,303,303,391,231,23,137,267,82,16,4,42,37,3,53,12,0,18
2021,"Kensington and Chelsea 006","E02000582",3514,7,7,0,0,8,0,6,2,0,0,99,7,8,1,5,15,2,1,0,2,2,5,8,0,1,2,1,8,0,1,9,1,2,17,1,14,14,3,1,0,2,0,90,90,381,4,46,315,16,56,24,4,5,9,14,183,40,143,357,39,57,20,21,202,18,601,352,27,222,100,100,591,191,164,53,42,86,55,0,96,1,12,13,10,35,25,98,98,250,250,285,180,6,99,295,149,19,3,20,33,0,35,16,0,20
2021,"Kensington and Chelsea 007","E02000583",3446,12,11,1,0,10,1,8,0,0,1,102,9,14,1,2,22,2,0,0,4,0,1,8,0,0,0,3,9,3,1,3,2,0,17,1,19,19,3,1,0,2,0,101,101,342,5,54,266,17,73,42,6,6,4,15,106,14,92,341,33,90,22,15,167,14,615,330,45,240,115,115,558,180,141,47,35,77,76,2,154,4,29,13,12,68,28,84,84,241,241,308,207,7,94,262,145,21,3,26,16,1,29,13,0,8
2021,"Kensington and Chelsea 008","E02000584",3615,2,2,0,0,17,3,10,0,4,0,120,7,13,1,2,18,1,0,0,3,0,5,22,1,3,0,4,8,0,2,8,1,0,19,2,17,17,9,0,0,9,0,86,86,324,11,57,235,21,56,20,9,5,10,12,150,30,120,340,36,48,12,25,204,15,688,403,32,253,121,121,663,226,175,63,27,97,72,3,140,3,28,32,11,38,28,80,80,210,210,263,178,8,77,329,156,17,5,25,31,0,31,28,0,36
2021,"Kensington and Chelsea 009","E02000585",3855,5,5,0,0,11,0,8,0,1,2,159,7,15,2,4,26,2,0,0,2,1,4,15,2,1,1,1,18,4,1,10,2,27,13,1,14,14,3,0,0,3,0,149,149,375,11,59,287,18,66,23,6,8,16,13,222,40,182,323,22,59,16,20,196,10,558,340,27,191,151,151,601,196,130,71,24,108,68,4,149,1,20,43,13,51,21,88,88,249,249,404,259,10,135,328,139,13,25,25,19,0,37,37,0,33
2021,"Kensington and Chelsea 010","E02000586",3061,3,3,0,0,9,1,6,1,1,0,100,7,4,1,1,14,0,0,0,1,0,4,22,1,0,4,0,3,0,6,4,5,5,18,0,20,20,2,1,0,1,0,120,120,277,6,58,201,12,49,20,4,6,12,7,116,24,92,247,16,41,8,14,158,10,648,392,27,229,106,106,532,170,145,51,31,75,59,1,123,3,37,16,5,37,25,54,54,216,216,201,138,4,59,238,100,10,5,17,16,0,33,17,0,40
2021,"Kensington and Chelsea 011","E02000587",3260,5,4,1,0,4,0,4,0,0,0,149,8,6,4,3,20,0,0,1,0,1,2,31,2,2,1,2,11,11,2,10,6,2,24,0,12,12,3,2,0,1,0,87,87,298,3,60,222,13,53,22,6,9,12,4,117,21,96,313,39,37,13,35,171,18,640,352,52,236,145,145,505,135,162,52,30,55,70,1,110,1,19,13,14,30,33,83,83,224,224,252,176,8,68,260,93,11,3,20,20,1,50,18,0,44
2021,"Kensington and Chelsea 012","E02000588",2977,7,6,1,0,10,0,9,0,0,1,80,5,9,2,5,16,3,0,0,3,0,4,9,0,4,1,0,2,0,1,5,0,3,8,0,17,17,3,1,0,2,0,104,104,274,9,47,199,19,47,10,19,10,6,2,103,28,75,229,19,51,10,9,132,8,740,420,51,269,132,132,497,170,152,47,20,48,58,2,113,5,15,13,8,49,23,55,55,123,123,187,117,7,63,256,90,11,2,38,23,1,33,34,0,24
2021,"Kensington and Chelsea 013","E02000589",3647,6,6,0,0,16,1,12,1,1,1,129,9,16,5,0,18,1,0,1,0,0,10,22,0,2,2,2,11,0,9,3,1,1,14,2,13,13,5,2,0,3,0,104,104,339,8,53,267,11,76,39,7,6,19,5,160,43,117,279,16,38,9,22,181,13,732,438,36,258,130,130,632,170,144,67,50,131,67,3,132,4,20,30,8,49,21,49,49,265,265,318,237,12,69,262,107,25,8,20,14,3,26,9,0,50
2021,"Kensington and Chelsea 014","E02000590",2773,4,4,0,0,6,0,4,1,0,1,89,7,7,1,5,21,0,1,0,5,3,3,11,0,1,0,5,4,2,1,1,2,1,8,0,8,8,6,1,0,5,0,81,81,337,6,55,255,21,67,30,9,8,9,11,155,26,129,174,17,28,8,12,98,11,442,247,29,166,138,138,381,139,93,33,24,54,37,1,122,13,16,15,16,47,15,72,72,215,215,252,171,7,74,224,80,7,5,27,17,0,39,14,0,35
2021,"Kensington and Chelsea 015","E02000591",3031,4,3,1,0,8,0,7,0,1,0,114,14,7,6,3,17,1,0,0,2,1,6,18,0,1,2,2,11,0,0,5,4,2,9,3,19,19,2,1,0,1,0,99,99,280,5,39,229,7,85,43,7,11,11,13,172,45,127,247,16,36,11,13,158,13,416,248,27,141,98,98,490,143,111,66,21,97,50,2,129,0,26,17,20,44,22,77,77,241,241,319,228,13,78,231,68,21,8,24,23,0,46,5,0,36
2021,"Kensington and Chelsea 016","E02000592",3052,2,2,0,0,10,0,8,0,1,1,99,11,6,6,2,14,0,0,0,1,0,12,18,1,1,1,0,6,0,1,3,1,2,13,0,9,9,1,0,0,1,0,57,57,268,9,35,214,10,37,10,11,8,7,1,129,32,97,250,18,34,9,14,156,19,764,428,37,299,116,116,547,169,148,67,29,73,61,0,105,2,17,18,5,32,31,54,54,188,188,227,169,9,49,189,67,9,5,20,19,0,34,19,0,16
2021,"Kensington and Chelsea 017","E02000593",3725,3,3,0,0,7,1,6,0,0,0,135,3,11,2,2,13,1,0,2,7,2,2,24,1,1,2,3,13,1,1,11,5,0,25,3,18,18,3,2,0,1,0,127,127,329,10,45,262,12,80,38,6,10,18,8,175,34,141,304,24,38,12,26,187,17,722,420,44,258,124,124,618,200,171,62,51,72,57,5,188,0,42,40,24,54,28,88,88,241,241,282,170,20,92,281,102,18,12,28,28,0,61,12,0,20
2021,"Kensington and Chelsea 018","E02000594",3261,3,2,0,1,37,0,35,0,1,1,79,11,13,0,2,14,1,0,0,2,0,0,8,0,0,2,1,4,2,0,3,3,5,8,0,13,13,11,1,0,10,0,124,124,314,19,49,227,19,42,15,4,3,7,13,163,50,113,242,40,62,11,15,109,5,581,337,31,213,155,155,564,174,110,70,46,91,71,2,126,4,17,13,8,69,15,54,54,196,196,326,179,24,123,231,80,28,5,17,16,0,22,44,0,19
2021,"Kensington and Chelsea 019","E02000595",2963,7,7,0,0,7,0,4,1,0,2,76,6,5,2,2,16,1,0,0,3,0,1,9,0,2,4,1,3,0,1,5,1,1,13,0,19,19,3,0,0,2,1,93,93,272,18,34,199,21,40,14,7,3,10,6,97,14,83,209,16,39,10,10,124,10,576,315,34,227,130,130,537,143,159,67,19,63,83,3,100,2,18,19,9,31,21,64,64,185,185,289,183,6,100,259,100,19,3,28,24,2,32,37,0,14
2021,"Kensington and Chelsea 020","E02000596",3560,7,7,0,0,11,1,8,0,2,0,78,2,7,3,3,17,0,0,0,3,1,2,14,1,1,1,1,6,1,0,6,0,0,9,0,15,15,7,4,0,3,0,62,62,299,5,47,234,13,61,28,10,9,8,6,185,26,159,304,33,56,9,20,173,13,694,399,46,249,196,196,619,177,149,71,38,100,82,2,101,3,20,21,6,19,32,66,66,192,192,399,299,11,89,264,122,10,4,24,15,2,42,23,0,22
2021,"Kensington and Chelsea 021","E02000597",2738,4,4,0,0,9,0,8,0,1,0,83,9,3,2,3,11,0,0,0,2,0,4,6,1,0,2,1,2,3,1,8,2,3,20,0,14,14,14,0,0,14,0,103,103,346,13,53,263,17,108,68,11,6,8,15,160,30,130,168,10,29,12,6,98,13,287,150,25,112,101,101,350,99,85,41,18,55,50,2,149,3,26,20,17,61,22,91,91,190,190,328,224,23,81,233,80,13,7,37,24,0,40,21,0,11
2021,"Kingston upon Thames 001","E02000598",3830,0,0,0,0,7,0,6,1,0,0,110,14,2,1,2,2,0,1,0,4,1,4,20,2,1,3,6,12,2,1,8,1,3,18,2,15,15,4,3,1,0,0,200,200,364,29,71,248,16,108,49,2,23,17,17,139,17,122,434,35,39,31,39,280,10,287,152,54,81,74,74,502,123,103,107,33,84,51,1,146,10,15,23,12,54,32,178,178,559,559,482,327,21,134,221,54,18,5,68,29,3,37,2,0,5
2021,"Kingston upon Thames 002","E02000599",3010,3,2,1,0,8,0,8,0,0,0,85,9,1,1,0,6,0,2,1,1,1,3,13,0,3,0,3,6,3,1,8,2,6,14,1,12,12,9,3,0,6,0,177,177,344,14,64,255,11,80,40,6,10,13,11,130,15,115,235,20,24,14,19,153,5,271,145,28,98,138,138,415,144,91,58,21,62,37,2,115,3,23,12,9,50,18,83,83,261,261,442,348,16,78,202,50,7,3,52,23,4,45,6,0,12
2021,"Kingston upon Thames 003","E02000600",4210,2,2,0,0,16,0,16,0,0,0,116,15,4,1,2,11,2,0,0,4,3,4,16,1,1,2,5,14,3,2,7,2,4,13,0,31,31,12,7,1,4,0,191,191,459,21,64,355,19,123,56,6,15,16,30,185,18,167,369,28,50,36,26,226,3,238,125,39,74,78,78,474,129,88,87,32,70,60,8,182,5,31,27,15,79,25,198,198,462,462,857,673,46,138,217,65,10,12,34,33,1,49,2,0,11
2021,"Kingston upon Thames 004","E02000601",6031,7,7,0,0,21,0,19,0,0,2,216,15,20,5,2,10,3,0,2,5,3,8,37,2,3,3,6,31,2,9,10,9,3,27,1,32,32,11,4,0,6,1,243,243,592,29,91,442,30,157,75,5,22,30,25,232,26,206,740,60,84,60,51,460,25,489,247,72,170,111,111,850,213,152,166,57,150,100,12,238,6,52,36,20,73,51,423,423,684,684,673,437,40,196,312,100,32,17,55,33,3,60,7,0,5
2021,"Kingston upon Thames 005","E02000602",4728,3,3,0,0,10,1,7,0,2,0,132,20,6,1,2,10,2,1,0,2,2,6,18,1,2,3,3,11,4,6,6,4,4,14,4,18,18,19,5,1,13,0,258,258,660,26,89,526,19,199,104,4,23,32,36,302,32,270,377,34,53,32,33,217,8,216,97,37,82,68,68,501,102,86,89,47,122,44,11,265,9,45,34,21,117,39,207,207,539,539,702,435,63,204,252,87,21,4,49,31,2,50,3,0,5
2021,"Kingston upon Thames 006","E02000603",4002,3,3,0,0,7,0,7,0,0,0,110,7,1,0,4,9,1,0,0,2,0,2,14,0,4,2,10,16,5,1,7,2,4,16,3,18,18,8,3,0,5,0,293,293,607,46,83,469,9,195,116,2,13,22,42,254,17,237,241,22,19,19,26,151,4,169,86,29,54,70,70,293,78,60,58,18,48,23,8,245,7,25,19,22,151,21,157,157,423,423,729,497,60,172,180,34,14,6,30,23,8,59,3,0,3
2021,"Kingston upon Thames 007","E02000604",4649,3,3,0,0,12,0,12,0,0,0,122,9,3,1,5,2,2,0,0,6,1,4,21,4,1,3,5,18,5,2,2,7,3,16,2,17,17,5,2,0,3,0,307,307,638,21,99,482,36,164,91,6,12,19,36,229,18,211,375,52,43,26,24,209,21,297,158,50,89,92,92,498,139,91,84,22,107,50,5,235,8,40,37,29,90,31,223,223,559,559,567,375,44,148,306,78,17,11,67,46,7,69,3,0,8
2021,"Kingston upon Thames 008","E02000605",4061,0,0,0,0,4,0,3,0,0,1,128,18,5,0,4,6,2,0,0,6,2,10,16,1,1,1,5,11,4,0,14,3,3,15,1,12,12,6,4,0,2,0,254,254,529,29,82,408,10,150,89,5,13,16,27,186,17,169,364,41,35,38,36,209,5,278,147,45,86,70,70,466,143,75,70,34,88,48,8,202,9,28,36,19,83,27,210,210,493,493,508,336,26,146,201,62,14,5,26,42,3,46,2,0,1
2021,"Kingston upon Thames 009","E02000606",5841,7,7,0,0,19,0,18,0,0,1,210,23,11,1,2,13,0,1,1,10,4,8,26,4,2,0,7,30,2,1,22,10,7,24,1,39,39,14,6,1,7,0,273,273,706,22,96,566,22,159,68,7,27,20,37,372,35,337,610,41,72,36,33,399,29,361,179,69,113,108,108,756,184,136,127,53,180,73,3,282,7,55,37,30,103,50,274,274,651,651,648,396,47,205,352,122,30,17,85,40,6,46,4,0,2
2021,"Kingston upon Thames 010","E02000607",3361,1,1,0,0,14,0,12,0,1,1,120,13,4,0,2,5,0,0,0,10,2,2,19,3,0,2,4,16,5,2,5,2,3,17,4,14,14,10,1,0,9,0,189,189,310,10,40,254,6,101,50,4,9,12,26,157,16,141,350,31,51,39,19,208,2,223,115,42,66,55,55,402,103,69,64,34,94,32,6,177,5,43,27,16,57,29,208,208,433,433,382,217,23,142,215,63,25,6,45,34,3,31,4,0,4
2021,"Kingston upon Thames 011","E02000608",4311,1,0,1,0,15,0,14,0,1,0,132,11,8,1,3,4,0,0,0,4,4,4,26,0,1,2,0,16,2,9,10,0,7,20,0,23,23,11,1,1,9,0,226,226,444,26,72,326,20,125,42,5,25,26,27,223,23,200,470,38,53,26,32,313,8,332,134,76,122,96,96,576,131,112,101,44,130,52,6,219,7,39,43,14,83,33,213,213,464,464,459,269,37,153,282,110,26,10,62,29,1,36,4,0,4
2021,"Kingston upon Thames 012","E02000609",3457,7,3,1,3,14,0,13,0,1,0,97,9,1,0,5,2,0,1,0,6,0,3,14,1,2,1,9,15,0,4,8,4,3,9,0,9,9,15,7,1,7,0,273,273,564,41,98,409,16,154,92,10,11,10,31,172,8,164,261,21,16,16,28,170,10,179,90,29,60,70,70,290,103,39,56,17,51,21,3,181,4,25,19,14,94,25,137,137,345,345,486,326,36,124,203,37,9,3,42,37,4,61,2,0,8
2021,"Kingston upon Thames 013","E02000610",4456,15,15,0,0,13,0,11,0,2,0,160,17,10,0,1,16,0,0,0,12,1,9,17,0,4,0,5,13,4,2,15,11,3,18,2,25,25,4,1,0,3,0,242,242,499,34,65,383,17,125,59,2,21,17,26,215,19,196,447,43,58,32,31,268,15,303,119,70,114,91,91,553,150,111,103,32,110,45,2,235,6,41,33,16,108,31,216,216,458,458,566,329,48,189,289,73,27,12,67,46,3,51,3,0,7
2021,"Kingston upon Thames 014","E02000611",3509,1,1,0,0,3,0,3,0,0,0,109,8,3,1,5,0,2,0,0,7,1,8,16,3,3,1,10,9,2,2,6,6,0,12,4,23,23,6,1,0,5,0,308,308,429,29,77,311,12,139,58,2,18,17,44,97,10,87,289,25,22,19,22,194,7,252,129,36,87,74,74,375,124,62,77,17,62,28,5,171,5,29,20,15,75,27,172,172,436,436,448,307,29,112,177,34,17,2,44,26,6,41,3,0,4
2021,"Kingston upon Thames 015","E02000612",4025,4,3,0,1,11,0,11,0,0,0,126,14,3,0,6,7,0,1,1,9,0,2,16,3,0,3,9,13,4,4,5,3,4,18,1,12,12,14,4,2,8,0,296,296,515,33,68,402,12,165,88,9,13,20,35,144,9,135,320,25,17,21,34,212,11,285,158,46,81,83,83,430,147,68,74,27,76,30,8,200,9,27,25,19,91,29,220,220,455,455,545,386,35,124,200,48,7,7,56,24,3,49,0,0,6
2021,"Kingston upon Thames 016","E02000613",4138,2,1,1,0,12,0,10,0,0,2,146,16,4,0,3,8,1,0,0,6,3,4,28,2,2,0,6,10,3,2,8,5,8,27,0,16,16,9,3,1,3,2,267,267,455,17,79,346,13,132,66,7,12,19,28,169,24,145,386,24,54,27,29,240,12,247,123,40,84,93,93,505,127,74,100,41,105,52,6,219,4,42,22,13,105,33,233,233,514,514,499,315,45,139,234,63,9,5,65,33,1,57,0,0,1
2021,"Kingston upon Thames 017","E02000614",4701,0,0,0,0,5,0,5,0,0,0,146,14,3,0,5,5,1,2,0,7,6,3,19,8,0,6,5,12,4,4,7,12,2,19,2,13,13,6,4,2,0,0,424,424,799,47,99,642,11,249,118,5,18,27,81,239,26,213,316,23,32,22,36,200,3,181,94,35,52,84,84,302,119,33,49,18,53,28,2,311,5,31,26,19,199,31,218,218,463,463,697,418,93,186,248,47,10,9,68,28,2,74,6,0,4
2021,"Kingston upon Thames 018","E02000615",4046,3,2,1,0,9,0,9,0,0,0,141,15,5,0,5,5,0,0,1,8,0,10,16,3,2,0,13,15,3,5,9,7,6,12,1,24,24,24,8,4,12,0,421,421,608,61,125,398,24,184,91,6,9,34,44,176,14,162,245,10,27,19,41,143,5,144,64,39,41,61,61,249,71,32,68,10,39,23,6,289,11,23,28,24,166,37,216,216,485,485,526,303,48,175,241,42,15,11,60,32,7,69,3,0,2
2021,"Kingston upon Thames 019","E02000616",3302,7,7,0,0,12,1,8,0,0,3,119,15,1,2,3,4,0,0,1,13,1,3,10,6,2,1,6,11,5,8,5,3,5,10,4,14,14,22,8,1,13,0,348,348,494,69,84,325,16,160,90,3,12,16,39,109,11,98,191,17,18,11,21,117,7,111,50,27,34,54,54,208,66,25,55,10,25,21,6,210,8,29,24,22,108,19,219,219,349,349,471,273,43,155,204,36,7,5,62,26,3,62,1,0,2
2021,"Kingston upon Thames 020","E02000617",4497,7,7,0,0,8,0,7,0,0,1,163,15,0,0,5,4,1,1,0,10,6,11,16,7,9,3,10,11,3,11,9,3,5,15,8,27,27,15,7,0,8,0,489,489,672,77,110,470,15,225,125,3,26,18,53,195,19,176,272,15,29,20,30,169,9,158,65,43,50,58,58,260,84,33,62,12,42,21,6,272,11,30,25,25,152,29,266,266,502,502,657,371,63,223,251,49,10,7,72,23,3,83,3,0,1
2021,"Lambeth 002","E02000619",4630,2,2,0,0,8,0,6,0,1,1,81,8,9,0,1,14,1,0,0,6,4,5,7,0,0,1,2,6,0,1,2,1,2,10,1,21,21,10,2,1,7,0,215,215,430,10,62,344,14,181,120,2,9,13,37,303,50,253,376,41,70,25,30,194,16,253,131,41,81,79,79,536,151,117,89,42,77,57,3,369,7,27,18,70,191,56,357,357,419,419,644,408,34,202,346,141,29,14,31,53,2,53,11,0,12
2021,"Lambeth 003","E02000620",5584,3,3,0,0,4,0,1,3,0,0,74,7,3,2,0,11,0,3,0,3,0,6,6,1,2,1,1,6,1,2,3,1,1,10,4,22,22,11,2,1,8,0,229,229,533,14,76,421,22,191,123,3,6,14,45,277,36,241,530,55,96,37,37,288,17,393,177,58,158,112,112,773,252,147,103,49,158,64,0,375,8,41,21,54,224,27,409,409,482,482,715,500,38,177,451,215,23,24,45,70,0,47,16,0,11
2021,"Lambeth 004","E02000621",7508,5,5,0,0,15,0,12,0,3,0,158,13,8,2,4,21,2,1,0,4,2,11,16,0,3,2,1,25,1,4,9,0,5,22,2,31,31,15,3,1,11,0,329,329,684,18,109,523,34,201,106,13,10,31,41,385,62,323,736,54,109,53,26,460,34,677,383,76,218,154,154,1208,336,259,183,97,243,80,10,474,12,77,41,52,235,57,475,475,571,571,901,603,54,244,489,191,35,23,55,63,4,72,10,0,36
2021,"Lambeth 005","E02000622",5105,9,9,0,0,4,0,4,0,0,0,127,8,12,2,1,21,1,1,0,5,1,5,15,1,1,0,1,17,3,2,6,4,5,14,1,19,19,12,4,1,6,1,251,251,441,11,55,361,14,156,101,2,10,16,27,293,31,262,439,48,63,24,23,258,23,350,179,51,120,88,88,721,194,130,120,49,163,61,4,330,11,43,17,51,176,32,411,411,428,428,658,411,26,221,368,164,27,14,33,72,2,44,3,0,9
2021,"Lambeth 006","E02000623",4256,5,5,0,0,2,0,2,0,0,0,91,10,6,2,5,16,1,1,0,1,0,2,8,0,1,0,2,16,2,1,5,0,3,8,1,13,13,10,5,0,5,0,236,236,512,21,86,393,12,187,112,1,5,15,54,328,45,283,264,27,38,20,15,148,16,180,75,34,71,88,88,406,107,65,67,34,78,50,5,490,26,45,19,57,317,26,234,234,320,320,597,369,48,180,293,104,28,11,33,44,3,46,10,0,14
2021,"Lambeth 007","E02000624",5689,3,3,0,0,6,0,5,1,0,0,125,7,11,1,4,15,2,2,0,3,1,15,10,0,3,4,2,11,1,2,9,2,9,10,1,26,26,10,2,0,8,0,201,201,595,13,70,470,42,194,129,3,4,19,39,256,37,219,516,54,114,33,28,265,22,393,199,41,153,104,104,827,217,166,119,41,204,75,5,451,6,65,32,69,241,38,403,403,428,428,772,509,31,232,379,174,27,18,35,50,1,57,9,0,8
2021,"Lambeth 008","E02000625",5207,1,1,0,0,1,0,0,0,0,1,90,11,8,1,0,12,0,1,0,4,0,2,9,0,6,2,2,10,0,3,4,3,0,12,0,16,16,3,1,0,2,0,297,297,630,40,91,477,22,222,159,8,5,13,37,397,43,354,383,32,65,28,26,216,16,294,126,42,126,114,114,576,160,120,70,33,145,46,2,511,5,42,27,57,342,38,271,271,379,379,708,465,52,191,314,119,20,15,37,39,3,68,11,0,2
2021,"Lambeth 009","E02000626",4166,0,0,0,0,4,0,4,0,0,0,59,9,2,0,1,4,1,0,0,1,1,0,8,6,0,0,2,8,2,0,2,3,1,8,0,8,8,13,3,0,10,0,210,210,481,13,72,371,25,203,143,3,3,13,41,272,41,231,227,27,42,23,16,111,8,118,63,15,40,76,76,351,94,50,56,26,78,46,1,459,7,34,12,51,332,23,215,215,429,429,779,478,66,235,262,122,12,9,21,36,3,51,2,0,6
2021,"Lambeth 010","E02000627",5778,3,2,1,0,1,0,0,0,0,1,141,19,12,0,4,16,0,0,0,16,0,2,10,0,3,3,1,19,2,2,7,0,0,21,4,18,18,4,1,0,3,0,292,292,547,13,87,428,19,169,110,3,11,10,35,355,61,294,509,62,64,43,35,268,37,396,193,39,164,141,141,878,244,186,108,56,184,95,5,485,9,63,29,56,281,47,317,317,408,408,732,483,56,193,382,168,24,27,45,38,3,66,6,0,5
2021,"Lambeth 011","E02000628",5898,1,0,1,0,2,0,2,0,0,0,106,17,11,0,3,9,0,0,0,2,0,2,16,2,2,0,1,11,1,3,5,3,7,9,2,27,27,11,3,1,7,0,317,317,637,16,78,521,22,276,158,4,11,14,89,433,45,388,427,51,83,28,21,223,21,311,154,59,98,103,103,658,156,117,95,62,168,56,4,657,11,44,20,49,484,49,273,273,450,450,872,511,78,283,337,128,20,17,47,45,2,65,11,0,2
2021,"Lambeth 012","E02000629",6063,1,0,0,1,10,0,2,4,4,0,136,17,14,2,2,17,0,0,3,2,2,9,15,1,3,2,2,13,4,4,9,0,5,10,0,38,38,7,2,1,4,0,257,257,587,10,77,467,33,138,76,8,13,17,24,291,45,246,596,56,89,38,46,340,27,672,336,97,239,141,141,1078,328,272,116,61,223,75,3,319,6,101,43,21,108,40,338,338,420,420,637,442,24,171,397,151,26,15,66,49,13,55,9,0,13
2021,"Lambeth 013","E02000630",4828,3,3,0,0,4,0,3,0,1,0,122,14,8,0,1,18,0,0,0,7,2,2,15,2,2,1,5,14,0,1,8,4,2,16,0,17,17,7,0,0,7,0,193,193,407,6,55,323,23,122,60,4,9,21,28,207,30,177,534,62,70,49,34,299,20,610,313,75,222,119,119,898,287,173,128,42,208,57,3,224,5,78,24,16,62,39,257,257,328,328,451,302,23,126,325,150,15,15,51,38,2,43,6,0,5
2021,"Lambeth 014","E02000631",5571,0,0,0,0,5,0,4,0,1,0,128,6,10,0,3,14,3,2,2,3,1,1,8,0,0,6,4,31,2,4,6,2,5,15,0,19,19,7,0,0,7,0,163,163,474,19,56,384,15,160,118,2,6,14,20,256,35,221,553,97,162,41,26,208,19,285,122,44,119,85,85,857,241,145,124,77,153,104,13,380,8,40,16,31,248,37,290,290,543,543,929,649,39,241,437,207,40,11,25,79,2,63,5,0,5
2021,"Lambeth 015","E02000632",7123,4,3,0,1,6,0,3,1,2,0,194,15,25,1,1,17,0,0,1,3,1,13,27,2,1,2,4,28,4,4,9,3,9,23,1,28,28,10,1,1,8,0,226,226,643,11,81,510,41,141,89,4,4,20,24,285,51,234,761,75,117,62,65,405,37,717,329,106,282,201,201,1366,379,306,159,69,349,98,6,428,15,135,50,41,135,52,447,447,485,485,774,569,16,189,407,156,35,20,71,52,5,62,4,0,2
2021,"Lambeth 016","E02000633",5254,1,1,0,0,4,0,4,0,0,0,118,6,14,1,2,13,1,0,1,6,0,3,8,0,2,1,2,26,2,0,15,4,4,7,0,18,18,12,1,0,11,0,203,203,552,10,65,461,16,179,124,4,6,10,35,278,33,245,547,67,102,48,28,280,22,310,147,57,106,94,94,739,183,132,84,86,185,67,2,378,9,51,23,54,207,34,304,304,450,450,753,450,44,259,314,154,26,13,31,45,2,36,4,0,3
2021,"Lambeth 017","E02000634",4043,1,1,0,0,7,0,4,0,1,2,98,8,11,0,2,9,0,0,0,4,0,3,11,0,1,0,2,27,0,1,11,1,3,4,0,15,15,6,3,0,3,0,171,171,396,8,47,320,21,131,66,5,3,28,29,213,30,183,339,35,59,22,23,186,14,351,185,43,123,94,94,609,224,113,57,33,134,43,5,283,6,91,41,29,91,25,218,218,328,328,556,386,34,136,227,109,12,5,25,23,3,40,3,0,7
2021,"Lambeth 018","E02000635",6072,3,3,0,0,1,0,1,0,0,0,134,17,10,1,3,15,1,0,0,7,1,2,19,1,2,1,4,19,1,3,5,1,5,14,2,16,16,5,1,0,4,0,253,253,546,15,63,457,11,176,103,5,12,19,37,259,29,230,622,96,149,54,34,261,28,392,189,45,158,118,118,947,254,162,127,78,226,95,5,352,10,74,25,58,149,36,417,417,585,585,794,510,35,249,452,233,29,14,55,64,3,46,5,0,3
2021,"Lambeth 019","E02000636",5018,0,0,0,0,9,0,6,0,1,2,117,10,12,0,3,15,0,0,1,5,2,5,10,1,2,4,1,19,4,1,3,2,2,15,0,23,23,10,7,0,3,0,194,194,401,12,52,309,28,81,50,2,6,9,14,132,24,108,519,64,73,31,31,300,20,762,393,108,261,151,151,1039,384,230,103,37,211,68,6,225,9,74,25,23,53,41,234,234,326,326,499,361,15,123,296,110,13,11,43,67,0,42,4,0,6
2021,"Lambeth 020","E02000637",5631,4,3,1,0,5,0,3,0,0,2,134,11,20,1,5,11,1,0,0,6,0,7,8,0,2,3,4,19,4,2,6,3,6,14,1,29,29,5,0,0,5,0,168,168,480,13,38,401,28,122,65,8,5,18,26,252,26,226,618,98,158,61,30,246,25,362,154,51,157,128,128,1018,251,184,112,54,296,116,5,370,6,58,25,23,216,42,348,348,493,493,639,381,30,228,456,247,35,13,42,66,3,44,0,0,6
2021,"Lambeth 021","E02000638",5741,3,2,0,1,6,0,6,0,0,0,141,11,12,1,1,20,0,0,2,7,1,8,19,1,1,3,4,12,2,3,9,1,6,15,2,15,15,18,2,1,15,0,311,311,611,23,76,489,23,206,120,3,15,18,50,381,54,327,491,70,118,38,24,221,20,260,119,47,94,117,117,663,146,105,81,43,192,93,3,475,10,59,25,50,278,53,323,323,529,529,786,465,68,253,405,185,34,16,42,54,6,61,0,0,7
2021,"Lambeth 022","E02000639",4704,2,2,0,0,4,0,3,0,1,0,69,10,3,0,4,4,1,0,0,2,0,2,7,0,1,2,1,6,3,1,3,2,5,10,2,8,8,8,3,0,5,0,253,253,505,25,65,398,17,204,138,4,6,16,40,376,52,324,320,32,77,28,19,156,8,194,83,38,73,96,96,469,118,72,81,26,117,50,5,533,12,55,20,68,347,31,217,217,419,419,698,433,66,199,329,129,32,10,41,56,2,55,1,0,3
2021,"Lambeth 023","E02000640",5718,5,5,0,0,14,0,9,1,3,1,130,14,22,1,0,8,0,1,1,9,1,3,17,0,0,0,3,14,4,0,9,3,6,14,0,27,27,12,3,0,9,0,202,202,459,14,53,368,24,130,78,6,12,10,24,193,25,168,641,73,118,44,35,346,25,660,331,88,241,157,157,1041,335,202,106,51,272,72,3,276,3,77,36,25,100,35,336,336,473,473,641,416,44,181,321,135,12,22,45,49,1,48,2,0,7
2021,"Lambeth 024","E02000641",4149,3,2,1,0,1,0,1,0,0,0,83,11,4,0,1,10,0,0,0,3,0,4,10,0,4,0,1,11,0,0,12,0,6,2,4,7,7,8,1,0,7,0,208,208,466,15,77,361,13,185,127,2,8,10,38,316,38,278,221,25,50,20,16,96,14,152,90,18,44,89,89,358,96,61,53,18,91,37,2,403,1,29,21,47,282,23,237,237,435,435,706,418,48,240,271,93,20,10,40,39,1,57,6,0,5
2021,"Lambeth 025","E02000642",5338,1,0,0,1,8,0,8,0,0,0,121,14,5,1,3,15,1,2,0,1,0,5,9,1,4,4,1,18,1,0,8,2,7,19,0,16,16,7,2,0,5,0,267,267,451,17,70,350,14,142,83,4,8,10,37,224,23,201,524,85,123,57,20,201,38,297,134,59,104,111,111,750,213,125,112,46,175,75,4,397,5,64,23,35,235,35,332,332,560,560,734,420,41,273,396,205,49,8,39,57,0,35,1,0,2
2021,"Lambeth 026","E02000643",5560,0,0,0,0,7,0,6,1,0,0,153,21,11,0,6,27,0,0,2,4,0,9,7,2,0,1,6,16,1,2,7,3,6,20,2,22,22,12,4,0,8,0,311,311,592,11,70,489,22,155,93,0,8,14,40,271,37,234,512,62,95,50,36,243,26,342,186,49,107,142,142,779,216,137,112,41,181,83,9,352,11,46,36,19,196,44,319,319,512,512,698,441,30,227,381,174,21,12,42,56,6,53,12,0,5
2021,"Lambeth 027","E02000644",4870,1,1,0,0,15,0,6,0,2,7,105,12,7,2,2,12,0,1,0,1,1,16,6,0,4,1,1,9,1,0,3,0,5,20,1,6,6,9,2,0,7,0,291,291,484,15,48,405,16,159,93,2,9,16,39,277,37,240,412,45,117,46,24,168,12,223,106,40,77,130,130,638,179,117,94,33,139,67,9,343,5,44,15,31,212,36,264,264,488,488,630,382,25,223,395,180,44,11,30,53,7,52,10,0,8
2021,"Lambeth 028","E02000645",5175,1,1,0,0,2,0,1,0,0,1,132,16,15,0,3,22,0,0,1,8,0,1,9,0,2,1,5,12,2,0,6,1,4,23,1,3,3,9,2,3,4,0,259,259,408,13,53,325,17,141,96,3,3,10,29,279,34,245,470,69,116,38,28,206,13,291,144,48,99,128,128,726,214,104,99,58,159,81,11,374,7,40,27,34,235,31,274,274,549,549,735,462,29,244,394,188,41,19,41,39,3,51,5,0,7
2021,"Lambeth 029","E02000646",5597,4,3,1,0,7,0,4,1,0,2,125,14,9,1,5,14,2,1,0,7,0,4,13,1,5,1,5,17,1,2,6,0,7,10,0,18,18,9,2,0,7,0,304,304,588,11,72,491,14,140,69,16,12,12,31,355,44,311,503,79,104,49,29,224,18,363,162,67,134,170,170,663,165,115,85,35,198,62,3,454,12,69,26,37,265,45,278,278,464,464,724,473,29,222,428,185,32,12,53,50,18,65,8,0,5
2021,"Lambeth 030","E02000647",4482,1,1,0,0,6,0,4,0,2,0,105,11,4,0,2,15,1,0,0,8,0,2,6,0,4,4,4,15,1,3,8,0,8,9,0,11,11,4,0,1,3,0,226,226,412,10,44,348,10,127,74,2,8,17,26,221,32,189,376,48,102,38,24,155,9,219,118,42,59,107,107,545,130,101,86,33,130,62,3,275,6,35,13,33,150,38,284,284,526,526,682,417,26,239,355,157,17,11,37,44,3,75,3,0,8
2021,"Lambeth 031","E02000648",3665,1,1,0,0,1,0,1,0,0,0,74,5,4,0,2,10,1,0,1,3,0,3,6,1,2,0,1,7,1,0,6,0,7,13,1,7,7,8,1,1,6,0,227,227,400,23,55,313,9,167,114,2,2,22,27,225,19,206,220,38,49,15,21,85,12,125,65,24,36,57,57,309,66,51,56,24,74,33,5,272,7,32,19,32,161,21,249,249,431,431,633,352,52,229,259,107,22,6,30,30,5,54,3,0,2
2021,"Lambeth 032","E02000649",7432,5,3,0,2,4,0,3,0,1,0,131,17,7,0,4,13,1,0,0,3,0,6,8,0,4,2,5,19,6,0,4,0,10,22,0,19,19,13,5,1,7,0,514,514,759,22,90,608,39,243,147,7,7,21,61,499,58,441,651,83,135,52,40,311,30,346,153,63,130,187,187,890,217,148,117,41,244,121,2,723,21,82,53,49,443,75,365,365,627,627,844,545,53,246,612,278,31,4,62,97,10,105,6,0,19
2021,"Lambeth 033","E02000650",4007,1,1,0,0,4,0,3,0,0,1,87,11,14,0,1,7,2,0,0,3,0,4,3,0,1,1,6,11,1,0,5,4,3,8,2,8,8,5,2,0,3,0,220,220,413,14,62,325,12,132,85,1,4,7,35,214,21,193,335,43,74,30,20,154,14,221,107,34,80,73,73,424,109,55,70,26,108,54,2,270,4,40,21,39,132,34,230,230,425,425,589,337,38,214,356,178,37,11,30,44,2,46,2,0,6
2021,"Lambeth 034","E02000651",4799,2,2,0,0,0,0,0,0,0,0,112,10,7,1,3,13,0,0,0,4,1,6,9,1,3,2,5,18,2,3,4,0,2,12,6,8,8,8,2,0,5,1,386,386,516,16,71,415,14,145,87,4,3,11,40,304,45,259,343,37,61,33,32,166,14,208,100,29,79,95,95,529,126,94,54,31,139,73,12,433,5,55,17,40,275,41,233,233,523,523,647,387,56,204,307,110,19,18,45,41,3,57,8,0,6
2021,"Lambeth 035","E02000652",3888,3,2,1,0,3,0,3,0,0,0,69,11,4,1,0,9,0,1,0,2,0,0,7,0,0,6,5,6,1,4,4,0,1,6,1,8,8,5,1,0,4,0,399,399,454,18,73,343,20,200,138,1,7,5,49,303,42,261,241,21,37,24,25,129,5,152,78,27,47,100,100,318,101,50,44,21,72,26,4,347,10,32,16,28,239,22,211,211,389,389,511,281,39,191,175,53,12,5,20,32,3,45,5,0,0
2021,"Lambeth 036","E02006801",4256,2,2,0,0,6,0,3,0,3,0,123,13,3,0,4,11,0,2,0,9,3,3,12,0,1,1,2,10,2,1,7,4,2,20,13,20,20,12,3,1,8,0,117,117,381,11,50,304,16,104,64,2,6,11,21,237,40,197,393,40,41,30,30,234,18,405,222,38,145,89,89,546,200,117,63,39,78,47,2,264,9,29,27,31,128,40,236,236,405,405,620,455,20,145,296,142,22,11,23,33,1,46,5,0,13
2021,"Lewisham 001","E02000653",7161,6,6,0,0,2,0,2,0,0,0,182,25,12,4,1,24,0,0,0,12,0,8,14,0,3,3,9,17,4,1,8,2,7,26,2,25,25,9,3,1,5,0,337,337,813,16,93,674,30,253,155,5,5,27,61,542,83,459,681,41,71,26,45,466,32,633,353,87,193,134,134,864,245,148,136,57,196,81,1,449,8,74,43,74,194,56,296,296,562,562,964,610,76,278,409,150,27,17,50,56,7,93,3,0,6
2021,"Lewisham 002","E02000654",4279,2,2,0,0,3,0,2,1,0,0,105,16,12,0,2,10,1,0,0,10,0,4,9,1,2,0,3,3,4,2,6,1,5,12,2,8,8,14,5,0,9,0,214,214,545,17,58,458,12,184,121,2,3,29,29,365,45,320,296,27,56,29,27,147,10,168,75,27,66,69,69,365,86,52,68,21,80,57,1,287,2,25,14,47,163,36,175,175,402,402,746,447,66,233,331,124,25,9,24,39,2,97,5,0,6
2021,"Lewisham 003","E02000655",5361,5,5,0,0,0,0,0,0,0,0,125,25,11,0,2,17,4,0,1,3,0,1,5,0,3,1,5,8,12,1,7,1,4,11,3,14,14,13,3,1,9,0,286,286,609,31,69,488,21,222,123,2,10,18,69,434,42,392,357,37,92,20,23,172,13,221,119,40,62,120,120,474,111,50,83,45,113,70,2,514,6,49,21,67,333,38,236,236,510,510,825,461,65,299,396,193,30,24,21,46,6,69,1,0,6
2021,"Lewisham 005","E02000657",5140,1,1,0,0,3,0,2,0,0,1,152,25,10,0,5,17,0,0,1,16,0,6,4,0,3,0,6,15,1,2,6,3,9,23,0,14,14,15,5,0,10,0,263,263,505,16,66,407,16,160,116,1,4,15,24,315,30,285,440,56,131,33,20,172,28,253,134,43,76,73,73,639,120,111,127,36,150,87,8,328,5,33,21,56,174,39,239,239,535,535,717,409,44,264,488,241,52,23,39,63,1,64,4,0,1
2021,"Lewisham 006","E02000658",4815,3,1,2,0,0,0,0,0,0,0,151,14,24,0,4,18,4,0,0,5,0,4,10,13,4,0,7,11,4,3,5,0,11,10,0,11,11,7,1,1,4,1,234,234,410,11,36,351,12,173,115,3,2,19,34,275,27,248,439,59,148,28,18,171,15,190,92,39,59,69,69,550,124,72,99,41,114,98,2,365,6,42,9,50,232,26,255,255,550,550,638,325,39,274,495,267,53,12,26,53,3,70,5,0,6
2021,"Lewisham 007","E02000659",4396,0,0,0,0,2,0,2,0,0,0,85,6,5,1,3,9,0,0,0,4,0,3,9,1,4,2,7,5,2,0,6,3,4,8,3,9,9,11,3,0,7,1,181,181,396,12,43,331,10,114,65,3,6,16,24,206,22,184,414,68,71,29,20,213,13,465,267,65,133,85,85,616,219,96,85,33,129,49,5,187,5,39,23,33,61,26,235,235,445,445,594,390,27,177,351,176,25,19,46,37,5,36,4,0,3
2021,"Lewisham 008","E02000660",4956,6,4,2,0,4,0,4,0,0,0,112,14,11,2,3,17,1,0,1,4,2,3,7,0,0,2,3,10,2,2,5,2,7,14,0,16,16,15,2,1,12,0,185,185,442,8,58,367,9,137,77,2,6,16,36,254,28,226,573,71,142,39,14,287,20,330,179,47,104,79,79,673,147,120,114,53,143,96,0,231,10,32,25,25,104,35,230,230,576,576,602,342,33,227,491,271,54,10,24,58,5,59,1,0,9
2021,"Lewisham 009","E02000661",3561,3,1,1,1,4,0,3,0,0,1,64,8,3,3,0,5,0,0,1,6,0,5,10,0,1,0,1,5,1,3,2,0,1,9,0,8,8,9,2,1,6,0,179,179,293,3,35,240,15,81,45,8,4,9,15,164,28,136,312,43,70,18,24,147,10,351,187,62,102,71,71,471,156,80,72,19,97,42,5,179,4,24,11,30,85,25,217,217,430,430,437,304,27,106,288,136,48,11,26,29,1,33,3,0,1
2021,"Lewisham 010","E02000662",4406,6,6,0,0,0,0,0,0,0,0,110,15,6,0,3,11,0,0,0,6,3,1,7,0,4,2,4,12,1,2,5,2,11,14,1,13,13,5,0,0,3,2,219,219,431,13,49,359,10,186,141,4,2,11,28,221,14,207,344,45,112,24,18,134,11,185,94,38,53,68,68,478,107,62,77,30,124,76,2,314,14,27,13,83,154,23,277,277,507,507,661,390,36,235,381,209,39,11,26,45,5,39,4,0,3
2021,"Lewisham 011","E02000663",3770,1,1,0,0,4,0,3,0,1,0,100,6,4,0,12,16,0,0,0,5,1,3,6,1,0,0,11,10,1,1,2,0,13,8,0,20,20,13,6,0,7,0,168,168,399,12,48,324,15,82,50,2,2,9,19,184,10,174,357,51,89,28,13,163,13,249,119,44,86,66,66,427,94,57,85,19,98,68,6,200,7,33,13,25,104,18,234,234,459,459,492,271,26,195,315,182,29,8,26,37,3,26,1,0,3
2021,"Lewisham 013","E02000665",4322,1,1,0,0,2,1,0,0,1,0,97,7,7,3,1,13,2,0,0,8,0,2,11,0,2,2,5,11,2,0,3,2,4,8,4,16,16,16,6,0,10,0,265,265,380,6,31,335,8,107,67,2,3,14,21,223,24,199,340,64,66,24,32,140,14,321,162,62,97,96,96,523,142,82,92,22,104,75,6,246,13,31,28,45,98,31,262,262,471,471,598,382,37,179,358,174,43,10,28,51,1,40,5,0,6
2021,"Lewisham 014","E02000666",3826,3,3,0,0,2,0,2,0,0,0,80,8,11,0,3,14,0,0,0,7,0,3,2,2,1,0,3,10,0,2,3,4,3,3,1,8,8,6,3,0,3,0,205,205,341,6,46,281,8,88,51,0,4,9,24,180,14,166,339,47,89,22,18,148,15,198,96,38,64,62,62,469,110,60,74,41,110,68,6,192,3,24,10,30,92,33,225,225,491,491,559,320,18,221,378,212,44,7,22,52,0,38,1,0,2
2021,"Lewisham 015","E02000667",3670,2,2,0,0,3,0,3,0,0,0,72,12,2,0,0,6,0,2,0,4,2,2,8,0,0,2,1,11,1,0,8,2,0,7,2,7,7,5,0,0,5,0,164,164,333,14,39,255,25,94,65,5,2,9,13,166,14,152,353,57,105,26,15,136,14,199,100,44,55,77,77,476,113,86,81,31,94,70,1,166,6,22,18,11,80,29,248,248,484,484,464,250,22,192,357,195,35,10,16,48,1,45,4,0,3
2021,"Lewisham 016","E02000668",3410,0,0,0,0,4,0,2,0,0,2,86,14,2,1,3,10,0,1,1,7,0,0,4,1,5,0,1,7,4,1,7,2,6,7,2,5,5,4,1,0,3,0,177,177,281,8,32,231,10,111,60,5,2,8,36,199,17,182,296,35,62,29,24,136,10,318,173,46,99,74,74,364,102,74,56,10,74,47,1,154,4,29,15,16,73,17,229,229,407,407,417,239,27,151,284,131,19,7,25,48,5,46,0,0,3
2021,"Lewisham 017","E02000669",4296,2,2,0,0,1,0,0,0,0,1,99,10,10,0,3,12,2,0,0,6,0,2,3,4,1,4,8,7,3,1,7,0,4,11,1,15,15,15,7,0,7,1,240,240,406,17,51,325,13,132,77,2,4,19,30,255,31,224,401,45,72,32,20,215,17,281,144,61,76,65,65,475,119,73,82,23,132,45,1,267,7,29,17,34,157,23,244,244,425,425,591,394,33,164,382,200,20,16,38,56,0,43,3,0,6
2021,"Lewisham 018","E02000670",3408,1,1,0,0,2,0,2,0,0,0,81,5,13,1,3,8,0,0,1,6,4,2,4,0,0,0,2,6,0,3,5,0,3,15,0,11,11,5,1,0,4,0,246,246,416,12,47,350,7,152,105,2,3,13,29,228,15,213,228,13,57,16,29,107,6,121,66,25,30,75,75,255,70,33,39,13,66,33,1,237,5,27,15,40,123,27,208,208,324,324,558,314,57,187,260,123,23,11,24,32,3,38,4,0,2
2021,"Lewisham 019","E02000671",4893,3,3,0,0,3,0,3,0,0,0,122,13,12,2,3,13,0,1,0,7,2,1,3,0,6,0,6,13,2,2,4,6,11,12,3,11,11,12,1,2,9,0,241,241,434,15,60,341,18,125,80,3,5,15,22,225,17,208,434,75,104,52,29,166,8,297,134,50,113,92,92,635,166,90,95,25,161,95,3,227,7,39,23,30,94,34,326,326,580,580,659,384,28,247,467,266,58,5,35,51,2,45,1,0,4
2021,"Lewisham 020","E02000672",5343,4,4,0,0,2,1,1,0,0,0,132,24,9,1,1,16,1,0,0,6,2,17,2,0,2,2,8,10,4,3,5,1,5,10,3,15,15,11,2,0,9,0,357,357,623,17,59,522,25,193,117,2,4,23,47,341,52,289,375,53,70,23,41,174,14,247,131,37,79,90,90,513,161,71,72,29,109,67,4,321,12,37,15,50,179,28,308,308,578,578,864,535,55,274,369,184,18,11,39,61,1,47,3,0,5
2021,"Lewisham 021","E02000673",4696,1,1,0,0,7,0,7,0,0,0,116,9,14,0,3,16,0,0,0,12,0,6,7,0,0,1,2,8,5,2,5,4,8,13,1,25,25,10,3,0,7,0,195,195,397,11,36,330,20,114,67,5,4,14,24,167,11,156,472,78,121,37,16,206,14,312,145,63,104,83,83,654,123,107,107,32,149,132,4,222,6,41,15,29,100,31,251,251,587,587,610,358,29,223,473,294,50,9,33,46,3,31,0,0,7
2021,"Lewisham 022","E02000674",4216,5,5,0,0,1,0,1,0,0,0,90,11,3,1,2,7,0,3,0,6,3,2,4,1,2,1,5,8,5,2,6,1,6,10,1,6,6,10,4,0,6,0,268,268,486,26,69,378,13,166,115,1,0,12,38,234,17,217,304,44,50,18,31,151,10,199,113,33,53,122,122,385,121,48,61,21,93,39,2,245,6,27,9,44,136,23,284,284,477,477,656,405,39,212,278,111,22,8,20,54,4,54,3,0,2
2021,"Lewisham 023","E02000675",4281,7,6,1,0,0,0,0,0,0,0,84,13,2,0,0,7,1,1,0,9,0,4,11,1,0,1,5,9,3,1,4,1,2,5,4,6,6,11,2,0,9,0,310,310,475,21,60,388,6,167,103,9,4,16,35,239,16,223,265,30,38,10,30,145,12,287,160,58,69,108,108,411,128,57,65,16,84,51,10,232,8,34,10,42,115,23,276,276,500,500,617,375,33,209,286,114,23,14,25,45,4,56,0,0,5
2021,"Lewisham 024","E02000676",4362,2,1,1,0,2,0,1,0,0,1,114,9,10,0,1,13,0,1,3,10,0,4,4,3,0,3,1,18,3,4,6,0,4,12,5,7,7,10,2,0,8,0,231,231,377,11,31,328,7,128,84,0,7,14,23,178,21,157,422,75,76,38,24,200,9,279,142,59,78,100,100,579,137,84,104,28,139,84,3,179,10,24,13,23,80,29,244,244,536,536,623,355,37,231,351,185,35,4,31,50,3,37,2,0,4
2021,"Lewisham 025","E02000677",3590,0,0,0,0,2,0,2,0,0,0,95,14,4,0,0,5,1,0,0,8,2,5,8,0,1,1,4,10,5,6,4,1,3,13,0,12,12,7,2,1,4,0,221,221,427,23,44,348,12,167,116,3,2,14,32,189,17,172,211,13,37,19,23,112,7,179,91,32,56,106,106,309,120,38,49,14,67,20,1,186,8,27,12,19,105,15,264,264,414,414,554,343,51,160,247,92,16,5,29,47,1,53,1,0,3
2021,"Lewisham 026","E02000678",3126,3,3,0,0,2,0,2,0,0,0,43,2,1,0,0,4,1,0,0,2,0,1,2,0,1,1,5,4,4,0,4,0,1,8,2,6,6,13,1,1,9,2,283,283,414,28,65,315,6,175,119,4,5,8,39,159,15,144,141,15,28,11,18,65,4,109,63,19,27,63,63,174,58,29,32,5,28,18,4,240,7,30,10,45,127,21,187,187,359,359,600,340,80,180,155,41,14,9,24,22,3,33,9,0,0
2021,"Lewisham 027","E02000679",4116,2,2,0,0,1,0,1,0,0,0,105,10,16,0,0,5,0,1,0,10,0,0,5,1,2,2,3,11,0,4,11,3,6,12,3,21,21,5,1,0,4,0,255,255,420,20,45,342,13,166,117,3,2,8,36,164,12,152,328,55,79,25,18,144,7,234,129,39,66,58,58,463,113,56,80,36,99,76,3,204,7,30,10,18,116,23,225,225,488,488,621,349,29,243,356,186,26,7,46,33,2,51,2,0,3
2021,"Lewisham 028","E02000680",3531,3,2,0,1,3,0,3,0,0,0,70,6,6,0,1,3,0,0,1,8,1,0,5,1,2,2,1,10,1,2,2,1,6,11,0,10,10,8,1,1,6,0,179,179,362,17,38,301,6,132,102,0,2,9,19,192,16,176,288,59,69,22,13,118,7,152,73,35,44,52,52,368,73,57,61,12,88,73,4,189,5,31,14,30,91,18,191,191,423,423,583,357,43,183,326,166,36,6,23,46,3,40,2,0,4
2021,"Lewisham 029","E02000681",3941,2,2,0,0,2,0,2,0,0,0,100,14,2,0,0,18,0,0,1,4,2,6,7,2,1,2,6,7,0,3,6,0,7,11,1,13,13,11,1,0,10,0,315,315,480,20,64,387,9,214,153,2,1,24,34,207,22,185,206,19,33,15,37,95,7,155,74,30,51,76,76,258,85,30,33,14,56,32,8,253,4,20,15,31,148,35,252,252,468,468,658,404,56,198,271,83,21,11,49,27,6,67,4,0,3
2021,"Lewisham 030","E02000682",3838,2,2,0,0,1,0,1,0,0,0,72,19,0,1,1,3,0,0,0,5,1,2,5,0,1,1,6,1,1,2,8,2,3,8,2,7,7,9,3,1,5,0,354,354,599,27,76,484,12,226,154,2,4,22,44,220,11,209,144,15,21,8,15,83,2,130,75,24,31,109,109,212,83,26,43,13,38,9,0,270,4,31,10,54,149,22,191,191,362,362,743,437,62,244,187,30,18,6,30,36,2,62,1,0,2
2021,"Lewisham 031","E02000683",3223,0,0,0,0,4,1,2,1,0,0,50,3,1,0,1,6,1,0,0,4,0,4,3,0,1,0,2,2,3,5,2,2,3,3,4,5,5,17,2,1,14,0,335,335,404,17,40,329,18,149,89,3,4,20,33,236,32,204,187,16,31,13,32,90,5,165,73,38,54,67,67,217,76,28,39,15,28,28,3,215,5,39,6,34,109,22,171,171,316,316,502,288,69,145,183,60,16,10,24,22,1,44,1,0,5
2021,"Lewisham 033","E02000685",4048,3,3,0,0,6,1,4,0,0,1,80,14,3,0,0,5,1,0,1,8,1,2,4,1,0,5,1,7,2,3,4,4,5,9,0,8,8,9,4,0,5,0,221,221,459,17,48,381,13,154,104,2,1,12,35,215,19,196,296,50,58,30,25,129,4,179,102,26,51,67,67,421,100,59,84,24,99,54,1,237,6,37,16,26,108,44,228,228,481,481,656,380,45,231,328,143,29,11,42,46,1,48,1,0,7
2021,"Lewisham 034","E02000686",3344,0,0,0,0,3,0,2,1,0,0,71,17,2,0,1,4,2,0,0,4,0,2,3,1,4,2,3,2,2,9,2,1,1,6,3,10,10,5,0,0,5,0,269,269,511,18,77,406,10,199,133,1,2,19,44,204,25,179,145,17,23,8,12,77,8,105,60,20,25,63,63,161,61,19,21,12,25,21,2,268,9,28,7,43,149,32,201,201,332,332,625,384,64,177,172,49,15,9,23,23,5,43,0,0,5
2021,"Lewisham 035","E02000687",4226,2,1,0,1,4,0,3,0,1,0,61,8,2,0,0,14,1,0,0,7,0,2,0,0,4,0,2,4,2,1,3,1,6,3,1,22,22,5,1,1,3,0,270,270,452,9,59,375,9,195,118,2,6,25,44,186,20,166,304,48,71,23,23,128,11,233,123,42,68,91,91,426,99,55,64,22,112,73,1,241,5,29,20,33,112,42,253,253,480,480,629,374,47,208,372,191,41,10,36,36,2,50,1,0,5
2021,"Lewisham 037","E02006783",3458,3,3,0,0,2,0,1,0,1,0,74,8,3,0,0,5,2,0,0,2,0,2,5,0,0,0,7,6,12,3,3,2,5,3,6,2,2,5,1,0,4,0,362,362,465,30,65,362,8,219,145,3,4,13,54,225,18,207,149,13,11,11,27,83,4,118,62,26,30,64,64,165,62,23,19,5,33,17,6,270,6,30,7,39,160,28,210,210,348,348,597,363,59,175,180,41,7,11,17,32,2,66,2,0,2
2021,"Lewisham 038","E02006784",3639,3,2,0,1,3,0,3,0,0,0,78,11,3,0,4,7,0,0,0,5,0,0,1,4,5,3,3,2,1,4,11,0,5,8,1,8,8,11,2,1,7,1,364,364,541,27,74,426,14,254,172,2,5,16,59,202,16,186,176,12,29,8,24,98,5,159,82,39,38,69,69,204,70,37,30,6,38,20,3,230,12,24,5,45,131,13,206,206,349,349,579,346,56,177,203,51,9,30,22,23,4,61,3,0,0
2021,"Lewisham 039","E02006798",4733,0,0,0,0,2,0,1,0,1,0,87,14,3,1,1,4,0,3,1,10,0,3,8,1,0,0,4,4,1,4,4,0,6,10,5,19,19,10,2,0,7,1,260,260,473,17,70,378,8,165,125,0,3,12,25,384,54,330,364,35,87,33,24,178,7,209,106,37,66,67,67,482,128,56,79,25,126,66,2,368,5,40,15,58,212,38,201,201,468,468,717,400,44,273,457,229,44,16,19,41,7,96,1,0,4
2021,"Lewisham 040","E02007008",3571,3,2,0,1,2,0,1,0,0,1,60,2,5,2,3,4,0,0,0,8,0,8,6,0,1,2,2,4,1,2,2,0,2,6,0,12,12,4,1,0,3,0,141,141,341,8,28,290,15,75,41,2,7,7,18,240,39,201,466,33,52,29,26,314,12,386,229,51,106,57,57,459,123,80,73,26,100,53,4,186,6,34,14,24,82,26,152,152,279,279,493,350,27,116,215,83,16,10,24,21,3,48,6,0,4
2021,"Lewisham 041","E02007009",4762,4,3,0,1,1,0,0,0,0,1,77,9,8,0,4,5,1,1,0,4,0,3,6,2,0,2,4,8,1,0,2,1,3,10,3,12,12,12,4,1,7,0,288,288,496,11,62,409,14,156,105,4,3,13,31,361,39,322,364,58,69,28,32,163,14,256,141,38,77,83,83,418,101,69,71,29,87,56,5,336,6,31,17,43,207,32,271,271,472,472,782,479,71,232,373,184,24,9,36,44,6,63,3,0,4
2021,"Merton 001","E02000689",4915,2,2,0,0,18,0,12,1,3,2,147,29,18,2,1,10,3,0,2,3,2,1,25,1,1,2,6,12,1,3,7,2,1,13,2,36,36,14,7,1,6,0,213,213,457,10,71,349,27,107,54,4,14,18,17,172,19,153,458,46,56,30,45,260,21,565,281,94,190,139,139,753,253,177,84,33,141,62,3,200,6,55,20,18,64,37,220,220,527,527,568,400,16,152,319,115,17,14,71,55,0,33,6,0,8
2021,"Merton 002","E02000690",2313,1,1,0,0,9,0,7,1,1,0,68,8,0,0,2,2,0,0,1,6,0,5,11,0,0,1,0,5,1,0,6,4,4,11,1,13,13,13,4,2,7,0,97,97,169,3,51,107,8,29,9,3,5,5,7,102,10,92,185,19,20,5,15,121,5,368,196,35,137,97,97,424,151,111,55,16,54,37,0,91,1,19,16,6,28,21,63,63,203,203,236,177,7,52,145,40,8,3,29,25,1,20,14,0,5
2021,"Merton 003","E02000691",4230,0,0,0,0,14,0,13,1,0,0,92,8,7,0,0,5,2,1,0,4,3,5,17,3,2,1,1,15,3,1,3,2,2,6,1,19,19,6,0,0,6,0,214,214,400,12,59,309,20,99,55,2,9,18,15,175,25,150,391,40,38,29,28,243,13,485,253,52,180,110,110,682,201,133,108,39,131,59,11,194,3,53,29,13,61,35,157,157,426,426,487,367,9,111,279,99,32,15,52,37,0,36,4,0,4
2021,"Merton 004","E02000692",4208,3,3,0,0,20,0,16,1,1,2,137,15,9,3,2,10,0,0,1,1,2,6,23,0,2,2,2,14,6,1,10,1,0,24,3,30,30,12,4,1,7,0,156,156,329,8,66,245,10,76,42,3,11,11,9,139,29,110,450,54,51,20,34,280,11,592,306,70,216,106,106,709,237,147,89,49,121,63,3,158,4,45,31,12,38,28,182,182,357,357,476,354,18,104,276,107,18,12,50,43,0,36,2,0,8
2021,"Merton 005","E02000693",6221,11,11,0,0,10,0,7,1,1,1,166,23,15,1,2,13,0,0,0,4,2,4,16,4,5,0,5,14,4,4,13,5,6,25,1,18,18,12,6,0,6,0,418,418,725,22,73,605,25,169,114,3,8,16,28,380,47,333,573,66,85,34,37,329,22,358,169,72,117,116,116,757,190,111,105,47,205,87,12,398,6,73,41,35,183,60,307,307,528,528,871,626,44,201,404,151,34,22,82,39,1,59,9,0,7
2021,"Merton 006","E02000694",5400,3,3,0,0,5,0,3,0,2,0,157,18,13,3,1,10,1,0,1,2,4,4,18,2,0,1,1,21,3,3,10,5,3,31,2,18,18,14,2,2,9,1,286,286,486,16,71,386,13,119,71,7,9,11,21,202,33,169,571,60,76,38,44,328,25,565,319,88,158,98,98,838,279,151,102,42,192,63,9,302,3,57,53,25,126,38,261,261,457,457,678,486,26,166,340,129,21,22,57,55,3,45,2,0,6
2021,"Merton 007","E02000695",4563,1,1,0,0,7,1,3,0,2,1,93,27,7,0,1,6,0,0,0,4,0,0,5,1,1,0,4,10,1,0,11,1,2,10,2,13,13,9,5,1,3,0,518,518,605,16,86,481,22,223,137,2,7,19,58,255,25,230,259,24,29,16,25,149,16,205,124,26,55,101,101,425,142,57,62,17,92,50,5,353,9,33,16,37,221,37,210,210,389,389,664,420,49,195,233,76,9,9,33,32,0,61,10,0,3
2021,"Merton 008","E02000696",4901,0,0,0,0,4,0,3,0,0,1,133,16,4,0,5,9,1,5,0,4,0,1,17,5,3,2,11,13,5,3,6,0,6,14,3,13,13,14,0,1,11,2,551,551,654,25,103,508,18,231,138,5,5,24,59,322,28,294,309,28,48,17,37,171,8,184,97,38,49,73,73,404,127,56,61,28,84,44,4,393,6,39,21,44,249,34,232,232,364,364,711,417,65,229,309,103,17,9,57,43,1,69,7,0,3
2021,"Merton 009","E02000697",5421,3,3,0,0,21,1,15,1,0,4,158,22,7,5,5,8,0,0,0,6,2,7,21,1,3,1,3,23,0,6,13,0,3,21,1,31,31,13,4,0,9,0,274,274,513,10,71,415,17,112,67,6,9,11,19,235,37,198,628,66,59,44,55,382,22,577,326,87,164,115,115,831,254,148,144,46,163,69,7,266,7,56,53,13,85,52,225,225,449,449,602,425,24,153,368,133,18,33,59,49,0,59,7,0,10
2021,"Merton 010","E02000698",3961,0,0,0,0,12,0,9,1,2,0,119,6,11,3,3,5,4,0,0,3,2,5,18,2,2,3,9,10,1,2,5,3,4,17,1,15,15,11,4,0,7,0,199,199,315,13,53,234,15,71,23,11,5,19,13,128,21,107,390,51,45,17,27,242,8,480,259,55,166,128,128,660,223,149,101,35,87,59,6,156,11,29,25,14,54,23,128,128,422,422,490,361,20,109,237,85,13,7,48,34,4,34,7,0,5
2021,"Merton 011","E02000699",4495,0,0,0,0,18,0,15,0,2,1,119,10,4,3,1,8,1,0,1,6,2,6,13,1,0,1,6,15,4,3,5,3,6,18,2,23,23,19,9,1,8,1,224,224,435,14,60,351,10,90,49,5,8,13,15,157,17,140,500,44,51,29,45,311,20,508,300,65,143,108,108,649,196,122,104,37,124,56,10,209,2,48,27,14,78,40,211,211,479,479,479,334,20,125,267,99,12,14,36,55,0,42,0,0,9
2021,"Merton 012","E02000700",4323,2,2,0,0,3,0,3,0,0,0,107,12,4,0,4,6,1,0,4,5,0,3,4,2,5,1,7,7,3,3,5,2,4,23,2,8,8,16,2,2,11,1,447,447,652,31,84,519,18,251,149,7,8,30,57,305,35,270,223,25,22,16,12,135,13,170,100,20,50,66,66,283,86,29,41,17,68,33,9,363,13,33,19,41,220,37,173,173,365,365,657,397,72,188,232,56,9,9,39,23,4,76,11,0,5
2021,"Merton 013","E02000701",4535,0,0,0,0,2,0,1,1,0,0,105,24,1,0,3,9,0,0,0,6,2,2,9,2,2,4,8,4,3,2,3,2,4,11,4,8,8,19,3,6,10,0,511,511,830,34,99,679,18,266,183,0,4,31,48,298,32,266,186,20,20,9,19,111,7,132,79,13,40,70,70,200,75,28,23,9,40,21,4,363,16,28,17,37,236,29,206,206,362,362,748,446,81,221,229,53,5,9,39,34,5,69,12,0,3
2021,"Merton 014","E02000702",4354,0,0,0,0,6,0,5,1,0,0,91,14,1,1,3,5,0,0,0,4,0,4,7,7,4,1,5,7,5,1,6,1,3,7,5,15,15,16,1,3,12,0,438,438,624,48,91,475,10,307,204,2,6,18,77,230,28,202,198,7,23,18,23,120,7,146,70,29,47,93,93,218,79,33,31,13,45,16,1,362,8,29,21,50,232,22,243,243,379,379,757,471,62,224,231,51,11,13,50,31,4,56,11,0,4
2021,"Merton 015","E02000703",3956,4,3,1,0,2,0,0,1,0,1,93,7,3,1,2,3,1,0,1,2,1,2,16,1,0,3,5,7,1,1,5,1,7,21,2,12,12,6,0,1,4,1,233,233,362,22,57,267,16,126,77,2,6,14,27,154,24,130,367,42,43,15,34,221,12,362,192,58,112,85,85,503,178,101,68,29,73,48,6,215,3,27,19,17,111,38,208,208,478,478,498,324,32,142,248,72,23,10,55,42,2,39,1,0,4
2021,"Merton 016","E02000704",4763,3,3,0,0,5,0,4,1,0,0,172,19,11,3,0,5,0,0,2,6,0,8,14,3,6,4,13,20,1,5,5,3,8,28,8,16,16,17,3,1,11,2,337,337,529,18,75,421,15,135,70,3,11,18,33,257,31,226,481,32,53,31,46,310,9,340,181,61,98,99,99,523,145,101,97,25,101,47,7,246,4,49,27,27,100,39,215,215,483,483,602,390,34,178,303,72,29,25,49,48,5,63,5,0,7
2021,"Merton 017","E02000705",4731,2,2,0,0,2,1,1,0,0,0,106,13,1,0,2,10,1,2,0,7,0,8,8,4,0,0,10,5,2,6,3,3,2,12,7,10,10,11,3,0,8,0,578,578,690,42,94,541,13,288,175,1,11,23,78,269,31,238,224,18,24,13,26,135,8,160,86,30,44,91,91,334,113,59,55,14,56,35,2,373,6,23,16,39,261,28,264,264,420,420,705,417,58,230,204,40,10,7,38,32,8,50,13,0,6
2021,"Merton 018","E02000706",4680,1,1,0,0,7,0,4,2,1,0,123,21,5,0,4,7,0,1,2,6,0,2,9,5,0,0,6,6,0,3,4,3,12,25,2,7,7,11,2,1,8,0,464,464,764,48,109,596,11,344,219,3,7,29,86,310,34,276,182,13,23,6,29,107,4,112,62,24,26,73,73,224,85,29,30,20,34,25,1,431,17,26,26,50,270,42,179,179,428,428,819,504,106,209,201,38,6,11,39,22,1,67,10,0,7
2021,"Merton 019","E02000707",3851,1,1,0,0,3,1,2,0,0,0,99,10,2,0,1,15,0,1,0,4,0,4,7,1,3,0,7,3,6,6,9,6,1,12,1,17,17,14,8,0,6,0,419,419,582,37,96,444,5,281,188,4,8,23,58,207,15,192,128,7,20,7,20,65,9,108,59,19,30,70,70,168,60,26,31,9,21,19,2,352,9,18,8,64,228,25,175,175,365,365,718,413,72,233,144,16,5,5,33,26,1,54,1,0,3
2021,"Merton 020","E02000708",4622,5,5,0,0,20,0,18,0,1,1,132,17,5,3,2,12,2,1,0,6,1,6,12,2,2,3,2,14,3,2,4,7,6,19,1,14,14,7,2,0,5,0,365,365,580,29,83,446,22,172,100,4,8,17,43,202,27,175,349,28,34,18,29,229,11,383,206,48,129,93,93,520,168,104,90,25,100,28,5,213,11,40,33,15,88,26,241,241,504,504,547,343,38,166,275,76,8,7,59,51,3,61,4,0,6
2021,"Merton 021","E02000709",3920,1,1,0,0,4,0,3,1,0,0,98,11,4,0,3,5,0,0,0,9,0,2,6,4,5,0,2,8,2,1,7,2,7,16,4,17,17,16,3,1,12,0,380,380,495,33,84,371,7,165,115,4,6,7,33,130,25,105,304,24,33,21,38,177,11,234,123,38,73,84,84,403,129,62,91,20,64,33,4,184,12,32,13,17,87,23,210,210,489,489,478,309,24,145,228,53,9,7,49,52,3,44,6,0,5
2021,"Merton 022","E02000710",4334,1,1,0,0,1,0,1,0,0,0,126,20,2,0,3,4,4,0,3,6,1,8,11,5,3,2,12,8,3,8,4,1,2,12,4,14,14,19,2,2,15,0,486,486,687,40,87,543,17,230,159,2,7,13,49,250,30,220,205,14,32,14,20,116,9,135,77,26,32,60,60,282,100,37,55,18,39,27,6,345,6,31,23,49,198,38,218,218,358,358,697,443,67,187,220,34,15,13,50,25,5,65,8,0,5
2021,"Merton 023","E02000711",4827,0,0,0,0,4,0,4,0,0,0,135,12,0,0,9,11,0,2,0,8,0,8,11,6,1,3,11,12,6,6,7,2,3,16,1,8,8,12,1,0,11,0,609,609,686,39,96,537,14,269,167,6,11,32,53,335,56,279,307,27,33,18,25,199,5,187,84,48,55,79,79,344,123,47,57,26,55,32,4,370,5,41,26,43,223,32,183,183,392,392,666,431,49,186,241,41,17,15,39,50,2,71,2,0,4
2021,"Merton 024","E02000712",4594,3,2,1,0,8,0,6,1,1,0,149,12,0,1,2,8,2,1,0,9,1,7,5,14,2,3,16,6,1,7,10,1,14,20,7,12,12,15,3,4,8,0,522,522,712,48,98,555,11,274,206,3,3,20,42,294,35,259,200,14,18,16,28,114,10,147,74,34,39,73,73,288,109,33,51,20,29,40,6,351,27,39,23,72,160,30,225,225,422,422,656,423,56,177,243,56,10,5,29,51,4,75,8,0,5
2021,"Merton 025","E02000713",3957,1,1,0,0,10,0,9,0,0,1,142,14,6,0,6,4,0,0,0,15,2,3,8,2,1,1,10,16,6,8,8,2,8,17,5,17,17,11,4,2,5,0,438,438,551,63,69,397,22,233,150,5,6,20,52,161,25,136,232,12,23,26,38,126,7,149,72,28,49,93,93,257,87,29,48,17,39,26,11,206,11,31,17,18,101,28,236,236,416,416,578,394,29,155,226,29,5,3,70,33,2,76,6,0,2
2021,"Newham 001","E02000714",3707,3,3,0,0,0,0,0,0,0,0,68,13,7,1,0,8,1,1,0,8,0,1,2,0,1,2,2,5,1,0,7,1,1,6,0,18,18,12,3,0,8,1,408,408,462,23,83,346,10,191,134,3,3,18,33,302,41,261,190,22,44,16,12,91,5,98,51,25,22,59,59,253,67,33,32,9,68,43,1,303,9,19,12,60,177,26,191,191,394,394,520,327,29,164,235,73,12,16,23,35,0,57,16,0,3
2021,"Newham 002","E02000715",2707,0,0,0,0,0,0,0,0,0,0,68,23,1,0,3,8,0,0,0,0,0,1,6,0,2,1,2,5,0,1,4,1,1,6,3,3,3,5,1,1,3,0,284,284,471,18,84,360,9,244,174,3,1,20,46,226,18,208,91,6,4,5,10,61,5,55,30,7,18,49,49,124,52,18,14,6,16,18,0,248,8,19,9,64,120,28,128,128,249,249,361,229,36,96,101,13,4,7,11,16,5,43,1,0,1
2021,"Newham 003","E02000716",3038,2,2,0,0,0,0,0,0,0,0,75,19,6,1,1,13,1,2,0,4,0,0,4,0,2,1,3,3,0,0,0,0,7,7,1,0,0,5,0,0,5,0,301,301,504,18,83,396,7,229,154,1,2,22,50,269,16,253,155,11,30,15,11,83,5,94,51,14,29,56,56,152,52,23,19,6,30,19,3,233,3,16,12,60,116,26,156,156,287,287,401,247,36,118,119,34,3,7,12,21,2,39,1,0,0
2021,"Newham 004","E02000717",3254,0,0,0,0,1,0,1,0,0,0,98,26,1,1,5,21,0,0,1,2,1,2,1,0,2,1,5,3,1,1,8,1,4,7,4,3,3,6,0,0,6,0,298,298,603,18,75,491,19,270,168,18,3,22,59,339,29,310,101,4,9,6,10,70,2,94,58,7,29,72,72,139,61,19,11,7,18,22,1,285,9,12,21,79,136,28,172,172,287,287,396,242,34,120,90,12,4,6,7,23,4,28,3,0,3
2021,"Newham 005","E02000718",2781,1,1,0,0,0,0,0,0,0,0,60,13,4,1,3,9,1,0,0,4,0,2,2,0,3,0,4,0,0,0,5,0,2,7,0,5,5,4,1,0,3,0,249,249,504,17,66,416,5,235,158,0,1,25,51,241,26,215,102,2,10,4,12,72,2,63,34,10,19,39,39,78,32,10,15,2,10,8,1,275,5,35,19,64,123,29,130,130,292,292,391,227,59,105,112,16,3,14,9,18,4,47,1,0,0
2021,"Newham 006","E02000719",4081,0,0,0,0,0,0,0,0,0,0,89,20,2,1,1,7,0,2,1,7,0,1,5,1,0,0,9,7,0,2,6,1,6,10,0,7,7,4,1,0,3,0,569,569,578,21,90,455,12,183,109,3,0,27,44,382,49,333,161,18,25,3,17,95,3,110,59,20,31,64,64,247,67,34,35,22,54,32,3,403,10,37,10,65,238,43,168,168,355,355,549,368,35,146,212,70,11,23,19,24,3,50,10,0,2
2021,"Newham 007","E02000720",3311,2,2,0,0,1,0,1,0,0,0,104,17,2,0,2,22,2,0,1,9,0,1,5,4,3,1,6,2,2,2,5,1,4,13,0,9,9,9,2,0,7,0,306,306,559,25,99,429,6,196,110,2,2,36,46,260,32,228,154,12,29,12,12,87,2,81,44,13,24,93,93,222,75,40,20,11,44,31,1,287,8,14,14,59,142,50,149,149,343,343,363,223,26,114,173,64,10,8,13,28,3,45,1,0,1
2021,"Newham 008","E02000721",3779,3,3,0,0,4,0,3,0,1,0,127,23,2,0,2,28,0,0,2,8,0,2,9,2,5,0,7,4,1,6,6,3,7,10,0,5,5,14,0,0,14,0,343,343,654,27,105,510,12,299,186,1,3,39,70,379,46,333,138,2,20,8,20,84,4,104,50,19,35,77,77,163,68,21,22,5,28,19,0,349,8,24,16,89,192,20,188,188,387,387,388,242,35,111,157,32,7,19,15,25,1,54,1,0,3
2021,"Newham 009","E02000722",4208,0,0,0,0,1,0,1,0,0,0,107,16,4,0,1,14,0,0,0,7,0,4,9,1,1,3,5,6,0,1,8,1,12,12,2,14,14,10,1,2,7,0,510,510,558,26,81,442,9,214,137,2,2,27,46,434,73,361,244,18,31,16,23,143,13,127,64,30,33,70,70,276,92,39,33,25,56,29,2,399,7,32,17,61,240,42,152,152,365,365,496,302,38,156,231,74,13,24,30,33,6,40,7,0,4
2021,"Newham 010","E02000723",4749,0,0,0,0,0,0,0,0,0,0,130,35,3,0,1,16,1,0,1,8,1,3,9,2,1,2,4,4,3,2,12,3,5,13,1,7,7,15,2,0,13,0,511,511,884,40,108,718,18,448,276,6,2,44,120,370,55,315,303,7,9,4,36,228,19,123,83,14,26,63,63,227,108,22,37,14,22,23,1,359,10,21,24,93,168,43,230,230,453,453,468,307,36,125,158,25,6,15,11,38,4,46,4,0,9
2021,"Newham 011","E02000724",3856,2,2,0,0,0,0,0,0,0,0,115,38,1,0,0,17,1,0,2,3,0,3,3,6,1,4,9,3,1,5,7,1,0,4,6,4,4,2,0,0,2,0,407,407,744,19,110,595,20,320,222,4,0,25,69,305,41,264,133,5,11,4,11,97,5,107,64,16,27,73,73,182,71,35,19,6,23,26,2,350,9,15,7,96,185,38,201,201,381,381,436,250,36,150,94,18,5,6,12,20,5,25,2,0,1
2021,"Newham 012","E02000725",5302,3,3,0,0,6,1,5,0,0,0,104,22,1,2,5,15,2,0,0,7,0,3,7,2,2,0,4,3,0,4,7,1,7,7,3,12,12,18,4,1,13,0,520,520,654,18,56,558,22,210,133,2,4,28,43,462,61,401,416,26,44,14,33,275,24,337,207,43,87,102,102,422,143,58,61,29,88,39,4,440,6,60,22,77,230,45,242,242,430,430,651,419,43,189,273,92,10,33,33,36,1,62,3,0,3
2021,"Newham 014","E02000727",3334,2,1,0,1,1,0,1,0,0,0,106,31,4,0,4,12,1,0,0,3,0,3,6,8,1,0,7,3,1,3,8,0,1,9,1,2,2,5,2,0,3,0,312,312,714,30,106,559,19,268,170,9,5,25,59,288,32,256,142,5,11,6,13,106,1,83,51,8,24,50,50,139,56,26,20,7,14,16,0,353,12,17,11,109,164,40,131,131,270,270,358,214,25,119,110,26,2,3,6,13,6,49,5,0,0
2021,"Newham 015","E02000728",3784,0,0,0,0,0,0,0,0,0,0,117,31,1,0,0,23,1,0,0,10,0,4,6,6,0,0,8,6,0,2,8,2,5,4,0,2,2,2,1,0,1,0,560,560,770,21,129,611,9,297,177,3,4,27,86,303,48,255,184,1,6,3,29,138,7,94,60,12,22,39,39,186,86,20,23,11,30,15,1,352,5,26,11,60,222,28,133,133,235,235,381,253,38,90,129,27,6,10,14,11,3,51,0,0,7
2021,"Newham 016","E02000729",3300,3,3,0,0,1,0,0,0,1,0,96,15,2,3,0,13,0,0,0,10,0,4,9,2,1,1,4,6,1,0,8,0,8,7,2,4,4,10,2,1,7,0,378,378,436,13,56,357,10,205,129,3,1,25,47,308,32,276,144,8,26,5,14,87,4,126,81,18,27,62,62,181,80,16,29,6,27,22,1,332,7,21,7,56,203,38,162,162,368,368,352,230,38,84,132,39,9,8,27,23,0,20,3,0,3
2021,"Newham 017","E02000730",4091,0,0,0,0,0,0,0,0,0,0,121,29,0,0,7,14,2,0,0,4,0,1,6,6,3,1,4,9,3,1,9,4,8,8,2,11,11,8,3,1,3,1,484,484,781,24,117,636,4,273,175,3,4,31,60,363,49,314,155,4,14,1,33,100,3,135,96,6,33,63,63,219,106,30,22,9,26,25,1,316,5,24,9,89,151,38,192,192,414,414,416,279,19,118,140,22,16,6,13,33,3,42,3,0,2
2021,"Newham 018","E02000731",3992,2,1,0,1,2,0,2,0,0,0,128,40,1,0,2,14,1,0,1,0,0,1,4,5,1,4,14,4,1,2,12,1,4,14,2,5,5,6,1,0,5,0,431,431,779,16,108,636,19,303,198,1,1,29,74,354,37,317,177,5,14,4,16,134,4,113,80,9,24,65,65,190,85,22,22,11,32,17,1,387,7,24,8,125,184,39,149,149,292,292,486,313,49,124,123,16,7,7,19,21,6,31,5,0,11
2021,"Newham 019","E02000732",3538,3,3,0,0,2,0,2,0,0,0,78,11,4,0,1,14,0,0,0,4,0,3,4,6,2,0,6,3,2,0,6,0,1,7,4,13,13,9,0,0,9,0,297,297,613,16,84,488,25,264,169,3,5,25,62,280,35,245,168,5,15,4,17,119,8,131,70,28,33,55,55,250,93,37,40,16,42,20,2,335,11,26,7,87,154,50,154,154,323,323,438,279,35,124,125,34,3,10,15,16,3,40,2,0,2
2021,"Newham 020","E02000733",4826,2,1,0,1,1,0,1,0,0,0,102,25,4,0,3,12,0,0,0,7,0,5,7,0,1,0,0,4,0,3,11,2,5,11,2,9,9,18,2,0,15,1,544,544,607,26,64,504,13,278,147,4,20,37,70,447,75,372,224,12,38,14,23,126,11,144,95,17,32,104,104,296,99,53,26,14,65,32,7,428,7,34,15,93,234,45,256,256,450,450,696,455,64,177,220,71,11,23,22,29,3,51,8,0,2
2021,"Newham 021","E02000734",3465,4,4,0,0,1,0,1,0,0,0,80,9,3,0,0,12,1,1,0,3,0,1,2,1,0,0,7,5,3,5,5,1,12,8,1,11,11,10,0,0,9,1,385,385,515,17,58,436,4,211,117,4,3,31,56,311,33,278,162,8,31,14,14,92,3,130,80,19,31,42,42,181,58,27,23,20,27,25,1,321,5,22,9,73,185,27,154,154,305,305,485,332,25,128,157,46,8,11,11,13,5,51,7,0,5
2021,"Newham 022","E02000735",3717,2,1,0,1,2,0,2,0,0,0,102,44,1,0,1,17,0,0,0,6,0,1,3,0,1,0,5,7,1,4,2,1,0,5,3,17,17,4,1,0,3,0,403,403,677,29,71,566,11,231,142,0,2,34,53,340,52,288,148,9,15,11,10,101,2,93,54,8,31,83,83,204,73,24,24,11,48,22,2,327,5,22,10,65,180,45,150,150,344,344,450,296,39,115,140,27,6,10,16,25,6,38,12,0,0
2021,"Newham 023","E02000736",3649,4,3,1,0,0,0,0,0,0,0,116,37,3,0,0,7,0,0,0,8,0,0,2,0,3,2,3,8,2,4,9,1,6,19,2,15,15,8,1,0,7,0,393,393,659,31,100,521,7,309,207,5,1,29,67,281,46,235,136,6,6,1,21,99,3,99,59,14,26,43,43,156,66,9,21,11,24,24,1,347,11,22,12,94,166,42,154,154,322,322,486,276,51,159,121,25,10,14,11,11,3,38,4,0,5
2021,"Newham 024","E02000737",4340,5,4,1,0,2,0,1,1,0,0,111,24,3,0,5,18,2,0,0,5,0,0,4,5,0,5,2,8,0,1,10,1,5,12,1,7,7,5,0,0,5,0,505,505,724,25,108,581,10,349,228,1,3,40,77,325,36,289,187,11,14,8,22,127,5,118,64,20,34,62,62,187,79,17,27,4,28,29,3,355,14,15,16,90,180,40,212,212,406,406,594,379,56,159,186,35,5,12,23,24,6,65,11,0,5
2021,"Newham 025","E02000738",4394,3,3,0,0,4,0,3,0,1,0,102,27,1,0,4,16,0,0,0,10,0,1,2,3,1,0,5,1,3,0,7,3,4,12,2,7,7,16,8,1,7,0,504,504,668,23,95,520,30,280,182,4,1,33,60,362,47,315,189,10,23,8,22,117,9,150,89,27,34,88,88,262,106,15,35,12,64,30,0,357,6,16,14,86,197,38,221,221,409,409,541,371,31,139,231,54,6,10,21,23,3,95,18,0,1
2021,"Newham 026","E02000739",3579,1,1,0,0,1,0,1,0,0,0,83,25,0,0,1,9,0,0,0,5,0,1,10,1,0,0,4,2,1,1,5,1,4,11,2,7,7,5,2,0,3,0,487,487,451,20,69,355,7,228,147,3,0,29,49,371,75,296,145,3,18,4,13,104,3,95,54,12,29,47,47,150,68,17,21,8,23,13,0,374,9,26,7,70,239,23,172,172,299,299,518,343,38,137,145,36,11,9,13,30,3,34,6,0,3
2021,"Newham 027","E02000740",3239,4,4,0,0,0,0,0,0,0,0,83,22,1,0,1,5,2,0,0,3,2,2,7,1,1,1,6,2,1,2,7,3,2,10,2,11,11,4,0,0,1,3,387,387,426,17,51,350,8,184,128,2,2,19,33,305,50,255,169,13,17,9,15,105,10,89,54,15,20,56,56,164,61,18,27,10,31,17,0,307,9,24,9,64,180,21,157,157,304,304,438,276,42,120,151,42,6,16,11,15,1,45,11,0,4
2021,"Newham 028","E02000741",3651,1,1,0,0,4,0,4,0,0,0,96,19,0,0,0,5,0,1,1,6,3,6,8,1,3,1,7,5,7,4,4,5,3,6,1,9,9,14,5,1,5,3,464,464,505,17,74,408,6,233,157,4,4,22,46,298,56,242,136,9,21,9,17,78,2,95,46,16,33,67,67,186,62,21,21,14,40,27,1,375,5,24,12,62,239,33,152,152,339,339,536,352,38,146,141,35,3,14,15,17,3,41,13,0,0
2021,"Newham 029","E02000742",3699,1,1,0,0,0,0,0,0,0,0,67,12,0,0,0,8,0,1,0,6,0,1,5,0,2,2,7,3,0,1,4,1,6,4,4,6,6,9,1,0,7,1,556,556,575,24,72,464,15,289,176,1,3,46,63,324,44,280,122,5,4,6,34,69,4,113,79,10,24,49,49,158,53,26,15,10,36,17,1,350,11,20,12,52,223,32,151,151,343,343,456,293,34,129,130,26,5,12,18,17,4,44,3,0,1
2021,"Newham 030","E02000743",4815,1,1,0,0,5,0,3,0,2,0,115,30,4,0,0,17,3,0,0,2,1,1,7,1,0,1,2,3,0,3,10,1,2,25,2,5,5,14,2,0,7,5,507,507,595,21,86,472,16,266,153,4,7,33,69,485,70,415,248,7,28,10,22,170,11,226,145,25,56,92,92,322,135,51,34,15,60,27,0,506,11,36,13,89,308,49,229,229,391,391,618,402,49,167,190,55,8,16,22,23,4,55,4,0,3
2021,"Newham 031","E02000744",4290,4,4,0,0,1,0,1,0,0,0,106,33,5,0,2,11,0,0,0,5,1,2,2,0,0,2,1,7,1,3,9,1,7,11,3,11,11,12,1,2,7,2,626,626,539,12,86,431,10,250,173,4,2,25,46,393,70,323,164,6,21,8,15,110,4,153,103,20,30,72,72,221,77,34,32,14,41,19,4,413,15,27,9,80,256,26,183,183,364,364,613,412,55,146,165,33,4,20,21,23,1,51,9,0,3
2021,"Newham 032","E02000745",4175,4,4,0,0,0,0,0,0,0,0,93,22,2,1,1,16,3,0,2,6,2,1,3,2,0,1,8,3,3,5,6,0,1,3,2,8,8,10,2,1,7,0,715,715,474,23,65,379,7,253,159,1,4,34,55,368,63,305,151,7,13,5,11,105,10,158,101,19,38,76,76,165,65,13,27,14,19,25,2,460,15,29,14,91,278,33,153,153,353,353,559,331,64,164,175,27,2,18,18,26,7,70,7,0,0
2021,"Newham 033","E02000746",4613,8,5,1,2,9,0,8,1,0,0,117,22,5,0,1,9,1,0,1,18,0,4,7,1,1,2,7,6,2,6,5,2,5,9,3,17,17,12,1,0,10,1,494,494,584,33,92,443,16,243,161,3,8,30,41,368,83,285,312,12,25,12,22,230,11,315,183,49,83,88,88,347,122,48,55,24,66,27,5,321,13,30,19,60,159,40,229,229,425,425,517,372,27,118,207,48,5,16,28,35,5,61,5,0,4
2021,"Newham 034","E02000747",7400,9,9,0,0,5,0,4,1,0,0,165,34,4,1,2,23,2,0,0,10,2,7,11,5,2,3,8,6,0,7,12,0,12,13,1,25,25,18,4,0,13,1,584,584,805,32,139,608,26,282,169,12,10,42,49,533,119,414,734,32,44,18,37,562,41,861,544,85,232,128,128,851,358,168,73,46,148,54,4,535,20,67,32,95,268,53,262,262,475,475,796,548,57,191,332,97,15,40,50,42,2,72,6,0,8
2021,"Newham 035","E02000748",3089,0,0,0,0,1,0,1,0,0,0,80,22,2,0,0,6,1,1,0,7,0,1,1,5,4,2,0,2,1,3,2,1,6,8,5,3,3,9,1,0,8,0,601,601,423,32,61,325,5,158,96,4,1,29,28,269,46,223,126,9,7,8,7,91,4,99,54,14,31,59,59,170,70,22,30,6,17,24,1,309,6,22,15,39,202,25,106,106,238,238,312,189,22,101,126,21,4,15,13,15,4,45,4,0,5
2021,"Newham 036","E02000749",4335,4,4,0,0,5,0,3,1,0,1,130,21,2,0,0,14,3,12,0,19,1,1,3,2,5,1,4,4,1,3,4,3,4,19,4,14,14,19,2,1,15,1,571,571,568,23,78,458,9,274,171,6,3,42,52,391,78,313,171,9,15,7,14,123,3,151,91,27,33,77,77,190,80,32,16,7,36,19,0,427,11,30,13,76,262,35,168,168,375,375,614,365,59,190,186,42,8,18,32,25,2,49,7,0,3
2021,"Newham 038","E02006995",5448,7,7,0,0,5,0,5,0,0,0,113,10,9,0,1,18,2,0,0,7,0,6,10,1,2,3,1,9,3,1,12,1,5,11,1,18,18,12,3,1,7,1,173,173,490,7,46,419,18,126,79,5,6,24,12,203,26,177,787,38,84,40,33,544,48,755,444,95,216,79,79,965,347,146,118,85,199,66,4,221,3,62,25,39,44,48,232,232,393,393,579,463,9,107,290,121,12,36,36,42,0,37,0,0,6
2021,"Newham 039","E02006996",4706,5,5,0,0,4,0,3,0,1,0,88,10,7,0,3,12,1,2,2,2,1,3,7,0,0,2,5,9,0,2,6,0,2,10,2,16,16,13,3,0,10,0,285,285,506,7,66,411,22,179,108,1,7,26,37,318,44,274,548,21,44,21,45,370,47,488,291,51,146,70,70,651,258,114,79,32,126,39,3,314,3,60,23,54,130,44,180,180,334,334,486,347,23,116,221,78,6,27,42,26,3,36,1,0,2
2021,"Newham 040","E02006997",4434,4,4,0,0,3,1,2,0,0,0,92,12,3,1,1,12,0,0,0,0,2,4,12,1,0,4,3,5,0,2,3,2,5,15,5,11,11,9,3,0,6,0,240,240,437,15,54,355,13,168,106,6,8,25,23,326,45,281,508,27,41,25,27,362,26,461,264,64,133,62,62,576,182,94,70,30,155,44,1,231,3,47,19,40,93,29,197,197,347,347,516,379,26,111,246,103,4,31,31,32,0,33,2,0,10
2021,"Newham 041","E02006998",3488,1,1,0,0,5,0,1,2,2,0,83,20,1,0,2,8,3,0,0,5,0,2,4,1,1,5,5,6,0,2,4,2,3,8,1,11,11,10,2,1,7,0,400,400,454,17,58,366,13,255,141,7,4,58,45,300,56,244,189,16,11,2,15,138,7,169,103,16,50,76,76,194,84,21,33,8,27,21,0,310,7,31,8,64,168,32,145,145,253,253,474,288,41,145,159,35,7,12,19,19,2,57,4,0,4
2021,"Newham 042","E02006999",7318,5,5,0,0,5,2,3,0,0,0,156,19,10,0,2,15,1,0,0,14,4,7,11,2,3,2,4,12,7,4,6,2,7,20,4,33,33,17,5,0,12,0,378,378,718,17,80,589,32,220,121,9,11,39,40,412,86,326,949,38,61,30,63,715,42,1116,722,106,288,158,158,986,363,202,112,36,193,76,4,414,17,75,35,70,144,73,273,273,433,433,710,485,41,184,335,107,10,27,56,54,0,71,2,0,8
2021,"Redbridge 001","E02000751",5182,8,4,2,2,5,0,4,0,0,1,201,13,6,0,1,14,2,2,2,24,0,13,18,1,0,5,11,20,2,3,15,2,17,26,4,14,14,17,4,2,11,0,459,459,497,29,108,336,24,141,85,4,5,17,30,169,20,149,376,29,44,27,45,220,11,590,313,97,180,172,172,608,286,94,62,15,105,40,6,220,8,64,13,29,84,22,216,216,576,576,677,528,38,111,236,57,4,5,48,36,4,74,6,0,2
2021,"Redbridge 002","E02000752",4234,0,0,0,0,2,0,1,0,0,1,156,21,4,0,4,10,0,3,3,8,0,5,11,3,6,0,13,5,3,6,18,0,3,15,15,12,12,9,2,0,7,0,678,678,524,41,91,373,19,230,151,4,3,16,56,171,32,139,205,11,7,10,33,142,2,204,123,25,56,109,109,243,119,18,26,7,39,26,8,336,15,62,10,51,173,25,187,187,412,412,559,337,64,158,197,32,6,8,36,30,4,69,3,0,9
2021,"Redbridge 003","E02000753",3249,2,1,0,1,2,0,2,0,0,0,93,9,4,0,0,4,2,2,0,6,0,3,8,7,4,1,6,7,4,3,8,0,3,11,1,15,15,20,5,1,14,0,528,528,395,35,61,288,11,180,132,0,5,14,29,155,18,137,150,4,7,5,36,94,4,176,108,19,49,71,71,211,100,27,27,7,24,19,7,225,3,30,12,25,140,15,147,147,300,300,439,255,45,139,140,14,10,11,25,15,4,58,3,0,0
2021,"Redbridge 004","E02000754",3502,2,2,0,0,0,0,0,0,0,0,86,7,1,3,4,10,0,0,1,12,0,1,7,2,5,2,3,4,0,1,6,2,1,11,3,13,13,8,1,0,6,1,420,420,374,24,55,286,9,130,90,4,2,9,25,135,23,112,275,22,37,22,29,155,10,297,159,45,93,73,73,319,129,59,41,15,45,27,3,207,4,40,12,30,95,26,192,192,394,394,421,273,30,118,156,54,7,9,22,18,2,39,3,0,2
2021,"Redbridge 005","E02000755",2815,1,1,0,0,2,0,1,0,0,1,77,8,1,0,3,5,0,2,0,6,0,1,7,1,2,0,7,7,1,3,9,3,4,6,1,10,10,13,4,3,6,0,397,397,304,20,48,231,5,136,97,6,2,11,20,136,24,112,139,10,10,15,14,89,1,192,115,38,39,58,58,236,119,26,28,3,39,19,2,174,8,44,8,25,78,11,161,161,319,319,317,211,22,84,143,29,6,10,22,17,0,58,1,0,0
2021,"Redbridge 006","E02000756",7086,2,1,1,0,4,0,2,0,1,1,212,38,2,0,2,12,4,3,0,16,1,3,12,6,4,5,12,18,2,6,27,6,13,15,5,9,9,9,3,3,3,0,1088,1088,1009,35,189,755,30,402,278,9,7,28,80,306,51,255,418,25,13,12,54,311,3,420,249,56,115,168,168,540,268,86,43,23,76,37,7,417,14,66,19,66,217,35,311,311,644,644,816,506,65,245,311,56,13,12,80,39,5,99,5,0,2
2021,"Redbridge 007","E02000757",6633,5,3,1,1,7,1,5,0,1,0,173,13,5,0,1,21,0,3,3,18,2,6,12,3,13,0,7,10,1,5,15,3,4,21,7,28,28,26,9,0,16,1,576,576,588,30,117,418,23,225,135,19,3,30,38,235,16,219,540,44,65,30,57,322,22,710,420,100,190,159,159,779,337,147,90,28,111,62,4,341,7,71,27,45,151,40,321,321,790,790,785,534,38,213,345,105,17,13,69,55,4,74,5,0,3
2021,"Redbridge 008","E02000758",3067,3,3,0,0,0,0,0,0,0,0,82,9,1,0,3,18,0,0,0,8,0,1,3,2,3,0,3,7,0,2,9,1,4,6,2,4,4,10,4,0,6,0,264,264,482,29,58,384,11,213,141,5,1,12,54,111,11,100,153,4,10,4,32,101,2,192,114,26,52,79,79,264,154,32,28,8,31,7,4,197,6,32,12,40,89,18,175,175,347,347,388,264,26,98,103,16,6,6,22,12,3,36,0,0,2
2021,"Redbridge 009","E02000759",6560,1,0,1,0,4,0,4,0,0,0,153,10,2,0,5,15,3,4,1,15,0,2,16,3,12,7,7,5,2,4,15,0,7,14,4,18,18,9,1,1,7,0,672,672,727,37,136,535,19,290,201,4,10,23,52,349,43,306,420,37,44,20,43,267,9,571,315,102,154,149,149,649,311,78,81,22,111,44,2,340,13,53,21,51,154,48,317,317,712,712,872,584,47,241,307,71,10,21,64,47,5,81,2,0,6
2021,"Redbridge 010","E02000760",3370,1,1,0,0,2,0,1,1,0,0,99,16,1,0,0,8,2,0,1,16,2,3,7,1,7,3,5,8,0,0,5,2,5,3,4,9,9,7,1,1,5,0,377,377,471,26,77,357,11,263,172,1,2,24,64,187,40,147,191,7,9,6,20,143,6,188,111,28,49,48,48,235,129,24,28,12,30,9,3,208,8,38,13,28,93,28,157,157,360,360,429,281,31,117,138,28,4,16,22,15,2,47,2,0,2
2021,"Redbridge 012","E02000762",3103,2,2,0,0,3,0,2,0,1,0,99,10,5,0,1,11,1,1,0,10,0,3,10,2,3,1,9,4,1,2,10,0,5,9,1,4,4,6,1,1,4,0,275,275,447,22,68,346,11,173,87,2,0,14,70,147,21,126,209,7,13,7,25,150,7,209,125,26,58,85,85,279,163,31,29,10,29,15,2,159,4,30,15,23,63,24,166,166,322,322,450,348,15,87,68,22,2,2,7,9,2,20,4,0,0
2021,"Redbridge 013","E02000763",3836,5,4,1,0,1,0,1,0,0,0,135,18,0,0,1,13,10,0,0,4,0,1,9,4,4,2,6,8,0,2,21,1,13,16,2,7,7,8,4,0,3,1,447,447,627,20,78,519,10,209,121,1,3,15,69,173,34,139,210,11,15,4,21,156,3,205,132,22,51,88,88,325,188,40,35,8,35,17,2,223,4,32,17,42,100,28,178,178,371,371,505,339,40,126,119,20,2,5,25,18,4,43,2,0,0
2021,"Redbridge 014","E02000764",6408,11,10,1,0,3,0,3,0,0,0,149,18,8,0,2,13,2,1,0,12,2,5,13,1,0,3,4,11,4,4,17,2,5,20,2,20,20,16,2,0,14,0,481,481,604,18,117,453,16,201,124,13,5,27,32,259,35,224,499,61,78,29,38,280,13,663,335,120,208,197,197,799,332,96,95,28,173,61,14,306,16,66,28,27,128,41,367,367,679,679,820,622,31,167,334,128,18,9,37,59,7,71,1,0,4
2021,"Redbridge 015","E02000765",3457,0,0,0,0,0,0,0,0,0,0,69,13,0,0,0,9,0,2,0,3,0,2,9,3,0,0,4,6,0,3,6,1,0,7,1,3,3,8,3,0,5,0,430,430,476,16,51,399,10,228,146,3,4,13,62,169,27,142,277,7,8,6,46,209,1,233,134,38,61,90,90,267,133,47,30,15,25,17,0,216,6,22,13,31,105,39,185,185,316,316,378,257,30,91,112,20,5,12,15,13,5,40,1,0,1
2021,"Redbridge 017","E02000767",3990,0,0,0,0,5,0,5,0,0,0,111,18,3,1,1,6,1,0,0,9,3,1,8,4,2,0,2,6,2,4,12,4,4,20,0,7,7,7,2,0,5,0,457,457,584,22,77,475,10,238,161,1,3,18,55,154,18,136,357,11,13,6,32,290,5,300,199,32,69,63,63,314,174,45,38,12,25,17,3,214,6,26,20,38,110,14,198,198,338,338,514,349,52,113,129,28,7,7,19,17,2,43,4,0,2
2021,"Redbridge 018","E02000768",2868,3,3,0,0,4,0,4,0,0,0,72,8,2,0,0,9,0,1,0,6,0,0,3,1,7,2,2,9,0,1,9,3,5,4,0,13,13,10,1,1,8,0,183,183,248,12,52,177,7,80,57,2,4,6,11,86,6,80,192,24,21,10,16,114,7,305,165,39,101,89,89,403,167,63,49,22,61,35,6,113,2,36,8,13,37,17,168,168,320,320,401,303,12,86,178,63,10,9,28,29,3,32,3,0,1
2021,"Redbridge 020","E02000770",3660,1,1,0,0,3,0,3,0,0,0,103,18,2,0,1,14,1,3,2,5,0,1,10,3,0,1,2,3,1,1,20,2,3,9,1,9,9,6,0,0,6,0,445,445,599,24,76,490,9,267,142,4,4,44,73,173,26,147,207,5,3,4,42,146,7,169,96,23,50,65,65,275,159,28,33,15,22,18,0,224,4,24,8,52,106,30,206,206,349,349,455,314,38,103,104,13,7,7,11,18,6,31,6,0,5
2021,"Redbridge 022","E02000772",3540,3,2,0,1,1,0,1,0,0,0,100,18,1,0,4,12,0,1,0,8,1,3,10,4,2,3,3,4,2,2,10,1,1,10,0,10,10,0,0,0,0,0,402,402,492,28,71,378,15,250,162,6,5,25,52,194,23,171,218,5,9,6,24,168,6,202,131,23,48,62,62,201,94,28,31,10,22,13,3,211,11,17,7,51,103,22,189,189,342,342,560,397,40,123,103,23,8,10,11,21,2,23,2,0,3
2021,"Redbridge 023","E02000773",4552,4,3,1,0,2,0,2,0,0,0,127,16,0,0,5,19,1,2,0,0,0,3,16,5,0,1,4,4,2,4,17,1,7,17,3,9,9,6,2,0,4,0,419,419,705,25,92,572,16,374,227,5,3,32,107,235,21,214,358,9,5,21,35,282,6,223,136,33,54,90,90,311,180,46,28,11,23,21,2,244,19,32,13,62,97,21,253,253,445,445,607,378,51,178,140,25,10,6,13,30,4,49,2,0,1
2021,"Redbridge 024","E02000774",3429,1,0,0,1,1,0,0,0,1,0,136,23,1,0,3,10,1,2,0,9,0,5,3,1,1,11,15,3,2,0,26,0,5,12,3,7,7,7,2,0,5,0,415,415,576,36,89,439,12,249,154,2,4,18,71,207,29,178,193,2,9,5,32,140,5,166,110,25,31,57,57,200,107,27,22,7,23,11,3,228,4,17,10,55,107,35,181,181,342,342,376,243,34,99,87,18,11,4,14,6,0,32,1,0,1
2021,"Redbridge 026","E02000776",3097,1,1,0,0,1,0,1,0,0,0,80,8,0,0,0,6,0,0,0,5,1,0,6,4,0,0,1,7,1,0,18,2,2,18,1,6,6,3,0,0,3,0,302,302,394,22,54,315,3,198,133,0,3,14,48,157,12,145,235,12,10,10,26,173,4,168,103,22,43,111,111,243,140,35,23,11,23,10,1,219,13,20,11,41,109,25,187,187,347,347,358,232,37,89,87,15,4,4,10,12,2,39,0,0,1
2021,"Redbridge 027","E02000777",2843,2,2,0,0,1,0,1,0,0,0,96,13,4,1,0,5,0,2,0,5,0,5,16,1,1,2,14,6,1,3,8,1,3,5,0,6,6,12,3,0,9,0,228,228,230,9,35,178,8,101,69,5,2,8,17,114,14,100,206,24,34,18,19,106,5,218,109,37,72,104,104,299,124,44,33,15,51,29,3,110,4,19,12,27,40,8,171,171,432,432,361,231,26,104,152,74,6,1,24,23,2,20,2,0,0
2021,"Redbridge 029","E02000779",3516,0,0,0,0,1,0,1,0,0,0,80,19,2,0,1,10,0,2,0,5,2,2,4,3,0,2,5,6,0,1,8,1,2,5,0,7,7,4,0,0,4,0,368,368,539,27,96,401,15,217,124,0,2,27,64,261,31,230,297,6,9,6,22,248,6,144,101,11,32,102,102,199,116,24,22,4,18,15,0,285,7,22,10,74,146,26,170,170,293,293,420,263,38,119,129,21,5,14,9,17,9,48,5,0,1
2021,"Redbridge 031","E02000781",6935,3,2,0,1,3,0,3,0,0,0,215,25,3,0,9,27,2,0,0,12,1,8,30,11,4,1,7,8,3,2,28,0,6,25,3,5,5,13,6,0,7,0,725,725,1098,94,138,845,21,607,412,9,10,69,107,353,44,309,327,10,17,9,46,239,6,280,183,41,56,310,310,431,220,59,63,23,46,19,1,426,19,49,14,107,185,52,448,448,674,674,803,536,55,212,214,29,12,7,32,32,5,92,3,0,2
2021,"Redbridge 032","E02000782",4579,1,1,0,0,0,0,0,0,0,0,108,23,2,0,2,14,0,0,2,4,0,2,10,9,5,1,4,8,1,1,7,2,3,8,0,9,9,5,0,1,3,1,446,446,797,32,120,634,11,333,214,6,2,32,79,298,43,255,394,8,7,6,25,342,6,175,116,16,43,76,76,292,121,43,47,12,48,21,0,297,8,30,17,89,102,51,250,250,394,394,557,369,42,146,147,26,6,16,14,25,8,48,3,0,1
2021,"Redbridge 033","E02000783",2831,1,1,0,0,1,0,1,0,0,0,69,19,0,0,1,8,0,0,0,2,1,2,4,1,3,0,6,4,0,3,7,0,2,5,1,11,11,9,3,1,4,1,307,307,522,46,58,409,9,269,177,6,1,22,63,210,22,188,110,5,4,3,12,85,1,83,52,5,26,58,58,125,67,17,13,3,15,9,1,245,8,15,11,76,113,22,141,141,240,240,362,220,44,98,68,13,1,6,14,5,0,27,0,0,2
2021,"Redbridge 034","E02006800",6419,3,2,0,1,7,0,7,0,0,0,228,38,4,0,7,16,0,15,0,25,0,3,19,8,7,4,9,6,2,1,25,1,12,23,3,19,19,13,3,1,9,0,761,761,984,49,175,737,23,503,339,4,10,56,94,387,45,342,370,8,13,9,48,285,7,318,203,42,73,128,128,394,208,42,59,21,38,23,3,425,21,46,13,115,182,48,322,322,632,632,759,476,70,213,166,24,7,13,15,20,9,73,3,0,2
2021,"Redbridge 035","E02006924",6215,0,0,0,0,2,0,1,1,0,0,176,30,4,0,2,23,1,3,0,16,0,6,17,9,1,2,9,9,1,1,20,4,3,14,1,11,11,20,3,0,15,2,618,618,875,50,132,665,28,401,241,11,10,46,93,345,59,286,415,15,21,16,58,301,4,373,243,39,91,197,197,505,267,75,67,19,45,26,6,330,17,44,30,75,130,34,365,365,591,591,774,545,52,177,217,40,8,6,36,34,6,79,3,0,5
2021,"Redbridge 036","E02006925",6685,3,3,0,0,1,0,0,0,0,1,198,35,4,0,1,15,3,0,0,13,1,5,43,6,3,0,6,11,1,5,19,0,2,23,2,15,15,8,1,0,7,0,591,591,1075,65,132,854,24,380,221,14,4,23,118,278,41,237,404,17,25,14,59,282,7,495,299,60,136,185,185,577,338,76,45,25,65,21,7,331,13,68,21,53,125,51,369,369,680,680,905,645,44,216,190,35,7,9,23,30,8,72,6,0,0
2021,"Redbridge 037","E02007017",3839,2,2,0,0,1,0,1,0,0,0,96,6,0,0,1,11,2,1,0,8,0,4,13,3,3,0,9,2,2,2,16,4,1,2,6,13,13,13,3,1,9,0,397,397,498,37,71,381,9,259,170,3,2,16,68,180,24,156,218,7,9,4,31,159,8,205,116,47,42,81,81,252,143,27,36,8,23,13,2,238,13,34,15,57,101,18,244,244,458,458,576,390,30,156,108,16,6,6,16,23,5,35,0,0,1
2021,"Redbridge 038","E02007018",3229,1,1,0,0,2,0,2,0,0,0,79,9,0,1,0,8,0,0,0,9,0,2,8,3,5,1,8,0,0,1,11,0,3,9,1,4,4,3,1,0,2,0,376,376,408,33,59,305,11,224,145,4,2,20,53,164,21,143,197,6,9,5,29,143,5,170,89,36,45,48,48,220,125,26,25,9,26,9,0,221,12,22,8,57,101,21,178,178,354,354,473,309,44,120,107,21,1,9,11,22,1,33,7,0,2
2021,"Redbridge 039","E02007019",2980,0,0,0,0,0,0,0,0,0,0,65,13,0,0,2,14,0,1,0,1,1,2,4,1,1,0,2,0,1,0,7,1,10,4,0,8,8,6,0,0,6,0,273,273,442,21,49,364,8,173,118,3,0,15,37,209,31,178,459,5,7,6,11,425,5,175,132,14,29,49,49,196,104,24,31,9,14,14,0,202,4,17,10,62,88,21,97,97,205,205,336,225,36,75,85,11,6,4,13,11,3,35,1,0,1
2021,"Redbridge 040","E02007020",3905,0,0,0,0,1,0,1,0,0,0,126,28,2,0,4,12,0,0,0,5,0,5,5,8,2,2,12,4,1,4,18,0,4,10,0,8,8,6,0,0,6,0,435,435,745,47,125,558,15,366,233,5,4,46,78,248,47,201,176,4,10,7,23,128,4,138,92,18,28,62,62,199,110,26,19,7,22,14,1,258,10,19,14,68,112,35,174,174,356,356,440,283,35,122,167,14,11,5,22,14,13,85,1,0,2
2021,"Richmond upon Thames 001","E02000784",4710,0,0,0,0,12,0,12,0,0,0,174,21,16,2,2,14,3,1,1,3,1,7,24,3,2,3,2,13,4,3,19,3,3,23,1,22,22,7,4,0,3,0,215,215,404,13,79,300,12,81,42,3,20,10,6,139,20,119,482,47,86,48,41,231,29,517,246,61,210,158,158,770,252,179,88,32,131,80,8,181,8,57,30,10,45,31,147,147,516,516,489,339,14,136,396,180,33,9,64,41,1,49,3,0,16
2021,"Richmond upon Thames 002","E02000785",5047,4,4,0,0,31,0,26,0,2,3,224,18,24,4,2,10,2,0,0,1,2,9,56,0,1,4,0,26,1,6,12,6,2,36,2,47,47,14,7,1,5,1,167,167,394,11,75,296,12,87,26,7,23,18,13,141,21,120,652,49,103,58,47,372,23,464,231,49,184,141,141,859,225,213,122,41,170,75,13,163,6,42,21,14,44,36,216,216,553,553,497,350,14,133,393,168,62,13,65,37,5,34,4,0,5
2021,"Richmond upon Thames 003","E02000786",5982,2,1,1,0,9,0,8,1,0,0,184,18,19,4,6,12,1,1,0,5,3,3,34,0,0,0,3,18,5,2,14,5,3,26,2,26,26,6,2,0,4,0,249,249,555,27,100,405,23,125,66,7,12,21,19,218,19,199,695,85,132,56,51,345,26,635,336,74,225,159,159,1015,296,214,128,58,190,121,8,239,3,79,45,17,55,40,220,220,614,614,573,360,20,193,458,185,48,11,98,35,2,66,4,0,9
2021,"Richmond upon Thames 004","E02000787",6260,8,7,1,0,45,0,36,3,1,5,274,26,19,11,2,10,3,0,0,4,3,3,70,0,3,3,8,31,5,2,18,9,5,36,3,48,48,10,2,1,7,0,281,281,589,23,81,453,32,183,95,7,32,33,16,206,26,180,782,56,121,68,54,456,27,504,276,62,166,140,140,918,241,195,149,64,173,90,6,283,5,76,51,21,74,56,257,257,654,654,614,408,19,187,464,153,66,11,71,42,3,102,8,0,8
2021,"Richmond upon Thames 005","E02000788",4588,5,4,0,1,11,0,10,0,1,0,143,11,12,6,1,13,0,2,1,3,1,10,25,1,4,4,1,7,1,0,10,2,5,20,3,29,29,6,6,0,0,0,204,204,362,20,54,273,15,94,34,11,19,12,18,166,27,139,552,56,105,49,35,282,25,455,230,73,152,130,130,745,232,162,100,30,125,87,9,212,9,46,35,13,67,42,162,162,519,519,465,277,21,167,328,137,23,8,67,36,2,44,6,0,5
2021,"Richmond upon Thames 006","E02000789",3195,5,4,0,1,18,0,14,0,0,4,137,16,12,2,2,7,0,0,2,5,4,6,28,1,1,1,2,17,4,0,6,1,6,13,1,28,28,10,5,1,4,0,138,138,254,10,46,191,7,78,32,4,16,12,14,72,15,57,399,28,51,31,26,247,16,331,165,36,130,67,67,542,186,127,65,34,88,37,5,125,10,28,17,10,28,32,135,135,288,288,355,234,20,101,213,79,24,3,44,19,3,33,3,0,5
2021,"Richmond upon Thames 007","E02000790",3590,7,7,0,0,16,0,14,2,0,0,174,8,18,3,3,12,0,0,0,7,2,7,43,2,2,0,9,12,3,1,8,8,8,18,0,23,23,7,3,1,3,0,144,144,279,5,44,216,14,91,40,6,22,9,14,104,16,88,494,43,86,46,42,260,17,303,161,30,112,73,73,617,134,151,88,48,126,62,8,146,5,44,25,14,28,30,132,132,403,403,314,198,12,104,263,116,19,7,52,31,4,29,3,0,2
2021,"Richmond upon Thames 008","E02000791",3443,5,5,0,0,23,1,19,1,1,1,156,19,20,1,1,5,1,1,2,3,5,1,31,2,0,1,4,16,3,0,12,1,0,27,0,24,24,6,3,0,3,0,106,106,269,3,53,198,15,53,21,1,7,10,14,118,12,106,472,42,61,38,36,281,14,395,230,42,123,85,85,664,190,165,93,40,101,71,4,132,8,34,15,13,29,33,95,95,318,318,286,200,10,76,236,108,17,3,48,23,4,24,3,0,6
2021,"Richmond upon Thames 009","E02000792",3685,0,0,0,0,19,1,17,1,0,0,155,10,15,5,3,9,0,1,0,6,2,6,23,3,1,2,4,24,0,2,11,6,1,20,1,32,32,6,2,0,4,0,131,131,323,9,65,233,16,66,20,3,15,17,11,102,15,87,520,42,105,40,36,284,13,301,144,41,116,90,90,616,164,123,98,50,121,59,1,156,8,35,34,17,27,35,130,130,391,391,345,238,15,92,302,140,21,6,56,39,3,29,3,0,5
2021,"Richmond upon Thames 010","E02000793",3997,6,5,1,0,12,0,10,0,2,0,157,11,10,0,0,6,0,3,0,13,2,5,26,4,0,2,7,9,2,3,12,5,13,20,4,22,22,18,5,6,7,0,329,329,463,34,76,329,24,214,92,4,32,43,43,137,18,119,367,28,46,38,39,207,9,189,96,33,60,72,72,367,110,65,60,22,68,34,8,235,8,43,20,21,104,39,238,238,507,507,399,225,25,149,265,61,29,8,59,35,5,60,6,0,2
2021,"Richmond upon Thames 011","E02000794",3725,6,6,0,0,13,0,13,0,0,0,151,18,17,3,1,6,0,1,0,4,1,5,28,2,0,2,1,19,0,1,7,5,6,21,3,20,20,6,5,0,1,0,201,201,356,22,50,265,19,115,41,6,27,20,21,141,13,128,456,34,65,47,34,267,9,271,135,55,81,107,107,501,136,105,89,36,97,32,6,149,6,33,22,9,46,33,191,191,441,441,364,228,9,127,236,78,15,7,64,26,4,38,2,0,2
2021,"Richmond upon Thames 012","E02000795",3059,5,5,0,0,12,0,9,1,2,0,95,9,8,2,1,4,2,0,0,3,4,0,23,1,0,1,2,2,0,1,12,3,3,13,1,14,14,5,1,1,3,0,129,129,260,11,43,194,12,73,27,4,10,22,10,110,15,95,316,35,76,27,14,155,9,315,165,28,122,101,101,517,163,109,89,29,76,46,5,119,5,33,9,10,36,26,102,102,319,319,332,217,13,102,235,99,24,6,40,28,1,31,3,0,3
2021,"Richmond upon Thames 013","E02000796",5040,3,2,1,0,10,0,8,1,0,1,148,10,7,2,3,4,0,1,0,8,3,3,27,0,2,0,5,15,2,7,15,4,6,20,4,23,23,28,7,1,19,1,412,412,725,66,121,526,12,361,158,3,52,67,81,258,23,235,393,26,37,35,52,234,9,178,96,27,55,94,94,344,108,55,55,33,67,22,4,309,12,56,33,29,141,38,269,269,610,610,635,377,59,199,240,50,14,10,56,36,0,64,7,0,3
2021,"Richmond upon Thames 014","E02000797",4379,6,6,0,0,26,0,20,3,1,2,189,15,16,1,3,8,1,2,0,10,2,4,35,5,4,1,6,23,3,6,9,2,7,21,5,33,33,13,7,0,6,0,172,172,372,15,61,275,21,136,56,5,38,25,12,180,31,149,560,36,111,52,50,296,15,286,146,53,87,99,99,632,145,122,100,35,154,62,14,201,12,56,38,20,38,37,211,211,547,547,405,263,17,125,311,108,33,10,72,34,2,42,7,0,3
2021,"Richmond upon Thames 015","E02000798",5672,3,3,0,0,10,2,6,0,1,1,199,25,20,2,7,8,0,2,1,4,2,8,29,2,2,3,9,17,3,4,6,5,8,30,2,35,35,16,5,1,7,3,352,352,565,33,90,418,24,229,105,3,39,45,37,201,21,180,669,58,141,76,57,324,13,281,131,48,102,154,154,636,147,111,102,62,126,83,5,264,22,48,43,19,93,39,265,265,807,807,606,353,29,224,380,126,30,11,80,46,2,75,3,0,7
2021,"Richmond upon Thames 016","E02000799",3042,0,0,0,0,16,0,14,0,1,1,107,12,4,1,3,0,1,1,0,3,3,1,25,1,0,1,3,19,0,3,3,5,4,13,1,20,20,5,4,0,1,0,116,116,289,14,45,210,20,86,28,2,27,17,12,111,14,97,397,27,59,47,36,221,7,208,96,33,79,53,53,458,125,103,62,22,86,57,3,121,5,24,25,10,31,26,134,134,388,388,321,194,18,109,212,82,19,5,51,19,4,26,3,0,3
2021,"Richmond upon Thames 017","E02000800",2434,3,3,0,0,11,0,10,0,1,0,67,2,2,0,3,4,0,0,0,4,1,3,16,1,2,0,0,9,1,1,3,1,1,9,4,19,19,6,5,0,1,0,150,150,264,24,40,193,7,97,47,4,17,15,14,116,7,109,227,21,35,29,17,121,4,99,57,10,32,53,53,278,63,47,68,20,37,33,10,114,2,20,16,9,45,22,114,114,334,334,291,185,12,94,191,54,21,3,41,28,1,37,1,0,5
2021,"Richmond upon Thames 018","E02000801",3664,3,3,0,0,16,0,14,1,1,0,135,8,12,4,3,5,0,2,1,2,1,6,31,4,0,1,3,11,1,5,3,9,5,13,5,25,25,10,5,3,2,0,156,156,326,20,53,233,20,108,41,3,32,14,18,103,11,92,404,44,88,53,30,181,8,258,115,51,92,90,90,565,127,116,93,59,111,54,5,165,9,33,24,12,47,40,205,205,474,474,374,223,13,138,247,91,32,8,54,24,3,32,0,0,3
2021,"Richmond upon Thames 019","E02000802",3603,2,2,0,0,9,0,8,0,1,0,137,11,3,2,3,5,1,0,1,2,4,7,22,5,2,1,5,13,1,4,7,5,8,21,4,12,12,5,1,1,3,0,190,190,329,20,60,233,16,129,39,6,34,34,16,125,19,106,379,29,66,44,31,197,12,192,102,34,56,86,86,532,116,102,95,68,78,70,3,160,6,40,14,19,51,30,162,162,518,518,358,225,14,119,278,93,14,5,79,36,3,43,4,0,1
2021,"Richmond upon Thames 020","E02000803",4479,0,0,0,0,16,0,12,2,0,2,171,20,8,0,2,4,0,3,0,7,0,5,23,3,3,3,6,18,1,4,15,4,14,24,4,19,19,25,6,2,17,0,359,359,541,54,105,368,14,257,99,3,53,48,54,175,25,150,350,22,45,28,26,217,12,147,73,30,44,114,114,467,108,90,87,58,67,43,14,237,3,41,27,21,116,29,172,172,633,633,542,278,49,215,254,68,23,11,51,23,6,62,8,0,2
2021,"Richmond upon Thames 021","E02000804",3650,6,4,2,0,18,1,17,0,0,0,131,7,16,7,1,5,0,0,0,7,2,5,18,4,3,3,6,7,1,3,1,5,7,20,3,29,29,8,3,1,4,0,161,161,322,15,63,236,8,95,41,2,27,11,14,147,10,137,420,32,81,43,32,213,19,261,129,45,87,94,94,531,123,113,85,53,95,56,6,167,6,44,26,12,55,24,164,164,446,446,359,211,17,131,291,98,33,8,71,37,0,40,1,0,3
2021,"Richmond upon Thames 022","E02000805",5331,2,2,0,0,27,0,25,1,0,1,177,20,16,2,4,5,2,2,1,7,0,5,32,1,1,0,3,15,4,3,14,3,0,35,2,37,37,15,8,1,5,1,241,241,466,18,75,357,16,148,59,7,32,26,24,170,28,142,609,51,100,69,38,333,18,360,186,59,115,145,145,799,178,165,142,52,168,88,6,266,7,53,52,19,95,40,288,288,643,643,573,368,33,172,365,120,29,7,79,53,9,56,7,0,5
2021,"Richmond upon Thames 023","E02000806",5029,5,5,0,0,16,0,15,0,0,1,191,17,11,3,3,3,0,2,0,5,3,7,40,2,4,2,5,17,4,5,18,6,7,18,9,34,34,14,8,3,3,0,268,268,484,39,73,349,23,194,70,6,49,31,38,159,17,142,572,66,117,59,46,273,11,273,129,40,104,113,113,686,181,111,113,60,137,75,9,241,9,38,40,19,74,61,223,223,636,636,532,335,29,168,388,121,51,13,96,31,6,62,5,0,3
2021,"Southwark 001","E02000807",5390,0,0,0,0,6,0,5,0,0,1,117,17,10,3,5,14,0,1,1,4,2,2,10,0,0,2,3,7,1,5,9,2,2,10,7,17,17,6,2,1,3,0,224,224,412,9,61,326,16,172,103,11,9,17,32,281,45,236,644,55,63,22,42,430,32,742,436,92,214,114,114,819,277,150,110,61,158,60,3,222,9,46,30,40,64,33,274,274,456,456,567,414,10,143,317,144,17,13,34,50,4,45,1,0,9
2021,"Southwark 002","E02000808",5550,3,3,0,0,6,1,5,0,0,0,139,12,7,5,2,12,1,0,0,3,2,5,27,2,4,1,2,13,3,0,12,4,3,18,1,26,26,15,2,0,12,1,194,194,441,8,62,352,19,128,84,3,6,14,21,223,36,187,597,37,78,26,33,397,26,852,490,63,299,84,84,998,339,238,131,68,163,54,5,228,7,37,35,38,75,36,273,273,448,448,553,405,17,131,342,178,24,10,44,43,3,30,1,0,9
2021,"Southwark 004","E02000810",6696,3,3,0,0,9,0,7,2,0,0,160,18,9,1,5,21,0,0,0,12,2,5,14,2,4,5,4,12,1,3,4,0,4,31,3,24,24,16,1,0,15,0,309,309,639,9,96,516,18,244,148,4,3,26,63,440,84,356,590,54,66,25,40,377,28,659,353,85,221,105,105,975,311,200,130,68,193,71,2,374,13,44,25,52,186,54,357,357,505,505,906,619,45,242,381,149,34,17,43,60,5,62,5,0,6
2021,"Southwark 006","E02000812",5511,5,5,0,0,6,0,5,1,0,0,137,26,9,2,5,12,0,1,0,11,0,2,13,0,2,0,11,16,0,5,8,2,4,7,1,12,12,5,0,0,5,0,204,204,545,14,76,438,17,194,133,1,6,14,40,328,39,289,441,40,52,12,32,288,17,552,330,66,156,96,96,780,248,150,97,58,163,59,5,362,8,42,19,78,177,38,273,273,451,451,845,567,52,226,275,120,14,8,36,54,0,39,0,0,4
2021,"Southwark 007","E02000813",5691,8,7,1,0,7,0,5,0,1,1,138,16,12,3,4,11,1,0,1,15,2,3,13,0,0,1,8,3,3,5,6,2,3,16,10,21,21,15,6,0,9,0,274,274,605,15,89,481,20,229,139,7,9,29,45,376,57,319,501,38,52,23,25,342,21,496,273,69,154,121,121,725,244,145,79,40,162,49,6,382,7,45,26,73,195,36,238,238,451,451,743,507,52,184,361,143,10,20,50,57,1,64,5,0,11
2021,"Southwark 008","E02000814",6558,6,6,0,0,11,0,7,1,0,3,161,16,15,5,3,25,2,1,0,12,2,7,6,2,0,2,4,9,2,5,12,2,4,22,3,31,31,15,3,1,11,0,337,337,544,12,64,446,22,192,117,5,9,22,39,410,73,337,748,48,61,23,40,535,41,744,444,101,199,123,123,962,292,186,142,64,176,99,3,299,12,75,24,44,106,38,305,305,506,506,770,531,33,206,394,189,29,26,41,41,3,52,2,0,11
2021,"Southwark 009","E02000815",4234,2,2,0,0,6,1,5,0,0,0,91,18,4,2,0,10,0,0,0,5,0,1,16,1,0,2,4,7,0,1,4,2,2,11,1,18,18,5,2,0,3,0,117,117,343,2,36,296,9,113,67,7,7,12,20,296,42,254,418,22,71,9,16,278,22,397,218,41,138,77,77,672,249,149,82,34,126,29,3,296,3,47,21,42,159,24,236,236,303,303,587,436,27,124,257,101,18,6,31,48,1,39,6,0,7
2021,"Southwark 010","E02000816",5016,4,3,1,0,4,0,4,0,0,0,93,15,5,0,2,11,0,0,0,10,0,2,9,1,1,0,3,7,1,1,2,1,7,12,3,17,17,20,4,1,15,0,323,323,546,10,81,438,17,220,128,6,4,18,64,452,52,400,406,40,54,22,21,257,12,295,169,32,94,104,104,555,161,96,87,43,117,46,5,378,11,35,18,64,215,35,263,263,400,400,608,372,34,202,328,107,26,11,45,53,4,77,1,0,4
2021,"Southwark 011","E02000817",3217,4,4,0,0,0,0,0,0,0,0,64,8,4,0,0,10,2,0,1,8,0,3,7,1,0,1,1,5,0,1,1,0,3,5,3,19,19,15,11,0,4,0,193,193,437,13,63,357,4,167,101,1,1,22,42,280,44,236,211,21,26,8,19,126,11,153,101,24,28,57,57,316,100,53,46,21,68,26,2,263,7,21,10,48,155,22,162,162,281,281,458,297,33,128,137,55,9,10,13,18,1,28,3,0,0
2021,"Southwark 012","E02000818",5469,5,5,0,0,5,0,5,0,0,0,125,8,6,1,1,12,4,0,1,7,0,7,15,1,1,4,9,18,2,2,10,1,1,9,5,37,37,15,2,0,12,1,215,215,495,11,59,409,16,210,138,3,6,21,42,341,41,300,505,47,75,31,25,294,33,422,230,48,144,109,109,755,187,151,118,72,164,60,3,415,7,51,21,60,240,36,309,309,428,428,727,501,35,191,351,150,26,14,38,58,1,50,7,0,7
2021,"Southwark 013","E02000819",4061,3,3,0,0,0,0,0,0,0,0,83,13,3,0,3,9,1,0,0,7,0,2,7,0,0,0,3,19,0,0,4,0,1,9,2,13,13,13,3,0,10,0,222,222,439,12,57,362,8,183,127,2,1,5,48,354,42,312,210,14,35,13,14,131,3,172,87,23,62,85,85,384,107,63,48,36,81,46,3,457,12,24,10,72,313,26,217,217,334,334,678,456,41,181,214,81,18,6,15,36,4,43,11,0,0
2021,"Southwark 014","E02000820",4890,5,5,0,0,11,0,7,1,2,1,90,5,4,0,1,10,0,1,1,3,0,5,10,0,2,1,6,9,1,2,6,3,5,12,3,28,28,15,1,1,12,1,184,184,484,12,50,406,16,170,101,3,13,13,40,333,50,283,414,42,67,28,33,223,21,316,177,34,105,89,89,632,173,127,98,48,130,54,2,332,7,34,25,54,180,32,311,311,430,430,705,456,44,205,341,152,34,9,26,50,2,54,4,0,10
2021,"Southwark 015","E02000821",4474,5,4,1,0,1,0,0,1,0,0,90,7,1,0,22,14,1,0,0,4,1,0,5,2,0,3,4,8,0,1,9,1,3,3,1,16,16,7,1,0,5,1,252,252,528,21,101,399,7,201,141,0,1,18,41,379,46,333,228,12,45,12,16,137,6,143,87,16,40,77,77,366,105,50,70,25,70,44,2,749,10,41,18,71,590,19,198,198,290,290,682,452,46,184,262,98,12,6,44,43,3,47,2,0,7
2021,"Southwark 016","E02000822",3273,4,3,0,1,1,0,1,0,0,0,59,14,4,1,0,8,1,0,0,6,0,1,4,0,1,0,1,7,1,0,0,1,0,7,2,7,7,6,0,1,5,0,161,161,339,6,35,293,5,156,96,5,4,12,39,282,30,252,211,25,48,15,21,96,6,116,57,21,38,54,54,282,76,41,39,25,67,32,2,321,7,31,15,45,201,22,181,181,291,291,585,398,35,152,217,86,27,4,32,30,0,31,1,0,6
2021,"Southwark 017","E02000823",4646,4,4,0,0,0,0,0,0,0,0,92,16,3,0,2,10,3,0,0,5,0,2,7,0,5,1,4,16,2,1,4,0,4,6,1,14,14,8,1,1,6,0,197,197,440,16,44,371,9,194,121,2,8,12,51,375,40,335,347,29,71,29,18,189,11,199,102,31,66,70,70,496,148,69,78,33,110,57,1,444,13,31,23,54,285,38,288,288,365,365,772,510,65,197,341,150,25,15,39,45,1,61,3,0,2
2021,"Southwark 018","E02000824",4667,1,0,0,1,2,1,1,0,0,0,99,13,4,0,1,22,1,0,0,6,0,2,7,1,3,2,11,9,2,1,3,0,2,6,3,6,6,7,0,1,6,0,201,201,523,24,39,450,10,233,157,1,4,13,58,394,34,360,259,35,63,11,20,125,5,164,93,30,41,75,75,321,76,63,65,17,60,39,1,570,6,26,24,89,372,53,249,249,423,423,869,551,85,233,271,105,16,8,28,35,2,67,8,0,2
2021,"Southwark 019","E02000825",4810,1,1,0,0,0,0,0,0,0,0,84,11,4,1,2,10,0,2,0,1,1,3,6,1,1,2,3,14,2,0,4,0,3,11,2,10,10,8,1,0,6,1,193,193,525,17,55,441,12,218,145,2,6,22,43,368,54,314,243,22,56,16,17,126,6,158,93,25,40,97,97,364,106,46,65,28,71,44,4,490,12,31,11,79,319,38,263,263,447,447,1031,659,88,284,310,108,39,17,33,46,6,58,0,0,3
2021,"Southwark 020","E02000826",5270,6,6,0,0,0,0,0,0,0,0,125,19,13,0,4,15,1,0,1,8,2,1,5,1,5,2,5,11,2,3,5,3,7,10,2,14,14,2,1,0,1,0,257,257,535,7,92,425,11,208,138,0,5,11,54,346,26,320,421,60,102,39,23,185,12,186,98,27,61,73,73,605,144,84,114,49,136,77,1,495,6,35,25,77,319,33,308,308,443,443,848,556,55,237,398,189,50,8,40,45,2,52,4,0,8
2021,"Southwark 021","E02000827",5980,0,0,0,0,5,0,5,0,0,0,93,13,2,0,1,19,0,0,0,6,1,0,5,0,2,3,6,7,0,1,6,1,6,12,2,17,17,14,1,1,11,1,249,249,619,14,78,508,19,286,202,3,3,21,57,405,49,356,355,44,67,23,31,175,15,222,125,28,69,78,78,587,135,89,110,47,140,63,3,674,17,35,29,104,454,35,323,323,532,532,1111,751,73,287,410,171,35,14,34,52,5,81,10,0,8
2021,"Southwark 022","E02000828",4583,7,7,0,0,13,0,13,0,0,0,98,17,6,0,6,14,3,0,0,6,0,2,4,0,2,4,6,13,1,0,4,0,4,5,1,13,13,17,3,0,14,0,215,215,494,26,50,400,18,176,119,2,1,19,35,331,36,295,302,48,57,19,16,144,18,172,89,36,47,72,72,429,81,70,84,24,111,57,2,462,3,40,11,65,321,22,232,232,414,414,848,555,55,238,288,98,26,10,42,46,5,54,2,0,5
2021,"Southwark 023","E02000829",5833,10,9,0,1,3,0,2,0,0,1,129,17,18,0,3,17,0,0,2,8,1,1,9,0,1,0,3,11,0,0,4,1,9,23,1,15,15,9,3,1,5,0,267,267,645,19,70,544,12,222,152,3,8,14,45,302,29,273,500,67,141,32,34,201,25,245,129,37,79,100,100,675,157,83,86,43,174,130,2,475,17,72,29,73,239,45,309,309,555,555,935,572,65,298,437,220,37,15,38,61,1,51,5,0,9
2021,"Southwark 024","E02000830",5457,0,0,0,0,1,0,0,1,0,0,133,11,20,2,1,18,1,1,0,11,1,4,7,2,1,0,8,14,1,0,9,1,8,11,1,21,21,7,0,0,7,0,190,190,450,9,79,353,9,136,81,6,1,23,25,296,23,273,538,74,168,55,29,199,13,305,181,37,87,108,108,884,250,126,146,57,173,128,4,323,10,34,13,36,193,37,321,321,493,493,767,531,30,206,484,278,47,12,30,65,2,37,8,0,5
2021,"Southwark 025","E02000831",5551,0,0,0,0,7,1,5,0,1,0,146,13,20,1,0,32,3,0,1,11,0,4,6,0,2,3,4,12,3,1,7,0,6,17,0,20,20,14,2,0,12,0,221,221,488,3,44,429,12,118,72,2,8,9,27,266,25,241,541,80,149,40,27,221,24,340,176,46,118,89,89,914,222,128,137,48,228,148,3,309,2,42,20,47,163,35,320,320,547,547,694,422,49,223,517,304,51,9,29,61,0,60,1,0,2
2021,"Southwark 026","E02000832",4976,2,2,0,0,2,0,2,0,0,0,126,18,14,0,2,17,0,0,2,9,0,3,13,2,3,3,4,12,1,3,8,1,1,9,1,21,21,9,0,0,9,0,225,225,550,24,71,438,17,191,125,3,2,19,42,244,26,218,432,65,119,38,20,176,14,198,103,23,72,86,86,631,137,77,107,24,177,106,3,294,4,41,11,55,159,24,298,298,473,473,806,473,64,269,388,175,36,13,38,58,4,60,3,0,1
2021,"Southwark 027","E02000833",3974,2,2,0,0,10,0,3,6,1,0,60,5,4,0,0,7,0,1,1,6,0,0,6,0,3,3,2,5,1,2,4,0,0,9,1,13,13,9,1,0,8,0,164,164,380,7,41,325,7,150,95,3,9,14,29,194,28,166,250,35,49,22,15,111,18,145,78,18,49,56,56,418,125,43,71,28,94,55,2,316,10,17,14,55,199,21,222,222,395,395,900,663,59,178,290,108,41,11,26,58,4,31,1,0,10
2021,"Southwark 028","E02000834",5619,1,1,0,0,11,1,8,1,0,1,146,11,25,1,0,21,1,0,0,5,1,3,15,0,3,2,4,20,2,3,6,1,5,13,4,18,18,7,1,0,6,0,193,193,459,9,62,374,14,101,65,1,5,14,16,204,15,189,594,105,137,37,26,260,29,469,208,96,165,107,107,995,277,158,153,50,234,119,4,201,4,50,28,21,57,41,320,320,522,522,736,492,32,212,535,282,74,5,38,72,5,51,4,0,4
2021,"Southwark 029","E02000835",4116,4,3,1,0,6,1,4,1,0,0,93,10,8,0,1,11,1,2,0,9,2,3,7,0,3,3,3,6,1,4,4,1,5,9,0,16,16,6,3,0,3,0,186,186,402,15,38,337,12,100,66,5,1,5,23,164,17,147,399,55,106,41,17,161,19,201,116,47,38,62,62,550,124,75,100,38,125,84,4,204,9,36,12,24,107,16,231,231,519,519,571,349,27,195,402,210,42,8,33,56,1,44,1,0,7
2021,"Southwark 030","E02000836",4777,3,3,0,0,3,0,2,0,1,0,101,8,12,0,0,11,1,0,2,9,1,1,6,1,1,0,5,10,4,1,9,1,4,11,3,16,16,7,3,0,3,1,184,184,340,10,41,278,11,103,71,3,5,5,19,167,14,153,483,81,107,40,18,216,21,474,226,98,150,113,113,854,263,121,111,42,232,81,4,190,2,43,14,14,86,31,253,253,481,481,565,392,17,156,440,237,45,12,35,59,1,41,4,0,6
2021,"Southwark 031","E02000837",4290,2,2,0,0,6,1,4,0,1,0,84,9,4,0,1,13,2,0,0,7,0,1,11,4,0,2,2,6,0,2,7,2,1,9,1,21,21,4,1,0,3,0,131,131,256,5,35,207,9,62,36,2,5,7,12,112,13,99,425,77,98,39,32,156,23,503,272,61,170,72,72,851,322,163,101,43,154,68,0,147,0,41,19,14,47,26,202,202,502,502,583,423,13,147,327,163,28,4,33,59,3,25,6,0,6
2021,"Southwark 032","E02000838",5206,0,0,0,0,6,0,3,2,1,0,132,16,10,1,4,29,0,1,1,11,2,1,6,1,2,1,4,11,0,3,2,3,7,16,0,15,15,5,2,0,3,0,209,209,453,15,53,376,9,111,71,1,3,10,26,207,19,188,472,68,133,47,22,186,16,396,197,71,128,109,109,723,187,121,115,30,181,85,4,281,10,40,20,34,140,37,287,287,603,603,789,540,37,212,408,227,30,7,35,58,1,38,6,0,6
2021,"Southwark 033","E02000839",4130,4,4,0,0,4,0,4,0,0,0,65,9,9,1,3,10,0,0,0,8,0,1,1,0,1,0,3,6,0,1,0,0,2,8,2,13,13,4,0,1,3,0,259,259,342,5,44,284,9,118,87,0,5,9,17,173,25,148,361,50,85,37,20,159,10,273,140,41,92,75,75,550,157,93,93,22,98,78,9,206,5,32,17,32,90,30,252,252,488,488,648,453,26,169,295,138,33,5,22,43,1,43,4,0,6
2021,"Southwark 034","E02006802",4774,3,3,0,0,7,0,5,2,0,0,89,15,8,2,3,3,0,0,0,3,1,4,10,0,0,0,0,8,3,3,6,4,3,8,5,19,19,9,2,0,7,0,153,153,422,11,50,346,15,162,100,5,10,19,28,275,41,234,514,46,76,26,33,308,25,495,312,32,151,87,87,734,254,139,91,53,140,55,2,259,8,30,28,44,116,33,280,280,358,358,583,394,35,154,325,139,21,13,41,57,1,39,2,0,12
2021,"Southwark 035","E02006941",3971,6,6,0,0,9,0,8,0,1,0,65,7,9,0,0,4,0,0,0,2,1,2,14,0,0,1,3,3,2,2,4,0,2,8,1,27,27,3,0,0,3,0,85,85,233,4,40,174,15,54,30,4,5,11,4,119,34,85,476,25,58,20,30,314,29,881,495,106,280,57,57,936,413,224,86,31,124,57,1,143,5,39,11,20,35,33,149,149,193,193,317,254,12,51,218,121,16,4,31,24,0,15,1,0,6
2021,"Southwark 036","E02006942",4298,4,4,0,0,7,0,6,0,0,1,91,8,5,0,2,10,0,0,1,3,0,4,14,0,2,3,3,7,3,2,6,1,7,10,0,23,23,6,0,0,6,0,140,140,355,11,43,283,18,90,51,7,5,11,16,193,26,167,400,26,50,9,24,272,19,745,454,82,209,59,59,841,303,196,107,54,138,41,2,185,6,41,17,46,59,16,215,215,282,282,443,320,21,102,219,103,17,9,33,22,0,28,2,0,5
2021,"Sutton 001","E02000840",4324,0,0,0,0,4,0,4,0,0,0,102,10,1,0,3,5,0,3,0,8,1,3,9,10,2,5,9,7,2,3,6,2,3,8,2,13,13,34,6,1,27,0,544,544,626,69,92,456,9,300,199,2,6,23,70,232,31,201,162,7,10,10,21,107,7,118,63,36,19,49,49,199,79,34,20,15,31,15,5,305,14,31,28,36,172,24,203,203,385,385,863,547,73,243,185,25,10,4,33,27,5,72,4,0,5
2021,"Sutton 002","E02000841",4399,2,2,0,0,8,1,5,0,2,0,117,20,1,0,2,5,0,1,0,10,0,2,1,6,1,0,8,4,7,4,8,4,1,25,7,9,9,27,2,5,20,0,529,529,676,58,93,509,16,273,171,1,8,24,69,260,35,225,176,6,20,6,29,114,1,96,44,28,24,42,42,210,89,21,35,16,28,16,5,307,18,33,14,42,176,24,187,187,357,357,976,683,70,223,147,24,5,15,28,17,4,50,4,0,0
2021,"Sutton 003","E02000842",4146,2,2,0,0,3,0,3,0,0,0,153,16,1,0,2,5,1,0,0,22,0,8,7,10,5,1,8,13,9,7,5,1,6,22,4,14,14,23,7,2,14,0,501,501,572,68,80,405,19,208,139,0,6,21,42,180,19,161,250,14,25,12,39,156,4,167,75,41,51,76,76,228,101,28,41,11,26,17,4,246,19,25,22,33,115,32,230,230,426,426,678,467,50,161,189,28,11,5,39,21,9,70,5,0,1
2021,"Sutton 004","E02000843",5238,7,7,0,0,7,0,6,0,1,0,170,21,3,0,5,6,0,3,0,16,2,9,11,6,5,6,12,15,1,6,14,3,1,20,5,17,17,20,6,1,13,0,530,530,627,58,102,450,17,246,161,9,2,22,52,189,31,158,378,46,27,24,41,226,14,250,120,57,73,92,92,411,125,47,82,29,87,33,8,304,14,55,26,43,139,27,368,368,549,549,828,537,62,229,245,52,12,10,49,50,2,68,2,0,0
2021,"Sutton 005","E02000844",4288,1,1,0,0,8,0,8,0,0,0,135,9,4,0,3,9,1,2,1,9,2,9,6,11,4,0,5,13,2,5,14,5,1,14,6,8,8,33,6,2,25,0,616,616,566,53,82,415,16,233,156,0,9,6,62,179,22,157,216,17,17,16,23,138,5,145,69,35,41,59,59,210,76,31,39,12,32,10,10,280,18,40,23,44,133,22,226,226,448,448,729,478,59,192,196,38,11,8,41,27,9,57,4,0,1
2021,"Sutton 006","E02000845",4872,0,0,0,0,7,0,6,0,0,1,136,12,6,2,2,5,3,3,1,15,2,5,9,3,4,2,9,15,3,3,6,1,2,15,8,17,17,14,3,2,9,0,481,481,578,48,77,431,22,216,126,5,15,15,55,175,17,158,397,28,30,31,36,261,11,313,161,72,80,95,95,456,128,84,80,29,92,30,13,257,9,43,29,24,114,38,313,313,564,564,589,395,31,163,264,51,17,7,73,31,5,73,2,0,5
2021,"Sutton 007","E02000846",3827,5,5,0,0,7,0,6,0,0,1,93,11,2,0,1,3,0,0,1,9,0,4,11,2,3,1,7,8,2,5,6,3,2,11,1,11,11,10,2,1,7,0,380,380,489,49,75,349,16,178,120,4,4,12,38,172,16,156,291,19,25,20,31,189,7,168,84,41,43,45,45,290,116,29,61,15,34,28,7,225,8,28,28,25,111,25,235,235,416,416,625,435,44,146,187,49,11,11,38,24,2,47,3,0,2
2021,"Sutton 008","E02000847",4640,1,1,0,0,9,0,9,0,0,0,139,13,0,0,3,4,0,1,1,17,1,5,13,2,6,3,5,9,5,9,12,3,6,15,6,31,31,10,1,1,8,0,527,527,564,63,79,408,14,202,124,5,12,17,44,145,4,141,365,26,20,21,47,240,11,274,136,66,72,106,106,385,136,55,66,21,70,28,9,226,8,37,34,27,99,21,268,268,515,515,627,436,20,171,246,43,9,10,54,31,3,91,5,0,0
2021,"Sutton 009","E02000848",4209,2,2,0,0,4,0,3,0,1,0,100,6,3,0,0,4,0,1,0,9,2,2,4,4,3,2,13,5,7,5,6,4,0,20,0,20,20,25,9,2,14,0,521,521,594,64,91,422,17,204,109,3,10,24,58,166,14,152,249,15,5,11,43,165,10,218,120,49,49,81,81,283,98,31,71,13,45,16,9,197,14,36,25,18,75,29,250,250,504,504,605,411,37,157,186,33,3,2,38,27,1,79,0,0,3
2021,"Sutton 010","E02000849",4146,0,0,0,0,4,0,4,0,0,0,115,8,4,0,7,4,1,2,0,16,0,4,9,4,3,0,7,8,5,5,8,2,2,11,5,12,12,18,8,1,9,0,436,436,550,35,90,403,22,179,114,4,5,11,45,163,18,145,215,12,25,17,34,121,6,211,97,50,64,76,76,287,83,33,71,24,35,33,8,235,10,39,18,35,99,34,290,290,450,450,677,402,64,211,228,44,11,14,60,33,3,58,2,0,3
2021,"Sutton 011","E02000850",5473,3,1,1,1,3,0,3,0,0,0,175,14,2,1,3,5,0,1,2,23,3,3,13,10,5,5,12,13,4,9,10,2,2,24,9,17,17,23,6,4,13,0,558,558,812,76,130,593,13,278,170,1,12,27,68,186,14,172,311,24,19,14,51,194,9,305,142,83,80,104,104,337,153,44,50,16,44,26,4,266,14,49,30,31,111,31,413,413,626,626,802,495,55,252,254,37,18,11,59,42,4,78,1,0,4
2021,"Sutton 012","E02000851",5969,4,3,0,1,10,0,10,0,0,0,196,23,6,2,3,6,0,2,2,10,1,1,18,5,2,3,16,7,17,7,11,9,9,29,7,14,14,23,5,3,15,0,595,595,744,49,113,558,24,272,158,6,11,36,61,358,39,319,428,29,27,23,34,308,7,262,121,60,81,87,87,472,151,63,84,34,97,31,12,373,13,41,26,52,203,38,301,301,523,523,1022,671,103,248,285,54,12,25,44,45,8,89,6,0,2
2021,"Sutton 013","E02000852",4279,8,4,2,2,5,0,5,0,0,0,123,17,2,1,1,4,1,1,2,12,1,3,12,6,7,2,5,7,9,3,5,1,5,10,6,20,20,16,4,2,9,1,452,452,487,43,74,359,11,197,121,2,15,18,41,134,9,125,308,29,26,12,35,197,9,218,104,50,64,64,64,342,120,53,74,18,49,21,7,249,12,40,22,22,126,27,271,271,516,516,670,420,52,198,199,36,13,4,38,24,5,73,4,0,2
2021,"Sutton 014","E02000853",4132,2,2,0,0,9,0,9,0,0,0,125,13,1,0,0,4,3,2,0,11,1,3,11,3,2,4,6,18,7,5,8,0,5,17,1,16,16,12,3,0,9,0,447,447,480,57,69,342,12,217,150,0,7,8,52,182,8,174,292,13,25,13,29,208,4,183,82,52,49,78,78,311,100,56,62,23,39,25,6,242,7,45,20,29,126,15,270,270,412,412,670,394,74,202,184,27,9,8,38,25,8,65,2,0,2
2021,"Sutton 015","E02000854",3928,6,5,0,1,7,0,3,2,0,2,126,5,4,1,3,5,0,0,2,12,1,5,11,2,2,2,13,15,6,2,7,2,4,19,3,16,16,25,10,1,14,0,353,353,435,37,60,320,18,128,71,0,4,20,33,129,15,114,305,32,31,19,38,183,2,255,115,56,84,76,76,379,110,54,58,25,78,46,8,191,5,34,16,25,80,31,257,257,469,469,566,383,21,162,205,61,11,8,36,33,3,41,6,0,6
2021,"Sutton 016","E02000855",3983,1,0,1,0,7,0,6,1,0,0,102,8,3,0,1,4,0,0,0,10,2,6,11,3,4,1,3,10,1,6,8,3,1,14,3,22,22,22,7,2,13,0,401,401,468,33,66,351,18,141,91,4,7,15,24,135,12,123,310,19,30,17,38,192,14,270,143,55,72,68,68,357,110,69,70,17,59,21,11,224,16,32,25,19,98,34,237,237,458,458,561,374,39,148,199,30,6,8,53,29,2,63,3,0,5
2021,"Sutton 017","E02000856",4690,0,0,0,0,4,0,4,0,0,0,150,15,3,0,5,4,1,0,0,14,0,6,18,5,4,5,10,11,5,4,9,6,5,19,1,19,19,11,4,0,7,0,459,459,535,39,95,385,16,192,115,0,10,19,48,164,16,148,350,30,39,18,46,204,13,270,129,63,78,78,78,407,146,53,66,20,67,47,8,251,12,47,19,36,112,25,322,322,558,558,690,460,40,190,230,46,11,6,56,25,7,71,4,0,4
2021,"Sutton 018","E02000857",4695,3,1,2,0,12,0,12,0,0,0,105,13,1,0,1,3,0,0,0,6,2,4,13,0,1,3,8,8,3,5,8,1,5,17,3,22,22,26,6,3,17,0,416,416,522,30,60,417,15,201,143,1,3,20,34,209,28,181,407,26,22,23,34,297,5,282,161,56,65,88,88,391,109,66,72,55,48,32,9,263,12,38,19,32,134,28,272,272,471,471,804,551,88,165,201,41,6,13,38,35,3,59,1,0,5
2021,"Sutton 019","E02000858",3670,6,3,2,1,1,0,1,0,0,0,93,13,1,0,2,2,0,0,1,8,1,2,13,4,2,0,9,5,5,1,8,0,3,10,3,13,13,24,12,3,9,0,353,353,590,47,83,453,7,258,148,3,2,37,68,175,10,165,208,13,11,5,21,154,4,139,67,35,37,54,54,183,73,24,30,13,17,19,7,242,11,26,10,29,136,30,206,206,405,405,574,322,63,189,146,28,3,4,28,21,2,57,2,0,1
2021,"Sutton 020","E02000859",3863,6,5,1,0,3,0,1,1,0,1,114,4,5,2,2,3,0,0,0,9,1,7,7,3,1,0,9,14,2,3,8,6,4,16,8,14,14,12,3,1,8,0,383,383,439,39,73,313,14,175,114,7,7,11,36,121,7,114,264,26,19,14,29,168,8,261,120,52,89,74,74,329,106,63,52,22,50,29,7,200,5,33,15,29,94,24,245,245,433,433,634,414,53,167,156,28,8,2,43,19,2,51,1,0,2
2021,"Sutton 021","E02000860",4452,1,1,0,0,8,0,8,0,0,0,112,14,2,0,1,6,1,0,1,1,2,1,12,3,5,4,8,11,5,5,7,2,3,18,0,13,13,14,1,3,10,0,441,441,528,40,75,400,13,244,165,3,7,24,45,211,18,193,348,20,22,6,37,250,13,248,125,51,72,65,65,357,99,60,67,48,49,30,4,266,10,41,24,37,126,28,236,236,378,378,775,519,100,156,207,37,12,8,49,29,2,60,8,0,2
2021,"Sutton 022","E02000861",3634,1,1,0,0,8,0,7,1,0,0,98,6,0,0,1,3,0,0,0,10,2,4,9,3,1,0,7,12,0,9,7,2,2,17,3,15,15,14,2,2,10,0,318,318,319,38,38,235,8,100,51,4,10,12,23,98,9,89,324,20,21,14,32,224,13,334,169,67,98,74,74,412,140,77,85,34,49,25,2,173,10,38,18,13,65,29,241,241,392,392,540,407,28,105,173,32,10,8,37,35,3,45,0,0,3
2021,"Sutton 024","E02000863",3270,7,6,0,1,3,0,3,0,0,0,120,6,2,0,7,2,0,2,0,16,0,4,19,5,0,1,6,8,2,3,4,3,4,20,6,9,9,14,0,1,13,0,302,302,406,60,54,274,18,152,88,1,8,19,36,86,8,78,228,19,12,11,27,152,7,246,107,55,84,77,77,303,110,50,61,26,26,24,6,172,11,21,14,20,87,19,216,216,323,323,462,330,27,105,144,25,2,3,44,20,2,45,3,0,0
2021,"Sutton 025","E02006836",4064,6,5,1,0,14,1,11,0,1,1,110,5,3,1,0,0,0,0,0,11,0,5,16,9,0,0,8,7,2,6,11,2,3,17,4,28,28,23,7,1,15,0,352,352,404,28,66,298,12,102,59,3,9,12,19,104,19,85,366,27,21,20,33,258,7,333,144,74,115,101,101,431,159,80,67,38,59,26,2,200,9,42,29,24,66,30,209,209,395,395,711,548,32,131,175,38,7,2,44,32,3,44,2,0,3
2021,"Tower Hamlets 001","E02000864",5759,3,3,0,0,4,1,2,0,0,1,185,13,34,0,4,31,0,2,0,9,0,3,14,3,2,0,5,16,2,0,7,0,20,16,4,16,16,7,0,1,5,1,247,247,683,12,73,581,17,236,162,3,5,23,43,357,42,315,577,56,139,37,30,297,18,333,184,55,94,105,105,822,178,119,144,53,221,102,5,270,5,62,28,52,76,47,276,276,633,633,643,408,25,210,362,176,26,13,39,53,2,49,3,0,1
2021,"Tower Hamlets 002","E02000865",3698,6,6,0,0,1,0,1,0,0,0,105,13,8,0,4,15,1,0,0,8,0,1,5,0,1,1,3,20,0,0,4,1,7,13,0,10,10,8,3,0,5,0,123,123,421,16,32,361,12,169,114,3,4,13,35,270,21,249,338,36,63,23,23,177,16,190,112,26,52,56,56,487,108,72,104,35,106,60,2,193,14,21,14,48,65,31,173,173,383,383,505,305,21,179,260,114,25,3,22,49,2,41,2,0,2
2021,"Tower Hamlets 003","E02000866",5799,5,5,0,0,7,0,4,2,1,0,144,7,13,1,2,36,4,0,1,6,2,4,6,2,6,3,3,13,1,2,3,4,8,15,2,37,37,6,3,0,3,0,185,185,560,7,61,472,20,198,150,6,6,15,21,354,25,329,557,59,155,47,23,251,22,434,225,72,137,99,99,868,238,121,131,64,217,92,5,206,10,29,28,31,72,36,296,296,680,680,697,442,35,220,466,215,27,10,38,119,1,50,2,0,4
2021,"Tower Hamlets 004","E02000867",6579,5,4,0,1,2,0,2,0,0,0,151,13,16,0,1,28,1,0,0,11,1,3,11,3,4,5,6,14,2,0,7,4,6,11,4,37,37,5,0,0,5,0,232,232,746,10,76,640,20,165,114,3,4,13,31,447,35,412,681,57,117,46,35,404,22,508,271,72,165,127,127,1026,270,143,157,67,261,124,4,279,12,58,26,43,86,54,316,316,678,678,737,450,20,267,437,209,29,13,52,61,4,60,3,0,6
2021,"Tower Hamlets 005","E02000868",3896,1,1,0,0,0,0,0,0,0,0,120,9,12,1,1,27,4,1,0,3,0,4,9,0,0,3,1,13,3,1,2,2,5,18,1,6,6,3,1,0,2,0,99,99,440,7,47,376,10,150,117,0,1,10,22,281,29,252,439,49,98,29,33,203,27,220,120,26,74,52,52,657,150,70,118,35,188,93,3,161,9,15,24,33,54,26,167,167,357,357,424,273,15,136,319,183,15,4,20,29,4,59,2,0,3
2021,"Tower Hamlets 006","E02000869",2977,0,0,0,0,2,0,2,0,0,0,86,4,10,0,2,27,0,0,0,3,0,3,8,0,1,2,1,5,0,1,3,3,4,9,0,10,10,2,0,0,2,0,102,102,333,3,29,295,6,109,78,0,0,8,23,172,17,155,364,37,56,15,14,223,19,182,105,19,58,44,44,482,143,68,95,25,103,48,0,132,10,18,11,26,42,25,106,106,311,311,283,184,11,88,257,163,12,7,20,28,3,23,1,0,0
2021,"Tower Hamlets 007","E02000870",3090,3,3,0,0,0,0,0,0,0,0,83,11,8,0,2,20,0,0,0,6,2,0,13,1,0,1,4,3,0,0,1,1,0,9,1,6,6,6,2,1,3,0,105,105,378,12,40,318,8,138,102,4,2,10,20,229,22,207,262,35,64,13,18,117,15,172,96,18,58,43,43,405,94,53,67,23,115,50,3,135,5,25,16,32,33,24,130,130,369,369,377,244,9,124,249,116,20,6,24,42,3,36,2,0,0
2021,"Tower Hamlets 008","E02000871",5291,2,2,0,0,3,0,3,0,0,0,136,8,20,2,1,31,0,0,0,8,3,3,10,4,1,0,3,10,0,1,9,0,5,13,4,20,20,11,2,0,8,1,155,155,760,15,77,654,14,294,217,3,4,31,39,497,37,460,413,24,44,14,20,290,21,360,213,46,101,76,76,501,172,70,74,26,103,54,2,321,12,69,14,74,95,57,256,256,558,558,693,448,41,204,235,93,14,11,34,38,0,40,4,0,1
2021,"Tower Hamlets 009","E02000872",4273,2,2,0,0,2,0,2,0,0,0,117,14,11,0,1,30,3,0,1,7,0,2,11,0,4,1,1,10,3,0,3,2,1,9,3,16,16,8,3,0,5,0,98,98,513,7,43,440,23,155,115,0,4,9,27,328,24,304,489,41,77,18,24,306,23,439,257,50,132,64,64,679,198,92,113,34,158,83,1,205,8,36,26,46,44,45,160,160,377,377,386,244,17,125,235,126,9,8,19,39,4,24,0,0,6
2021,"Tower Hamlets 010","E02000873",3908,3,3,0,0,6,0,5,0,0,1,61,5,3,0,0,19,0,0,1,3,0,3,4,0,0,0,3,6,0,0,6,1,2,5,0,18,18,6,2,0,4,0,108,108,542,6,46,479,11,191,137,2,5,13,34,392,25,367,342,32,68,27,18,178,19,247,133,36,78,49,49,475,138,74,59,21,95,86,2,160,6,24,15,39,32,44,169,169,432,432,492,319,14,159,215,79,17,10,28,33,5,33,1,0,9
2021,"Tower Hamlets 011","E02000874",3262,2,1,1,0,1,0,1,0,0,0,57,11,5,3,2,8,1,0,0,3,0,2,4,0,2,0,0,6,0,0,2,0,0,8,0,11,11,2,1,0,1,0,119,119,482,17,40,413,12,192,152,4,2,8,26,283,25,258,245,16,37,19,17,149,7,193,112,18,63,66,66,356,109,61,42,18,83,41,2,160,6,23,15,34,33,49,177,177,338,338,410,263,17,130,168,71,15,6,18,25,1,31,0,0,1
2021,"Tower Hamlets 012","E02000875",6190,2,2,0,0,5,0,5,0,0,0,125,15,6,0,2,23,1,1,0,9,0,3,13,0,2,4,3,11,0,0,11,0,6,14,1,27,27,14,4,2,8,0,193,193,811,20,74,700,17,303,217,3,6,24,53,550,51,499,511,51,69,22,43,316,10,485,269,77,139,88,88,653,231,108,74,31,140,68,1,332,15,58,34,89,81,55,263,263,663,663,813,523,40,250,352,126,17,15,50,68,1,61,2,0,12
2021,"Tower Hamlets 013","E02000876",3540,15,15,0,0,0,0,0,0,0,0,91,22,4,2,0,18,2,0,0,3,0,2,2,0,3,0,1,4,0,1,8,1,3,13,2,11,11,3,2,0,1,0,99,99,430,5,50,361,14,141,105,0,0,3,33,343,18,325,346,25,61,13,22,211,14,238,123,34,81,62,62,497,131,73,72,21,141,58,1,172,2,29,9,45,61,26,172,172,316,316,391,244,21,126,213,123,16,10,15,24,1,20,2,0,2
2021,"Tower Hamlets 014","E02000877",6503,1,1,0,0,2,1,1,0,0,0,115,13,0,2,2,28,2,0,1,6,0,2,13,0,3,0,1,13,2,2,8,2,5,9,1,21,21,6,2,0,4,0,201,201,829,17,82,703,27,306,237,3,2,19,45,595,38,557,559,60,75,23,34,343,24,499,301,68,130,120,120,826,267,105,118,60,195,76,5,331,11,63,27,82,101,47,284,284,686,686,777,454,51,272,345,125,23,18,45,68,0,62,0,0,4
2021,"Tower Hamlets 015","E02000878",5145,2,2,0,0,1,0,1,0,0,0,121,10,8,1,2,29,5,0,0,2,1,8,8,0,0,1,2,8,2,2,7,3,3,14,5,11,11,2,1,0,1,0,133,133,600,12,65,506,17,184,123,5,5,24,27,358,32,326,529,23,65,16,39,353,33,649,382,73,194,66,66,821,317,139,81,42,154,84,4,254,6,43,21,60,62,62,201,201,429,429,485,324,21,140,299,134,27,3,33,40,2,58,0,0,2
2021,"Tower Hamlets 016","E02000879",3646,0,0,0,0,1,0,1,0,0,0,73,10,1,1,2,7,0,0,0,6,0,2,7,1,2,1,2,2,0,2,9,0,3,14,1,9,9,3,1,0,2,0,113,113,501,11,69,415,6,196,146,0,1,13,36,416,49,367,273,25,47,17,8,161,15,217,121,35,61,56,56,362,114,39,76,21,75,34,3,213,8,31,27,41,70,36,155,155,407,407,459,264,37,158,192,80,14,5,23,34,1,33,1,0,1
2021,"Tower Hamlets 017","E02000880",2977,1,1,0,0,2,0,2,0,0,0,38,4,4,0,0,9,1,0,0,1,0,0,3,0,3,0,1,3,0,1,2,0,1,5,0,7,7,2,1,0,1,0,81,81,405,6,44,347,8,162,111,1,1,10,39,305,17,288,228,44,36,10,4,124,10,162,84,25,53,52,52,316,100,48,50,17,64,36,1,179,8,41,10,35,64,21,127,127,293,293,435,296,18,121,182,84,10,7,16,39,0,25,0,0,1
2021,"Tower Hamlets 018","E02000881",4803,6,6,0,0,5,0,4,0,1,0,112,20,13,1,3,14,1,0,0,4,0,4,6,0,2,1,16,5,0,3,4,1,3,9,2,9,9,10,3,0,6,1,172,172,578,12,49,500,17,214,163,0,2,10,39,506,47,459,437,18,47,12,43,299,18,485,295,61,129,105,105,532,180,100,61,22,126,41,2,266,14,48,29,49,78,48,234,234,417,417,474,279,25,170,241,89,19,15,29,33,0,51,1,0,4
2021,"Tower Hamlets 019","E02000882",4748,1,1,0,0,7,0,4,0,3,0,83,19,3,1,1,22,2,0,0,5,0,2,5,1,0,0,3,4,0,2,5,0,4,4,0,10,10,9,3,0,6,0,147,147,590,20,62,490,18,259,200,3,6,18,32,397,24,373,354,24,59,9,24,221,17,310,185,45,80,105,105,499,156,69,85,27,100,59,3,221,11,35,17,75,51,32,236,236,616,616,720,482,28,210,184,65,12,15,30,28,1,29,1,0,3
2021,"Tower Hamlets 020","E02000883",3659,4,4,0,0,3,0,3,0,0,0,70,7,4,1,0,12,1,0,0,1,1,1,9,1,0,2,1,3,0,2,6,1,5,10,2,10,10,4,0,0,4,0,152,152,526,18,53,438,17,260,187,3,5,16,49,367,26,341,264,14,49,21,23,144,13,247,152,31,64,80,80,327,138,50,40,12,60,25,2,243,12,27,14,79,82,29,156,156,327,327,468,286,21,161,151,54,6,5,22,36,0,25,1,0,2
2021,"Tower Hamlets 021","E02000884",6512,0,0,0,0,3,0,1,0,0,2,157,16,6,1,1,35,1,0,3,5,0,17,10,1,0,1,1,13,0,5,9,1,5,21,5,20,20,9,2,0,7,0,126,126,696,9,98,564,25,185,138,5,6,9,27,493,50,443,675,32,75,20,57,457,34,1128,662,146,320,100,100,1057,390,165,156,70,199,72,5,272,11,57,28,46,80,50,213,213,465,465,643,468,17,158,270,97,22,8,37,40,0,60,1,0,5
2021,"Tower Hamlets 022","E02000885",2832,0,0,0,0,1,0,0,1,0,0,48,3,4,0,0,14,0,0,0,2,0,1,2,0,1,1,2,1,1,1,6,1,1,3,4,5,5,6,1,0,5,0,92,92,368,6,44,313,5,193,136,1,7,8,41,356,29,327,185,8,19,5,15,125,13,159,89,19,51,52,52,243,91,29,33,21,41,26,2,170,6,27,9,35,63,30,150,150,306,306,360,206,19,135,138,50,5,8,15,31,1,25,0,0,3
2021,"Tower Hamlets 023","E02000886",5310,2,1,0,1,16,0,16,0,0,0,127,11,17,3,3,29,0,0,0,7,0,3,8,1,3,3,3,8,2,3,9,1,4,9,0,15,15,5,2,0,3,0,175,175,585,9,64,498,14,180,132,8,2,9,29,475,70,405,541,27,75,12,26,380,21,767,499,82,186,111,111,710,232,154,72,55,135,58,4,213,10,41,23,42,57,40,239,239,377,377,462,268,20,174,310,107,18,20,31,58,3,68,1,0,4
2021,"Tower Hamlets 024","E02000887",4780,3,3,0,0,4,0,3,0,1,0,90,29,2,0,4,15,0,0,0,9,0,1,5,0,3,0,3,3,1,0,2,2,2,8,1,11,11,8,0,0,7,1,215,215,624,12,65,531,16,244,181,6,1,20,36,481,48,433,400,14,53,8,26,284,15,452,294,50,108,82,82,456,171,69,65,22,90,39,0,255,9,46,20,61,80,39,184,184,493,493,573,343,28,202,205,79,13,10,22,40,2,34,1,0,4
2021,"Tower Hamlets 025","E02000888",4417,2,2,0,0,11,2,8,0,0,1,85,10,4,0,3,8,1,0,0,3,2,2,15,0,2,0,3,3,1,1,6,1,3,16,1,16,16,5,0,0,4,1,130,130,485,9,67,398,11,176,119,3,4,15,35,371,39,332,434,33,43,21,30,278,29,587,349,77,161,86,86,616,228,99,102,25,115,42,5,190,7,52,18,35,43,35,203,203,347,347,451,286,15,150,222,98,14,11,32,40,0,26,0,0,1
2021,"Tower Hamlets 026","E02000889",5132,1,1,0,0,3,0,3,0,0,0,110,20,5,1,2,15,0,1,1,3,1,1,9,4,0,2,3,6,3,1,8,3,6,13,2,22,22,6,2,0,4,0,142,142,442,11,56,358,17,204,127,13,6,26,32,312,45,267,561,51,39,27,36,376,32,993,510,160,323,88,88,857,342,160,105,37,144,66,3,200,6,49,21,34,43,47,191,191,376,376,431,282,11,138,193,72,7,12,22,40,0,36,0,0,4
2021,"Tower Hamlets 027","E02000890",3845,2,2,0,0,4,0,4,0,0,0,88,4,9,1,2,16,0,0,2,2,2,3,8,0,1,0,2,8,4,1,5,3,0,13,2,17,17,10,3,0,6,1,107,107,240,6,39,182,13,97,65,7,3,10,12,152,15,137,468,30,59,18,37,303,21,784,418,139,227,97,97,750,315,131,84,38,132,45,5,134,6,33,19,23,15,38,126,126,270,270,276,174,6,96,223,108,37,8,25,28,0,11,1,0,5
2021,"Tower Hamlets 030","E02000893",3699,6,5,0,1,0,0,0,0,0,0,64,8,3,1,3,7,0,0,0,7,1,2,6,2,0,1,6,2,1,0,3,0,4,7,0,13,13,4,1,0,2,1,173,173,410,13,61,315,21,141,103,5,3,14,16,271,31,240,392,17,17,7,35,301,15,498,303,62,133,71,71,412,153,65,43,21,75,51,4,195,6,33,17,32,70,37,172,172,368,368,332,196,14,122,177,55,14,8,32,23,0,40,1,0,4
2021,"Tower Hamlets 031","E02000894",6158,1,1,0,0,4,0,3,0,1,0,110,16,5,1,3,11,1,0,0,7,0,5,9,0,2,1,5,12,2,3,9,0,2,16,0,19,19,13,4,0,9,0,251,251,588,17,73,486,12,219,136,17,7,20,39,423,63,360,805,39,73,16,68,585,24,1058,720,91,247,127,127,705,268,120,106,37,128,43,3,253,3,61,32,31,62,64,276,276,500,500,502,339,13,150,304,108,27,15,41,54,0,52,2,0,5
2021,"Tower Hamlets 032","E02006853",6193,3,3,0,0,6,0,4,1,1,0,102,8,5,1,3,20,0,0,0,6,1,4,12,0,2,1,4,6,0,0,8,3,1,16,1,35,35,7,2,0,5,0,170,170,594,15,77,489,13,168,107,10,6,16,29,334,42,292,773,19,45,12,61,595,41,1502,1039,107,356,101,101,992,493,181,118,42,110,42,6,209,3,43,16,39,67,41,157,157,392,392,445,300,12,133,203,62,7,15,30,28,0,53,1,0,7
2021,"Tower Hamlets 033","E02006854",4488,4,4,0,0,10,0,9,0,1,0,91,10,1,4,2,7,1,0,0,3,1,4,15,0,1,1,4,10,0,1,5,3,3,15,0,18,18,3,1,0,2,0,121,121,324,3,41,264,16,112,63,8,6,10,25,175,27,148,541,21,25,14,33,415,33,1247,898,60,289,77,77,752,307,170,86,35,113,40,1,188,5,46,34,20,26,57,117,117,195,195,311,236,7,68,202,83,11,10,36,20,0,35,0,0,7
2021,"Tower Hamlets 034","E02007112",4006,0,0,0,0,8,0,8,0,0,0,79,4,1,3,1,18,1,0,0,0,0,4,13,1,1,2,1,13,0,1,7,3,2,3,0,19,19,6,0,1,5,0,90,90,333,5,39,274,15,88,52,8,7,12,9,163,27,136,600,24,40,10,33,463,30,913,599,79,235,82,82,705,278,143,80,42,122,37,3,195,4,48,31,33,31,48,124,124,195,195,263,217,4,42,143,56,6,8,26,20,1,23,1,0,2
2021,"Tower Hamlets 035","E02007113",4335,2,1,1,0,4,0,4,0,0,0,76,7,3,2,1,7,0,0,0,10,2,5,5,0,0,2,4,10,1,1,4,1,3,7,1,26,26,3,1,0,2,0,110,110,401,9,50,332,10,134,89,2,3,21,19,245,28,217,518,23,28,13,34,397,23,919,628,56,235,71,71,687,293,159,59,34,96,40,6,163,7,48,18,23,32,35,166,166,265,265,397,276,20,101,148,57,11,6,21,17,1,32,1,0,2
2021,"Tower Hamlets 036","E02007114",3926,0,0,0,0,7,0,5,1,1,0,85,12,3,3,1,8,0,0,0,6,1,2,10,0,3,0,3,5,1,3,6,0,1,12,5,11,11,4,1,1,2,0,142,142,375,9,58,301,7,138,94,4,7,13,20,307,36,271,444,24,25,5,38,322,30,731,476,68,187,75,75,570,226,113,54,23,108,46,0,169,10,32,15,28,49,35,145,145,259,259,325,198,10,117,139,47,9,7,29,17,2,23,4,0,1
2021,"Waltham Forest 001","E02000895",3759,1,0,1,0,1,0,1,0,0,0,136,13,6,0,2,16,0,1,2,10,2,8,4,2,8,1,9,7,4,6,10,2,9,12,2,9,9,30,6,1,23,0,479,479,531,56,79,380,16,209,145,2,4,27,31,144,23,121,185,12,19,11,37,101,5,190,109,26,55,87,87,297,124,49,55,9,38,19,3,209,7,29,9,27,106,31,199,199,444,444,421,258,28,135,187,33,9,9,42,32,3,55,1,0,3
2021,"Waltham Forest 002","E02000896",4655,3,3,0,0,3,0,3,0,0,0,131,10,8,0,1,10,4,5,2,17,1,3,4,1,2,2,15,7,3,2,5,0,7,20,2,12,12,14,1,2,11,0,488,488,502,48,78,361,15,197,137,5,4,26,25,178,19,159,292,31,41,16,35,163,6,382,195,82,105,158,158,470,185,58,67,18,89,39,14,224,4,49,19,37,89,26,259,259,576,576,510,325,38,147,256,78,14,7,48,39,1,64,2,0,3
2021,"Waltham Forest 003","E02000897",3984,3,3,0,0,1,0,1,0,0,0,103,8,2,2,3,7,1,0,1,17,1,3,4,1,2,3,6,10,0,1,9,4,7,10,1,17,17,30,3,1,25,1,504,504,505,37,88,369,11,215,148,4,4,19,40,151,20,131,186,14,29,9,35,94,5,221,108,46,67,100,100,301,117,32,48,9,53,31,11,221,6,33,9,46,106,21,204,204,511,511,523,296,49,178,188,42,12,2,36,28,6,62,0,0,0
2021,"Waltham Forest 004","E02000898",3701,0,0,0,0,2,0,2,0,0,0,106,15,5,0,3,7,0,0,1,15,0,2,4,1,0,0,8,12,6,5,6,0,8,6,2,9,9,15,3,1,10,1,442,442,445,32,71,327,15,179,117,3,3,20,36,149,10,139,195,16,19,12,29,113,6,189,100,38,51,97,97,290,126,34,40,11,47,28,4,234,5,39,12,38,110,30,223,223,486,486,469,268,35,166,171,38,7,6,32,23,1,59,5,0,0
2021,"Waltham Forest 005","E02000899",4176,2,1,1,0,0,0,0,0,0,0,164,16,3,0,4,16,1,1,1,23,0,3,16,5,3,3,16,8,1,2,15,2,9,11,5,15,15,27,6,0,20,1,598,598,598,52,114,426,6,235,163,3,7,25,37,221,26,195,165,9,35,11,28,75,7,179,89,43,47,74,74,266,118,23,33,14,52,22,4,291,7,29,16,45,167,27,208,208,471,471,474,269,40,165,188,39,7,6,30,29,3,67,7,0,0
2021,"Waltham Forest 006","E02000900",4099,2,2,0,0,2,0,1,0,1,0,111,12,8,0,3,12,0,2,1,22,0,2,5,2,2,1,5,7,1,4,8,1,2,4,7,11,11,31,7,3,18,3,517,517,655,54,124,460,17,285,183,0,7,30,65,204,26,178,164,16,26,7,20,92,3,121,74,21,26,86,86,251,125,19,35,8,42,20,2,256,5,26,6,43,151,25,220,220,441,441,565,354,35,176,177,36,6,5,45,24,4,51,4,0,2
2021,"Waltham Forest 007","E02000901",5349,3,3,0,0,4,1,2,0,0,1,144,14,7,0,8,18,0,7,0,9,0,3,2,3,8,6,6,12,6,2,11,1,5,15,1,19,19,14,2,1,8,3,533,533,556,20,81,434,21,226,146,5,3,28,44,224,17,207,374,40,78,35,31,177,13,353,171,77,105,125,125,538,176,90,80,14,111,61,6,270,8,42,19,47,116,38,347,347,718,718,584,348,33,203,317,110,24,10,42,52,2,69,6,0,2
2021,"Waltham Forest 008","E02000902",4750,3,2,1,0,1,0,1,0,0,0,109,11,8,0,3,11,1,3,1,13,0,0,4,1,1,0,5,8,0,4,13,1,13,7,1,18,18,17,4,0,13,0,515,515,668,37,103,508,20,285,203,3,2,27,50,247,31,216,285,28,71,20,31,127,8,201,111,38,52,97,97,361,127,49,40,19,78,44,4,288,9,40,12,63,138,26,305,305,517,517,616,360,51,205,217,60,18,7,35,32,1,60,3,0,1
2021,"Waltham Forest 009","E02000903",4721,4,3,1,0,2,0,1,0,1,0,112,18,8,0,3,12,2,1,1,6,1,4,6,2,4,2,9,6,4,2,6,6,2,4,3,19,19,26,8,0,18,0,451,451,656,30,98,514,14,292,209,0,4,26,53,269,47,222,284,37,71,19,21,126,10,130,75,21,34,71,71,378,104,54,46,30,92,50,2,352,13,26,11,65,197,40,218,218,528,528,638,393,36,209,291,103,8,8,37,54,5,65,7,0,4
2021,"Waltham Forest 010","E02000904",4379,1,0,1,0,0,0,0,0,0,0,127,26,9,0,2,16,0,0,0,11,1,2,2,0,1,1,6,6,4,2,12,2,6,17,1,13,13,13,1,0,12,0,428,428,514,33,91,379,11,185,130,6,5,11,33,213,27,186,279,44,53,24,30,120,8,165,102,22,41,87,87,435,130,56,64,21,99,60,5,287,8,21,21,50,159,28,246,246,524,524,581,364,32,185,281,95,26,6,37,28,3,74,6,0,6
2021,"Waltham Forest 011","E02000905",5432,9,9,0,0,1,0,1,0,0,0,167,19,9,0,2,14,2,3,11,16,0,3,8,2,0,5,15,13,0,2,18,4,6,13,2,10,10,18,4,0,14,0,562,562,569,27,97,432,13,233,162,2,6,16,47,319,56,263,429,66,130,51,29,144,9,196,118,22,56,85,85,556,117,64,87,40,165,83,0,323,13,35,16,49,173,37,301,301,623,623,652,362,38,252,379,170,27,4,34,62,8,70,3,0,1
2021,"Waltham Forest 012","E02000906",5044,2,2,0,0,5,0,3,1,1,0,162,26,15,1,1,22,2,2,0,19,0,1,10,1,2,3,2,20,4,5,7,1,7,8,3,12,12,14,4,0,7,3,413,413,623,26,91,490,16,216,145,1,3,27,40,265,33,232,425,70,137,38,20,146,14,176,99,19,58,62,62,531,121,64,82,31,144,85,4,277,12,22,20,37,146,40,281,281,580,580,597,330,34,233,403,199,36,14,26,52,3,66,5,0,2
2021,"Waltham Forest 013","E02000907",4724,2,1,1,0,2,0,2,0,0,0,124,16,3,0,3,12,0,0,0,8,0,4,4,0,3,6,9,12,1,3,4,1,15,15,5,11,11,22,0,0,21,1,436,436,588,15,118,442,13,221,142,1,2,30,46,283,39,244,307,41,79,28,24,119,16,141,71,28,42,71,71,402,100,54,68,19,93,61,7,315,2,25,22,50,174,42,239,239,510,510,698,399,69,230,352,156,24,11,24,43,8,77,7,0,2
2021,"Waltham Forest 014","E02000908",7215,5,5,0,0,4,0,3,0,1,0,214,26,26,2,1,32,3,0,1,20,2,4,14,4,2,2,7,13,6,5,13,2,13,14,2,12,12,22,4,2,16,0,622,622,821,22,106,671,22,296,210,3,8,21,54,385,61,324,707,88,174,63,36,311,35,233,127,33,73,136,136,767,187,79,95,59,227,110,10,441,12,48,32,62,245,42,390,390,716,716,922,563,46,313,522,239,50,17,50,54,6,83,12,0,11
2021,"Waltham Forest 015","E02000909",4898,2,2,0,0,1,0,0,0,1,0,135,20,13,0,3,25,0,0,0,15,0,2,10,1,2,1,3,7,0,2,5,0,10,14,2,13,13,18,3,0,14,1,379,379,523,19,96,389,19,161,112,3,4,16,26,230,31,199,484,78,142,42,27,174,21,214,122,24,68,81,81,576,131,84,83,36,154,87,1,261,5,36,17,46,123,34,273,273,571,571,623,384,15,224,353,164,23,9,29,44,3,74,4,0,3
2021,"Waltham Forest 016","E02000910",6262,3,3,0,0,4,0,2,0,2,0,205,30,21,0,4,31,1,9,1,9,0,6,8,1,6,6,14,11,3,5,14,2,5,14,4,11,11,13,1,0,10,2,550,550,757,25,126,591,15,228,161,3,2,24,38,357,49,308,514,70,123,44,29,232,16,240,104,63,73,114,114,703,196,89,82,42,216,72,6,405,6,44,24,57,223,51,338,338,612,612,757,459,66,232,451,226,28,17,46,49,10,64,10,0,1
2021,"Waltham Forest 017","E02000911",7043,7,7,0,0,5,1,4,0,0,0,195,40,13,3,7,32,3,2,1,14,0,3,9,3,2,4,6,6,4,4,7,2,12,14,4,15,15,21,4,1,14,2,677,677,906,23,140,717,26,240,170,4,5,26,35,431,52,379,607,75,157,60,40,250,25,241,136,32,73,92,92,679,155,93,116,49,186,78,2,528,9,32,25,101,326,35,338,338,745,745,793,478,33,282,523,216,49,16,41,69,8,115,5,0,4
2021,"Waltham Forest 018","E02000912",4757,4,4,0,0,0,0,0,0,0,0,165,28,5,0,3,46,2,4,0,6,0,6,7,6,1,4,9,7,2,2,7,1,4,12,3,15,15,11,1,0,10,0,467,467,622,22,78,508,14,249,143,2,7,23,74,262,42,220,309,35,81,26,22,131,14,161,93,36,32,79,79,432,97,44,87,24,112,63,5,335,3,33,9,69,183,38,254,254,489,489,612,371,32,209,291,106,20,10,31,41,2,71,8,0,2
2021,"Waltham Forest 019","E02000913",4573,0,0,0,0,0,0,0,0,0,0,137,26,3,0,4,14,1,1,1,4,2,4,9,4,4,7,4,16,2,2,7,0,9,9,4,11,11,13,3,1,9,0,420,420,576,33,99,425,19,227,160,1,10,16,40,314,43,271,285,37,49,23,28,137,11,148,83,22,43,110,110,393,118,47,79,16,84,48,1,268,6,19,13,35,155,40,248,248,508,508,676,465,35,176,239,85,17,10,21,32,6,60,5,0,3
2021,"Waltham Forest 020","E02000914",5221,3,3,0,0,1,0,0,0,1,0,150,36,3,0,3,25,0,0,0,12,0,3,9,3,2,2,15,7,3,0,7,3,6,7,4,17,17,12,5,0,6,1,634,634,731,20,92,603,16,310,224,2,5,32,47,379,54,325,300,47,72,17,22,137,5,117,70,18,29,84,84,356,98,43,42,22,77,71,3,425,11,31,18,98,230,37,262,262,498,498,637,381,68,188,305,105,13,16,29,37,8,86,9,0,2
2021,"Waltham Forest 021","E02000915",4463,2,2,0,0,0,0,0,0,0,0,109,22,5,0,2,19,0,1,0,10,0,2,4,1,3,3,5,10,0,1,4,1,3,13,0,19,19,11,2,0,8,1,375,375,493,21,71,384,17,172,128,2,1,12,29,269,40,229,372,43,89,23,27,180,10,193,102,29,62,87,87,453,135,57,82,29,87,55,8,263,5,47,25,45,116,25,249,249,475,475,634,382,44,208,287,124,21,15,40,32,5,42,3,0,5
2021,"Waltham Forest 022","E02000916",5493,3,1,2,0,3,0,1,0,2,0,198,34,19,0,7,35,1,3,1,9,0,10,4,0,3,2,10,10,1,7,8,2,10,21,1,12,12,15,3,0,9,3,588,588,715,31,138,533,13,243,162,1,8,21,51,358,68,290,363,36,114,29,33,136,15,174,87,32,55,85,85,497,100,64,91,34,129,76,3,371,11,25,19,80,197,39,260,260,523,523,696,413,39,244,389,160,27,13,35,41,7,95,5,0,6
2021,"Waltham Forest 023","E02000917",5273,0,0,0,0,3,0,2,1,0,0,166,28,12,0,4,24,0,1,0,8,0,4,17,2,6,2,7,12,1,3,5,2,5,19,4,6,6,12,2,0,9,1,628,628,560,17,85,444,14,190,114,3,1,23,49,382,66,316,368,46,103,35,17,155,12,162,74,31,57,93,93,561,132,66,86,29,156,87,5,428,11,42,20,79,235,41,260,260,473,473,628,389,38,201,353,169,15,10,35,49,3,59,7,0,6
2021,"Waltham Forest 024","E02000918",4951,3,3,0,0,0,0,0,0,0,0,144,17,23,1,3,20,1,0,2,11,2,0,6,0,2,4,4,12,3,4,7,0,12,10,0,20,20,11,2,0,8,1,557,557,559,12,91,441,15,209,135,5,2,27,40,385,47,338,357,48,75,28,24,172,10,210,123,38,49,71,71,456,141,66,67,26,100,55,1,333,11,42,12,71,157,40,249,249,518,518,589,375,32,182,280,122,16,8,24,37,5,54,8,0,6
2021,"Waltham Forest 025","E02000919",5082,3,3,0,0,0,0,0,0,0,0,140,26,9,0,1,19,0,0,0,6,2,3,10,0,0,4,10,12,2,4,7,0,6,19,0,9,9,6,3,0,3,0,581,581,616,16,89,495,16,204,126,0,11,27,40,418,60,358,327,39,77,28,20,150,13,161,93,20,48,77,77,484,143,53,80,22,114,68,4,431,9,41,20,66,252,43,228,228,446,446,574,360,31,183,377,152,28,16,35,49,6,70,8,0,13
2021,"Waltham Forest 026","E02000920",5167,1,1,0,0,1,0,0,1,0,0,144,27,9,0,2,15,2,0,0,15,0,3,12,5,2,1,5,17,4,2,7,2,3,9,2,11,11,20,6,0,14,0,551,551,661,42,103,496,20,282,189,1,1,33,58,421,61,360,291,40,50,15,31,152,3,177,96,26,55,87,87,392,99,46,66,23,98,55,5,438,9,50,20,92,226,41,229,229,477,477,658,404,43,211,326,146,11,25,39,31,2,62,4,0,6
2021,"Waltham Forest 027","E02000921",5736,3,3,0,0,2,0,0,0,2,0,113,20,4,1,3,19,0,1,0,3,0,2,3,7,6,1,6,8,1,0,8,0,5,11,4,6,6,20,9,1,10,0,757,757,768,62,106,583,17,319,206,1,9,38,65,462,61,401,314,17,59,32,24,173,9,157,89,21,47,79,79,404,128,35,63,13,102,56,7,518,7,53,23,116,274,45,239,239,559,559,716,439,46,231,300,115,13,14,28,33,5,83,7,0,2
2021,"Waltham Forest 028","E02000922",5430,2,2,0,0,1,0,1,0,0,0,162,15,19,1,1,15,2,3,1,12,0,4,11,3,5,14,6,15,0,2,9,1,7,13,3,13,13,14,1,0,11,2,697,697,641,18,96,513,14,263,170,0,7,28,58,378,60,318,339,34,83,24,33,157,8,149,90,19,40,76,76,471,107,48,74,25,134,80,3,475,13,62,17,60,286,37,254,254,550,550,644,390,54,200,301,126,22,15,18,41,2,65,7,0,5
2021,"Wandsworth 001","E02000923",4348,1,0,0,1,5,0,4,0,0,1,93,11,3,1,4,12,1,1,0,4,1,1,4,1,0,4,0,15,2,0,6,2,5,14,1,9,9,6,2,2,2,0,204,204,403,7,51,329,16,104,58,7,8,14,17,233,47,186,370,41,49,26,22,222,10,486,237,53,196,139,139,657,150,154,130,38,100,82,3,183,6,41,27,25,56,28,189,189,372,372,544,378,19,147,350,146,26,5,37,41,5,51,18,0,21
2021,"Wandsworth 003","E02000925",4165,3,2,1,0,2,0,2,0,0,0,91,6,4,3,0,9,0,3,0,4,0,1,9,0,1,2,3,9,0,1,10,1,5,18,2,8,8,5,1,0,4,0,186,186,561,25,72,446,18,177,117,5,9,13,33,335,54,281,293,37,40,19,19,163,15,279,137,32,110,97,97,497,116,100,87,27,96,68,3,268,10,47,28,25,128,30,181,181,360,360,547,358,25,164,275,104,8,11,48,35,1,54,8,0,6
2021,"Wandsworth 004","E02000926",7481,5,5,0,0,28,0,24,2,1,1,244,22,25,4,6,26,3,2,2,5,1,7,39,0,3,5,2,32,2,2,11,1,12,28,4,44,44,14,6,2,6,0,328,328,780,18,119,600,43,170,96,15,19,14,26,409,73,336,761,65,100,53,81,440,22,707,354,88,265,234,234,1184,247,243,232,53,273,128,8,355,14,93,51,39,94,64,295,295,591,591,839,617,27,195,493,175,30,18,84,62,2,91,15,0,16
2021,"Wandsworth 005","E02000927",4195,5,5,0,0,12,0,11,0,1,0,120,13,11,3,2,17,0,1,0,6,1,2,21,0,0,0,2,12,2,0,6,3,1,15,2,14,14,11,4,0,7,0,181,181,440,24,61,340,15,117,62,7,10,13,25,218,34,184,377,38,53,31,40,203,12,414,218,60,136,129,129,666,166,146,104,46,135,63,6,213,2,45,26,28,79,33,203,203,329,329,508,329,18,161,238,95,21,9,24,32,1,41,4,0,11
2021,"Wandsworth 006","E02000928",4854,5,3,1,1,19,1,17,1,0,0,123,12,18,2,0,13,3,0,4,2,0,4,17,1,1,0,2,11,3,1,6,2,1,18,2,36,36,12,1,0,11,0,196,196,380,19,58,285,18,85,37,8,11,13,16,180,24,156,468,60,75,49,27,243,14,581,274,66,241,151,151,913,262,210,125,45,193,77,1,204,4,63,36,19,44,38,202,202,490,490,479,336,12,131,330,133,22,16,61,46,1,39,8,0,4
2021,"Wandsworth 007","E02000929",3983,0,0,0,0,7,0,6,0,0,1,96,14,5,0,5,9,0,1,0,6,0,4,14,0,2,0,4,5,0,1,5,1,2,16,2,15,15,8,5,0,3,0,196,196,460,8,68,377,7,235,146,3,10,30,46,329,46,283,244,18,32,11,21,155,7,194,96,18,80,91,91,394,92,82,61,26,101,28,4,238,6,44,16,39,106,27,207,207,365,365,662,395,51,216,242,75,25,9,30,33,0,57,7,0,6
2021,"Wandsworth 008","E02000930",6763,3,2,1,0,11,0,11,0,0,0,211,26,17,2,7,18,0,0,1,2,3,6,43,3,3,0,3,26,3,0,16,5,5,22,0,49,49,3,0,0,3,0,290,290,610,14,78,481,37,140,66,8,13,23,30,287,59,228,648,65,80,37,45,384,37,807,363,134,310,224,224,1222,363,266,136,72,266,114,5,326,7,119,42,31,59,68,309,309,535,535,662,441,21,200,426,158,17,14,75,72,3,74,5,0,8
2021,"Wandsworth 009","E02000931",5632,2,1,1,0,27,1,21,1,1,3,166,13,20,2,3,18,2,0,1,5,1,7,23,1,0,12,1,9,2,1,10,6,4,25,0,38,38,8,2,1,5,0,201,201,447,10,64,339,34,112,46,15,15,18,18,143,16,127,572,55,84,48,41,329,15,937,477,110,350,192,192,1153,406,265,95,51,231,97,8,251,5,101,42,19,38,46,248,248,351,351,496,327,24,145,288,115,12,11,53,38,3,45,3,0,8
2021,"Wandsworth 010","E02000932",8665,7,5,1,1,27,0,21,2,2,2,281,25,27,9,5,22,2,1,0,5,4,8,61,1,2,1,3,27,13,4,11,10,5,34,1,76,76,21,3,3,13,2,277,277,808,12,119,629,48,161,86,12,21,26,16,347,48,299,1079,80,150,101,103,601,44,1001,488,144,369,238,238,1558,444,329,224,57,375,118,11,385,18,119,65,21,87,75,382,382,660,660,831,612,14,205,526,200,32,19,121,57,4,70,7,0,16
2021,"Wandsworth 011","E02000933",5111,5,5,0,0,13,0,10,2,0,1,173,18,16,6,2,10,0,1,0,5,2,16,27,0,2,2,2,17,4,2,6,5,3,25,2,33,33,4,0,0,4,0,215,215,424,11,52,337,24,124,57,3,21,16,27,239,32,207,474,41,67,45,36,278,7,561,309,73,179,123,123,873,282,196,140,33,165,57,0,249,9,61,38,31,70,40,257,257,454,454,532,381,16,135,358,121,31,17,58,50,3,49,5,0,24
2021,"Wandsworth 012","E02000934",6109,6,6,0,0,16,0,15,0,1,0,188,31,16,2,1,17,1,0,1,3,4,14,43,1,0,1,1,12,5,0,10,2,2,18,3,20,20,5,2,0,3,0,265,265,586,17,81,448,40,146,74,3,17,22,30,268,52,216,671,75,87,61,52,364,32,663,287,122,254,191,191,1046,265,250,165,50,226,81,9,280,6,86,37,19,70,62,283,283,462,462,654,453,18,183,359,145,25,18,80,31,2,42,7,0,9
2021,"Wandsworth 013","E02000935",2728,1,1,0,0,2,0,2,0,0,0,47,5,6,0,0,4,1,0,0,0,1,2,4,0,0,1,5,3,0,1,6,0,1,7,0,3,3,7,1,1,5,0,177,177,450,14,84,344,8,175,124,2,8,13,28,225,26,199,126,13,22,12,7,65,7,85,44,10,31,50,50,178,35,28,34,12,41,26,2,223,6,20,5,23,150,19,75,75,264,264,451,242,50,159,189,49,5,10,47,17,4,45,9,0,3
2021,"Wandsworth 014","E02000936",5851,4,3,0,1,25,0,24,0,1,0,180,29,11,2,1,19,0,0,0,4,3,5,26,0,8,1,3,20,0,3,5,3,6,28,3,43,43,8,2,0,6,0,232,232,515,15,74,407,19,134,79,5,15,12,23,305,40,265,625,49,68,61,47,384,16,582,293,75,214,142,142,919,280,200,128,52,193,57,9,256,12,61,42,22,89,30,288,288,520,520,717,529,24,164,356,124,25,19,63,48,2,46,6,0,23
2021,"Wandsworth 015","E02000937",4635,0,0,0,0,9,1,8,0,0,0,105,8,14,2,2,7,0,0,0,1,2,4,13,1,0,5,1,13,0,1,4,4,3,18,2,25,25,6,3,0,3,0,180,180,372,11,64,276,21,89,34,17,10,11,17,129,19,110,465,56,66,26,43,256,18,726,389,74,263,155,155,938,320,196,126,50,170,73,3,193,8,61,32,15,38,39,177,177,336,336,476,319,16,141,254,110,14,14,52,31,1,20,6,0,6
2021,"Wandsworth 016","E02000938",5281,4,4,0,0,11,2,8,0,0,1,158,12,11,4,1,10,1,0,0,8,0,9,33,3,4,1,9,8,2,2,4,1,5,29,1,27,27,8,1,0,7,0,305,305,609,31,93,470,15,225,163,3,11,15,33,379,44,335,399,31,44,30,29,254,11,346,182,36,128,152,152,562,158,119,98,23,109,50,5,318,12,48,32,26,161,39,176,176,586,586,715,455,67,193,301,72,17,14,61,47,2,68,10,0,10
2021,"Wandsworth 017","E02000939",4127,4,4,0,0,14,0,8,3,2,1,123,10,11,0,0,9,0,1,0,6,1,4,16,1,2,0,2,18,3,3,5,5,2,22,2,29,29,6,3,0,3,0,148,148,248,5,38,194,11,63,27,7,5,14,10,90,11,79,374,31,63,31,23,211,15,769,384,89,296,151,151,816,296,188,79,34,142,72,5,155,2,57,24,12,34,26,157,157,341,341,386,253,6,127,253,121,12,4,41,32,2,31,6,0,4
2021,"Wandsworth 018","E02000940",5776,3,3,0,0,10,0,8,2,0,0,149,13,14,1,1,16,1,0,0,4,3,4,16,1,1,7,2,12,1,3,14,4,13,15,3,37,37,5,1,0,4,0,288,288,614,23,69,484,38,227,126,9,14,23,55,324,54,270,604,58,70,61,41,351,23,419,209,63,147,149,149,792,187,176,124,37,177,86,5,351,7,74,77,34,106,53,250,250,501,501,690,453,37,200,363,122,13,16,64,47,0,85,4,0,12
2021,"Wandsworth 019","E02000941",6080,5,3,1,1,14,0,9,2,1,2,158,12,19,2,7,14,0,0,3,9,4,4,23,3,1,3,1,22,1,2,10,1,3,13,1,22,22,18,2,1,15,0,284,284,535,15,88,400,32,142,65,9,11,20,37,272,26,246,571,61,96,57,29,301,27,690,316,101,273,256,256,950,255,226,114,45,205,100,5,339,8,101,44,31,89,66,298,298,567,567,580,362,18,200,379,134,29,14,90,44,1,57,6,0,4
2021,"Wandsworth 020","E02000942",5586,3,2,0,1,14,0,11,0,1,2,164,13,17,2,5,11,3,0,1,9,4,3,26,1,2,1,7,10,3,2,10,3,3,26,2,21,21,7,2,0,5,0,230,230,484,10,86,360,28,113,53,5,16,20,19,199,32,167,576,63,93,54,47,299,20,642,313,87,242,174,174,865,268,212,86,36,166,89,8,257,18,81,38,15,66,39,319,319,535,535,601,429,14,158,382,166,17,15,73,57,1,44,6,0,3
2021,"Wandsworth 021","E02000943",5722,3,3,0,0,4,0,3,0,1,0,140,15,10,1,2,22,0,0,0,5,4,6,22,1,2,1,1,13,1,1,6,2,7,18,0,23,23,7,3,0,3,1,162,162,499,12,53,402,32,88,40,6,13,11,18,168,21,147,651,65,111,52,47,354,22,778,367,110,301,172,172,1127,362,272,103,50,247,91,2,246,5,65,39,21,73,43,340,340,405,405,604,420,20,164,305,123,24,20,43,44,2,38,7,0,4
2021,"Wandsworth 022","E02000944",3695,1,1,0,0,8,6,2,0,0,0,73,6,2,2,1,4,0,0,2,3,0,3,10,0,3,3,5,5,3,1,8,1,1,10,0,15,15,8,1,1,6,0,225,225,476,22,65,375,14,223,167,6,8,7,35,252,26,226,252,16,35,18,30,147,6,188,89,26,73,69,69,372,96,77,55,31,75,32,6,218,7,24,19,35,110,23,151,151,372,372,553,357,51,145,239,71,14,8,38,50,2,48,5,0,3
2021,"Wandsworth 023","E02000945",3533,1,1,0,0,8,0,6,0,1,1,61,8,5,1,2,5,1,2,1,6,0,1,4,0,0,1,5,3,0,0,5,0,2,9,0,7,7,3,0,1,2,0,279,279,481,26,59,384,12,215,156,2,6,15,36,389,31,358,165,14,31,15,11,90,4,100,53,14,33,63,63,234,59,39,37,11,57,29,2,335,9,27,21,42,198,38,92,92,304,304,579,357,49,173,217,54,11,6,36,37,2,55,8,0,8
2021,"Wandsworth 024","E02000946",4634,1,0,1,0,18,0,17,0,0,1,123,6,11,2,2,10,0,0,0,1,6,6,15,1,3,2,6,18,0,3,9,2,2,14,4,22,22,9,3,0,4,2,224,224,447,8,59,353,27,158,88,17,15,18,20,176,22,154,473,42,81,46,26,261,17,476,219,85,172,128,128,700,198,137,97,37,163,62,6,235,1,70,39,19,66,40,269,269,401,401,511,310,21,180,263,99,22,16,35,38,1,42,8,0,2
2021,"Wandsworth 025","E02000947",5666,4,4,0,0,15,0,10,1,3,1,143,13,16,0,1,11,0,0,3,5,1,2,27,1,2,1,2,16,1,1,10,2,5,23,0,23,23,12,3,0,9,0,247,247,501,12,70,387,32,125,71,6,11,12,25,222,30,192,604,74,86,51,49,332,12,643,303,109,231,166,166,958,283,230,104,44,212,79,6,232,9,75,41,9,54,44,259,259,535,535,585,374,25,186,392,142,26,14,86,57,1,48,5,0,13
2021,"Wandsworth 026","E02000948",6748,1,0,1,0,12,0,8,0,0,4,177,16,22,2,3,17,1,0,0,7,1,1,19,1,4,4,5,27,2,1,12,4,9,17,2,27,27,13,5,1,7,0,265,265,599,12,74,476,37,134,87,6,11,13,17,232,30,202,739,71,104,54,61,427,22,765,366,121,278,206,206,1292,414,278,137,54,328,72,9,345,6,123,43,18,94,61,380,380,492,492,713,492,19,202,356,152,23,8,44,62,4,56,3,0,4
2021,"Wandsworth 027","E02000949",6247,5,5,0,0,21,2,13,0,3,3,164,15,14,2,3,14,0,2,1,8,2,3,15,2,4,5,3,17,0,2,16,2,7,25,2,37,37,16,4,1,10,1,246,246,470,10,68,364,28,111,64,10,9,11,17,175,19,156,641,65,101,52,36,368,19,849,407,134,308,208,208,1268,403,282,126,63,289,100,5,264,2,110,34,19,60,39,293,293,442,442,678,468,25,185,359,165,24,11,53,60,2,33,7,0,4
2021,"Wandsworth 028","E02000950",4047,0,0,0,0,11,2,8,0,1,0,110,12,10,1,3,9,1,1,0,1,3,2,13,2,1,1,3,9,0,3,7,0,7,17,4,4,4,3,2,0,1,0,248,248,450,27,67,332,24,179,114,5,16,11,33,240,22,218,358,32,54,32,29,202,9,223,114,35,74,99,99,472,122,86,76,23,111,51,3,203,13,34,16,27,82,31,173,173,451,451,539,365,29,145,284,79,19,11,47,43,2,61,7,0,15
2021,"Wandsworth 029","E02000951",4027,1,0,1,0,10,0,9,0,0,1,108,9,9,2,2,13,0,0,2,5,3,3,18,0,2,3,2,13,0,0,6,1,0,14,1,17,17,8,3,0,5,0,185,185,337,11,40,267,19,84,51,2,6,13,12,143,23,120,419,45,57,31,29,235,22,393,186,60,147,125,125,721,207,161,70,43,183,53,4,180,1,53,15,10,58,43,218,218,321,321,484,340,13,131,273,127,19,9,36,31,5,42,2,0,2
2021,"Wandsworth 030","E02000952",3798,0,0,0,0,10,0,8,1,0,1,93,13,10,0,0,7,0,1,0,4,1,1,15,1,0,1,0,9,0,4,6,1,5,14,0,25,25,6,1,0,5,0,144,144,347,11,48,265,23,84,55,3,4,12,10,117,11,106,383,50,73,26,39,177,18,438,192,95,151,105,105,692,251,137,73,30,153,48,0,194,5,51,25,20,69,24,218,218,278,278,442,290,21,131,222,85,16,9,31,35,2,36,4,0,4
2021,"Wandsworth 031","E02000953",4627,4,4,0,0,10,0,8,1,1,0,107,11,12,2,4,5,1,1,0,3,3,1,17,0,3,4,3,10,1,3,4,2,1,14,2,25,25,10,3,1,5,1,181,181,408,14,66,308,20,103,64,7,8,8,16,158,23,135,404,49,68,41,27,207,12,473,201,98,174,109,109,620,186,127,89,33,139,43,3,219,8,65,36,9,67,34,189,189,358,358,961,793,14,154,288,95,22,6,70,30,2,57,3,0,3
2021,"Wandsworth 032","E02000954",3480,1,1,0,0,6,0,3,0,3,0,55,8,2,1,2,9,0,0,0,1,4,0,8,0,0,1,1,7,2,0,2,0,3,4,0,15,15,3,1,0,2,0,164,164,332,16,39,261,16,87,62,2,6,4,13,147,18,129,380,50,69,37,31,178,15,274,124,52,98,101,101,584,167,103,76,37,151,46,4,194,5,53,23,9,71,33,195,195,314,314,443,309,19,115,185,82,11,5,23,36,0,23,5,0,0
2021,"Wandsworth 033","E02000955",3773,2,2,0,0,7,0,6,0,0,1,57,13,4,0,0,7,1,0,0,3,0,2,9,0,0,0,1,6,0,0,2,1,2,6,0,21,21,3,0,0,3,0,191,191,427,6,56,351,14,119,74,2,3,10,30,205,29,176,322,46,42,20,30,171,13,247,111,50,86,114,114,479,150,99,53,25,107,39,6,215,5,49,22,19,80,40,238,238,319,319,587,388,28,171,220,78,2,11,43,27,1,47,5,0,6
2021,"Wandsworth 034","E02000956",4215,0,0,0,0,7,0,6,0,0,1,83,18,4,0,0,5,0,0,0,7,3,3,7,2,5,0,2,8,0,0,4,0,3,11,1,19,19,8,3,0,5,0,227,227,487,12,58,399,18,141,85,3,7,10,36,244,22,222,319,31,61,39,21,157,10,227,93,49,85,73,73,466,124,86,52,26,134,38,6,274,13,58,24,29,113,37,207,207,355,355,835,632,31,172,243,105,16,6,36,24,1,47,7,0,1
2021,"Wandsworth 035","E02000957",6335,3,3,0,0,7,0,4,0,2,1,146,20,13,9,3,8,2,1,0,6,1,4,17,0,1,0,6,14,2,1,7,2,9,17,3,18,18,0,0,0,0,0,325,325,732,21,85,586,40,195,127,0,8,14,46,361,39,322,511,67,89,44,39,252,20,413,181,85,147,151,151,838,241,157,92,42,231,69,6,430,14,103,60,29,165,59,332,332,517,517,949,664,44,241,407,159,22,21,52,75,2,63,10,0,3
2021,"Wandsworth 036","E02000958",4073,3,3,0,0,3,0,3,0,0,0,88,14,3,4,2,4,0,2,0,4,4,2,11,4,0,4,5,10,1,2,2,1,2,7,0,10,10,8,3,0,5,0,243,243,461,21,61,359,20,131,90,0,3,10,28,165,25,140,336,48,68,37,18,150,15,212,104,43,65,116,116,501,146,89,78,24,108,52,4,237,4,39,24,21,119,30,225,225,493,493,580,366,28,186,261,106,17,7,33,46,2,46,3,0,1
2021,"Wandsworth 037","E02000959",4152,0,0,0,0,10,1,5,2,2,0,90,9,3,1,2,14,0,1,0,4,4,1,10,1,4,3,4,7,0,3,7,1,1,8,2,22,22,23,1,1,9,12,296,296,436,11,47,364,14,138,76,3,8,15,36,251,26,225,356,38,85,26,29,169,9,194,92,32,70,110,110,459,124,73,76,23,119,42,2,366,13,39,26,37,220,31,192,192,391,391,580,364,29,187,238,67,21,6,36,29,4,63,8,0,4
2021,"Wandsworth 038","E02007083",4888,3,3,0,0,13,0,7,0,2,4,158,26,11,2,1,14,0,1,1,2,2,10,20,1,3,2,1,19,1,1,13,1,0,25,1,37,37,8,3,0,5,0,147,147,503,10,51,405,37,90,26,18,15,15,16,202,43,159,573,27,70,21,35,389,31,761,410,57,294,133,133,849,214,193,138,56,166,80,2,220,3,65,31,19,64,38,193,193,298,298,415,297,9,109,285,85,13,12,50,20,0,36,5,0,64
2021,"Wandsworth 039","E02007084",5399,1,1,0,0,8,0,7,0,1,0,127,10,9,1,3,19,0,2,0,6,1,0,19,0,4,2,6,9,4,2,8,0,3,17,2,16,16,7,1,1,5,0,295,295,665,11,92,540,22,209,136,1,7,15,50,516,95,421,407,31,35,23,33,267,18,343,150,39,154,136,136,619,137,130,104,48,143,55,2,358,6,68,34,52,170,28,250,250,452,452,668,390,45,233,322,103,10,10,46,47,2,78,14,0,12
2021,"Westminster 001","E02000960",2934,2,1,0,1,12,0,10,2,0,0,116,9,4,2,0,20,0,1,1,0,2,4,20,1,12,1,3,5,0,0,4,2,3,22,0,7,7,4,2,0,2,0,75,75,294,5,79,188,22,57,40,2,1,8,6,112,23,89,263,11,34,13,26,163,16,495,321,29,145,158,158,476,159,129,47,25,80,34,2,105,3,27,23,19,19,14,70,70,207,207,272,202,10,60,209,60,9,6,27,16,2,27,11,0,51
2021,"Westminster 002","E02000961",4599,2,2,0,0,8,0,7,1,0,0,123,15,5,2,3,15,5,0,0,5,1,4,26,0,2,2,0,8,0,1,10,1,3,14,1,20,20,6,1,2,3,0,196,196,485,10,63,392,20,117,61,9,9,18,20,312,34,278,445,26,79,17,36,251,36,625,392,36,197,141,141,689,191,209,88,46,103,49,3,205,11,42,23,23,65,41,109,109,372,372,443,324,12,107,301,117,22,10,29,30,2,46,19,0,26
2021,"Westminster 003","E02000962",3666,1,1,0,0,13,1,10,1,1,0,115,14,13,0,1,12,1,1,1,2,11,4,20,0,0,2,0,10,0,1,5,3,0,14,0,26,26,9,4,0,5,0,120,120,368,9,60,286,13,61,29,6,8,5,13,176,26,150,372,25,43,15,30,241,18,613,400,34,179,153,153,589,189,173,45,47,96,35,4,145,2,33,25,27,35,23,76,76,272,272,324,236,19,69,233,84,8,1,21,33,0,35,14,0,37
2021,"Westminster 004","E02000963",4537,1,0,1,0,1,0,0,1,0,0,108,14,8,0,0,18,0,1,0,4,0,6,16,1,2,2,3,11,1,1,6,2,3,8,1,5,5,3,0,0,3,0,278,278,697,21,78,580,18,189,135,0,7,11,36,361,53,308,336,37,84,27,20,153,15,179,97,14,68,112,112,461,109,80,80,25,114,50,3,257,7,27,13,39,138,33,147,147,448,448,646,358,51,237,308,104,15,9,31,36,16,76,12,0,9
2021,"Westminster 005","E02000964",5864,1,1,0,0,8,0,6,0,2,0,140,25,8,1,1,13,0,0,1,5,0,7,13,1,2,0,3,13,0,3,9,2,8,24,1,10,10,13,1,2,9,1,269,269,737,25,88,605,19,257,177,5,11,17,47,455,92,363,509,56,114,36,40,247,16,362,218,34,110,122,122,725,179,143,103,51,158,82,9,327,14,54,38,54,127,40,239,239,523,523,700,414,49,237,467,187,39,17,56,60,5,87,10,0,6
2021,"Westminster 006","E02000965",4722,1,1,0,0,12,0,7,0,2,3,129,13,9,0,1,24,1,0,0,1,1,7,19,1,1,1,1,12,3,3,12,2,0,17,0,20,20,22,2,1,19,0,179,179,464,17,70,360,17,112,59,6,10,17,20,248,34,214,590,42,85,33,70,344,16,614,344,48,222,120,120,787,235,165,116,54,147,67,3,159,9,37,32,18,31,32,148,148,382,382,427,296,14,117,308,135,16,15,38,33,0,37,12,0,22
2021,"Westminster 007","E02000966",5089,7,6,0,1,14,2,11,0,1,0,174,15,11,4,3,20,0,1,3,2,2,8,29,4,2,3,0,16,4,3,9,4,1,30,0,27,27,12,2,0,10,0,127,127,478,8,69,384,17,86,48,8,8,14,8,251,60,191,603,38,106,41,61,338,19,805,467,36,302,160,160,860,262,225,97,50,138,85,3,171,16,34,23,12,58,28,142,142,372,372,438,299,13,126,362,176,35,7,33,18,3,60,12,0,18
2021,"Westminster 008","E02000967",3204,5,5,0,0,12,0,9,1,1,1,123,7,28,1,1,13,1,0,0,0,2,6,19,0,2,1,0,9,1,2,15,0,1,14,0,22,22,7,2,0,5,0,65,65,282,4,69,199,10,55,13,7,10,12,13,127,21,106,338,20,41,8,20,233,16,685,427,34,224,106,106,565,197,146,61,34,95,32,0,63,5,18,6,8,12,14,83,83,189,189,238,190,8,40,239,80,14,5,25,24,1,16,48,0,26
2021,"Westminster 009","E02000968",5267,1,1,0,0,5,0,4,1,0,0,108,14,3,2,3,14,0,0,0,6,0,10,24,0,0,0,1,8,1,3,5,3,1,10,0,12,12,7,1,0,6,0,224,224,874,34,88,727,25,268,165,3,20,19,61,538,86,452,299,19,46,19,24,176,15,301,196,17,88,135,135,491,153,111,75,40,60,50,2,293,6,47,41,60,105,34,203,203,523,523,686,464,28,194,299,96,13,14,39,22,5,68,16,0,26
2021,"Westminster 010","E02000969",3837,3,3,0,0,4,0,4,0,0,0,107,26,1,0,3,9,2,0,0,3,0,5,7,1,1,1,5,6,1,0,1,3,7,25,0,6,6,2,0,0,2,0,162,162,572,19,70,476,7,198,133,3,5,10,47,329,47,282,305,13,60,31,21,167,13,225,125,16,84,75,75,384,104,84,65,16,73,39,3,189,5,20,20,38,76,30,101,101,379,379,543,380,42,121,253,80,7,9,34,30,3,60,14,0,16
2021,"Westminster 011","E02000970",3873,4,4,0,0,17,0,13,0,2,2,135,10,16,0,1,16,3,0,0,6,1,5,18,2,2,14,1,7,0,4,2,3,8,15,1,23,23,16,1,1,14,0,129,129,363,4,93,249,17,75,35,9,10,13,8,214,54,160,320,19,36,13,20,201,31,723,447,32,244,182,182,687,194,218,74,32,98,68,3,144,4,12,46,11,39,32,74,74,178,178,262,209,11,42,327,124,13,12,41,33,1,31,32,0,40
2021,"Westminster 012","E02000971",4122,3,3,0,0,14,0,12,2,0,0,99,8,5,0,3,13,0,0,0,3,1,3,16,0,4,5,0,7,2,2,4,2,0,20,1,22,22,6,4,0,2,0,93,93,477,6,112,347,12,64,21,23,4,7,9,221,71,150,362,22,51,19,21,231,18,752,452,29,271,181,181,664,196,180,52,67,108,61,0,108,2,13,12,18,34,29,88,88,293,293,367,293,6,68,308,126,24,7,32,28,0,43,3,0,45
2021,"Westminster 013","E02000972",4149,2,2,0,0,12,0,10,0,1,1,116,5,6,1,1,16,1,0,1,12,0,14,15,1,1,3,0,8,3,0,5,2,4,15,2,10,10,5,0,0,5,0,104,104,479,7,50,395,27,62,39,0,3,7,13,319,46,273,417,18,84,27,22,240,26,553,334,17,202,122,122,590,175,156,52,44,118,43,2,129,0,27,14,17,41,30,137,137,315,315,411,316,16,79,366,170,25,7,29,48,2,59,7,0,19
2021,"Westminster 014","E02000973",5626,6,5,1,0,15,1,13,1,0,0,159,25,10,2,2,23,0,0,0,0,0,12,20,0,1,2,1,9,2,5,12,3,5,25,0,22,22,8,1,0,7,0,154,154,614,10,76,499,29,144,72,17,13,14,28,318,108,210,564,25,104,39,45,324,27,846,459,51,336,142,142,928,284,195,98,47,176,118,10,182,4,35,34,16,62,31,145,145,364,364,558,381,28,149,457,214,27,6,47,61,0,55,30,0,17
2021,"Westminster 015","E02000974",4180,3,3,0,0,12,1,10,0,0,1,115,12,8,1,2,13,0,0,0,3,2,4,28,0,2,0,1,9,0,1,5,6,4,13,1,21,21,6,2,0,4,0,158,158,371,8,65,283,15,62,26,4,13,9,10,278,84,194,435,21,35,33,33,298,15,634,408,19,207,154,154,701,235,195,82,46,97,43,3,144,6,42,22,9,51,14,112,112,231,231,395,329,10,56,348,93,11,17,19,33,1,56,15,0,103
2021,"Westminster 016","E02000975",4303,6,6,0,0,8,0,8,0,0,0,133,9,9,2,0,18,3,0,0,1,2,3,31,0,1,2,0,10,1,0,17,4,2,18,0,25,25,9,7,1,1,0,131,131,434,0,74,345,15,78,25,10,13,17,13,297,120,177,497,24,66,28,51,312,16,641,389,38,214,120,120,744,211,172,105,54,125,72,5,144,4,26,31,20,34,29,104,104,264,264,349,240,12,97,319,130,21,12,33,18,5,60,16,0,24
2021,"Westminster 017","E02000976",4552,1,1,0,0,20,0,19,0,1,0,133,24,10,2,1,22,0,0,1,3,1,4,21,1,0,2,0,7,0,5,5,6,2,16,0,25,25,5,2,0,3,0,109,109,491,15,67,389,20,107,37,19,31,9,11,289,61,228,494,29,45,19,37,332,32,676,386,35,255,148,148,688,214,172,87,54,103,55,3,165,8,26,27,28,49,27,104,104,332,332,409,311,17,81,356,124,20,21,31,33,4,75,10,0,38
2021,"Westminster 018","E02000977",3362,3,3,0,0,7,0,5,0,1,1,77,6,1,1,0,19,0,1,1,4,3,2,13,2,2,1,1,6,2,0,2,2,1,7,0,43,43,2,1,0,1,0,82,82,304,5,58,231,10,51,26,5,8,6,6,254,34,220,282,33,47,16,27,145,14,490,255,56,179,101,101,493,183,117,53,26,72,41,1,110,3,16,8,12,45,26,304,304,184,184,270,176,12,82,305,125,20,9,22,41,0,38,26,0,24
2021,"Westminster 019","E02000978",3169,1,1,0,0,11,1,5,1,4,0,69,7,5,1,1,10,1,0,1,0,1,0,7,0,0,0,1,10,1,3,3,1,2,14,0,17,17,4,0,0,4,0,109,109,249,4,44,192,9,88,46,20,6,11,5,158,23,135,181,17,22,8,13,113,8,503,277,22,204,146,146,461,172,108,31,34,64,49,3,145,4,16,20,17,57,31,285,285,157,157,219,136,10,73,366,80,16,6,19,22,0,24,37,0,162
2021,"Westminster 020","E02000979",4090,3,3,0,0,23,0,17,2,3,1,84,4,8,0,0,14,0,0,1,2,5,3,10,1,1,0,2,2,2,1,7,3,2,15,1,35,35,12,5,0,7,0,123,123,372,6,54,295,17,72,36,8,10,6,12,181,36,145,299,32,31,19,15,189,13,772,472,44,256,117,117,565,208,146,60,35,75,38,3,156,2,28,17,30,49,30,326,326,288,288,315,199,17,99,347,88,13,13,27,56,1,31,70,0,48
2021,"Westminster 021","E02000980",4384,2,2,0,0,11,0,8,1,1,1,104,16,4,3,0,13,0,3,0,3,6,5,16,1,0,3,2,7,1,2,1,3,0,14,1,12,12,7,2,0,5,0,136,136,510,14,62,422,12,139,96,2,12,10,19,303,57,246,319,35,41,25,23,185,10,515,336,24,155,119,119,580,188,155,72,33,98,34,0,189,4,29,20,26,78,32,301,301,367,367,416,268,19,129,354,120,15,10,34,49,3,46,23,0,54
2021,"Westminster 022","E02000981",4812,8,8,0,0,24,0,21,1,2,0,105,14,7,3,1,18,0,1,3,5,3,7,10,0,1,0,1,10,1,1,2,4,2,11,0,22,22,6,4,0,2,0,170,170,436,6,68,339,23,106,66,9,8,12,11,259,54,205,384,38,40,25,23,240,18,789,402,81,306,142,142,832,277,209,99,51,109,86,1,206,3,49,19,14,85,36,272,272,329,329,373,264,12,97,349,146,19,7,34,69,0,27,14,0,33
2021,"Westminster 023","E02000982",3558,3,3,0,0,6,0,5,0,1,0,65,6,3,1,1,11,0,0,2,1,0,5,11,3,0,2,2,5,1,2,2,2,1,3,1,7,7,11,3,1,7,0,185,185,421,11,41,350,19,128,97,5,5,7,14,212,37,175,233,27,23,14,12,145,12,437,239,22,176,103,103,483,157,110,66,30,64,52,4,173,1,16,15,8,104,29,211,211,256,256,351,239,11,101,273,86,10,6,24,35,2,66,16,0,28
2021,"Westminster 024","E02000983",3804,3,3,0,0,10,0,6,1,2,1,105,13,2,4,0,15,2,1,0,4,7,4,13,0,0,0,8,7,2,1,3,1,2,14,2,43,43,18,0,0,18,0,149,149,398,13,60,309,16,128,84,12,6,12,14,230,38,192,294,23,30,23,18,187,13,439,229,36,174,93,93,546,149,154,72,41,79,48,3,176,5,18,16,21,78,38,230,230,306,306,345,244,14,87,291,95,25,7,20,52,2,44,11,0,35
